Date,2Y,5Y,10Y,30Y,2Y/5Y,2Y/10Y,2Y/30Y,5Y/10Y,5Y/30Y,10Y/30Y,2Y/5Y/10Y,2Y/5Y/30Y,2Y/10Y/30Y,5Y/10Y/30Y
2022-01-03,-0.5451031083288815,-14.624755232138153,-19.546221303433597,-46.34100400523384,-14.079652123809272,-19.001118195104716,-45.79590089690496,-4.921466071295445,-31.71624877309569,-26.794782701800244,-9.158186052513827,17.636596649286417,7.793664506695528,21.8733166305048
2022-01-04,-0.7161122524108277,-13.770720422894534,-18.82348294367413,-46.85442159022828,-13.054608170483707,-18.107370691263302,-46.13830933781745,-5.052762520779595,-33.08370116733374,-28.030938646554148,-8.001845649704112,20.029092996850036,9.92356795529085,22.978176125774553
2022-01-05,-0.713599989553626,-14.270663378333337,-19.219253550014837,-46.66404713849739,-13.55706338877971,-18.505653560461212,-45.95044714894376,-4.9485901716815,-32.39338376016405,-27.44479358848255,-8.608473217098211,18.83632037138434,8.939140028021342,22.496203416801052
2022-01-06,-1.1179910043117136,-14.042507748033838,-17.51050433206167,-42.71811337255909,-12.924516743722124,-16.39251332774996,-41.600122368247376,-3.4679965840278335,-28.67560562452525,-25.207609040497417,-9.456520159694293,15.751088880803124,8.815095712747457,21.739612456469583
2022-01-07,-0.1772314947119602,-13.933394319249537,-17.733989401184246,-43.81024116577197,-13.756162824537576,-17.556757906472285,-43.63300967106001,-3.800595081934709,-29.876846846522433,-26.076251764587724,-9.955567742602867,16.120684021984857,8.519493858115439,22.275656682653015
2022-01-10,-1.115776347470987,-13.239025546275895,-16.912364867343932,-41.844789545162996,-12.123249198804908,-15.796588519872945,-40.72901319769201,-3.6733393210680365,-28.6057639988871,-24.932424677819064,-8.449909877736872,16.482514800082193,9.135836157946116,21.25908535675103
2022-01-11,-0.6115071776924719,-14.478111837806807,-17.045480357289765,-41.5441869876154,-13.866604660114335,-16.433973179597295,-40.932679809922924,-2.567368519482958,-27.06607514980859,-24.498706630325632,-11.299236140631375,13.199470489694257,8.06473345072834,21.931338110842674
2022-01-12,-1.6866207452197357,-15.92179546299839,-19.662461631722337,-43.564804482705895,-14.235174717778653,-17.975840886502603,-41.87818373748616,-3.7406661687239477,-27.643009019707506,-23.90234285098356,-10.494508549054707,13.407834301928851,5.926501964480956,20.16167668225961
2022-01-13,0.004549771003614644,-14.411535759652372,-17.22280088053887,-42.22877395885008,-14.416085530655987,-17.227350651542483,-42.233323729853694,-2.811265120886498,-27.817238199197703,-25.005973078311207,-11.604820409769488,13.40115266854172,7.77862242676872,22.19470795742471
2022-01-14,-1.4884765269929656,-14.800372011325823,-19.119118344088438,-45.527987487719955,-13.311895484332858,-17.630641817095473,-44.039510960726986,-4.318746332762615,-30.72761547639413,-26.408869143631517,-8.993149151570243,17.415719992061273,8.778227326536047,22.090122810868902
2022-01-18,-0.5376462685828587,-14.319031719278087,-17.842439909130725,-43.623870613179896,-13.781385450695229,-17.304793640547867,-43.086224344597035,-3.5234081898526384,-29.30483889390181,-25.78143070404917,-10.25797726084259,15.52345344320658,8.476637063501308,22.258022514196533
2022-01-19,-1.3921484078005752,-15.611015914995473,-19.332201572781614,-45.23029842211841,-14.218867507194897,-17.940053164981038,-43.83815001431783,-3.7211856577861404,-29.619282507122936,-25.898096849336795,-10.497681849408757,15.400414999928039,7.958043684355758,22.176911191550655
2022-01-20,-1.2539659467634356,-13.973740945289448,-18.46546511836815,-43.62236676197357,-12.719774998526013,-17.211499171604714,-42.36840081521014,-4.491724173078703,-29.648625816684124,-25.156901643605423,-8.228050825447308,16.928850818158114,7.945402472000708,20.66517747052672
2022-01-21,-0.7880886339552973,-13.684588548524324,-17.204124982667768,-44.077621032639684,-12.896499914569027,-16.41603634871247,-43.289532398684386,-3.5195364341434434,-30.39303248411536,-26.873496049971916,-9.376963480425584,17.496532569546332,10.457459701259445,23.353959615828472
2022-01-24,-2.6327043192091226,-17.219862904056527,-19.261086591936618,-45.60179389877852,-14.587158584847405,-16.628382272727496,-42.96908957956939,-2.041223687880091,-28.38193099472199,-26.3407073068419,-12.545934896967314,13.794772409874586,9.712325034114407,24.29948361896181
2022-01-25,-1.2132244738358944,-14.915610811088275,-17.399313205027077,-43.23930446936161,-13.702386337252381,-16.186088731191184,-42.02607999552572,-2.4837023939388025,-28.32369365827334,-25.839991264334536,-11.218683943313579,14.621307321020957,9.653902533143352,23.356288870395733
2022-01-26,-5.975475630226423,-17.536647018622233,-18.74603225621918,-42.83815549562884,-11.56117138839581,-12.770556625992757,-36.86267986540241,-1.2093852375969476,-25.301508477006607,-24.09212323940966,-10.351786150798862,13.740337088610797,11.321566613416902,22.88273800181271
2022-01-27,-0.3890951875484605,-15.239731483111974,-18.035685536232513,-41.694081144754925,-14.850636295563515,-17.646590348684054,-41.30498595720646,-2.795954053120539,-26.45434966164295,-23.65839560852241,-12.054682242442976,11.603713366079436,6.011805259838361,20.862441555401873
2022-01-28,0.09125985118989544,-14.060311266504687,-16.5243229172807,-41.28005731574132,-14.151571117694584,-16.615582768470595,-41.37131716693121,-2.464011650776012,-27.21974604923663,-24.755734398460618,-11.687559466918572,13.068174931542046,8.140151629990022,22.291722747684606
2022-01-31,-2.912284568378154,-15.01869025974434,-18.463421660597334,-43.32880891343236,-12.106405691366184,-15.551137092219179,-40.416524345054206,-3.4447314008529943,-28.310118653688022,-24.865387252835028,-8.66167429051319,16.203712962321838,9.314250160615849,21.420655851982033
2022-02-01,-3.198457216125261,-15.945658441855626,-17.871948011987282,-42.90515531846992,-12.747201225730365,-14.67349079586202,-39.70669810234466,-1.9262895701316562,-26.959496876614296,-25.03320730648264,-10.82091165559871,14.21229565088393,10.359716510620622,23.106917736350987
2022-02-02,-2.2303139114986603,-15.769269498112969,-18.57261404648467,-45.03430630602494,-13.538955586614309,-16.34230013498601,-42.803992394526276,-2.803344548371701,-29.26503680791197,-26.461692259540268,-10.735611038242606,15.726081221297662,10.11939212455426,23.658347711168567
2022-02-03,-1.3264181322040214,-13.928073433066746,-17.113544009820103,-44.41369690574606,-12.601655300862724,-15.78712587761608,-43.08727877354204,-3.1854705767533567,-30.48562347267931,-27.300152895925955,-9.416184724109367,17.883968171816587,11.51302701830987,24.114682319172598
2022-02-04,0.20134797191724285,-13.630000456968961,-15.917802346609555,-43.68380842129407,-13.831348428886205,-16.1191503185268,-43.88515639321131,-2.287801889640594,-30.053807964325106,-27.766006074684512,-11.543546539245611,16.2224595354389,11.646855756157713,25.478204185043918
2022-02-07,-0.5368804884499312,-14.051124226393362,-16.66404985435863,-44.284782812524924,-13.514243737943431,-16.1271693659087,-43.74790232407499,-2.612925627965268,-30.23365858613156,-27.620732958166293,-10.901318109978163,16.71941484818813,11.493563592257594,25.007807330201025
2022-02-08,-1.2746446734799077,-14.38721712792157,-17.331377403722282,-44.76371929514657,-13.112572454441661,-16.056732730242373,-43.48907462166667,-2.944160275800712,-30.376502167225002,-27.43234189142429,-10.16841217864095,17.26392971278334,11.375609161181913,24.488181615623578
2022-02-09,-2.7452856191579667,-16.079896850049515,-18.83560517139862,-48.16541116097704,-13.334611230891548,-16.09031955224065,-45.42012554181907,-2.755708321349104,-32.08551431092752,-29.329805989578418,-10.578902909542443,18.750903080035975,13.239486437337767,26.574097668229314
2022-02-10,-4.28162554760414,-15.626034390105993,-15.302218520355426,-44.20158263336784,-11.344408842501853,-11.020592972751286,-39.9199570857637,0.3238158697505664,-28.57554824326185,-28.899364113012417,-11.66822471225242,17.231139400759997,17.87877114026113,29.223179982762982
2022-02-11,1.2512746971305555,-13.871404443553015,-14.444364641333385,-48.08934455154596,-15.12267914068357,-15.695639338463941,-49.34061924867652,-0.57296019778037,-34.217940107992945,-33.64497991021258,-14.5497189429032,19.09526096730938,17.94934057174864,33.07201971243221
2022-02-14,0.4074527500632641,-14.675426710706517,-15.698476242485505,-47.35161317457322,-15.082879460769782,-16.10592899254877,-47.75906592463648,-1.0230495317789874,-32.6761864638667,-31.653136932087712,-14.059829928990794,17.593307003096918,15.547207939538943,30.630087400308724
2022-02-15,-2.018086955235754,-16.163017583991035,-16.1198999659401,-47.197024940897506,-14.144930628755281,-14.101813010704346,-45.178937985661754,0.04311761805093539,-31.03400735690647,-31.077124974957407,-14.188048246806218,16.88907672815119,16.97531196425306,31.120242593008342
2022-02-16,0.2057095920959151,-14.208958079667733,-15.026230760116842,-44.37985410855316,-14.414667671763649,-15.231940352212757,-44.585563700649075,-0.8172726804491095,-30.17089602888543,-29.35362334843632,-13.597394991314538,15.756228357121781,14.121682996223562,28.536350667987207
2022-02-17,-1.0473884055028693,-16.297476420611634,-16.269961759954967,-45.29570664246651,-15.250088015108766,-15.222573354452098,-44.24831823696364,0.02751466065666719,-28.99823022185488,-29.025744882511546,-15.277602675765433,13.748142206746113,13.803171528059448,29.053259543168213
2022-02-18,-2.21455985682526,-16.221703751708905,-15.60881231608846,-44.290362739955704,-14.007143894883644,-13.3942524592632,-42.07580288313044,0.612891435620444,-28.0686589882468,-28.681550423867243,-14.620035330504088,14.061515093363155,15.287297964604043,29.294441859487687
2022-02-22,-0.9330746903203124,-15.190837146880632,-14.697528014943394,-44.25416354705614,-14.25776245656032,-13.764453324623082,-43.32108885673583,0.493309131937238,-29.063326400175505,-29.556635532112743,-14.75107158849756,14.805563943615184,15.79218220748966,30.04994466404998
2022-02-23,-2.013235075184494,-15.816950592337943,-16.65021479376392,-46.11403946817219,-13.80371551715345,-14.636979718579425,-44.10080439298769,-0.8332642014259761,-30.297088875834245,-29.46382467440827,-12.970451315727473,16.493373358680795,14.826844955828843,28.630560472982292
2022-02-24,-0.9200226881394657,-13.740901909436198,-15.238526621020787,-45.84143029283479,-12.820879221296732,-14.31850393288132,-44.92140760469532,-1.4976247115845887,-32.10052838339859,-30.602903671813998,-11.323254509712145,19.279649162101855,16.284399738932677,29.105278960229413
2022-02-25,-0.8323372863884515,-13.816025716475666,-14.397485841336998,-46.343535826073314,-12.983688430087215,-13.565148554948546,-45.51119853968486,-0.5814601248613318,-32.52751010959765,-31.946049984736316,-12.402228305225883,19.543821679510433,18.38090142978777,31.364589859874982
2022-02-28,-7.205539602741928,-13.805687420611456,-15.981731731691863,-46.24382051724785,-6.600147817869527,-8.776192128949933,-39.03828091450592,-2.176044311080407,-32.43813309663639,-30.262088785555985,-4.42410350678912,25.837985278766865,21.48589665660605,28.086044474475578
2022-03-01,-12.419415386118015,-18.984825648825975,-19.240363394796578,-50.05759760697561,-6.56541026270796,-6.820948008678563,-37.6381822208576,-0.25553774597060297,-31.072771958149637,-30.817234212179034,-6.309872516737357,24.507361695441677,23.99628620350047,30.56169646620843
2022-03-02,-6.84755411471496,-14.878534165239966,-16.27360764576875,-49.86715530261252,-8.030980050525006,-9.426053531053789,-43.01960118789756,-1.395073480528783,-34.98862113737255,-33.59354765684377,-6.635906569996223,26.957641086847545,24.16749412578998,32.19847417631499
2022-03-03,-7.016857774743546,-16.09403440120385,-17.98422365232417,-53.02497568550501,-9.077176626460304,-10.967365877580626,-46.00811791076147,-1.8901892511203222,-36.93094128430116,-35.04075203318084,-7.1869873753399816,27.85376465784086,24.073386155600215,33.15056278206052
2022-03-04,-9.929881686769182,-17.607011366983926,-17.596672226891585,-53.1742423151075,-7.677129680214744,-7.666790540122403,-43.24436062833831,0.010339140092341381,-35.56723094812357,-35.577570088215914,-7.687468820307085,27.89010126790883,27.91077954809351,35.587909228308256
2022-03-07,-10.023452515098285,-19.47261413021286,-19.8528891051591,-61.546322977368995,-9.449161615114576,-9.829436590060816,-51.52287046227071,-0.3802749749462393,-42.073708847156134,-41.693433872209894,-9.068886640168337,32.62454723204156,31.86399728214908,41.313158897263655
2022-03-08,-9.420528021242136,-18.01757880268111,-17.017088827960002,-56.68927290209804,-8.597050781438975,-7.596560806717866,-47.268744880855905,1.0004899747211091,-38.671694099416925,-39.67218407413804,-9.597540756160086,30.07464331797795,32.07562326742017,40.67267404885915
2022-03-09,-7.603862434996311,-16.378341138261952,-15.817557844621689,-53.1187303884028,-8.77447870326564,-8.213695409625377,-45.514867953406494,0.560783293640263,-36.74038925014085,-37.301172543781114,-9.335261996905903,27.96591054687521,29.087477134155737,37.86195583742138
2022-03-10,-6.988888256255277,-16.033777184241682,-15.603189547244778,-53.90253923607702,-9.044888927986406,-8.614301290989502,-46.91365097982174,0.43058763699690417,-37.86876205183533,-38.29934968883224,-9.47547656498331,28.82387312384893,29.68504839784274,38.72993732582914
2022-03-11,-7.057917133854463,-16.714694196268077,-17.275391239253924,-54.65180399850556,-9.656777062413614,-10.21747410539946,-47.5938868646511,-0.5606970429858471,-37.93710980223748,-37.376412759251636,-9.096080019427767,28.280332739823866,27.15893865385217,36.815715716265785
2022-03-14,-7.969029367336389,-16.495932068878737,-17.305366518802412,-52.725025960907956,-8.526902701542348,-9.336337151466022,-44.75599659357157,-0.8094344499236747,-36.22909389202922,-35.41965944210554,-7.717468251618673,27.70219119048687,26.083322290639522,34.61022499218187
2022-03-15,-6.216587102160509,-15.452035889541715,-15.887468983708054,-50.44825707430083,-9.235448787381205,-9.670881881547544,-44.23166997214032,-0.43543309416633846,-34.99622118475911,-34.56078809059277,-8.800015693214867,25.760772397377906,24.88990620904523,34.12535499642644
2022-03-16,-3.292550625734658,-14.477834504330955,-14.497552175259809,-46.26989985595931,-11.185283878596298,-11.20500154952515,-42.977349230224654,-0.019717670928853792,-31.792065351628352,-31.7723476806995,-11.165566207667442,20.606781473032058,20.56734613117435,31.752630009770648
2022-03-17,-3.035842825093882,-16.567574851497113,-16.296168049084827,-46.29599334084462,-13.531732026403231,-13.260325223990945,-43.26015051575074,0.27140680241228665,-29.728418489347504,-29.99982529175979,-13.80313882881552,16.19668646294427,16.739500067768844,30.271232094172078
2022-03-18,-3.4360582553526253,-14.748437219821465,-14.274572471191416,-44.085080474539495,-11.31237896446884,-10.83851421583879,-40.64902221918687,0.47386474863004935,-29.33664325471803,-29.81050800334808,-11.786243713098887,18.024264290249192,18.97199378750929,30.28437275197813
2022-03-21,-2.180068299354776,-15.61320867672018,-14.468847383128258,-43.5882439127413,-13.433140377365405,-12.288779083773482,-41.40817561338652,1.1443612935919223,-27.975035236021117,-29.11939652961304,-14.577501670957327,14.541894858655713,16.830617445839557,30.263757823204962
2022-03-22,-4.112928705613905,-18.395875962833497,-15.969207867229063,-42.634233029965515,-14.282947257219591,-11.856279161615157,-38.52130432435161,2.426668095604434,-24.238357067132018,-26.665025162736452,-16.709615352824027,9.955409809912425,14.808746001121293,29.091693258340886
2022-03-23,-2.6312823588384937,-18.37053034372986,-17.09911503118242,-44.05480167639215,-15.739247984891367,-14.467832672343928,-41.423519317553655,1.2714153125474397,-25.68427133266229,-26.95568664520973,-17.01066329743881,9.94502334777092,12.487853972865803,28.22710195775717
2022-03-24,1.2817205547325905,-17.979662304911194,-17.343551170544913,-43.25605081545327,-19.261382859643785,-18.625271725277504,-44.537771370185865,0.6361111343662813,-25.276388510542077,-25.912499644908358,-19.897493994010063,6.015005650898296,7.287227919630858,26.54861077927464
2022-03-25,-1.0027245938206697,-15.477373981369436,-15.77965377500461,-40.7788840310956,-14.474649387548766,-14.77692918118394,-39.77615943727493,-0.302279793635174,-25.301510049726165,-24.99923025609099,-14.172369593913592,10.826860662177399,10.222301074907051,24.696950462455817
2022-03-28,0.9062952119523349,-14.148127806454758,-15.635709103073436,-42.07825279304682,-15.054423018407093,-16.54200431502577,-42.984548004999155,-1.4875812966186786,-27.930124986592062,-26.442543689973384,-13.566841721788416,12.87570196818497,9.900539374947613,24.954962393354705
2022-03-29,-2.448949789779542,-16.753896549322533,-17.669361637990868,-44.96805402345703,-14.304946759542991,-15.220411848211326,-42.51910423367749,-0.9154650886683342,-28.214157474134495,-27.29869238546616,-13.389481670874659,13.909210714591502,12.078280537254834,26.383227296797827
2022-03-30,-1.45138754741021,-16.184093279047083,-17.182553133775613,-43.386200148363365,-14.732705731636873,-15.731165586365403,-41.93481260095315,-0.9984598547285302,-27.20210686931628,-26.20364701458775,-13.734245876908343,12.469401137679409,10.472481428222345,25.20518715985922
2022-03-31,-3.6734148160898705,-18.35408705978101,-19.930317720794122,-45.161554915773515,-14.680672243691138,-16.25690290470425,-41.48814009968365,-1.5762306610131134,-26.807467855992506,-25.231237194979393,-13.104441582678021,12.126795612301372,8.974334290275145,23.65500653396628
2022-04-01,-6.115770741857762,-18.856152043311525,-20.32603093047891,-49.11654441458375,-12.740381301453763,-14.210260188621149,-43.000773672725984,-1.4698788871673862,-30.260392371272225,-28.79051348410484,-11.270502414286376,17.520011069818462,14.580253295483693,27.320634596937452
2022-04-04,-4.311691125075789,-20.03242130103846,-22.206365538127315,-48.802359577926715,-15.720730175962672,-17.894674413051526,-44.490668452850926,-2.173944237088854,-28.769938276888254,-26.5959940397994,-13.546785938873818,13.049208100925583,8.701319626747875,24.422049802710546
2022-04-05,-4.873383138377729,-19.132105671926112,-19.029863089053745,-47.034478600047166,-14.258722533548383,-14.156479950676015,-42.16109546166943,0.10224258287236765,-27.902372928121054,-28.00461551099342,-14.360965116420747,13.643650394572674,13.848135560317402,28.10685809386579
2022-04-06,-3.421477567562725,-18.741577423066413,-21.30255404970822,-47.048264226753076,-15.320099855503688,-17.881076482145495,-43.62678665919035,-2.560976626641807,-28.306686803686663,-25.745710177044856,-12.759123228861881,12.986586948182975,7.864633694899361,23.18473355040305
2022-04-07,-2.926125862199447,-20.536095980148872,-21.80443937115588,-44.95123263161807,-17.609970117949423,-18.87831350895643,-42.02510676941862,-1.2683433910070079,-24.415136651469197,-23.14679326046219,-16.341626726942415,6.805166533519774,4.268479751505758,21.87844986945518
2022-04-08,-2.0950237667636706,-18.065684248346827,-20.388143236819147,-43.650570397725595,-15.970660481583156,-18.293119470055476,-41.55554663096193,-2.32245898847232,-25.584886149378768,-23.262427160906448,-13.648201493110832,9.614225667795615,4.969307690850975,20.939968172434128
2022-04-11,-0.7044181995057297,-18.125527865914968,-19.468940066272467,-42.76345344150787,-17.421109666409237,-18.764521866766735,-42.05903524200214,-1.3434122003574984,-24.637925575592902,-23.294513375235404,-16.077697466051738,7.216815909183666,4.529991508468669,21.951101174877905
2022-04-12,-2.3687268651418236,-18.244705618055555,-19.89839152084385,-43.51300241845735,-15.875978752913731,-17.529664655702028,-41.14427555331552,-1.6536859027882969,-25.268296800401792,-23.614610897613495,-14.222292850125434,9.392318047488061,6.084946241911467,21.9609249948252
2022-04-13,-3.5687747747518817,-22.023091690206176,-21.872233174402254,-44.70581094107424,-18.454316915454292,-18.303458399650374,-41.13703616632236,0.15085851580392173,-22.682719250868065,-22.833577766671986,-18.605175431258218,4.228402335413769,4.530119367021612,22.984436282475908
2022-04-14,-3.4083346054520014,-21.79622717499461,-22.880681409390657,-46.404906294139494,-18.387892569542608,-19.472346803938656,-42.996571688687496,-1.0844542343960484,-24.608679119144885,-23.524224884748836,-17.303438335146556,6.2207865496022805,4.051878080810184,22.439770650352788
2022-04-18,0.444366085217629,-18.561809278777332,-20.0072192661779,-49.720651974500065,-19.006175363994963,-20.45158535139553,-50.165018059717696,-1.4454099874005664,-31.158842695722733,-29.713432708322166,-17.560765376594397,12.15266733172777,9.261847356926637,28.2680227209216
2022-04-19,-3.616239003979782,-20.236212292299527,-20.724068837054865,-47.74794029101304,-16.619973288319745,-17.107829833075083,-44.13170128703325,-0.48785654475533846,-27.51172799871351,-27.023871453958172,-16.132116743564403,10.89175471039377,9.916041620883092,26.536014909202834
2022-04-20,-0.8979349821329752,-19.941577998103188,-20.507968813376955,-47.686734596750924,-19.04364301597021,-19.61003383124398,-46.78879961461795,-0.5663908152737669,-27.745156598647736,-27.17876578337397,-18.477252200696448,8.70151358267752,7.568731952129987,26.6123749681002
2022-04-21,3.6413694075498437,-16.93358623771335,-18.20248358251737,-51.598679334538964,-20.574955645263195,-21.843852990067212,-55.24004874208881,-1.2688973448040208,-34.665093096825615,-33.3961957520216,-19.306058300459174,14.09013745156242,11.552342761954378,32.12729840721757
2022-04-22,3.0827159457567976,-18.42762232545141,-18.969836128351503,-49.764617848209625,-21.510338271208205,-22.0525520741083,-52.84733379396642,-0.5422138029000934,-31.336995522758215,-30.794781719858122,-20.968124468308112,9.82665725155001,8.742229645749823,30.25256791695803
2022-04-25,2.4832382114848617,-17.3584128357942,-18.70635082732992,-49.64428099076778,-19.841651047279065,-21.18958903881478,-52.12751920225264,-1.3479379915357192,-32.285868154973585,-30.937930163437862,-18.493713055743342,12.44421710769452,9.748341124623082,29.589992171902143
2022-04-26,3.2620198195730143,-17.737504950035408,-18.648085919915225,-48.06670222732849,-20.99952476960842,-21.910105739488237,-51.328722046901504,-0.9105809698798168,-30.329197277293083,-29.418616307413266,-20.088943799728604,9.329672507684663,7.508510567925029,28.50803533753345
2022-04-27,1.854694652261779,-17.67243646305685,-18.38735656299093,-49.51601568203117,-19.52713111531863,-20.242051215252708,-51.370710334292944,-0.7149200999340799,-31.843579218974316,-31.128659119040236,-18.81221101538455,12.316448103655688,10.886607903787528,30.413739019106156
2022-04-28,4.929073486625013,-14.58340894904846,-15.73471511265705,-48.9678669508562,-19.512482435673473,-20.663788599282064,-53.89694043748121,-1.1513061636085897,-34.38445800180774,-33.23315183819915,-18.36117627206488,14.871975566134267,12.569363238917084,32.08184567459056
2022-04-29,2.7289560220405296,-17.514560417197522,-17.079498749898914,-49.5411726878241,-20.24351643923805,-19.808454771939445,-52.27012870986463,0.4350616672986085,-32.02661227062658,-32.461673937925184,-20.67857810653666,11.783095831388529,12.653219165985746,32.896735605223796
2022-05-02,3.590603901778211,-15.931802214852064,-18.362420907231147,-53.91353355771136,-19.522406116630275,-21.953024809009356,-57.50413745948957,-2.430618692379083,-37.9817313428593,-35.55111265048021,-17.091787424251194,18.45932522622902,13.598087841470857,33.12049395810113
2022-05-03,2.2092018887440723,-17.322891081560776,-20.045632162643436,-55.56420457641909,-19.53209297030485,-22.25483405138751,-57.77340646516316,-2.7227410810826598,-38.24131349485831,-35.51857241377565,-16.809351889222192,18.70922052455346,13.263738362388139,32.79583133269299
2022-05-04,0.07832082944441154,-19.35833834966396,-20.208954703418904,-52.71939861360693,-19.43665917910837,-20.287275532863315,-52.797719443051335,-0.850616353754944,-33.36106026394297,-32.51044391018802,-18.586042825353424,13.9244010848346,12.223168377324711,31.65982755643308
2022-05-05,6.381400887158373,-15.14315665881174,-17.640467541874607,-54.02153915953613,-21.52455754597011,-24.021868429032978,-60.4029400466945,-2.497310883062866,-38.87838250072439,-36.381071617661526,-19.027246662907245,17.35382495475428,12.359203188628548,33.88376073459866
2022-05-06,3.1209174580229426,-19.617269866138052,-19.653668628986587,-53.312821221284864,-22.738187324160997,-22.77458608700953,-56.43373867930781,-0.036398762848534716,-33.69555135514681,-33.65915259229828,-22.701788561312462,10.957364030985815,10.884566505288745,33.62275382944974
2022-05-09,4.361776546645846,-17.8773353115012,-18.380893993670355,-53.419027036461486,-22.239111858147044,-22.7426705403162,-57.78080358310733,-0.5035586821691567,-35.54169172496029,-35.03813304279113,-21.735553175977884,13.302579866813247,12.295462502474933,34.534574360621974
2022-05-10,1.7329769800653594,-19.382176280348062,-19.49875333033515,-52.33802832347494,-21.11515326041342,-21.231730310400508,-54.071005303540296,-0.11657704998708596,-32.955852043126875,-32.83927499313979,-20.998576210426336,11.840698782713453,11.607544682739281,32.7226979431527
2022-05-11,-1.038033270358607,-20.986433751538858,-20.80634086694193,-54.48437511649517,-19.94840048118025,-19.768307596583323,-53.44634184613656,0.1800928845969274,-33.49794136495632,-33.67803424955324,-20.12849336577718,13.54954088377606,13.909726652969923,33.858127134150166
2022-05-12,-1.7611955744674113,-22.801154221568567,-21.680608158415637,-54.72921840461553,-21.039958647101155,-19.919412583948226,-52.968022830148115,1.1205460631529292,-31.928064183046963,-33.04861024619989,-22.160504710254088,10.888105535945805,13.129197662251663,34.16915630935282
2022-05-13,1.013971403921099,-20.848478217093636,-19.617794727902414,-53.437544424169346,-21.862449621014733,-20.63176613182351,-54.45151582809044,1.2306834891912217,-32.58906620707571,-33.81974969626693,-23.093133110205954,10.726616586060977,13.187983564443421,35.050433185458154
2022-05-16,1.0194153218868074,-22.970038149345395,-20.26414207188214,-53.72067443933122,-23.989453471232203,-21.283557393768948,-54.74008976121803,2.7058960774632546,-30.750636289985824,-33.45653236744908,-26.695349548695454,6.761182818753625,12.172974973680127,36.16242844491234
2022-05-17,1.560922058599079,-22.948473344959687,-20.267979443160478,-53.55707521119734,-24.509395403558766,-21.828901501759557,-55.11799726979642,2.6804939017992098,-30.608601866237656,-33.289095768036866,-27.189889305357973,6.099206462678893,11.460194266277313,35.969589669836076
2022-05-18,1.6770181132350626,-22.95590743239422,-20.87657137594956,-53.91408010302605,-24.632925545629284,-22.553589489184624,-55.591098216261116,2.07933605644466,-30.958172670631832,-33.03750872707649,-26.712261602073944,6.325247125002548,10.483919237891868,35.11684478352115
2022-05-19,2.242185978059874,-21.480897822425238,-18.551947000990765,-51.810055959702424,-23.723083800485114,-20.794132979050637,-54.0522419377623,2.928950821434473,-30.329158137277187,-33.25810895871166,-26.652034621919583,6.6060743367920765,12.463975979661022,36.18705978014613
2022-05-20,1.5689414924786593,-23.33636606374978,-20.369640304638814,-54.9730313548376,-24.905307556228436,-21.93858179711747,-56.54197284731626,2.9667257591109646,-31.636665291087823,-34.60339105019879,-27.8720333153394,6.731357734859387,12.664809253081316,37.57011680930975
2022-05-23,1.251689587850091,-24.836893200086287,-21.331196230673967,-55.267860275334435,-26.088582787936378,-22.58288581852406,-56.51954986318452,3.5056969694123197,-30.430967075248148,-33.93666404466047,-29.5942797573487,4.342384287311766,11.353778226136406,37.44236101407279
2022-05-24,4.3177872754566415,-24.616565339686368,-21.678472650517833,-54.3369075422643,-28.93435261514301,-25.996259925974474,-58.65469481772094,2.938092689168535,-29.720342202577932,-32.65843489174647,-31.87244530431154,0.7859895874349263,6.662174965771996,35.596527580915
2022-05-25,5.47198894845633,-22.182501941455346,-19.352050934940657,-50.79450420815989,-27.654490889911678,-24.824039883396985,-56.26649315661622,2.8304510065146893,-28.612002266704547,-31.442453273219236,-30.484941896426363,0.9575113767928727,6.618413389822251,34.27290427973392
2022-05-26,8.793621500876636,-21.126733762840956,-18.164477348778796,-48.32000785182853,-29.920355263717592,-26.958098849655432,-57.11362935270516,2.9622564140621606,-27.19327408898757,-30.155530503049732,-32.88261167777976,-2.7270811747300243,3.197431653394297,33.11778691711189
2022-05-27,10.471173727273486,-21.57715228070325,-18.59621946031238,-48.865758222815984,-32.04832600797673,-29.067393187585864,-59.33693195008947,2.980932820390869,-27.288605942112735,-30.269538762503604,-35.0292588283676,-4.759720065864002,1.2021455749177363,33.25047158289448
2022-05-31,7.727329545470019,-23.02584830319825,-20.042826768915354,-52.22952621324075,-30.753177848668265,-27.770156314385375,-59.95685575871077,2.9830215342828943,-29.203677910042504,-32.1866994443254,-33.73619938295116,-1.5494999386257646,4.416543129940024,35.1697209786083
2022-06-01,7.696718505017897,-22.33133472524731,-20.65060344387719,-52.12994131813025,-30.028053230265208,-28.347321948895086,-59.82665982314815,1.680731281370118,-29.79860659288294,-31.47933787425306,-31.708784511635326,-0.22944663738226723,3.132015925357969,33.16006915562318
2022-06-02,8.72834162746372,-23.535479706279006,-20.909903127443343,-50.897222336834204,-32.263821333742726,-29.638244754907063,-59.625563964297925,2.6255765788356626,-27.3617426305552,-29.98731920939086,-34.88939791257839,-4.902078703187527,0.34907445448379804,32.612895788226524
2022-06-03,10.875009222627297,-21.649179717726952,-19.596041005957954,-50.562010035039016,-32.52418894035425,-30.47105022858525,-61.437019257666314,2.053138711768998,-28.912830317312064,-30.965969029081062,-34.577327652123245,-3.611358623042186,0.4949188004958103,33.01910774085006
2022-06-06,10.543888189976691,-20.6167269799014,-18.32570480313813,-50.73868354957569,-31.160615169878092,-28.86959299311482,-61.28257173955238,2.2910221767632706,-30.12195656967429,-32.41297874643756,-33.45163734664136,-1.038658600203803,3.543385753322738,34.70400092320083
2022-06-07,6.6577903949646355,-21.967219597179046,-20.348505961655803,-51.40971041503546,-28.62500999214368,-27.00629635662044,-58.0675008100001,1.6187136355232425,-29.442490817856417,-31.06120445337966,-30.243723627666924,0.8174808257127353,4.05490809675922,32.6799180889029
2022-06-08,7.052651914050356,-21.51702298214815,-19.452045656669668,-52.505878379285285,-28.569674896198507,-26.504697570720026,-59.55853029333564,2.0649773254784805,-30.988855397137137,-33.05383272261562,-30.634652221676987,2.41918050093863,6.549135151895591,35.1188100480941
2022-06-09,8.36514190357489,-21.367868168236683,-19.778785000108854,-53.016129365297935,-29.733010071811574,-28.143926903683745,-61.38127126887282,1.5890831681278286,-31.648261197061252,-33.23734436518908,-31.322093239939406,1.9152511252496751,5.093417461505332,34.82642753331691
2022-06-10,9.233837840368952,-21.449446441483786,-20.53141056823953,-54.854188948845376,-30.68328428185274,-29.765248408608482,-64.08802678921433,0.9180358732442571,-33.40474250736159,-34.32277838060585,-31.601320155096992,2.7214582255088544,4.5575299719973685,35.240814253850104
2022-06-13,-1.868238097524566,-30.869667996307903,-26.81153531576883,-57.795259182345134,-29.001429898783336,-24.94329721824426,-55.927021084820566,4.0581326805390745,-26.92559118603723,-30.983723866576305,-33.05956257932241,-2.075838712746105,6.040426648332044,35.04185654711538
2022-06-14,5.25652864524937,-22.617444852784985,-20.986339028112866,-57.48540371930871,-27.873973498034353,-26.242867673362234,-62.741932364558075,1.6311058246721188,-34.86795886652372,-36.49906469119584,-29.50507932270647,6.993985368489369,10.256197017833607,38.13017051586796
2022-06-15,15.988310036928732,-12.750409727736267,-16.301987862060273,-53.40879876546967,-28.738719764665,-32.290297898989,-69.3971088023984,-3.5515781343240054,-40.6583890377334,-37.1068109034094,-25.187141630340996,11.9196692730684,4.816513004420393,33.55523276908539
2022-06-16,19.15919110005202,-20.594976782732033,-19.591605118098343,-58.82180131058976,-39.75416788278405,-38.75079621815036,-77.98099241064179,1.0033716646336899,-38.22682452785773,-39.23019619249142,-40.75753954741774,-1.5273433549263231,0.47939997434105663,40.23356785712511
2022-06-17,14.396942163486237,-22.22319568523026,-21.414216839551912,-59.03009937102506,-36.620137848716496,-35.81115900303815,-73.42704153451129,0.8089788456783467,-36.8069036857948,-37.61588253147315,-37.42911669439484,0.18676583707830474,1.804723528434998,38.424861377151494
2022-06-21,11.740651069124475,-23.186759337549255,-20.567920547680664,-57.38579125781884,-34.92741040667373,-32.30857161680514,-69.1264423269433,2.6188387898685903,-34.19903192026958,-36.81787071013817,-37.54624919654232,-0.7283784864041465,4.509299093333034,39.436709500006764
2022-06-22,11.164919122402894,-23.73290713550027,-20.019777743376245,-54.95587406372975,-34.89782625790316,-31.184696865779138,-66.12079318613264,3.7131293921240243,-31.222966928229482,-34.936096320353506,-38.610955650027186,-3.67485932967368,3.7513994545743685,38.64922571247753
2022-06-23,10.071893413712063,-24.31268375263396,-22.772704643066,-57.053310359619005,-34.38457716634602,-32.84459805677806,-67.12520377333107,1.539979109567959,-32.740626606985046,-34.280605716553005,-35.92455627591398,-1.6439505593609738,1.436007659774944,35.820584826120964
2022-06-24,7.162287930397948,-22.773762347589344,-19.06329155181412,-52.838731262655884,-29.93605027798729,-26.22557948221207,-60.001019193053835,3.7104707957752225,-30.06496891506654,-33.775439710841766,-33.646521073762514,0.1289186370792521,7.549860228629697,37.48591050661699
2022-06-27,4.198918226935211,-22.840425758073522,-19.619041624596,-54.63608416618704,-27.039343985008735,-23.817959851531214,-58.83500239312225,3.221384133477521,-31.795658408113518,-35.01704254159104,-30.260728118486256,4.756314423104783,11.199082690059825,38.23842667506856
2022-06-28,3.29310357356678,-22.402825263030792,-18.468757178893824,-52.787610128957226,-25.695928836597574,-21.761860752460606,-56.08071370252401,3.9340680841369675,-30.384784865926434,-34.3188529500634,-29.62999692073454,4.688856029328861,12.556992197602796,38.25292103420037
2022-06-29,4.601213740932231,-23.674115997715184,-19.586232414223346,-54.08176764432531,-28.275329738647415,-24.187446155155577,-58.68298138525754,4.087883583491838,-30.407651646610127,-34.495535230101964,-32.36321332213925,2.1323219079627123,10.308089074946388,38.5834188135938
2022-06-30,4.5914595446926665,-24.439016605082298,-20.377484844066185,-54.468401490777296,-29.030476149774962,-24.96894438875885,-59.059861035469964,4.061531761016113,-30.029384885695,-34.09091664671111,-33.09200791079108,0.9989087359200326,9.121972257952258,38.15244840772722
2022-07-01,4.091382405404254,-21.527265143104614,-17.451688152351387,-51.58666855875862,-25.618647548508868,-21.54307055775564,-55.67805096416287,4.075576990753227,-30.059403415654003,-34.13498040640723,-29.694224539262095,4.4407558671451355,12.59190984865159,38.21055739716046
2022-07-05,-0.5143843118002422,-23.903572466785896,-20.837158509928067,-53.828593849220056,-23.389188154985654,-20.322774198127824,-53.31420953741981,3.0664139568578292,-29.92502138243416,-32.99143533929199,-26.455602111843483,6.5358332274485065,12.668661141164165,36.05784929614982
2022-07-06,-1.5745204310529726,-23.726860472639764,-20.516223004912824,-57.8156132507476,-22.15234004158679,-18.94170257385985,-56.24109281969463,3.21063746772694,-34.08875277810784,-37.29939024583478,-25.36297750931373,11.93641273652105,18.35768767197493,40.51002771356172
2022-07-07,-0.37171597081191443,-22.949102210326487,-18.131177362423003,-55.385860065984495,-22.577386239514574,-17.75946139161109,-55.01414409517258,4.817924847903484,-32.43675785565801,-37.25468270356149,-27.395311087418058,9.859371616143434,19.495221311950402,42.072607551464976
2022-07-08,1.354752230167433,-22.064266587817947,-17.33030079735185,-55.0673655784502,-23.419018817985382,-18.68505302751928,-56.422117808617635,4.7339657904660974,-33.00309899063225,-37.737064781098354,-28.15298460845148,9.584080172646871,19.052011753579066,42.47103057156445
2022-07-11,-1.238442203724599,-24.327865677475067,-19.30697213971562,-54.83811731437371,-23.089423473750468,-18.06852993599102,-53.599675110649116,5.020893537759449,-30.510251636898644,-35.53114517465809,-28.110317011509913,7.42082816314818,17.462615238667077,40.55203871241754
2022-07-12,-2.0390291716430475,-25.12660759373402,-19.00992597650375,-53.758889453891534,-23.08757842209097,-16.970896804860704,-51.71986028224849,6.116681617230267,-28.632281860157516,-34.74896347738778,-29.20426003932124,5.544703438066541,17.778066672527082,40.865645094618046
2022-07-13,-1.0296758360708758,-25.897152110325507,-20.173071388014783,-54.77022159256588,-24.86747627425463,-19.143395551943907,-53.74054575649501,5.724080722310724,-28.873069482240375,-34.5971502045511,-30.59155699656535,4.005593207985747,15.453754652607195,40.32123092686182
2022-07-14,-1.8476391859678198,-27.160578338840846,-20.002431915071604,-55.49143778097654,-25.312939152873028,-18.154792729103782,-53.64379859500872,7.158146423769242,-28.330859442135694,-35.489005865904936,-32.47108557664227,3.017920289262669,17.334213136801154,42.64715228967418
2022-07-15,-3.1478985047170394,-28.101247301491618,-21.284921403916577,-56.2088918907655,-24.953348796774577,-18.137022899199536,-53.06099338604846,6.816325897575041,-28.10764458927388,-34.92397048684892,-31.769674694349618,3.1542957924993047,16.786947587649387,41.740296384423964
2022-07-18,-4.068314930531214,-27.370468526445578,-21.292357076512225,-57.372889937905214,-23.302153595914362,-17.22404214598101,-53.304575007374,6.078111449933353,-30.002421411459636,-36.08053286139299,-29.380265045847715,6.700267815545274,18.85649071541198,42.15864431132634
2022-07-19,-4.676492727030546,-28.041715559262713,-21.03782251108619,-55.716168768812935,-23.365222832232167,-16.361329784055645,-51.039676041782386,7.003893048176522,-27.674453209550222,-34.678346257726744,-30.369115880408685,4.309230377318059,18.317016473671103,41.682239305903266
2022-07-20,-5.616049669265699,-29.463816359055308,-21.838697632025372,-55.79466034112035,-23.84776668978961,-16.222647962759673,-50.17861067185465,7.625118727029935,-26.33084398206504,-33.955962709094976,-31.472885416819544,2.483077292275432,17.733314746335303,41.58108143612491
2022-07-21,-6.483416666564024,-28.61938533971511,-21.027315151591218,-54.47403796188488,-22.135968673151083,-14.543898485027194,-47.99062129532086,7.592070188123891,-25.854652622169773,-33.446722810293664,-29.728038861274975,3.71868394901869,18.902824325266472,41.038792998417556
2022-07-22,-6.185002213260793,-27.780072306442214,-20.390092591704835,-54.20508770559089,-21.59507009318142,-14.205090378444043,-48.0200854923301,7.389979714737379,-26.425015399148677,-33.814995113886056,-28.9850498079188,4.829945305967257,19.609904735442015,41.204974828623435
2022-07-25,-5.563429522606489,-26.611265759965796,-19.941110652319203,-54.08779455613999,-21.047836237359306,-14.377681129712714,-48.5243650335335,6.670155107646593,-27.476528796174193,-34.14668390382079,-27.7179913450059,6.4286925588148875,19.769002774108074,40.81683901146738
2022-07-26,-8.326370434582309,-27.970811250409923,-22.178299658477528,-56.993687775187226,-19.644440815827615,-13.851929223895219,-48.66731734060492,5.792511591932396,-29.022876524777303,-34.8153881167097,-25.43695240776001,9.378435708949688,20.96345889281448,40.607899708642094
2022-07-27,-6.1440121161675965,-29.649630388052195,-23.2257925972283,-55.754043613105786,-23.5056182718846,-17.081780481060704,-49.61003149693819,6.423837790823896,-26.10441322505359,-32.52825101587749,-29.929456062708496,2.5987949531689907,15.446470534816783,38.95208880670138
2022-07-28,-3.4951250945651324,-23.974732982660374,-18.952476540819283,-51.62526872068498,-20.47960788809524,-15.457351446254151,-48.130143626119846,5.02225644184109,-27.650535738024605,-32.672792179865695,-25.501864329936332,7.170927849929363,17.215440733611544,37.69504862170679
2022-07-29,-6.305428115630951,-26.066714086410904,-22.557249795031975,-58.72666260505572,-19.76128597077995,-16.251821679401026,-52.42123448942477,3.5094642913789293,-32.65994851864482,-36.16941281002374,-23.27075026215888,12.898662547864866,19.917591130622725,39.678877101402676
2022-08-01,-2.1693844598174916,-22.05244735627523,-21.068061998669442,-59.3582462625359,-19.883062896457737,-18.89867753885195,-57.18886180271841,0.9843853576057882,-37.30579890626067,-38.29018426386646,-20.867448254063525,17.422736009802932,19.39150672501451,39.274569621472246
2022-08-02,-1.4686831311036652,-22.492342586814562,-21.84455079422016,-60.58470203686013,-21.0236594557109,-20.375867663116495,-59.11601890575646,0.6477917925944006,-38.092359450045564,-38.74015124263997,-21.671451248305296,17.068699994334672,18.364283579523473,39.38794303523437
2022-08-03,-0.5011821414869555,-21.527488207782586,-19.083372470991122,-54.924952704477505,-21.026306066295632,-18.582190329504165,-54.42377056299055,2.4441157367914634,-33.39746449669492,-35.84158023348638,-23.470421803087092,12.37115843039929,17.259389903982218,38.28569597027784
2022-08-04,-1.7530296871811402,-21.952814746612546,-22.078256928081387,-58.820368129823834,-20.199785059431406,-20.325227240900247,-57.06733844264269,-0.12544218146884134,-36.86755338321129,-36.742111201742446,-20.074342877962565,16.66776832377988,16.4168839608422,36.616669020273605
2022-08-05,-2.357254134940945,-22.698758807258514,-21.03302655414381,-57.84259610890512,-20.34150467231757,-18.675772419202865,-55.485341973964175,1.6657322531147045,-35.143837301646606,-36.80956955476131,-22.007236925432274,14.802332629329037,18.133797135558446,38.475301807876015
2022-08-08,-2.708298827913014,-24.597228753220346,-23.638151307030732,-58.62725383152054,-21.88892992530733,-20.92985247911772,-55.91895500360753,0.9590774461896139,-34.0300250783002,-34.98910252448981,-22.848007371496948,12.141095152992861,14.059250045372089,35.94817997067942
2022-08-09,-2.1575165304158705,-23.916363473264603,-22.81927426703274,-58.48697550956117,-21.758846942848734,-20.66175773661687,-56.3294589791453,1.097089206231864,-34.570612036296566,-35.66770124252843,-22.8559361490806,12.811765093447832,15.00594350591156,36.764790448760294
2022-08-10,-3.2162596417425693,-24.35852703049339,-23.941499684575263,-59.63847783124141,-21.142267388750824,-20.725240042832695,-56.42221818949884,0.41702734591812884,-35.27995080074802,-35.69697814666615,-21.559294734668953,14.137683411997195,14.971738103833452,36.114005492584276
2022-08-11,0.8932085005633805,-22.418503559896852,-22.8434884254189,-60.4729584466563,-23.31171206046023,-23.73669692598228,-61.36616694721968,-0.42498486552204895,-38.054454886759444,-37.629470021237395,-22.886727194938185,14.742742826299214,13.892773095255116,37.204485155715346
2022-08-12,2.5508423227868615,-21.512777428752106,-23.596211618479444,-62.7351604813998,-24.063619751538965,-26.147053941266307,-65.28600280418667,-2.0834341897273383,-41.2223830526477,-39.13894886292036,-21.98018556181163,17.158763301108728,12.991894921654051,37.05551467319302
2022-08-15,2.2319351697017265,-23.253065418908125,-24.50604788072992,-63.13381129133653,-25.48500058860985,-26.737983050431644,-65.36574646103826,-1.2529824618217944,-39.880745872428406,-38.627763410606605,-24.23201812678806,14.395745283818549,11.88978036017496,37.37478094878482
2022-08-16,1.559384658016727,-23.71259006249069,-23.99425789789116,-61.52598784495527,-25.271974720507416,-25.553642555907885,-63.08537250297199,-0.28166783540046936,-37.81339778246458,-37.53172994706411,-24.990306885106946,12.541423061957161,11.978087391156222,37.25006211166364
2022-08-17,4.650662655919158,-23.31089655365286,-23.45628828542847,-61.17185853909773,-27.961559209572016,-28.106950941347627,-65.82252119501689,-0.14539173177561082,-37.86096198544487,-37.715570253669256,-27.816167477796405,9.89940277587285,9.608619312321629,37.570178521893645
2022-08-18,8.213668795379814,-22.97807471614428,-23.54165242529076,-61.56352347393259,-31.191743511524095,-31.755321220670574,-69.77719226931241,-0.5635777091464789,-38.58544875778831,-38.02187104864183,-30.628165802377612,7.3937052462642185,6.266549827971261,37.458293339495356
2022-08-19,8.252108506810929,-23.114112125659148,-22.412936580057206,-60.97100106202924,-31.366220632470075,-30.665045086868133,-69.22310956884017,0.7011755456019415,-37.85688893637009,-38.55806448197203,-32.067396178072016,6.490668303900016,7.893019395103899,39.25924002757397
2022-08-22,11.818762771559177,-21.606559284409155,-21.88541601346077,-60.477479166110015,-33.42532205596833,-33.70417878501995,-72.2962419376692,-0.27885672905161485,-38.87091988170086,-38.592063152649246,-33.14646532691672,5.445597825732527,4.887884367629297,38.313206423597634
2022-08-23,9.682549932254902,-22.327907838185148,-20.9516506460401,-58.99957454734568,-32.01045777044005,-30.634200578295,-68.68212447960059,1.3762571921450473,-36.67166670916053,-38.04792390130558,-33.386714962585096,4.661208938720485,7.413723323010579,39.42418109345063
2022-08-24,7.227081205965469,-23.850742356360044,-21.86455835083363,-58.92052283874354,-31.077823562325513,-29.091639556799098,-66.147604044709,1.9861840055264146,-35.06978048238349,-37.055964487909904,-33.06400756785193,3.99195692005798,7.964324931110809,39.04214849343632
2022-08-25,9.789304207871696,-22.109750894403568,-21.333120444157583,-59.892046001095345,-31.899055102275263,-31.12242465202928,-69.68135020896705,0.7766304502459853,-37.78229510669178,-38.558925556937766,-32.675685552521244,5.883240004416514,7.436500904908485,39.33555600718375
2022-08-26,6.650843940120765,-23.044705440541023,-21.182276114647713,-58.97283348579667,-29.695549380661788,-27.83312005476848,-65.62367742591744,1.8624293258933093,-35.92812804525565,-37.79055737114896,-31.557978706555097,6.232578664593859,9.957437316380478,39.652986697042266
2022-08-29,8.16431716078494,-21.900174915903705,-20.265667587082525,-59.21496842489824,-30.064492076688644,-28.429984747867465,-67.37928558568318,1.6345073288211793,-37.31479350899453,-38.94930083781571,-31.698999405509824,7.250301432305889,10.519316089948248,40.58380816663689
2022-08-30,9.087831892132847,-20.750902116249172,-19.842696865920217,-58.78130632329048,-29.83873400838202,-28.930528758053065,-67.86913821542333,0.9082052503289546,-38.03040420704131,-38.93860945737026,-30.746939258710974,8.191670198659288,10.008080699317198,39.84681470769922
2022-08-31,9.450540512734174,-19.81242998117341,-21.215967102517432,-58.796310935619104,-29.26297049390758,-30.666507615251604,-68.24685144835328,-1.4035371213440229,-38.983880954445695,-37.58034383310167,-27.859433372563558,9.720910460538114,6.9138362178500685,36.17680671175765
2022-09-01,9.696165569600579,-17.913463621863322,-19.07107973500839,-58.52785178435851,-27.609629191463902,-28.76724530460897,-68.22401735395908,-1.1576161131450675,-40.61438816249519,-39.45677204935012,-26.452013078318835,13.004758971031286,10.689526744741151,38.299155936205054
2022-09-02,8.353686906777602,-20.359170873266173,-20.08846492158969,-59.024004294128304,-28.712857780043777,-28.442151828367294,-67.3776912009059,0.2707059516764829,-38.66483342086213,-38.935539372538614,-28.98356373172026,9.951975640818354,10.49338754417132,39.2062453242151
2022-09-06,10.703277310506554,-18.20776289020598,-19.42700698663944,-62.53639643953215,-28.911040200712534,-30.130284297145995,-73.2396737500387,-1.21924409643346,-44.32863354932617,-43.10938945289271,-27.691796104279078,15.417593348613629,12.979105155746716,41.89014535645924
2022-09-07,10.09034169350902,-20.78929158019247,-21.370035412815056,-62.54378948261889,-30.879633273701486,-31.460377106324074,-72.63413117612791,-0.5807438326225878,-41.75449790242642,-41.173754069803834,-30.2988894410789,10.874864628724936,9.71337696347976,40.59301023718125
2022-09-08,9.835404096576772,-20.215340915793067,-21.20879327064955,-63.7054517270637,-30.050745012369838,-31.044197367226325,-73.54085582364047,-0.9934523548564833,-43.49011081127064,-42.49665845641415,-29.057292657513358,13.439365798900795,11.452461089187828,41.503206101557666
2022-09-09,8.587336960864356,-20.72067633527781,-21.521290906509805,-62.44626435559844,-29.308013296142164,-30.10862786737416,-71.03360131646279,-0.8006145712319963,-41.72558802032063,-40.92497344908863,-28.507398724910168,12.417574724178465,10.816345581714472,40.124358877856636
2022-09-12,6.94445208517358,-21.35431307909115,-22.490682765676205,-62.96305025933626,-28.29876516426473,-29.435134850849785,-69.90750234450985,-1.1363696865850557,-41.608737180245114,-40.47236749366006,-27.162395477679674,13.309972015980385,11.037232642810274,39.335997807075
2022-09-13,11.709372408586338,-18.96769219068153,-20.586181531035574,-59.953107736278355,-30.677064599267865,-32.29555393962191,-71.66248014486469,-1.6184893403540457,-40.98541554559682,-39.36692620524278,-29.058575258913823,10.308350946328957,7.071372265620866,37.74843686488873
2022-09-14,13.642132673790508,-19.285893473153017,-20.476639224789395,-60.98497332692254,-32.92802614694352,-34.1187718985799,-74.62710600071306,-1.1907457516363777,-41.699079853769526,-40.50833410213315,-31.737280395307145,8.771053706826002,6.389562203553247,39.31758835049677
2022-09-15,15.056825827215237,-17.030685004595014,-20.21425881266028,-57.455997545963776,-32.08751083181025,-35.27108463987552,-72.51282337317902,-3.1835738080652654,-40.42531254136876,-37.24173873330349,-28.903937023744984,8.337801709558512,1.9706540934279815,34.05816492523823
2022-09-16,12.958066412306701,-18.152473578872552,-19.336448220196402,-57.23144615835256,-31.11053999117925,-32.2945146325031,-70.18951257065926,-1.18397464132385,-39.07897257948001,-37.89499793815616,-29.9265653498554,7.968432588300757,5.600483305653057,36.71102329683231
2022-09-19,9.230287897779377,-16.724717580562665,-20.87437139849877,-58.87004799077613,-25.95500547834204,-30.104659296278147,-68.1003358885555,-4.149653817936105,-42.14533041021346,-37.99567659227736,-21.805351660405936,16.190324931871423,7.891017295999212,33.84602277434125
2022-09-20,10.90522437585455,-17.289823474214792,-20.778964939643707,-58.343331106109986,-28.195047850069344,-31.68418931549826,-69.24855548196453,-3.489141465428915,-41.053507631895194,-37.56436616646628,-24.70590638464043,12.85845978182585,5.88017685096802,34.075224701037364
2022-09-21,8.829366690883766,-18.997971207130693,-20.709764943180975,-56.69305534879201,-27.82733789801446,-29.53913163406474,-65.52242203967577,-1.7117937360502822,-37.69508414166131,-35.98329040561103,-26.115544161964177,9.867746243646856,6.444158771546292,34.27149666956075
2022-09-22,14.258494623086904,-17.69198549404747,-22.337925971800885,-60.4386517602328,-31.950480117134372,-36.59642059488779,-74.6971463833197,-4.645940477753417,-42.74666626618533,-38.100725788431916,-27.304539639380955,10.79618614905096,1.504305193544127,33.4547853106785
2022-09-23,12.69795152839377,-18.294710457922836,-22.412354307640392,-63.19142596917402,-30.992661986316605,-35.11030583603416,-75.88937749756779,-4.117643849717556,-44.89671551125119,-40.77907166153363,-26.875018136599046,13.904053524934582,5.668765825499463,36.66142781181607
2022-09-26,6.524604093160136,-22.1134561094821,-26.70896862151766,-68.67465917145306,-28.638060202642237,-33.23357271467779,-75.1992632646132,-4.595512512035558,-46.56120306197096,-41.9656905499354,-24.04254769060668,17.92314285932872,8.732117835257604,37.37017803789984
2022-09-27,-0.6279063766610804,-27.383444234547305,-29.97092134145052,-78.70333119191181,-26.755537857886225,-29.34301496478944,-78.07542481525073,-2.587477106903215,-51.31988695736451,-48.732409850461295,-24.16806075098301,24.564349099478285,19.389394885671855,46.14493274355808
2022-09-28,0.4538883792083226,-21.424595823683966,-23.050755508145883,-71.93465127186491,-21.878484202892288,-23.504643887354206,-72.38853965107323,-1.6261596844619177,-50.51005544818094,-48.883895763719025,-20.25232451843037,28.631571245288654,25.37925187636482,47.25773607925711
2022-09-29,-1.53702355238714,-23.38955943858516,-24.136638360567588,-73.94216014547234,-21.85253588619802,-22.599614808180448,-72.4051365930852,-0.7470789219824283,-50.55260070688718,-49.805521784904755,-21.10545696421559,28.700064820689164,27.205906976724307,49.05844286292233
2022-09-30,-2.1180019213159262,-24.62906243426208,-24.665475284054494,-72.91698860654216,-22.511060512946155,-22.547473362738568,-70.79898668522624,-0.03641284979241277,-48.28792617228008,-48.25151332248767,-22.474647663153746,25.77686565933392,25.704039959749096,48.215100472695255
2022-10-03,-0.03406817011999408,-22.88534092968475,-25.667233549208255,-73.43451742465712,-22.851272759564758,-25.63316537908826,-73.40044925453712,-2.7818926195235036,-50.549176494972365,-47.76728387544886,-20.069380140041254,27.697903735407607,22.1341184963606,44.98539125592536
2022-10-04,0.544932636950346,-23.631318857642114,-27.80869915872679,-74.80813771655895,-24.17625149459246,-28.353631795677135,-75.3530703535093,-4.177380301084675,-51.17681885891683,-46.99943855783216,-19.99887119350779,27.000567364324368,18.64580676215502,42.82205825674748
2022-10-05,1.9408028830334878,-23.05409499909281,-25.387737147008103,-70.83477973295795,-24.9948978821263,-27.32854003004159,-72.77558261599144,-2.333642147915292,-47.780684733865144,-45.44704258594985,-22.661255734211004,22.785786851738848,18.118502555908265,43.11340043803456
2022-10-06,3.2564071005992012,-23.222624125612334,-25.67155001002215,-72.59444391806649,-26.479031226211536,-28.92795711062135,-75.8508510186657,-2.448925884409814,-49.371819792454154,-46.922893908044344,-24.030105341801725,22.892788566242615,17.994936797422994,44.47396802363453
2022-10-07,5.02742090432946,-24.37703099986166,-27.043850456596317,-73.66946499081433,-29.40445190419112,-32.07127136092578,-78.6968858951438,-2.6668194567346575,-49.292433990952674,-46.625614534218016,-26.737632447456463,19.887982086761554,14.554343173292239,43.95879507748336
2022-10-11,6.022577188070866,-22.261526225551577,-25.558893238810132,-74.74883698652252,-28.284103413622443,-31.581470426880998,-80.77141417459339,-3.2973670132585546,-52.48731076097094,-49.18994374771239,-24.986736400363892,24.203207347348496,17.608473320831393,45.89257673445383
2022-10-12,4.10105529979079,-24.300055985719204,-25.967488609333998,-72.38874516071382,-28.401111285509995,-30.068543909124788,-76.48980046050461,-1.6674326236147934,-48.08868917499462,-46.42125655137983,-26.733678661895198,19.68757788948463,16.352712642255042,44.75382392776503
2022-10-13,3.4987472765935834,-26.601809256715867,-30.06213059681393,-79.22908689220493,-30.10055653330945,-33.56087787340751,-82.72783416879852,-3.460321340098062,-52.627277635489065,-49.166956295391,-26.64023519321139,22.526721102179614,15.60607842198349,45.70663495529294
2022-10-14,8.553671010963892,-24.27605423128334,-27.996054172967753,-75.52107191167696,-32.829725242247235,-36.54972518393164,-84.07474292264085,-3.7199999416844136,-51.245017680393616,-47.5250177387092,-29.109725300562822,18.41529243814638,10.975292554777553,43.80501779702479
2022-10-17,8.048434686868422,-26.469190582269952,-30.526633398266377,-77.80964723924151,-34.51762526913838,-38.5750680851348,-85.85808192610993,-4.057442815996424,-51.34045665697156,-47.28301384097514,-30.460182453141947,16.82283138783319,8.707945755840342,43.22557102497871
2022-10-18,7.3074610717943855,-25.873335278722777,-29.537477037782487,-75.0305733492787,-33.18079635051716,-36.84493810957687,-82.33803442107308,-3.66414175905971,-49.15723807055592,-45.49309631149621,-29.516654591457453,15.976441720038757,8.648158201919344,41.8289545524365
2022-10-19,5.98697835637978,-25.49086556666138,-29.06682057126062,-75.01333619030812,-31.47784392304116,-35.0537989276404,-81.0003145466879,-3.5759550045992405,-49.52247062364674,-45.9465156190475,-27.90188891844192,18.044626700605583,10.892716691407102,42.370560614448266
2022-10-20,7.8578859474287555,-24.013593490144203,-27.218701344027487,-73.51007514773981,-31.871479437572958,-35.07658729145624,-81.36796109516857,-3.205107853883284,-49.49648165759561,-46.291373803712325,-28.666371583689674,17.62500222002265,11.214786512256083,43.08626594982904
2022-10-21,7.530241396985282,-23.224850681404785,-27.993888155140212,-77.39494813663121,-30.755092078390067,-35.524129552125494,-84.9251895336165,-4.769037473735427,-54.170097455226426,-49.401059981491,-25.98605460465464,23.415005376836362,13.876930429365508,44.63202250775558
2022-10-24,6.477188160260194,-24.369579967301913,-29.002191249622335,-79.42182070339653,-30.846768127562108,-35.479379409882526,-85.89900886365673,-4.632611282320422,-55.05224073609462,-50.4196294537742,-26.214156845241682,24.205472608532517,14.940250043891666,45.78701817145378
2022-10-25,6.812009521001627,-22.110140409717438,-23.854360536040264,-74.74105864517044,-28.922149930719065,-30.666370057041892,-81.55306816617207,-1.7442201263228263,-52.630918235453,-50.88669810913018,-27.17792980439624,23.708768304733937,20.220328052088284,49.14247798280735
2022-10-26,1.763213658519991,-25.653429635877202,-29.747617577260854,-78.08588263944962,-27.416643294397193,-31.510831235780845,-79.84909629796961,-4.094187941383652,-52.43245300357242,-48.33826506218877,-23.322455353013538,25.01580970917523,16.827433826407926,44.244077120805116
2022-10-27,2.668143764615838,-24.256266128165294,-28.766072557961266,-77.41908383144671,-26.92440989278113,-31.434216322577104,-80.08722759606255,-4.509806429795972,-53.16281770328142,-48.65301127348545,-22.414603462985156,26.23840781050029,17.218794950908347,44.143204843689475
2022-10-28,2.024835609530573,-22.324009601568218,-25.22511709075035,-75.77834057278467,-24.34884521109879,-27.24995270028092,-77.80317618231524,-2.901107489182131,-53.45433097121645,-50.553223482034326,-21.447737721916663,29.10548576011766,23.303270781753398,47.65211599285219
2022-10-31,5.669754693013029,-23.14207615039683,-25.15467746982063,-75.80753869438155,-28.811830843409858,-30.82443216283366,-81.47729338739458,-2.0126013194238013,-52.66546254398472,-50.65286122456092,-26.799229523986053,23.853631700574866,19.828429061727263,48.640259905137114
2022-11-01,7.02697829987553,-20.67861586491322,-23.34982802661103,-71.41484217335368,-27.70559416478875,-30.37680632648656,-78.4418204732292,-2.6712121616978095,-50.73622630844046,-48.06501414674265,-25.03438200309094,23.030632143651708,17.68820782025609,45.39380198504484
2022-11-02,5.354513351321977,-22.450616671173407,-25.624430234241167,-72.43843954109322,-27.805130022495383,-30.978943585563144,-77.7929528924152,-3.1738135630677604,-49.98782286991981,-46.81400930685205,-24.631316459427623,22.182692847424427,15.835065721288906,43.64019574378429
2022-11-03,6.795259461407266,-19.327680875449893,-23.80195133237253,-72.26318881519043,-26.12294033685716,-30.597210793779794,-79.0584482765977,-4.4742704569226355,-52.93550793974054,-48.46123748281791,-21.648669879934527,26.812567602883377,17.864026689038113,43.98696702589527
2022-11-04,6.189614747870831,-18.927019840166004,-25.415978589982522,-77.35110392771429,-25.116634588036835,-31.605593337853353,-83.54071867558513,-6.488958749816518,-58.42408408754829,-51.93512533773177,-18.62767583822032,33.30744949951145,20.329531999878412,45.44616658791525
2022-11-07,5.199665138845511,-20.814074475894806,-26.797801416762333,-78.1868247881746,-26.013739614740317,-31.997466555607843,-83.38648992702011,-5.983726940867527,-57.3727503122798,-51.38902337141227,-20.03001267387279,31.359010697539482,19.391556815804428,45.405296430544745
2022-11-08,4.1378027405281514,-21.08179016111187,-27.567194031484288,-78.22570228496267,-25.21959290164002,-31.70499677201244,-82.36350502549081,-6.485403870372419,-57.1439121238508,-50.658508253478374,-18.7341890312676,31.924319222210777,18.953511481465938,44.17310438310596
2022-11-09,6.161753147589266,-21.604712423866523,-27.79506493876429,-75.54808972362767,-27.76646557145579,-33.95681808635356,-81.70984287121694,-6.190352514897768,-53.943377299761146,-47.75302478486338,-21.57611305655802,26.176911728305356,13.79620669850982,41.56267226996561
2022-11-10,4.1527988057938,-22.008985467552744,-29.504992503537064,-76.74736244161413,-26.161784273346544,-33.65779130933086,-80.90016124740794,-7.49600703598432,-54.73837697406138,-47.24236993807706,-18.665777237362224,28.57659270071484,13.5845786287462,39.74636290209274
2022-11-14,3.3238638980839674,-24.46327321922319,-31.865797732536592,-77.88175704979356,-27.787137117307157,-35.18966163062056,-81.20562094787753,-7.402524513313402,-53.41848383057037,-46.01595931725697,-20.38461260399376,25.631346713263213,10.826297686636408,38.61343480394357
2022-11-15,-0.30747664225998506,-25.573568634128875,-30.67609189075222,-74.38494476765634,-25.26609199186889,-30.368615248492237,-74.07746812539635,-5.102523256623346,-48.81137613352746,-43.70885287690412,-20.163568735245544,23.54528414165857,13.340237628411877,38.60632962028077
2022-11-16,1.4059610496561348,-23.25865590651297,-30.701500450028128,-72.28244528030707,-24.664616956169105,-32.10746149968426,-73.68840632996321,-7.442844543515157,-49.0237893737941,-41.580944830278945,-17.221772412653948,24.359172417624997,9.473483330594682,34.13810028676379
2022-11-17,2.801013495852711,-24.027197528134536,-31.37003783363688,-73.14762696531179,-26.828211023987247,-34.171051329489586,-75.9486404611645,-7.342840305502342,-49.12042943717725,-41.77758913167491,-19.48537071848491,22.29221841319,7.606537802185315,34.434748826172566
2022-11-18,1.26922589102616,-22.076702909143098,-30.625866961873747,-71.75080809032926,-23.345928800169258,-31.895092852899907,-73.02003398135543,-8.54916405273065,-49.674105181186164,-41.12494112845551,-14.796764747438608,26.328176381016902,9.229848275555604,32.57577707572486
2022-11-21,0.15824588169319753,-22.314289869900694,-30.949961666454897,-73.01338110903669,-22.47253575159389,-31.108207548148094,-73.17162699072989,-8.635671796554202,-50.699091239135996,-42.06341944258179,-13.83686395503969,28.2265554875421,10.955211894433695,33.42774764602758
2022-11-22,-1.595184898479829,-25.58171088308501,-33.193970087389246,-75.18052586856227,-23.98652598460518,-31.598785188909417,-73.58534097008244,-7.612259204304237,-49.59881498547726,-41.986555781173024,-16.374266780300943,25.61228900087208,10.387770592263607,34.37429657686879
2022-11-23,-2.5719482685789608,-25.665640321574834,-32.76089564807045,-74.0995386985753,-23.093692052995873,-30.18894737949149,-71.52759042999634,-7.095255326495618,-48.43389837700047,-41.33864305050485,-15.998436726500252,25.340206324004598,11.149695671013362,34.24338772400923
2022-11-25,1.0727390250236724,-22.47713763955965,-31.12836165427204,-73.29865192307206,-23.549876664583323,-32.20110067929571,-74.37139094809572,-8.65122401471239,-50.82151428351241,-42.17029026880002,-14.898652649870932,27.271637618929084,9.969189589504303,33.519066254087626
2022-11-28,-1.0071431179124346,-25.986981259140542,-32.39605150048259,-73.14872027210964,-24.979838141228107,-31.388908382570158,-72.14157715419721,-6.40907024134205,-47.1617390129691,-40.75266877162705,-18.570767899886057,22.181900871740993,9.363760389056893,34.343598530285
2022-11-29,-2.9281854726593615,-29.164960887568057,-34.445539145764094,-75.03098470044395,-26.236775414908696,-31.517353673104733,-72.10279922778459,-5.280578258196037,-45.866023812875895,-40.58544555467986,-20.956197156712655,19.629248397967203,9.068091881575128,35.30486729648382
2022-11-30,0.8154411357894631,-23.97146434021846,-33.11979173387471,-72.06388210279214,-24.786905476007924,-33.935232869664176,-72.8793232385816,-9.148327393656253,-48.092417762573675,-38.94409036891742,-15.638578082351671,23.30551228656575,5.008857499253239,29.79576297526117
2022-12-01,3.8954845921993275,-24.30679146809083,-34.903933629357994,-73.10240174333696,-28.202276060290156,-38.79941822155732,-76.99788633553628,-10.597142161267165,-48.795610275246126,-38.19846811397896,-17.605133899022988,20.593334214955973,-0.6009501075783561,27.601325952711797
2022-12-02,2.405483852425938,-25.737274018579768,-34.84377449984066,-70.89756149365422,-28.142757871005706,-37.2492583522666,-73.30304534608015,-9.106500481260895,-45.160287475074455,-36.05378699381356,-19.03625738974481,17.01752960406875,-1.1954713584530339,26.947286512552665
2022-12-05,0.7724538552806415,-27.161503107725604,-33.79769846738188,-69.34079146043698,-27.933956963006246,-34.57015232266252,-70.11324531571762,-6.6361953596562735,-42.17928835271137,-35.5430929930551,-21.29776160334997,14.245331389705129,0.9729406703925747,28.906897633398827
2022-12-06,3.8807736654475455,-25.287577029248396,-35.69920081170994,-71.45162127769366,-29.168350694695942,-39.57997447715749,-75.33239494314121,-10.411623782461547,-46.164044248445265,-35.75242046598372,-18.7567269122344,16.99569355374932,-3.827554011173774,25.34079668352217
2022-12-07,3.413615028334327,-25.140286272570968,-35.52823695683114,-67.81967455284881,-28.553901300905295,-38.941851985165464,-71.23328958118313,-10.387950684260169,-42.67938828027784,-32.29143759601767,-18.165950616645127,14.125486979372546,-6.650414389147798,21.903486911757504
2022-12-08,3.813344892328896,-25.01597999533822,-32.323530763261886,-65.77498149613623,-28.829324887667116,-36.136875655590785,-69.58832638846513,-7.307550767923665,-40.759001500798014,-33.45145073287435,-21.521774119743455,11.929676613130894,-2.685424922716436,26.143899964950684
2022-12-09,4.068832528369359,-23.664236142506788,-32.413923895261206,-65.90591060830708,-27.733068670876147,-36.48275642363056,-69.97474313667644,-8.749687752754419,-42.241674465800294,-33.491986713045875,-18.983380918121725,14.50860579492415,-2.9907697105846864,24.742298960291457
2022-12-12,2.086413882730742,-22.68530802983202,-32.39567928583651,-64.92929974949395,-24.77172191256276,-34.482093168567246,-67.01571363222469,-9.710371256004489,-42.243991719661935,-32.53362046365744,-15.061350656558275,17.472269807099167,-1.948472704909804,22.82324920765295
2022-12-13,2.173911149737151,-22.63859618980333,-33.860827542575976,-67.20062096880599,-24.81250733954048,-36.03473869231313,-69.37453211854314,-11.222231352772646,-44.56202477900266,-33.33979342623002,-13.590275986767836,19.74951743946218,-2.69494526608311,22.11756207345737
2022-12-14,0.7407543600915112,-21.463996832811993,-31.5402842850653,-67.22082942692703,-22.204751192903505,-32.28103864515681,-67.96158378701854,-10.076287452253307,-45.75683259411503,-35.68054514186173,-12.1284637406502,23.552081401211524,3.399506496704916,25.604257689608417
2022-12-15,2.0202004427780196,-21.79868461102572,-30.84656907034247,-67.51544094990693,-23.81888505380374,-32.86676951312049,-69.53564139268495,-9.047884459316748,-45.71675633888121,-36.66887187956446,-14.771000594486992,21.89787128507747,3.8021023664439753,27.620987420247715
2022-12-16,3.6354976592542165,-21.80601418209367,-31.363827911609697,-69.03084590461344,-25.441511841347886,-34.99932557086392,-72.66634356386766,-9.557813729516027,-47.224831722519774,-37.667017993003746,-15.883698111831855,21.78331988117189,2.6676924221398366,28.10920426348772
2022-12-19,1.2811444635357105,-22.6430674224801,-31.50339864915468,-69.59553460864143,-23.92421188601581,-32.784543112690386,-70.87667907217714,-8.860331226674578,-46.95246718616133,-38.092135959486754,-15.063880659341233,23.028255300145517,5.307592846796354,29.231804732812172
2022-12-20,3.371621662388957,-24.405065750955934,-34.83176752334063,-75.0931953328656,-27.77668741334489,-38.20338918572959,-78.46481699525457,-10.426701772384696,-50.68812958190967,-40.261427809524974,-17.3499856409602,22.911442168564776,2.058038623795383,29.83472603714028
2022-12-21,3.8995544867071352,-23.283897423631306,-33.25662115808727,-72.36513917300024,-27.18345191033844,-37.1561756447944,-76.26469365970738,-9.972723734455965,-49.08124174936894,-39.108518014912974,-17.21072817588248,21.897789839030494,1.952342370118572,29.135794280457006
2022-12-22,4.374933000549852,-22.236640362061966,-32.50608276972642,-72.32979079735019,-26.611573362611818,-36.88101577027627,-76.70472379790004,-10.269442407664453,-50.09315043528822,-39.823708027623766,-16.342130954947365,23.4815770726764,2.9426922573475025,29.55426561995931
2022-12-23,2.225703818733127,-23.259615356175622,-32.40155526875408,-71.80095257388271,-25.48531917490875,-34.627259087487204,-74.02665639261583,-9.141939912578458,-48.54133721770709,-39.39939730512863,-16.343379262330288,23.056018042798343,4.772138217641427,30.257457392550172
2022-12-27,3.584229123645599,-23.226528499166132,-32.458311705164974,-73.20158446542315,-26.81075762281173,-36.04254082881057,-76.78581358906875,-9.231783205998841,-49.97505596625702,-40.74327276025818,-17.57897441681289,23.16429834344529,4.700731931447606,31.51148955425934
2022-12-28,2.5097515416764082,-23.555909274142817,-32.44099853739853,-73.53902003033409,-26.065660815819225,-34.950750079074936,-76.0487715720105,-8.885089263255711,-49.983110756191266,-41.09802149293556,-17.180571552563514,23.917449940372045,6.147271413860622,32.21293222967985
2022-12-29,0.5072341609715814,-22.364774993336624,-32.03769493110742,-76.05451670221038,-22.872009154308206,-32.544929092079,-76.56175086318196,-9.672919937770793,-53.689741708873754,-44.01682177110296,-13.19908921653741,30.817732554565552,11.471892679023966,34.34390183333217
2022-12-30,-6.492267790607631,-28.80662305833117,-39.08124565571427,-82.36563409732271,-22.31435526772354,-32.58897786510664,-75.87336630671508,-10.2746225973831,-53.55901103899154,-43.28438844160844,-12.039732670340442,31.244655771268,10.6954105765018,33.00976584422534
2023-01-03,1.9613933233826764,-26.446139756864497,-34.875551005233696,-77.62591578050748,-28.407533080247173,-36.83694432861637,-79.58730910389016,-8.429411248369199,-51.17977602364299,-42.75036477527379,-19.978121831877978,22.77224294339581,5.913420446657412,34.32095352690459
2023-01-04,4.139797091455399,-24.383533362387855,-33.04461266935292,-76.85729948666973,-28.523330453843254,-37.18440976080832,-80.99709657812514,-8.661079306965068,-52.47376612428188,-43.81268681731681,-19.862251146878187,23.950435670438623,6.62827705650848,35.15160751035174
2023-01-05,2.097889849391077,-25.644079953113508,-33.48889195894795,-74.6812186823099,-27.741969802504585,-35.586781808339026,-76.77910853170098,-7.844812005834445,-49.0371387291964,-41.19232672336195,-19.897157796670136,21.295168926691815,5.605544915022918,33.3475147175275
2023-01-06,3.652808849914191,-24.905779719632193,-32.793399312001135,-73.55885388549721,-28.558588569546384,-36.44620816191532,-77.21166273541141,-7.887619592368942,-48.65307416586502,-40.76545457349608,-20.670968977177445,20.094485596318634,4.31924641158075,32.87783498112714
2023-01-09,2.479023160100091,-27.481743477649225,-36.167610016156225,-76.40876008064868,-29.960766637749316,-38.646633176256316,-78.88778324074877,-8.685866538507,-48.92701660299945,-40.24115006449245,-21.274900099242316,18.966249965250135,1.594516888236143,31.555283525985452
2023-01-10,1.7599175758375551,-25.546915042753284,-34.261837619821776,-73.41347424178548,-27.30683261859084,-36.02175519565933,-75.17339181762304,-8.714922577068492,-47.866559199032196,-39.1516366219637,-18.591910041522347,20.559726580441357,3.1298814263043653,30.43671404489521
2023-01-11,1.5973259931037376,-24.311321632758045,-32.18798664102831,-71.53497281943575,-25.908647625861782,-33.78531263413205,-73.13229881253949,-7.876665008270265,-47.22365118667771,-39.34698617840744,-18.031982617591517,21.315003560815924,5.5616735442753935,31.470321170137176
2023-01-12,2.4290546435681293,-22.651311334832734,-31.363197740420468,-67.56932060567804,-25.080365978400863,-33.7922523839886,-69.99837524924618,-8.711886405587734,-44.91800927084531,-36.206122865257576,-16.36847957281313,19.837643292444447,2.4138704812689724,27.494236459669843
2023-01-13,-0.4702847937065435,-23.165682128721787,-30.988883232776885,-66.59556986679193,-22.695397335015244,-30.51859843907034,-66.1252850730854,-7.823201104055098,-43.42988773807015,-35.60668663401505,-14.872196230960142,20.734490403054906,5.088088194944703,27.783485529959947
2023-01-17,-1.9106896246273486,-24.564713165965337,-33.3074305752346,-67.88049586506189,-22.65402354133799,-31.39674095060725,-65.96980624043454,-8.742717409269261,-43.31578269909655,-34.57306528982729,-13.911306132068724,20.661759157758567,3.176324339220045,25.83034788055803
2023-01-18,-0.1448898893786854,-21.757674595677745,-30.892356207289275,-65.1602017813758,-21.61278470629906,-30.74746631791059,-65.01531189199711,-9.13468161161153,-43.40252718569806,-34.26784557408653,-12.478103094687533,21.789742479398996,3.520379256175943,25.133163962474995
2023-01-19,0.04654054224850768,-23.30132232447322,-32.30409674689714,-68.29284430598489,-23.347862866721727,-32.350637289145645,-68.3393848482334,-9.002774422423919,-44.99152198151167,-35.98874755908775,-14.345088444297808,21.64365911478994,3.6381102699421035,26.98597313666383
2023-01-20,0.04770938546458936,-22.753203745275165,-32.422603699212615,-68.46325117981134,-22.800913130739755,-32.4703130846772,-68.51096056527592,-9.66939995393745,-45.71004743453617,-36.04064748059872,-13.1315131768023,22.90913430379642,3.5703343959215204,26.37124752666127
2023-01-23,-1.4078523856891678,-22.633588727646803,-32.61714382400878,-68.68519958099739,-21.225736341957635,-31.20929143831961,-67.27734719530822,-9.983555096361975,-46.05161085335059,-36.06805575698861,-11.24218124559566,24.825874511392954,4.858764318669003,26.084500660626638
2023-01-24,-2.0279133176892117,-23.84590165646201,-33.27357044923303,-68.99003910103278,-21.8179883387728,-31.245657131543815,-66.96212578334357,-9.427668792771016,-45.14413744457077,-35.71646865179975,-12.390319546001784,23.326149105797967,4.4708115202559355,26.288799859028735
2023-01-25,-3.184269036687404,-22.961122852465454,-32.836829583069886,-67.64780511511286,-19.77685381577805,-29.65256054638248,-64.46353607842545,-9.875706730604431,-44.68668226264741,-34.810975532042974,-9.90114708517362,24.909828446869355,5.158414985660492,24.93526880143854
2023-01-26,-5.047004837542257,-24.588353325948642,-32.043598409666394,-65.45764407645666,-19.541348488406385,-26.996593572124137,-60.4106392389144,-7.455245083717752,-40.869290750508014,-33.414045666790265,-12.086103404688636,21.32794226210163,6.417452094666132,25.958800583072517
2023-01-27,-5.860470430267117,-23.25575359206504,-31.67901386720464,-66.28706922405634,-17.395283161797924,-25.818543436937524,-60.426598793789225,-8.4232602751396,-43.0313156319913,-34.60805535685169,-8.972022886658326,25.63603247019337,8.789511919914176,26.184795081712096
2023-01-30,-3.8891974191511025,-22.88972664444109,-31.357545129345876,-66.18049030878454,-19.000529225289988,-27.468347710194774,-62.29129288963344,-8.467818484904786,-43.29076366434345,-34.82294517943866,-10.532710740385202,24.290234439053464,7.354597469243892,26.35512669453388
2023-01-31,2.0068139037528354,-21.728759073512414,-31.29173554110727,-67.29318289734975,-23.73557297726525,-33.2985494448601,-69.2999968011026,-9.562976467594854,-45.56442382383734,-36.00144735624248,-14.172596509670395,21.828850846572088,2.7028979113823794,26.43847088864763
2023-02-01,4.734126722291521,-19.04523163345413,-30.441569371578716,-67.92002539285082,-23.77935835574565,-35.175696093870236,-72.65415211514234,-11.396337738124586,-48.87479375939669,-37.4784560212721,-12.383020617621064,25.095435403651038,2.3027599274018655,26.082118283147516
2023-02-02,2.0252733341621365,-20.603690292975063,-29.94098472598519,-63.85625049331636,-22.6289636271372,-31.966258060147325,-65.8815238274785,-9.337294433010126,-43.25256020034129,-33.91526576733117,-13.291669194127074,20.623596573204097,1.9490077071838456,24.57797133432104
2023-02-03,0.15868240033158898,-21.027255161328952,-30.53706603585149,-66.2991411243384,-21.18593756166054,-30.695748436183077,-66.45782352466999,-9.509810874522536,-45.27188596300945,-35.76207508848692,-11.676126687138002,24.085948401348915,5.066326652303843,26.25226421396438
2023-02-06,1.242383023168614,-20.84938929871911,-30.92348750865486,-65.2948096578052,-22.091772321887724,-32.16587053182347,-66.53719268097382,-10.074098209935748,-44.44542035908609,-34.371322149150345,-12.017674111951976,22.35364803719837,2.2054516173268723,24.297223939214597
2023-02-07,0.6781009600630661,-22.692505640537597,-31.399592773684716,-67.5582311111,-23.370606600600663,-32.07769373374778,-68.23633207116306,-8.70708713314712,-44.8657254705624,-36.15863833741528,-14.66351946745354,21.495118869961743,4.080944603667504,27.451551204268164
2023-02-08,1.1201748532735145,-22.061174572850774,-30.075665536529694,-65.8976418489626,-23.18134942612429,-31.19584038980321,-67.01781670223612,-8.01449096367892,-43.83646727611183,-35.82197631243291,-15.166858462445365,20.655117849987548,4.6261359226297,27.807485348753993
2023-02-09,3.677814279364,-20.997892413274457,-30.903831406107596,-67.07201045391943,-24.675706692638457,-34.5816456854716,-70.74982473328343,-9.90593899283314,-46.074118040644976,-36.16817904781183,-14.769767699805318,21.39841134800652,1.5865333623402478,26.262240054978697
2023-02-10,3.9827599990235996,-22.891265887687197,-32.216127145132624,-67.17534569379539,-26.874025886710797,-36.198887144156224,-71.15810569281899,-9.324861257445427,-44.284079806108195,-34.95921854866277,-17.54916462926537,17.4100539193974,-1.2396685954934554,25.63435729121734
2023-02-13,3.9050079671723914,-21.886787815698796,-31.6162906509458,-66.17474067092508,-25.791795782871187,-35.521298618118195,-70.07974863809747,-9.729502835247004,-44.28795285522628,-34.558450019979276,-16.062292947624186,18.49615707235509,-0.962848598138919,24.82894718473227
2023-02-14,8.517830201605392,-20.214089158684835,-31.394085458067835,-67.5619744286808,-28.731919360290227,-39.91191565967323,-76.07980463028619,-11.179996299383,-47.34788526999596,-36.167888970612964,-17.551923060907228,18.615965909705736,-3.744026689060263,24.987892671229964
2023-02-15,8.13301334707699,-19.961543834811167,-29.492648357494478,-69.40864514990892,-28.094557181888156,-37.62566170457147,-77.54165849698592,-9.53110452268331,-49.447101315097754,-39.91599679241445,-18.563452659204845,21.352544133209598,2.2903350878429762,30.384892269731132
2023-02-16,4.465125618907972,-22.023742123931946,-30.824426834976883,-71.27444849327387,-26.48886774283992,-35.28955245388485,-75.73957411218184,-8.800684711044937,-49.25070636934192,-40.45002165829698,-17.688183031794985,22.761838626501998,5.160469204412124,31.649336947252046
2023-02-17,6.090732267026233,-21.080666163249305,-28.19905290985414,-70.42768071435397,-27.171398430275538,-34.28978517688037,-76.51841298138021,-7.118386746604834,-49.347014551104664,-42.22862780449983,-20.053011683670704,22.175616120829126,7.938842627619458,35.110241057894996
2023-02-21,6.598982009676746,-20.54469599315101,-28.148393878578393,-69.74972299408088,-27.143678002827755,-34.747375888255135,-76.34870500375763,-7.603697885427383,-49.205027000929874,-41.601329115502494,-19.539980117400372,22.06134899810212,6.853953227247352,33.99763123007511
2023-02-22,5.167310327504193,-21.00745629548575,-28.017654013098216,-69.97480669409045,-26.174766622989942,-33.184964340602406,-75.14211702159464,-7.010197717612467,-48.967350398604694,-41.95715268099223,-19.16456890537747,22.79258377561476,8.772188340389818,34.94695496337977
2023-02-23,3.484953235314947,-21.379180802640274,-27.66459955882139,-69.4780447896346,-24.86413403795522,-31.149552794136337,-72.96299802494954,-6.285418756181116,-48.09886398699432,-41.8134452308132,-18.578715281774105,23.2347299490391,10.663892436676868,35.528026474632085
2023-02-24,5.383640513694488,-21.050893806016457,-27.002610885862623,-70.0896211387361,-26.434534319710945,-32.38625139955711,-75.4732616524306,-5.951717079846166,-49.038727332719645,-43.08701025287348,-20.48281723986478,22.604193013008704,10.700758853316373,37.13529317302732
2023-02-27,6.20474431867466,-21.21893402347461,-27.136520048490187,-67.79613657531307,-27.42367834214927,-33.34126436716485,-74.00088089398773,-5.917586025015577,-46.57720255183846,-40.65961652682289,-21.50609231713369,19.153524209689195,7.318352159658033,34.74203050180731
2023-02-28,8.958781218768497,-19.385231114658154,-26.769291796076857,-66.4530860055486,-28.34401233342665,-35.72807301484535,-75.41186722431709,-7.384060681418703,-47.067854890890445,-39.68379420947174,-20.959951652007945,18.723842557463797,3.955721194626392,32.29973352805304
2023-03-01,9.200536364395706,-18.923495075258412,-26.99056058174847,-67.28672823645469,-28.124031439654118,-36.19109694614417,-76.4872646008504,-8.067065506490056,-48.36323316119628,-40.296167654706224,-20.056965933164065,20.23920172154216,4.105070708562053,32.22910214821617
2023-03-02,10.507036339181752,-18.133704115259075,-26.799424300110797,-67.10553829270202,-28.640740454440827,-37.30646063929255,-77.61257463188377,-8.665720184851722,-48.97183417744294,-40.30611399259122,-19.975020269589105,20.33109372300212,2.999653353298669,31.6403938077395
2023-03-03,9.201133966719244,-19.361031059785905,-25.949159337434757,-66.27820135363277,-28.56216502650515,-35.150293304154005,-75.479335320352,-6.588128277648853,-46.917170293846866,-40.32904201619801,-21.9740367488563,18.35500526734171,5.178748712044012,33.74091373854915
2023-03-06,7.40814686755753,-19.69160976232338,-26.447419153794716,-65.96147979040761,-27.09975662988091,-33.855566021352246,-73.36962665796514,-6.755809391471335,-46.26987002808423,-39.514060636612896,-20.34394723840958,19.170113398203313,5.658494615260651,32.75825124514156
2023-03-07,9.116104805189806,-19.490390288080928,-26.16358711320057,-65.59278327964235,-28.606495093270734,-35.27969191839038,-74.70888808483215,-6.673196825119643,-46.102392991561416,-39.42919616644178,-21.93329826815109,17.495897898290686,4.1495042480514,32.75599934132214
2023-03-08,7.210498148391853,-21.041651839577913,-27.257880782414958,-67.83161727479774,-28.252149987969766,-34.46837893080681,-75.04211542318959,-6.216228942837045,-46.78996543521983,-40.57373649238278,-22.035921045132724,18.537815447250054,6.105357561575971,34.35750754954573
2023-03-09,5.800459612681497,-21.1181092088232,-26.816262275472134,-69.24238140191483,-26.918568821504696,-32.616721888153634,-75.04284101459632,-5.698153066648935,-48.12427219309163,-42.42611912644269,-21.220415754855757,21.205703371586935,9.809397238289066,36.72796605979376
2023-03-10,-2.757241216265882,-24.08604932398766,-27.964760327392256,-70.67559046892775,-21.328808107721777,-25.207519111126373,-67.91834925266187,-3.8787110034045966,-46.58954114494009,-42.710830141535496,-17.45009710431718,25.260733037218316,17.503311030409122,38.8321191381309
2023-03-13,-10.538515556546901,-25.23673292719608,-31.969649894807482,-74.78498365876578,-14.698217370649179,-21.43113433826058,-64.24646810221888,-6.732916967611402,-49.5482507315697,-42.8153337639583,-7.96530040303778,34.85003336092052,21.384199425697716,36.0824167963469
2023-03-14,-5.06301855698279,-20.150227808738652,-24.713295271213997,-69.8760158939741,-15.087209251755862,-19.650276714231207,-64.81299733699132,-4.563067462475345,-49.72578808523545,-45.162720622760105,-10.524141789280517,34.638578833479585,25.512443908528894,40.59965316028476
2023-03-15,-0.7916460925141422,-16.41995143673278,-24.203686577667185,-68.91861131031555,-15.628305344218639,-23.412040485153042,-68.12696521780141,-7.783735140934404,-52.498659873582774,-44.71492473264837,-7.844570203284235,36.870354529364135,21.302884247495328,36.93118959171397
2023-03-16,-4.454584734883049,-16.447486620862286,-22.513709387951984,-70.26789763401754,-11.992901885979236,-18.059124653068935,-65.8133128991345,-6.066222767089698,-53.82041101315526,-47.75418824606556,-5.926679118889538,41.82750912717602,29.695063592996625,41.68796547897586
2023-03-17,-0.5452330979053066,-15.288128823254654,-23.97874423212314,-71.24745230991824,-14.742895725349348,-23.433511134217834,-70.70221921201293,-8.690615408868487,-55.95932348666359,-47.268708077795104,-6.052280316480861,41.21642776131424,23.835196943577273,38.578092668926615
2023-03-20,-3.531870985148755,-17.946891686292197,-25.55869910743973,-72.5046286105794,-14.415020701143442,-22.026828122290972,-68.97275762543065,-7.611807421147532,-54.557736924287205,-46.94592950313967,-6.803213279995909,40.142716223143765,24.9191013808487,39.33412208199214
2023-03-21,-0.004250646784065282,-17.55584195901827,-24.376628989605553,-72.48863836301788,-17.551591312234205,-24.372378342821488,-72.48438771623381,-6.820787030587283,-54.93279640399962,-48.112009373412334,-10.730804281646922,37.38120509176541,23.739631030590843,41.29122234282505
2023-03-22,2.3800539514146735,-15.824401325584825,-24.098416432593297,-69.73873619252511,-18.204455276999497,-26.47847038400797,-72.11879014393978,-8.274015107008472,-53.91433486694029,-45.64031975993181,-9.93044016999103,35.70987958994078,19.161849375923843,37.36630465292334
2023-03-23,2.0824040711252323,-16.40280257217137,-25.396599545670952,-71.67027817247464,-18.485206643296603,-27.479003616796184,-73.75268224359988,-8.993796973499581,-55.26747560030327,-46.27367862680369,-9.491409669797022,36.782268957006664,18.794675010007502,37.2798816533041
2023-03-24,0.29447604686496653,-20.62917292512383,-29.098257592755104,-74.59643419640977,-20.923648971988797,-29.39273363962007,-74.89091024327475,-8.469084667631275,-53.96726127128595,-45.49817660365467,-12.454564304357518,33.04361229929715,16.1054429640346,37.02909193602339
2023-03-27,-2.113690792259071,-22.201698534895307,-29.858587552642035,-75.52802401706104,-20.088007742636236,-27.744896760382964,-73.41433322480196,-7.656889017746728,-53.326325482165736,-45.66943646441901,-12.431118724889508,33.2383177395295,17.924539704036043,38.01254744667228
2023-03-28,-2.6588626172412866,-21.28378681778411,-27.98750048914882,-74.32355471266554,-18.624924200542825,-25.328637871907535,-71.66469209542426,-6.70371367136471,-53.03976789488143,-46.33605422351672,-11.921210529178119,34.4148436943386,21.00741635160918,39.63234055215201
2023-03-29,-4.142238747412641,-23.339294228591534,-29.54833820680216,-74.58665212244892,-19.197055481178893,-25.40609945938952,-70.44441337503628,-6.209043978210627,-51.24735789385739,-45.03831391564677,-12.988011502968266,32.0503024126785,19.632214456257245,38.82926993743614
2023-03-30,-3.782925520795466,-24.280885395579865,-29.010408380207807,-73.37693832654763,-20.4979598747844,-25.22748285941234,-69.59401280575216,-4.729522984627941,-49.096052930967765,-44.366529946339824,-15.768436890156458,28.598093056183366,19.139047086927484,39.63700696171188
2023-03-31,3.257096849616392,-22.691532526763638,-27.937138103408408,-70.78224226968484,-25.94862937638003,-31.1942349530248,-74.03933911930123,-5.2456055766447705,-48.090709742921206,-42.845104166276435,-20.703023799735256,22.14208036654118,11.650869213251639,37.599498589631665
2023-04-03,4.8061824492311445,-21.987570481491623,-28.907675729839475,-70.58724671035854,-26.793752930722768,-33.71385817907062,-75.39342915958969,-6.920105248347852,-48.59967622886692,-41.67957098051907,-19.873647682374916,21.80592329814415,7.965712801448447,34.759465732171215
2023-04-04,1.836230569069608,-22.673960780419165,-30.439466137514604,-70.51120780441357,-24.51019134948877,-32.27569670658421,-72.34743837348319,-7.765505357095439,-47.83724702399441,-40.07174166689897,-16.744685992393332,23.327055674505637,7.7960449603147595,32.30623630980353
2023-04-05,-0.11933256113692003,-24.05475287578551,-29.73678149612855,-69.93203479164664,-23.93542031464859,-29.61744893499163,-69.81270223050973,-5.68202862034304,-45.87728191586113,-40.19525329551809,-18.25339169430555,21.941861601212544,10.577804360526464,34.51322467517505
2023-04-06,2.94981967594099,-22.698091377161546,-29.01706517311844,-68.53884593803592,-25.647911053102536,-31.96688484905943,-71.4886656139769,-6.318973795956893,-45.84075456087437,-39.52178076491748,-19.32893725714564,20.19284350777184,7.554895915858054,33.20280696896059
2023-04-07,1.834134014714417,-22.77801111038462,-29.781948011974848,-70.02104345534099,-24.61214512509904,-31.616082026689263,-71.85517747005541,-7.003936901590226,-47.24303234495636,-40.23909544336614,-17.60820822350881,22.63088721985733,8.623013416676876,33.23515854177592
2023-04-10,2.951472119411136,-21.549452019415803,-27.72600969907817,-69.3400088507794,-24.50092413882694,-30.677481818489305,-72.29148097019053,-6.176557679662366,-47.790556831363595,-41.61399915170123,-18.324366459164573,23.289632692536657,10.936517333211924,35.43744147203886
2023-04-11,3.3362587969897994,-20.59830202863866,-27.554647885681895,-70.20884690320455,-23.93456082562846,-30.890906682671694,-73.54510570019434,-6.956345857043235,-49.61054487456589,-42.65419901752265,-16.978214968585227,25.675984048937423,11.76329233485096,35.69785316047941
2023-04-12,3.4094751804860213,-20.05935722168943,-27.14630261531079,-69.72894767140944,-23.46883240217545,-30.555777795796814,-73.13842285189547,-7.08694539362136,-49.66959044972001,-42.582645056098656,-16.38188700855409,26.20075804754456,12.026867260301842,35.49569966247729
2023-04-13,1.075499091080534,-21.841936874378565,-29.535519478357088,-71.61654448908786,-22.9174359654591,-30.611018569437622,-72.69204358016839,-7.693582603978523,-49.774607614709296,-42.08102501073077,-15.223853361480579,26.85717164925019,11.470006441293151,34.38744240675224
2023-04-14,1.7501572570327362,-21.027826497334566,-29.09174555259746,-72.03512434836186,-22.777983754367302,-30.841902809630195,-73.7852816053946,-8.063919055262893,-51.007297851027296,-42.9433787957644,-14.714064699104412,28.22931409665999,12.101475986134204,34.87945974050151
2023-04-17,0.5661801588044746,-21.6244427287684,-30.229045040847822,-71.64978681282479,-22.190622887572875,-30.795225199652297,-72.21596697162926,-8.604602312079422,-50.025344084056385,-41.420741771976964,-13.58602057549345,27.834721196483514,10.62551657232467,32.81613945989754
2023-04-18,-0.11448759270251685,-21.976048138417916,-29.057874204276857,-70.30548256714475,-21.8615605457154,-28.94338661157434,-70.19099497444223,-7.081826065858941,-48.329434428726834,-41.247608362867894,-14.779734479856458,26.467873883011436,12.304221751293554,34.16578229700895
2023-04-19,1.454164099098243,-20.146931057642405,-28.954760121116685,-70.29013278011558,-21.601095156740648,-30.408924220214928,-71.74429687921383,-8.80782906347428,-50.14320172247318,-41.3353726589989,-12.793266093266368,28.54210656573253,10.926448438783972,32.52754359552462
2023-04-20,0.9661131529323796,-20.64669084714046,-28.45149215154357,-69.07755505583152,-21.61280400007284,-29.41760530447595,-70.0436682087639,-7.80480130440311,-48.43086420869106,-40.626062904287956,-13.808002695669728,26.818060208618228,11.208457599812007,32.82126159988485
2023-04-21,-1.5511602385474887,-21.502787743849574,-28.59997097290954,-68.75280591099542,-19.951627505302085,-27.04881073436205,-67.20164567244794,-7.097183229059965,-47.250018167145846,-40.15283493808588,-12.85444427624212,27.29839066184376,13.104024203723831,33.055651709025916
2023-04-24,-1.2616937245303994,-20.908060546462572,-28.628908806078357,-69.45625956394963,-19.646366821932173,-27.367215081547958,-68.19456583941923,-7.720848259615785,-48.54819901748706,-40.82735075787127,-11.925518562316384,28.90183219555489,13.460135676323318,33.10650249825549
2023-04-25,-2.1783091329915294,-21.47470477311373,-28.482105085298226,-70.90729950765287,-19.2963956401222,-26.303795952306697,-68.72899037466134,-7.007400312184497,-49.43259473453914,-42.425194422354636,-12.288995327937702,30.136199094416938,16.121398470047943,35.41779411017014
2023-04-26,-4.728894801670025,-21.359594222693403,-28.426110263490134,-71.32265458311058,-16.63069942102338,-23.697215461820107,-66.59375978144055,-7.066516040796731,-49.963060360417174,-42.896544319620446,-9.564183380226648,33.332360939393794,19.19932885780033,35.83002827882371
2023-04-27,-6.676085384582198,-22.132896126588662,-28.92177667093656,-70.81304693313282,-15.456810742006464,-22.24569128635436,-64.13696154855063,-6.788880544347897,-48.68015080654416,-41.891270262196265,-8.66793019765857,33.223340064537695,19.6455789758419,35.10238971784837
2023-04-28,-4.399219822321854,-19.681203979794493,-26.235461765303334,-68.63066788173798,-15.281984157472639,-21.83624194298148,-64.23144805941612,-6.554257785508842,-48.94946390194349,-42.39520611643464,-8.727726371963797,33.667479744470846,20.558964173453163,35.8409483309258
2023-05-01,-0.03675380754151192,-20.628382413536393,-28.25232511764164,-71.5659238115133,-20.59162860599488,-28.215571310100128,-71.52917000397179,-7.6239427041052465,-50.93754139797691,-43.31359869387166,-12.96768590188963,30.34591279198203,15.098027383771537,35.689655989766415
2023-05-02,-0.573976950711641,-19.35779984629078,-25.72341573726682,-68.14755053587488,-18.783822895579142,-25.14943878655518,-67.57357358516325,-6.365615890976038,-48.7897506895841,-42.424134798608065,-12.418207004603104,30.00592779400496,17.274696012052885,36.05851890763203
2023-05-03,3.6244465545074434,-14.499739377867904,-22.97283328046977,-66.61923376797425,-18.124185932375347,-26.597279834977215,-70.2436803224817,-8.473093902601867,-52.11949439010635,-43.64640048750448,-9.65109202977348,33.995308457731,17.049120652527264,35.17330658490261
2023-05-04,-6.249328986602398,-20.685065275921175,-27.4890625129661,-69.795785420466,-14.435736289318777,-21.2397335263637,-63.546456433863604,-6.803997237044925,-49.11072014454483,-42.3067229074999,-7.631739052273851,34.67498385522605,21.066989381136203,35.50272567045498
2023-05-05,-4.285209058921824,-17.957906580933127,-25.977130631690937,-69.77557547655708,-13.672697522011303,-21.69192157276911,-65.49036641763526,-8.01922405075781,-51.81766889562395,-43.79844484486614,-5.653473471253495,38.14497137361265,22.10652327209703,35.77922079410833
2023-05-08,-5.702706434422744,-19.963268888703123,-27.82906666641498,-72.20176742952714,-14.260562454280379,-22.126360231992237,-66.4990609951044,-7.865797777711858,-52.23849854082401,-44.37270076311216,-6.394764676568521,37.977936086543636,22.24634053111992,36.5069029854003
2023-05-09,-7.8082946007506315,-22.51375169813352,-29.27770182048457,-72.40830457323062,-14.70545709738289,-21.469407219733938,-64.60000997248,-6.763950122351048,-49.894552875097105,-43.13060275274606,-7.941506975031839,35.189095777714215,21.66119553301212,36.36665263039501
2023-05-10,-8.803321132959274,-20.351314116971288,-28.832426384550303,-72.42027380196427,-11.547992984012014,-20.029105251591027,-63.616952669004995,-8.481112267579014,-52.06895968499298,-43.58784741741397,-3.0668807164329976,40.52096670098097,23.55874216582294,35.106735149834954
2023-05-11,-8.827144826694555,-21.323006254481314,-28.255580895573694,-71.44134343545865,-12.495861427786759,-19.428436068879137,-62.61419860876409,-6.93257464109238,-50.118337180977335,-43.185762539884955,-5.563286786694377,37.62247575319058,23.75732647100582,36.253187898792575
2023-05-12,-8.053012117678282,-21.352895820084683,-29.685262779344868,-73.63448928206195,-13.299883702406401,-21.632250661666586,-65.58147716438367,-8.332366959260185,-52.281593461977266,-43.94922650271708,-4.96751674314622,38.98170975957086,22.316975841050493,35.6168595434569
2023-05-15,-9.84342925957744,-20.72816276354117,-29.233782970754074,-73.25022285721391,-10.88473350396373,-19.390353711176633,-63.40679359763647,-8.505620207212903,-52.52206009367274,-44.016439886459835,-2.379113296750827,41.63732658970901,24.626086175283206,35.510819679246936
2023-05-16,-10.904710157542263,-21.896814167486454,-29.424284812337966,-72.88163271596942,-10.99210400994419,-18.519574654795704,-61.976922558427155,-7.527470644851512,-50.98481854848296,-43.45734790363145,-3.4646333650926806,39.99271453853877,24.937773248835747,35.92987725877994
2023-05-17,-10.71923580059897,-22.572815307668836,-29.488621094721346,-72.4602503687155,-11.853579507069867,-18.769385294122376,-61.74101456811654,-6.915805787052509,-49.88743506104667,-42.97162927399416,-4.937773720017354,38.03385555397681,24.20224397987178,36.05582348694165
2023-05-18,-9.569281272639518,-22.68796752290765,-30.27389173977726,-72.69398151807711,-13.11868625026813,-20.70461046713774,-63.124700245437595,-7.585924216869611,-50.00601399516946,-42.420089778299854,-5.532762033398523,36.88732774490133,21.715479311162113,34.83416556143024
2023-05-19,-11.702036538226146,-24.424874779103376,-29.395340509016243,-71.51438570456187,-12.72283824087723,-17.693303970790097,-59.81234916633573,-4.970465729912867,-47.0895109254585,-42.11904519554563,-7.7523725109643635,34.36667268458127,24.425741224755534,37.148579465632764
2023-05-22,-10.771722929184602,-22.585342400804322,-28.242211342186163,-70.56889736402843,-11.81361947161972,-17.47048841300156,-59.797174434843825,-5.656868941381841,-47.98355496322411,-42.326686021842264,-6.1567505302378756,36.16993549160439,24.856197608840702,36.669817080460426
2023-05-23,-13.800361555234275,-22.9453430596378,-28.090015062215514,-70.78863084121853,-9.144981504403525,-14.289653506981239,-56.98826928598426,-5.144672002577714,-47.843287781580734,-42.69861577900302,-4.000309501825811,38.69830627717721,28.408962272021782,37.55394377642531
2023-05-24,-14.970132869478991,-23.989364723537587,-28.966340987185024,-71.50481766227603,-9.019231854058596,-13.996208117706033,-56.53468479279704,-4.976976263647437,-47.515452938738434,-42.538476675091005,-4.0422555904111555,38.496221084679846,28.542268557384972,37.56150041144356
2023-05-25,-17.797514876844378,-25.55328706277038,-27.921196305966944,-71.2554304048421,-7.755772185926002,-10.123681429122566,-53.45791552799773,-2.3679092431965643,-45.70214334207172,-43.33423409887516,-5.387862942729441,37.946371156145716,33.21055266975259,40.96632485567859
2023-05-26,-13.79658264024144,-21.431159405985454,-23.996894311030694,-68.63206740290697,-7.634576765744015,-10.200311670789254,-54.83548476266553,-2.5657349050452396,-47.200907996921515,-44.635173091876275,-5.068841860698775,39.5663312311775,34.43486142108702,42.069438186831036
2023-05-30,-15.608449842049765,-24.299899739546092,-26.12272676269436,-70.20469064143899,-8.691449897496327,-10.514276920644594,-54.59624079938922,-1.8228270231482675,-45.904790901892895,-44.08196387874463,-6.868622874348059,37.21334100439657,33.56768695810003,42.25913685559636
2023-05-31,-11.058007016194171,-21.473979485996697,-26.53962290995353,-68.95364556759888,-10.415972469802526,-15.481615893759358,-57.895638551404716,-5.065643423956832,-47.47966608160219,-42.414022657645354,-5.350329045845694,37.063693611799664,26.932406763885993,37.34837923368852
2023-06-01,-11.604256182372108,-22.33778538217077,-26.612271191706547,-69.42361882043366,-10.733529199798664,-15.00801500933444,-57.81936263806155,-4.274485809535776,-47.08583343826289,-42.81134762872711,-6.4590433902628845,36.35230423846423,27.803332619392677,38.53686181919134
2023-06-02,-11.086178921344292,-21.06727190846098,-24.224398530816195,-66.96119509158449,-9.98109298711669,-13.138219609471903,-55.875016170240194,-3.1571266223552144,-45.893923183123505,-42.73679656076829,-6.823966364761475,35.912830196006816,29.598576951296387,39.579669938413076
2023-06-05,-12.114140745639368,-22.232384430569454,-25.394009877256174,-68.9392045628082,-10.118243684930086,-13.279869131616806,-56.82506381716883,-3.1616254466867204,-46.70682013223875,-43.545194685552026,-6.956618238243365,36.58857644730866,30.26532555393522,40.383569238865306
2023-06-06,-12.25207335748495,-22.78651503311653,-26.3079027836012,-69.59475382948592,-10.53444167563158,-14.05582942611625,-57.34268047200098,-3.5213877504846707,-46.808238796369395,-43.286851045884724,-7.013053925146913,36.27379712073781,29.23102161976847,39.76546329540005
2023-06-07,-12.310093270417966,-24.121417189102388,-27.851360118801693,-70.00029499168679,-11.811323918684423,-15.541266848383728,-57.69020172126882,-3.7299429296993054,-45.8788778025844,-42.14893487288509,-8.081380988985117,34.067553883899976,26.607668024501365,38.41899194318579
2023-06-08,-12.287563261041168,-23.736223755674057,-28.53659579412069,-70.22493811098025,-11.44866049463289,-16.24903253307952,-57.937374849939076,-4.800372038446632,-46.488714355306186,-41.68834231685956,-6.648288456186261,35.0400538606733,25.439309783780033,36.88797027841292
2023-06-09,-10.617905617260526,-22.499338403770253,-27.343787770812746,-68.85900300612326,-11.881432786509727,-16.72588215355222,-58.241097388862734,-4.844449367042493,-46.35966460235301,-41.515215235310514,-7.036983419467234,34.47823181584328,24.789333081758294,36.67076586826802
2023-06-12,-8.981725838339916,-20.822087959905254,-25.773115838649296,-66.21925687299127,-11.840362121565338,-16.79139000030938,-57.237531034651354,-4.951027878744043,-45.39716891308601,-40.44614103434197,-6.889334242821299,33.55680679152067,23.654751034032586,35.49511315559793
2023-06-13,-9.85171641088547,-21.838261618061104,-28.876805190387643,-70.11792430861163,-11.986545207175634,-19.025088779502173,-60.26620789772616,-7.038543572326539,-48.27966269055053,-41.24111911822399,-4.948001634849092,36.2931174833749,22.216030338721822,34.20257554589745
2023-06-14,-15.370860043040668,-28.601313303853225,-31.438553593799767,-70.30305208462866,-13.230453260812556,-16.0676935507591,-54.932192041587996,-2.8372402899465428,-41.701738780775436,-38.86449849082889,-10.393212970866017,28.471285519962876,22.79680494006979,36.02725820088235
2023-06-15,-8.342015711924855,-20.871968671430928,-26.14814059702062,-66.5883571597579,-12.529952959506073,-17.806124885095766,-58.246341447833046,-5.2761719255896935,-45.71638848832698,-40.440216562737284,-7.2537810339163755,33.18643552882091,22.63409167764152,35.16404463714759
2023-06-16,-9.875060616315778,-21.57357331382461,-27.200902300647066,-68.08929741130339,-11.698512697508832,-17.325841684331287,-58.21423679498761,-5.627328986822455,-46.51572409747878,-40.888395110656326,-6.071183710686377,34.81721139996995,23.56255342632504,35.26106612383387
2023-06-20,-9.830842128087092,-22.536974108201193,-28.47042277628549,-67.65217045713547,-12.706131980114101,-18.639580648198397,-57.82132832904838,-5.933448668084296,-45.115196348934276,-39.18174768084998,-6.772683312029805,32.409064368820175,20.542167032651584,33.248299012765685
2023-06-21,-9.988319043911176,-22.16907710612417,-27.31823567133023,-66.51971268673753,-12.180758062212995,-17.329916627419053,-56.53139364282636,-5.149158565206058,-44.350635580613364,-39.201477015407306,-7.031599497006937,32.16987751840037,21.871560387988254,34.05231845020125
2023-06-22,-9.960740627913811,-21.517258439970366,-27.63227205280714,-66.85458428250838,-11.556517812056555,-17.671531424893328,-56.893843654594576,-6.115013612836773,-45.33732584253802,-39.222312229701245,-5.441504199219779,33.78080803048147,21.550780804807914,33.10729861686447
2023-06-23,-11.122583719463819,-23.26979832773368,-27.400802484889788,-66.6693342733224,-12.147214608269863,-16.27821876542597,-55.54675055385859,-4.131004157156106,-43.399535945588724,-39.26853178843262,-8.016210451113757,31.25232133731886,22.99031302300665,35.13752763127651
2023-06-26,-10.920751575855547,-22.531671948897536,-27.322548469491757,-67.04559421738958,-11.610920373041989,-16.40179689363621,-56.12484264153403,-4.790876520594221,-44.51392226849204,-39.72304574789782,-6.820043852447768,32.90300189545005,23.32124885426161,34.9321692273036
2023-06-27,-13.0201184035033,-22.0783195922432,-27.042114408424567,-66.38311161587814,-9.0582011887399,-14.021996004921267,-53.36299321237483,-4.963794816181366,-44.30479202363493,-39.34099720745357,-4.0944063725585345,35.24659083489503,25.319001202532306,34.377202391272206
2023-06-28,-14.367545871562815,-22.470426224628916,-27.111553583862413,-67.28925882034531,-8.102880353066102,-12.744007712299599,-52.9217129487825,-4.641127359233497,-44.818832595716394,-40.17770523648289,-3.4617529938326044,36.71595224265029,27.4336975241833,35.5365778772494
2023-06-29,-15.460606840149005,-22.347538355660124,-27.46551823430794,-68.10712451189076,-6.886931515511119,-12.004911394158935,-52.646517671741755,-5.117979878647816,-45.75958615623064,-40.641606277582824,-1.768951636863303,38.87265464071952,28.636694883423885,35.52362639893501
2023-06-30,-7.5906107154771085,-22.044805581175765,-25.91855763055584,-66.95594391656527,-14.454194865698657,-18.32794691507873,-59.36533320108816,-3.873752049380073,-44.91113833538951,-41.037386286009436,-10.58044281631858,30.456943469690856,22.70943937093071,37.16363423662936
2023-07-03,-9.27832143557561,-22.621179323890672,-26.340078148540158,-66.14799379220217,-13.342857888315063,-17.06175671296455,-56.869672356626566,-3.718898824649486,-43.5268144683115,-39.807915643662014,-9.62395906366558,30.183956579996433,22.74615893069746,36.08901681901253
2023-07-05,-7.75202951882461,-21.717494461719777,-26.330740791300844,-67.07841231888926,-13.965464942895167,-18.578711272476234,-59.32638280006465,-4.613246329581067,-45.36091785716948,-40.74767152758842,-9.352218613314104,31.395452914274316,22.168960255112182,36.13442519800735
2023-07-06,-7.23256697450223,-22.655716860993103,-26.217618189467817,-67.96445465715948,-15.423149886490872,-18.985051214965587,-60.731887682657245,-3.5619013284747147,-45.308737796166376,-41.746836467691665,-11.861248558016154,29.885587909675507,22.76178525272607,38.18493513921695
2023-07-07,-7.6676294058060535,-22.82902152729598,-26.30174851127225,-68.61113403992417,-15.161392121489925,-18.634119105466198,-60.94350463411811,-3.4727269839762727,-45.78211251262819,-42.309385528651916,-11.688665137513652,30.620720391138263,23.675266423185718,38.83665854467564
2023-07-10,-6.632610187183818,-22.274295826901103,-26.05065653718235,-67.52494171674455,-15.641685639717284,-19.41804634999853,-60.892331529560735,-3.7763607102812458,-45.25064588984345,-41.4742851795622,-11.865324929436042,29.60896025012616,22.056238829563668,37.697924469280956
2023-07-11,-7.436200976960272,-23.012759690180573,-26.965647834896078,-68.63010570864682,-15.576558713220301,-19.529446857935806,-61.19390473168655,-3.952888144715505,-45.61734601846625,-41.66445787375075,-11.623670568504796,30.04078730524595,22.13501101581494,37.71156972903524
2023-07-12,-7.211020921934264,-22.64004926246792,-27.036080198994572,-68.72389891368194,-15.429028340533655,-19.82505927706031,-61.51287799174767,-4.396030936526653,-46.08384965121402,-41.68781871468737,-11.032997404007002,30.65482131068036,21.862759437627055,37.29178777816071
2023-07-13,-8.372193100004566,-22.765174600357874,-27.699905867845096,-67.83385761799079,-14.392981500353308,-19.32771276784053,-59.46166451798622,-4.934731267487223,-45.068683017632914,-40.13395175014569,-9.458250232866085,30.675701517279606,20.80623898230516,35.19922048265847
2023-07-14,-10.625180400050205,-23.093130399324746,-28.31301699500255,-68.09036780311537,-12.467949999274541,-17.687836594952344,-57.465187403065165,-5.219886595677803,-44.99723740379062,-39.77735080811282,-7.248063403596738,32.52928740451608,22.089514213160477,34.55746421243502
2023-07-17,-12.77691189191339,-24.423604622992823,-28.80099987794629,-69.43029161759613,-11.646692731079433,-16.0240879860329,-56.65337972568274,-4.377395254953466,-45.0066869946033,-40.62929173964984,-7.269297476125963,33.35999426352387,24.605203753616934,36.251896484696374
2023-07-18,-11.123684860474725,-23.627129914907297,-29.075319722355797,-69.40187729635001,-12.503445054432571,-17.95163486188107,-58.27819243587528,-5.4481898074485,-45.77474738144271,-40.32655757399421,-7.055255246984071,33.27130232701014,22.37492271211314,34.87836776654571
2023-07-19,-10.88169172394311,-23.80041933389436,-28.322387857933684,-67.94780689905058,-12.918727609951251,-17.440696133990574,-57.06611517510747,-4.521968524039323,-44.147387565156215,-39.62541904111689,-8.396759085911931,31.22865995520496,22.184722907126314,35.10345051707757
2023-07-20,-10.132513191398296,-20.940527239451747,-26.34013534201678,-67.2516415075834,-10.808014048053451,-16.207622150618484,-57.119128316185105,-5.399608102565033,-46.311114268131654,-40.91150616556662,-5.408405945488418,35.5031002200782,24.703884014948137,35.51189806300159
2023-07-21,-10.797822665461787,-22.292772770062854,-26.765720863785745,-66.97371214143092,-11.494950104601067,-15.967898198323958,-56.175889475969136,-4.472948093722891,-44.68093937136807,-40.20799127764518,-7.022002010878175,33.185989266767,24.24009307932122,35.735043183922286
2023-07-24,-12.120282996333032,-22.0781625802815,-26.26002051943024,-66.02427745684984,-9.957879583948468,-14.139737523097207,-53.90399446051681,-4.181857939148738,-43.946114876568345,-39.7642569374196,-5.77602164479973,33.988235292619876,25.6245194143224,35.58239899827087
2023-07-25,-13.150248417178112,-20.748111926310344,-25.02763405594375,-65.36838796303321,-7.597863509132232,-11.877385638765638,-52.2181395458551,-4.279522129633406,-44.62027603672287,-40.340753907089464,-3.3183413794988255,37.02241252759064,28.463368268323826,36.06123177745606
2023-07-26,-14.003306805456095,-23.361139868677007,-26.690010087579587,-66.09576779186281,-9.357833063220912,-12.686703282123492,-52.09246098640672,-3.32887021890258,-42.734627923185805,-39.405757704283225,-6.028962844318336,33.37679485996489,26.71905442215973,36.076887485380645
2023-07-27,-13.508130124056716,-21.98248383784085,-26.5790753035549,-66.55342401765382,-8.474353713784133,-13.070945179498185,-53.045293893597105,-4.596591465714052,-44.57094017981298,-39.97434871409892,-3.8777622480700806,36.09658646602884,26.90340353460074,35.37775724838487
2023-07-28,-12.21623538496388,-21.500724595722964,-25.44874308780245,-65.7282619162686,-9.284489210759084,-13.232507702838568,-53.51202653130471,-3.948018492079484,-44.22753732054563,-40.279518828466145,-5.3364707186796,34.943048109786545,27.047011125627577,36.33150033638666
2023-07-31,-8.5370103915138,-21.41274754139575,-27.624286663341515,-66.90698586523465,-12.87573714988195,-19.087276271827715,-58.36997547372084,-6.211539121945766,-45.4942383238389,-39.28269920189313,-6.664198027936187,32.61850117395694,20.19542293006542,33.07116007994736
2023-08-01,-8.962202825646237,-20.59112730325161,-27.082291485728717,-66.01574741607719,-11.628924477605374,-18.12008866008248,-57.05354459043095,-6.491164182477107,-45.42462011282558,-38.93345593034847,-5.137760295128267,33.795695635220206,20.813367270265992,32.442291747871366
2023-08-02,-10.411297003366027,-22.64106613995569,-28.878142324350932,-67.3161908636692,-12.229769136589663,-18.466845320984905,-56.904893860303176,-6.237076184395242,-44.675124723713516,-38.438048539318274,-5.992692952194417,32.445355587123856,19.971203218333372,32.20097235492303
2023-08-03,-11.11551781711615,-22.185280274283325,-29.15899995152853,-67.46575578899497,-11.069762457167176,-18.04348213441238,-56.35023797187882,-6.973719677245203,-45.28047551471164,-38.30675583746644,-4.096042779921973,34.21071305754447,20.26327370305406,31.33303616022124
2023-08-04,-8.450261555279504,-19.69630103825324,-27.221289699777795,-66.80650366436183,-11.246039482973735,-18.771028144498292,-58.356242109082324,-7.5249886615245565,-47.11020262610859,-39.58521396458403,-3.721050821449179,35.86416314313485,20.81418582008574,32.060225303059475
2023-08-07,-10.150085729170133,-23.264308810649847,-30.77636132188326,-70.33053114673132,-13.114223081479714,-20.626275592713128,-60.18044541756119,-7.5120525112334136,-47.066222336081466,-39.55416982484806,-5.602170570246297,33.95199925460176,18.927894232134932,32.04211731361464
2023-08-08,-8.967739960491272,-21.40300374284405,-29.151600138824783,-69.4053462895556,-12.435263782352777,-20.18386017833351,-60.43760632906432,-7.748596395980734,-48.002342546711546,-40.25374615073081,-4.686667386372044,35.56707876435877,20.0698859723973,32.50514975475008
2023-08-09,-10.79944232931993,-21.467346530178986,-28.979024716325917,-69.38509626759304,-10.667904200859056,-18.179582387005986,-58.58565393827311,-7.511678186146931,-47.917749737414056,-40.406071551267125,-3.156226014712125,37.249845536555,22.22648916426114,32.894393365120195
2023-08-10,-12.388091806520762,-23.263072215278946,-30.536801550533177,-70.08559443208688,-10.874980408758184,-18.148709744012415,-57.697502625566116,-7.273729335254231,-46.82252221680793,-39.5487928815537,-3.6012510735039527,35.94754180804975,21.400083137541287,32.27506354629947
2023-08-11,-11.76483626832976,-22.775858541501837,-29.173803624097783,-69.37543806759292,-11.011022273172077,-17.408967355768024,-57.610601799263165,-6.397945082595946,-46.59957952609109,-40.20163444349514,-4.613077190576131,35.58855725291901,22.792667087727118,33.8036893608992
2023-08-14,-12.62147904874169,-23.535580284838087,-29.51654517300839,-69.2515335432434,-10.914101236096396,-16.895066124266698,-56.63005449450171,-5.980964888170302,-45.71595325840531,-39.73498837023501,-4.933136347926094,34.801852022308914,22.83992224596831,33.75402348206471
2023-08-15,-9.808271148743497,-20.407504418429312,-27.306677075298637,-69.00878691235981,-10.599233269685815,-17.49840592655514,-59.20051576361631,-6.899172656869325,-48.6012824939305,-41.70210983706117,-3.7000606128164897,38.002049224244686,24.203703910506036,34.80293718019185
2023-08-16,-12.300762246673802,-23.796715967586213,-29.928060116491075,-71.60710838318876,-11.49595372091241,-17.627297869817273,-59.30634613651496,-6.131344148904862,-47.81039241560255,-41.679048266697684,-5.364609572007545,36.31443869469014,24.051750396880408,35.54770411779282
2023-08-17,-10.296683651226957,-19.9452919124548,-25.737666475447973,-67.77293678785563,-9.648608261227842,-15.440982824221017,-57.47625313662867,-5.792374562993174,-47.82764487540083,-42.035270312407654,-3.856233698234668,38.179036614172986,26.594287488186637,36.24289574941448
2023-08-18,-11.534951139614602,-21.12316700680772,-27.375689017347415,-67.97128719625066,-9.588215867193117,-15.840737877732813,-56.43633605663605,-6.252522010539696,-46.84812018944294,-40.595598178903245,-3.335693856653421,37.259904322249824,24.754860301170424,34.343076168363545
2023-08-21,-11.60676707664452,-21.076186367775307,-26.076430283961916,-67.06549794242846,-9.469419291130787,-14.469663207317396,-55.45873086578395,-5.000243916186609,-45.98931157465316,-40.98906765846655,-4.469175374944179,36.51989228352237,26.519404451149157,35.98882374227994
2023-08-22,-12.94391338953087,-22.289339554904863,-27.317819660480414,-67.81381819195431,-9.345426165373993,-14.373906270949544,-54.86990480242344,-5.02848010557555,-45.52447863704945,-40.4959985314739,-4.316946059798443,36.179052471675455,26.122092260524354,35.46751842589835
2023-08-23,-14.620345960640346,-22.183023878006214,-26.40880407677755,-66.2087163853553,-7.562677917365868,-11.788458116137203,-51.58837042471495,-4.225780198771336,-44.02569250734909,-39.79991230857775,-3.336897718594532,36.46301458998322,28.011454192440553,35.57413210980641
2023-08-24,-11.959863221113487,-20.619558443137986,-26.252124948044386,-66.64293100191898,-8.6596952220245,-14.2922617269309,-54.683067780805494,-5.6325665049064,-46.02337255878099,-40.3908060538746,-3.0271287171180994,37.363677336756496,26.098544326943696,34.75823954896819
2023-08-25,-13.21718372969558,-23.22258588236048,-27.33489799659443,-66.48786400984564,-10.0054021526649,-14.117714266898851,-53.27068028015006,-4.112312114233951,-43.26527812748516,-39.1529660132512,-5.893090038430945,33.25987597482026,25.03525174635236,35.04065389901726
2023-08-28,-11.884033593098664,-21.714686227505897,-25.820516945433212,-65.5682892448191,-9.830652634407233,-13.936483352334548,-53.684255651720434,-4.105830717927315,-43.853603017313205,-39.747772299385886,-5.724821916479918,34.02295038290597,25.811288947051338,35.64194158145857
2023-08-29,-11.189097301002171,-22.564458563298118,-26.507813681088876,-66.21538226843131,-11.375361262295947,-15.318716380086705,-55.02628496742914,-3.943355117790759,-43.650923705133195,-39.707568587342436,-7.432006144505188,32.27556244283725,24.38885220725573,35.76421346955168
2023-08-30,-14.851997551610907,-24.686577745092464,-27.95574756621164,-67.41076971713235,-9.834580193481557,-13.103750014600735,-52.55877216552145,-3.2691698211191778,-42.72419197203989,-39.45502215092071,-6.565410372362379,32.88961177855833,26.351272136319977,36.185852329801534
2023-08-31,-9.258695280143847,-21.699311370462393,-28.278115427486572,-66.57339725364326,-12.440616090318546,-19.019420147342725,-57.31470197349942,-6.578804057024179,-44.87408588318087,-38.295281826156696,-5.861812033294367,32.433469792862326,19.275861678813968,31.71647776913251
2023-09-01,-10.779299509145535,-22.828503310378956,-29.953260229818213,-68.7707754392481,-12.049203801233421,-19.173960720672678,-57.99147593010257,-7.124756919439257,-45.94227212886914,-38.817515209429885,-4.924446881794168,33.89306832763572,19.643554488757204,31.69275828999063
2023-09-05,-8.8995660897484,-22.563970837147274,-29.699902630728346,-68.17027303502483,-13.664404747398873,-20.800336540979945,-59.27070694527643,-7.135931793581072,-45.60630219787756,-38.47037040429649,-6.528472953817797,31.94189745047869,17.670033863316547,31.334438610715416
2023-09-06,-10.12682495399897,-22.89707744751004,-30.245979969662564,-68.87605864665085,-12.77025249351107,-20.119155015663594,-58.74923369265188,-7.348902522152525,-45.978981199140804,-38.63007867698828,-5.421349971358545,33.20872870562974,18.51092366132469,31.281176154835762
2023-09-07,-10.970950979903993,-22.570325299922356,-29.54349396360003,-68.29552483427128,-11.599374320018363,-18.57254298369604,-57.32457385436729,-6.973168663677676,-45.72519953434892,-38.75203087067125,-4.626205656340684,34.12582521433056,20.17948788697521,31.778862206993566
2023-09-08,-10.87396849748119,-22.350895397949344,-29.93387048461429,-67.50993676572787,-11.476926900468154,-19.0599019871331,-56.635968268246685,-7.582975086664945,-45.15904136777853,-37.57606628111358,-3.8939518138032128,33.68211446731037,18.51616429398048,29.99309119444864
2023-09-11,-10.180362772632456,-21.235852360355256,-29.126302337675902,-66.87551515173654,-11.0554895877228,-18.945939565043446,-56.69515237910408,-7.890449977320646,-45.639662791381284,-37.749212814060634,-3.165039610402154,34.58417320365848,18.803273249017188,29.858762836739984
2023-09-12,-10.375016792357439,-22.140512416226255,-30.322812559729506,-68.13969409328679,-11.765495623868816,-19.947795767372067,-57.76467730092935,-8.182300143503252,-45.999181677060534,-37.816881533557286,-3.5831954803655677,34.23368605319172,17.869085766185222,29.634581390054038
2023-09-13,-9.800515731711812,-21.812152145687325,-29.407353123647617,-67.95989924192068,-12.011636413975513,-19.606837391935805,-58.15938351020887,-7.5952009779602925,-46.14774709623336,-38.552546118273064,-4.41643543601522,34.13611068225784,18.94570872633726,30.957345140312768
2023-09-14,-11.307583657456988,-21.78434616959617,-29.687607001719574,-68.39405748357362,-10.476762512139182,-18.380023344262586,-57.08647382611663,-7.903260832123404,-46.60971131397745,-38.70645048185405,-2.5735016800157773,36.13294880183827,20.32642713759146,30.80318964973064
2023-09-15,-10.595616585797174,-22.701695740415673,-30.17299790544854,-69.17500928792792,-12.106079154618499,-19.577381319651366,-58.57939270213075,-7.471302165032867,-46.47331354751225,-39.00201138247938,-4.634776989585632,34.36723439289375,19.424630062828015,31.530709217446514
2023-09-18,-11.184299422173538,-22.34327948520498,-30.09216363524816,-67.76224214500655,-11.158980063031443,-18.90786421307462,-56.577942722833015,-7.748884150043178,-45.41896265980157,-37.6700785097584,-3.4100959129882646,34.25998259677013,18.762214296683773,29.921194359715216
2023-09-19,-9.443516451626799,-21.586453651396997,-29.28876153671318,-67.74017883900636,-12.142937199770198,-19.845245085086383,-58.29666238737956,-7.702307885316184,-46.15372518760937,-38.45141730229318,-4.440629314454014,34.010787987839166,18.606172217206797,30.749109416976992
2023-09-20,-11.813984602842265,-23.533311796336598,-29.09782102072409,-66.84038428675319,-11.719327193494333,-17.283836417881826,-55.026399683910924,-5.564509224387493,-43.307072490416594,-37.7425632660291,-6.154817969106837,31.587745296922265,20.45872684814728,32.17805404164161
2023-09-21,-8.920512095100541,-22.364265742546774,-29.805864672504967,-69.20236317213613,-13.443753647446233,-20.885352577404426,-60.28185107703559,-7.441598929958193,-46.838097429589354,-39.396498499631164,-6.00215471748804,33.394343782143125,18.51114592222674,31.954899569672975
2023-09-22,-9.989461497519514,-22.258278440863588,-29.112163249343848,-68.48357931125331,-12.268816943344074,-19.122701751824334,-58.494117813733794,-6.8538848084802595,-46.22530087038972,-39.37141606190946,-5.414932134863815,33.956483927045646,20.248714310085127,32.5175312534292
2023-09-25,-10.075276549982881,-22.855015033522985,-29.7700283546801,-68.84055544005241,-12.779738483540104,-19.69475180469722,-58.76527889006953,-6.915013321157115,-45.985540406529424,-39.07052708537231,-5.864725162382989,33.20580192298932,19.375775280675093,32.1555137642152
2023-09-26,-12.407086212860108,-23.45707310213152,-29.73640790956882,-69.48066590587527,-11.049986889271413,-17.32932169670871,-57.07357969301516,-6.279334807437298,-46.02359280374375,-39.74425799630645,-4.770652081834115,34.97360591447234,22.41493629959774,33.46492318886915
2023-09-27,-12.44328919139095,-21.874727384350567,-28.80855393158619,-69.51899982641257,-9.431438192959618,-16.36526474019524,-57.07571063502162,-6.933826547235622,-47.644272442062004,-40.71044589482638,-2.497611645723996,38.212834249102386,24.345181154631135,33.77661934759075
2023-09-28,-12.792339620501014,-21.649738200877167,-28.666456056759415,-67.18573496416633,-8.857398580376152,-15.8741164362584,-54.39339534366532,-7.0167178558822485,-45.53599676328916,-38.519278907406914,-1.8406807244939039,36.67859818291301,22.64516247114851,31.502561051524665
2023-09-29,-13.09478934048851,-23.167203264299996,-31.738613777070146,-71.81504636675457,-10.072413923811485,-18.643824436581635,-58.72025702626606,-8.57141051277015,-48.64784310245457,-40.07643258968443,-1.501003411041335,38.57542917864309,21.43260815310279,31.505022076914273
2023-10-02,-8.330072452008874,-23.964350460354655,-31.12280235209468,-70.05219904038542,-15.634278008345781,-22.792729900085806,-61.72212658837654,-7.158451891740025,-46.087848580030766,-38.92939668829074,-8.47582611660576,30.453570571684978,16.136666788204934,31.770944796550708
2023-10-03,-9.482941534004574,-24.05317162255436,-31.30004991102,-70.40040801585815,-14.570230088549785,-21.817108377015426,-60.91746648185357,-7.246878288465641,-46.34723639330379,-39.10035810483815,-7.3233518000841435,31.777006304754003,17.28324972782272,31.853479816372506
2023-10-04,-8.603069907310967,-23.54525574393378,-29.94525351218611,-68.19211469318738,-14.942185836622812,-21.342183604875142,-59.58904478587641,-6.39999776825233,-44.6468589492536,-38.246861181001265,-8.542188068370482,29.704673112630786,16.904677576126126,31.846863412748938
2023-10-05,-10.620325364399807,-23.970990862958352,-30.835703551771676,-69.08302124930019,-13.350665498558545,-20.21537818737187,-58.462695884900384,-6.864712688813324,-45.112030386341836,-38.247317697528516,-6.485952809745225,31.761364887783287,18.031939510156647,31.38260500871519
2023-10-06,-10.431255099975711,-24.090937790784217,-30.703460674868843,-68.40440659330565,-13.659682690808506,-20.272205574893132,-57.97315149332994,-6.612522884084626,-44.313468802521434,-37.70094591843681,-7.047159806723876,30.653786111712932,17.42874034354368,31.088423034352182
2023-10-10,-8.906142564193864,-23.537195524022803,-31.16182624913524,-69.67286235362194,-14.631052959828938,-22.255683684941374,-60.76671978942807,-7.624630725112436,-46.13566682959913,-38.5110361044867,-7.006422234716503,31.504613869770196,16.255352419545325,30.886405379374267
2023-10-11,-10.240549635218166,-22.33728439837508,-29.292437724007314,-67.51760629039411,-12.096734763156913,-19.05188808878915,-57.27705665517595,-6.955153325632235,-45.18032189201904,-38.2251685663868,-5.141581437524678,33.08358712886212,19.17328047759765,31.27001524075456
2023-10-12,-10.91820205708478,-23.062741912338414,-30.309081633028967,-68.76008171527968,-12.144539855253633,-19.390879575944187,-57.8418796581949,-7.246339720690553,-45.69733980294127,-38.451000082250715,-4.8982001345630835,33.55279994768763,19.060120506306532,31.20466036156016
2023-10-13,-10.990830738409407,-24.110136255588532,-30.97136748043736,-69.79964845290247,-13.119305517179125,-19.980536742027954,-58.80881771449307,-6.861231224848829,-45.689512197313945,-38.82828097246511,-6.258074292330296,32.57020668013482,18.847744230437158,31.967049747616286
2023-10-16,-12.701818707758328,-25.00238809706099,-31.760325971217185,-70.30430239586521,-12.300569389302662,-19.058507263458857,-57.60248368810688,-6.757937874156195,-45.30191429880422,-38.54397642464802,-5.542631515146468,33.001344909501555,19.485469161189165,31.786038550491824
2023-10-17,-11.934229387561501,-23.959478903989506,-30.31196585353877,-67.82238694251691,-12.025249516428005,-18.377736465977268,-55.88815755495541,-6.352486949549263,-43.86290803852741,-37.51042108897815,-5.672762566878742,31.837658522099403,19.132684623000877,31.157934139428882
2023-10-18,-10.703399733146579,-24.83445086660465,-32.64198615120711,-69.93412808484472,-14.131051133458072,-21.938586418060527,-59.23072835169813,-7.807535284602455,-45.09967721824006,-37.29214193363761,-6.323515848855621,30.968626084781988,15.353555515577085,29.484606649035157
2023-10-19,-10.151882188986416,-24.72655973314115,-32.58374524841674,-70.28025729052159,-14.574677544154735,-22.431863059430324,-60.12837510153517,-7.857185515275589,-45.55369755738044,-37.69651204210485,-6.717492028879143,30.979020013225707,15.26464898267453,29.83932652682926
2023-10-20,-12.108466003265317,-26.446437354588692,-34.24253830482557,-71.85505092391233,-14.337971351323375,-22.134072301560256,-59.74658492064701,-7.79610095023688,-45.408613569323634,-37.61251261908676,-6.5418704010864985,31.07064221800026,15.478440317526506,29.81641166884988
2023-10-23,-13.734047617430978,-27.81664491211293,-35.48236622434784,-72.32415037772518,-14.082597294681953,-21.748318606916865,-58.5901027602942,-7.665721312234911,-44.50750546561224,-36.84178415337733,-6.4168759824470385,30.424908170930294,15.093465546460465,29.176062841142425
2023-10-24,-13.206473513593586,-26.476134369093707,-33.30754443514383,-69.09249193429874,-13.26966085550012,-20.101070921550246,-55.88601842070515,-6.831410066050125,-42.61635756520503,-35.7849474991549,-6.438250789449995,29.346696709704908,15.683876577604657,28.953537433104778
2023-10-25,-14.199613879111794,-26.79212943712237,-34.07214712719355,-70.2455311127605,-12.592515558010575,-19.87253324808176,-56.04591723364871,-7.280017690071183,-43.45340167563813,-36.17338398556695,-5.312497867939392,30.860886117627558,16.30085073748519,28.893366295495767
2023-10-26,-15.464854467711042,-29.022856682788145,-35.60486211851028,-71.45925667399382,-13.558002215077103,-20.14000765079924,-55.99440220628278,-6.582005435722138,-42.436399991205676,-35.85439455548354,-6.975996779354965,28.878397776128573,15.714386904684297,29.2723891197614
2023-10-27,-15.001753541189,-28.090749897793543,-34.278404714930666,-70.61955224167144,-13.088996356604543,-19.276651173741666,-55.61779870048244,-6.187654817137123,-42.5288023438779,-36.34114752674078,-6.901341539467417,29.43980598727336,17.064496352999114,30.153492709603654
2023-10-30,-14.999401665449508,-29.853261445349855,-36.37904839200079,-72.0115824395176,-14.853859779900347,-21.379646726551282,-57.012180774068085,-6.5257869466509355,-42.15832099416774,-35.632534047516806,-8.328072833249415,27.30446121426739,14.252887320965527,29.106747100865874
2023-10-31,-11.392547141947418,-28.82699361164338,-36.766472281168475,-72.12025945032288,-17.434446469695963,-25.373925139221058,-60.72771230837546,-7.939478669525094,-43.293265838679496,-35.3537871691544,-9.494967800170869,25.858819368983532,9.979862029933344,27.414308499629307
2023-11-01,-10.121043702781662,-24.898133244724896,-32.990905898306536,-68.39737669948391,-14.777089541943234,-22.869862195524874,-58.27633299670225,-8.09277265358164,-43.49924345475902,-35.40647080117738,-6.684316888361593,28.722153912815784,12.536608605652503,27.313698147595737
2023-11-02,-14.183243371377952,-28.458561571689955,-35.11979379829731,-69.0195988291265,-14.275318200312004,-20.936550426919357,-54.83635545774854,-6.661232226607353,-40.56103725743654,-33.899805030829185,-7.614085973704647,26.28571905712454,12.963254603909832,27.238572804221832
2023-11-03,-13.528357121034063,-27.26482479835015,-36.27611468029181,-71.07603402021026,-13.736467677316089,-22.74775755925775,-57.547676899176196,-9.01128988194166,-43.81120922186011,-34.799919339918446,-4.725177795374428,30.07474154454402,12.052161780660697,25.788629457976782
2023-11-06,-13.874148677439546,-27.888362460291116,-36.785022173580195,-71.4431070208243,-14.01421378285157,-22.91087349614065,-57.56895834338475,-8.896659713289079,-43.55474456053318,-34.658084847244105,-5.117554069562495,29.54053077768161,11.74721135110346,25.76142513395503
2023-11-07,-15.963979151035268,-28.483137810433767,-37.74499512483294,-71.29290361750868,-12.5191586593985,-21.781015973797672,-55.32892446647342,-9.261857314399172,-42.80976580707492,-33.547908492675745,-3.257301344999327,30.29060714767642,11.766892518878073,24.286051178276573
2023-11-08,-15.532505860877244,-27.62367022178589,-35.91090865686173,-68.1201109644384,-12.091164360908646,-20.378402795984485,-52.58760510356115,-8.287238435075839,-40.49644074265251,-32.20920230757667,-3.8039259258328073,28.40527638174386,11.830799511592183,23.921963872500825
2023-11-09,-18.463952227528058,-30.482411635004603,-38.17292530960907,-70.5242921785966,-12.018459407476545,-19.708973082081013,-52.06033995106854,-7.6905136746044676,-40.041880543591994,-32.351366868987526,-4.327945732872081,28.023421136115445,12.64239378690651,24.66085319438306
2023-11-10,-16.719881793630975,-28.575429977993938,-36.274524596790684,-69.72705990269539,-11.855548184362963,-19.55464280315971,-53.00717810906441,-7.699094618796746,-41.15162992470145,-33.4525353059047,-4.156453565566217,29.296081740338487,13.897892502744995,25.753440687107954
2023-11-13,-16.8154984493758,-29.5075031838131,-37.67697389007569,-70.5283377522762,-12.692004734437301,-20.861475440699895,-53.712839302900406,-8.169470706262594,-41.0208345684631,-32.85136386220051,-4.522534028174711,28.328829834025797,11.98988842150061,24.681893155937914
2023-11-14,-16.27181545156553,-28.272971953867554,-35.82565123512769,-68.93005080698002,-12.001156502302024,-19.553835783562157,-52.65823535541449,-7.552679281260133,-40.657078853112466,-33.10439957185233,-4.448477221041891,28.655922350810442,13.550563788290177,25.5517202905922
2023-11-15,-17.05631923914117,-27.882926086294813,-33.908581549701026,-66.1195965434417,-10.826606847153641,-16.852262310559855,-49.06327730430053,-6.025655463406213,-38.236670457146886,-32.211014993740676,-4.800951383747432,27.410063609993244,15.358752683180825,26.185359530334466
2023-11-16,-18.07838094296592,-29.534376788350247,-35.71766397216871,-68.12352687077725,-11.455995845384326,-17.639283029202787,-50.04514592781133,-6.183287183818461,-38.58915008242701,-32.40586289860855,-5.272708661565865,27.13315423704268,14.76657986940576,26.222575714790082
2023-11-17,-17.931563811820173,-27.97503061250879,-34.38125139949415,-66.35640698923466,-10.043466800688616,-16.449687587673974,-48.42484317741449,-6.406220786985358,-38.38137637672587,-31.97515558974051,-3.637246013703262,28.337909576037248,15.525468002066532,25.56893480275515
2023-11-20,-19.58848867403651,-29.18543420119697,-34.96483407711244,-67.1615287236572,-9.596945527160461,-15.376345403075934,-47.57304004962069,-5.779399875915473,-37.97609452246023,-32.196694646544756,-3.817545651244984,28.379148995299772,16.820349243468826,26.417294770629283
2023-11-21,-19.038295732125654,-28.48326759434059,-34.43039938441777,-66.13690136175646,-9.444971862214935,-15.392103652292114,-47.0986056296308,-5.947131790077179,-37.65363376741587,-31.70650197733869,-3.4978400721377554,28.208661905200934,16.314398325046575,25.75937018726151
2023-11-22,-19.829846447721344,-29.0208511771481,-35.15008897971175,-66.99016563609024,-9.191004729426755,-15.320242531990402,-47.160319188368895,-6.129237802563647,-37.96931445894214,-31.840076656378493,-3.0617669268631076,28.778309729515385,16.51983412438809,25.71083885381485
2023-11-24,-19.154214817542403,-28.17008149390583,-33.71032885326963,-65.34311978879077,-9.015866676363427,-14.556114035727227,-46.18890497124837,-5.5402473593638,-37.17303829488495,-31.632790935521143,-3.4756193169996266,28.157171618521517,17.076676899793917,26.09254357615734
2023-11-27,-18.90961890463787,-29.398392493268055,-36.01524873653537,-67.42106504267124,-10.488773588630185,-17.1056298318975,-48.51144613803338,-6.616856243267314,-38.02267254940319,-31.405816306135875,-3.871917345362874,27.533898960773,14.300186474238373,24.78896006286856
2023-11-28,-20.089329213092455,-30.90281169511,-37.35159432681377,-69.21121213101978,-10.813482482017545,-17.262265113721313,-49.12188291792732,-6.448782631703768,-38.308400435909775,-31.85961780420601,-4.364699850313777,27.494917953892234,14.597352690484698,25.410835172502246
2023-11-29,-20.380989402625715,-31.196939797496626,-37.506623632607415,-68.9462684200314,-10.81595039487091,-17.1256342299817,-48.565279017405686,-6.309683835110789,-37.749328622534776,-31.439644787423987,-4.506266559760121,26.933378227663866,14.314010557442288,25.129960952313198
2023-11-30,-19.396842668430203,-30.240189013556407,-39.237011667560395,-71.86015645821273,-10.843346345126204,-19.840168999130192,-52.463313789782525,-8.996822654003989,-41.619967444656325,-32.62314479065233,-1.846523691122215,30.776621099530118,12.78297579152214,23.62632213664834
2023-12-01,-18.016646498706823,-27.44333010514395,-36.422853917670174,-66.32660569695261,-9.426683606437127,-18.40620741896335,-48.30995919824579,-8.979523812526224,-38.88327559180866,-29.903751779282437,-0.447159793910906,29.45659198537153,11.497544360319083,20.924227966756213
2023-12-04,-19.207634995954503,-29.930158860274947,-37.76992265792671,-66.26856345654515,-10.722523864320443,-18.56228766197221,-47.060928460590645,-7.8397637976517665,-36.33840459627021,-28.49864079861844,-2.8827600666686806,25.61588073194976,9.936353136646233,20.65887700096667
2023-12-05,-19.48989798240346,-31.25096926880504,-39.50785146421847,-66.64727149378105,-11.761071286401581,-20.01795348181501,-47.157373511377585,-8.256882195413429,-35.39630222497601,-27.13942002956258,-3.504189090988156,23.635230938574423,7.121466547747573,18.882537834149147
2023-12-06,-19.767039160238387,-30.330502728417663,-38.32684368120587,-66.3590355651329,-10.563463568179277,-18.559804520967486,-46.591996404894516,-7.996340952788209,-36.028532836715236,-28.032191883927027,-2.567122615391071,25.465069268535956,9.472387362959537,20.035850931138818
2023-12-07,-21.12666496442621,-30.857253197163637,-39.88839231313017,-67.30825796605231,-9.730588232737425,-18.761727348703957,-46.1815930016261,-9.031139115966532,-36.45100476888867,-27.41986565292214,-0.6994491167708929,26.720416536151248,8.658138304218184,18.38872653695561
2023-12-08,-19.520673680525746,-28.696444694660308,-37.514005351230885,-65.34765985409146,-9.175771014134561,-17.99333167070514,-45.826986173565714,-8.817560656570578,-36.65121515943115,-27.833654502860576,-0.35821035756398345,27.475444145296592,9.840322832155437,19.016093846289998
2023-12-11,-19.74934917835034,-29.606066031846233,-38.439813428245316,-67.80569507942845,-9.856716853495893,-18.690464249894976,-48.0563459010781,-8.833747396399083,-38.199629047582214,-29.36588165118313,-1.0229694570968064,28.342912194086324,10.675417401288158,20.532134254784047
2023-12-12,-21.34550025578239,-29.699010819455474,-38.23385642953681,-68.72765850930884,-8.353510563673083,-16.888356173754417,-47.38215825352645,-8.534845610081334,-39.028647689853365,-30.49380207977203,0.18133504640825038,30.67513712618028,13.605445906017614,21.958956469690698
2023-12-13,-17.351384302131212,-26.81081544442798,-38.36476817324854,-70.3374693414386,-9.459431142296769,-21.01338387111733,-52.9860850393074,-11.553952728820562,-43.526653897010625,-31.972701168190063,2.09452158652379,34.06722275471385,10.95931729707273,20.4187484393695
2023-12-14,-17.97266528777337,-27.276798027383542,-37.830904575090955,-67.22069351281212,-9.304132739610171,-19.858239287317584,-49.24802822503875,-10.554106547707413,-39.94389548542858,-29.389788937721164,1.2499738080972378,30.639762745818402,9.531549650403576,18.83568239001375
2023-12-15,-19.381720992587415,-26.472287541585082,-37.44803549255078,-67.34774386414114,-7.090566548997668,-18.066314499963365,-47.96602287155372,-10.975747950965697,-40.875456322556055,-29.899708371590357,3.8851814019680333,33.78488977355839,11.833393871626996,18.92396042062466
2023-12-18,-19.611097936459743,-27.1452844081399,-38.3323767099073,-69.06432962734712,-7.534186471680158,-18.72127877344756,-49.45323169088738,-11.1870923017674,-41.91904521920722,-30.73195291743982,3.652905830087242,34.38485874752706,12.010674143992262,19.54486061567242
2023-12-19,-19.711309704715596,-29.549070988244175,-40.34065181549935,-71.93729883756173,-9.837761283528579,-20.629342110783753,-52.22598913284613,-10.791580827255174,-42.38822784931755,-31.596647022062378,0.9538195437265955,32.55046656578897,10.967304911278625,20.805066194807203
2023-12-20,-19.947712132004103,-28.28341208103229,-38.01139019530759,-69.90315656308006,-8.335699949028186,-18.063678063303488,-49.95544443107596,-9.727978114275302,-41.61974448204777,-31.89176636777247,1.392278165247113,33.28404453301958,13.828088304468977,22.163788253497167
2023-12-21,-22.13927596808354,-30.895420270469074,-39.958139834409636,-72.04722111329325,-8.756144302385536,-17.818863866326097,-49.90794514520971,-9.062719563940561,-41.15180084282417,-32.08908127888361,0.30657526155502524,32.39565654043864,14.270217412557514,23.02636171494305
2023-12-22,-21.464441551873126,-30.146048736909272,-39.43610078794815,-71.53773993647023,-8.681607185036146,-17.971659236075023,-50.07329838459711,-9.290052051038877,-41.39169119956096,-32.10163914852208,0.6084448660027277,32.71008401452481,14.129979912447055,22.811587097483205
2023-12-26,-22.001295218005268,-32.24485152346208,-40.334583316078906,-72.10608469546086,-10.243556305456814,-18.333288098073638,-50.1047894774556,-8.089731792616824,-39.861233171998784,-31.77150137938196,-2.1538245128399893,29.61767686654197,13.438213281308322,23.681769586765135
2023-12-27,-22.166409797028752,-30.41923942152782,-39.602025048957756,-72.31774675013023,-8.252829624499068,-17.435615251929004,-50.15133695310148,-9.182785627429936,-41.898507328602406,-32.71572170117247,0.9299560029308651,33.645677704103335,15.280106449243462,23.532936073742533
2023-12-28,-23.143525272755472,-31.818857497182407,-39.059570166332676,-71.01472013324606,-8.675332224426935,-15.916044893577205,-47.87119486049059,-7.24071266915027,-39.19586263606365,-31.955149966913382,-1.4346195552766687,30.520530411636713,16.039105073336174,24.714437297763112
2023-12-29,-22.56780374824139,-33.94091163931856,-42.862909390109834,-74.1373198494518,-11.373107891077169,-20.295105641868446,-51.56951610121041,-8.921997750791277,-40.19640821013324,-31.274410459341965,-2.4511101402858912,28.823300319056074,10.979304817473519,22.352412708550688
2024-01-02,-19.44313769744399,-33.45266124064503,-43.12881940736677,-74.72643411444606,-14.009523543201038,-23.68568170992278,-55.28329641700208,-9.676158166721741,-41.273772873801036,-31.597614707079295,-4.3333653764793,27.264249330599995,7.911932997156512,21.921456540357553
2024-01-03,-18.845548878585028,-32.363097684296704,-41.69586074949616,-72.95255824466507,-13.517548805711677,-22.850311870911135,-54.10700936608004,-9.332763065199458,-40.589460560368366,-31.256697495168908,-4.184785740512218,27.07191175465669,8.406385624257766,21.92393442996945
2024-01-04,-17.155557618111672,-30.594474894702238,-39.90988824932175,-72.2460844978659,-13.438917276590566,-22.75433063121008,-55.09052687975422,-9.315413354619515,-41.65160960316366,-32.33619624854414,-4.12350392197105,28.21269232657309,9.58186561733406,23.020782893924626
2024-01-05,-18.407564072228233,-31.56742147699734,-41.41122368117407,-73.51089813168778,-13.159857404769106,-23.00365960894584,-55.10333405945955,-9.843802204176733,-41.94347665469044,-32.09967445051371,-3.3160552005923734,28.783619249921337,9.096014841567865,22.255872246336978
2024-01-08,-17.853581302627042,-29.000386835532765,-38.80079846914066,-71.56060928475326,-11.146805532905724,-20.947217166513617,-53.70702798212621,-9.800411633607894,-42.56022244922049,-32.759810815612596,-1.34639389929783,31.413416916314766,11.812593649098979,22.959399182004702
2024-01-09,-15.703229117593676,-27.938231249817534,-38.20338868379376,-71.48007081052934,-12.235002132223858,-22.500159566200086,-55.77684169293566,-10.265157433976228,-43.54183956071181,-33.27668212673558,-1.969844698247627,31.306837428487952,10.776522560535497,23.01152469275935
2024-01-10,-18.487275311713525,-29.52306939598217,-39.73288214481245,-72.31856280821845,-11.035794084268645,-21.245606833098925,-53.83128749650492,-10.20981274883028,-42.795493412236276,-32.585680663405995,-0.8259813354383638,31.75969932796763,11.34007383030707,22.375867914575714
2024-01-11,-18.18189929792604,-29.995291789995136,-39.975149229379305,-72.56302530403951,-11.813392492069095,-21.793249931453264,-54.381126006113476,-9.979857439384169,-42.56773351404438,-32.58787607466021,-1.8335350526849297,30.75434102197528,10.79462614320694,22.60801863527604
2024-01-12,-18.172286677393856,-29.625709453602145,-40.898743385630794,-74.09385248668423,-11.453422776208289,-22.726456708236938,-55.92156580929037,-11.27303393202865,-44.468143033082086,-33.19510910105343,-0.18038884417963885,33.014720256873794,10.468652392816495,21.92207516902478
2024-01-16,-17.54025675195887,-29.177174604891043,-40.593214869130236,-73.57442595152683,-11.636917852932172,-23.052958117171364,-56.03416919956796,-11.416040264239193,-44.39725134663579,-32.9812110823966,-0.22087758869297858,32.76033349370362,9.928252965225234,21.565170818157405
2024-01-17,-16.299353726386112,-27.41420284009921,-38.84467493543413,-72.62432811768358,-11.114849113713099,-22.545321209048016,-56.32497439129746,-11.430472095334917,-45.21012527758437,-33.77965318224945,0.31562298162181435,34.09527616387126,11.234331973201435,22.349181086914527
2024-01-18,-16.810945179229897,-26.881755624413593,-38.311276726582655,-72.48764740587008,-10.070810445183696,-21.500331547352758,-55.67670222664018,-11.429521102169062,-45.605891781456485,-34.17637067928742,1.358710656985366,35.53508133627279,12.676039131934665,22.74684957711836
2024-01-19,-15.986075691365453,-27.08091829478807,-37.82536395385954,-72.45118433878864,-11.094842603422617,-21.839288262494083,-56.46510864742318,-10.744445659071467,-45.370266044000566,-34.6258203849291,-0.35039694435114654,34.27542344057795,12.78653212243502,23.881374725857633
2024-01-22,-17.36852313318842,-27.307997721383703,-37.706028121814626,-71.80946278844318,-9.939474588195285,-20.337504988626208,-54.440939655254766,-10.398030400430923,-44.501465067059485,-34.10343466662856,0.45855581223563746,34.561990478864196,13.765929678002351,23.705404266197633
2024-01-23,-16.982144343985173,-27.193958958631725,-37.05768696605585,-72.13974431006136,-10.211814614646553,-20.075542622070675,-55.15759996607619,-9.863728007424122,-44.945785351429635,-35.08205734400551,-0.34808660722243445,34.73397073678308,15.006514721934835,25.21832933658139
2024-01-24,-18.41397467632051,-27.196136244987112,-36.96154077964393,-71.92390986457093,-8.782161568666602,-18.547566103323422,-53.509935188250424,-9.76540453465682,-44.727773619583814,-34.962369084927,0.9832429659902218,35.94561205091722,16.41480298160357,25.19696455027018
2024-01-25,-18.843188227024754,-27.497596750012,-36.68907457308115,-72.1057183647981,-8.654408522987246,-17.845886346056396,-53.26253013777334,-9.19147782306915,-44.60812161478609,-35.41664379171694,0.5370693000819031,35.953713091798846,17.570757445660547,26.225165968647794
2024-01-26,-16.827388565200607,-26.361865891475134,-36.17114120690141,-71.4441451805004,-9.534477326274526,-19.343752641700803,-54.61675661529979,-9.809275315426277,-45.082279289025266,-35.27300397359899,0.27479798915175024,35.54780196275074,15.929251331898186,25.463728658172712
2024-01-29,-16.3247740570311,-25.287154779113497,-35.317490387112294,-69.79763508784744,-8.962380722082397,-18.992716330081194,-53.47286103081634,-10.030335607998797,-44.510480308733946,-34.480144700735146,1.0679548859164,35.548099586651546,15.487428370653952,24.449809092736345
2024-01-30,-16.86101164412852,-27.244407507517376,-36.87622796199861,-72.45104237676898,-10.383395863388856,-20.015216317870088,-55.59003073264046,-9.631820454481232,-45.2066348692516,-35.57481441477037,-0.7515754089076268,34.823239005862746,15.559598096900288,25.942993960289144
2024-01-31,-18.949576413250124,-29.186063890178417,-38.886377921779534,-73.54948240895132,-10.236487476928293,-19.93680150852941,-54.59990599570119,-9.700314031601117,-44.3634185187729,-34.663104487171786,-0.5361734453271723,34.126931041844614,14.72630297864238,24.96279045557067
2024-02-01,-15.587460183923785,-25.703407644470524,-36.82975330048559,-72.5026355445967,-10.115947460546739,-21.242293116561807,-56.91517536067292,-11.126345656015069,-46.799227900126176,-35.67288224411111,1.0103981954683263,36.683280439579434,14.430589127549297,24.54653658809604
2024-02-02,-13.124606853532672,-25.8445562313927,-36.031648227806826,-71.41299146454743,-12.71994937786003,-22.907041374274154,-58.28838461101476,-10.187091996414125,-45.56843523315473,-35.381343236740605,-2.5328573814459077,32.8484858552947,12.474301862466447,25.19425124032648
2024-02-05,-13.47464210555831,-26.800538548615105,-37.77228426570907,-73.35927381331868,-13.325896443056795,-24.297642160150758,-59.88463170776037,-10.971745717093963,-46.55873526470357,-35.58698954760961,-2.354150725962832,33.23283882164678,11.289347387458854,24.615243830515652
2024-02-06,-13.434773919167409,-26.288958312984345,-37.21353919815162,-73.14075448294571,-12.854184393816936,-23.778765278984213,-59.7059805637783,-10.924580885167277,-46.85179616996136,-35.92721528479409,-1.929603508649663,33.997611776144424,12.148450005809877,25.002634399626814
2024-02-07,-13.810477976737179,-26.23319491587104,-37.78292541592361,-74.26268898026787,-12.42271693913386,-23.97244743918643,-60.45221100353069,-11.549730500052569,-48.02949406439683,-36.47976356434426,-0.8729864390812949,35.606777125262965,12.507316125157828,24.930033064291692
2024-02-08,-15.684134490601132,-26.545618069419863,-37.37723019390078,-72.27448005874506,-10.861483578818731,-21.693095703299647,-56.590345568143924,-10.831612124480916,-45.728861989325196,-34.89724986484428,-0.02987145433781535,34.86737841050646,13.20415416154463,24.065637740363357
2024-02-09,-13.698678490865657,-25.61361872075638,-37.58032163796017,-73.66355552979118,-11.914940229890725,-23.88164314709451,-59.96487703892552,-11.966702917203786,-48.049936809034804,-36.083233891831014,0.05176268731305811,36.13499657914407,12.201590744736507,24.116530974627224
2024-02-12,-13.62414108645904,-26.582613770205743,-38.49824871245073,-74.07821170851112,-12.958472683746702,-24.87410762599169,-60.45407062205208,-11.915634942244989,-47.49559793830538,-35.57996299606039,-1.0428377415017138,34.537125254558674,10.705855370068697,23.664328053815396
2024-02-13,-12.220742464975931,-25.810810572090315,-37.653664822864606,-73.67802917404948,-13.590068107114384,-25.432922357888675,-61.45728670907356,-11.842854250774291,-47.867218601959166,-36.02436435118488,-1.747213856340089,34.27715049484479,10.5914419932962,24.18151010041059
2024-02-14,-10.760344036347202,-25.99318447568311,-37.809348200877004,-74.28163465381488,-15.232840439335906,-27.0490041645298,-63.52129061746767,-11.816163725193896,-48.28845017813177,-36.47228645293787,-3.4166767141420067,33.055609738795866,9.423282288408075,24.656122727743977
2024-02-15,-12.648142388024564,-25.628267033199357,-36.50556098274449,-74.11542321238996,-12.980124645174794,-23.857418594719928,-61.46728082436539,-10.877293949545134,-48.4871561791906,-37.609862229645465,-2.102830695629656,35.50703153401581,13.752443634925541,26.73256828010033
2024-02-16,-14.27053323677887,-25.967637104451136,-36.57408772321076,-74.26878278890001,-11.697103867672265,-22.30355448643189,-59.99824955212114,-10.606450618759624,-48.301145684448876,-37.69469506568925,-1.0906532489126377,36.604041816776615,15.391140579257367,27.08824444692963
2024-02-20,-12.514974238240928,-25.22717033538866,-36.1924057739325,-73.36371205799156,-12.712196097147732,-23.67743153569157,-60.84873781975064,-10.96523543854384,-48.1365417226029,-37.171306284059064,-1.7469606586038893,35.424345625455175,13.493874748367489,26.206070845515228
2024-02-21,-13.837987456272138,-25.711126521824923,-37.18588195253325,-73.8921630753124,-11.873139065552785,-23.347894496261112,-60.05417561904026,-11.474755430708328,-48.18103655348747,-36.706281122779146,-0.39838363484445694,36.30789748793469,13.358386626518033,25.231525692070818
2024-02-22,-13.899333132943159,-26.596476775100797,-37.765166354938,-75.2486414971123,-12.697143642157638,-23.865833221994844,-61.34930836416915,-11.168689579837206,-48.652164722011506,-37.4834751421743,-1.528454062320435,35.955021079853864,13.617641920179452,26.314785562337093
2024-02-23,-14.11927661160064,-26.633952142416728,-37.1606239115649,-73.216558225664,-12.514675530816088,-23.041347299964258,-59.09728161406336,-10.52667176914817,-46.58260608324727,-36.055934314099105,-1.988003761667919,34.067930552431186,13.014587014134847,25.52926254495094
2024-02-26,-13.289929851325866,-26.650649698538054,-37.35447845516568,-72.90520236088906,-13.360719847212188,-24.064548603839818,-59.6152725095632,-10.70382875662763,-46.25455266235101,-35.55072390572338,-2.6568910905845584,32.89383281513882,11.486175301883563,24.84689514909575
2024-02-27,-12.865911795829366,-28.01381636222402,-38.737777272417695,-75.02223708139786,-15.147904566394654,-25.87186547658833,-62.1563252855685,-10.723960910193675,-47.00842071917384,-36.284459808980166,-4.423943656200983,31.860516152779184,10.412594332391834,25.56049889878649
2024-02-28,-13.810804384524733,-26.496870320608412,-37.79727258839816,-74.45969410183793,-12.68606593608368,-23.986468203873425,-60.648889717313196,-11.300402267789746,-47.96282378122952,-36.66242151343977,-1.3856636682939296,35.27675784514584,12.675953309566339,25.362019245650018
2024-02-29,-10.186054099759279,-25.14814088049846,-38.02996884435772,-75.20692960834054,-14.962086780739181,-27.84391474459844,-65.02087550858127,-12.881827963859259,-50.058788727842085,-37.17696076398283,-2.080258816879926,35.0967019471029,9.333046019384383,24.295132800123568
2024-03-01,-9.197294769437114,-24.694362338282705,-38.70002285192906,-75.73292866890978,-15.49706756884559,-29.50272808249195,-66.53563389947266,-14.005660513646358,-51.03856633062708,-37.032905816980715,-1.4914070551992324,35.54149876178148,7.530177734488774,23.027245303334354
2024-03-04,-9.443113982234674,-24.370975828125907,-38.4868791649354,-76.00437653184784,-14.927861845891233,-29.043765182700728,-66.56126254961316,-14.115903336809495,-51.63340070372193,-37.51749736691244,-0.8119585090817338,36.7055388578307,8.473732184211713,23.40159403010294
2024-03-05,-8.62551316220772,-24.021747291294602,-37.6216461618597,-75.56406786100797,-15.396234129086881,-28.99613299965198,-66.93855469880025,-13.599898870565099,-51.54232056971337,-37.94242169914827,-1.796335258521779,36.14608644062649,8.946288699496293,24.34252282858317
2024-03-06,-9.654328608400853,-24.723976430031858,-38.42419838937725,-76.09849508570817,-15.069647821631005,-28.7698697809764,-66.4441664773073,-13.700221959345395,-51.37451865567631,-37.67429669633091,-1.3694258622856097,36.3048708340453,8.904426915354506,23.974074736985514
2024-03-07,-9.591401053707038,-23.278476285325667,-37.58329621760743,-76.00088566120479,-13.687075231618628,-27.991895163900395,-66.40948460749775,-14.304819932281767,-52.722409375879124,-38.41758944359736,0.6177447006631382,39.035334144260496,10.425694279696955,24.11276951131559
2024-03-08,-10.651980635019243,-23.589430628895425,-37.47291582812666,-75.15891426076963,-12.937449993876182,-26.820935193107417,-64.50693362575039,-13.883485199231234,-51.569483631874206,-37.685998432642975,0.9460352053550523,38.63203363799803,10.865063239535559,23.802513233411744
2024-03-11,-10.737051861491764,-23.368336826495906,-36.936640344355176,-74.14156890570655,-12.631284965004141,-26.199588482863412,-63.404517044214785,-13.56830351785927,-50.77323207921064,-37.20492856135137,0.9370185528551289,38.1419471142065,11.005340078487961,23.636625043492103
2024-03-12,-11.387142320170174,-23.986141969269603,-37.77131344751914,-75.79941440611466,-12.59899964909943,-26.384171127348967,-64.4122720859445,-13.785171478249538,-51.81327243684506,-38.02810095859552,1.1861718291501049,39.21427278774563,11.643929831246552,24.242929480345985
2024-03-13,-11.921447268788299,-25.070773138398607,-38.41751866370524,-76.08209365969927,-13.149325869610308,-26.49607139491694,-64.16064639091097,-13.34674552530663,-51.01132052130066,-37.66457499599403,0.19741965569632214,37.86199465169035,11.168503601077092,24.3178294706874
2024-03-14,-11.431184991985077,-24.58242614729489,-37.927476448962324,-76.99381303260573,-13.151241155309812,-26.496291456977247,-65.56262804062065,-13.345050301667435,-52.41138688531084,-39.066336583643405,0.1938091463576228,39.26014573000103,12.570045126666159,25.72128628197597
2024-03-15,-11.514004033956837,-25.0938030972077,-38.99880460930536,-77.01621684690534,-13.579799063250864,-27.484800575348523,-65.5022128129485,-13.905001512097659,-51.92241374969764,-38.01741223759998,0.3252024488467953,38.34261468644677,10.532611662251455,24.112410725502315
2024-03-18,-11.333674623750412,-24.859896538856407,-38.056323638594726,-76.18888771732016,-13.526221915105996,-26.722649014844315,-64.85521309356974,-13.196427099738319,-51.32899117846375,-38.13256407872543,-0.3297948153676771,37.80276926335775,11.409915063881115,24.936136978987108
2024-03-19,-10.34899909772724,-24.843613680412613,-37.94138960469304,-76.44488761090327,-14.494614582685372,-27.592390506965803,-66.09588851317602,-13.09777592428043,-51.60127393049065,-38.50349800621022,-1.3968386584049455,37.10665934780528,10.911107499244423,25.405722081929795
2024-03-20,-10.00784025597854,-23.8164117557484,-36.74746567474734,-74.49116293412135,-13.808571499769862,-26.7396254187688,-64.48332267814281,-12.931053918998938,-50.674751178372944,-37.74369725937401,-0.8775175807709203,36.86617967860309,11.004071840605206,24.812643340375075
2024-03-21,-12.03000381970023,-24.075723270216276,-37.22748505666775,-75.44197182188812,-12.045719450516046,-25.197481236967523,-63.41196800218789,-13.151761786451477,-51.366248551671845,-38.214486765220364,1.1060423359354346,39.3205291011558,13.017005528252838,25.062724978768884
2024-03-22,-11.993320538463959,-23.4695514308481,-36.59842041293939,-74.59267495565003,-11.476230892384141,-24.60509987447543,-62.59935441718606,-13.12886898209129,-51.123123524801926,-37.994254542710635,1.6526380897071533,39.64689263241779,13.389154668235207,24.865385560619345
2024-03-25,-10.636398861667118,-23.25884372552096,-35.70807292918445,-73.70029794893523,-12.622444863853843,-25.071674067517336,-63.06389908726811,-12.449229203663492,-50.44145422341427,-37.99222501975078,-0.17321566019035117,37.819009359560425,12.920550952233441,25.542995816087284
2024-03-26,-10.536062404737834,-22.975908757123875,-36.23531219324674,-74.1026709447103,-12.439846352386041,-25.699249788508908,-63.566608539972464,-13.259403436122867,-51.12676218758642,-37.867358751463556,0.8195570837368251,38.68691583520038,12.168108962954648,24.60795531534069
2024-03-27,-11.938706589784864,-22.49521023509007,-36.2203761148927,-73.63063292319238,-10.556503645305206,-24.281669525107837,-61.691926333407515,-13.725165879802631,-51.13542268810231,-37.41025680829968,3.1686622344974253,40.578919042797104,13.128587283191841,23.685090928497047
2024-03-28,-12.61266729225552,-24.51356391818109,-37.84900253218293,-75.06940052387776,-11.900896625925572,-25.23633523992741,-62.45673323162224,-13.335438614001838,-50.55583660569667,-37.22039799169483,1.434541988076269,38.6549399797711,11.984062751767425,23.884959377692994
2024-04-01,-9.287361758688029,-24.075449228715673,-36.887087664753395,-74.88672919653041,-14.788087470027644,-27.599725906065366,-65.59936743784237,-12.811638436037722,-50.81127996781474,-37.999641531777016,-1.9764490339899226,36.02319249778709,10.399915625711657,25.18800309573929
2024-04-02,-9.460249190332615,-24.29175013403979,-37.28497181320294,-75.99831913461506,-14.831500943707177,-27.824722622870322,-66.53806994428244,-12.993221679163145,-51.70656900057527,-38.71334732141212,-1.8382792645440347,36.87506805686809,10.888624698541804,25.720125642248973
2024-04-03,-9.662886400249349,-24.60185929296932,-37.770558180752765,-76.42653077172588,-14.93897289271997,-28.107671780503416,-66.76364437147653,-13.168698887783446,-51.82467147875656,-38.655972590973114,-1.7702740049365246,36.88569858603659,10.548300810469698,25.487273703189672
2024-04-04,-10.339454683427451,-25.365394232836547,-37.480832102316874,-75.53581650212568,-15.025939549409095,-27.141377418889423,-65.19636181869824,-12.115437869480328,-50.17042226928913,-38.05498439980881,-2.910501679928764,35.144482719880045,10.913606980919383,25.939546530328485
2024-04-05,-10.328598883124585,-25.47277204864722,-38.77800357283743,-77.38466415685909,-15.144173165522634,-28.449404689712843,-67.0560652737345,-13.305231524190209,-51.91189210821187,-38.60666058402166,-1.8389416413324255,36.767718942689235,10.157255894308818,25.30142905983145
2024-04-08,-9.835203877433774,-23.90416015954626,-37.151066367909905,-75.83116587301299,-14.068956282112488,-27.315862490476132,-65.99596199557922,-13.246906208363644,-51.92700571346673,-38.68009950510309,-0.8220500737488408,37.858049431354246,11.364237014626951,25.433193296739447
2024-04-09,-10.768509536163151,-23.70242034405914,-37.576237299371584,-75.91507933760226,-12.933910807895987,-26.807727763208433,-65.14656980143911,-13.873816955312446,-52.21265899354313,-38.33884203823068,0.9399061474164583,39.27874818564714,11.531114275022247,24.46502508291823
2024-04-10,-9.128497430131333,-23.910957730530846,-37.097790681845936,-76.61291749787154,-14.782460300399514,-27.969293251714603,-67.4844200677402,-13.18683295131509,-52.70195976734069,-39.5151268160256,-1.595627349084424,37.919499466941176,11.545833564310996,26.32829386471051
2024-04-11,-6.495765896835337,-22.90932889538677,-36.24156750808005,-75.24888604905406,-16.413562998551434,-29.745801611244715,-68.75312015221873,-13.332238612693281,-52.33955715366729,-39.00731854097401,-3.081324385858153,35.92599415511586,9.261516929729297,25.67507992828073
2024-04-12,-8.703206037307254,-24.937591047511454,-38.610245023201,-77.13393385484841,-16.2343850102042,-29.90703898589375,-68.43072781754115,-13.672653975689549,-52.196342807336954,-38.523688831647405,-2.5617310345146507,35.961957797132754,8.616649845753656,24.851034855957856
2024-04-15,-8.282669379401941,-25.519747150963656,-38.6370427973155,-77.28762720867994,-17.237077771561715,-30.35437341791356,-69.004957829278,-13.117295646351845,-51.76788005771628,-38.650584411364434,-4.119782125209866,34.53080228615457,8.29621099345087,25.533288765012585
2024-04-16,-9.61154710720944,-26.4760351547074,-39.2055403976193,-78.94085668041666,-16.86448804749796,-29.593993290409863,-69.32930957320721,-12.729505242911902,-52.464821525709255,-39.735316282797356,-4.134982804586059,35.6003334782113,10.1413229923875,27.005811039885458
2024-04-17,-9.998263519706008,-26.16541344935266,-38.64422743197444,-78.05976971660012,-16.16714992964665,-28.645963912268435,-68.0615061968941,-12.478813982621784,-51.89435626724746,-39.41554228462567,-3.688335947024868,35.727206337600805,10.76957837235723,26.936728302003885
2024-04-18,-9.526672677520232,-25.406901504308443,-37.91894206282036,-76.79597579797965,-15.880228826788212,-28.392269385300132,-67.26930312045943,-12.51204055851192,-51.38907429367121,-38.87703373515929,-3.368188268276292,35.508845466882995,10.484764349859148,26.364993176647367
2024-04-19,-10.32604156921959,-25.836179080855892,-38.03746185427927,-77.73642503394748,-15.510137511636302,-27.71142028505968,-67.41038346472789,-12.20128277342338,-51.90024595309159,-39.69896317966821,-3.308854738212922,36.39010844145529,11.987542894608538,27.497680406244832
2024-04-22,-10.357218433492488,-25.343025919541162,-37.25399391033753,-76.65786288175384,-14.985807486048675,-26.89677547684504,-66.30064444826135,-11.910967990796365,-51.31483696221268,-39.403868971416316,-3.0748394952523057,36.32902947616401,12.50709349457128,27.49290098061995
2024-04-23,-10.008002963801488,-25.91779843962785,-38.236110038325236,-78.17388492907074,-15.90979547582636,-28.22810707452375,-68.16588196526925,-12.318311598697388,-52.25608648944289,-39.9377748907455,-3.5914838771289723,36.34629101361653,11.709667816221753,27.61946329204811
2024-04-24,-8.713539213209387,-24.454461997625554,-37.0505467315529,-76.95846225712143,-15.740922784416167,-28.337007518343512,-68.24492304391204,-12.596084733927345,-52.50400025949587,-39.90791552556853,-3.144838050488822,36.763077475079704,11.570908007225015,27.311830791641185
2024-04-25,-9.184967374459951,-24.16191373323109,-36.96308055832675,-76.32226954536847,-14.976946358771137,-27.7781131838668,-67.13730217090853,-12.801166825095663,-52.16035581213738,-39.35918898704172,-2.175779533675474,37.183409453366245,11.581075803174912,26.558022161946056
2024-04-26,-9.190025981549343,-24.052010451524986,-37.00068945785251,-76.48432847530148,-14.861984469975642,-27.810663476303166,-67.29430249375214,-12.948679006327524,-52.432318023776496,-39.48363901744897,-1.913305463648122,37.57033355380085,11.672975541145803,26.53496001112145
2024-04-29,-10.182935080974165,-25.800204375990177,-38.60502470914389,-78.08872690601541,-15.617269295016012,-28.422089628169726,-67.90579182504125,-12.804820333153714,-52.28852253002523,-39.48370219687152,-2.8124489618623016,36.67125323500922,11.06161256870179,26.678881863717805
2024-04-30,-7.561720433922314,-23.88444951466262,-37.446465120004824,-76.67426891887237,-16.322729080740306,-29.88474468608251,-69.11254848495005,-13.562015605342204,-52.78981940420975,-39.22780379886755,-2.7607134753980986,36.46709032346945,9.343059112785042,25.665788193525344
2024-05-01,-8.10257472730136,-25.66592301677426,-39.452761047824936,-79.10120507354495,-17.563348289472902,-31.350186320523576,-70.99863034624359,-13.786838031050674,-53.43528205677069,-39.64844402572001,-3.7765102584222277,35.87193376729778,8.298257705196434,25.861605994669333
2024-05-02,-6.388111110881223,-23.239222904135293,-37.46903608491472,-77.11948198494451,-16.85111179325407,-31.080924974033497,-70.73137087406329,-14.229813180779427,-53.880259080809225,-39.650445900029794,-2.6212986124746465,37.02914728755515,8.5695209259963,25.420632719250364
2024-05-03,-7.9098233380905825,-22.836398079889264,-37.313240415516624,-76.80957486699596,-14.926574741798682,-29.40341707742604,-68.89975152890537,-14.47684233562736,-53.973176787106695,-39.496334451479335,-0.4497324061713215,39.04660204530801,10.0929173740533,25.019492115851975
2024-05-06,-8.61108940733244,-24.01462079279293,-38.01642342647584,-77.18545941987016,-15.40353138546049,-29.4053340191434,-68.57437001253771,-14.00180263368291,-53.17083862707723,-39.16903599339432,-1.4017287517775827,37.767307241616734,9.763701974250921,25.167233359711403
2024-05-07,-8.690067347408714,-24.678318945737665,-38.32286575787727,-77.34388955161879,-15.98825159832895,-29.632798410468553,-68.65382220421007,-13.644546812139602,-52.66557060588112,-39.02102379374152,-2.343704786189349,36.67731900755217,9.388225383272967,25.37647698160192
2024-05-08,-8.427572070197265,-24.358850958600264,-38.368368906186134,-77.74317154889809,-15.931278888403,-29.94079683598887,-69.31559947870082,-14.00951794758587,-53.384320590297826,-39.374802642711956,-1.92176094081713,37.453041701894826,9.434005806723093,25.365284695126086
2024-05-09,-8.679663859400666,-24.484822341082424,-38.54929602884081,-77.40275614635021,-15.805158481681758,-29.86963216944014,-68.72309228694955,-14.064473687758383,-52.91793380526779,-38.85346011750941,-1.7406847939233714,37.112775323586035,8.983827948069262,24.78898642975102
2024-05-10,-9.524267752273552,-23.620539941532304,-38.022641890249616,-77.05229477567053,-14.096272189258752,-28.498374137976064,-67.52802702339699,-14.402101948717313,-53.43175483413823,-39.029652885420916,0.30582975945856106,39.33548264487948,10.531278747444844,24.6275509367036
2024-05-13,-8.74424159746745,-24.176268830872516,-38.27596965182476,-77.14124513646605,-15.432027233405066,-29.53172805435731,-68.3970035389986,-14.099700820952243,-52.96497630559354,-38.865275484641295,-1.3323264124528222,37.53294907218847,9.333547430283986,24.76557466368905
2024-05-14,-8.946750677928783,-24.150762442306295,-38.156342992983205,-76.49788184077373,-15.204011764377512,-29.209592315054422,-67.55113116284494,-14.00558055067691,-52.347119398467434,-38.341538847790524,-1.1984312137006015,37.14310763408992,9.131946532736109,24.335958297113613
2024-05-15,-9.03603498276917,-23.299815275049962,-36.617420946873565,-74.75496127146269,-14.263780292280792,-27.581385964104395,-65.71892628869352,-13.317605671823603,-51.455145996412725,-38.137540324589125,-0.9461746204571853,37.19136570413194,10.556154360484726,24.819934652765525
2024-05-16,-8.962128040478134,-24.12502530459566,-36.23007312767123,-73.79606894243982,-15.162897264117525,-27.267945087193098,-64.83394090196168,-12.105047823075573,-49.67104363784416,-37.565995814768584,-3.0578494410419523,34.50814637372663,10.298050727575486,25.46094799169301
2024-05-17,-10.86085118402762,-23.30729246070744,-36.59454208503705,-74.20613016170283,-12.44644127667982,-25.733690901009428,-63.34527897767521,-13.287249624329608,-50.89883770099539,-37.61158807666578,0.8408083476497836,38.452396424315566,11.877897175656358,24.32433845233618
2024-05-20,-9.479527081177963,-24.39522994983836,-37.23489177142562,-74.87944761249446,-14.915702868660397,-27.75536469024766,-65.3999205313165,-12.839661821587264,-50.4842176626561,-37.644555841068836,-2.076041047073133,35.5685147939957,9.889191150821176,24.804894019481573
2024-05-21,-11.01264104291273,-23.678346462634003,-36.65838973603543,-73.81039204905275,-12.665705419721274,-25.6457486931227,-62.79775100614002,-12.980043273401428,-50.13204558641875,-37.15200231301732,0.31433785368015776,37.46634016669748,11.506253619894622,24.171959039615892
2024-05-22,-9.865939635801002,-23.65790042351046,-35.852036913017216,-73.22590792614095,-13.791960787709456,-25.986097277216214,-63.35996829033995,-12.194136489506757,-49.56800750263049,-37.37387101312373,-1.5978242982026956,35.77604671492104,11.387773735907516,25.179734523616972
2024-05-23,-9.597325350622121,-24.50661627889259,-36.498005435414704,-73.81413561271728,-14.909290928270469,-26.900680084792583,-64.21681026209515,-11.991389156522114,-49.307519333824686,-37.316130177302576,-2.9179017717483546,34.39822840555422,10.415450092509992,25.324741020780465
2024-05-24,-9.978138402297532,-24.552269247008773,-35.59917572492273,-72.62828656567422,-14.574130844711242,-25.6210373226252,-62.650148163376684,-11.046906477913957,-48.07601731866544,-37.029110840751486,-3.5272243667972845,33.5018864739542,11.408073518126287,25.98220436283753
2024-05-28,-11.021239446347852,-24.357442877321667,-36.79458172576054,-73.66126588664459,-13.336203430973814,-25.773342279412685,-62.64002644029674,-12.43713884843887,-49.30382300932292,-36.86668416088405,-0.8990645825349475,35.9676195783491,11.09334188147136,24.42954531244518
2024-05-29,-10.575555433881245,-24.630267842495712,-35.70615508591652,-73.8010598145466,-14.054712408614467,-25.130599652035276,-63.225504380665356,-11.075887243420809,-49.17079197205089,-38.094904728630084,-2.978825165193655,35.11607956343643,12.964305076594812,27.019017485209275
2024-05-30,-11.002693058948232,-25.72644075914363,-36.69007881013666,-75.13591849779755,-14.7237477001954,-25.68738575118843,-64.13322543884931,-10.96363805099303,-49.40947773865392,-38.445839687660886,-3.76010964920237,34.685730038458516,12.758453936472456,27.482201636667853
2024-05-31,-9.724507298843577,-23.577315496088946,-36.78212359342395,-75.46268653640817,-13.85280819724537,-27.05761629458037,-65.7381792375646,-13.204808097335,-51.88537104031923,-38.680562942984224,-0.6480000999103694,38.032562843073855,11.622946648403854,25.47575484564922
2024-06-03,-10.372016981434307,-24.484451471605695,-37.32570789903722,-74.87271164614646,-14.112434490171388,-26.953690917602913,-64.50069466471214,-12.841256427431524,-50.38826017454076,-37.54700374710924,-1.271178062739864,36.27582568436937,10.593312829506317,24.705747319677712
2024-06-04,-11.187835093658904,-24.29021948927046,-36.871919713885326,-74.93389404354929,-13.102384395611555,-25.68408462022642,-63.74605894989038,-12.581700224614867,-50.64367455427883,-38.06197432966396,-0.5206841709966881,37.54129015866727,12.37788970943754,25.48027410504909
2024-06-05,-10.288247079783908,-24.428629115224965,-38.07415627033785,-75.88133807625006,-14.140382035441057,-27.785909190553944,-65.59309099646615,-13.645527155112887,-51.452708961025095,-37.80718180591221,-0.4948548803281696,37.31232692558404,10.021272615358257,24.16165465079932
2024-06-06,-12.256597647132317,-24.596960413907,-37.80388905406653,-75.67533029357408,-12.340362766774682,-25.547291406934214,-63.41873264644176,-13.206928640159532,-51.07836987966708,-37.87144123950755,0.8665658733848502,38.7380071128924,12.324149832573333,24.664512599348015
2024-06-07,-12.704425465955449,-25.371644324662856,-38.3237818317502,-76.3305999232062,-12.667218858707407,-25.619356365794754,-63.62617445725074,-12.952137507087347,-50.95895559854334,-38.00681809145599,0.28491864837993575,38.291736739835926,12.38746172566124,25.05468058436864
2024-06-10,-12.17429588212271,-23.980125546219178,-37.931283354424664,-76.1712900844894,-11.805829664096468,-25.756987472301955,-63.99699420236669,-13.951157808205487,-52.19116453827022,-38.240006730064735,2.1453281441090155,40.38533487417375,12.483019257762777,24.28884892185925
2024-06-11,-11.550748818564305,-23.562823639148167,-37.38334518706479,-76.06548748310531,-12.012074820583862,-25.832596368500486,-64.51473866454101,-13.820521547916623,-52.50266384395715,-38.682142296040524,1.8084467273327647,40.49058902337329,12.849545927540035,24.861620748123897
2024-06-12,-14.416920408606249,-26.357111096196117,-39.75440319666759,-77.92024741826889,-11.940190687589869,-25.33748278806134,-63.50332700966264,-13.397292100471471,-51.563136322072765,-38.1658442216013,1.457101412881606,39.6229456344829,12.828361433539953,24.76855212112983
2024-06-13,-15.249055059575678,-25.679524477588345,-39.16276446198115,-76.98851338357215,-10.430469418012667,-23.91370940240547,-61.73945832399647,-13.483239984392803,-51.30898890598381,-37.82574892159101,3.05277056638014,40.87851948797115,13.91203951918554,24.342508937198204
2024-06-14,-16.433030046986286,-27.2245726461656,-40.600441453876,-77.46615877259204,-10.791542599179316,-24.167411406889716,-61.03312872560575,-13.3758688077104,-50.24158612642644,-36.86571731871604,2.584326208531081,39.45004352724712,12.698305911826324,23.489848511005633
2024-06-17,-17.659815383413857,-26.681285376841224,-39.95505839399134,-77.26547907103792,-9.021469993427367,-22.29524301057748,-59.60566368762406,-13.273773017150113,-50.58419369419669,-37.31042067704658,4.252303023722746,41.562723700769325,15.0151776664691,24.036647659896467
2024-06-18,-16.282172858490984,-26.880567355713005,-41.05290097584957,-78.9087854458145,-10.59839449722202,-24.770728117358583,-62.62661258732352,-14.172333620136563,-52.0282180901015,-37.855884469964934,3.5739391229145383,41.42982359287947,13.085156352606347,23.68355084982837
2024-06-20,-16.01016677931293,-26.431598504175113,-39.863536225704706,-77.31279958399564,-10.421431724862185,-23.853369446391778,-61.302632804682716,-13.431937721529593,-50.88120107982053,-37.449263358290935,3.010505996667405,40.45976935495834,13.595893911899154,24.017325636761342
2024-06-21,-16.517795754267617,-26.3897986082684,-39.194215274084556,-76.91944612499016,-9.872002854000783,-22.67641951981694,-60.40165037072254,-12.804416665816156,-50.52964751672176,-37.725230850905604,2.9324138118153726,40.657644662720976,15.048811331088665,24.920814185089448
2024-06-24,-18.308636381772114,-28.024202798245312,-41.14415795342832,-78.52503130393491,-9.715566416473198,-22.835521571656205,-60.21639492216279,-13.119955155183007,-50.5008285056896,-37.38087335050659,3.4043887387098124,40.7852620892164,14.545351778850389,24.260918195323583
2024-06-25,-18.150082328148276,-27.0794538018567,-39.974115754100616,-77.62674856833539,-8.929371473708425,-21.82403342595234,-59.476666240187114,-12.894661952243915,-50.547294766478686,-37.65263281423477,3.9652904785354863,41.61792329277026,15.828599388282427,24.757970861990856
2024-06-26,-17.353871534068954,-27.267897899482474,-41.001507483592505,-78.80238262154364,-9.91402636541352,-23.64763594952355,-61.448511087474685,-13.733609584110031,-51.534484722061165,-37.80087513795114,3.8195832186965077,41.620458356647646,14.153239188427591,24.06726555384111
2024-06-27,-17.22907320764806,-27.179362058544676,-41.110278548128406,-79.51751961048315,-9.950288850896616,-23.881205340480346,-62.28844640283509,-13.93091648958373,-52.33815755193847,-38.40724106235474,3.9806276386871104,42.38786870104185,14.526035721874393,24.476324572771013
2024-06-28,-19.303615049617395,-28.71317693636719,-42.88052917934388,-81.71789105348908,-9.409561886749795,-23.576914129726486,-62.41427600387169,-14.16735224297669,-53.00471411712189,-38.8373618741452,4.7577903562268915,43.59515223037209,15.260447744418713,24.67000963116851
2024-07-01,-14.571698523623766,-27.32207627756793,-42.20157115518744,-80.83275606558296,-12.750377753944164,-27.62987263156367,-66.26105754195919,-14.879494877619507,-53.510679788015025,-38.63118491039552,2.129117123675343,40.76030203407086,11.001312278831847,23.75169003277601
2024-07-02,-14.592245302769857,-27.019009399308036,-42.05781948170273,-80.57319858649907,-12.426764096538179,-27.465574178932872,-65.98095328372922,-15.038810082394694,-53.55418918719104,-38.515379104796345,2.6120459858565184,41.127425090652864,11.04980492586347,23.476569022401648
2024-07-03,-16.773484878944256,-28.99285944591865,-43.63121903211109,-81.86226734369697,-12.219374566974395,-26.857734153166835,-65.08878246475271,-14.63835958619244,-52.869407897778316,-38.23104831158588,2.4189850192180415,40.65003333080392,11.37331415841905,23.592688725393444
2024-07-05,-15.910154929042264,-27.6199801962262,-42.60514304451686,-81.22896432227114,-11.709825267183938,-26.694988115474594,-65.31880939322888,-14.985162848290656,-53.60898412604494,-38.62382127775428,3.2753375811067187,41.899158858861,11.928833162279687,23.638658429463625
2024-07-08,-16.46808833744533,-27.896855138352006,-42.517165665003056,-80.46692179220773,-11.428766800906676,-26.049077327557725,-63.9988334547624,-14.62031052665105,-52.57006665385572,-37.94975612720467,3.191543725744374,41.14129985294905,11.900678799646954,23.329445600553626
2024-07-09,-15.855771928816864,-27.29170787841584,-41.92168849799902,-79.62398611340507,-11.435935949598974,-26.065916569182157,-63.7682141845882,-14.629980619583183,-52.33227823498923,-37.702297615406046,3.1940446699842084,40.896342285390254,11.636381046223889,23.07231699582286
2024-07-10,-16.431088820187068,-28.633355896577317,-42.31124497206458,-79.80235777352496,-12.20226707639025,-25.88015615187751,-63.37126895333789,-13.677889075487261,-51.16900187694765,-37.49111280146038,1.475621999097008,38.96673480055739,11.610956649582874,23.813223725973117
2024-07-11,-18.380294989740253,-30.051732422166832,-44.188806960566886,-80.7634903963979,-11.671437432426579,-25.808511970826633,-62.38319540665765,-14.137074538400054,-50.71175797423106,-36.57468343583101,2.465637105973478,39.04032054180449,10.766171465004376,22.437608897430962
2024-07-12,-16.448788818567905,-28.678956001476585,-43.25011598835498,-79.27774504386704,-12.23016718290868,-26.801327169787072,-62.82895622529914,-14.571159986878392,-50.59878904239046,-36.027629055512065,2.340992803969712,38.36862185948178,9.226301885724993,21.456469068633673
2024-07-15,-18.09679907941595,-29.856481581075567,-44.667541775379945,-81.08359943731016,-11.759682501659618,-26.570742695963997,-62.98680035789421,-14.811060194304378,-51.227117856234585,-36.41605766193021,3.0513776926447633,39.467435354574974,9.84531496596621,21.604997467625836
2024-07-16,-17.221345495409857,-29.15997573276443,-44.064136701927616,-79.88272541635833,-11.938630237354573,-26.84279120651776,-62.66137992094847,-14.904160969163186,-50.7227496835939,-35.81858871443071,2.965530731808613,38.78411944623932,8.975797507912958,20.914427745267524
2024-07-17,-18.179496891909164,-29.5997604999946,-44.22086707270046,-80.40546745250619,-11.420263608085435,-26.041370180791294,-62.22597056059702,-14.621106572705859,-50.805706952511585,-36.18460037980573,3.2008429646204206,39.38544334442615,10.14323019901444,21.563493807099874
2024-07-18,-19.46656982081425,-29.944471116967986,-44.50473124740179,-80.37494275015304,-10.477901296153735,-25.038161426587543,-60.90837292933879,-14.560260130433807,-50.43047163318505,-35.870211502751246,4.082358834280072,39.95257033703132,10.832050076163696,21.309951372317443
2024-07-19,-18.283987682485847,-29.69443216150931,-44.01494691823391,-80.3888203184584,-11.410444479023464,-25.730959235748063,-62.104832635972556,-14.320514756724599,-50.69438815694909,-36.37387340022449,2.9100702777011307,39.28394367792562,10.642914164476423,22.05335864349989
2024-07-22,-18.556708698127,-29.064314976037984,-43.35624209046776,-80.46641651554789,-10.507606277910984,-24.79953339234076,-61.909707817420895,-14.291927114429775,-51.40210153950991,-37.11017442508013,3.7843208365187877,40.89449526159892,12.310641032739369,22.818247310650356
2024-07-23,-18.527383575331502,-29.580522186595594,-44.2917747832654,-81.65362559644703,-11.053138611264092,-25.7643912079339,-63.12624202111553,-14.711252596669809,-52.073103409851434,-37.361850813181626,3.6581139854057128,41.01996479858734,11.597459605247721,22.650598216511817
2024-07-24,-18.396121501522966,-29.44681194120058,-43.92977157644013,-81.69016855618914,-11.050690439677613,-25.533650074917166,-63.294047054666166,-14.482959635239553,-52.243356614988556,-37.760396979749004,3.4322691955619433,41.19266617531095,12.226746904831842,23.27743734450945
2024-07-25,-20.583197065713765,-31.10186864446551,-45.58869453527916,-83.08068708303904,-10.518671578751746,-25.005497469565395,-62.497490017325276,-14.486825890813648,-51.978818438573526,-37.49199254775988,3.9681543120618983,41.460146859821776,12.48649507819448,23.00516665694623
2024-07-26,-17.911931668045966,-29.154583541246247,-43.42685098581613,-82.24470695285709,-11.24265187320028,-25.514919317770165,-64.33277528481112,-14.272267444569884,-53.09012341161084,-38.817855967040956,3.029615571369604,41.84747153841056,13.30293664927079,24.54558852247107
2024-07-29,-18.030945636761775,-29.115393070806263,-42.69247733276074,-80.98787617908725,-11.084447434044488,-24.661531695998963,-62.95693054232548,-13.577084261954475,-51.87248310828099,-38.29539884632651,2.4926368279099833,40.7880356742365,13.633867150327546,24.718314584372038
2024-07-30,-19.638765323925167,-29.673584327925262,-43.49447873259544,-82.13193576851197,-10.034819004000095,-23.855713408670272,-62.493170444586795,-13.820894404670177,-52.4583514405867,-38.637457035916526,3.786075400670086,42.42353243658661,14.781743627246257,24.81656263124635
2024-07-31,-11.422079631530035,-24.65550691245104,-40.000078040195184,-78.85342973126903,-13.233427280921006,-28.57799840866515,-67.43135009973899,-15.344571127744143,-54.197922818817986,-38.85335169107385,2.1111438468231327,40.96449553789698,10.275353282408702,23.508780563329708
2024-08-01,-16.894507116571855,-27.628572145988038,-42.945840883745845,-80.59211097237467,-10.734065029416183,-26.05133376717399,-63.69760385580281,-15.317268737757807,-52.96353882638663,-37.646270088628825,4.583203708341628,42.22947379697045,11.594936321454838,22.329001350871017
2024-08-02,-19.873860193680983,-29.013544797658184,-43.603198787437414,-81.72332562930231,-9.139684603977202,-23.72933859375643,-61.849465435621326,-14.58965398977923,-52.709780831644125,-38.120126841864895,5.449969385802028,43.57009622766692,14.390788248108464,23.530472852085666
2024-08-05,-19.805592761865178,-27.497017987922014,-42.59056415910596,-80.85891789055073,-7.691425226056836,-22.78497139724078,-61.05332512868555,-15.093546171183945,-53.361899902628714,-38.26835373144477,7.402120945127109,45.67047467657188,15.483382334203995,23.174807560260824
2024-08-06,-20.45421211270768,-28.97028902400556,-44.25437186310486,-82.85686191181844,-8.51607691129788,-23.800159750397178,-62.40264979911076,-15.284082839099298,-53.88657288781288,-38.602490048713584,6.768005927801418,45.370495976515,14.802330298316406,23.318407209614286
2024-08-07,-20.45523989568032,-29.425064964543914,-44.82145926962167,-83.10203577526596,-8.969825068863592,-24.366219373941348,-62.64679587958564,-15.396394305077756,-53.67697081072205,-38.28057650564429,6.4265692362141635,44.707145741858454,13.914357131702943,22.884182200566535
2024-08-08,-19.49352070747978,-30.19377002189212,-46.069848796325545,-84.70489847919364,-10.70024931441234,-26.576328088845763,-65.21137777171387,-15.876078774433424,-54.511128457301524,-38.6350496828681,5.175829460021085,43.810879142889185,12.05872159402233,22.758970908434677
2024-08-09,-20.27584514870395,-30.724952944108797,-46.16189563647622,-84.57370875362922,-10.449107795404846,-25.886050487772266,-64.29786360492527,-15.43694269236742,-53.848755809520426,-38.411813117153,4.987834896962575,43.39964801411558,12.525762629380736,22.97487042478558
2024-08-12,-20.86287980520991,-29.847795793950294,-45.18073423623661,-83.57053675384765,-8.984915988740383,-24.3178544310267,-62.707656948637734,-15.332938442286316,-53.72274095989735,-38.38980251761104,6.34802245354593,44.73782497115697,14.071948086584342,23.056864075324725
2024-08-13,-20.490467536272128,-29.418028204669167,-44.272676336085446,-82.6446025572309,-8.927560668397039,-23.78220879981332,-62.15413502095877,-14.85464813141628,-53.22657435256173,-38.37192622114545,5.927087463019241,44.29901368416469,14.58971742133214,23.517278089729174
2024-08-14,-21.14087465797878,-29.760249899163682,-44.4944841228275,-83.26406487322191,-8.619375241184901,-23.35360946484872,-62.12319021524313,-14.734234223663819,-53.50381497405823,-38.76958075039441,6.114858982478921,44.88443973287333,15.415971285545695,24.035346526730592
2024-08-15,-19.12530998726627,-28.33490524945228,-43.57935415877674,-81.29688925698062,-9.20959526218601,-24.454044171510468,-62.17157926971435,-15.244448909324458,-52.96198400752834,-37.71753509820388,6.034853647138448,43.75238874534233,13.263490926693407,22.47308618887942
2024-08-16,-19.877372949241455,-29.236821476950947,-43.76640882207155,-82.03504142359716,-9.359448527709493,-23.889035872830092,-62.15766847435571,-14.5295873451206,-52.79821994664621,-38.26863260152562,5.170138817411107,43.438771418936724,14.379596728695532,23.73904525640502
2024-08-19,-20.605381577010196,-28.44181356688931,-43.810054257184646,-81.7657783045131,-7.836431989879113,-23.20467268017445,-61.16039672750291,-15.368240690295337,-53.3239647376238,-37.95572404732846,7.531808700416221,45.48753274774468,14.751051367154005,22.587483357033122
2024-08-20,-20.762033618977995,-29.655246032813444,-44.55372368090167,-82.62177093557509,-8.89321241383545,-23.791690061923674,-61.85973731659709,-14.898477648088225,-52.96652490276164,-38.06804725467342,6.005265234252775,44.07331248892619,14.276357192749742,23.169569606585192
2024-08-21,-22.256712678567546,-30.09069257091661,-45.27409025158029,-83.06977870875207,-7.833979892349063,-23.017377573012745,-60.81306603018452,-15.183397680663681,-52.97908613783546,-37.79568845717178,7.349417788314618,45.145106245486396,14.778310884159026,22.612290776508097
2024-08-22,-20.80347537839442,-29.44791387677359,-43.97856132916247,-81.40306343728261,-8.64443849837917,-23.175085950768047,-60.59958805888819,-14.530647452388877,-51.95514956050902,-37.424502108120144,5.88620895400971,43.310711062129855,14.249416157352101,22.893854655731268
2024-08-23,-21.21677964242035,-30.296858948397798,-44.17054045404139,-80.91422375047537,-9.08007930597745,-22.953760811621038,-59.69744410805502,-13.873681505643589,-50.617364802077574,-36.743683296433986,4.7936021996661395,41.537285496100125,13.789922484812948,22.870001790790397
2024-08-26,-21.539776865590632,-31.034141437360006,-44.29596566322984,-81.64062682835205,-9.494364571769374,-22.75618879763921,-60.10084996276142,-13.261824225869837,-50.60648539099205,-37.34466116512221,3.7674596541004632,41.112120819222675,14.588472367483007,24.082836939252374
2024-08-27,-21.11096483731698,-30.80200419925001,-44.858444697810505,-81.55206581649006,-9.69103936193303,-23.747479860493524,-60.44110097917307,-14.056440498560494,-50.75006161724005,-36.69362111867955,4.365401136627462,41.05902225530701,12.946141258186032,22.637180620119054
2024-08-28,-22.315787944105914,-30.734784755293987,-45.21166810169785,-81.73468011215563,-8.418996811188073,-22.89588015759194,-59.418892168049716,-14.476883346403866,-50.99989535686164,-36.52301201045778,6.057886535215793,42.58089854567357,13.627131852865844,22.04612866405391
2024-08-29,-22.9825856608322,-31.981028320194138,-46.26622495283459,-82.06010087818557,-8.998442659361938,-23.28363929200239,-59.077515217353366,-14.285196632640453,-50.079072557991424,-35.793875925350974,5.286753973278515,41.08062989862949,12.510236633348583,21.508679292710525
2024-08-30,-23.418260336788066,-31.886405489908086,-46.96156606798585,-82.9694313127221,-8.46814515312002,-23.543305731197783,-59.55117097593403,-15.075160578077764,-51.08302582281401,-36.007865244736244,6.607015424957744,42.61488066969399,12.464559513538461,20.93270466665848
2024-09-03,-19.538487821621686,-30.149354676111972,-46.97634729911573,-83.25015136646488,-10.610866854490286,-27.437859477494044,-63.71166354484319,-16.826992623003758,-53.10079669035291,-36.27380406734915,6.216125768513471,42.48992983586262,8.835944589855103,19.446811444345386
2024-09-04,-19.89910203926066,-29.84825718407711,-46.11486324891554,-83.23641261769912,-9.949155144816448,-26.21576120965488,-63.337310578438455,-16.26660606483843,-53.388155433622,-37.121549368783576,6.317450920021983,43.43900028880556,10.905788159128704,20.85494330394515
2024-09-05,-20.16171029811984,-30.33734775340222,-46.24119743111979,-83.13855526584662,-10.17563745528238,-26.079487132999947,-62.97684496772678,-15.903849677717567,-52.8012075124444,-36.89735783472683,5.7282122224351895,42.62557005716202,10.81787070172689,20.993508157009266
2024-09-06,-22.845794780119498,-32.35193019697115,-47.87157689355226,-84.27905291457552,-9.506135416851656,-25.02578211343276,-61.43325813445602,-15.519646696581106,-51.92712271760436,-36.40747602102326,6.01351127972945,42.42098730075271,11.381693907590488,20.88782932444215
2024-09-09,-22.997030381011818,-31.302607163122744,-47.78133854662991,-84.06693911322436,-8.305576782110926,-24.784308165618093,-61.06990873221255,-16.478731383507167,-52.76433195010162,-36.285600566594454,8.173154601396242,44.458755167990695,11.501292400976368,19.806869183087287
2024-09-10,-20.8847256083899,-31.048177426384214,-48.04939496772285,-84.61430322957546,-10.163451817994314,-27.164669359332947,-63.729577621185555,-17.001217541338633,-53.56612580319124,-36.56490826185261,6.837765723344319,43.40267398519693,9.40023890251966,19.563690720513975
2024-09-11,-19.833502031337424,-31.022293192331276,-47.15562803593416,-83.4230936474277,-11.188791160993851,-27.322126004596733,-63.58959161609028,-16.13333484360288,-52.40080045509643,-36.26746561149355,4.94454368260903,41.21200929410258,8.945339606896809,20.134130767890667
2024-09-12,-21.811259636837256,-31.320479609007855,-47.5815510633522,-83.44185886720932,-9.509219972170598,-25.770291426514945,-61.63059923037206,-16.261071454344346,-52.121379258201465,-35.86030780385712,6.751851482173748,42.61215928603087,10.090016377342167,19.599236349512772
2024-09-13,-21.121954209846947,-30.18153779183148,-47.270534479749095,-83.80089400336162,-9.059583581984533,-26.148580269902148,-62.67893979351467,-17.088996687917614,-53.61935621153014,-36.530359523612525,8.02941310593308,44.559772629545606,10.381779253710377,19.441362835694903
2024-09-16,-21.645235336558997,-30.389489134372027,-46.64320955756902,-82.6366079333992,-8.74425379781303,-24.997974221010026,-60.99137259684021,-16.253720423196995,-52.24711879902718,-35.99339837583018,7.509466625383965,43.50286500121415,10.995424154820157,19.739677952633187
2024-09-17,-20.668632898407814,-30.40333290965411,-46.91280256476893,-82.73510157913897,-9.734700011246296,-26.244169666361117,-62.066468680731155,-16.50946965511482,-52.33176866948486,-35.82229901437004,6.774769643868524,42.59706865823856,9.578129348008915,19.31282935925522
2024-09-18,-21.199608785617485,-29.877404817306676,-46.79012204019699,-83.66573182653897,-8.67779603168919,-25.590513254579506,-62.46612304092149,-16.912717222890315,-53.7883270092323,-36.87560978634198,8.234921191201124,45.11053097754311,11.285096531762477,19.962892563451668
2024-09-19,-20.277343343456877,-28.704602411416012,-44.90214419991716,-81.14004533876123,-8.427259067959135,-24.624800856460283,-60.86270199530435,-16.197541788501148,-52.435442927345214,-36.237901138844066,7.7702827205420135,44.00818385938608,11.613100282383783,20.040359350342918
2024-09-20,-19.52605341328022,-28.989738918929888,-45.28569545955228,-82.09378556924376,-9.463685505649668,-25.75964204627206,-62.56773215596354,-16.29595654062239,-53.104046650313876,-36.808090109691484,6.832271034972727,43.64036114466421,11.048448063419428,20.512133569069093
2024-09-23,-21.58112491947857,-30.782378654368436,-46.36448867595857,-83.06173337084708,-9.201253734889868,-24.78336375648,-61.48060845136851,-15.582110021590132,-52.27935471647864,-36.69724469488851,6.380856286700265,43.078100981588776,11.91388093840851,21.11513467329838
2024-09-24,-21.415154658999214,-28.934324648156064,-45.76153616747334,-82.6709105621525,-7.51916998915685,-24.346381508474124,-61.255755903153286,-16.827211519317274,-53.736585913996436,-36.90937439467916,9.308041530160423,46.217415924839585,12.562992886205038,20.082162875361888
2024-09-25,-22.33426793334843,-30.52682070965553,-46.93725585458548,-83.38021698888723,-8.192552776307103,-24.60298792123705,-61.0459490555388,-16.41043514492995,-52.853396279231696,-36.44296113430175,8.217882368622845,44.66084350292459,11.839973213064695,20.0325259893718
2024-09-26,-23.44441744501875,-30.35968386834096,-46.7289511976297,-82.91616510923046,-6.915266423322208,-23.284533752610947,-59.47174766421171,-16.36926732928874,-52.556481240889504,-36.187213911600765,9.45400090596653,45.641214817567295,12.902680158989824,19.817946582312025
2024-09-27,-22.324462881970053,-29.773694972671862,-46.47256947318028,-82.67658392789245,-7.449232090701809,-24.148106591210226,-60.3521210459224,-16.698874500508417,-52.90288895522059,-36.20401445471217,9.249642409806604,45.45365686451878,12.055907863501943,19.505139954203756
2024-09-30,-21.56588468295224,-31.76134492679519,-47.28515296457836,-82.99982917976804,-10.195460243842948,-25.719268281626118,-61.4339444968158,-15.52380803778317,-51.23848425297285,-35.714676215189684,5.328347793940225,41.04302400912991,9.99540793356357,20.190868177406514
2024-10-01,-20.511190499380927,-30.576731169486493,-46.35542336193335,-82.60627331148581,-10.065540670105566,-25.84423286255242,-62.09508281210488,-15.778692192446854,-52.029542141999315,-36.25084994955246,5.713151522341292,41.96400147189375,10.406617087000043,20.472157757105606
2024-10-02,-19.717398514215965,-30.857299974714046,-46.90916262314704,-83.45122096926873,-11.13990146049808,-27.191764108931075,-63.73382245505277,-16.051862648432994,-52.593920994554686,-36.54205834612169,4.911961187934914,41.454019534056606,9.350294237190624,20.490195697688698
2024-10-03,-19.325960510476214,-30.840613216351144,-46.73785540956432,-83.52388591991482,-11.51465270587493,-27.411894899088104,-64.1979254094386,-15.897242193213174,-52.683272703563674,-36.7860305103505,4.382589487338244,41.168619997688744,9.374135611262403,20.888788317137326
2024-10-04,-19.590145679538384,-31.528176607860424,-47.24674482084579,-83.33846382996515,-11.93803092832204,-27.656599141307407,-63.74831815042677,-15.718568212985367,-51.810287222104726,-36.09171900911936,3.7805372846633247,39.872256293782684,8.435119867811949,20.37315079613399
2024-10-07,-18.927416875242507,-30.762866003663937,-46.28936963292327,-83.08399252626523,-11.83544912842143,-27.36195275768076,-64.15657565102273,-15.52650362925933,-52.3211265226013,-36.794622893341966,3.6910545008379003,40.485677394179866,9.432670135661198,21.268119264082635
2024-10-08,-19.647286573965815,-31.3512642364103,-46.37203351279573,-82.76285844000535,-11.703977662444487,-26.724746938829917,-63.11557186603953,-15.02076927638543,-51.411594203595044,-36.390824927209614,3.316791613940943,39.70761654115056,9.666077988379698,21.370055650824185
2024-10-09,-16.70425596982552,-31.410783849097832,-46.21608857635322,-82.9551282510284,-14.706527879272311,-29.5118326065277,-66.25087228120287,-14.80530472725539,-51.544344401930566,-36.739039674675176,0.09877684798308195,36.83781652265826,7.227207068147479,21.933734947419786
2024-10-10,-17.40732168699757,-31.752113729431652,-46.339752459250015,-82.62299068981088,-14.344792042434083,-28.932430772252445,-65.21566900281331,-14.587638729818362,-50.87087696037922,-36.28323823056086,0.2428466873842794,36.52608491794514,7.350807458308424,21.695599500742503
2024-10-11,-20.358460902823783,-33.45824333982294,-48.23545194922873,-84.09741622101463,-13.09978243699916,-27.87699104640495,-63.73895531819085,-14.77720860940579,-50.63917288119168,-35.861964271785894,1.6774261724066264,37.53939044419252,7.984973225380941,21.084755662380104
2024-10-15,-19.588739381382105,-32.112174795957806,-46.440634533490986,-81.41162670757458,-12.523435414575701,-26.85189515210888,-61.82288732619248,-14.32845973753318,-49.29945191161678,-34.9709921740836,1.805024322957479,36.77601649704108,8.11909702197471,20.642532436550418
2024-10-16,-19.903591016706024,-32.41041668193097,-46.92182844312014,-82.1659072455847,-12.506825665224945,-27.018237426414117,-62.26231622887868,-14.511411761189173,-49.75549056365374,-35.244078802464564,2.0045860959642283,37.24866489842879,8.22584137605044,20.73266704127539
2024-10-17,-18.549045025877177,-31.762759959434383,-46.14358862919023,-81.72343371715004,-13.213714933557206,-27.594543603313056,-63.17438869127287,-14.38082866975585,-49.96067375771566,-35.57984508795981,1.167113736198644,36.746958824158455,7.9853014846467545,21.19901641820396
2024-10-18,-19.5903722355649,-31.85023795977915,-46.928067974440864,-82.4684689347098,-12.25986572421425,-27.337695738875965,-62.878096699144905,-15.077830014661714,-50.618230974930654,-35.54040096026894,2.8179642904474633,38.3583652507164,8.202705221392975,20.462570945607226
2024-10-21,-18.850471534605262,-32.19659922116396,-46.62555513437363,-82.79524162276238,-13.346127686558695,-27.775083599768365,-63.944770088157114,-14.42895591320967,-50.59864240159842,-36.16968648838875,1.0828282266509746,37.25251471503972,8.394602888620383,21.74073057517908
2024-10-22,-19.189493965930815,-31.585686176393057,-46.49362025512316,-82.62823397145102,-12.396192210462242,-27.304126289192347,-63.43874000552021,-14.907934078730104,-51.04254779505797,-36.13461371632786,2.511741868267862,38.646355584595725,8.830487427135509,21.226679637597755
2024-10-23,-17.8736225111495,-31.43357989330258,-46.63143886574432,-82.80565497362127,-13.55995738215308,-28.757816354594823,-64.93203246247177,-15.197858972441743,-51.372075080318695,-36.17421610787695,1.6379015902886636,37.812117698165615,7.416399753282121,20.976357135435208
2024-10-24,-21.972988312731356,-33.52785926986827,-48.002599149203284,-83.31117159372225,-11.554870957136917,-26.029610836471928,-61.33818328099089,-14.474739879335011,-49.78331232385398,-35.308572444518965,2.9198689221980985,38.228441366717064,9.278961608047041,20.833832565183954
2024-10-25,-22.701929871290982,-34.41689241134465,-49.02555156321111,-84.29197407716896,-11.714962540053666,-26.323621691920128,-61.59004420587797,-14.608659151866462,-49.87508166582431,-35.26642251395785,2.8936966118128,38.16011912577065,8.942800822037725,20.657763362091387
2024-10-28,-22.633518708309232,-34.63144305371735,-48.585022262763246,-83.29143900203411,-11.997924345408116,-25.951503554454014,-60.65792029372488,-13.953579209045898,-48.65999594831676,-34.706416739270864,1.9556548636377826,36.66207160290865,8.754913184816843,20.752837530224966
2024-10-29,-23.534312764208167,-35.821460663117755,-48.879839889706474,-83.56811873260823,-12.287147898909588,-25.345527125498307,-60.03380596840006,-13.05837922658872,-47.74665806949047,-34.68827884290175,0.771231327679132,35.459510170580884,9.342751717403445,21.629899616313033
2024-10-30,-23.549483979599415,-37.12113685346452,-50.23741675318733,-83.93983682397415,-13.571652873865105,-26.687932773587917,-60.39035284437473,-13.116279899722812,-46.81869997050963,-33.702420070786815,-0.4553729741422927,33.24704709664452,7.014487297198897,20.586140171064002
2024-10-31,-21.549103912133603,-34.6923838096151,-48.17664725451625,-82.14381531451038,-13.143279897481499,-26.627543342382644,-60.594711402376774,-13.484263444901146,-47.451431504895275,-33.96716805999413,0.340983547419647,34.30815160741378,7.3396247176114855,20.482904615092984
2024-11-01,-23.815385210836393,-37.94958418152143,-52.19548045429057,-85.47137178977913,-14.134198970685038,-28.380095243454175,-61.65598657894273,-14.245896272769137,-47.521787608257696,-33.27589133548856,0.111697302084103,33.38758863757266,4.895796092034388,19.029995062719422
2024-11-04,-22.303024183882236,-36.41425459506142,-50.27263000056239,-83.97628942599975,-14.111230411179186,-27.96960581668015,-61.673265242117516,-13.858375405500965,-47.56203483093833,-33.703659425437365,-0.25285500567822083,33.450804419759145,5.734053608757208,19.8452840199364
2024-11-05,-20.943146742288743,-35.3706959436967,-49.21357763193362,-82.89095600187815,-14.42754920140796,-28.270430889644874,-61.947809259589405,-13.842881688236915,-47.52026005818145,-33.677378369944535,-0.5846675131710413,33.09271085677349,5.406947480299664,19.83449668170762
2024-11-06,-21.49378441060552,-34.515621712072964,-50.24353704168529,-83.18242611209348,-13.021837301467443,-28.749752631079772,-61.68864170148796,-15.72791532961233,-48.66680440002052,-32.93888907040819,2.706078028144887,35.644967098553074,4.189136439328422,17.21097374079585
2024-11-07,-19.21946112848474,-31.798623729090238,-46.31892934790072,-80.3118782854348,-12.5791626006055,-27.099468219415982,-61.09241715695006,-14.520305618810482,-48.51325455634456,-33.99294893753408,1.9411430182049827,35.93409195573906,6.893480718118099,19.4726433187236
2024-11-08,-20.5234629230735,-33.143350233693525,-47.206552689037686,-79.3104731755288,-12.619887310620026,-26.683089765964187,-58.7870102524553,-14.063202455344161,-46.167122941835274,-32.10392048649111,1.4433151447241315,33.547235631215244,5.420830720526922,18.04071803114695
2024-11-12,-20.261100759061712,-35.146669202953575,-50.029926252818946,-82.88992638588243,-14.885568443891863,-29.768825493757234,-62.62882562682072,-14.883257049865371,-47.74325718292886,-32.86000013306349,-0.002311394026492053,32.857688739036995,3.091174639306246,17.976743083198116
2024-11-13,-20.346793554610265,-35.3599838184512,-50.70414950378401,-83.56870340792698,-15.013190263840933,-30.357355949173744,-63.22190985331671,-15.344165685332811,-48.20871958947578,-32.864553904142966,0.3309754214918783,33.195529325634844,2.5071979549692145,17.520388218810155
2024-11-14,-26.398525777637616,-38.75821840223899,-51.94702552273327,-83.16806236735385,-12.359692624601372,-25.548499745095654,-56.76953658971624,-13.188807120494282,-44.40984396511487,-31.221036844620585,0.8291144958929095,32.050151340513494,5.672537099524931,18.032229724126296
2024-11-15,-21.14037369093973,-35.530014770751436,-49.63792959039637,-83.0999757873657,-14.389641079811707,-28.49755589945664,-61.95960209642597,-14.107914819644932,-47.56996101661426,-33.462046196969325,-0.2817262601667778,33.18031993680255,4.964490297512683,19.354131377324393
2024-11-18,-20.932266657933063,-35.708352416932954,-50.347846632713015,-84.30379658746917,-14.77608575899989,-29.415579974779952,-63.3715299295361,-14.639494215780061,-48.59544417053621,-33.95594995475615,-0.13659154321982925,33.81935841153632,4.540369979976205,19.31645573897609
2024-11-19,-20.3253878389682,-35.10612848129657,-50.14490942376098,-84.18021998928747,-14.780740642328372,-29.819521584792778,-63.85483215031927,-15.038780942464406,-49.07409150799089,-34.03531056552649,0.25804030013603096,34.29335086566252,4.215788980733706,18.996529623062074
2024-11-20,-20.379905478313454,-34.93925391252284,-49.358716424652016,-83.1157104886429,-14.559348434209383,-28.978810946338562,-62.73580501032945,-14.41946251212918,-48.17645657612007,-33.75699406399089,-0.13988592208020378,33.617108141910684,4.778183117652318,19.33753155186171
2024-11-21,-20.816505954872966,-34.436620956183226,-48.79958031577183,-83.2038902821751,-13.62011500131026,-27.98307436089886,-62.38738432730213,-14.3629593595886,-48.76726932599187,-34.40430996640327,0.7428443582783402,35.14715432468161,6.421235605504407,20.041350606814667
2024-11-22,-23.02337050241574,-35.24186299336427,-48.95126751655394,-83.56826501267606,-12.218492490948531,-25.9278970141382,-60.54489451026032,-13.709404523189669,-48.32640201931179,-34.616997496122124,1.490912032241141,36.107909528363265,8.689100481983928,20.907592972932456
2024-11-25,-20.33545437457871,-33.725114585322125,-47.61488603631756,-81.22873575440708,-13.389660210743415,-27.279431661738847,-60.89328137982837,-13.889771450995433,-47.50362116908496,-33.613849718089526,0.5001112402520178,34.11396095834154,6.334418056350685,19.724078267094093
2024-11-26,-18.79926628446249,-32.02107044295835,-46.36379242974158,-80.12507116385935,-13.221804158495857,-27.56452614527909,-61.325804879396856,-14.342721986783232,-48.104000720901,-33.76127873411777,1.120917828287375,34.88219656240514,6.196752588838677,19.418556747334534
2024-11-27,-21.277011271323154,-33.363775175320185,-47.79578431277351,-81.06793192569101,-12.086763903997031,-26.51877304145036,-59.79092065436786,-14.432009137453328,-47.70415675037083,-33.2721476129175,2.3452452334562963,35.6173928463738,6.753374571467148,18.840138475464173
2024-11-29,-19.39490862757114,-30.285890347521516,-45.125373221404395,-77.92138073279804,-10.890981719950375,-25.730464593833254,-58.5264721052269,-14.83948287388288,-47.635490385276526,-32.79600751139365,3.9485011539325043,36.74450866532615,7.065542917560393,17.956524637510768
2024-12-02,-14.352724305900377,-29.476386140043196,-45.58170003224413,-78.57323747312054,-15.123661834142819,-31.22897572634375,-64.22051316722016,-16.105313892200932,-49.096851333077346,-32.991537440876414,0.981652058058117,33.97318949893453,1.7625617145326657,16.88622354867548
2024-12-03,-17.94344127099596,-32.83868276606907,-47.566302590380836,-80.03322525459429,-14.895241495073108,-29.622861319384874,-62.08978398359832,-14.727619824311766,-47.194542488525215,-32.46692266421345,-0.16762167076134205,32.29930099345211,2.8440613448285745,17.739302839901683
2024-12-04,-19.505610070581447,-32.555326513903005,-47.085034934272585,-78.85037617557842,-13.049716443321557,-27.579424863691138,-59.34476610499697,-14.52970842036958,-46.295049661675414,-31.765341241305833,1.479991977048023,33.245333218353856,4.185916377614689,17.235632820936253
2024-12-05,-19.065402464766912,-31.735967756141648,-45.85643736541258,-78.06594468437203,-12.670565291374736,-26.79103490064567,-59.000542219605116,-14.120469609270934,-46.32997692823038,-32.209507318959446,1.4499043178961983,33.659411636855644,5.418472418313769,18.08903770968851
2024-12-06,-18.71960692277228,-32.57010716352653,-47.3060118604689,-80.15040017436235,-13.85050024075425,-28.58640493769662,-61.43079325159007,-14.73590469694237,-47.58029301083582,-32.84438831389345,0.8854044561881196,33.729792770081566,4.257983376196819,18.108483616951077
2024-12-09,-19.85761360222451,-32.92754075026942,-48.01252697585956,-80.53462322273855,-13.069927148044911,-28.154913373635047,-60.677009620514035,-15.084986225590136,-47.60708247246912,-32.52209624687899,2.0150590775452244,34.53715532442421,4.367182873243948,17.437110021288852
2024-12-10,-18.93573268516624,-32.6508298515308,-48.166563453018526,-81.45817005613547,-13.715097166364561,-29.230830767852286,-62.52243737096923,-15.515733601487725,-48.80734020460467,-33.291606603116946,1.8006364351231667,35.09224303824011,4.060775835264664,17.775873001629222
2024-12-11,-18.111221845722536,-32.999765827902515,-48.06546709085553,-82.56249115093337,-14.888543982179979,-29.95424524513299,-64.45126930521083,-15.065701262953013,-49.562725323030854,-34.49702406007784,0.17715728077303794,34.67418134085088,4.542778814944853,19.431322797124828
2024-12-12,-18.490144017357004,-33.21368371902964,-48.806848623817565,-83.0700118449804,-14.723539701672635,-30.31670460646056,-64.57986782762339,-15.593164904787926,-49.85632812595076,-34.263163221162834,0.8696252031152909,35.132788424278125,3.9464586147022658,18.669998316374915
2024-12-13,-20.724855526212238,-33.7699509714783,-49.23774682580464,-84.3395032639033,-13.045095445266064,-28.512891299592404,-63.61464773769106,-15.46779585432634,-50.569552292424994,-35.101756438098654,2.422700409060276,37.52445684715893,6.58886513850625,19.63396058377232
2024-12-16,-19.008480821559814,-31.806578117375437,-47.54932992901999,-82.13136926501878,-12.798097295815623,-28.540849107460176,-63.12288844345896,-15.742751811644553,-50.32479114764334,-34.582039335998786,2.9446545158289297,37.526693851827716,6.0411902285386105,18.839287524354233
2024-12-17,-18.998157567948937,-33.78267754063549,-49.14775134430891,-83.88584006177244,-14.784519972686553,-30.14959377635997,-64.8876824938235,-15.365073803673418,-50.10316252113695,-34.73808871746353,0.5805538309868652,35.3186425484504,4.588494941103562,19.373014913790115
2024-12-18,-18.041143366509527,-35.17411316055945,-48.57447209503434,-82.36585038143751,-17.132969794049924,-30.53332872852481,-64.32470701492798,-13.400358934474887,-47.19173722087806,-33.79137828640317,-3.7326108595750327,30.05876742682814,3.2580495578783655,20.391019351928286
2024-12-19,-16.533384242636462,-33.1734152221661,-48.42784223615073,-84.75454093202579,-16.640030979529637,-31.89445799351427,-68.22115668938933,-15.254427013984632,-51.58112570985969,-36.32669869587506,-1.385603965545009,34.94109473033005,4.432240702360787,21.072271681890427
2024-12-20,-16.690910945512183,-32.361008687954126,-47.77475730827252,-85.09992287218839,-15.670097742441943,-31.083846362760337,-68.4090119266762,-15.413748620318394,-52.73891418423426,-37.32516556391587,-0.2563491221235452,37.06881644179232,6.241319201155534,21.911416943597473
2024-12-23,-18.066493890913637,-32.05699174226311,-47.22745984775596,-83.26314372371596,-13.99049785134947,-29.160965956842322,-65.19664983280232,-15.170468105492851,-51.20615198145285,-36.03568387596,1.1799702541433774,37.215654130103374,6.874717919117671,20.865215770467145
2024-12-24,-18.153080077316996,-34.16409866782173,-48.749182686733405,-84.43752422466221,-16.011018590504737,-30.59610260941641,-66.28444414734521,-14.585084018911672,-50.27342555684048,-35.68834153792881,-1.4259345715930607,34.262406966335746,5.092238928512401,21.103257519017134
2024-12-26,-18.130444187712857,-33.41578010457855,-47.68616458039672,-83.10224820937381,-15.285335916865694,-29.555720392683863,-64.97180402166096,-14.270384475818169,-49.68646810479526,-35.41608362897709,-1.014951441047529,34.40113218792956,5.8603632362932245,21.145699153158922
2024-12-27,-18.85053107512391,-33.56507087126612,-48.13493346773097,-83.34138698075671,-14.714539796142212,-29.284402392607056,-64.4908559056328,-14.569862596464844,-49.77631610949059,-35.20645351302574,-0.1446771996773677,35.061776313348375,5.922051120418686,20.6365909165609
2024-12-30,-18.138731181591883,-33.11828821032048,-48.07947582526842,-83.92032831965031,-14.979557028728596,-29.940744643676535,-65.78159713805843,-14.961187614947939,-50.80204010932983,-35.84085249438189,-0.018369413780661148,35.82248308060123,5.9001078507053535,20.879664879433953
2024-12-31,-16.315603185468763,-32.34520603756792,-48.57736291003283,-85.03414926008523,-16.029602852099156,-32.26175972456407,-68.71854607461647,-16.232156872464913,-52.68894322251731,-36.4567863500524,0.20255402036575276,36.65934037041815,4.195026625488325,20.224629477587484
2025-01-02,-16.40970382652398,-32.642982495154,-48.55449231106084,-83.97663268207553,-16.23327866863002,-32.14478848453686,-67.56692885555155,-15.91150981590684,-51.33365018692153,-35.42214037101469,-0.32176885272318145,35.10037151829151,3.277351886477831,19.510630555107852
2025-01-03,-16.69540787989563,-33.31095744534629,-49.88924504866166,-85.00524939847547,-16.61554956545066,-33.193837168766024,-68.30984151857984,-16.578287603315367,-51.69429195312918,-35.116004349813814,-0.037261962135296756,35.07874238767852,1.922167181047783,18.537716746498447
2025-01-06,-16.222301371105274,-31.690103669779823,-47.949752822079894,-84.04459502320645,-15.467802298674549,-31.72745145097462,-67.82229365210118,-16.25964915230007,-52.35449135342663,-36.09484220112656,0.7918468536255219,36.88668905475208,4.367390750151941,19.835193048826483
2025-01-07,-15.367385501559205,-30.039740098030876,-46.9905005801829,-82.7939212100663,-14.67235459647167,-31.623115078623698,-67.42653570850709,-16.950760482152027,-52.754181112035425,-35.8034206298834,2.278405885680357,38.081826515563755,4.180305551259707,18.85266014773137
2025-01-08,-14.834576769177588,-29.485078261253417,-45.762141066792594,-81.86502186604629,-14.65050149207583,-30.927564297615007,-67.0304450968687,-16.277062805539178,-52.37994360479287,-36.1028807992537,1.6265613134633483,37.729442112717045,5.17531650163869,19.825817993714523
2025-01-09,-16.379800229239283,-32.734341010406794,-48.413848972897,-84.72120156536,-16.35454078116751,-32.03404874365772,-68.34140133612073,-15.679507962490206,-51.98686055495321,-36.307352592463005,-0.6750328186773089,35.632319773785696,4.273303848805284,20.6278446299728
2025-01-10,-15.988707755118714,-31.612132964353457,-47.9466266393775,-84.6845225103972,-15.623425209234743,-31.957918884258785,-68.69581475527849,-16.334493675024042,-53.072389546043745,-36.7378958710197,0.7110684657892961,37.448964336809,4.779976986760914,20.403402195995668
2025-01-13,-14.59794178634981,-30.69340292324787,-45.668316994250446,-81.4026115949419,-16.09546113689806,-31.070375207900636,-66.8046698085921,-14.974914071002576,-50.70920867169403,-35.734294600691456,-1.1205470658954795,34.613747534795976,4.663919392790817,20.759380529688883
2025-01-14,-14.23052696102145,-30.639241599461364,-45.57232097896646,-82.02895849824597,-16.408714638439914,-31.34179401794501,-67.79843153722452,-14.933079379505095,-51.389716898784606,-36.45663751927951,-1.4756352589348154,34.981002260344695,5.114843501334505,21.523558139774416
2025-01-15,-13.623365189874015,-30.547210018082893,-45.14829890816108,-81.44585830516569,-16.92384482820888,-31.524933718287066,-67.82249311529168,-14.601088890078188,-50.89864828708279,-36.297559397004605,-2.3227559381306904,33.974803458873915,4.772625678717546,21.696470506926417
2025-01-16,-13.16517024762307,-28.614470635463007,-44.97064472199553,-80.52135409294223,-15.449300387839937,-31.805474474372456,-67.35618384531917,-16.35617408653252,-51.906883457479225,-35.550709370946706,0.9068736986925785,36.457583069639284,3.745234896574246,19.194535284414187
2025-01-17,-13.451955187890174,-29.1572042097771,-44.088794652266294,-80.11637250393218,-15.705249021886925,-30.63683946437612,-66.664417316042,-14.931590442489195,-50.959168294155084,-36.02757785166589,-0.7736585793977255,35.25391927226816,5.3907383872897725,21.095987409176693
2025-01-21,-14.770533736655533,-28.87893121847549,-43.28064256749906,-79.53782020656348,-14.108397481819956,-28.510108830843524,-64.76728646990794,-14.401711349023568,-50.658888988087995,-36.25717763906442,0.29331386720360797,36.55049150626803,7.747068808220902,21.85546629004085
2025-01-22,-14.176995170169882,-29.766523789155386,-44.44325239418916,-80.79391377988223,-15.589528618985504,-30.266257224019277,-66.61691860971234,-14.676728605033773,-51.027389990726846,-36.35066138569307,-0.9128000139517312,35.43786137174134,6.084404161673788,21.6739327806593
2025-01-23,-15.960311678299455,-31.402183359562663,-46.370488753895515,-81.86873181511531,-15.441871681263208,-30.41017707559606,-65.90842013681586,-14.968305394332852,-50.46654845555265,-35.498243061219796,-0.47356628693035674,35.02467677428944,5.088065985623743,20.529937666886944
2025-01-24,-15.505669211805362,-30.7002577934699,-45.52318675376945,-81.53173101484157,-15.194588581664537,-30.01751754196409,-66.02606180303621,-14.822928960299553,-50.83147322137167,-36.00854426107212,-0.37165962136498365,35.636884639707134,5.991026719108021,21.185615300772568
2025-01-27,-16.72985841702941,-30.257167309999478,-45.07122329429514,-80.74758108152848,-13.527308892970069,-28.34136487726573,-64.01772266449908,-14.81405598429566,-50.490413771529006,-35.67635778723334,1.2867470913255943,36.96310487855894,7.33499290996761,20.86230180293768
2025-01-28,-14.925980832997343,-29.55942473191797,-44.40979515269259,-80.88867402832358,-14.633443898920628,-29.483814319695245,-65.96269319532624,-14.850370420774617,-51.32924929640561,-36.47887887563099,0.21692652185398487,36.695805397484975,6.995064555935741,21.628508454856373
2025-01-29,-16.198130494417473,-29.542455403038126,-44.703994515809775,-81.4056576888543,-13.344324908620653,-28.505864021392302,-65.20752719443684,-15.16153911277165,-51.86320228581618,-36.70166317304453,1.8172142041509929,38.51887737719552,8.195799151652224,21.54012406027288
2025-01-30,-15.028649488540857,-28.85795486612892,-44.39722324828628,-80.55209802660426,-13.829305377588064,-29.368573759745424,-65.5234485380634,-15.53926838215736,-51.694143160475335,-36.154874778317975,1.7099630045692962,37.86483778288727,6.786301018572544,20.615606396160615
2025-01-31,-14.060943172858753,-28.634196974707482,-45.32080887993261,-82.09804436566924,-14.573253801848729,-31.25986570707386,-68.03710119281048,-16.68661190522513,-53.46384739096176,-36.777235485736625,2.113358103376399,38.890593589113024,5.5173697786627685,20.09062358051149
2025-02-03,-15.085397804170864,-27.99531629113927,-43.746453693110695,-80.59101319307445,-12.909918486968408,-28.66105588893983,-65.50561538890358,-15.751137401971423,-52.59569690193517,-36.84455949996375,2.8412189150030116,39.68577841496676,8.183503611023923,21.09342209799233
2025-02-04,-14.446620570321667,-28.68786781643733,-44.662859441680155,-81.18718549096084,-14.241247246115663,-30.216238871358488,-66.74056492063917,-15.974991625242826,-52.49931767452351,-36.52432604928069,1.7337443791271596,38.25807042840785,6.308087177922204,20.549334424037866
2025-02-05,-14.555590238186333,-29.0560941332076,-44.43869223343877,-79.27942586545464,-14.500503895021268,-29.88310199525244,-64.7238356272683,-15.38259810023117,-50.22333173224704,-34.84073363201587,0.8820942052099028,35.72282783722577,4.957631636763438,19.4581355317847
2025-02-06,-15.48496950187035,-28.416461437655727,-42.06665565321073,-76.2937859016219,-12.931491935785377,-26.58168615134038,-60.80881639975155,-13.650194215555004,-47.877324463966175,-34.22713024841117,0.7187022797696301,34.9458325281808,7.6454440970707935,20.576936032856167
2025-02-07,-16.922154398768896,-28.242215511322932,-40.46385701016382,-74.4233152152839,-11.320061112554036,-23.541702611394925,-57.50116081651501,-12.221641498840889,-46.181099703960975,-33.959458205120086,0.9015803862868523,34.86103859140694,10.417755593725161,21.737816706279197
2025-02-10,-16.21287634027677,-28.812445806765474,-41.48003209934777,-74.81935789695453,-12.599569466488703,-25.267155759070995,-58.60648155667776,-12.667586292582293,-46.006912090189054,-33.33932579760676,0.06801682609359005,33.40734262370035,8.072170038535774,20.67173950502447
2025-02-11,-15.42944125609127,-27.998731867266002,-40.40690619641225,-74.55341248472536,-12.569290611174733,-24.97746494032098,-59.12397122863409,-12.408174329146249,-46.554680617459354,-34.146506288313105,-0.1611162820284875,33.98539000628462,9.16904134799212,21.738331959166857
2025-02-12,-13.39185179546627,-26.395849902115387,-37.382523303110204,-70.74226489881639,-13.003998106649117,-23.990671507643935,-57.35041310335012,-10.986673400994817,-44.346414996701,-33.35974159570618,-2.0173247056543033,31.34241689005188,9.369070088062244,22.373068194711365
2025-02-13,-14.181339340731203,-26.333919316826027,-36.990752134093356,-68.9607874646346,-12.152579976094824,-22.809412793362153,-54.77944812390341,-10.656832817267329,-42.62686814780858,-31.97003533054125,-1.4957471588274984,30.474288171713752,9.160622537179094,21.31320251327392
2025-02-14,-15.148339762950691,-27.484039002156813,-38.56694887106835,-71.28990848964251,-12.335699239206122,-23.418609108117657,-56.14156872669182,-11.082909868911536,-43.8058694874857,-32.722959618574166,-1.252789370294586,31.47017024827958,9.304350510456509,21.64004974966263
2025-02-18,-14.350662867365749,-28.72236005336113,-39.846103428083524,-72.59379048917936,-14.37169718599538,-25.495440560717775,-58.243127621813606,-11.123743374722395,-43.871430435818226,-32.74768706109583,-3.2479538112729855,29.499733249822846,7.25224650037805,21.623943686373437
2025-02-19,-14.602606998254242,-26.865436480384286,-37.424149361429926,-70.38890367785271,-12.262829482130044,-22.821542363175684,-55.786296679598465,-10.55871288104564,-43.52346719746842,-32.964754316422784,-1.704116601084408,31.260637715338376,10.143211953247103,22.406041435377148
2025-02-20,-16.186505835817755,-27.193160300150243,-38.88333741745056,-72.30638296703393,-11.006654464332488,-22.696831581632807,-56.11987713121617,-11.690177117300319,-45.113222666883686,-33.423045549583364,0.6835226529678309,34.106568202551195,10.726213967950557,21.73286843228304
2025-02-21,-15.842326822186958,-27.510930780922394,-38.95982039840575,-73.00599929879472,-11.668603958735435,-23.117493576218795,-57.16367247660776,-11.44888961748336,-45.495068517872326,-34.046178900388966,-0.21971434125207168,33.826464559136895,10.928685324170175,22.597289282905606
2025-02-24,-16.64283076352806,-27.61309504962215,-39.67805591344877,-73.69521748219401,-10.970264286094089,-23.035225149920713,-57.05238671866595,-12.064960863826624,-46.082122432571865,-34.01716156874524,1.0946965777325346,35.11185814647777,10.981936418824525,21.95220070491861
2025-02-25,-17.11792904796652,-28.27069988000823,-39.95733695528756,-74.05223264705762,-11.15277083204171,-22.83940790732104,-56.9343035990911,-11.686637075279329,-45.78153276704939,-34.09489569177006,0.5338662432376182,34.62876193500768,11.255487784449024,22.408258616490734
2025-02-26,-16.030900560896377,-28.474135985176297,-40.46159489564269,-74.16268266964705,-12.44323542427992,-24.430694334746313,-58.13178210875068,-11.987458910466394,-45.68854668447076,-33.701087774004364,-0.45577651381352524,33.24531126019084,9.270393439258058,21.71362886353797
2025-02-27,-17.11057804466991,-28.016834035042937,-40.71785167632655,-74.94630999662965,-10.906255990373026,-23.607273631656643,-57.835731951959744,-12.701017641283617,-46.92947596158672,-34.2284583203031,1.7947616509105941,36.02321997121369,10.621184688646451,21.527440679019477
2025-02-28,-15.97608980200409,-29.53869128299762,-42.355243150335475,-76.01014659884142,-13.562601480993528,-26.379153348331386,-60.034056796837326,-12.816551867337857,-46.4714553158438,-33.65490344850594,-0.7460496136556714,32.90885383485027,7.275750100174562,20.838351581168084
2025-03-03,-13.650702621246413,-26.01009228840119,-39.570011696906036,-74.65121091763662,-12.359389667154776,-25.919309075659623,-61.00050829639021,-13.559919408504847,-48.64111862923543,-35.08119922073058,1.200529741350067,36.28172896208065,9.161890145070956,21.521279812225735
2025-03-04,-16.54292174316425,-29.740942022815986,-44.05856512661006,-78.96145891743296,-13.198020279651736,-27.515643383445813,-62.418537174268714,-14.317623103794077,-49.22051689461698,-34.9028937908229,1.1196028241423406,36.02249661496524,7.387250407377081,20.585270687028824
2025-03-05,-16.94078454415844,-30.07883796657369,-42.74935745966544,-77.57969321579874,-13.13805342241525,-25.808572915507,-60.6389086716403,-12.67051949309175,-47.500855249225054,-34.8303357561333,-0.46753392932350124,34.3628018268098,9.021762840626295,22.15981626304155
2025-03-06,-16.630305526864355,-29.845255291211092,-42.570772561525104,-77.70309619259024,-13.214949764346738,-25.94046703466075,-61.07279066572588,-12.725517270314011,-47.85784090137915,-35.132323631065134,-0.4894324940327266,34.64289113703241,9.191856596404392,22.40680636075112
2025-03-07,-15.957389273828015,-29.29088064570653,-41.50290551565639,-77.1999058938523,-13.333491371878514,-25.545516241828373,-61.24251662002429,-12.212024869949857,-47.909025248145774,-35.697000378195916,-1.1214665019286585,34.57553387626726,10.151484136367543,23.48497550824606
2025-03-10,-17.04222616176958,-30.685761817893777,-43.7710742483127,-78.20656962652998,-13.643535656124197,-26.72884808654312,-61.16434346476041,-13.085312430418924,-47.52080780863621,-34.43549537821728,-0.5582232257052766,33.877272152512006,7.706647291674159,21.35018294779836
2025-03-11,-17.163931881343153,-29.048224905552587,-42.565007263039114,-76.69341564491728,-11.884293024209434,-25.40107538169596,-59.52948376357413,-13.516782357486527,-47.64519073936469,-34.12840838187817,1.6324893332770927,35.76089771515526,8.727333000182199,20.61162602439164
2025-03-12,-17.87730270163639,-29.40707818446984,-42.184170331121116,-75.92012267670931,-11.52977548283345,-24.306867629484728,-58.04281997507292,-12.777092146651277,-46.51304449223947,-33.735952345588196,1.247316663817827,34.98326900940602,9.429084716103475,20.958860198936918
2025-03-13,-15.314140113220587,-29.03422280403194,-41.58684319940753,-75.72513406416795,-13.720082690811354,-26.272703086186944,-60.41099395094736,-12.552620395375591,-46.690911260136005,-34.138290864760414,-1.1674622954357616,32.97082856932465,7.86558777857347,21.585670469384823
2025-03-14,-17.630621328484608,-29.778234523477252,-41.28780683718185,-75.0192686631029,-12.147613194992644,-23.65718550869724,-57.3886473346183,-11.509572313704595,-45.241034139625654,-33.73146182592106,-0.6380408812880489,33.09342094463301,10.07427631722382,22.221889512216464
2025-03-17,-17.23577984649438,-29.48129931096366,-40.72034139730416,-73.78105217471416,-12.245519464469279,-23.48456155080978,-56.54527232821978,-11.2390420863405,-44.2997528637505,-33.06071077741,-1.0064773781287784,32.05423339928122,9.576149226600222,21.821668691069505
2025-03-18,-16.448676163340934,-28.35660308654724,-40.47720297925635,-73.22622872651294,-11.907926923206304,-24.028526815915413,-56.77755256317201,-12.120599892709109,-44.869625639965705,-32.749025747256596,0.21267296950280468,32.9616987167594,8.720498931341183,20.628425854547487
2025-03-19,-16.71381040873112,-28.034299478584444,-39.19834269775735,-72.62174774489196,-11.320489069853323,-22.484532289026227,-55.90793733616084,-11.164043219172903,-44.58744826630752,-33.423405047134615,-0.15644585068042005,33.266959196454195,10.938872758108388,22.259361827961712
2025-03-20,-16.555296097557104,-28.80818577685038,-40.86850615253965,-74.01750421975031,-12.252889679293276,-24.313210054982548,-57.4622081221932,-12.060320375689273,-45.20931844289993,-33.148998067210655,-0.19256930360400304,32.95642876360665,8.835788012228107,21.088677691521383
2025-03-21,-16.638464818063213,-28.874423994933494,-42.082990819300115,-76.47393546462875,-12.235959176870281,-25.444526001236902,-59.83547064656554,-13.20856682436662,-47.59951146969526,-34.39094464532864,0.9726076474963392,35.36355229282498,8.946418644091736,21.182377820962017
2025-03-24,-18.609273240618805,-29.60120503709227,-42.61754163904898,-77.22441721561447,-10.991931796473466,-24.008268398430175,-58.61514397499566,-13.01633660195671,-47.623212178522195,-34.606875576565486,2.0244048054832433,36.63128038204873,10.59860717813531,21.590538974608776
2025-03-25,-17.940972817486767,-30.408361203843892,-43.08493940427671,-77.09927129776855,-12.467388386357126,-25.143966586789944,-59.158298480281786,-12.676578200432818,-46.69091009392466,-34.01433189349184,0.20918981407569248,34.223521707567535,8.870365306701899,21.337753693059028
2025-03-26,-19.869143670420186,-30.708604732948785,-44.353678750369816,-79.88717210166705,-10.8394610625286,-24.48453507994963,-60.01802843124686,-13.645074017421031,-49.17856736871826,-35.53349335129723,2.805612954892432,38.33910630618966,11.048958271347601,21.8884193338762
2025-03-27,-18.912755291981753,-30.13209116308726,-43.9625914210624,-79.36963541181767,-11.219335871105507,-25.049836129080646,-60.456880119835915,-13.830500257975139,-49.23754424873041,-35.40704399075527,2.611164386869632,38.0182083776249,10.357207861674624,21.57654373278013
2025-03-28,-19.975576044116927,-30.420073027534002,-45.1886126560586,-79.42608520231312,-10.444496983417075,-25.213036611941675,-59.45050915819619,-14.7685396285246,-49.006012174779116,-34.237472546254516,4.324042645107525,38.56151519136204,9.024435934312834,19.468932917729916
2025-03-31,-15.285639484464175,-27.64998772833671,-42.04989835062203,-76.34127641440097,-12.364348243872536,-26.764258866157853,-61.05563692993679,-14.399910622285319,-48.691288686064254,-34.291378063778936,2.0355623784127843,36.32694044219172,7.527119197621076,19.891467441493617
2025-04-01,-18.402032739186282,-30.193892867517214,-43.68482083102671,-78.17330336291546,-11.791860128330931,-25.28278809184043,-59.77127062372918,-13.490927963509499,-47.97941049539825,-34.48848253188875,1.6990678351785675,36.18755036706732,9.205694440048319,20.99755456837925
2025-04-02,-17.88148365460893,-29.48968631876965,-42.33513137104792,-76.61039545130643,-11.608202664160718,-24.45364771643899,-58.7289117966975,-12.845445052278272,-47.12070913253678,-34.27526408025851,1.2372423881175507,35.51250646837606,9.821616363819516,21.429819027980237
2025-04-03,-17.33718568367184,-30.154827626294136,-45.051936160002136,-80.84931889177737,-12.817641942622295,-27.714750476330295,-63.51213320810553,-14.897108533708,-50.69449126548324,-35.79738273177524,2.079466591085705,37.87684932286094,8.082632255444949,20.900274198067237
2025-04-04,-22.05754485105036,-34.47613476704796,-48.54884113377773,-85.06723735902288,-12.4185899159976,-26.49129628272737,-63.009692507972524,-14.072706366729768,-50.59110259197492,-36.518396225245155,1.6541164507321682,38.17251267597732,10.02709994251778,22.445689858515387
2025-04-07,-22.93797273296141,-34.11212707128768,-48.44466431615331,-86.17717763455977,-11.174154338326272,-25.5066915831919,-63.239204901598356,-14.332537244865627,-52.06505056327209,-37.73251331840646,3.1583829065393587,40.89089622494582,12.225821735214566,23.399976073540834
2025-04-08,-24.967720380395964,-38.04184138990685,-54.63730292241924,-92.92321950419482,-13.074121009510886,-29.669582542023274,-67.95549912379886,-16.595461532512388,-54.88137811428797,-38.28591658177558,3.5213405230014985,41.80725710477708,8.616334039752303,21.690455049263193
2025-04-09,-19.048294543213864,-33.25285716092954,-46.53714218341967,-80.43817980830158,-14.204562617715673,-27.488847640205805,-61.38988526508772,-13.284285022490131,-47.18532264737205,-33.901037624881916,-0.9202775952255422,32.98076002965637,6.412189984676104,20.616752602391784
2025-04-10,-24.235992678090312,-40.456409741253864,-56.444122654145666,-93.61546826641778,-16.220417063163552,-32.20812997605535,-69.37947558832747,-15.987712912891801,-53.159058525163914,-37.17134561227211,-0.23270415027175062,36.93864146200036,4.963215636216759,21.18363269938031
2025-04-11,-25.900343699471982,-39.076875030491905,-53.18047879823102,-86.92116435463788,-13.176531331019923,-27.28013509875904,-61.0208206551659,-14.103603767739116,-47.844289324145976,-33.74068555640686,0.9270724367191931,34.66775799312605,6.460550457647827,19.637081788667743
2025-04-14,-24.36906472427589,-38.99627404512791,-53.2222928861505,-87.23131817561915,-14.627209320852021,-28.853228161874608,-62.862253451343264,-14.226018841022587,-48.23504413049124,-34.00902528946865,-0.4011904798294381,33.607834809639215,5.155797127594042,19.78300644844606
2025-04-15,-24.734924849039608,-37.69966373982165,-52.291980767722194,-86.9052151568312,-12.964738890782044,-27.557055918682586,-62.170290307791596,-14.592317027900542,-49.20555141700955,-34.61323438910901,1.6275781371184976,36.24081252622751,7.056178470426417,20.020917361208475
2025-04-16,-23.0861944896565,-35.887294275281256,-51.349655072672505,-88.04463053827351,-12.801099785624757,-28.263460583016006,-64.95843604861702,-15.462360797391248,-52.15733626299225,-36.694975465601004,2.6612610117664914,39.356236477367496,8.431514882584992,21.23261466820975
2025-04-17,-25.56204726762008,-38.51846874962624,-52.30689443537684,-87.89917985999014,-12.956421482006157,-26.74484716775676,-62.33713259237006,-13.788425685750603,-49.380711110363904,-35.5922854246133,0.8320042037444466,36.42428962835775,8.847438256856549,21.8038597388627
2025-04-21,-27.576317653955982,-41.093759321863786,-56.36843574873507,-93.1984878024417,-13.517441667907804,-28.792118094779084,-65.62217014848572,-15.274676426871281,-52.10472848057792,-36.83005205370664,1.7572347589634774,38.587286812670115,8.037933958927553,21.555375626835357
2025-04-22,-26.25307236546699,-39.22140283885778,-55.32386975163766,-91.14875207704381,-12.968330473390786,-29.070797386170668,-64.89567971157682,-16.10246691277988,-51.92734923818603,-35.82488232540615,3.1341364393890956,38.959018764795246,6.754084939235483,19.722415412626276
2025-04-23,-25.772110977575036,-37.78421192132062,-52.35457295522949,-87.06813151584507,-12.012100943745583,-26.582461977654457,-61.29602053827003,-14.570361033908874,-49.28391959452445,-34.713558560615574,2.5582600901632944,37.27181865077887,8.13109658296112,20.1431975267067
2025-04-24,-27.282988285854117,-36.96733497173743,-51.31435826668738,-85.77606496442915,-9.684346685883312,-24.03136998083326,-58.49307667857504,-14.347023294949949,-48.808729992691724,-34.461706697741775,4.6626766090666365,39.12438330680841,10.430336716908513,20.114683402791826
2025-04-25,-26.410375701000845,-36.83851320326745,-51.58878586496458,-85.9912721739963,-10.428137502266608,-25.178410163963733,-59.58089647299545,-14.750272661697124,-49.15275897072884,-34.402486309031715,4.322135159430516,38.72462146846223,9.224076145067983,19.65221364733459
2025-04-28,-24.989098103318774,-36.91462492817017,-51.702068052290564,-85.18817873933048,-11.925526824851396,-26.71296994897179,-60.19908063601171,-14.787443124120394,-48.27355381116031,-33.48611068703992,2.861916299268998,36.348026986308916,6.773140738068122,18.698667562919525
2025-04-29,-25.2571088332489,-36.206242393335366,-51.312010933391726,-84.66913739600925,-10.949133560086466,-26.054902100142826,-59.41202856276035,-15.10576854005636,-48.46289500267388,-33.35712646261752,4.156634979969894,37.513761442587416,7.302224362474689,18.251357922561155
2025-04-30,-22.27534693867983,-34.441394993457486,-49.83067061297892,-84.83321180594218,-12.166048054777654,-27.55532367429909,-62.55786486726235,-15.389275619521435,-50.3918168124847,-35.002541192963264,3.2232275647437802,38.225768757707044,7.447217518664175,19.613265573441836
2025-05-01,-23.783847804709346,-37.12859158223072,-52.65833968957354,-88.34584290349237,-13.344743777521373,-28.87449188486419,-64.56199509878303,-15.529748107342819,-51.21725132126165,-35.68750321391883,2.185004329821446,37.87250754374028,6.813011329054646,20.157755106576005
2025-05-02,-23.53876304736002,-36.602420380776394,-52.44307351236763,-88.34473577262631,-13.063657333416373,-28.90431046500761,-64.80597272526629,-15.840653131591239,-51.742315391849914,-35.901662260258675,2.776995798174866,38.67865805843354,6.997351795251063,20.061009128667436
2025-05-05,-23.04072284302987,-37.707796543124196,-53.390102526557826,-89.47193085426287,-14.667073700094328,-30.349379683527957,-66.431208011233,-15.68230598343363,-51.76413431113867,-36.08182832770504,1.0152322833393015,37.09706061104434,5.732448644177083,20.399522344271418
2025-05-06,-23.579601458072787,-38.348357576890415,-53.67213965155142,-89.92148864858459,-14.768756118817628,-30.09253819347863,-66.3418871905118,-15.323782074661004,-51.57313107169417,-36.24934899703317,0.5550259558433766,36.80437495287654,6.156810803554535,20.925566922372155
2025-05-07,-22.842328100571095,-36.572042194974586,-52.40281605747694,-88.44652524130896,-13.72971409440349,-29.560487956905845,-65.60419714073787,-15.830773862502355,-51.874483046334376,-36.04370918383202,2.101059768098864,38.144768951930885,6.483221226926176,20.212935321329667
2025-05-08,-23.165703712645723,-36.89701392513136,-52.773487128184506,-87.44916255767308,-13.731310212485639,-29.607783415538783,-64.28345884502735,-15.876473203053145,-50.552148632541716,-34.67567542948857,2.1451629905675063,36.82083842005608,5.067892013949788,18.799202226435426
2025-05-09,-22.535116589791883,-36.82861991906958,-52.79172266072551,-87.59879337333834,-14.293503329277698,-30.25660607093363,-65.06367678354646,-15.96310274165593,-50.77017345426876,-34.80707071261283,1.6695994123782327,36.47667012499106,4.5504646416791985,18.843967970956896
2025-05-12,-19.828816921773118,-34.45561351402971,-50.5305396418807,-85.35252472319411,-14.62679659225659,-30.701722720107583,-65.52370780142098,-16.074926127850993,-50.8969112091644,-34.82198508131341,1.4481295355944042,36.27011461690781,4.120262361205818,18.747058953462414
2025-05-13,-21.38193787636906,-34.940193833033774,-50.531134385345624,-85.74585368708281,-13.558255956664713,-29.149196508976562,-64.36391581071375,-15.59094055231185,-50.80565985404904,-35.21471930173719,2.03268459564714,37.24740389738433,6.065522792760632,19.62377874942534
2025-05-14,-20.84167005399795,-35.34558934116072,-51.71448449746458,-87.5095951409782,-14.503919287162766,-30.87281444346663,-66.66792508698026,-16.368895156303864,-52.16400579981749,-35.795110643513624,1.864975869141098,37.66008651265472,4.922296200046986,19.42621548720976
2025-05-15,-20.456359293015236,-34.35648585874937,-51.41901590442717,-85.466124535614,-13.900126565734137,-30.962656611411933,-65.00976524259876,-17.062530045677796,-51.10963867686463,-34.04710863118683,3.162403479943663,37.20951211113049,3.0844520197749006,16.98457858550904
2025-05-16,-20.793110391245364,-34.21094125224586,-51.20009667046395,-85.383045309296,-13.417830861000496,-30.406986279218586,-64.58993491805063,-16.98915541821809,-51.172104057050134,-34.182948638832045,3.5713245572175936,37.75427319604964,3.775962359613459,17.193793220613955
2025-05-19,-20.184761652212124,-34.683618230528126,-52.01417810538946,-85.80918905861203,-14.498856578316001,-31.829416453177338,-65.62442740639992,-17.330559874861336,-51.12557082808391,-33.79501095322257,2.831703296545335,36.62671424976791,1.965594500045242,16.464451078361236
2025-05-20,-21.924334377697274,-36.47869841663951,-54.30407992223812,-88.396048941597,-14.554364038942236,-32.37974554454084,-66.47171456389972,-17.825381505598607,-51.91735052495749,-34.091969019358885,3.2710174666563745,37.36298648601526,1.712223474818046,16.26658751376027
2025-05-21,-21.527961578608856,-36.99546343994808,-55.22355996478119,-90.0274819006202,-15.467501861339226,-33.695598386172335,-68.49952032201135,-18.228096524833106,-53.03201846067212,-34.803921935839014,2.760594663493876,37.56451659933289,1.1083235496666788,16.57582541100591
2025-05-22,-23.099817917145415,-36.72270103976945,-54.09343565811318,-88.89495871617541,-13.622883122624032,-30.993617740967764,-65.79514079903,-17.370734618343732,-52.17225767640596,-34.80152305806223,3.7478514957197007,38.54937455378193,3.807905317094466,17.430788439718498
2025-05-23,-25.257866362347727,-37.67256233339125,-55.55503952901213,-90.65635635624459,-12.414695971043521,-30.2971731666644,-65.39848999389686,-17.88247719562088,-52.98379402285334,-35.10131682723246,5.467781224577358,40.56909805180982,4.804143660568059,17.218839631611573
2025-05-27,-23.83901873674428,-38.217795892779584,-54.942178921243155,-89.83759189273401,-14.378777156035305,-31.103160184498876,-65.99857315598973,-16.72438302846357,-51.61979599995443,-34.895412971490856,2.3456058724282656,37.24101884391912,3.7922527869919804,18.17102994302728
2025-05-28,-23.501297870010607,-37.28116335585972,-54.42960732404085,-88.61749351210256,-13.779865485849111,-30.928309454030245,-65.11619564209195,-17.148443968181134,-51.33633015624284,-34.187886188061704,3.368578482332019,37.55646467039372,3.259576734031455,17.03944221988057
2025-05-29,-25.83263806036169,-36.69016395068332,-54.03942366192833,-88.97369957518464,-10.857525890321632,-28.206785601566644,-63.14106151482295,-17.34925971124501,-52.28353562450132,-34.93427591325631,6.491733820923379,41.42600973417969,6.727490311689664,17.585016202011303
2025-05-30,-22.543781007170473,-34.76974665608354,-53.00538802798434,-87.88407483336212,-12.225965648913068,-30.461607020813865,-65.34029382619164,-18.235641371900797,-53.11432817727858,-34.87868680537778,6.00967572298773,40.88836252836551,4.417079784563924,16.643045433476985
2025-06-02,-22.19412722820855,-35.077765867688,-53.31550134726059,-88.60292933163905,-12.88363863947945,-31.121374119052042,-66.4088021034305,-18.237735479572592,-53.525163463951046,-35.28742798437845,5.354096840093142,40.641524824471595,4.166053865326404,17.04969250480586
2025-06-03,-22.23230359399868,-35.9641488560146,-53.32317062086411,-88.37117538011326,-13.731845262015923,-31.090867026865432,-66.13887178611458,-17.35902176484951,-52.407026524098654,-35.048004759249146,3.627176502833585,38.67518126208273,3.957137732383714,17.688982994399638
2025-06-04,-21.156732693005065,-33.386313634947214,-50.929843165885245,-85.48159283968815,-12.22958094194215,-29.77311047288018,-64.32486014668308,-17.54352953093803,-52.09527920474093,-34.5517496738029,5.313948588995885,39.86569826279879,4.778639200922726,17.00822014286487
2025-06-05,-22.613319786734245,-34.86476743017541,-51.044644383340774,-85.26237151765707,-12.251447643441168,-28.43132459660653,-62.64905173092283,-16.179876953165362,-50.39760408748166,-34.2177271343163,3.9284293097241942,38.14615644404049,5.786402537709762,18.03785018115093
2025-06-06,-22.760612386688763,-35.43686273841122,-52.01265704737206,-85.79908940285934,-12.676250351722459,-29.252044660683296,-63.038477016170575,-16.575794308960837,-50.362226664448116,-33.78643235548728,3.8995439572383788,37.68597631272566,4.534387694803982,17.21063804652644
2025-06-09,-22.73761191839645,-35.307767671832565,-51.68759091100266,-85.02927981083532,-12.570155753436115,-28.94997899260621,-62.291667892438866,-16.379823239170094,-49.721512139002755,-33.34168889983266,3.809667485733982,37.15135638556664,4.391709907226456,16.961865660662568
2025-06-10,-22.013793185295725,-34.130949790600695,-50.95507075573078,-83.94089353911767,-12.11715660530497,-28.941277570435055,-61.92710035382194,-16.824120965130085,-49.80994374851697,-32.98582278338689,4.706964359825115,37.692787143212,4.044545212951832,16.1617018182568
2025-06-11,-21.424128480055813,-34.411621595854314,-50.81454571587183,-84.38084723926984,-12.9874931157985,-29.390417235816017,-62.95671875921403,-16.402924120017516,-49.96922564341553,-33.56630152339801,3.415431004219016,36.98173252761703,4.175884287581994,17.163377403380494
2025-06-12,-22.522692963329895,-34.48060285377959,-50.992894846748584,-84.35542640152423,-11.957909890449692,-28.47020188341869,-61.83273343819433,-16.512291992968997,-49.87482354774464,-33.36253155477564,4.554382102519305,37.91691365729495,4.892329671356947,16.850239561806646
2025-06-13,-23.249466741166103,-34.532177016149745,-51.808111757582594,-85.49185289255057,-11.282710274983643,-28.55864501641649,-62.242386151384466,-17.27593474143285,-50.95967587640082,-33.683741134967974,5.993224466449206,39.67696560141718,5.1250961185514825,16.407806393535125
2025-06-16,-23.243243308634163,-34.94265060671955,-52.690897104576216,-86.55500319312965,-11.69940729808539,-29.447653795942053,-63.31175988449549,-17.748246497856663,-51.6123525864101,-33.864106088553434,6.0488391997712725,39.91294528832471,4.416452292611382,16.115859590696772
2025-06-17,-21.25081904981578,-34.466947178649974,-51.02764848478905,-84.88241681009629,-13.216128128834193,-29.776829434973266,-63.631597760280506,-16.560701306139073,-50.415469631446314,-33.85476832530724,3.3445731773048806,37.19934150261212,4.077938890333968,17.294067019168168
2025-06-18,-22.208872871369323,-34.00626958503654,-51.0744231126337,-85.34367628124384,-11.797396713667219,-28.86555024126438,-63.13480340987452,-17.06815352759716,-51.3374066962073,-34.26925316861014,5.2707568139299426,39.540009982540084,5.403702927345762,17.201099641012988
2025-06-20,-22.496867094192254,-35.20993656562936,-53.265783615096886,-87.7705279372102,-12.713069471437109,-30.768916520904632,-65.27366084301795,-18.055847049467523,-52.56059137158084,-34.50474432211332,5.3427775780304145,39.84752190014373,3.7358278012086856,16.448897272645794
2025-06-23,-23.79559273417908,-37.270736248333634,-55.30762343371607,-89.61697952514646,-13.475143514154553,-31.512030699536986,-65.82138679096738,-18.036887185382433,-52.34624327681283,-34.309356091430395,4.56174367122788,38.871099762658275,2.797325391893409,16.272468906047962
2025-06-24,-23.019155316576125,-35.087546040948546,-53.89388366530263,-89.53399233429585,-12.06839072437242,-30.874728348726507,-66.51483701771971,-18.806337624354086,-54.4464462933473,-35.640108668993214,6.737946899981665,42.37805556897488,4.765380320266701,16.83377104463912
2025-06-25,-24.375056934432315,-34.5065805190254,-53.19800134458696,-87.61733233946201,-10.131523584593083,-28.822944410154648,-63.242275405029694,-18.691420825561565,-53.11075182043661,-34.41933099487505,8.559897240968482,42.97922823584353,5.596386584720406,15.727910169313489
2025-06-26,-23.72751960345294,-35.52996069604997,-53.9788132786446,-88.76977154956825,-11.802441092597029,-30.25129367519166,-65.0422519461153,-18.448852582594633,-53.23981085351828,-34.790958270923646,6.646411489997604,41.43736976092125,4.539664595731978,16.342105688329013
2025-06-27,-25.497295461828173,-36.24561034583627,-54.20017850388747,-87.67424479428341,-10.748314884008096,-28.702883042059298,-62.17694933245524,-17.954568158051202,-51.42863444844714,-33.47406629039594,7.206253274043107,40.680319564439046,4.771183248336641,15.519498132344737
2025-06-30,-22.584076346212754,-36.06769180510212,-52.7630393282966,-86.54089779091775,-13.483615458889368,-30.178962982083846,-63.956821444705,-16.695347523194478,-50.47320598581563,-33.777858462621154,3.21173206430511,36.989590526926264,3.5988954805373083,17.082510939426683
2025-07-01,-24.598578220883383,-36.44973467620378,-52.13998739371179,-84.93201543267297,-11.8511564553204,-27.54140917282841,-60.33343721178959,-15.69025271750801,-48.48228075646919,-32.79202803896118,3.83909626218761,36.63112430114879,5.250618866132768,17.10177532145316
2025-07-02,-24.47695006639914,-36.99345640433154,-53.29734116814562,-85.97736264519185,-12.516506337932398,-28.82039110174648,-61.500412578792705,-16.303884763814082,-48.98390624086031,-32.680021477046225,3.787378425881684,36.46739990292791,3.8596303752997443,16.376136713232142
2025-07-03,-25.42235800457413,-38.09703560283091,-53.37271300242019,-85.15219790085906,-12.674677598256778,-27.950354997846063,-59.729839896284936,-15.275677399589284,-47.05516229802816,-31.779484898438874,2.600999801332506,34.38048469977138,3.829129900592804,16.503807498849582
2025-07-07,-26.036520713185052,-37.58176038997165,-53.641419948661095,-85.60212266742555,-11.545239676786597,-27.604899235476044,-59.56560195424049,-16.059659558689447,-48.0203622774539,-31.960702718764452,4.514419881902853,36.475122600667305,4.355803483288412,15.901043160075005
2025-07-08,-24.418124551562983,-38.576318699405256,-54.97417428990303,-86.2846724251562,-14.158194147842273,-30.55604973834005,-61.86654787359322,-16.397855590497777,-47.708353725750946,-31.31049813525317,2.2396614426555033,33.55015957790867,0.7544483969131193,14.912642544755386
2025-07-09,-25.212870958574207,-37.53093448469378,-53.37047532551442,-84.99672533247278,-12.318063526119573,-28.157604366940213,-59.78385437389857,-15.83954084082064,-47.465790847779,-31.626250006958358,3.521477314701066,35.147727321659424,3.4686456400181385,15.786709166137712
2025-07-10,-24.91140205644453,-38.012468918580744,-53.932744869521976,-84.6632938008117,-13.101066862136214,-29.021342813077446,-59.75189174436717,-15.920275950941232,-46.65082488223096,-30.730548931289725,2.8192090888050174,33.54975802009474,1.709206118212279,14.8102729803485
2025-07-11,-24.055727865291576,-38.157399549320424,-55.03251896630332,-86.35154191689303,-14.101671684028847,-30.976791101011745,-62.295814051601454,-16.875119416982898,-48.1941423675726,-31.319022950589705,2.773447732954047,34.09247068354375,0.3422318495779564,14.443903533606814
2025-07-14,-25.25375184542944,-38.03212037391499,-54.43101973253381,-85.53685038990429,-12.77836852848555,-29.17726788710437,-60.283098544474846,-16.39889935861882,-47.504730015989296,-31.105830657370475,3.6205308301332693,34.726361487503745,1.9285627702660975,14.706931298751655
2025-07-15,-24.335187955916602,-38.445733115191594,-55.138409334200134,-86.02107336102121,-14.110545159274992,-30.80322137828353,-61.68588540510461,-16.69267621900854,-47.575340245829615,-30.882664026821075,2.5821310597335483,33.46479508655462,0.07944264853755101,14.189987807812528
2025-07-16,-24.646590185738226,-38.032562819941695,-54.73513040435671,-86.06105448774474,-13.385972634203469,-30.088540218618483,-61.414464302006515,-16.702567584415014,-48.028491667803046,-31.32592408338803,3.3165949502115453,34.64251903359958,1.237383864769555,14.62335649897301
2025-07-17,-24.57266052085516,-36.82910543683602,-54.3212777337108,-85.15583396787383,-12.256444915980858,-29.748617212855642,-60.58317344701867,-17.492172296874784,-48.326728531037816,-30.83455623416303,5.235727380893927,36.07028361505696,1.0859390213073823,13.342383937288247
2025-07-18,-25.024819900498542,-36.65998621449842,-53.55598571909299,-85.03980674936322,-11.635166313999875,-28.531165818594445,-60.01498684886468,-16.89599950459457,-48.379820534864805,-31.483821030270235,5.2608331905946955,36.74465422086493,2.95265521167579,14.587821525675665
2025-07-21,-24.190806383045516,-36.674266313308166,-53.37424252448337,-84.32231075350796,-12.48345993026265,-29.183436141437856,-60.13150437046245,-16.699976211175205,-47.6480444401998,-30.948068229024592,4.2165162809125505,35.16458450993714,1.7646320875867332,14.248092017849388
2025-07-22,-24.829430846669844,-35.88164692774454,-52.212259447877955,-83.26599055087715,-11.052216081074697,-27.38282860120811,-58.436559704207305,-16.330612520133414,-47.38434362313261,-31.053731102999194,5.278396439058717,36.33212754205791,3.6709025017910903,14.72311858286578
2025-07-23,-24.833599042474177,-36.59844767290701,-52.24772562638802,-81.89327360571,-11.76484863043283,-27.41412658391384,-57.059674563235816,-15.649277953481011,-45.294825932802986,-29.645547979321975,3.884429323048181,33.529977302370156,2.231421395408134,13.996270025840971
2025-07-24,-24.467188877094472,-36.505598496588966,-53.045570633453785,-83.12941148005697,-12.038409619494495,-28.578381756359313,-58.6622226029625,-16.53997213686482,-46.62381298346801,-30.083840846603188,4.501562517370324,34.58540336397351,1.5054590902438747,13.543868709738376
2025-07-25,-25.566146400278676,-35.320550651897875,-51.55390248232954,-81.33776404749212,-9.7544042516192,-25.987756082050865,-55.77161764721344,-16.233351830431666,-46.01721339559424,-29.783861565162574,6.478947578812466,36.26280914397504,3.7961054831117025,13.550509734730909
2025-07-28,-24.264154855613018,-35.27160558558804,-51.624213375239414,-82.08519884755346,-11.007450729975023,-27.360058519626396,-57.82104399194044,-16.352607789651373,-46.813593261965416,-30.460985472314043,5.345157059676346,35.80614253199039,3.1009269526876437,14.108377682662663
2025-07-29,-25.45518554569859,-35.94743117250512,-51.25551640284427,-81.68483352180252,-10.492245626806529,-25.80033085714568,-56.22964797610393,-15.308085230339152,-45.7374023492974,-30.429317118958245,4.815839603532623,35.24515672249087,4.628986261812571,15.121231888619093
2025-07-30,-25.902970904073808,-36.08501699099058,-50.81820726330149,-80.97213368924115,-10.182046086916774,-24.91523635922768,-55.069162785167336,-14.733190272310907,-44.887116698250566,-30.15392642593966,4.551144185394136,34.705070611333795,5.238690066711982,15.420736153628752
2025-07-31,-22.271082518426244,-36.07149908326868,-52.01117682108083,-83.92501368866405,-13.800416564842433,-29.740094302654587,-61.65393117023781,-15.939677737812154,-47.853514605395375,-31.91383686758322,2.139261172969718,34.05309804055294,2.173742564928631,15.974159129771067
2025-08-01,-21.550975334799418,-35.141697428006324,-50.63454014494799,-83.22584279341712,-13.590722093206907,-29.083564810148573,-61.6748674586177,-15.492842716941666,-48.08414536541079,-32.591302648469124,1.9021206237347599,34.493423272203884,3.5077378383205513,17.098459931527458
2025-08-04,-24.250755037397063,-36.44663858999033,-51.69806012695366,-83.85275057411707,-12.195883552593266,-27.4473050895566,-59.601995536720004,-15.251421536963335,-47.40611198412674,-32.154690447163404,3.055537984370069,35.21022843153347,4.707385357606796,16.90326891020007
2025-08-05,-24.503129191885307,-35.91899271693384,-52.14673733555833,-84.53103206492823,-11.415863525048536,-27.64360814367302,-60.02790287304292,-16.227744618624484,-48.61203934799438,-32.3842947293699,4.811881093575948,37.19617582294585,4.740686585696878,16.156550110745414
2025-08-06,-23.260789503976476,-35.57825832895536,-51.16202805528371,-83.1738366289664,-12.317468824978882,-27.901238551307237,-59.91304712498992,-15.583769726328356,-47.59557830001104,-32.011808573682686,3.2663009013494744,35.27810947503216,4.110570022375441,16.42803884735433
2025-08-07,-23.591697105641707,-35.776602156216384,-51.28332478198541,-82.83798113292579,-12.184905050574677,-27.6916276763437,-59.246284027284084,-15.506722625769022,-47.061378976709406,-31.554656350940384,3.321817575194345,34.87647392613473,3.863028674596677,16.04793372517136
2025-08-08,-24.050775378734723,-36.376536574157385,-51.23254600751168,-82.548101938597,-12.325761195422661,-27.181770628776956,-58.49732655986227,-14.856009433354295,-46.171565364439616,-31.31555593108532,2.5302482379316373,33.84580416901696,4.133785302308368,16.459546497731026
2025-08-11,-24.371512498642023,-36.04290854526031,-50.539087044408504,-82.01247012617694,-11.671396046618288,-26.16757454576648,-57.64095762753492,-14.496178499148193,-45.969561580916626,-31.473383081768432,2.8247824525299023,34.298165534298334,5.305808536001948,16.97720458262023
2025-08-12,-23.95913226755284,-36.3402195762291,-50.7296894405159,-82.24883954189232,-12.381087308676264,-26.77055717296306,-58.289707274339484,-14.389469864286795,-45.90861996566322,-31.519150101376425,2.008382555610531,33.527532656986956,4.748592928413359,17.12968023708963
2025-08-13,-23.142243077012825,-35.51293410576237,-50.34650774936136,-82.04935338690449,-12.370691028749544,-27.204264672348533,-58.907110309891664,-14.833573643598989,-46.536419281142116,-31.702845637543128,2.462882614849441,34.16572825239257,4.498580965194591,16.86927199394414
2025-08-14,-24.99084441788049,-35.472933924791406,-50.00800546383135,-81.1423473485008,-10.482089506910917,-25.017161045950864,-56.15150293062032,-14.535071539039947,-45.6694134237094,-31.134341884669453,4.05298203212903,35.18732391679848,6.117180838718582,16.599270345629506
2025-08-15,-24.182209186916516,-35.86042377966714,-51.95237671092152,-81.70205930283939,-11.67821459275062,-27.770167524005004,-57.51985011592287,-16.091952931254383,-45.84163552317225,-29.749682591917868,4.413738338503762,34.16342093042163,1.979515067912871,13.657729660663477
2025-08-18,-24.39166059110378,-35.638988499643574,-52.31656486348149,-81.69866586222527,-11.247327908539795,-27.92490427237771,-57.30700527112149,-16.677576363837915,-46.059677362581695,-29.38210099874378,5.43024845529812,34.8123494540419,1.457196726366064,12.704524634905866
2025-08-19,-24.668544382873314,-35.274465515811485,-51.875713935682334,-81.32436234297415,-10.605921132938171,-27.20716955280902,-56.65581796010084,-16.60124841987085,-46.04989682716267,-29.44864840729182,5.995327286932678,35.4439756942245,2.241478854482807,12.847399987420971
2025-08-20,-24.218699418086942,-34.98093266934812,-50.959306893457956,-80.47120167408126,-10.76223325126118,-26.740607475371014,-56.252502255994315,-15.978374224109835,-45.490269004733136,-29.5118947806233,5.216140972848656,34.72803575347196,2.7712873052522866,13.533520556513466
2025-08-21,-25.00639113529641,-35.33244023715025,-51.45663813126089,-81.77202587327228,-10.32604910185384,-26.450246995964477,-56.76563473797587,-16.124197894110637,-46.43958563612203,-30.315387742011396,5.7981487922567965,36.11353653426819,3.8651407460469187,14.191189847900759
2025-08-22,-25.12535755967651,-35.0646183850214,-50.789036871884676,-81.11475063273002,-9.939260825344888,-25.663679312208167,-55.98939307305351,-15.724418486863279,-46.050132247708625,-30.325713760845346,5.78515766151839,36.110871422363736,4.662034448637172,14.60129527398206
2025-08-25,-26.31535801827578,-36.30781077000829,-52.20619796291794,-81.74002656003383,-9.992452751732507,-25.89083994464216,-55.424668541758045,-15.898387192909652,-45.43221579002554,-29.533828597115885,5.905934441177145,35.43976303829303,3.6429886524737327,13.635441404206233
2025-08-26,-26.756622236645143,-36.41391865007604,-52.13467699133298,-82.57824506826168,-9.657296413430899,-25.378054754687838,-55.82162283161654,-15.72075834125694,-46.16432641818564,-30.4435680769287,6.06346192782604,36.50703000475474,5.065513322240861,14.72280973567176
2025-08-27,-25.61675388410447,-36.169652178302684,-52.49227687930534,-83.41940566328444,-10.552898294198215,-26.875522995200868,-57.80265177917997,-16.322624701002653,-47.24975348498175,-30.9271287839791,5.769726406804438,36.69685519078354,4.051605788778232,14.604504082976447
2025-08-28,-26.316511668629296,-36.05534574770037,-53.07921810657725,-83.5304966485233,-9.738834079071076,-26.762706437947955,-57.213984979894,-17.02387235887688,-47.475150900822925,-30.451278541946046,7.2850382798058035,37.73631682175185,3.688572103998098,13.427406183069166
2025-08-29,-25.425630049822523,-34.977810978287984,-52.374855653013256,-83.37848913534759,-9.55218092846546,-26.949225603190733,-57.95285908552507,-17.397044674725272,-48.40067815705961,-31.003633482334337,7.844863746259811,38.84849722859415,4.054407879143611,13.606588807609057
2025-09-02,-23.065534418515554,-36.2741598774742,-54.03386269365558,-84.54507093202332,-13.208625458958643,-30.968328275140024,-61.47953651350777,-17.75970281618138,-48.270911054549124,-30.511208238367743,4.551077357222738,35.06228559559048,-0.45712003677228097,12.75150542218637
2025-09-03,-22.4281482290265,-36.71771180607442,-54.01994562851562,-84.02942380725058,-14.289563577047918,-31.59179739948912,-61.601275578224076,-17.302233822441202,-47.31171200117616,-30.00947817873496,3.012670245393288,33.02214842412825,-1.582319220754158,12.707244356293756
2025-09-04,-23.246417516507112,-35.11218435620415,-52.01071918166211,-82.25890722682605,-11.865766839697041,-28.764301665155,-59.012489710318945,-16.898534825457958,-47.1467228706219,-30.248188045163943,5.032767985760913,35.280956030924855,1.48388638000894,13.349653219705985
2025-09-05,-23.53786226324832,-36.45166391304362,-52.937871972609194,-82.1587076118759,-12.913801649795296,-29.400009709360873,-58.620845348627576,-16.486208059565577,-45.70704369883228,-29.220835639266703,3.572406409770281,32.793242049036984,-0.17917407009416308,12.734627579701126
2025-09-08,-23.80132541471007,-36.344223986207204,-52.34557728025435,-81.89376160243688,-12.542898571497133,-28.544251865544283,-58.09243618772681,-16.00135329404715,-45.54953761622968,-29.54818432218253,3.458454722550016,33.006639044732545,1.003932456638239,13.546831028135387
2025-09-09,-24.27188572000256,-36.97281433278094,-52.45768424596218,-82.11762725712629,-12.70092861277838,-28.185798525959616,-57.84574153712373,-15.484869913181235,-45.144812924345345,-29.65994301116411,2.7839413004028515,32.44388431156696,1.4741444852044907,14.175073097982875
2025-09-10,-25.48193003714818,-37.39253265938154,-52.55639284058433,-83.02316032957289,-11.910602622233355,-27.07446280343615,-57.54123029242471,-15.163860181202793,-45.63062767019135,-30.46676748898856,3.2532575589694375,33.720025047957996,3.3923046855524177,15.302907307785759
2025-09-11,-24.88114346528416,-36.95384512482249,-51.988277103977424,-81.79805384581789,-12.072701659538332,-27.107133638693263,-56.91691038053373,-15.034431979154931,-44.8442087209954,-29.809776741840466,2.961730319616599,32.771507061457065,2.70264310314721,14.775344762685535
2025-09-12,-25.120694055555504,-37.09794345887061,-52.754538186702504,-82.51376455034047,-11.977249403315106,-27.633844131147,-57.393070494784965,-15.656594727831894,-45.41582109146986,-29.759226363637964,3.679345324516788,33.43857168815475,2.1253822324909635,14.102631635806077
2025-09-15,-24.737844000454736,-37.11764803243134,-52.616076124457976,-82.32984757501636,-12.379804031976605,-27.87823212400324,-57.59200357456162,-15.498428092026636,-45.21219954258502,-29.713771450558383,3.1186240600500312,32.832395510608414,1.8355393265551498,14.21534335853174
2025-09-16,-24.00433504476269,-37.1434311154879,-52.327063843896006,-81.90393963318279,-13.13909607072521,-28.322728799133316,-57.8996045884201,-15.183632728408107,-44.76050851769489,-29.57687578928678,2.0445366576828974,31.62141244696968,1.2541469901534725,14.393243060878675
2025-09-17,-21.994282408750987,-33.285013406395336,-49.0554322242875,-79.69324887696936,-11.29073099764435,-27.061149815536513,-57.69896646821837,-15.770418817892164,-46.40823547057403,-30.637816652681863,4.479687820247818,35.11750447292968,3.5766668371453534,14.8673978347897
2025-09-18,-25.07451256209925,-36.529681827906344,-51.562738334909675,-81.75993124578613,-11.455169265807093,-26.488225772810424,-56.68541868368688,-15.03305650700333,-45.23024941787979,-30.19719291087646,3.577887241196237,33.7750801520727,3.7089671380660434,15.16413640387313
2025-09-19,-23.48359123145336,-35.4024371373896,-50.932602539163696,-80.86453904049029,-11.918845905936237,-27.449011307710336,-57.380947809036925,-15.530165401774099,-45.46210190310069,-29.93193650132659,3.6113194958378614,33.54325599716445,2.4829251936162535,14.40177109955249
2025-09-22,-24.87115797894548,-36.42635844923827,-51.37667807046995,-82.16170499355813,-11.555200470292792,-26.50552009152447,-57.290547014612656,-14.950319621231678,-45.73534654431986,-30.785026923088182,3.395119150938882,34.180146074027064,4.279506831563708,15.834707301856511
2025-09-23,-24.136051476297027,-35.515342246635484,-50.59611334513403,-81.37401959888572,-11.379290770338457,-26.460061868837002,-57.2379681225887,-15.080771098498545,-45.85867735225024,-30.777906253751695,3.7014803281600877,34.47938658191178,4.317844384914693,15.69713515525315
2025-09-24,-25.045769050368616,-36.33716462255698,-51.37489620781719,-81.77537109177737,-11.291395572188367,-26.32912715744857,-56.729602041408754,-15.037731585260204,-45.43820646922039,-30.400474883960186,3.74633601307184,34.146810897032026,4.071347726511618,15.362743298699982
2025-09-25,-22.95528900862034,-34.26501079969357,-49.38795418762925,-80.98976692931954,-11.30972179107323,-26.432665179008907,-58.0344779206992,-15.122943387935678,-46.72475612962597,-31.601812741690296,3.813221596862448,35.41503433855274,5.169147562681388,16.478869353754618
2025-09-26,-22.627359333617527,-34.72241551323947,-48.91328419415251,-80.0149233727709,-12.095056179621942,-26.285924860534983,-57.38756403915337,-14.190868680913042,-45.292507859531426,-31.101639178618385,2.0958125012910997,33.197451679909484,4.815714318083408,16.910770497705343
2025-09-29,-22.2769451440751,-34.10314754091939,-48.21354113208338,-78.99106001855655,-11.826202396844288,-25.93659598800828,-56.71411487448145,-14.11039359116399,-44.887912477637165,-30.777518886473175,2.2841911943197033,33.06171008079288,4.840922898464896,16.667125295309184
2025-09-30,-21.112661618672533,-35.012645552869515,-48.66180826483553,-79.26070662942317,-13.899983934196982,-27.549146646162995,-58.148045010750636,-13.649162711966014,-44.248061076553654,-30.59889836458764,-0.25082122223096803,30.348077142356672,3.0497517184246448,16.949735652621627
2025-10-01,-21.868645096678385,-34.85218324405679,-49.06676959397633,-79.58948656116304,-12.983538147378404,-27.198124497297947,-57.72084146448466,-14.214586349919543,-44.73730331710625,-30.52271696718671,1.231048202541139,31.75376516972785,3.3245924698887706,16.308130617267167
2025-10-02,-22.13936642620706,-34.57968257803232,-47.825899617453956,-78.62831295609398,-12.440316151825257,-25.686533191246895,-56.48894652988692,-13.246217039421637,-44.04863037806166,-30.802413338640022,0.8059008875963798,31.608314226236402,5.115880147393128,17.556196299218385
2025-10-03,-23.5133482368171,-35.83235936835565,-48.845578113134636,-78.71832564962138,-12.319011131538545,-25.332229876317534,-55.204977412804276,-13.013218744778989,-42.88596628126573,-29.87274753648674,0.6942076132404438,30.566955149727185,4.540517660169215,16.859528791707753
2025-10-06,-22.66363205164921,-35.5875952186969,-48.96372252352421,-78.8137876579937,-12.923963167047688,-26.300090471875002,-56.15015560634449,-13.376127304827314,-43.2261924392968,-29.85006513446949,0.4521641377796257,30.302229272249114,3.5499746625944937,16.473937829642175
2025-10-07,-21.368939861036562,-34.37795808217552,-47.47635436975584,-76.92122727272933,-13.009018221138955,-26.107414508719277,-55.55228741169276,-13.098396287580321,-42.54326919055381,-29.444872902973486,0.0893780664413697,29.534250969414856,3.337458394254213,16.346476615393165
2025-10-08,-21.643088907460537,-34.61511081458561,-46.754576041685645,-76.0793235441,-12.972021907125075,-25.111487134225108,-54.43623463663947,-12.139465227100033,-41.464212729514394,-29.32474750241436,-0.8325566800250428,28.49219082238932,4.213260368189253,17.18528227531433
2025-10-09,-22.884758489596237,-34.232890352114694,-46.50633373892252,-76.01960550554305,-11.348131862518457,-23.621575249326284,-53.13484701594682,-12.273443386807827,-41.78671515342836,-29.513271766620534,0.9253115242893699,30.438583290909904,5.89169651729425,17.239828379812707
2025-10-10,-22.45865872193651,-34.56927138032637,-46.78623072230881,-76.26338627297629,-12.110612658389861,-24.3275720003723,-53.80472755103978,-12.216959341982438,-41.69411489264992,-29.477155550667483,0.1063466835925766,29.58350223426006,5.1495835502951905,17.260196208685045
2025-10-14,-22.809118080761912,-32.27669670951392,-45.04668354951331,-74.16927748630395,-9.467578628752008,-22.2375654687514,-51.36015940554204,-12.76998683999939,-41.892580776790034,-29.122593936790643,3.302408211247382,32.425002148038025,6.885028468039238,16.352607096791253
2025-10-15,-22.607470612316185,-33.18506273484259,-44.966538506659234,-74.03453966878546,-10.577592122526404,-22.35906789434305,-51.42706905646927,-11.781475771816645,-40.84947693394287,-29.068001162126222,1.2038836492902405,30.271884811416463,6.708933267783166,17.286525390309578
2025-10-16,-22.249017650853098,-33.32928985125969,-45.0198666883943,-73.8686773677915,-11.08027220040659,-22.770849037541204,-51.61965971693841,-11.690576837134614,-40.53938751653182,-28.848810679397204,0.6103046367280243,29.459115316125228,6.0779616418559925,17.15823384226259
2025-10-17,-23.737633357162036,-33.65674024428329,-45.64646346477712,-74.59913772755917,-9.919106887121256,-21.908830107615085,-50.86150437039713,-11.989723220493829,-40.942397483275876,-28.952674262782047,2.070616333372577,31.023290596154624,7.0438441551669655,16.962951042288218
2025-10-20,-23.54811174400311,-33.1768434574077,-45.732091957812585,-74.36523338810699,-9.62873171340459,-22.183980213809477,-50.81712164410388,-12.555248500404886,-41.18838993069929,-28.6331414302944,2.9265167870002955,31.559658217294697,6.449161216484924,16.077892929889515
2025-10-21,-22.852375548532542,-33.03414292745907,-45.100992366649926,-73.69259837358256,-10.18176737892653,-22.248616818117384,-50.84022282505001,-12.066849439190854,-40.65845544612348,-28.59160600693263,1.885082060264324,30.476688067196953,6.3429891888152525,16.524756567741775
2025-10-22,-23.576494274305617,-32.88280179960066,-44.49653236112514,-72.4702610481915,-9.30630752529504,-20.920038086819524,-48.893766773885886,-11.613730561524484,-39.58745924859085,-27.973728687066362,2.3074230362294443,30.281151723295807,7.0536906002468385,16.35999812554188
2025-10-23,-23.067638475344232,-32.658409592988136,-44.288851808442246,-72.92879795397096,-9.590771117643904,-21.221213333098014,-49.861159478626725,-11.63044221545411,-40.27038836098282,-28.63994614552871,2.0396710978102064,30.679617243338917,7.418732812430704,17.0095039300746
2025-10-24,-22.86836802182428,-31.97983504889841,-43.755321882358935,-72.10876219537204,-9.111467027074127,-20.886953860534653,-49.240394173547756,-11.775486833460526,-40.12892714647363,-28.353440313013103,2.664019806386399,31.0174601193995,7.466486452478449,16.577953479552576
2025-10-27,-22.491286677473312,-31.114002286706246,-42.039279214227896,-70.99018865393303,-8.622715609232934,-19.547992536754585,-48.49890197645972,-10.92527692752165,-39.876186367226786,-28.950909439705136,2.302561318288717,31.253470757993853,9.402916902950551,18.025632512183485
2025-10-28,-22.48494115461357,-31.04965900132788,-41.656046015569224,-70.64589685192666,-8.56471784671431,-19.171104860955655,-48.1609556973131,-10.606387014241346,-39.59623785059878,-28.98985083635744,2.04166916752704,31.03152000388448,9.818745975401782,18.3834638221161
2025-10-29,-23.82113239232129,-33.108242415695344,-43.64446762147782,-72.62367175803925,-9.287110023374055,-19.823335229156534,-48.80253936571796,-10.536225205782479,-39.51542934234391,-28.979204136561428,1.2491151824084241,30.228319318969852,9.155868907404894,18.44297893077895
2025-10-30,-22.617948743713878,-32.44545313156446,-43.23988590345182,-72.33475422260862,-9.827504387850585,-20.621937159737943,-49.71680547889474,-10.794432771887358,-39.88930109104416,-29.094868319156802,0.9669283840367768,30.06179670319358,8.472931159418863,18.300435547269444
2025-10-31,-20.31468585762566,-29.81075823024679,-41.090822707230366,-70.8496050015786,-9.496072372621132,-20.776136849604708,-50.53491914395293,-11.280064476983576,-41.038846771331805,-29.75878229434823,1.7839921043624472,31.542774398710677,8.982645444743525,18.478717817364654
2025-11-03,-20.75280209928545,-30.750961957460365,-42.4476912790718,-71.90444902022439,-9.998159858174915,-21.694889179786347,-51.151646920938944,-11.696729321611432,-41.15348706276403,-29.456757741152593,1.6985694634365203,31.155327204589113,7.761868561366242,17.760028419541158
2025-11-04,-20.55990075994032,-29.89886120078049,-41.64742618445967,-71.29870881909848,-9.338960440840172,-21.08752542451935,-50.73880805915816,-11.748564983679177,-41.39984761831799,-29.65128263463881,2.4096045428390056,32.06088717747782,8.563757210119462,17.90271765095963
2025-11-05,-20.708023940923013,-31.18094531027724,-42.98995631322193,-72.8736178865253,-10.472921369354228,-22.281932372298918,-52.16559394560228,-11.80901100294469,-41.69267257624806,-29.883661573303364,1.3360896335904613,31.219751206893825,7.601729201004446,18.07465057035867
2025-11-06,-20.911117760108723,-31.12256214488398,-43.172175917042296,-73.57091912914187,-10.211444384775255,-22.261058156933572,-52.65980136903315,-12.049613772158317,-42.44835698425789,-30.398743212099575,1.8381693873830613,32.236912599482636,8.137685055166003,18.349129439941258
2025-11-07,-19.889767417603508,-29.90578880245507,-42.72544097817628,-73.21014839143984,-10.016021384851562,-22.835673560572772,-53.320380973836336,-12.81965217572121,-43.304359588984774,-30.484707413263564,2.803630790869647,33.28833820413321,7.649033852690792,17.665055237542354
2025-11-10,-20.152276232643196,-30.999041838245844,-43.67363193679075,-73.5917022389077,-10.846765605602648,-23.521355704147553,-53.439426006264505,-12.674590098544904,-42.592660400661856,-29.918070302116952,1.8278244929422556,31.745894795059208,6.3967145979693925,17.243480203572048
2025-11-12,-20.822225605061018,-30.23296567014033,-41.45931956259812,-71.39963552069153,-9.410740065079313,-20.6370939575371,-50.57740991563051,-11.226353892457787,-41.1666698505512,-29.940315958093414,1.8156138273784777,31.755929785471892,9.303222000556318,18.713962065635627
2025-11-13,-20.372573577482235,-30.59146222358593,-41.81929055728442,-71.6427481867993,-10.218888646103693,-21.446716979802183,-51.27017460931706,-11.22782833369849,-41.05128596321337,-29.823457629514877,1.008939687594797,30.832397317109674,8.376740649712694,18.595629295816387
2025-11-14,-21.649895541597843,-30.988017812373812,-41.676312492790224,-72.35598862168722,-9.338122270775969,-20.02641695119238,-50.706093080089374,-10.688294680416412,-41.367970809313405,-30.679676128896993,1.350172409640443,32.029848538537436,10.653259177704612,19.99138144848058
2025-11-17,-20.943407671605385,-30.60148017755835,-43.42588263885578,-72.61294667522611,-9.658072505952966,-22.482474967250397,-51.66953900362073,-12.824402461297431,-42.01146649766776,-29.18706403637033,3.166329955344466,32.353393991714796,6.704589069119933,16.3626615750729
2025-11-18,-22.64740122317006,-31.1319604863173,-43.61421097910289,-73.39774238630321,-8.48455926314724,-20.966809755932832,-50.75034116313314,-12.482250492785592,-42.26578189998591,-29.783531407200314,3.997691229638349,33.78122263683866,8.816721651267486,17.30128091441472
2025-11-19,-20.949377042700323,-30.553529487891893,-43.66357779548991,-73.55342551660229,-9.60415244519157,-22.714200752789584,-52.60404847390197,-13.110048307598014,-42.999896028710396,-29.889847721112382,3.5058958624064402,33.39574358351882,7.175646968322795,16.779799413514368
2025-11-20,-21.656074647663814,-30.924140741590065,-43.513247962078516,-73.26182993256398,-9.268066093926251,-21.857173314414702,-51.60575528490017,-12.58910722048845,-42.33768919097392,-29.748581970485468,3.3210411265622,33.06962309704767,7.891408656070766,17.159474749997017
2025-11-21,-22.57833422390454,-30.372609737227705,-42.57635622521696,-72.80610320827816,-7.794275513323164,-19.99802200131242,-50.22776898437362,-12.203746487989257,-42.433493471050454,-30.229746983061197,4.4094709746660925,34.63921795772729,10.231724981748776,18.02600049507194
2025-11-24,-21.16601094557984,-29.726318029230647,-42.61452120427873,-73.09696115735483,-8.560307083650809,-21.448510258698892,-51.930950211774984,-12.888203175048083,-43.37064312812418,-30.482439953076096,4.327896091397278,34.810336044473374,9.033929694377207,17.594236778028012
2025-11-25,-22.332945789428837,-29.4706172469509,-41.896498463827655,-72.40289385930794,-7.137671457522064,-19.563552674398817,-50.0699480698791,-12.425881216876753,-42.932276612357036,-30.506395395480283,5.288209759354686,35.79460515483497,10.942842721081462,18.08051417860353
2025-11-26,-22.19626987171153,-28.754817954622382,-40.579142863406005,-70.13730605834736,-6.558548082910853,-18.382872991694477,-47.941036186635834,-11.824324908783623,-41.38248810372498,-29.558163194941358,5.26577682587277,34.82394002081413,11.175290203246881,17.733838286157734
2025-11-28,-22.600269063223834,-28.920508259741773,-39.693203781199045,-69.34385921015154,-6.320239196517939,-17.09293471797521,-46.7435901469277,-10.772695521457273,-40.42335095040976,-29.65065542895249,4.452456324939334,34.103111753891824,12.557720710977279,18.877959907495217
2025-12-01,-20.6674486136043,-29.436352969377833,-40.48223984806958,-70.8700261328004,-8.768904355773532,-19.814791234465282,-50.202577519196105,-11.04588687869175,-41.43367316342257,-30.387786284730822,2.2769825229182175,32.66476880764904,10.57299505026554,19.341899406039076
2025-12-02,-19.648231219006718,-29.717900562949538,-41.046634390989745,-71.1826503491105,-10.06966934394282,-21.398403171983027,-51.534419130103785,-11.328733828040207,-41.464749786160965,-30.13601595812076,1.2590644840973866,31.395080442218145,8.737612786137731,18.80728213008055
2025-12-03,-20.374893148752005,-29.495655774633754,-41.03048001683081,-71.03143693375867,-9.12076262588175,-20.655586868078803,-50.65654378500666,-11.534824242197054,-41.535781159124916,-30.000956916927862,2.4140616163153084,32.41501853324317,9.345370048849063,18.466132674730808
2025-12-04,-19.958835181407597,-29.626162320614256,-41.03498742080842,-70.76029870028711,-9.667327139206659,-21.076152239400823,-50.801463518879515,-11.408825100194164,-41.13413637967285,-29.72531127947869,1.7414979609875019,31.46680924046619,8.649159040077862,18.316486179284524
2025-12-05,-19.71179527375981,-29.289045045704178,-40.20278721980319,-70.49674308296999,-9.577249771944366,-20.49099194604338,-50.78494780921017,-10.913742174099013,-41.20769803726581,-30.293955863166794,1.3364924021546472,31.63044826532144,9.802963917123414,19.38021368906778
2025-12-08,-18.81658592160167,-28.932427214840793,-40.02601567012065,-69.77361993219606,-10.115841293239122,-21.20942974851898,-50.957034010594384,-11.093588455279857,-40.84119271735526,-29.747604262075406,0.9777471620407354,30.72535142411614,8.538174513556427,18.65401580679555
2025-12-09,-18.80678217233731,-28.40402393748058,-39.74997327468559,-69.9065039349633,-9.59724176514327,-20.943191102348276,-51.09972176262599,-11.345949337205006,-41.502479997482716,-30.15653066027771,1.7487075720617327,31.905238232339443,9.21333955792943,18.810581323072704
2025-12-10,-15.203735773432792,-23.328144263288575,-36.3824805048667,-68.46110407987389,-8.124408489855783,-21.17874473143391,-53.2573683064411,-13.054336241578124,-45.13295981658531,-32.07862357500719,4.929927751722339,37.00855132672953,10.899878843573283,19.024287333429072
2025-12-11,-17.38926502358091,-27.228864381214947,-39.5661449282632,-70.52200599004709,-9.839599357634036,-22.176879904682288,-53.13274096646618,-12.337280547048252,-43.293141608832144,-30.955861061783892,2.497681189414216,33.45354225119811,8.778981157101605,18.61858051473564
2025-12-12,-16.733506423146594,-27.63564600309527,-40.14427390487904,-71.67630837667352,-10.902139579948678,-23.41076748173245,-54.942801953526924,-12.508627901783772,-44.04066237357824,-31.532034471794475,1.6064883218350943,33.13852279362957,8.121266990062026,19.023406570010707
2025-12-15,-17.62086832697478,-26.993887556500784,-39.31132715209347,-70.47096716718109,-9.373019229526005,-21.69045882511869,-52.85009884020631,-12.317439595592685,-43.477079610680306,-31.159640015087618,2.94442036606668,34.1040603811543,9.469181189968928,18.84220041949493
2025-12-16,-16.584511546939275,-26.19207991319259,-38.15750543924934,-69.18671043754578,-9.607568366253314,-21.572993892310066,-52.60219889060651,-11.965425526056752,-42.9946305243532,-31.029204998296443,2.3578571598034372,33.38706215809988,9.456211105986377,19.063779472239688
2025-12-17,-18.00293707225333,-26.329612989364605,-37.83433537924661,-69.38753756745832,-8.326675917111274,-19.83139830699328,-51.38460049520499,-11.504722389882005,-43.05792457809372,-31.553202188211714,3.178046472770731,34.731248660982445,11.721803881218435,20.04847979832971
2025-12-18,-17.49301435367272,-26.08613420137096,-37.52410463981657,-68.45749144540659,-8.59311984769824,-20.03109028614385,-50.96447709173387,-11.43797043844561,-42.37135724403563,-30.93338680559002,2.8448505907473702,33.77823739633739,10.902296519446168,19.495416367144408
2025-12-19,-17.02601580246896,-26.193890894323644,-38.020996247945284,-68.70294677700394,-9.167875091854683,-20.994980445476322,-51.67693097453498,-11.82710535362164,-42.5090558826803,-30.68195052905866,2.6592302617669574,33.34118079082562,9.686970083582338,18.85484517543702
2025-12-22,-17.898514428620558,-25.32773997796669,-37.29781255931468,-69.05686989850297,-7.429225549346132,-19.39929813069412,-51.15835546988241,-11.970072581347988,-43.72912992053628,-31.75905733918829,4.540847032001857,36.299904371190145,12.359759208494168,19.788984757840296
2025-12-23,-18.696745353414144,-26.606514753011503,-37.79873513171572,-68.39433371099935,-7.909769399597359,-19.10198977830158,-49.697588357585204,-11.19222037870422,-41.787818957987845,-30.595598579283624,3.282450979106862,33.87804955839049,11.493608800982045,19.403378200579404
2025-12-24,-18.61847331761961,-26.348229935090295,-36.89794742312578,-67.49516911218434,-7.729756617470684,-18.279474105506168,-48.87669579456473,-10.549717488035483,-41.14693917709405,-30.597221689058564,2.819960870564799,33.41718255962336,12.317747583552396,20.04750420102308
2025-12-26,-18.023942404842643,-25.40093431122208,-36.44566522043764,-67.23324211538983,-7.376991906379438,-18.421722815594997,-49.209299710547185,-11.04473090921556,-41.83230780416775,-30.78757689495219,3.6677390028361216,34.45531589778831,12.365854079357192,19.74284598573663
2025-12-29,-18.304924842846493,-24.922042912643548,-35.66627551606727,-66.8432194215141,-6.617118069797055,-17.36135067322078,-48.53829457866762,-10.744232603423725,-41.92117650887056,-31.176943905446834,4.127114533626671,35.3040584390735,13.81559323222605,20.432711302023108
2025-12-30,-16.941002693491967,-24.48083704418762,-35.35632038743191,-66.11971002876854,-7.539834350695653,-18.41531769393994,-49.17870733527657,-10.875483343244287,-41.638872984580914,-30.76338964133663,3.3356489925486343,34.099038633885264,12.34807194739669,19.887906298092346
2025-12-31,-16.99899390239534,-27.871099882014903,-38.26716846759544,-68.94885944688056,-10.872105979619562,-21.2681745652001,-51.94986554448522,-10.396068585580537,-41.07775956486566,-30.681690979285122,-0.47603739403902523,30.205653585246097,9.413516414085024,20.285622393704585
2026-01-02,-16.23833770929135,-25.947770687408322,-36.493933042474815,-67.50087259816766,-9.709432978116972,-20.255595333183464,-51.26253488887631,-10.546162355066492,-41.55310191075934,-31.006939555692846,0.8367293769495205,31.843668932642366,10.751344222509381,20.460777200626353
2026-01-05,-16.142025668113558,-25.98716994115304,-36.59723369205543,-67.54992066496345,-9.845144273039484,-20.455208023941875,-51.40789499684989,-10.610063750902391,-41.56275072381041,-30.95268697290802,0.7649194778629109,31.71760645077093,10.497478948966148,20.342623222005628
2026-01-06,-15.872566491759343,-25.60377907196503,-36.70578005102332,-67.65546974881423,-9.731212580205685,-20.833213559263974,-51.78290325705488,-11.102000979058289,-42.0516906768492,-30.94968969779091,1.3707883988526035,32.32047809664351,10.116476138526934,19.84768871873262
2026-01-07,-16.56950761519891,-25.849404726918657,-37.088324911588444,-67.8420466073641,-9.279897111719748,-20.518817296389535,-51.27253899216519,-11.238920184669787,-41.99264188044544,-30.753721695775653,1.959023072950039,32.71274476872569,10.234904399386117,19.514801511105865
2026-01-08,-16.436902658546735,-26.12492762739702,-37.120613192108955,-67.68293576458922,-9.688024968850286,-20.68371053356222,-51.24603310604248,-10.995685564711934,-41.558008137192196,-30.562322572480262,1.3076605958616483,31.86998316834191,9.878612038918043,19.56663700776833
2026-01-09,-16.593150714198266,-25.020616387930872,-35.73293601647967,-66.30585069267153,-8.427465673732605,-19.139785302281403,-49.71269997847326,-10.712319628548798,-41.285234304740655,-30.572914676191857,2.2848539548161924,32.85776863100805,11.433129373910454,19.86059504764306
2026-01-12,-15.951014945273467,-25.06400254226069,-35.18167319446675,-65.83480494911029,-9.112987596987221,-19.23065824919328,-49.88379000383682,-10.117670652206058,-40.770802406849604,-30.653131754643546,1.004683055218841,31.657814809862387,11.42247350545027,20.535461102437488
2026-01-13,-16.092878264234265,-24.937684949383197,-34.82295940997568,-65.22576874686328,-8.844806685148932,-18.730081145741416,-49.132890482629016,-9.885274460592484,-40.288083797480084,-30.4028093368876,1.0404677754435525,31.443277112331153,11.672728191146184,20.517534876295116
2026-01-14,-15.833762202634238,-24.272386667564263,-33.547228373303014,-62.811412474145634,-8.438624464930024,-17.713466170668774,-46.97765027151139,-9.274841705738751,-38.53902580658137,-29.26418410084262,0.836217240808729,30.10040134165135,11.550717930173846,19.98934239510387
2026-01-15,-15.751779932360632,-24.508527640810087,-33.77982256322252,-62.99847608256384,-8.756747708449454,-18.028042630861883,-47.246696150203206,-9.27129492241243,-38.489948441753754,-29.218653519341323,0.5145472139629774,29.7332007333043,11.19061088847944,19.947358596928893
2026-01-16,-15.594346976719198,-24.621930872927766,-34.43782133950029,-63.09539209863813,-9.027583896208569,-18.84347436278109,-47.501045121918935,-9.815890466572522,-38.473461225710366,-28.65757075913784,0.7883065703639573,29.445877329501798,9.814096396356746,18.841680292565314
2026-01-20,-16.29106430968563,-26.34911563328415,-37.156858370577474,-66.54488669506753,-10.05805132359852,-20.865794060891844,-50.2538223853819,-10.807742737293324,-40.19577106178338,-29.388028324490058,0.749691413694805,30.137719738184863,8.522234263598214,18.580285587196734
2026-01-21,-15.785309391783864,-24.71275547931824,-35.796208462919665,-64.86933241330144,-8.927446087534376,-20.010899071135803,-49.084023021517574,-11.083452983601426,-40.156576933983196,-29.07312395038177,2.1560068960670478,31.229130846448818,9.062224879245967,17.989670966780345
2026-01-22,-15.68336052792989,-24.622591945107473,-34.168379579123,-62.037368057439224,-8.939231417177583,-18.485019051193106,-46.35400752950933,-9.545787634015525,-37.41477611233175,-27.868988478316226,0.6065562168379444,28.47554469515417,9.38396942712312,18.3232008443007
2026-01-23,-15.216966466819848,-24.748778610897748,-34.02013842386387,-61.9897973994485,-9.5318121440779,-18.80317195704402,-46.77283093262865,-9.271359812966121,-37.24101878855075,-27.96965897558463,-0.2604523311117788,27.70920664447285,9.166487018540607,18.698299162618504
2026-01-26,-16.241508791336212,-24.426846113000522,-34.62574861583874,-62.15819679731389,-8.18533732166431,-18.384239824502526,-45.916688005977676,-10.198902502838216,-37.73135068431337,-27.532448181475154,2.0135651811739095,29.546013362649063,9.148208356972631,17.333545678636938
2026-01-27,-17.304392176023555,-26.47669469698748,-36.37257139228236,-64.25059308327397,-9.172302520963925,-19.068179216258805,-46.946200907250415,-9.89587669529488,-37.77389838628649,-27.87802169099161,0.723574174330956,28.601595865322565,8.809842474732804,17.98214499569673
2026-01-28,-15.61009627435852,-26.13933521997356,-35.62256036925531,-63.845694715971476,-10.52923894561504,-20.012464094896792,-48.23559844161296,-9.48322514928175,-37.706359495997916,-28.223134346716165,-1.0460137963332912,27.177120550382874,8.210670251819373,18.739909197434415
2026-01-29,-15.178728174205114,-26.06025352396033,-37.30634133190907,-65.70721515498184,-10.881525349755217,-22.127613157703955,-50.52848698077673,-11.246087807948737,-39.64696163102151,-28.40087382307277,0.36456245819351807,28.76543628126629,6.2732606653688165,17.15478601512403
2026-01-30,-16.179595711413075,-26.506987257741123,-38.2158844749426,-66.87033133378355,-10.327391546328048,-22.036288763529523,-50.69073562237048,-11.708897217201475,-40.36334407604243,-28.654446858840956,1.3815056708734232,30.03595252971438,6.618158095311429,16.94554964163948
2026-02-02,-15.607577648705417,-26.76671387189611,-38.327001556604756,-67.03323329772584,-11.159136223190691,-22.71942390789934,-51.42565564902043,-11.560287684708648,-40.266519425829735,-28.706231741121087,0.401151461517955,29.107383202639042,5.9868078332217465,17.14594405641244
2026-02-03,-15.303223634893381,-27.0587809508108,-38.57826145480434,-67.8136678940679,-11.755557315917418,-23.27503781991096,-52.51044425917452,-11.519480503993542,-40.754886943257105,-29.235406439263564,-0.23607681192387275,28.99932962733969,5.960368619352607,17.715925935270022
2026-02-04,-16.242606783700886,-27.39135208166248,-39.76497134891508,-69.02340399959198,-11.148745297961593,-23.522364565214197,-52.78079721589109,-12.373619267252604,-41.6320519179295,-29.258432650676895,1.2248739692910107,30.483306619967905,5.736068085462698,16.884813383424287
2026-02-05,-15.744671384851872,-25.921754403748707,-39.055196947273,-68.57145619917037,-10.177083018896836,-23.310525562421127,-52.8267848143185,-13.13344254352429,-42.64970179542166,-29.516259251897374,2.9563595246274517,32.472618776524826,6.205733689476247,16.382816708373085
2026-02-06,-16.441345008660235,-27.24640112835388,-39.81253986269162,-69.51394028621883,-10.805056119693646,-23.371194854031387,-53.07259527755859,-12.566138734337741,-42.267539157864945,-29.701400423527204,1.7610826146440957,31.4624830381713,6.330205569495817,17.135261689189463
2026-02-09,-17.99041524591405,-27.557291446179022,-40.47261404710487,-70.11350784484875,-9.566876200264971,-22.48219880119082,-52.123092598934704,-12.915322600925847,-42.55621639866973,-29.640893797743885,3.348446400660876,32.98934019840476,7.158694996553066,16.725571196818038
2026-02-10,-17.331530314547905,-27.660202305209403,-39.95056287582464,-68.81956816847436,-10.328671990661498,-22.619032561276732,-51.48803785392646,-12.290360570615235,-41.15936586326496,-28.869005292649724,1.9616885799537371,30.83069387260346,6.249972731372992,16.57864472203449
2026-02-11,-17.095461471366,-27.80631417589219,-40.298783390594025,-69.63514464385847,-10.71085270452619,-23.203321919228024,-52.53968317249247,-12.492469214701835,-41.82883046796628,-29.336361253264442,1.7816165101756454,31.117977763440088,6.133039334036418,16.843892038562608
2026-02-12,-16.828148013836497,-27.23008620602414,-39.62812835044116,-69.19475043960617,-10.401938192187643,-22.799980336604662,-52.36660242576967,-12.398042144417019,-41.96466423358203,-29.56662208916501,1.996103952229376,31.562726041394384,6.766641752560346,17.16857994474799
2026-02-13,-17.452151044930588,-26.871462655155387,-38.44512526509099,-69.3120344348622,-9.4193116102248,-20.9929742201604,-51.85988338993161,-11.5736626099356,-42.440571779706815,-30.866909169771212,2.1543509997108004,33.02126016948201,9.873934949610813,19.29324655983561
2026-02-17,-18.379563918893904,-27.840130236706795,-40.100411503914614,-68.97991678440812,-9.46056631781289,-21.72084758502071,-50.60035286551421,-12.26028126720782,-41.13978654770132,-28.879505280493504,2.799714949394925,31.67922022988843,7.158657695472797,16.619224013285688
2026-02-18,-18.05379043974544,-28.117931096160387,-40.6053414768798,-69.32467055446905,-10.064140656414946,-22.55155103713436,-51.27088011472361,-12.487410380719414,-41.20673945830866,-28.71932907758925,2.4232697243044683,31.14259880189372,6.167778040454891,16.23191869686984
2026-02-19,-19.000868674499127,-27.713219035067116,-40.787986989663416,-69.72510987309555,-8.712350360567989,-21.78711831516429,-50.72424119859642,-13.0747679545963,-42.011890838028435,-28.93712288343213,4.362417594028308,33.29954047746044,7.150004568267846,15.862354928835828
2026-02-20,-19.86474537055143,-27.932383213029333,-41.07803447182312,-70.75422873912069,-8.067637842477904,-21.213289101271695,-50.88948336856926,-13.14565125879379,-42.82184552609136,-29.676194267297568,5.0780134163158905,34.75420768361346,8.462905166025877,16.530543008503777
2026-02-23,-19.11747191185995,-29.07760679575877,-42.69935747415134,-73.01900762421675,-9.960134883898817,-23.58188556229139,-53.901535712356804,-13.621750678392573,-43.94140082845799,-30.319650150065414,3.6616157944937555,33.98126594455917,6.7377645877740235,16.69789947167284
2026-02-24,-18.490031534466578,-29.84408609097411,-43.5968186995948,-73.09799223188871,-11.354054556507531,-25.10678716512822,-54.60796069742213,-13.75273260862069,-43.2539061409146,-29.50117353229391,2.398678052113162,31.899851584407074,4.394386367165694,15.748440923673222
2026-02-25,-17.712954738676203,-28.01789303267128,-41.80172366793937,-71.20733250396421,-10.304938293995079,-24.088768929263168,-53.49437776528801,-13.783830635268089,-43.18943947129293,-29.40560883602484,3.47889234127301,32.88450117729785,5.316839906761672,15.62177820075675
2026-02-26,-18.666941713878238,-27.250234810729033,-40.734393452492455,-70.44671275174808,-8.583293096850795,-22.067451738614217,-51.77977103786984,-13.484158641763422,-43.19647794101905,-29.712319299255626,4.900865544912627,34.61318484416825,7.6448675606414085,16.228160657492204
2026-02-27,-18.654949914897223,-29.186486371268884,-43.195986758438075,-73.09965463513856,-10.531536456371661,-24.54103684354085,-54.44470472024134,-14.00950038716919,-43.91316826386968,-29.90366787670049,3.4779639307975287,33.38163180749802,5.36263103315963,15.894167489531299
2026-03-02,-16.616617459400906,-27.80793957735268,-42.40754797863771,-73.45894736184997,-11.191322117951774,-25.790930519236802,-56.84232990244906,-14.599608401285028,-45.65100778449728,-31.051399383212257,3.408286283333254,34.45968566654551,5.260468863975461,16.451790981927232
2026-03-03,-18.17490434340843,-28.771336769248677,-42.93029750529493,-73.98100381990749,-10.596432425840248,-24.755393161886502,-55.80609947649906,-14.158960736046254,-45.20966705065881,-31.050706314612555,3.5625283102060052,34.61323462481856,6.295313152726052,16.8917455785663
2026-03-04,-17.369883588476355,-29.272957877252594,-43.55323971377714,-74.73155960344897,-11.903074288776239,-26.183356125300783,-57.361676014972616,-14.280281836524544,-45.45860172619638,-31.178319889671833,2.3772075477483057,33.55552743742014,4.99496376437105,16.89803805314729
2026-03-05,-15.584437523676797,-28.309000398288298,-43.421647916355255,-75.89786183078675,-12.7245628746115,-27.837210392678458,-60.313424307109955,-15.112647518066957,-47.588861432498454,-32.4762139144315,2.388084643455457,34.864298557886954,4.63900352175304,17.36356639636454
2026-03-06,-17.782890495156778,-30.968947388846324,-46.601683261332425,-79.38431121956727,-13.186056893689546,-28.818792766175648,-61.60142072441049,-15.632735872486101,-48.41536383072094,-32.78262795823484,2.4466789787965553,35.229306937031396,3.963835192059193,17.14989208574874
2026-03-09,-14.284966569378188,-27.18306972905409,-42.32688096259789,-75.32475332129995,-12.898103159675902,-28.041914393219702,-61.03978675192177,-15.1438112335438,-48.14168359224586,-32.99787235870206,2.2457080738678954,35.243580432569956,4.955957965482355,17.85406112515826
2026-03-10,-17.838121882506552,-30.281389331272067,-43.99068788898121,-75.28727425552253,-12.443267448765514,-26.15256600647466,-57.44915237301598,-13.709298557709147,-45.005884924250466,-31.29658636654132,1.2660311089436362,32.562617475484956,5.144020360066662,17.587287808832173
2026-03-11,-18.780623422913536,-31.21474682971992,-46.11324547550848,-79.05318952249783,-12.434123406806386,-27.332622052594942,-60.272566099584296,-14.898498645788557,-47.83844269277791,-32.93994404698935,2.4643752389821714,35.404319285971525,5.607321994394411,18.041445401200797
2026-03-12,-18.01275517570535,-30.945168560462122,-46.974901777500655,-80.99674924693021,-12.93241338475677,-28.962146601795304,-62.983994071224856,-16.029733217038533,-50.051580686468085,-34.02184746942955,3.0973198322817623,37.119167301711315,5.059700867634248,17.99211425239102
2026-03-13,-17.425747192316,-31.50818841913141,-47.67176113687612,-82.24084416616301,-14.082441226815412,-30.246013944560122,-64.81509697384702,-16.16357271774471,-50.7326557470316,-34.569083029286894,2.0811314909293017,36.650214520216196,4.323069084726768,18.405510311542187
2026-03-16,-17.469163297206116,-30.203306049512513,-45.93734623111998,-79.79256451261332,-12.734142752306397,-28.468182933913866,-62.32340121540721,-15.734040181607469,-49.58925846310081,-33.85521828149334,2.999897429301072,36.855115710794415,5.387035347579484,18.121178099885874
2026-03-17,-18.523800994301133,-30.301678075663354,-44.90335662059594,-78.31803110676523,-11.77787708136222,-26.37955562629481,-59.7942301124641,-14.60167854493259,-48.01635303110188,-33.41467448616929,2.823801463570369,36.23847594973966,7.035118859874473,18.8129959412367
2026-03-18,-20.377475899799748,-32.058380181583914,-47.14307779474498,-80.28570301563622,-11.680904281784166,-26.765601894945235,-59.90822711583647,-15.084697613161069,-48.2273228340523,-33.14262522089123,3.403793331376903,36.546418552268136,6.3770233259459985,18.057927607730164
2026-03-19,-13.318148196167412,-26.914426018035886,-43.38984029405264,-79.00541992035271,-13.596277821868474,-30.071692097885226,-65.6872717241853,-16.475414276016753,-52.090993902316825,-35.61557962630007,2.8791364541482807,38.49471608044835,5.543887528414842,19.14016535028331
2026-03-20,-14.50343847877238,-30.58206992402117,-47.54324638291929,-83.40394160118674,-16.07863144524879,-33.03980790414691,-68.90050312241436,-16.961176458898123,-52.821871677165575,-35.86069521826745,0.8825450136493345,36.743240231916786,2.82088731412054,18.89951875936933
2026-03-23,-12.763853788099588,-27.130227762116377,-44.55449873834123,-81.29504936362562,-14.366373974016788,-31.790644950241642,-68.53119557552603,-17.424270976224854,-54.164821601509246,-36.74055062528439,3.0578970022080654,39.79844762749246,4.949905675042743,19.31627964905954
2026-03-24,-16.088748025272757,-30.925531280968997,-46.40475786827145,-80.73522298563347,-14.83678325569624,-30.316009842998696,-64.6464749603607,-15.479226587302456,-49.80969170466447,-34.33046511736202,0.6424433316062164,34.972908448968234,4.014455274363314,18.85123853005956
2026-03-26,-19.45729700613228,-33.84682908838607,-47.83357802840702,-80.09456541343125,-14.389532082253794,-28.37628102227474,-60.637268407298976,-13.986748940020945,-46.24773632504518,-32.26098738502424,-0.40278314223284895,31.858204242791388,3.8847063627494975,18.27423844500329
2026-03-27,-19.343295388514868,-33.11162101859617,-47.413656277032516,-80.84024707777866,-13.7683256300813,-28.070360888517648,-61.49695168926379,-14.302035258436348,-47.72862605918249,-33.42659080074614,0.533709628355048,33.96030042910119,5.3562299122284855,19.124555542309793
2026-03-30,-18.466300852329454,-31.64626031603195,-45.43900764318871,-78.90564214546441,-13.179959463702495,-26.972706790859256,-60.43934129313496,-13.79274732715676,-47.25938182943246,-33.4666345022757,0.6127878634542654,34.07942236572997,6.493927711416447,19.673887175118942
2026-03-31,-17.889836280028604,-33.58351471147958,-45.66948751984623,-79.5687860456062,-15.693678431450977,-27.779651239817625,-61.6789497655776,-12.085972808366648,-45.98527133412662,-33.899298525759974,-3.6077056230843283,30.291592902675646,6.119647285942349,21.813325717393326
2026-04-01,-18.300600290628743,-32.8102111759986,-44.90744385834135,-78.33851180813731,-14.50961088536986,-26.60684356771261,-60.03791151750857,-12.09723268234275,-45.52830063213871,-33.43106794979596,-2.41237820302711,31.01868974676885,6.824224382083358,21.33383526745321
2026-04-02,-16.37339174241297,-30.298534582268168,-42.977969695960724,-76.85090609324288,-13.925142839855198,-26.604577953547754,-60.477514350829914,-12.679435113692556,-46.552371510974716,-33.87293639728216,-1.2457077261626424,32.62722867111952,7.2683584437343995,21.193501283589605
2026-04-03,-18.190290861048418,-32.1816493638289,-44.83424929117032,-78.31313902198485,-13.991358502780486,-26.643958430121906,-60.122848160936435,-12.65259992734142,-46.13148965815595,-33.47888973081453,-1.3387585754390656,32.140131155375464,6.834931300692631,20.82628980347311
2026-04-06,-18.4681169408754,-32.30319733369002,-44.63873311603841,-77.36697667176324,-13.835080392814621,-26.17061617516301,-58.898859730887835,-12.335535782348387,-45.06377933807322,-32.72824355572483,-1.4995446104662307,31.2286989452586,6.557627380561826,20.392707773376443
2026-04-07,-18.465085554330372,-32.86340347200558,-45.68827023439326,-78.46104916274568,-14.398317917675207,-27.223184680062886,-59.99596360841531,-12.824866762387678,-45.5976456907401,-32.77277892835242,-1.573451155287529,31.199327773064894,5.549594248289537,19.947912165964745
2026-04-08,-18.103499768336164,-32.266673365443665,-45.16873451595642,-76.6422109371507,-14.163173597107502,-27.06523474762026,-58.53871116881453,-12.902061150512758,-44.37553757170703,-31.47347642119427,-1.261112446594744,30.212363974599526,4.408241673574011,18.571415270681513
2026-04-09,-16.67298181932089,-29.643530518954364,-42.41921174674328,-74.92986383207914,-12.970548699633476,-25.74622992742239,-58.25688201275825,-12.775681227788915,-45.28633331312477,-32.510652085335856,-0.1948674718445602,32.315784613491296,6.764422157913472,19.73497085754694
2026-04-10,-18.838118653821432,-32.94659070397565,-46.50444417250852,-77.50460291434055,-14.10847205015422,-27.66632551868709,-58.66648426051912,-13.557853468532869,-44.5580122103649,-31.00015874183203,-0.5506185816213502,30.44954016021068,3.33383322314495,17.442305273299162
2026-04-13,-16.821838604513495,-30.0978255090123,-42.96393625237247,-76.31030169553803,-13.275986904498804,-26.142097647858975,-59.488463091024535,-12.86611074336017,-46.212476186525734,-33.34636544316556,-0.4098761611386337,32.936489282026926,7.204267795306592,20.480254699805386
2026-04-14,-17.428885391036665,-30.34959980738701,-42.64639768455365,-75.07963960565051,-12.920714416350343,-25.217512293516982,-57.65075421461385,-12.29679787716664,-44.730039798263505,-32.433241921096865,-0.6239165391837034,31.809325381913162,7.215729627579876,20.136444043930226
2026-04-15,-17.780716320314347,-30.525863708822154,-44.13315907224029,-76.94368449336429,-12.745147388507807,-26.352442751925942,-59.16296817304994,-13.607295363418135,-46.41782078454213,-32.810525421124,0.8621479749103287,33.67267339603433,6.458082669198063,19.203230057705866
2026-04-16,-18.208132450267822,-31.292161332718393,-44.77376823289316,-76.861723233647,-13.084028882450571,-26.56563578262534,-58.65359078337917,-13.481606900174768,-45.569561900928605,-32.08795500075384,0.3975780177242001,32.48553301847804,5.5223192181285015,18.60634810057907
2026-04-17,-18.416057492629847,-29.44471791187846,-42.820044849500064,-77.27784933754096,-11.028660419248613,-24.403987356870218,-58.86179184491111,-13.375326937621605,-47.8331314256625,-34.45780448804089,2.3466665183729916,36.804471006413884,10.053817131170675,21.082477550419284
2026-04-20,-18.546883045349016,-30.897563503217953,-43.20950249601157,-74.96991815594596,-12.350680457868936,-24.66261945066255,-56.42303511059694,-12.311938992793614,-44.07235465272801,-31.760415659934395,-0.038741465075318615,31.721674194859077,7.0977962092718485,19.44847666714078
2026-04-21,-17.926737819957374,-30.83695616156539,-44.543764827079,-76.3350619271634,-12.910218341608015,-26.617027007121628,-58.40832410720602,-13.706808665513613,-45.498105765598005,-31.791297100084392,0.7965903239055976,32.58788742398999,5.174270092962757,18.08448843457078
2026-04-22,-19.231248464430983,-31.940414139575957,-45.07211624018779,-76.78802541082588,-12.709165675144973,-25.840867775756806,-57.5567769463949,-13.131702100611832,-44.847611271249924,-31.715909170638092,0.4225364254668591,32.13844559610495,5.875041394881279,18.58420707002626
2026-04-23,-20.211540603129308,-31.7781116636231,-44.65962951827187,-76.44987939599899,-11.566571060493793,-24.448088915142563,-56.23833879286968,-12.88151785464877,-44.67176773237589,-31.79024987772712,1.3149467941549773,33.1051966718821,7.342160962584558,18.90873202307835
2026-04-24,-18.704585087511518,-30.47315065925833,-43.31643895161656,-76.90609937507506,-11.768565571746812,-24.611853864105043,-58.20151428756354,-12.843288292358231,-46.43294871581673,-33.5896604234585,1.074722720611419,34.664383144069916,8.977806559353454,20.746372131100266
2026-04-27,-17.766738962348818,-30.920573707198695,-44.713769956582674,-77.53479718870118,-13.153834744849878,-26.947030994233856,-59.76805822635236,-13.793196249383978,-46.61422348150248,-32.8210272321185,0.6393615045341008,33.460388736652604,5.87399623788464,19.027830982734528
2026-04-28,-18.049602696853427,-30.50166450680174,-44.25890249223006,-76.69854937388988,-12.452061809948312,-26.20929979537663,-58.64894667703645,-13.757237985428318,-46.19688486708814,-32.43964688165982,1.3051761754800069,33.744823057139826,6.230347086283189,18.6824088962315
2026-04-29,-19.962801826662258,-32.91390880097267,-46.734482026505695,-80.12586130103526,-12.951106974310413,-26.771680199843438,-60.163059474373,-13.820573225533025,-47.21195250006259,-33.39137927452956,0.8694662512226117,34.260845525752174,6.619699074686125,19.570806048996538
2026-04-30,-15.798794052847498,-28.876311142998603,-42.38528661591805,-76.65545188440817,-13.077517090151105,-26.58649256307055,-60.85665783156067,-13.508975472919445,-47.77914074140956,-34.27016526849012,0.4314583827683407,34.70162365125846,7.683672705419568,20.761189795570672
2026-05-01,-17.236614148986405,-29.838530889275503,-43.01165740702801,-77.07003479047599,-12.601916740289099,-25.775043258041606,-59.83342064148958,-13.173126517752507,-47.23150390120048,-34.058377383447976,0.5712097774634088,34.629587160911385,8.28333412540637,20.88525086569547
2026-05-04,-16.626199985183156,-29.201230763925288,-42.72138666986205,-76.5585897760511,-12.575030778742132,-26.095186684678893,-59.93238979086794,-13.520155905936761,-47.357359012125805,-33.837203106189044,0.945125127194629,34.78232823338367,7.742016421510158,20.317047200252283
2026-05-05,-17.581094836574085,-30.732271286549697,-42.994848319200464,-74.79884626050826,-13.151176449975612,-25.41375348262638,-57.217751423934175,-12.262577032650768,-44.06657497395856,-31.80399794130779,-0.8885994173248477,30.915398523982944,6.3902444586814084,19.541420908657024
