n_days,days_in_pos,total_volbp,ann_volbp,ann_vol,sharpe,t_naive,t_nw,nw_lags,max_dd_volbp,psr_0,n_trades,mean_volbp,median_volbp,std_volbp,hit_rate,t_trade,mean_hold_days,total,top3_share,n,pnl_ex_top,gross_volbp_raw,cost_raw,cost_over_gross,root,entry_z,max_hold,z_window,switch_vol,key
1984,976,-179.9585423629328,-22.85763743722735,72.2540630066004,-0.31635089413780526,-0.8878694370540373,-1.6125498684246793,4,-206.33361701966305,0.18993667877781212,309,-0.5823901047344103,-0.38914472875558165,4.45710496546129,0.4110032362459547,-2.3006165869366617,3.7605177993527508,-179.9585423629328,-0.3581664380049625,309,-244.4136524696296,-795579.44884165,4828125.0,6.068689942946197,ZB,1.0,10,63,50.0,ZB/w63/e1/x0.5/h10/sv50/wc1/cm1
1984,989,-141.62501039539075,-17.98866059457584,72.80030947839728,-0.24709593576540748,-0.6934986859585258,-1.2598670535318954,4,-168.000085052121,0.24571272408000372,314,-0.45103506495347373,-0.2601621067851738,4.490293764197418,0.44904458598726116,-1.7827606174026285,3.748407643312102,-141.62501039539075,-0.45511107061351724,314,-206.08012050208754,480468.4251440393,4906250.0,10.211389017975861,ZB,1.0,10,63,70.0,ZB/w63/e1/x0.5/h10/sv70/wc1/cm1
1984,990,-154.49058250947883,-19.62279576229267,72.87936487687533,-0.26925036730827767,-0.7556772447257786,-1.3750455268887718,4,-180.86565716620908,0.22690096328158765,316,-0.4888942484477178,-0.3109825374342563,4.4937979330187705,0.43354430379746833,-1.9370159357337764,3.721518987341772,-154.49058250947883,-0.4172106096029648,316,-218.94569261617562,109669.29657878715,4937500.0,45.02171668852519,ZB,1.0,10,63,90.0,ZB/w63/e1/x0.5/h10/sv90/wc1/cm1
1984,882,-135.50153591795242,-17.210880570223797,72.48330585212867,-0.23744613146281263,-0.6664155751704963,-1.1269433122545118,4,-196.01067661740626,0.2542391751587566,265,-0.5113265506337829,-0.3774565824023739,5.285503803570113,0.44528301886792454,-1.57781421658087,3.9849056603773585,-135.50153591795245,-0.42766652864224847,265,-193.45100740967612,-93797.99743601272,4140625.0,44.14406611212205,ZB,1.0,10,126,50.0,ZB/w126/e1/x0.5/h10/sv50/wc1/cm1
1984,881,-144.4282133399297,-18.344712581483005,72.71480178063858,-0.25228305836305753,-0.7080568481323928,-1.1987600058619423,4,-204.93735403938354,0.24129976948510684,271,-0.5329454366787075,-0.3224384617315079,5.2008525166775055,0.43911439114391143,-1.690034686787257,3.867158671586716,-144.42821333992973,-0.4012337350967044,271,-202.3776848316534,-279006.6668728024,4234375.0,15.176608671972803,ZB,1.0,10,126,70.0,ZB/w126/e1/x0.5/h10/sv70/wc1/cm1
1984,888,-137.71404615320262,-17.491905055749523,72.69105647664935,-0.2406335236215541,-0.6753613001047191,-1.1411127717346141,4,-198.22318685265645,0.25142358551707883,271,-0.5081699120044378,-0.368012730435112,5.221383571740042,0.43911439114391143,-1.6051320184273954,3.885608856088561,-137.71404615320264,-0.42079564946669756,271,-195.66351764492632,-69188.94228758116,4234375.0,61.20016956466807,ZB,1.0,10,126,90.0,ZB/w126/e1/x0.5/h10/sv90/wc1/cm1
1984,771,-118.47028826655833,-15.047637420953981,71.00873500140382,-0.21191248401561436,-0.594752919540369,-1.1244604568173489,4,-124.49228247480232,0.2779707095649568,222,-0.5336499471466591,-0.37632777896396885,5.088657404659522,0.42342342342342343,-1.5660661246489722,4.112612612612613,-118.47028826655834,-0.5143610185640817,222,-179.40678640892565,-233446.50832994748,3468750.0,14.858864348904097,ZB,1.0,10,252,50.0,ZB/w252/e1/x0.5/h10/sv50/wc1/cm1
1984,775,-108.31862368765906,-13.758212282908309,71.17198419840581,-0.1933093820253009,-0.5425415112666084,-1.0222944489027117,4,-120.71006072778118,0.2953796160898613,229,-0.4730070903391226,-0.368012730435112,5.089672872914863,0.42358078602620086,-1.4094375564935886,4.034934497816594,-108.31862368765907,-0.5817848820055358,229,-171.33676138878582,193168.00976065453,3578125.0,18.523382854301225,ZB,1.0,10,252,70.0,ZB/w252/e1/x0.5/h10/sv70/wc1/cm1
1984,784,-75.72716947780646,-9.61857192964074,72.33732139059285,-0.132968317664187,-0.37318846742091627,-0.7293536757833969,4,-111.11525285335483,0.35539386523297645,237,-0.31952392184728473,-0.31060349525705533,4.827149150620489,0.4388185654008439,-1.0211863584853846,3.9915611814345993,-75.72716947780648,-0.8321734211866405,237,-138.74530717893325,1336650.9538185487,3703125.0,2.770450273065605,ZB,1.0,10,252,90.0,ZB/w252/e1/x0.5/h10/sv90/wc1/cm1
1984,981,-156.00192442818616,-19.814760562451067,72.43984493188094,-0.2735340002602704,-0.7676996756659457,-1.4192573952065715,4,-179.72785118462662,0.22345836803209418,293,-0.5324297762054135,-0.4462034951302484,4.606947955369306,0.39590443686006827,-1.9816421171633694,4.010238907849829,-156.00192442818616,-0.4131686858540519,293,-220.45703453488295,-296935.1383808169,4578125.0,15.41792940022003,ZB,1.0,21,63,50.0,ZB/w63/e1/x0.5/h21/sv50/wc1/cm1
1984,994,-133.98982807249104,-17.018869291465595,73.00528355844442,-0.23311832324904447,-0.6542691620778174,-1.2106924109135997,4,-157.7157548289315,0.2580496658418837,296,-0.45266833808274,-0.31405938366287944,4.591673558801474,0.43243243243243246,-1.6989860664289826,4.023648648648648,-133.98982807249104,-0.4810448004442946,296,-198.44493817918783,437817.87273465586,4625000.0,10.563753304797197,ZB,1.0,21,63,70.0,ZB/w63/e1/x0.5/h21/sv70/wc1/cm1
1984,998,-149.26306515871465,-18.958816743949644,73.14919481357498,-0.2591801152735489,-0.7274141066384493,-1.3494334692342278,4,-172.9889919151551,0.23537374898970764,299,-0.49920757578165437,-0.368012730435112,4.58480448409692,0.4214046822742475,-1.8859205962414178,3.9933110367892977,-149.26306515871465,-0.4318222330364198,299,-213.71817526541145,7404.213790167472,4671875.0,630.9751625762185,ZB,1.0,21,63,90.0,ZB/w63/e1/x0.5/h21/sv90/wc1/cm1
1984,889,-130.08112786833817,-16.522401321986504,72.51150819350616,-0.2278590217416852,-0.6395084228001138,-0.8361741933325836,4,-183.1927234155728,0.2568780125927651,250,-0.5203245114733527,-0.3727346564187429,4.145069162677338,0.44,-1.9887621178435415,4.276,-130.08112786833817,-0.3199863644241943,250,-171.70531505512645,-158785.24588556762,3906250.0,24.600837302069817,ZB,1.0,21,126,50.0,ZB/w126/e1/x0.5/h21/sv50/wc1/cm1
1984,888,-142.03403551212114,-18.040613381579902,72.7287843622327,-0.24805327821412354,-0.6961855603020496,-0.9113448043915047,4,-195.14563105935576,0.2382471977033559,256,-0.5548204512192232,-0.3444832309594399,4.100928908434763,0.4296875,-2.168902831151235,4.140625,-142.03403551212114,-0.29305783671292,256,-183.6582226989094,-438563.60975378484,4000000.0,9.120683775486185,ZB,1.0,21,126,70.0,ZB/w126/e1/x0.5/h21/sv70/wc1/cm1
1984,895,-146.85368004914926,-18.652785973984685,72.71535811171817,-0.25651783142327356,-0.7199421490520342,-0.9421118006865092,4,-199.9652755963839,0.2306352283847966,256,-0.5736471876919893,-0.3810497049475998,4.082877500716522,0.42578125,-2.2524149124210755,4.171875,-146.85368004914926,-0.2834398645839683,256,-188.47786723593754,-589177.5015359138,4000000.0,6.7891255005028,ZB,1.0,21,126,90.0,ZB/w126/e1/x0.5/h21/sv90/wc1/cm1
1984,778,-77.78002972619697,-9.879318291835501,71.05479469615896,-0.1390380245848427,-0.3902236880148494,-0.7760953816191574,5,-109.5326047091894,0.3488355551932045,206,-0.3775729598359077,-0.2522634868842033,7.366627501503186,0.4320388349514563,-0.7374328233041423,4.524271844660194,-77.78002972619699,-1.1351875768982138,206,-166.07495320214957,788124.0710563445,3218750.0,4.084065083414874,ZB,1.0,21,252,50.0,ZB/w252/e1/x0.5/h21/sv50/wc1/cm1
1984,778,-84.99309147444865,-10.795493473569081,71.09635408076909,-0.15184313757221435,-0.42616247835870846,-0.8067235170850763,4,-114.48732914081165,0.3357633582726695,211,-0.40281086006847705,-0.268020606880782,7.290084210305703,0.4218009478672986,-0.8045285008592764,4.421800947867299,-84.99309147444866,-1.0388482398301344,211,-173.28801495040125,640840.8914234799,3296875.0,5.1446077241993,ZB,1.0,21,252,70.0,ZB/w252/e1/x0.5/h21/sv70/wc1/cm1
1984,789,-60.06240031786456,-7.628893588761022,72.43537326290999,-0.10532000105903153,-0.29559078789920845,-0.5744560277854802,4,-109.5326047091894,0.38419604578256644,221,-0.27177556704916095,-0.23097550945249165,6.988469274838061,0.4434389140271493,-0.5794410827463331,4.32579185520362,-60.06240031786457,-1.4700531948219646,221,-148.35732379381716,1576174.9900667327,3453125.0,2.19082590560189,ZB,1.0,21,252,90.0,ZB/w252/e1/x0.5/h21/sv90/wc1/cm1
1984,982,-155.96141154103907,-19.80961477234972,72.5266136164047,-0.27313580194331605,-0.7665820935061933,-1.4165730157584693,4,-179.68733829747953,0.22377758294176114,289,-0.539658863463803,-0.4436116864467295,3.605036534068596,0.39792387543252594,-2.5492430442314293,4.072664359861592,-155.96141154103907,-0.27688227300429097,289,-199.14436166947962,-358169.11065747053,4515625.0,12.607522161000778,ZB,1.0,42,63,50.0,ZB/w63/e1/x0.5/h42/sv50/wc1/cm1
1984,995,-134.6943675839675,-17.108357172963615,73.08952990820683,-0.23407398015078235,-0.6569513057704259,-1.214926409215034,4,-158.42029434040796,0.2571929124929728,291,-0.46286724255658934,-0.30964130434767856,3.601285107664875,0.4329896907216495,-2.196306422163228,4.099656357388316,-134.6943675839675,-0.32059952396688457,291,-177.87731771240806,337676.0130010161,4546875.0,13.465199851155308,ZB,1.0,42,63,70.0,ZB/w63/e1/x0.5/h42/sv70/wc1/cm1
1984,998,-148.0081175573382,-18.799418157484492,73.16452848198766,-0.25694716480148866,-0.7211471147780305,-1.3364050309451037,4,-171.73404431377867,0.23727014867725899,294,-0.5034289712834633,-0.3432450967065962,3.6010865313566596,0.4217687074829932,-2.4011437874260566,4.061224489795919,-148.0081175573382,-0.29176068746169626,294,-191.19106768577876,-31503.67366681865,4593750.0,145.81632759986283,ZB,1.0,42,63,90.0,ZB/w63/e1/x0.5/h42/sv90/wc1/cm1
1984,889,-94.52982154583378,-12.006812010861951,72.50918337663353,-0.16559022528905232,-0.46474501205296953,-0.7866984555454053,4,-147.6414170930684,0.3206309173364186,247,-0.3827118281207844,-0.36652800018737186,3.7654964584087374,0.44534412955465585,-1.6005860999568207,4.327935222672065,-94.52982154583376,-0.44032863392856786,247,-136.15400873262203,905318.0766926946,3859375.0,4.263004461480608,ZB,1.0,42,126,50.0,ZB/w126/e1/x0.5/h42/sv50/wc1/cm1
1984,888,-106.48272918961675,-13.525024070455352,72.72684074944519,-0.18597018557496647,-0.5219433453011001,-0.8834061666257345,4,-159.59432473685138,0.3003542499091243,253,-0.42088035252812944,-0.3184774629780804,3.727195100495911,0.43478260869565216,-1.7996861597694398,4.189723320158103,-106.48272918961675,-0.39090082967977774,253,-148.10691637640502,625539.7128244773,3953125.0,6.319542818713451,ZB,1.0,42,126,70.0,ZB/w126/e1/x0.5/h42/sv70/wc1/cm1
1984,895,-111.30237372664487,-14.137196662860134,72.71356507567029,-0.1944230990207685,-0.5456672659274205,-0.9231053479831296,4,-164.4139692738795,0.2921187788228311,253,-0.4399303309353552,-0.368012730435112,3.707777569179159,0.4308300395256917,-1.8909954478733122,4.221343873517786,-111.30237372664487,-0.3739739395766704,253,-152.92656091343315,474925.8210423484,3953125.0,8.323668296922323,ZB,1.0,42,126,90.0,ZB/w126/e1/x0.5/h42/sv90/wc1/cm1
1984,787,-78.99603071683896,-10.03377003056624,71.22864632454989,-0.14086706049203648,-0.3953570545118769,-0.7800967750565662,5,-109.5326047091894,0.3469593351792914,203,-0.3891430084573348,-0.268020606880782,4.208881118121363,0.43349753694581283,-1.320574558794272,4.674876847290641,-78.99603071683896,-0.5010386249379875,203,-118.57609332276297,703249.0400987825,3171875.0,4.510315434706402,ZB,1.0,42,252,50.0,ZB/w252/e1/x0.5/h42/sv50/wc1/cm1
1984,787,-86.70909246509063,-11.013453276815946,71.27116362756132,-0.15452888259785516,-0.43370028200704497,-0.8578165491613031,5,-109.5326047091894,0.333051575836653,209,-0.41487604050282606,-0.30964130434767856,4.163858642146657,0.4258373205741627,-1.4438995994620527,4.545454545454546,-86.70909246509065,-0.45646957522775444,209,-126.28915507101466,555965.8604659177,3265625.0,5.873786921490645,ZB,1.0,42,252,70.0,ZB/w252/e1/x0.5/h42/sv70/wc1/cm1
1984,796,-74.98133940177604,-9.523839480467522,72.46622586963808,-0.1314245273046271,-0.3688556701920428,-0.7117096730523359,4,-109.5326047091894,0.35677064375047995,218,-0.3439510981732847,-0.2568450752123683,3.8004694807138697,0.43577981651376146,-1.3393253153714175,4.4495412844036695,-74.98133940177605,-0.5278655052271112,218,-114.56140200770007,1063083.143694499,3406250.0,3.2041237980336774,ZB,1.0,42,252,90.0,ZB/w252/e1/x0.5/h42/sv90/wc1/cm1
1984,602,-89.81246812992822,-11.407632040696528,64.2164946162235,-0.1776433314971779,-0.4985732225055669,-0.8503016742134202,4,-124.03364002096032,0.3103721012174054,169,-0.5314347226622972,-0.31060349525705533,5.687184825794716,0.4437869822485207,-1.2183852930148968,4.136094674556213,-89.81246812992822,-0.70581193104344,169,-153.20317969249027,-166014.6290602563,2640625.0,15.905977774052458,ZB,1.5,10,63,50.0,ZB/w63/e1.5/x0.5/h10/sv50/wc1/cm1
1984,608,-70.26185677774629,-8.924389066528258,64.9510944809685,-0.1374016733335143,-0.38563110967458786,-0.6684298139044688,4,-118.80759788113346,0.3506663236661806,167,-0.42072968130387,-0.3774565824023739,5.693622666112113,0.46107784431137727,-0.9578045520952868,4.269461077844311,-70.26185677774629,-0.9022066092429184,167,-133.65256834030833,413691.97569542914,2609375.0,6.30753109391005,ZB,1.5,10,63,70.0,ZB/w63/e1.5/x0.5/h10/sv70/wc1/cm1
1984,608,-60.16772168009675,-7.64227110049616,64.90370555517805,-0.11774783943574783,-0.3304707204924352,-0.5699709315544864,4,-118.80759788113346,0.37110221042559477,170,-0.3539277745888044,-0.3260088796200758,5.690443702670341,0.4588235294117647,-0.8133436555944594,4.1647058823529415,-60.16772168009675,-1.0535667595924851,170,-123.5584332426588,776008.6974969767,2656250.0,3.4229642123442163,ZB,1.5,10,63,90.0,ZB/w63/e1.5/x0.5/h10/sv90/wc1/cm1
1984,543,-90.00668860271207,-11.432301173328348,65.55288156082501,-0.17439814850428167,-0.4894653019956754,-0.8157229143071956,4,-174.63129623251461,0.31355954597826374,145,-0.6207357834669799,-0.3846428274928257,6.591382719366974,0.4689655172413793,-1.1379338301083635,4.427586206896552,-90.00668860271209,-0.5957526306387424,145,-143.6284101128599,-547084.0188347523,2265625.0,4.141274323504478,ZB,1.5,10,126,50.0,ZB/w126/e1.5/x0.5/h10/sv50/wc1/cm1
1984,526,-84.33956587098874,-10.712485181194133,65.1583514263673,-0.16440694011879442,-0.4614240075688364,-0.7603808269187933,4,-168.96417350079128,0.32343027367498345,145,-0.5816521784206121,-0.3224384617315079,6.617314502512117,0.47586206896551725,-1.0621071664717756,4.23448275862069,-84.33956587098876,-0.6357837031337235,145,-137.9612873811366,-369986.4334683977,2265625.0,6.12353533820455,ZB,1.5,10,126,70.0,ZB/w126/e1.5/x0.5/h10/sv70/wc1/cm1
1984,540,-92.47840701375571,-11.746249277956876,65.52439195782486,-0.17926529231308877,-0.5031254126944752,-0.8342109799488417,4,-177.10301464355825,0.30881075692848114,148,-0.6248541014442954,-0.4423214137464129,6.512206584183626,0.4527027027027027,-1.1712605176451099,4.263513513513513,-92.47840701375573,-0.5798296406876025,148,-146.10012852390355,-577450.2191798659,2312500.0,4.00467420946583,ZB,1.5,10,126,90.0,ZB/w126/e1.5/x0.5/h10/sv90/wc1/cm1
1984,448,-100.21085922107704,-12.72839542525777,66.19997799076256,-0.19227189814223003,-0.539629712222305,-0.9131621454532048,4,-192.45522538487648,0.29617829716679,118,-0.8492445696701447,-0.43837273164217544,6.90875979661382,0.4322033898305085,-1.340978335481549,4.47457627118644,-100.21085922107707,-0.5779010075751155,118,-158.12281573490557,-1287839.3506586575,1843750.0,1.431661487169984,ZB,1.5,10,252,50.0,ZB/w252/e1.5/x0.5/h10/sv50/wc1/cm1
1984,443,-95.63736703865652,-12.147488152087421,66.28227906941459,-0.18326901733970066,-0.5143622549205269,-0.8692251293293592,4,-187.88173320245596,0.30482054180836765,120,-0.7969780586554712,-0.43837273164217544,6.916420605093957,0.425,-1.2675722838414751,4.325,-95.63736703865655,-0.6055369183304736,120,-153.54932355248505,-1113667.7199580162,1875000.0,1.6836260640388185,ZB,1.5,10,252,70.0,ZB/w252/e1.5/x0.5/h10/sv70/wc1/cm1
1984,441,-43.750550356116946,-5.5570255492648535,67.354420116595,-0.08250424455656025,-0.23155615655409567,-0.4070042931760739,4,-155.0679882029399,0.40876009902813026,122,-0.3586110684927621,-0.1487387360220963,6.553482169246793,0.4672131147540984,-0.6069022020554488,4.221311475409836,-43.750550356116975,-1.323685211784577,122,-101.66250686994547,539045.3013713451,1906250.0,3.5363447100836445,ZB,1.5,10,252,90.0,ZB/w252/e1.5/x0.5/h10/sv90/wc1/cm1
1984,625,-94.29949331336047,-11.97755661036635,64.96796220657028,-0.18436097121659523,-0.5174269292803381,-0.9058736271054061,5,-126.53945817366866,0.30382937160387563,159,-0.5930785742978647,-0.4462034951302484,5.972681011916131,0.41509433962264153,-1.2560632092999837,4.666666666666667,-94.29949331336049,-0.6835149144705394,159,-158.75460342005726,-462484.1660425151,2484375.0,5.371805528519689,ZB,1.5,21,63,50.0,ZB/w63/e1.5/x0.5/h21/sv50/wc1/cm1
1984,627,-81.72599630304148,-10.380519691716962,65.68990913362953,-0.15802304841981768,-0.44350699695177326,-0.7895350934144727,5,-120.60342863859341,0.3297041167785383,155,-0.5272644922776871,-0.5,5.96684455206361,0.4258064516129032,-1.1037104118301173,4.84516129032258,-81.7259963030415,-0.7886732866210167,155,-146.18110640973828,-132062.38447004696,2421875.0,18.338870752021784,ZB,1.5,21,63,70.0,ZB/w63/e1.5/x0.5/h21/sv70/wc1/cm1
1984,628,-77.55644806155442,-9.850919814270016,65.59073438013144,-0.15018767372200717,-0.4215162586577884,-0.746999395453847,5,-120.60342863859341,0.33760634590442423,158,-0.49086359532629387,-0.415423161311537,5.941462046630127,0.43037974683544306,-1.0417769821306437,4.715189873417722,-77.55644806155443,-0.8310735176466634,158,-142.0115581682512,45110.99807642435,2468750.0,54.72612234864747,ZB,1.5,21,63,90.0,ZB/w63/e1.5/x0.5/h21/sv90/wc1/cm1
1984,546,-109.57059312105275,-13.917232594004684,65.70184308962253,-0.21182408193664334,-0.5945048105400638,-0.7674401825872519,5,-172.97948522457546,0.2708356597114646,133,-0.8238390460229529,-0.5,5.185307681569341,0.44360902255639095,-1.8392150652876647,4.879699248120301,-109.57059312105274,-0.3020358846640284,133,-142.66484414753222,-1345956.0350328987,2078125.0,1.5439768803066478,ZB,1.5,21,126,50.0,ZB/w126/e1.5/x0.5/h21/sv50/wc1/cm1
1984,531,-109.0041241662907,-13.845281900153857,65.31137037882674,-0.21198884390033185,-0.5949672309556814,-0.7603810673093171,5,-172.4130162698134,0.27056621156408467,134,-0.8134636131812737,-0.5,5.2713023900218205,0.43283582089552236,-1.7930779870028373,4.664179104477612,-109.00412416629068,-0.30360549455901964,134,-142.09837519277016,-1312628.8801965844,2093750.0,1.595081467113867,ZB,1.5,21,126,70.0,ZB/w126/e1.5/x0.5/h21/sv70/wc1/cm1
1984,544,-123.93065228495152,-15.741191721677309,65.67664941611407,-0.23967714342344537,-0.672677126410762,-0.8657871231290891,5,-187.33954438847422,0.2442105481653778,136,-0.9112547962128789,-0.5097257216098114,5.1185985417555635,0.4117647058823529,-2.08382278629475,4.713235294117647,-123.93065228495152,-0.2670384639821507,136,-157.024903311431,-1747832.8839047349,2125000.0,1.2157912919298426,ZB,1.5,21,126,90.0,ZB/w126/e1.5/x0.5/h21/sv90/wc1/cm1
1984,456,-100.18725730244478,-12.725397600915365,66.17470390680292,-0.19230003082200667,-0.5397086693140002,-0.7047962072402446,5,-180.10143037296893,0.2902532538310806,107,-0.9363295074994838,-0.3846428274928257,5.392577279694809,0.42990654205607476,-1.8045261395256522,5.102803738317757,-100.18725730244478,-0.37314611694882555,107,-137.5717433326049,-1458976.790701399,1671875.0,1.145922958237225,ZB,1.5,21,252,50.0,ZB/w252/e1.5/x0.5/h21/sv50/wc1/cm1
1984,452,-94.62473486411864,-12.0188675331441,66.28442044375932,-0.18132266153464843,-0.5088996187625089,-0.6642426847306462,5,-174.5389079346428,0.3014057434314704,110,-0.8602248624010785,-0.42718569606222445,5.475359864872928,0.4090909090909091,-1.6553077883774598,4.863636363636363,-94.62473486411864,-0.4242894998282864,110,-134.77301629099975,-1238272.9645037076,1718750.0,1.3880219057264687,ZB,1.5,21,252,70.0,ZB/w252/e1.5/x0.5/h21/sv70/wc1/cm1
1984,444,-68.4991004347471,-8.700490579413442,67.54107320702775,-0.1288177721539098,-0.36153955928136267,-0.48520146888774407,5,-164.18765001170505,0.356913953582515,112,-0.6115991110245277,-0.42718569606222445,4.957901184995987,0.41964285714285715,-1.311370809007891,4.678571428571429,-68.4991004347471,-0.5861139952505908,112,-108.64738186162822,-390596.88858584734,1750000.0,4.480322427390192,ZB,1.5,21,252,90.0,ZB/w252/e1.5/x0.5/h21/sv90/wc1/cm1
1984,627,-98.08082096017961,-12.457846210667975,65.07441608572113,-0.1914399999265076,-0.537294909273533,-0.9409778022420078,5,-130.3207858204878,0.29703003091518376,156,-0.6287232112832027,-0.415423161311537,4.537888361676794,0.4166666666666667,-1.7360588209960173,4.7756410256410255,-98.08082096017962,-0.4402792483351321,156,-141.26377108862016,-627525.6550056129,2437500.0,3.8843033437066374,ZB,1.5,42,63,50.0,ZB/w63/e1.5/x0.5/h42/sv50/wc1/cm1
1984,630,-85.50732394986062,-10.860809292018587,65.79776880160793,-0.1650634890791795,-0.463266675842129,-0.8248698308155615,5,-120.60342863859341,0.3226750878526939,152,-0.5625481838806621,-0.5,4.4862789938583605,0.4276315789473684,-1.5510598753680689,4.9605263157894735,-85.50732394986063,-0.5050204840203157,152,-128.69027407830117,-297103.87343314476,2375000.0,7.993837214426051,ZB,1.5,42,63,70.0,ZB/w63/e1.5/x0.5/h42/sv70/wc1/cm1
1984,630,-80.00081479483242,-10.161393814666214,65.61894340496751,-0.15485457837922112,-0.4346143787755726,-0.76922430891469,5,-120.60342863859341,0.3328951957371169,155,-0.516134288998919,-0.3846428274928257,4.478762633867651,0.432258064516129,-1.439381788508562,4.819354838709677,-80.00081479483244,-0.539781378967029,155,-123.18376492327299,-78150.46233851335,2421875.0,30.98989983590251,ZB,1.5,42,63,90.0,ZB/w63/e1.5/x0.5/h42/sv90/wc1/cm1
1984,546,-74.01928679854836,-9.401643282880135,65.69856640503292,-0.1431027158936593,-0.4016316380192057,-0.6821145569971384,5,-137.42817890207107,0.34353181382442693,130,-0.5693791292196027,-0.404236125731586,4.638533168696217,0.45384615384615384,-1.4049775171851586,4.992307692307692,-74.01928679854835,-0.44710307891170475,130,-107.11353782502782,-281852.7124546366,2031250.0,7.206778257728934,ZB,1.5,42,126,50.0,ZB/w126/e1.5/x0.5/h42/sv50/wc1/cm1
1984,531,-73.4528178437863,-9.32969258902931,65.30805435161406,-0.1428566917458433,-0.40094114740997755,-0.672173841806936,5,-136.861709947309,0.3437735706001582,131,-0.560708533158674,-0.42382942397034634,4.740502438647947,0.44274809160305345,-1.3589779514798714,4.770992366412214,-73.45281784378629,-0.4505511428691781,131,-106.54706887026576,-248525.55761832232,2046875.0,8.236074469023125,ZB,1.5,42,126,70.0,ZB/w126/e1.5/x0.5/h42/sv70/wc1/cm1
1984,544,-88.37934596244713,-11.225602410552762,65.67386939156411,-0.1709295114564196,-0.4797302360290574,-0.8107271854307744,5,-151.78823806596984,0.3151170090848294,133,-0.6645063606199031,-0.5,4.580517853407561,0.42105263157894735,-1.6793810080442406,4.819548872180451,-88.37934596244712,-0.3744568447082806,133,-121.47359698892659,-683729.5613264728,2078125.0,3.0393961553575712,ZB,1.5,42,126,90.0,ZB/w126/e1.5/x0.5/h42/sv90/wc1/cm1
1984,459,-63.33743640202965,-8.044875994612637,66.37106260003459,-0.12121059509160917,-0.340189279762528,-0.5885452456235254,5,-143.2516094725538,0.3665075441150708,105,-0.6032136800193298,-0.3846428274928257,4.729029786729818,0.42857142857142855,-1.3133236410968132,5.247619047619048,-63.33743640202964,-0.5902431192962232,105,-100.72192243218977,-338669.88756342744,1640625.0,4.84431908547741,ZB,1.5,42,252,50.0,ZB/w252/e1.5/x0.5/h42/sv50/wc1/cm1
1984,454,-59.725441055619285,-7.586094327629062,66.43475796322019,-0.11418863498876446,-0.3204814683447017,-0.553409638728762,5,-139.63961412614344,0.3739891947275148,109,-0.5479398261983419,-0.42382942397034634,4.799234697751289,0.41284403669724773,-1.197499936364434,4.935779816513762,-59.72544105561927,-0.6722140635092683,109,-99.87372248250038,-163295.0329881038,1703125.0,10.429741608393405,ZB,1.5,42,252,70.0,ZB/w252/e1.5/x0.5/h42/sv70/wc1/cm1
1984,450,-39.99660856934861,-5.0802143948971015,67.55903720770938,-0.07519666657294195,-0.21104673087908107,-0.37666761577112357,5,-119.7732602082342,0.41633383026839493,111,-0.3603298069310685,-0.42382942397034634,4.178348667395689,0.42342342342342343,-0.9126875951054316,4.792792792792793,-39.9966085693486,-1.0037921429580594,111,-80.14488999622972,484480.98220785474,1734375.0,3.5798618804316837,ZB,1.5,42,252,90.0,ZB/w252/e1.5/x0.5/h42/sv90/wc1/cm1
1984,319,-59.82290024906388,-7.598473217119001,58.4124557091822,-0.13008309828556913,-0.3650908196729856,-0.6546384299442892,4,-93.53300150269388,0.35849329177230926,88,-0.6798056846484533,-0.4731017475651242,7.370448363288619,0.45454545454545453,-0.8701896827176901,4.170454545454546,-59.822900249063885,-1.1190090622150677,88,-126.7652677557544,-494465.6327832469,1375000.0,2.780779712151891,ZB,2.0,10,63,50.0,ZB/w63/e2/x0.5/h10/sv50/wc1/cm1
1984,330,-51.16164081861871,-6.498353571719715,59.315449914107774,-0.10955583378579628,-0.3074790628756949,-0.5584598913464169,4,-93.53300150269388,0.37990273784200923,86,-0.5949028002164966,-0.4731017475651242,7.457850513501142,0.46511627906976744,-0.744082906022631,4.441860465116279,-51.16164081861871,-1.308448408525805,86,-118.10400832530922,-255051.27558183577,1343750.0,5.268548439660104,ZB,2.0,10,63,70.0,ZB/w63/e2/x0.5/h10/sv70/wc1/cm1
1984,320,-52.81146004865923,-6.707907223922443,59.14147836812702,-0.11342136532619246,-0.31832805169249623,-0.579136230528382,4,-93.53300150269388,0.375834900852487,84,-0.6287078577221337,-0.415423161311537,7.527641825715377,0.4642857142857143,-0.7700699588832106,4.369047619047619,-52.81146004865923,-1.267572747373608,84,-119.75382755534974,-337858.1265206017,1312500.0,3.8847667022742676,ZB,2.0,10,63,90.0,ZB/w63/e2/x0.5/h10/sv90/wc1/cm1
1984,325,63.16175497015229,8.02256161919273,58.508228605019795,0.1371185183771642,0.3848364078534384,0.5491305577354636,5,-89.39622963428656,0.6515782993492986,82,0.7702653045140525,-0.3810497049475998,10.702858956155168,0.45121951219512196,0.6557101054223797,4.609756097560975,63.1617549701523,2.1770976808855997,82,-74.34755529603079,3255054.84281726,1281250.0,0.3936185600151284,ZB,2.0,10,126,50.0,ZB/w126/e2/x0.5/h10/sv50/wc1/cm1
1984,322,59.90970079077579,7.6094982859251505,58.28281252584184,0.1305616176733269,0.36643383070061625,0.5212812554554074,4,-92.64828381366306,0.6446045954262087,85,0.7048200093032447,-0.3224384617315079,10.502234633673467,0.4588235294117647,0.6224088952133735,4.317647058823529,59.9097007907758,2.2952761981971905,85,-77.59960947540729,3200303.149711744,1328125.0,0.41499974779565063,ZB,2.0,10,126,70.0,ZB/w126/e2/x0.5/h10/sv70/wc1/cm1
1984,327,71.73648868635291,9.111691103306923,58.641248034545875,0.1553802384618277,0.4360896947309703,0.6240593479002909,4,-80.82149591808593,0.6707749596906732,85,0.8439586904276815,-0.3224384617315079,10.484668685316151,0.4588235294117647,0.746527414642957,4.470588235294118,71.73648868635293,1.9168670335594877,85,-65.77282157983016,3569890.2714485293,1328125.0,0.3720352445065758,ZB,2.0,10,126,90.0,ZB/w126/e2/x0.5/h10/sv90/wc1/cm1
1984,248,-114.17506280209273,-14.502074509136778,63.08441968304155,-0.22988361598632964,-0.6451906427197203,-1.0976847685302573,5,-183.76648017804064,0.26160125931358785,63,-1.8123025841602025,-0.9191360319068734,8.64865639838676,0.38095238095238093,-1.6765896120957295,4.682539682539683,-114.17506280209275,-0.3910936982151813,63,-158.8282103573138,-2583595.712565398,984375.0,0.3810096894078519,ZB,2.0,10,252,50.0,ZB/w252/e2/x0.5/h10/sv50/wc1/cm1
1984,235,-119.83006173743388,-15.22035058358535,63.01725401835766,-0.24152671868487774,-0.6778681385956109,-1.1550211991031516,5,-189.4214791133818,0.2513506639285142,61,-1.964427241597277,-1.0963569305727106,8.736439171731991,0.3770491803278688,-1.77074368004816,4.524590163934426,-119.8300617374339,-0.3579692813333615,61,-162.72554281971543,-2791564.4292948092,953125.0,0.3414304144292215,ZB,2.0,10,252,70.0,ZB/w252/e2/x0.5/h10/sv70/wc1/cm1
1984,223,-75.42816945131199,-9.58059410369487,60.94619417601882,-0.15719757785080293,-0.44119023381628913,-0.7635994617005034,4,-155.0679882029399,0.33101342376025134,60,-1.257136157521867,-0.46527098407705125,8.373318946563321,0.4166666666666667,-1.172762115095803,4.316666666666666,-75.42816945131202,-0.5919956414167536,60,-120.08131700653306,-1419630.2953534997,937500.0,0.6603832019283266,ZB,2.0,10,252,90.0,ZB/w252/e2/x0.5/h10/sv90/wc1/cm1
1984,344,-58.059366644737565,-7.374476005279166,59.07658873520679,-0.12482907634245877,-0.35034489800390706,-0.6629488651813328,5,-98.3620593530909,0.3639099913546311,83,-0.6995104415028623,-0.3846428274928257,7.636538348989032,0.4578313253012048,-0.8395930418350108,4.867469879518072,-58.05936664473757,-1.1529985836102483,83,-125.00173415142808,-517480.2076480497,1296875.0,2.5061344971903443,ZB,2.0,21,63,50.0,ZB/w63/e2/x0.5/h21/sv50/wc1/cm1
1984,353,-59.19459066957279,-7.518667766498156,59.96592856291704,-0.12538232871036878,-0.3518976543815486,-0.674763359359966,5,-98.3620593530909,0.3632991178741061,80,-0.73993238336966,-0.5386276549995728,7.754590485694899,0.4375,-0.8588347493715116,5.225,-59.194590669572804,-1.1308865683414586,80,-126.13695817626332,-599830.9584241507,1250000.0,2.083920448660977,ZB,2.0,21,63,70.0,ZB/w63/e2/x0.5/h21/sv70/wc1/cm1
1984,335,-55.45113087688105,-7.043187994442553,59.46655656558791,-0.1184394792840301,-0.3324118747427249,-0.6333087874924598,5,-98.3620593530909,0.37056194979695395,78,-0.710911934318988,-0.4731017475651242,7.865070513618253,0.4358974358974359,-0.8034566033612183,5.038461538461538,-55.45113087688107,-1.207231781355796,78,-122.39349838357158,-514097.8399025339,1218750.0,2.370657694712467,ZB,2.0,21,63,90.0,ZB/w63/e2/x0.5/h21/sv90/wc1/cm1
1984,348,-21.451247150949257,-2.724654376027829,59.25543140751114,-0.04598151277120658,-0.1290515709472918,-0.25722446111554526,6,-90.22339866960465,0.4485890717587602,75,-0.28601662867932304,-0.3224384617315079,6.2946046841711505,0.4533333333333333,-0.3961578136397749,5.546666666666667,-21.45124715094923,-2.5635971685368464,75,-76.44360360870677,501523.5265328365,1171875.0,2.3366301638957574,ZB,2.0,21,126,50.0,ZB/w126/e2/x0.5/h21/sv50/wc1/cm1
1984,336,-33.781687757093096,-4.29081921108239,58.90828749827447,-0.07283897382364199,-0.20442963773075118,-0.4188246364584494,5,-93.79940571979068,0.4188205137741865,78,-0.4330985609883727,-0.3810497049475998,6.217987765042839,0.4230769230769231,-0.6191360864717457,5.051282051282051,-33.78168775709307,-1.6278747483897074,78,-88.7740442148506,163072.25759084104,1218750.0,7.473680796508769,ZB,2.0,21,126,70.0,ZB/w126/e2/x0.5/h21/sv70/wc1/cm1
1984,342,-36.40509692991873,-4.624034489082419,59.24112119149176,-0.0780544729080267,-0.21906744126416344,-0.45369012471649467,5,-96.42281489261632,0.41308655687268336,78,-0.4667320119220347,-0.4423214137464129,6.173553397472409,0.3974358974358974,-0.67201910554481,5.205128205128205,-36.405096929918706,-1.5105675055231982,78,-91.39745338767625,81090.72094004042,1218750.0,15.029463123174848,ZB,2.0,21,126,90.0,ZB/w126/e2/x0.5/h21/sv90/wc1/cm1
1984,263,-117.9206866614627,-14.97782915256482,63.36715466024169,-0.2363658149536944,-0.663383562210946,-0.8999004590790992,6,-174.50586834989463,0.24634241515962885,57,-2.068783976516889,-0.4305419681541025,6.289946780585975,0.38596491228070173,-2.505238141408595,5.578947368421052,-117.92068666146268,-0.1600695389590796,57,-136.79619660910112,-2794396.458170709,890625.0,0.31871819669533513,ZB,2.0,21,252,50.0,ZB/w252/e2/x0.5/h21/sv50/wc1/cm1
1984,243,-122.77975872270281,-15.595009676472332,63.22879733451588,-0.24664409784620708,-0.6922305590576888,-0.8925515294969185,5,-179.36494041113474,0.23668765669589364,55,-2.2323592495036872,-1.0963569305727106,6.41680878230586,0.36363636363636365,-2.603819037500697,5.254545454545455,-122.7797587227028,-0.16176310115574485,55,-142.64099325284133,-2977492.4600844625,859375.0,0.2886237367585549,ZB,2.0,21,252,70.0,ZB/w252/e2/x0.5/h21/sv70/wc1/cm1
1984,233,-92.18719444384305,-11.709260584601033,61.23257430490178,-0.1912260053986279,-0.5366943128961503,-0.6858357461171378,5,-164.18765001170505,0.2904623932775946,55,-1.6761308080698734,-0.5772553099991455,5.709345775446689,0.38181818181818183,-2.197289964827546,5.0,-92.18719444384304,-0.22707926762486863,55,-113.12099504254228,-2021474.8263700951,859375.0,0.4251227810455376,ZB,2.0,21,252,90.0,ZB/w252/e2/x0.5/h21/sv90/wc1/cm1
1984,357,-65.734102632759,-8.349291261822211,59.33161715139082,-0.14072246236805114,-0.39495122586615167,-0.739538598691905,5,-98.3620593530909,0.34753074766440484,82,-0.8016353979604757,-0.415423161311537,5.407458770362137,0.45121951219512196,-1.3506879093464697,5.195121951219512,-65.734102632759,-0.6289920932610998,82,-107.08033344637806,-772940.7072737198,1281250.0,1.6576303821792033,ZB,2.0,42,63,50.0,ZB/w63/e2/x0.5/h42/sv50/wc1/cm1
1984,366,-66.86932665759423,-8.493483023041202,60.21718134803884,-0.14104750227266855,-0.3958634818530339,-0.7799519526729563,6,-98.3620593530909,0.34715384828106255,79,-0.8464471728809396,-0.5772553099991455,5.472962767091877,0.43037974683544306,-1.383429891362824,5.569620253164557,-66.86932665759423,-0.6183138500157671,79,-108.21555747121329,-855291.4580498206,1234375.0,1.443221475419082,ZB,2.0,42,63,70.0,ZB/w63/e2/x0.5/h42/sv70/wc1/cm1
1984,348,-63.12586686490249,-8.018003250985599,59.71994115304929,-0.1342600661718201,-0.3768138847708918,-0.7103438979909747,5,-98.3620593530909,0.35413602192748395,77,-0.8198164527909414,-0.5,5.560005437354404,0.42857142857142855,-1.3023428876283554,5.3896103896103895,-63.12586686490249,-0.6549808005346736,77,-104.47209767852155,-769558.3395282038,1203125.0,1.5633967409639205,ZB,2.0,42,63,90.0,ZB/w63/e2/x0.5/h42/sv90/wc1/cm1
1984,349,-77.1424222548585,-9.798331858984044,59.32716088604326,-0.16515760593709966,-0.46353082392328604,-0.8373365991952686,6,-137.1601402175561,0.3204547100320678,73,-1.0567455103405272,-0.3774565824023739,5.237374212092357,0.4383561643835616,-1.7358548923117174,5.712328767123288,-77.14242225485849,-0.33484083888847677,73,-102.9728556365644,-1270075.6954643284,1140625.0,0.8980763934570039,ZB,2.0,42,126,50.0,ZB/w126/e2/x0.5/h42/sv50/wc1/cm1
1984,337,-89.47286286100234,-11.364496694038603,58.979693405344605,-0.19268490624281168,-0.5407888594747934,-0.9431756253737646,5,-149.49058082369993,0.2930004722626539,76,-1.1772745113289778,-0.4423214137464129,5.17003626921668,0.40789473684210525,-1.99832955778443,5.197368421052632,-89.47286286100231,-0.2886957291378276,76,-115.30329624270823,-1608526.9644063236,1187500.0,0.738253088867729,ZB,2.0,42,126,70.0,ZB/w126/e2/x0.5/h42/sv70/wc1/cm1
1984,343,-92.09627203382797,-11.697711972038633,59.31196862350536,-0.19722346506979416,-0.5535267645840308,-0.9745101433898775,5,-152.11398999652556,0.28860284035850603,76,-1.2117930530766834,-0.5,5.109979460094644,0.3815789473684211,-2.081096719285316,5.355263157894737,-92.09627203382794,-0.28047208438815113,76,-117.92670541553386,-1690508.5010571242,1187500.0,0.7024513625677846,ZB,2.0,42,126,90.0,ZB/w126/e2/x0.5/h42/sv90/wc1/cm1
1984,263,-82.86938033895831,-10.525747905956397,63.36747344097511,-0.16610647915070836,-0.46619392853785835,-0.8458852758773655,6,-139.45456202739024,0.3197755292711907,55,-1.5067160061628782,-0.4305419681541025,5.153159128094191,0.4,-2.1883846403226515,5.781818181818182,-82.8693803389583,-0.22777423784795364,55,-101.74489028659671,-1730293.1355924478,859375.0,0.4966643988365314,ZB,2.0,42,252,50.0,ZB/w252/e2/x0.5/h42/sv50/wc1/cm1
1984,243,-88.22845240019842,-11.206436494380041,63.223893297709445,-0.17725002225995534,-0.49746936202180664,-0.8706402158454934,5,-144.81363408863035,0.3085875353228479,54,-1.6338602296333038,-1.007746481239792,5.232641540193833,0.37037037037037035,-2.3160596583809543,5.351851851851852,-88.2284524001984,-0.2251114463625552,54,-108.08968693033692,-1913389.1375062014,843750.0,0.44097145920860303,ZB,2.0,42,252,70.0,ZB/w252/e2/x0.5/h42/sv70/wc1/cm1
1984,233,-57.63588812133867,-7.320687402508741,61.22640458719776,-0.11956748811017842,-0.3355777408111418,-0.5942276601412447,5,-119.7732602082342,0.3682795073442242,54,-1.0673312615062713,-0.5386276549995728,4.235916992259517,0.3888888888888889,-1.8689927376994242,5.092592592592593,-57.63588812133865,-0.3632077388072532,54,-78.56968872003789,-957371.5037918338,843750.0,0.8813193171701723,ZB,2.0,42,252,90.0,ZB/w252/e2/x0.5/h42/sv90/wc1/cm1
1984,187,-121.21669349286685,-15.396475181553653,43.55940721342993,-0.35345924489088826,-0.9920176190370198,-1.3095260327011535,4,-127.41071966336312,0.14362998940075866,48,-2.525347781101393,-1.1432954380868523,6.069897789108521,0.3541666666666667,-2.912943937452486,4.458333333333333,-121.21669349286685,-0.16818559974118377,48,-141.6035957866079,-3038021.6716520893,750000.0,0.24687118166347602,ZB,2.5,10,63,50.0,ZB/w63/e2.5/x0.5/h10/sv50/wc1/cm1
1984,196,-126.64538544342122,-16.08600661882165,44.880504787348684,-0.35841857606191896,-1.005936462500347,-1.345934750364017,5,-127.41071966336312,0.14162457895141184,47,-2.694582669008962,-1.4363507840726013,6.120206905990355,0.3404255319148936,-3.051015048117458,4.829787234042553,-126.64538544342122,-0.16097627420344424,47,-147.03228773716228,-3223293.295106913,734375.0,0.22783375038033626,ZB,2.5,10,63,70.0,ZB/w63/e2.5/x0.5/h10/sv70/wc1/cm1
1984,187,-130.6071132180159,-16.589209945030245,44.440552142525284,-0.3732899152968891,-1.0476743170140144,-1.4043646757034522,4,-130.6071132180159,0.13087008678945922,47,-2.7788747493194874,-1.87889355029165,6.075806721808732,0.3191489361702128,-3.169450435525985,4.48936170212766,-130.6071132180159,-0.148491984806515,47,-150.0012226896083,-3347097.288062997,734375.0,0.21940652953801384,ZB,2.5,10,63,90.0,ZB/w63/e2.5/x0.5/h10/sv90/wc1/cm1
1984,195,60.81753030974369,7.72480727724567,53.56708887832708,0.14420808446006633,0.40473396200494216,0.5306562091523193,5,-82.02135402120439,0.6598822428942801,47,1.2939900065902912,-0.9117926999892918,13.80053548895646,0.425531914893617,0.6497614273412813,4.851063829787234,60.81753030974369,2.261014374734524,47,-76.6917799564394,2634922.8221794916,734375.0,0.2787083529803569,ZB,2.5,10,126,50.0,ZB/w126/e2.5/x0.5/h10/sv50/wc1/cm1
1984,193,62.32199373121421,7.915898397311482,53.431083816370716,0.14815155957750076,0.41580170702300423,0.5437455511354797,5,-80.51689059973387,0.6640991138867788,47,1.3259998666215789,-0.5772553099991455,13.806920110092694,0.425531914893617,0.6655268947697105,4.808510638297872,62.32199373121421,2.2064331070543246,47,-75.18731653496889,2681937.3041004455,734375.0,0.27382258298029766,ZB,2.5,10,126,70.0,ZB/w126/e2.5/x0.5/h10/sv70/wc1/cm1
1984,194,64.88122241280553,8.24096171775554,53.46041960013566,0.15415071148702003,0.43263890814179173,0.569146534609036,5,-77.95766191814255,0.6704278169832429,48,1.351692133600115,-0.44392940262810043,13.584324528054445,0.4375,0.6966779199121731,4.729166666666667,64.88122241280553,2.1194007318678856,48,-72.62808785337756,2777538.2004001746,750000.0,0.27002328892972327,ZB,2.5,10,126,90.0,ZB/w126/e2.5/x0.5/h10/sv90/wc1/cm1
1984,153,71.42584031755905,9.072233750012542,56.222759628205175,0.16136229900499743,0.45287892727403917,0.6508475289642505,5,-79.68720116365739,0.6775386230003276,36,1.9840511199321957,-1.0068030470358735,15.149047776088464,0.4166666666666667,0.7969590397256151,4.944444444444445,71.42584031755905,1.9252039549666782,36,-66.08346994862404,2794557.509923719,562500.0,0.20128410240351582,ZB,2.5,10,252,50.0,ZB/w252/e2.5/x0.5/h10/sv50/wc1/cm1
1984,159,71.46346541377852,9.077012744088803,56.262144265237396,0.16133428369343547,0.4528002995876114,0.6507494921516163,5,-79.64957606743792,0.6775046483066787,38,1.8806175108889085,-0.3326542961465293,14.752563361131173,0.42105263157894735,0.7963715224101761,4.894736842105263,71.46346541377852,1.924190346353825,38,-66.04584485240457,2826983.2941805776,593750.0,0.21002953969422125,ZB,2.5,10,252,70.0,ZB/w252/e2.5/x0.5/h10/sv70/wc1/cm1
1984,152,109.73708326632277,13.938379527778899,57.52022135497688,0.24232138193211067,0.6800984379974544,1.0153495593551773,5,-73.9642513421004,0.7573287393722382,38,2.8878179806927045,-0.013117194669348478,14.072286347364036,0.47368421052631576,1.2819995922131329,4.657894736842105,109.73708326632277,1.2530796898661818,38,-27.772226999860322,4023033.8520725854,593750.0,0.14758762213599372,ZB,2.5,10,252,90.0,ZB/w252/e2.5/x0.5/h10/sv90/wc1/cm1
1984,198,-112.06040203349721,-14.233478484093395,51.9990510881869,-0.2737257351091729,-0.7682377980974396,-1.504670428316856,5,-114.96788633301321,0.2260202304511742,46,-2.436095696380374,-1.1432954380868523,6.3479715430270165,0.32608695652173914,-2.6315458918327104,4.956521739130435,-112.06040203349721,-0.13448999479669008,46,-127.13140491989725,-2783137.5635467884,718750.0,0.2582516974418023,ZB,2.5,21,63,50.0,ZB/w63/e2.5/x0.5/h21/sv50/wc1/cm1
1984,207,-117.48909398405158,-14.923009921361391,53.11069040155422,-0.2809793999764064,-0.7885959113874357,-1.563060706013082,5,-120.39657828356758,0.21994220723371477,45,-2.610868755201146,-1.4363507840726013,6.406856679771623,0.3111111111111111,-2.7645611936505308,5.355555555555555,-117.48909398405158,-0.12827576054374742,45,-132.56009687045162,-2968409.187001612,703125.0,0.23686929789832178,ZB,2.5,21,63,70.0,ZB/w63/e2.5/x0.5/h21/sv70/wc1/cm1
1984,195,-118.17868511031065,-15.010599116833813,52.63509782716533,-0.2851823162963087,-0.8003918032786451,-1.5754941408897138,5,-121.08616940982665,0.21679626036670419,45,-2.626193002451348,-1.5527543497764784,6.431271018216462,0.28888888888888886,-2.770231121275583,4.933333333333334,-118.17868511031065,-0.1450084015452711,45,-135.31558733487873,-2989958.9096972086,703125.0,0.23516209460925505,ZB,2.5,21,63,90.0,ZB/w63/e2.5/x0.5/h21/sv90/wc1/cm1
1984,207,-25.554454775972317,-3.2458279251739035,53.98874510112997,-0.06012045508918431,-0.1687338825482004,-0.32423491252025244,6,-90.22339866960465,0.4328648042864321,43,-0.5942896459528442,-0.9191360319068734,7.683941621879694,0.37209302325581395,-0.5131660510224841,5.6976744186046515,-25.5544547759723,-2.1519675117257586,43,-80.54681123372984,-126701.71174913389,671875.0,5.302809178539712,ZB,2.5,21,126,50.0,ZB/w126/e2.5/x0.5/h21/sv50/wc1/cm1
1984,205,-24.0499913545018,-3.0547368051080914,53.85395947283834,-0.05672260377899924,-0.1591974836131201,-0.3049415435497943,6,-90.22339866960465,0.43663351253061716,43,-0.5593021245232972,-0.9117926999892918,7.705269674577697,0.37209302325581395,-0.48161769662686876,5.651162790697675,-24.049991354501778,-2.286585290080108,43,-79.04234781225932,-79687.22982818028,671875.0,8.431401134770038,ZB,2.5,21,126,70.0,ZB/w126/e2.5/x0.5/h21/sv70/wc1/cm1
1984,206,-21.490762672910478,-2.7296734846640325,53.88332779248066,-0.05065896254917193,-0.14217928696822907,-0.2757530092372559,6,-90.22339866960465,0.44337105984574704,44,-0.48842642438432865,-0.7445240049942187,7.479691388064163,0.38636363636363635,-0.4381612038440479,5.545454545454546,-21.49076267291046,-2.5588834279518853,44,-76.483119130668,15913.666471548378,687500.0,43.201860566146905,ZB,2.5,21,126,90.0,ZB/w126/e2.5/x0.5/h21/sv90/wc1/cm1
1984,175,-10.258242501892255,-1.3029622532645404,56.803432933405034,-0.022938089935375945,-0.06437797197799447,-0.1393628061233054,6,-90.22339866960465,0.47432406605166766,34,-0.3017130147615366,-0.9982834633087805,7.817892308078328,0.4117647058823529,-0.22841588737533475,6.088235294117647,-10.258242501892244,-4.906897125958356,34,-60.594383151811144,210679.92181586777,531250.0,2.5215976701581817,ZB,2.5,21,252,50.0,ZB/w252/e2.5/x0.5/h21/sv50/wc1/cm1
1984,176,-12.23936356699096,-1.554596582097642,56.798925851681446,-0.027370175734610667,-0.07681705021820813,-0.1661231593114768,6,-90.22339866960465,0.469366908606186,36,-0.33998232130530415,-0.9982834633087805,7.638240516367007,0.3888888888888889,-0.2708516489274314,5.777777777777778,-12.23936356699095,-4.112643633340002,36,-62.57550421690985,180019.8885315333,562500.0,3.124654751141396,ZB,2.5,21,252,70.0,ZB/w252/e2.5/x0.5/h21/sv70/wc1/cm1
1984,171,25.056491336614272,3.1825785367070547,58.00441575110298,0.05486786644595307,0.15399198357411167,0.3550632068241601,6,-90.22339866960465,0.5610477763669611,36,0.6960136482392856,-0.16167811206014443,6.349797669736346,0.4444444444444444,0.6670007884703848,5.611111111111111,25.05649133661428,2.008906194155135,36,-25.279649313304624,1345515.3542691965,562500.0,0.4180554299995457,ZB,2.5,21,252,90.0,ZB/w252/e2.5/x0.5/h21/sv90/wc1/cm1
1984,212,-82.30964891042322,-10.454652986606174,53.69144557193662,-0.19471729388620898,-0.5464929523231383,-0.9583688873184186,5,-103.18668781496808,0.29522150770939604,46,-1.7893401937048525,-1.1432954380868523,3.794170456252437,0.32608695652173914,-3.233907952387866,5.434782608695652,-82.30964891042322,-0.18310128989617805,46,-97.38065179682326,-1853426.5284507258,718750.0,0.3877952478649376,ZB,2.5,42,63,50.0,ZB/w63/e2.5/x0.5/h42/sv50/wc1/cm1
1984,221,-87.73834086097759,-11.14418442387417,54.768934063081694,-0.2034763797126038,-0.5710761754020063,-1.0690811506663644,6,-103.18668781496808,0.2869127885555841,45,-1.949740908021724,-1.4363507840726013,3.845096718681486,0.3111111111111111,-3.439979155204034,5.844444444444444,-87.73834086097759,-0.17177214360914592,45,-102.80934374737762,-2038698.1519055502,703125.0,0.34488921243333465,ZB,2.5,42,63,70.0,ZB/w63/e2.5/x0.5/h42/sv70/wc1/cm1
1984,209,-88.42793198723666,-11.231773619346592,54.307889435475275,-0.20681661055326736,-0.5804508569062684,-1.0239893950155177,5,-103.18668781496808,0.2839250133954164,45,-1.9650651552719258,-1.5527543497764784,3.8883063481221782,0.28888888888888886,-3.4284881751381215,5.4222222222222225,-88.42793198723666,-0.19379512603598542,45,-105.56483421180474,-2060247.8746011462,703125.0,0.34128174996230565,ZB,2.5,42,63,90.0,ZB/w63/e2.5/x0.5/h42/sv90/wc1/cm1
1984,220,-86.59852533393678,-10.999409467818584,54.27703242268512,-0.20265311084364618,-0.5687655915510663,-1.1244954642281828,6,-141.03660541618683,0.28330674249221327,42,-2.0618696508080183,-1.2336516948232659,5.974353630374075,0.3333333333333333,-2.2637457224907944,6.357142857142857,-86.59852533393676,-0.243991017658282,42,-107.72778765787051,-2049953.916685524,656250.0,0.3201291476156988,ZB,2.5,42,126,50.0,ZB/w126/e2.5/x0.5/h42/sv50/wc1/cm1
1984,218,-85.09406191246626,-10.80831834775277,54.143073120231236,-0.199625136233985,-0.5602672874150183,-1.104122994873076,6,-139.5321419947163,0.2862208760518173,42,-2.0260490931539583,-1.2336516948232659,6.011389314538896,0.3333333333333333,-2.210713541894629,6.309523809523809,-85.09406191246624,-0.2617266426597153,42,-107.36544504709398,-2002939.43476457,656250.0,0.3276434567164718,ZB,2.5,42,126,70.0,ZB/w126/e2.5/x0.5/h42/sv70/wc1/cm1
1984,219,-82.53483323087494,-10.483255027308712,54.17246942215059,-0.1935162849161573,-0.5431222042775455,-1.0842460694736398,6,-136.972913313125,0.29213645016279366,43,-1.9194147262994168,-1.3435589801101746,5.7832260877565895,0.3488372093023256,-2.202127508562762,6.186046511627907,-82.53483323087492,-0.2698422261583535,43,-104.80621636550266,-1907338.5384648414,671875.0,0.3522578642702683,ZB,2.5,42,126,90.0,ZB/w126/e2.5/x0.5/h42/sv90/wc1/cm1
1984,175,-63.127577071835276,-8.018220474850045,56.86552719086788,-0.14100318542615575,-0.39573910232923826,-0.695766632056545,6,-126.16358799650106,0.3454023606155402,33,-1.9129568809647048,-1.4363507840726013,5.369032114229248,0.36363636363636365,-2.078490912219992,6.2727272727272725,-63.12757707183526,-0.20931391943325417,33,-76.34105765306593,-1457111.7834948523,515625.0,0.3538678403679395,ZB,2.5,42,252,50.0,ZB/w252/e2.5/x0.5/h42/sv50/wc1/cm1
1984,176,-65.10869813693398,-8.269854803683147,56.86090704332422,-0.14544007884682655,-0.4081916736248437,-0.7171961255177156,6,-128.14470906159977,0.3407839083228278,35,-1.8602485181981137,-1.4363507840726013,5.28095884378237,0.34285714285714286,-2.114398150271787,5.942857142857143,-65.10869813693398,-0.20657024826514517,35,-78.55821807530083,-1487771.8167791867,546875.0,0.36757988949132414,ZB,2.5,42,252,70.0,ZB/w252/e2.5/x0.5/h42/sv70/wc1/cm1
1984,171,-27.81284323332875,-3.5326796848784503,58.06728525507351,-0.06083769319265343,-0.1707468807820013,-0.31477456674232374,6,-119.7732602082342,0.43210555994808,35,-0.7946526638093926,-0.5,3.5550611214807337,0.4,-1.3417106205250173,5.771428571428571,-27.812843233328742,-0.4927284865208277,35,-41.51702338552786,-322276.3510415234,546875.0,1.6969132182135773,ZB,2.5,42,252,90.0,ZB/w252/e2.5/x0.5/h42/sv90/wc1/cm1
2043,1054,-100.46760688792438,-12.392480144766003,27.340386947137667,-0.45326645042466757,-1.290903571326919,-2.146486851151923,4,-114.79128855680756,0.09901055224096023,322,-0.3120112015152931,-0.4806058861472593,2.1459612962548253,0.37267080745341613,-2.613073685461037,3.87888198757764,-100.46760688792438,-0.26415520417762206,322,-127.00664809864111,1891637.2847523633,5031250.0,2.659732941697989,ZN,1.0,10,63,50.0,ZN/w63/e1/x0.5/h10/sv50/wc1/cm1
2043,1060,-80.69507836479079,-9.953577948079921,27.663120529728772,-0.3598139963054094,-1.0247508334421966,-1.6881922460189633,4,-97.2774686647349,0.15334102266590116,321,-0.25138653696196506,-0.4345032690457628,2.175915553371928,0.3925233644859813,-2.07314663928162,3.9034267912772584,-80.69507836479079,-0.32888054325623356,321,-107.23411957550752,2493903.8011002876,5015625.0,2.011154158306809,ZN,1.0,10,63,70.0,ZN/w63/e1/x0.5/h10/sv70/wc1/cm1
2043,1059,-70.31353391288121,-8.673035020091074,27.63465446809845,-0.3138463348656398,-0.8938348605910192,-1.4859421151124348,4,-84.0837585054569,0.18642942159627474,314,-0.223928451951851,-0.32065074900447144,2.198670511770635,0.410828025477707,-1.8076177835132736,4.06687898089172,-70.31353391288121,-0.377438591603129,314,-96.85257512359794,2708952.0652224626,4906250.0,1.8111247013140088,ZN,1.0,10,63,90.0,ZN/w63/e1/x0.5/h10/sv90/wc1/cm1
2043,1052,-49.875081359727574,-6.151992414415735,28.56145612190313,-0.21539491502668567,-0.6134450603901895,-1.0814880311811126,4,-69.59393833980675,0.27043245751548844,309,-0.1614080302903805,-0.3382920091112283,2.207461290538541,0.4077669902912621,-1.2874049133018448,4.067961165048544,-49.875081359727574,-0.6047575070801146,309,-80.03741122825431,3269528.7075085132,4828125.0,1.4767036572923036,ZN,1.0,10,126,50.0,ZN/w126/e1/x0.5/h10/sv50/wc1/cm1
2043,1068,-53.19954243072016,-6.562058097181341,27.938229439024852,-0.23487737873665274,-0.6689311480057198,-1.1321545023340074,4,-65.29530993258186,0.25230569389555924,312,-0.17051135394461595,-0.3191885705105051,2.292625775582499,0.42948717948717946,-1.315814087084666,4.144230769230769,-53.19954243072017,-0.5669659641867416,312,-83.36187229924691,3212514.2990399953,4875000.0,1.5175029731250722,ZN,1.0,10,126,70.0,ZN/w126/e1/x0.5/h10/sv70/wc1/cm1
2043,1065,-48.463611898272575,-5.977890454412477,27.514301644985103,-0.21726484399076282,-0.6187706210523414,-1.036230812466822,4,-68.84693310820421,0.2686058888856879,311,-0.1558315495121305,-0.32083210075461455,2.3573692357924507,0.42765273311897106,-1.1676355782562773,4.109324758842444,-48.46361189827258,-0.659434955632871,311,-80.42221166021864,3344887.128178982,4859375.0,1.4527769738662402,ZN,1.0,10,126,90.0,ZN/w126/e1/x0.5/h10/sv90/wc1/cm1
2043,1090,-57.09746222432477,-7.0428587765686945,30.689716598900578,-0.22948595024891813,-0.653576351102376,-1.1546818303260704,4,-73.24872811904743,0.2578034665014214,302,-0.1890644444514065,-0.25042430788130327,2.3595197842119005,0.423841059602649,-1.3947935644168667,4.4635761589403975,-57.097462224324765,-0.5924319417298275,302,-90.92382263772697,2934454.305489851,4718750.0,1.608050256966702,ZN,1.0,10,252,50.0,ZN/w252/e1/x0.5/h10/sv50/wc1/cm1
2043,1104,-58.536213434962974,-7.22032588625094,29.170499429158028,-0.24752150383252272,-0.7049416363780016,-1.2609372310195404,5,-71.733805395937,0.24123199860215266,300,-0.19512071144987658,-0.25042430788130327,2.388934063841553,0.43,-1.4170490011668737,4.5633333333333335,-58.536213434962974,-0.5778706620814342,300,-92.36257384836517,2858243.330157407,4687500.0,1.639993331058295,ZN,1.0,10,252,70.0,ZN/w252/e1/x0.5/h10/sv70/wc1/cm1
2043,1102,-23.937764966618943,-2.9526758549133496,28.514668944520952,-0.10354936473778356,-0.29490875537644673,-0.53480065257535,5,-63.03974284633614,0.38424280197006433,300,-0.07979254988872983,-0.17623119964241596,2.030883948538203,0.4533333333333333,-0.6816522888005716,4.506666666666667,-23.93776496661895,-1.0770786442867006,300,-49.72062040411856,3939444.8447931577,4687500.0,1.1898884702486854,ZN,1.0,10,252,90.0,ZN/w252/e1/x0.5/h10/sv90/wc1/cm1
2043,1056,-76.76385371328115,-9.46866918049283,27.742481702236567,-0.3413057736550468,-0.9720393859130845,-1.6709975285704737,4,-92.5729672038342,0.16626346221564076,310,-0.24762533455897145,-0.4806058861472593,1.8970878533042896,0.3709677419354839,-2.3019192570438993,4.067741935483871,-76.76385371328115,-0.34572314868195747,310,-103.30289492399788,2444879.571459964,4843750.0,1.9811814277246984,ZN,1.0,21,63,50.0,ZN/w63/e1/x0.5/h21/sv50/wc1/cm1
2043,1061,-56.1560364079628,-6.926735768383077,28.063084305876597,-0.24682731566082966,-0.7029645873615307,-1.195176725871061,4,-73.73842670790691,0.2415673754946998,307,-0.182918685367957,-0.4345032690457628,1.9279229512194913,0.39087947882736157,-1.6651220051930378,4.11400651465798,-56.1560364079628,-0.4725946293273924,307,-82.69507761867953,3041998.8622511625,4796875.0,1.5768825753110838,ZN,1.0,21,63,70.0,ZN/w63/e1/x0.5/h21/sv70/wc1/cm1
2043,1062,-49.37612601964793,-6.090447262335427,28.035394727903906,-0.2172413594117705,-0.6187037369340399,-1.0608108843473858,4,-65.33496934764389,0.26860586461015823,298,-0.16569169805250983,-0.32065074900447144,1.9282682264390871,0.40604026845637586,-1.4858375959355452,4.352348993288591,-49.37612601964793,-0.5374873111786093,298,-75.91516723036466,3113246.0618860023,4656250.0,1.4956254364228592,ZN,1.0,21,63,90.0,ZN/w63/e1/x0.5/h21/sv90/wc1/cm1
2043,1057,-41.762169125573564,-5.151280773198501,28.719050090548755,-0.17936807648431774,-0.510840566952856,-0.9095139361358402,4,-66.0933331542451,0.3052829883961142,296,-0.1410884092080188,-0.31216831134065615,1.842278142612935,0.40878378378378377,-1.3198264886307622,4.3175675675675675,-41.762169125573564,-0.6255586638192917,296,-67.88685584196264,3319932.2148258258,4625000.0,1.3931007324023459,ZN,1.0,21,126,50.0,ZN/w126/e1/x0.5/h21/sv50/wc1/cm1
2043,1074,-46.17843948584505,-5.69601896741701,28.122700438600816,-0.20254167909134133,-0.5768390240146801,-0.9864710029858507,4,-58.96414099525691,0.2825572843675289,296,-0.15600824150623327,-0.32929279011023016,1.9374399886780878,0.4222972972972973,-1.3877140500052585,4.4391891891891895,-46.17843948584505,-0.5657334246731531,296,-72.30312620223413,3181923.766067343,4625000.0,1.4535231954083578,ZN,1.0,21,126,70.0,ZN/w126/e1/x0.5/h21/sv70/wc1/cm1
2043,1069,-48.42479916167895,-5.9731029802952005,27.71121735908451,-0.21554819851092002,-0.6138816119969497,-1.0350510426638542,4,-69.9020129779733,0.27033664792368756,294,-0.1647102012302005,-0.37001847239389474,1.9677034341541055,0.41836734693877553,-1.437720199356042,4.41156462585034,-48.42479916167895,-0.5765838391314114,294,-76.34575577148735,3080475.026197533,4593750.0,1.491247278725846,ZN,1.0,21,126,90.0,ZN/w126/e1/x0.5/h21/sv90/wc1/cm1
2043,1092,-27.089708681246975,-3.341461863766147,30.79655127966481,-0.10850117058310159,-0.30901150629535895,-0.5897558375117111,5,-56.36629065248144,0.37895168167705695,279,-0.09709573004031172,-0.18205475042122976,2.402569616888808,0.4336917562724014,-0.6762479414862206,4.896057347670251,-27.089708681246968,-1.248679371617559,279,-60.91606909464917,3512821.603711032,4359375.0,1.24098957811995,ZN,1.0,21,252,50.0,ZN/w252/e1/x0.5/h21/sv50/wc1/cm1
2043,1110,-37.561260930302524,-4.633107075103395,29.328119148035608,-0.15797491314453146,-0.44991280375433107,-0.8261592128663203,5,-63.45318687191548,0.32677235031162355,280,-0.13414736046536616,-0.26579054161538823,2.4120559981788556,0.42857142857142855,-0.9322892474286093,4.964285714285714,-37.561260930302524,-0.9005650922148037,280,-71.38762134370472,3201210.595928046,4375000.0,1.3666704732156703,ZN,1.0,21,252,70.0,ZN/w252/e1/x0.5/h21/sv70/wc1/cm1
2043,1106,-17.798158922943458,-2.1953676204511754,28.72756389765721,-0.07642025019149683,-0.21764499402387535,-0.4076616585259968,5,-63.65700218990287,0.41399013961216496,277,-0.06425328131026518,-0.17802952578540415,1.9263918192758995,0.45126353790613716,-0.5561294758041566,4.956678700361011,-17.798158922943458,-1.3613736098067646,277,-42.02810278378547,3771932.5336580165,4328125.0,1.1474555712168555,ZN,1.0,21,252,90.0,ZN/w252/e1/x0.5/h21/sv90/wc1/cm1
2043,1057,-74.7876699593653,-9.224910831992197,27.755796588783404,-0.3323597938356467,-0.9465612211668022,-1.6244453163068486,4,-90.59678344991835,0.17265245641766624,307,-0.24360804547024528,-0.4801310382035808,1.7896394195488032,0.3713355048859935,-2.3889318045549266,4.1237785016286646,-74.7876699593653,-0.3474643845796047,307,-100.77372167593876,2459760.313769834,4796875.0,1.950139195736636,ZN,1.0,42,63,50.0,ZN/w63/e1/x0.5/h42/sv50/wc1/cm1
2043,1062,-54.679852654046954,-6.744651428693016,28.077072614383834,-0.24021918243847626,-0.6841446134399045,-1.1618869679764292,4,-72.26224295399106,0.24744808265748502,305,-0.17927820542310477,-0.4345032690457628,1.8189820021213412,0.3901639344262295,-1.7240987692474088,4.157377049180328,-54.679852654046954,-0.47523997332224305,305,-80.66590437062041,3056879.6045610327,4765625.0,1.5589835441636055,ZN,1.0,42,63,70.0,ZN/w63/e1/x0.5/h42/sv70/wc1/cm1
2043,1063,-48.758658941321755,-6.014283922277573,28.043878478501437,-0.21445977691310247,-0.6107817855561979,-1.0458533318887646,4,-65.21750226931772,0.2712108963212908,295,-0.16528358963159917,-0.33775347946584583,1.8327642264979092,0.4,-1.55157040701624,4.4,-48.758658941321755,-0.5329525520348329,295,-74.74471065789521,3085666.908083695,4609375.0,1.4938018708126146,ZN,1.0,42,63,90.0,ZN/w63/e1/x0.5/h42/sv90/wc1/cm1
2043,1058,-54.24833992151662,-6.691425188557115,28.751907984836304,-0.23272977891019128,-0.6628147802861085,-1.1624152072985563,4,-73.10216118651033,0.25446793241224663,292,-0.18578198603259116,-0.33802274428853707,1.7384881773205139,0.4006849315068493,-1.829229584079326,4.38013698630137,-54.24833992151662,-0.4370747049155958,292,-77.95891708487443,2867239.3774526054,4562500.0,1.5912518626378334,ZN,1.0,42,126,50.0,ZN/w126/e1/x0.5/h42/sv50/wc1/cm1
2043,1075,-58.1646102817881,-7.174489373965052,28.157159502143664,-0.25480160288962544,-0.7256753700651579,-1.2729703136890198,5,-70.7603777836498,0.23466086059206348,291,-0.19987838584806908,-0.3382920091112283,1.8425392440900719,0.41580756013745707,-1.8537154813506436,4.518900343642612,-58.1646102817881,-0.4076461107276055,291,-81.87518744514591,2729230.928694122,4546875.0,1.6659913062672134,ZN,1.0,42,126,70.0,ZN/w126/e1/x0.5/h42/sv70/wc1/cm1
2043,1071,-62.29350287929583,-7.683780090838252,27.751125467662963,-0.2768817466445384,-0.7885596545779956,-1.3111997416240788,4,-75.16033945636991,0.2160527644316676,291,-0.21406702020376572,-0.413079223524619,1.8999832222612973,0.40893470790378006,-1.9252803922964958,4.463917525773196,-62.29350287929583,-0.44599067841514245,291,-90.0758244892886,2600203.0350220054,4546875.0,1.7486615232573637,ZN,1.0,42,126,90.0,ZN/w126/e1/x0.5/h42/sv90/wc1/cm1
2043,1092,-23.089723952887653,-2.8480716770081687,30.760832822342252,-0.09258759973948277,-0.26368963123634087,-0.5033539872343541,5,-56.36629065248144,0.3962360132167705,273,-0.08457774341717088,-0.17802952578540415,1.8407525246429064,0.43956043956043955,-0.7605694621981264,5.007326007326007,-23.08972395288765,-0.9660301947136595,273,-45.395094478980354,3544071.126472261,4265625.0,1.2035946367267092,ZN,1.0,42,252,50.0,ZN/w252/e1/x0.5/h42/sv50/wc1/cm1
2043,1110,-33.0612762019432,-4.078042879534844,29.294841240675236,-0.13920686055374737,-0.39646136014186933,-0.728106930873887,5,-62.95318687191548,0.3462013217363335,273,-0.12110357583129377,-0.23509107050313102,1.8592367556893656,0.4358974358974359,-1.0782028248419648,5.095238095238095,-33.0612762019432,-0.6746675594084202,273,-55.3666467280359,3232460.118689275,4265625.0,1.3196218494196492,ZN,1.0,42,252,70.0,ZN/w252/e1/x0.5/h42/sv70/wc1/cm1
2043,1107,-29.616917096703673,-3.6531880119282065,28.741152724009023,-0.1271065237712788,-0.361999581750567,-0.6631365534270248,5,-64.0395351115767,0.3589688806281255,271,-0.10928751696200617,-0.23157838154929777,1.8315864222441343,0.45018450184501846,-0.9840803324384004,5.07380073800738,-29.616917096703673,-0.7420605373922314,271,-51.59446251338477,3308846.34072801,4234375.0,1.279713399767109,ZN,1.0,42,252,90.0,ZN/w252/e1/x0.5/h42/sv90/wc1/cm1
2043,607,-8.707560174530046,-1.0740602858451158,22.348868302214484,-0.04805882209877671,-0.13687160173216223,-0.22238581444526703,4,-36.0215066514661,0.44564519930449953,165,-0.052773091966848755,-0.27263009098624025,2.2803555935094266,0.42424242424242425,-0.2981755199054096,4.242424242424242,-8.707560174530045,-2.786204521038883,165,-32.96860370002378,2306013.7445459357,2578125.0,1.118000708407592,ZN,1.5,10,63,50.0,ZN/w63/e1.5/x0.5/h10/sv50/wc1/cm1
2043,602,1.5789832845380243,0.19476445800469022,22.285863202771925,0.008739372409881136,0.024889746515546526,0.04062217290621488,4,-32.96304894924424,0.5099253863452038,168,0.00939871002701206,-0.2046137481233927,2.259703866791184,0.4523809523809524,0.054071419149874546,4.125,1.578983284538026,15.364978060924788,168,-22.682060240955707,2674343.2276418135,2625000.0,0.9815494035575518,ZN,1.5,10,63,70.0,ZN/w63/e1.5/x0.5/h10/sv70/wc1/cm1
2043,615,2.891730276543056,0.35668919710663244,22.378626998344377,0.015938832937919794,0.045393821543744384,0.07219163301631229,4,-30.03178804506615,0.5181016826160358,172,0.01681238532873871,-0.1741248522480419,2.2934413143511927,0.45930232558139533,0.09642110299452251,4.098837209302325,2.8917302765430577,9.17756452805932,172,-23.647310934173674,2777866.5711419703,2687500.0,0.9674690742598119,ZN,1.5,10,63,90.0,ZN/w63/e1.5/x0.5/h10/sv90/wc1/cm1
2043,620,15.59721143221759,1.9238851105819053,23.16732828543488,0.08304302882397696,0.23650667809682238,0.39401683330082005,4,-36.50167254496773,0.5935387996696533,171,0.09121176276150636,-0.07149572542130045,2.5982451856609514,0.47368421052631576,0.46040747648370106,4.192982456140351,15.597211432217588,1.765633774531427,171,-11.941751861013476,3159287.857256799,2671875.0,0.8457206562747283,ZN,1.5,10,126,50.0,ZN/w126/e1.5/x0.5/h10/sv50/wc1/cm1
2043,616,21.124660654775653,2.6056850146859833,23.344662303108613,0.11161802132125966,0.31788830215221414,0.5308127004119065,4,-38.69557723388698,0.6248434022163907,167,0.1264949739806925,-0.06298922851237865,2.616300955201111,0.48502994011976047,0.6266831206852377,4.3053892215568865,21.12466065477565,1.303640505439567,167,-6.414302638455414,3269520.6454617386,2609375.0,0.7980909995543064,ZN,1.5,10,126,70.0,ZN/w126/e1.5/x0.5/h10/sv70/wc1/cm1
2043,624,24.497916673671625,3.0217694575453984,23.052396354135084,0.1310826610441895,0.37332362702432953,0.6280825220435665,4,-40.88097105953102,0.6457839846550657,171,0.14326267060626682,0.004402616225434001,2.5799413879966373,0.5029239766081871,0.7282740792416351,4.2748538011695905,24.497916673671625,1.197458280939355,171,-4.837316512978759,3437434.8960522376,2671875.0,0.7772874485764214,ZN,1.5,10,126,90.0,ZN/w126/e1.5/x0.5/h10/sv90/wc1/cm1
2043,663,48.0960508264011,5.932552524842427,25.325256942005694,0.2342543863790937,0.667156864781076,1.139449277169018,5,-48.951926553368594,0.748796571278312,167,0.2880003043497072,0.02974108993112203,2.9125167975305217,0.5149700598802395,1.281701625376412,4.6706586826347305,48.0960508264011,0.6644745090880352,167,16.13745106445504,4112376.5883250344,2609375.0,0.6345175214273835,ZN,1.5,10,252,50.0,ZN/w252/e1.5/x0.5/h10/sv50/wc1/cm1
2043,664,46.10941822170207,5.687505331311269,23.51798708835969,0.24183639994114636,0.6887504514582564,1.1379060006701232,5,-39.12102553508248,0.7550142652055765,171,0.2696457205947489,0.10884933445913705,2.858605628157468,0.5321637426900585,1.2371174632773934,4.567251461988304,46.109418221702064,0.693103513219004,171,14.150818459756007,4112794.319428189,2671875.0,0.6496495551402816,ZN,1.5,10,252,70.0,ZN/w252/e1.5/x0.5/h10/sv70/wc1/cm1
2043,686,34.82233629233042,4.295266150595822,23.673610674999928,0.18143688386038034,0.5167325336484819,0.8614982013847902,5,-38.15091232118948,0.6976277592772344,175,0.1989847788133166,0.033727657592407895,2.7993358460492326,0.52,0.9430360081059757,4.622857142857143,34.822336292330405,0.9177615049621158,175,2.8637365303843474,3822573.0091353254,2734375.0,0.7153231588946215,ZN,1.5,10,252,90.0,ZN/w252/e1.5/x0.5/h10/sv90/wc1/cm1
2043,619,-3.7246791490488267,-0.4594317893099874,22.28282755087565,-0.020618199744221112,-0.05872066564646478,-0.10087255612605019,5,-30.032983710202643,0.4766080162227943,160,-0.023279244681555157,-0.2962939923618251,2.259366937865244,0.425,-0.13073851156888336,4.525,-3.724679149048825,-6.513592863881793,160,-27.985722674542558,2383603.776592224,2500000.0,1.0488320351523293,ZN,1.5,21,63,50.0,ZN/w63/e1.5/x0.5/h21/sv50/wc1/cm1
2043,612,9.682389810956463,1.1943035890166562,22.383955525168755,0.053355341403969865,0.15195609713275912,0.24906758565508952,4,-29.825254708872308,0.5604202311469962,162,0.05976783833923744,-0.2046137481233927,2.258529371953441,0.4567901234567901,0.33786552710085965,4.41358024691358,9.682389810956465,2.5056875419372453,162,-14.578653714537268,2833824.6815923895,2531250.0,0.8932274520869915,ZN,1.5,21,63,70.0,ZN/w63/e1.5/x0.5/h21/sv70/wc1/cm1
2043,631,12.978812577849565,1.6009108025541312,22.58776860292281,0.07087511965865352,0.20185245345173577,0.32316375842809636,4,-28.84926705236512,0.5800802309693512,166,0.07818561793885283,-0.08692059469967703,2.3183758498732363,0.46987951807228917,0.4358219953368928,4.421686746987952,12.978812577849569,2.044797322677259,166,-13.560228632867164,2999337.893057799,2593750.0,0.8647741909984321,ZN,1.5,21,63,90.0,ZN/w63/e1.5/x0.5/h21/sv90/wc1/cm1
2043,633,22.086216580772998,2.724291031989621,23.603995615075643,0.11541652000009875,0.3287064324276842,0.5833831089198381,5,-32.54721885093295,0.6290597746281565,164,0.13467205232178658,-0.06482378387113381,2.236163308119694,0.4817073170731707,0.773613442040333,4.524390243902439,22.086216580772998,1.1828502460277304,164,-4.03847013561608,3252694.2681491557,2562500.0,0.7878084408646592,ZN,1.5,21,126,50.0,ZN/w126/e1.5/x0.5/h21/sv50/wc1/cm1
2043,631,28.81358171957163,3.5540981856740337,23.79290288842144,0.14937640027958074,0.4254242254466579,0.7587224872987234,5,-39.08766334272832,0.6651612311432533,159,0.18121749509164545,-0.06298922851237865,2.2609518069942482,0.48427672955974843,1.0138586213684908,4.70440251572327,28.813581719571626,0.9066795989005381,159,2.688895003182548,3384799.428736613,2484375.0,0.7339799749751497,ZN,1.5,21,126,70.0,ZN/w126/e1.5/x0.5/h21/sv70/wc1/cm1
2043,641,31.290154999798688,3.859578590283539,23.521832398753688,0.1640849456306831,0.4673141859874673,0.8366995929448626,5,-41.306261643492235,0.6804614140389853,162,0.19314910493702894,-0.00774376325034612,2.2105777685852623,0.5,1.1155498403459416,4.691358024691358,31.290154999798688,0.8923240108586242,162,3.369198389990288,3509067.343743709,2531250.0,0.7213455177806569,ZN,1.5,21,126,90.0,ZN/w126/e1.5/x0.5/h21/sv90/wc1/cm1
2043,673,46.54584814916643,5.741338097694538,25.752752747792027,0.22294075332147884,0.6349356198487104,1.1226323076929585,5,-49.084277642873076,0.7384749195859319,157,0.29647037037685625,0.07332888043310959,2.398575465304708,0.535031847133758,1.5536931898182127,5.101910828025478,46.54584814916643,0.5998592295564051,157,18.624891539358032,3907682.754661451,2453125.0,0.6277697433533165,ZN,1.5,21,252,50.0,ZN/w252/e1.5/x0.5/h21/sv50/wc1/cm1
2043,665,41.43422152170115,5.110829086377234,23.645478875859066,0.21614402961384527,0.6155785399252214,1.0447367585952119,5,-40.88850254908675,0.7315704728299548,161,0.257355413178268,0.07332888043310959,2.389661915079922,0.5341614906832298,1.3707641262734986,4.888198757763975,41.43422152170115,0.673862222684329,161,13.513264911892747,3810444.42255316,2515625.0,0.6601920198889619,ZN,1.5,21,252,70.0,ZN/w252/e1.5/x0.5/h21/sv70/wc1/cm1
2043,702,39.23050537051358,4.839005067728548,23.93841398921843,0.20214392941437045,0.5757062323023995,0.982417726750733,5,-39.01513016571562,0.7181248311336391,164,0.23921039860069257,0.06829548329028534,2.3704376397196585,0.5304878048780488,1.2962881948414164,5.067073170731708,39.23050537051358,0.7117154455724738,164,11.309548760705184,3788453.2928285496,2562500.0,0.6763974112735534,ZN,1.5,21,252,90.0,ZN/w252/e1.5/x0.5/h21/sv90/wc1/cm1
2043,620,-0.20461523784752167,-0.025238883963570952,22.55940304941767,-0.0011187744599572837,-0.0031862714403748577,-0.005498818660255623,5,-29.532983710202643,0.4987295125025551,158,-0.0012950331509336476,-0.2811553738051771,2.079977427361091,0.43037974683544306,-0.007851082205998203,4.594936708860759,-0.20461523784751634,-110.1170743290381,158,-22.736246592756284,2462355.7738172645,2468750.0,1.002596792165749,ZN,1.5,42,63,50.0,ZN/w63/e1.5/x0.5/h42/sv50/wc1/cm1
2043,612,10.182389810956463,1.2559775978272292,22.391034260680932,0.05609287999852463,0.15975261140167335,0.2611242394379549,4,-29.325254708872308,0.5634977584342372,161,0.06324465721090973,-0.22717274582555563,2.0769662406065996,0.453416149068323,0.38757904674595894,4.440993788819876,10.182389810956467,2.2128038479399263,161,-12.349241543952301,2833824.6815923895,2515625.0,0.8877137023827508,ZN,1.5,42,63,70.0,ZN/w63/e1.5/x0.5/h42/sv70/wc1/cm1
2043,638,11.690670580484946,1.442021040764663,22.63130734495668,0.06371797345971765,0.1814688897000858,0.30436829970530505,5,-28.33302262524012,0.5720749051196029,164,0.07128457671027408,-0.164585544272768,2.1610649517134566,0.4634146341463415,0.4237188656579423,4.560975609756097,11.69067058048495,2.1900195297296174,164,-13.912126306412572,2927833.455640155,2562500.0,0.8752205474883212,ZN,1.5,42,63,90.0,ZN/w63/e1.5/x0.5/h42/sv90/wc1/cm1
2043,634,9.873101857618622,1.2178275419089049,23.660826867580543,0.051470202149931664,0.14658721754061968,0.2459704004021353,5,-32.54721885093295,0.5582975809040996,163,0.06057117704060503,-0.07149572542130045,2.1550858408045306,0.4723926380368098,0.3599411805157491,4.564417177914111,9.87310185761862,2.5931867467913357,163,-15.729695029278902,2855409.4330505813,2546875.0,0.8919473930850758,ZN,1.5,42,126,50.0,ZN/w126/e1.5/x0.5/h42/sv50/wc1/cm1
2043,633,18.009564005961693,2.2214440183565083,23.850795155298865,0.09313920160280177,0.2652605942199058,0.44749468737737913,5,-37.67856633318388,0.6047209442799151,158,0.11398458231621322,-0.06482378387113381,2.1817200456102284,0.4810126582278481,0.6588011535695453,4.753164556962025,18.00956400596169,1.442902876936461,158,-7.976487710611767,3031548.8751863027,2468750.0,0.8143526961439089,ZN,1.5,42,126,70.0,ZN/w126/e1.5/x0.5/h42/sv70/wc1/cm1
2043,642,19.57704027664431,2.4147891090133955,23.587202707305934,0.10237708722728003,0.291570107163067,0.4930625675419024,5,-41.306261643492235,0.6148842166952689,160,0.12235650172902694,-0.024542751622220763,2.1358462107948775,0.49375,0.726906401621619,4.7625,19.57704027664431,1.41912777505686,160,-8.205281333348466,3111782.508645135,2500000.0,0.8033980501704459,ZN,1.5,42,126,90.0,ZN/w126/e1.5/x0.5/h42/sv90/wc1/cm1
2043,673,34.109622897080044,4.207354366159652,25.782361596634587,0.1631873151103755,0.4647577328387479,0.7955352661408822,5,-49.084277642873076,0.6795857724498138,154,0.22149105777324704,0.06275921281371662,2.3215972283457695,0.5324675324675324,1.1878027489134597,5.207792207792208,34.109622897080044,0.8032650159454663,154,6.7105561167632,3472175.7155337515,2406250.0,0.6930092821152357,ZN,1.5,42,252,50.0,ZN/w252/e1.5/x0.5/h42/sv50/wc1/cm1
2043,668,30.88650531356052,3.809789201672663,23.69036143013368,0.16081600160083184,0.4580042281941008,0.7508530164590912,5,-40.5099987798817,0.6768128680000158,158,0.19548421084531975,0.08300258848885236,2.3160122562127525,0.5379746835443038,1.0643343847454916,5.006329113924051,30.88650531356052,0.8870886007387654,158,3.487438533243676,3433953.291048766,2468750.0,0.7189235818772647,ZN,1.5,42,252,70.0,ZN/w252/e1.5/x0.5/h42/sv70/wc1/cm1
2043,702,28.703377127971635,3.540504667767426,23.97275104254988,0.14768870963050046,0.42061767979530534,0.6937320993906402,5,-38.550682567274634,0.663197031597775,160,0.1793961070498227,0.07446911793340405,2.3038917911646215,0.5375,0.9880350645850839,5.20625,28.70337712797163,0.9545589934647889,160,1.3043103476547877,3396980.535249113,2500000.0,0.7359476965082656,ZN,1.5,42,252,90.0,ZN/w252/e1.5/x0.5/h42/sv90/wc1/cm1
2043,312,29.85796308124509,3.682920556276927,16.881949642506317,0.2181573002092048,0.6213123377811225,0.9258663567882823,4,-16.756174753008963,0.7364902554774805,87,0.34319497794534587,-0.029195360518315283,2.7842927782552387,0.4827586206896552,1.1563679604391766,4.114942528735632,29.85796308124509,0.9054491813105477,87,2.8230948537311633,2292436.3462889087,1359375.0,0.5929826589081144,ZN,2.0,10,63,50.0,ZN/w63/e2/x0.5/h10/sv50/wc1/cm1
2043,314,27.758952244669217,3.4240117306199913,17.080741465878873,0.20046036862392216,0.5709114484949958,0.8778325932991766,4,-16.482697974376606,0.7190397758951982,86,0.32277851447289785,-0.12054447172931769,3.1204997203073077,0.46511627906976744,0.9648714562950323,4.209302325581396,27.758952244669217,1.2047682956098829,86,-5.684153339057048,2211217.257645913,1343750.0,0.6076969575710401,ZN,2.0,10,63,70.0,ZN/w63/e2/x0.5/h10/sv70/wc1/cm1
2043,337,35.34686910832488,4.359966233625976,17.079743998738124,0.25527116998639426,0.7270126979031847,1.141519721110738,4,-15.896035126558218,0.7711643315122941,90,0.3927429900924987,-0.0318618694657289,2.940406967075146,0.4888888888888889,1.2742319937078674,4.344444444444444,35.34686910832488,0.9461405331611041,90,1.9037635245986166,2510839.6596351527,1406250.0,0.5600716057688608,ZN,2.0,10,63,90.0,ZN/w63/e2/x0.5/h10/sv90/wc1/cm1
2043,327,34.00039355478566,4.193881143321579,17.836081550943785,0.23513466964943672,0.669663912934321,1.0680051216575837,4,-23.741847951669115,0.751614082247551,91,0.373630698404238,0.10884933445913705,2.596554148319397,0.5494505494505495,1.380273994347758,4.153846153846154,34.00039355478566,0.7583105000227446,91,8.217538117286043,2484387.298587052,1421875.0,0.5723242108058854,ZN,2.0,10,126,50.0,ZN/w126/e2/x0.5/h10/sv50/wc1/cm1
2043,337,27.86384140569453,3.436949600702409,17.881162332475604,0.19221063691481916,0.5474161994736038,0.8749445305625316,4,-23.982001365778615,0.7102104211517277,92,0.3028678413662449,0.018309421613139507,2.601079491214587,0.5108695652173914,1.1229661583612165,4.260869565217392,27.86384140569453,0.9253158981959457,92,2.0809859681949128,2308245.0439279536,1437500.0,0.6227675019952813,ZN,2.0,10,126,70.0,ZN/w126/e2/x0.5/h10/sv70/wc1/cm1
2043,322,35.910401792182256,4.429476873044507,18.11330975130402,0.2445426558625278,0.6964578726242459,1.0834921365143886,4,-26.659627898886356,0.7605248060303964,89,0.40348766058631746,0.019634776271687006,2.840204631754429,0.5168539325842697,1.3478119324771634,4.247191011235955,35.910401792182256,0.8169007229831861,89,6.575168605531871,2512825.0560056954,1390625.0,0.5534109892275956,ZN,2.0,10,126,90.0,ZN/w126/e2/x0.5/h10/sv90/wc1/cm1
2043,349,41.7933004636875,5.155120762040749,21.660660190063307,0.23799462790176767,0.6778090785831815,1.1275965848859348,5,-41.61506807437445,0.7530490978137128,88,0.4749238689055398,0.1698740625163282,3.4528968923598278,0.5681818181818182,1.2976675150221146,4.568181818181818,41.7933004636875,0.7019123366946952,88,12.458067277037117,2681040.6394902347,1375000.0,0.5128605586006479,ZN,2.0,10,252,50.0,ZN/w252/e2/x0.5/h10/sv50/wc1/cm1
2043,353,27.86611999612478,3.4372306603149507,18.785196769902477,0.18297549407744618,0.5211144979924777,0.8284611851344454,5,-29.485551815251256,0.6995767997956093,89,0.3131024718665704,0.1607946213803189,3.267401890482262,0.550561797752809,0.909143861753154,4.640449438202247,27.866119996124766,0.9374975214695013,89,1.741701566786091,2261441.2498788997,1390625.0,0.6149286434367764,ZN,2.0,10,252,70.0,ZN/w252/e2/x0.5/h10/sv70/wc1/cm1
2043,367,27.59783799625984,3.4041386074681745,18.92185786090483,0.17990509348987319,0.5123699922383261,0.8161298666708129,5,-33.33458313033134,0.6964901756662134,93,0.29675094619634224,0.1607946213803189,3.198648303237951,0.5376344086021505,0.8995279370362378,4.591397849462366,27.597837996259827,0.9466110509409891,93,1.4734195669211516,2315557.4373831204,1453125.0,0.6275486742588512,ZN,2.0,10,252,90.0,ZN/w252/e2/x0.5/h10/sv90/wc1/cm1
2043,319,39.726266177891375,4.900156180532856,17.035273030300537,0.2876476456712481,0.8192209521196591,1.25807185838456,4,-15.896035126558218,0.799264780889634,85,0.46736783738695736,0.01698406695459201,3.0579718362791817,0.5058823529411764,1.4174398026570758,4.352941176470588,39.726266177891375,0.8104026295007696,85,7.531995607080717,2569570.8180591054,1328125.0,0.516866470721824,ZN,2.0,21,63,50.0,ZN/w63/e2/x0.5/h21/sv50/wc1/cm1
2043,328,33.24438550418472,4.1006290489743265,17.092421574953566,0.23990919197682306,0.6832617601123518,1.0963912667078999,5,-15.896035126558218,0.7569270196976436,84,0.39576649409743714,-0.006105646781861637,3.052668609195429,0.5,1.195362432295125,4.571428571428571,33.24438550418472,0.9684122621775675,84,1.0501149333740614,2351387.0470057726,1312500.0,0.5581811814738545,ZN,2.0,21,63,70.0,ZN/w63/e2/x0.5/h21/sv70/wc1/cm1
2043,355,35.88495886889041,4.4263385388939716,17.248897968948782,0.25661572970413543,0.7308420061166385,1.2121204674410486,5,-15.896035126558218,0.7722117831037115,88,0.40778362351011826,-0.006105646781861637,2.851585796175088,0.5,1.3491690927581637,4.7272727272727275,35.88495886889041,0.8971522215877666,88,3.690688298079749,2496404.964652825,1375000.0,0.5507920467508047,ZN,2.0,21,63,90.0,ZN/w63/e2/x0.5/h21/sv90/wc1/cm1
2043,337,29.156253874457434,3.5963661166731637,17.962324535460954,0.20021718845872488,0.5702188709979514,0.9046989816379738,4,-23.741847951669115,0.7184782060452166,88,0.3313210667551981,0.08169868344384681,2.499757398465564,0.5454545454545454,1.2504727565525577,4.4772727272727275,29.156253874457434,0.8178927626932607,88,5.309564843291355,2286132.933576795,1375000.0,0.6014523389279592,ZN,2.0,21,126,50.0,ZN/w126/e2/x0.5/h21/sv50/wc1/cm1
2043,351,22.27410732477074,2.7474669827911047,18.039616134565115,0.15230185400268986,0.4337559223004073,0.7464251040428697,5,-23.982001365778615,0.6694427962151598,88,0.25311485596330385,-0.01734408914239792,2.5068313412701575,0.5,0.9526109424301911,4.715909090909091,22.27410732477074,1.0706013347006949,88,-1.57258170639534,2071065.8538990854,1375000.0,0.6639093573057374,ZN,2.0,21,126,70.0,ZN/w126/e2/x0.5/h21/sv70/wc1/cm1
2043,342,34.86665168226409,4.300732366094249,18.292043503383105,0.23511492115677673,0.6696076691958328,1.1101404883682702,5,-24.529838613078482,0.752171878167542,86,0.405426182351908,0.06424205536541203,2.78460397360533,0.5232558139534884,1.3581174888298826,4.744186046511628,34.86665168226409,0.8007925987344287,86,6.945695072455692,2433332.865070753,1343750.0,0.5522261336658224,ZN,2.0,21,126,90.0,ZN/w126/e2/x0.5/h21/sv90/wc1/cm1
2043,358,46.285846056423,5.709267354977286,22.178474882650573,0.25742380326807063,0.7331434009112487,1.287442259474443,5,-41.74741916387893,0.7710371784656906,81,0.5714301982274445,0.1607946213803189,2.955011586638354,0.5679012345679012,1.751233373267293,5.197530864197531,46.285846056423,0.6087045639857339,81,18.111440313937237,2712057.6892632185,1265625.0,0.4666659581064556,ZN,2.0,21,252,50.0,ZN/w252/e2/x0.5/h21/sv50/wc1/cm1
2043,363,30.800893198095764,3.799229116945733,19.287347791174223,0.19698038102907223,0.5610004382930357,0.9521615021849479,5,-30.665658354092557,0.7139935092169211,83,0.3710950987722381,0.10884933445913705,2.733431688810125,0.5542168674698795,1.2443660671156977,5.180722891566265,30.800893198095764,0.8022540675549101,83,6.090751345599074,2259402.912440493,1296875.0,0.5739901426431203,ZN,2.0,21,252,70.0,ZN/w252/e2/x0.5/h21/sv70/wc1/cm1
2043,381,34.37332071599394,4.2398809693737025,19.418331150642956,0.21834425092875795,0.6218447737275888,1.0559494661640436,5,-32.5268986838355,0.7345817322144133,87,0.39509564041372347,0.16810413967141358,2.6821944494943626,0.5632183908045977,1.381917145386523,5.172413793103448,34.37332071599394,0.7188756086926171,87,9.66317886349725,2433541.2723748107,1359375.0,0.5585995254863427,ZN,2.0,21,252,90.0,ZN/w252/e2/x0.5/h21/sv90/wc1/cm1
2043,319,39.726266177891375,4.900156180532856,17.035273030300537,0.2876476456712481,0.8192209521196591,1.25807185838456,4,-15.896035126558218,0.799264780889634,85,0.46736783738695736,0.01698406695459201,3.0579718362791817,0.5058823529411764,1.4174398026570758,4.352941176470588,39.726266177891375,0.8104026295007696,85,7.531995607080717,2569570.8180591054,1328125.0,0.516866470721824,ZN,2.0,42,63,50.0,ZN/w63/e2/x0.5/h42/sv50/wc1/cm1
2043,328,33.24438550418472,4.1006290489743265,17.092421574953566,0.23990919197682306,0.6832617601123518,1.0963912667078999,5,-15.896035126558218,0.7569270196976436,84,0.39576649409743714,-0.006105646781861637,3.052668609195429,0.5,1.195362432295125,4.571428571428571,33.24438550418472,0.9684122621775675,84,1.0501149333740614,2351387.0470057726,1312500.0,0.5581811814738545,ZN,2.0,42,63,70.0,ZN/w63/e2/x0.5/h42/sv70/wc1/cm1
2043,359,33.749985169999945,4.162993765462549,17.267569163824252,0.24108742382709353,0.6866173662948529,1.1459564540046474,5,-15.896035126558218,0.7580696013889847,87,0.3879308640229879,-0.029195360518315283,2.8757361522403744,0.4942528735632184,1.2655383887081346,4.873563218390805,33.749985169999945,0.9539047323620116,87,1.5557145991892867,2414062.036562498,1359375.0,0.5631069042184521,ZN,2.0,42,63,90.0,ZN/w63/e2/x0.5/h42/sv90/wc1/cm1
2043,337,14.720043894011724,1.8156882336225915,17.978649160292992,0.10099136022035829,0.2876235544445867,0.4775309451425803,5,-27.953569488516223,0.6138573974777887,87,0.16919590682772095,0.02974108993112203,2.393329841719498,0.5287356321839081,0.663219555908441,4.528735632183908,14.720043894011724,1.5192222062065601,87,-7.6429736661061725,1819376.3716878663,1359375.0,0.7471653590504117,ZN,2.0,42,126,50.0,ZN/w126/e2/x0.5/h42/sv50/wc1/cm1
2043,352,9.246994353869468,1.1405984225037231,18.057300977637038,0.06316549875954833,0.17989544087578344,0.2999009331003642,5,-27.953569488516223,0.5716388492918698,87,0.10628729142378698,-0.05167224523938785,2.398367452860093,0.4942528735632184,0.4157532423921067,4.781609195402299,9.246994353869468,2.4184093451684587,87,-13.116023206248428,1648343.5735584209,1359375.0,0.8246915399229545,ZN,2.0,42,126,70.0,ZN/w126/e2/x0.5/h42/sv70/wc1/cm1
2043,342,20.43044170181838,2.5200544830436766,18.308346120730935,0.13764511913996236,0.3920135181128479,0.6309405700303414,5,-27.953569488516223,0.653779078119048,85,0.2403581376684516,0.01698406695459201,2.6950423436754103,0.5058823529411764,0.8271276136389345,4.8,20.430441701818385,1.3410902798972881,85,-6.968625078498459,1966576.3031818243,1328125.0,0.6753488272238197,ZN,2.0,42,126,90.0,ZN/w126/e2/x0.5/h42/sv90/wc1/cm1
2043,359,34.57273133326862,4.264477873707143,22.248269601872746,0.19167683375017092,0.5458959272121459,0.901265818843671,5,-41.74741916387893,0.7090289020972861,79,0.43762951054770416,0.10884933445913705,2.8752243500539163,0.5569620253164557,1.361490615352408,5.3544303797468356,34.57273133326863,0.8149314403566984,79,6.398325590782868,2314772.8541646446,1234375.0,0.5332596663984386,ZN,2.0,42,252,50.0,ZN/w252/e2/x0.5/h42/sv50/wc1/cm1
2043,364,19.087778474941388,2.3544396356755897,19.366998338334575,0.12156967200308312,0.34623061911330366,0.5455152471176916,5,-30.665658354092557,0.635878655637637,81,0.2356515861103875,0.09267629654459515,2.6328217055876952,0.5432098765432098,0.8105670452131676,5.333333333333333,19.087778474941388,1.2672114806214718,81,-5.100473548063746,1862118.0773419181,1265625.0,0.6796695738041582,ZN,2.0,42,252,70.0,ZN/w252/e2/x0.5/h42/sv70/wc1/cm1
2043,382,22.660205992839565,2.7950914881035587,19.497576252983745,0.14335584340519358,0.40827766989805864,0.6440809947255978,5,-32.5268986838355,0.6590827717083849,85,0.266590658739289,0.1607946213803189,2.5846868916853785,0.5529411764705883,0.9565689290988123,5.317647058823529,22.660205992839565,1.067433015862628,85,-1.5280460301655694,2036256.4372762365,1328125.0,0.6522385764813314,ZN,2.0,42,252,90.0,ZN/w252/e2/x0.5/h42/sv90/wc1/cm1
2043,177,23.7076959748847,2.9242973008668356,15.127876306577468,0.19330520964105033,0.550533544337855,0.9053212275881009,5,-15.896035126558218,0.7131001995709385,45,0.5268376883307712,-0.01702235108041321,3.2260309596278836,0.4888888888888889,1.1078844840120265,4.6,23.707695974884704,1.140341442549033,45,-3.3271722526292216,1443990.499215147,703125.0,0.4869318741239433,ZN,2.5,10,63,50.0,ZN/w63/e2.5/x0.5/h10/sv50/wc1/cm1
2043,179,24.42208110463025,3.0124152904389736,14.820228362558899,0.20326375658619356,0.5788955018678416,0.8909475083458905,4,-15.896035126558218,0.7232652918359301,46,0.5309148066223969,0.0002728647064033727,3.212789785526429,0.5,1.1331674784737158,4.478260869565218,24.422081104630255,1.1069846223051116,46,-2.6127871228836703,1481940.0345196952,718750.0,0.485006129301953,ZN,2.5,10,63,70.0,ZN/w63/e2.5/x0.5/h10/sv70/wc1/cm1
2043,182,23.650391158245384,2.9172288653342324,14.839098407058717,0.19659070822972335,0.5598906495410615,0.9221623577731737,5,-15.896035126558218,0.7165575970055307,45,0.5255642479610085,0.02974108993112203,3.18246262440438,0.5111111111111111,1.1203369967694763,4.777777777777778,23.650391158245384,1.1431044859521737,45,-3.3844770692685415,1442199.7236951683,703125.0,0.4875364961230686,ZN,2.5,10,63,90.0,ZN/w63/e2.5/x0.5/h10/sv90/wc1/cm1
2043,209,37.794574348014976,4.66188582266264,16.046153518027896,0.29052980313475124,0.8274293411572265,1.3675727329182756,5,-15.896035126558218,0.8014471299452569,54,0.6998995249632403,0.19025081204267735,3.040543612156722,0.5740740740740741,1.7074196949148717,4.592592592592593,37.794574348014976,0.6821840404945259,54,12.01171891051536,2024830.448375468,843750.0,0.4167015567535272,ZN,2.5,10,126,50.0,ZN/w126/e2.5/x0.5/h10/sv50/wc1/cm1
2043,198,34.86687602725169,4.300760038603732,15.975205257765865,0.2692146967259183,0.7667238842221372,1.2757162461447555,5,-18.317468416386873,0.7833536395582896,50,0.6973375205450338,0.19025081204267735,3.1612048983203827,0.54,1.5756594241182813,4.74,34.86687602725169,0.7394656010291237,50,9.084020589752075,1870839.8758516153,781250.0,0.41759319441722464,ZN,2.5,10,126,70.0,ZN/w126/e2.5/x0.5/h10/sv70/wc1/cm1
2043,185,37.0659794106341,4.572015081487907,15.845181651931913,0.2885429262927047,0.8217707127527164,1.3596941675738476,5,-16.118365033004466,0.8000104951299061,48,0.7722079043882104,0.2727029577924895,3.219155705471951,0.5416666666666666,1.6795176332735444,4.625,37.0659794106341,0.6955935293619303,48,11.283123973134483,1908311.8565823156,750000.0,0.3930175235316149,ZN,2.5,10,126,90.0,ZN/w126/e2.5/x0.5/h10/sv90/wc1/cm1
2043,218,29.34060724593928,3.619105739587224,20.311103194422326,0.1781836124283527,0.5074672114386303,0.903681634219897,5,-36.21343844423518,0.695594517285904,51,0.5753060244301821,0.019634776271687006,3.284848288318645,0.5294117647058824,1.2631902923196603,5.0588235294117645,29.34060724593929,0.8817462119923176,51,3.469637949277974,1713768.9764356026,796875.0,0.46498391029191544,ZN,2.5,10,252,50.0,ZN/w252/e2.5/x0.5/h10/sv50/wc1/cm1
2043,202,41.12628827639355,5.072846131008896,17.532494260861608,0.2893396715567839,0.8240398445313292,1.3934076651765632,5,-21.122184756154184,0.7974108201611013,48,0.8567976724248657,0.2228322246683092,3.313818506286619,0.5833333333333334,1.810263802436877,4.9375,41.12628827639355,0.6290616143813597,48,15.255318979732237,2035196.5086372984,750000.0,0.36851478312636043,ZN,2.5,10,252,70.0,ZN/w252/e2.5/x0.5/h10/sv70/wc1/cm1
2043,192,39.64968390769354,4.890709909319027,17.517158249517454,0.2791953945757014,0.7951489275637492,1.3470272653956412,5,-22.598789124854193,0.7890168950087177,45,0.8811040868376343,0.27402046397537566,3.398150694823535,0.6,1.759019917113006,5.0,39.64968390769354,0.652488664396171,45,13.778714611032228,1942177.622115423,703125.0,0.362029194443171,ZN,2.5,10,252,90.0,ZN/w252/e2.5/x0.5/h10/sv90/wc1/cm1
2043,187,38.364860133059665,4.732229443725421,15.538603271207684,0.3045466417495854,0.8673493198135984,1.4638692163945486,5,-15.896035126558218,0.8152308470150622,44,0.8719286393877197,0.1161663220652828,3.6947957567703433,0.5454545454545454,1.5834667750122118,5.068181818181818,38.364860133059665,0.8391603790331116,44,6.170589562249006,1886401.8791581143,687500.0,0.36445044271628146,ZN,2.5,21,63,50.0,ZN/w63/e2.5/x0.5/h21/sv50/wc1/cm1
2043,194,38.81391599823519,4.787619594495971,15.261784346930574,0.3136998587887169,0.8934176964911027,1.4936145212741427,5,-15.896035126558218,0.8228305901298933,45,0.8625314666274486,0.10884933445913705,3.6577030891763602,0.5333333333333333,1.5997520459747736,5.088888888888889,38.81391599823519,0.8294517505596314,45,6.61964542742453,1916059.8749448494,703125.0,0.36696400211409796,ZN,2.5,21,63,70.0,ZN/w63/e2.5/x0.5/h21/sv70/wc1/cm1
2043,194,33.69560051918461,4.156285526595458,15.082613326066683,0.27556799585999564,0.7848180902552649,1.3212432374536722,5,-15.896035126558218,0.7908776771853554,43,0.7836186167252235,0.10884933445913705,3.621997911987236,0.5348837209302325,1.4354906229755193,5.372093023255814,33.69560051918461,0.9554443332292247,43,1.5013299483739502,1724862.516224519,671875.0,0.3895237989579829,ZN,2.5,21,63,90.0,ZN/w63/e2.5/x0.5/h21/sv90/wc1/cm1
2043,226,33.44169763372793,4.1249671090060875,16.200932420696542,0.25461294460660056,0.7251380709752094,1.2786581440562532,5,-15.896035126558218,0.7709678183936335,52,0.6431095698793832,0.19025081204267735,2.8913553526568903,0.5769230769230769,1.6195775842483502,5.25,33.44169763372793,0.7130824903791751,52,9.595008602561848,1857553.0510539978,812500.0,0.4374033891193459,ZN,2.5,21,126,50.0,ZN/w126/e2.5/x0.5/h21/sv50/wc1/cm1
2043,218,31.10151397903337,3.8363100943301074,16.13360911107331,0.23778375116929384,0.6772085013138851,1.2292029324242517,6,-17.729953750318145,0.7555608008177382,48,0.6479482078965285,0.19025081204267735,3.00391912032982,0.5416666666666666,1.5102344272256054,5.520833333333333,31.10151397903337,0.7667372413845183,48,7.2548249478672915,1721922.311844793,750000.0,0.4355597199948484,ZN,2.5,21,126,70.0,ZN/w126/e2.5/x0.5/h21/sv70/wc1/cm1
2043,208,36.1319219752736,4.456800948491898,16.031813894413048,0.2779972982374163,0.7917367472878049,1.4239229697325742,6,-15.155430652541327,0.7917479516144791,46,0.7854765646798608,0.4228443577062536,3.1036119797251405,0.5652173913043478,1.7354711053277436,5.543478260869565,36.1319219752736,0.6599894975829197,46,12.28523294410752,1847872.5617272998,718750.0,0.3889608054616862,ZN,2.5,21,126,90.0,ZN/w126/e2.5/x0.5/h21/sv90/wc1/cm1
2043,246,33.330507740216945,4.111252056062002,20.581700383366538,0.19975278910310942,0.568896260894944,1.0928195010695887,6,-36.34578953373966,0.7173029057460283,49,0.6802144436778969,0.02974108993112203,3.025224203572351,0.5510204081632653,1.5902439225262641,6.122448979591836,33.330507740216945,0.7181049588826931,49,9.39570484988917,1807203.3668817799,765625.0,0.4236518224957934,ZN,2.5,21,252,50.0,ZN/w252/e2.5/x0.5/h21/sv50/wc1/cm1
2043,225,41.05141244456172,5.0636103455847055,17.69577574438488,0.2861479721899991,0.8149498796611646,1.4833764277452859,6,-22.5111580009534,0.7953573916041308,46,0.8924220096643852,0.2837751372044295,3.067573285703587,0.6086956521739131,1.9949265048526625,5.869565217391305,41.05141244456172,0.5830445644872941,46,17.116609554233946,2001606.6388925537,718750.0,0.3590865388004853,ZN,2.5,21,252,70.0,ZN/w252/e2.5/x0.5/h21/sv70/wc1/cm1
2043,218,42.71200031498529,5.268440567487172,17.67645286093688,0.2980485173657141,0.8488426512388415,1.550809142389182,6,-21.311836497011427,0.8050656853770883,43,0.9933023329066346,0.47192678518877096,3.148245398499508,0.6511627906976745,2.093421540558851,6.069767441860465,42.71200031498529,0.5603765385329043,43,18.777197424657516,2006625.0098432903,671875.0,0.3348283793455115,ZN,2.5,21,252,90.0,ZN/w252/e2.5/x0.5/h21/sv90/wc1/cm1
2043,187,38.364860133059665,4.732229443725421,15.538603271207684,0.3045466417495854,0.8673493198135984,1.4638692163945486,5,-15.896035126558218,0.8152308470150622,44,0.8719286393877197,0.1161663220652828,3.6947957567703433,0.5454545454545454,1.5834667750122118,5.068181818181818,38.364860133059665,0.8391603790331116,44,6.170589562249006,1886401.8791581143,687500.0,0.36445044271628146,ZN,2.5,42,63,50.0,ZN/w63/e2.5/x0.5/h42/sv50/wc1/cm1
2043,194,38.81391599823519,4.787619594495971,15.261784346930574,0.3136998587887169,0.8934176964911027,1.4936145212741427,5,-15.896035126558218,0.8228305901298933,45,0.8625314666274486,0.10884933445913705,3.6577030891763602,0.5333333333333333,1.5997520459747736,5.088888888888889,38.81391599823519,0.8294517505596314,45,6.61964542742453,1916059.8749448494,703125.0,0.36696400211409796,ZN,2.5,42,63,70.0,ZN/w63/e2.5/x0.5/h42/sv70/wc1/cm1
2043,201,36.349487881822824,4.483637271766693,15.346602358868532,0.29215830103108636,0.8320673057546676,1.4432872113225697,6,-15.896035126558218,0.8050777454528328,43,0.8453369274842517,0.10884933445913705,3.6898370385756545,0.5348837209302325,1.5200800715407325,5.651162790697675,36.349487881822824,0.8856870466917898,43,4.155217311012166,1807796.4963069633,671875.0,0.37165411116380204,ZN,2.5,42,63,90.0,ZN/w63/e2.5/x0.5/h42/sv90/wc1/cm1
2043,226,19.005487653282216,2.344289225955516,16.219260410133913,0.1445373689475253,0.41164265652078547,0.6958423366037622,5,-26.24998481381408,0.6614202772617694,51,0.3726566206525925,0.10884933445913705,2.766142733105162,0.5490196078431373,0.9716714208964246,5.352941176470588,19.005487653282216,1.1766610764263048,51,-3.35752990683568,1390796.4891650695,796875.0,0.5729630511782384,ZN,2.5,42,126,50.0,ZN/w126/e2.5/x0.5/h42/sv50/wc1/cm1
2043,218,16.66530399858766,2.0556322112795353,16.151887149707058,0.127268856711695,0.36246190622291896,0.6261023437332237,6,-26.24998481381408,0.6428653922019925,47,0.354580936140163,0.10884933445913705,2.8747222416192426,0.5106382978723404,0.854748673069628,5.638297872340425,16.66530399858766,1.3418907667098723,47,-5.697713561530236,1255165.7499558646,734375.0,0.5850820897764482,ZN,2.5,42,126,70.0,ZN/w126/e2.5/x0.5/h42/sv70/wc1/cm1
2043,208,21.69571199482789,2.6761230654413257,16.05048116381823,0.1667316411344709,0.47485197898947173,0.8126946012236029,6,-26.24998481381408,0.6848545360378008,45,0.4821269332183976,0.17164398536124278,2.9892816930065247,0.5333333333333333,1.094159729147713,5.666666666666667,21.695711994827892,1.0390165332194417,45,-0.8464914677656417,1381115.9998383718,703125.0,0.5090991633449217,ZN,2.5,42,126,90.0,ZN/w126/e2.5/x0.5/h42/sv90/wc1/cm1
2043,246,18.894297759771234,2.33057417301143,20.59612569638739,0.113155950170775,0.322268325960343,0.5978679287602962,6,-36.34578953373966,0.6270346069063377,48,0.39363120332856755,0.018309421613139507,2.9038712980015657,0.5208333333333334,0.9490835850694904,6.25,18.89429775977124,1.188249052954028,48,-3.5568336595083494,1340446.8049928513,750000.0,0.5595149298028278,ZN,2.5,42,252,50.0,ZN/w252/e2.5/x0.5/h42/sv50/wc1/cm1
2043,225,26.61520246411601,3.2829324625341334,17.712931657169356,0.18534099978900773,0.5278514620192397,0.9209767148993094,6,-25.36139555797854,0.7024098182090733,45,0.5914489436470224,0.17164398536124278,2.962417301983665,0.5777777777777777,1.3544319829268392,6.0,26.61520246411601,0.8435453928839867,45,4.164071044836419,1534850.0770036255,703125.0,0.45810663239021954,ZN,2.5,42,252,70.0,ZN/w252/e2.5/x0.5/h42/sv70/wc1/cm1
2043,218,28.27579033453958,3.4877626844366003,17.69370935089075,0.19711879602345886,0.5613946444170747,0.9826569478978644,6,-25.36139555797854,0.7140747642720713,42,0.6732331032033234,0.32389119709955594,3.050257864763372,0.6190476190476191,1.4477256490120078,6.214285714285714,28.275790334539582,0.7940054425942951,42,5.824658915259992,1539868.4479543618,656250.0,0.42617276876592625,ZN,2.5,42,252,90.0,ZN/w252/e2.5/x0.5/h42/sv90/wc1/cm1
2026,975,-101.06947275051243,-12.571326324348043,97.48748623566262,-0.1289532309199007,-0.3657285673115161,-0.7196361587745201,4,-168.371382134972,0.3574632308097538,319,-0.3168322029796628,-0.5,6.849347969834649,0.40752351097178685,-0.8274794359530878,3.5266457680250785,-101.06947275051243,-1.2661108464997164,319,-229.03462844994374,1825953.9765464868,4984375.0,2.729737476421604,UB,1.0,10,63,50.0,UB/w63/e1/x0.5/h10/sv50/wc1/cm1
2026,978,-82.99254883454614,-10.322863922164673,97.31390724801884,-0.10607799248935029,-0.30085133919994445,-0.5911512387907597,4,-168.371382134972,0.38189621468067636,318,-0.26098285797027093,-0.5,6.883331168675038,0.41509433962264153,-0.6771904218950664,3.569182389937107,-82.99254883454616,-1.5418872838155928,318,-210.95770453397745,2375232.848920433,4968750.0,2.0919001698121287,UB,1.0,10,63,70.0,UB/w63/e1/x0.5/h10/sv70/wc1/cm1
2026,993,-82.95635730505387,-10.318362310401568,97.88167006948429,-0.10541669653855276,-0.2989758156560305,-0.5898552780521709,4,-168.371382134972,0.3826075362154215,318,-0.2608690481291003,-0.4552943526275611,6.897637889765839,0.42452830188679247,-0.675491130994408,3.6352201257861636,-82.95635730505388,-1.542559965945315,318,-210.92151300448518,2376363.834217067,4968750.0,2.0909045696014132,UB,1.0,10,63,90.0,UB/w63/e1/x0.5/h10/sv90/wc1/cm1
2026,914,-76.2004668340071,-9.478044245888347,98.0012925169993,-0.09671346165403162,-0.27429228037284964,-0.5477687857696751,4,-183.64907111201728,0.39195963646397236,302,-0.2523194266026726,-0.37873404088418255,6.160374693814107,0.44039735099337746,-0.7129634330816633,3.552980132450331,-76.20046683400713,-1.327531166867359,302,-177.35896148599412,2337485.411437277,4718750.0,2.018729176623407,UB,1.0,10,126,50.0,UB/w126/e1/x0.5/h10/sv50/wc1/cm1
2026,921,-70.97044302229074,-8.827518085694603,97.9543753206901,-0.09011867062389442,-0.2555885731608212,-0.5102805752928318,4,-183.64907111201728,0.3991594976171522,301,-0.23578220273186293,-0.2810627461972218,6.173717579366561,0.45182724252491696,-0.6636974214753549,3.604651162790698,-70.97044302229074,-1.4253609015828552,301,-172.12893767427772,2485298.6555534136,4703125.0,1.8923782015054171,UB,1.0,10,126,70.0,UB/w126/e1/x0.5/h10/sv70/wc1/cm1
2026,929,-64.50437156642352,-8.023248585754555,98.24218251301035,-0.08166806132072671,-0.2316215177306502,-0.4637526540009661,4,-183.64907111201728,0.4084379816876178,302,-0.21359063432590572,-0.27690369663969266,6.152070705345553,0.45364238410596025,-0.6043445118180205,3.615894039735099,-64.50437156642353,-1.56824246474239,302,-165.6628662184105,2702988.388549265,4718750.0,1.7457529673416854,UB,1.0,10,126,90.0,UB/w126/e1/x0.5/h10/sv90/wc1/cm1
2026,881,-47.47215197619971,-5.9047296633772595,97.05035140230065,-0.060841919457875177,-0.17255580086731542,-0.3415835997614488,4,-183.81622617768426,0.43151017358532184,291,-0.16313454287353854,-0.2727446470821635,6.470658492847622,0.4570446735395189,-0.4308156200039443,3.5395189003436425,-47.47215197619971,-2.1309018117127505,291,-148.6306466281867,3063370.2507437584,4546875.0,1.4842721015835616,UB,1.0,10,252,50.0,UB/w252/e1/x0.5/h10/sv50/wc1/cm1
2026,881,-47.29841352380481,-5.8831195498513384,96.94607216278136,-0.06068445496144539,-0.1721092105471591,-0.34019137952550904,4,-183.81622617768426,0.4316854759830873,292,-0.16198086823220825,-0.4044938619183539,6.462418064806258,0.4486301369863014,-0.4290471580514992,3.5239726027397262,-47.29841352380481,-2.1387291267406874,292,-148.4569081757918,3084424.5773810996,4562500.0,1.479206213521322,UB,1.0,10,252,70.0,UB/w252/e1/x0.5/h10/sv70/wc1/cm1
2026,884,-69.0565539932445,-8.589462786918864,97.05308890908064,-0.08850272447243254,-0.25100553428222316,-0.49829926760041054,4,-183.81622617768426,0.4009311572769031,290,-0.23812604825256725,-0.4294242482681052,6.394703114712754,0.4482758620689655,-0.635236720458633,3.5724137931034483,-69.0565539932445,-1.4648645031126644,290,-170.2150486452315,2373232.6877111094,4531250.0,1.909315518643987,UB,1.0,10,252,90.0,UB/w252/e1/x0.5/h10/sv90/wc1/cm1
2026,981,-102.82858940038523,-12.790130567076543,99.33378035082507,-0.12875912425666894,-0.36517805491765853,-0.7339985609020319,4,-192.5251610682185,0.35844239261972244,308,-0.3338590564947573,-0.4792651121813378,8.330040863183061,0.41883116883116883,-0.7045268655651115,3.685064935064935,-102.82858940038524,-1.2444511438464982,308,-230.79374509981653,1599106.5812379625,4812500.0,3.0094929609221923,UB,1.0,21,63,50.0,UB/w63/e1/x0.5/h21/sv50/wc1/cm1
2026,985,-87.10789598091333,-10.834743231584481,99.15899335910518,-0.10926636974163667,-0.309894002467929,-0.6215738198597547,4,-192.5251610682185,0.37903298476580394,307,-0.28373907485639527,-0.4612384593010573,8.38846543204468,0.4234527687296417,-0.5936278824968242,3.732899022801303,-87.10789598091334,-1.4690419767166734,307,-215.07305168034463,2074753.250596459,4796875.0,2.3120219229062413,UB,1.0,21,63,70.0,UB/w63/e1/x0.5/h21/sv70/wc1/cm1
2026,1000,-77.63763867314424,-9.656804020549036,99.73821422838935,-0.0968215051297794,-0.27459870608479736,-0.553788676769379,4,-192.5251610682185,0.39236696047022357,306,-0.2537177734416479,-0.3366276021079102,8.396806962558749,0.434640522875817,-0.5294296127388594,3.8137254901960786,-77.63763867314427,-1.6482360603233532,306,-205.60279437257557,2355073.791464243,4781250.0,2.0301911631513283,UB,1.0,21,63,90.0,UB/w63/e1/x0.5/h21/sv90/wc1/cm1
2026,918,-90.16076594060064,-11.2144684190678,98.16848494973516,-0.11423695114384114,-0.32399123447960876,-0.661140631638381,4,-176.39069106735087,0.373742406018985,289,-0.3119749686525974,-0.35550801341469196,8.611290560418757,0.43252595155709345,-0.6169544559577954,3.7301038062283736,-90.16076594060064,-1.4192997848281015,289,-218.12592164003195,1698101.0643562288,4515625.0,2.6592204049479995,UB,1.0,21,126,50.0,UB/w126/e1/x0.5/h21/sv50/wc1/cm1
2026,924,-87.21545321484632,-10.848121525242483,98.11489176950292,-0.11056549448912922,-0.31357849357582945,-0.6398414539994621,4,-176.39069106735087,0.3776441246202893,286,-0.3049491371148473,-0.2708137831086789,8.65543327711812,0.44405594405594406,-0.5968733647527579,3.8076923076923075,-87.21545321484632,-1.4672303013114232,286,-215.18060891427763,1743267.0870360518,4468750.0,2.563433930022671,UB,1.0,21,126,70.0,UB/w126/e1/x0.5/h21/sv70/wc1/cm1
2026,932,-80.7493817589791,-10.043852025302435,98.40229505179079,-0.10206928629069259,-0.2894821135950545,-0.5923992887928884,4,-176.39069106735087,0.38672205149295,287,-0.281356730867523,-0.2688829191351943,8.633962815373549,0.445993031358885,-0.5530265930439178,3.818815331010453,-80.7493817589791,-1.584719943508446,287,-208.7145374584104,1960956.820031903,4484375.0,2.2868300587705157,UB,1.0,21,126,90.0,UB/w126/e1/x0.5/h21/sv90/wc1/cm1
2026,882,-51.50308557373501,-6.406109360602775,97.1499894149504,-0.06594040204410913,-0.18701577770096522,-0.3686134686298346,4,-177.9832379319687,0.4260962080862968,279,-0.1845988730241398,-0.26417529651689625,8.946590361675229,0.45878136200716846,-0.34526559020215164,3.7096774193548385,-51.50308557373501,-2.5305468206473067,279,-181.8340550258763,2749903.5758207794,4359375.0,1.5852828580357885,UB,1.0,21,252,50.0,UB/w252/e1/x0.5/h21/sv50/wc1/cm1
2026,882,-50.329347121340106,-6.260116226346351,97.04648915174671,-0.06450636474399112,-0.18294865659432774,-0.36003180150538944,4,-177.9832379319687,0.42768064822277385,278,-0.18104081698323782,-0.295245918941646,8.961388178015019,0.44964028776978415,-0.3374474279242415,3.7194244604316546,-50.32934712134011,-2.5895620926280554,278,-180.6603165734814,2770957.902458121,4343750.0,1.5675986979616878,UB,1.0,21,252,70.0,UB/w252/e1/x0.5/h21/sv70/wc1/cm1
2026,885,-68.70193957936863,-8.545354774926404,97.15814101954612,-0.08795304938170095,-0.24944658238946343,-0.4930664300170198,4,-177.9832379319687,0.4019922592422109,277,-0.2480214425247965,-0.2727446470821635,8.91371094802779,0.4548736462093863,-0.4639336889614541,3.7617328519855597,-68.70193957936863,-1.8595552502584969,277,-196.45699202712558,2181189.3881447297,4328125.0,1.9842958266367714,UB,1.0,21,252,90.0,UB/w252/e1/x0.5/h21/sv90/wc1/cm1
2026,981,-95.5293785532831,-11.882232672965124,99.32481557509476,-0.11963005019608151,-0.3392867829173995,-0.6817968553937883,4,-192.5251610682185,0.36802808687412636,307,-0.3111706141800753,-0.4612384593010573,3.8828939760405827,0.4201954397394137,-1.406438373244588,3.7003257328990227,-95.52937855328311,-0.5526903008796706,307,-148.3275395287451,1811581.9202099042,4796875.0,2.6478929528310795,UB,1.0,42,63,50.0,UB/w63/e1/x0.5/h42/sv50/wc1/cm1
2026,985,-79.8086851338112,-9.926845337473061,99.14994169264274,-0.1001195277375505,-0.2839523382093801,-0.5694142941349148,4,-192.5251610682185,0.3888279879068988,306,-0.260812696515723,-0.4552943526275611,3.984527395540502,0.42483660130718953,-1.1468943650016314,3.7483660130718954,-79.80868513381122,-0.7026105382250697,306,-135.88310835071346,2287228.5895684008,4781250.0,2.090411960486302,UB,1.0,42,63,70.0,UB/w63/e1/x0.5/h42/sv70/wc1/cm1
2026,1000,-70.3384278260421,-8.748906126437618,99.7291725587518,-0.0877266491034358,-0.24880448099488647,-0.5016620449230602,4,-192.5251610682185,0.4022170214308405,305,-0.23061779615095782,-0.31774719080112845,3.9794843966900424,0.4360655737704918,-1.0137457790031055,3.8295081967213114,-70.33842782604214,-0.7972089361391896,305,-126.41285104294437,2567549.130436185,4765625.0,1.8560988545486559,UB,1.0,42,63,90.0,UB/w63/e1/x0.5/h42/sv90/wc1/cm1
2026,918,-82.36155509349851,-10.244379014591127,98.15945106743615,-0.10436467302117629,-0.295992136603994,-0.6038308225449919,4,-176.39069106735087,0.3842678246644576,287,-0.2869740595592283,-0.35550801341469196,4.041648316858211,0.4355400696864111,-1.2049887734314706,3.759581881533101,-82.36155509349851,-0.7107068388613389,287,-140.89647555770284,1910576.4033281703,4484375.0,2.347131992307842,UB,1.0,42,126,50.0,UB/w126/e1/x0.5/h42/sv50/wc1/cm1
2026,924,-79.41624236774419,-9.878032120765813,98.10583857005095,-0.10068750509392525,-0.2855631977693188,-0.5825108187153629,4,-176.39069106735087,0.388213093599298,284,-0.2796346562244514,-0.2708137831086789,4.060691495161836,0.4471830985915493,-1.1625619928266644,3.8380281690140845,-79.41624236774419,-0.7370648461702962,284,-137.95116283194852,1955742.4260079933,4437500.0,2.268959317438187,UB,1.0,42,126,70.0,UB/w126/e1/x0.5/h42/sv70/wc1/cm1
2026,932,-72.45017091187697,-9.01157111046051,98.39445127072804,-0.09158617172085819,-0.2597506020599188,-0.5314054348859356,4,-176.39069106735087,0.3980301130598806,284,-0.25510623560520057,-0.2665291078260453,4.044441146630916,0.4507042253521127,-1.064848139591917,3.862676056338028,-72.45017091187697,-0.8079335041928595,284,-130.9850913760813,2173432.1590038445,4437500.0,2.0417016384048776,UB,1.0,42,126,90.0,UB/w126/e1/x0.5/h42/sv90/wc1/cm1
2026,882,-76.60013116459459,-9.527755702605052,97.13743263368445,-0.09808531525159027,-0.2781830402027287,-0.5606166998045784,4,-177.9832379319687,0.3910078259697722,275,-0.27854593150761675,-0.2727446470821635,4.288195209394698,0.45454545454545453,-1.0791447060791128,3.767272727272727,-76.6001311645946,-0.7950473881833676,275,-137.5008653815089,1903120.9011064174,4296875.0,2.257804534384508,UB,1.0,42,252,50.0,UB/w252/e1/x0.5/h42/sv50/wc1/cm1
2026,882,-75.42639271219969,-9.381762568348629,97.03393762380526,-0.0966853741906379,-0.2742126205793481,-0.5517340798666958,4,-177.9832379319687,0.39251806608130024,274,-0.27527880551897704,-0.4044938619183539,4.293287304081398,0.44525547445255476,-1.063290814847533,3.7773722627737225,-75.42639271219971,-0.8074194194768117,274,-136.32712692911403,1924175.2277437588,4281250.0,2.2249792733378495,UB,1.0,42,252,70.0,UB/w252/e1/x0.5/h42/sv70/wc1/cm1
2026,885,-93.7989851702282,-11.667001116928681,97.14823689904752,-0.12009483125311428,-0.3406049640043682,-0.6884827828836906,4,-177.9832379319687,0.3675687228824357,273,-0.3435860262645723,-0.31774719080112845,4.194327043575369,0.4542124542124542,-1.3559741085808728,3.8205128205128207,-93.79898517022824,-0.5909761089919594,273,-149.23194445352422,1334406.7134303676,4265625.0,3.196645338387373,UB,1.0,42,252,90.0,UB/w252/e1/x0.5/h42/sv90/wc1/cm1
2026,557,-32.55966274794264,-4.04986920655555,89.73827794847564,-0.045129785183540445,-0.12799409181538818,-0.22113431616710122,3,-131.0518543407029,0.4492534964016652,176,-0.18499808379512864,-0.5,7.189384434274029,0.3977272727272727,-0.3423490810483272,3.4545454545454546,-32.55966274794264,-2.971072948873606,176,-129.29679596280266,1732510.5391267913,2750000.0,1.587291931503076,UB,1.5,10,63,50.0,UB/w63/e1.5/x0.5/h10/sv50/wc1/cm1
2026,565,-16.5538320145979,-2.0590156306410026,89.69112614142416,-0.022956737407827454,-0.06510837008439554,-0.1123054909797467,3,-131.0518543407029,0.47409519998355876,177,-0.09352447465874521,-0.449350245954065,7.160284461303116,0.4180790960451977,-0.17426570744535366,3.468926553672316,-16.5538320145979,-5.84379091980352,177,-113.29096522945792,2248317.749543814,2765625.0,1.23008636148567,UB,1.5,10,63,70.0,UB/w63/e1.5/x0.5/h10/sv70/wc1/cm1
2026,559,-85.23727493274146,-10.602069734970804,90.03191995406415,-0.1177590096976735,-0.33398026243719825,-0.6048024296083981,4,-183.8909015612876,0.37015943995817235,173,-0.49270101117191595,-0.5,7.7993528160224646,0.4046242774566474,-0.833310331825665,3.53757225433526,-85.23727493274146,-1.067070319016662,173,-176.1914410873328,39460.158351827646,2703125.0,68.50263944454753,UB,1.5,10,63,90.0,UB/w63/e1.5/x0.5/h10/sv90/wc1/cm1
2026,550,-117.89157739767234,-14.66371051540643,91.6805882581322,-0.1599434601588711,-0.45362099202528056,-0.7837589764979519,4,-232.61694002298236,0.32624600219088007,171,-0.689424429226154,-0.17794697306771948,8.97340178365624,0.4502923976608187,-1.0076302669149322,3.6491228070175437,-117.89157739767234,-0.5677378422382154,171,-184.8230871674864,-1012236.7936772603,2671875.0,2.639575064539588,UB,1.5,10,126,50.0,UB/w126/e1.5/x0.5/h10/sv50/wc1/cm1
2026,551,-118.2559451662114,-14.709031679114153,91.68279238362841,-0.1604339407286717,-0.4550120603591846,-0.7863520177253075,4,-232.98130779152143,0.32575249336212775,171,-0.6915552348901253,-0.15797231426859087,8.974232199371937,0.4619883040935672,-1.010651024517575,3.6608187134502925,-118.25594516621142,-0.5659885401595691,171,-185.18745493602546,-1023623.2864441064,2671875.0,2.610213186221701,UB,1.5,10,126,70.0,UB/w126/e1.5/x0.5/h10/sv70/wc1/cm1
2026,562,-105.46814465914258,-13.118446423545869,91.85699841913443,-0.14281379371539762,-0.4050389726202216,-0.7012500568962577,4,-229.37025541410367,0.34367488230769966,170,-0.6204008509361328,-0.12367906139456865,9.008379198070406,0.4823529411764706,-0.9005986566692507,3.7823529411764705,-105.46814465914258,-0.6346135127921969,170,-172.39965442895664,-639629.5205982055,2656250.0,4.152794570075152,UB,1.5,10,126,90.0,UB/w126/e1.5/x0.5/h10/sv90/wc1/cm1
2026,504,-165.97015468860263,-20.643869191277325,90.12669228873968,-0.2290538870009828,-0.6496273829853707,-1.1235476071766641,4,-249.88299528584366,0.2604126837839765,152,-1.0919089124250172,-0.5,9.335151366765794,0.42105263157894735,-1.4468388468439217,3.7828947368421053,-165.9701546886026,-0.40327437119880166,152,-232.90166445841666,-2811567.33401883,2375000.0,0.8447245674195522,UB,1.5,10,252,50.0,UB/w252/e1.5/x0.5/h10/sv50/wc1/cm1
2026,510,-156.09921259832436,-19.416091596632644,90.17950204177923,-0.21530493246278265,-0.6106335135846849,-1.0547574656956753,4,-249.03719938601625,0.2728916041029686,153,-1.020256291492316,-0.4572474025776503,9.331007200557563,0.42483660130718953,-1.3569079714985155,3.823529411764706,-156.09921259832433,-0.42877544771505494,153,-223.03072236813838,-2487475.3936976343,2390625.0,0.9610647832163413,UB,1.5,10,252,70.0,UB/w252/e1.5/x0.5/h10/sv70/wc1/cm1
2026,513,-152.70094511634306,-18.993404821973566,90.19713737427429,-0.21057658119636513,-0.5972232785554704,-1.0281054564709287,4,-252.12413531887114,0.2773491083050511,155,-0.9851673878473745,-0.4572474025776503,9.285863276551858,0.4258064516129032,-1.3251318109954004,3.8,-152.70094511634304,-0.4383175868284172,155,-219.6324548861571,-2350029.5348857185,2421875.0,1.0305721541145547,UB,1.5,10,252,90.0,UB/w252/e1.5/x0.5/h10/sv90/wc1/cm1
2026,567,-94.7665167016944,-11.787345611464456,91.07255841042414,-0.12942807160795955,-0.3670752788541905,-0.4820731344295714,4,-221.22061286725238,0.3534197341670992,173,-0.5477833335358059,-0.4972917650616183,6.278205026650665,0.4046242774566474,-1.150946667961807,3.601156069364162,-94.76651670169441,-0.7142885000631342,173,-162.45714977275566,-258328.6469279502,2703125.0,10.463899502225635,UB,1.5,21,63,50.0,UB/w63/e1.5/x0.5/h21/sv50/wc1/cm1
2026,577,-78.29644567361584,-9.738748425346095,91.03918006490534,-0.10697315615543733,-0.30339014278611226,-0.3978652891330383,4,-221.22061286725238,0.37844817167301187,174,-0.4499795728368728,-0.25462708967825165,6.2527654248885005,0.42528735632183906,-0.9520217261655867,3.6264367816091956,-78.29644567361586,-0.8645428600071366,174,-145.98707874467712,271986.0726995047,2718750.0,9.995916235768902,UB,1.5,21,63,70.0,UB/w63/e1.5/x0.5/h21/sv70/wc1/cm1
2026,570,-21.462124914567084,-2.6695239281692524,91.32545261232269,-0.02923088637185741,-0.08290269361816595,-0.16248697416564115,4,-173.69428093238594,0.4670358124044512,170,-0.12624779361510052,-0.17620006694983215,11.369418128297145,0.43529411764705883,-0.14520819509900443,3.711764705882353,-21.462124914567088,-6.484591089953879,170,-160.63522890704598,1985558.5964197782,2656250.0,1.3377847447008444,UB,1.5,21,63,90.0,UB/w63/e1.5/x0.5/h21/sv90/wc1/cm1
2026,561,-57.05746089876993,-7.096979341801591,92.15722321240672,-0.07700947461757027,-0.2184091443105522,-0.2940175846710609,4,-221.22061286725238,0.41237056007411277,167,-0.3416614425076045,-0.17794697306771948,5.703647202275292,0.4431137724550898,-0.7764361416740965,3.8502994011976046,-57.05746089876995,-0.9862440536247633,167,-113.33004242510927,826329.3469134393,2609375.0,3.157790546525683,UB,1.5,21,126,50.0,UB/w126/e1.5/x0.5/h21/sv50/wc1/cm1
2026,562,-57.421828667309,-7.142300505509313,92.15943071199341,-0.07749939914266236,-0.2197986356274777,-0.29594815384147233,4,-221.22061286725238,0.41181449545034965,167,-0.3438432854329882,-0.15797231426859087,5.705118850290795,0.4550898203592814,-0.7811928844370911,3.8622754491017965,-57.42182866730903,-0.9799858839810164,167,-113.69441019364834,814942.8541465936,2609375.0,3.201911626960067,UB,1.5,21,126,70.0,UB/w126/e1.5/x0.5/h21/sv70/wc1/cm1
2026,572,-49.33713347988578,-6.136701696412248,92.13090762844556,-0.0666085014722848,-0.18891059681441674,-0.2544702750431205,4,-221.22061286725238,0.4241922269040139,165,-0.2990129301811261,-0.13263772858726955,5.735609897621866,0.4727272727272727,-0.6716954146017519,4.0,-49.33713347988581,-1.1405725780416693,165,-105.60971500622512,1036339.5787535688,2578125.0,2.48772222238272,UB,1.5,21,126,90.0,UB/w126/e1.5/x0.5/h21/sv90/wc1/cm1
2026,514,-104.34022543191304,-12.978152422923044,90.63632525378318,-0.14318930502294755,-0.4061039727876453,-0.5437309378953962,4,-221.22061286725238,0.33822690615333184,147,-0.7097974519177759,-0.449350245954065,5.800734771422284,0.42857142857142855,-1.4886490830605064,4.040816326530612,-104.34022543191305,-0.4934254494022077,147,-155.8243480563824,-963757.044747282,2296875.0,2.383251061580868,UB,1.5,21,252,50.0,UB/w252/e1.5/x0.5/h21/sv50/wc1/cm1
2026,520,-93.96928334163476,-11.688183317913111,90.69012763123993,-0.1288804374103328,-0.3655221152065636,-0.4891534155171944,4,-221.22061286725238,0.35398551723873406,147,-0.6392468254532978,-0.4094982505821455,5.835207942536006,0.42857142857142855,-1.3327636822396147,4.108843537414966,-93.96928334163478,-0.5478824653508707,147,-145.45340596610413,-639665.104426086,2296875.0,3.5907461327920642,UB,1.5,21,252,70.0,UB/w252/e1.5/x0.5/h21/sv70/wc1/cm1
2026,523,-92.6849707214551,-11.528436634652856,90.7039412991088,-0.1270996217974282,-0.36047148453909167,-0.4814370739410931,4,-221.22061286725238,0.3560004472778052,149,-0.6220467833654705,-0.4094982505821455,5.810927398745227,0.42953020134228187,-1.3110915245924561,4.073825503355705,-92.6849707214551,-0.5554743366019277,149,-144.16909334592447,-568280.3350454716,2328125.0,4.096789658951884,UB,1.5,21,252,90.0,UB/w252/e1.5/x0.5/h21/sv90/wc1/cm1
2026,567,-52.92322980534891,-6.582751190003911,91.07771892027858,-0.07227619738441048,-0.20498493858245356,-0.36532219369574725,4,-139.96097219194962,0.4185061513984728,172,-0.30769319654272625,-0.4792651121813378,5.593111386143334,0.4069767441860465,-0.7235937665914243,3.622093023255814,-52.92322980534892,-1.2790344300608012,172,-120.61386287641017,1033649.0685828459,2687500.0,2.6000120173132046,UB,1.5,42,63,50.0,UB/w63/e1.5/x0.5/h42/sv50/wc1/cm1
2026,577,-36.453158777270346,-4.5341540038855515,91.04387751751193,-0.04980185518804848,-0.14124470567700753,-0.2511576005159303,4,-139.96097219194962,0.44370484058591814,173,-0.21071190044664945,-0.24037126022130903,5.564403447178007,0.4277456647398844,-0.4995193690044571,3.647398843930636,-36.45315877727035,-1.856920918284547,173,-104.1437918483316,1563963.7882103007,2703125.0,1.728380810589791,UB,1.5,42,63,70.0,UB/w63/e1.5/x0.5/h42/sv70/wc1/cm1
2026,570,-20.962124914567084,-2.6073324178040007,91.29132003721172,-0.02856057308341267,-0.0810015957016271,-0.1586782439763132,4,-173.69428093238594,0.4677891323597114,169,-0.12403624209803014,-0.17794697306771948,5.548962961389551,0.4319526627218935,-0.2914532065854296,3.7337278106508878,-20.962124914567095,-3.2291875631378084,169,-88.65275798562836,1985558.5964197782,2640625.0,1.3299154226731924,UB,1.5,42,63,90.0,UB/w63/e1.5/x0.5/h42/sv90/wc1/cm1
2026,561,-14.714174002424445,-1.8301934099757946,92.16135020381209,-0.01985857852481953,-0.05632157814825745,-0.10405460040615903,4,-139.96097219194962,0.4775284958843542,165,-0.08917681213590581,-0.17794697306771948,4.912143129259598,0.4484848484848485,-0.23390685557940222,3.896969696969697,-14.714174002424459,-3.8243792357673123,165,-70.98675552876377,2118307.062424237,2578125.0,1.217068594885171,UB,1.5,42,126,50.0,UB/w126/e1.5/x0.5/h42/sv50/wc1/cm1
2026,562,-15.078541770963513,-1.8755145736835168,92.16356788711117,-0.02034984774006132,-0.05771488318585083,-0.10666707103845105,4,-139.96097219194962,0.47697256896384194,165,-0.09138510164220316,-0.15797231426859087,4.913986815367764,0.46060606060606063,-0.23960916875085453,3.909090909090909,-15.078541770963522,-3.731964428728938,165,-71.35112329730283,2106920.569657391,2578125.0,1.2236460344678453,UB,1.5,42,126,70.0,UB/w126/e1.5/x0.5/h42/sv70/wc1/cm1
2026,580,-0.3064918611789853,-0.03812238352275631,92.43404932421976,-0.0004124279289013839,-0.0011697006308438373,-0.0021672779910506773,4,-139.96097219194962,0.49953357627717576,164,-0.0018688528120670593,-0.06926452594848344,4.933359618551558,0.4878048780487805,-0.0048661150142383335,4.103658536585366,-0.30649186117899774,-183.602204997786,164,-56.57907338751831,2552922.1293381574,2562500.0,1.0037517284807764,UB,1.5,42,126,90.0,UB/w126/e1.5/x0.5/h42/sv90/wc1/cm1
2026,514,-61.49693853556755,-7.6491749807319955,90.64274192241794,-0.08438816852295801,-0.2393361046619675,-0.44213697926117423,4,-151.65592699604713,0.40503091575618044,144,-0.42706207316366374,-0.42441985960431367,4.927697216695,0.4375,-1.0436177636083963,4.125,-61.49693853556758,-0.8371818801141269,144,-112.98106116003694,328220.6707635148,2250000.0,6.855144116200835,UB,1.5,42,252,50.0,UB/w252/e1.5/x0.5/h42/sv50/wc1/cm1
2026,520,-51.125996445289275,-6.359205875722062,90.696239576188,-0.07011543042399358,-0.1988567152018529,-0.3668343774605154,4,-151.65592699604713,0.420915765736951,144,-0.3550416419811756,-0.4044938619183539,4.964939691052867,0.4375,-0.861112293228233,4.194444444444445,-51.12599644528929,-1.0070047765144943,144,-102.61011906975865,652312.6110847108,2250000.0,3.449266443367611,UB,1.5,42,252,70.0,UB/w252/e1.5/x0.5/h42/sv70/wc1/cm1
2026,524,-52.665587800924186,-6.550704899226503,90.72688836070813,-0.07220246409402346,-0.20477582113371623,-0.3764488970705571,4,-154.742862928902,0.418598825339738,146,-0.36072320411591924,-0.4044938619183539,5.0098632463492025,0.4383561643835616,-0.8730056681475671,4.164383561643835,-52.66558780092421,-0.9775666573603853,146,-104.14971042539358,635450.3812211201,2281250.0,3.5899734541290402,UB,1.5,42,252,90.0,UB/w252/e1.5/x0.5/h42/sv90/wc1/cm1
2026,330,-9.187000347296362,-1.1427068546489059,83.09025461016797,-0.013752597822814589,-0.039004202241924954,-0.06870545641262797,4,-145.24217636375715,0.4844667488891466,97,-0.09471134378656036,-0.15797231426859087,9.051866537448836,0.4536082474226804,-0.1035857403210153,3.6804123711340204,-9.187000347296355,-9.900311605121281,97,-100.14116650188771,1228531.239146988,1515625.0,1.233688612633368,UB,2.0,10,63,50.0,UB/w63/e2/x0.5/h10/sv50/wc1/cm1
2026,328,-3.645932702605478,-0.45349212293019764,83.01496637460036,-0.005462775481758795,-0.015493160087854733,-0.027246287626714362,4,-145.24217636375715,0.4938248551297432,97,-0.03758693507840695,-0.15153100478482898,9.056015568796047,0.4639175257731959,-0.04108997443957735,3.6597938144329896,-3.6459327026054744,-24.946748493079216,97,-94.60009885719683,1401689.603043578,1515625.0,1.0812843276493074,UB,2.0,10,63,70.0,UB/w63/e2/x0.5/h10/sv70/wc1/cm1
2026,326,5.336838307503058,0.6638120698374977,83.13154598986308,0.007985080295733245,0.022646753056074456,0.03983777761047608,4,-145.24217636375715,0.5090346027307788,97,0.055018951623742866,-0.15153100478482898,9.081562583985818,0.4639175257731959,0.059977429417326755,3.6288659793814433,5.336838307503058,17.042705983188387,97,-85.61732784708829,1682401.19710947,1515625.0,0.9008701388253838,UB,2.0,10,63,90.0,UB/w63/e2/x0.5/h10/sv90/wc1/cm1
2026,329,-44.84860635149698,-5.5784051335524385,85.46253490357851,-0.06527310639505567,-0.18512323821234133,-0.3390138923553959,4,-135.7744029240912,0.42690140533439647,94,-0.47711283352656364,-0.142367771466752,9.49399017212424,0.48936170212765956,-0.48984502321300616,3.904255319148936,-44.84860635149698,-1.7276764035075178,94,-122.33248527517571,67231.05151571915,1468750.0,21.84630415391606,UB,2.0,10,126,50.0,UB/w126/e2/x0.5/h10/sv50/wc1/cm1
2026,331,-52.95108133778467,-6.586215447740246,85.47754480315054,-0.07705199608748578,-0.21852974087227614,-0.400415810416281,4,-135.7744029240912,0.4139715044390982,93,-0.5693664659976847,-0.15153100478482898,9.54114209562078,0.4838709677419355,-0.5786028332973017,4.021505376344086,-52.95108133778468,-1.4633106060553291,93,-130.4349602614634,-201596.29180577118,1453125.0,7.208093893909614,UB,2.0,10,126,70.0,UB/w126/e2/x0.5/h10/sv70/wc1/cm1
2026,329,-61.10595350465428,-7.600543081526594,85.49719903516471,-0.08889815300733438,-0.2521270223636936,-0.4621148007149204,4,-135.7744029240912,0.40108491376591515,91,-0.6714939945566405,-0.5,9.637263929892303,0.46153846153846156,-0.6683570256619342,4.065934065934066,-61.10595350465429,-1.2680250365093637,91,-138.589832428333,-487686.0470204465,1421875.0,2.915553989471401,UB,2.0,10,126,90.0,UB/w126/e2/x0.5/h10/sv90/wc1/cm1
2026,288,-119.85416544654117,-14.907823145374321,86.00044784226517,-0.17334587806701895,-0.4916320373096113,-0.8056887931270242,4,-243.98041271524062,0.31278714201169044,83,-1.4440260897173631,0.12954732025855267,12.084634618820289,0.5060240963855421,-1.0952485378478707,3.8433734939759034,-119.85416544654115,-0.46950876773188754,83,-176.12674697288045,-2448567.6702044113,1296875.0,0.5296463788937205,UB,2.0,10,252,50.0,UB/w252/e2/x0.5/h10/sv50/wc1/cm1
2026,302,-157.63643466646818,-19.607295921001963,85.63730836348631,-0.22895740531427128,-0.649353748049657,-1.0509753312251524,4,-248.3190948002807,0.26030989142137334,86,-1.832981798447304,-0.142367771466752,12.292292237338113,0.47674418604651164,-1.3909587927476237,3.9186046511627906,-157.63643466646815,-0.3569769999264606,86,-213.90901619280746,-3582388.5833271295,1343750.0,0.37509889526054635,UB,2.0,10,252,70.0,UB/w252/e2/x0.5/h10/sv70/wc1/cm1
2026,301,-172.5469973020522,-21.461916742407283,84.42738188648418,-0.2542056411421551,-0.7209611133758588,-1.1525545247332687,4,-248.3190948002807,0.2384254343918515,86,-2.006360433744793,-0.17620006694983215,12.287506169098721,0.46511627906976744,-1.5231202574734544,3.9302325581395348,-172.54699730205218,-0.3261290106824133,86,-228.81957882839149,-4048343.665689131,1343750.0,0.331925871656763,UB,2.0,10,252,90.0,UB/w252/e2/x0.5/h10/sv90/wc1/cm1
2026,339,0.25878085228441705,0.03218794411435,83.26119449804823,0.0003865899871891045,0.0010964207809532993,0.001935434473297953,4,-144.74217636375715,0.5004372046079303,95,0.0027240089714148322,-0.13320453814867506,10.462540902701942,0.47368421052631576,0.0025511209146352586,3.873684210526316,0.25878085228440906,351.4717775742913,95,-90.69538530230695,1492461.901633887,1484375.0,0.9945815021307854,UB,2.0,21,63,50.0,UB/w63/e2/x0.5/h21/sv50/wc1/cm1
2026,337,5.799848496975301,0.7214026758330582,83.18602232608696,0.008672162169326708,0.02459540891729234,0.043345824541537875,4,-144.74217636375715,0.5098122921654986,95,0.06105103681026625,-0.007541864516497124,10.465654914416309,0.4842105263157895,0.057159222368608764,3.8526315789473684,5.799848496975294,15.682162422350391,95,-85.15431765761605,1665620.2655304773,1484375.0,0.891184521897761,UB,2.0,21,63,70.0,UB/w63/e2/x0.5/h21/sv70/wc1/cm1
2026,335,14.782619507083837,1.8387068686007537,83.30229998870351,0.022072702300537896,0.06260112857570536,0.11035687343812653,4,-144.74217636375715,0.5249834107208478,95,0.15560652112719828,-0.007541864516497124,10.487331130758324,0.4842105263157895,0.14538596755324787,3.8210526315789473,14.782619507083837,6.152777328199923,95,-76.17154664750751,1946331.859596369,1484375.0,0.7626525726747494,UB,2.0,21,63,90.0,UB/w63/e2/x0.5/h21/sv90/wc1/cm1
2026,340,-28.521957939474305,-3.54764728566018,86.13756858004511,-0.041185830342581074,-0.11680850969979657,-0.21689847583229468,4,-143.6296542955697,0.45364296787979463,92,-0.3100212819508078,-0.08672647432012992,10.382524021116653,0.4891304347826087,-0.2879756017010936,4.195652173913044,-28.521957939474316,-2.7166395479617913,92,-106.00583686315305,546188.8143914279,1437500.0,2.631873744250301,UB,2.0,21,126,50.0,UB/w126/e2/x0.5/h21/sv50/wc1/cm1
2026,343,-33.33972183979995,-4.146895312749056,86.1594610782765,-0.048130469490536516,-0.13650443284928995,-0.253503246634898,4,-143.6296542955697,0.44589499944429567,91,-0.3663705696681314,-0.0402484104915848,10.438078124125788,0.4945054945054945,-0.3366822139621838,4.329670329670329,-33.33972183979996,-2.3240709474420633,91,-110.82360076347868,380008.6925062516,1421875.0,3.7416907245525928,UB,2.0,21,126,70.0,UB/w126/e2/x0.5/h21/sv70/wc1/cm1
2026,348,-39.510344603953854,-4.914416011942928,86.28418678717802,-0.05695616073967818,-0.16153527072017118,-0.3342241148529772,5,-143.6296542955697,0.43608835947884617,89,-0.44393645622420075,-0.15153100478482898,10.554902115413757,0.47191011235955055,-0.3990389338011298,4.50561797752809,-39.51034460395387,-1.9611035970545492,89,-116.9942235276326,155926.7311264421,1390625.0,8.918451569874394,UB,2.0,21,126,90.0,UB/w126/e2/x0.5/h21/sv90/wc1/cm1
2026,298,-129.33534994944102,-16.087121513948244,85.99048900038096,-0.18708024225652414,-0.5305845265348128,-0.8734192296737557,4,-243.48041271524062,0.29936305823152154,79,-1.637156328473937,0.12954732025855267,13.42542547059771,0.5063291139240507,-1.090791846943877,4.215189873417722,-129.33534994944102,-0.3766238856583672,79,-178.0461320003842,-2807354.685920032,1234375.0,0.43969328357078186,UB,2.0,21,252,50.0,UB/w252/e2/x0.5/h21/sv50/wc1/cm1
2026,315,-147.65636919939243,-18.3659452311189,86.03103748134168,-0.21348045738844065,-0.6054590588597069,-0.9925054029652937,4,-243.76575947657284,0.27440743949135327,80,-1.8457046149924055,-0.08672647432012992,13.308211834561668,0.4875,-1.248299895929438,4.5,-147.65636919939243,-0.3298928608028079,80,-196.3671512503356,-3364261.5374810128,1250000.0,0.37155256393530456,UB,2.0,21,252,70.0,UB/w252/e2/x0.5/h21/sv70/wc1/cm1
2026,314,-157.6226848686665,-19.605585679616958,84.82950520666215,-0.23111752958895274,-0.6554801486877684,-1.0609473337961082,4,-243.76575947657284,0.2585450528820862,80,-1.9702835608583313,-0.142367771466752,13.312292092537978,0.475,-1.3321475702641568,4.4875,-157.6226848686665,-0.3090340840947463,80,-206.3334669196097,-3675708.902145828,1250000.0,0.34007045532639085,UB,2.0,21,252,90.0,UB/w252/e2/x0.5/h21/sv90/wc1/cm1
2026,339,40.65334454897993,5.056585797800071,84.40439347454794,0.05990903541442875,0.16991001725845528,0.32794836787806075,4,-133.63306644292743,0.5677050899461085,94,0.43248238881893536,-0.0703732013325861,6.305457142484646,0.4787234042553192,0.6685566735913674,3.925531914893617,40.65334454897992,1.6650692291628377,94,-27.037288522081333,2739167.017155623,1468750.0,0.5362031562154117,UB,2.0,42,63,50.0,UB/w63/e2/x0.5/h42/sv50/wc1/cm1
2026,337,46.194412193670814,5.745800529518778,84.33007732821412,0.06813465268336022,0.193238965261998,0.37234624752386536,4,-133.63306644292743,0.5769322257294776,94,0.4914299169539448,-0.006876184916336322,6.3066166066902465,0.48936170212765956,0.7595415576790822,3.904255319148936,46.19441219367081,1.4653424485036675,94,-21.49622087739045,2912325.381052213,1468750.0,0.5043220821257774,UB,2.0,42,63,70.0,UB/w63/e2/x0.5/h42/sv70/wc1/cm1
2026,335,55.17718320377935,6.863104722286474,84.44451574458007,0.08127353993059012,0.23050260243276166,0.4442024939963998,4,-133.63306644292743,0.591596245480554,94,0.5869913106785037,-0.006876184916336322,6.336342897785482,0.48936170212765956,0.90298259669007,3.872340425531915,55.17718320377935,1.22678667414151,94,-12.513449867281906,3193036.975118105,1468750.0,0.4599852777920536,UB,2.0,42,63,90.0,UB/w63/e2/x0.5/h42/sv90/wc1/cm1
2026,341,17.075711076866806,2.1239285248620114,87.45633529724809,0.024285587975338405,0.06887716758376777,0.14015252765589678,4,-132.52054437473998,0.5274815853788679,91,0.18764517666886601,0.12954732025855267,6.0251896500294455,0.5054945054945055,0.29873549108727643,4.274725274725275,17.075711076866806,3.126120098706897,91,-36.305012520238506,1955490.9711520877,1421875.0,0.7271191843766452,UB,2.0,42,126,50.0,UB/w126/e2/x0.5/h42/sv50/wc1/cm1
2026,344,12.257947176541162,1.5246804977731356,87.47805200744783,0.017429291837035024,0.04943179699601766,0.10059102485168384,4,-132.52054437473998,0.5197228865962897,90,0.1361994130726796,0.27607758592125714,6.060066693222067,0.5111111111111111,0.21441014889978283,4.411111111111111,12.257947176541165,4.354784926734184,90,-41.12277642056415,1789310.8492669112,1406250.0,0.7859171035464,UB,2.0,42,126,70.0,UB/w126/e2/x0.5/h42/sv70/wc1/cm1
2026,349,6.087324412387257,0.757159798579264,87.60109762060344,0.00864326839668711,0.02451346232319524,0.053440876038139865,5,-132.52054437473998,0.5097786664995363,88,0.06917414104985524,-0.142367771466752,6.133531158999081,0.48863636363636365,0.10640358118290721,4.590909090909091,6.087324412387261,8.769160304398996,88,-47.293399184718055,1565228.8878871016,1375000.0,0.8784657698568986,UB,2.0,42,126,90.0,UB/w126/e2/x0.5/h42/sv90/wc1/cm1
2026,299,36.5802053686175,4.549956442690824,86.05631649548334,0.05287184750615754,0.1499516134772223,0.31261140328443404,4,-141.34919246827894,0.5597596963372473,78,0.46897699190535236,0.6254373137385303,6.014305137450747,0.5384615384615384,0.6931309927827436,4.294871794871795,36.580205368617484,1.331615871482576,78,-12.130576682325696,2361881.417769297,1218750.0,0.5160081242144073,UB,2.0,42,252,50.0,UB/w252/e2/x0.5/h42/sv50/wc1/cm1
2026,318,20.94009785088565,2.6045926250854805,86.1146166793974,0.03024565080260782,0.08578070092957293,0.19052731496547587,5,-141.34919246827894,0.5342274778756425,79,0.2650645297580462,0.31127913760792614,5.999622984448875,0.5189873417721519,0.3951913637032715,4.6075949367088604,20.94009785088565,2.326196486655051,79,-27.77068420005753,1888753.0578401766,1234375.0,0.6535396434574302,UB,2.0,42,252,70.0,UB/w252/e2/x0.5/h42/sv70/wc1/cm1
2026,319,5.65454500459191,0.7033293885277202,84.93366639479477,0.008280925790468695,0.023485810349663093,0.05141396215536375,5,-141.34919246827894,0.5093693186953937,79,0.07157651904546708,0.12954732025855267,6.122037316768202,0.5063291139240507,0.10458138550871028,4.6455696202531644,5.654545004591899,8.614447671985369,79,-43.056237046351285,1411079.5313934975,1234375.0,0.8747735138507787,UB,2.0,42,252,90.0,UB/w252/e2/x0.5/h42/sv90/wc1/cm1
2026,200,-97.13188814561045,-12.081557656808409,78.53954028786293,-0.15382771038036527,-0.43627590971464064,-0.7932265410110745,4,-143.11765469360716,0.33375634926278486,52,-1.8679209258771237,-1.2251873794930364,10.17631959921719,0.4230769230769231,-1.3365524457859725,4.423076923076923,-97.13188814561043,-0.5709202418661655,52,-152.5864492186197,-2222871.504550327,812500.0,0.36551820397030266,UB,2.5,10,63,50.0,UB/w63/e2.5/x0.5/h10/sv50/wc1/cm1
2026,200,-91.42744937311454,-11.372022330713161,78.46483666230752,-0.14493144718640558,-0.4110449203928299,-0.7457718685342524,4,-143.11765469360716,0.34269471806283014,53,-1.7250462145870669,-1.2122878789214158,10.112035932653582,0.4339622641509434,-1.2538232766724937,4.320754716981132,-91.42744937311454,-0.6065417055079346,53,-146.8820104461238,-2028982.7929098303,828125.0,0.4081478674406888,UB,2.5,10,63,70.0,UB/w63/e2.5/x0.5/h10/sv70/wc1/cm1
2026,195,-88.2014291439782,-10.970760189675472,78.52503238094961,-0.1397103555010696,-0.3962372077961123,-0.7186113620661547,4,-143.11765469360716,0.3479859794653455,51,-1.7294397871368272,-1.238086880064657,10.375771119102016,0.43137254901960786,-1.2021820439587618,4.372549019607843,-88.20142914397819,-0.6450046319496002,51,-145.0917594864186,-1959419.6607493195,796875.0,0.4066892947758112,UB,2.5,10,63,90.0,UB/w63/e2.5/x0.5/h10/sv90/wc1/cm1
2026,204,201.0541389385371,25.007721131545583,81.26064152007868,0.30774703058880515,0.8728116371239171,1.2789257501919034,4,-100.7778684473792,0.8146050002128962,52,3.8664257488180214,-0.0018286089450611914,19.262001523201338,0.5,1.4615932110062637,4.4423076923076925,201.0541389385371,1.1478421604813782,52,-29.72427827439651,7095441.841829284,812500.0,0.11451013455006044,UB,2.5,10,126,50.0,UB/w126/e2.5/x0.5/h10/sv50/wc1/cm1
2026,205,203.03405493696528,25.25398906422273,81.26076760439662,0.31077714140195206,0.8814054356552277,1.2917868212990082,4,-100.7778684473792,0.8169844878611117,52,3.9045010564801013,-0.0018286089450611914,19.24947278938727,0.5,1.4769471695059913,4.461538461538462,203.03405493696528,1.1366488113759141,52,-27.744362275968342,7157314.216780164,812500.0,0.11352023613761594,UB,2.5,10,126,70.0,UB/w126/e2.5/x0.5/h10/sv70/wc1/cm1
2026,207,209.02981812454755,25.999760201078963,81.25886891788355,0.3199621228712046,0.9074552685254039,1.3309441557248736,4,-100.7778684473792,0.8240813385018029,52,4.019804194702838,0.2791843336824513,19.21646127747998,0.5192307692307693,1.5231747774020201,4.5,209.02981812454755,1.1040454385097702,52,-21.748599088386072,7344681.816392111,812500.0,0.11062426124255442,UB,2.5,10,126,90.0,UB/w126/e2.5/x0.5/h10/sv90/wc1/cm1
2026,168,-74.76292651704534,-9.299238638842757,79.83128379656515,-0.1164861467409205,-0.33037025327157843,-0.6310412229922694,4,-135.17954991102215,0.3718608450953343,46,-1.625281011240116,-0.6058817159312184,10.894056021318045,0.43478260869565216,-1.0230348584084044,4.043478260869565,-74.76292651704533,-0.7678795638488511,46,-132.17184992301782,-1617591.4536576667,718750.0,0.4443334553819361,UB,2.5,10,252,50.0,UB/w252/e2.5/x0.5/h10/sv50/wc1/cm1
2026,167,-76.38579764434826,-9.50109625191301,79.77416348286383,-0.11909991702957723,-0.3377832545289531,-0.6452888276892296,4,-135.17954991102215,0.3691252669654565,46,-1.6605608183553968,-0.6058817159312184,10.882670427189796,0.41304347826086957,-1.0463353162630706,4.065217391304348,-76.38579764434826,-0.7515654110632977,46,-133.79472105032073,-1668306.1763858828,718750.0,0.43082619376082176,UB,2.5,10,252,70.0,UB/w252/e2.5/x0.5/h10/sv70/wc1/cm1
2026,171,-76.26965462531052,-9.486650032368338,79.78894410557568,-0.1188967987822439,-0.3372071840802947,-0.6446766028152111,4,-135.17954991102215,0.36933688171573187,46,-1.6580359701154461,-0.6058817159312184,10.84661865731559,0.41304347826086957,-1.0482168852231857,4.195652173913044,-76.26965462531052,-0.7527098908209949,46,-133.678578031283,-1664676.7070409537,718750.0,0.431765517568642,UB,2.5,10,252,90.0,UB/w252/e2.5/x0.5/h10/sv90/wc1/cm1
2026,209,-87.68610694602967,-10.90666285804515,78.72101077253674,-0.13854830814558264,-0.392941486460256,-0.8120911927876806,5,-142.61765469360716,0.3491523497543775,50,-1.7537221389205933,-0.142367771466752,12.561703813603746,0.46,-0.9972044312181562,4.82,-87.68610694602967,-0.6278828478536126,50,-142.74270949249922,-1958940.8420634277,781250.0,0.39881245172114504,UB,2.5,21,63,50.0,UB/w63/e2.5/x0.5/h21/sv50/wc1/cm1
2026,209,-81.98166817353376,-10.197127531949905,78.64643743673534,-0.12965784419863474,-0.3677269445766822,-0.7582201664789162,5,-142.61765469360716,0.35827175715344983,51,-1.6074836896771325,-0.13320453814867506,12.46277421816497,0.47058823529411764,-0.9302871492929383,4.705882352941177,-81.98166817353376,-0.6715721181707246,51,-137.0382707200033,-1765052.130422931,796875.0,0.45147391754885885,UB,2.5,21,63,70.0,UB/w63/e2.5/x0.5/h21/sv70/wc1/cm1
2026,204,-78.75564794439742,-9.795865390912216,78.70647048391602,-0.1244607378616227,-0.35298725762784056,-0.7270105443081186,5,-142.61765469360716,0.36364554819907124,49,-1.6072581213142332,-0.15153100478482898,12.773446028247104,0.46938775510204084,-0.8899241919594393,4.775510204081633,-78.75564794439742,-0.7223650852648149,49,-135.64597828683782,-1695488.9982624203,765625.0,0.4515658908932065,UB,2.5,21,63,90.0,UB/w63/e2.5/x0.5/h21/sv90/wc1/cm1
2026,215,52.28768690059678,6.503700443707004,81.61975264294527,0.07968292273756536,0.22599139985957994,0.5354447616728937,5,-119.94274441987318,0.5889153191634592,50,1.0457537380119353,-0.08672647432012992,11.71558381606874,0.48,0.637584065335518,4.98,52.28768690059676,1.932030074794545,50,-48.73369673279695,2415240.215643649,781250.0,0.32346679015188595,UB,2.5,21,126,50.0,UB/w126/e2.5/x0.5/h21/sv50/wc1/cm1
2026,216,54.26760289902495,6.7499683763841505,81.62009983454975,0.08269982994466876,0.2345477512025803,0.5559827144671808,5,-119.94274441987318,0.5922026094964677,50,1.0853520579804985,-0.08672647432012992,11.703870958045894,0.48,0.6623889418851797,5.0,54.26760289902493,1.861541292350115,50,-46.75378073436878,2477112.590594529,781250.0,0.31538735985048344,UB,2.5,21,126,70.0,UB/w126/e2.5/x0.5/h21/sv70/wc1/cm1
2026,225,62.247615489322925,7.7425464478328605,81.72970712570852,0.09473356408734031,0.26867702672372373,0.6372397061511413,5,-119.94274441987318,0.6052345101536987,50,1.2449523097864579,0.04464945488348394,11.680013616244004,0.5,0.7613447030667339,5.26,62.2476154893229,1.6228956376766197,50,-38.773768144070814,2726487.9840413406,781250.0,0.28654078234446906,UB,2.5,21,126,90.0,UB/w126/e2.5/x0.5/h21/sv90/wc1/cm1
2026,177,-69.0788961315684,-8.592241769573167,79.75218021595914,-0.10773676338761433,-0.30555583477397946,-0.6588286614371407,5,-134.67954991102215,0.38108420574617086,44,-1.5699749120811,-0.142367771466752,13.40212419851749,0.45454545454545453,-0.7860271061645563,4.545454545454546,-69.0788961315684,-0.8310631266694075,44,-126.48781953754087,-1471215.5041115126,687500.0,0.4673006762630542,UB,2.5,21,252,50.0,UB/w252/e2.5/x0.5/h21/sv50/wc1/cm1
2026,177,-71.86130313921922,-8.938325958086498,79.70199111614316,-0.11214683388601182,-0.31806338308134624,-0.6862280930559771,5,-134.67954991102215,0.3764257972426545,43,-1.671193096260912,-0.15153100478482898,13.536839695923405,0.4418604651162791,-0.8191306136514406,4.744186046511628,-71.86130313921922,-0.798885086939661,43,-129.2702265451917,-1573790.7231006005,671875.0,0.4269150847936801,UB,2.5,21,252,70.0,UB/w252/e2.5/x0.5/h21/sv70/wc1/cm1
2026,179,-70.72752361276935,-8.797303035744262,79.71524303925425,-0.11035910699553658,-0.31299315110860976,-0.6761417824766042,5,-134.67954991102215,0.37831151251897666,43,-1.6448261305295198,-0.15153100478482898,13.517852140249088,0.4418604651162791,-0.807339340210609,4.790697674418604,-70.72752361276935,-0.8116914105502162,43,-128.13644701874182,-1538360.112899042,671875.0,0.4367475432874105,UB,2.5,21,252,90.0,UB/w252/e2.5/x0.5/h21/sv90/wc1/cm1
2026,209,-47.291543249334154,-5.8822650043594304,79.93190277062939,-0.07359095430567984,-0.20871376462076652,-0.45850053605003577,5,-131.50854477277744,0.4179229004930927,49,-0.965133535700697,-0.13320453814867506,5.134887015094171,0.46938775510204084,-1.3293274586731665,4.938775510204081,-47.291543249334154,-0.5118241429803587,49,-71.49649684314318,-712235.7265416923,765625.0,1.07496011709149,UB,2.5,42,63,50.0,UB/w63/e2.5/x0.5/h42/sv50/wc1/cm1
2026,209,-41.58710447683825,-5.172729678264185,79.85828296080487,-0.06477386548372202,-0.18370732438108,-0.40261542433535025,5,-131.50854477277744,0.42757937475467667,50,-0.831742089536765,-0.06970752173242528,5.128337576186311,0.48,-1.1584679902606263,4.82,-41.58710447683825,-0.5820302687168294,50,-65.79205807064727,-518347.01490119525,781250.0,1.5071949438136882,UB,2.5,42,63,70.0,UB/w63/e2.5/x0.5/h42/sv70/wc1/cm1
2026,204,-38.36108424770191,-4.7714675372264965,79.91730553073491,-0.05970506019364563,-0.16933151631875878,-0.37062983619113277,5,-131.50854477277744,0.4331578833702597,48,-0.7991892551604565,-0.142367771466752,5.365588091980675,0.4791666666666667,-1.0428566508867987,4.895833333333333,-38.36108424770191,-0.6787785564569845,48,-64.39976563748178,-448783.88274068467,750000.0,1.6711830100043128,UB,2.5,42,63,90.0,UB/w63/e2.5/x0.5/h42/sv90/wc1/cm1
2026,217,-40.672743058140895,-5.058998642967179,82.86572103396664,-0.06105055962638034,-0.17314753222113027,-0.356059805848038,5,-139.96097219194962,0.43096575404362714,49,-0.8300559807783856,-0.15153100478482898,5.746985434870087,0.46938775510204084,-1.0215102952418114,5.163265306122449,-40.672743058140895,-0.7038289564415163,49,-69.29939736036613,-505398.22056690365,765625.0,1.5148945303788381,UB,2.5,42,126,50.0,UB/w126/e2.5/x0.5/h42/sv50/wc1/cm1
2026,218,-38.69282705971273,-4.812730710290033,82.86619943334327,-0.058078332820866795,-0.16471790045811865,-0.33883001461459916,5,-139.96097219194962,0.4343097281906243,49,-0.7896495318308719,-0.15153100478482898,5.7360729141726985,0.46938775510204084,-0.9736327646496945,5.183673469387755,-38.69282705971273,-0.7398439575905666,49,-67.31948136193796,-443525.84561602335,765625.0,1.7262240917135407,UB,2.5,42,126,70.0,UB/w126/e2.5/x0.5/h42/sv70/wc1/cm1
2026,227,-30.712814469414752,-3.820152638841322,82.97470982004909,-0.04603996382905413,-0.13057547988644794,-0.26875035572280775,5,-139.96097219194962,0.4478860129980882,49,-0.6267921320288725,-0.13320453814867506,5.740725582709125,0.4897959183673469,-0.7722042904687865,5.448979591836735,-30.712814469414752,-0.9320752525214837,49,-59.339468771639986,-194150.45216921158,765625.0,3.9434623584225315,UB,2.5,42,126,90.0,UB/w126/e2.5/x0.5/h42/sv90/wc1/cm1
2026,178,-23.481227115227284,-2.920665959050975,81.17614978499809,-0.03597936052383128,-0.10204226666750854,-0.2350394937055381,5,-123.57043999019243,0.45949840394568103,43,-0.5460750491913324,-0.13320453814867506,5.501671114334117,0.4883720930232558,-0.65856935643795,4.72093023255814,-23.481227115227295,-1.1310002804789479,43,-50.038501568539246,-61913.34735085291,671875.0,10.851860362073353,UB,2.5,42,252,50.0,UB/w252/e2.5/x0.5/h42/sv50/wc1/cm1
2026,178,-26.263634122878102,-3.266750147564305,81.1269376865973,-0.04026714480687213,-0.11420299495318792,-0.2632451039404574,5,-123.57043999019243,0.4547080321183641,42,-0.6253246219732883,-0.142367771466752,5.526253224455837,0.47619047619047616,-0.7422190723516336,4.928571428571429,-26.26363412287811,-1.0111804912092517,42,-52.82090857619006,-164488.566339941,656250.0,3.9896390041102197,UB,2.5,42,252,70.0,UB/w252/e2.5/x0.5/h42/sv70/wc1/cm1
2026,194,-27.276937430161524,-3.3927878738404265,81.18155186119748,-0.041792596914645645,-0.11852938065053342,-0.27352348228443824,5,-123.57043999019243,0.4530058303545507,42,-0.6494508911943222,-0.142367771466752,5.494190667189187,0.47619047619047616,-0.7753538581593908,5.476190476190476,-27.27693743016153,-0.9736164304115089,42,-53.83421188347348,-196154.29469254776,656250.0,3.3455805850624185,UB,2.5,42,252,90.0,UB/w252/e2.5/x0.5/h42/sv90/wc1/cm1
