opened_at,closed_at,holding_period_steps,holding_period_days,realized_pnl,gross_realized_pnl,fee_allocated,date,tenor,rank,sector,signal_move_bp,hold_move_bp,trade_direction,entry_ts,exit_ts,gross_usd,fee_usd,net_usd,abs_signal_move_bp
2022-01-03 22:00:00-05:00,2022-01-04 08:00:00-05:00,1,0.4166666666666667,66785.44873511512,116786.44873511512,50001.0,2022-01-03,IMM_3xIMM_4,3,whites,-0.05298854441818657,1.1679069031702238,1.0,2022-01-03 22:00:00-05:00,2022-01-04 08:00:00-05:00,116786.44873511512,50001.0,66785.44873511512,0.05298854441818657
2022-01-04 22:00:00-05:00,2022-01-05 08:00:00-05:00,1,0.4166666666666667,-103951.1428182507,-53950.14281825069,50001.0,2022-01-04,IMM_3xIMM_4,3,whites,-0.24813653006613423,-0.5394907577375041,1.0,2022-01-04 22:00:00-05:00,2022-01-05 08:00:00-05:00,-53950.14281825069,50001.0,-103951.1428182507,0.24813653006613423
2022-01-05 22:00:00-05:00,2022-01-06 08:00:00-05:00,1,0.4166666666666667,256864.21847933624,306865.21847933624,50001.0,2022-01-05,IMM_3xIMM_4,3,whites,-0.521354862077561,3.0692614222743164,1.0,2022-01-05 22:00:00-05:00,2022-01-06 08:00:00-05:00,306865.21847933624,50001.0,256864.21847933624,0.521354862077561
2022-01-06 22:00:00-05:00,2022-01-07 08:00:00-05:00,1,0.4166666666666667,-74070.2468185965,-24069.246818596497,50001.0,2022-01-06,IMM_3xIMM_4,3,whites,-0.6772696935758549,-0.24067497837315655,1.0,2022-01-06 22:00:00-05:00,2022-01-07 08:00:00-05:00,-24069.246818596497,50001.0,-74070.2468185965,0.6772696935758549
2022-01-10 22:00:00-05:00,2022-01-11 08:00:00-05:00,1,0.4166666666666667,25853.481642371975,75854.48164237197,50001.0,2022-01-10,IMM_3xIMM_4,3,whites,0.9935505969597691,0.7585636594469203,-1.0,2022-01-10 22:00:00-05:00,2022-01-11 08:00:00-05:00,-75854.48164237197,50001.0,-125855.48164237197,0.9935505969597691
2022-01-11 22:00:00-05:00,2022-01-12 08:00:00-05:00,1,0.4166666666666667,144057.87645045947,194058.87645045947,50001.0,2022-01-11,IMM_3xIMM_4,3,whites,0.09254487188007365,1.9407792553357783,-1.0,2022-01-11 22:00:00-05:00,2022-01-12 08:00:00-05:00,-194058.87645045947,50001.0,-244059.87645045947,0.09254487188007365
2022-01-12 22:00:00-05:00,2022-01-13 08:00:00-05:00,1,0.4166666666666667,41131.30261521228,91132.30261521228,50001.0,2022-01-12,IMM_3xIMM_4,3,whites,-0.670288120656104,0.911375565556094,1.0,2022-01-12 22:00:00-05:00,2022-01-13 08:00:00-05:00,91132.30261521228,50001.0,41131.30261521228,0.670288120656104
2022-01-13 22:00:00-05:00,2022-01-14 08:00:00-05:00,1,0.4166666666666667,-36774.2683788389,13226.731621161103,50001.0,2022-01-13,IMM_3xIMM_4,3,whites,1.2698815718267031,0.13226851323222544,-1.0,2022-01-13 22:00:00-05:00,2022-01-14 08:00:00-05:00,-13226.731621161103,50001.0,-63227.7316211611,1.2698815718267031
2022-01-18 22:00:00-05:00,2022-01-19 08:00:00-05:00,1,0.4166666666666667,-336886.7814863939,-286885.7814863939,50001.0,2022-01-18,IMM_3xIMM_4,3,whites,1.4027507767224057,-2.8685726576698434,-1.0,2022-01-18 22:00:00-05:00,2022-01-19 08:00:00-05:00,286885.7814863939,50001.0,236884.78148639388,1.4027507767224057
2022-01-19 22:00:00-05:00,2022-01-20 08:00:00-05:00,1,0.4166666666666667,-251341.32388372906,-201340.32388372906,50001.0,2022-01-19,IMM_3xIMM_4,3,whites,-0.4960491117383836,-2.0130921915461952,1.0,2022-01-19 22:00:00-05:00,2022-01-20 08:00:00-05:00,-201340.32388372906,50001.0,-251341.32388372906,0.4960491117383836
2022-01-20 22:00:00-05:00,2022-01-21 08:00:00-05:00,1,0.4166666666666667,64228.23388311453,114229.23388311453,50001.0,2022-01-20,IMM_3xIMM_4,3,whites,-1.4891522833837878,1.142372455884022,1.0,2022-01-20 22:00:00-05:00,2022-01-21 08:00:00-05:00,114229.23388311453,50001.0,64228.23388311453,1.4891522833837878
2022-01-24 22:00:00-05:00,2022-01-25 08:00:00-05:00,1,0.4166666666666667,-256945.826178208,-206944.826178208,50001.0,2022-01-24,IMM_3xIMM_4,3,whites,1.9045395217568761,-2.0692818839616045,-1.0,2022-01-24 22:00:00-05:00,2022-01-25 08:00:00-05:00,206944.826178208,50001.0,156943.826178208,1.9045395217568761
2022-01-25 22:00:00-05:00,2022-01-26 08:00:00-05:00,1,0.4166666666666667,43003.9639428705,93004.9639428705,50001.0,2022-01-25,IMM_3xIMM_4,3,whites,0.60505302313002,0.9300880986263915,-1.0,2022-01-25 22:00:00-05:00,2022-01-26 08:00:00-05:00,-93004.9639428705,50001.0,-143005.9639428705,0.60505302313002
2022-01-26 22:00:00-05:00,2022-01-27 08:00:00-05:00,1,0.4166666666666667,138001.45882688835,188002.45882688835,50001.0,2022-01-26,IMM_3xIMM_4,3,whites,4.135009947415047,1.8803385241905168,-1.0,2022-01-26 22:00:00-05:00,2022-01-27 08:00:00-05:00,-188002.45882688835,50001.0,-238003.45882688835,4.135009947415047
2022-01-27 22:00:00-05:00,2022-01-28 08:00:00-05:00,1,0.4166666666666667,344322.53313143924,394323.53313143924,50001.0,2022-01-27,IMM_3xIMM_4,3,whites,0.2690190484970767,3.9443342877843124,-1.0,2022-01-27 22:00:00-05:00,2022-01-28 08:00:00-05:00,-394323.53313143924,50001.0,-444324.53313143924,0.2690190484970767
2022-01-31 22:00:00-05:00,2022-02-01 08:00:00-05:00,1,0.4166666666666667,-345137.84429475665,-295136.84429475665,50001.0,2022-01-31,IMM_3xIMM_4,3,whites,-1.575599609463696,-2.950879746550572,1.0,2022-01-31 22:00:00-05:00,2022-02-01 08:00:00-05:00,-295136.84429475665,50001.0,-345137.84429475665,1.575599609463696
2022-02-01 22:00:00-05:00,2022-02-02 08:00:00-05:00,1,0.4166666666666667,-13897.723399262875,36103.276600737125,50001.0,2022-02-01,IMM_3xIMM_4,3,whites,-0.7659865151045553,0.36103693271931636,1.0,2022-02-01 22:00:00-05:00,2022-02-02 08:00:00-05:00,36103.276600737125,50001.0,-13897.723399262875,0.7659865151045553
2022-02-02 22:00:00-05:00,2022-02-03 08:00:00-05:00,1,0.4166666666666667,162991.54421567172,212992.54421567172,50001.0,2022-02-02,IMM_3xIMM_4,3,whites,-2.0566761151723734,2.1302549881711874,1.0,2022-02-02 22:00:00-05:00,2022-02-03 08:00:00-05:00,212992.54421567172,50001.0,162991.54421567172,2.0566761151723734
2022-02-03 22:00:00-05:00,2022-02-04 08:00:00-05:00,1,0.4166666666666667,-204878.92165323347,-154877.92165323347,50001.0,2022-02-03,IMM_3xIMM_4,3,whites,0.8379497121498769,-1.5485955442907207,-1.0,2022-02-03 22:00:00-05:00,2022-02-04 08:00:00-05:00,154877.92165323347,50001.0,104876.92165323347,0.8379497121498769
2022-02-07 22:00:00-05:00,2022-02-08 08:00:00-05:00,1,0.4166666666666667,80274.87133689597,130275.87133689597,50001.0,2022-02-07,IMM_3xIMM_4,3,whites,1.8668663021799814,1.3028500909238794,-1.0,2022-02-07 22:00:00-05:00,2022-02-08 08:00:00-05:00,-130275.87133689597,50001.0,-180276.87133689597,1.8668663021799814
2022-02-08 22:00:00-05:00,2022-02-09 08:00:00-05:00,1,0.4166666666666667,-38422.11006776802,11578.889932231978,50001.0,2022-02-08,IMM_3xIMM_4,3,whites,-1.8922284187363525,0.11579205977350071,1.0,2022-02-08 22:00:00-05:00,2022-02-09 08:00:00-05:00,11578.889932231978,50001.0,-38422.11006776802,1.8922284187363525
2022-02-09 22:00:00-05:00,2022-02-10 08:00:00-05:00,1,0.4166666666666667,-72010.89936889336,-22009.899368893355,50001.0,2022-02-09,IMM_3xIMM_4,3,whites,-0.7655876359682123,-0.22009478094999757,1.0,2022-02-09 22:00:00-05:00,2022-02-10 08:00:00-05:00,-22009.899368893355,50001.0,-72010.89936889336,0.7655876359682123
2022-02-10 22:00:00-05:00,2022-02-11 08:00:00-05:00,1,0.4166666666666667,-259367.04926188104,-209366.04926188104,50001.0,2022-02-10,IMM_3xIMM_4,3,whites,4.5244679606650795,-2.0932581841683895,-1.0,2022-02-10 22:00:00-05:00,2022-02-11 08:00:00-05:00,209366.04926188104,50001.0,159365.04926188104,4.5244679606650795
2022-02-14 22:00:00-05:00,2022-02-15 08:00:00-05:00,1,0.4166666666666667,-30202.590760283172,19798.409239716828,50001.0,2022-02-14,IMM_3xIMM_4,3,whites,-0.3775661659014995,0.19798529194117176,1.0,2022-02-14 22:00:00-05:00,2022-02-15 08:00:00-05:00,19798.409239716828,50001.0,-30202.590760283172,0.3775661659014995
2022-02-15 22:00:00-05:00,2022-02-16 08:00:00-05:00,1,0.4166666666666667,89370.0297034774,139371.0297034774,50001.0,2022-02-15,IMM_3xIMM_4,3,whites,-2.9831956755514755,1.3937564944890957,1.0,2022-02-15 22:00:00-05:00,2022-02-16 08:00:00-05:00,139371.0297034774,50001.0,89370.0297034774,2.9831956755514755
2022-02-16 22:00:00-05:00,2022-02-17 08:00:00-05:00,1,0.4166666666666667,136976.70874554105,186977.70874554105,50001.0,2022-02-16,IMM_3xIMM_4,3,whites,-1.4023388089965172,1.8699384303055178,1.0,2022-02-16 22:00:00-05:00,2022-02-17 08:00:00-05:00,186977.70874554105,50001.0,136976.70874554105,1.4023388089965172
2022-02-17 22:00:00-05:00,2022-02-18 08:00:00-05:00,1,0.4166666666666667,-162531.19328874163,-112530.19328874163,50001.0,2022-02-17,IMM_3xIMM_4,3,whites,2.3346405315883834,-1.1252079305400287,-1.0,2022-02-17 22:00:00-05:00,2022-02-18 08:00:00-05:00,112530.19328874163,50001.0,62529.19328874163,2.3346405315883834
2022-02-22 22:00:00-05:00,2022-02-23 08:00:00-05:00,1,0.4166666666666667,294048.5747883152,344049.5747883152,50001.0,2022-02-22,IMM_3xIMM_4,3,whites,-0.523435740659095,3.4410993269960777,1.0,2022-02-22 22:00:00-05:00,2022-02-23 08:00:00-05:00,344049.5747883152,50001.0,294048.5747883152,0.523435740659095
2022-03-03 22:00:00-05:00,2022-03-04 08:00:00-05:00,1,0.4166666666666667,106552.52313630469,156553.5231363047,50001.0,2022-03-03,IMM_3xIMM_4,3,whites,-5.563118320898219,1.5656164720085464,1.0,2022-03-03 22:00:00-05:00,2022-03-04 08:00:00-05:00,156553.5231363047,50001.0,106552.52313630469,5.563118320898219
2022-03-07 22:00:00-05:00,2022-03-08 08:00:00-05:00,1,0.4166666666666667,199385.33240465634,249386.33240465634,50001.0,2022-03-07,IMM_3xIMM_4,3,whites,0.49779004327794585,2.4941862519071156,-1.0,2022-03-07 22:00:00-05:00,2022-03-08 08:00:00-05:00,-249386.33240465634,50001.0,-299387.33240465634,0.49779004327794585
2022-03-08 22:00:00-05:00,2022-03-09 08:00:00-05:00,1,0.4166666666666667,575094.4813471623,625095.4813471623,50001.0,2022-03-08,IMM_3xIMM_4,3,whites,-0.25853709328995667,6.253134764248491,1.0,2022-03-08 22:00:00-05:00,2022-03-09 08:00:00-05:00,625095.4813471623,50001.0,575094.4813471623,0.25853709328995667
2022-03-09 22:00:00-05:00,2022-03-10 08:00:00-05:00,1,0.4166666666666667,706058.6210381668,756059.6210381668,50001.0,2022-03-09,IMM_3xIMM_4,3,whites,-1.1506540660332965,7.56388029711661,1.0,2022-03-09 22:00:00-05:00,2022-03-10 08:00:00-05:00,756059.6210381668,50001.0,706058.6210381668,1.1506540660332965
2022-03-10 22:00:00-05:00,2022-03-11 08:00:00-05:00,1,0.4166666666666667,635935.6968054157,685936.6968054157,50001.0,2022-03-10,IMM_3xIMM_4,3,whites,-1.9276732209153824,6.861692056323854,1.0,2022-03-10 22:00:00-05:00,2022-03-11 08:00:00-05:00,685936.6968054157,50001.0,635935.6968054157,1.9276732209153824
2022-03-14 22:00:00-04:00,2022-03-15 08:00:00-04:00,1,0.4166666666666667,-485525.4656000212,-435524.4656000212,50001.0,2022-03-14,IMM_3xIMM_4,3,whites,1.1179987590122176,27.545060693414737,-1.0,2022-03-14 22:00:00-04:00,2022-03-15 08:00:00-04:00,435524.4656000212,50001.0,385523.4656000212,1.1179987590122176
2022-03-15 22:00:00-04:00,2022-03-16 08:00:00-04:00,1,0.4166666666666667,198779.08059498668,248780.08059498668,50001.0,2022-03-15,IMM_3xIMM_4,3,whites,-1.2953171437552813,2.489483834240125,1.0,2022-03-15 22:00:00-04:00,2022-03-16 08:00:00-04:00,248780.08059498668,50001.0,198779.08059498668,1.2953171437552813
2022-03-16 22:00:00-04:00,2022-03-17 08:00:00-04:00,1,0.4166666666666667,152687.4254194051,202688.4254194051,50001.0,2022-03-16,IMM_3xIMM_4,3,whites,-1.732098956701944,2.027498048213494,1.0,2022-03-16 22:00:00-04:00,2022-03-17 08:00:00-04:00,202688.4254194051,50001.0,152687.4254194051,1.732098956701944
2022-03-17 22:00:00-04:00,2022-03-18 08:00:00-04:00,1,0.4166666666666667,-294594.11559838057,-244593.11559838057,50001.0,2022-03-17,IMM_3xIMM_4,3,whites,1.52268317900206,-2.4457496501562925,-1.0,2022-03-17 22:00:00-04:00,2022-03-18 08:00:00-04:00,244593.11559838057,50001.0,194592.11559838057,1.52268317900206
2022-03-21 22:00:00-04:00,2022-03-22 08:00:00-04:00,1,0.4166666666666667,-108759.10587811098,-58758.105878110975,50001.0,2022-03-21,IMM_3xIMM_4,3,whites,6.697517687629206,-0.5874732090222601,-1.0,2022-03-21 22:00:00-04:00,2022-03-22 08:00:00-04:00,58758.105878110975,50001.0,8757.105878110975,6.697517687629206
2022-03-22 22:00:00-04:00,2022-03-23 08:00:00-04:00,1,0.4166666666666667,-794351.624032449,-744350.624032449,50001.0,2022-03-22,IMM_3xIMM_4,3,whites,3.290558248128894,-7.440303269870929,-1.0,2022-03-22 22:00:00-04:00,2022-03-23 08:00:00-04:00,744350.624032449,50001.0,694349.624032449,3.290558248128894
2022-03-23 22:00:00-04:00,2022-03-24 08:00:00-04:00,1,0.4166666666666667,-12469.651968218386,37531.348031781614,50001.0,2022-03-23,IMM_3xIMM_4,3,whites,4.786355470469994,0.37533666765101614,-1.0,2022-03-23 22:00:00-04:00,2022-03-24 08:00:00-04:00,-37531.348031781614,50001.0,-87532.34803178161,4.786355470469994
2022-03-24 22:00:00-04:00,2022-03-25 08:00:00-04:00,1,0.4166666666666667,-93719.72614273429,-43718.72614273429,50001.0,2022-03-24,IMM_3xIMM_4,3,whites,0.5290575582961754,-0.4371721487769431,-1.0,2022-03-24 22:00:00-04:00,2022-03-25 08:00:00-04:00,43718.72614273429,50001.0,-6282.273857265711,0.5290575582961754
2022-03-28 22:00:00-04:00,2022-03-29 08:00:00-04:00,1,0.4166666666666667,548727.4093931019,598728.4093931019,50001.0,2022-03-28,IMM_3xIMM_4,3,whites,-0.5678886855811527,5.988542418194065,1.0,2022-03-28 22:00:00-04:00,2022-03-29 08:00:00-04:00,598728.4093931019,50001.0,548727.4093931019,0.5678886855811527
2022-03-29 22:00:00-04:00,2022-03-30 08:00:00-04:00,1,0.4166666666666667,-30293.290599144995,19707.709400855005,50001.0,2022-03-29,IMM_3xIMM_4,3,whites,-3.986945360447347,0.1970741772915119,1.0,2022-03-29 22:00:00-04:00,2022-03-30 08:00:00-04:00,19707.709400855005,50001.0,-30293.290599144995,3.986945360447347
2022-03-30 22:00:00-04:00,2022-03-31 08:00:00-04:00,1,0.4166666666666667,58967.37656496093,108968.37656496093,50001.0,2022-03-30,IMM_3xIMM_4,3,whites,-3.71203758123988,1.0897807388403624,1.0,2022-03-30 22:00:00-04:00,2022-03-31 08:00:00-04:00,108968.37656496093,50001.0,58967.37656496093,3.71203758123988
2022-03-31 22:00:00-04:00,2022-04-01 08:00:00-04:00,1,0.4166666666666667,125054.58223051205,175055.58223051205,50001.0,2022-03-31,IMM_3xIMM_4,3,whites,1.470570437556118,1.7507424888390855,-1.0,2022-03-31 22:00:00-04:00,2022-04-01 08:00:00-04:00,-175055.58223051205,50001.0,-225056.58223051205,1.470570437556118
2022-04-04 22:00:00-04:00,2022-04-05 08:00:00-04:00,1,0.4166666666666667,433560.7515830584,483561.7515830584,50001.0,2022-04-04,IMM_3xIMM_4,3,whites,-0.22213386056284534,4.836692979792767,1.0,2022-04-04 22:00:00-04:00,2022-04-05 08:00:00-04:00,483561.7515830584,50001.0,433560.7515830584,0.22213386056284534
2022-04-05 22:00:00-04:00,2022-04-06 08:00:00-04:00,1,0.4166666666666667,-248260.07219279557,-198259.07219279557,50001.0,2022-04-05,IMM_3xIMM_4,3,whites,4.688109097965842,-1.9824548711014245,-1.0,2022-04-05 22:00:00-04:00,2022-04-06 08:00:00-04:00,198259.07219279557,50001.0,148258.07219279557,4.688109097965842
2022-04-06 22:00:00-04:00,2022-04-07 08:00:00-04:00,1,0.4166666666666667,116581.35426587984,166582.35426587984,50001.0,2022-04-06,IMM_3xIMM_4,3,whites,-3.5475024412035427,1.6660908830948618,1.0,2022-04-06 22:00:00-04:00,2022-04-07 08:00:00-04:00,166582.35426587984,50001.0,116581.35426587984,3.5475024412035427
2022-04-07 22:00:00-04:00,2022-04-08 08:00:00-04:00,1,0.4166666666666667,344334.2263994105,394335.2263994105,50001.0,2022-04-07,IMM_3xIMM_4,3,whites,0.6507704847860118,3.9439792203348034,-1.0,2022-04-07 22:00:00-04:00,2022-04-08 08:00:00-04:00,-394335.2263994105,50001.0,-444336.2263994105,0.6507704847860118
2022-04-11 22:00:00-04:00,2022-04-12 08:00:00-04:00,1,0.4166666666666667,-297950.5252552442,-247949.52525524423,50001.0,2022-04-11,IMM_3xIMM_4,3,whites,3.5231228677102155,-2.479210461202097,-1.0,2022-04-11 22:00:00-04:00,2022-04-12 08:00:00-04:00,247949.52525524423,50001.0,197948.52525524423,3.5231228677102155
2022-04-12 22:00:00-04:00,2022-04-13 08:00:00-04:00,1,0.4166666666666667,-571959.3621784747,-521958.36217847466,50001.0,2022-04-12,IMM_3xIMM_4,3,whites,2.3957345335842373,-5.2185366581263715,-1.0,2022-04-12 22:00:00-04:00,2022-04-13 08:00:00-04:00,521958.36217847466,50001.0,471957.36217847466,2.3957345335842373
2022-04-13 22:00:00-04:00,2022-04-14 08:00:00-04:00,1,0.4166666666666667,-479560.9848977886,-429559.9848977886,50001.0,2022-04-13,IMM_3xIMM_4,3,whites,-1.5664797627331417,-4.294840580747827,1.0,2022-04-13 22:00:00-04:00,2022-04-14 08:00:00-04:00,-429559.9848977886,50001.0,-479560.9848977886,1.5664797627331417
2022-04-18 22:00:00-04:00,2022-04-19 08:00:00-04:00,1,0.4166666666666667,188561.24888250604,238562.24888250604,50001.0,2022-04-18,IMM_3xIMM_4,3,whites,-0.6353210305082069,2.3859566592169035,1.0,2022-04-18 22:00:00-04:00,2022-04-19 08:00:00-04:00,238562.24888250604,50001.0,188561.24888250604,0.6353210305082069
2022-04-19 22:00:00-04:00,2022-04-20 08:00:00-04:00,1,0.4166666666666667,-587774.8055661507,-537773.8055661507,50001.0,2022-04-19,IMM_3xIMM_4,3,whites,2.2921369938850855,-5.376576660458854,-1.0,2022-04-19 22:00:00-04:00,2022-04-20 08:00:00-04:00,537773.8055661507,50001.0,487772.8055661507,2.2921369938850855
2022-04-20 22:00:00-04:00,2022-04-21 08:00:00-04:00,1,0.4166666666666667,110415.86610279977,160416.86610279977,50001.0,2022-04-20,IMM_3xIMM_4,3,whites,3.4193944804972176,1.6044940170679922,-1.0,2022-04-20 22:00:00-04:00,2022-04-21 08:00:00-04:00,-160416.86610279977,50001.0,-210417.86610279977,3.4193944804972176
2022-04-21 22:00:00-04:00,2022-04-22 08:00:00-04:00,1,0.4166666666666667,-89881.39632465318,-39880.39632465318,50001.0,2022-04-21,IMM_3xIMM_4,3,whites,7.732881696499971,-0.39890854965918265,-1.0,2022-04-21 22:00:00-04:00,2022-04-22 08:00:00-04:00,39880.39632465318,50001.0,-10120.603675346822,7.732881696499971
2022-04-25 22:00:00-04:00,2022-04-26 08:00:00-04:00,1,0.4166666666666667,-399613.2154668905,-349612.2154668905,50001.0,2022-04-25,IMM_3xIMM_4,3,whites,-0.3894126304653245,-3.4955995644831983,1.0,2022-04-25 22:00:00-04:00,2022-04-26 08:00:00-04:00,-349612.2154668905,50001.0,-399613.2154668905,0.3894126304653245
2022-04-26 22:00:00-04:00,2022-04-27 08:00:00-04:00,1,0.4166666666666667,100120.49751517177,150121.49751517177,50001.0,2022-04-26,IMM_3xIMM_4,3,whites,1.5670602797105193,1.501487074168839,-1.0,2022-04-26 22:00:00-04:00,2022-04-27 08:00:00-04:00,-150121.49751517177,50001.0,-200122.49751517177,1.5670602797105193
2022-04-27 22:00:00-04:00,2022-04-28 08:00:00-04:00,1,0.4166666666666667,306110.29086214304,356111.29086214304,50001.0,2022-04-27,IMM_3xIMM_4,3,whites,0.10481561544426476,3.5619185657642216,-1.0,2022-04-27 22:00:00-04:00,2022-04-28 08:00:00-04:00,-356111.29086214304,50001.0,-406112.29086214304,0.10481561544426476
2022-04-28 22:00:00-04:00,2022-04-29 08:00:00-04:00,1,0.4166666666666667,448972.5816666931,498973.5816666931,50001.0,2022-04-28,IMM_3xIMM_4,3,whites,1.9169447437596077,4.991156544531483,-1.0,2022-04-28 22:00:00-04:00,2022-04-29 08:00:00-04:00,-498973.5816666931,50001.0,-548974.5816666931,1.9169447437596077
2022-05-02 22:00:00-04:00,2022-05-03 08:00:00-04:00,1,0.4166666666666667,102698.5391801931,152699.5391801931,50001.0,2022-05-02,IMM_3xIMM_4,3,whites,-0.2250679190352045,1.5271203949016154,1.0,2022-05-02 22:00:00-04:00,2022-05-03 08:00:00-04:00,152699.5391801931,50001.0,102698.5391801931,0.2250679190352045
2022-05-03 22:00:00-04:00,2022-05-04 08:00:00-04:00,1,0.4166666666666667,100810.05884371698,150811.05884371698,50001.0,2022-05-03,IMM_3xIMM_4,3,whites,2.899885668242508,1.5082867728872795,-1.0,2022-05-03 22:00:00-04:00,2022-05-04 08:00:00-04:00,-150811.05884371698,50001.0,-200812.05884371698,2.899885668242508
2022-05-04 22:00:00-04:00,2022-05-05 08:00:00-04:00,1,0.4166666666666667,151915.73907163367,201916.73907163367,50001.0,2022-05-04,IMM_3xIMM_4,3,whites,-0.2791791584387582,2.0192395885640035,1.0,2022-05-04 22:00:00-04:00,2022-05-05 08:00:00-04:00,201916.73907163367,50001.0,151915.73907163367,0.2791791584387582
2022-05-05 22:00:00-04:00,2022-05-06 08:00:00-04:00,1,0.4166666666666667,-99877.01696342975,-49876.01696342975,50001.0,2022-05-05,IMM_3xIMM_4,3,whites,3.1617421788032285,-0.49870512245524523,-1.0,2022-05-05 22:00:00-04:00,2022-05-06 08:00:00-04:00,49876.01696342975,50001.0,-124.98303657025099,3.1617421788032285
2022-05-09 22:00:00-04:00,2022-05-10 08:00:00-04:00,1,0.4166666666666667,-108496.35854817182,-58495.35854817182,50001.0,2022-05-09,IMM_3xIMM_4,3,whites,0.5529124905161886,-0.5849550213734123,-1.0,2022-05-09 22:00:00-04:00,2022-05-10 08:00:00-04:00,58495.35854817182,50001.0,8494.358548171818,0.5529124905161886
2022-05-10 22:00:00-04:00,2022-05-11 08:00:00-04:00,1,0.4166666666666667,-200554.7112392038,-150553.7112392038,50001.0,2022-05-10,IMM_3xIMM_4,3,whites,0.09615497215591517,-1.5054581245621979,-1.0,2022-05-10 22:00:00-04:00,2022-05-11 08:00:00-04:00,150553.7112392038,50001.0,100552.71123920381,0.09615497215591517
2022-05-11 22:00:00-04:00,2022-05-12 08:00:00-04:00,1,0.4166666666666667,-892714.739442382,-842713.739442382,50001.0,2022-05-11,IMM_3xIMM_4,3,whites,1.749104449839356,-8.423443540664799,-1.0,2022-05-11 22:00:00-04:00,2022-05-12 08:00:00-04:00,842713.739442382,50001.0,792712.739442382,1.749104449839356
2022-05-12 22:00:00-04:00,2022-05-13 08:00:00-04:00,1,0.4166666666666667,-115700.81034294143,-65699.81034294143,50001.0,2022-05-12,IMM_3xIMM_4,3,whites,3.348067116900788,-0.6569322453258586,-1.0,2022-05-12 22:00:00-04:00,2022-05-13 08:00:00-04:00,65699.81034294143,50001.0,15698.810342941433,3.348067116900788
2022-05-16 22:00:00-04:00,2022-05-17 08:00:00-04:00,1,0.4166666666666667,436319.53775868565,486320.53775868565,50001.0,2022-05-16,IMM_3xIMM_4,3,whites,0.3921948378537099,4.86448295911992,-1.0,2022-05-16 22:00:00-04:00,2022-05-17 08:00:00-04:00,-486320.53775868565,50001.0,-536321.5377586856,0.3921948378537099
2022-05-17 22:00:00-04:00,2022-05-18 08:00:00-04:00,1,0.4166666666666667,244250.56082254276,294251.56082254276,50001.0,2022-05-17,IMM_3xIMM_4,3,whites,-1.531669345098896,2.9429291752773423,1.0,2022-05-17 22:00:00-04:00,2022-05-18 08:00:00-04:00,294251.56082254276,50001.0,244250.56082254276,1.531669345098896
2022-05-18 22:00:00-04:00,2022-05-19 08:00:00-04:00,1,0.4166666666666667,-284462.1885370575,-234461.1885370575,50001.0,2022-05-18,IMM_3xIMM_4,3,whites,-0.42930754427601414,-2.3443266978911304,1.0,2022-05-18 22:00:00-04:00,2022-05-19 08:00:00-04:00,-234461.1885370575,50001.0,-284462.1885370575,0.42930754427601414
2022-05-19 22:00:00-04:00,2022-05-20 08:00:00-04:00,1,0.4166666666666667,-1184.1003601141274,48816.89963988587,50001.0,2022-05-19,IMM_3xIMM_4,3,whites,1.6310099940535672,0.4881707529166057,-1.0,2022-05-19 22:00:00-04:00,2022-05-20 08:00:00-04:00,-48816.89963988587,50001.0,-98817.89963988587,1.6310099940535672
2022-05-23 22:00:00-04:00,2022-05-24 08:00:00-04:00,1,0.4166666666666667,-315295.8511356488,-265294.8511356488,50001.0,2022-05-23,IMM_3xIMM_4,3,whites,-0.1669360609270143,-2.6525486930273345,1.0,2022-05-23 22:00:00-04:00,2022-05-24 08:00:00-04:00,-265294.8511356488,50001.0,-315295.8511356488,0.1669360609270143
2022-05-24 22:00:00-04:00,2022-05-25 08:00:00-04:00,1,0.4166666666666667,-261917.5410491079,-211916.5410491079,50001.0,2022-05-24,IMM_3xIMM_4,3,whites,-0.08022652141668196,-2.118770320639163,1.0,2022-05-24 22:00:00-04:00,2022-05-25 08:00:00-04:00,-211916.5410491079,50001.0,-261917.5410491079,0.08022652141668196
2022-05-25 22:00:00-04:00,2022-05-26 08:00:00-04:00,1,0.4166666666666667,-443162.7795994058,-393161.7795994058,50001.0,2022-05-25,IMM_3xIMM_4,3,whites,0.27700078186430055,-3.9307736604321075,-1.0,2022-05-25 22:00:00-04:00,2022-05-26 08:00:00-04:00,393161.7795994058,50001.0,343160.7795994058,0.27700078186430055
2022-05-26 22:00:00-04:00,2022-05-27 08:00:00-04:00,1,0.4166666666666667,-413233.26914333925,-363232.26914333925,50001.0,2022-05-26,IMM_3xIMM_4,3,whites,0.11547688732855832,-3.631507009248036,-1.0,2022-05-26 22:00:00-04:00,2022-05-27 08:00:00-04:00,363232.26914333925,50001.0,313231.26914333925,0.11547688732855832
2022-05-31 22:00:00-04:00,2022-06-01 08:00:00-04:00,1,0.4166666666666667,-109051.77006077394,-59050.77006077394,50001.0,2022-05-31,IMM_3xIMM_4,3,whites,2.695512838154679,-0.5904762293975185,-1.0,2022-05-31 22:00:00-04:00,2022-06-01 08:00:00-04:00,59050.77006077394,50001.0,9049.770060773939,2.695512838154679
2022-06-01 22:00:00-04:00,2022-06-02 08:00:00-04:00,1,0.4166666666666667,-26136.388662230223,23864.611337769777,50001.0,2022-06-01,IMM_3xIMM_4,3,whites,-0.03488849195254495,0.2386390578384301,1.0,2022-06-01 22:00:00-04:00,2022-06-02 08:00:00-04:00,23864.611337769777,50001.0,-26136.388662230223,0.03488849195254495
2022-06-02 22:00:00-04:00,2022-06-03 08:00:00-04:00,1,0.4166666666666667,-118304.0089981556,-68303.0089981556,50001.0,2022-06-02,IMM_3xIMM_4,3,whites,0.36826119551895964,-0.6829928965152998,-1.0,2022-06-02 22:00:00-04:00,2022-06-03 08:00:00-04:00,68303.0089981556,50001.0,18302.008998155594,0.36826119551895964
2022-06-06 22:00:00-04:00,2022-06-07 08:00:00-04:00,1,0.4166666666666667,-213779.97264787927,-163778.97264787927,50001.0,2022-06-06,IMM_3xIMM_4,3,whites,1.2372186613968772,-1.6376450424690159,-1.0,2022-06-06 22:00:00-04:00,2022-06-07 08:00:00-04:00,163778.97264787927,50001.0,113777.97264787927,1.2372186613968772
2022-06-07 22:00:00-04:00,2022-06-08 08:00:00-04:00,1,0.4166666666666667,3268.435415275395,53269.435415275395,50001.0,2022-06-07,IMM_3xIMM_4,3,whites,0.3539580126428188,0.5326879172048216,-1.0,2022-06-07 22:00:00-04:00,2022-06-08 08:00:00-04:00,-53269.435415275395,50001.0,-103270.4354152754,0.3539580126428188
2022-06-08 22:00:00-04:00,2022-06-09 08:00:00-04:00,1,0.4166666666666667,35783.06482198089,85784.0648219809,50001.0,2022-06-08,IMM_3xIMM_4,3,whites,2.479642635726842,0.8578596619639889,-1.0,2022-06-08 22:00:00-04:00,2022-06-09 08:00:00-04:00,-85784.0648219809,50001.0,-135785.0648219809,2.479642635726842
2022-06-09 22:00:00-04:00,2022-06-10 08:00:00-04:00,1,0.4166666666666667,211549.52876045927,261550.52876045927,50001.0,2022-06-09,IMM_3xIMM_4,3,whites,0.8169289041238148,2.615725624033294,-1.0,2022-06-09 22:00:00-04:00,2022-06-10 08:00:00-04:00,-261550.52876045927,50001.0,-311551.5287604593,0.8169289041238148
2022-06-13 22:00:00-04:00,2022-06-14 08:00:00-04:00,1,0.4166666666666667,-988142.4180770367,-938141.4180770367,50001.0,2022-06-13,IMM_3xIMM_4,3,whites,5.065327334603165,18.077181254655137,-1.0,2022-06-13 22:00:00-04:00,2022-06-14 08:00:00-04:00,938141.4180770367,50001.0,888140.4180770367,5.065327334603165
2022-06-14 22:00:00-04:00,2022-06-15 08:00:00-04:00,1,0.4166666666666667,-1023347.5830358639,-973346.5830358639,50001.0,2022-06-14,IMM_3xIMM_4,3,whites,-9.614383330245424,-9.74634244412611,1.0,2022-06-14 22:00:00-04:00,2022-06-15 08:00:00-04:00,-973346.5830358639,50001.0,-1023347.5830358639,9.614383330245424
2022-06-15 22:00:00-04:00,2022-06-16 08:00:00-04:00,1,0.4166666666666667,791868.6048998237,841869.6048998237,50001.0,2022-06-15,IMM_3xIMM_4,3,whites,12.46832092450263,8.42254418123165,-1.0,2022-06-15 22:00:00-04:00,2022-06-16 08:00:00-04:00,-841869.6048998237,50001.0,-891870.6048998237,12.46832092450263
2022-06-16 22:00:00-04:00,2022-06-17 08:00:00-04:00,1,0.4166666666666667,-614911.3635789678,-564910.3635789678,50001.0,2022-06-16,IMM_3xIMM_4,3,whites,6.2966553817438875,-5.647469406212258,-1.0,2022-06-16 22:00:00-04:00,2022-06-17 08:00:00-04:00,564910.3635789678,50001.0,514909.36357896775,6.2966553817438875
2022-06-21 22:00:00-04:00,2022-06-22 08:00:00-04:00,1,0.4166666666666667,-1017828.4120061696,-967827.4120061696,50001.0,2022-06-21,IMM_3xIMM_4,3,whites,-1.0674835583479592,-9.67190924590069,1.0,2022-06-21 22:00:00-04:00,2022-06-22 08:00:00-04:00,-967827.4120061696,50001.0,-1017828.4120061696,1.0674835583479592
2022-06-22 22:00:00-04:00,2022-06-23 08:00:00-04:00,1,0.4166666666666667,-634773.1575382203,-584772.1575382203,50001.0,2022-06-22,IMM_3xIMM_4,3,whites,1.1246864078174656,-5.845117066303818,-1.0,2022-06-22 22:00:00-04:00,2022-06-23 08:00:00-04:00,584772.1575382203,50001.0,534771.1575382203,1.1246864078174656
2022-06-23 22:00:00-04:00,2022-06-24 08:00:00-04:00,1,0.4166666666666667,286687.4435925633,336688.4435925633,50001.0,2022-06-23,IMM_3xIMM_4,3,whites,1.582274548118967,3.366934963975954,-1.0,2022-06-23 22:00:00-04:00,2022-06-24 08:00:00-04:00,-336688.4435925633,50001.0,-386689.4435925633,1.582274548118967
2022-06-27 22:00:00-04:00,2022-06-28 08:00:00-04:00,1,0.4166666666666667,390284.7798015475,440285.7798015475,50001.0,2022-06-27,IMM_3xIMM_4,3,whites,-2.5374133328929904,4.403250765507716,1.0,2022-06-27 22:00:00-04:00,2022-06-28 08:00:00-04:00,440285.7798015475,50001.0,390284.7798015475,2.5374133328929904
2022-06-28 22:00:00-04:00,2022-06-29 08:00:00-04:00,1,0.4166666666666667,94012.04999556392,144013.04999556392,50001.0,2022-06-28,IMM_3xIMM_4,3,whites,-1.5120232442427106,1.439992491655584,1.0,2022-06-28 22:00:00-04:00,2022-06-29 08:00:00-04:00,144013.04999556392,50001.0,94012.04999556392,1.5120232442427106
2022-06-29 22:00:00-04:00,2022-06-30 08:00:00-04:00,1,0.4166666666666667,-701247.2379143685,-651246.2379143685,50001.0,2022-06-29,IMM_3xIMM_4,3,whites,-0.09625826772401425,-6.509885012512395,1.0,2022-06-29 22:00:00-04:00,2022-06-30 08:00:00-04:00,-651246.2379143685,50001.0,-701247.2379143685,0.09625826772401425
2022-06-30 22:00:00-04:00,2022-07-01 08:00:00-04:00,1,0.4166666666666667,-1457955.0941153057,-1407954.0941153057,50001.0,2022-06-30,IMM_3xIMM_4,3,whites,1.3878436476943534,-14.070500239012063,-1.0,2022-06-30 22:00:00-04:00,2022-07-01 08:00:00-04:00,1407954.0941153057,50001.0,1357953.0941153057,1.3878436476943534
2022-07-05 22:00:00-04:00,2022-07-06 08:00:00-04:00,1,0.4166666666666667,-638505.0625113882,-588504.0625113882,50001.0,2022-07-05,IMM_3xIMM_4,3,whites,1.3946733764358843,-5.882309823398435,-1.0,2022-07-05 22:00:00-04:00,2022-07-06 08:00:00-04:00,588504.0625113882,50001.0,538503.0625113882,1.3946733764358843
2022-07-06 22:00:00-04:00,2022-07-07 08:00:00-04:00,1,0.4166666666666667,-39495.5364546366,10505.463545363396,50001.0,2022-07-06,IMM_3xIMM_4,3,whites,-2.5240377790855195,0.1050392291757074,1.0,2022-07-06 22:00:00-04:00,2022-07-07 08:00:00-04:00,10505.463545363396,50001.0,-39495.5364546366,2.5240377790855195
2022-07-07 22:00:00-04:00,2022-07-08 08:00:00-04:00,1,0.4166666666666667,-30453.28755940497,19547.71244059503,50001.0,2022-07-07,IMM_3xIMM_4,3,whites,-0.2034805017379071,0.19548437104157657,1.0,2022-07-07 22:00:00-04:00,2022-07-08 08:00:00-04:00,19547.71244059503,50001.0,-30453.28755940497,0.2034805017379071
2022-07-11 22:00:00-04:00,2022-07-12 08:00:00-04:00,1,0.4166666666666667,-374494.00462887436,-324493.00462887436,50001.0,2022-07-11,IMM_3xIMM_4,3,whites,-4.5157953590541755,-3.244457677557122,1.0,2022-07-11 22:00:00-04:00,2022-07-12 08:00:00-04:00,-324493.00462887436,50001.0,-374494.00462887436,4.5157953590541755
2022-07-12 22:00:00-04:00,2022-07-13 08:00:00-04:00,1,0.4166666666666667,-185511.41740761697,-135510.41740761697,50001.0,2022-07-12,IMM_3xIMM_4,3,whites,1.2692571756887983,-1.3550780345246594,-1.0,2022-07-12 22:00:00-04:00,2022-07-13 08:00:00-04:00,135510.41740761697,50001.0,85509.41740761697,1.2692571756887983
2022-07-13 22:00:00-04:00,2022-07-14 08:00:00-04:00,1,0.4166666666666667,-179226.68267655373,-129225.68267655373,50001.0,2022-07-13,IMM_3xIMM_4,3,whites,3.0553644987194595,-1.2920832314526454,-1.0,2022-07-13 22:00:00-04:00,2022-07-14 08:00:00-04:00,129225.68267655373,50001.0,79224.68267655373,3.0553644987194595
2022-07-14 22:00:00-04:00,2022-07-15 08:00:00-04:00,1,0.4166666666666667,-248754.7477518469,-198753.7477518469,50001.0,2022-07-14,IMM_3xIMM_4,3,whites,-2.4491604835298997,-1.9874399104813367,1.0,2022-07-14 22:00:00-04:00,2022-07-15 08:00:00-04:00,-198753.7477518469,50001.0,-248754.7477518469,2.4491604835298997
2022-07-18 22:00:00-04:00,2022-07-19 08:00:00-04:00,1,0.4166666666666667,-98423.20508412272,-48422.20508412272,50001.0,2022-07-18,IMM_3xIMM_4,3,whites,-1.3433985542111948,-0.4841615575966518,1.0,2022-07-18 22:00:00-04:00,2022-07-19 08:00:00-04:00,-48422.20508412272,50001.0,-98423.20508412272,1.3433985542111948
2022-07-19 22:00:00-04:00,2022-07-20 08:00:00-04:00,1,0.4166666666666667,-503864.12979274243,-453863.12979274243,50001.0,2022-07-19,IMM_3xIMM_4,3,whites,-1.806764979383635,-4.537365223609946,1.0,2022-07-19 22:00:00-04:00,2022-07-20 08:00:00-04:00,-453863.12979274243,50001.0,-503864.12979274243,1.806764979383635
2022-07-20 22:00:00-04:00,2022-07-21 08:00:00-04:00,1,0.4166666666666667,225526.75376094878,275527.7537609488,50001.0,2022-07-20,IMM_3xIMM_4,3,whites,-0.15762833581276503,2.755704674956627,1.0,2022-07-20 22:00:00-04:00,2022-07-21 08:00:00-04:00,275527.7537609488,50001.0,225526.75376094878,0.15762833581276503
2022-07-21 22:00:00-04:00,2022-07-22 08:00:00-04:00,1,0.4166666666666667,-1609189.8557512201,-1559188.8557512201,50001.0,2022-07-21,IMM_3xIMM_4,3,whites,3.473205740407881,-15.57716846902677,-1.0,2022-07-21 22:00:00-04:00,2022-07-22 08:00:00-04:00,1559188.8557512201,50001.0,1509187.8557512201,3.473205740407881
2022-07-25 22:00:00-04:00,2022-07-26 08:00:00-04:00,1,0.4166666666666667,-172473.13644361123,-122472.13644361123,50001.0,2022-07-25,IMM_3xIMM_4,3,whites,-0.49777830831962966,-1.2245384573767115,1.0,2022-07-25 22:00:00-04:00,2022-07-26 08:00:00-04:00,-122472.13644361123,50001.0,-172473.13644361123,0.49777830831962966
2022-07-26 22:00:00-04:00,2022-07-27 08:00:00-04:00,1,0.4166666666666667,134014.30407011881,184015.30407011881,50001.0,2022-07-26,IMM_3xIMM_4,3,whites,-0.5369797976151336,1.8402784752886259,1.0,2022-07-26 22:00:00-04:00,2022-07-27 08:00:00-04:00,184015.30407011881,50001.0,134014.30407011881,0.5369797976151336
2022-07-27 22:00:00-04:00,2022-07-28 08:00:00-04:00,1,0.4166666666666667,-201682.65218867362,-151681.65218867362,50001.0,2022-07-27,IMM_3xIMM_4,3,whites,-1.6969050382719786,-1.516437534881776,1.0,2022-07-27 22:00:00-04:00,2022-07-28 08:00:00-04:00,-151681.65218867362,50001.0,-201682.65218867362,1.6969050382719786
2022-07-28 22:00:00-04:00,2022-07-29 08:00:00-04:00,1,0.4166666666666667,-10311.304003067315,39689.695996932685,50001.0,2022-07-28,IMM_3xIMM_4,3,whites,2.2705382273600527,0.39690533248606386,-1.0,2022-07-28 22:00:00-04:00,2022-07-29 08:00:00-04:00,-39689.695996932685,50001.0,-89690.69599693269,2.2705382273600527
2022-08-01 22:00:00-04:00,2022-08-02 08:00:00-04:00,1,0.4166666666666667,411010.71832671016,461011.71832671016,50001.0,2022-08-01,IMM_3xIMM_4,3,whites,-4.811823287012551,4.610824347528375,1.0,2022-08-01 22:00:00-04:00,2022-08-02 08:00:00-04:00,461011.71832671016,50001.0,411010.71832671016,4.811823287012551
2022-08-02 22:00:00-04:00,2022-08-03 08:00:00-04:00,1,0.4166666666666667,611891.1045484729,661892.1045484729,50001.0,2022-08-02,IMM_3xIMM_4,3,whites,-1.3646846293584147,6.62053904860973,1.0,2022-08-02 22:00:00-04:00,2022-08-03 08:00:00-04:00,661892.1045484729,50001.0,611891.1045484729,1.3646846293584147
2022-08-03 22:00:00-04:00,2022-08-04 08:00:00-04:00,1,0.4166666666666667,-347169.03330792114,-297168.03330792114,50001.0,2022-08-03,IMM_3xIMM_4,3,whites,1.9430779375618101,-2.9713004262490905,-1.0,2022-08-03 22:00:00-04:00,2022-08-04 08:00:00-04:00,297168.03330792114,50001.0,247167.03330792114,1.9430779375618101
2022-08-04 22:00:00-04:00,2022-08-05 08:00:00-04:00,1,0.4166666666666667,63522.92427174002,113523.92427174002,50001.0,2022-08-04,IMM_3xIMM_4,3,whites,1.4097895567433127,1.1352611694632309,-1.0,2022-08-04 22:00:00-04:00,2022-08-05 08:00:00-04:00,-113523.92427174002,50001.0,-163524.92427174002,1.4097895567433127
2022-08-08 22:00:00-04:00,2022-08-09 08:00:00-04:00,1,0.4166666666666667,310233.89398641884,360234.89398641884,50001.0,2022-08-08,IMM_3xIMM_4,3,whites,0.42870845994840145,3.6030062777058003,-1.0,2022-08-08 22:00:00-04:00,2022-08-09 08:00:00-04:00,-360234.89398641884,50001.0,-410235.89398641884,0.42870845994840145
2022-08-09 22:00:00-04:00,2022-08-10 08:00:00-04:00,1,0.4166666666666667,116258.82359042019,166259.8235904202,50001.0,2022-08-09,IMM_3xIMM_4,3,whites,0.40273686157430433,1.6626507312973438,-1.0,2022-08-09 22:00:00-04:00,2022-08-10 08:00:00-04:00,-166259.8235904202,50001.0,-216260.8235904202,0.40273686157430433
2022-08-10 22:00:00-04:00,2022-08-11 08:00:00-04:00,1,0.4166666666666667,-692494.448849827,-642493.448849827,50001.0,2022-08-10,IMM_3xIMM_4,3,whites,0.4900911330558255,-6.421861792273065,-1.0,2022-08-10 22:00:00-04:00,2022-08-11 08:00:00-04:00,642493.448849827,50001.0,592492.448849827,0.4900911330558255
2022-08-11 22:00:00-04:00,2022-08-12 08:00:00-04:00,1,0.4166666666666667,-33600.446681402624,16400.553318597376,50001.0,2022-08-11,IMM_3xIMM_4,3,whites,-1.028133943149001,0.16399948021663668,1.0,2022-08-11 22:00:00-04:00,2022-08-12 08:00:00-04:00,16400.553318597376,50001.0,-33600.446681402624,1.028133943149001
2022-08-15 22:00:00-04:00,2022-08-16 08:00:00-04:00,1,0.4166666666666667,214287.65565446764,264288.65565446764,50001.0,2022-08-15,IMM_3xIMM_4,3,whites,-0.0013056927458343637,2.6431420644750236,1.0,2022-08-15 22:00:00-04:00,2022-08-16 08:00:00-04:00,264288.65565446764,50001.0,214287.65565446764,0.0013056927458343637
2022-08-16 22:00:00-04:00,2022-08-17 08:00:00-04:00,1,0.4166666666666667,879713.9982720092,929714.9982720092,50001.0,2022-08-16,IMM_3xIMM_4,3,whites,-0.1492596866674578,9.3018225162389,1.0,2022-08-16 22:00:00-04:00,2022-08-17 08:00:00-04:00,929714.9982720092,50001.0,879713.9982720092,0.1492596866674578
2022-08-17 22:00:00-04:00,2022-08-18 08:00:00-04:00,1,0.4166666666666667,-346900.314649716,-296899.314649716,50001.0,2022-08-17,IMM_3xIMM_4,3,whites,-2.6233220772808874,-2.9684415929156938,1.0,2022-08-17 22:00:00-04:00,2022-08-18 08:00:00-04:00,-296899.314649716,50001.0,-346900.314649716,2.6233220772808874
2022-08-18 22:00:00-04:00,2022-08-19 08:00:00-04:00,1,0.4166666666666667,551396.5473062545,601397.5473062545,50001.0,2022-08-18,IMM_3xIMM_4,3,whites,1.1473166020908643,6.015498900088456,-1.0,2022-08-18 22:00:00-04:00,2022-08-19 08:00:00-04:00,-601397.5473062545,50001.0,-651398.5473062545,1.1473166020908643
2022-08-22 22:00:00-04:00,2022-08-23 08:00:00-04:00,1,0.4166666666666667,96572.0384927243,146573.0384927243,50001.0,2022-08-22,IMM_3xIMM_4,3,whites,1.3251155336605258,1.4656589181418322,-1.0,2022-08-22 22:00:00-04:00,2022-08-23 08:00:00-04:00,-146573.0384927243,50001.0,-196574.0384927243,1.3251155336605258
2022-08-23 22:00:00-04:00,2022-08-24 08:00:00-04:00,1,0.4166666666666667,117710.18771550804,167711.18771550804,50001.0,2022-08-23,IMM_3xIMM_4,3,whites,-2.1580719758565348,1.6772119252786766,1.0,2022-08-23 22:00:00-04:00,2022-08-24 08:00:00-04:00,167711.18771550804,50001.0,117710.18771550804,2.1580719758565348
2022-08-24 22:00:00-04:00,2022-08-25 08:00:00-04:00,1,0.4166666666666667,-188819.89734187722,-138818.89734187722,50001.0,2022-08-24,IMM_3xIMM_4,3,whites,-1.8347787670731641,-1.3879478426733982,1.0,2022-08-24 22:00:00-04:00,2022-08-25 08:00:00-04:00,-138818.89734187722,50001.0,-188819.89734187722,1.8347787670731641
2022-08-25 22:00:00-04:00,2022-08-26 08:00:00-04:00,1,0.4166666666666667,-96291.76392210275,-46290.76392210275,50001.0,2022-08-25,IMM_3xIMM_4,3,whites,1.0221101884376083,-0.4628428160490472,-1.0,2022-08-25 22:00:00-04:00,2022-08-26 08:00:00-04:00,46290.76392210275,50001.0,-3710.2360778972507,1.0221101884376083
2022-08-29 22:00:00-04:00,2022-08-30 08:00:00-04:00,1,0.4166666666666667,-78723.07137699425,-28722.071376994252,50001.0,2022-08-29,IMM_3xIMM_4,3,whites,-0.10879822279017404,-0.2871718381866284,1.0,2022-08-29 22:00:00-04:00,2022-08-30 08:00:00-04:00,-28722.071376994252,50001.0,-78723.07137699425,0.10879822279017404
2022-08-30 22:00:00-04:00,2022-08-31 08:00:00-04:00,1,0.4166666666666667,154976.9140304774,204977.9140304774,50001.0,2022-08-30,IMM_3xIMM_4,3,whites,1.4030013622143844,2.049878802203775,-1.0,2022-08-30 22:00:00-04:00,2022-08-31 08:00:00-04:00,-204977.9140304774,50001.0,-254978.9140304774,1.4030013622143844
2022-08-31 22:00:00-04:00,2022-09-01 08:00:00-04:00,1,0.4166666666666667,-381520.4682855159,-331519.4682855159,50001.0,2022-08-31,IMM_3xIMM_4,3,whites,0.621454341750427,-3.3144706301028393,-1.0,2022-08-31 22:00:00-04:00,2022-09-01 08:00:00-04:00,331519.4682855159,50001.0,281518.4682855159,0.621454341750427
2022-09-01 22:00:00-04:00,2022-09-02 08:00:00-04:00,1,0.4166666666666667,-247866.11898132414,-197865.11898132414,50001.0,2022-09-01,IMM_3xIMM_4,3,whites,0.6099844987811576,-1.9783034342118366,-1.0,2022-09-01 22:00:00-04:00,2022-09-02 08:00:00-04:00,197865.11898132414,50001.0,147864.11898132414,0.6099844987811576
2022-09-06 22:00:00-04:00,2022-09-07 08:00:00-04:00,1,0.4166666666666667,-4514.9597736001015,45486.0402263999,50001.0,2022-09-06,IMM_3xIMM_4,3,whites,-1.303358585221659,0.4548911980727155,1.0,2022-09-06 22:00:00-04:00,2022-09-07 08:00:00-04:00,45486.0402263999,50001.0,-4514.9597736001015,1.303358585221659
2022-09-07 22:00:00-04:00,2022-09-08 08:00:00-04:00,1,0.4166666666666667,-155838.0984922722,-105837.0984922722,50001.0,2022-09-07,IMM_3xIMM_4,3,whites,0.1232887026837215,-1.0583140096522392,-1.0,2022-09-07 22:00:00-04:00,2022-09-08 08:00:00-04:00,105837.0984922722,50001.0,55836.0984922722,0.1232887026837215
2022-09-08 22:00:00-04:00,2022-09-09 08:00:00-04:00,1,0.4166666666666667,-211134.10393713415,-161133.10393713415,50001.0,2022-09-08,IMM_3xIMM_4,3,whites,-0.49718331808272787,-1.6111252556644473,1.0,2022-09-08 22:00:00-04:00,2022-09-09 08:00:00-04:00,-161133.10393713415,50001.0,-211134.10393713415,0.49718331808272787
2022-09-12 22:00:00-04:00,2022-09-13 08:00:00-04:00,1,0.4166666666666667,-167480.8516053334,-117479.85160533339,50001.0,2022-09-12,IMM_3xIMM_4,3,whites,-2.4273335602325474,-1.1745994723479036,1.0,2022-09-12 22:00:00-04:00,2022-09-13 08:00:00-04:00,-117479.85160533339,50001.0,-167480.8516053334,2.4273335602325474
2022-09-13 22:00:00-04:00,2022-09-14 08:00:00-04:00,1,0.4166666666666667,640103.9434101433,690104.9434101433,50001.0,2022-09-13,IMM_3xIMM_4,3,whites,4.467270075385432,6.902844808374375,-1.0,2022-09-13 22:00:00-04:00,2022-09-14 08:00:00-04:00,-690104.9434101433,50001.0,-740105.9434101433,4.467270075385432
2022-09-14 22:00:00-04:00,2022-09-15 08:00:00-04:00,1,0.4166666666666667,407631.32001163065,457632.32001163065,50001.0,2022-09-14,IMM_3xIMM_4,3,whites,-0.8054552295337913,4.577067747311414,1.0,2022-09-14 22:00:00-04:00,2022-09-15 08:00:00-04:00,457632.32001163065,50001.0,407631.32001163065,0.8054552295337913
2022-09-15 22:00:00-04:00,2022-09-16 08:00:00-04:00,1,0.4166666666666667,43022.62104474753,93023.62104474753,50001.0,2022-09-15,IMM_3xIMM_4,3,whites,-0.038137806276328234,0.9302256147329047,1.0,2022-09-15 22:00:00-04:00,2022-09-16 08:00:00-04:00,93023.62104474753,50001.0,43022.62104474753,0.038137806276328234
2022-09-19 22:00:00-04:00,2022-09-20 08:00:00-04:00,1,0.4166666666666667,185846.0220040679,235847.0220040679,50001.0,2022-09-19,IMM_3xIMM_4,3,whites,0.09680590489233865,-2.9839749901255708,-1.0,2022-09-19 22:00:00-04:00,2022-09-20 08:00:00-04:00,-235847.0220040679,50001.0,-285848.0220040679,0.09680590489233865
2022-09-20 22:00:00-04:00,2022-09-21 08:00:00-04:00,1,0.4166666666666667,-91487.72729435563,-41486.72729435563,50001.0,2022-09-20,IMM_3xIMM_4,3,whites,-1.9486006025013047,-0.41560298973699616,1.0,2022-09-20 22:00:00-04:00,2022-09-21 08:00:00-04:00,-41486.72729435563,50001.0,-91487.72729435563,1.9486006025013047
2022-09-21 22:00:00-04:00,2022-09-22 08:00:00-04:00,1,0.4166666666666667,-741903.3797389194,-691902.3797389194,50001.0,2022-09-21,IMM_3xIMM_4,3,whites,6.021760134094478,-6.916141875307158,-1.0,2022-09-21 22:00:00-04:00,2022-09-22 08:00:00-04:00,691902.3797389194,50001.0,641901.3797389194,6.021760134094478
2022-09-22 22:00:00-04:00,2022-09-23 08:00:00-04:00,1,0.4166666666666667,554471.1200006753,604472.1200006753,50001.0,2022-09-22,IMM_3xIMM_4,3,whites,0.7159982163734036,6.045304810158214,-1.0,2022-09-22 22:00:00-04:00,2022-09-23 08:00:00-04:00,-604472.1200006753,50001.0,-654473.1200006753,0.7159982163734036
2022-09-26 22:00:00-04:00,2022-09-27 08:00:00-04:00,1,0.4166666666666667,-1058059.5208522305,-1008058.5208522305,50001.0,2022-09-26,IMM_3xIMM_4,3,whites,-4.407494126318934,-10.074365903549154,1.0,2022-09-26 22:00:00-04:00,2022-09-27 08:00:00-04:00,-1008058.5208522305,50001.0,-1058059.5208522305,4.407494126318934
2022-09-27 22:00:00-04:00,2022-09-28 08:00:00-04:00,1,0.4166666666666667,-1374611.7907798216,-1324610.7907798216,50001.0,2022-09-27,IMM_3xIMM_4,3,whites,1.1552330457431204,-13.233405063823245,-1.0,2022-09-27 22:00:00-04:00,2022-09-28 08:00:00-04:00,1324610.7907798216,50001.0,1274609.7907798216,1.1552330457431204
2022-09-28 22:00:00-04:00,2022-09-29 08:00:00-04:00,1,0.4166666666666667,297677.0312231034,347678.0312231034,50001.0,2022-09-28,IMM_3xIMM_4,3,whites,1.3714340059808983,3.4775609325462753,-1.0,2022-09-28 22:00:00-04:00,2022-09-29 08:00:00-04:00,-347678.0312231034,50001.0,-397679.0312231034,1.3714340059808983
2022-09-29 22:00:00-04:00,2022-09-30 08:00:00-04:00,1,0.4166666666666667,-391526.2260103598,-341525.2260103598,50001.0,2022-09-29,IMM_3xIMM_4,3,whites,0.38334663624555176,-3.4141820570797066,-1.0,2022-09-29 22:00:00-04:00,2022-09-30 08:00:00-04:00,341525.2260103598,50001.0,291524.2260103598,0.38334663624555176
2022-10-03 22:00:00-04:00,2022-10-04 08:00:00-04:00,1,0.4166666666666667,-336146.800895378,-286145.800895378,50001.0,2022-10-03,IMM_3xIMM_4,3,whites,-3.8818338557192966,-2.860791990218914,1.0,2022-10-03 22:00:00-04:00,2022-10-04 08:00:00-04:00,-286145.800895378,50001.0,-336146.800895378,3.8818338557192966
2022-10-04 22:00:00-04:00,2022-10-05 08:00:00-04:00,1,0.4166666666666667,586552.6929932758,636553.6929932758,50001.0,2022-10-04,IMM_3xIMM_4,3,whites,-1.1162989771231757,6.367922200604603,1.0,2022-10-04 22:00:00-04:00,2022-10-05 08:00:00-04:00,636553.6929932758,50001.0,586552.6929932758,1.1162989771231757
2022-10-05 22:00:00-04:00,2022-10-06 08:00:00-04:00,1,0.4166666666666667,96548.61556128412,146549.61556128412,50001.0,2022-10-05,IMM_3xIMM_4,3,whites,-0.2574058245147448,1.4655270216193728,1.0,2022-10-05 22:00:00-04:00,2022-10-06 08:00:00-04:00,146549.61556128412,50001.0,96548.61556128412,0.2574058245147448
2022-10-06 22:00:00-04:00,2022-10-07 08:00:00-04:00,1,0.4166666666666667,270129.2681038007,320130.2681038007,50001.0,2022-10-06,IMM_3xIMM_4,3,whites,0.512454987139499,3.2014586398866562,-1.0,2022-10-06 22:00:00-04:00,2022-10-07 08:00:00-04:00,-320130.2681038007,50001.0,-370131.2681038007,0.512454987139499
2022-10-11 22:00:00-04:00,2022-10-12 08:00:00-04:00,1,0.4166666666666667,20643.62066592276,70644.62066592276,50001.0,2022-10-11,IMM_3xIMM_4,3,whites,-1.0391411872341827,0.7064680868352546,1.0,2022-10-11 22:00:00-04:00,2022-10-12 08:00:00-04:00,70644.62066592276,50001.0,20643.62066592276,1.0391411872341827
2022-10-12 22:00:00-04:00,2022-10-13 08:00:00-04:00,1,0.4166666666666667,-296151.9307422787,-246150.9307422787,50001.0,2022-10-12,IMM_3xIMM_4,3,whites,2.345947460678044,-2.4609140815079478,-1.0,2022-10-12 22:00:00-04:00,2022-10-13 08:00:00-04:00,246150.9307422787,50001.0,196149.9307422787,2.345947460678044
2022-10-13 22:00:00-04:00,2022-10-14 08:00:00-04:00,1,0.4166666666666667,-243831.89879503846,-193830.89879503846,50001.0,2022-10-13,IMM_3xIMM_4,3,whites,-2.927829747858368,-1.9378963912696001,1.0,2022-10-13 22:00:00-04:00,2022-10-14 08:00:00-04:00,-193830.89879503846,50001.0,-243831.89879503846,2.927829747858368
2022-10-17 22:00:00-04:00,2022-10-18 08:00:00-04:00,1,0.4166666666666667,-161687.904848516,-111686.90484851599,50001.0,2022-10-17,IMM_3xIMM_4,3,whites,-0.2713754837989413,-1.1167166297083142,1.0,2022-10-17 22:00:00-04:00,2022-10-18 08:00:00-04:00,-111686.90484851599,50001.0,-161687.904848516,0.2713754837989413
2022-10-18 22:00:00-04:00,2022-10-19 08:00:00-04:00,1,0.4166666666666667,527561.5714068115,577562.5714068115,50001.0,2022-10-18,IMM_3xIMM_4,3,whites,0.6374777024934275,5.776867157111543,-1.0,2022-10-18 22:00:00-04:00,2022-10-19 08:00:00-04:00,-577562.5714068115,50001.0,-627563.5714068115,0.6374777024934275
2022-10-19 22:00:00-04:00,2022-10-20 08:00:00-04:00,1,0.4166666666666667,-38024.23440533131,11976.765594668686,50001.0,2022-10-19,IMM_3xIMM_4,3,whites,1.1222477306395362,0.1197524650957682,-1.0,2022-10-19 22:00:00-04:00,2022-10-20 08:00:00-04:00,-11976.765594668686,50001.0,-61977.76559466869,1.1222477306395362
2022-10-20 22:00:00-04:00,2022-10-21 08:00:00-04:00,1,0.4166666666666667,115949.02994474769,165950.0299447477,50001.0,2022-10-20,IMM_3xIMM_4,3,whites,-1.9388856023299539,1.6595027216140146,1.0,2022-10-20 22:00:00-04:00,2022-10-21 08:00:00-04:00,165950.0299447477,50001.0,115949.02994474769,1.9388856023299539
2022-10-24 22:00:00-04:00,2022-10-25 08:00:00-04:00,1,0.4166666666666667,-355894.6998970881,-305893.6998970881,50001.0,2022-10-24,IMM_3xIMM_4,3,whites,-0.9790309150720766,-3.058158648479381,1.0,2022-10-24 22:00:00-04:00,2022-10-25 08:00:00-04:00,-305893.6998970881,50001.0,-355894.6998970881,0.9790309150720766
2022-10-25 22:00:00-04:00,2022-10-26 08:00:00-04:00,1,0.4166666666666667,-205603.20748506486,-155602.20748506486,50001.0,2022-10-25,IMM_3xIMM_4,3,whites,0.38832492744917957,-1.5556734516586346,-1.0,2022-10-25 22:00:00-04:00,2022-10-26 08:00:00-04:00,155602.20748506486,50001.0,105601.20748506486,0.38832492744917957
2022-10-26 22:00:00-04:00,2022-10-27 08:00:00-04:00,1,0.4166666666666667,555591.9293950126,605592.9293950126,50001.0,2022-10-26,IMM_3xIMM_4,3,whites,-0.40685162583979917,6.057427982259345,1.0,2022-10-26 22:00:00-04:00,2022-10-27 08:00:00-04:00,605592.9293950126,50001.0,555591.9293950126,0.40685162583979917
2022-10-27 22:00:00-04:00,2022-10-28 08:00:00-04:00,1,0.4166666666666667,1307930.728171125,1357931.728171125,50001.0,2022-10-27,IMM_3xIMM_4,3,whites,-0.583645913234232,13.590252806185088,1.0,2022-10-27 22:00:00-04:00,2022-10-28 08:00:00-04:00,1357931.728171125,50001.0,1307930.728171125,0.583645913234232
2022-10-31 22:00:00-04:00,2022-11-01 08:00:00-04:00,1,0.4166666666666667,-532218.4847379848,-482217.48473798484,50001.0,2022-10-31,IMM_3xIMM_4,3,whites,-1.0371768771744172,-4.820044031106363,1.0,2022-10-31 22:00:00-04:00,2022-11-01 08:00:00-04:00,-482217.48473798484,50001.0,-532218.4847379848,1.0371768771744172
2022-11-01 22:00:00-04:00,2022-11-02 08:00:00-04:00,1,0.4166666666666667,-2546.259025208652,47454.74097479135,50001.0,2022-11-01,IMM_3xIMM_4,3,whites,-2.4215583025469556,0.47452770910032527,1.0,2022-11-01 22:00:00-04:00,2022-11-02 08:00:00-04:00,47454.74097479135,50001.0,-2546.259025208652,2.4215583025469556
2022-11-02 22:00:00-04:00,2022-11-03 08:00:00-04:00,1,0.4166666666666667,726816.168635495,776817.168635495,50001.0,2022-11-02,IMM_3xIMM_4,3,whites,0.7682911491529332,7.771155238889449,-1.0,2022-11-02 22:00:00-04:00,2022-11-03 08:00:00-04:00,-776817.168635495,50001.0,-826818.168635495,0.7682911491529332
2022-11-03 22:00:00-04:00,2022-11-04 08:00:00-04:00,1,0.4166666666666667,544286.5480851158,594287.5480851158,50001.0,2022-11-03,IMM_3xIMM_4,3,whites,-2.102109844162392,5.9436823897014435,1.0,2022-11-03 22:00:00-04:00,2022-11-04 08:00:00-04:00,594287.5480851158,50001.0,544286.5480851158,2.102109844162392
2022-11-07 22:00:00-05:00,2022-11-08 08:00:00-05:00,1,0.4166666666666667,-60712.30543908477,-10711.305439084768,50001.0,2022-11-07,IMM_3xIMM_4,3,whites,0.26839067381718706,-0.10710230627637429,-1.0,2022-11-07 22:00:00-05:00,2022-11-08 08:00:00-05:00,10711.305439084768,50001.0,-39289.69456091523,0.26839067381718706
2022-11-08 22:00:00-05:00,2022-11-09 08:00:00-05:00,1,0.4166666666666667,90658.32443119586,140659.32443119586,50001.0,2022-11-08,IMM_3xIMM_4,3,whites,1.0419820492764131,1.4064612361874396,-1.0,2022-11-08 22:00:00-05:00,2022-11-09 08:00:00-05:00,-140659.32443119586,50001.0,-190660.32443119586,1.0419820492764131
2022-11-09 22:00:00-05:00,2022-11-10 08:00:00-05:00,1,0.4166666666666667,-35910.76267790049,14090.237322099507,50001.0,2022-11-09,IMM_3xIMM_4,3,whites,2.5171033109531393,0.14090285870818064,-1.0,2022-11-09 22:00:00-05:00,2022-11-10 08:00:00-05:00,-14090.237322099507,50001.0,-64091.23732209951,2.5171033109531393
2022-11-14 22:00:00-05:00,2022-11-15 08:00:00-05:00,1,0.4166666666666667,-347766.00636499375,-297765.00636499375,50001.0,2022-11-14,IMM_3xIMM_4,3,whites,0.07837259613143743,-2.9769168688900116,-1.0,2022-11-14 22:00:00-05:00,2022-11-15 08:00:00-05:00,297765.00636499375,50001.0,247764.00636499375,0.07837259613143743
2022-11-15 22:00:00-05:00,2022-11-16 08:00:00-05:00,1,0.4166666666666667,192298.65733993053,242299.65733993053,50001.0,2022-11-15,IMM_3xIMM_4,3,whites,0.751986046654185,2.422962833947917,-1.0,2022-11-15 22:00:00-05:00,2022-11-16 08:00:00-05:00,-242299.65733993053,50001.0,-292300.65733993053,0.751986046654185
2022-11-16 22:00:00-05:00,2022-11-17 08:00:00-05:00,1,0.4166666666666667,316002.7987147942,366003.7987147942,50001.0,2022-11-16,IMM_3xIMM_4,3,whites,1.0964786238877977,3.6602740508253184,-1.0,2022-11-16 22:00:00-05:00,2022-11-17 08:00:00-05:00,-366003.7987147942,50001.0,-416004.7987147942,1.0964786238877977
2022-11-17 22:00:00-05:00,2022-11-18 08:00:00-05:00,1,0.4166666666666667,364912.32651174814,414913.32651174814,50001.0,2022-11-17,IMM_3xIMM_4,3,whites,0.24956230485218,4.1494944526673905,-1.0,2022-11-17 22:00:00-05:00,2022-11-18 08:00:00-05:00,-414913.32651174814,50001.0,-464914.32651174814,0.24956230485218
2022-11-21 22:00:00-05:00,2022-11-22 08:00:00-05:00,1,0.4166666666666667,-233683.91422026604,-183682.91422026604,50001.0,2022-11-21,IMM_3xIMM_4,3,whites,-2.599133544907861,-1.8364297364112936,1.0,2022-11-21 22:00:00-05:00,2022-11-22 08:00:00-05:00,-183682.91422026604,50001.0,-233683.91422026604,2.599133544907861
2022-11-22 22:00:00-05:00,2022-11-23 08:00:00-05:00,1,0.4166666666666667,12434.73457596451,62435.73457596451,50001.0,2022-11-22,IMM_3xIMM_4,3,whites,1.4709793700117935,0.6243154045518118,-1.0,2022-11-22 22:00:00-05:00,2022-11-23 08:00:00-05:00,-62435.73457596451,50001.0,-112436.73457596451,1.4709793700117935
2022-11-28 22:00:00-05:00,2022-11-29 08:00:00-05:00,1,0.4166666666666667,-144735.47155164927,-94734.47155164927,50001.0,2022-11-28,IMM_3xIMM_4,3,whites,1.5374522841474558,-0.9471813310559796,-1.0,2022-11-28 22:00:00-05:00,2022-11-29 08:00:00-05:00,94734.47155164927,50001.0,44733.47155164927,1.5374522841474558
2022-11-29 22:00:00-05:00,2022-11-30 08:00:00-05:00,1,0.4166666666666667,45905.14960843325,95906.14960843325,50001.0,2022-11-29,IMM_3xIMM_4,3,whites,-0.3916615089744724,0.9590178226846824,1.0,2022-11-29 22:00:00-05:00,2022-11-30 08:00:00-05:00,95906.14960843325,50001.0,45905.14960843325,0.3916615089744724
2022-11-30 22:00:00-05:00,2022-12-01 08:00:00-05:00,1,0.4166666666666667,-156646.08694672585,-106645.08694672585,50001.0,2022-11-30,IMM_3xIMM_4,3,whites,1.1233805321140267,-1.0662423105664232,-1.0,2022-11-30 22:00:00-05:00,2022-12-01 08:00:00-05:00,106645.08694672585,50001.0,56644.086946725845,1.1233805321140267
2022-12-01 22:00:00-05:00,2022-12-02 08:00:00-05:00,1,0.4166666666666667,-777252.8464187309,-727251.8464187309,50001.0,2022-12-01,IMM_3xIMM_4,3,whites,2.8008394034907624,-7.2694641367420765,-1.0,2022-12-01 22:00:00-05:00,2022-12-02 08:00:00-05:00,727251.8464187309,50001.0,677250.8464187309,2.8008394034907624
2022-12-05 22:00:00-05:00,2022-12-06 08:00:00-05:00,1,0.4166666666666667,-162921.624609299,-112920.624609299,50001.0,2022-12-05,IMM_3xIMM_4,3,whites,-0.3808249266879393,-1.1290265146000067,1.0,2022-12-05 22:00:00-05:00,2022-12-06 08:00:00-05:00,-112920.624609299,50001.0,-162921.624609299,0.3808249266879393
2022-12-06 22:00:00-05:00,2022-12-07 08:00:00-05:00,1,0.4166666666666667,-154881.04726240784,-104880.04726240784,50001.0,2022-12-06,IMM_3xIMM_4,3,whites,-0.27677944014072864,-1.0486343003077714,1.0,2022-12-06 22:00:00-05:00,2022-12-07 08:00:00-05:00,-104880.04726240784,50001.0,-154881.04726240784,0.27677944014072864
2022-12-07 22:00:00-05:00,2022-12-08 08:00:00-05:00,1,0.4166666666666667,-6925.164972648025,43075.835027351975,50001.0,2022-12-07,IMM_3xIMM_4,3,whites,1.080707778010126,0.43071279239459415,-1.0,2022-12-07 22:00:00-05:00,2022-12-08 08:00:00-05:00,-43075.835027351975,50001.0,-93076.83502735198,1.080707778010126
2022-12-08 22:00:00-05:00,2022-12-09 08:00:00-05:00,1,0.4166666666666667,-231618.61519608647,-181617.61519608647,50001.0,2022-12-08,IMM_3xIMM_4,3,whites,-1.0380452212173097,-1.8158604326212746,1.0,2022-12-08 22:00:00-05:00,2022-12-09 08:00:00-05:00,-181617.61519608647,50001.0,-231618.61519608647,1.0380452212173097
2022-12-12 22:00:00-05:00,2022-12-13 08:00:00-05:00,1,0.4166666666666667,-164434.813889876,-114433.81388987601,50001.0,2022-12-12,IMM_3xIMM_4,3,whites,-0.7649651882046804,-1.144113786620693,1.0,2022-12-12 22:00:00-05:00,2022-12-13 08:00:00-05:00,-114433.81388987601,50001.0,-164434.813889876,0.7649651882046804
2022-12-13 22:00:00-05:00,2022-12-14 08:00:00-05:00,1,0.4166666666666667,-329599.9328690991,-279598.9328690991,50001.0,2022-12-13,IMM_3xIMM_4,3,whites,-1.5899280198867771,-2.7953459270478653,1.0,2022-12-13 22:00:00-05:00,2022-12-14 08:00:00-05:00,-279598.9328690991,50001.0,-329599.9328690991,1.5899280198867771
2022-12-14 22:00:00-05:00,2022-12-15 08:00:00-05:00,1,0.4166666666666667,269636.4297975898,319637.4297975898,50001.0,2022-12-14,IMM_3xIMM_4,3,whites,0.8423464048828322,3.1964781961367983,-1.0,2022-12-14 22:00:00-05:00,2022-12-15 08:00:00-05:00,-319637.4297975898,50001.0,-369638.4297975898,0.8423464048828322
2022-12-15 22:00:00-05:00,2022-12-16 08:00:00-05:00,1,0.4166666666666667,-231759.33243739605,-181758.33243739605,50001.0,2022-12-15,IMM_3xIMM_4,3,whites,0.3212186544097939,-1.8172151239166823,-1.0,2022-12-15 22:00:00-05:00,2022-12-16 08:00:00-05:00,181758.33243739605,50001.0,131757.33243739605,0.3212186544097939
2022-12-19 22:00:00-05:00,2022-12-20 08:00:00-05:00,1,0.4166666666666667,144221.61690421402,194222.61690421402,50001.0,2022-12-19,IMM_3xIMM_4,3,whites,-0.11781864970235034,-17.319999645218687,1.0,2022-12-19 22:00:00-05:00,2022-12-20 08:00:00-05:00,194222.61690421402,50001.0,144221.61690421402,0.11781864970235034
2022-12-20 22:00:00-05:00,2022-12-21 08:00:00-05:00,1,0.4166666666666667,-777121.2571847886,-727120.2571847886,50001.0,2022-12-20,IMM_3xIMM_4,3,whites,1.914433977596186,-7.273382311854082,-1.0,2022-12-20 22:00:00-05:00,2022-12-21 08:00:00-05:00,727120.2571847886,50001.0,677119.2571847886,1.914433977596186
2022-12-21 22:00:00-05:00,2022-12-22 08:00:00-05:00,1,0.4166666666666667,-105189.61055061966,-55188.61055061966,50001.0,2022-12-21,IMM_3xIMM_4,3,whites,-0.48639792881743915,-0.5518009050478057,1.0,2022-12-21 22:00:00-05:00,2022-12-22 08:00:00-05:00,-55188.61055061966,50001.0,-105189.61055061966,0.48639792881743915
2022-12-22 22:00:00-05:00,2022-12-23 08:00:00-05:00,1,0.4166666666666667,-25699.843538619578,24301.156461380422,50001.0,2022-12-22,IMM_3xIMM_4,3,whites,0.10057667429448358,0.2429883725176829,-1.0,2022-12-22 22:00:00-05:00,2022-12-23 08:00:00-05:00,-24301.156461380422,50001.0,-74302.15646138042,0.10057667429448358
2022-12-27 22:00:00-05:00,2022-12-28 08:00:00-05:00,1,0.4166666666666667,-379035.79217820615,-329034.79217820615,50001.0,2022-12-27,IMM_3xIMM_4,3,whites,0.5074383622920564,-3.289015060901157,-1.0,2022-12-27 22:00:00-05:00,2022-12-28 08:00:00-05:00,329034.79217820615,50001.0,279033.79217820615,0.5074383622920564
2022-12-28 22:00:00-05:00,2022-12-29 08:00:00-05:00,1,0.4166666666666667,101537.95544651896,151538.95544651896,50001.0,2022-12-28,IMM_3xIMM_4,3,whites,-1.2028057796973357,1.5152547091694224,1.0,2022-12-28 22:00:00-05:00,2022-12-29 08:00:00-05:00,151538.95544651896,50001.0,101537.95544651896,1.2028057796973357
2022-12-29 22:00:00-05:00,2022-12-30 08:00:00-05:00,1,0.4166666666666667,80639.32026977837,130640.32026977837,50001.0,2022-12-29,IMM_3xIMM_4,3,whites,1.3041456899014037,1.3064051660680143,-1.0,2022-12-29 22:00:00-05:00,2022-12-30 08:00:00-05:00,-130640.32026977837,50001.0,-180641.32026977837,1.3041456899014037
2023-01-03 22:00:00-05:00,2023-01-04 08:00:00-05:00,1,0.4166666666666667,-196975.352974616,-146974.352974616,50001.0,2023-01-03,IMM_3xIMM_4,3,whites,-1.7900636282824678,-2.484865286465876,1.0,2023-01-03 22:00:00-05:00,2023-01-04 08:00:00-05:00,-146974.352974616,50001.0,-196975.352974616,1.7900636282824678
2023-01-04 22:00:00-05:00,2023-01-05 08:00:00-05:00,1,0.4166666666666667,-63078.39101393521,-13077.391013935208,50001.0,2023-01-04,IMM_3xIMM_4,3,whites,4.381932715897641,0.10741887821001939,-1.0,2023-01-04 22:00:00-05:00,2023-01-05 08:00:00-05:00,13077.391013935208,50001.0,-36923.60898606479,4.381932715897641
2023-01-05 22:00:00-05:00,2023-01-06 08:00:00-05:00,1,0.4166666666666667,261072.58776225895,311073.58776225895,50001.0,2023-01-05,IMM_3xIMM_4,3,whites,0.27129681640776226,4.558863948955416,-1.0,2023-01-05 22:00:00-05:00,2023-01-06 08:00:00-05:00,-311073.58776225895,50001.0,-361074.58776225895,0.27129681640776226
2023-01-09 22:00:00-05:00,2023-01-10 08:00:00-05:00,1,0.4166666666666667,220156.96235118806,270157.96235118806,50001.0,2023-01-09,IMM_3xIMM_4,3,whites,0.7612910154473518,3.9105197162808913,-1.0,2023-01-09 22:00:00-05:00,2023-01-10 08:00:00-05:00,-270157.96235118806,50001.0,-320158.96235118806,0.7612910154473518
2023-01-10 22:00:00-05:00,2023-01-11 08:00:00-05:00,1,0.4166666666666667,77688.35302924365,127689.35302924365,50001.0,2023-01-10,IMM_3xIMM_4,3,whites,-1.8023272805211654,1.1362451251356376,1.0,2023-01-10 22:00:00-05:00,2023-01-11 08:00:00-05:00,127689.35302924365,50001.0,77688.35302924365,1.8023272805211654
2023-01-11 22:00:00-05:00,2023-01-12 08:00:00-05:00,1,0.4166666666666667,-23404.054968893528,26596.945031106472,50001.0,2023-01-11,IMM_3xIMM_4,3,whites,-1.949911165539664,2.102583842422856,1.0,2023-01-11 22:00:00-05:00,2023-01-12 08:00:00-05:00,26596.945031106472,50001.0,-23404.054968893528,1.949911165539664
2023-01-12 22:00:00-05:00,2023-01-13 08:00:00-05:00,1,0.4166666666666667,-131581.72902555764,-81580.72902555764,50001.0,2023-01-12,IMM_3xIMM_4,3,whites,1.433182827087709,-0.34046138943697457,-1.0,2023-01-12 22:00:00-05:00,2023-01-13 08:00:00-05:00,81580.72902555764,50001.0,31579.729025557637,1.433182827087709
2023-01-17 22:00:00-05:00,2023-01-18 08:00:00-05:00,1,0.4166666666666667,-122052.15207476169,-72051.15207476169,50001.0,2023-01-17,IMM_3xIMM_4,3,whites,-2.9693123626477913,-1.4645944683846501,1.0,2023-01-17 22:00:00-05:00,2023-01-18 08:00:00-05:00,-72051.15207476169,50001.0,-122052.15207476169,2.9693123626477913
2023-01-18 22:00:00-05:00,2023-01-19 08:00:00-05:00,1,0.4166666666666667,217997.65166018903,267998.65166018903,50001.0,2023-01-18,IMM_3xIMM_4,3,whites,-1.6881792589455547,3.739615693028897,1.0,2023-01-18 22:00:00-05:00,2023-01-19 08:00:00-05:00,267998.65166018903,50001.0,217997.65166018903,1.6881792589455547
2023-01-19 22:00:00-05:00,2023-01-20 08:00:00-05:00,1,0.4166666666666667,-93262.75132292509,-43261.75132292509,50001.0,2023-01-19,IMM_3xIMM_4,3,whites,2.667994738615498,0.16210454012108855,-1.0,2023-01-19 22:00:00-05:00,2023-01-20 08:00:00-05:00,43261.75132292509,50001.0,-6739.248677074909,2.667994738615498
2023-01-23 22:00:00-05:00,2023-01-24 08:00:00-05:00,1,0.4166666666666667,-46323.85257520527,3677.1474247947335,50001.0,2023-01-23,IMM_3xIMM_4,3,whites,-0.4051024819199611,-0.1118551353892272,1.0,2023-01-23 22:00:00-05:00,2023-01-24 08:00:00-05:00,3677.1474247947335,50001.0,-46323.85257520527,0.4051024819199611
2023-01-24 22:00:00-05:00,2023-01-25 08:00:00-05:00,1,0.4166666666666667,-250003.11237937212,-200002.11237937212,50001.0,2023-01-24,IMM_3xIMM_4,3,whites,0.7040552063002359,-3.2920886132389526,-1.0,2023-01-24 22:00:00-05:00,2023-01-25 08:00:00-05:00,200002.11237937212,50001.0,150001.11237937212,0.7040552063002359
2023-01-25 22:00:00-05:00,2023-01-26 08:00:00-05:00,1,0.4166666666666667,113300.4793547988,163301.4793547988,50001.0,2023-01-25,IMM_3xIMM_4,3,whites,-0.7457713814738476,2.2267992933742597,1.0,2023-01-25 22:00:00-05:00,2023-01-26 08:00:00-05:00,163301.4793547988,50001.0,113300.4793547988,0.7457713814738476
2023-01-26 22:00:00-05:00,2023-01-27 08:00:00-05:00,1,0.4166666666666667,8997.470704846084,58998.470704846084,50001.0,2023-01-26,IMM_3xIMM_4,3,whites,0.3718290083829956,2.0768554237065473,-1.0,2023-01-26 22:00:00-05:00,2023-01-27 08:00:00-05:00,-58998.470704846084,50001.0,-108999.47070484608,0.3718290083829956
2023-01-30 22:00:00-05:00,2023-01-31 08:00:00-05:00,1,0.4166666666666667,-11506.700785331428,38494.29921466857,50001.0,2023-01-30,IMM_3xIMM_4,3,whites,0.877823097082242,-1.1555768737574468,-1.0,2023-01-30 22:00:00-05:00,2023-01-31 08:00:00-05:00,-38494.29921466857,50001.0,-88495.29921466857,0.877823097082242
2023-01-31 22:00:00-05:00,2023-02-01 08:00:00-05:00,1,0.4166666666666667,-141340.17115284503,-91339.17115284503,50001.0,2023-01-31,IMM_3xIMM_4,3,whites,0.20885686801577208,-1.2517346944568075,-1.0,2023-01-31 22:00:00-05:00,2023-02-01 08:00:00-05:00,91339.17115284503,50001.0,41338.171152845025,0.20885686801577208
2023-02-01 22:00:00-05:00,2023-02-02 08:00:00-05:00,1,0.4166666666666667,-196113.41514270753,-146112.41514270753,50001.0,2023-02-01,IMM_3xIMM_4,3,whites,-0.012219447392425309,-4.2011356024348245,1.0,2023-02-01 22:00:00-05:00,2023-02-02 08:00:00-05:00,-146112.41514270753,50001.0,-196113.41514270753,0.012219447392425309
2023-02-02 22:00:00-05:00,2023-02-03 08:00:00-05:00,1,0.4166666666666667,114777.60864321887,164778.60864321887,50001.0,2023-02-02,IMM_3xIMM_4,3,whites,-2.2735800691744856,2.223022728548596,1.0,2023-02-02 22:00:00-05:00,2023-02-03 08:00:00-05:00,164778.60864321887,50001.0,114777.60864321887,2.2735800691744856
2023-02-06 22:00:00-05:00,2023-02-07 08:00:00-05:00,1,0.4166666666666667,-23923.352852202952,26077.647147797048,50001.0,2023-02-06,IMM_3xIMM_4,3,whites,-6.4586699588246255,0.13368373885453977,1.0,2023-02-06 22:00:00-05:00,2023-02-07 08:00:00-05:00,26077.647147797048,50001.0,-23923.352852202952,6.4586699588246255
2023-02-07 22:00:00-05:00,2023-02-08 08:00:00-05:00,1,0.4166666666666667,104704.4738823846,154705.4738823846,50001.0,2023-02-07,IMM_3xIMM_4,3,whites,-4.118113237489229,1.9152020593460328,1.0,2023-02-07 22:00:00-05:00,2023-02-08 08:00:00-05:00,154705.4738823846,50001.0,104704.4738823846,4.118113237489229
2023-02-08 22:00:00-05:00,2023-02-09 08:00:00-05:00,1,0.4166666666666667,-20330.89489109069,29670.10510890931,50001.0,2023-02-08,IMM_3xIMM_4,3,whites,0.8842400758415359,0.21585559968464452,-1.0,2023-02-08 22:00:00-05:00,2023-02-09 08:00:00-05:00,-29670.10510890931,50001.0,-79671.10510890931,0.8842400758415359
2023-02-09 22:00:00-05:00,2023-02-10 08:00:00-05:00,1,0.4166666666666667,207333.87980510294,257334.87980510294,50001.0,2023-02-09,IMM_3xIMM_4,3,whites,0.3926069083771466,3.585689774821965,-1.0,2023-02-09 22:00:00-05:00,2023-02-10 08:00:00-05:00,-257334.87980510294,50001.0,-307335.87980510294,0.3926069083771466
2023-02-13 22:00:00-05:00,2023-02-14 08:00:00-05:00,1,0.4166666666666667,-188358.5082955882,-138357.5082955882,50001.0,2023-02-13,IMM_3xIMM_4,3,whites,-1.0497152497981332,-2.5455992374617153,1.0,2023-02-13 22:00:00-05:00,2023-02-14 08:00:00-05:00,-138357.5082955882,50001.0,-188358.5082955882,1.0497152497981332
2023-02-14 22:00:00-05:00,2023-02-15 08:00:00-05:00,1,0.4166666666666667,104068.82866130769,154069.8286613077,50001.0,2023-02-14,IMM_3xIMM_4,3,whites,-1.2708782233747051,4.4988557494209935,1.0,2023-02-14 22:00:00-05:00,2023-02-15 08:00:00-05:00,154069.8286613077,50001.0,104068.82866130769,1.2708782233747051
2023-02-15 22:00:00-05:00,2023-02-16 08:00:00-05:00,1,0.4166666666666667,-241015.1110125482,-191014.1110125482,50001.0,2023-02-15,IMM_3xIMM_4,3,whites,-1.6108656024972134,-2.6237958604427902,1.0,2023-02-15 22:00:00-05:00,2023-02-16 08:00:00-05:00,-191014.1110125482,50001.0,-241015.1110125482,1.6108656024972134
2023-02-16 22:00:00-05:00,2023-02-17 08:00:00-05:00,1,0.4166666666666667,18638.527553021908,68639.52755302191,50001.0,2023-02-16,IMM_3xIMM_4,3,whites,3.3191381958039834,2.1923410861174553,-1.0,2023-02-16 22:00:00-05:00,2023-02-17 08:00:00-05:00,-68639.52755302191,50001.0,-118640.52755302191,3.3191381958039834
2023-02-21 22:00:00-05:00,2023-02-22 08:00:00-05:00,1,0.4166666666666667,-237766.3722800836,-187765.3722800836,50001.0,2023-02-21,IMM_3xIMM_4,3,whites,-2.853965773161349,-2.548223868839905,1.0,2023-02-21 22:00:00-05:00,2023-02-22 08:00:00-05:00,-187765.3722800836,50001.0,-237766.3722800836,2.853965773161349
2023-02-22 22:00:00-05:00,2023-02-23 08:00:00-05:00,1,0.4166666666666667,35427.94048511982,85428.94048511982,50001.0,2023-02-22,IMM_3xIMM_4,3,whites,-0.49638347613605305,1.3865807179490375,1.0,2023-02-22 22:00:00-05:00,2023-02-23 08:00:00-05:00,85428.94048511982,50001.0,35427.94048511982,0.49638347613605305
2023-03-06 22:00:00-05:00,2023-03-07 08:00:00-05:00,1,0.4166666666666667,-134702.16302657872,-84701.16302657872,50001.0,2023-03-06,IMM_3xIMM_4,3,whites,0.22824084279706724,-0.8468592703576583,-1.0,2023-03-06 22:00:00-05:00,2023-03-07 08:00:00-05:00,84701.16302657872,50001.0,34700.163026578724,0.22824084279706724
2023-03-07 22:00:00-05:00,2023-03-08 08:00:00-05:00,1,0.4166666666666667,-216707.85592517257,-166706.85592517257,50001.0,2023-03-07,IMM_3xIMM_4,3,whites,4.600106316200048,-1.6667461947232454,-1.0,2023-03-07 22:00:00-05:00,2023-03-08 08:00:00-05:00,166706.85592517257,50001.0,116705.85592517257,4.600106316200048
2023-03-08 22:00:00-05:00,2023-03-09 08:00:00-05:00,1,0.4166666666666667,-92177.61508455127,-42176.615084551275,50001.0,2023-03-08,IMM_3xIMM_4,3,whites,-2.988341530142158,-0.42172497841148626,1.0,2023-03-08 22:00:00-05:00,2023-03-09 08:00:00-05:00,-42176.615084551275,50001.0,-92177.61508455127,2.988341530142158
2023-03-09 22:00:00-05:00,2023-03-10 08:00:00-05:00,1,0.4166666666666667,-552711.0230011046,-502710.0230011046,50001.0,2023-03-09,IMM_3xIMM_4,3,whites,-4.337075411855107,-5.025211819236386,1.0,2023-03-09 22:00:00-05:00,2023-03-10 08:00:00-05:00,-502710.0230011046,50001.0,-552711.0230011046,4.337075411855107
2023-03-13 22:00:00-04:00,2023-03-14 08:00:00-04:00,1,0.4166666666666667,2631129.3635719046,2681130.3635719046,50001.0,2023-03-13,IMM_3xIMM_4,3,whites,27.519797138076243,9.540333819781477,-1.0,2023-03-13 22:00:00-04:00,2023-03-14 08:00:00-04:00,-2681130.3635719046,50001.0,-2731131.3635719046,27.519797138076243
2023-03-14 22:00:00-04:00,2023-03-15 08:00:00-04:00,1,0.4166666666666667,-3783852.2039654925,-3733851.2039654925,50001.0,2023-03-14,IMM_3xIMM_4,3,whites,8.169777516967969,-37.234397598975335,-1.0,2023-03-14 22:00:00-04:00,2023-03-15 08:00:00-04:00,3733851.2039654925,50001.0,3683850.2039654925,8.169777516967969
2023-03-15 22:00:00-04:00,2023-03-16 08:00:00-04:00,1,0.4166666666666667,-119388.40031745285,-69387.40031745285,50001.0,2023-03-15,IMM_3xIMM_4,3,whites,10.55221344972277,-0.6939354611550819,-1.0,2023-03-15 22:00:00-04:00,2023-03-16 08:00:00-04:00,69387.40031745285,50001.0,19386.400317452848,10.55221344972277
2023-03-16 22:00:00-04:00,2023-03-17 08:00:00-04:00,1,0.4166666666666667,-617220.8138284385,-567219.8138284385,50001.0,2023-03-16,IMM_3xIMM_4,3,whites,6.7607649124068026,-5.6693200524303045,-1.0,2023-03-16 22:00:00-04:00,2023-03-17 08:00:00-04:00,567219.8138284385,50001.0,517218.8138284385,6.7607649124068026
2023-03-20 22:00:00-04:00,2023-03-21 08:00:00-04:00,1,0.4166666666666667,2642401.546433829,2692402.546433829,50001.0,2023-03-20,IMM_3xIMM_4,3,whites,-6.631587320311061,26.98175123135553,1.0,2023-03-20 22:00:00-04:00,2023-03-21 08:00:00-04:00,2692402.546433829,50001.0,2642401.546433829,6.631587320311061
2023-03-21 22:00:00-04:00,2023-03-22 08:00:00-04:00,1,0.4166666666666667,1331679.7286538705,1381680.7286538705,50001.0,2023-03-21,IMM_3xIMM_4,3,whites,-4.103437682375244,13.830745332614747,1.0,2023-03-21 22:00:00-04:00,2023-03-22 08:00:00-04:00,1381680.7286538705,50001.0,1331679.7286538705,4.103437682375244
2023-03-22 22:00:00-04:00,2023-03-23 08:00:00-04:00,1,0.4166666666666667,-6987.832609452307,43013.16739054769,50001.0,2023-03-22,IMM_3xIMM_4,3,whites,2.9241664453356186,0.4300248494436332,-1.0,2023-03-22 22:00:00-04:00,2023-03-23 08:00:00-04:00,-43013.16739054769,50001.0,-93014.1673905477,2.9241664453356186
2023-03-23 22:00:00-04:00,2023-03-24 08:00:00-04:00,1,0.4166666666666667,-3341231.529423684,-3291230.529423684,50001.0,2023-03-23,IMM_3xIMM_4,3,whites,-0.10663285969387815,-32.82265554090928,1.0,2023-03-23 22:00:00-04:00,2023-03-24 08:00:00-04:00,-3291230.529423684,50001.0,-3341231.529423684,0.10663285969387815
2023-03-27 22:00:00-04:00,2023-03-28 08:00:00-04:00,1,0.4166666666666667,1134495.4504633918,1184496.4504633918,50001.0,2023-03-27,IMM_3xIMM_4,3,whites,-4.976596250180432,11.852258032407814,1.0,2023-03-27 22:00:00-04:00,2023-03-28 08:00:00-04:00,1184496.4504633918,50001.0,1134495.4504633918,4.976596250180432
2023-03-28 22:00:00-04:00,2023-03-29 08:00:00-04:00,1,0.4166666666666667,-461566.10581625253,-411565.10581625253,50001.0,2023-03-28,IMM_3xIMM_4,3,whites,2.4187147021502042,-4.113468418792543,-1.0,2023-03-28 22:00:00-04:00,2023-03-29 08:00:00-04:00,411565.10581625253,50001.0,361564.10581625253,2.4187147021502042
2023-03-29 22:00:00-04:00,2023-03-30 08:00:00-04:00,1,0.4166666666666667,93289.94784361869,143290.9478436187,50001.0,2023-03-29,IMM_3xIMM_4,3,whites,-0.3054215711197017,1.43296324736637,1.0,2023-03-29 22:00:00-04:00,2023-03-30 08:00:00-04:00,143290.9478436187,50001.0,93289.94784361869,0.3054215711197017
2023-03-30 22:00:00-04:00,2023-03-31 08:00:00-04:00,1,0.4166666666666667,430789.71523860097,480790.71523860097,50001.0,2023-03-30,IMM_3xIMM_4,3,whites,-0.8949610797150953,4.809571566716109,1.0,2023-03-30 22:00:00-04:00,2023-03-31 08:00:00-04:00,480790.71523860097,50001.0,430789.71523860097,0.8949610797150953
2023-04-03 22:00:00-04:00,2023-04-04 08:00:00-04:00,1,0.4166666666666667,377526.037366122,427527.037366122,50001.0,2023-04-03,IMM_3xIMM_4,3,whites,3.914536943807523,4.2758731699255925,-1.0,2023-04-03 22:00:00-04:00,2023-04-04 08:00:00-04:00,-427527.037366122,50001.0,-477528.037366122,3.914536943807523
2023-04-04 22:00:00-04:00,2023-04-05 08:00:00-04:00,1,0.4166666666666667,-804408.2111456916,-754407.2111456916,50001.0,2023-04-04,IMM_3xIMM_4,3,whites,4.21040522896714,-7.538928829507885,-1.0,2023-04-04 22:00:00-04:00,2023-04-05 08:00:00-04:00,754407.2111456916,50001.0,704406.2111456916,4.21040522896714
2023-04-05 22:00:00-04:00,2023-04-06 08:00:00-04:00,1,0.4166666666666667,-623719.2431444004,-573718.2431444004,50001.0,2023-04-05,IMM_3xIMM_4,3,whites,1.1706208945491792,-5.733414976550177,-1.0,2023-04-05 22:00:00-04:00,2023-04-06 08:00:00-04:00,573718.2431444004,50001.0,523717.2431444004,1.1706208945491792
2023-04-06 22:00:00-04:00,2023-04-07 08:00:00-04:00,1,0.4166666666666667,-58940.859551131725,-8939.859551131725,50001.0,2023-04-06,IMM_3xIMM_4,3,whites,-0.11866664629414103,-0.08938544903784873,1.0,2023-04-06 22:00:00-04:00,2023-04-07 08:00:00-04:00,-8939.859551131725,50001.0,-58940.859551131725,0.11866664629414103
2023-04-10 22:00:00-04:00,2023-04-11 08:00:00-04:00,1,0.4166666666666667,119368.63204061985,169369.63204061985,50001.0,2023-04-10,IMM_3xIMM_4,3,whites,-3.436609293692605,1.6937130217188567,1.0,2023-04-10 22:00:00-04:00,2023-04-11 08:00:00-04:00,169369.63204061985,50001.0,119368.63204061985,3.436609293692605
2023-04-11 22:00:00-04:00,2023-04-12 08:00:00-04:00,1,0.4166666666666667,228332.74932130426,278333.74932130426,50001.0,2023-04-11,IMM_3xIMM_4,3,whites,1.887069673850128,2.783507224097903,-1.0,2023-04-11 22:00:00-04:00,2023-04-12 08:00:00-04:00,-278333.74932130426,50001.0,-328334.74932130426,1.887069673850128
2023-04-12 22:00:00-04:00,2023-04-13 08:00:00-04:00,1,0.4166666666666667,302463.098586075,352464.098586075,50001.0,2023-04-12,IMM_3xIMM_4,3,whites,1.9318291420522549,3.5246225166792655,-1.0,2023-04-12 22:00:00-04:00,2023-04-13 08:00:00-04:00,-352464.098586075,50001.0,-402465.098586075,1.9318291420522549
2023-04-13 22:00:00-04:00,2023-04-14 08:00:00-04:00,1,0.4166666666666667,-31480.635057769716,18520.364942230284,50001.0,2023-04-13,IMM_3xIMM_4,3,whites,-0.1118800481796356,0.1851888815044056,1.0,2023-04-13 22:00:00-04:00,2023-04-14 08:00:00-04:00,18520.364942230284,50001.0,-31480.635057769716,0.1118800481796356
2023-04-17 22:00:00-04:00,2023-04-18 08:00:00-04:00,1,0.4166666666666667,-345182.11454909295,-295181.11454909295,50001.0,2023-04-17,IMM_3xIMM_4,3,whites,-1.1121499163008863,-2.95101796196775,1.0,2023-04-17 22:00:00-04:00,2023-04-18 08:00:00-04:00,-295181.11454909295,50001.0,-345182.11454909295,1.1121499163008863
2023-04-18 22:00:00-04:00,2023-04-19 08:00:00-04:00,1,0.4166666666666667,499465.37728401273,549466.3772840127,50001.0,2023-04-18,IMM_3xIMM_4,3,whites,1.0458019581843558,5.49596892405102,-1.0,2023-04-18 22:00:00-04:00,2023-04-19 08:00:00-04:00,-549466.3772840127,50001.0,-599467.3772840127,1.0458019581843558
2023-04-19 22:00:00-04:00,2023-04-20 08:00:00-04:00,1,0.4166666666666667,-365733.104225561,-315732.104225561,50001.0,2023-04-19,IMM_3xIMM_4,3,whites,0.2307617468011891,-3.1564179983754492,-1.0,2023-04-19 22:00:00-04:00,2023-04-20 08:00:00-04:00,315732.104225561,50001.0,265731.104225561,0.2307617468011891
2023-04-20 22:00:00-04:00,2023-04-21 08:00:00-04:00,1,0.4166666666666667,-293510.88607049733,-243509.88607049733,50001.0,2023-04-20,IMM_3xIMM_4,3,whites,-1.5205941099941889,-2.4345391803614724,1.0,2023-04-20 22:00:00-04:00,2023-04-21 08:00:00-04:00,-243509.88607049733,50001.0,-293510.88607049733,1.5205941099941889
2023-04-24 22:00:00-04:00,2023-04-25 08:00:00-04:00,1,0.4166666666666667,-158630.46415615827,-108629.46415615827,50001.0,2023-04-24,IMM_3xIMM_4,3,whites,0.5830250526140723,-1.0861311003727003,-1.0,2023-04-24 22:00:00-04:00,2023-04-25 08:00:00-04:00,108629.46415615827,50001.0,58628.46415615827,0.5830250526140723
2023-04-25 22:00:00-04:00,2023-04-26 08:00:00-04:00,1,0.4166666666666667,75864.13127674162,125865.13127674162,50001.0,2023-04-25,IMM_3xIMM_4,3,whites,3.019029550697727,1.258488323837792,-1.0,2023-04-25 22:00:00-04:00,2023-04-26 08:00:00-04:00,-125865.13127674162,50001.0,-175866.13127674162,3.019029550697727
2023-04-26 22:00:00-04:00,2023-04-27 08:00:00-04:00,1,0.4166666666666667,396770.55974333733,446771.55974333733,50001.0,2023-04-26,IMM_3xIMM_4,3,whites,-3.0483152616265663,4.468371410657834,1.0,2023-04-26 22:00:00-04:00,2023-04-27 08:00:00-04:00,446771.55974333733,50001.0,396770.55974333733,3.0483152616265663
2023-04-27 22:00:00-04:00,2023-04-28 08:00:00-04:00,1,0.4166666666666667,-14751.998605839908,35249.00139416009,50001.0,2023-04-27,IMM_3xIMM_4,3,whites,0.4334538776082475,0.35244048172202724,-1.0,2023-04-27 22:00:00-04:00,2023-04-28 08:00:00-04:00,-35249.00139416009,50001.0,-85250.00139416009,0.4334538776082475
2023-05-01 22:00:00-04:00,2023-05-02 08:00:00-04:00,1,0.4166666666666667,208197.82798364013,258198.82798364013,50001.0,2023-05-01,IMM_3xIMM_4,3,whites,-1.990227377372289,2.582282879130915,1.0,2023-05-01 22:00:00-04:00,2023-05-02 08:00:00-04:00,258198.82798364013,50001.0,208197.82798364013,1.990227377372289
2023-05-02 22:00:00-04:00,2023-05-03 08:00:00-04:00,1,0.4166666666666667,-299911.3496391177,-249910.34963911772,50001.0,2023-05-02,IMM_3xIMM_4,3,whites,1.2680307239297584,-2.498630480162678,-1.0,2023-05-02 22:00:00-04:00,2023-05-03 08:00:00-04:00,249910.34963911772,50001.0,199909.34963911772,1.2680307239297584
2023-05-03 22:00:00-04:00,2023-05-04 08:00:00-04:00,1,0.4166666666666667,20452.001212634146,70453.00121263415,50001.0,2023-05-03,IMM_3xIMM_4,3,whites,-0.09519924155361181,0.7045224370312297,1.0,2023-05-03 22:00:00-04:00,2023-05-04 08:00:00-04:00,70453.00121263415,50001.0,20452.001212634146,0.09519924155361181
2023-08-17 22:00:00-04:00,2023-08-18 08:00:00-04:00,1,0.4166666666666667,-109863.92283847928,-59862.92283847928,50001.0,2023-08-17,IMM_3xIMM_4,3,whites,-0.5063617676378307,-0.5985070661942871,1.0,2023-08-17 22:00:00-04:00,2023-08-18 08:00:00-04:00,-59862.92283847928,50001.0,-109863.92283847928,0.5063617676378307
2023-08-21 22:00:00-04:00,2023-08-22 08:00:00-04:00,1,0.4166666666666667,-176728.43545829505,-126727.43545829505,50001.0,2023-08-21,IMM_3xIMM_4,3,whites,0.25652574844325926,-1.2670155923041548,-1.0,2023-08-21 22:00:00-04:00,2023-08-22 08:00:00-04:00,126727.43545829505,50001.0,76726.43545829505,0.25652574844325926
2023-08-22 22:00:00-04:00,2023-08-23 08:00:00-04:00,1,0.4166666666666667,-264022.83776435256,-214021.83776435256,50001.0,2023-08-22,IMM_3xIMM_4,3,whites,-1.164363091743592,-2.1396555725715416,1.0,2023-08-22 22:00:00-04:00,2023-08-23 08:00:00-04:00,-214021.83776435256,50001.0,-264022.83776435256,1.164363091743592
2023-08-23 22:00:00-04:00,2023-08-24 08:00:00-04:00,1,0.4166666666666667,-11429.159779816866,38571.840220183134,50001.0,2023-08-23,IMM_3xIMM_4,3,whites,0.7581320077982845,0.3856794289935017,-1.0,2023-08-23 22:00:00-04:00,2023-08-24 08:00:00-04:00,-38571.840220183134,50001.0,-88572.84022018313,0.7581320077982845
2023-08-24 22:00:00-04:00,2023-08-25 08:00:00-04:00,1,0.4166666666666667,69777.51949676126,119778.51949676126,50001.0,2023-08-24,IMM_3xIMM_4,3,whites,0.5242499633537179,1.1976910120798934,-1.0,2023-08-24 22:00:00-04:00,2023-08-25 08:00:00-04:00,-119778.51949676126,50001.0,-169779.51949676126,0.5242499633537179
2023-08-28 22:00:00-04:00,2023-08-29 08:00:00-04:00,1,0.4166666666666667,128963.18955011666,178964.18955011666,50001.0,2023-08-28,IMM_3xIMM_4,3,whites,-1.6776245178604654,1.7894786786984085,1.0,2023-08-28 22:00:00-04:00,2023-08-29 08:00:00-04:00,178964.18955011666,50001.0,128963.18955011666,1.6776245178604654
2023-08-29 22:00:00-04:00,2023-08-30 08:00:00-04:00,1,0.4166666666666667,-52803.81862465292,-2802.818624652922,50001.0,2023-08-29,IMM_3xIMM_4,3,whites,1.0292797371024953,-0.028023946850108672,-1.0,2023-08-29 22:00:00-04:00,2023-08-30 08:00:00-04:00,2802.818624652922,50001.0,-47198.18137534708,1.0292797371024953
2023-08-30 22:00:00-04:00,2023-08-31 08:00:00-04:00,1,0.4166666666666667,-242269.7661615759,-192268.7661615759,50001.0,2023-08-30,IMM_3xIMM_4,3,whites,0.9121665551588443,-1.9222424176575714,-1.0,2023-08-30 22:00:00-04:00,2023-08-31 08:00:00-04:00,192268.7661615759,50001.0,142267.7661615759,0.9121665551588443
2023-08-31 22:00:00-04:00,2023-09-01 08:00:00-04:00,1,0.4166666666666667,-203777.15345733613,-153776.15345733613,50001.0,2023-08-31,IMM_3xIMM_4,3,whites,-0.7864496337901095,-1.5374494746007272,1.0,2023-08-31 22:00:00-04:00,2023-09-01 08:00:00-04:00,-153776.15345733613,50001.0,-203777.15345733613,0.7864496337901095
2023-09-05 22:00:00-04:00,2023-09-06 08:00:00-04:00,1,0.4166666666666667,-152772.80994539708,-102771.80994539708,50001.0,2023-09-05,IMM_3xIMM_4,3,whites,-0.40830665173254843,-1.0275166861883456,1.0,2023-09-05 22:00:00-04:00,2023-09-06 08:00:00-04:00,-102771.80994539708,50001.0,-152772.80994539708,0.40830665173254843
2023-09-06 22:00:00-04:00,2023-09-07 08:00:00-04:00,1,0.4166666666666667,-61274.30319223553,-11273.30319223553,50001.0,2023-09-06,IMM_3xIMM_4,3,whites,-1.1803301551453593,-0.112717899049386,1.0,2023-09-06 22:00:00-04:00,2023-09-07 08:00:00-04:00,-11273.30319223553,50001.0,-61274.30319223553,1.1803301551453593
2023-09-07 22:00:00-04:00,2023-09-08 08:00:00-04:00,1,0.4166666666666667,193530.9024770409,243531.9024770409,50001.0,2023-09-07,IMM_3xIMM_4,3,whites,-0.9829868112182893,2.435188800435295,1.0,2023-09-07 22:00:00-04:00,2023-09-08 08:00:00-04:00,243531.9024770409,50001.0,193530.9024770409,0.9829868112182893
2023-09-11 22:00:00-04:00,2023-09-12 08:00:00-04:00,1,0.4166666666666667,52677.607813350856,102678.60781335086,50001.0,2023-09-11,IMM_3xIMM_4,3,whites,-0.6912269976400154,1.0266804595177703,1.0,2023-09-11 22:00:00-04:00,2023-09-12 08:00:00-04:00,102678.60781335086,50001.0,52677.607813350856,0.6912269976400154
2023-09-12 22:00:00-04:00,2023-09-13 08:00:00-04:00,1,0.4166666666666667,-49970.07199341804,30.92800658196211,50001.0,2023-09-12,IMM_3xIMM_4,3,whites,0.6156103174704164,0.00030923390808013096,-1.0,2023-09-12 22:00:00-04:00,2023-09-13 08:00:00-04:00,-30.92800658196211,50001.0,-50031.92800658196,0.6156103174704164
2023-09-13 22:00:00-04:00,2023-09-14 08:00:00-04:00,1,0.4166666666666667,147198.49430330843,197199.49430330843,50001.0,2023-09-13,IMM_3xIMM_4,3,whites,-0.5234902584806633,1.9718193226735181,1.0,2023-09-13 22:00:00-04:00,2023-09-14 08:00:00-04:00,197199.49430330843,50001.0,147198.49430330843,0.5234902584806633
2023-09-14 22:00:00-04:00,2023-09-15 08:00:00-04:00,1,0.4166666666666667,195161.80896390975,245162.80896390975,50001.0,2023-09-14,IMM_3xIMM_4,3,whites,-1.1561376321691519,2.4515039181530973,1.0,2023-09-14 22:00:00-04:00,2023-09-15 08:00:00-04:00,245162.80896390975,50001.0,195161.80896390975,1.1561376321691519
2023-09-18 22:00:00-04:00,2023-09-19 08:00:00-04:00,1,0.4166666666666667,3768.234473645687,53769.23447364569,50001.0,2023-09-18,IMM_3xIMM_4,3,whites,-0.1261396627151079,-20.247866430684347,1.0,2023-09-18 22:00:00-04:00,2023-09-19 08:00:00-04:00,53769.23447364569,50001.0,3768.234473645687,0.1261396627151079
2023-09-19 22:00:00-04:00,2023-09-20 08:00:00-04:00,1,0.4166666666666667,-284471.2028330788,-234470.2028330788,50001.0,2023-09-19,IMM_3xIMM_4,3,whites,-0.12781689813206043,-2.345153653600285,1.0,2023-09-19 22:00:00-04:00,2023-09-20 08:00:00-04:00,-234470.2028330788,50001.0,-284471.2028330788,0.12781689813206043
2023-09-20 22:00:00-04:00,2023-09-21 08:00:00-04:00,1,0.4166666666666667,-256265.41393808275,-206264.41393808275,50001.0,2023-09-20,IMM_3xIMM_4,3,whites,-0.3326125517586931,-2.062135346934202,1.0,2023-09-20 22:00:00-04:00,2023-09-21 08:00:00-04:00,-206264.41393808275,50001.0,-256265.41393808275,0.3326125517586931
2023-09-21 22:00:00-04:00,2023-09-22 08:00:00-04:00,1,0.4166666666666667,-39890.10735522956,10110.892644770443,50001.0,2023-09-21,IMM_3xIMM_4,3,whites,-0.3910333071832639,0.10109313126163144,1.0,2023-09-21 22:00:00-04:00,2023-09-22 08:00:00-04:00,10110.892644770443,50001.0,-39890.10735522956,0.3910333071832639
2023-09-25 22:00:00-04:00,2023-09-26 08:00:00-04:00,1,0.4166666666666667,-247702.58551165462,-197701.58551165462,50001.0,2023-09-25,IMM_3xIMM_4,3,whites,1.664894690174279,-1.9765378397984534,-1.0,2023-09-25 22:00:00-04:00,2023-09-26 08:00:00-04:00,197701.58551165462,50001.0,147700.58551165462,1.664894690174279
2023-09-26 22:00:00-04:00,2023-09-27 08:00:00-04:00,1,0.4166666666666667,105202.96639663726,155203.96639663726,50001.0,2023-09-26,IMM_3xIMM_4,3,whites,-1.6256544095671899,1.551922875364653,1.0,2023-09-26 22:00:00-04:00,2023-09-27 08:00:00-04:00,155203.96639663726,50001.0,105202.96639663726,1.6256544095671899
2023-09-27 22:00:00-04:00,2023-09-28 08:00:00-04:00,1,0.4166666666666667,-48940.54316660017,1060.4568333998322,50001.0,2023-09-27,IMM_3xIMM_4,3,whites,-1.5912080214609325,0.010602985742735882,1.0,2023-09-27 22:00:00-04:00,2023-09-28 08:00:00-04:00,1060.4568333998322,50001.0,-48940.54316660017,1.5912080214609325
2023-09-28 22:00:00-04:00,2023-09-29 08:00:00-04:00,1,0.4166666666666667,-262729.6608765945,-212728.66087659448,50001.0,2023-09-28,IMM_3xIMM_4,3,whites,1.2515526315759473,-2.1267638266396993,-1.0,2023-09-28 22:00:00-04:00,2023-09-29 08:00:00-04:00,212728.66087659448,50001.0,162727.66087659448,1.2515526315759473
2023-10-02 22:00:00-04:00,2023-10-03 08:00:00-04:00,1,0.4166666666666667,7139.444231726229,57140.44423172623,50001.0,2023-10-02,IMM_3xIMM_4,3,whites,0.3886557889387632,0.5713449497335432,-1.0,2023-10-02 22:00:00-04:00,2023-10-03 08:00:00-04:00,-57140.44423172623,50001.0,-107141.44423172623,0.3886557889387632
2023-10-03 22:00:00-04:00,2023-10-04 08:00:00-04:00,1,0.4166666666666667,-223899.1229621619,-173898.1229621619,50001.0,2023-10-03,IMM_3xIMM_4,3,whites,-0.6760686001071825,-1.7383964717777367,1.0,2023-10-03 22:00:00-04:00,2023-10-04 08:00:00-04:00,-173898.1229621619,50001.0,-223899.1229621619,0.6760686001071825
2023-10-04 22:00:00-04:00,2023-10-05 08:00:00-04:00,1,0.4166666666666667,-85347.92250359058,-35346.922503590584,50001.0,2023-10-04,IMM_3xIMM_4,3,whites,-1.7924444986050503,-0.3534115453084574,1.0,2023-10-04 22:00:00-04:00,2023-10-05 08:00:00-04:00,-35346.922503590584,50001.0,-85347.92250359058,1.7924444986050503
2023-10-05 22:00:00-04:00,2023-10-06 08:00:00-04:00,1,0.4166666666666667,155356.60862899572,205357.60862899572,50001.0,2023-10-05,IMM_3xIMM_4,3,whites,1.3041311145300938,2.0535165562041158,-1.0,2023-10-05 22:00:00-04:00,2023-10-06 08:00:00-04:00,-205357.60862899572,50001.0,-255358.60862899572,1.3041311145300938
2023-10-10 22:00:00-04:00,2023-10-11 08:00:00-04:00,1,0.4166666666666667,48252.05849906802,98253.05849906802,50001.0,2023-10-10,IMM_3xIMM_4,3,whites,0.3866277855291145,0.9824081238907212,-1.0,2023-10-10 22:00:00-04:00,2023-10-11 08:00:00-04:00,-98253.05849906802,50001.0,-148254.05849906802,0.3866277855291145
2023-10-11 22:00:00-04:00,2023-10-12 08:00:00-04:00,1,0.4166666666666667,75787.66102860868,125788.66102860868,50001.0,2023-10-11,IMM_3xIMM_4,3,whites,-0.3316130658336469,1.2577468067132003,1.0,2023-10-11 22:00:00-04:00,2023-10-12 08:00:00-04:00,125788.66102860868,50001.0,75787.66102860868,0.3316130658336469
2023-10-12 22:00:00-04:00,2023-10-13 08:00:00-04:00,1,0.4166666666666667,-202285.45373088866,-152284.45373088866,50001.0,2023-10-12,IMM_3xIMM_4,3,whites,-1.2603547880374322,-1.5224900164145794,1.0,2023-10-12 22:00:00-04:00,2023-10-13 08:00:00-04:00,-152284.45373088866,50001.0,-202285.45373088866,1.2603547880374322
2023-10-16 22:00:00-04:00,2023-10-17 08:00:00-04:00,1,0.4166666666666667,9567.933310247958,59568.93331024796,50001.0,2023-10-16,IMM_3xIMM_4,3,whites,-0.13231787925791494,0.5956060885204728,1.0,2023-10-16 22:00:00-04:00,2023-10-17 08:00:00-04:00,59568.93331024796,50001.0,9567.933310247958,0.13231787925791494
2023-10-17 22:00:00-04:00,2023-10-18 08:00:00-04:00,1,0.4166666666666667,-70523.0615504384,-20522.061550438404,50001.0,2023-10-17,IMM_3xIMM_4,3,whites,-1.4158167233979668,-0.20518116805590125,1.0,2023-10-17 22:00:00-04:00,2023-10-18 08:00:00-04:00,-20522.061550438404,50001.0,-70523.0615504384,1.4158167233979668
2023-10-18 22:00:00-04:00,2023-10-19 08:00:00-04:00,1,0.4166666666666667,88781.18321675062,138782.18321675062,50001.0,2023-10-18,IMM_3xIMM_4,3,whites,0.6968057670419192,1.3877126870198708,-1.0,2023-10-18 22:00:00-04:00,2023-10-19 08:00:00-04:00,-138782.18321675062,50001.0,-188783.18321675062,0.6968057670419192
2023-10-19 22:00:00-04:00,2023-10-20 08:00:00-04:00,1,0.4166666666666667,-23928.849120348692,26072.150879651308,50001.0,2023-10-19,IMM_3xIMM_4,3,whites,0.6474495620968135,0.2606764979783627,-1.0,2023-10-19 22:00:00-04:00,2023-10-20 08:00:00-04:00,-26072.150879651308,50001.0,-76073.15087965131,0.6474495620968135
2023-10-23 22:00:00-04:00,2023-10-24 08:00:00-04:00,1,0.4166666666666667,69504.59932090342,119505.59932090342,50001.0,2023-10-23,IMM_3xIMM_4,3,whites,1.1132391392099095,1.1949548066692017,-1.0,2023-10-23 22:00:00-04:00,2023-10-24 08:00:00-04:00,-119505.59932090342,50001.0,-169506.59932090342,1.1132391392099095
2023-10-24 22:00:00-04:00,2023-10-25 08:00:00-04:00,1,0.4166666666666667,112074.39443446696,162075.39443446696,50001.0,2023-10-24,IMM_3xIMM_4,3,whites,-1.6986304395506302,1.62068804620219,1.0,2023-10-24 22:00:00-04:00,2023-10-25 08:00:00-04:00,162075.39443446696,50001.0,112074.39443446696,1.6986304395506302
2023-10-25 22:00:00-04:00,2023-10-26 08:00:00-04:00,1,0.4166666666666667,117186.38287530094,167187.38287530094,50001.0,2023-10-25,IMM_3xIMM_4,3,whites,-0.28174652739734185,1.6717236642715072,1.0,2023-10-25 22:00:00-04:00,2023-10-26 08:00:00-04:00,167187.38287530094,50001.0,117186.38287530094,0.28174652739734185
2023-10-26 22:00:00-04:00,2023-10-27 08:00:00-04:00,1,0.4166666666666667,-178971.06265313923,-128970.06265313923,50001.0,2023-10-26,IMM_3xIMM_4,3,whites,1.6567122602763718,-1.2894081707417016,-1.0,2023-10-26 22:00:00-04:00,2023-10-27 08:00:00-04:00,128970.06265313923,50001.0,78969.06265313923,1.6567122602763718
2023-10-30 22:00:00-04:00,2023-10-31 08:00:00-04:00,1,0.4166666666666667,-160628.13658344746,-110627.13658344746,50001.0,2023-10-30,IMM_3xIMM_4,3,whites,-0.0988211215257273,-1.1060540951302933,1.0,2023-10-30 22:00:00-04:00,2023-10-31 08:00:00-04:00,-110627.13658344746,50001.0,-160628.13658344746,0.0988211215257273
2023-10-31 22:00:00-04:00,2023-11-01 08:00:00-04:00,1,0.4166666666666667,-152503.56928151846,-102502.56928151846,50001.0,2023-10-31,IMM_3xIMM_4,3,whites,-0.5142085729392676,-1.024801314928414,1.0,2023-10-31 22:00:00-04:00,2023-11-01 08:00:00-04:00,-102502.56928151846,50001.0,-152503.56928151846,0.5142085729392676
2023-11-01 22:00:00-04:00,2023-11-02 08:00:00-04:00,1,0.4166666666666667,134733.12572048604,184734.12572048604,50001.0,2023-11-01,IMM_3xIMM_4,3,whites,-0.6458492222181533,1.8471470753666175,1.0,2023-11-01 22:00:00-04:00,2023-11-02 08:00:00-04:00,184734.12572048604,50001.0,134733.12572048604,0.6458492222181533
2023-11-02 22:00:00-04:00,2023-11-03 08:00:00-04:00,1,0.4166666666666667,-93406.51387771964,-43405.51387771964,50001.0,2023-11-02,IMM_3xIMM_4,3,whites,1.0342900609662031,-0.4339838521262962,-1.0,2023-11-02 22:00:00-04:00,2023-11-03 08:00:00-04:00,43405.51387771964,50001.0,-6595.486122280359,1.0342900609662031
2023-11-06 22:00:00-05:00,2023-11-07 08:00:00-05:00,1,0.4166666666666667,1504.3295311927795,51505.32953119278,50001.0,2023-11-06,IMM_3xIMM_4,3,whites,0.13692512173859583,0.5149821997463278,-1.0,2023-11-06 22:00:00-05:00,2023-11-07 08:00:00-05:00,-51505.32953119278,50001.0,-101506.32953119278,0.13692512173859583
2023-11-07 22:00:00-05:00,2023-11-08 08:00:00-05:00,1,0.4166666666666667,105143.61764514446,155144.61764514446,50001.0,2023-11-07,IMM_3xIMM_4,3,whites,1.0486562598809535,1.551381564519616,-1.0,2023-11-07 22:00:00-05:00,2023-11-08 08:00:00-05:00,-155144.61764514446,50001.0,-205145.61764514446,1.0486562598809535
2023-11-08 22:00:00-05:00,2023-11-09 08:00:00-05:00,1,0.4166666666666667,254025.6621125713,304026.6621125713,50001.0,2023-11-08,IMM_3xIMM_4,3,whites,-0.46669313557679004,3.040191811125581,1.0,2023-11-08 22:00:00-05:00,2023-11-09 08:00:00-05:00,304026.6621125713,50001.0,254025.6621125713,0.46669313557679004
2023-11-09 22:00:00-05:00,2023-11-10 08:00:00-05:00,1,0.4166666666666667,-212251.1581608802,-162250.1581608802,50001.0,2023-11-09,IMM_3xIMM_4,3,whites,0.31588772543500454,-1.6222030710633106,-1.0,2023-11-09 22:00:00-05:00,2023-11-10 08:00:00-05:00,162250.1581608802,50001.0,112249.15816088021,0.31588772543500454
2023-11-13 22:00:00-05:00,2023-11-14 08:00:00-05:00,1,0.4166666666666667,-20962.19574277848,29038.80425722152,50001.0,2023-11-13,IMM_3xIMM_4,3,whites,0.2364652200093964,0.290346579836509,-1.0,2023-11-13 22:00:00-05:00,2023-11-14 08:00:00-05:00,-29038.80425722152,50001.0,-79039.80425722152,0.2364652200093964
2023-11-14 22:00:00-05:00,2023-11-15 08:00:00-05:00,1,0.4166666666666667,-130485.41327028722,-80484.41327028722,50001.0,2023-11-14,IMM_3xIMM_4,3,whites,1.4164386276593888,-0.8046968546882027,-1.0,2023-11-14 22:00:00-05:00,2023-11-15 08:00:00-05:00,80484.41327028722,50001.0,30483.413270287216,1.4164386276593888
2023-11-15 22:00:00-05:00,2023-11-16 08:00:00-05:00,1,0.4166666666666667,-203868.42125117034,-153867.42125117034,50001.0,2023-11-15,IMM_3xIMM_4,3,whites,-0.8545272087268074,-1.5383356904230538,1.0,2023-11-15 22:00:00-05:00,2023-11-16 08:00:00-05:00,-153867.42125117034,50001.0,-203868.42125117034,0.8545272087268074
2023-11-16 22:00:00-05:00,2023-11-17 08:00:00-05:00,1,0.4166666666666667,-74556.66126979887,-24555.661269798875,50001.0,2023-11-16,IMM_3xIMM_4,3,whites,1.0237579969540889,-0.2455182796002653,-1.0,2023-11-16 22:00:00-05:00,2023-11-17 08:00:00-05:00,24555.661269798875,50001.0,-25445.338730201125,1.0237579969540889
2023-11-20 22:00:00-05:00,2023-11-21 08:00:00-05:00,1,0.4166666666666667,-138133.18907595426,-88132.18907595426,50001.0,2023-11-20,IMM_3xIMM_4,3,whites,-0.4889915199601802,-0.8811536791331065,1.0,2023-11-20 22:00:00-05:00,2023-11-21 08:00:00-05:00,-88132.18907595426,50001.0,-138133.18907595426,0.4889915199601802
2023-11-21 22:00:00-05:00,2023-11-22 08:00:00-05:00,1,0.4166666666666667,-240481.46309097856,-190480.46309097856,50001.0,2023-11-21,IMM_3xIMM_4,3,whites,0.5146600889903041,-1.904363234741524,-1.0,2023-11-21 22:00:00-05:00,2023-11-22 08:00:00-05:00,190480.46309097856,50001.0,140479.46309097856,0.5146600889903041
2023-11-27 22:00:00-05:00,2023-11-28 08:00:00-05:00,1,0.4166666666666667,52395.90739240497,102396.90739240497,50001.0,2023-11-27,IMM_3xIMM_4,3,whites,1.259012106347157,1.023852012131865,-1.0,2023-11-27 22:00:00-05:00,2023-11-28 08:00:00-05:00,-102396.90739240497,50001.0,-152397.90739240497,1.259012106347157
2023-11-28 22:00:00-05:00,2023-11-29 08:00:00-05:00,1,0.4166666666666667,-268101.89581688493,-218100.89581688493,50001.0,2023-11-28,IMM_3xIMM_4,3,whites,-2.7873094584141,-2.1804816848813857,1.0,2023-11-28 22:00:00-05:00,2023-11-29 08:00:00-05:00,-218100.89581688493,50001.0,-268101.89581688493,2.7873094584141
2023-11-29 22:00:00-05:00,2023-11-30 08:00:00-05:00,1,0.4166666666666667,-222136.60346434265,-172135.60346434265,50001.0,2023-11-29,IMM_3xIMM_4,3,whites,1.0393795864517053,-1.7209906869731562,-1.0,2023-11-29 22:00:00-05:00,2023-11-30 08:00:00-05:00,172135.60346434265,50001.0,122134.60346434265,1.0393795864517053
2023-11-30 22:00:00-05:00,2023-12-01 08:00:00-05:00,1,0.4166666666666667,208975.2363652438,258976.2363652438,50001.0,2023-11-30,IMM_3xIMM_4,3,whites,4.254215233503444,2.5896447827999935,-1.0,2023-11-30 22:00:00-05:00,2023-12-01 08:00:00-05:00,-258976.2363652438,50001.0,-308977.2363652438,4.254215233503444
2023-12-04 22:00:00-05:00,2023-12-05 08:00:00-05:00,1,0.4166666666666667,-254992.12568404526,-204991.12568404526,50001.0,2023-12-04,IMM_3xIMM_4,3,whites,0.39920300425331234,-2.04945785364794,-1.0,2023-12-04 22:00:00-05:00,2023-12-05 08:00:00-05:00,204991.12568404526,50001.0,154990.12568404526,0.39920300425331234
2023-12-05 22:00:00-05:00,2023-12-06 08:00:00-05:00,1,0.4166666666666667,-140345.2481179461,-90344.24811794609,50001.0,2023-12-05,IMM_3xIMM_4,3,whites,2.027425193906751,-0.9032565568124262,-1.0,2023-12-05 22:00:00-05:00,2023-12-06 08:00:00-05:00,90344.24811794609,50001.0,40343.24811794609,2.027425193906751
2023-12-06 22:00:00-05:00,2023-12-07 08:00:00-05:00,1,0.4166666666666667,-156378.93720527738,-106377.93720527738,50001.0,2023-12-06,IMM_3xIMM_4,3,whites,4.973267693966132,-1.0635467789209763,-1.0,2023-12-06 22:00:00-05:00,2023-12-07 08:00:00-05:00,106377.93720527738,50001.0,56376.93720527738,4.973267693966132
2023-12-07 22:00:00-05:00,2023-12-08 08:00:00-05:00,1,0.4166666666666667,80174.82739213109,130175.82739213109,50001.0,2023-12-07,IMM_3xIMM_4,3,whites,1.2849783093038525,1.301609683421745,-1.0,2023-12-07 22:00:00-05:00,2023-12-08 08:00:00-05:00,-130175.82739213109,50001.0,-180176.8273921311,1.2849783093038525
2023-12-11 22:00:00-05:00,2023-12-12 08:00:00-05:00,1,0.4166666666666667,-196218.65239100903,-146217.65239100903,50001.0,2023-12-11,IMM_3xIMM_4,3,whites,-0.03565719818077184,-1.461867978420539,1.0,2023-12-11 22:00:00-05:00,2023-12-12 08:00:00-05:00,-146217.65239100903,50001.0,-196218.65239100903,0.03565719818077184
2023-12-12 22:00:00-05:00,2023-12-13 08:00:00-05:00,1,0.4166666666666667,-76768.51255393773,-26767.512553937733,50001.0,2023-12-12,IMM_3xIMM_4,3,whites,-0.5986117101298483,-0.26763640519771315,1.0,2023-12-12 22:00:00-05:00,2023-12-13 08:00:00-05:00,-26767.512553937733,50001.0,-76768.51255393773,0.5986117101298483
2023-12-13 22:00:00-05:00,2023-12-14 08:00:00-05:00,1,0.4166666666666667,-418339.07805907726,-368338.07805907726,50001.0,2023-12-13,IMM_3xIMM_4,3,whites,-7.054603184730723,-3.6822181038509427,1.0,2023-12-13 22:00:00-05:00,2023-12-14 08:00:00-05:00,-368338.07805907726,50001.0,-418339.07805907726,7.054603184730723
2023-12-14 22:00:00-05:00,2023-12-15 08:00:00-05:00,1,0.4166666666666667,-534915.8588136137,-484914.85881361365,50001.0,2023-12-14,IMM_3xIMM_4,3,whites,4.429539557122553,-4.847481990255531,-1.0,2023-12-14 22:00:00-05:00,2023-12-15 08:00:00-05:00,484914.85881361365,50001.0,434913.85881361365,4.429539557122553
2023-12-18 22:00:00-05:00,2023-12-19 08:00:00-05:00,1,0.4166666666666667,-468801.9922339991,-418800.9922339991,50001.0,2023-12-18,IMM_3xIMM_4,3,whites,-0.818074546353742,-43.75569723458126,1.0,2023-12-18 22:00:00-05:00,2023-12-19 08:00:00-05:00,-418800.9922339991,50001.0,-468801.9922339991,0.818074546353742
2023-12-19 22:00:00-05:00,2023-12-20 08:00:00-05:00,1,0.4166666666666667,-720220.5578978658,-670219.5578978658,50001.0,2023-12-19,IMM_3xIMM_4,3,whites,-0.6300796366763173,-6.7014735200922715,1.0,2023-12-19 22:00:00-05:00,2023-12-20 08:00:00-05:00,-670219.5578978658,50001.0,-720220.5578978658,0.6300796366763173
2023-12-20 22:00:00-05:00,2023-12-21 08:00:00-05:00,1,0.4166666666666667,-50427.49109891802,-426.4910989180207,50001.0,2023-12-20,IMM_3xIMM_4,3,whites,3.8840616256966776,-0.004264568144840553,-1.0,2023-12-20 22:00:00-05:00,2023-12-21 08:00:00-05:00,426.4910989180207,50001.0,-49574.50890108198,3.8840616256966776
2023-12-21 22:00:00-05:00,2023-12-22 08:00:00-05:00,1,0.4166666666666667,-435277.0516021997,-385276.0516021997,50001.0,2023-12-21,IMM_3xIMM_4,3,whites,1.7833142319855888,-3.8514952129389712,-1.0,2023-12-21 22:00:00-05:00,2023-12-22 08:00:00-05:00,385276.0516021997,50001.0,335275.0516021997,1.7833142319855888
2023-12-26 22:00:00-05:00,2023-12-27 08:00:00-05:00,1,0.4166666666666667,-234955.46958118677,-184954.46958118677,50001.0,2023-12-26,IMM_3xIMM_4,3,whites,-0.7423105597367474,-1.8490972305329478,1.0,2023-12-26 22:00:00-05:00,2023-12-27 08:00:00-05:00,-184954.46958118677,50001.0,-234955.46958118677,0.7423105597367474
2023-12-27 22:00:00-05:00,2023-12-28 08:00:00-05:00,1,0.4166666666666667,-142231.15674734116,-92230.15674734116,50001.0,2023-12-27,IMM_3xIMM_4,3,whites,2.9787099911034787,-0.9221711929633614,-1.0,2023-12-27 22:00:00-05:00,2023-12-28 08:00:00-05:00,92230.15674734116,50001.0,42229.156747341156,2.9787099911034787
2023-12-28 22:00:00-05:00,2023-12-29 08:00:00-05:00,1,0.4166666666666667,229227.02525234222,279228.0252523422,50001.0,2023-12-28,IMM_3xIMM_4,3,whites,-1.2944257269743353,2.7923451857394532,1.0,2023-12-28 22:00:00-05:00,2023-12-29 08:00:00-05:00,279228.0252523422,50001.0,229227.02525234222,1.2944257269743353
2024-01-02 22:00:00-05:00,2024-01-03 08:00:00-05:00,1,0.4166666666666667,110860.52566964924,160861.52566964924,50001.0,2024-01-02,IMM_3xIMM_4,3,whites,1.9558571674064495,1.6086615331679432,-1.0,2024-01-02 22:00:00-05:00,2024-01-03 08:00:00-05:00,-160861.52566964924,50001.0,-210862.52566964924,1.9558571674064495
2024-01-03 22:00:00-05:00,2024-01-04 08:00:00-05:00,1,0.4166666666666667,153204.4939487353,203205.4939487353,50001.0,2024-01-03,IMM_3xIMM_4,3,whites,-0.156523482280857,2.0319248649450117,1.0,2024-01-03 22:00:00-05:00,2024-01-04 08:00:00-05:00,203205.4939487353,50001.0,153204.4939487353,0.156523482280857
2024-01-04 22:00:00-05:00,2024-01-05 08:00:00-05:00,1,0.4166666666666667,119824.51275639236,169825.51275639236,50001.0,2024-01-04,IMM_3xIMM_4,3,whites,0.5231350474569574,1.6981253794068785,-1.0,2024-01-04 22:00:00-05:00,2024-01-05 08:00:00-05:00,-169825.51275639236,50001.0,-219826.51275639236,0.5231350474569574
2024-01-08 22:00:00-05:00,2024-01-09 08:00:00-05:00,1,0.4166666666666667,33329.764214873314,83330.76421487331,50001.0,2024-01-08,IMM_3xIMM_4,3,whites,0.01366819652623974,0.833227929440028,-1.0,2024-01-08 22:00:00-05:00,2024-01-09 08:00:00-05:00,-83330.76421487331,50001.0,-133331.7642148733,0.01366819652623974
2024-01-09 22:00:00-05:00,2024-01-10 08:00:00-05:00,1,0.4166666666666667,-176975.37839549035,-126974.37839549035,50001.0,2024-01-09,IMM_3xIMM_4,3,whites,-0.7672764330440174,-1.269462293228063,1.0,2024-01-09 22:00:00-05:00,2024-01-10 08:00:00-05:00,-126974.37839549035,50001.0,-176975.37839549035,0.7672764330440174
2024-01-10 22:00:00-05:00,2024-01-11 08:00:00-05:00,1,0.4166666666666667,-399283.38437613845,-349282.38437613845,50001.0,2024-01-10,IMM_3xIMM_4,3,whites,1.5775797478028153,-3.4916706718047585,-1.0,2024-01-10 22:00:00-05:00,2024-01-11 08:00:00-05:00,349282.38437613845,50001.0,299281.38437613845,1.5775797478028153
2024-01-11 22:00:00-05:00,2024-01-12 08:00:00-05:00,1,0.4166666666666667,27174.031812921166,77175.03181292117,50001.0,2024-01-11,IMM_3xIMM_4,3,whites,2.79465120529947,0.7716699431712826,-1.0,2024-01-11 22:00:00-05:00,2024-01-12 08:00:00-05:00,-77175.03181292117,50001.0,-127176.03181292117,2.79465120529947
2024-01-16 22:00:00-05:00,2024-01-17 08:00:00-05:00,1,0.4166666666666667,841197.1421930194,891198.1421930194,50001.0,2024-01-16,IMM_3xIMM_4,3,whites,-0.07589427211520672,8.91418055032771,1.0,2024-01-16 22:00:00-05:00,2024-01-17 08:00:00-05:00,891198.1421930194,50001.0,841197.1421930194,0.07589427211520672
2024-01-17 22:00:00-05:00,2024-01-18 08:00:00-05:00,1,0.4166666666666667,-116477.111284405,-66476.111284405,50001.0,2024-01-17,IMM_3xIMM_4,3,whites,-3.3169307505906076,-0.6646607666271009,1.0,2024-01-17 22:00:00-05:00,2024-01-18 08:00:00-05:00,-66476.111284405,50001.0,-116477.111284405,3.3169307505906076
2024-01-18 22:00:00-05:00,2024-01-19 08:00:00-05:00,1,0.4166666666666667,-58105.823586568236,-8104.823586568236,50001.0,2024-01-18,IMM_3xIMM_4,3,whites,1.1165901547986579,-0.08103303019355579,-1.0,2024-01-18 22:00:00-05:00,2024-01-19 08:00:00-05:00,8104.823586568236,50001.0,-41896.176413431764,1.1165901547986579
2024-01-22 22:00:00-05:00,2024-01-23 08:00:00-05:00,1,0.4166666666666667,40309.50274837762,90310.50274837762,50001.0,2024-01-22,IMM_3xIMM_4,3,whites,-0.015683467843086163,0.9029887431196038,1.0,2024-01-22 22:00:00-05:00,2024-01-23 08:00:00-05:00,90310.50274837762,50001.0,40309.50274837762,0.015683467843086163
2024-01-23 22:00:00-05:00,2024-01-24 08:00:00-05:00,1,0.4166666666666667,-149899.28409256786,-99898.28409256786,50001.0,2024-01-23,IMM_3xIMM_4,3,whites,-0.37895087335346744,-0.9987344402484055,1.0,2024-01-23 22:00:00-05:00,2024-01-24 08:00:00-05:00,-99898.28409256786,50001.0,-149899.28409256786,0.37895087335346744
2024-01-24 22:00:00-05:00,2024-01-25 08:00:00-05:00,1,0.4166666666666667,83446.03747602552,133447.03747602552,50001.0,2024-01-24,IMM_3xIMM_4,3,whites,-1.4601030341270693,1.3342779049102305,1.0,2024-01-24 22:00:00-05:00,2024-01-25 08:00:00-05:00,133447.03747602552,50001.0,83446.03747602552,1.4601030341270693
2024-01-25 22:00:00-05:00,2024-01-26 08:00:00-05:00,1,0.4166666666666667,243409.05086946487,293410.0508694649,50001.0,2024-01-25,IMM_3xIMM_4,3,whites,-0.40083108175901216,2.934005783488569,1.0,2024-01-25 22:00:00-05:00,2024-01-26 08:00:00-05:00,293410.0508694649,50001.0,243409.05086946487,0.40083108175901216
2024-01-29 22:00:00-05:00,2024-01-30 08:00:00-05:00,1,0.4166666666666667,-76433.25154913962,-26432.25154913962,50001.0,2024-01-29,IMM_3xIMM_4,3,whites,0.09315115563293119,-0.26427741514281067,-1.0,2024-01-29 22:00:00-05:00,2024-01-30 08:00:00-05:00,26432.25154913962,50001.0,-23568.74845086038,0.09315115563293119
2024-01-30 22:00:00-05:00,2024-01-31 08:00:00-05:00,1,0.4166666666666667,-160246.53592923284,-110245.53592923284,50001.0,2024-01-30,IMM_3xIMM_4,3,whites,-0.37578231901136405,-1.1021816375184734,1.0,2024-01-30 22:00:00-05:00,2024-01-31 08:00:00-05:00,-110245.53592923284,50001.0,-160246.53592923284,0.37578231901136405
2024-01-31 22:00:00-05:00,2024-02-01 08:00:00-05:00,1,0.4166666666666667,-394884.3359063566,-344883.3359063566,50001.0,2024-01-31,IMM_3xIMM_4,3,whites,4.772046045089873,-3.4477104382237833,-1.0,2024-01-31 22:00:00-05:00,2024-02-01 08:00:00-05:00,344883.3359063566,50001.0,294882.3359063566,4.772046045089873
2024-02-01 22:00:00-05:00,2024-02-02 08:00:00-05:00,1,0.4166666666666667,254653.8773361966,304654.8773361966,50001.0,2024-02-01,IMM_3xIMM_4,3,whites,1.5497119073807575,3.0465054474555053,-1.0,2024-02-01 22:00:00-05:00,2024-02-02 08:00:00-05:00,-304654.8773361966,50001.0,-354655.8773361966,1.5497119073807575
2024-02-05 22:00:00-05:00,2024-02-06 08:00:00-05:00,1,0.4166666666666667,-52748.17628569156,-2747.1762856915593,50001.0,2024-02-05,IMM_3xIMM_4,3,whites,-2.4214855666462753,-0.02746754129638873,1.0,2024-02-05 22:00:00-05:00,2024-02-06 08:00:00-05:00,-2747.1762856915593,50001.0,-52748.17628569156,2.4214855666462753
2024-02-06 22:00:00-05:00,2024-02-07 08:00:00-05:00,1,0.4166666666666667,182164.94109828025,232165.94109828025,50001.0,2024-02-06,IMM_3xIMM_4,3,whites,-0.5937962512639672,2.3215523227333,1.0,2024-02-06 22:00:00-05:00,2024-02-07 08:00:00-05:00,232165.94109828025,50001.0,182164.94109828025,0.5937962512639672
2024-02-07 22:00:00-05:00,2024-02-08 08:00:00-05:00,1,0.4166666666666667,170159.8788574487,220160.8788574487,50001.0,2024-02-07,IMM_3xIMM_4,3,whites,-1.5196419735586275,2.2015016617341843,1.0,2024-02-07 22:00:00-05:00,2024-02-08 08:00:00-05:00,220160.8788574487,50001.0,170159.8788574487,1.5196419735586275
2024-02-08 22:00:00-05:00,2024-02-09 08:00:00-05:00,1,0.4166666666666667,522971.9486983642,572972.9486983642,50001.0,2024-02-08,IMM_3xIMM_4,3,whites,-1.2824870797256693,5.730324610503512,1.0,2024-02-08 22:00:00-05:00,2024-02-09 08:00:00-05:00,572972.9486983642,50001.0,522971.9486983642,1.2824870797256693
2024-02-12 22:00:00-05:00,2024-02-13 08:00:00-05:00,1,0.4166666666666667,-152621.43841540813,-102620.43841540813,50001.0,2024-02-12,IMM_3xIMM_4,3,whites,0.5390371073278111,-1.0259814954977742,-1.0,2024-02-12 22:00:00-05:00,2024-02-13 08:00:00-05:00,102620.43841540813,50001.0,52619.438415408134,0.5390371073278111
2024-02-13 22:00:00-05:00,2024-02-14 08:00:00-05:00,1,0.4166666666666667,-176711.75348170847,-126710.75348170847,50001.0,2024-02-13,IMM_3xIMM_4,3,whites,-1.9499187213988023,-1.2668619354264443,1.0,2024-02-13 22:00:00-05:00,2024-02-14 08:00:00-05:00,-126710.75348170847,50001.0,-176711.75348170847,1.9499187213988023
2024-02-14 22:00:00-05:00,2024-02-15 08:00:00-05:00,1,0.4166666666666667,-11919.605735979974,38081.394264020026,50001.0,2024-02-14,IMM_3xIMM_4,3,whites,-1.8069312349849653,0.3807680668260538,1.0,2024-02-14 22:00:00-05:00,2024-02-15 08:00:00-05:00,38081.394264020026,50001.0,-11919.605735979974,1.8069312349849653
2024-02-15 22:00:00-05:00,2024-02-16 08:00:00-05:00,1,0.4166666666666667,167350.05746157467,217351.05746157467,50001.0,2024-02-15,IMM_3xIMM_4,3,whites,2.4625164899116925,2.173386646214137,-1.0,2024-02-15 22:00:00-05:00,2024-02-16 08:00:00-05:00,-217351.05746157467,50001.0,-267352.0574615747,2.4625164899116925
2024-02-20 22:00:00-05:00,2024-02-21 08:00:00-05:00,1,0.4166666666666667,-61840.86546084285,-11839.865460842848,50001.0,2024-02-20,IMM_3xIMM_4,3,whites,-1.8222890577611395,-0.11837818344027085,1.0,2024-02-20 22:00:00-05:00,2024-02-21 08:00:00-05:00,-11839.865460842848,50001.0,-61840.86546084285,1.8222890577611395
2024-02-21 22:00:00-05:00,2024-02-22 08:00:00-05:00,1,0.4166666666666667,356783.942874752,406784.942874752,50001.0,2024-02-21,IMM_3xIMM_4,3,whites,-1.8082740667121122,4.0678829303185005,1.0,2024-02-21 22:00:00-05:00,2024-02-22 08:00:00-05:00,406784.942874752,50001.0,356783.942874752,1.8082740667121122
2024-02-22 22:00:00-05:00,2024-02-23 08:00:00-05:00,1,0.4166666666666667,-440251.05018751323,-390250.05018751323,50001.0,2024-02-22,IMM_3xIMM_4,3,whites,2.452379077288125,-3.9013287172509514,-1.0,2024-02-22 22:00:00-05:00,2024-02-23 08:00:00-05:00,390250.05018751323,50001.0,340249.05018751323,2.452379077288125
2024-02-26 22:00:00-05:00,2024-02-27 08:00:00-05:00,1,0.4166666666666667,-253221.58048876375,-203220.58048876375,50001.0,2024-02-26,IMM_3xIMM_4,3,whites,-0.01081858304035066,-2.031675014264156,1.0,2024-02-26 22:00:00-05:00,2024-02-27 08:00:00-05:00,-203220.58048876375,50001.0,-253221.58048876375,0.01081858304035066
2024-02-27 22:00:00-05:00,2024-02-28 08:00:00-05:00,1,0.4166666666666667,-10686.412391036749,39314.58760896325,50001.0,2024-02-27,IMM_3xIMM_4,3,whites,-0.9018581251378777,0.393090574174515,1.0,2024-02-27 22:00:00-05:00,2024-02-28 08:00:00-05:00,39314.58760896325,50001.0,-10686.412391036749,0.9018581251378777
2024-02-28 22:00:00-05:00,2024-02-29 08:00:00-05:00,1,0.4166666666666667,208346.4628603086,258347.4628603086,50001.0,2024-02-28,IMM_3xIMM_4,3,whites,1.968420068446619,2.5833532545763482,-1.0,2024-02-28 22:00:00-05:00,2024-02-29 08:00:00-05:00,-258347.4628603086,50001.0,-308348.4628603086,1.968420068446619
2024-02-29 22:00:00-05:00,2024-03-01 08:00:00-05:00,1,0.4166666666666667,-111787.65055962652,-61786.65055962652,50001.0,2024-02-29,IMM_3xIMM_4,3,whites,0.3643220285279192,-0.617751166669045,-1.0,2024-02-29 22:00:00-05:00,2024-03-01 08:00:00-05:00,61786.65055962652,50001.0,11785.65055962652,0.3643220285279192
2024-03-04 22:00:00-05:00,2024-03-05 08:00:00-05:00,1,0.4166666666666667,-251876.9238080904,-201875.9238080904,50001.0,2024-03-04,IMM_3xIMM_4,3,whites,0.26299641006533037,-2.01825151238495,-1.0,2024-03-04 22:00:00-05:00,2024-03-05 08:00:00-05:00,201875.9238080904,50001.0,151874.9238080904,0.26299641006533037
2024-03-05 22:00:00-05:00,2024-03-06 08:00:00-05:00,1,0.4166666666666667,-140100.85670775175,-90099.85670775175,50001.0,2024-03-05,IMM_3xIMM_4,3,whites,0.5096528772986275,-0.9008302990586969,-1.0,2024-03-05 22:00:00-05:00,2024-03-06 08:00:00-05:00,90099.85670775175,50001.0,40098.85670775175,0.5096528772986275
2024-03-06 22:00:00-05:00,2024-03-07 08:00:00-05:00,1,0.4166666666666667,-138925.82389023155,-88924.82389023155,50001.0,2024-03-06,IMM_3xIMM_4,3,whites,1.025405730198603,-0.8890822277867194,-1.0,2024-03-06 22:00:00-05:00,2024-03-07 08:00:00-05:00,88924.82389023155,50001.0,38923.82389023155,1.025405730198603
2024-03-07 22:00:00-05:00,2024-03-08 08:00:00-05:00,1,0.4166666666666667,-166252.5624292493,-116251.56242924929,50001.0,2024-03-07,IMM_3xIMM_4,3,whites,0.25881176261464134,-1.1622781111091385,-1.0,2024-03-07 22:00:00-05:00,2024-03-08 08:00:00-05:00,116251.56242924929,50001.0,66250.56242924929,0.25881176261464134
2024-03-11 22:00:00-04:00,2024-03-12 08:00:00-04:00,1,0.4166666666666667,53818.89307372272,103819.89307372272,50001.0,2024-03-11,IMM_3xIMM_4,3,whites,-0.013357965362459367,1.0380978824509945,1.0,2024-03-11 22:00:00-04:00,2024-03-12 08:00:00-04:00,103819.89307372272,50001.0,53818.89307372272,0.013357965362459367
2024-03-12 22:00:00-04:00,2024-03-13 08:00:00-04:00,1,0.4166666666666667,300049.9985717982,350050.9985717982,50001.0,2024-03-12,IMM_3xIMM_4,3,whites,0.14602367547214,3.5005406772468994,-1.0,2024-03-12 22:00:00-04:00,2024-03-13 08:00:00-04:00,-350050.9985717982,50001.0,-400051.9985717982,0.14602367547214
2024-03-13 22:00:00-04:00,2024-03-14 08:00:00-04:00,1,0.4166666666666667,-80862.98960381746,-30861.989603817463,50001.0,2024-03-13,IMM_3xIMM_4,3,whites,-0.3784458290920334,-0.30856441519695466,1.0,2024-03-13 22:00:00-04:00,2024-03-14 08:00:00-04:00,-30861.989603817463,50001.0,-80862.98960381746,0.3784458290920334
2024-03-14 22:00:00-04:00,2024-03-15 08:00:00-04:00,1,0.4166666666666667,-51506.65829039365,-1505.6582903936505,50001.0,2024-03-14,IMM_3xIMM_4,3,whites,0.16106296906297501,-0.0150542800204434,-1.0,2024-03-14 22:00:00-04:00,2024-03-15 08:00:00-04:00,1505.6582903936505,50001.0,-48495.34170960635,0.16106296906297501
2024-03-18 22:00:00-04:00,2024-03-19 08:00:00-04:00,1,0.4166666666666667,-138482.87816106528,-88481.87816106528,50001.0,2024-03-18,IMM_3xIMM_4,3,whites,-0.12014175711438924,-30.04961114153657,1.0,2024-03-18 22:00:00-04:00,2024-03-19 08:00:00-04:00,-88481.87816106528,50001.0,-138482.87816106528,0.12014175711438924
2024-03-19 22:00:00-04:00,2024-03-20 08:00:00-04:00,1,0.4166666666666667,-135798.80422972143,-85797.80422972143,50001.0,2024-03-19,IMM_3xIMM_4,3,whites,-0.7409428105789928,-0.8579758163709705,1.0,2024-03-19 22:00:00-04:00,2024-03-20 08:00:00-04:00,-85797.80422972143,50001.0,-135798.80422972143,0.7409428105789928
2024-03-20 22:00:00-04:00,2024-03-21 08:00:00-04:00,1,0.4166666666666667,-166049.80738921463,-116048.80738921463,50001.0,2024-03-20,IMM_3xIMM_4,3,whites,-0.3735180988068798,-1.160364112312262,1.0,2024-03-20 22:00:00-04:00,2024-03-21 08:00:00-04:00,-116048.80738921463,50001.0,-166049.80738921463,0.3735180988068798
2024-03-21 22:00:00-04:00,2024-03-22 08:00:00-04:00,1,0.4166666666666667,-210895.85114409775,-160894.85114409775,50001.0,2024-03-21,IMM_3xIMM_4,3,whites,-0.41157929389026293,-1.608513988615723,1.0,2024-03-21 22:00:00-04:00,2024-03-22 08:00:00-04:00,-160894.85114409775,50001.0,-210895.85114409775,0.41157929389026293
2024-03-25 22:00:00-04:00,2024-03-26 08:00:00-04:00,1,0.4166666666666667,90080.90041728318,140081.90041728318,50001.0,2024-03-25,IMM_3xIMM_4,3,whites,0.13828136135947133,1.4007575287116936,-1.0,2024-03-25 22:00:00-04:00,2024-03-26 08:00:00-04:00,-140081.90041728318,50001.0,-190082.90041728318,0.13828136135947133
2024-03-26 22:00:00-04:00,2024-03-27 08:00:00-04:00,1,0.4166666666666667,-101183.76418677717,-51182.764186777174,50001.0,2024-03-26,IMM_3xIMM_4,3,whites,0.8004081558774523,-0.5117419210936447,-1.0,2024-03-26 22:00:00-04:00,2024-03-27 08:00:00-04:00,51182.764186777174,50001.0,1181.7641867771745,0.8004081558774523
2024-03-27 22:00:00-04:00,2024-03-28 08:00:00-04:00,1,0.4166666666666667,-38866.97925449908,11134.020745500922,50001.0,2024-03-27,IMM_3xIMM_4,3,whites,5.225262040864287,0.11131919154383496,-1.0,2024-03-27 22:00:00-04:00,2024-03-28 08:00:00-04:00,-11134.020745500922,50001.0,-61135.02074550092,5.225262040864287
2024-04-01 22:00:00-04:00,2024-04-02 08:00:00-04:00,1,0.4166666666666667,192285.7826056555,242286.7826056555,50001.0,2024-04-01,IMM_3xIMM_4,3,whites,-1.5369980422551777,2.4227502624931674,1.0,2024-04-01 22:00:00-04:00,2024-04-02 08:00:00-04:00,242286.7826056555,50001.0,192285.7826056555,1.5369980422551777
2024-04-02 22:00:00-04:00,2024-04-03 08:00:00-04:00,1,0.4166666666666667,39745.52648541331,89746.52648541331,50001.0,2024-04-02,IMM_3xIMM_4,3,whites,0.6244798508457272,0.8973528234588635,-1.0,2024-04-02 22:00:00-04:00,2024-04-03 08:00:00-04:00,-89746.52648541331,50001.0,-139747.5264854133,0.6244798508457272
2024-04-03 22:00:00-04:00,2024-04-04 08:00:00-04:00,1,0.4166666666666667,18443.85668193549,68444.85668193549,50001.0,2024-04-03,IMM_3xIMM_4,3,whites,0.7147077055893902,0.6844057558048178,-1.0,2024-04-03 22:00:00-04:00,2024-04-04 08:00:00-04:00,-68444.85668193549,50001.0,-118445.85668193549,0.7147077055893902
2024-04-04 22:00:00-04:00,2024-04-05 08:00:00-04:00,1,0.4166666666666667,91190.61969531327,141191.61969531327,50001.0,2024-04-04,IMM_3xIMM_4,3,whites,-0.02191171059990893,1.4118080931138088,1.0,2024-04-04 22:00:00-04:00,2024-04-05 08:00:00-04:00,141191.61969531327,50001.0,91190.61969531327,0.02191171059990893
2024-04-08 22:00:00-04:00,2024-04-09 08:00:00-04:00,1,0.4166666666666667,-256478.3269573301,-206477.3269573301,50001.0,2024-04-08,IMM_3xIMM_4,3,whites,-0.4888021007647403,-2.064262878135281,1.0,2024-04-08 22:00:00-04:00,2024-04-09 08:00:00-04:00,-206477.3269573301,50001.0,-256478.3269573301,0.4888021007647403
2024-04-09 22:00:00-04:00,2024-04-10 08:00:00-04:00,1,0.4166666666666667,-163749.3142607957,-113748.31426079571,50001.0,2024-04-09,IMM_3xIMM_4,3,whites,-0.39971091950148363,-1.1372337634322882,1.0,2024-04-09 22:00:00-04:00,2024-04-10 08:00:00-04:00,-113748.31426079571,50001.0,-163749.3142607957,0.39971091950148363
2024-04-10 22:00:00-04:00,2024-04-11 08:00:00-04:00,1,0.4166666666666667,261668.5021265149,311669.5021265149,50001.0,2024-04-10,IMM_3xIMM_4,3,whites,-1.7898857155276282,3.1166199120457705,1.0,2024-04-10 22:00:00-04:00,2024-04-11 08:00:00-04:00,311669.5021265149,50001.0,261668.5021265149,1.7898857155276282
2024-04-11 22:00:00-04:00,2024-04-12 08:00:00-04:00,1,0.4166666666666667,-353927.9200088456,-303926.9200088456,50001.0,2024-04-11,IMM_3xIMM_4,3,whites,-2.035305304899282,-3.0383400974418606,1.0,2024-04-11 22:00:00-04:00,2024-04-12 08:00:00-04:00,-303926.9200088456,50001.0,-353927.9200088456,2.035305304899282
2024-04-15 22:00:00-04:00,2024-04-16 08:00:00-04:00,1,0.4166666666666667,33001.06774225086,83002.06774225086,50001.0,2024-04-15,IMM_3xIMM_4,3,whites,0.9160916166750077,0.8299218167464595,-1.0,2024-04-15 22:00:00-04:00,2024-04-16 08:00:00-04:00,-83002.06774225086,50001.0,-133003.06774225086,0.9160916166750077
2024-04-16 22:00:00-04:00,2024-04-17 08:00:00-04:00,1,0.4166666666666667,-93134.12205451727,-43133.12205451727,50001.0,2024-04-16,IMM_3xIMM_4,3,whites,-0.5271983278855252,-0.43124961907432535,1.0,2024-04-16 22:00:00-04:00,2024-04-17 08:00:00-04:00,-43133.12205451727,50001.0,-93134.12205451727,0.5271983278855252
2024-04-17 22:00:00-04:00,2024-04-18 08:00:00-04:00,1,0.4166666666666667,166154.57179563493,216155.57179563493,50001.0,2024-04-17,IMM_3xIMM_4,3,whites,-1.03686918398056,2.16151711652115,1.0,2024-04-17 22:00:00-04:00,2024-04-18 08:00:00-04:00,216155.57179563493,50001.0,166154.57179563493,1.03686918398056
2024-04-18 22:00:00-04:00,2024-04-19 08:00:00-04:00,1,0.4166666666666667,720087.0451651365,770088.0451651365,50001.0,2024-04-18,IMM_3xIMM_4,3,whites,-8.177300054830905,7.702999268167421,1.0,2024-04-18 22:00:00-04:00,2024-04-19 08:00:00-04:00,770088.0451651365,50001.0,720087.0451651365,8.177300054830905
2024-04-22 22:00:00-04:00,2024-04-23 08:00:00-04:00,1,0.4166666666666667,287936.72887192667,337937.72887192667,50001.0,2024-04-22,IMM_3xIMM_4,3,whites,-0.5416539082841787,3.379423993206654,1.0,2024-04-22 22:00:00-04:00,2024-04-23 08:00:00-04:00,337937.72887192667,50001.0,287936.72887192667,0.5416539082841787
2024-04-23 22:00:00-04:00,2024-04-24 08:00:00-04:00,1,0.4166666666666667,114906.0919585973,164907.0919585973,50001.0,2024-04-23,IMM_3xIMM_4,3,whites,1.5398274565755266,1.6489664105816537,-1.0,2024-04-23 22:00:00-04:00,2024-04-24 08:00:00-04:00,-164907.0919585973,50001.0,-214908.0919585973,1.5398274565755266
2024-04-24 22:00:00-04:00,2024-04-25 08:00:00-04:00,1,0.4166666666666667,-66514.12603966147,-16513.126039661467,50001.0,2024-04-24,IMM_3xIMM_4,3,whites,0.41495102838631226,-0.16510661326041287,-1.0,2024-04-24 22:00:00-04:00,2024-04-25 08:00:00-04:00,16513.126039661467,50001.0,-33487.87396033853,0.41495102838631226
2024-04-25 22:00:00-04:00,2024-04-26 08:00:00-04:00,1,0.4166666666666667,53893.601493403316,103894.60149340332,50001.0,2024-04-25,IMM_3xIMM_4,3,whites,-0.21009919881223027,1.0388578524456626,1.0,2024-04-25 22:00:00-04:00,2024-04-26 08:00:00-04:00,103894.60149340332,50001.0,53893.601493403316,0.21009919881223027
2024-04-29 22:00:00-04:00,2024-04-30 08:00:00-04:00,1,0.4166666666666667,-77937.78383397311,-27936.78383397311,50001.0,2024-04-29,IMM_3xIMM_4,3,whites,-0.5515168520644487,-0.2793165657975827,1.0,2024-04-29 22:00:00-04:00,2024-04-30 08:00:00-04:00,-27936.78383397311,50001.0,-77937.78383397311,0.5515168520644487
2024-04-30 22:00:00-04:00,2024-05-01 08:00:00-04:00,1,0.4166666666666667,12299.657494746149,62300.65749474615,50001.0,2024-04-30,IMM_3xIMM_4,3,whites,-0.9983470749261869,0.6229578036277772,1.0,2024-04-30 22:00:00-04:00,2024-05-01 08:00:00-04:00,62300.65749474615,50001.0,12299.657494746149,0.9983470749261869
2024-05-01 22:00:00-04:00,2024-05-02 08:00:00-04:00,1,0.4166666666666667,-202232.65764915943,-152231.65764915943,50001.0,2024-05-01,IMM_3xIMM_4,3,whites,0.01571682111052297,-1.5219699937966347,-1.0,2024-05-01 22:00:00-04:00,2024-05-02 08:00:00-04:00,152231.65764915943,50001.0,102230.65764915943,0.01571682111052297
2024-05-02 22:00:00-04:00,2024-05-03 08:00:00-04:00,1,0.4166666666666667,-234034.8003347814,-184033.8003347814,50001.0,2024-05-02,IMM_3xIMM_4,3,whites,0.2098450654472117,-1.8398853871481435,-1.0,2024-05-02 22:00:00-04:00,2024-05-03 08:00:00-04:00,184033.8003347814,50001.0,134032.8003347814,0.2098450654472117
2024-05-06 22:00:00-04:00,2024-05-07 08:00:00-04:00,1,0.4166666666666667,-128812.02887682617,-78811.02887682617,50001.0,2024-05-06,IMM_3xIMM_4,3,whites,-0.11285280803914333,-0.7879508435528315,1.0,2024-05-06 22:00:00-04:00,2024-05-07 08:00:00-04:00,-78811.02887682617,50001.0,-128812.02887682617,0.11285280803914333
2024-05-07 22:00:00-04:00,2024-05-08 08:00:00-04:00,1,0.4166666666666667,38516.49180954695,88517.49180954695,50001.0,2024-05-07,IMM_3xIMM_4,3,whites,0.02918994025833399,0.8850895050542817,-1.0,2024-05-07 22:00:00-04:00,2024-05-08 08:00:00-04:00,-88517.49180954695,50001.0,-138518.49180954695,0.02918994025833399
2024-05-08 22:00:00-04:00,2024-05-09 08:00:00-04:00,1,0.4166666666666667,-103859.82389896363,-53858.82389896363,50001.0,2024-05-08,IMM_3xIMM_4,3,whites,0.12533245829278172,-0.5384953689111072,-1.0,2024-05-08 22:00:00-04:00,2024-05-09 08:00:00-04:00,53858.82389896363,50001.0,3857.82389896363,0.12533245829278172
2024-05-09 22:00:00-04:00,2024-05-10 08:00:00-04:00,1,0.4166666666666667,37433.711878210306,87434.7118782103,50001.0,2024-05-09,IMM_3xIMM_4,3,whites,-0.3790027398382634,0.8742616091731215,1.0,2024-05-09 22:00:00-04:00,2024-05-10 08:00:00-04:00,87434.7118782103,50001.0,37433.711878210306,0.3790027398382634
2024-05-13 22:00:00-04:00,2024-05-14 08:00:00-04:00,1,0.4166666666666667,-178779.31944202632,-128778.31944202632,50001.0,2024-05-13,IMM_3xIMM_4,3,whites,-0.6390152990227271,-1.2874953501308184,1.0,2024-05-13 22:00:00-04:00,2024-05-14 08:00:00-04:00,-128778.31944202632,50001.0,-178779.31944202632,0.6390152990227271
2024-05-14 22:00:00-04:00,2024-05-15 08:00:00-04:00,1,0.4166666666666667,-305923.42907398194,-255922.42907398194,50001.0,2024-05-14,IMM_3xIMM_4,3,whites,0.510996268674635,-2.5585486863483275,-1.0,2024-05-14 22:00:00-04:00,2024-05-15 08:00:00-04:00,255922.42907398194,50001.0,205921.42907398194,0.510996268674635
2024-05-15 22:00:00-04:00,2024-05-16 08:00:00-04:00,1,0.4166666666666667,321284.295437634,371285.295437634,50001.0,2024-05-15,IMM_3xIMM_4,3,whites,-0.5981942426677378,3.7129275326286404,1.0,2024-05-15 22:00:00-04:00,2024-05-16 08:00:00-04:00,371285.295437634,50001.0,321284.295437634,0.5981942426677378
2024-05-16 22:00:00-04:00,2024-05-17 08:00:00-04:00,1,0.4166666666666667,73530.12047576159,123531.12047576159,50001.0,2024-05-16,IMM_3xIMM_4,3,whites,113.06251466680375,1.2351843191074963,-1.0,2024-05-16 22:00:00-04:00,2024-05-17 08:00:00-04:00,-123531.12047576159,50001.0,-173532.1204757616,113.06251466680375
2024-05-20 22:00:00-04:00,2024-05-21 08:00:00-04:00,1,0.4166666666666667,-110661.37442978472,-60660.374429784715,50001.0,2024-05-20,IMM_3xIMM_4,3,whites,-0.5012623581090558,-0.6065030895442192,1.0,2024-05-20 22:00:00-04:00,2024-05-21 08:00:00-04:00,-60660.374429784715,50001.0,-110661.37442978472,0.5012623581090558
2024-05-21 22:00:00-04:00,2024-05-22 08:00:00-04:00,1,0.4166666666666667,348906.8877626881,398907.8877626881,50001.0,2024-05-21,IMM_3xIMM_4,3,whites,0.000663659755684165,3.989196640992443,-1.0,2024-05-21 22:00:00-04:00,2024-05-22 08:00:00-04:00,-398907.8877626881,50001.0,-448908.8877626881,0.000663659755684165
2024-05-22 22:00:00-04:00,2024-05-23 08:00:00-04:00,1,0.4166666666666667,15115.775244608521,65116.77524460852,50001.0,2024-05-22,IMM_3xIMM_4,3,whites,-0.11292445471022816,0.6510862984842269,1.0,2024-05-22 22:00:00-04:00,2024-05-23 08:00:00-04:00,65116.77524460852,50001.0,15115.775244608521,0.11292445471022816
2024-05-23 22:00:00-04:00,2024-05-24 08:00:00-04:00,1,0.4166666666666667,117799.07006748766,167800.07006748766,50001.0,2024-05-23,IMM_3xIMM_4,3,whites,-0.6106713140614062,1.677882664377428,1.0,2024-05-23 22:00:00-04:00,2024-05-24 08:00:00-04:00,167800.07006748766,50001.0,117799.07006748766,0.6106713140614062
2024-05-28 22:00:00-04:00,2024-05-29 08:00:00-04:00,1,0.4166666666666667,-51439.108068048954,-1438.108068048954,50001.0,2024-05-28,IMM_3xIMM_4,3,whites,0.23642237069161354,-0.014378774900336566,-1.0,2024-05-28 22:00:00-04:00,2024-05-29 08:00:00-04:00,1438.108068048954,50001.0,-48562.891931951046,0.23642237069161354
2024-05-29 22:00:00-04:00,2024-05-30 08:00:00-04:00,1,0.4166666666666667,-268568.9831091985,-218567.9831091985,50001.0,2024-05-29,IMM_3xIMM_4,3,whites,0.9113865726106063,-2.1851612788060137,-1.0,2024-05-29 22:00:00-04:00,2024-05-30 08:00:00-04:00,218567.9831091985,50001.0,168566.9831091985,0.9113865726106063
2024-05-30 22:00:00-04:00,2024-05-31 08:00:00-04:00,1,0.4166666666666667,93732.43248426169,143733.4324842617,50001.0,2024-05-30,IMM_3xIMM_4,3,whites,-0.37361739788988046,1.4371746893393933,1.0,2024-05-30 22:00:00-04:00,2024-05-31 08:00:00-04:00,143733.4324842617,50001.0,93732.43248426169,0.37361739788988046
2024-06-03 22:00:00-04:00,2024-06-04 08:00:00-04:00,1,0.4166666666666667,-360484.8076478094,-310483.8076478094,50001.0,2024-06-03,IMM_3xIMM_4,3,whites,1.5541520098376616,-3.1039583507870283,-1.0,2024-06-03 22:00:00-04:00,2024-06-04 08:00:00-04:00,310483.8076478094,50001.0,260482.8076478094,1.5541520098376616
2024-06-04 22:00:00-04:00,2024-06-05 08:00:00-04:00,1,0.4166666666666667,-152553.1262107715,-102552.1262107715,50001.0,2024-06-04,IMM_3xIMM_4,3,whites,1.0366639933906185,-1.0253084386874889,-1.0,2024-06-04 22:00:00-04:00,2024-06-05 08:00:00-04:00,102552.1262107715,50001.0,52551.1262107715,1.0366639933906185
2024-06-05 22:00:00-04:00,2024-06-06 08:00:00-04:00,1,0.4166666666666667,-36173.4579616189,13827.5420383811,50001.0,2024-06-05,IMM_3xIMM_4,3,whites,0.8851463036200435,0.13825370694426908,-1.0,2024-06-05 22:00:00-04:00,2024-06-06 08:00:00-04:00,-13827.5420383811,50001.0,-63828.5420383811,0.8851463036200435
2024-06-06 22:00:00-04:00,2024-06-07 08:00:00-04:00,1,0.4166666666666667,-5967.134278714657,44033.86572128534,50001.0,2024-06-06,IMM_3xIMM_4,3,whites,1.2872778313454347,0.44027397491257503,-1.0,2024-06-06 22:00:00-04:00,2024-06-07 08:00:00-04:00,-44033.86572128534,50001.0,-94034.86572128534,1.2872778313454347
2024-06-10 22:00:00-04:00,2024-06-11 08:00:00-04:00,1,0.4166666666666667,-235953.5134293884,-185952.5134293884,50001.0,2024-06-10,IMM_3xIMM_4,3,whites,-1.2957781962848358,-1.859115386402621,1.0,2024-06-10 22:00:00-04:00,2024-06-11 08:00:00-04:00,-185952.5134293884,50001.0,-235953.5134293884,1.2957781962848358
2024-06-11 22:00:00-04:00,2024-06-12 08:00:00-04:00,1,0.4166666666666667,-106453.60716757923,-56452.607167579234,50001.0,2024-06-11,IMM_3xIMM_4,3,whites,-0.3880634057348509,-0.5644300079892695,1.0,2024-06-11 22:00:00-04:00,2024-06-12 08:00:00-04:00,-56452.607167579234,50001.0,-106453.60716757923,0.3880634057348509
2024-06-12 22:00:00-04:00,2024-06-13 08:00:00-04:00,1,0.4166666666666667,-131674.9850550294,-81673.98505502939,50001.0,2024-06-12,IMM_3xIMM_4,3,whites,0.012726444996857822,-0.8165980563044073,-1.0,2024-06-12 22:00:00-04:00,2024-06-13 08:00:00-04:00,81673.98505502939,50001.0,31672.985055029392,0.012726444996857822
2024-06-13 22:00:00-04:00,2024-06-14 08:00:00-04:00,1,0.4166666666666667,-448974.4806885943,-398973.4806885943,50001.0,2024-06-13,IMM_3xIMM_4,3,whites,1.6606033939497777,-3.9885723427530273,-1.0,2024-06-13 22:00:00-04:00,2024-06-14 08:00:00-04:00,398973.4806885943,50001.0,348972.4806885943,1.6606033939497777
2024-06-17 22:00:00-04:00,2024-06-18 08:00:00-04:00,1,0.4166666666666667,63441.84758814424,113442.84758814424,50001.0,2024-06-17,IMM_3xIMM_4,3,whites,-1.2872586259608632,-26.27519452249647,1.0,2024-06-17 22:00:00-04:00,2024-06-18 08:00:00-04:00,113442.84758814424,50001.0,63441.84758814424,1.2872586259608632
2024-06-20 22:00:00-04:00,2024-06-21 08:00:00-04:00,1,0.4166666666666667,-425251.005815655,-375250.005815655,50001.0,2024-06-20,IMM_3xIMM_4,3,whites,0.7436947742995415,-3.7513828454965648,-1.0,2024-06-20 22:00:00-04:00,2024-06-21 08:00:00-04:00,375250.005815655,50001.0,325249.005815655,0.7436947742995415
2024-06-24 22:00:00-04:00,2024-06-25 08:00:00-04:00,1,0.4166666666666667,-86680.55463285744,-36679.55463285744,50001.0,2024-06-24,IMM_3xIMM_4,3,whites,-0.03708900484307165,-0.36672394631338534,1.0,2024-06-24 22:00:00-04:00,2024-06-25 08:00:00-04:00,-36679.55463285744,50001.0,-86680.55463285744,0.03708900484307165
2024-06-25 22:00:00-04:00,2024-06-26 08:00:00-04:00,1,0.4166666666666667,150543.01786700636,200544.01786700636,50001.0,2024-06-25,IMM_3xIMM_4,3,whites,1.9024846994666333,2.005392536013151,-1.0,2024-06-25 22:00:00-04:00,2024-06-26 08:00:00-04:00,-200544.01786700636,50001.0,-250545.01786700636,1.9024846994666333
2024-06-26 22:00:00-04:00,2024-06-27 08:00:00-04:00,1,0.4166666666666667,-42150.51806136221,7850.481938637793,50001.0,2024-06-26,IMM_3xIMM_4,3,whites,0.25746830931883125,0.07849564849538027,-1.0,2024-06-26 22:00:00-04:00,2024-06-27 08:00:00-04:00,-7850.481938637793,50001.0,-57851.48193863779,0.25746830931883125
2024-06-27 22:00:00-04:00,2024-06-28 08:00:00-04:00,1,0.4166666666666667,-119483.62497021258,-69482.62497021258,50001.0,2024-06-27,IMM_3xIMM_4,3,whites,1.5026233379851206,-0.6946825661614753,-1.0,2024-06-27 22:00:00-04:00,2024-06-28 08:00:00-04:00,69482.62497021258,50001.0,19481.62497021258,1.5026233379851206
2024-07-01 22:00:00-04:00,2024-07-02 08:00:00-04:00,1,0.4166666666666667,-111444.91637268662,-61443.916372686625,50001.0,2024-07-01,IMM_3xIMM_4,3,whites,-0.5213942406877337,-0.6143337122614945,1.0,2024-07-01 22:00:00-04:00,2024-07-02 08:00:00-04:00,-61443.916372686625,50001.0,-111444.91637268662,0.5213942406877337
2024-07-02 22:00:00-04:00,2024-07-03 08:00:00-04:00,1,0.4166666666666667,244950.17799717188,294951.1779971719,50001.0,2024-07-02,IMM_3xIMM_4,3,whites,0.39484142739532047,2.9495253242004082,-1.0,2024-07-02 22:00:00-04:00,2024-07-03 08:00:00-04:00,-294951.1779971719,50001.0,-344952.1779971719,0.39484142739532047
2024-07-08 22:00:00-04:00,2024-07-09 08:00:00-04:00,1,0.4166666666666667,121564.93287725747,171565.93287725747,50001.0,2024-07-08,IMM_3xIMM_4,3,whites,-0.6039234755888856,1.7156026698350146,1.0,2024-07-08 22:00:00-04:00,2024-07-09 08:00:00-04:00,171565.93287725747,50001.0,121564.93287725747,0.6039234755888856
2024-07-09 22:00:00-04:00,2024-07-10 08:00:00-04:00,1,0.4166666666666667,-351478.5688925162,-301477.5688925162,50001.0,2024-07-09,IMM_3xIMM_4,3,whites,1.1282737557602118,-3.0137494228112516,-1.0,2024-07-09 22:00:00-04:00,2024-07-10 08:00:00-04:00,301477.5688925162,50001.0,251476.5688925162,1.1282737557602118
2024-07-10 22:00:00-04:00,2024-07-11 08:00:00-04:00,1,0.4166666666666667,22826.56101770699,72827.56101770699,50001.0,2024-07-10,IMM_3xIMM_4,3,whites,-0.11203241870036962,0.7282284598201016,1.0,2024-07-10 22:00:00-04:00,2024-07-11 08:00:00-04:00,72827.56101770699,50001.0,22826.56101770699,0.11203241870036962
2024-07-11 22:00:00-04:00,2024-07-12 08:00:00-04:00,1,0.4166666666666667,-135991.24183097482,-85990.24183097482,50001.0,2024-07-11,IMM_3xIMM_4,3,whites,0.9934780296537049,-0.8597223266303189,-1.0,2024-07-11 22:00:00-04:00,2024-07-12 08:00:00-04:00,85990.24183097482,50001.0,35989.24183097482,0.9934780296537049
2024-07-15 22:00:00-04:00,2024-07-16 08:00:00-04:00,1,0.4166666666666667,-329648.66760608554,-279647.66760608554,50001.0,2024-07-15,IMM_3xIMM_4,3,whites,-0.9153656564686585,-2.7957157699909807,1.0,2024-07-15 22:00:00-04:00,2024-07-16 08:00:00-04:00,-279647.66760608554,50001.0,-329648.66760608554,0.9153656564686585
2024-07-16 22:00:00-04:00,2024-07-17 08:00:00-04:00,1,0.4166666666666667,268109.8394402787,318110.8394402787,50001.0,2024-07-16,IMM_3xIMM_4,3,whites,2.5458117485759324,3.1812322611608046,-1.0,2024-07-16 22:00:00-04:00,2024-07-17 08:00:00-04:00,-318110.8394402787,50001.0,-368111.8394402787,2.5458117485759324
2024-07-17 22:00:00-04:00,2024-07-18 08:00:00-04:00,1,0.4166666666666667,91349.89094042033,141350.89094042033,50001.0,2024-07-17,IMM_3xIMM_4,3,whites,1.0988020094773177,1.4134014063137634,-1.0,2024-07-17 22:00:00-04:00,2024-07-18 08:00:00-04:00,-141350.89094042033,50001.0,-191351.89094042033,1.0988020094773177
2024-07-18 22:00:00-04:00,2024-07-19 08:00:00-04:00,1,0.4166666666666667,-62963.01195821911,-12962.011958219111,50001.0,2024-07-18,IMM_3xIMM_4,3,whites,0.46981557157179665,-0.12959904476179673,-1.0,2024-07-18 22:00:00-04:00,2024-07-19 08:00:00-04:00,12962.011958219111,50001.0,-37038.98804178089,0.46981557157179665
2024-07-22 22:00:00-04:00,2024-07-23 08:00:00-04:00,1,0.4166666666666667,46742.87120267749,96743.87120267749,50001.0,2024-07-22,IMM_3xIMM_4,3,whites,-0.5091736138740366,0.9673036542042546,1.0,2024-07-22 22:00:00-04:00,2024-07-23 08:00:00-04:00,96743.87120267749,50001.0,46742.87120267749,0.5091736138740366
2024-07-23 22:00:00-04:00,2024-07-24 08:00:00-04:00,1,0.4166666666666667,-381280.6642395109,-331279.6642395109,50001.0,2024-07-23,IMM_3xIMM_4,3,whites,0.41342208915171597,-3.3117336190039204,-1.0,2024-07-23 22:00:00-04:00,2024-07-24 08:00:00-04:00,331279.6642395109,50001.0,281278.6642395109,0.41342208915171597
2024-07-24 22:00:00-04:00,2024-07-25 08:00:00-04:00,1,0.4166666666666667,-487357.4900523126,-437356.4900523126,50001.0,2024-07-24,IMM_3xIMM_4,3,whites,-2.8011070722350873,-4.371584096503156,1.0,2024-07-24 22:00:00-04:00,2024-07-25 08:00:00-04:00,-437356.4900523126,50001.0,-487357.4900523126,2.8011070722350873
2024-07-25 22:00:00-04:00,2024-07-26 08:00:00-04:00,1,0.4166666666666667,-50290.046820521355,-289.0468205213547,50001.0,2024-07-25,IMM_3xIMM_4,3,whites,0.9411055747974295,-0.002890026828872294,-1.0,2024-07-25 22:00:00-04:00,2024-07-26 08:00:00-04:00,289.0468205213547,50001.0,-49711.953179478645,0.9411055747974295
2024-07-29 22:00:00-04:00,2024-07-30 08:00:00-04:00,1,0.4166666666666667,-124630.95342610776,-74629.95342610776,50001.0,2024-07-29,IMM_3xIMM_4,3,whites,0.13119739101705719,-0.7461655170397208,-1.0,2024-07-29 22:00:00-04:00,2024-07-30 08:00:00-04:00,74629.95342610776,50001.0,24628.953426107764,0.13119739101705719
2024-07-30 22:00:00-04:00,2024-07-31 08:00:00-04:00,1,0.4166666666666667,40677.595604382455,90678.59560438246,50001.0,2024-07-30,IMM_3xIMM_4,3,whites,-0.3903241763209664,0.9067268051199839,1.0,2024-07-30 22:00:00-04:00,2024-07-31 08:00:00-04:00,90678.59560438246,50001.0,40677.595604382455,0.3903241763209664
2024-07-31 22:00:00-04:00,2024-08-01 08:00:00-04:00,1,0.4166666666666667,206453.87592092901,256454.87592092901,50001.0,2024-07-31,IMM_3xIMM_4,3,whites,-0.06967530817778567,2.5644077474527904,1.0,2024-07-31 22:00:00-04:00,2024-08-01 08:00:00-04:00,256454.87592092901,50001.0,206453.87592092901,0.06967530817778567
2024-08-01 22:00:00-04:00,2024-08-02 08:00:00-04:00,1,0.4166666666666667,-142700.7384012863,-92699.7384012863,50001.0,2024-08-01,IMM_3xIMM_4,3,whites,-1.6178603784753776,-0.9268450354633639,1.0,2024-08-01 22:00:00-04:00,2024-08-02 08:00:00-04:00,-92699.7384012863,50001.0,-142700.7384012863,1.6178603784753776
2024-08-05 22:00:00-04:00,2024-08-06 08:00:00-04:00,1,0.4166666666666667,-10421.09404682368,39579.90595317632,50001.0,2024-08-05,IMM_3xIMM_4,3,whites,4.648447680588497,0.3957259990376105,-1.0,2024-08-05 22:00:00-04:00,2024-08-06 08:00:00-04:00,-39579.90595317632,50001.0,-89580.90595317632,4.648447680588497
2024-08-06 22:00:00-04:00,2024-08-07 08:00:00-04:00,1,0.4166666666666667,-309854.38775921613,-259853.38775921613,50001.0,2024-08-06,IMM_3xIMM_4,3,whites,3.6637728389858015,-2.597775271563707,-1.0,2024-08-06 22:00:00-04:00,2024-08-07 08:00:00-04:00,259853.38775921613,50001.0,209852.38775921613,3.6637728389858015
2024-08-07 22:00:00-04:00,2024-08-08 08:00:00-04:00,1,0.4166666666666667,38927.486870743334,88928.48687074333,50001.0,2024-08-07,IMM_3xIMM_4,3,whites,-0.6250788288294284,0.8892060200335727,1.0,2024-08-07 22:00:00-04:00,2024-08-08 08:00:00-04:00,88928.48687074333,50001.0,38927.486870743334,0.6250788288294284
2024-08-08 22:00:00-04:00,2024-08-09 08:00:00-04:00,1,0.4166666666666667,225597.65936075896,275598.65936075896,50001.0,2024-08-08,IMM_3xIMM_4,3,whites,-1.5147658352169913,2.756007842038466,1.0,2024-08-08 22:00:00-04:00,2024-08-09 08:00:00-04:00,275598.65936075896,50001.0,225597.65936075896,1.5147658352169913
2024-08-12 22:00:00-04:00,2024-08-13 08:00:00-04:00,1,0.4166666666666667,-280903.05022221804,-230902.05022221804,50001.0,2024-08-12,IMM_3xIMM_4,3,whites,-0.669310855240246,-2.3083116490767885,1.0,2024-08-12 22:00:00-04:00,2024-08-13 08:00:00-04:00,-230902.05022221804,50001.0,-280903.05022221804,0.669310855240246
2024-08-13 22:00:00-04:00,2024-08-14 08:00:00-04:00,1,0.4166666666666667,-262771.8685933426,-212770.8685933426,50001.0,2024-08-13,IMM_3xIMM_4,3,whites,1.4013546339165739,-2.127275802270878,-1.0,2024-08-13 22:00:00-04:00,2024-08-14 08:00:00-04:00,212770.8685933426,50001.0,162769.8685933426,1.4013546339165739
2024-08-14 22:00:00-04:00,2024-08-15 08:00:00-04:00,1,0.4166666666666667,-246905.48122514784,-196904.48122514784,50001.0,2024-08-14,IMM_3xIMM_4,3,whites,0.3645976284663899,-1.9685387764527995,-1.0,2024-08-14 22:00:00-04:00,2024-08-15 08:00:00-04:00,196904.48122514784,50001.0,146903.48122514784,0.3645976284663899
2024-08-15 22:00:00-04:00,2024-08-16 08:00:00-04:00,1,0.4166666666666667,-486346.81672436,-436345.81672436,50001.0,2024-08-15,IMM_3xIMM_4,3,whites,-1.2547062082061355,-4.361875968917861,1.0,2024-08-15 22:00:00-04:00,2024-08-16 08:00:00-04:00,-436345.81672436,50001.0,-486346.81672436,1.2547062082061355
2024-08-19 22:00:00-04:00,2024-08-20 08:00:00-04:00,1,0.4166666666666667,-146819.52935667336,-96818.52935667336,50001.0,2024-08-19,IMM_3xIMM_4,3,whites,-0.8246741550829828,-0.9679914159286707,1.0,2024-08-19 22:00:00-04:00,2024-08-20 08:00:00-04:00,-96818.52935667336,50001.0,-146819.52935667336,0.8246741550829828
2024-08-20 22:00:00-04:00,2024-08-21 08:00:00-04:00,1,0.4166666666666667,-81365.15186657012,-31364.151866570115,50001.0,2024-08-20,IMM_3xIMM_4,3,whites,0.5362020201387985,-0.31359799295378465,-1.0,2024-08-20 22:00:00-04:00,2024-08-21 08:00:00-04:00,31364.151866570115,50001.0,-18636.848133429885,0.5362020201387985
2024-08-21 22:00:00-04:00,2024-08-22 08:00:00-04:00,1,0.4166666666666667,294728.93217549473,344729.93217549473,50001.0,2024-08-21,IMM_3xIMM_4,3,whites,1.1268094948543084,3.447504434613924,-1.0,2024-08-21 22:00:00-04:00,2024-08-22 08:00:00-04:00,-344729.93217549473,50001.0,-394730.93217549473,1.1268094948543084
2024-08-22 22:00:00-04:00,2024-08-23 08:00:00-04:00,1,0.4166666666666667,223429.15762226284,273430.15762226284,50001.0,2024-08-22,IMM_3xIMM_4,3,whites,-2.8417335524810294,2.7342086737658367,1.0,2024-08-22 22:00:00-04:00,2024-08-23 08:00:00-04:00,273430.15762226284,50001.0,223429.15762226284,2.8417335524810294
2024-08-26 22:00:00-04:00,2024-08-27 08:00:00-04:00,1,0.4166666666666667,76715.11745484918,126716.11745484918,50001.0,2024-08-26,IMM_3xIMM_4,3,whites,-0.6477183303205791,1.2670431443029262,1.0,2024-08-26 22:00:00-04:00,2024-08-27 08:00:00-04:00,126716.11745484918,50001.0,76715.11745484918,0.6477183303205791
2024-08-27 22:00:00-04:00,2024-08-28 08:00:00-04:00,1,0.4166666666666667,-228316.9774434194,-178315.9774434194,50001.0,2024-08-27,IMM_3xIMM_4,3,whites,0.9017506130727604,-1.7827216870626383,-1.0,2024-08-27 22:00:00-04:00,2024-08-28 08:00:00-04:00,178315.9774434194,50001.0,128314.9774434194,0.9017506130727604
2024-08-28 22:00:00-04:00,2024-08-29 08:00:00-04:00,1,0.4166666666666667,-112690.01201099157,-62689.01201099157,50001.0,2024-08-28,IMM_3xIMM_4,3,whites,-0.37464376624281037,-0.626780642367919,1.0,2024-08-28 22:00:00-04:00,2024-08-29 08:00:00-04:00,-62689.01201099157,50001.0,-112690.01201099157,0.37464376624281037
2024-08-29 22:00:00-04:00,2024-08-30 08:00:00-04:00,1,0.4166666666666667,65387.45754215121,115388.45754215121,50001.0,2024-08-29,IMM_3xIMM_4,3,whites,0.2986247179383117,1.1537710088074693,-1.0,2024-08-29 22:00:00-04:00,2024-08-30 08:00:00-04:00,-115388.45754215121,50001.0,-165389.4575421512,0.2986247179383117
2024-09-03 22:00:00-04:00,2024-09-04 08:00:00-04:00,1,0.4166666666666667,-195165.3473509848,-145164.3473509848,50001.0,2024-09-03,IMM_3xIMM_4,3,whites,-0.6204705666883914,-1.451340151479119,1.0,2024-09-03 22:00:00-04:00,2024-09-04 08:00:00-04:00,-145164.3473509848,50001.0,-195165.3473509848,0.6204705666883914
2024-09-04 22:00:00-04:00,2024-09-05 08:00:00-04:00,1,0.4166666666666667,-99127.96422723681,-49126.96422723681,50001.0,2024-09-04,IMM_3xIMM_4,3,whites,1.9257674531256264,-0.49119772132817374,-1.0,2024-09-04 22:00:00-04:00,2024-09-05 08:00:00-04:00,49126.96422723681,50001.0,-874.0357727631927,1.9257674531256264
2024-09-05 22:00:00-04:00,2024-09-06 08:00:00-04:00,1,0.4166666666666667,-362229.29785541445,-312228.29785541445,50001.0,2024-09-05,IMM_3xIMM_4,3,whites,0.655000536956063,-3.121338961083042,-1.0,2024-09-05 22:00:00-04:00,2024-09-06 08:00:00-04:00,312228.29785541445,50001.0,262227.29785541445,0.655000536956063
2024-09-09 22:00:00-04:00,2024-09-10 08:00:00-04:00,1,0.4166666666666667,-59041.74427173287,-9040.744271732867,50001.0,2024-09-09,IMM_3xIMM_4,3,whites,2.0165938526084393,-0.09039367582368563,-1.0,2024-09-09 22:00:00-04:00,2024-09-10 08:00:00-04:00,9040.744271732867,50001.0,-40960.25572826713,2.0165938526084393
2024-09-10 22:00:00-04:00,2024-09-11 08:00:00-04:00,1,0.4166666666666667,-89534.278457582,-39533.278457582,50001.0,2024-09-10,IMM_3xIMM_4,3,whites,-0.8753465341232669,-0.39526156585116823,1.0,2024-09-10 22:00:00-04:00,2024-09-11 08:00:00-04:00,-39533.278457582,50001.0,-89534.278457582,0.8753465341232669
2024-09-11 22:00:00-04:00,2024-09-12 08:00:00-04:00,1,0.4166666666666667,54731.905025459826,104732.90502545983,50001.0,2024-09-11,IMM_3xIMM_4,3,whites,1.414690883893499,1.0472127776369078,-1.0,2024-09-11 22:00:00-04:00,2024-09-12 08:00:00-04:00,-104732.90502545983,50001.0,-154733.90502545983,1.414690883893499
2024-09-12 22:00:00-04:00,2024-09-13 08:00:00-04:00,1,0.4166666666666667,90910.29767017812,140911.29767017812,50001.0,2024-09-12,IMM_3xIMM_4,3,whites,-5.534971206070383,1.4089852482986664,1.0,2024-09-12 22:00:00-04:00,2024-09-13 08:00:00-04:00,140911.29767017812,50001.0,90910.29767017812,5.534971206070383
2024-09-16 22:00:00-04:00,2024-09-17 08:00:00-04:00,1,0.4166666666666667,80140.39289741218,130141.39289741218,50001.0,2024-09-16,IMM_3xIMM_4,3,whites,0.2708310060349106,-35.93436456235985,-1.0,2024-09-16 22:00:00-04:00,2024-09-17 08:00:00-04:00,-130141.39289741218,50001.0,-180142.39289741218,0.2708310060349106
2024-09-17 22:00:00-04:00,2024-09-18 08:00:00-04:00,1,0.4166666666666667,342341.267019365,392342.267019365,50001.0,2024-09-17,IMM_3xIMM_4,3,whites,-1.3073495242157396,3.9220755922118045,1.0,2024-09-17 22:00:00-04:00,2024-09-18 08:00:00-04:00,392342.267019365,50001.0,342341.267019365,1.3073495242157396
2024-09-18 22:00:00-04:00,2024-09-19 08:00:00-04:00,1,0.4166666666666667,-929643.855151236,-879642.855151236,50001.0,2024-09-18,IMM_3xIMM_4,3,whites,3.9712951201904545,-8.790629202221512,-1.0,2024-09-18 22:00:00-04:00,2024-09-19 08:00:00-04:00,879642.855151236,50001.0,829641.855151236,3.9712951201904545
2024-09-19 22:00:00-04:00,2024-09-20 08:00:00-04:00,1,0.4166666666666667,448345.9960586466,498346.9960586466,50001.0,2024-09-19,IMM_3xIMM_4,3,whites,-1.1788396361046782,4.9843885657380405,1.0,2024-09-19 22:00:00-04:00,2024-09-20 08:00:00-04:00,498346.9960586466,50001.0,448345.9960586466,1.1788396361046782
2024-09-23 22:00:00-04:00,2024-09-24 08:00:00-04:00,1,0.4166666666666667,294421.1399705149,344422.1399705149,50001.0,2024-09-23,IMM_3xIMM_4,3,whites,-1.3169243974529454,3.4444651341543953,1.0,2024-09-23 22:00:00-04:00,2024-09-24 08:00:00-04:00,344422.1399705149,50001.0,294421.1399705149,1.3169243974529454
2024-09-24 22:00:00-04:00,2024-09-25 08:00:00-04:00,1,0.4166666666666667,194934.06559883058,244935.06559883058,50001.0,2024-09-24,IMM_3xIMM_4,3,whites,0.5178189420460111,2.449379082011749,-1.0,2024-09-24 22:00:00-04:00,2024-09-25 08:00:00-04:00,-244935.06559883058,50001.0,-294936.0655988306,0.5178189420460111
2024-09-25 22:00:00-04:00,2024-09-26 08:00:00-04:00,1,0.4166666666666667,-334717.60858762637,-284716.60858762637,50001.0,2024-09-25,IMM_3xIMM_4,3,whites,0.3683345948949146,-2.8462724158320185,-1.0,2024-09-25 22:00:00-04:00,2024-09-26 08:00:00-04:00,284716.60858762637,50001.0,234715.60858762637,0.3683345948949146
2024-09-26 22:00:00-04:00,2024-09-27 08:00:00-04:00,1,0.4166666666666667,-178328.15258152038,-128327.15258152038,50001.0,2024-09-26,IMM_3xIMM_4,3,whites,-0.21209735757588,-1.2829282148893117,1.0,2024-09-26 22:00:00-04:00,2024-09-27 08:00:00-04:00,-128327.15258152038,50001.0,-178328.15258152038,0.21209735757588
2024-09-30 22:00:00-04:00,2024-10-01 08:00:00-04:00,1,0.4166666666666667,-87483.00650886819,-37482.00650886819,50001.0,2024-09-30,IMM_3xIMM_4,3,whites,-1.9044534148374481,-0.37475456200235513,1.0,2024-09-30 22:00:00-04:00,2024-10-01 08:00:00-04:00,-37482.00650886819,50001.0,-87483.00650886819,1.9044534148374481
2024-10-01 22:00:00-04:00,2024-10-02 08:00:00-04:00,1,0.4166666666666667,-39870.196409951895,10130.803590048105,50001.0,2024-10-01,IMM_3xIMM_4,3,whites,0.39750814407146784,0.10129190304981606,-1.0,2024-10-01 22:00:00-04:00,2024-10-02 08:00:00-04:00,-10130.803590048105,50001.0,-60131.803590048105,0.39750814407146784
2024-10-02 22:00:00-04:00,2024-10-03 08:00:00-04:00,1,0.4166666666666667,65723.51347071305,115724.51347071305,50001.0,2024-10-02,IMM_3xIMM_4,3,whites,0.6793293198036565,1.157137665975938,-1.0,2024-10-02 22:00:00-04:00,2024-10-03 08:00:00-04:00,-115724.51347071305,50001.0,-165725.51347071305,0.6793293198036565
2024-10-03 22:00:00-04:00,2024-10-04 08:00:00-04:00,1,0.4166666666666667,528411.3557840064,578412.3557840064,50001.0,2024-10-03,IMM_3xIMM_4,3,whites,-1.4016181484454826,5.785319397241251,1.0,2024-10-03 22:00:00-04:00,2024-10-04 08:00:00-04:00,578412.3557840064,50001.0,528411.3557840064,1.4016181484454826
2024-10-07 22:00:00-04:00,2024-10-08 08:00:00-04:00,1,0.4166666666666667,76437.04150593281,126438.04150593281,50001.0,2024-10-07,IMM_3xIMM_4,3,whites,-4.499643020697741,1.2643426229578925,1.0,2024-10-07 22:00:00-04:00,2024-10-08 08:00:00-04:00,126438.04150593281,50001.0,76437.04150593281,4.499643020697741
2024-10-08 22:00:00-04:00,2024-10-09 08:00:00-04:00,1,0.4166666666666667,205729.6925882697,255730.6925882697,50001.0,2024-10-08,IMM_3xIMM_4,3,whites,-1.423149085592934,2.5573327290004944,1.0,2024-10-08 22:00:00-04:00,2024-10-09 08:00:00-04:00,255730.6925882697,50001.0,205729.6925882697,1.423149085592934
2024-10-09 22:00:00-04:00,2024-10-10 08:00:00-04:00,1,0.4166666666666667,479066.94222877175,529067.9422287717,50001.0,2024-10-09,IMM_3xIMM_4,3,whites,-1.3026482935933448,5.291854314370736,1.0,2024-10-09 22:00:00-04:00,2024-10-10 08:00:00-04:00,529067.9422287717,50001.0,479066.94222877175,1.3026482935933448
2024-10-10 22:00:00-04:00,2024-10-11 08:00:00-04:00,1,0.4166666666666667,199230.33825660497,249231.33825660497,50001.0,2024-10-10,IMM_3xIMM_4,3,whites,1.319573545913899,2.492254617107692,-1.0,2024-10-10 22:00:00-04:00,2024-10-11 08:00:00-04:00,-249231.33825660497,50001.0,-299232.33825660497,1.319573545913899
2024-10-15 22:00:00-04:00,2024-10-16 08:00:00-04:00,1,0.4166666666666667,-346989.4219770059,-296988.4219770059,50001.0,2024-10-15,IMM_3xIMM_4,3,whites,-0.39979385712309856,-2.968931039257372,1.0,2024-10-15 22:00:00-04:00,2024-10-16 08:00:00-04:00,-296988.4219770059,50001.0,-346989.4219770059,0.39979385712309856
2024-10-16 22:00:00-04:00,2024-10-17 08:00:00-04:00,1,0.4166666666666667,50701.186481028795,100702.1864810288,50001.0,2024-10-16,IMM_3xIMM_4,3,whites,0.402464187971896,1.006945917654134,-1.0,2024-10-16 22:00:00-04:00,2024-10-17 08:00:00-04:00,-100702.1864810288,50001.0,-150703.1864810288,0.402464187971896
2024-10-17 22:00:00-04:00,2024-10-18 08:00:00-04:00,1,0.4166666666666667,83720.04736700654,133721.04736700654,50001.0,2024-10-17,IMM_3xIMM_4,3,whites,-0.8466733285110717,1.3370434104754914,1.0,2024-10-17 22:00:00-04:00,2024-10-18 08:00:00-04:00,133721.04736700654,50001.0,83720.04736700654,0.8466733285110717
2024-10-21 22:00:00-04:00,2024-10-22 08:00:00-04:00,1,0.4166666666666667,287596.6407895833,337597.6407895833,50001.0,2024-10-21,IMM_3xIMM_4,3,whites,-1.303243182145053,3.3760942252200277,1.0,2024-10-21 22:00:00-04:00,2024-10-22 08:00:00-04:00,337597.6407895833,50001.0,287596.6407895833,1.303243182145053
2024-10-22 22:00:00-04:00,2024-10-23 08:00:00-04:00,1,0.4166666666666667,-2797.765257999301,47203.2347420007,50001.0,2024-10-22,IMM_3xIMM_4,3,whites,1.6970854912664812,0.4719743357809225,-1.0,2024-10-22 22:00:00-04:00,2024-10-23 08:00:00-04:00,-47203.2347420007,50001.0,-97204.2347420007,1.6970854912664812
2024-10-23 22:00:00-04:00,2024-10-24 08:00:00-04:00,1,0.4166666666666667,-262509.1976269707,-212508.1976269707,50001.0,2024-10-23,IMM_3xIMM_4,3,whites,-2.2395541298382504,-2.124517492461786,1.0,2024-10-23 22:00:00-04:00,2024-10-24 08:00:00-04:00,-212508.1976269707,50001.0,-262509.1976269707,2.2395541298382504
2024-10-24 22:00:00-04:00,2024-10-25 08:00:00-04:00,1,0.4166666666666667,-148523.27136089653,-98522.27136089653,50001.0,2024-10-24,IMM_3xIMM_4,3,whites,-1.5577505695473004,-0.9850019350143846,1.0,2024-10-24 22:00:00-04:00,2024-10-25 08:00:00-04:00,-98522.27136089653,50001.0,-148523.27136089653,1.5577505695473004
2024-10-28 22:00:00-04:00,2024-10-29 08:00:00-04:00,1,0.4166666666666667,10347.832372188568,60348.83237218857,50001.0,2024-10-28,IMM_3xIMM_4,3,whites,-1.55111580615368,0.6034213892252005,1.0,2024-10-28 22:00:00-04:00,2024-10-29 08:00:00-04:00,60348.83237218857,50001.0,10347.832372188568,1.55111580615368
2024-10-29 22:00:00-04:00,2024-10-30 08:00:00-04:00,1,0.4166666666666667,11603.082809336483,61604.08280933648,50001.0,2024-10-29,IMM_3xIMM_4,3,whites,-1.0054396903616425,0.6160079911395666,1.0,2024-10-29 22:00:00-04:00,2024-10-30 08:00:00-04:00,61604.08280933648,50001.0,11603.082809336483,1.0054396903616425
2024-10-30 22:00:00-04:00,2024-10-31 08:00:00-04:00,1,0.4166666666666667,-10058.279610924423,39942.72038907558,50001.0,2024-10-30,IMM_3xIMM_4,3,whites,-0.40013204355155985,0.3993784723591798,1.0,2024-10-30 22:00:00-04:00,2024-10-31 08:00:00-04:00,39942.72038907558,50001.0,-10058.279610924423,0.40013204355155985
2024-10-31 22:00:00-04:00,2024-11-01 08:00:00-04:00,1,0.4166666666666667,182494.75883053988,232495.75883053988,50001.0,2024-10-31,IMM_3xIMM_4,3,whites,-0.8033479210820982,2.3249540961719273,1.0,2024-10-31 22:00:00-04:00,2024-11-01 08:00:00-04:00,232495.75883053988,50001.0,182494.75883053988,0.8033479210820982
2024-11-04 22:00:00-05:00,2024-11-05 08:00:00-05:00,1,0.4166666666666667,138857.3811570257,188858.3811570257,50001.0,2024-11-04,IMM_3xIMM_4,3,whites,0.6081787729252053,1.8885454138462876,-1.0,2024-11-04 22:00:00-05:00,2024-11-05 08:00:00-05:00,-188858.3811570257,50001.0,-238859.3811570257,0.6081787729252053
2024-11-05 22:00:00-05:00,2024-11-06 08:00:00-05:00,1,0.4166666666666667,-435009.0299620256,-385008.0299620256,50001.0,2024-11-05,IMM_3xIMM_4,3,whites,12.08857647209074,-3.8488947511503113,-1.0,2024-11-05 22:00:00-05:00,2024-11-06 08:00:00-05:00,385008.0299620256,50001.0,335007.0299620256,12.08857647209074
2024-11-06 22:00:00-05:00,2024-11-07 08:00:00-05:00,1,0.4166666666666667,-264332.99351041764,-214331.99351041764,50001.0,2024-11-06,IMM_3xIMM_4,3,whites,-1.1543017476273842,-2.1428998280629052,1.0,2024-11-06 22:00:00-05:00,2024-11-07 08:00:00-05:00,-214331.99351041764,50001.0,-264332.99351041764,1.1543017476273842
2024-11-07 22:00:00-05:00,2024-11-08 08:00:00-05:00,1,0.4166666666666667,-19360.248848885298,30640.751151114702,50001.0,2024-11-07,IMM_3xIMM_4,3,whites,0.9001695154812861,0.3063803489768091,-1.0,2024-11-07 22:00:00-05:00,2024-11-08 08:00:00-05:00,-30640.751151114702,50001.0,-80641.7511511147,0.9001695154812861
2024-11-12 22:00:00-05:00,2024-11-13 08:00:00-05:00,1,0.4166666666666667,-93553.20355660468,-43552.20355660468,50001.0,2024-11-12,IMM_3xIMM_4,3,whites,1.24472566965661,-0.4354579402911618,-1.0,2024-11-12 22:00:00-05:00,2024-11-13 08:00:00-05:00,43552.20355660468,50001.0,-6448.796443395317,1.24472566965661
2024-11-13 22:00:00-05:00,2024-11-14 08:00:00-05:00,1,0.4166666666666667,-430334.4589786455,-380333.4589786455,50001.0,2024-11-13,IMM_3xIMM_4,3,whites,2.774108168612255,-3.802284411895851,-1.0,2024-11-13 22:00:00-05:00,2024-11-14 08:00:00-05:00,380333.4589786455,50001.0,330332.4589786455,2.774108168612255
2024-11-14 22:00:00-05:00,2024-11-15 08:00:00-05:00,1,0.4166666666666667,-419869.76923460513,-369868.76923460513,50001.0,2024-11-14,IMM_3xIMM_4,3,whites,1.1088245868298152,-3.697546404846186,-1.0,2024-11-14 22:00:00-05:00,2024-11-15 08:00:00-05:00,369868.76923460513,50001.0,319867.76923460513,1.1088245868298152
2024-11-18 22:00:00-05:00,2024-11-19 08:00:00-05:00,1,0.4166666666666667,-404442.2123026401,-354441.2123026401,50001.0,2024-11-18,IMM_3xIMM_4,3,whites,-0.28308592575125857,-3.5433319929771834,1.0,2024-11-18 22:00:00-05:00,2024-11-19 08:00:00-05:00,-354441.2123026401,50001.0,-404442.2123026401,0.28308592575125857
2024-11-19 22:00:00-05:00,2024-11-20 08:00:00-05:00,1,0.4166666666666667,216943.20636888593,266944.20636888593,50001.0,2024-11-19,IMM_3xIMM_4,3,whites,-0.3944747797509862,2.669432492142665,1.0,2024-11-19 22:00:00-05:00,2024-11-20 08:00:00-05:00,266944.20636888593,50001.0,216943.20636888593,0.3944747797509862
2024-11-20 22:00:00-05:00,2024-11-21 08:00:00-05:00,1,0.4166666666666667,-99658.73321247846,-49657.73321247846,50001.0,2024-11-20,IMM_3xIMM_4,3,whites,-0.3979805478402376,-0.4964979208513576,1.0,2024-11-20 22:00:00-05:00,2024-11-21 08:00:00-05:00,-49657.73321247846,50001.0,-99658.73321247846,0.3979805478402376
2024-11-21 22:00:00-05:00,2024-11-22 08:00:00-05:00,1,0.4166666666666667,-149437.951226376,-99436.951226376,50001.0,2024-11-21,IMM_3xIMM_4,3,whites,-1.0105907721119856,-0.9941695782567983,1.0,2024-11-21 22:00:00-05:00,2024-11-22 08:00:00-05:00,-99436.951226376,50001.0,-149437.951226376,1.0105907721119856
2024-11-25 22:00:00-05:00,2024-11-26 08:00:00-05:00,1,0.4166666666666667,-293185.8781365454,-243184.87813654542,50001.0,2024-11-25,IMM_3xIMM_4,3,whites,0.9059163414327998,-2.4312223227421548,-1.0,2024-11-25 22:00:00-05:00,2024-11-26 08:00:00-05:00,243184.87813654542,50001.0,193183.87813654542,0.9059163414327998
2024-11-26 22:00:00-05:00,2024-11-27 08:00:00-05:00,1,0.4166666666666667,-413109.4579746723,-363108.4579746723,50001.0,2024-11-26,IMM_3xIMM_4,3,whites,-1.0234620737101352,-3.630037884041837,1.0,2024-11-26 22:00:00-05:00,2024-11-27 08:00:00-05:00,-363108.4579746723,50001.0,-413109.4579746723,1.0234620737101352
2024-12-02 22:00:00-05:00,2024-12-03 08:00:00-05:00,1,0.4166666666666667,-55799.24611721188,-5798.246117211878,50001.0,2024-12-02,IMM_3xIMM_4,3,whites,-0.6200217652703621,-0.05797601308916711,1.0,2024-12-02 22:00:00-05:00,2024-12-03 08:00:00-05:00,-5798.246117211878,50001.0,-55799.24611721188,0.6200217652703621
2024-12-03 22:00:00-05:00,2024-12-04 08:00:00-05:00,1,0.4166666666666667,115015.16715082526,165016.16715082526,50001.0,2024-12-03,IMM_3xIMM_4,3,whites,-0.8028598012081112,1.6500708606777437,1.0,2024-12-03 22:00:00-05:00,2024-12-04 08:00:00-05:00,165016.16715082526,50001.0,115015.16715082526,0.8028598012081112
2024-12-04 22:00:00-05:00,2024-12-05 08:00:00-05:00,1,0.4166666666666667,103340.88945973665,153341.88945973665,50001.0,2024-12-04,IMM_3xIMM_4,3,whites,0.896562077730767,1.533343576909374,-1.0,2024-12-04 22:00:00-05:00,2024-12-05 08:00:00-05:00,-153341.88945973665,50001.0,-203342.88945973665,0.896562077730767
2024-12-05 22:00:00-05:00,2024-12-06 08:00:00-05:00,1,0.4166666666666667,11159.205219171941,61160.20521917194,50001.0,2024-12-05,IMM_3xIMM_4,3,whites,1.3331019980132197,0.6115600212614591,-1.0,2024-12-05 22:00:00-05:00,2024-12-06 08:00:00-05:00,-61160.20521917194,50001.0,-111161.20521917194,1.3331019980132197
2024-12-09 22:00:00-05:00,2024-12-10 08:00:00-05:00,1,0.4166666666666667,142072.4581978321,192073.4581978321,50001.0,2024-12-09,IMM_3xIMM_4,3,whites,-0.4136165832780758,1.9206664136403706,1.0,2024-12-09 22:00:00-05:00,2024-12-10 08:00:00-05:00,192073.4581978321,50001.0,142072.4581978321,0.4136165832780758
2024-12-10 22:00:00-05:00,2024-12-11 08:00:00-05:00,1,0.4166666666666667,145684.0629772395,195685.0629772395,50001.0,2024-12-10,IMM_3xIMM_4,3,whites,0.3031477649741099,1.9567997819818217,-1.0,2024-12-10 22:00:00-05:00,2024-12-11 08:00:00-05:00,-195685.0629772395,50001.0,-245686.0629772395,0.3031477649741099
2024-12-11 22:00:00-05:00,2024-12-12 08:00:00-05:00,1,0.4166666666666667,141891.37675555795,191892.37675555795,50001.0,2024-12-11,IMM_3xIMM_4,3,whites,0.1318769360440175,1.918854552219118,-1.0,2024-12-11 22:00:00-05:00,2024-12-12 08:00:00-05:00,-191892.37675555795,50001.0,-241893.37675555795,0.1318769360440175
2024-12-12 22:00:00-05:00,2024-12-13 08:00:00-05:00,1,0.4166666666666667,154318.92575517297,204319.92575517297,50001.0,2024-12-12,IMM_3xIMM_4,3,whites,-0.0790108847446902,2.0431520896246003,1.0,2024-12-12 22:00:00-05:00,2024-12-13 08:00:00-05:00,204319.92575517297,50001.0,154318.92575517297,0.0790108847446902
2024-12-16 22:00:00-05:00,2024-12-17 08:00:00-05:00,1,0.4166666666666667,236917.82994525135,286918.82994525135,50001.0,2024-12-16,IMM_3xIMM_4,3,whites,-0.9193389989325063,-5.130688512392112,1.0,2024-12-16 22:00:00-05:00,2024-12-17 08:00:00-05:00,286918.82994525135,50001.0,236917.82994525135,0.9193389989325063
2024-12-17 22:00:00-05:00,2024-12-18 08:00:00-05:00,1,0.4166666666666667,161864.60192081332,211865.60192081332,50001.0,2024-12-17,IMM_3xIMM_4,3,whites,-0.8945923147406276,2.118224814224101,1.0,2024-12-17 22:00:00-05:00,2024-12-18 08:00:00-05:00,211865.60192081332,50001.0,161864.60192081332,0.8945923147406276
2024-12-18 22:00:00-05:00,2024-12-19 08:00:00-05:00,1,0.4166666666666667,-437168.01787177473,-387167.01787177473,50001.0,2024-12-18,IMM_3xIMM_4,3,whites,-1.8974223804542945,-3.8700888781924903,1.0,2024-12-18 22:00:00-05:00,2024-12-19 08:00:00-05:00,-387167.01787177473,50001.0,-437168.01787177473,1.8974223804542945
2024-12-19 22:00:00-05:00,2024-12-20 08:00:00-05:00,1,0.4166666666666667,-257095.93216457218,-207094.93216457218,50001.0,2024-12-19,IMM_3xIMM_4,3,whites,-1.2677739731948634,-2.070579496001468,1.0,2024-12-19 22:00:00-05:00,2024-12-20 08:00:00-05:00,-207094.93216457218,50001.0,-257095.93216457218,1.2677739731948634
2024-12-23 22:00:00-05:00,2024-12-24 08:00:00-05:00,1,0.4166666666666667,157064.24585475028,207065.24585475028,50001.0,2024-12-23,IMM_3xIMM_4,3,whites,-0.11448623634180422,2.070532745398168,1.0,2024-12-23 22:00:00-05:00,2024-12-24 08:00:00-05:00,207065.24585475028,50001.0,157064.24585475028,0.11448623634180422
2024-12-26 22:00:00-05:00,2024-12-27 08:00:00-05:00,1,0.4166666666666667,-61791.92170698196,-11790.921706981957,50001.0,2024-12-26,IMM_3xIMM_4,3,whites,-0.11607220781888472,-0.11789040711551735,1.0,2024-12-26 22:00:00-05:00,2024-12-27 08:00:00-05:00,-11790.921706981957,50001.0,-61791.92170698196,0.11607220781888472
2024-12-30 22:00:00-05:00,2024-12-31 08:00:00-05:00,1,0.4166666666666667,-114305.16108175367,-64304.16108175367,50001.0,2024-12-30,IMM_3xIMM_4,3,whites,-0.8038865152889318,-0.6429282046441998,1.0,2024-12-30 22:00:00-05:00,2024-12-31 08:00:00-05:00,-64304.16108175367,50001.0,-114305.16108175367,0.8038865152889318
2025-01-02 22:00:00-05:00,2025-01-03 08:00:00-05:00,1,0.4166666666666667,-36884.784001246095,13116.215998753905,50001.0,2025-01-02,IMM_3xIMM_4,3,whites,-1.0255518459248325,0.13114748387943465,1.0,2025-01-02 22:00:00-05:00,2025-01-03 08:00:00-05:00,13116.215998753905,50001.0,-36884.784001246095,1.0255518459248325
2025-01-06 22:00:00-05:00,2025-01-07 08:00:00-05:00,1,0.4166666666666667,94779.56256542355,144780.56256542355,50001.0,2025-01-06,IMM_3xIMM_4,3,whites,-0.9069642195950856,1.4476996058647273,1.0,2025-01-06 22:00:00-05:00,2025-01-07 08:00:00-05:00,144780.56256542355,50001.0,94779.56256542355,0.9069642195950856
2025-01-07 22:00:00-05:00,2025-01-08 08:00:00-05:00,1,0.4166666666666667,-43603.967992946506,6397.032007053494,50001.0,2025-01-07,IMM_3xIMM_4,3,whites,-0.6365698346729509,0.06396460730755393,1.0,2025-01-07 22:00:00-05:00,2025-01-08 08:00:00-05:00,6397.032007053494,50001.0,-43603.967992946506,0.6365698346729509
2025-01-08 22:00:00-05:00,2025-01-09 08:00:00-05:00,1,0.4166666666666667,-139696.8318132162,-89695.83181321621,50001.0,2025-01-08,IMM_3xIMM_4,3,whites,-1.640473486520877,-0.8967939775399891,1.0,2025-01-08 22:00:00-05:00,2025-01-09 08:00:00-05:00,-89695.83181321621,50001.0,-139696.8318132162,1.640473486520877
2025-01-09 22:00:00-05:00,2025-01-10 08:00:00-05:00,1,0.4166666666666667,178951.78359966725,228952.78359966725,50001.0,2025-01-09,IMM_3xIMM_4,3,whites,0.5511401883268707,2.2895554030259557,-1.0,2025-01-09 22:00:00-05:00,2025-01-10 08:00:00-05:00,-228952.78359966725,50001.0,-278953.78359966725,0.5511401883268707
2025-01-13 22:00:00-05:00,2025-01-14 08:00:00-05:00,1,0.4166666666666667,26630.80705422908,76631.80705422908,50001.0,2025-01-13,IMM_3xIMM_4,3,whites,-0.11638192202481079,0.7662444538034663,1.0,2025-01-13 22:00:00-05:00,2025-01-14 08:00:00-05:00,76631.80705422908,50001.0,26630.80705422908,0.11638192202481079
2025-01-14 22:00:00-05:00,2025-01-15 08:00:00-05:00,1,0.4166666666666667,-243074.9338734448,-193073.9338734448,50001.0,2025-01-14,IMM_3xIMM_4,3,whites,-0.1126708904548579,-1.9303227190044403,1.0,2025-01-14 22:00:00-05:00,2025-01-15 08:00:00-05:00,-193073.9338734448,50001.0,-243074.9338734448,0.1126708904548579
2025-01-15 22:00:00-05:00,2025-01-16 08:00:00-05:00,1,0.4166666666666667,180361.58434727043,230362.58434727043,50001.0,2025-01-15,IMM_3xIMM_4,3,whites,1.1640008849449046,2.303653018997398,-1.0,2025-01-15 22:00:00-05:00,2025-01-16 08:00:00-05:00,-230362.58434727043,50001.0,-280363.58434727043,1.1640008849449046
2025-01-16 22:00:00-05:00,2025-01-17 08:00:00-05:00,1,0.4166666666666667,-98678.35591670871,-48677.35591670871,50001.0,2025-01-16,IMM_3xIMM_4,3,whites,0.01055322802328007,-0.48669230185316437,-1.0,2025-01-16 22:00:00-05:00,2025-01-17 08:00:00-05:00,48677.35591670871,50001.0,-1323.6440832912922,0.01055322802328007
2025-01-21 22:00:00-05:00,2025-01-22 08:00:00-05:00,1,0.4166666666666667,-192820.4834569469,-142819.4834569469,50001.0,2025-01-21,IMM_3xIMM_4,3,whites,0.6238637269377456,-1.427959260040712,-1.0,2025-01-21 22:00:00-05:00,2025-01-22 08:00:00-05:00,142819.4834569469,50001.0,92818.48345694691,0.6238637269377456
2025-01-22 22:00:00-05:00,2025-01-23 08:00:00-05:00,1,0.4166666666666667,913.2718496844172,50914.27184968442,50001.0,2025-01-22,IMM_3xIMM_4,3,whites,-0.7938098754057599,0.5090910494306655,1.0,2025-01-22 22:00:00-05:00,2025-01-23 08:00:00-05:00,50914.27184968442,50001.0,913.2718496844172,0.7938098754057599
2025-01-23 22:00:00-05:00,2025-01-24 08:00:00-05:00,1,0.4166666666666667,102269.85853870213,152270.85853870213,50001.0,2025-01-23,IMM_3xIMM_4,3,whites,-2.9415821677295284,1.5226434598005767,1.0,2025-01-23 22:00:00-05:00,2025-01-24 08:00:00-05:00,152270.85853870213,50001.0,102269.85853870213,2.9415821677295284
2025-01-27 22:00:00-05:00,2025-01-28 08:00:00-05:00,1,0.4166666666666667,-93225.62422695011,-43224.62422695011,50001.0,2025-01-27,IMM_3xIMM_4,3,whites,1.9314761430597294,-0.43219902967290835,-1.0,2025-01-27 22:00:00-05:00,2025-01-28 08:00:00-05:00,43224.62422695011,50001.0,-6776.375773049891,1.9314761430597294
2025-01-28 22:00:00-05:00,2025-01-29 08:00:00-05:00,1,0.4166666666666667,29239.191453672945,79240.19145367295,50001.0,2025-01-28,IMM_3xIMM_4,3,whites,-0.6256804057013454,0.7923284995400959,1.0,2025-01-28 22:00:00-05:00,2025-01-29 08:00:00-05:00,79240.19145367295,50001.0,29239.191453672945,0.6256804057013454
2025-01-29 22:00:00-05:00,2025-01-30 08:00:00-05:00,1,0.4166666666666667,-239399.12907975167,-189398.12907975167,50001.0,2025-01-29,IMM_3xIMM_4,3,whites,0.35928783907568373,-1.8935408040225088,-1.0,2025-01-29 22:00:00-05:00,2025-01-30 08:00:00-05:00,189398.12907975167,50001.0,139397.12907975167,0.35928783907568373
2025-01-30 22:00:00-05:00,2025-01-31 08:00:00-05:00,1,0.4166666666666667,-152068.62127490342,-102067.62127490342,50001.0,2025-01-30,IMM_3xIMM_4,3,whites,0.6271709946282567,-1.0205176450883702,-1.0,2025-01-30 22:00:00-05:00,2025-01-31 08:00:00-05:00,102067.62127490342,50001.0,52066.62127490342,0.6271709946282567
2025-02-03 22:00:00-05:00,2025-02-04 08:00:00-05:00,1,0.4166666666666667,-2461.621267966926,47539.378732033074,50001.0,2025-02-03,IMM_3xIMM_4,3,whites,1.1863827780310032,0.4753532185369558,-1.0,2025-02-03 22:00:00-05:00,2025-02-04 08:00:00-05:00,-47539.378732033074,50001.0,-97540.37873203307,1.1863827780310032
2025-02-04 22:00:00-05:00,2025-02-05 08:00:00-05:00,1,0.4166666666666667,-289979.9735464901,-239978.97354649007,50001.0,2025-02-04,IMM_3xIMM_4,3,whites,0.24332935378272857,-2.3992572252016675,-1.0,2025-02-04 22:00:00-05:00,2025-02-05 08:00:00-05:00,239978.97354649007,50001.0,189977.97354649007,0.24332935378272857
2025-02-05 22:00:00-05:00,2025-02-06 08:00:00-05:00,1,0.4166666666666667,-3784.979905307293,46216.02009469271,50001.0,2025-02-05,IMM_3xIMM_4,3,whites,0.5234742120125535,0.4621344113628467,-1.0,2025-02-05 22:00:00-05:00,2025-02-06 08:00:00-05:00,-46216.02009469271,50001.0,-96217.0200946927,0.5234742120125535
2025-02-06 22:00:00-05:00,2025-02-07 08:00:00-05:00,1,0.4166666666666667,10145.003814451396,60146.0038144514,50001.0,2025-02-06,IMM_3xIMM_4,3,whites,0.5238700750735958,0.6014144693640588,-1.0,2025-02-06 22:00:00-05:00,2025-02-07 08:00:00-05:00,-60146.0038144514,50001.0,-110147.0038144514,0.5238700750735958
2025-02-10 22:00:00-05:00,2025-02-11 08:00:00-05:00,1,0.4166666666666667,100746.49229118973,150747.49229118973,50001.0,2025-02-10,IMM_3xIMM_4,3,whites,-0.6011702399098873,1.5074098785382795,1.0,2025-02-10 22:00:00-05:00,2025-02-11 08:00:00-05:00,150747.49229118973,50001.0,100746.49229118973,0.6011702399098873
2025-02-11 22:00:00-05:00,2025-02-12 08:00:00-05:00,1,0.4166666666666667,-48798.170817531645,1202.8291824683547,50001.0,2025-02-11,IMM_3xIMM_4,3,whites,0.9990361193961128,0.012026842449408548,-1.0,2025-02-11 22:00:00-05:00,2025-02-12 08:00:00-05:00,-1202.8291824683547,50001.0,-51203.829182468355,0.9990361193961128
2025-02-12 22:00:00-05:00,2025-02-13 08:00:00-05:00,1,0.4166666666666667,91996.277052477,141997.277052477,50001.0,2025-02-12,IMM_3xIMM_4,3,whites,-1.6642318476631779,1.4199095242442006,1.0,2025-02-12 22:00:00-05:00,2025-02-13 08:00:00-05:00,141997.277052477,50001.0,91996.277052477,1.6642318476631779
2025-02-13 22:00:00-05:00,2025-02-14 08:00:00-05:00,1,0.4166666666666667,-102300.58611229062,-52299.58611229062,50001.0,2025-02-13,IMM_3xIMM_4,3,whites,-0.6269143050224635,-0.522920597899823,1.0,2025-02-13 22:00:00-05:00,2025-02-14 08:00:00-05:00,-52299.58611229062,50001.0,-102300.58611229062,0.6269143050224635
2025-02-18 22:00:00-05:00,2025-02-19 08:00:00-05:00,1,0.4166666666666667,-101270.29748492688,-51269.29748492688,50001.0,2025-02-18,IMM_3xIMM_4,3,whites,-0.665298754311916,-0.5126089440218529,1.0,2025-02-18 22:00:00-05:00,2025-02-19 08:00:00-05:00,-51269.29748492688,50001.0,-101270.29748492688,0.665298754311916
2025-02-19 22:00:00-05:00,2025-02-20 08:00:00-05:00,1,0.4166666666666667,-153760.1372840479,-103759.1372840479,50001.0,2025-02-19,IMM_3xIMM_4,3,whites,-0.7783424658638793,-1.0374081171949712,1.0,2025-02-19 22:00:00-05:00,2025-02-20 08:00:00-05:00,-103759.1372840479,50001.0,-153760.1372840479,0.7783424658638793
2025-02-20 22:00:00-05:00,2025-02-21 08:00:00-05:00,1,0.4166666666666667,-52368.90150565654,-2367.9015056565404,50001.0,2025-02-20,IMM_3xIMM_4,3,whites,-0.8973396402198297,-0.023676340931721995,1.0,2025-02-20 22:00:00-05:00,2025-02-21 08:00:00-05:00,-2367.9015056565404,50001.0,-52368.90150565654,0.8973396402198297
2025-02-24 22:00:00-05:00,2025-02-25 08:00:00-05:00,1,0.4166666666666667,-250474.58631446213,-200473.58631446213,50001.0,2025-02-24,IMM_3xIMM_4,3,whites,-1.9263666334880192,-2.0043464987519855,1.0,2025-02-24 22:00:00-05:00,2025-02-25 08:00:00-05:00,-200473.58631446213,50001.0,-250474.58631446213,1.9263666334880192
2025-02-25 22:00:00-05:00,2025-02-26 08:00:00-05:00,1,0.4166666666666667,16930.950909890234,66931.95090989023,50001.0,2025-02-25,IMM_3xIMM_4,3,whites,2.4307117635252062,0.6692736558099099,-1.0,2025-02-25 22:00:00-05:00,2025-02-26 08:00:00-05:00,-66931.95090989023,50001.0,-116932.95090989023,2.4307117635252062
2025-02-26 22:00:00-05:00,2025-02-27 08:00:00-05:00,1,0.4166666666666667,-26914.125243358314,23086.874756641686,50001.0,2025-02-26,IMM_3xIMM_4,3,whites,1.5583156315576385,0.23084362173007023,-1.0,2025-02-26 22:00:00-05:00,2025-02-27 08:00:00-05:00,-23086.874756641686,50001.0,-73087.87475664169,1.5583156315576385
2025-02-27 22:00:00-05:00,2025-02-28 08:00:00-05:00,1,0.4166666666666667,259355.6506343186,309356.6506343186,50001.0,2025-02-27,IMM_3xIMM_4,3,whites,-2.9669208534900626,3.093616648268549,1.0,2025-02-27 22:00:00-05:00,2025-02-28 08:00:00-05:00,309356.6506343186,50001.0,259355.6506343186,2.9669208534900626
2025-03-03 22:00:00-05:00,2025-03-04 08:00:00-05:00,1,0.4166666666666667,-174263.43054967374,-124262.43054967374,50001.0,2025-03-03,IMM_3xIMM_4,3,whites,-3.389295268651926,-1.2423867390513266,1.0,2025-03-03 22:00:00-05:00,2025-03-04 08:00:00-05:00,-124262.43054967374,50001.0,-174263.43054967374,3.389295268651926
2025-03-04 22:00:00-05:00,2025-03-05 08:00:00-05:00,1,0.4166666666666667,-205650.53549743444,-155649.53549743444,50001.0,2025-03-04,IMM_3xIMM_4,3,whites,-1.9579369348501796,-1.5562074321493036,1.0,2025-03-04 22:00:00-05:00,2025-03-05 08:00:00-05:00,-155649.53549743444,50001.0,-205650.53549743444,1.9579369348501796
2025-03-05 22:00:00-05:00,2025-03-06 08:00:00-05:00,1,0.4166666666666667,-1138762.2270842046,-1088761.2270842046,50001.0,2025-03-05,IMM_3xIMM_4,3,whites,2.440038891746532,-10.88070096997562,-1.0,2025-03-05 22:00:00-05:00,2025-03-06 08:00:00-05:00,1088761.2270842046,50001.0,1038760.2270842046,2.440038891746532
2025-03-06 22:00:00-05:00,2025-03-07 08:00:00-05:00,1,0.4166666666666667,136674.6816868037,186675.6816868037,50001.0,2025-03-06,IMM_3xIMM_4,3,whites,-1.941849333199297,1.8666457152642035,1.0,2025-03-06 22:00:00-05:00,2025-03-07 08:00:00-05:00,186675.6816868037,50001.0,136674.6816868037,1.941849333199297
2025-03-10 22:00:00-04:00,2025-03-11 08:00:00-04:00,1,0.4166666666666667,752928.5760537535,802929.5760537535,50001.0,2025-03-10,IMM_3xIMM_4,3,whites,-5.4789622884170885,8.031418199470286,1.0,2025-03-10 22:00:00-04:00,2025-03-11 08:00:00-04:00,802929.5760537535,50001.0,752928.5760537535,5.4789622884170885
2025-03-11 22:00:00-04:00,2025-03-12 08:00:00-04:00,1,0.4166666666666667,388697.10074780136,438698.10074780136,50001.0,2025-03-11,IMM_3xIMM_4,3,whites,-0.07360471609780816,4.387415616492651,1.0,2025-03-11 22:00:00-04:00,2025-03-12 08:00:00-04:00,438698.10074780136,50001.0,388697.10074780136,0.07360471609780816
2025-03-12 22:00:00-04:00,2025-03-13 08:00:00-04:00,1,0.4166666666666667,11128.476974591613,61129.47697459161,50001.0,2025-03-12,IMM_3xIMM_4,3,whites,-0.08688981605429191,0.6112290647509955,1.0,2025-03-12 22:00:00-04:00,2025-03-13 08:00:00-04:00,61129.47697459161,50001.0,11128.476974591613,0.08688981605429191
2025-03-13 22:00:00-04:00,2025-03-14 08:00:00-04:00,1,0.4166666666666667,91909.91903595626,141910.91903595626,50001.0,2025-03-13,IMM_3xIMM_4,3,whites,0.11380755784808905,1.419019435827984,-1.0,2025-03-13 22:00:00-04:00,2025-03-14 08:00:00-04:00,-141910.91903595626,50001.0,-191911.91903595626,0.11380755784808905
2025-03-17 22:00:00-04:00,2025-03-18 08:00:00-04:00,1,0.4166666666666667,-52423.18401735276,-2422.18401735276,50001.0,2025-03-17,IMM_3xIMM_4,3,whites,0.42219933163623047,-14.721567605994945,-1.0,2025-03-17 22:00:00-04:00,2025-03-18 08:00:00-04:00,2422.18401735276,50001.0,-47578.81598264724,0.42219933163623047
2025-03-18 22:00:00-04:00,2025-03-19 08:00:00-04:00,1,0.4166666666666667,17240.62173422426,67241.62173422426,50001.0,2025-03-18,IMM_3xIMM_4,3,whites,0.5032459716463489,0.6724229573415119,-1.0,2025-03-18 22:00:00-04:00,2025-03-19 08:00:00-04:00,-67241.62173422426,50001.0,-117242.62173422426,0.5032459716463489
2025-03-19 22:00:00-04:00,2025-03-20 08:00:00-04:00,1,0.4166666666666667,-302749.2981025204,-252748.2981025204,50001.0,2025-03-19,IMM_3xIMM_4,3,whites,-0.5074778806235525,-2.5265325368014846,1.0,2025-03-19 22:00:00-04:00,2025-03-20 08:00:00-04:00,-252748.2981025204,50001.0,-302749.2981025204,0.5074778806235525
2025-03-20 22:00:00-04:00,2025-03-21 08:00:00-04:00,1,0.4166666666666667,-385411.535995014,-335410.535995014,50001.0,2025-03-20,IMM_3xIMM_4,3,whites,0.3649395877182826,-3.3532685634547477,-1.0,2025-03-20 22:00:00-04:00,2025-03-21 08:00:00-04:00,335410.535995014,50001.0,285409.535995014,0.3649395877182826
2025-03-24 22:00:00-04:00,2025-03-25 08:00:00-04:00,1,0.4166666666666667,139768.68501030654,189769.68501030654,50001.0,2025-03-24,IMM_3xIMM_4,3,whites,0.4087048927951198,1.8976288190478918,-1.0,2025-03-24 22:00:00-04:00,2025-03-25 08:00:00-04:00,-189769.68501030654,50001.0,-239770.68501030654,0.4087048927951198
2025-03-25 22:00:00-04:00,2025-03-26 08:00:00-04:00,1,0.4166666666666667,-99872.21157087386,-49871.21157087386,50001.0,2025-03-25,IMM_3xIMM_4,3,whites,1.5511609679446092,-0.49862701854963554,-1.0,2025-03-25 22:00:00-04:00,2025-03-26 08:00:00-04:00,49871.21157087386,50001.0,-129.78842912614346,1.5511609679446092
2025-03-26 22:00:00-04:00,2025-03-27 08:00:00-04:00,1,0.4166666666666667,192979.78687629104,242980.78687629104,50001.0,2025-03-26,IMM_3xIMM_4,3,whites,-1.8085330140987121,2.4298513204501493,1.0,2025-03-26 22:00:00-04:00,2025-03-27 08:00:00-04:00,242980.78687629104,50001.0,192979.78687629104,1.8085330140987121
2025-03-27 22:00:00-04:00,2025-03-28 08:00:00-04:00,1,0.4166666666666667,-110640.01966287196,-60639.01966287196,50001.0,2025-03-27,IMM_3xIMM_4,3,whites,-0.0935919863895851,-0.6062848219599903,1.0,2025-03-27 22:00:00-04:00,2025-03-28 08:00:00-04:00,-60639.01966287196,50001.0,-110640.01966287196,0.0935919863895851
2025-03-31 22:00:00-04:00,2025-04-01 08:00:00-04:00,1,0.4166666666666667,-338669.37122534215,-288668.37122534215,50001.0,2025-03-31,IMM_3xIMM_4,3,whites,0.5108016850990271,-2.885803569663725,-1.0,2025-03-31 22:00:00-04:00,2025-04-01 08:00:00-04:00,288668.37122534215,50001.0,238667.37122534215,0.5108016850990271
2025-04-01 22:00:00-04:00,2025-04-02 08:00:00-04:00,1,0.4166666666666667,-454248.50008274615,-404247.50008274615,50001.0,2025-04-01,IMM_3xIMM_4,3,whites,2.318248507867615,-4.0410989555002885,-1.0,2025-04-01 22:00:00-04:00,2025-04-02 08:00:00-04:00,404247.50008274615,50001.0,354246.50008274615,2.318248507867615
2025-04-02 22:00:00-04:00,2025-04-03 08:00:00-04:00,1,0.4166666666666667,-298948.27450948954,-248947.27450948954,50001.0,2025-04-02,IMM_3xIMM_4,3,whites,-4.831003441513992,-2.48890734421372,1.0,2025-04-02 22:00:00-04:00,2025-04-03 08:00:00-04:00,-248947.27450948954,50001.0,-298948.27450948954,4.831003441513992
2025-04-03 22:00:00-04:00,2025-04-04 08:00:00-04:00,1,0.4166666666666667,-1210732.8447734267,-1160731.8447734267,50001.0,2025-04-03,IMM_3xIMM_4,3,whites,-3.575441678753366,-11.5949092947909,1.0,2025-04-03 22:00:00-04:00,2025-04-04 08:00:00-04:00,-1160731.8447734267,50001.0,-1210732.8447734267,3.575441678753366
2025-04-07 22:00:00-04:00,2025-04-08 08:00:00-04:00,1,0.4166666666666667,660218.8954711109,710219.8954711109,50001.0,2025-04-07,IMM_3xIMM_4,3,whites,-2.6755061322656815,7.104476838360663,1.0,2025-04-07 22:00:00-04:00,2025-04-08 08:00:00-04:00,710219.8954711109,50001.0,660218.8954711109,2.6755061322656815
2025-04-08 22:00:00-04:00,2025-04-09 08:00:00-04:00,1,0.4166666666666667,823224.950936906,873225.950936906,50001.0,2025-04-08,IMM_3xIMM_4,3,whites,-6.877093288578351,8.734985679008256,1.0,2025-04-08 22:00:00-04:00,2025-04-09 08:00:00-04:00,873225.950936906,50001.0,823224.950936906,6.877093288578351
2025-04-09 22:00:00-04:00,2025-04-10 08:00:00-04:00,1,0.4166666666666667,-438723.9251772389,-388722.9251772389,50001.0,2025-04-09,IMM_3xIMM_4,3,whites,-4.230424791036702,-3.8858919125109193,1.0,2025-04-09 22:00:00-04:00,2025-04-10 08:00:00-04:00,-388722.9251772389,50001.0,-438723.9251772389,4.230424791036702
2025-04-10 22:00:00-04:00,2025-04-11 08:00:00-04:00,1,0.4166666666666667,-907.4884295091033,49093.5115704909,50001.0,2025-04-10,IMM_3xIMM_4,3,whites,-5.010885896933193,0.490957175959883,1.0,2025-04-10 22:00:00-04:00,2025-04-11 08:00:00-04:00,49093.5115704909,50001.0,-907.4884295091033,5.010885896933193
2025-04-14 22:00:00-04:00,2025-04-15 08:00:00-04:00,1,0.4166666666666667,-11817.872168287635,38183.127831712365,50001.0,2025-04-14,IMM_3xIMM_4,3,whites,-0.4003041025953724,0.3818009097099395,1.0,2025-04-14 22:00:00-04:00,2025-04-15 08:00:00-04:00,38183.127831712365,50001.0,-11817.872168287635,0.4003041025953724
2025-04-15 22:00:00-04:00,2025-04-16 08:00:00-04:00,1,0.4166666666666667,1311.583460263908,51312.58346026391,50001.0,2025-04-15,IMM_3xIMM_4,3,whites,-3.044788300336565,0.5130861090985928,1.0,2025-04-15 22:00:00-04:00,2025-04-16 08:00:00-04:00,51312.58346026391,50001.0,1311.583460263908,3.044788300336565
2025-04-16 22:00:00-04:00,2025-04-17 08:00:00-04:00,1,0.4166666666666667,-97196.47836176306,-47195.47836176306,50001.0,2025-04-16,IMM_3xIMM_4,3,whites,4.43662087225718,-0.471876619563405,-1.0,2025-04-16 22:00:00-04:00,2025-04-17 08:00:00-04:00,47195.47836176306,50001.0,-2805.52163823694,4.43662087225718
2025-04-21 22:00:00-04:00,2025-04-22 08:00:00-04:00,1,0.4166666666666667,34741.6073545143,84742.6073545143,50001.0,2025-04-21,IMM_3xIMM_4,3,whites,1.3228029803656227,0.8473705816059329,-1.0,2025-04-21 22:00:00-04:00,2025-04-22 08:00:00-04:00,-84742.6073545143,50001.0,-134743.6073545143,1.3228029803656227
2025-04-22 22:00:00-04:00,2025-04-23 08:00:00-04:00,1,0.4166666666666667,-111058.96014224738,-61057.96014224738,50001.0,2025-04-22,IMM_3xIMM_4,3,whites,2.817795261061651,-0.6104537595947868,-1.0,2025-04-22 22:00:00-04:00,2025-04-23 08:00:00-04:00,61057.96014224738,50001.0,11056.960142247379,2.817795261061651
2025-04-23 22:00:00-04:00,2025-04-24 08:00:00-04:00,1,0.4166666666666667,-21221.03148908168,28779.96851091832,50001.0,2025-04-23,IMM_3xIMM_4,3,whites,-4.763666567916092,0.2877752596130989,1.0,2025-04-23 22:00:00-04:00,2025-04-24 08:00:00-04:00,28779.96851091832,50001.0,-21221.03148908168,4.763666567916092
2025-04-24 22:00:00-04:00,2025-04-25 08:00:00-04:00,1,0.4166666666666667,-203917.6844919473,-153916.6844919473,50001.0,2025-04-24,IMM_3xIMM_4,3,whites,0.227398934969969,-1.538801844944615,-1.0,2025-04-24 22:00:00-04:00,2025-04-25 08:00:00-04:00,153916.6844919473,50001.0,103915.6844919473,0.227398934969969
2025-04-28 22:00:00-04:00,2025-04-29 08:00:00-04:00,1,0.4166666666666667,-154121.33759912848,-104120.33759912848,50001.0,2025-04-28,IMM_3xIMM_4,3,whites,1.791571242489498,-1.0409769240977251,-1.0,2025-04-28 22:00:00-04:00,2025-04-29 08:00:00-04:00,104120.33759912848,50001.0,54119.337599128485,1.791571242489498
2025-04-29 22:00:00-04:00,2025-04-30 08:00:00-04:00,1,0.4166666666666667,41819.36233818531,91820.36233818531,50001.0,2025-04-29,IMM_3xIMM_4,3,whites,-0.5248313036385621,0.918115663644592,1.0,2025-04-29 22:00:00-04:00,2025-04-30 08:00:00-04:00,91820.36233818531,50001.0,41819.36233818531,0.5248313036385621
2025-04-30 22:00:00-04:00,2025-05-01 08:00:00-04:00,1,0.4166666666666667,-532833.4963851981,-482832.4963851981,50001.0,2025-04-30,IMM_3xIMM_4,3,whites,1.8759800996330345,-4.826269402999062,-1.0,2025-04-30 22:00:00-04:00,2025-05-01 08:00:00-04:00,482832.4963851981,50001.0,432831.4963851981,1.8759800996330345
2025-05-01 22:00:00-04:00,2025-05-02 08:00:00-04:00,1,0.4166666666666667,-162005.06575860828,-112004.06575860828,50001.0,2025-05-01,IMM_3xIMM_4,3,whites,3.0365557779189256,-1.1197960339739854,-1.0,2025-05-01 22:00:00-04:00,2025-05-02 08:00:00-04:00,112004.06575860828,50001.0,62003.06575860828,3.0365557779189256
2025-05-05 22:00:00-04:00,2025-05-06 08:00:00-04:00,1,0.4166666666666667,-437294.71131629497,-387293.71131629497,50001.0,2025-05-05,IMM_3xIMM_4,3,whites,0.2586700563283362,-3.871596050926307,-1.0,2025-05-05 22:00:00-04:00,2025-05-06 08:00:00-04:00,387293.71131629497,50001.0,337292.71131629497,0.2586700563283362
2025-05-06 22:00:00-04:00,2025-05-07 08:00:00-04:00,1,0.4166666666666667,99917.67124112695,149918.67124112695,50001.0,2025-05-06,IMM_3xIMM_4,3,whites,2.1530704944993317,1.499156451804895,-1.0,2025-05-06 22:00:00-04:00,2025-05-07 08:00:00-04:00,-149918.67124112695,50001.0,-199919.67124112695,2.1530704944993317
2025-05-07 22:00:00-04:00,2025-05-08 08:00:00-04:00,1,0.4166666666666667,244806.51583972573,294807.51583972573,50001.0,2025-05-07,IMM_3xIMM_4,3,whites,1.0922939571119894,2.948097310194475,-1.0,2025-05-07 22:00:00-04:00,2025-05-08 08:00:00-04:00,-294807.51583972573,50001.0,-344808.51583972573,1.0922939571119894
2025-05-08 22:00:00-04:00,2025-05-09 08:00:00-04:00,1,0.4166666666666667,-163018.76416834444,-113017.76416834444,50001.0,2025-05-08,IMM_3xIMM_4,3,whites,-0.40347986123174806,-1.1299946520031856,1.0,2025-05-08 22:00:00-04:00,2025-05-09 08:00:00-04:00,-113017.76416834444,50001.0,-163018.76416834444,0.40347986123174806
2025-05-12 22:00:00-04:00,2025-05-13 08:00:00-04:00,1,0.4166666666666667,9661.631307207048,59662.63130720705,50001.0,2025-05-12,IMM_3xIMM_4,3,whites,-1.9697142667773893,0.5965716360648354,1.0,2025-05-12 22:00:00-04:00,2025-05-13 08:00:00-04:00,59662.63130720705,50001.0,9661.631307207048,1.9697142667773893
2025-05-13 22:00:00-04:00,2025-05-14 08:00:00-04:00,1,0.4166666666666667,41949.91648423672,91950.91648423672,50001.0,2025-05-13,IMM_3xIMM_4,3,whites,0.26777429312150325,0.9194726815799026,-1.0,2025-05-13 22:00:00-04:00,2025-05-14 08:00:00-04:00,-91950.91648423672,50001.0,-141951.91648423672,0.26777429312150325
2025-05-14 22:00:00-04:00,2025-05-15 08:00:00-04:00,1,0.4166666666666667,-186337.5257658139,-136336.5257658139,50001.0,2025-05-14,IMM_3xIMM_4,3,whites,-0.3870485228845588,-1.3631065462219372,1.0,2025-05-14 22:00:00-04:00,2025-05-15 08:00:00-04:00,-136336.5257658139,50001.0,-186337.5257658139,0.3870485228845588
2025-05-15 22:00:00-04:00,2025-05-16 08:00:00-04:00,1,0.4166666666666667,62056.0095667392,112057.0095667392,50001.0,2025-05-15,IMM_3xIMM_4,3,whites,-0.8888342278981831,1.1204762705971039,1.0,2025-05-15 22:00:00-04:00,2025-05-16 08:00:00-04:00,112057.0095667392,50001.0,62056.0095667392,0.8888342278981831
2025-05-19 22:00:00-04:00,2025-05-20 08:00:00-04:00,1,0.4166666666666667,-153656.4285100177,-103655.4285100177,50001.0,2025-05-19,IMM_3xIMM_4,3,whites,0.2860642249849388,-1.0363979653296607,-1.0,2025-05-19 22:00:00-04:00,2025-05-20 08:00:00-04:00,103655.4285100177,50001.0,53654.42851001769,0.2860642249849388
2025-05-20 22:00:00-04:00,2025-05-21 08:00:00-04:00,1,0.4166666666666667,145225.0767415166,195226.0767415166,50001.0,2025-05-20,IMM_3xIMM_4,3,whites,-0.0013113846097478898,1.952191871664688,1.0,2025-05-20 22:00:00-04:00,2025-05-21 08:00:00-04:00,195226.0767415166,50001.0,145225.0767415166,0.0013113846097478898
2025-05-21 22:00:00-04:00,2025-05-22 08:00:00-04:00,1,0.4166666666666667,-125192.61209762096,-75191.61209762096,50001.0,2025-05-21,IMM_3xIMM_4,3,whites,-1.0231728496280734,-0.7518063428418209,1.0,2025-05-21 22:00:00-04:00,2025-05-22 08:00:00-04:00,-75191.61209762096,50001.0,-125192.61209762096,1.0231728496280734
2025-05-22 22:00:00-04:00,2025-05-23 08:00:00-04:00,1,0.4166666666666667,-688677.5669526011,-638676.5669526011,50001.0,2025-05-22,IMM_3xIMM_4,3,whites,-1.3849458776374668,-6.38422768061262,1.0,2025-05-22 22:00:00-04:00,2025-05-23 08:00:00-04:00,-638676.5669526011,50001.0,-688677.5669526011,1.3849458776374668
2025-05-27 22:00:00-04:00,2025-05-28 08:00:00-04:00,1,0.4166666666666667,-74519.7637874484,-24518.763787448406,50001.0,2025-05-27,IMM_3xIMM_4,3,whites,-0.28381764578089275,-0.24515740787771634,1.0,2025-05-27 22:00:00-04:00,2025-05-28 08:00:00-04:00,-24518.763787448406,50001.0,-74519.7637874484,0.28381764578089275
2025-05-28 22:00:00-04:00,2025-05-29 08:00:00-04:00,1,0.4166666666666667,-8152.296565517783,41848.70343448222,50001.0,2025-05-28,IMM_3xIMM_4,3,whites,1.585082215153344,0.4184441580663556,-1.0,2025-05-28 22:00:00-04:00,2025-05-29 08:00:00-04:00,-41848.70343448222,50001.0,-91849.70343448222,1.585082215153344
2025-05-29 22:00:00-04:00,2025-05-30 08:00:00-04:00,1,0.4166666666666667,-138987.10193234682,-88986.10193234682,50001.0,2025-05-29,IMM_3xIMM_4,3,whites,1.0260113515277336,-0.8897199265775146,-1.0,2025-05-29 22:00:00-04:00,2025-05-30 08:00:00-04:00,88986.10193234682,50001.0,38985.10193234682,1.0260113515277336
2025-06-02 22:00:00-04:00,2025-06-03 08:00:00-04:00,1,0.4166666666666667,-200796.8837120831,-150795.8837120831,50001.0,2025-06-02,IMM_3xIMM_4,3,whites,-0.5512481894427435,-1.5076688297106955,1.0,2025-06-02 22:00:00-04:00,2025-06-03 08:00:00-04:00,-150795.8837120831,50001.0,-200796.8837120831,0.5512481894427435
2025-06-03 22:00:00-04:00,2025-06-04 08:00:00-04:00,1,0.4166666666666667,106071.41901863366,156072.41901863366,50001.0,2025-06-03,IMM_3xIMM_4,3,whites,-0.2848338318349519,1.5606146378265962,1.0,2025-06-03 22:00:00-04:00,2025-06-04 08:00:00-04:00,156072.41901863366,50001.0,106071.41901863366,0.2848338318349519
2025-06-04 22:00:00-04:00,2025-06-05 08:00:00-04:00,1,0.4166666666666667,-298072.108553946,-248071.10855394602,50001.0,2025-06-04,IMM_3xIMM_4,3,whites,1.696737144842242,-2.4801545958150317,-1.0,2025-06-04 22:00:00-04:00,2025-06-05 08:00:00-04:00,248071.10855394602,50001.0,198070.10855394602,1.696737144842242
2025-06-05 22:00:00-04:00,2025-06-06 08:00:00-04:00,1,0.4166666666666667,178650.7737081051,228651.7737081051,50001.0,2025-06-05,IMM_3xIMM_4,3,whites,-0.9286421866383954,2.2864401818022184,1.0,2025-06-05 22:00:00-04:00,2025-06-06 08:00:00-04:00,228651.7737081051,50001.0,178650.7737081051,0.9286421866383954
2025-06-09 22:00:00-04:00,2025-06-10 08:00:00-04:00,1,0.4166666666666667,-322186.40276542306,-272185.40276542306,50001.0,2025-06-09,IMM_3xIMM_4,3,whites,1.1559401907756506,-2.721161343209255,-1.0,2025-06-09 22:00:00-04:00,2025-06-10 08:00:00-04:00,272185.40276542306,50001.0,222184.40276542306,1.1559401907756506
2025-06-10 22:00:00-04:00,2025-06-11 08:00:00-04:00,1,0.4166666666666667,126508.70433194935,176509.70433194935,50001.0,2025-06-10,IMM_3xIMM_4,3,whites,-0.7845234803596224,1.7649706535492804,1.0,2025-06-10 22:00:00-04:00,2025-06-11 08:00:00-04:00,176509.70433194935,50001.0,126508.70433194935,0.7845234803596224
2025-06-11 22:00:00-04:00,2025-06-12 08:00:00-04:00,1,0.4166666666666667,-48485.83024892956,1515.1697510704398,50001.0,2025-06-11,IMM_3xIMM_4,3,whites,-2.828065805704849,0.01514982713350932,1.0,2025-06-11 22:00:00-04:00,2025-06-12 08:00:00-04:00,1515.1697510704398,50001.0,-48485.83024892956,2.828065805704849
2025-06-12 22:00:00-04:00,2025-06-13 08:00:00-04:00,1,0.4166666666666667,239972.3587757349,289973.3587757349,50001.0,2025-06-12,IMM_3xIMM_4,3,whites,-2.6124603971803495,2.8998213852577504,1.0,2025-06-12 22:00:00-04:00,2025-06-13 08:00:00-04:00,289973.3587757349,50001.0,239972.3587757349,2.6124603971803495
2025-06-16 22:00:00-04:00,2025-06-17 08:00:00-04:00,1,0.4166666666666667,44202.28458611667,94203.28458611667,50001.0,2025-06-16,IMM_3xIMM_4,3,whites,-3.0964416098255843,-21.57690435602433,1.0,2025-06-16 22:00:00-04:00,2025-06-17 08:00:00-04:00,94203.28458611667,50001.0,44202.28458611667,3.0964416098255843
2025-06-17 22:00:00-04:00,2025-06-18 08:00:00-04:00,1,0.4166666666666667,32855.73158919066,82856.73158919066,50001.0,2025-06-17,IMM_3xIMM_4,3,whites,-0.4054700922446308,0.8286376745560542,1.0,2025-06-17 22:00:00-04:00,2025-06-18 08:00:00-04:00,82856.73158919066,50001.0,32855.73158919066,0.4054700922446308
2025-06-23 22:00:00-04:00,2025-06-24 08:00:00-04:00,1,0.4166666666666667,-267701.0015457347,-217700.0015457347,50001.0,2025-06-23,IMM_3xIMM_4,3,whites,-0.7695209101053369,-2.176524024404358,1.0,2025-06-23 22:00:00-04:00,2025-06-24 08:00:00-04:00,-217700.0015457347,50001.0,-267701.0015457347,0.7695209101053369
2025-06-24 22:00:00-04:00,2025-06-25 08:00:00-04:00,1,0.4166666666666667,-62866.66254976392,-12865.662549763918,50001.0,2025-06-24,IMM_3xIMM_4,3,whites,0.02477541663701288,-0.1286400342205063,-1.0,2025-06-24 22:00:00-04:00,2025-06-25 08:00:00-04:00,12865.662549763918,50001.0,-37135.33745023608,0.02477541663701288
2025-06-25 22:00:00-04:00,2025-06-26 08:00:00-04:00,1,0.4166666666666667,-61099.76725079864,-11098.767250798643,50001.0,2025-06-25,IMM_3xIMM_4,3,whites,-2.3373799707869125,-0.11097804655899601,1.0,2025-06-25 22:00:00-04:00,2025-06-26 08:00:00-04:00,-11098.767250798643,50001.0,-61099.76725079864,2.3373799707869125
2025-06-26 22:00:00-04:00,2025-06-27 08:00:00-04:00,1,0.4166666666666667,-42239.071254238486,7761.928745761514,50001.0,2025-06-26,IMM_3xIMM_4,3,whites,2.318307906419559,0.07761281332783199,-1.0,2025-06-26 22:00:00-04:00,2025-06-27 08:00:00-04:00,-7761.928745761514,50001.0,-57762.928745761514,2.318307906419559
2025-06-30 22:00:00-04:00,2025-07-01 08:00:00-04:00,1,0.4166666666666667,-260045.91770947725,-210044.91770947725,50001.0,2025-06-30,IMM_3xIMM_4,3,whites,0.6821081272297302,-2.0999024721804815,-1.0,2025-06-30 22:00:00-04:00,2025-07-01 08:00:00-04:00,210044.91770947725,50001.0,160043.91770947725,0.6821081272297302
2025-07-01 22:00:00-04:00,2025-07-02 08:00:00-04:00,1,0.4166666666666667,147571.10333634168,197572.10333634168,50001.0,2025-07-01,IMM_3xIMM_4,3,whites,-0.16190339165160772,1.9757913900745105,1.0,2025-07-01 22:00:00-04:00,2025-07-02 08:00:00-04:00,197572.10333634168,50001.0,147571.10333634168,0.16190339165160772
2025-07-02 22:00:00-04:00,2025-07-03 08:00:00-04:00,1,0.4166666666666667,-65721.68758682162,-15720.687586821616,50001.0,2025-07-02,IMM_3xIMM_4,3,whites,-2.2361127320869034,-0.15718772368122913,1.0,2025-07-02 22:00:00-04:00,2025-07-03 08:00:00-04:00,-15720.687586821616,50001.0,-65721.68758682162,2.2361127320869034
2025-07-07 22:00:00-04:00,2025-07-08 08:00:00-04:00,1,0.4166666666666667,40811.42480707914,90812.42480707914,50001.0,2025-07-07,IMM_3xIMM_4,3,whites,-0.6473647372184921,0.9080356522168209,1.0,2025-07-07 22:00:00-04:00,2025-07-08 08:00:00-04:00,90812.42480707914,50001.0,40811.42480707914,0.6473647372184921
2025-07-08 22:00:00-04:00,2025-07-09 08:00:00-04:00,1,0.4166666666666667,-64199.39328069985,-14198.39328069985,50001.0,2025-07-08,IMM_3xIMM_4,3,whites,1.0615058723533632,-0.1419650451788268,-1.0,2025-07-08 22:00:00-04:00,2025-07-09 08:00:00-04:00,14198.39328069985,50001.0,-35802.60671930015,1.0615058723533632
2025-07-09 22:00:00-04:00,2025-07-10 08:00:00-04:00,1,0.4166666666666667,144123.46809675545,194124.46809675545,50001.0,2025-07-09,IMM_3xIMM_4,3,whites,-0.9060944704521123,1.9412540010994128,1.0,2025-07-09 22:00:00-04:00,2025-07-10 08:00:00-04:00,194124.46809675545,50001.0,144123.46809675545,0.9060944704521123
2025-07-10 22:00:00-04:00,2025-07-11 08:00:00-04:00,1,0.4166666666666667,131877.21397024393,181878.21397024393,50001.0,2025-07-10,IMM_3xIMM_4,3,whites,-2.5664516689616335e-05,1.8187111572270265,1.0,2025-07-10 22:00:00-04:00,2025-07-11 08:00:00-04:00,181878.21397024393,50001.0,131877.21397024393,2.5664516689616335e-05
2025-07-14 22:00:00-04:00,2025-07-15 08:00:00-04:00,1,0.4166666666666667,135104.3257478848,185105.3257478848,50001.0,2025-07-14,IMM_3xIMM_4,3,whites,0.8817056605089579,1.8509933151497737,-1.0,2025-07-14 22:00:00-04:00,2025-07-15 08:00:00-04:00,-185105.3257478848,50001.0,-235106.3257478848,0.8817056605089579
2025-07-15 22:00:00-04:00,2025-07-16 08:00:00-04:00,1,0.4166666666666667,-50101.54353827238,-100.54353827238083,50001.0,2025-07-15,IMM_3xIMM_4,3,whites,0.4783252829952733,-0.0010053093126849433,-1.0,2025-07-15 22:00:00-04:00,2025-07-16 08:00:00-04:00,100.54353827238083,50001.0,-49900.45646172762,0.4783252829952733
2025-07-16 22:00:00-04:00,2025-07-17 08:00:00-04:00,1,0.4166666666666667,171079.720427908,221080.720427908,50001.0,2025-07-16,IMM_3xIMM_4,3,whites,0.8808352229583427,2.210767843437411,-1.0,2025-07-16 22:00:00-04:00,2025-07-17 08:00:00-04:00,-221080.720427908,50001.0,-271081.720427908,0.8808352229583427
2025-07-17 22:00:00-04:00,2025-07-18 08:00:00-04:00,1,0.4166666666666667,-160801.71148272604,-110800.71148272604,50001.0,2025-07-17,IMM_3xIMM_4,3,whites,-1.4103190076169891,-1.10776185569601,1.0,2025-07-17 22:00:00-04:00,2025-07-18 08:00:00-04:00,-110800.71148272604,50001.0,-160801.71148272604,1.4103190076169891
2025-07-21 22:00:00-04:00,2025-07-22 08:00:00-04:00,1,0.4166666666666667,-95564.1163590923,-45563.116359092295,50001.0,2025-07-21,IMM_3xIMM_4,3,whites,-0.12328572536488558,-0.4555777503552516,1.0,2025-07-21 22:00:00-04:00,2025-07-22 08:00:00-04:00,-45563.116359092295,50001.0,-95564.1163590923,0.12328572536488558
2025-07-22 22:00:00-04:00,2025-07-23 08:00:00-04:00,1,0.4166666666666667,-91631.40639430285,-41630.406394302845,50001.0,2025-07-22,IMM_3xIMM_4,3,whites,1.2990722534613308,-0.41624459386082613,-1.0,2025-07-22 22:00:00-04:00,2025-07-23 08:00:00-04:00,41630.406394302845,50001.0,-8370.593605697155,1.2990722534613308
2025-07-23 22:00:00-04:00,2025-07-24 08:00:00-04:00,1,0.4166666666666667,100048.44822289795,150049.44822289795,50001.0,2025-07-23,IMM_3xIMM_4,3,whites,0.38433133201669634,1.500464662944312,-1.0,2025-07-23 22:00:00-04:00,2025-07-24 08:00:00-04:00,-150049.44822289795,50001.0,-200050.44822289795,0.38433133201669634
2025-07-24 22:00:00-04:00,2025-07-25 08:00:00-04:00,1,0.4166666666666667,-119649.14724502712,-69648.14724502712,50001.0,2025-07-24,IMM_3xIMM_4,3,whites,0.389913583635737,-0.6963590842418821,-1.0,2025-07-24 22:00:00-04:00,2025-07-25 08:00:00-04:00,69648.14724502712,50001.0,19647.147245027125,0.389913583635737
2025-07-28 22:00:00-04:00,2025-07-29 08:00:00-04:00,1,0.4166666666666667,-76055.11948438734,-26054.119484387338,50001.0,2025-07-28,IMM_3xIMM_4,3,whites,-0.503136299252116,-0.2605070587555769,1.0,2025-07-28 22:00:00-04:00,2025-07-29 08:00:00-04:00,-26054.119484387338,50001.0,-76055.11948438734,0.503136299252116
2025-07-29 22:00:00-04:00,2025-07-30 08:00:00-04:00,1,0.4166666666666667,-112991.75551907718,-62990.75551907718,50001.0,2025-07-29,IMM_3xIMM_4,3,whites,0.736435201708252,-0.6297945438654029,-1.0,2025-07-29 22:00:00-04:00,2025-07-30 08:00:00-04:00,62990.75551907718,50001.0,12989.755519077182,0.736435201708252
2025-07-30 22:00:00-04:00,2025-07-31 08:00:00-04:00,1,0.4166666666666667,154281.4176717177,204282.4176717177,50001.0,2025-07-30,IMM_3xIMM_4,3,whites,-1.148850654160638,2.042769144827794,1.0,2025-07-30 22:00:00-04:00,2025-07-31 08:00:00-04:00,204282.4176717177,50001.0,154281.4176717177,1.148850654160638
2025-07-31 22:00:00-04:00,2025-08-01 08:00:00-04:00,1,0.4166666666666667,-181447.57191058993,-131446.57191058993,50001.0,2025-07-31,IMM_3xIMM_4,3,whites,0.27533563463482125,-1.3142072304690888,-1.0,2025-07-31 22:00:00-04:00,2025-08-01 08:00:00-04:00,131446.57191058993,50001.0,81445.57191058993,0.27533563463482125
2025-08-04 22:00:00-04:00,2025-08-05 08:00:00-04:00,1,0.4166666666666667,214301.0053928867,264302.0053928867,50001.0,2025-08-04,IMM_3xIMM_4,3,whites,1.644580404368412,2.6431004642001543,-1.0,2025-08-04 22:00:00-04:00,2025-08-05 08:00:00-04:00,-264302.0053928867,50001.0,-314303.0053928867,1.644580404368412
2025-08-05 22:00:00-04:00,2025-08-06 08:00:00-04:00,1,0.4166666666666667,-49740.353671349585,260.64632865041494,50001.0,2025-08-05,IMM_3xIMM_4,3,whites,0.6429628103953533,0.0026061525421283704,-1.0,2025-08-05 22:00:00-04:00,2025-08-06 08:00:00-04:00,-260.64632865041494,50001.0,-50261.646328650415,0.6429628103953533
2025-08-06 22:00:00-04:00,2025-08-07 08:00:00-04:00,1,0.4166666666666667,60794.756182566285,110795.75618256629,50001.0,2025-08-06,IMM_3xIMM_4,3,whites,-0.5122912079338349,1.107900186616284,1.0,2025-08-06 22:00:00-04:00,2025-08-07 08:00:00-04:00,110795.75618256629,50001.0,60794.756182566285,0.5122912079338349
2025-08-07 22:00:00-04:00,2025-08-08 08:00:00-04:00,1,0.4166666666666667,55289.41134233028,105290.41134233028,50001.0,2025-08-07,IMM_3xIMM_4,3,whites,1.312209666754871,1.0528478672887864,-1.0,2025-08-07 22:00:00-04:00,2025-08-08 08:00:00-04:00,-105290.41134233028,50001.0,-155291.41134233028,1.312209666754871
2025-08-11 22:00:00-04:00,2025-08-12 08:00:00-04:00,1,0.4166666666666667,-85910.63490796834,-35909.63490796834,50001.0,2025-08-11,IMM_3xIMM_4,3,whites,0.4852745299753547,-0.3590474236431884,-1.0,2025-08-11 22:00:00-04:00,2025-08-12 08:00:00-04:00,35909.63490796834,50001.0,-14091.365092031658,0.4852745299753547
2025-08-12 22:00:00-04:00,2025-08-13 08:00:00-04:00,1,0.4166666666666667,-364438.21420965344,-314437.21420965344,50001.0,2025-08-12,IMM_3xIMM_4,3,whites,0.4994064269554954,-3.1433081396824214,-1.0,2025-08-12 22:00:00-04:00,2025-08-13 08:00:00-04:00,314437.21420965344,50001.0,264436.21420965344,0.4994064269554954
2025-08-13 22:00:00-04:00,2025-08-14 08:00:00-04:00,1,0.4166666666666667,-98364.75170189887,-48363.75170189887,50001.0,2025-08-13,IMM_3xIMM_4,3,whites,-0.5472409510685061,-0.4835774779907709,1.0,2025-08-13 22:00:00-04:00,2025-08-14 08:00:00-04:00,-48363.75170189887,50001.0,-98364.75170189887,0.5472409510685061
2025-08-14 22:00:00-04:00,2025-08-15 08:00:00-04:00,1,0.4166666666666667,-52935.02577955276,-2934.0257795527577,50001.0,2025-08-14,IMM_3xIMM_4,3,whites,0.43397006722245557,-0.029336718364492143,-1.0,2025-08-14 22:00:00-04:00,2025-08-15 08:00:00-04:00,2934.0257795527577,50001.0,-47066.97422044724,0.43397006722245557
2025-08-18 22:00:00-04:00,2025-08-19 08:00:00-04:00,1,0.4166666666666667,-117334.1738878265,-67333.1738878265,50001.0,2025-08-18,IMM_3xIMM_4,3,whites,-0.11587679424347463,-0.6732304896770014,1.0,2025-08-18 22:00:00-04:00,2025-08-19 08:00:00-04:00,-67333.1738878265,50001.0,-117334.1738878265,0.11587679424347463
2025-08-19 22:00:00-04:00,2025-08-20 08:00:00-04:00,1,0.4166666666666667,-99007.53091553599,-49006.53091553599,50001.0,2025-08-19,IMM_3xIMM_4,3,whites,0.7483821163920545,-0.49000484291670254,-1.0,2025-08-19 22:00:00-04:00,2025-08-20 08:00:00-04:00,49006.53091553599,50001.0,-994.4690844640136,0.7483821163920545
2025-08-20 22:00:00-04:00,2025-08-21 08:00:00-04:00,1,0.4166666666666667,103331.29338154942,153332.29338154942,50001.0,2025-08-20,IMM_3xIMM_4,3,whites,0.2243911816181221,1.5333307414624464,-1.0,2025-08-20 22:00:00-04:00,2025-08-21 08:00:00-04:00,-153332.29338154942,50001.0,-203333.29338154942,0.2243911816181221
2025-08-21 22:00:00-04:00,2025-08-22 08:00:00-04:00,1,0.4166666666666667,47247.401497632265,97248.40149763227,50001.0,2025-08-21,IMM_3xIMM_4,3,whites,-1.945342736673572,0.9724658070983327,1.0,2025-08-21 22:00:00-04:00,2025-08-22 08:00:00-04:00,97248.40149763227,50001.0,47247.401497632265,1.945342736673572
2025-08-25 22:00:00-04:00,2025-08-26 08:00:00-04:00,1,0.4166666666666667,-8725.982562541962,41275.01743745804,50001.0,2025-08-25,IMM_3xIMM_4,3,whites,-3.3796700125872547,0.4127200728605729,1.0,2025-08-25 22:00:00-04:00,2025-08-26 08:00:00-04:00,41275.01743745804,50001.0,-8725.982562541962,3.3796700125872547
2025-08-26 22:00:00-04:00,2025-08-27 08:00:00-04:00,1,0.4166666666666667,-114371.21241392195,-64370.21241392195,50001.0,2025-08-26,IMM_3xIMM_4,3,whites,1.536990524163384,-0.6435900686670326,-1.0,2025-08-26 22:00:00-04:00,2025-08-27 08:00:00-04:00,64370.21241392195,50001.0,14369.212413921952,1.536990524163384
2025-08-27 22:00:00-04:00,2025-08-28 08:00:00-04:00,1,0.4166666666666667,82191.4966057241,132192.4966057241,50001.0,2025-08-27,IMM_3xIMM_4,3,whites,1.0365172356990193,1.3218404030949316,-1.0,2025-08-27 22:00:00-04:00,2025-08-28 08:00:00-04:00,-132192.4966057241,50001.0,-182193.4966057241,1.0365172356990193
2025-08-28 22:00:00-04:00,2025-08-29 08:00:00-04:00,1,0.4166666666666667,-339.1363083794713,49661.86369162053,50001.0,2025-08-28,IMM_3xIMM_4,3,whites,1.0056299547902547,0.49656991585029786,-1.0,2025-08-28 22:00:00-04:00,2025-08-29 08:00:00-04:00,-49661.86369162053,50001.0,-99662.86369162053,1.0056299547902547
2025-09-02 22:00:00-04:00,2025-09-03 08:00:00-04:00,1,0.4166666666666667,-62145.54364982247,-12144.543649822474,50001.0,2025-09-02,IMM_3xIMM_4,3,whites,1.0229911837721595,-0.1214315635737151,-1.0,2025-09-02 22:00:00-04:00,2025-09-03 08:00:00-04:00,12144.543649822474,50001.0,-37856.45635017753,1.0229911837721595
2025-09-03 22:00:00-04:00,2025-09-04 08:00:00-04:00,1,0.4166666666666667,-246996.73156208545,-196995.73156208545,50001.0,2025-09-03,IMM_3xIMM_4,3,whites,-0.09833331986910387,-1.969554622892522,1.0,2025-09-03 22:00:00-04:00,2025-09-04 08:00:00-04:00,-196995.73156208545,50001.0,-246996.73156208545,0.09833331986910387
2025-09-04 22:00:00-04:00,2025-09-05 08:00:00-04:00,1,0.4166666666666667,31128.310186818242,81129.31018681824,50001.0,2025-09-04,IMM_3xIMM_4,3,whites,-0.07726339232592139,0.811244064030614,1.0,2025-09-04 22:00:00-04:00,2025-09-05 08:00:00-04:00,81129.31018681824,50001.0,31128.310186818242,0.07726339232592139
2025-09-08 22:00:00-04:00,2025-09-09 08:00:00-04:00,1,0.4166666666666667,300899.9820038974,350900.9820038974,50001.0,2025-09-08,IMM_3xIMM_4,3,whites,1.3149677353238243,3.5092876024177766,-1.0,2025-09-08 22:00:00-04:00,2025-09-09 08:00:00-04:00,-350900.9820038974,50001.0,-400901.9820038974,1.3149677353238243
2025-09-09 22:00:00-04:00,2025-09-10 08:00:00-04:00,1,0.4166666666666667,-151175.6819818765,-101174.68198187649,50001.0,2025-09-09,IMM_3xIMM_4,3,whites,-0.5506109899627187,-1.0115541511325432,1.0,2025-09-09 22:00:00-04:00,2025-09-10 08:00:00-04:00,-101174.68198187649,50001.0,-151175.6819818765,0.5506109899627187
2025-09-10 22:00:00-04:00,2025-09-11 08:00:00-04:00,1,0.4166666666666667,65442.527873814106,115443.5278738141,50001.0,2025-09-10,IMM_3xIMM_4,3,whites,-0.6682448566452948,1.1543775151778846,1.0,2025-09-10 22:00:00-04:00,2025-09-11 08:00:00-04:00,115443.5278738141,50001.0,65442.527873814106,0.6682448566452948
2025-09-11 22:00:00-04:00,2025-09-12 08:00:00-04:00,1,0.4166666666666667,38201.810590066016,88202.81059006602,50001.0,2025-09-11,IMM_3xIMM_4,3,whites,0.27317401428388344,0.8819612340230432,-1.0,2025-09-11 22:00:00-04:00,2025-09-12 08:00:00-04:00,-88202.81059006602,50001.0,-138203.81059006602,0.27317401428388344
2025-09-15 22:00:00-04:00,2025-09-16 08:00:00-04:00,1,0.4166666666666667,-122440.82611738145,-72439.82611738145,50001.0,2025-09-15,IMM_3xIMM_4,3,whites,-0.039364154327437006,-23.503179131694374,1.0,2025-09-15 22:00:00-04:00,2025-09-16 08:00:00-04:00,-72439.82611738145,50001.0,-122440.82611738145,0.039364154327437006
2025-09-16 22:00:00-04:00,2025-09-17 08:00:00-04:00,1,0.4166666666666667,-10667.267806090415,39333.732193909585,50001.0,2025-09-16,IMM_3xIMM_4,3,whites,0.5083669882680386,0.39313599398322907,-1.0,2025-09-16 22:00:00-04:00,2025-09-17 08:00:00-04:00,-39333.732193909585,50001.0,-89334.73219390959,0.5083669882680386
2025-09-17 22:00:00-04:00,2025-09-18 08:00:00-04:00,1,0.4166666666666667,-49562.27554423362,438.72445576637983,50001.0,2025-09-17,IMM_3xIMM_4,3,whites,-2.355321281149525,0.004387090189972298,1.0,2025-09-17 22:00:00-04:00,2025-09-18 08:00:00-04:00,438.72445576637983,50001.0,-49562.27554423362,2.355321281149525
2025-09-18 22:00:00-04:00,2025-09-19 08:00:00-04:00,1,0.4166666666666667,216794.8286318779,266795.8286318779,50001.0,2025-09-18,IMM_3xIMM_4,3,whites,0.3793235611857959,2.6681583520527408,-1.0,2025-09-18 22:00:00-04:00,2025-09-19 08:00:00-04:00,-266795.8286318779,50001.0,-316796.8286318779,0.3793235611857959
2025-09-22 22:00:00-04:00,2025-09-23 08:00:00-04:00,1,0.4166666666666667,-45773.0142862238,4227.985713776201,50001.0,2025-09-22,IMM_3xIMM_4,3,whites,-0.5254403954924047,0.04227527207412152,1.0,2025-09-22 22:00:00-04:00,2025-09-23 08:00:00-04:00,4227.985713776201,50001.0,-45773.0142862238,0.5254403954924047
2025-09-23 22:00:00-04:00,2025-09-24 08:00:00-04:00,1,0.4166666666666667,-47170.87874574959,2830.121254250407,50001.0,2025-09-23,IMM_3xIMM_4,3,whites,0.7482632505605658,0.028297197604976176,-1.0,2025-09-23 22:00:00-04:00,2025-09-24 08:00:00-04:00,-2830.121254250407,50001.0,-52831.12125425041,0.7482632505605658
2025-09-24 22:00:00-04:00,2025-09-25 08:00:00-04:00,1,0.4166666666666667,155180.92617287114,205181.92617287114,50001.0,2025-09-24,IMM_3xIMM_4,3,whites,-0.009377974230062591,2.0517888571015774,1.0,2025-09-24 22:00:00-04:00,2025-09-25 08:00:00-04:00,205181.92617287114,50001.0,155180.92617287114,0.009377974230062591
2025-09-25 22:00:00-04:00,2025-09-26 08:00:00-04:00,1,0.4166666666666667,-99837.39206692949,-49836.39206692949,50001.0,2025-09-25,IMM_3xIMM_4,3,whites,-0.40478470435756364,-0.4982845408022296,1.0,2025-09-25 22:00:00-04:00,2025-09-26 08:00:00-04:00,-49836.39206692949,50001.0,-99837.39206692949,0.40478470435756364
2025-09-29 22:00:00-04:00,2025-09-30 08:00:00-04:00,1,0.4166666666666667,-153373.9500563182,-103372.9500563182,50001.0,2025-09-29,IMM_3xIMM_4,3,whites,0.008571826492698165,-1.0335808973706229,-1.0,2025-09-29 22:00:00-04:00,2025-09-30 08:00:00-04:00,103372.9500563182,50001.0,53371.950056318194,0.008571826492698165
2025-09-30 22:00:00-04:00,2025-10-01 08:00:00-04:00,1,0.4166666666666667,-228631.28692920133,-178630.28692920133,50001.0,2025-09-30,IMM_3xIMM_4,3,whites,0.006784237760637524,-1.7859578675115007,-1.0,2025-09-30 22:00:00-04:00,2025-10-01 08:00:00-04:00,178630.28692920133,50001.0,128629.28692920133,0.006784237760637524
2025-10-01 22:00:00-04:00,2025-10-02 08:00:00-04:00,1,0.4166666666666667,193709.17166774347,243710.17166774347,50001.0,2025-10-01,IMM_3xIMM_4,3,whites,0.1302426516263555,2.4372587039128035,-1.0,2025-10-01 22:00:00-04:00,2025-10-02 08:00:00-04:00,-243710.17166774347,50001.0,-293711.1716677435,0.1302426516263555
2025-10-02 22:00:00-04:00,2025-10-03 08:00:00-04:00,1,0.4166666666666667,-50357.73773026094,-356.7377302609384,50001.0,2025-10-02,IMM_3xIMM_4,3,whites,0.3879965203365643,-0.00356711711586577,-1.0,2025-10-02 22:00:00-04:00,2025-10-03 08:00:00-04:00,356.7377302609384,50001.0,-49644.26226973906,0.3879965203365643
2025-10-06 22:00:00-04:00,2025-10-07 08:00:00-04:00,1,0.4166666666666667,113888.81349720433,163889.81349720433,50001.0,2025-10-06,IMM_3xIMM_4,3,whites,-0.1266987242944495,1.6389195775545762,1.0,2025-10-06 22:00:00-04:00,2025-10-07 08:00:00-04:00,163889.81349720433,50001.0,113888.81349720433,0.1266987242944495
2025-10-07 22:00:00-04:00,2025-10-08 08:00:00-04:00,1,0.4166666666666667,-61387.95399605855,-11386.953996058553,50001.0,2025-10-07,IMM_3xIMM_4,3,whites,0.6111678200712234,-0.11385620178518963,-1.0,2025-10-07 22:00:00-04:00,2025-10-08 08:00:00-04:00,11386.953996058553,50001.0,-38614.04600394145,0.6111678200712234
2025-10-08 22:00:00-04:00,2025-10-09 08:00:00-04:00,1,0.4166666666666667,132457.76824029535,182458.76824029535,50001.0,2025-10-08,IMM_3xIMM_4,3,whites,-0.4965197885633099,1.8244928981856035,1.0,2025-10-08 22:00:00-04:00,2025-10-09 08:00:00-04:00,182458.76824029535,50001.0,132457.76824029535,0.4965197885633099
2025-10-09 22:00:00-04:00,2025-10-10 08:00:00-04:00,1,0.4166666666666667,-187906.98515537754,-137905.98515537754,50001.0,2025-10-09,IMM_3xIMM_4,3,whites,-0.0003278153660968286,-1.3787662996629368,1.0,2025-10-09 22:00:00-04:00,2025-10-10 08:00:00-04:00,-137905.98515537754,50001.0,-187906.98515537754,0.0003278153660968286
2025-10-14 22:00:00-04:00,2025-10-15 08:00:00-04:00,1,0.4166666666666667,89674.71436592937,139675.71436592937,50001.0,2025-10-14,IMM_3xIMM_4,3,whites,-1.6860411403469389,1.3967494740850128,1.0,2025-10-14 22:00:00-04:00,2025-10-15 08:00:00-04:00,139675.71436592937,50001.0,89674.71436592937,1.6860411403469389
2025-10-15 22:00:00-04:00,2025-10-16 08:00:00-04:00,1,0.4166666666666667,42086.37890025973,92087.37890025973,50001.0,2025-10-15,IMM_3xIMM_4,3,whites,-0.6319349933446183,0.92080045285301,1.0,2025-10-15 22:00:00-04:00,2025-10-16 08:00:00-04:00,92087.37890025973,50001.0,42086.37890025973,0.6319349933446183
2025-10-16 22:00:00-04:00,2025-10-17 08:00:00-04:00,1,0.4166666666666667,274667.0631338246,324668.0631338246,50001.0,2025-10-16,IMM_3xIMM_4,3,whites,-1.9375446111349337,3.2471815828040818,1.0,2025-10-16 22:00:00-04:00,2025-10-17 08:00:00-04:00,324668.0631338246,50001.0,274667.0631338246,1.9375446111349337
2025-10-20 22:00:00-04:00,2025-10-21 08:00:00-04:00,1,0.4166666666666667,-151015.39567426592,-101014.39567426592,50001.0,2025-10-20,IMM_3xIMM_4,3,whites,1.4208092096164027,-1.0100008597029753,-1.0,2025-10-20 22:00:00-04:00,2025-10-21 08:00:00-04:00,101014.39567426592,50001.0,51013.39567426592,1.4208092096164027
2025-10-21 22:00:00-04:00,2025-10-22 08:00:00-04:00,1,0.4166666666666667,-123706.56445330381,-73705.56445330381,50001.0,2025-10-21,IMM_3xIMM_4,3,whites,0.12139100087322774,-0.7369565193874106,-1.0,2025-10-21 22:00:00-04:00,2025-10-22 08:00:00-04:00,73705.56445330381,50001.0,23704.564453303814,0.12139100087322774
2025-10-22 22:00:00-04:00,2025-10-23 08:00:00-04:00,1,0.4166666666666667,243446.3937657401,293447.3937657401,50001.0,2025-10-22,IMM_3xIMM_4,3,whites,-0.2688027223313849,2.9346068483216303,1.0,2025-10-22 22:00:00-04:00,2025-10-23 08:00:00-04:00,293447.3937657401,50001.0,243446.3937657401,0.2688027223313849
2025-10-23 22:00:00-04:00,2025-10-24 08:00:00-04:00,1,0.4166666666666667,91725.95410127938,141726.95410127938,50001.0,2025-10-23,IMM_3xIMM_4,3,whites,-0.4021842900999051,1.4172693849545226,1.0,2025-10-23 22:00:00-04:00,2025-10-24 08:00:00-04:00,141726.95410127938,50001.0,91725.95410127938,0.4021842900999051
2025-10-27 22:00:00-04:00,2025-10-28 08:00:00-04:00,1,0.4166666666666667,41952.46466480568,91953.46466480568,50001.0,2025-10-27,IMM_3xIMM_4,3,whites,-0.2892993457100701,0.9194642784907003,1.0,2025-10-27 22:00:00-04:00,2025-10-28 08:00:00-04:00,91953.46466480568,50001.0,41952.46466480568,0.2892993457100701
2025-10-28 22:00:00-04:00,2025-10-29 08:00:00-04:00,1,0.4166666666666667,91942.12923333421,141943.1292333342,50001.0,2025-10-28,IMM_3xIMM_4,3,whites,0.47719932475875915,1.4194311878055643,-1.0,2025-10-28 22:00:00-04:00,2025-10-29 08:00:00-04:00,-141943.1292333342,50001.0,-191944.1292333342,0.47719932475875915
2025-10-29 22:00:00-04:00,2025-10-30 08:00:00-04:00,1,0.4166666666666667,157039.02817070484,207040.02817070484,50001.0,2025-10-29,IMM_3xIMM_4,3,whites,-1.2800689699518752,2.07040183276348,1.0,2025-10-29 22:00:00-04:00,2025-10-30 08:00:00-04:00,207040.02817070484,50001.0,157039.02817070484,1.2800689699518752
2025-10-30 22:00:00-04:00,2025-10-31 08:00:00-04:00,1,0.4166666666666667,89543.58190131187,139544.58190131187,50001.0,2025-10-30,IMM_3xIMM_4,3,whites,-0.40648065055419735,1.3955206887127147,1.0,2025-10-30 22:00:00-04:00,2025-10-31 08:00:00-04:00,139544.58190131187,50001.0,89543.58190131187,0.40648065055419735
2025-11-03 22:00:00-05:00,2025-11-04 08:00:00-05:00,1,0.4166666666666667,-280266.4850961268,-230265.4850961268,50001.0,2025-11-03,IMM_3xIMM_4,3,whites,-0.24765651340676875,-2.3020330821005963,1.0,2025-11-03 22:00:00-05:00,2025-11-04 08:00:00-05:00,-230265.4850961268,50001.0,-280266.4850961268,0.24765651340676875
2025-11-04 22:00:00-05:00,2025-11-05 08:00:00-05:00,1,0.4166666666666667,113272.58148499578,163273.58148499578,50001.0,2025-11-04,IMM_3xIMM_4,3,whites,-1.7920097004365587,1.6327426043447613,1.0,2025-11-04 22:00:00-05:00,2025-11-05 08:00:00-05:00,163273.58148499578,50001.0,113272.58148499578,1.7920097004365587
2025-11-05 22:00:00-05:00,2025-11-06 08:00:00-05:00,1,0.4166666666666667,-206027.89572111517,-156026.89572111517,50001.0,2025-11-05,IMM_3xIMM_4,3,whites,-0.7928165968476897,-1.5598130513809316,1.0,2025-11-05 22:00:00-05:00,2025-11-06 08:00:00-05:00,-156026.89572111517,50001.0,-206027.89572111517,0.7928165968476897
2025-11-06 22:00:00-05:00,2025-11-07 08:00:00-05:00,1,0.4166666666666667,-137962.8570303917,-87961.8570303917,50001.0,2025-11-06,IMM_3xIMM_4,3,whites,1.2600240166942278,-0.8794759034706168,-1.0,2025-11-06 22:00:00-05:00,2025-11-07 08:00:00-05:00,87961.8570303917,50001.0,37960.85703039169,1.2600240166942278
2025-11-12 22:00:00-05:00,2025-11-13 08:00:00-05:00,1,0.4166666666666667,105505.03847432137,155506.03847432137,50001.0,2025-11-12,IMM_3xIMM_4,3,whites,0.8150587434248902,1.5550137113435447,-1.0,2025-11-12 22:00:00-05:00,2025-11-13 08:00:00-05:00,-155506.03847432137,50001.0,-205507.03847432137,0.8150587434248902
2025-11-13 22:00:00-05:00,2025-11-14 08:00:00-05:00,1,0.4166666666666667,-438114.7707514018,-388113.7707514018,50001.0,2025-11-13,IMM_3xIMM_4,3,whites,-0.246509500003933,-3.8799407134960884,1.0,2025-11-13 22:00:00-05:00,2025-11-14 08:00:00-05:00,-388113.7707514018,50001.0,-438114.7707514018,0.246509500003933
2025-11-17 22:00:00-05:00,2025-11-18 08:00:00-05:00,1,0.4166666666666667,-344538.04598868266,-294537.04598868266,50001.0,2025-11-17,IMM_3xIMM_4,3,whites,-1.0034831919524034,-2.944506203784547,1.0,2025-11-17 22:00:00-05:00,2025-11-18 08:00:00-05:00,-294537.04598868266,50001.0,-344538.04598868266,1.0034831919524034
2025-11-18 22:00:00-05:00,2025-11-19 08:00:00-05:00,1,0.4166666666666667,-100010.72621747851,-50009.726217478514,50001.0,2025-11-18,IMM_3xIMM_4,3,whites,-0.03899247081702306,-0.5000211681891464,1.0,2025-11-18 22:00:00-05:00,2025-11-19 08:00:00-05:00,-50009.726217478514,50001.0,-100010.72621747851,0.03899247081702306
2025-11-19 22:00:00-05:00,2025-11-20 08:00:00-05:00,1,0.4166666666666667,132913.6256450191,182914.6256450191,50001.0,2025-11-19,IMM_3xIMM_4,3,whites,1.1600319238027623,1.82913807919034,-1.0,2025-11-19 22:00:00-05:00,2025-11-20 08:00:00-05:00,-182914.6256450191,50001.0,-232915.6256450191,1.1600319238027623
2025-11-20 22:00:00-05:00,2025-11-21 08:00:00-05:00,1,0.4166666666666667,-533836.1017431766,-483835.1017431766,50001.0,2025-11-20,IMM_3xIMM_4,3,whites,2.532475048910454,-4.835417747410808,-1.0,2025-11-20 22:00:00-05:00,2025-11-21 08:00:00-05:00,483835.1017431766,50001.0,433834.1017431766,2.532475048910454
2025-11-24 22:00:00-05:00,2025-11-25 08:00:00-05:00,1,0.4166666666666667,-134542.2017244734,-84541.20172447339,50001.0,2025-11-24,IMM_3xIMM_4,3,whites,1.0049362714904753,-0.845240950207149,-1.0,2025-11-24 22:00:00-05:00,2025-11-25 08:00:00-05:00,84541.20172447339,50001.0,34540.20172447339,1.0049362714904753
2025-11-25 22:00:00-05:00,2025-11-26 08:00:00-05:00,1,0.4166666666666667,-38333.16958513111,11667.830414868891,50001.0,2025-11-25,IMM_3xIMM_4,3,whites,0.9032714171004042,0.11666812654427261,-1.0,2025-11-25 22:00:00-05:00,2025-11-26 08:00:00-05:00,-11667.830414868891,50001.0,-61668.83041486889,0.9032714171004042
2025-12-01 22:00:00-05:00,2025-12-02 08:00:00-05:00,1,0.4166666666666667,-1434.0000157281756,48566.999984271824,50001.0,2025-12-01,IMM_3xIMM_4,3,whites,0.4324386077533493,0.48562032708940883,-1.0,2025-12-01 22:00:00-05:00,2025-12-02 08:00:00-05:00,-48566.999984271824,50001.0,-98567.99998427182,0.4324386077533493
2025-12-02 22:00:00-05:00,2025-12-03 08:00:00-05:00,1,0.4166666666666667,-99867.15097600222,-49866.150976002216,50001.0,2025-12-02,IMM_3xIMM_4,3,whites,-0.48707693398597485,-0.4985921472435262,1.0,2025-12-02 22:00:00-05:00,2025-12-03 08:00:00-05:00,-49866.150976002216,50001.0,-99867.15097600222,0.48707693398597485
2025-12-03 22:00:00-05:00,2025-12-04 08:00:00-05:00,1,0.4166666666666667,28113.36128205806,78114.36128205806,50001.0,2025-12-03,IMM_3xIMM_4,3,whites,1.6508972527665478,0.7810789870448254,-1.0,2025-12-03 22:00:00-05:00,2025-12-04 08:00:00-05:00,-78114.36128205806,50001.0,-128115.36128205806,1.6508972527665478
2025-12-04 22:00:00-05:00,2025-12-05 08:00:00-05:00,1,0.4166666666666667,78783.50209403038,128784.50209403038,50001.0,2025-12-04,IMM_3xIMM_4,3,whites,-0.1172525048481976,1.2877779689821178,1.0,2025-12-04 22:00:00-05:00,2025-12-05 08:00:00-05:00,128784.50209403038,50001.0,78783.50209403038,0.1172525048481976
2025-12-08 22:00:00-05:00,2025-12-09 08:00:00-05:00,1,0.4166666666666667,-8436.990185022354,41564.009814977646,50001.0,2025-12-08,IMM_3xIMM_4,3,whites,0.5103858267976324,0.4156049483022617,-1.0,2025-12-08 22:00:00-05:00,2025-12-09 08:00:00-05:00,-41564.009814977646,50001.0,-91565.00981497765,0.5103858267976324
2025-12-09 22:00:00-05:00,2025-12-10 08:00:00-05:00,1,0.4166666666666667,61949.41865079105,111950.41865079105,50001.0,2025-12-09,IMM_3xIMM_4,3,whites,-0.4863672733391944,1.119438807461881,1.0,2025-12-09 22:00:00-05:00,2025-12-10 08:00:00-05:00,111950.41865079105,50001.0,61949.41865079105,0.4863672733391944
2025-12-10 22:00:00-05:00,2025-12-11 08:00:00-05:00,1,0.4166666666666667,-28767.881653741002,21233.118346258998,50001.0,2025-12-10,IMM_3xIMM_4,3,whites,0.5303833092542565,0.2123056295074477,-1.0,2025-12-10 22:00:00-05:00,2025-12-11 08:00:00-05:00,-21233.118346258998,50001.0,-71234.118346259,0.5303833092542565
2025-12-11 22:00:00-05:00,2025-12-12 08:00:00-05:00,1,0.4166666666666667,27343.40454472229,77344.40454472229,50001.0,2025-12-11,IMM_3xIMM_4,3,whites,-0.7877814389131821,0.7733817051473135,1.0,2025-12-11 22:00:00-05:00,2025-12-12 08:00:00-05:00,77344.40454472229,50001.0,27343.40454472229,0.7877814389131821
2025-12-15 22:00:00-05:00,2025-12-16 08:00:00-05:00,1,0.4166666666666667,92645.39614469558,142646.39614469558,50001.0,2025-12-15,IMM_3xIMM_4,3,whites,-0.6193347513607339,-12.407297510706883,1.0,2025-12-15 22:00:00-05:00,2025-12-16 08:00:00-05:00,142646.39614469558,50001.0,92645.39614469558,0.6193347513607339
2025-12-16 22:00:00-05:00,2025-12-17 08:00:00-05:00,1,0.4166666666666667,-46824.340634830296,3176.659365169704,50001.0,2025-12-16,IMM_3xIMM_4,3,whites,1.4271585826087563,0.03176504415982606,-1.0,2025-12-16 22:00:00-05:00,2025-12-17 08:00:00-05:00,-3176.659365169704,50001.0,-53177.659365169704,1.4271585826087563
2025-12-17 22:00:00-05:00,2025-12-18 08:00:00-05:00,1,0.4166666666666667,-214124.94121895358,-164123.94121895358,50001.0,2025-12-17,IMM_3xIMM_4,3,whites,-0.6266005105024952,-1.6408736000543378,1.0,2025-12-17 22:00:00-05:00,2025-12-18 08:00:00-05:00,-164123.94121895358,50001.0,-214124.94121895358,0.6266005105024952
2025-12-18 22:00:00-05:00,2025-12-19 08:00:00-05:00,1,0.4166666666666667,-89831.7147196494,-39830.714719649404,50001.0,2025-12-18,IMM_3xIMM_4,3,whites,0.9977516991248159,-0.39824642660537535,-1.0,2025-12-18 22:00:00-05:00,2025-12-19 08:00:00-05:00,39830.714719649404,50001.0,-10170.285280350596,0.9977516991248159
2025-12-22 22:00:00-05:00,2025-12-23 08:00:00-05:00,1,0.4166666666666667,-87156.05443118885,-37155.05443118885,50001.0,2025-12-22,IMM_3xIMM_4,3,whites,-0.4213643903683728,-0.37149448027684606,1.0,2025-12-22 22:00:00-05:00,2025-12-23 08:00:00-05:00,-37155.05443118885,50001.0,-87156.05443118885,0.4213643903683728
2025-12-23 22:00:00-05:00,2025-12-24 08:00:00-05:00,1,0.4166666666666667,-39759.82269182056,10241.177308179438,50001.0,2025-12-23,IMM_3xIMM_4,3,whites,-0.4868725942584806,0.1024012929220941,1.0,2025-12-23 22:00:00-05:00,2025-12-24 08:00:00-05:00,10241.177308179438,50001.0,-39759.82269182056,0.4868725942584806
2025-12-29 22:00:00-05:00,2025-12-30 08:00:00-05:00,1,0.4166666666666667,104692.55650391802,154693.55650391802,50001.0,2025-12-29,IMM_3xIMM_4,3,whites,-0.5378378620710222,1.5468444860648578,1.0,2025-12-29 22:00:00-05:00,2025-12-30 08:00:00-05:00,154693.55650391802,50001.0,104692.55650391802,0.5378378620710222
2025-12-30 22:00:00-05:00,2025-12-31 08:00:00-05:00,1,0.4166666666666667,-34452.52481170371,15548.475188296288,50001.0,2025-12-30,IMM_3xIMM_4,3,whites,0.1390762588698191,0.15547486344500427,-1.0,2025-12-30 22:00:00-05:00,2025-12-31 08:00:00-05:00,-15548.475188296288,50001.0,-65549.47518829629,0.1390762588698191
2026-01-05 22:00:00-05:00,2026-01-06 08:00:00-05:00,1,0.4166666666666667,-28307.372817303985,21693.627182696015,50001.0,2026-01-05,IMM_3xIMM_4,3,whites,0.9091054883221261,0.21692230547203373,-1.0,2026-01-05 22:00:00-05:00,2026-01-06 08:00:00-05:00,-21693.627182696015,50001.0,-71694.62718269601,0.9091054883221261
2026-01-06 22:00:00-05:00,2026-01-07 08:00:00-05:00,1,0.4166666666666667,-179275.24074269086,-129274.24074269086,50001.0,2026-01-06,IMM_3xIMM_4,3,whites,0.26760030290144954,-1.2925129006640557,-1.0,2026-01-06 22:00:00-05:00,2026-01-07 08:00:00-05:00,129274.24074269086,50001.0,79273.24074269086,0.26760030290144954
2026-01-07 22:00:00-05:00,2026-01-08 08:00:00-05:00,1,0.4166666666666667,99813.13435913995,149814.13435913995,50001.0,2026-01-07,IMM_3xIMM_4,3,whites,-1.0117311914665361,1.49815154464088,1.0,2026-01-07 22:00:00-05:00,2026-01-08 08:00:00-05:00,149814.13435913995,50001.0,99813.13435913995,1.0117311914665361
2026-01-08 22:00:00-05:00,2026-01-09 08:00:00-05:00,1,0.4166666666666667,77861.61874854937,127862.61874854937,50001.0,2026-01-08,IMM_3xIMM_4,3,whites,0.640242798645474,1.2785832182456325,-1.0,2026-01-08 22:00:00-05:00,2026-01-09 08:00:00-05:00,-127862.61874854937,50001.0,-177863.61874854937,0.640242798645474
2026-01-12 22:00:00-05:00,2026-01-13 08:00:00-05:00,1,0.4166666666666667,89618.31241194904,139619.31241194904,50001.0,2026-01-12,IMM_3xIMM_4,3,whites,-0.3717183647658828,1.3962378749265536,1.0,2026-01-12 22:00:00-05:00,2026-01-13 08:00:00-05:00,139619.31241194904,50001.0,89618.31241194904,0.3717183647658828
2026-01-13 22:00:00-05:00,2026-01-14 08:00:00-05:00,1,0.4166666666666667,-201184.27430833504,-151183.27430833504,50001.0,2026-01-13,IMM_3xIMM_4,3,whites,-0.5445333360133642,-1.5115024660640852,1.0,2026-01-13 22:00:00-05:00,2026-01-14 08:00:00-05:00,-151183.27430833504,50001.0,-201184.27430833504,0.5445333360133642
2026-01-14 22:00:00-05:00,2026-01-15 08:00:00-05:00,1,0.4166666666666667,89635.3125747703,139636.3125747703,50001.0,2026-01-14,IMM_3xIMM_4,3,whites,1.0606470826458825,1.3963579933560677,-1.0,2026-01-14 22:00:00-05:00,2026-01-15 08:00:00-05:00,-139636.3125747703,50001.0,-189637.3125747703,1.0606470826458825
2026-01-15 22:00:00-05:00,2026-01-16 08:00:00-05:00,1,0.4166666666666667,126618.96147828922,176619.96147828922,50001.0,2026-01-15,IMM_3xIMM_4,3,whites,-0.5118716344677754,1.766170119227528,1.0,2026-01-15 22:00:00-05:00,2026-01-16 08:00:00-05:00,176619.96147828922,50001.0,126618.96147828922,0.5118716344677754
2026-01-20 22:00:00-05:00,2026-01-21 08:00:00-05:00,1,0.4166666666666667,-108813.45074302703,-58812.45074302703,50001.0,2026-01-20,IMM_3xIMM_4,3,whites,-1.5466842577770201,-0.5880383611430506,1.0,2026-01-20 22:00:00-05:00,2026-01-21 08:00:00-05:00,-58812.45074302703,50001.0,-108813.45074302703,1.5466842577770201
2026-01-21 22:00:00-05:00,2026-01-22 08:00:00-05:00,1,0.4166666666666667,24020.56499797851,74021.56499797851,50001.0,2026-01-21,IMM_3xIMM_4,3,whites,0.9207958715156117,0.7401747111047019,-1.0,2026-01-21 22:00:00-05:00,2026-01-22 08:00:00-05:00,-74021.56499797851,50001.0,-124022.56499797851,0.9207958715156117
2026-01-22 22:00:00-05:00,2026-01-23 08:00:00-05:00,1,0.4166666666666667,-74495.73082248494,-24494.73082248494,50001.0,2026-01-22,IMM_3xIMM_4,3,whites,0.25811627906686674,-0.24491332439016134,-1.0,2026-01-22 22:00:00-05:00,2026-01-23 08:00:00-05:00,24494.73082248494,50001.0,-25506.26917751506,0.25811627906686674
2026-01-26 22:00:00-05:00,2026-01-27 08:00:00-05:00,1,0.4166666666666667,-101387.54406566545,-51386.544065665454,50001.0,2026-01-26,IMM_3xIMM_4,3,whites,0.2699467512205178,-0.5137876429010202,-1.0,2026-01-26 22:00:00-05:00,2026-01-27 08:00:00-05:00,51386.544065665454,50001.0,1385.5440656654537,0.2699467512205178
2026-01-27 22:00:00-05:00,2026-01-28 08:00:00-05:00,1,0.4166666666666667,28312.028083086014,78313.02808308601,50001.0,2026-01-27,IMM_3xIMM_4,3,whites,0.037749991326219146,0.7830882224866276,-1.0,2026-01-27 22:00:00-05:00,2026-01-28 08:00:00-05:00,-78313.02808308601,50001.0,-128314.02808308601,0.037749991326219146
2026-01-28 22:00:00-05:00,2026-01-29 08:00:00-05:00,1,0.4166666666666667,-23074.21430377662,26926.78569622338,50001.0,2026-01-28,IMM_3xIMM_4,3,whites,-0.2568528687586724,0.26924845150788634,1.0,2026-01-28 22:00:00-05:00,2026-01-29 08:00:00-05:00,26926.78569622338,50001.0,-23074.21430377662,0.2568528687586724
2026-01-29 22:00:00-05:00,2026-01-30 08:00:00-05:00,1,0.4166666666666667,-270285.7280792743,-220284.7280792743,50001.0,2026-01-29,IMM_3xIMM_4,3,whites,0.5525205677947564,-2.202443261842024,-1.0,2026-01-29 22:00:00-05:00,2026-01-30 08:00:00-05:00,220284.7280792743,50001.0,170283.7280792743,0.5525205677947564
2026-02-02 22:00:00-05:00,2026-02-03 08:00:00-05:00,1,0.4166666666666667,11480.987501956522,61481.98750195652,50001.0,2026-02-02,IMM_3xIMM_4,3,whites,-0.3593982402145812,0.6147701862745603,1.0,2026-02-02 22:00:00-05:00,2026-02-03 08:00:00-05:00,61481.98750195652,50001.0,11480.987501956522,0.3593982402145812
2026-02-03 22:00:00-05:00,2026-02-04 08:00:00-05:00,1,0.4166666666666667,66370.50764110312,116371.50764110312,50001.0,2026-02-03,IMM_3xIMM_4,3,whites,0.2430490057829804,1.1636470402725418,-1.0,2026-02-03 22:00:00-05:00,2026-02-04 08:00:00-05:00,-116371.50764110312,50001.0,-166372.50764110312,0.2430490057829804
2026-02-04 22:00:00-05:00,2026-02-05 08:00:00-05:00,1,0.4166666666666667,-266327.9822544232,-216326.9822544232,50001.0,2026-02-04,IMM_3xIMM_4,3,whites,-0.2530694499145447,-2.1627571257853972,1.0,2026-02-04 22:00:00-05:00,2026-02-05 08:00:00-05:00,-216326.9822544232,50001.0,-266327.9822544232,0.2530694499145447
2026-02-05 22:00:00-05:00,2026-02-06 08:00:00-05:00,1,0.4166666666666667,97392.74849488586,147393.74849488586,50001.0,2026-02-05,IMM_3xIMM_4,3,whites,2.036961639511592,1.4739739503844884,-1.0,2026-02-05 22:00:00-05:00,2026-02-06 08:00:00-05:00,-147393.74849488586,50001.0,-197394.74849488586,2.036961639511592
2026-02-09 22:00:00-05:00,2026-02-10 08:00:00-05:00,1,0.4166666666666667,-49898.760375618935,102.23962438106537,50001.0,2026-02-09,IMM_3xIMM_4,3,whites,-1.4476935125147694,0.0010222813189741942,1.0,2026-02-09 22:00:00-05:00,2026-02-10 08:00:00-05:00,102.23962438106537,50001.0,-49898.760375618935,1.4476935125147694
2026-02-10 22:00:00-05:00,2026-02-11 08:00:00-05:00,1,0.4166666666666667,39472.773405935615,89473.77340593562,50001.0,2026-02-10,IMM_3xIMM_4,3,whites,-0.4973145030202186,0.8946929100616341,1.0,2026-02-10 22:00:00-05:00,2026-02-11 08:00:00-05:00,89473.77340593562,50001.0,39472.773405935615,0.4973145030202186
2026-02-11 22:00:00-05:00,2026-02-12 08:00:00-05:00,1,0.4166666666666667,-11165.368022590876,38835.631977409124,50001.0,2026-02-11,IMM_3xIMM_4,3,whites,-0.7932574250216096,0.38833111698592937,1.0,2026-02-11 22:00:00-05:00,2026-02-12 08:00:00-05:00,38835.631977409124,50001.0,-11165.368022590876,0.7932574250216096
2026-02-12 22:00:00-05:00,2026-02-13 08:00:00-05:00,1,0.4166666666666667,-253237.10138341412,-203236.10138341412,50001.0,2026-02-12,IMM_3xIMM_4,3,whites,1.2772198241973953,-2.0319608893767604,-1.0,2026-02-12 22:00:00-05:00,2026-02-13 08:00:00-05:00,203236.10138341412,50001.0,153235.10138341412,1.2772198241973953
2026-02-17 22:00:00-05:00,2026-02-18 08:00:00-05:00,1,0.4166666666666667,10087.364535626024,60088.364535626024,50001.0,2026-02-17,IMM_3xIMM_4,3,whites,0.8078361745173179,0.6008355709402391,-1.0,2026-02-17 22:00:00-05:00,2026-02-18 08:00:00-05:00,-60088.364535626024,50001.0,-110089.36453562602,0.8078361745173179
2026-02-18 22:00:00-05:00,2026-02-19 08:00:00-05:00,1,0.4166666666666667,-51225.56022096798,-1224.5602209679782,50001.0,2026-02-18,IMM_3xIMM_4,3,whites,0.6254801465864546,-0.012244309742026616,-1.0,2026-02-18 22:00:00-05:00,2026-02-19 08:00:00-05:00,1224.5602209679782,50001.0,-48776.43977903202,0.6254801465864546
2026-02-19 22:00:00-05:00,2026-02-20 08:00:00-05:00,1,0.4166666666666667,-74356.46197460219,-24355.461974602193,50001.0,2026-02-19,IMM_3xIMM_4,3,whites,0.12698737119425374,-0.24352793655930682,-1.0,2026-02-19 22:00:00-05:00,2026-02-20 08:00:00-05:00,24355.461974602193,50001.0,-25645.538025397807,0.12698737119425374
2026-02-23 22:00:00-05:00,2026-02-24 08:00:00-05:00,1,0.4166666666666667,-102288.05569359288,-52287.055693592876,50001.0,2026-02-23,IMM_3xIMM_4,3,whites,1.7262129991270747,-0.5228034804719783,-1.0,2026-02-23 22:00:00-05:00,2026-02-24 08:00:00-05:00,52287.055693592876,50001.0,2286.055693592876,1.7262129991270747
2026-02-24 22:00:00-05:00,2026-02-25 08:00:00-05:00,1,0.4166666666666667,117778.6766169034,167779.6766169034,50001.0,2026-02-24,IMM_3xIMM_4,3,whites,0.652275255144863,1.6777411941221843,-1.0,2026-02-24 22:00:00-05:00,2026-02-25 08:00:00-05:00,-167779.6766169034,50001.0,-217780.6766169034,0.652275255144863
2026-02-25 22:00:00-05:00,2026-02-26 08:00:00-05:00,1,0.4166666666666667,43136.82645418495,93137.82645418495,50001.0,2026-02-25,IMM_3xIMM_4,3,whites,-1.4322355623419991,0.9313050748253282,1.0,2026-02-25 22:00:00-05:00,2026-02-26 08:00:00-05:00,93137.82645418495,50001.0,43136.82645418495,1.4322355623419991
2026-02-26 22:00:00-05:00,2026-02-27 08:00:00-05:00,1,0.4166666666666667,-229337.11239382252,-179336.11239382252,50001.0,2026-02-26,IMM_3xIMM_4,3,whites,-0.5244102041403575,-1.79303853774182,1.0,2026-02-26 22:00:00-05:00,2026-02-27 08:00:00-05:00,-179336.11239382252,50001.0,-229337.11239382252,0.5244102041403575
2026-03-02 22:00:00-05:00,2026-03-03 08:00:00-05:00,1,0.4166666666666667,653696.50079396,703697.50079396,50001.0,2026-03-02,IMM_3xIMM_4,3,whites,0.00036168393111601915,7.038323237574318,-1.0,2026-03-02 22:00:00-05:00,2026-03-03 08:00:00-05:00,-703697.50079396,50001.0,-753698.50079396,0.00036168393111601915
2026-03-03 22:00:00-05:00,2026-03-04 08:00:00-05:00,1,0.4166666666666667,-114172.20033039898,-64171.20033039898,50001.0,2026-03-03,IMM_3xIMM_4,3,whites,0.8072676349018426,-0.6416229363376491,-1.0,2026-03-03 22:00:00-05:00,2026-03-04 08:00:00-05:00,64171.20033039898,50001.0,14170.200330398977,0.8072676349018426
2026-03-04 22:00:00-05:00,2026-03-05 08:00:00-05:00,1,0.4166666666666667,200000.8654472977,250001.8654472977,50001.0,2026-03-04,IMM_3xIMM_4,3,whites,0.5232710926802664,2.454760019061597,-1.0,2026-03-04 22:00:00-05:00,2026-03-05 08:00:00-05:00,-250001.8654472977,50001.0,-300002.8654472977,0.5232710926802664
2026-03-05 22:00:00-05:00,2026-03-06 08:00:00-05:00,1,0.4166666666666667,217431.16241604835,267432.16241604835,50001.0,2026-03-05,IMM_3xIMM_4,3,whites,-0.554433839234969,2.6743133642538552,1.0,2026-03-05 22:00:00-05:00,2026-03-06 08:00:00-05:00,267432.16241604835,50001.0,217431.16241604835,0.554433839234969
2026-03-09 22:00:00-04:00,2026-03-10 08:00:00-04:00,1,0.4166666666666667,-12013.219626754522,37987.78037324548,50001.0,2026-03-09,IMM_3xIMM_4,3,whites,1.9610748538650302,0.3798425037889075,-1.0,2026-03-09 22:00:00-04:00,2026-03-10 08:00:00-04:00,-37987.78037324548,50001.0,-87988.78037324548,1.9610748538650302
2026-03-10 22:00:00-04:00,2026-03-11 08:00:00-04:00,1,0.4166666666666667,247136.37111193687,297137.37111193687,50001.0,2026-03-10,IMM_3xIMM_4,3,whites,-0.6442400074072818,2.9714215974432356,1.0,2026-03-10 22:00:00-04:00,2026-03-11 08:00:00-04:00,297137.37111193687,50001.0,247136.37111193687,0.6442400074072818
2026-03-11 22:00:00-04:00,2026-03-12 08:00:00-04:00,1,0.4166666666666667,-159885.35001892596,-109884.35001892596,50001.0,2026-03-11,IMM_3xIMM_4,3,whites,0.753553641402549,-1.0986890564543383,-1.0,2026-03-11 22:00:00-04:00,2026-03-12 08:00:00-04:00,109884.35001892596,50001.0,59883.350018925965,0.753553641402549
2026-03-12 22:00:00-04:00,2026-03-13 08:00:00-04:00,1,0.4166666666666667,-294215.78440095484,-244214.78440095484,50001.0,2026-03-12,IMM_3xIMM_4,3,whites,0.014774567283826201,-2.441661184367705,-1.0,2026-03-12 22:00:00-04:00,2026-03-13 08:00:00-04:00,244214.78440095484,50001.0,194213.78440095484,0.014774567283826201
2026-03-16 22:00:00-04:00,2026-03-17 08:00:00-04:00,1,0.4166666666666667,-150013.73988513649,-100012.73988513649,50001.0,2026-03-16,IMM_3xIMM_4,3,whites,0.8845560502267258,-8.285594069325253,-1.0,2026-03-16 22:00:00-04:00,2026-03-17 08:00:00-04:00,100012.73988513649,50001.0,50011.739885136485,0.8845560502267258
2026-03-17 22:00:00-04:00,2026-03-18 08:00:00-04:00,1,0.4166666666666667,95112.57656545937,145113.57656545937,50001.0,2026-03-17,IMM_3xIMM_4,3,whites,-0.26960523963666105,1.4511614548435414,1.0,2026-03-17 22:00:00-04:00,2026-03-18 08:00:00-04:00,145113.57656545937,50001.0,95112.57656545937,0.26960523963666105
2026-03-18 22:00:00-04:00,2026-03-19 08:00:00-04:00,1,0.4166666666666667,188780.51945140958,238781.51945140958,50001.0,2026-03-18,IMM_3xIMM_4,3,whites,2.7923238162314235,2.387721738640103,-1.0,2026-03-18 22:00:00-04:00,2026-03-19 08:00:00-04:00,-238781.51945140958,50001.0,-288782.5194514096,2.7923238162314235
2026-03-19 22:00:00-04:00,2026-03-20 08:00:00-04:00,1,0.4166666666666667,789284.8442037627,839285.8442037627,50001.0,2026-03-19,IMM_3xIMM_4,3,whites,0.43849271561455794,8.395785745012452,-1.0,2026-03-19 22:00:00-04:00,2026-03-20 08:00:00-04:00,-839285.8442037627,50001.0,-889286.8442037627,0.43849271561455794
2026-03-23 22:00:00-04:00,2026-03-24 08:00:00-04:00,1,0.4166666666666667,-598707.0689843744,-548706.0689843744,50001.0,2026-03-23,IMM_3xIMM_4,3,whites,8.324493878167427,-5.484861975318767,-1.0,2026-03-23 22:00:00-04:00,2026-03-24 08:00:00-04:00,548706.0689843744,50001.0,498705.0689843744,8.324493878167427
2026-03-24 22:00:00-04:00,2026-03-25 08:00:00-04:00,1,0.4166666666666667,-307331.4161844477,-257330.4161844477,50001.0,2026-03-24,IMM_3xIMM_4,3,whites,-3.1038737739579325,-2.5727603555261602,1.0,2026-03-24 22:00:00-04:00,2026-03-25 08:00:00-04:00,-257330.4161844477,50001.0,-307331.4161844477,3.1038737739579325
2026-03-25 22:00:00-04:00,2026-03-26 08:00:00-04:00,1,0.4166666666666667,412305.42143469304,462306.42143469304,50001.0,2026-03-25,IMM_3xIMM_4,3,whites,2.209862031449461,4.623690537097147,-1.0,2026-03-25 22:00:00-04:00,2026-03-26 08:00:00-04:00,-462306.42143469304,50001.0,-512307.42143469304,2.209862031449461
2026-03-26 22:00:00-04:00,2026-03-27 08:00:00-04:00,1,0.4166666666666667,199936.6474596262,249937.6474596262,50001.0,2026-03-26,IMM_3xIMM_4,3,whites,-1.128106859733391,2.49920721627217,1.0,2026-03-26 22:00:00-04:00,2026-03-27 08:00:00-04:00,249937.6474596262,50001.0,199936.6474596262,1.128106859733391
2026-03-31 22:00:00-04:00,2026-04-01 08:00:00-04:00,1,0.4166666666666667,-230354.17320396006,-180353.17320396006,50001.0,2026-03-31,IMM_3xIMM_4,3,whites,-2.8262977554974977,-1.8031960101348332,1.0,2026-03-31 22:00:00-04:00,2026-04-01 08:00:00-04:00,-180353.17320396006,50001.0,-230354.17320396006,2.8262977554974977
2026-04-01 22:00:00-04:00,2026-04-02 08:00:00-04:00,1,0.4166666666666667,-103548.84700033069,-53547.84700033069,50001.0,2026-04-01,IMM_3xIMM_4,3,whites,3.34401978478871,-0.53543130780076,-1.0,2026-04-01 22:00:00-04:00,2026-04-02 08:00:00-04:00,53547.84700033069,50001.0,3546.8470003306866,3.34401978478871
2026-04-02 22:00:00-04:00,2026-04-03 08:00:00-04:00,1,0.4166666666666667,95703.22382403165,145704.22382403165,50001.0,2026-04-02,IMM_3xIMM_4,3,whites,0.5258247457407883,1.4569605914957595,-1.0,2026-04-02 22:00:00-04:00,2026-04-03 08:00:00-04:00,-145704.22382403165,50001.0,-195705.22382403165,0.5258247457407883
2026-04-06 22:00:00-04:00,2026-04-07 08:00:00-04:00,1,0.4166666666666667,-182445.2125943601,-132444.2125943601,50001.0,2026-04-06,IMM_3xIMM_4,3,whites,1.413601809173004,-1.3242574634929838,-1.0,2026-04-06 22:00:00-04:00,2026-04-07 08:00:00-04:00,132444.2125943601,50001.0,82443.21259436011,1.413601809173004
2026-04-07 22:00:00-04:00,2026-04-08 08:00:00-04:00,1,0.4166666666666667,-155347.71512093395,-105346.71512093395,50001.0,2026-04-07,IMM_3xIMM_4,3,whites,-7.2756371484352655,-1.0533210148144345,1.0,2026-04-07 22:00:00-04:00,2026-04-08 08:00:00-04:00,-105346.71512093395,50001.0,-155347.71512093395,7.2756371484352655
2026-04-08 22:00:00-04:00,2026-04-09 08:00:00-04:00,1,0.4166666666666667,-266589.57329859585,-216588.57329859585,50001.0,2026-04-08,IMM_3xIMM_4,3,whites,0.7178469553110745,-2.1654508246932824,-1.0,2026-04-08 22:00:00-04:00,2026-04-09 08:00:00-04:00,216588.57329859585,50001.0,166587.57329859585,0.7178469553110745
2026-04-09 22:00:00-04:00,2026-04-10 08:00:00-04:00,1,0.4166666666666667,-181115.52674768865,-131114.52674768865,50001.0,2026-04-09,IMM_3xIMM_4,3,whites,1.8512865051317995,-1.3109219529773952,-1.0,2026-04-09 22:00:00-04:00,2026-04-10 08:00:00-04:00,131114.52674768865,50001.0,81113.52674768865,1.8512865051317995
2026-04-13 22:00:00-04:00,2026-04-14 08:00:00-04:00,1,0.4166666666666667,-194352.0713884309,-144351.0713884309,50001.0,2026-04-13,IMM_3xIMM_4,3,whites,-0.11755706411844535,-1.4432521847607127,1.0,2026-04-13 22:00:00-04:00,2026-04-14 08:00:00-04:00,-144351.0713884309,50001.0,-194352.0713884309,0.11755706411844535
2026-04-14 22:00:00-04:00,2026-04-15 08:00:00-04:00,1,0.4166666666666667,48048.04726739973,98049.04726739973,50001.0,2026-04-14,IMM_3xIMM_4,3,whites,-0.10727094548905747,0.9804471230230316,1.0,2026-04-14 22:00:00-04:00,2026-04-15 08:00:00-04:00,98049.04726739973,50001.0,48048.04726739973,0.10727094548905747
2026-04-15 22:00:00-04:00,2026-04-16 08:00:00-04:00,1,0.4166666666666667,-90339.49145852774,-40338.491458527744,50001.0,2026-04-15,IMM_3xIMM_4,3,whites,-1.1306007166961063,-0.4033368231052936,1.0,2026-04-15 22:00:00-04:00,2026-04-16 08:00:00-04:00,-40338.491458527744,50001.0,-90339.49145852774,1.1306007166961063
2026-04-16 22:00:00-04:00,2026-04-17 08:00:00-04:00,1,0.4166666666666667,-120925.67432944477,-70924.67432944477,50001.0,2026-04-16,IMM_3xIMM_4,3,whites,-0.5234538734160132,-0.709137825278594,1.0,2026-04-16 22:00:00-04:00,2026-04-17 08:00:00-04:00,-70924.67432944477,50001.0,-120925.67432944477,0.5234538734160132
2026-04-20 22:00:00-04:00,2026-04-21 08:00:00-04:00,1,0.4166666666666667,95483.2819968909,145484.2819968909,50001.0,2026-04-20,IMM_3xIMM_4,3,whites,0.38979715046947305,1.454766771240612,-1.0,2026-04-20 22:00:00-04:00,2026-04-21 08:00:00-04:00,-145484.2819968909,50001.0,-195485.2819968909,0.38979715046947305
2026-04-21 22:00:00-04:00,2026-04-22 08:00:00-04:00,1,0.4166666666666667,-198280.35397548974,-148279.35397548974,50001.0,2026-04-21,IMM_3xIMM_4,3,whites,-1.4798727273328094,-1.4824879229883514,1.0,2026-04-21 22:00:00-04:00,2026-04-22 08:00:00-04:00,-148279.35397548974,50001.0,-198280.35397548974,1.4798727273328094
2026-04-22 22:00:00-04:00,2026-04-23 08:00:00-04:00,1,0.4166666666666667,-159194.56617554277,-109193.56617554277,50001.0,2026-04-22,IMM_3xIMM_4,3,whites,0.5403796434761077,-1.0918071687441522,-1.0,2026-04-22 22:00:00-04:00,2026-04-23 08:00:00-04:00,109193.56617554277,50001.0,59192.56617554277,0.5403796434761077
2026-04-23 22:00:00-04:00,2026-04-24 08:00:00-04:00,1,0.4166666666666667,-200758.16290958226,-150757.16290958226,50001.0,2026-04-23,IMM_3xIMM_4,3,whites,-0.40683907269007946,-1.5073005074150547,1.0,2026-04-23 22:00:00-04:00,2026-04-24 08:00:00-04:00,-150757.16290958226,50001.0,-200758.16290958226,0.40683907269007946
2026-04-27 22:00:00-04:00,2026-04-28 08:00:00-04:00,1,0.4166666666666667,341132.09693881124,391133.09693881124,50001.0,2026-04-27,IMM_3xIMM_4,3,whites,1.0501150727884045,3.911637941599899,-1.0,2026-04-27 22:00:00-04:00,2026-04-28 08:00:00-04:00,-391133.09693881124,50001.0,-441134.09693881124,1.0501150727884045
2026-04-28 22:00:00-04:00,2026-04-29 08:00:00-04:00,1,0.4166666666666667,99357.15757399797,149358.15757399797,50001.0,2026-04-28,IMM_3xIMM_4,3,whites,1.0482199152981764,1.4935354610813523,-1.0,2026-04-28 22:00:00-04:00,2026-04-29 08:00:00-04:00,-149358.15757399797,50001.0,-199359.15757399797,1.0482199152981764
2026-04-29 22:00:00-04:00,2026-04-30 08:00:00-04:00,1,0.4166666666666667,-416424.9479518533,-366423.9479518533,50001.0,2026-04-29,IMM_3xIMM_4,3,whites,-1.2864891491005892,-3.663325503515935,1.0,2026-04-29 22:00:00-04:00,2026-04-30 08:00:00-04:00,-366423.9479518533,50001.0,-416424.9479518533,1.2864891491005892
2026-04-30 22:00:00-04:00,2026-05-01 08:00:00-04:00,1,0.4166666666666667,22443.803451813757,72444.80345181376,50001.0,2026-04-30,IMM_3xIMM_4,3,whites,0.598576945249496,0.7243950735785099,-1.0,2026-04-30 22:00:00-04:00,2026-05-01 08:00:00-04:00,-72444.80345181376,50001.0,-122445.80345181376,0.598576945249496
2026-05-04 22:00:00-04:00,2026-05-05 08:00:00-04:00,1,0.4166666666666667,-200022.81974047422,-150021.81974047422,50001.0,2026-05-04,IMM_3xIMM_4,3,whites,-2.750679239937881e-07,-1.4999975684318656,1.0,2026-05-04 22:00:00-04:00,2026-05-05 08:00:00-04:00,-150021.81974047422,50001.0,-200022.81974047422,2.750679239937881e-07
2026-05-05 22:00:00-04:00,2026-05-06 08:00:00-04:00,1,0.4166666666666667,-600173.8802469894,-550172.8802469894,50001.0,2026-05-05,IMM_3xIMM_4,3,whites,-2.4999973275014575,-5.5000012396488,1.0,2026-05-05 22:00:00-04:00,2026-05-06 08:00:00-04:00,-550172.8802469894,50001.0,-600173.8802469894,2.4999973275014575
2026-05-06 22:00:00-04:00,2026-05-07 08:00:00-04:00,1,0.4166666666666667,-250044.48593281955,-200043.48593281955,50001.0,2026-05-06,IMM_3xIMM_4,3,whites,-0.49999954283270753,-1.9999995883424049,1.0,2026-05-06 22:00:00-04:00,2026-05-07 08:00:00-04:00,-200043.48593281955,50001.0,-250044.48593281955,0.49999954283270753
2026-05-07 22:00:00-04:00,2026-05-08 08:00:00-04:00,1,0.4166666666666667,-50001.04175180197,-0.04175180196762085,50001.0,2026-05-07,IMM_3xIMM_4,3,whites,-0.9999983526518985,-4.174857792804687e-07,1.0,2026-05-07 22:00:00-04:00,2026-05-08 08:00:00-04:00,-0.04175180196762085,50001.0,-50001.04175180197,0.9999983526518985
2026-05-11 22:00:00-04:00,2026-05-12 08:00:00-04:00,1,0.4166666666666667,100006.78626602143,150007.78626602143,50001.0,2026-05-11,IMM_3xIMM_4,3,whites,0.9999993538465812,1.5000004174056336,-1.0,2026-05-11 22:00:00-04:00,2026-05-12 08:00:00-04:00,-150007.78626602143,50001.0,-200008.78626602143,0.9999993538465812
2026-05-12 22:00:00-04:00,2026-05-13 08:00:00-04:00,1,0.4166666666666667,-150016.75315076858,-100015.75315076858,50001.0,2026-05-12,IMM_3xIMM_4,3,whites,4.498555750132027e-07,-0.9999999666310266,-1.0,2026-05-12 22:00:00-04:00,2026-05-13 08:00:00-04:00,100015.75315076858,50001.0,50014.75315076858,4.498555750132027e-07
2026-05-13 22:00:00-04:00,2026-05-14 08:00:00-04:00,1,0.4166666666666667,-150016.69804205745,-100015.69804205745,50001.0,2026-05-13,IMM_3xIMM_4,3,whites,-1.0000002685081277,-0.999999918230321,1.0,2026-05-13 22:00:00-04:00,2026-05-14 08:00:00-04:00,-100015.69804205745,50001.0,-150016.69804205745,1.0000002685081277
