date,pnl,cost,in_pos,richness,nb32,equity,pnl_32nds,pnl_volbp
2019-01-04,0.0,0.0,0,-3.6293125108314224e-13,-4.104116161370257,0.0,0.0,0.0
2019-01-08,0.0,0.0,0,-3.283316457117062e-14,-6.7988360504919,0.0,0.0,0.0
2019-01-09,0.0,0.0,0,-9.353374425831933e-14,-2.532813427342262,0.0,0.0,0.0
2019-01-10,0.0,0.0,0,-2.7634028684164807e-13,-0.8954383188115571,0.0,0.0,0.0
2019-01-11,0.0,0.0,0,-3.749883299123119e-14,-3.2728008621907065,0.0,0.0,0.0
2019-01-14,0.0,0.0,0,-2.114521024305644e-14,-1.0447068948456035,0.0,0.0,0.0
2019-01-15,0.0,0.0,0,-2.538205488068005e-15,-7.3390018356940345,0.0,0.0,0.0
2019-01-16,0.0,0.0,0,-8.051853024553388e-14,-0.2998942566568985,0.0,0.0,0.0
2019-01-17,0.0,0.0,0,-3.281158539789552e-15,-1.8863633686924004,0.0,0.0,0.0
2019-01-18,0.0,0.0,0,2.283056501097636e-14,0.27983503966606804,0.0,0.0,0.0
2019-01-22,0.0,0.0,0,-3.016932248522414e-16,-2.727307623705201,0.0,0.0,0.0
2019-01-23,0.0,0.0,0,5.884142863887905e-16,0.2909189322522252,0.0,0.0,0.0
2019-01-24,0.0,0.0,0,-5.989073288348053e-17,-1.7570648348328177,0.0,0.0,0.0
2019-01-25,0.0,0.0,0,-2.2619629060771643e-17,-1.7058393704710397,0.0,0.0,0.0
2019-01-28,0.0,0.0,0,-6.6713006109627394e-18,-0.6562407076362433,0.0,0.0,0.0
2019-01-29,0.0,0.0,0,1.1604983806157986e-18,0.8441483232800238,0.0,0.0,0.0
2019-01-30,0.0,0.0,0,-1.7838929253003011e-19,-3.831394444482612,0.0,0.0,0.0
2019-01-31,0.0,0.0,0,3.429461565053493e-20,4.2164308334618,0.0,0.0,0.0
2019-02-01,0.0,0.0,0,-2.8953637977683193e-20,-2.115870577038095,0.0,0.0,0.0
2019-02-04,0.0,0.0,0,-1.0699693914524036e-21,-2.2382242780931847,0.0,0.0,0.0
2019-02-05,0.0,0.0,0,3.915009273924182e-22,2.966888965364433,0.0,0.0,0.0
2019-02-06,0.0,0.0,0,7.431677732532381e-23,4.37270739394944,0.0,0.0,0.0
2019-02-07,0.0,0.0,0,3.616762750501832e-23,2.6729031902309544,0.0,0.0,0.0
2019-02-08,0.0,0.0,0,9.06016380466585e-25,3.329441065723586,0.0,0.0,0.0
2019-02-11,0.0,0.0,0,8.270509444939057e-26,4.935169954911544,0.0,0.0,0.0
2019-02-12,0.0,0.0,0,1.7017978781044825e-26,3.2240372094843224,0.0,0.0,0.0
2019-02-13,0.0,0.0,0,-2.74104193435034e-26,-0.7707030819619831,0.0,0.0,0.0
2019-02-14,0.0,0.0,0,-1.517977659128152e-12,-0.9151950685472912,0.0,0.0,0.0
2019-02-15,0.0,0.0,0,3.028027988681288e-13,1.3995624221661274,0.0,0.0,0.0
2019-02-19,0.0,0.0,0,-3.688168464633738e-15,-2.1696645471788543,0.0,0.0,0.0
2019-02-22,0.0,0.0,0,-2.7740085124623145e-10,-0.7257393050149403,0.0,0.0,0.0
2019-02-25,0.0,0.0,0,-7.250281776660757e-11,-1.8048743383506007,0.0,0.0,0.0
2019-02-26,0.0,0.0,0,-1.8713925646674284e-11,-1.8368535736412923,0.0,0.0,0.0
2019-02-27,0.0,0.0,0,-7.086987416792871e-12,-3.7613463528291504,0.0,0.0,0.0
2019-02-28,0.0,0.0,0,-1.8274341749893303e-11,-4.076266281881544,0.0,0.0,0.0
2019-03-01,0.0,0.0,0,-1.2610736708504755e-11,-3.3777046044979215,0.0,0.0,0.0
2019-03-04,0.0,0.0,0,-5.933471168856489e-11,-0.20330897098483547,0.0,0.0,0.0
2019-03-05,0.0,0.0,0,2.6671380241037833e-12,3.2372080533441476,0.0,0.0,0.0
2019-03-06,0.0,0.0,0,4.791824816666303e-12,2.734888714020599,0.0,0.0,0.0
2019-03-07,0.0,0.0,0,-1.9047533260365094e-11,-0.32511384925783204,0.0,0.0,0.0
2019-03-08,0.0,0.0,0,1.122305887939845e-12,3.146831323819697,0.0,0.0,0.0
2019-03-11,0.0,0.0,0,-9.621245340267035e-13,-0.9307521112186805,0.0,0.0,0.0
2019-03-12,0.0,0.0,0,-3.9260148991945383e-13,-2.6589144782051335,0.0,0.0,0.0
2019-03-13,0.0,0.0,0,-5.671152753795786e-12,-0.4391054810744208,0.0,0.0,0.0
2019-03-14,0.0,0.0,0,-1.0533273004821449e-11,-0.11093256105232285,0.0,0.0,0.0
2019-03-15,0.0,0.0,0,1.0919185689168811e-12,0.5156110139114389,0.0,0.0,0.0
2019-03-18,0.0,0.0,0,-1.18290250265087e-13,-1.8561884514078884,0.0,0.0,0.0
2019-03-19,0.0,0.0,0,-6.522357321283229e-13,-0.27577039304424034,0.0,0.0,0.0
2019-03-20,0.0,0.0,0,-5.050582822889562e-14,-3.7138757132956925,0.0,0.0,0.0
2019-03-21,0.0,0.0,0,8.209168925771952e-13,0.13394530570121788,0.0,0.0,0.0
2019-03-22,0.0,0.0,0,3.139315869021762e-15,8.073627590187243,0.0,0.0,0.0
2019-03-25,0.0,0.0,0,-6.331220857657796e-15,-4.437006864864543,0.0,0.0,0.0
2019-03-26,0.0,0.0,0,1.7432682412769804e-15,3.079110545018466,0.0,0.0,0.0
2019-03-27,0.0,0.0,0,-1.6744212617898397e-15,-3.9938748850140655,0.0,0.0,0.0
2019-03-28,0.0,0.0,0,-4.681425448560265e-15,-0.242448968690951,0.0,0.0,0.0
2019-03-29,0.0,0.0,0,2.366351427496306e-16,8.705517516785221,0.0,0.0,0.0
2019-04-01,0.0,0.0,0,3.4741165924198e-16,1.7752318848451978,0.0,0.0,0.0
2019-04-02,0.0,0.0,0,2.5102004377039524e-16,1.4496850456771426,0.0,0.0,0.0
2019-04-03,0.0,0.0,0,-3.607872875460753e-16,-1.5476459137430538,0.0,0.0,0.0
2019-04-04,0.0,0.0,0,3.471252908366529e-16,0.7987781919300687,0.0,0.0,0.0
2019-04-05,0.0,0.0,0,5.793976294477772e-17,2.3591110794545784,0.0,0.0,0.0
2019-04-08,0.0,0.0,0,5.667050350655522e-17,0.21129107888646104,0.0,0.0,0.0
2019-04-09,0.0,0.0,0,-1.158277563950372e-17,-1.9144981519939392,0.0,0.0,0.0
2019-04-10,0.0,0.0,0,4.402385410819809e-19,5.424527505076185,0.0,0.0,0.0
2019-04-11,0.0,0.0,0,3.599407190355092e-18,2.634791912394121,0.0,0.0,0.0
2019-04-12,0.0,0.0,0,8.744132422028532e-18,1.4980938733083349,0.0,0.0,0.0
2019-04-15,0.0,0.0,0,5.645726296276829e-19,3.1708317608645302,0.0,0.0,0.0
2019-04-16,0.0,0.0,0,8.434189457641686e-19,0.5457141348770165,0.0,0.0,0.0
2019-04-17,0.0,0.0,0,1.4603186618002244e-19,1.622328546092831,0.0,0.0,0.0
2019-04-18,0.0,0.0,0,8.430556196954131e-20,3.582435410367907,0.0,0.0,0.0
2019-04-22,0.0,0.0,0,4.153838575114481e-21,1.8457345579372486,0.0,0.0,0.0
2019-04-23,0.0,0.0,0,7.505165336831193e-21,0.37126080591360733,0.0,0.0,0.0
2019-04-24,0.0,0.0,0,2.9004067630775667e-22,1.5436475999254071,0.0,0.0,0.0
2019-04-25,0.0,0.0,0,4.702946266807864e-23,4.2134390316537065,0.0,0.0,0.0
2019-04-26,0.0,0.0,0,1.8142207381097913e-23,2.833512800171775,0.0,0.0,0.0
2019-04-29,0.0,0.0,0,5.1083996095813765e-24,1.4821136221798952,0.0,0.0,0.0
2019-04-30,0.0,0.0,0,1.7382015673975512e-24,3.9625480068775687,0.0,0.0,0.0
2019-05-01,0.0,0.0,0,3.346743536493647e-24,0.4206701272114515,0.0,0.0,0.0
2019-05-02,0.0,0.0,0,2.828420523752467e-26,4.444041835090502,0.0,0.0,0.0
2019-05-03,0.0,0.0,0,1.0364699449475101e-26,2.561516128791027,0.0,0.0,0.0
2019-05-06,0.0,0.0,0,2.71868236730957e-27,1.0085557453808178,0.0,0.0,0.0
2019-05-07,0.0,0.0,0,3.597099778127576e-29,4.641803413449452,0.0,0.0,0.0
2019-05-08,0.0,0.0,0,1.8804325695948871e-29,0.6480451787419952,0.0,0.0,0.0
2019-05-09,0.0,0.0,0,2.89000315669176e-30,4.025479094778348,0.0,0.0,0.0
2019-05-10,0.0,0.0,0,-7.880143541561686e-31,-4.139138075410756,0.0,0.0,0.0
2019-05-13,0.0,0.0,0,8.309212154602718e-35,3.5326614218674877,0.0,0.0,0.0
2019-05-14,0.0,0.0,0,-3.0316089592320886e-32,-0.027563121184357442,0.0,0.0,0.0
2019-05-15,0.0,0.0,0,7.664941696641842e-36,3.514730453536231,0.0,0.0,0.0
2019-05-16,0.0,0.0,0,1.3757814662398703e-36,3.9200232249518194,0.0,0.0,0.0
2019-05-17,0.0,0.0,0,1.1088437375418188e-11,4.641790153472357,0.0,0.0,0.0
2019-05-20,0.0,0.0,0,3.1608123957620886e-13,4.602357519213911,0.0,0.0,0.0
2019-05-21,0.0,0.0,0,1.154637351830329e-11,0.06284118065150324,0.0,0.0,0.0
2019-05-22,0.0,0.0,0,1.2368877442277394e-13,5.793235614800778,0.0,0.0,0.0
2019-05-23,0.0,0.0,0,-1.9900276228255966e-14,-5.01319307052654,0.0,0.0,0.0
2019-05-24,0.0,0.0,0,2.961171560631414e-14,1.2324681164100184,0.0,0.0,0.0
2019-05-28,0.0,0.0,0,6.015880559462727e-05,0.9042414554655807,0.0,0.0,0.0
2019-05-29,0.0,0.0,0,-4.987587978283415e-06,-5.9727073071017,0.0,0.0,0.0
2019-05-30,0.0,0.0,0,6.329198350932119e-06,4.538547783261947,0.0,0.0,0.0
2019-05-31,0.0,0.0,0,1.458970728893236e-06,8.45138120210413,0.0,0.0,0.0
2019-06-03,0.0,0.0,0,1.7290704391109354e-06,10.17311794338002,0.0,0.0,0.0
2019-06-04,0.0,0.0,0,1.6126083020273034e-05,1.4162839510750018,0.0,0.0,0.0
2019-06-05,0.0,0.0,0,9.137244641962835e-06,2.184687105377634,0.0,0.0,0.0
2019-06-06,0.0,0.0,0,-0.00011188809522602232,-0.14721313475274656,0.0,0.0,0.0
2019-06-07,0.0,0.0,0,1.941769391366023e-05,0.773690361732406,0.0,0.0,0.0
2019-06-10,0.0,0.0,0,2.936850700789084e-05,0.3140202474783109,0.0,0.0,0.0
2019-06-11,0.0,0.0,0,-5.7212434361919825e-06,-1.395012682271954,0.0,0.0,0.0
2019-06-12,0.0,0.0,0,1.1853121875867973e-06,6.29145910290481,0.0,0.0,0.0
2019-06-13,0.0,0.0,0,-3.931310191672625e-06,-2.0728344250514965,0.0,0.0,0.0
2019-06-14,0.0,0.0,0,-4.4774732127832265e-05,-0.08812790173215035,0.0,0.0,0.0
2019-06-17,0.0,0.0,0,-5.5135864934772955e-06,-0.9194440002434021,0.0,0.0,0.0
2019-06-18,0.0,0.0,0,8.581588053866864e-07,2.876773885564944,0.0,0.0,0.0
2019-06-19,0.0,0.0,0,1.280420442105931e-06,1.6213284618679609,0.0,0.0,0.0
2019-06-20,0.0,0.0,0,-6.402979940660028e-06,-0.28085303898524216,0.0,0.0,0.0
2019-06-21,0.0,0.0,0,1.724239774339607e-06,1.5319249315766683,0.0,0.0,0.0
2019-06-24,0.0,0.0,0,4.674327564936286e-07,2.039462794853989,0.0,0.0,0.0
2019-06-25,0.0,0.0,0,-7.60987689310256e-07,-1.1408275537751251,0.0,0.0,0.0
2019-06-26,0.0,0.0,0,-1.166561986463413e-05,-0.10697947954622578,0.0,0.0,0.0
2019-06-27,0.0,0.0,0,5.894805621436223e-07,0.9841151943578552,0.0,0.0,0.0
2019-06-28,0.0,0.0,0,1.0628295957494821e-07,4.488486731693229,0.0,0.0,0.0
2019-07-01,0.0,0.0,0,5.398253348296881e-08,4.119501959768968,0.0,0.0,0.0
2019-07-02,0.0,0.0,0,5.7663314866807056e-08,1.79776156503749,0.0,0.0,0.0
2019-07-03,0.0,0.0,0,4.5323842828678655e-08,4.448570444177676,0.0,0.0,0.0
2019-07-05,0.0,0.0,0,3.809626956419577e-08,2.4140518358181,0.0,0.0,0.0
2019-07-08,0.0,0.0,0,-3.2121246004328146e-08,-1.5178875519213761,0.0,0.0,0.0
2019-07-09,0.0,0.0,0,-2.2779341721678796e-08,-1.5708921352479592,0.0,0.0,0.0
2019-07-10,0.0,0.0,0,2.28258912452593e-08,2.526994541802651,0.0,0.0,0.0
2019-07-11,0.0,0.0,0,2.242179007134631e-08,1.6379678784696807,0.0,0.0,0.0
2019-07-12,0.0,0.0,0,-2.154467137357947e-08,-1.3216631369755305,0.0,0.0,0.0
2019-07-15,0.0,0.0,0,5.854902176821099e-09,2.415749001979293,0.0,0.0,0.0
2019-07-16,0.0,0.0,0,5.055032423679033e-09,1.882842437223644,0.0,0.0,0.0
2019-07-17,0.0,0.0,0,3.01874183507872e-09,3.0419965978617256,0.0,0.0,0.0
2019-07-18,0.0,0.0,0,8.219336982692633e-10,8.832939939784865,0.0,0.0,0.0
2019-07-19,0.0,0.0,0,2.8923827156825924e-10,6.248450645894536,0.0,0.0,0.0
2019-07-22,0.0,0.0,0,-6.691343263531402e-08,-0.025155164728857926,0.0,0.0,0.0
2019-07-23,0.0,0.0,0,1.550821752741708e-10,2.2129480997473365,0.0,0.0,0.0
2019-07-24,0.0,0.0,0,9.024656501324347e-11,2.9270837922954343,0.0,0.0,0.0
2019-07-25,0.0,0.0,0,1.2838278556902388e-10,1.2039117357348914,0.0,0.0,0.0
2019-07-26,0.0,0.0,0,2.2276010266272654e-11,4.344527146422934,0.0,0.0,0.0
2019-07-29,0.0,0.0,0,3.4832920362512925e-10,0.24905525690792274,0.0,0.0,0.0
2019-07-30,0.0,0.0,0,8.143235270116766e-12,6.673673298497306,0.0,0.0,0.0
2019-07-31,0.0,0.0,0,2.2277943779480536e-11,0.5295326784107601,0.0,0.0,0.0
2019-08-01,0.0,0.0,0,3.590083408617026e-12,4.063028311693415,0.0,0.0,0.0
2019-08-02,0.0,0.0,0,5.61528727751991e-13,5.7328063879572255,0.0,0.0,0.0
2019-08-05,0.0,0.0,0,2.8295945076938705e-13,4.397597871924063,0.0,0.0,0.0
2019-08-06,0.0,0.0,0,1.9087095841899337e-14,10.84861631562353,0.0,0.0,0.0
2019-08-07,0.0,0.0,0,-8.506103483633848e-15,-17.98883250280096,0.0,0.0,0.0
2019-08-08,0.0,0.0,0,6.130577500486294e-15,2.8126289791712225,0.0,0.0,0.0
2019-08-09,0.0,0.0,0,-9.665314203229173e-15,-2.8399878043769604,0.0,0.0,0.0
2019-08-12,0.0,0.0,0,-3.352400979745126e-16,-3.7774483004068315,0.0,0.0,0.0
2019-08-13,0.0,0.0,0,-2.0220341746521064e-17,-4.792908540607641,0.0,0.0,0.0
2019-08-14,0.0,0.0,0,5.412295567798896e-17,0.42778540555946165,0.0,0.0,0.0
2019-08-15,0.0,0.0,0,5.1911514141984456e-142,8.966006358486084,0.0,0.0,0.0
2019-08-16,0.0,0.0,0,-4.943662400818939e-143,-1.9707762995967641,0.0,0.0,0.0
2019-08-19,0.0,0.0,0,2.573882154567884e-21,9.177109500966708,0.0,0.0,0.0
2019-08-20,0.0,0.0,0,1.391405673657403e-22,9.437381235482007,0.0,0.0,0.0
2019-08-21,0.0,0.0,0,-8.59810320664347e-23,-9.603856297520906,0.0,0.0,0.0
2019-08-22,0.0,0.0,0,1.1081916284920996e-22,0.8218581294881915,0.0,0.0,0.0
2019-08-23,0.0,0.0,0,1.1877500430514698e-24,4.6876098530065065,0.0,0.0,0.0
2019-08-26,0.0,0.0,0,-0.00015982517338106148,-0.33040205820088886,0.0,0.0,0.0
2019-08-27,0.0,0.0,0,1.3140103648851715e-05,2.995766735543839,0.0,0.0,0.0
2019-08-28,0.0,0.0,0,-8.799472704715733e-06,-2.8568544010499863,0.0,0.0,0.0
2019-08-29,0.0,0.0,0,3.569910241361039e-06,8.797416261894796,0.0,0.0,0.0
2019-08-30,0.0,0.0,0,4.510291816381701e-06,6.411809706057738,0.0,0.0,0.0
2019-09-03,0.0,0.0,0,4.30120276732536e-06,4.3989593854917075,0.0,0.0,0.0
2019-09-06,0.0,0.0,0,1.788484531324753e-05,1.3593510037999295,0.0,0.0,0.0
2019-09-10,0.0,0.0,0,-1.540812822789843e-06,-10.322112653952445,0.0,0.0,0.0
2019-09-11,0.0,0.0,0,-6.433506938679461e-06,-3.6793048613712926,0.0,0.0,0.0
2019-09-12,0.0,0.0,0,0.00010217959999873493,0.31683985075505916,0.0,0.0,0.0
2019-09-13,0.0,0.0,0,-1.8611344164421305e-05,-1.3516927569098698,0.0,0.0,0.0
2019-09-16,0.0,0.0,0,2.5373532689070024e-06,4.4332641961141235,0.0,0.0,0.0
2019-09-17,0.0,0.0,0,2.2537754489502285e-06,4.577739993016166,0.0,0.0,0.0
2019-09-18,0.0,0.0,0,-1.1057331539241665e-06,-4.362233075148197,0.0,0.0,0.0
2019-09-19,0.0,0.0,0,-1.2527743642387096e-06,-6.443318717068905,0.0,0.0,0.0
2019-09-20,0.0,0.0,0,3.178329743088624e-07,13.981601908963967,0.0,0.0,0.0
2019-09-23,0.0,0.0,0,-3.37909630423658e-07,-4.629535155808298,0.0,0.0,0.0
2019-09-24,0.0,0.0,0,1.4847230225080984e-05,0.11419793124923672,0.0,0.0,0.0
2019-09-25,0.0,0.0,0,1.387830259502399e-07,7.586716570775934,0.0,0.0,0.0
2019-09-26,0.0,0.0,0,-1.082903371841571e-07,-9.13747787834609,0.0,0.0,0.0
2019-09-27,0.0,0.0,0,-3.995136681172325e-07,-2.1617345572039994,0.0,0.0,0.0
2019-09-30,0.0,0.0,0,8.381680441416451e-07,0.5768938307246572,0.0,0.0,0.0
2019-10-01,0.0,0.0,0,-1.5140862416053957e-07,-2.824832983077158,0.0,0.0,0.0
2019-10-02,0.0,0.0,0,-4.384434354999668e-07,-0.8520072655837794,0.0,0.0,0.0
2019-10-03,0.0,0.0,0,-9.08711286148166e-08,-3.70477240372702,0.0,0.0,0.0
2019-10-04,0.0,0.0,0,3.595359098298316e-08,7.819014386957406,0.0,0.0,0.0
2019-10-07,0.0,0.0,0,-1.0773819661746042e-07,-0.5780664749172502,0.0,0.0,0.0
2019-10-08,0.0,0.0,0,1.3047705687823739e-08,3.8206986602267534,0.0,0.0,0.0
2019-10-09,0.0,0.0,0,5.1001026759341535e-08,2.6551688525655663,0.0,0.0,0.0
2019-10-10,0.0,0.0,0,-7.070158283611652e-08,-1.1853783859855866,0.0,0.0,0.0
2019-10-11,0.0,0.0,0,-9.889101533106218e-08,-0.5353692555108864,0.0,0.0,0.0
2019-10-15,0.0,0.0,0,2.2309017186697633e-09,7.173744892255854,0.0,0.0,0.0
2019-10-16,0.0,0.0,0,2.9483831481977193e-09,3.988323337998736,0.0,0.0,0.0
2019-10-17,0.0,0.0,0,3.182717441411061e-09,2.616670409267499,0.0,0.0,0.0
2019-10-18,0.0,0.0,0,-1.903930267679137e-07,-0.07480719765089816,0.0,0.0,0.0
2019-10-21,0.0,0.0,0,2.2119497908713244e-09,2.027749787763696,0.0,0.0,0.0
2019-10-22,0.0,0.0,0,-2.149594936365686e-08,-0.06030124571225315,0.0,0.0,0.0
2019-10-23,0.0,0.0,0,5.224132571172619e-10,4.308830915449107,0.0,0.0,0.0
2019-10-24,0.0,0.0,0,2.381555754322022e-10,2.100054187413207,0.0,0.0,0.0
2019-10-25,0.0,0.0,0,2.186136227341193e-10,3.518063938513478,0.0,0.0,0.0
2019-10-28,0.0,0.0,0,2.653412048762955e-11,6.511441481588008,0.0,0.0,0.0
2019-10-29,0.0,0.0,0,-1.0617396356483678e-10,-1.015938208272928,0.0,0.0,0.0
2019-10-30,0.0,0.0,0,8.351023581284084e-12,10.756471143432009,0.0,0.0,0.0
2019-10-31,0.0,0.0,0,2.3820775055382437e-12,3.9809559225491284,0.0,0.0,0.0
2019-11-01,0.0,0.0,0,1.8150307670773187e-12,6.806884418820118,0.0,0.0,0.0
2019-11-04,0.0,0.0,0,4.116843990809146e-13,3.7213271827704375,0.0,0.0,0.0
2019-11-05,0.0,0.0,0,2.2316482668650334e-13,9.966174313690772,0.0,0.0,0.0
2019-11-06,0.0,0.0,0,4.061662996067653e-13,3.6458681272461035,0.0,0.0,0.0
2019-11-07,0.0,0.0,0,6.521631242237549e-13,3.1696767849412026,0.0,0.0,0.0
2019-11-08,0.0,0.0,0,-8.265306939011679e-14,-2.1297507103763564,0.0,0.0,0.0
2019-11-12,0.0,0.0,0,6.3461248254827834e-15,1.3930326186555249,0.0,0.0,0.0
2019-11-13,0.0,0.0,0,4.227862627575277e-16,1.8910976782940452,0.0,0.0,0.0
2019-11-14,0.0,0.0,0,1.265382833800704e-15,0.3035539167040042,0.0,0.0,0.0
2019-11-15,0.0,0.0,0,9.74431952472747e-18,2.0906251014530426,0.0,0.0,0.0
2019-11-18,0.0,0.0,0,7.807905002236583e-20,5.916540551208072,0.0,0.0,0.0
2019-11-19,0.0,0.0,0,2.560421472405593e-19,4.045204124843167,0.0,0.0,0.0
2019-11-20,0.0,0.0,0,9.016204377735738e-21,6.698428720879747,0.0,0.0,0.0
2019-11-21,0.0,0.0,0,5.604000568605885e-21,1.2574909153904628,0.0,0.0,0.0
2019-11-22,0.0,0.0,0,3.5451988900533517e-23,4.819923331850077,0.0,0.0,0.0
2019-11-25,0.0,0.0,0,-5.785181109952243e-06,-2.0497047477924752,0.0,0.0,0.0
2019-11-26,0.0,0.0,0,-1.2000287226112783e-05,-0.962582427313464,0.0,0.0,0.0
2019-11-27,0.0,0.0,0,-3.4312057362035864e-06,-2.784586491115988,0.0,0.0,0.0
2019-11-29,0.0,0.0,0,-4.529071374749127e-06,-2.6105564632616733,0.0,0.0,0.0
2019-12-02,0.0,0.0,0,7.418474915929949e-06,0.5657500559004802,0.0,0.0,0.0
2019-12-03,0.0,0.0,0,-1.1616496807909556e-06,-4.692709458526224,0.0,0.0,0.0
2019-12-04,0.0,0.0,0,8.101802734770461e-07,5.013110206400597,0.0,0.0,0.0
2019-12-05,0.0,0.0,0,1.3062508907680059e-06,2.660018710452732,0.0,0.0,0.0
2019-12-06,0.0,0.0,0,-1.1602747506428277e-05,-0.4126887487732347,0.0,0.0,0.0
2019-12-09,0.0,0.0,0,-1.803428251060531e-06,-1.8391747332034356,0.0,0.0,0.0
2019-12-10,0.0,0.0,0,-6.280394379042201e-07,-2.664994444344302,0.0,0.0,0.0
2019-12-11,0.0,0.0,0,-2.572008537379593e-07,-5.933824934747008,0.0,0.0,0.0
2019-12-12,0.0,0.0,0,1.6265086378786595e-07,10.960481614763921,0.0,0.0,0.0
2019-12-13,0.0,0.0,0,3.833530534285298e-06,0.24185056969736252,0.0,0.0,0.0
2019-12-16,0.0,0.0,0,1.6097678931300525e-07,5.36183100190101,0.0,0.0,0.0
2019-12-17,0.0,0.0,0,8.058696552448e-08,4.781120944190661,0.0,0.0,0.0
2019-12-18,0.0,0.0,0,1.744735153597091e-07,2.9595080765034254,0.0,0.0,0.0
2019-12-19,0.0,0.0,0,7.952154837004421e-07,0.30926534226682634,0.0,0.0,0.0
2019-12-20,0.0,0.0,0,1.1883313508866872e-07,1.7535462551309138,0.0,0.0,0.0
2019-12-23,0.0,0.0,0,1.9252558729735112e-08,6.029496604710403,0.0,0.0,0.0
2019-12-24,0.0,0.0,0,8.214094601204303e-08,1.2747667338339852,0.0,0.0,0.0
2019-12-27,0.0,0.0,0,-1.769935602673831e-07,-0.3354021425075189,0.0,0.0,0.0
2019-12-30,0.0,0.0,0,1.2991242271945147e-08,2.146233348079477,0.0,0.0,0.0
2019-12-31,0.0,0.0,0,7.2447590064346825e-09,5.302445597665155,0.0,0.0,0.0
2020-01-02,0.0,0.0,0,1.908067590911393e-09,7.4686685215747275,0.0,0.0,0.0
2020-01-03,0.0,0.0,0,-1.4128804783913095e-08,-0.5438224960830667,0.0,0.0,0.0
2020-01-06,0.0,0.0,0,6.374024818558772e-10,4.97678703676138,0.0,0.0,0.0
2020-01-07,0.0,0.0,0,1.0022929566128763e-09,4.366948402083381,0.0,0.0,0.0
2020-01-08,0.0,0.0,0,3.733023032315714e-10,7.004578307587963,0.0,0.0,0.0
2020-01-09,0.0,0.0,0,2.5107463657388737e-10,8.296181580343273,0.0,0.0,0.0
2020-01-10,0.0,0.0,0,1.6283381627611356e-10,4.608355640191803,0.0,0.0,0.0
2020-01-13,0.0,0.0,0,9.208689761869543e-11,6.18041432170412,0.0,0.0,0.0
2020-01-14,0.0,0.0,0,5.903861817284964e-11,3.2717672790508914,0.0,0.0,0.0
2020-01-15,0.0,0.0,0,1.578167367250944e-11,10.587506735717398,0.0,0.0,0.0
2020-01-16,0.0,0.0,0,2.152402411360165e-11,4.672194519467212,0.0,0.0,0.0
2020-01-17,0.0,0.0,0,1.8796314933198727e-11,2.761790259908139,0.0,0.0,0.0
2020-01-24,0.0,0.0,0,-2.9751181514572e-13,-7.248841517160599,0.0,0.0,0.0
2020-01-27,0.0,0.0,0,5.5441304237142027e-14,4.8590150095501485,0.0,0.0,0.0
2020-01-28,0.0,0.0,0,1.2701211309075182e-12,0.24046220477839597,0.0,0.0,0.0
2020-01-29,0.0,0.0,0,2.0300982680586344e-14,4.120928129485492,0.0,0.0,0.0
2020-01-30,0.0,0.0,0,-2.657138948594431e-14,-1.8708901711374892,0.0,0.0,0.0
2020-01-31,0.0,0.0,0,,14.528603050665879,0.0,0.0,0.0
2020-02-03,0.0,0.0,0,,-2.0132474002407434,0.0,0.0,0.0
2020-02-04,0.0,0.0,0,9.020022210836916e-16,3.305403607117114,0.0,0.0,0.0
2020-02-05,0.0,0.0,0,-3.682343806832398e-14,-0.2805515388868116,0.0,0.0,0.0
2020-02-06,0.0,0.0,0,7.034569873956803e-17,6.904777063498386,0.0,0.0,0.0
2020-02-07,0.0,0.0,0,1.7022827571383387e-16,1.823581724799169,0.0,0.0,0.0
2020-02-10,0.0,0.0,0,6.4068887687378245e-18,0.7927610059446124,0.0,0.0,0.0
2020-02-11,0.0,0.0,0,1.166198015689529e-18,4.623955868845769,0.0,0.0,0.0
2020-02-12,0.0,0.0,0,2.1638470918092083e-19,5.409006241995485,0.0,0.0,0.0
2020-02-13,0.0,0.0,0,5.228340515484354e-20,7.848433101984483,0.0,0.0,0.0
2020-02-14,0.0,0.0,0,2.2422141031749795e-08,2.9934256742817524,0.0,0.0,0.0
2020-02-18,0.0,0.0,0,9.434840803844665e-23,6.3377457338328895,0.0,0.0,0.0
2020-02-19,0.0,0.0,0,6.570203542810893e-23,8.783691458682824,0.0,0.0,0.0
2020-02-20,0.0,0.0,0,3.020083142187908e-24,7.6056468357305675,0.0,0.0,0.0
2020-02-21,0.0,0.0,0,6.139046989499794e-26,16.480559582916158,0.0,0.0,0.0
2020-02-24,0.0,0.0,0,-0.0373320834359376,-3.0378095085379755,0.0,0.0,0.0
2020-02-25,0.0,0.0,0,0.005790798852407868,10.906348923900623,0.0,0.0,0.0
2020-02-26,0.0,0.0,0,-0.008702679337183359,-8.70827059467365,0.0,0.0,0.0
2020-02-27,0.0,0.0,0,-0.01454163703431361,-4.29209176620634,0.0,0.0,0.0
2020-02-28,0.0,0.0,0,0.005064620944581941,18.359868653887133,0.0,0.0,0.0
2020-03-02,0.0,0.0,0,-0.06937720537858147,-2.5036232601091797,0.0,0.0,0.0
2020-03-03,0.0,0.0,0,-0.021237786618270717,-12.453877963512241,0.0,0.0,0.0
2020-03-04,0.0,0.0,0,-0.008585510210032472,-22.118694419352778,0.0,0.0,0.0
2020-03-05,0.0,0.0,0,0.029798697777588187,10.840357386416144,0.0,0.0,0.0
2020-03-06,0.0,0.0,0,-0.012129432830918975,-34.902837765201184,0.0,0.0,0.0
2020-03-09,0.0,0.0,0,-0.013152986609878941,-36.31532705712925,0.0,0.0,0.0
2020-03-10,0.0,0.0,0,-0.0164335912057594,-30.354519114836876,0.0,0.0,0.0
2020-03-11,0.0,0.0,0,-0.011115682271915131,-46.79320043554617,0.0,0.0,0.0
2020-03-12,0.0,0.0,0,-0.004777606145678611,-94.20318038805635,0.0,0.0,0.0
2020-03-13,0.0,0.0,0,-0.04696953291610571,-13.1523872923608,0.0,0.0,0.0
2020-03-16,0.0,0.0,0,-0.006924709691972221,-33.51414933507658,0.0,0.0,0.0
2020-03-17,0.0,0.0,0,-0.004307755582797968,-83.36267855675442,0.0,0.0,0.0
2020-03-18,0.0,0.0,0,0.008415601428985363,25.739564031816826,0.0,0.0,0.0
2020-03-19,0.0,0.0,0,-5.918641696275696e-258,-75.03830441556238,0.0,0.0,0.0
2020-03-20,0.0,0.0,0,-0.002505321852395775,-35.143740718866866,0.0,0.0,0.0
2020-03-23,0.0,0.0,0,-0.0027157318968570048,-23.609967498904552,0.0,0.0,0.0
2020-03-24,0.0,0.0,0,-0.009986721622462055,-58.17269234937612,0.0,0.0,0.0
2020-03-25,0.0,0.0,0,-0.006699545069802549,-64.91772661219056,0.0,0.0,0.0
2020-03-26,0.0,0.0,0,-0.010570616917939235,-51.85980999449657,0.0,0.0,0.0
2020-03-27,0.0,0.0,0,0.1676687360389085,5.0679205836440815,0.0,0.0,0.0
2020-03-30,0.0,0.0,0,-0.048699891235364626,-35.121950636605106,0.0,0.0,0.0
2020-03-31,0.0,0.0,0,-0.04742734301567544,-31.573824454859277,0.0,0.0,0.0
2020-04-01,0.0,0.0,0,-0.40140385075841156,-2.7042101074011953,0.0,0.0,0.0
2020-04-02,0.0,0.0,0,-0.1961772973199339,-5.74417868126784,0.0,0.0,0.0
2020-04-03,0.0,0.0,0,-0.021669917173316434,-42.22230276745995,0.0,0.0,0.0
2020-04-06,0.0,0.0,0,-0.40332283242821876,-2.465659212353785,0.0,0.0,0.0
2020-04-07,0.0,0.0,0,0.35356175916114746,2.544970367754104,0.0,0.0,0.0
2020-04-08,0.0,0.0,0,-0.16297882924419924,-7.339815981345964,0.0,0.0,0.0
2020-04-09,0.0,0.0,0,-0.4545529100814494,-2.4584572287258197,0.0,0.0,0.0
2020-04-13,0.0,0.0,0,-0.17698842774036913,-5.007364313331891,0.0,0.0,0.0
2020-04-14,0.0,0.0,0,-0.18037164932746322,-5.021649757451087,0.0,0.0,0.0
2020-04-15,0.0,0.0,0,0.3886385397462185,2.587451137265816,0.0,0.0,0.0
2020-04-16,0.0,0.0,0,0.1875029224400146,5.271788932064737,0.0,0.0,0.0
2020-04-17,0.0,0.0,0,0.11584017818778503,6.9904885245341575,0.0,0.0,0.0
2020-04-20,0.0,0.0,0,0.17855895438266126,4.808261954347472,0.0,0.0,0.0
2020-04-21,0.0,0.0,0,-0.0987755739561444,-5.045899534047749,0.0,0.0,0.0
2020-04-22,0.0,0.0,0,0.37992085665506525,0.5852720376105935,0.0,0.0,0.0
2020-04-23,0.0,0.0,0,0.006917078499440643,16.583965997881023,0.0,0.0,0.0
2020-04-24,0.0,0.0,0,0.18193465977121,3.023407124833284,0.0,0.0,0.0
2020-04-27,0.0,0.0,0,0.0198065476854755,7.038818304685265,0.0,0.0,0.0
2020-04-28,0.0,0.0,0,0.013228445700020536,9.40997306854024,0.0,0.0,0.0
2020-04-29,0.0,0.0,0,0.02544125448224014,7.976717304061822,0.0,0.0,0.0
2020-04-30,0.0,0.0,0,0.024271678647555105,4.985753683080475,0.0,0.0,0.0
2020-05-01,0.0,0.0,0,0.005399737268738591,12.609501128376905,0.0,0.0,0.0
2020-05-04,0.0,0.0,0,0.007530574057660542,12.753734442503628,0.0,0.0,0.0
2020-05-05,0.0,0.0,0,0.008765532087718169,7.201399214209232,0.0,0.0,0.0
2020-05-06,0.0,0.0,0,0.0042400912361376004,9.85307131551508,0.0,0.0,0.0
2020-05-07,0.0,0.0,0,0.004146611812647748,12.526889029119957,0.0,0.0,0.0
2020-05-08,0.0,0.0,0,-0.04169785054039387,-2.4112902359884174,0.0,0.0,0.0
2020-05-11,0.0,0.0,0,0.0035833371948025103,16.001654861246607,0.0,0.0,0.0
2020-05-12,0.0,0.0,0,0.021490218261599647,8.848134732278595,0.0,0.0,0.0
2020-05-13,0.0,0.0,0,0.006959714437769267,8.167969866104613,0.0,0.0,0.0
2020-05-14,0.0,0.0,0,0.11031505368684295,1.8164064847660484,0.0,0.0,0.0
2020-05-15,0.0,0.0,0,0.03234190941774453,2.4921992002964544,0.0,0.0,0.0
2020-05-18,0.0,0.0,0,0.004804503792009417,17.33391114832193,0.0,0.0,0.0
2020-05-19,0.0,0.0,0,0.007313250825241187,7.8555786295191865,0.0,0.0,0.0
2020-05-20,0.0,0.0,0,0.0038931117196089656,3.780432934889177,0.0,0.0,0.0
2020-05-21,0.0,0.0,0,0.0006470140612022887,11.636017219218047,0.0,0.0,0.0
2020-05-22,0.0,0.0,0,5.479930355443058e-06,4.305127395145973,0.0,0.0,0.0
2020-05-26,0.0,0.0,0,8.851048352142704e-07,8.161573012303052,0.0,0.0,0.0
2020-05-27,0.0,0.0,0,2.821671128403456e-07,0.6071450338431532,0.0,0.0,0.0
2020-05-28,0.0,0.0,0,7.431676664260641e-07,6.75649379904462,0.0,0.0,0.0
2020-05-29,0.0,0.0,0,-6.067132883443262e-08,-1.5396969295888994,0.0,0.0,0.0
2020-06-01,0.0,0.0,0,2.9031676847622794e-08,2.748883759411001,0.0,0.0,0.0
2020-06-02,0.0,0.0,0,1.4958345238786507e-08,5.044558423289345,0.0,0.0,0.0
2020-06-03,0.0,0.0,0,-4.581043497090882e-07,-0.19783764283874916,0.0,0.0,0.0
2020-06-04,0.0,0.0,0,1.172363830801442e-08,6.423640269939824,0.0,0.0,0.0
2020-06-05,0.0,0.0,0,3.453819516349996e-08,1.641228932710419,0.0,0.0,0.0
2020-06-08,0.0,0.0,0,4.422836833228978e-09,7.61756045826769,0.0,0.0,0.0
2020-06-09,0.0,0.0,0,1.9392625871785394e-08,1.8742645586753497,0.0,0.0,0.0
2020-06-10,0.0,0.0,0,-1.0146740340339752e-08,-1.5856583097775,0.0,0.0,0.0
2020-06-11,0.0,0.0,0,1.9646343473128862e-09,5.543341182419681,0.0,0.0,0.0
2020-06-12,0.0,0.0,0,1.6630718780056223e-09,6.174768093655985,0.0,0.0,0.0
2020-06-15,0.0,0.0,0,2.2995520142813016e-09,2.377625933516356,0.0,0.0,0.0
2020-06-16,0.0,0.0,0,1.102658023531586e-09,5.547656393639954,0.0,0.0,0.0
2020-06-17,0.0,0.0,0,1.916642991854266e-09,2.5164009783793517,0.0,0.0,0.0
2020-06-18,0.0,0.0,0,-2.4523826604056705e-09,-1.1933960460783055,0.0,0.0,0.0
2020-06-19,0.0,0.0,0,3.4420561394286e-10,6.210123942281825,0.0,0.0,0.0
2020-06-22,0.0,0.0,0,2.51032893926131e-10,4.901838964758099,0.0,0.0,0.0
2020-06-23,0.0,0.0,0,3.0595961487171167e-10,4.174784594866651,0.0,0.0,0.0
2020-06-24,0.0,0.0,0,9.549370126895006e-11,8.619050286789388,0.0,0.0,0.0
2020-06-25,0.0,0.0,0,-1.6927969982516442e-09,-0.2531278438582376,0.0,0.0,0.0
2020-06-26,0.0,0.0,0,4.1584914177679623e-11,6.260149234016353,0.0,0.0,0.0
2020-06-29,0.0,0.0,0,1.8943938286653505e-11,6.401000719964941,0.0,0.0,0.0
2020-06-30,0.0,0.0,0,1.10367068799931e-11,6.9580074901305125,0.0,0.0,0.0
2020-07-01,0.0,0.0,0,8.413336872057936e-12,7.3077552537124575,0.0,0.0,0.0
2020-07-02,0.0,0.0,0,1.0613463183266862e-11,3.981130891516841,0.0,0.0,0.0
2020-07-06,0.0,0.0,0,4.693621325168928e-12,2.3809694481105907,0.0,0.0,0.0
2020-07-07,0.0,0.0,0,2.7123739925461684e-13,18.530407678546,0.0,0.0,0.0
2020-07-08,0.0,0.0,0,1.5311342576444543e-10,6.16953697923509,0.0,0.0,0.0
2020-07-09,0.0,0.0,0,2.4040472324193617e-13,8.305400839454705,0.0,0.0,0.0
2020-07-10,0.0,0.0,0,-3.748532064361895e-13,-2.2096560416712236,0.0,0.0,0.0
2020-07-13,0.0,0.0,0,2.9377173575721986e-14,9.209883672004253,0.0,0.0,0.0
2020-07-14,0.0,0.0,0,3.4343869234874114e-14,5.6770788437515876,0.0,0.0,0.0
2020-07-15,0.0,0.0,0,1.6032224137772988e-14,5.8765073748045324,0.0,0.0,0.0
2020-07-16,0.0,0.0,0,5.832670082761297e-14,1.1129222222225508,0.0,0.0,0.0
2020-07-17,0.0,0.0,0,5.555108865822699e-15,5.9322222237424285,0.0,0.0,0.0
2020-07-20,0.0,0.0,0,7.759661302396995e-16,8.371264742397216,0.0,0.0,0.0
2020-07-21,0.0,0.0,0,4.265456721119249e-16,11.718750322304004,0.0,0.0,0.0
2020-07-22,0.0,0.0,0,6.804022021795377e-16,5.5685054544828745,0.0,0.0,0.0
2020-07-23,0.0,0.0,0,1.6058417091880974e-16,11.977088620989889,0.0,0.0,0.0
2020-07-24,0.0,0.0,0,6.350820203916263e-17,11.33563487427,0.0,0.0,0.0
2020-07-27,0.0,0.0,0,2.497938407189843e-17,3.7831180919192775,0.0,0.0,0.0
2020-07-28,0.0,0.0,0,4.0490666604154526e-18,6.638399592445239,0.0,0.0,0.0
2020-07-29,0.0,0.0,0,1.3380084091026612e-18,10.370807845283707,0.0,0.0,0.0
2020-07-30,0.0,0.0,0,5.681243002952186e-19,11.070225926856438,0.0,0.0,0.0
2020-07-31,0.0,0.0,0,3.105633631891876e-19,6.12757502779732,0.0,0.0,0.0
2020-08-03,0.0,0.0,0,8.62083618020085e-21,19.133700773933015,0.0,0.0,0.0
2020-08-04,0.0,0.0,0,3.750375473744994e-21,7.809375041153544,0.0,0.0,0.0
2020-08-05,0.0,0.0,0,4.738336965998254e-21,4.562382124336182,0.0,0.0,0.0
2020-08-06,0.0,0.0,0,7.387643215043902e-22,12.064370031150247,0.0,0.0,0.0
2020-08-07,0.0,0.0,0,5.03568853316823e-22,3.549631324495749,0.0,0.0,0.0
2020-08-10,0.0,0.0,0,6.30724712789007e-24,4.060233243430957,0.0,0.0,0.0
2020-08-11,0.0,0.0,0,7.156560292794101e-25,30.755461450839903,0.0,0.0,0.0
2020-08-12,0.0,0.0,0,7.82618790667941e-25,5.436898650689727,0.0,0.0,0.0
2020-08-13,0.0,0.0,0,1.9855689194769297e-25,12.14013936219908,0.0,0.0,0.0
2020-08-14,0.0,0.0,0,1.3536668408248408e-25,4.114845370319017,0.0,0.0,0.0
2020-08-17,0.0,0.0,0,1.1929518702020202e-16,0.8655932168558138,0.0,0.0,0.0
2020-08-18,0.0,0.0,0,4.8162912979574086e-18,7.859071566959756,0.0,0.0,0.0
2020-08-19,0.0,0.0,0,7.903821404034177e-19,8.755149229454219,0.0,0.0,0.0
2020-08-20,0.0,0.0,0,4.630630506050879e-19,4.682643867224215,0.0,0.0,0.0
2020-08-21,0.0,0.0,0,3.418410495021558e-20,10.003702460473505,0.0,0.0,0.0
2020-08-24,0.0,0.0,0,4.213203626685872e-22,1.3364151016940014,0.0,0.0,0.0
2020-08-25,0.0,0.0,0,0.06632804360420995,2.719744607269604,0.0,0.0,0.0
2020-08-26,0.0,0.0,0,-0.5716474093658611,-0.1576930779083341,0.0,0.0,0.0
2020-08-27,0.0,0.0,0,0.010911453060879393,4.463901181812616,0.0,0.0,0.0
2020-08-28,0.0,0.0,0,-0.00016800854986268661,-7.18666258502617,0.0,0.0,0.0
2020-08-31,0.0,0.0,0,-5.433451605168934e-06,-26.186023769031635,0.0,0.0,0.0
2020-09-01,0.0,0.0,0,0.00041793027325614124,4.232391680861838,0.0,0.0,0.0
2020-09-02,0.0,0.0,0,0.022339188814805826,0.976638845616435,0.0,0.0,0.0
2020-09-03,0.0,0.0,0,0.005964661449329738,6.272802773865806,0.0,0.0,0.0
2020-09-04,0.0,0.0,0,0.000711814887194844,10.38540596065559,0.0,0.0,0.0
2020-09-08,0.0,0.0,0,0.0038858166518788034,3.6321718246626915,0.0,0.0,0.0
2020-09-09,0.0,0.0,0,0.0028897187316317286,10.835626618784772,0.0,0.0,0.0
2020-09-10,0.0,0.0,0,0.0031131128889392984,16.586524943310906,0.0,0.0,0.0
2020-09-11,0.0,0.0,0,0.0076245587188403414,5.752187225011767,0.0,0.0,0.0
2020-09-14,0.0,0.0,0,-0.1203040301996807,-0.3133499504556312,0.0,0.0,0.0
2020-09-15,0.0,0.0,0,0.0039863964153159445,9.233123862440152,0.0,0.0,0.0
2020-09-16,0.0,0.0,0,0.0012017747030981154,8.719405586243738,0.0,0.0,0.0
2020-09-17,0.0,0.0,0,0.007301813031248488,5.151279432834599,0.0,0.0,0.0
2020-09-18,0.0,0.0,0,0.0029917496733166842,4.347330930969292,0.0,0.0,0.0
2020-09-21,0.0,0.0,0,0.0013299334421785051,3.565354928560737,0.0,0.0,0.0
2020-09-22,0.0,0.0,0,-0.0034319430565913785,-1.1084886630633264,0.0,0.0,0.0
2020-09-23,0.0,0.0,0,0.0028975085041287162,8.601623492496401,0.0,0.0,0.0
2020-09-24,0.0,0.0,0,0.001830154516977857,6.42652455544976,0.0,0.0,0.0
2020-09-25,0.0,0.0,0,0.002403110416394596,5.600256423421342,0.0,0.0,0.0
2020-09-28,0.0,0.0,0,0.0005045859167235163,4.836702511664953,0.0,0.0,0.0
2020-09-29,0.0,0.0,0,0.005624199678380311,2.776511216846302,0.0,0.0,0.0
2020-09-30,0.0,0.0,0,0.0027504907998982904,3.658105154013356,0.0,0.0,0.0
2020-10-01,0.0,0.0,0,0.0009321343385639304,7.27536622282696,0.0,0.0,0.0
2020-10-02,0.0,0.0,0,0.00024273827173119385,6.888759103635493,0.0,0.0,0.0
2020-10-05,0.0,0.0,0,-0.00020519696181248395,-2.2166011664294274,0.0,0.0,0.0
2020-10-06,0.0,0.0,0,-1.1987171160031732e-05,-11.642284409994318,0.0,0.0,0.0
2020-10-07,0.0,0.0,0,-1.0407354395741603e-05,-3.8612094519121456,0.0,0.0,0.0
2020-10-08,0.0,0.0,0,0.0005357406355730821,7.568182746851562,0.0,0.0,0.0
2020-10-09,0.0,0.0,0,5.49330912949322e-05,4.613945610939481,0.0,0.0,0.0
2020-10-13,0.0,0.0,0,0.00010910651168673536,1.233997955666382,0.0,0.0,0.0
2020-10-14,0.0,0.0,0,0.00032957677173441784,4.170440525575941,0.0,0.0,0.0
2020-10-15,0.0,0.0,0,2.8992587056266236e-05,2.931710412681241,0.0,0.0,0.0
2020-10-16,0.0,0.0,0,1.4935678557450563e-05,10.28130898766085,0.0,0.0,0.0
2020-10-19,0.0,0.0,0,1.4101971004875536e-06,4.910070287422968,0.0,0.0,0.0
2020-10-20,0.0,0.0,0,4.875322914080245e-07,8.155065028124227,0.0,0.0,0.0
2020-10-21,0.0,0.0,0,3.635677626055262e-06,4.33987546246226,0.0,0.0,0.0
2020-10-22,0.0,0.0,0,3.3416292717978808e-06,0.7386057930161769,0.0,0.0,0.0
2020-10-23,0.0,0.0,0,4.748382780841866e-06,9.563291444784227,0.0,0.0,0.0
2020-10-26,0.0,0.0,0,2.889218321742739e-08,9.124253574087561,0.0,0.0,0.0
2020-10-27,0.0,0.0,0,1.2383501869097097e-09,7.662657557451894,0.0,0.0,0.0
2020-10-28,0.0,0.0,0,1.6165892421564167e-07,14.959373723733734,0.0,0.0,0.0
2020-10-29,0.0,0.0,0,8.98614855178176e-11,11.694560853631629,0.0,0.0,0.0
2020-10-30,0.0,0.0,0,-4.038015584417704e-09,-11.11960835341597,0.0,0.0,0.0
2020-11-02,0.0,0.0,0,2.969088484022439e-09,0.22886043627386243,0.0,0.0,0.0
2020-11-03,0.0,0.0,0,2.0732872032598844e-09,5.995698029502819,0.0,0.0,0.0
2020-11-04,0.0,0.0,0,3.275198455532649e-09,5.35441784374143,0.0,0.0,0.0
2020-11-05,0.0,0.0,0,5.171254079495392e-10,4.89201861055335,0.0,0.0,0.0
2020-11-06,0.0,0.0,0,1.2204173784237972e-07,7.427470381823696,0.0,0.0,0.0
2020-11-09,0.0,0.0,0,1.934951771217751e-07,19.605381362222033,0.0,0.0,0.0
2020-11-10,0.0,0.0,0,1.895439951651961e-09,9.744523879578537,0.0,0.0,0.0
2020-11-12,0.0,0.0,0,1.853227950824451e-09,10.914481348621848,0.0,0.0,0.0
2020-11-13,0.0,0.0,0,2.663877789520902e-09,7.450609559300574,0.0,0.0,0.0
2020-11-16,0.0,0.0,0,3.036174049415663e-06,6.415287543303748,0.0,0.0,0.0
2020-11-17,0.0,0.0,0,2.2831657196855498e-06,11.93653692805583,0.0,0.0,0.0
2020-11-18,0.0,0.0,0,3.5805734371715735e-05,7.966279437616322,0.0,0.0,0.0
2020-11-19,0.0,0.0,0,1.480943584264948e-05,2.7990736682231727,0.0,0.0,0.0
2020-11-20,0.0,0.0,0,8.605332990842316e-06,6.169681429756565,0.0,0.0,0.0
2020-11-23,0.0,0.0,0,1.1462897837912091e-05,6.270870420223218,0.0,0.0,0.0
2020-11-24,0.0,0.0,0,0.04226117073503149,5.441067280556126,0.0,0.0,0.0
2020-11-25,0.0,0.0,0,0.10362849704080676,1.5411224099734682,0.0,0.0,0.0
2020-11-27,0.0,0.0,0,0.03431639474317382,2.767473618787335,0.0,0.0,0.0
2020-11-30,0.0,0.0,0,0.0477872948364824,3.415567438560174,0.0,0.0,0.0
2020-12-01,0.0,0.0,0,0.014938537771864354,15.47684708513134,0.0,0.0,0.0
2020-12-02,0.0,0.0,0,0.03475887252296163,5.851873132719447,0.0,0.0,0.0
2020-12-03,0.0,0.0,0,0.05477507592834156,4.283983879292464,0.0,0.0,0.0
2020-12-04,0.0,0.0,0,0.07194058421756931,3.536345363693272,0.0,0.0,0.0
2020-12-07,0.0,0.0,0,0.12119806662109321,1.2326308992360282,0.0,0.0,0.0
2020-12-08,0.0,0.0,0,2.019724472522918,0.0988097734943949,0.0,0.0,0.0
2020-12-09,0.0,0.0,0,0.042458702015836965,5.670092940223185,0.0,0.0,0.0
2020-12-10,0.0,0.0,0,0.03356071505488109,7.566452312451474,0.0,0.0,0.0
2020-12-11,0.0,0.0,0,0.07357492024530099,3.1224175014940556,0.0,0.0,0.0
2020-12-14,0.0,0.0,0,0.07554233676837324,2.986528387524231,0.0,0.0,0.0
2020-12-15,0.0,0.0,0,0.021951134701752164,12.89001209025264,0.0,0.0,0.0
2020-12-16,0.0,0.0,0,0.684061006692571,0.23460966204129363,0.0,0.0,0.0
2020-12-17,0.0,0.0,0,0.03789290183649647,4.792531815871371,0.0,0.0,0.0
2020-12-18,0.0,0.0,0,0.025758078200685805,8.434658316137757,0.0,0.0,0.0
2020-12-21,0.0,0.0,0,0.016885692760424967,9.850693341602891,0.0,0.0,0.0
2020-12-22,0.0,0.0,0,0.029803355068395508,6.920044540744129,0.0,0.0,0.0
2020-12-23,0.0,0.0,0,0.04331621719755259,4.300376186031826,0.0,0.0,0.0
2020-12-24,0.0,0.0,0,0.03437161940393349,3.5135322762143915,0.0,0.0,0.0
2020-12-28,0.0,0.0,0,0.016165747195678343,7.032980947057695,0.0,0.0,0.0
2020-12-29,0.0,0.0,0,0.016741085425807583,7.600854835055543,0.0,0.0,0.0
2020-12-30,0.0,0.0,0,0.03548281858395168,6.276606030601215,0.0,0.0,0.0
2020-12-31,0.0,0.0,0,0.00925139105973677,9.964801507297125,0.0,0.0,0.0
2021-01-04,0.0,0.0,0,0.09429144118011021,0.9801664917622475,0.0,0.0,0.0
2021-01-05,0.0,0.0,0,0.013917141235220138,11.038637258890049,0.0,0.0,0.0
2021-01-06,0.0,0.0,0,0.0038966987278646927,14.850365260018407,0.0,0.0,0.0
2021-01-07,0.0,0.0,0,0.042997633737981274,1.0107249007874088,0.0,0.0,0.0
2021-01-08,0.0,0.0,0,0.018086965828812068,3.470174658499218,0.0,0.0,0.0
2021-01-11,0.0,0.0,0,0.02849696165103502,2.416336998931911,0.0,0.0,0.0
2021-01-12,0.0,0.0,0,0.00245012590762325,9.350005688992496,0.0,0.0,0.0
2021-01-13,0.0,0.0,0,0.004278294447747796,10.471941028144101,0.0,0.0,0.0
2021-01-14,0.0,0.0,0,0.4432891492839746,0.12556114326298484,0.0,0.0,0.0
2021-01-15,0.0,0.0,0,0.013446650276438354,5.874405784469218,0.0,0.0,0.0
2021-01-19,0.0,0.0,0,0.006452825010723855,7.984386327516404,0.0,0.0,0.0
2021-01-20,0.0,0.0,0,0.0014264130231963854,10.278370508247463,0.0,0.0,0.0
2021-01-21,0.0,0.0,0,0.0038089530766421908,7.6498137865655735,0.0,0.0,0.0
2021-01-22,0.0,0.0,0,0.0016429496413258534,11.636512217299241,0.0,0.0,0.0
2021-01-25,0.0,0.0,0,0.002824792964568843,5.768172029258039,0.0,0.0,0.0
2021-01-26,0.0,0.0,0,0.0015566887221819157,10.103601240123226,0.0,0.0,0.0
2021-01-27,0.0,0.0,0,0.26156971585873035,0.045832174337192555,0.0,0.0,0.0
2021-01-28,0.0,0.0,0,0.001937304156592578,12.000912016063467,0.0,0.0,0.0
2021-01-29,0.0,0.0,0,0.02577911257437723,0.7997069836987976,0.0,0.0,0.0
2021-02-01,0.0,0.0,0,0.0012425221306750411,6.84217162058394,0.0,0.0,0.0
2021-02-02,0.0,0.0,0,0.0003826324708307771,9.072950170061631,0.0,0.0,0.0
2021-02-03,0.0,0.0,0,0.0021568702932854775,4.967157121903256,0.0,0.0,0.0
2021-02-04,0.0,0.0,0,0.0019079855026223813,7.843446073104587,0.0,0.0,0.0
2021-02-05,0.0,0.0,0,0.0013439708263193093,6.425273550923521,0.0,0.0,0.0
2021-02-08,0.0,0.0,0,-0.011749949339311689,-1.8226951736419323,0.0,0.0,0.0
2021-02-09,0.0,0.0,0,0.0009619687915324174,3.092617170302219,0.0,0.0,0.0
2021-02-10,0.0,0.0,0,0.00060278411331074,9.696122429889328,0.0,0.0,0.0
2021-02-11,0.0,0.0,0,0.00022276350013232025,7.182953166076459,0.0,0.0,0.0
2021-02-12,0.0,0.0,0,0.0002063504263285991,7.675298473046041,0.0,0.0,0.0
2021-02-16,0.0,0.0,0,1.1522145566302165e-07,7.840146435920815,0.0,0.0,0.0
2021-02-17,0.0,0.0,0,8.33798939893976e-06,9.922768402705515,0.0,0.0,0.0
2021-02-18,0.0,0.0,0,3.559848940921473e-08,5.2733796863522,0.0,0.0,0.0
2021-02-19,0.0,0.0,0,2.329345179012264e-08,8.21849482297057,0.0,0.0,0.0
2021-02-22,0.0,0.0,0,0.007158961431891389,5.093264293923767,0.0,0.0,0.0
2021-02-23,0.0,0.0,0,0.03157600337995416,1.6874516154380217,0.0,0.0,0.0
2021-02-24,0.0,0.0,0,0.00496302719046962,3.87690486807287,0.0,0.0,0.0
2021-02-25,0.0,0.0,0,-0.050259698869321585,-14.108883726312342,0.0,0.0,0.0
2021-02-26,0.0,0.0,0,0.050386668336760476,18.830372660129342,0.0,0.0,0.0
2021-03-01,0.0,0.0,0,1.6137814059061253,0.28730250136595714,0.0,0.0,0.0
2021-03-02,0.0,0.0,0,0.07009545597919271,7.99667877958791,0.0,0.0,0.0
2021-03-03,0.0,0.0,0,0.024808582986343378,7.937372155064622,0.0,0.0,0.0
2021-03-04,0.0,0.0,0,0.028334692913879918,14.835344460011129,0.0,0.0,0.0
2021-03-05,0.0,0.0,0,0.09458875087907397,7.494956106121208,0.0,0.0,0.0
2021-03-08,0.0,0.0,0,0.07513519920260213,6.405729572029941,0.0,0.0,0.0
2021-03-09,0.0,0.0,0,0.09584260897423706,5.6388434708287605,0.0,0.0,0.0
2021-03-10,0.0,0.0,0,0.06656656648350452,6.356227116225909,0.0,0.0,0.0
2021-03-11,0.0,0.0,0,0.05141395892526075,5.904767936176995,0.0,0.0,0.0
2021-03-12,0.0,0.0,0,0.0868764589856324,9.42888606134602,0.0,0.0,0.0
2021-03-15,0.0,0.0,0,0.09682253909291139,7.956158026354387,0.0,0.0,0.0
2021-03-16,0.0,0.0,0,0.04539440587075492,11.250817646432552,0.0,0.0,0.0
2021-03-17,0.0,0.0,0,0.03766264890415606,17.115793895443858,0.0,0.0,0.0
2021-03-18,0.0,0.0,0,0.03005915450777996,19.9606954549522,0.0,0.0,0.0
2021-03-19,0.0,0.0,0,,3.852189479014669,0.0,0.0,0.0
2021-03-22,0.0,0.0,0,0.04412009438320604,11.478551599164348,0.0,0.0,0.0
2021-03-23,0.0,0.0,0,0.017075137491761604,15.332361662099629,0.0,0.0,0.0
2021-03-24,0.0,0.0,0,0.06307556331458693,7.139171650309436,0.0,0.0,0.0
2021-03-25,0.0,0.0,0,0.400779471045301,1.4542435636121809,0.0,0.0,0.0
2021-03-26,0.0,0.0,0,0.03137332142122093,4.0041953440504585,0.0,0.0,0.0
2021-03-29,0.0,0.0,0,0.08182325074925476,4.755238738296612,0.0,0.0,0.0
2021-03-30,0.0,0.0,0,0.04110413475686722,13.267384298476372,0.0,0.0,0.0
2021-03-31,0.0,0.0,0,0.02757847127330511,12.233052748829323,0.0,0.0,0.0
2021-04-01,0.0,0.0,0,0.05829969455420733,10.525815761910508,0.0,0.0,0.0
2021-04-02,0.0,0.0,0,0.09956626046538647,6.742667065929709,0.0,0.0,0.0
2021-04-05,0.0,0.0,0,0.047004958588802555,7.227261414462646,0.0,0.0,0.0
2021-04-06,0.0,0.0,0,0.10409399965222658,4.348580901634705,0.0,0.0,0.0
2021-04-07,0.0,0.0,0,-0.04884447074001601,-5.992232645152853,0.0,0.0,0.0
2021-04-08,0.0,0.0,0,0.037919189261182956,11.138847693621756,0.0,0.0,0.0
2021-04-09,0.0,0.0,0,0.020993148015458502,8.872547680489333,0.0,0.0,0.0
2021-04-12,0.0,0.0,0,0.020019958863902544,10.256488810100564,0.0,0.0,0.0
2021-04-13,0.0,0.0,0,0.013131461724556573,6.481735330832635,0.0,0.0,0.0
2021-04-14,0.0,0.0,0,0.010269590771537596,10.743042055604292,0.0,0.0,0.0
2021-04-15,0.0,0.0,0,-0.1398235431320832,-3.8134634080047363,0.0,0.0,0.0
2021-04-16,0.0,0.0,0,0.06629184810458931,6.795777371491113,0.0,0.0,0.0
2021-04-19,0.0,0.0,0,0.03498964159113808,7.642416701377897,0.0,0.0,0.0
2021-04-20,0.0,0.0,0,0.04771806467435584,3.3439051282343826,0.0,0.0,0.0
2021-04-21,0.0,0.0,0,0.008588431327857275,13.271625439617765,0.0,0.0,0.0
2021-04-22,0.0,0.0,0,0.030409133826633725,10.046130142591664,0.0,0.0,0.0
2021-04-23,0.0,0.0,0,0.014981875994298864,6.109751732259156,0.0,0.0,0.0
2021-04-26,0.0,0.0,0,0.00794413472714682,8.758362821959508,0.0,0.0,0.0
2021-04-27,0.0,0.0,0,0.002749386574539027,11.000358057572157,0.0,0.0,0.0
2021-04-28,0.0,0.0,0,0.003206250426023826,11.755083047771677,0.0,0.0,0.0
2021-04-29,0.0,0.0,0,,8.120804037919243,0.0,0.0,0.0
2021-04-30,0.0,0.0,0,0.00019491579839365334,8.028463116214425,0.0,0.0,0.0
2021-05-03,0.0,0.0,0,0.006857958175838728,3.6954720705780346,0.0,0.0,0.0
2021-05-04,0.0,0.0,0,0.013012012853245951,7.476072819773435,0.0,0.0,0.0
2021-05-05,0.0,0.0,0,0.00011965156940369304,13.416102720984327,0.0,0.0,0.0
2021-05-06,0.0,0.0,0,0.011874198646122838,3.23579979353417,0.0,0.0,0.0
2021-05-07,0.0,0.0,0,0.001453109176872203,5.873757909532742,0.0,0.0,0.0
2021-05-10,0.0,0.0,0,0.00020019543636736424,7.496553967588625,0.0,0.0,0.0
2021-05-11,0.0,0.0,0,0.0009412632337216159,9.7339449595529,0.0,0.0,0.0
2021-05-12,0.0,0.0,0,0.0002340500920926344,15.751049666885137,0.0,0.0,0.0
2021-05-13,0.0,0.0,0,0.00030063603913242165,6.576966127936885,0.0,0.0,0.0
2021-05-14,0.0,0.0,0,0.0016911817253568934,7.328227456065633,0.0,0.0,0.0
2021-05-17,0.0,0.0,0,0.002209406461884757,5.5861120517779455,0.0,0.0,0.0
2021-05-18,0.0,0.0,0,0.015661953890843943,5.730992267352121,0.0,0.0,0.0
2021-05-19,0.0,0.0,0,0.008479412479051911,14.091777696782628,0.0,0.0,0.0
2021-05-20,0.0,0.0,0,0.004350015188718416,7.549869881781888,0.0,0.0,0.0
2021-05-21,0.0,0.0,0,0.0023487328342956136,9.454707113101904,0.0,0.0,0.0
2021-05-24,0.0,0.0,0,0.013492499952944097,4.342659531832396,0.0,0.0,0.0
2021-05-25,0.0,0.0,0,0.07020247892740972,8.016780793813723,0.0,0.0,0.0
2021-05-26,0.0,0.0,0,0.14841558581816522,3.9465493766838335,0.0,0.0,0.0
2021-05-27,0.0,0.0,0,0.05417559643547216,8.388798743418192,0.0,0.0,0.0
2021-05-28,0.0,0.0,0,0.028492936700542343,20.26824903256329,0.0,0.0,0.0
2021-06-01,0.0,0.0,0,0.07306522119420414,8.772405543919376,0.0,0.0,0.0
2021-06-02,0.0,0.0,0,0.10718932665671015,5.5837452427413155,0.0,0.0,0.0
2021-06-03,0.0,0.0,0,0.07795161857003964,8.278616049235552,0.0,0.0,0.0
2021-06-04,0.0,0.0,0,0.061407730506716336,7.028296228728777,0.0,0.0,0.0
2021-06-07,0.0,0.0,0,0.06330873994923196,9.25163227131543,0.0,0.0,0.0
2021-06-08,0.0,0.0,0,0.07851983151637949,6.735808255972188,0.0,0.0,0.0
2021-06-09,0.0,0.0,0,0.12344473434872973,5.743035958166274,0.0,0.0,0.0
2021-06-10,0.0,0.0,0,0.05381724630209789,10.45687192737023,0.0,0.0,0.0
2021-06-11,0.0,0.0,0,0.10705839427083076,5.62003124174953,0.0,0.0,0.0
2021-06-14,0.0,0.0,0,0.07229089388089281,7.425430676959422,0.0,0.0,0.0
2021-06-15,0.0,0.0,0,0.07797726594572801,7.018521898623476,0.0,0.0,0.0
2021-06-16,0.0,0.0,0,0.06990667884093832,10.802228947416097,0.0,0.0,0.0
2021-06-17,0.0,0.0,0,8.61093707699523,0.083170508645253,0.0,0.0,0.0
2021-06-18,0.0,0.0,0,0.043314559217230014,16.22622644895364,0.0,0.0,0.0
2021-06-21,0.0,0.0,0,-2.4500614887514565,-0.243730825334751,0.0,0.0,0.0
2021-06-22,0.0,0.0,0,0.10817033803158593,6.407945521876627,0.0,0.0,0.0
2021-06-23,0.0,0.0,0,0.09564185864096783,6.907161959627501,0.0,0.0,0.0
2021-06-24,0.0,0.0,0,0.06964315495427026,6.16123132502662,0.0,0.0,0.0
2021-06-25,0.0,0.0,0,0.04247854889303845,10.593189918366079,0.0,0.0,0.0
2021-06-28,0.0,0.0,0,0.06141613186014265,7.1068516849645675,0.0,0.0,0.0
2021-06-29,0.0,0.0,0,0.0700034871243183,6.088551791349801,0.0,0.0,0.0
2021-06-30,0.0,0.0,0,0.051223972396393286,10.141654216099141,0.0,0.0,0.0
2021-07-01,0.0,0.0,0,0.03753446119815022,15.038057573104197,0.0,0.0,0.0
2021-07-02,0.0,0.0,0,0.060064031510903705,7.074734790337061,0.0,0.0,0.0
2021-07-06,0.0,0.0,0,0.021505623191597666,11.50797361580726,0.0,0.0,0.0
2021-07-07,0.0,0.0,0,0.021100637157364686,13.518085571962274,0.0,0.0,0.0
2021-07-08,0.0,0.0,0,0.026649726224829227,8.355795619409037,0.0,0.0,0.0
2021-07-09,0.0,0.0,0,0.05798976807970073,4.274186093901335,0.0,0.0,0.0
2021-07-12,0.0,0.0,0,0.08150041635431532,3.330274987014036,0.0,0.0,0.0
2021-07-13,0.0,0.0,0,0.037753989810058355,9.979416729231616,0.0,0.0,0.0
2021-07-14,0.0,0.0,0,0.037232091483654396,10.956383317442487,0.0,0.0,0.0
2021-07-15,0.0,0.0,0,0.021538046945339017,8.847480832695965,0.0,0.0,0.0
2021-07-16,0.0,0.0,0,0.038122724011044176,11.359300835596514,0.0,0.0,0.0
2021-07-19,0.0,0.0,0,0.012919171796076543,7.842722568811496,0.0,0.0,0.0
2021-07-20,0.0,0.0,0,0.08504141584620066,3.122536910976123,0.0,0.0,0.0
2021-07-21,0.0,0.0,0,0.05171335071320609,1.8528670964656158,0.0,0.0,0.0
2021-07-22,0.0,0.0,0,0.008704762616884123,13.68838696672583,0.0,0.0,0.0
2021-07-23,0.0,0.0,0,0.008990389462209803,7.997319246976076,0.0,0.0,0.0
2021-07-26,0.0,0.0,0,0.0331111787990334,6.483200284025315,0.0,0.0,0.0
2021-07-27,0.0,0.0,0,0.015007393460415406,7.408491634150323,0.0,0.0,0.0
2021-07-28,0.0,0.0,0,0.01012576066617207,11.97914779551138,0.0,0.0,0.0
2021-07-29,0.0,0.0,0,0.012539579307347344,10.305419560024802,0.0,0.0,0.0
2021-07-30,0.0,0.0,0,0.00866628593619487,9.713313018013196,0.0,0.0,0.0
2021-08-02,0.0,0.0,0,0.049547485506431566,2.52173962826555,0.0,0.0,0.0
2021-08-03,0.0,0.0,0,0.007832384620652525,12.393323423304537,0.0,0.0,0.0
2021-08-04,0.0,0.0,0,0.0010371281899237677,14.081502439877568,0.0,0.0,0.0
2021-08-05,0.0,0.0,0,0.002952740488396839,9.034893103621016,0.0,0.0,0.0
2021-08-06,0.0,0.0,0,0.0055851743262742455,7.146785188582271,0.0,0.0,0.0
2021-08-09,0.0,0.0,0,0.004992099222161525,11.391639530308566,0.0,0.0,0.0
2021-08-10,0.0,0.0,0,0.0004307460772908974,7.343304171273303,0.0,0.0,0.0
2021-08-11,0.0,0.0,0,0.0001997886541004291,15.914733670223086,0.0,0.0,0.0
2021-08-12,0.0,0.0,0,0.0020702908106592943,11.458321623130814,0.0,0.0,0.0
2021-08-13,0.0,0.0,0,0.0011021723012120926,11.678513631111855,0.0,0.0,0.0
2021-08-16,0.0,0.0,0,1.2252004293143205e-05,8.574875753969081,0.0,0.0,0.0
2021-08-17,0.0,0.0,0,1.6116248070620763e-05,5.153612546707336,0.0,0.0,0.0
2021-08-18,0.0,0.0,0,0.00027172705449772934,10.119553200950577,0.0,0.0,0.0
2021-08-19,0.0,0.0,0,3.8528079082755475e-05,7.271713150585583,0.0,0.0,0.0
2021-08-20,0.0,0.0,0,2.483388670236983e-05,8.426066326558157,0.0,0.0,0.0
2021-08-23,0.0,0.0,0,6.9163755208741334e-06,8.00585980219148,0.0,0.0,0.0
2021-08-24,0.0,0.0,0,0.00010539585211127244,8.8142377381796,0.0,0.0,0.0
2021-08-25,0.0,0.0,0,9.993395654646363e-43,8.013877172435059,0.0,0.0,0.0
2021-08-26,0.0,0.0,0,3.8075040021512845e-42,8.178391991191802,0.0,0.0,0.0
2021-08-27,0.0,0.0,0,9.380462791249233e-43,10.140142087134336,0.0,0.0,0.0
2021-08-30,0.0,0.0,0,5.120211809589996e-45,8.851497713144454,0.0,0.0,0.0
2021-08-31,0.0,0.0,0,2.706749413085253e-44,10.750416769277763,0.0,0.0,0.0
2021-09-01,0.0,0.0,0,1.0183822479350046e-45,7.863404303980133,0.0,0.0,0.0
2021-09-02,0.0,0.0,0,2.5582064327689152e-46,9.928476963049889,0.0,0.0,0.0
2021-09-03,0.0,0.0,0,2.467886967270883e-46,5.133961950144567,0.0,0.0,0.0
2021-09-07,0.0,0.0,0,5.840782163833352e-48,5.096422047061878,0.0,0.0,0.0
2021-09-08,0.0,0.0,0,1.1488703202905689e-48,6.0128976385940405,0.0,0.0,0.0
2021-09-09,0.0,0.0,0,1.5068209972139291e-49,8.199526279737256,0.0,0.0,0.0
2021-09-10,0.0,0.0,0,2.9972253588510814e-51,6.525194839044161,0.0,0.0,0.0
2021-09-13,0.0,0.0,0,1.2880071267058429e-51,8.291510404044402,0.0,0.0,0.0
2021-09-14,0.0,0.0,0,1.5293934028363552e-52,10.629019383901777,0.0,0.0,0.0
2021-09-15,0.0,0.0,0,5.149611924435377e-53,11.013819994422192,0.0,0.0,0.0
2021-09-16,0.0,0.0,0,3.3680922008529184e-53,5.750453064259091,0.0,0.0,0.0
2021-09-17,0.0,0.0,0,1.3473701952809138e-52,10.87359226578792,0.0,0.0,0.0
2021-09-20,0.0,0.0,0,4.998908281942718e-56,10.462421214303504,0.0,0.0,0.0
2021-09-21,0.0,0.0,0,5.2520910723245156e-55,6.853040665988374,0.0,0.0,0.0
2021-09-22,0.0,0.0,0,7.413437971858186e-55,14.954946292332806,0.0,0.0,0.0
2021-09-23,0.0,0.0,0,4.414476175165835e-56,8.758819733606288,0.0,0.0,0.0
2021-09-24,0.0,0.0,0,1.9437938832280573e-57,3.354425414360321,0.0,0.0,0.0
2021-09-27,0.0,0.0,0,1.4612146761454305e-58,9.753739769537788,0.0,0.0,0.0
2021-09-28,0.0,0.0,0,7.532803366536669e-59,9.11495023422367,0.0,0.0,0.0
2021-09-29,0.0,0.0,0,9.881719122024415e-61,5.138776064583908,0.0,0.0,0.0
2021-09-30,0.0,0.0,0,3.849178918825402e-62,18.0540884629022,0.0,0.0,0.0
2021-10-01,0.0,0.0,0,1.0286719480029943e-62,6.416391654146082,0.0,0.0,0.0
2021-10-04,0.0,0.0,0,2.885278188842095e-65,6.75409302679509,0.0,0.0,0.0
2021-10-05,0.0,0.0,0,7.69978593851035e-68,8.464793044824546,0.0,0.0,0.0
2021-10-06,0.0,0.0,0,4.8625984142550063e-67,8.756400957049664,0.0,0.0,0.0
2021-10-07,0.0,0.0,0,1.549904864644467e-69,8.296533103060483,0.0,0.0,0.0
2021-10-08,0.0,0.0,0,2.4973354352373717e-70,7.121134229509153,0.0,0.0,0.0
2021-10-12,0.0,0.0,0,4.346918059105576e-73,10.144346400586073,0.0,0.0,0.0
2021-10-13,0.0,0.0,0,8.024045084113585e-77,11.032535573244786,0.0,0.0,0.0
2021-10-14,0.0,0.0,0,3.1679221907538177e-74,12.933767625978817,0.0,0.0,0.0
2021-10-15,0.0,0.0,0,5.552046047778554e-77,9.728867397489466,0.0,0.0,0.0
2021-10-18,0.0,0.0,0,3.0333472196608333e-81,14.340237639276893,0.0,0.0,0.0
2021-10-19,0.0,0.0,0,3.575191818848916e-84,7.714863473274818,0.0,0.0,0.0
2021-10-20,0.0,0.0,0,2.2153131620080293e-84,0.6939173659643529,0.0,0.0,0.0
2021-10-21,0.0,0.0,0,4.857307894818302e-87,10.354473492862326,0.0,0.0,0.0
2021-10-22,0.0,0.0,0,1.182518912466736e-86,14.11472783484578,0.0,0.0,0.0
2021-10-25,0.0,0.0,0,2.5485173321738154e-91,6.676051001607448,0.0,0.0,0.0
2021-10-26,0.0,0.0,0,1.6298342138896146e-93,8.223054145621063,0.0,0.0,0.0
2021-10-27,0.0,0.0,0,6.815867006047148e-94,9.557890674754617,0.0,0.0,0.0
2021-10-28,0.0,0.0,0,1.4059231875757611e-95,7.644245657992087,0.0,0.0,0.0
2021-10-29,0.0,0.0,0,8.664365464695977e-94,9.674572458379316,0.0,0.0,0.0
2021-11-01,0.0,0.0,0,9.328369414738122e-96,2.249140865800655,0.0,0.0,0.0
2021-11-02,0.0,0.0,0,3.871488719426833e-102,8.450402227957966,0.0,0.0,0.0
2021-11-03,0.0,0.0,0,1.6205768679956657e-103,1.653885173240269,0.0,0.0,0.0
2021-11-04,0.0,0.0,0,2.2526011508511984e-105,11.796437439397323,0.0,0.0,0.0
2021-11-05,0.0,0.0,0,9.869746513218992e-109,16.221034895140747,0.0,0.0,0.0
2021-11-08,0.0,0.0,0,7.496237296478355e-117,6.934473191846337,0.0,0.0,0.0
2021-11-09,0.0,0.0,0,7.11867130462388e-116,0.8425008088452159,0.0,0.0,0.0
2021-11-10,0.0,0.0,0,3.5605165273350123e-121,7.427875223283991,0.0,0.0,0.0
2021-11-12,0.0,0.0,0,3.417186803896408e-128,8.454920596758257,0.0,0.0,0.0
2021-11-15,0.0,0.0,0,3.020525926839817e-140,6.854166723088383,0.0,0.0,0.0
2021-11-16,0.0,0.0,0,2.516380411462102e-13,6.096097477157855,0.0,0.0,0.0
2021-11-17,0.0,0.0,0,5.830578484254271e-14,10.848305356554647,0.0,0.0,0.0
2021-11-18,0.0,0.0,0,4.367589158309147e-15,8.2945450741081,0.0,0.0,0.0
2021-11-19,0.0,0.0,0,2.9253598013762056e-15,5.845328364718625,0.0,0.0,0.0
2021-11-22,0.0,0.0,0,1.2773786746155795e-17,11.066414385448752,0.0,0.0,0.0
2021-11-23,0.0,0.0,0,1.9190696365742924e-18,7.487134144814263,0.0,0.0,0.0
2021-11-24,0.0,0.0,0,2.831629207843621e-06,10.763961974989797,0.0,0.0,0.0
2021-11-26,0.0,0.0,0,9.170528708686495e-11,6.777563818185172,0.0,0.0,0.0
2021-11-29,0.0,0.0,0,1.2788064563825158e-11,14.764438382467688,0.0,0.0,0.0
2021-11-30,0.0,0.0,0,1.7482597800090773e-07,8.255437530484414,0.0,0.0,0.0
2021-12-01,0.0,0.0,0,3.423669539432929e-12,15.065494328940986,0.0,0.0,0.0
2021-12-02,0.0,0.0,0,3.685075064113857e-12,11.747833915886986,0.0,0.0,0.0
2021-12-03,0.0,0.0,0,-1.0079239733535054e-12,-3.323353751358354,0.0,0.0,0.0
2021-12-06,0.0,0.0,0,1.0433259816293136e-13,11.483828219258157,0.0,0.0,0.0
2021-12-07,0.0,0.0,0,3.229808130074447e-07,3.7766323178752828,0.0,0.0,0.0
2021-12-08,0.0,0.0,0,1.5720761459457093e-07,8.763842116258274,0.0,0.0,0.0
2021-12-09,0.0,0.0,0,3.840749209794489e-07,6.588088029285245,0.0,0.0,0.0
2021-12-10,0.0,0.0,0,1.9737554449487733e-07,10.032949713016933,0.0,0.0,0.0
2021-12-13,0.0,0.0,0,1.4121508048105972e-07,6.484828682427178,0.0,0.0,0.0
2021-12-14,0.0,0.0,0,1.5247768098274367e-07,5.687993388013638,0.0,0.0,0.0
2021-12-15,0.0,0.0,0,-3.365449364068689e-07,-1.8366054360953967,0.0,0.0,0.0
2021-12-16,0.0,0.0,0,4.6841384252901137e-07,0.9883441976335234,0.0,0.0,0.0
2021-12-17,0.0,0.0,0,2.0031176049420852e-07,2.316399336014456,0.0,0.0,0.0
2021-12-20,0.0,0.0,0,8.073108877644567e-08,5.759508045628081,0.0,0.0,0.0
2021-12-21,0.0,0.0,0,1.8763466692750158e-08,13.3487088224756,0.0,0.0,0.0
2021-12-22,0.0,0.0,0,3.976264543268533e-08,5.210508426557226,0.0,0.0,0.0
2021-12-23,0.0,0.0,0,4.158131823753436e-08,4.231011436334029,0.0,0.0,0.0
2021-12-27,0.0,0.0,0,9.976434013308399e-09,8.465549761539478,0.0,0.0,0.0
2021-12-28,0.0,0.0,0,3.4627074559021416e-08,3.3210761458981324,0.0,0.0,0.0
2021-12-29,0.0,0.0,0,6.420550991845561e-09,6.969137603296076,0.0,0.0,0.0
2021-12-30,0.0,0.0,0,3.7868265717873165e-09,6.207270518640598,0.0,0.0,0.0
2021-12-31,0.0,0.0,0,3.5050893975380542e-09,9.839883389749957,0.0,0.0,0.0
2022-01-03,0.0,0.0,0,1.1785978778363847e-09,8.140481258337331,0.0,0.0,0.0
2022-01-04,0.0,0.0,0,1.10768610069922e-09,9.159580900846777,0.0,0.0,0.0
2022-01-05,0.0,0.0,0,1.9187203007778975e-09,5.399329788734121,0.0,0.0,0.0
2022-01-06,0.0,0.0,0,8.212403319509144e-10,11.349051347099703,0.0,0.0,0.0
2022-01-07,0.0,0.0,0,4.962881543568882e-10,8.145183034674119,0.0,0.0,0.0
2022-01-10,0.0,0.0,0,1.8288219383378592e-10,10.570887798019157,0.0,0.0,0.0
2022-01-11,0.0,0.0,0,4.007648403977053e-10,3.087661243318962,0.0,0.0,0.0
2022-01-12,0.0,0.0,0,5.322754716252337e-10,2.178412934284097,0.0,0.0,0.0
2022-01-13,0.0,0.0,0,2.8132758456006063e-11,12.743350213673239,0.0,0.0,0.0
2022-01-14,0.0,0.0,0,1.3458507340608294e-11,2.211297167149951,0.0,0.0,0.0
2022-01-18,0.0,0.0,0,2.1542051164908433e-20,13.930161837045944,0.0,0.0,0.0
2022-01-19,0.0,0.0,0,8.839439547256311e-14,4.253125049652226,0.0,0.0,0.0
2022-01-20,0.0,0.0,0,2.7113296276119925e-14,8.769232008133258,0.0,0.0,0.0
2022-01-21,0.0,0.0,0,1.0607433481957896e-13,6.323598080300144,0.0,0.0,0.0
2022-01-24,0.0,0.0,0,-2.7423015474913833e-14,-1.9645917248335536,0.0,0.0,0.0
2022-01-25,0.0,0.0,0,2.7954419434844072e-24,13.360138822422869,0.0,0.0,0.0
2022-01-26,0.0,0.0,0,3.0826419967722124e-24,11.023795990512099,0.0,0.0,0.0
2022-01-27,0.0,0.0,0,2.772108267873078e-25,8.00187201870449,0.0,0.0,0.0
2022-01-28,0.0,0.0,0,3.50781017295182e-26,13.430046286330708,0.0,0.0,0.0
2022-01-31,0.0,0.0,0,-1.6937943631418816e-16,-1.1674772211486015,0.0,0.0,0.0
2022-02-01,0.0,0.0,0,2.678877417668015e-17,10.809229698720628,0.0,0.0,0.0
2022-02-02,0.0,0.0,0,-1.1911185857908236e-17,-6.679152015356067,0.0,0.0,0.0
2022-02-03,0.0,0.0,0,4.7440696236322635e-18,6.506965453952944,0.0,0.0,0.0
2022-02-04,0.0,0.0,0,1.8165922195182973e-29,7.435786801059294,0.0,0.0,0.0
2022-02-07,0.0,0.0,0,7.481361804526225e-32,7.9238415088789225,0.0,0.0,0.0
2022-02-08,0.0,0.0,0,2.9452054856605814e-32,9.72912895226591,0.0,0.0,0.0
2022-02-09,0.0,0.0,0,-2.4081615811665807e-22,-5.711190858892223,0.0,0.0,0.0
2022-02-10,0.0,0.0,0,3.036773119834079e-33,5.499035926874058,0.0,0.0,0.0
2022-02-11,0.0,0.0,0,2.0996375750353964e-35,13.74518054359487,0.0,0.0,0.0
2022-02-14,0.0,0.0,0,5.221378165248493e-19,11.505515823370388,0.0,0.0,0.0
2022-02-15,0.0,0.0,0,6.347983347908115e-19,4.60883319748018,0.0,0.0,0.0
2022-02-16,0.0,0.0,0,1.855075799995202e-20,19.278732694566315,0.0,0.0,0.0
2022-02-17,0.0,0.0,0,5.619763177982383e-21,9.967377109079735,0.0,0.0,0.0
2022-02-18,0.0,0.0,0,1.1315917231096341e-22,11.515736584856313,0.0,0.0,0.0
2022-02-22,0.0,0.0,0,0.0019191541340522695,14.88699373785721,0.0,0.0,0.0
2022-02-23,0.0,0.0,0,-1.996514637466993,-0.6119325341942385,0.0,0.0,0.0
2022-02-24,0.0,0.0,0,2.0657554381980574e-08,17.56464197011428,0.0,0.0,0.0
2022-02-25,0.0,0.0,0,0.0,12.420174464281445,0.0,0.0,0.0
2022-02-28,0.0,0.0,0,0.0,14.454200537440556,0.0,0.0,0.0
2022-03-01,0.0,0.0,0,1.1143195855926367e-99,13.277622075519503,0.0,0.0,0.0
2022-03-02,0.0,0.0,0,2.655619113226672e-196,6.23961699557276,0.0,0.0,0.0
2022-03-03,0.0,0.0,0,-0.0,-1.9228059647221016,0.0,0.0,0.0
2022-03-04,0.0,0.0,0,0.031228904072518045,3.368566181735787,0.0,0.0,0.0
2022-03-07,0.0,0.0,0,-0.0,-13.796233956789365,0.0,0.0,0.0
2022-03-08,0.0,0.0,0,6.549345815233565e-255,10.110440714870037,0.0,0.0,0.0
2022-03-09,0.0,0.0,0,3.515604262854154e-213,13.011409818941502,0.0,0.0,0.0
2022-03-10,0.0,0.0,0,0.0,15.896849500338703,0.0,0.0,0.0
2022-03-11,0.0,0.0,0,0.0,7.0571053911621675,0.0,0.0,0.0
2022-03-14,0.0,0.0,0,0.0,5.568208347897325,0.0,0.0,0.0
2022-03-15,0.0,0.0,0,0.0,13.66973369661946,0.0,0.0,0.0
2022-03-16,0.0,0.0,0,0.0,8.817637811686836,0.0,0.0,0.0
2022-03-17,0.0,0.0,0,0.0,0.25559865636341783,0.0,0.0,0.0
2022-03-18,0.0,0.0,0,0.0,6.990092530518723,0.0,0.0,0.0
2022-03-21,0.0,0.0,0,-0.0,-1.9643196403326328,0.0,0.0,0.0
2022-03-22,0.0,0.0,0,0.0,4.922701840248465,0.0,0.0,0.0
2022-03-23,0.0,0.0,0,0.0,5.290064111661195,0.0,0.0,0.0
2022-03-24,0.0,0.0,0,0.0,4.987051037364836,0.0,0.0,0.0
2022-03-25,0.0,0.0,0,0.0,9.140149116928114,0.0,0.0,0.0
2022-03-28,0.0,0.0,0,0.0,12.273363702212919,0.0,0.0,0.0
2022-03-29,0.0,0.0,0,0.0,1.7653645816244534,0.0,0.0,0.0
2022-03-30,0.0,0.0,0,0.0,9.85573765177378,0.0,0.0,0.0
2022-03-31,0.0,0.0,0,0.0,11.416086490326052,0.0,0.0,0.0
2022-04-01,0.0,0.0,0,-0.0,-2.777300395799557,0.0,0.0,0.0
2022-04-04,0.0,0.0,0,0.0,3.374903214041751,0.0,0.0,0.0
2022-04-05,0.0,0.0,0,0.0,11.438817663601185,0.0,0.0,0.0
2022-04-06,0.0,0.0,0,0.0,11.334808167707706,0.0,0.0,0.0
2022-04-07,0.0,0.0,0,0.0,6.079930426698866,0.0,0.0,0.0
2022-04-08,0.0,0.0,0,0.0,3.7810573260258025,0.0,0.0,0.0
2022-04-11,0.0,0.0,0,-0.0,-1.2386156877892063,0.0,0.0,0.0
2022-04-12,0.0,0.0,0,0.0,12.594519703318838,0.0,0.0,0.0
2022-04-13,0.0,0.0,0,0.0,5.489201895320548,0.0,0.0,0.0
2022-04-14,0.0,0.0,0,0.0,8.466639355689495,0.0,0.0,0.0
2022-04-18,0.0,0.0,0,2.6551495264031064e-215,9.359566452478703,0.0,0.0,0.0
2022-04-19,0.0,0.0,0,0.0,1.2611586265347796,0.0,0.0,0.0
2022-04-20,0.0,0.0,0,0.0,5.116412775269964,0.0,0.0,0.0
2022-04-21,0.0,0.0,0,0.0,10.116653556013716,0.0,0.0,0.0
2022-04-22,0.0,0.0,0,0.0,6.971067909587418,0.0,0.0,0.0
2022-04-25,0.0,0.0,0,0.0,14.583152720761973,0.0,0.0,0.0
2022-04-26,0.0,0.0,0,0.0,12.663920935229271,0.0,0.0,0.0
2022-04-27,0.0,0.0,0,0.0,9.11989242223899,0.0,0.0,0.0
2022-04-28,0.0,0.0,0,0.0,15.4940078902996,0.0,0.0,0.0
2022-04-29,0.0,0.0,0,0.0,5.343638188447585,0.0,0.0,0.0
2022-05-02,0.0,0.0,0,0.0,8.747061519047293,0.0,0.0,0.0
2022-05-03,0.0,0.0,0,0.0,2.846604593737993,0.0,0.0,0.0
2022-05-04,0.0,0.0,0,0.0,1.753513079861932,0.0,0.0,0.0
2022-05-05,0.0,0.0,0,0.0,13.165203407146237,0.0,0.0,0.0
2022-05-06,0.0,0.0,0,0.0,9.965709024457738,0.0,0.0,0.0
2022-05-09,0.0,0.0,0,0.0,21.907994620577938,0.0,0.0,0.0
2022-05-10,0.0,0.0,0,0.0,14.937763242030542,0.0,0.0,0.0
2022-05-11,0.0,0.0,0,0.0,5.551434498445815,0.0,0.0,0.0
2022-05-12,0.0,0.0,0,-0.0,-4.714736448035637,0.0,0.0,0.0
2022-05-13,0.0,0.0,0,0.0,2.585521301504741,0.0,0.0,0.0
2022-05-16,0.0,0.0,0,3.658360763736421e-14,5.450923971700377,0.0,0.0,0.0
2022-05-17,0.0,0.0,0,0.0,2.4235952501908287,0.0,0.0,0.0
2022-05-18,0.0,0.0,0,1.946077712800583e-18,12.189839441310141,0.0,0.0,0.0
2022-05-19,0.0,0.0,0,0.0,15.042972370224561,0.0,0.0,0.0
2022-05-20,0.0,0.0,0,0.0,9.097672295364191,0.0,0.0,0.0
2022-05-23,0.0,0.0,0,0.0,6.350378278048083,0.0,0.0,0.0
2022-05-24,0.0,0.0,0,5.098225702224792e-24,10.422741461990427,0.0,0.0,0.0
2022-05-25,0.0,0.0,0,0.19123645397702696,7.077637197649437,0.0,0.0,0.0
2022-05-26,0.0,0.0,0,0.22106743441654586,9.019487972596835,0.0,0.0,0.0
2022-05-27,0.0,0.0,0,0.18930882039700622,6.215293579907666,0.0,0.0,0.0
2022-05-31,0.0,0.0,0,-0.3067711122273792,-2.689362851628175,0.0,0.0,0.0
2022-06-01,0.0,0.0,0,0.6675470604345846,2.561316746286593,0.0,0.0,0.0
2022-06-02,0.0,0.0,0,0.24871866006833732,4.946940963136967,0.0,0.0,0.0
2022-06-03,0.0,0.0,0,0.2066325755606229,6.873975613837501,0.0,0.0,0.0
2022-06-06,0.0,0.0,0,0.2861508877435553,6.523023983172152,0.0,0.0,0.0
2022-06-07,0.0,0.0,0,0.580418584277022,3.328123357957338,0.0,0.0,0.0
2022-06-08,0.0,0.0,0,0.4042611680396077,4.99281417092152,0.0,0.0,0.0
2022-06-09,0.0,0.0,0,0.403583029907558,5.014866641157369,0.0,0.0,0.0
2022-06-10,0.0,0.0,0,0.970229051630886,2.7020768696465893,0.0,0.0,0.0
2022-06-13,0.0,0.0,0,-0.28520005370811674,-11.90759178105327,0.0,0.0,0.0
2022-06-14,0.0,0.0,0,8.716551558325289,0.3577557686257933,0.0,0.0,0.0
2022-06-15,0.0,0.0,0,0.2806529950655739,9.668689128502592,0.0,0.0,0.0
2022-06-16,0.0,0.0,0,0.20133739481741988,15.939724756132819,0.0,0.0,0.0
2022-06-17,0.0,0.0,0,1.3971530864562198,2.143390160587387,0.0,0.0,0.0
2022-06-21,-15625.01922919098,15625.01922919098,1,0.6349193938468365,4.455959775233623,-15625.01922919098,-0.5000006153341113,-0.5000006153341113
2022-06-22,-51714.22921109432,15625.019562419084,1,0.6602472531321347,4.162873131460856,-67339.2484402853,-1.6548553347550183,-1.6548553347550183
2022-06-23,0.0,0.0,0,-0.3274491315757325,-7.240085156900022,-67339.2484402853,0.0,0.0
2022-06-24,0.0,0.0,0,0.40657391882258204,6.179512230995897,-67339.2484402853,0.0,0.0
2022-06-27,0.0,0.0,0,0.44409075452449365,5.96774879913346,-67339.2484402853,0.0,0.0
2022-06-28,0.0,0.0,0,0.20155496828103728,12.265768731433582,-67339.2484402853,0.0,0.0
2022-06-29,0.0,0.0,0,0.4547228534767547,4.12091845823943,-67339.2484402853,0.0,0.0
2022-06-30,0.0,0.0,0,3.456188320393473,0.5423378334253357,-67339.2484402853,0.0,0.0
2022-07-01,0.0,0.0,0,0.34666684063572545,6.774856620653281,-67339.2484402853,0.0,0.0
2022-07-05,0.0,0.0,0,-6.5827474490608235,-0.34296140872174874,-67339.2484402853,0.0,0.0
2022-07-06,0.0,0.0,0,-0.4358331978674153,-6.002489766243343,-67339.2484402853,0.0,0.0
2022-07-07,0.0,0.0,0,0.4505100880173753,6.157179550867568,-67339.2484402853,0.0,0.0
2022-07-08,0.0,0.0,0,0.32740209686041893,7.485509850728704,-67339.2484402853,0.0,0.0
2022-07-11,0.0,0.0,0,0.260312164957507,8.134672008353846,-67339.2484402853,0.0,0.0
2022-07-12,0.0,0.0,0,0.268419870555373,9.330856883376327,-67339.2484402853,0.0,0.0
2022-07-13,0.0,0.0,0,0.5586611437182807,4.384402245049387,-67339.2484402853,0.0,0.0
2022-07-14,0.0,0.0,0,0.4602915807808955,5.159927386566778,-67339.2484402853,0.0,0.0
2022-07-15,0.0,0.0,0,0.32428084222836234,6.411357467223297,-67339.2484402853,0.0,0.0
2022-07-18,0.0,0.0,0,0.2492671256313627,7.694318568109793,-67339.2484402853,0.0,0.0
2022-07-19,0.0,0.0,0,0.1807436072509964,10.553297118796308,-67339.2484402853,0.0,0.0
2022-07-20,0.0,0.0,0,0.4076700890416674,4.777087297601611,-67339.2484402853,0.0,0.0
2022-07-21,0.0,0.0,0,0.31314639874509154,6.442551466742316,-67339.2484402853,0.0,0.0
2022-07-22,0.0,0.0,0,0.14373382087325204,12.457822785805092,-67339.2484402853,0.0,0.0
2022-07-25,0.0,0.0,0,0.14520758637942308,12.579023900269931,-67339.2484402853,0.0,0.0
2022-07-26,0.0,0.0,0,-0.43597962495068815,-4.631130556985227,-67339.2484402853,0.0,0.0
2022-07-27,0.0,0.0,0,-0.1888745768360285,-9.106976075272541,-67339.2484402853,0.0,0.0
2022-07-28,0.0,0.0,0,0.11684068410017061,15.335452855200401,-67339.2484402853,0.0,0.0
2022-07-29,0.0,0.0,0,-0.25294504328660294,-7.246311236747715,-67339.2484402853,0.0,0.0
2022-08-01,0.0,0.0,0,0.18015403627524204,9.893387829898984,-67339.2484402853,0.0,0.0
2022-08-02,0.0,0.0,0,-0.75382140377221,-2.704457547558377,-67339.2484402853,0.0,0.0
2022-08-03,0.0,0.0,0,0.05536501732778398,19.02849294092448,-67339.2484402853,0.0,0.0
2022-08-04,0.0,0.0,0,1.2153117386541936,1.2385608029512696,-67339.2484402853,0.0,0.0
2022-08-05,-15625.013257578206,15625.013257578206,1,0.18023349395928584,9.639148068579289,-82964.2616978635,-0.5000004242425026,-0.5000004242425026
2022-08-08,-99136.69496823635,15625.01294569098,1,0.1228666952550443,7.432890582596883,-182100.95666609984,-3.172374238983563,-3.172374238983563
2022-08-09,0.0,0.0,0,0.21745717516303928,7.240953113992418,-182100.95666609984,0.0,0.0
2022-08-10,0.0,0.0,0,0.07949259421827903,12.387161172386186,-182100.95666609984,0.0,0.0
2022-08-11,0.0,0.0,0,0.1085161298033318,9.882054842199523,-182100.95666609984,0.0,0.0
2022-08-12,0.0,0.0,0,0.2245611196801614,5.772208544990008,-182100.95666609984,0.0,0.0
2022-08-15,0.0,0.0,0,0.22333648397694242,5.567906451596173,-182100.95666609984,0.0,0.0
2022-08-16,0.0,0.0,0,0.021042310343966787,8.651334302415762,-182100.95666609984,0.0,0.0
2022-08-17,0.0,0.0,0,0.009312864304446793,9.4840287638267,-182100.95666609984,0.0,0.0
2022-08-18,0.0,0.0,0,2.6416404576737534e-08,9.759069106554307,-182100.95666609984,0.0,0.0
2022-08-19,0.0,0.0,0,0.0004007290228637588,8.917865991391864,-182100.95666609984,0.0,0.0
2022-08-22,0.0,0.0,0,0.030215195000959868,7.764282388550782,-182100.95666609984,0.0,0.0
2022-08-23,0.0,0.0,0,0.014608343265908876,6.152680470201631,-182100.95666609984,0.0,0.0
2022-08-24,0.0,0.0,0,0.02921957913402849,8.637865102774867,-182100.95666609984,0.0,0.0
2022-08-25,0.0,0.0,0,-2.535948595931442e-76,-0.9443125855118524,-182100.95666609984,0.0,0.0
2022-08-26,0.0,0.0,0,6.178791415425054e-62,4.197955086569436,-182100.95666609984,0.0,0.0
2022-08-29,0.0,0.0,0,8.200633995489236e-86,3.996080652184446,-182100.95666609984,0.0,0.0
2022-08-30,0.0,0.0,0,5.583390770989177e-114,5.825798180993388,-182100.95666609984,0.0,0.0
2022-08-31,0.0,0.0,0,-1.4160907839092893e-94,-0.5486100655070913,-182100.95666609984,0.0,0.0
2022-09-01,0.0,0.0,0,6.10748880350198e-78,8.764047886917524,-182100.95666609984,0.0,0.0
2022-09-02,0.0,0.0,0,2.505522990837428e-66,5.941932454436937,-182100.95666609984,0.0,0.0
2022-09-06,0.0,0.0,0,5.387841040359755e-59,7.020704343919533,-182100.95666609984,0.0,0.0
2022-09-07,0.0,0.0,0,3.612294464960117e-64,1.7987466208696787,-182100.95666609984,0.0,0.0
2022-09-08,0.0,0.0,0,4.901762256098208e-78,2.5289523601545625,-182100.95666609984,0.0,0.0
2022-09-09,0.0,0.0,0,8.267506874635117e-55,1.9855086825782564,-182100.95666609984,0.0,0.0
2022-09-12,0.0,0.0,0,-1.118704976727438e-81,-0.3731139814040034,-182100.95666609984,0.0,0.0
2022-09-13,0.0,0.0,0,7.291253327886508e-112,8.1611557602414,-182100.95666609984,0.0,0.0
2022-09-14,0.0,0.0,0,6.076846285729323e-96,10.65706263330594,-182100.95666609984,0.0,0.0
2022-09-15,0.0,0.0,0,2.0954556496326304e-99,8.754954645295129,-182100.95666609984,0.0,0.0
2022-09-16,0.0,0.0,0,5.0153646928517884e-132,8.366670796939616,-182100.95666609984,0.0,0.0
2022-09-19,0.0,0.0,0,2.254127184054427e-128,1.296603690000211,-182100.95666609984,0.0,0.0
2022-09-20,0.0,0.0,0,1.743915281966739e-73,7.88220253650843,-182100.95666609984,0.0,0.0
2022-09-21,0.0,0.0,0,6.944002950289632e-112,18.155480791495393,-182100.95666609984,0.0,0.0
2022-09-22,0.0,0.0,0,3.2753894883864374e-105,4.925032168278449,-182100.95666609984,0.0,0.0
2022-09-23,0.0,0.0,0,1.3387935672897711e-143,8.8332424347077,-182100.95666609984,0.0,0.0
2022-09-26,0.0,0.0,0,7.705743871549612e-101,3.7425893489480586,-182100.95666609984,0.0,0.0
2022-09-27,0.0,0.0,0,-8.945951401472035e-95,-1.6148467357529626,-182100.95666609984,0.0,0.0
2022-09-28,0.0,0.0,0,4.438175198703966e-62,4.3605671094283025,-182100.95666609984,0.0,0.0
2022-09-29,0.0,0.0,0,1.097394563506375e-108,3.725205426203047,-182100.95666609984,0.0,0.0
2022-09-30,0.0,0.0,0,-2.037848446258698e-106,-4.3641711983959794,-182100.95666609984,0.0,0.0
2022-10-03,0.0,0.0,0,1.6619764630743117e-75,3.7364084995565463,-182100.95666609984,0.0,0.0
2022-10-04,0.0,0.0,0,4.815817596854654e-106,6.671162911701231,-182100.95666609984,0.0,0.0
2022-10-05,0.0,0.0,0,5.907091474896215e-64,7.673587564844183,-182100.95666609984,0.0,0.0
2022-10-06,0.0,0.0,0,2.9397191337348943e-121,6.9685910316793525,-182100.95666609984,0.0,0.0
2022-10-07,0.0,0.0,0,1.8291903209390148e-177,6.805384260005212,-182100.95666609984,0.0,0.0
2022-10-11,0.0,0.0,0,7.913923405135192e-160,7.145084681256321,-182100.95666609984,0.0,0.0
2022-10-12,0.0,0.0,0,4.150439891600002e-147,4.531694931885795,-182100.95666609984,0.0,0.0
2022-10-13,0.0,0.0,0,1.4903254807280793e-133,0.2830730674518236,-182100.95666609984,0.0,0.0
2022-10-14,0.0,0.0,0,8.241022804258405e-93,7.191244842762444,-182100.95666609984,0.0,0.0
2022-10-17,0.0,0.0,0,2.5163063146140634e-74,6.09789093652671,-182100.95666609984,0.0,0.0
2022-10-18,0.0,0.0,0,1.0097722705301984e-122,4.254104776681743,-182100.95666609984,0.0,0.0
2022-10-19,0.0,0.0,0,2.110697080522404e-84,2.8343819453516517,-182100.95666609984,0.0,0.0
2022-10-20,0.0,0.0,0,2.4506361154596034e-138,3.0425490839302256,-182100.95666609984,0.0,0.0
2022-10-21,0.0,0.0,0,8.43255584252774e-136,5.307510986748184,-182100.95666609984,0.0,0.0
2022-10-24,0.0,0.0,0,-2.682117445551515e-118,-4.805155036479846,-182100.95666609984,0.0,0.0
2022-10-25,0.0,0.0,0,2.7189860392171898e-90,13.819063218447809,-182100.95666609984,0.0,0.0
2022-10-26,0.0,0.0,0,9.34862173770706e-99,3.692970302973208,-182100.95666609984,0.0,0.0
2022-10-27,0.0,0.0,0,4.760708462897198e-72,2.290860215885914,-182100.95666609984,0.0,0.0
2022-10-28,0.0,0.0,0,1.0063633492392286e-93,4.593312122449333,-182100.95666609984,0.0,0.0
2022-10-31,0.0,0.0,0,1.0521844833439642e-88,13.494313492442416,-182100.95666609984,0.0,0.0
2022-11-01,0.0,0.0,0,9.487713510266089e-158,7.434737903192399,-182100.95666609984,0.0,0.0
2022-11-02,0.0,0.0,0,4.725086673009239e-184,4.134447918436308,-182100.95666609984,0.0,0.0
2022-11-03,0.0,0.0,0,5.0482183937577866e-123,4.863194772732641,-182100.95666609984,0.0,0.0
2022-11-04,0.0,0.0,0,1.7724823574579725e-134,5.83163463104529,-182100.95666609984,0.0,0.0
2022-11-07,0.0,0.0,0,9.64055735165195e-74,5.176936349398602,-182100.95666609984,0.0,0.0
2022-11-08,0.0,0.0,0,4.953724654059647e-53,6.868082765022791,-182100.95666609984,0.0,0.0
2022-11-09,0.0,0.0,0,2.640249786132658e-60,12.950194689885848,-182100.95666609984,0.0,0.0
2022-11-10,0.0,0.0,0,6.536668980944082e-79,9.769323870544667,-182100.95666609984,0.0,0.0
2022-11-14,0.0,0.0,0,8.091200650322891e-66,5.819307858466345,-182100.95666609984,0.0,0.0
2022-11-15,0.0,0.0,0,1.7518153494856543e-69,9.858528460650632,-182100.95666609984,0.0,0.0
2022-11-16,0.0,0.0,0,1.1929776366148584e-25,13.392142371020782,-182100.95666609984,0.0,0.0
2022-11-17,0.0,0.0,0,8.690282471696612e-29,12.141973326335119,-182100.95666609984,0.0,0.0
2022-11-18,0.0,0.0,0,1.8715114627065817e-28,11.355565202780326,-182100.95666609984,0.0,0.0
2022-11-21,0.0,0.0,0,4.763996100882527e-26,7.062881228876449,-182100.95666609984,0.0,0.0
2022-11-22,0.0,0.0,0,4.509921315253166e-30,7.893215770114693,-182100.95666609984,0.0,0.0
2022-11-23,0.0,0.0,0,4.337715348904229e-25,9.478201005345909,-182100.95666609984,0.0,0.0
2022-11-25,0.0,0.0,0,0.0,4.103717128301469,-182100.95666609984,0.0,0.0
2022-11-28,0.0,0.0,0,0.0,7.008651263211959,-182100.95666609984,0.0,0.0
2022-11-29,0.0,0.0,0,0.0,1.8489776232163422,-182100.95666609984,0.0,0.0
2022-11-30,0.0,0.0,0,0.0,14.180731343535626,-182100.95666609984,0.0,0.0
2022-12-01,0.0,0.0,0,0.0,5.403405342688529,-182100.95666609984,0.0,0.0
2022-12-02,0.0,0.0,0,0.0,6.339465262386057,-182100.95666609984,0.0,0.0
2022-12-05,0.0,0.0,0,0.0,3.292451182388504,-182100.95666609984,0.0,0.0
2022-12-06,0.0,0.0,0,0.0,4.734225147231882,-182100.95666609984,0.0,0.0
2022-12-07,0.0,0.0,0,0.0,2.7675458070539207,-182100.95666609984,0.0,0.0
2022-12-08,0.0,0.0,0,0.0,11.04941792337786,-182100.95666609984,0.0,0.0
2022-12-09,0.0,0.0,0,-0.0,-2.4154698703614486,-182100.95666609984,0.0,0.0
2022-12-12,0.0,0.0,0,0.0,4.83981395127239,-182100.95666609984,0.0,0.0
2022-12-13,0.0,0.0,0,0.0,2.862866015712825,-182100.95666609984,0.0,0.0
2022-12-14,0.0,0.0,0,0.0,12.033413770240713,-182100.95666609984,0.0,0.0
2022-12-15,0.0,0.0,0,0.0,7.290446450961554,-182100.95666609984,0.0,0.0
2022-12-16,0.0,0.0,0,0.0,3.4065838882343087,-182100.95666609984,0.0,0.0
2022-12-19,0.0,0.0,0,0.0,6.006536804332882,-182100.95666609984,0.0,0.0
2022-12-20,0.0,0.0,0,0.0,4.511344280524554,-182100.95666609984,0.0,0.0
2022-12-21,0.0,0.0,0,0.0,5.875205937785722,-182100.95666609984,0.0,0.0
2022-12-22,0.0,0.0,0,0.0,3.8674502755234244,-182100.95666609984,0.0,0.0
2022-12-23,0.0,0.0,0,0.0,3.667340761882315,-182100.95666609984,0.0,0.0
2022-12-29,0.0,0.0,0,0.0,7.282744777485732,-182100.95666609984,0.0,0.0
2022-12-30,0.0,0.0,0,0.0,8.861877288813957,-182100.95666609984,0.0,0.0
2023-01-03,0.0,0.0,0,0.0,8.098593223392527,-182100.95666609984,0.0,0.0
2023-01-04,0.0,0.0,0,0.0,12.33325119916617,-182100.95666609984,0.0,0.0
2023-01-05,0.0,0.0,0,0.0,12.245907748957961,-182100.95666609984,0.0,0.0
2023-01-06,0.0,0.0,0,0.0,19.333321489799346,-182100.95666609984,0.0,0.0
2023-01-09,0.0,0.0,0,0.0,3.140868008463258,-182100.95666609984,0.0,0.0
2023-01-10,0.0,0.0,0,0.0,14.474705210326192,-182100.95666609984,0.0,0.0
2023-01-11,0.0,0.0,0,9.988647166465406e-243,13.782341216242003,-182100.95666609984,0.0,0.0
2023-01-12,0.0,0.0,0,0.0,17.458372144678833,-182100.95666609984,0.0,0.0
2023-01-13,0.0,0.0,0,1.7514960973479443e-173,13.22218526265624,-182100.95666609984,0.0,0.0
2023-01-17,0.0,0.0,0,1.4678407982832017e-41,9.458231639039695,-182100.95666609984,0.0,0.0
2023-01-18,0.0,0.0,0,1.1326625488142795e-59,11.709299284763802,-182100.95666609984,0.0,0.0
2023-01-19,0.0,0.0,0,8.860999473828675e-120,10.437358681462229,-182100.95666609984,0.0,0.0
2023-01-20,0.0,0.0,0,2.218474021575783e-36,7.2109697343935295,-182100.95666609984,0.0,0.0
2023-01-23,0.0,0.0,0,4.542197790660911e-25,9.778856782175353,-182100.95666609984,0.0,0.0
2023-01-24,0.0,0.0,0,3.8314414589995585e-17,7.877552981008648,-182100.95666609984,0.0,0.0
2023-01-25,0.0,0.0,0,8.618320895081336e-61,6.537598059220272,-182100.95666609984,0.0,0.0
2023-01-26,0.0,0.0,0,7.088463853985815e-22,12.508807231198716,-182100.95666609984,0.0,0.0
2023-01-27,0.0,0.0,0,4.969250637934465e-28,5.323422352100806,-182100.95666609984,0.0,0.0
2023-01-30,0.0,0.0,0,2.0317327820917576e-48,7.395703284254978,-182100.95666609984,0.0,0.0
2023-01-31,0.0,0.0,0,2.4302171244586296e-15,13.850474130741532,-182100.95666609984,0.0,0.0
2023-02-01,0.0,0.0,0,2.070494272605664e-28,13.330382919994918,-182100.95666609984,0.0,0.0
2023-02-02,0.0,0.0,0,1.6908588666268658e-30,9.702918088391925,-182100.95666609984,0.0,0.0
2023-02-03,0.0,0.0,0,1.5848162102004056e-66,7.631600859537684,-182100.95666609984,0.0,0.0
2023-02-06,0.0,0.0,0,2.867071279082617e-62,10.73535412785941,-182100.95666609984,0.0,0.0
2023-02-07,0.0,0.0,0,1.0894624225140544e-70,2.1668935420507296,-182100.95666609984,0.0,0.0
2023-02-08,0.0,0.0,0,2.3796257534568776e-179,10.996545923247595,-182100.95666609984,0.0,0.0
2023-02-09,0.0,0.0,0,3.096501575994187e-145,9.837988120611499,-182100.95666609984,0.0,0.0
2023-02-16,0.0,0.0,0,0.0,3.286178479359023,-182100.95666609984,0.0,0.0
2023-02-17,0.0,0.0,0,0.0,11.735032481288727,-182100.95666609984,0.0,0.0
2023-02-21,0.0,0.0,0,0.0,8.894910812108265,-182100.95666609984,0.0,0.0
2023-02-22,0.0,0.0,0,0.10349265612988442,5.777220884536746,-182100.95666609984,0.0,0.0
2023-02-23,0.0,0.0,0,0.05419399152440387,6.090296463398772,-182100.95666609984,0.0,0.0
2023-02-24,0.0,0.0,0,0.030522945468523396,11.446458936079125,-182100.95666609984,0.0,0.0
2023-02-27,0.0,0.0,0,0.04076396495071423,7.222120726936737,-182100.95666609984,0.0,0.0
2023-02-28,0.0,0.0,0,0.025574156673844436,10.710490846656285,-182100.95666609984,0.0,0.0
2023-03-01,0.0,0.0,0,0.06966217459563034,3.221193863856115,-182100.95666609984,0.0,0.0
2023-03-02,0.0,0.0,0,0.05103489065232116,8.946556424096343,-182100.95666609984,0.0,0.0
2023-03-03,0.0,0.0,0,0.03379263218270855,8.228198847122258,-182100.95666609984,0.0,0.0
2023-03-06,0.0,0.0,0,0.018293523043074317,9.060853218200918,-182100.95666609984,0.0,0.0
2023-03-07,0.0,0.0,0,0.012239756101440938,14.008181045002402,-182100.95666609984,0.0,0.0
2023-03-08,0.0,0.0,0,0.03256120589752467,7.382263965317179,-182100.95666609984,0.0,0.0
2023-03-09,0.0,0.0,0,0.03775807255543565,5.559350724136948,-182100.95666609984,0.0,0.0
2023-03-10,0.0,0.0,0,0.007212406803229232,10.47950444198932,-182100.95666609984,0.0,0.0
2023-03-13,0.0,0.0,0,-0.030109995344650507,-6.763494425060344,-182100.95666609984,0.0,0.0
2023-03-14,0.0,0.0,0,0.058996229364190536,2.540986163422076,-182100.95666609984,0.0,0.0
2023-03-15,0.0,0.0,0,0.10537849493311861,1.5801646233430802,-182100.95666609984,0.0,0.0
2023-03-16,0.0,0.0,0,0.03425930605259524,6.230087844789068,-182100.95666609984,0.0,0.0
2023-03-17,0.0,0.0,0,0.03616023298671446,4.373140724565474,-182100.95666609984,0.0,0.0
2023-03-20,0.0,0.0,0,0.016862271300183664,9.513371054860272,-182100.95666609984,0.0,0.0
2023-03-21,0.0,0.0,0,0.01886189152586256,8.704917575505533,-182100.95666609984,0.0,0.0
2023-03-22,0.0,0.0,0,0.0058310576229404516,17.187138664593476,-182100.95666609984,0.0,0.0
2023-03-23,0.0,0.0,0,0.003445368691871087,30.7627080863399,-182100.95666609984,0.0,0.0
2023-03-24,0.0,0.0,0,0.009820837670176087,8.93861868415297,-182100.95666609984,0.0,0.0
2023-03-27,0.0,0.0,0,0.025356113459456237,3.347598464001294,-182100.95666609984,0.0,0.0
2023-03-28,0.0,0.0,0,0.005237505388031477,14.713337522979145,-182100.95666609984,0.0,0.0
2023-03-29,0.0,0.0,0,0.009971709337947094,8.5901496889378,-182100.95666609984,0.0,0.0
2023-03-30,0.0,0.0,0,0.005778075262803006,12.404421223839563,-182100.95666609984,0.0,0.0
2023-03-31,0.0,0.0,0,0.0020360610403323503,17.80863635655669,-182100.95666609984,0.0,0.0
2023-04-03,0.0,0.0,0,0.002479991474297036,11.517568865917383,-182100.95666609984,0.0,0.0
2023-04-04,0.0,0.0,0,0.0026132630958716034,4.66749357210665,-182100.95666609984,0.0,0.0
2023-04-05,0.0,0.0,0,0.001743029267394211,5.14856331510191,-182100.95666609984,0.0,0.0
2023-04-06,0.0,0.0,0,0.0008609685370382881,7.010320496614895,-182100.95666609984,0.0,0.0
2023-04-07,0.0,0.0,0,0.002189861333505388,4.802614974333665,-182100.95666609984,0.0,0.0
2023-04-10,0.0,0.0,0,0.0006322363314307403,10.42256195916707,-182100.95666609984,0.0,0.0
2023-04-11,0.0,0.0,0,0.0012675115423910503,8.425765378474807,-182100.95666609984,0.0,0.0
2023-04-12,0.0,0.0,0,0.0004214502333249382,14.217660420973516,-182100.95666609984,0.0,0.0
2023-04-13,0.0,0.0,0,0.0008476915977453138,8.388247230527668,-182100.95666609984,0.0,0.0
2023-04-14,0.0,0.0,0,0.0015279076329182645,6.570961694389098,-182100.95666609984,0.0,0.0
2023-04-17,0.0,0.0,0,0.0042050825462868575,4.350399021780049,-182100.95666609984,0.0,0.0
2023-04-18,0.0,0.0,0,0.0018464097286653232,6.4609806807848145,-182100.95666609984,0.0,0.0
2023-04-19,0.0,0.0,0,0.0016446467203162082,7.974979899645859,-182100.95666609984,0.0,0.0
2023-04-20,0.0,0.0,0,0.0003871428914819824,12.243751063334003,-182100.95666609984,0.0,0.0
2023-04-21,0.0,0.0,0,0.000722284227315488,11.323718677877878,-182100.95666609984,0.0,0.0
2023-04-24,0.0,0.0,0,0.0004873445996188525,8.924180210870873,-182100.95666609984,0.0,0.0
2023-04-25,0.0,0.0,0,0.00027184916856453555,9.524668653078606,-182100.95666609984,0.0,0.0
2023-04-26,0.0,0.0,0,0.0010394222934356065,5.404513703998418,-182100.95666609984,0.0,0.0
2023-04-27,0.0,0.0,0,0.0016793657210382074,7.672131169758359,-182100.95666609984,0.0,0.0
2023-04-28,0.0,0.0,0,0.00036663724603115363,13.09082292203584,-182100.95666609984,0.0,0.0
2023-05-01,0.0,0.0,0,0.01835687768123726,0.5259786033720957,-182100.95666609984,0.0,0.0
2023-05-02,0.0,0.0,0,0.0002770125939862478,13.660221156358148,-182100.95666609984,0.0,0.0
2023-05-03,0.0,0.0,0,0.00021925066888775596,17.581520567686766,-182100.95666609984,0.0,0.0
2023-05-04,0.0,0.0,0,0.0003189962803477365,9.39103115042235,-182100.95666609984,0.0,0.0
2023-05-05,0.0,0.0,0,0.0006352832775132002,11.260661371122751,-182100.95666609984,0.0,0.0
2023-05-08,0.0,0.0,0,0.0004250844644314792,8.049053063729389,-182100.95666609984,0.0,0.0
2023-05-09,0.0,0.0,0,0.00030481202118405696,7.477189367506071,-182100.95666609984,0.0,0.0
2023-05-10,0.0,0.0,0,0.0004031918244050096,6.356090996311195,-182100.95666609984,0.0,0.0
2023-05-11,0.0,0.0,0,5.2806195060480425e-05,12.682140709790474,-182100.95666609984,0.0,0.0
2023-05-12,0.0,0.0,0,0.00011722486913352614,7.307381623593301,-182100.95666609984,0.0,0.0
2023-05-15,0.0,0.0,0,3.870466349548341e-05,11.14705215235199,-182100.95666609984,0.0,0.0
2023-05-16,0.0,0.0,0,0.00012893424203501368,11.085402621692538,-182100.95666609984,0.0,0.0
2023-05-17,0.0,0.0,0,7.682531100586814e-13,12.572667262804316,-182100.95666609984,0.0,0.0
2023-05-18,0.0,0.0,0,3.2926202203873605e-12,7.903915094583681,-182100.95666609984,0.0,0.0
2023-05-19,0.0,0.0,0,7.653867146792422e-12,8.658776127980218,-182100.95666609984,0.0,0.0
2023-05-22,0.0,0.0,0,3.1599695896240215e-13,10.706990593851515,-182100.95666609984,0.0,0.0
2023-05-23,0.0,0.0,0,2.852457621707658e-14,10.018631905912116,-182100.95666609984,0.0,0.0
2023-05-24,0.0,0.0,0,3.258952964693936e-15,8.827086942118058,-182100.95666609984,0.0,0.0
2023-05-25,0.0,0.0,0,4.1981440255523386e-05,3.287551125634309,-182100.95666609984,0.0,0.0
2023-05-26,0.0,0.0,0,2.5572857012023734e-05,4.30494738927473,-182100.95666609984,0.0,0.0
2023-05-30,0.0,0.0,0,8.013624417439935e-06,5.6065388841261665,-182100.95666609984,0.0,0.0
2023-05-31,0.0,0.0,0,1.5742122078794716e-06,10.549095081413725,-182100.95666609984,0.0,0.0
2023-06-01,0.0,0.0,0,1.7516766458705745e-06,8.561158170434737,-182100.95666609984,0.0,0.0
2023-06-02,0.0,0.0,0,2.2807962745401297e-06,7.8642306909569015,-182100.95666609984,0.0,0.0
2023-06-05,0.0,0.0,0,1.6402439656474715e-06,7.892669868907433,-182100.95666609984,0.0,0.0
2023-06-06,0.0,0.0,0,7.738675648588056e-07,10.825263170683684,-182100.95666609984,0.0,0.0
2023-06-07,0.0,0.0,0,2.8323540846533954e-06,3.867250670024532,-182100.95666609984,0.0,0.0
2023-06-08,0.0,0.0,0,1.1645103779329065e-06,5.737411604966837,-182100.95666609984,0.0,0.0
2023-06-09,0.0,0.0,0,6.686254019390809e-07,8.341215817758439,-182100.95666609984,0.0,0.0
2023-06-12,0.0,0.0,0,9.452089486983759e-08,19.97588912020501,-182100.95666609984,0.0,0.0
2023-06-13,0.0,0.0,0,3.394526949366139e-07,9.288866267698268,-182100.95666609984,0.0,0.0
2023-06-14,0.0,0.0,0,8.054574338093645e-07,2.409563482341582,-182100.95666609984,0.0,0.0
2023-06-16,0.0,0.0,0,7.428463600903171e-08,6.988698195082634,-182100.95666609984,0.0,0.0
2023-06-20,0.0,0.0,0,1.2028131023962893e-07,3.34609931420664,-182100.95666609984,0.0,0.0
2023-06-21,0.0,0.0,0,1.458724770865387e-08,10.064969116889188,-182100.95666609984,0.0,0.0
2023-06-22,0.0,0.0,0,3.2775223053171285e-08,7.72192131888778,-182100.95666609984,0.0,0.0
2023-06-23,0.0,0.0,0,2.3394019733812575e-08,10.130070616132343,-182100.95666609984,0.0,0.0
2023-06-26,0.0,0.0,0,1.0581718228043803e-08,7.638252695168376,-182100.95666609984,0.0,0.0
2023-06-27,0.0,0.0,0,9.32474545204691e-09,9.3795989285818,-182100.95666609984,0.0,0.0
2023-06-28,0.0,0.0,0,7.56582327912766e-09,9.218308061316748,-182100.95666609984,0.0,0.0
2023-06-29,0.0,0.0,0,6.207594327505739e-09,8.435048824223486,-182100.95666609984,0.0,0.0
2023-06-30,0.0,0.0,0,1.680519969207662e-09,12.760674464185286,-182100.95666609984,0.0,0.0
2023-07-03,0.0,0.0,0,2.2644072741860282e-09,6.716776494072747,-182100.95666609984,0.0,0.0
2023-07-05,0.0,0.0,0,2.423291793131558e-09,5.966449153638678,-182100.95666609984,0.0,0.0
2023-07-06,0.0,0.0,0,2.7326273717212495e-09,9.003093470862495,-182100.95666609984,0.0,0.0
2023-07-07,0.0,0.0,0,3.6318777622931184e-09,6.417243322404374,-182100.95666609984,0.0,0.0
2023-07-10,0.0,0.0,0,9.355368760727832e-10,9.337741637002637,-182100.95666609984,0.0,0.0
2023-07-11,0.0,0.0,0,4.464978324551914e-10,9.049372996440525,-182100.95666609984,0.0,0.0
2023-07-12,0.0,0.0,0,2.957801062445655e-10,8.194662342609263,-182100.95666609984,0.0,0.0
2023-07-13,0.0,0.0,0,1.6372002776410375e-10,10.852617997875313,-182100.95666609984,0.0,0.0
2023-07-14,0.0,0.0,0,3.153993467090434e-10,8.578093169577187,-182100.95666609984,0.0,0.0
2023-07-17,0.0,0.0,0,1.5024619580159814e-10,6.831606392016056,-182100.95666609984,0.0,0.0
2023-07-18,0.0,0.0,0,4.018861433063417e-11,9.888973252652704,-182100.95666609984,0.0,0.0
2023-07-19,0.0,0.0,0,5.930283414203001e-12,9.60533581327536,-182100.95666609984,0.0,0.0
2023-07-20,0.0,0.0,0,1.1412620836700545e-11,10.639537839899276,-182100.95666609984,0.0,0.0
2023-07-21,0.0,0.0,0,9.317316299058462e-12,7.969469301108347,-182100.95666609984,0.0,0.0
2023-07-24,0.0,0.0,0,2.858154614662261e-12,10.078119794332451,-182100.95666609984,0.0,0.0
2023-07-25,0.0,0.0,0,3.2281942821192594e-12,12.763919872003498,-182100.95666609984,0.0,0.0
2023-07-26,0.0,0.0,0,1.9651579430227292e-12,8.468142771472685,-182100.95666609984,0.0,0.0
2023-07-27,0.0,0.0,0,3.1684025049566483e-12,10.786923058890352,-182100.95666609984,0.0,0.0
2023-07-28,0.0,0.0,0,1.5007021513433533e-12,13.304212717907376,-182100.95666609984,0.0,0.0
2023-07-31,0.0,0.0,0,4.052629821292587e-13,8.889594077557831,-182100.95666609984,0.0,0.0
2023-08-02,0.0,0.0,0,6.058672589619247e-13,11.324315710010524,-182100.95666609984,0.0,0.0
2023-08-03,0.0,0.0,0,7.358865480039195e-12,9.677120591181847,-182100.95666609984,0.0,0.0
2023-08-04,0.0,0.0,0,1.8679995266486712e-13,15.285556572572204,-182100.95666609984,0.0,0.0
2023-08-07,0.0,0.0,0,1.1863275624239067e-12,9.545175500655205,-182100.95666609984,0.0,0.0
2023-08-08,0.0,0.0,0,1.2297841228228841e-13,14.76089680440964,-182100.95666609984,0.0,0.0
2023-08-09,0.0,0.0,0,8.349496937030247e-14,13.79119733917969,-182100.95666609984,0.0,0.0
2023-08-10,0.0,0.0,0,1.9546521536688988e-13,6.259143930483333,-182100.95666609984,0.0,0.0
2023-08-11,0.0,0.0,0,4.71716787423806e-14,11.072154090899858,-182100.95666609984,0.0,0.0
2023-08-14,0.0,0.0,0,7.3376920563932e-15,10.251196838048145,-182100.95666609984,0.0,0.0
2023-08-15,0.0,0.0,0,1.8332074913689395e-14,9.294355238648222,-182100.95666609984,0.0,0.0
2023-08-16,0.0,0.0,0,2.5451883434668133e-14,6.5974978636390915,-182100.95666609984,0.0,0.0
2023-08-17,0.0,0.0,0,2.1719014646208573e-09,12.29518354225047,-182100.95666609984,0.0,0.0
2023-08-18,0.0,0.0,0,2.3424807393172434e-09,10.43664174607693,-182100.95666609984,0.0,0.0
2023-08-21,0.0,0.0,0,1.1281349382519517e-09,11.98546001655177,-182100.95666609984,0.0,0.0
2023-08-22,0.0,0.0,0,1.9208597910577243e-10,10.709571794654494,-182100.95666609984,0.0,0.0
2023-08-23,0.0,0.0,0,4.783971006936545e-12,15.217107641342864,-182100.95666609984,0.0,0.0
2023-08-24,0.0,0.0,0,1.812383676599665e-12,12.66764310938197,-182100.95666609984,0.0,0.0
2023-08-25,0.0,0.0,0,3.1871464569827516e-09,8.006144046739337,-182100.95666609984,0.0,0.0
2023-08-28,0.0,0.0,0,3.7017264220655893e-10,11.472038018594958,-182100.95666609984,0.0,0.0
2023-08-29,0.0,0.0,0,4.5216362415977055e-10,11.433218106763888,-182100.95666609984,0.0,0.0
2023-08-30,0.0,0.0,0,1.476157080350536e-09,9.325652130938124,-182100.95666609984,0.0,0.0
2023-08-31,0.0,0.0,0,2.439619383439871e-10,10.708173541666838,-182100.95666609984,0.0,0.0
2023-09-01,0.0,0.0,0,4.042740742159551e-09,5.609465875496426,-182100.95666609984,0.0,0.0
2023-09-05,0.0,0.0,0,1.1647941927611633e-09,9.168072440299056,-182100.95666609984,0.0,0.0
2023-09-06,0.0,0.0,0,5.142096220011097e-09,5.590118910287856,-182100.95666609984,0.0,0.0
2023-09-07,0.0,0.0,0,8.620356840411605e-10,6.993627497004127,-182100.95666609984,0.0,0.0
2023-09-08,0.0,0.0,0,1.4656079396327291e-09,9.019519631873663,-182100.95666609984,0.0,0.0
2023-09-11,0.0,0.0,0,1.1656037965183246e-09,10.845338296454429,-182100.95666609984,0.0,0.0
2023-09-12,0.0,0.0,0,1.0395908443982915e-09,7.207534546395891,-182100.95666609984,0.0,0.0
2023-09-13,0.0,0.0,0,5.752882087841729e-10,8.49452490216845,-182100.95666609984,0.0,0.0
2023-09-14,0.0,0.0,0,1.3308796643345317e-09,7.164424973849691,-182100.95666609984,0.0,0.0
2023-09-15,0.0,0.0,0,3.734150195049701e-10,7.704256084063218,-182100.95666609984,0.0,0.0
2023-09-18,0.0,0.0,0,1.4417257272461938e-10,7.702203023340189,-182100.95666609984,0.0,0.0
2023-09-19,0.0,0.0,0,2.328664587790954e-10,6.910174356165953,-182100.95666609984,0.0,0.0
2023-09-20,0.0,0.0,0,7.580594388787653e-11,10.150486817385627,-182100.95666609984,0.0,0.0
2023-09-21,0.0,0.0,0,3.2941457535695823e-10,7.268672644868275,-182100.95666609984,0.0,0.0
2023-09-22,0.0,0.0,0,5.662871786607629e-10,9.275393437890216,-182100.95666609984,0.0,0.0
2023-09-25,0.0,0.0,0,1.0417194717800035e-09,6.85394944234622,-182100.95666609984,0.0,0.0
2023-09-26,0.0,0.0,0,1.0138888480918246e-09,10.765037425432183,-182100.95666609984,0.0,0.0
2023-09-27,0.0,0.0,0,1.513102452067384e-09,11.4484690658428,-182100.95666609984,0.0,0.0
2023-09-28,0.0,0.0,0,1.0063748725221292e-10,16.448667356440183,-182100.95666609984,0.0,0.0
2023-09-29,0.0,0.0,0,4.2917302701516605e-09,2.749426946706535,-182100.95666609984,0.0,0.0
2023-10-02,0.0,0.0,0,4.0327896844057134e-10,8.471868899935544,-182100.95666609984,0.0,0.0
2023-10-03,0.0,0.0,0,1.3949086283213718e-09,5.6939513916618125,-182100.95666609984,0.0,0.0
2023-10-04,0.0,0.0,0,7.948054703750386e-11,13.89241157485776,-182100.95666609984,0.0,0.0
2023-10-05,0.0,0.0,0,9.622631290898544e-10,9.5094618547364,-182100.95666609984,0.0,0.0
2023-10-06,0.0,0.0,0,2.613735557780336e-10,11.089343671507777,-182100.95666609984,0.0,0.0
2023-10-10,0.0,0.0,0,1.7980895129203775e-11,5.896169722910599,-182100.95666609984,0.0,0.0
2023-10-11,0.0,0.0,0,3.6204971438487434e-12,15.340826747595656,-182100.95666609984,0.0,0.0
2023-10-12,0.0,0.0,0,6.36042196915891e-11,13.693888352891463,-182100.95666609984,0.0,0.0
2023-10-13,0.0,0.0,0,8.966828604323937e-12,12.24491082188888,-182100.95666609984,0.0,0.0
2023-10-16,0.0,0.0,0,3.6387843755855745e-12,9.775992433779265,-182100.95666609984,0.0,0.0
2023-10-17,0.0,0.0,0,7.182890153101849e-11,18.200509193993184,-182100.95666609984,0.0,0.0
2023-10-18,0.0,0.0,0,3.074455981775122e-11,13.229973966286707,-182100.95666609984,0.0,0.0
2023-10-19,0.0,0.0,0,3.3490019760880675e-11,10.848538359935446,-182100.95666609984,0.0,0.0
2023-10-20,0.0,0.0,0,2.1167168956254417e-10,12.964317478199064,-182100.95666609984,0.0,0.0
2023-10-23,0.0,0.0,0,1.1152581612039285e-12,5.226352356604821,-182100.95666609984,0.0,0.0
2023-10-24,0.0,0.0,0,5.09011849732304e-14,15.281602191697402,-182100.95666609984,0.0,0.0
2023-10-25,0.0,0.0,0,2.2770297245405543e-11,13.684664367961432,-182100.95666609984,0.0,0.0
2023-10-26,0.0,0.0,0,1.7008813115517788e-13,6.627006662102758,-182100.95666609984,0.0,0.0
2023-10-27,0.0,0.0,0,2.0131783676258084e-12,11.394295274759315,-182100.95666609984,0.0,0.0
2023-10-30,0.0,0.0,0,7.581457822295549e-13,9.441885169687794,-182100.95666609984,0.0,0.0
2023-10-31,0.0,0.0,0,1.7170544595514828e-14,8.543600212934507,-182100.95666609984,0.0,0.0
2023-11-01,0.0,0.0,0,1.223697767153517e-14,16.86666704168647,-182100.95666609984,0.0,0.0
2023-11-02,0.0,0.0,0,2.379536919918331e-15,15.343327817218778,-182100.95666609984,0.0,0.0
2023-11-03,0.0,0.0,0,2.1222263290872848e-17,6.945365011306421,-182100.95666609984,0.0,0.0
2023-11-06,0.0,0.0,0,4.694497211231664e-16,10.590881951207848,-182100.95666609984,0.0,0.0
2023-11-07,0.0,0.0,0,3.1347925792869067e-19,9.096910076876156,-182100.95666609984,0.0,0.0
2023-11-08,0.0,0.0,0,6.26469972178786e-20,17.766219927388192,-182100.95666609984,0.0,0.0
2023-11-09,0.0,0.0,0,4.306088100262136e-18,13.879289322083878,-182100.95666609984,0.0,0.0
2023-11-10,0.0,0.0,0,7.07926948470951e-19,11.575612272361468,-182100.95666609984,0.0,0.0
2023-11-13,0.0,0.0,0,8.574235586067908e-20,9.356436329721873,-182100.95666609984,0.0,0.0
2023-11-14,0.0,0.0,0,7.249103855955245e-23,11.590384593439467,-182100.95666609984,0.0,0.0
2023-11-15,0.0,0.0,0,1.9600402624028096e-22,15.219934279502013,-182100.95666609984,0.0,0.0
2023-11-16,0.0,0.0,0,8.196253631447198e-22,7.202755701525348,-182100.95666609984,0.0,0.0
2023-11-17,0.0,0.0,0,3.967753957820261e-09,11.389166580458095,-182100.95666609984,0.0,0.0
2023-11-21,0.0,0.0,0,1.6692195199023646e-11,13.715505675479562,-182100.95666609984,0.0,0.0
2023-11-22,0.0,0.0,0,7.087938485814183e-11,10.282024110863858,-182100.95666609984,0.0,0.0
2023-11-24,0.0,0.0,0,0.0037721613069510223,6.558746119053922,-182100.95666609984,0.0,0.0
2023-11-27,0.0,0.0,0,0.0015877410942057918,9.757564653442387,-182100.95666609984,0.0,0.0
2023-11-28,0.0,0.0,0,0.0015687495287530658,8.491327974992146,-182100.95666609984,0.0,0.0
2023-11-29,0.0,0.0,0,0.0006931550035437406,12.202833939715674,-182100.95666609984,0.0,0.0
2023-11-30,0.0,0.0,0,-0.03849146615105032,-0.44308388193894643,-182100.95666609984,0.0,0.0
2023-12-01,0.0,0.0,0,0.0006602902039529749,12.861094966875953,-182100.95666609984,0.0,0.0
2023-12-05,0.0,0.0,0,0.0003670855971361637,6.5921516721159605,-182100.95666609984,0.0,0.0
2023-12-06,0.0,0.0,0,0.00012700596170506633,9.34711243653419,-182100.95666609984,0.0,0.0
2023-12-07,0.0,0.0,0,0.00016275650788165067,7.21370575438641,-182100.95666609984,0.0,0.0
2023-12-08,0.0,0.0,0,0.00011628819035613684,13.344681696260977,-182100.95666609984,0.0,0.0
2023-12-11,0.0,0.0,0,0.00016387358863469693,9.031016584022382,-182100.95666609984,0.0,0.0
2023-12-12,0.0,0.0,0,0.00011679983376758873,9.965195644914274,-182100.95666609984,0.0,0.0
2023-12-13,0.0,0.0,0,0.0001831076188679019,3.4738099005508047,-182100.95666609984,0.0,0.0
2023-12-14,0.0,0.0,0,1.5511390873488173e-05,15.969842881167551,-182100.95666609984,0.0,0.0
2023-12-15,0.0,0.0,0,8.877390027057553e-06,15.530495764230182,-182100.95666609984,0.0,0.0
2023-12-18,0.0,0.0,0,1.4130473591408638e-05,14.125925101615849,-182100.95666609984,0.0,0.0
2023-12-19,0.0,0.0,0,1.6369404790178714e-05,6.539628140255445,-182100.95666609984,0.0,0.0
2023-12-20,0.0,0.0,0,5.018279683615587e-06,15.71463824430839,-182100.95666609984,0.0,0.0
2023-12-21,0.0,0.0,0,9.126263413532688e-06,10.485420088373758,-182100.95666609984,0.0,0.0
2023-12-22,0.0,0.0,0,7.969320090770839e-06,8.776808107779743,-182100.95666609984,0.0,0.0
2023-12-26,0.0,0.0,0,7.500367486237908e-06,8.315746560504977,-182100.95666609984,0.0,0.0
2023-12-27,0.0,0.0,0,4.3595741375737516e-06,5.861753090394359,-182100.95666609984,0.0,0.0
2023-12-28,0.0,0.0,0,2.298404124362799e-06,11.788490317875585,-182100.95666609984,0.0,0.0
2023-12-29,0.0,0.0,0,4.47671803312411e-06,6.975891424294332,-182100.95666609984,0.0,0.0
2024-01-02,0.0,0.0,0,3.4460989969337853e-06,8.728276083438232,-182100.95666609984,0.0,0.0
2024-01-03,0.0,0.0,0,1.8980322376646956e-06,8.384961638408186,-182100.95666609984,0.0,0.0
2024-01-04,0.0,0.0,0,3.846127439664904e-06,8.749614988162648,-182100.95666609984,0.0,0.0
2024-01-05,0.0,0.0,0,1.1752972221927402e-05,6.226436099739658,-182100.95666609984,0.0,0.0
2024-01-08,0.0,0.0,0,5.891558108557123e-06,6.076596696880188,-182100.95666609984,0.0,0.0
2024-01-09,0.0,0.0,0,5.970327169162379e-06,9.311790556729193,-182100.95666609984,0.0,0.0
2024-01-10,0.0,0.0,0,1.0289337341696031e-05,4.863113338289622,-182100.95666609984,0.0,0.0
2024-01-11,0.0,0.0,0,3.68267852324023e-06,6.792028234885038,-182100.95666609984,0.0,0.0
2024-01-12,0.0,0.0,0,4.43807746242135e-06,6.497343923521839,-182100.95666609984,0.0,0.0
2024-01-16,0.0,0.0,0,5.960216532189751e-06,8.12779206718642,-182100.95666609984,0.0,0.0
2024-01-17,0.0,0.0,0,2.320956851734413e-06,10.46329506097618,-182100.95666609984,0.0,0.0
2024-01-18,0.0,0.0,0,3.882575595171625e-06,9.683731659455589,-182100.95666609984,0.0,0.0
2024-01-19,0.0,0.0,0,4.518285502490899e-06,8.428611691951573,-182100.95666609984,0.0,0.0
2024-01-22,0.0,0.0,0,1.8627191367528701e-06,7.503009046205079,-182100.95666609984,0.0,0.0
2024-01-23,0.0,0.0,0,2.3626198492568983e-06,11.361674418999428,-182100.95666609984,0.0,0.0
2024-01-24,0.0,0.0,0,1.91078319568987e-06,9.511831941902074,-182100.95666609984,0.0,0.0
2024-01-25,0.0,0.0,0,1.899963084646914e-06,8.555552778281253,-182100.95666609984,0.0,0.0
2024-01-26,0.0,0.0,0,3.7541093792882784e-06,12.234103580431565,-182100.95666609984,0.0,0.0
2024-01-29,0.0,0.0,0,1.3736899472884432e-07,15.614002082735169,-182100.95666609984,0.0,0.0
2024-01-30,0.0,0.0,0,1.6611180402292887e-07,10.450266394033406,-182100.95666609984,0.0,0.0
2024-01-31,0.0,0.0,0,1.0744605398079766e-07,10.399616639987471,-182100.95666609984,0.0,0.0
2024-02-01,0.0,0.0,0,7.900414023718632e-09,10.742099986976882,-182100.95666609984,0.0,0.0
2024-02-02,0.0,0.0,0,5.3985065996974575e-08,11.473302003699246,-182100.95666609984,0.0,0.0
2024-02-05,0.0,0.0,0,9.741356891040911e-08,8.740794861588256,-182100.95666609984,0.0,0.0
2024-02-06,0.0,0.0,0,6.234614346235704e-09,12.469538425378687,-182100.95666609984,0.0,0.0
2024-02-07,0.0,0.0,0,6.683880953399998e-09,12.87728382949399,-182100.95666609984,0.0,0.0
2024-02-08,0.0,0.0,0,1.1793038904129811e-08,16.127132889810127,-182100.95666609984,0.0,0.0
2024-02-09,0.0,0.0,0,1.7253266148623304e-08,14.41712749500266,-182100.95666609984,0.0,0.0
2024-02-12,0.0,0.0,0,1.8871242293849867e-09,10.309875804396597,-182100.95666609984,0.0,0.0
2024-02-13,0.0,0.0,0,1.9129200085093638e-09,12.482437503436813,-182100.95666609984,0.0,0.0
2024-02-14,0.0,0.0,0,2.4679177198698864e-07,10.08262045147876,-182100.95666609984,0.0,0.0
2024-02-15,0.0,0.0,0,1.0846862256283395e-07,10.662204339085747,-182100.95666609984,0.0,0.0
2024-02-16,0.0,0.0,0,8.934654060800996e-08,10.55142014888952,-182100.95666609984,0.0,0.0
2024-02-20,0.0,0.0,0,1.1775587622266805e-08,10.065011074905215,-182100.95666609984,0.0,0.0
2024-02-21,0.0,0.0,0,2.1945629050135977e-08,8.627436940725602,-182100.95666609984,0.0,0.0
2024-02-22,0.0,0.0,0,6.347077539664984e-09,6.203262226556944,-182100.95666609984,0.0,0.0
2024-02-23,0.0,0.0,0,0.0883565830115372,12.069946905440247,-182100.95666609984,0.0,0.0
2024-02-26,0.0,0.0,0,0.06798337026667829,15.807761166044202,-182100.95666609984,0.0,0.0
2024-02-27,0.0,0.0,0,0.098009204772343,9.76076120873131,-182100.95666609984,0.0,0.0
2024-02-28,0.0,0.0,0,0.09746888227608921,10.974642991282963,-182100.95666609984,0.0,0.0
2024-02-29,0.0,0.0,0,0.12238759909991749,8.049347087615843,-182100.95666609984,0.0,0.0
2024-03-01,0.0,0.0,0,0.09916682824600566,10.468985973904182,-182100.95666609984,0.0,0.0
2024-03-04,0.0,0.0,0,0.111478208086049,8.854573322406395,-182100.95666609984,0.0,0.0
2024-03-05,0.0,0.0,0,0.08694662160385212,11.45276376512038,-182100.95666609984,0.0,0.0
2024-03-06,0.0,0.0,0,0.08989009262584083,9.732998803302053,-182100.95666609984,0.0,0.0
2024-03-07,0.0,0.0,0,0.08629403173514034,10.265760951582706,-182100.95666609984,0.0,0.0
2024-03-08,0.0,0.0,0,0.054665686974949806,10.102662362782212,-182100.95666609984,0.0,0.0
2024-03-11,0.0,0.0,0,0.05830507192558889,14.282959070076231,-182100.95666609984,0.0,0.0
2024-03-12,0.0,0.0,0,0.0713328237277136,9.351742645555532,-182100.95666609984,0.0,0.0
2024-03-13,0.0,0.0,0,0.07000995302949464,10.859500056985326,-182100.95666609984,0.0,0.0
2024-03-14,0.0,0.0,0,0.07161172517159053,10.865192483952796,-182100.95666609984,0.0,0.0
2024-03-15,0.0,0.0,0,0.10925370366237089,6.713912431926019,-182100.95666609984,0.0,0.0
2024-03-18,0.0,0.0,0,0.07876751605017748,10.254226128162372,-182100.95666609984,0.0,0.0
2024-03-19,0.0,0.0,0,0.3831409805295677,9.699416954508706,-182100.95666609984,0.0,0.0
2024-03-20,0.0,0.0,0,0.06518238092426996,12.54135869685706,-182100.95666609984,0.0,0.0
2024-03-21,0.0,0.0,0,0.09249717803333117,8.74117807539642,-182100.95666609984,0.0,0.0
2024-03-22,0.0,0.0,0,0.07213449301668577,11.215571422034827,-182100.95666609984,0.0,0.0
2024-03-25,0.0,0.0,0,0.07703871975297329,10.621732767599951,-182100.95666609984,0.0,0.0
2024-03-26,0.0,0.0,0,0.09434242193857321,7.986779783142538,-182100.95666609984,0.0,0.0
2024-03-27,0.0,0.0,0,0.06715689689285544,10.832650988852038,-182100.95666609984,0.0,0.0
2024-03-28,0.0,0.0,0,0.06055646010565836,11.814717126161668,-182100.95666609984,0.0,0.0
2024-03-29,0.0,0.0,0,,13.367517126161601,-182100.95666609984,0.0,0.0
2024-04-01,0.0,0.0,0,0.08513057069214489,8.619696725610993,-182100.95666609984,0.0,0.0
2024-04-02,0.0,0.0,0,0.07243771903338038,10.119396988960489,-182100.95666609984,0.0,0.0
2024-04-03,0.0,0.0,0,0.4360872649722482,9.523876159997144,-182100.95666609984,0.0,0.0
2024-04-04,0.0,0.0,0,0.714599648269662,10.258485664499858,-182100.95666609984,0.0,0.0
2024-04-05,0.0,0.0,0,1.1814987736067728,5.3463979342027415,-182100.95666609984,0.0,0.0
2024-04-08,-15625.00513104868,15625.00513104868,1,0.07581741918693691,7.611499281552824,-197725.9617971485,-0.5000001641935578,-0.5000001641935578
2024-04-09,57174.42660073325,15625.00509665516,1,0.06894880510431364,10.029504294619983,-140551.53519641527,1.829581651223464,1.829581651223464
2024-04-10,0.0,0.0,0,0.11047829772376992,7.882986858857748,-140551.53519641527,0.0,0.0
2024-04-11,0.0,0.0,0,0.05508364744574128,11.28384395329499,-140551.53519641527,0.0,0.0
2024-04-12,0.0,0.0,0,0.13633587372012385,6.626137371938967,-140551.53519641527,0.0,0.0
2024-04-15,0.0,0.0,0,0.0900956453396663,10.97362799603252,-140551.53519641527,0.0,0.0
2024-04-16,0.0,0.0,0,0.1504000328747279,6.575143381384123,-140551.53519641527,0.0,0.0
2024-04-17,0.0,0.0,0,0.11397271706196414,7.028863134477888,-140551.53519641527,0.0,0.0
2024-04-18,0.0,0.0,0,0.07274885573662457,11.77106281001329,-140551.53519641527,0.0,0.0
2024-04-19,0.0,0.0,0,0.08093519008083974,9.725326718129963,-140551.53519641527,0.0,0.0
2024-04-22,0.0,0.0,0,0.06320110220264824,11.467584255151905,-140551.53519641527,0.0,0.0
2024-04-23,0.0,0.0,0,0.11278289373409947,6.164241081480213,-140551.53519641527,0.0,0.0
2024-04-24,0.0,0.0,0,0.0752151029982351,9.961744456912356,-140551.53519641527,0.0,0.0
2024-04-25,0.0,0.0,0,0.07177448952652524,10.192861537777162,-140551.53519641527,0.0,0.0
2024-04-26,0.0,0.0,0,0.07145024939066068,10.134086833409128,-140551.53519641527,0.0,0.0
2024-04-29,0.0,0.0,0,0.05797325610627111,8.71633694491402,-140551.53519641527,0.0,0.0
2024-04-30,0.0,0.0,0,0.07968118822165363,8.984878620354266,-140551.53519641527,0.0,0.0
2024-05-01,0.0,0.0,0,0.460458927631858,1.3675956185625182,-140551.53519641527,0.0,0.0
2024-05-02,0.0,0.0,0,0.06484698158803393,8.969673158571823,-140551.53519641527,0.0,0.0
2024-05-03,0.0,0.0,0,0.06106940851025586,9.336468620423148,-140551.53519641527,0.0,0.0
2024-05-06,0.0,0.0,0,0.05461752976935649,9.484313549876788,-140551.53519641527,0.0,0.0
2024-05-07,0.0,0.0,0,0.5946340161742972,6.924269017265033,-140551.53519641527,0.0,0.0
2024-05-08,0.0,0.0,0,0.648286114588328,6.502676301349311,-140551.53519641527,0.0,0.0
2024-05-09,0.0,0.0,0,0.5121570246666631,7.426759641129593,-140551.53519641527,0.0,0.0
2024-05-10,0.0,0.0,0,0.362286971299723,8.451964766643869,-140551.53519641527,0.0,0.0
2024-05-13,0.0,0.0,0,0.8957470484324757,5.0005906062579015,-140551.53519641527,0.0,0.0
2024-05-14,0.0,0.0,0,0.7234678732445018,5.635430981816626,-140551.53519641527,0.0,0.0
2024-05-15,0.0,0.0,0,0.48729215104369056,6.536426946381653,-140551.53519641527,0.0,0.0
2024-05-16,0.0,0.0,0,0.4561089811424619,6.748124130832821,-140551.53519641527,0.0,0.0
2024-05-17,0.0,0.0,0,0.3211307410064198,7.153233154209374,-140551.53519641527,0.0,0.0
2024-05-20,0.0,0.0,0,0.44079842052527746,5.966990187421743,-140551.53519641527,0.0,0.0
2024-05-21,0.0,0.0,0,0.0011629426335863593,8.601366353412232,-140551.53519641527,0.0,0.0
2024-05-22,0.0,0.0,0,0.0001410738852040174,8.94892082157321,-140551.53519641527,0.0,0.0
2024-05-23,0.0,0.0,0,0.0,9.227609354364631,-140551.53519641527,0.0,0.0
2024-05-24,0.0,0.0,0,0.0,6.507123334823518,-140551.53519641527,0.0,0.0
2024-05-28,0.0,0.0,0,0.7794562114243442,6.535730529633383,-140551.53519641527,0.0,0.0
2024-05-29,0.0,0.0,0,0.5795223318754148,9.895678793177012,-140551.53519641527,0.0,0.0
2024-05-30,0.0,0.0,0,0.6968538407299041,7.859631792002801,-140551.53519641527,0.0,0.0
2024-05-31,0.0,0.0,0,0.6068632076908709,9.010508403906897,-140551.53519641527,0.0,0.0
2024-06-03,0.0,0.0,0,0.8662253825108231,6.074629322965393,-140551.53519641527,0.0,0.0
2024-06-04,0.0,0.0,0,0.47497530951312633,11.554409922524428,-140551.53519641527,0.0,0.0
2024-06-05,0.0,0.0,0,1.3193716303834713,6.129752808908961,-140551.53519641527,0.0,0.0
2024-06-06,-15625.048211870168,15625.048211870168,1,0.7676663922828804,7.226032586097972,-156176.58340828543,-0.5000015427798453,-0.5000015427798453
2024-06-07,51102.46302479388,15625.047312916675,1,0.6940057166662904,7.486904208937176,-105074.12038349155,1.635278816793404,1.635278816793404
2024-06-10,0.0,0.0,0,0.6834410614369537,7.741327534892662,-105074.12038349155,0.0,0.0
2024-06-11,0.0,0.0,0,0.5709401745533697,9.11505520650735,-105074.12038349155,0.0,0.0
2024-06-12,0.0,0.0,0,-0.22114944577794318,-4.964904716340243,-105074.12038349155,0.0,0.0
2024-06-13,0.0,0.0,0,1.0458577706495844,6.622135577058543,-105074.12038349155,0.0,0.0
2024-06-14,0.0,0.0,0,0.4299190646138398,9.305470751802204,-105074.12038349155,0.0,0.0
2024-06-17,0.0,0.0,0,0.6791101870798588,7.695425613257612,-105074.12038349155,0.0,0.0
2024-06-18,0.0,0.0,0,1.59855895414899,4.794899935638114,-105074.12038349155,0.0,0.0
2024-06-20,-15625.045134208924,15625.045134208924,1,0.8540120911521389,6.035889732909709,-120699.16551770047,-0.5000014442946855,-0.5000014442946855
2024-06-21,29931.238092793115,15625.044854470774,1,0.6934075713228022,7.329114442147784,-90767.92742490736,0.9577996189693797,0.9577996189693797
2024-06-24,0.0,0.0,0,0.615985024420779,7.932793961047082,-90767.92742490736,0.0,0.0
2024-06-25,0.0,0.0,0,0.43401146740868446,11.217505047009126,-90767.92742490736,0.0,0.0
2024-06-26,0.0,0.0,0,0.9011646477333654,5.8961829461818525,-90767.92742490736,0.0,0.0
2024-06-27,0.0,0.0,0,0.887459448056309,5.972532528947795,-90767.92742490736,0.0,0.0
2024-06-28,0.0,0.0,0,1.205527565243548,4.542612645582722,-90767.92742490736,0.0,0.0
2024-07-01,-15625.045204823373,15625.045204823373,1,1.1244873995132019,4.95489602153566,-106392.97262973074,-0.500001446554348,-0.500001446554348
2024-07-02,67287.77732715123,15625.045144038757,1,0.6782249957316561,8.273072187953403,-39105.19530257951,2.1532088744688394,2.1532088744688394
2024-07-03,0.0,0.0,0,0.9013872472882148,6.056600597844408,-39105.19530257951,0.0,0.0
2024-07-05,0.0,0.0,0,0.8217100950489337,6.116699635891564,-39105.19530257951,0.0,0.0
2024-07-08,0.0,0.0,0,0.868236610908355,5.293524157294087,-39105.19530257951,0.0,0.0
2024-07-09,0.0,0.0,0,0.6062441747956099,7.407479019095717,-39105.19530257951,0.0,0.0
2024-07-10,0.0,0.0,0,0.671763159516833,6.423403000657345,-39105.19530257951,0.0,0.0
2024-07-11,0.0,0.0,0,0.8398704893568795,4.930426784330848,-39105.19530257951,0.0,0.0
2024-07-12,0.0,0.0,0,0.463876213844354,8.51216429343458,-39105.19530257951,0.0,0.0
2024-07-15,0.0,0.0,0,0.6568828370041139,6.050138287400841,-39105.19530257951,0.0,0.0
2024-07-16,0.0,0.0,0,0.8162709249334036,4.7688215436683095,-39105.19530257951,0.0,0.0
2024-07-17,0.0,0.0,0,1.667209734203387,2.3477530014215517,-39105.19530257951,0.0,0.0
2024-07-18,-15625.032175427708,15625.032175427708,1,0.9260313593679653,3.825449695214502,-54730.22747800722,-0.5000010296136866,-0.5000010296136866
2024-07-19,44269.91346072982,15625.031768657198,1,0.38951648246781406,5.324511221176181,-10460.3140172774,1.4166372307433541,1.4166372307433541
2024-07-22,0.0,0.0,0,0.47085244043625274,7.3463478171447605,-10460.3140172774,0.0,0.0
2024-07-23,0.0,0.0,0,0.6512505537085392,5.582163726910039,-10460.3140172774,0.0,0.0
2024-07-24,0.0,0.0,0,0.18891794972716486,10.027259549364317,-10460.3140172774,0.0,0.0
2024-07-25,0.0,0.0,0,0.8151788930607239,4.8484556672456165,-10460.3140172774,0.0,0.0
2024-07-26,0.0,0.0,0,0.48650682965613373,8.179148232732132,-10460.3140172774,0.0,0.0
2024-07-29,0.0,0.0,0,0.20653837742286682,10.615566833590037,-10460.3140172774,0.0,0.0
2024-07-30,0.0,0.0,0,0.5942901960566531,6.343175182856612,-10460.3140172774,0.0,0.0
2024-07-31,0.0,0.0,0,0.34696915968142666,11.544378083623997,-10460.3140172774,0.0,0.0
2024-08-01,0.0,0.0,0,0.553560903239924,6.908250053687425,-10460.3140172774,0.0,0.0
2024-08-02,0.0,0.0,0,0.3685773581955357,10.648620770938578,-10460.3140172774,0.0,0.0
2024-08-05,0.0,0.0,0,0.39356769321143564,8.460028076628987,-10460.3140172774,0.0,0.0
2024-08-06,0.0,0.0,0,1.0215211216937379,4.543186812423301,-10460.3140172774,0.0,0.0
2024-08-07,0.0,0.0,0,0.5493685746770736,4.780374915813809,-10460.3140172774,0.0,0.0
2024-08-08,0.0,0.0,0,0.43120910876170093,4.408445268368268,-10460.3140172774,0.0,0.0
2024-08-09,0.0,0.0,0,1.0738696050866516,2.7926563337882726,-10460.3140172774,0.0,0.0
2024-08-12,0.0,0.0,0,0.567689970799483,4.179181759540825,-10460.3140172774,0.0,0.0
2024-08-13,0.0,0.0,0,0.0660234726801091,6.999652550769042,-10460.3140172774,0.0,0.0
2024-08-14,0.0,0.0,0,1.1564957065007067,1.680691716259389,-10460.3140172774,0.0,0.0
2024-08-15,-15625.002032487168,15625.002032487168,1,0.03265499310006745,7.21858980457182,-26085.316049764566,-0.5000000650395894,-0.5000000650395894
2024-08-16,-72890.40313101286,15625.002009018974,1,0.0058287526274967034,5.4102703913818,-98975.71918077744,-2.3324929001924115,-2.3324929001924115
2024-08-19,0.0,0.0,0,0.0003477980124358187,8.141197656155782,-98975.71918077744,0.0,0.0
2024-08-20,0.0,0.0,0,0.0001708231838473754,5.999846938616884,-98975.71918077744,0.0,0.0
2024-08-21,0.0,0.0,0,0.009798643668914387,1.8108082892931634,-98975.71918077744,0.0,0.0
2024-08-22,0.0,0.0,0,0.001137715466800289,7.543395136200161,-98975.71918077744,0.0,0.0
2024-08-23,0.0,0.0,0,0.0019750645910145263,5.7941985496563575,-98975.71918077744,0.0,0.0
2024-08-26,0.0,0.0,0,-0.7104387246961952,-3.405859188831073,-98975.71918077744,0.0,0.0
2024-08-27,0.0,0.0,0,-2.812392141466423,-0.8824907352036462,-98975.71918077744,0.0,0.0
2024-08-28,0.0,0.0,0,-2.20026497795964,-1.1292959601282746,-98975.71918077744,0.0,0.0
2024-08-29,0.0,0.0,0,-0.6913257198808022,-3.0112118548890976,-98975.71918077744,0.0,0.0
2024-08-30,0.0,0.0,0,-1.8927196469576408,-1.3351099898923167,-98975.71918077744,0.0,0.0
2024-09-03,0.0,0.0,0,7.03513470670418,0.337777591563281,-98975.71918077744,0.0,0.0
2024-09-04,0.0,0.0,0,1.693067154602049,1.32797764206407,-98975.71918077744,0.0,0.0
2024-09-05,-15625.018183816264,15625.018183816264,1,-1.3951158932182182,-1.6463136393490458,-114600.7373645937,-0.5000005818821205,-0.5000005818821205
2024-09-06,-149911.64029014274,15625.018127740128,1,-0.38818531565219133,-5.976157016830712,-264512.37765473645,-4.797172489284567,-4.797172489284567
2024-09-09,0.0,0.0,0,-0.7033620314176798,-3.0947979164952812,-264512.37765473645,0.0,0.0
2024-09-10,0.0,0.0,0,-0.3648559883741946,-5.474808259489691,-264512.37765473645,0.0,0.0
2024-09-11,0.0,0.0,0,-1.8320724218043474,-1.155959031002567,-264512.37765473645,0.0,0.0
2024-09-12,0.0,0.0,0,-2.392929862546598,-0.8997954107921942,-264512.37765473645,0.0,0.0
2024-09-13,0.0,0.0,0,-0.4759659064212056,-4.439241558085541,-264512.37765473645,0.0,0.0
2024-09-16,0.0,0.0,0,-2.6399739325416967,-0.7821139465813758,-264512.37765473645,0.0,0.0
2024-09-17,0.0,0.0,0,-4.905899044613542,-0.42273914569523185,-264512.37765473645,0.0,0.0
2024-09-18,0.0,0.0,0,-0.20158247098863646,-10.054107473420117,-264512.37765473645,0.0,0.0
2024-09-19,0.0,0.0,0,0.4390067391849221,4.78036617395037,-264512.37765473645,0.0,0.0
2024-09-20,0.0,0.0,0,0.6553563273436928,2.7397959947775234,-264512.37765473645,0.0,0.0
2024-09-23,0.0,0.0,0,-0.9534647690993343,-1.7579702761895533,-264512.37765473645,0.0,0.0
2024-09-24,0.0,0.0,0,0.6668121248640558,2.5017950019991986,-264512.37765473645,0.0,0.0
2024-09-25,0.0,0.0,0,1.3949988253090733,1.345049158871916,-264512.37765473645,0.0,0.0
2024-09-26,-15625.0165785072,15625.0165785072,1,-31.51590709163674,-0.0612032990688931,-280137.39423324366,-0.5000005305122304,-0.5000005305122304
2024-09-27,50304.91751741678,15625.016188009578,1,0.8300973224113882,2.0967754770972533,-229832.47671582687,1.609757360557337,1.609757360557337
2024-09-30,0.0,0.0,0,-2.6572521872987713,-0.6160290901871122,-229832.47671582687,0.0,0.0
2024-10-01,0.0,0.0,0,0.8847218847001658,1.9587434436016338,-229832.47671582687,0.0,0.0
2024-10-02,0.0,0.0,0,-0.8451768350669435,-2.4635063968935356,-229832.47671582687,0.0,0.0
2024-10-04,0.0,0.0,0,1.3560731718973473,1.309231916774479,-229832.47671582687,0.0,0.0
2024-10-10,0.0,0.0,0,0.47042334262146934,4.075700303466874,-229832.47671582687,0.0,0.0
2024-10-11,0.0,0.0,0,-2.0406021772025147,-0.9136175781391103,-229832.47671582687,0.0,0.0
2024-10-15,0.0,0.0,0,0.20070502584849612,9.3196041423721,-229832.47671582687,0.0,0.0
2024-10-16,0.0,0.0,0,0.9237084139736226,2.100101641186029,-229832.47671582687,0.0,0.0
2024-10-17,0.0,0.0,0,0.35517838074560804,5.7095228351054175,-229832.47671582687,0.0,0.0
2024-10-18,0.0,0.0,0,0.8418612377081794,2.3041344942753312,-229832.47671582687,0.0,0.0
2024-10-21,0.0,0.0,0,1.0558799144153537,2.1101015762110364,-229832.47671582687,0.0,0.0
2024-10-22,0.0,0.0,0,0.5506453969003119,4.587549032480638,-229832.47671582687,0.0,0.0
2024-10-23,0.0,0.0,0,0.3517508860647175,6.77145581428249,-229832.47671582687,0.0,0.0
2024-10-24,0.0,0.0,0,0.5597069481622158,4.388031336287895,-229832.47671582687,0.0,0.0
2024-10-25,0.0,0.0,0,16.057901081126964,0.1393554889286861,-229832.47671582687,0.0,0.0
2024-10-28,0.0,0.0,0,0.5180427626528253,4.267853119111351,-229832.47671582687,0.0,0.0
2024-10-29,0.0,0.0,0,0.669298704549204,3.302947437538478,-229832.47671582687,0.0,0.0
2024-10-30,0.0,0.0,0,-1.2270407728788584,-1.702448453751913,-229832.47671582687,0.0,0.0
2024-10-31,0.0,0.0,0,0.2388676607399644,9.103682498809576,-229832.47671582687,0.0,0.0
2024-11-01,0.0,0.0,0,0.6343817363554292,4.085778930230845,-229832.47671582687,0.0,0.0
2024-11-04,0.0,0.0,0,0.3713310962582973,6.2669195695748385,-229832.47671582687,0.0,0.0
2024-11-05,0.0,0.0,0,0.2342678201410786,9.133898561891328,-229832.47671582687,0.0,0.0
2024-11-06,0.0,0.0,0,0.6753113388530746,2.272071779215821,-229832.47671582687,0.0,0.0
2024-11-07,0.0,0.0,0,0.11353579516103005,12.095963403364294,-229832.47671582687,0.0,0.0
2024-11-08,0.0,0.0,0,0.24413469739758153,5.371004469941909,-229832.47671582687,0.0,0.0
2024-11-12,0.0,0.0,0,0.6928247852612914,1.9300440934844119,-229832.47671582687,0.0,0.0
2024-11-13,0.0,0.0,0,0.1312446591368711,5.328251872519559,-229832.47671582687,0.0,0.0
2024-11-14,0.0,0.0,0,0.40834095165304685,11.850230887755515,-229832.47671582687,0.0,0.0
2024-11-15,0.0,0.0,0,0.24414343986974368,3.7083982918929905,-229832.47671582687,0.0,0.0
2024-11-18,0.0,0.0,0,0.12333049297157428,4.555003005962135,-229832.47671582687,0.0,0.0
2024-11-19,0.0,0.0,0,0.20882300382440747,3.852541422559625,-229832.47671582687,0.0,0.0
2024-11-20,0.0,0.0,0,0.14776395383942975,7.2285977432939035,-229832.47671582687,0.0,0.0
2024-11-21,0.0,0.0,0,0.0917429225817102,9.597480096905656,-229832.47671582687,0.0,0.0
2024-11-22,0.0,0.0,0,0.05412146108852778,8.082833744951131,-229832.47671582687,0.0,0.0
2024-11-25,0.0,0.0,0,0.6769013248271057,2.593480109202119,-229832.47671582687,0.0,0.0
2024-11-26,0.0,0.0,0,-7.90831241778187,-0.24979696354466796,-229832.47671582687,0.0,0.0
2024-11-27,0.0,0.0,0,-1.2796109975385979,-1.497079427083463,-229832.47671582687,0.0,0.0
2024-11-29,0.0,0.0,0,0.0017774106025395305,1.370278103478995,-229832.47671582687,0.0,0.0
2024-12-02,0.0,0.0,0,0.6499728478617846,2.7063989266653152,-229832.47671582687,0.0,0.0
2024-12-03,0.0,0.0,0,-1.6974207606393512,-0.9008505299657372,-229832.47671582687,0.0,0.0
2024-12-04,0.0,0.0,0,2.8102975385001803,0.438432814423777,-229832.47671582687,0.0,0.0
2024-12-05,0.0,0.0,0,0.24575863224958724,5.852057888674153,-229832.47671582687,0.0,0.0
2024-12-06,0.0,0.0,0,-2.6727885553862,-0.42503229361000194,-229832.47671582687,0.0,0.0
2024-12-09,0.0,0.0,0,0.4058109099150849,3.2122087763477793,-229832.47671582687,0.0,0.0
2024-12-10,0.0,0.0,0,0.5827665404146676,2.1203789080109345,-229832.47671582687,0.0,0.0
2024-12-11,0.0,0.0,0,0.3612254478534831,3.620893838786742,-229832.47671582687,0.0,0.0
2024-12-12,0.0,0.0,0,1.0696781766193073,1.1555059008442186,-229832.47671582687,0.0,0.0
2024-12-13,0.0,0.0,0,0.6107295392949473,1.9702754541372087,-229832.47671582687,0.0,0.0
2024-12-16,0.0,0.0,0,0.152377058544826,8.15083450112661,-229832.47671582687,0.0,0.0
2024-12-17,0.0,0.0,0,-1.0106491881284794,-1.1235096488599083,-229832.47671582687,0.0,0.0
2024-12-18,0.0,0.0,0,0.1726507366189708,4.448924948179865,-229832.47671582687,0.0,0.0
2024-12-19,0.0,0.0,0,0.1965962396794979,2.8996771468009683,-229832.47671582687,0.0,0.0
2024-12-20,0.0,0.0,0,0.2213093363690004,5.766037472888456,-229832.47671582687,0.0,0.0
2024-12-23,0.0,0.0,0,0.17520106437557337,5.313781283606659,-229832.47671582687,0.0,0.0
2024-12-24,0.0,0.0,0,0.08442571300904185,4.271137095959148,-229832.47671582687,0.0,0.0
2024-12-26,0.0,0.0,0,0.12763643606095326,3.9230385679466053,-229832.47671582687,0.0,0.0
2024-12-27,0.0,0.0,0,0.40934142202532986,1.0124562537430393,-229832.47671582687,0.0,0.0
2024-12-30,0.0,0.0,0,0.20733248767410975,2.8012844169952587,-229832.47671582687,0.0,0.0
2024-12-31,0.0,0.0,0,0.08914011400407847,5.4437408061057795,-229832.47671582687,0.0,0.0
2025-01-02,0.0,0.0,0,0.08996829183960171,7.787715502426636,-229832.47671582687,0.0,0.0
2025-01-03,0.0,0.0,0,0.06499785704121647,3.05934882194515,-229832.47671582687,0.0,0.0
2025-01-06,0.0,0.0,0,-0.41432545049578157,-0.7178884711065621,-229832.47671582687,0.0,0.0
2025-01-07,0.0,0.0,0,0.007361963625142743,5.199057004531824,-229832.47671582687,0.0,0.0
2025-01-08,0.0,0.0,0,0.007792400373149625,8.537940577502013,-229832.47671582687,0.0,0.0
2025-01-09,0.0,0.0,0,0.13860029586335282,4.80952329721913,-229832.47671582687,0.0,0.0
2025-01-10,0.0,0.0,0,0.05895997790686031,5.148354068790013,-229832.47671582687,0.0,0.0
2025-01-13,0.0,0.0,0,0.045217863937098396,13.306657606256067,-229832.47671582687,0.0,0.0
2025-01-14,0.0,0.0,0,0.11357470682208877,6.12798539902451,-229832.47671582687,0.0,0.0
2025-01-15,0.0,0.0,0,0.0853878912052256,6.523318251915953,-229832.47671582687,0.0,0.0
2025-01-16,0.0,0.0,0,0.11798177509513984,7.972602510503748,-229832.47671582687,0.0,0.0
2025-01-17,0.0,0.0,0,0.16169223902832355,5.8541946272066525,-229832.47671582687,0.0,0.0
2025-01-21,0.0,0.0,0,0.10022002724904855,7.978694280245691,-229832.47671582687,0.0,0.0
2025-01-22,0.0,0.0,0,0.24040329201381197,4.093146268834516,-229832.47671582687,0.0,0.0
2025-01-23,0.0,0.0,0,0.14123655668771032,6.610707233195171,-229832.47671582687,0.0,0.0
2025-01-24,0.0,0.0,0,0.1246044355453297,4.476135125763449,-229832.47671582687,0.0,0.0
2025-01-27,0.0,0.0,0,0.07278364382553092,8.283699792479183,-229832.47671582687,0.0,0.0
2025-01-28,0.0,0.0,0,0.08102425222106623,5.5395028604134495,-229832.47671582687,0.0,0.0
2025-01-29,0.0,0.0,0,0.06508791546276917,5.0267455001762755,-229832.47671582687,0.0,0.0
2025-01-30,0.0,0.0,0,0.15445540025287735,5.669733051941421,-229832.47671582687,0.0,0.0
2025-01-31,0.0,0.0,0,-0.11570710541733427,-1.5072255159616361,-229832.47671582687,0.0,0.0
2025-02-03,0.0,0.0,0,0.05264859081605302,6.155725314145002,-229832.47671582687,0.0,0.0
2025-02-04,0.0,0.0,0,0.24588299992265042,2.4918857230477442,-229832.47671582687,0.0,0.0
2025-02-05,0.0,0.0,0,0.15247485091316074,6.158433549083384,-229832.47671582687,0.0,0.0
2025-02-06,0.0,0.0,0,0.20252192027026514,3.3268221482921945,-229832.47671582687,0.0,0.0
2025-02-07,0.0,0.0,0,0.3001320468932295,1.0531671826583988,-229832.47671582687,0.0,0.0
2025-02-10,0.0,0.0,0,0.20337131968716962,2.3098324666198096,-229832.47671582687,0.0,0.0
2025-02-11,0.0,0.0,0,0.03389062174912376,4.5639197041141415,-229832.47671582687,0.0,0.0
2025-02-12,0.0,0.0,0,0.07515288306860375,5.786881661395455,-229832.47671582687,0.0,0.0
2025-02-13,0.0,0.0,0,0.0969609273507181,4.129218797669637,-229832.47671582687,0.0,0.0
2025-02-14,0.0,0.0,0,0.14264034493224476,4.043415502035714,-229832.47671582687,0.0,0.0
2025-02-18,0.0,0.0,0,-0.40597510854439584,-1.502772340667434,-229832.47671582687,0.0,0.0
2025-02-19,0.0,0.0,0,0.07536487680566509,6.47476720876557,-229832.47671582687,0.0,0.0
2025-02-20,0.0,0.0,0,0.32261316928629796,2.332147560185149,-229832.47671582687,0.0,0.0
2025-02-21,0.0,0.0,0,0.20895984369243514,4.037885795434704,-229832.47671582687,0.0,0.0
2025-02-25,0.0,0.0,0,0.5092514045914527,3.644982689806966,-229832.47671582687,0.0,0.0
2025-02-26,0.0,0.0,0,0.418841527535185,4.423426139562707,-229832.47671582687,0.0,0.0
2025-02-27,0.0,0.0,0,-9.743491937187924,-0.21593471222286098,-229832.47671582687,0.0,0.0
2025-02-28,0.0,0.0,0,0.4540462355740092,4.0067295022149665,-229832.47671582687,0.0,0.0
2025-03-03,0.0,0.0,0,0.19816600530923414,9.923714294995989,-229832.47671582687,0.0,0.0
2025-03-04,0.0,0.0,0,-0.406427274807763,-4.358968609870772,-229832.47671582687,0.0,0.0
2025-03-05,0.0,0.0,0,-0.4264786825351321,-4.353419959061739,-229832.47671582687,0.0,0.0
2025-03-06,0.0,0.0,0,2.934145827128238,0.577543054808757,-229832.47671582687,0.0,0.0
2025-03-07,0.0,0.0,0,1.0366300481316384,1.5509302886794103,-229832.47671582687,0.0,0.0
2025-03-10,0.0,0.0,0,52.930171491110144,0.03699868359854008,-229832.47671582687,0.0,0.0
2025-03-11,0.0,0.0,0,0.300755390398223,6.0998040418598976,-229832.47671582687,0.0,0.0
2025-03-12,0.0,0.0,0,2.9195801160150765,0.6410288693382427,-229832.47671582687,0.0,0.0
2025-03-13,0.0,0.0,0,0.4227039734032309,4.514315720990908,-229832.47671582687,0.0,0.0
2025-03-14,0.0,0.0,0,-2.306964884980486,-0.7470322274953105,-229832.47671582687,0.0,0.0
2025-03-17,0.0,0.0,0,-3.3164795282324144,-0.434479674288923,-229832.47671582687,0.0,0.0
2025-03-18,0.0,0.0,0,0.7942246152338287,1.964536456310725,-229832.47671582687,0.0,0.0
2025-03-19,0.0,0.0,0,0.21719791405976918,6.951921231042434,-229832.47671582687,0.0,0.0
2025-03-20,0.0,0.0,0,0.3036843258812031,5.294588672810278,-229832.47671582687,0.0,0.0
2025-03-21,0.0,0.0,0,0.37017187040446037,3.9552197887583134,-229832.47671582687,0.0,0.0
2025-03-24,0.0,0.0,0,-2.643935002117186,-0.5133630865343548,-229832.47671582687,0.0,0.0
2025-03-25,0.0,0.0,0,0.33440131808959817,4.318181769870989,-229832.47671582687,0.0,0.0
2025-03-26,0.0,0.0,0,-3.745132282913649,-0.3761089157433162,-229832.47671582687,0.0,0.0
2025-03-27,0.0,0.0,0,0.5064774943717614,2.9769235710509747,-229832.47671582687,0.0,0.0
2025-03-28,0.0,0.0,0,1.2809242342950358,1.1394056074495893,-229832.47671582687,0.0,0.0
2025-03-31,-15625.014271518205,15625.014271518205,1,0.13077867602620905,12.571203422451617,-245457.49098734508,-0.5000004566885825,-0.5000004566885825
2025-04-01,-397887.7752806442,0.0,1,4.349886949748119,0.42334087619701677,-643345.2662679893,-12.732408808980614,-12.732408808980614
2025-04-02,120136.61202309662,15625.014156560785,1,0.3602325588276055,4.38408790764106,-523208.65424489265,3.844371584739092,3.844371584739092
2025-04-03,0.0,0.0,0,2.7783637182312897,0.6055324374010524,-523208.65424489265,0.0,0.0
2025-04-04,0.0,0.0,0,-0.3883859001111785,-5.675417125004515,-523208.65424489265,0.0,0.0
2025-04-07,0.0,0.0,0,0.2484997959787901,8.959558484672016,-523208.65424489265,0.0,0.0
2025-04-08,0.0,0.0,0,2.638455200844621,0.8278525466698738,-523208.65424489265,0.0,0.0
2025-04-09,0.0,0.0,0,0.07064141313369139,26.616061778085623,-523208.65424489265,0.0,0.0
2025-04-10,0.0,0.0,0,-0.26239364736029,-5.277786981618647,-523208.65424489265,0.0,0.0
2025-04-11,0.0,0.0,0,0.22225820008515987,9.987991864183641,-523208.65424489265,0.0,0.0
2025-04-14,0.0,0.0,0,-1.4829041023833083,-1.5277622413827885,-523208.65424489265,0.0,0.0
2025-04-15,0.0,0.0,0,-1.9224496523038992,-0.9599596650500644,-523208.65424489265,0.0,0.0
2025-04-16,0.0,0.0,0,1.033584905869093,1.4686002422213278,-523208.65424489265,0.0,0.0
2025-04-17,0.0,0.0,0,0.1885433828695137,8.908523712840633,-523208.65424489265,0.0,0.0
2025-04-18,0.0,0.0,0,,9.641723712840758,-523208.65424489265,0.0,0.0
2025-04-21,0.0,0.0,0,0.5172582974793583,2.6985904990983727,-523208.65424489265,0.0,0.0
2025-04-22,0.0,0.0,0,3.832429955259221,0.393589053226151,-523208.65424489265,0.0,0.0
2025-04-23,0.0,0.0,0,-3.262234014824482,-0.4150567026154022,-523208.65424489265,0.0,0.0
2025-04-24,0.0,0.0,0,-2.8716379844044844,-0.5343027945373251,-523208.65424489265,0.0,0.0
2025-04-25,0.0,0.0,0,3.5174781233308363,0.390234175009482,-523208.65424489265,0.0,0.0
2025-04-28,0.0,0.0,0,0.5347130754655429,2.462765795615269,-523208.65424489265,0.0,0.0
2025-04-29,0.0,0.0,0,0.5975063923299517,2.5916609413825427,-523208.65424489265,0.0,0.0
2025-04-30,0.0,0.0,0,0.18542261721501627,7.993457848618618,-523208.65424489265,0.0,0.0
2025-05-01,0.0,0.0,0,-5.203674369611931,-0.25373853677865554,-523208.65424489265,0.0,0.0
2025-05-02,0.0,0.0,0,0.8564824877685006,1.6029901071451604,-523208.65424489265,0.0,0.0
2025-05-05,0.0,0.0,0,2.808453780731348,0.4839863042579964,-523208.65424489265,0.0,0.0
2025-05-06,0.0,0.0,0,2.0457767227649617,0.6170085449189173,-523208.65424489265,0.0,0.0
2025-05-07,0.0,0.0,0,0.7204134596311329,1.7094053108371554,-523208.65424489265,0.0,0.0
2025-05-08,0.0,0.0,0,-0.56395389306122,-2.4234766090708035,-523208.65424489265,0.0,0.0
2025-05-09,0.0,0.0,0,-1.2764189870519504,-0.9040524842889681,-523208.65424489265,0.0,0.0
2025-05-12,0.0,0.0,0,0.9995191513777812,1.3732659768002122,-523208.65424489265,0.0,0.0
2025-05-13,0.0,0.0,0,0.15104430793897883,6.395748956357693,-523208.65424489265,0.0,0.0
2025-05-14,0.0,0.0,0,0.6715580369722637,1.8868104022099033,-523208.65424489265,0.0,0.0
2025-05-15,0.0,0.0,0,0.18453375342135062,5.744311704934262,-523208.65424489265,0.0,0.0
2025-05-16,0.0,0.0,0,0.44782504567358156,2.3668154169954505,-523208.65424489265,0.0,0.0
2025-05-19,0.0,0.0,0,0.1335193270243879,9.13575170707918,-523208.65424489265,0.0,0.0
2025-05-20,0.0,0.0,0,0.3006792464723353,3.57025430810927,-523208.65424489265,0.0,0.0
2025-05-21,0.0,0.0,0,0.13390905184212737,8.038426406940744,-523208.65424489265,0.0,0.0
2025-05-22,0.0,0.0,0,0.07467937372992477,8.298195640751146,-523208.65424489265,0.0,0.0
2025-05-23,0.0,0.0,0,0.08495790525881566,5.62021359301707,-523208.65424489265,0.0,0.0
2025-05-27,0.0,0.0,0,-1.8575568971288245,-1.0019895437321793,-523208.65424489265,0.0,0.0
2025-05-28,0.0,0.0,0,0.3104460620583102,6.464919192633715,-523208.65424489265,0.0,0.0
2025-05-29,0.0,0.0,0,0.6349188925944568,3.236444679208944,-523208.65424489265,0.0,0.0
2025-05-30,0.0,0.0,0,0.24228808127424856,6.939894697109139,-523208.65424489265,0.0,0.0
2025-06-02,0.0,0.0,0,0.2783964925170534,5.283847907097879,-523208.65424489265,0.0,0.0
2025-06-03,0.0,0.0,0,0.7334065288473632,2.0665689951506465,-523208.65424489265,0.0,0.0
2025-06-04,0.0,0.0,0,0.4714680350344245,2.751514941865935,-523208.65424489265,0.0,0.0
2025-06-05,0.0,0.0,0,0.43842043243851714,3.1200710655562034,-523208.65424489265,0.0,0.0
2025-06-06,0.0,0.0,0,-1.447944804819184,-0.9567632642119861,-523208.65424489265,0.0,0.0
2025-06-09,0.0,0.0,0,0.4434818034073629,3.6726533718133396,-523208.65424489265,0.0,0.0
2025-06-10,0.0,0.0,0,0.29573719894238926,5.7450129237154215,-523208.65424489265,0.0,0.0
2025-06-11,0.0,0.0,0,0.8681231621395147,1.9225806873128022,-523208.65424489265,0.0,0.0
2025-06-12,0.0,0.0,0,0.36826441411925886,4.637998628019886,-523208.65424489265,0.0,0.0
2025-06-13,0.0,0.0,0,0.4156072738095726,4.399855193358235,-523208.65424489265,0.0,0.0
2025-06-16,0.0,0.0,0,0.4588096224501479,3.772650224068002,-523208.65424489265,0.0,0.0
2025-06-17,0.0,0.0,0,0.3188308424182174,5.900705993705287,-523208.65424489265,0.0,0.0
2025-06-18,0.0,0.0,0,0.16067404110317557,11.388772655897355,-523208.65424489265,0.0,0.0
2025-06-20,0.0,0.0,0,0.5550538087974246,2.9807048217217016,-523208.65424489265,0.0,0.0
2025-06-23,0.0,0.0,0,-1.977921064184563,-0.8729418591537979,-523208.65424489265,0.0,0.0
2025-06-24,0.0,0.0,0,0.6999161904148993,2.658651794789421,-523208.65424489265,0.0,0.0
2025-06-25,0.0,0.0,0,0.24694842585037277,6.417163786914898,-523208.65424489265,0.0,0.0
2025-06-26,0.0,0.0,0,0.5860775490136082,2.725768800863534,-523208.65424489265,0.0,0.0
2025-06-27,0.0,0.0,0,0.44569331689510444,3.844472992931969,-523208.65424489265,0.0,0.0
2025-06-30,0.0,0.0,0,1.723973952213256,0.9732747333769112,-523208.65424489265,0.0,0.0
2025-07-01,0.0,0.0,0,0.4210188691106923,3.371253300972512,-523208.65424489265,0.0,0.0
2025-07-02,0.0,0.0,0,1.1123363362738832,1.4302769513806197,-523208.65424489265,0.0,0.0
2025-07-03,-15625.012821193772,15625.012821193772,1,2.5545318703869317,0.5219997849462743,-538833.6670660864,-0.5000004102782007,-0.5000004102782007
2025-07-07,151290.97736351666,15625.012404367597,1,0.2217748732608659,5.566653998689617,-387542.68970256974,4.841311275632533,4.841311275632533
2025-07-08,0.0,0.0,0,0.22654455407910062,4.448497852556557,-387542.68970256974,0.0,0.0
2025-07-09,0.0,0.0,0,0.2076933040079926,5.902692492691585,-387542.68970256974,0.0,0.0
2025-07-10,0.0,0.0,0,0.39977736400725034,3.021851674586742,-387542.68970256974,0.0,0.0
2025-07-11,0.0,0.0,0,9.403165680221603,0.1026094350954736,-387542.68970256974,0.0,0.0
2025-07-14,0.0,0.0,0,0.3241289273557552,4.2567573485816865,-387542.68970256974,0.0,0.0
2025-07-15,0.0,0.0,0,0.29202083415917507,4.433324054210971,-387542.68970256974,0.0,0.0
2025-07-16,0.0,0.0,0,0.22379763492936788,4.761049253564124,-387542.68970256974,0.0,0.0
2025-07-17,0.0,0.0,0,0.24263463374214808,4.033575349493276,-387542.68970256974,0.0,0.0
2025-07-18,0.0,0.0,0,0.19799270921085996,4.299072036255893,-387542.68970256974,0.0,0.0
2025-07-21,0.0,0.0,0,0.36423284122692606,3.276956888506902,-387542.68970256974,0.0,0.0
2025-07-22,0.0,0.0,0,0.6009075035486249,1.9708896051893134,-387542.68970256974,0.0,0.0
2025-07-23,0.0,0.0,0,0.30209571867377516,3.4197591033153003,-387542.68970256974,0.0,0.0
2025-07-24,0.0,0.0,0,2.7420737729005404,0.4010373401788456,-387542.68970256974,0.0,0.0
2025-07-25,0.0,0.0,0,0.24308304992962307,4.2706499633573,-387542.68970256974,0.0,0.0
2025-07-28,0.0,0.0,0,0.2572563498008417,3.8668609878636744,-387542.68970256974,0.0,0.0
2025-07-29,0.0,0.0,0,0.2320196391174266,4.548218015509519,-387542.68970256974,0.0,0.0
2025-07-30,0.0,0.0,0,0.10568753500198781,9.617752021470096,-387542.68970256974,0.0,0.0
2025-07-31,0.0,0.0,0,0.377983057181376,2.380831234042944,-387542.68970256974,0.0,0.0
2025-08-01,0.0,0.0,0,0.28612302216542934,3.449504048025119,-387542.68970256974,0.0,0.0
2025-08-04,0.0,0.0,0,1.198585067740005,0.8045533728541159,-387542.68970256974,0.0,0.0
2025-08-05,0.0,0.0,0,-0.6966166433974406,-1.3599749398622407,-387542.68970256974,0.0,0.0
2025-08-06,0.0,0.0,0,0.22198636783799805,3.8809496845692593,-387542.68970256974,0.0,0.0
2025-08-07,0.0,0.0,0,0.8218343179053911,1.0697140243132708,-387542.68970256974,0.0,0.0
2025-08-08,0.0,0.0,0,0.6056380756817614,1.2175020683084767,-387542.68970256974,0.0,0.0
2025-08-11,0.0,0.0,0,0.4042321829230741,1.9962558326728868,-387542.68970256974,0.0,0.0
2025-08-12,0.0,0.0,0,0.22489684500080384,3.2031267407114683,-387542.68970256974,0.0,0.0
2025-08-13,0.0,0.0,0,0.26798346287618785,2.8023292513048546,-387542.68970256974,0.0,0.0
2025-08-14,0.0,0.0,0,0.2266058721764457,3.333221779397263,-387542.68970256974,0.0,0.0
2025-08-15,0.0,0.0,0,0.3562639998923423,1.8175098759493267,-387542.68970256974,0.0,0.0
2025-08-18,0.0,0.0,0,0.4657153942363389,1.8338706791068944,-387542.68970256974,0.0,0.0
2025-08-19,0.0,0.0,0,0.22911532332766327,3.4730457145442415,-387542.68970256974,0.0,0.0
2025-08-20,0.0,0.0,0,0.08612774579005116,7.515373017937691,-387542.68970256974,0.0,0.0
2025-08-21,0.0,0.0,0,0.28396161716474955,2.3964574410297246,-387542.68970256974,0.0,0.0
2025-08-22,0.0,0.0,0,0.1252039471921067,4.623176133583911,-387542.68970256974,0.0,0.0
2025-08-25,0.0,0.0,0,-2.7631876714479335,-0.5723806589212472,-387542.68970256974,0.0,0.0
2025-08-26,0.0,0.0,0,0.4814102743891965,2.90807284884022,-387542.68970256974,0.0,0.0
2025-08-27,0.0,0.0,0,0.8683347452041321,1.5043933646129517,-387542.68970256974,0.0,0.0
2025-08-28,0.0,0.0,0,1.5406854908565921,1.0293793409427963,-387542.68970256974,0.0,0.0
2025-08-29,-15625.012897508626,15625.012897508626,1,0.5789224592486245,2.2231844046063998,-403167.70260007837,-0.5000004127202761,-0.5000004127202761
2025-09-02,-39841.42167779192,15625.01260148331,1,0.9828709790836485,1.2928037178830891,-443009.1242778703,-1.2749254936893415,-1.2749254936893415
2025-09-03,0.0,0.0,0,5.795561210973204,0.18699309406747489,-443009.1242778703,0.0,0.0
2025-09-04,0.0,0.0,0,0.18673060818572812,8.15820794818137,-443009.1242778703,0.0,0.0
2025-09-05,0.0,0.0,0,0.5981282154425512,2.4064180218138063,-443009.1242778703,0.0,0.0
2025-09-08,0.0,0.0,0,0.4051599675634773,3.3144125771891595,-443009.1242778703,0.0,0.0
2025-09-09,0.0,0.0,0,1.1067902767231181,1.4380753772634307,-443009.1242778703,0.0,0.0
2025-09-10,-15625.014937149605,15625.014937149605,1,-0.4565794310746781,-3.2474658871296924,-458634.1392150199,-0.5000004779887873,-0.5000004779887873
2025-09-11,170249.42066380428,15625.014616299632,1,0.4548963229949339,2.780789132566497,-288384.7185512156,5.447981461241737,5.447981461241737
2025-09-12,0.0,0.0,0,0.8020564502044347,1.7307911811676604,-288384.7185512156,0.0,0.0
2025-09-15,0.0,0.0,0,1.4787984589661434,0.9116690043651943,-288384.7185512156,0.0,0.0
2025-09-16,0.0,0.0,0,3.4421598489804546,0.3852782891090101,-288384.7185512156,0.0,0.0
2025-09-17,0.0,0.0,0,0.11022890943085092,9.980777772386773,-288384.7185512156,0.0,0.0
2025-09-18,0.0,0.0,0,1.8302532064350645,0.6160091283759357,-288384.7185512156,0.0,0.0
2025-09-19,0.0,0.0,0,0.25343377424388974,4.645062914184564,-288384.7185512156,0.0,0.0
2025-09-22,0.0,0.0,0,-0.9195394463588139,-1.2549301088965876,-288384.7185512156,0.0,0.0
2025-09-23,0.0,0.0,0,0.20762558702900705,5.810053771919229,-288384.7185512156,0.0,0.0
2025-09-24,0.0,0.0,0,0.6425973077484854,2.110335492858667,-288384.7185512156,0.0,0.0
2025-09-25,0.0,0.0,0,0.7853817230264695,1.5983560885674706,-288384.7185512156,0.0,0.0
2025-09-26,0.0,0.0,0,2.068953847924731,0.5881184132845192,-288384.7185512156,0.0,0.0
2025-09-29,0.0,0.0,0,0.7518592805268177,1.72226181132055,-288384.7185512156,0.0,0.0
2025-09-30,0.0,0.0,0,0.27573840190215354,4.138441676939237,-288384.7185512156,0.0,0.0
2025-10-01,0.0,0.0,0,3.7713442580986225,0.2710754599329448,-288384.7185512156,0.0,0.0
2025-10-02,0.0,0.0,0,0.3112962768086125,3.1751275358146813,-288384.7185512156,0.0,0.0
2025-10-03,0.0,0.0,0,0.5218537281422126,1.838615605526229,-288384.7185512156,0.0,0.0
2025-10-06,0.0,0.0,0,3.0658076136049797,0.2965967162162997,-288384.7185512156,0.0,0.0
2025-10-07,0.0,0.0,0,1.2016713112392312,0.9135429366779135,-288384.7185512156,0.0,0.0
2025-10-08,0.0,0.0,0,1.036533576650915,0.9262274673401407,-288384.7185512156,0.0,0.0
2025-10-09,0.0,0.0,0,0.2706534674539805,3.5376101955166632,-288384.7185512156,0.0,0.0
2025-10-10,0.0,0.0,0,0.23221408682030062,4.844245553951168,-288384.7185512156,0.0,0.0
2025-10-14,0.0,0.0,0,0.4041192007133054,2.5395836258408053,-288384.7185512156,0.0,0.0
2025-10-15,0.0,0.0,0,0.37611573486067823,2.5694224413950906,-288384.7185512156,0.0,0.0
2025-10-16,0.0,0.0,0,0.2120328688864558,4.981010140159469,-288384.7185512156,0.0,0.0
2025-10-17,0.0,0.0,0,0.38740708924397566,2.5824085870422095,-288384.7185512156,0.0,0.0
2025-10-20,0.0,0.0,0,0.5475647887491352,1.751013443228203,-288384.7185512156,0.0,0.0
2025-10-21,0.0,0.0,0,0.32794365995410585,2.943681530180129,-288384.7185512156,0.0,0.0
2025-10-22,0.0,0.0,0,4.26252497622112,0.23943048751652896,-288384.7185512156,0.0,0.0
2025-10-23,0.0,0.0,0,-0.3685840687869309,-2.583262637401731,-288384.7185512156,0.0,0.0
2025-10-24,0.0,0.0,0,0.3156104503597867,2.5367704373516062,-288384.7185512156,0.0,0.0
2025-10-27,0.0,0.0,0,0.45466913031423045,1.7931813251366293,-288384.7185512156,0.0,0.0
2025-10-28,0.0,0.0,0,1.9454730413116343,0.40617186899680746,-288384.7185512156,0.0,0.0
2025-10-29,0.0,0.0,0,-0.20135980909982093,-3.897533301572821,-288384.7185512156,0.0,0.0
2025-10-30,0.0,0.0,0,1.372200804965222,0.5744731183690419,-288384.7185512156,0.0,0.0
2025-10-31,0.0,0.0,0,0.17094882330156028,4.045890395863353,-288384.7185512156,0.0,0.0
2025-11-03,0.0,0.0,0,-2.130326745705122,-0.33297959894798623,-288384.7185512156,0.0,0.0
2025-11-04,0.0,0.0,0,0.1947832069432442,3.41101413188926,-288384.7185512156,0.0,0.0
2025-11-05,0.0,0.0,0,0.8756649528418875,0.9081017664148021,-288384.7185512156,0.0,0.0
2025-11-06,0.0,0.0,0,0.35399388166443163,1.9074815778203629,-288384.7185512156,0.0,0.0
2025-11-07,0.0,0.0,0,0.2477532178477608,2.621883967840404,-288384.7185512156,0.0,0.0
2025-11-10,0.0,0.0,0,0.828514783973329,0.8863817525648301,-288384.7185512156,0.0,0.0
2025-11-12,0.0,0.0,0,-0.9660907619432273,-0.8460134560546066,-288384.7185512156,0.0,0.0
2025-11-13,0.0,0.0,0,0.6811150002169694,1.010962027592086,-288384.7185512156,0.0,0.0
2025-11-14,0.0,0.0,0,0.5098668499027165,1.1932148367909576,-288384.7185512156,0.0,0.0
2025-11-17,0.0,0.0,0,0.15185102349618698,4.326557886156934,-288384.7185512156,0.0,0.0
2025-11-18,0.0,0.0,0,0.3960947035509674,1.8785702123677765,-288384.7185512156,0.0,0.0
2025-11-19,0.0,0.0,0,0.21403706821962248,3.2648826715480936,-288384.7185512156,0.0,0.0
2025-11-20,0.0,0.0,0,0.2600465970552047,2.531557758399231,-288384.7185512156,0.0,0.0
2025-11-21,0.0,0.0,0,0.5387455954913171,1.1112515701347547,-288384.7185512156,0.0,0.0
2025-11-24,0.0,0.0,0,-1.4165988044283198,-0.998586989724572,-288384.7185512156,0.0,0.0
2025-11-25,0.0,0.0,0,-0.2773000885760155,-4.9213127665161664,-288384.7185512156,0.0,0.0
2025-11-26,0.0,0.0,0,1.8537547232137557,0.6467555514732339,-288384.7185512156,0.0,0.0
2025-11-28,0.0,0.0,0,-10.441999199092946,-0.12955876518617515,-288384.7185512156,0.0,0.0
2025-12-01,0.0,0.0,0,0.4971280355020176,2.4192605443372486,-288384.7185512156,0.0,0.0
2025-12-02,0.0,0.0,0,0.9074999908413999,1.3051959090221317,-288384.7185512156,0.0,0.0
2025-12-03,0.0,0.0,0,7.927454908013577,0.14482312022437327,-288384.7185512156,0.0,0.0
2025-12-04,0.0,0.0,0,0.40988972047629685,2.722727448578098,-288384.7185512156,0.0,0.0
2025-12-05,0.0,0.0,0,0.45084550729783035,2.5764060579886063,-288384.7185512156,0.0,0.0
2025-12-08,0.0,0.0,0,0.3870574669341203,3.1162462656425305,-288384.7185512156,0.0,0.0
2025-12-09,0.0,0.0,0,0.4380027110874955,2.5202764999039573,-288384.7185512156,0.0,0.0
2025-12-10,0.0,0.0,0,0.11925826135043915,8.705789370382263,-288384.7185512156,0.0,0.0
2025-12-11,0.0,0.0,0,1.3919876391450408,0.7870470985958491,-288384.7185512156,0.0,0.0
2025-12-12,0.0,0.0,0,0.6720951250443439,1.4993349775172646,-288384.7185512156,0.0,0.0
2025-12-15,0.0,0.0,0,0.36202416029153806,2.92429266107456,-288384.7185512156,0.0,0.0
2025-12-16,0.0,0.0,0,0.45085295863363434,2.097601466854485,-288384.7185512156,0.0,0.0
2025-12-17,0.0,0.0,0,14.076057022259517,0.06759406203718754,-288384.7185512156,0.0,0.0
2025-12-18,0.0,0.0,0,0.4052448104300226,2.1667919620190332,-288384.7185512156,0.0,0.0
2025-12-19,0.0,0.0,0,0.7139637979746501,1.245965303873163,-288384.7185512156,0.0,0.0
2025-12-22,0.0,0.0,0,0.40412140222493903,2.186459320416816,-288384.7185512156,0.0,0.0
2025-12-23,0.0,0.0,0,0.40152391669499865,2.14605837980298,-288384.7185512156,0.0,0.0
2025-12-24,0.0,0.0,0,0.6964117558195657,1.219034138531697,-288384.7185512156,0.0,0.0
2025-12-26,0.0,0.0,0,0.2595078666135096,3.0959620968314994,-288384.7185512156,0.0,0.0
2025-12-29,0.0,0.0,0,0.40850059855491183,2.038488416967084,-288384.7185512156,0.0,0.0
2025-12-30,0.0,0.0,0,0.29755347597969944,2.6982253051605767,-288384.7185512156,0.0,0.0
2025-12-31,0.0,0.0,0,0.3361907835613494,2.3193134438142806,-288384.7185512156,0.0,0.0
2026-01-02,0.0,0.0,0,0.5384205172383512,1.094591014978505,-288384.7185512156,0.0,0.0
2026-01-05,0.0,0.0,0,0.23055513574393327,3.0454785999249907,-288384.7185512156,0.0,0.0
2026-01-06,0.0,0.0,0,0.3349266207827562,1.7641998643243824,-288384.7185512156,0.0,0.0
2026-01-07,0.0,0.0,0,-0.5986137992003097,-1.1092527691084797,-288384.7185512156,0.0,0.0
2026-01-08,0.0,0.0,0,0.45670141740196457,0.9966731716290269,-288384.7185512156,0.0,0.0
2026-01-09,0.0,0.0,0,0.2631944288850999,2.40886010380018,-288384.7185512156,0.0,0.0
2026-01-12,0.0,0.0,0,0.3371200552162989,1.8656403941963617,-288384.7185512156,0.0,0.0
2026-01-13,0.0,0.0,0,0.5490442936963755,1.3781846304300416,-288384.7185512156,0.0,0.0
2026-01-14,0.0,0.0,0,0.6304802778566122,0.7996019201364106,-288384.7185512156,0.0,0.0
2026-01-15,0.0,0.0,0,-1.6924994201772554,-0.35226360890692376,-288384.7185512156,0.0,0.0
2026-01-16,0.0,0.0,0,0.16705502137643696,3.9114221396257562,-288384.7185512156,0.0,0.0
2026-01-20,0.0,0.0,0,0.19168865513759148,3.3846047182032635,-288384.7185512156,0.0,0.0
2026-01-21,0.0,0.0,0,0.40131143589022183,1.6858367813365476,-288384.7185512156,0.0,0.0
2026-01-22,0.0,0.0,0,0.20898468217849903,2.7652693732443367,-288384.7185512156,0.0,0.0
2026-01-23,0.0,0.0,0,0.13349273312949017,4.127536998937558,-288384.7185512156,0.0,0.0
2026-01-26,0.0,0.0,0,0.16284725043762202,2.7396972620067572,-288384.7185512156,0.0,0.0
2026-01-27,0.0,0.0,0,-0.9165679174366851,-0.49015716701387646,-288384.7185512156,0.0,0.0
2026-01-28,0.0,0.0,0,0.6449320583909066,0.8286705363493638,-288384.7185512156,0.0,0.0
2026-01-29,0.0,0.0,0,0.31086720206958157,1.6921830192013658,-288384.7185512156,0.0,0.0
2026-01-30,0.0,0.0,0,0.40547201048761566,1.4160210978648138,-288384.7185512156,0.0,0.0
2026-02-02,0.0,0.0,0,0.6184924777075045,0.9489433976200417,-288384.7185512156,0.0,0.0
2026-02-03,0.0,0.0,0,0.12879949593594908,3.773539748525309,-288384.7185512156,0.0,0.0
2026-02-04,0.0,0.0,0,0.1812367139532322,2.9822450503579603,-288384.7185512156,0.0,0.0
2026-02-05,0.0,0.0,0,0.09519002998958871,5.579866491404573,-288384.7185512156,0.0,0.0
2026-02-06,0.0,0.0,0,0.2876234747913013,1.3127921334689745,-288384.7185512156,0.0,0.0
2026-02-09,0.0,0.0,0,0.8256149880846565,0.45453293922946614,-288384.7185512156,0.0,0.0
2026-02-10,0.0,0.0,0,0.16317709498751873,3.0959226244067395,-288384.7185512156,0.0,0.0
2026-02-11,0.0,0.0,0,-8.036505287309096,-0.0539070762524716,-288384.7185512156,0.0,0.0
2026-02-12,0.0,0.0,0,0.1316102080873434,4.065555236449654,-288384.7185512156,0.0,0.0
2026-02-13,0.0,0.0,0,0.08025672295648024,6.587544487976174,-288384.7185512156,0.0,0.0
2026-02-17,0.0,0.0,0,0.18804790329686105,2.5531390070837006,-288384.7185512156,0.0,0.0
2026-02-18,0.0,0.0,0,1.3353656881507738,0.3541224602531656,-288384.7185512156,0.0,0.0
2026-02-19,0.0,0.0,0,0.1742445521286058,2.514377466384758,-288384.7185512156,0.0,0.0
2026-02-20,0.0,0.0,0,0.09447385878357938,4.253232620157178,-288384.7185512156,0.0,0.0
2026-02-23,0.0,0.0,0,-0.4972127070789938,-2.2748586789316505,-288384.7185512156,0.0,0.0
2026-02-24,0.0,0.0,0,-0.2623000666062017,-4.261403376687667,-288384.7185512156,0.0,0.0
2026-02-25,0.0,0.0,0,0.9718433143220689,0.9585570459325936,-288384.7185512156,0.0,0.0
2026-02-26,0.0,0.0,0,0.5748725656906385,1.5881043661911463,-288384.7185512156,0.0,0.0
2026-02-27,0.0,0.0,0,-40.543886978603446,-0.028417571701083943,-288384.7185512156,0.0,0.0
2026-03-02,0.0,0.0,0,-7.120063635120654,-0.1442535491446506,-288384.7185512156,0.0,0.0
2026-03-03,0.0,0.0,0,0.7500347629981132,1.6351012781933605,-288384.7185512156,0.0,0.0
2026-03-04,0.0,0.0,0,-1.2385977984668495,-0.8668821902624586,-288384.7185512156,0.0,0.0
2026-03-05,0.0,0.0,0,0.17151041475694115,5.470604136864495,-288384.7185512156,0.0,0.0
2026-03-06,0.0,0.0,0,-0.37696280624544404,-2.964703899072447,-288384.7185512156,0.0,0.0
2026-03-09,0.0,0.0,0,0.13238142254789298,8.130300483085193,-288384.7185512156,0.0,0.0
2026-03-10,0.0,0.0,0,-5.303481101479721,-0.21659454661676136,-288384.7185512156,0.0,0.0
2026-03-11,0.0,0.0,0,-0.3987357700332364,-2.138920292369221,-288384.7185512156,0.0,0.0
2026-03-12,0.0,0.0,0,0.4732961393163776,2.6021789770525174,-288384.7185512156,0.0,0.0
2026-03-13,0.0,0.0,0,1.7212114647496524,0.6222629786243488,-288384.7185512156,0.0,0.0
2026-03-16,0.0,0.0,0,2.0156469174641156,0.5312370952929086,-288384.7185512156,0.0,0.0
2026-03-17,0.0,0.0,0,0.29886748481176006,3.4392044735022864,-288384.7185512156,0.0,0.0
2026-03-18,0.0,0.0,0,0.8321300451674996,1.1635653016005563,-288384.7185512156,0.0,0.0
2026-03-19,0.0,0.0,0,0.14341447035886687,7.151376202939446,-288384.7185512156,0.0,0.0
2026-03-20,0.0,0.0,0,3.5033499202336977,0.3743653935684961,-288384.7185512156,0.0,0.0
2026-03-23,0.0,0.0,0,1.9743567285667412,0.50819955396355,-288384.7185512156,0.0,0.0
2026-03-24,0.0,0.0,0,0.8168046291276113,1.5151527368120696,-288384.7185512156,0.0,0.0
2026-03-25,0.0,0.0,0,0.3103280588754858,3.7913313113072036,-288384.7185512156,0.0,0.0
2026-03-26,0.0,0.0,0,2.923579990188428,0.3878193288514922,-288384.7185512156,0.0,0.0
2026-03-27,0.0,0.0,0,0.27100076434247466,3.2823183146679185,-288384.7185512156,0.0,0.0
2026-03-30,0.0,0.0,0,0.9043164905358185,0.9155959098384301,-288384.7185512156,0.0,0.0
2026-03-31,0.0,0.0,0,0.13183572725748932,6.1179687815965735,-288384.7185512156,0.0,0.0
2026-04-01,0.0,0.0,0,-0.23130562745299074,-2.0533481213919913,-288384.7185512156,0.0,0.0
2026-04-02,0.0,0.0,0,0.15421456831984887,4.204072171113694,-288384.7185512156,0.0,0.0
2026-04-03,0.0,0.0,0,0.47821220604584525,1.4551983320970976,-288384.7185512156,0.0,0.0
2026-04-06,0.0,0.0,0,0.18046930165614505,3.014630597598625,-288384.7185512156,0.0,0.0
2026-04-07,0.0,0.0,0,0.07767476668197289,8.097923232955054,-288384.7185512156,0.0,0.0
2026-04-08,0.0,0.0,0,0.24887161452056464,2.224873721714175,-288384.7185512156,0.0,0.0
2026-04-09,0.0,0.0,0,0.5169130666728179,1.2562874726781956,-288384.7185512156,0.0,0.0
2026-04-10,0.0,0.0,0,0.7091101226795299,0.7495638379459706,-288384.7185512156,0.0,0.0
2026-04-13,0.0,0.0,0,0.28997331023596074,1.9313263804006056,-288384.7185512156,0.0,0.0
2026-04-14,0.0,0.0,0,0.7283324904915148,0.8731615366332335,-288384.7185512156,0.0,0.0
2026-04-15,0.0,0.0,0,0.36141589035221133,1.4377540393415984,-288384.7185512156,0.0,0.0
2026-04-16,0.0,0.0,0,0.45081419360702235,1.1322982093324754,-288384.7185512156,0.0,0.0
2026-04-17,0.0,0.0,0,0.4619073200594123,1.2738333025131396,-288384.7185512156,0.0,0.0
2026-04-20,0.0,0.0,0,0.2925592380848612,2.110483226065753,-288384.7185512156,0.0,0.0
2026-04-21,0.0,0.0,0,0.14710969943805227,3.5271589184931145,-288384.7185512156,0.0,0.0
2026-04-22,0.0,0.0,0,0.19975257398856128,2.057908549162221,-288384.7185512156,0.0,0.0
2026-04-23,0.0,0.0,0,-0.6073324588582677,-0.558122296732563,-288384.7185512156,0.0,0.0
2026-04-24,0.0,0.0,0,0.07714791535220406,5.964599896081836,-288384.7185512156,0.0,0.0
2026-04-27,0.0,0.0,0,0.22211021892966745,2.0102047581208353,-288384.7185512156,0.0,0.0
2026-04-28,0.0,0.0,0,0.12837572156459567,2.0598673393969875,-288384.7185512156,0.0,0.0
2026-04-29,0.0,0.0,0,0.13358478282482977,1.7344833147753889,-288384.7185512156,0.0,0.0
2026-04-30,0.0,0.0,0,0.1246330570915093,3.016559129174766,-288384.7185512156,0.0,0.0
2026-05-01,0.0,0.0,0,0.26496555318052006,1.1317775972656818,-288384.7185512156,0.0,0.0
2026-05-04,0.0,0.0,0,0.003560384660078415,30.282284471008097,-288384.7185512156,0.0,0.0
2026-05-05,0.0,0.0,0,-0.16044988197178223,-2.285712010482257,-288384.7185512156,0.0,0.0
2026-05-06,0.0,0.0,0,0.11735605685676515,3.254585953908645,-288384.7185512156,0.0,0.0
2026-05-07,0.0,0.0,0,0.015115694904443103,15.359615011260303,-288384.7185512156,0.0,0.0
2026-05-08,0.0,0.0,0,-0.019905495520131777,-3.3880853830351043,-288384.7185512156,0.0,0.0
2026-05-11,0.0,0.0,0,0.00997144773344355,10.003903115078174,-288384.7185512156,0.0,0.0
2026-05-12,0.0,0.0,0,0.14102751814673423,0.9851461398607171,-288384.7185512156,0.0,0.0
2026-05-13,0.0,0.0,0,0.017596304959017924,7.27757130967575,-288384.7185512156,0.0,0.0
2026-05-14,0.0,0.0,0,0.013212024738675655,7.162556817762379,-288384.7185512156,0.0,0.0
2026-05-15,0.0,0.0,0,0.0277197420518507,2.134328901918707,-288384.7185512156,0.0,0.0
2026-05-18,0.0,0.0,0,0.006491924578648875,1.1954279512219728,-288384.7185512156,0.0,0.0
2026-05-19,0.0,0.0,0,0.03805790860651626,2.1043116513542373,-288384.7185512156,0.0,0.0
2026-05-20,0.0,0.0,0,0.014949305304461768,1.9469111304351827,-288384.7185512156,0.0,0.0
2026-05-21,0.0,0.0,0,-0.00043483201461761177,-10.468602416533486,-288384.7185512156,0.0,0.0
2026-05-22,0.0,0.0,0,0.018655101308233897,0.6164082907498596,-288384.7185512156,0.0,0.0
2026-05-25,0.0,0.0,0,,-22.76679599237059,-288384.7185512156,0.0,0.0
2026-05-26,0.0,0.0,0,0.07136577460981727,6.049013275828202,-288384.7185512156,0.0,0.0
2026-05-27,0.0,0.0,0,0.21577433473357396,3.2246677884809287,-288384.7185512156,0.0,0.0
2026-05-28,0.0,0.0,0,-0.12749664017547846,-4.592564892239807,-288384.7185512156,0.0,0.0
2026-05-29,0.0,0.0,0,0.06974306828202205,4.716160525432315,-288384.7185512156,0.0,0.0
2026-06-01,0.0,0.0,0,-0.0542796661810104,-8.787921476823612,-288384.7185512156,0.0,0.0
2026-06-02,0.0,0.0,0,0.06987963941945737,6.532065640970359,-288384.7185512156,0.0,0.0
2026-06-03,0.0,0.0,0,0.1334239139650811,2.438455944215548,-288384.7185512156,0.0,0.0
2026-06-04,0.0,0.0,0,0.06075342368569153,7.526155962457324,-288384.7185512156,0.0,0.0
2026-06-05,0.0,0.0,0,-74.37331764137497,-0.00550077692787454,-288384.7185512156,0.0,0.0
2026-06-08,0.0,0.0,0,0.1463307400225968,14.17657008078686,-288384.7185512156,0.0,0.0
2026-06-09,0.0,0.0,0,-0.3784940031171535,-0.9991301281534106,-288384.7185512156,0.0,0.0
2026-06-10,0.0,0.0,0,0.01545092151204038,9.47271172708679,-288384.7185512156,0.0,0.0
2026-06-11,0.0,0.0,0,-4.510020663693747,-0.09600252634572826,-288384.7185512156,0.0,0.0
2026-06-12,0.0,0.0,0,-0.12220961252856194,-1.7266295444260322,-288384.7185512156,0.0,0.0
2026-06-15,0.0,0.0,0,0.6408137243646295,0.4188345646475682,-288384.7185512156,0.0,0.0
2026-06-16,0.0,0.0,0,2.2252393594142283,0.1749490845663786,-288384.7185512156,0.0,0.0
2026-06-17,0.0,0.0,0,-0.799570044025613,-0.4118893025770376,-288384.7185512156,0.0,0.0
2026-06-18,0.0,0.0,0,2.386958795475484,0.22125373615244825,-288384.7185512156,0.0,0.0
2026-06-22,0.0,0.0,0,0.3071065954798455,1.5320773554140033,-288384.7185512156,0.0,0.0
2026-06-23,0.0,0.0,0,0.671789656903223,0.7387227169942889,-288384.7185512156,0.0,0.0
2026-06-24,0.0,0.0,0,0.6279563633592207,0.6174981575904894,-288384.7185512156,0.0,0.0
2026-06-25,0.0,0.0,0,0.4073957535906629,1.7670394549850243,-288384.7185512156,0.0,0.0
2026-06-26,0.0,0.0,0,0.35351109456299745,1.7363924241381028,-288384.7185512156,0.0,0.0
2026-06-29,0.0,0.0,0,0.5370066976758179,1.1556099502690813,-288384.7185512156,0.0,0.0
2026-06-30,0.0,0.0,0,1.5618143703743326,0.3569424732841071,-288384.7185512156,0.0,0.0
2026-07-01,0.0,0.0,0,0.7816914757313154,0.45393023015958534,-288384.7185512156,0.0,0.0
2026-07-02,0.0,0.0,0,-1.624038923551177,-0.30520948078765286,-288384.7185512156,0.0,0.0
2026-07-06,0.0,0.0,0,0.1113233410025143,3.8025759677416318,-288384.7185512156,0.0,0.0
2026-07-07,0.0,0.0,0,0.7989659010145413,0.7030133790494801,-288384.7185512156,0.0,0.0
2026-07-08,0.0,0.0,0,0.8725155027311677,0.34800693406350547,-288384.7185512156,0.0,0.0
2026-07-09,0.0,0.0,0,1.3624112109711193,0.2670105686088391,-288384.7185512156,0.0,0.0
2026-07-10,0.0,0.0,0,0.6044602904106695,0.4378156066832162,-288384.7185512156,0.0,0.0
2026-07-13,0.0,0.0,0,0.18139877849021563,1.3238014150892923,-288384.7185512156,0.0,0.0
2026-07-14,0.0,0.0,0,0.151092469179895,0.6830785384186129,-288384.7185512156,0.0,0.0
2026-07-15,0.0,0.0,0,0.15664760783056053,1.8421861498436556,-288384.7185512156,0.0,0.0
2026-07-16,0.0,0.0,0,0.07969387746312147,3.5471130840937803,-288384.7185512156,0.0,0.0
2026-07-17,0.0,0.0,0,0.13844501291492234,1.7784465740287487,-288384.7185512156,0.0,0.0
2026-07-20,0.0,0.0,0,0.1980764071279566,0.8398238458430569,-288384.7185512156,0.0,0.0
2026-07-21,0.0,0.0,0,0.08900357225984261,1.1124229580063911,-288384.7185512156,0.0,0.0
2026-07-22,0.0,0.0,0,0.06859618220293581,0.7655178511145095,-288384.7185512156,0.0,0.0
2026-07-23,0.0,0.0,0,0.0798872650034819,2.818320314132052,-288384.7185512156,0.0,0.0
2026-07-24,0.0,0.0,0,0.042906121942200025,2.798942250746677,-288384.7185512156,0.0,0.0
2026-07-27,0.0,0.0,0,0.027297666159094132,1.7409663391595132,-288384.7185512156,0.0,0.0
2026-07-28,0.0,0.0,0,0.08513744499777111,1.1011307798394228,-288384.7185512156,0.0,0.0
2026-07-29,0.0,0.0,0,0.060453887900182586,2.0250138606393193,-288384.7185512156,0.0,0.0
2026-07-30,0.0,0.0,0,-0.20401635182053185,-0.2846936830310369,-288384.7185512156,0.0,0.0
2026-07-31,0.0,0.0,0,1.3872743659807152,1.6384046777184267,-288384.7185512156,0.0,0.0
2026-08-03,-15625.018234301913,15625.018234301913,1,0.5382447655130255,3.1105042698336547,-304009.73678551754,-0.5000005834976612,-0.5000005834976612
2026-08-04,-32232.164577190284,15625.01812044261,1,0.011785314151257793,2.831285573807236,-336241.90136270784,-1.031429266470089,-1.031429266470089
2026-08-05,0.0,0.0,0,0.04744104171933503,2.2416336983537803,-336241.90136270784,0.0,0.0
2026-08-06,0.0,0.0,0,0.016592016786994877,0.947517797004366,-336241.90136270784,0.0,0.0
2026-08-07,0.0,0.0,0,0.034595376049246215,3.170279655635113,-336241.90136270784,0.0,0.0
2026-08-10,0.0,0.0,0,0.8315166265177077,1.6032525038699532,-336241.90136270784,0.0,0.0
2026-08-11,0.0,0.0,0,2.913726905334455,0.4219844853082577,-336241.90136270784,0.0,0.0
