TemplateVersion,Header_AssetClass,Header_InstrumentType,Header_UseCase,Header_Level,Identifier_UPI,Identifier_Status,Identifier_StatusReason,Identifier_LastUpdateDateTime,Derived_ClassificationType,Derived_ShortName,Derived_UnderlierName,Derived_UnderlyingAssetType,Derived_ReturnorPayoutTrigger,Derived_DeliveryType,Derived_CFIDeliveryType,Attributes_NotionalCurrency,Attributes_OtherNotionalCurrency,Attributes_SettlementCurrency,Attributes_DeliveryType,Derived_ValuationMethodorTrigger,Derived_CFIOptionStyleandType,Attributes_OptionType,Attributes_OptionExerciseStyle,Attributes_UnderlyingAssetType,Attributes_ReturnorPayoutTrigger,Attributes_PlaceofSettlement,Attributes_ValuationMethodorTrigger
1,Foreign_Exchange,Forward,NDF,UPI,QZ9L91GTWPT3,New,,2023-10-16 16:57:45,JFTXFC,NA/Fwd NDF ARS USD,ARS USD,Spot,Forward price of underlying instrument,CASH,Cash,ARS,USD,USD,,,,,,,,,
1,Foreign_Exchange,Forward,NDF,UPI,QZ95QCJX1JRX,New,,2023-10-16 16:59:16,JFTXFC,NA/Fwd NDF BRL USD,BRL USD,Spot,Forward price of underlying instrument,CASH,Cash,BRL,USD,USD,,,,,,,,,
1,Foreign_Exchange,Forward,NDF,UPI,QZ00VD18Q4T6,New,,2023-10-16 17:00:33,JFTXFC,NA/Fwd NDF CLP USD,CLP USD,Spot,Forward price of underlying instrument,CASH,Cash,CLP,USD,USD,,,,,,,,,
1,Foreign_Exchange,Forward,NDF,UPI,QZ6583NHBZK7,New,,2023-10-16 17:02:10,JFTXFC,NA/Fwd NDF CNY USD,CNY USD,Spot,Forward price of underlying instrument,CASH,Cash,CNY,USD,USD,,,,,,,,,
1,Foreign_Exchange,Forward,NDF,UPI,QZQVD5W65KNZ,New,,2023-10-16 17:02:49,JFTXFC,NA/Fwd NDF COP USD,COP USD,Spot,Forward price of underlying instrument,CASH,Cash,COP,USD,USD,,,,,,,,,
1,Foreign_Exchange,Forward,NDF,UPI,QZ5977C3572V,New,,2023-10-16 17:03:43,JFTXFC,NA/Fwd NDF EGP USD,EGP USD,Spot,Forward price of underlying instrument,CASH,Cash,EGP,USD,USD,,,,,,,,,
1,Foreign_Exchange,Forward,NDF,UPI,QZV97ZRRD7J6,New,,2023-10-16 19:06:45,JFTXFC,NA/Fwd NDF GHS USD,GHS USD,Spot,Forward price of underlying instrument,CASH,Cash,GHS,USD,USD,,,,,,,,,
1,Foreign_Exchange,Forward,NDF,UPI,QZQR57LHTLB2,New,,2023-10-16 19:07:23,JFTXFC,NA/Fwd NDF IDR USD,IDR USD,Spot,Forward price of underlying instrument,CASH,Cash,IDR,USD,USD,,,,,,,,,
1,Foreign_Exchange,Forward,NDF,UPI,QZQDJSBGDWPG,New,,2023-10-16 19:08:17,JFTXFC,NA/Fwd NDF INR USD,INR USD,Spot,Forward price of underlying instrument,CASH,Cash,INR,USD,USD,,,,,,,,,
1,Foreign_Exchange,Forward,NDF,UPI,QZDCBBZ90RVP,New,,2023-10-16 19:08:45,JFTXFC,NA/Fwd NDF KES USD,KES USD,Spot,Forward price of underlying instrument,CASH,Cash,KES,USD,USD,,,,,,,,,
1,Foreign_Exchange,Forward,NDF,UPI,QZKL3MJ7CZC6,New,,2023-10-16 19:09:19,JFTXFC,NA/Fwd NDF KRW USD,KRW USD,Spot,Forward price of underlying instrument,CASH,Cash,KRW,USD,USD,,,,,,,,,
1,Foreign_Exchange,Forward,NDF,UPI,QZGWWSMJ8F1G,New,,2023-10-16 19:10:02,JFTXFC,NA/Fwd NDF MYR USD,MYR USD,Spot,Forward price of underlying instrument,CASH,Cash,MYR,USD,USD,,,,,,,,,
1,Foreign_Exchange,Forward,NDF,UPI,QZF6FKM9C093,New,,2023-10-16 19:10:44,JFTXFC,NA/Fwd NDF NGN USD,NGN USD,Spot,Forward price of underlying instrument,CASH,Cash,NGN,USD,USD,,,,,,,,,
1,Foreign_Exchange,Forward,NDF,UPI,QZ890DB5K3VD,New,,2023-10-16 19:15:07,JFTXFC,NA/Fwd NDF PEN USD,PEN USD,Spot,Forward price of underlying instrument,CASH,Cash,PEN,USD,USD,,,,,,,,,
1,Foreign_Exchange,Forward,NDF,UPI,QZJD316LH0FH,New,,2023-10-16 19:15:44,JFTXFC,NA/Fwd NDF PHP USD,PHP USD,Spot,Forward price of underlying instrument,CASH,Cash,PHP,USD,USD,,,,,,,,,
1,Foreign_Exchange,Forward,NDF,UPI,QZMFG07XM212,New,,2023-10-16 19:16:24,JFTXFC,NA/Fwd NDF RUB USD,RUB USD,Spot,Forward price of underlying instrument,CASH,Cash,RUB,USD,USD,,,,,,,,,
1,Foreign_Exchange,Forward,NDF,UPI,QZ930VFL0S80,New,,2023-10-16 19:17:05,JFTXFC,NA/Fwd NDF TRY USD,TRY USD,Spot,Forward price of underlying instrument,CASH,Cash,TRY,USD,USD,,,,,,,,,
1,Foreign_Exchange,Forward,NDF,UPI,QZ8JX8T18XCQ,New,,2023-10-16 19:17:33,JFTXFC,NA/Fwd NDF TWD USD,TWD USD,Spot,Forward price of underlying instrument,CASH,Cash,TWD,USD,USD,,,,,,,,,
1,Foreign_Exchange,Forward,NDF,UPI,QZJCRT2KZZ36,New,,2023-10-16 19:18:23,JFTXFC,NA/Fwd NDF USD VND,USD VND,Spot,Forward price of underlying instrument,CASH,Cash,USD,VND,USD,,,,,,,,,
1,Foreign_Exchange,Forward,NDF,UPI,QZSFDXGM6MHL,New,,2023-10-16 19:19:02,JFTXFC,NA/Fwd NDF USD ZMW,USD ZMW,Spot,Forward price of underlying instrument,CASH,Cash,USD,ZMW,USD,,,,,,,,,
1,Foreign_Exchange,Forward,NDF,UPI,QZLCF9WV6DSX,New,,2023-11-05 11:33:33,JFTXFC,NA/Fwd NDF RUB USD,RUB USD,Spot,Forward price of underlying instrument,CASH,Cash,RUB,USD,RUB,,,,,,,,,
1,Foreign_Exchange,Forward,NDF,UPI,QZ2WPZ26Z6NP,New,,2023-11-05 11:33:33,JFTXFC,NA/Fwd NDF PHP USD,PHP USD,Spot,Forward price of underlying instrument,CASH,Cash,PHP,USD,PHP,,,,,,,,,
1,Foreign_Exchange,Forward,NDF,UPI,QZPZL7ZRFL8Z,New,,2023-11-05 11:33:33,JFTXFC,NA/Fwd NDF PEN USD,PEN USD,Spot,Forward price of underlying instrument,CASH,Cash,PEN,USD,PEN,,,,,,,,,
1,Foreign_Exchange,Forward,NDF,UPI,QZSVGSLDQZ7B,New,,2023-11-05 11:33:34,JFTXFC,NA/Fwd NDF MXN USD,MXN USD,Spot,Forward price of underlying instrument,CASH,Cash,MXN,USD,MXN,,,,,,,,,
1,Foreign_Exchange,Forward,NDF,UPI,QZCB1NBNH0DH,New,,2023-11-05 11:33:34,JFTXFC,NA/Fwd NDF MYR USD,MYR USD,Spot,Forward price of underlying instrument,CASH,Cash,MYR,USD,MYR,,,,,,,,,
1,Foreign_Exchange,Forward,NDF,UPI,QZVQ1QKDMKLD,New,,2023-11-05 11:33:35,JFTXFC,NA/Fwd NDF CNY EUR,CNY EUR,Spot,Forward price of underlying instrument,CASH,Cash,CNY,EUR,CNY,,,,,,,,,
1,Foreign_Exchange,Forward,NDF,UPI,QZ0931W7T7V0,New,,2023-11-05 11:33:35,JFTXFC,NA/Fwd NDF COP USD,COP USD,Spot,Forward price of underlying instrument,CASH,Cash,COP,USD,COP,,,,,,,,,
1,Foreign_Exchange,Forward,NDF,UPI,QZ4ZD5VGRZK4,New,,2023-11-05 11:33:35,JFTXFC,NA/Fwd NDF IDR USD,IDR USD,Spot,Forward price of underlying instrument,CASH,Cash,IDR,USD,IDR,,,,,,,,,
1,Foreign_Exchange,Forward,NDF,UPI,QZQHHCK5SXPJ,New,,2023-11-05 11:33:36,JFTXFC,NA/Fwd NDF BRL CHF,BRL CHF,Spot,Forward price of underlying instrument,CASH,Cash,BRL,CHF,BRL,,,,,,,,,
1,Foreign_Exchange,Forward,NDF,UPI,QZL7XPDBXQWX,New,,2023-11-05 12:35:11,JFTXFC,NA/Fwd NDF CNY EUR,CNY EUR,Spot,Forward price of underlying instrument,CASH,Cash,CNY,EUR,USD,,,,,,,,,
1,Foreign_Exchange,Forward,NDF,UPI,QZHV56BXSL5R,New,,2023-11-05 12:35:13,JFTXFC,NA/Fwd NDF AUD CNY,AUD CNY,Spot,Forward price of underlying instrument,CASH,Cash,AUD,CNY,USD,,,,,,,,,
1,Foreign_Exchange,Forward,NDF,UPI,QZFJ5NZ58VVC,New,,2023-11-05 12:35:15,JFTXFC,NA/Fwd NDF CNY GBP,CNY GBP,Spot,Forward price of underlying instrument,CASH,Cash,CNY,GBP,USD,,,,,,,,,
1,Foreign_Exchange,Forward,NDF,UPI,QZ5DDDTX0HSZ,New,,2023-11-05 12:35:15,JFTXFC,NA/Fwd NDF CNY SGD,CNY SGD,Spot,Forward price of underlying instrument,CASH,Cash,CNY,SGD,USD,,,,,,,,,
1,Foreign_Exchange,Forward,NDF,UPI,QZRXPSRQH1BT,New,,2023-11-05 12:35:17,JFTXFC,NA/Fwd NDF CNY HKD,CNY HKD,Spot,Forward price of underlying instrument,CASH,Cash,CNY,HKD,USD,,,,,,,,,
1,Foreign_Exchange,Forward,NDF,UPI,QZT0ZPS1Q91G,New,,2023-11-05 12:35:19,JFTXFC,NA/Fwd NDF CAD CNY,CAD CNY,Spot,Forward price of underlying instrument,CASH,Cash,CAD,CNY,USD,,,,,,,,,
1,Foreign_Exchange,Forward,NDF,UPI,QZ5Z5GSGS96N,New,,2023-11-05 12:35:21,JFTXFC,NA/Fwd NDF CHF CNY,CHF CNY,Spot,Forward price of underlying instrument,CASH,Cash,CHF,CNY,USD,,,,,,,,,
1,Foreign_Exchange,Forward,NDF,UPI,QZ4GL2SKQW8G,New,,2023-11-05 12:35:22,JFTXFC,NA/Fwd NDF CNY NZD,CNY NZD,Spot,Forward price of underlying instrument,CASH,Cash,CNY,NZD,USD,,,,,,,,,
1,Foreign_Exchange,Forward,NDF,UPI,QZ1X97RZ0RQ6,New,,2023-11-05 12:35:23,JFTXFC,NA/Fwd NDF BRL CAD,BRL CAD,Spot,Forward price of underlying instrument,CASH,Cash,BRL,CAD,USD,,,,,,,,,
1,Foreign_Exchange,Forward,NDF,UPI,QZDN4343Q1W7,New,,2023-11-05 12:46:22,JFTXFC,NA/Fwd NDF AUD CAD,AUD CAD,Spot,Forward price of underlying instrument,CASH,Cash,AUD,CAD,USD,,,,,,,,,
1,Foreign_Exchange,Forward,NDF,UPI,QZXZJ2S98M80,New,,2023-11-05 13:11:29,JFTXFC,NA/Fwd NDF AED EUR,AED EUR,Spot,Forward price of underlying instrument,CASH,Cash,AED,EUR,JPY,,,,,,,,,
1,Foreign_Exchange,Forward,NDF,UPI,QZJL79SRR4BX,New,,2023-11-05 13:16:44,JFTXFC,NA/Fwd NDF GBP KRW,GBP KRW,Spot,Forward price of underlying instrument,CASH,Cash,GBP,KRW,KRW,,,,,,,,,
1,Foreign_Exchange,Forward,NDF,UPI,QZ1GDG2ZNP15,New,,2023-11-05 17:54:44,JFTXFC,NA/Fwd NDF MAD USD,MAD USD,Spot,Forward price of underlying instrument,CASH,Cash,MAD,USD,USD,,,,,,,,,
1,Foreign_Exchange,Forward,NDF,UPI,QZHBLB460MXZ,New,,2023-11-05 17:54:44,JFTXFC,NA/Fwd NDF QAR USD,QAR USD,Spot,Forward price of underlying instrument,CASH,Cash,QAR,USD,USD,,,,,,,,,
1,Foreign_Exchange,Forward,NDF,UPI,QZ63LHNKNCP7,New,,2023-11-05 18:30:27,JFTXFC,NA/Fwd NDF ARS USD,ARS USD,Spot,Forward price of underlying instrument,CASH,Cash,ARS,USD,ARS,,,,,,,,,
1,Foreign_Exchange,Forward,NDF,UPI,QZLSZZBCW1K1,New,,2023-11-05 18:30:28,JFTXFC,NA/Fwd NDF EGP USD,EGP USD,Spot,Forward price of underlying instrument,CASH,Cash,EGP,USD,EGP,,,,,,,,,
1,Foreign_Exchange,Forward,NDF,UPI,QZ6K4CBM76KL,New,,2023-11-05 18:30:30,JFTXFC,NA/Fwd NDF GHS USD,GHS USD,Spot,Forward price of underlying instrument,CASH,Cash,GHS,USD,GHS,,,,,,,,,
1,Foreign_Exchange,Forward,NDF,UPI,QZF6G01H72G8,New,,2023-11-05 18:30:31,JFTXFC,NA/Fwd NDF NGN USD,NGN USD,Spot,Forward price of underlying instrument,CASH,Cash,NGN,USD,NGN,,,,,,,,,
1,Foreign_Exchange,Forward,NDF,UPI,QZNBXTJVG1Q4,New,,2023-11-05 18:31:48,JFTXFC,NA/Fwd NDF BRL USD,BRL USD,Spot,Forward price of underlying instrument,CASH,Cash,BRL,USD,BRL,,,,,,,,,
1,Foreign_Exchange,Forward,NDF,UPI,QZ9DMP4K210Z,New,,2023-11-05 18:31:55,JFTXFC,NA/Fwd NDF KES USD,KES USD,Spot,Forward price of underlying instrument,CASH,Cash,KES,USD,KES,,,,,,,,,
1,Foreign_Exchange,Forward,NDF,UPI,QZV15L6L9BG7,New,,2023-11-05 18:31:56,JFTXFC,NA/Fwd NDF UGX USD,UGX USD,Spot,Forward price of underlying instrument,CASH,Cash,UGX,USD,UGX,,,,,,,,,
1,Foreign_Exchange,Forward,NDF,UPI,QZQZRBNK5HJM,New,,2023-11-05 18:32:32,JFTXFC,NA/Fwd NDF DKK INR,DKK INR,Spot,Forward price of underlying instrument,CASH,Cash,DKK,INR,INR,,,,,,,,,
1,Foreign_Exchange,Forward,NDF,UPI,QZ87829TQ96Z,New,,2023-11-05 18:32:41,JFTXFC,NA/Fwd NDF KRW NOK,KRW NOK,Spot,Forward price of underlying instrument,CASH,Cash,KRW,NOK,KRW,,,,,,,,,
1,Foreign_Exchange,Forward,NDF,UPI,QZTBS7R13Q8D,New,,2023-11-05 18:33:08,JFTXFC,NA/Fwd NDF CNY TWD,CNY TWD,Spot,Forward price of underlying instrument,CASH,Cash,CNY,TWD,CNY,,,,,,,,,
1,Foreign_Exchange,Forward,NDF,UPI,QZ8HWS1VVPKZ,New,,2023-11-05 18:33:11,JFTXFC,NA/Fwd NDF CNY INR,CNY INR,Spot,Forward price of underlying instrument,CASH,Cash,CNY,INR,CNY,,,,,,,,,
1,Foreign_Exchange,Forward,NDF,UPI,QZTW1NQC003T,New,,2023-11-05 18:35:00,JFTXFC,NA/Fwd NDF CNY KRW,CNY KRW,Spot,Forward price of underlying instrument,CASH,Cash,CNY,KRW,KRW,,,,,,,,,
1,Foreign_Exchange,Forward,NDF,UPI,QZZTCPZRTZ82,New,,2023-11-05 18:36:06,JFTXFC,NA/Fwd NDF TWD USD,TWD USD,Spot,Forward price of underlying instrument,CASH,Cash,TWD,USD,TWD,,,,,,,,,
1,Foreign_Exchange,Forward,NDF,UPI,QZV8HQ0HXFH8,New,,2023-11-05 18:36:34,JFTXFC,NA/Fwd NDF PKR USD,PKR USD,Spot,Forward price of underlying instrument,CASH,Cash,PKR,USD,PKR,,,,,,,,,
1,Foreign_Exchange,Forward,NDF,UPI,QZFHXBD7W6MT,New,,2023-11-05 18:36:45,JFTXFC,NA/Fwd NDF CAD GBP,CAD GBP,Spot,Forward price of underlying instrument,CASH,Cash,CAD,GBP,CAD,,,,,,,,,
1,Foreign_Exchange,Forward,NDF,UPI,QZK3H2W6HL8D,New,,2023-11-05 18:36:57,JFTXFC,NA/Fwd NDF EUR KRW,EUR KRW,Spot,Forward price of underlying instrument,CASH,Cash,EUR,KRW,KRW,,,,,,,,,
1,Foreign_Exchange,Forward,NDF,UPI,QZCRR7G9RQCS,New,,2023-11-05 18:37:10,JFTXFC,NA/Fwd NDF INR USD,INR USD,Spot,Forward price of underlying instrument,CASH,Cash,INR,USD,INR,,,,,,,,,
1,Foreign_Exchange,Forward,NDF,UPI,QZVT7F56BC3K,New,,2023-11-05 18:39:51,JFTXFC,NA/Fwd NDF EUR LKR,EUR LKR,Spot,Forward price of underlying instrument,CASH,Cash,EUR,LKR,LKR,,,,,,,,,
1,Foreign_Exchange,Forward,NDF,UPI,QZBPT3K5MG6C,New,,2023-11-05 18:39:56,JFTXFC,NA/Fwd NDF CNY TWD,CNY TWD,Spot,Forward price of underlying instrument,CASH,Cash,CNY,TWD,TWD,,,,,,,,,
1,Foreign_Exchange,Forward,NDF,UPI,QZ0380HJ13N4,New,,2023-11-05 18:40:18,JFTXFC,NA/Fwd NDF EGP EUR,EGP EUR,Spot,Forward price of underlying instrument,CASH,Cash,EGP,EUR,EGP,,,,,,,,,
1,Foreign_Exchange,Forward,NDF,UPI,QZZTDJ4D92GD,New,,2023-11-05 18:41:14,JFTXFC,NA/Fwd NDF EGP GYD,EGP GYD,Spot,Forward price of underlying instrument,CASH,Cash,EGP,GYD,EGP,,,,,,,,,
1,Foreign_Exchange,Forward,NDF,UPI,QZLTR4XWKGW9,New,,2023-11-05 18:42:40,JFTXFC,NA/Fwd NDF CAD INR,CAD INR,Spot,Forward price of underlying instrument,CASH,Cash,CAD,INR,INR,,,,,,,,,
1,Foreign_Exchange,Forward,NDF,UPI,QZ4GZZC99MQ0,New,,2023-11-05 18:44:09,JFTXFC,NA/Fwd NDF BRL GBP,BRL GBP,Spot,Forward price of underlying instrument,CASH,Cash,BRL,GBP,BRL,,,,,,,,,
1,Foreign_Exchange,Forward,NDF,UPI,QZ09X6ZT7C7V,New,,2023-11-05 18:44:34,JFTXFC,NA/Fwd NDF GBP TWD,GBP TWD,Spot,Forward price of underlying instrument,CASH,Cash,GBP,TWD,TWD,,,,,,,,,
1,Foreign_Exchange,Forward,NDF,UPI,QZCT26T5C20K,New,,2023-11-05 18:45:07,JFTXFC,NA/Fwd NDF BRL JPY,BRL JPY,Spot,Forward price of underlying instrument,CASH,Cash,BRL,JPY,BRL,,,,,,,,,
1,Foreign_Exchange,Forward,NDF,UPI,QZWBTL864N9C,New,,2023-11-05 18:46:36,JFTXFC,NA/Fwd NDF CLP USD,CLP USD,Spot,Forward price of underlying instrument,CASH,Cash,CLP,USD,CLP,,,,,,,,,
1,Foreign_Exchange,Forward,NDF,UPI,QZTZJX1DPKTR,New,,2023-11-05 18:46:37,JFTXFC,NA/Fwd NDF CNY USD,CNY USD,Spot,Forward price of underlying instrument,CASH,Cash,CNY,USD,CNY,,,,,,,,,
1,Foreign_Exchange,Forward,NDF,UPI,QZKJB32DWXNW,New,,2023-11-05 18:46:57,JFTXFC,NA/Fwd NDF KRW USD,KRW USD,Spot,Forward price of underlying instrument,CASH,Cash,KRW,USD,KRW,,,,,,,,,
1,Foreign_Exchange,Forward,NDF,UPI,QZRVVSSGLT1K,New,,2023-11-05 18:48:13,JFTXFC,NA/Fwd NDF JPY PHP,JPY PHP,Spot,Forward price of underlying instrument,CASH,Cash,JPY,PHP,JPY,,,,,,,,,
1,Foreign_Exchange,Forward,NDF,UPI,QZ1HLSFMJ2B0,New,,2023-11-05 18:48:30,JFTXFC,NA/Fwd NDF CNY JPY,CNY JPY,Spot,Forward price of underlying instrument,CASH,Cash,CNY,JPY,JPY,,,,,,,,,
1,Foreign_Exchange,Forward,NDF,UPI,QZ3BNXH163M9,New,,2023-11-05 18:50:24,JFTXFC,NA/Fwd NDF CHF TWD,CHF TWD,Spot,Forward price of underlying instrument,CASH,Cash,CHF,TWD,TWD,,,,,,,,,
1,Foreign_Exchange,Forward,NDF,UPI,QZJP5569RM0K,New,,2023-11-05 18:51:00,JFTXFC,NA/Fwd NDF TND USD,TND USD,Spot,Forward price of underlying instrument,CASH,Cash,TND,USD,USD,,,,,,,,,
1,Foreign_Exchange,Forward,NDF,UPI,QZP1WFP6QS56,New,,2023-11-05 18:52:49,JFTXFC,NA/Fwd NDF PKR USD,PKR USD,Spot,Forward price of underlying instrument,CASH,Cash,PKR,USD,USD,,,,,,,,,
1,Foreign_Exchange,Forward,NDF,UPI,QZ0XMNC68N4H,New,,2023-11-05 18:56:12,JFTXFC,NA/Fwd NDF PKR SEK,PKR SEK,Spot,Forward price of underlying instrument,CASH,Cash,PKR,SEK,SEK,,,,,,,,,
1,Foreign_Exchange,Forward,NDF,UPI,QZSFLBFRLP5Z,New,,2023-11-05 19:00:17,JFTXFC,NA/Fwd NDF CAD KRW,CAD KRW,Spot,Forward price of underlying instrument,CASH,Cash,CAD,KRW,CAD,,,,,,,,,
1,Foreign_Exchange,Forward,NDF,UPI,QZV44HQ936BJ,New,,2023-11-05 19:03:19,JFTXFC,NA/Fwd NDF DZD USD,DZD USD,Spot,Forward price of underlying instrument,CASH,Cash,DZD,USD,USD,,,,,,,,,
1,Foreign_Exchange,Forward,NDF,UPI,QZLHRDKC514L,New,,2023-11-05 19:07:26,JFTXFC,NA/Fwd NDF MVR USD,MVR USD,Spot,Forward price of underlying instrument,CASH,Cash,MVR,USD,MVR,,,,,,,,,
1,Foreign_Exchange,Forward,NDF,UPI,QZNKXLMVCGC0,New,,2023-11-05 19:07:41,JFTXFC,NA/Fwd NDF INR TWD,INR TWD,Spot,Forward price of underlying instrument,CASH,Cash,INR,TWD,INR,,,,,,,,,
1,Foreign_Exchange,Forward,NDF,UPI,QZ48BLJLLQD2,New,,2023-11-05 19:08:49,JFTXFC,NA/Fwd NDF CNY HKD,CNY HKD,Spot,Forward price of underlying instrument,CASH,Cash,CNY,HKD,HKD,,,,,,,,,
1,Foreign_Exchange,Forward,NDF,UPI,QZ7JTNW39QMM,New,,2023-11-05 19:11:59,JFTXFC,NA/Fwd NDF EUR INR,EUR INR,Spot,Forward price of underlying instrument,CASH,Cash,EUR,INR,INR,,,,,,,,,
1,Foreign_Exchange,Forward,NDF,UPI,QZ93P5BFHJJZ,New,,2023-11-05 19:12:47,JFTXFC,NA/Fwd NDF CHF KRW,CHF KRW,Spot,Forward price of underlying instrument,CASH,Cash,CHF,KRW,KRW,,,,,,,,,
1,Foreign_Exchange,Forward,NDF,UPI,QZ29NPQM4B6W,New,,2023-11-05 19:13:32,JFTXFC,NA/Fwd NDF HUF USD,HUF USD,Spot,Forward price of underlying instrument,CASH,Cash,HUF,USD,HUF,,,,,,,,,
1,Foreign_Exchange,Forward,NDF,UPI,QZLG8LV256DM,New,,2023-11-05 19:15:45,JFTXFC,NA/Fwd NDF COP EUR,COP EUR,Spot,Forward price of underlying instrument,CASH,Cash,COP,EUR,COP,,,,,,,,,
1,Foreign_Exchange,Forward,NDF,UPI,QZL0VL8S5TSS,New,,2023-11-05 19:15:47,JFTXFC,NA/Fwd NDF PLN USD,PLN USD,Spot,Forward price of underlying instrument,CASH,Cash,PLN,USD,PLN,,,,,,,,,
1,Foreign_Exchange,Forward,NDF,UPI,QZZLTNVXFP2F,New,,2023-11-05 19:17:17,JFTXFC,NA/Fwd NDF NOK USD,NOK USD,Spot,Forward price of underlying instrument,CASH,Cash,NOK,USD,NOK,,,,,,,,,
1,Foreign_Exchange,Forward,NDF,UPI,QZSZC2C6Q7MJ,New,,2023-11-05 19:17:48,JFTXFC,NA/Fwd NDF CAD USD,CAD USD,Spot,Forward price of underlying instrument,CASH,Cash,CAD,USD,CAD,,,,,,,,,
1,Foreign_Exchange,Forward,NDF,UPI,QZV7X45VM309,New,,2023-11-05 19:17:52,JFTXFC,NA/Fwd NDF AOA USD,AOA USD,Spot,Forward price of underlying instrument,CASH,Cash,AOA,USD,AOA,,,,,,,,,
1,Foreign_Exchange,Forward,NDF,UPI,QZJF589CFW2Q,New,,2023-11-05 21:32:22,JFTXFC,NA/Fwd NDF CHF CNY,CHF CNY,Spot,Forward price of underlying instrument,CASH,Cash,CHF,CNY,CNY,,,,,,,,,
1,Foreign_Exchange,Forward,NDF,UPI,QZC1Z8L7H2PS,New,,2023-11-05 21:32:23,JFTXFC,NA/Fwd NDF CHF IDR,CHF IDR,Spot,Forward price of underlying instrument,CASH,Cash,CHF,IDR,IDR,,,,,,,,,
1,Foreign_Exchange,Forward,NDF,UPI,QZ1VZJKGST2X,New,,2023-11-05 21:32:25,JFTXFC,NA/Fwd NDF CHF PHP,CHF PHP,Spot,Forward price of underlying instrument,CASH,Cash,CHF,PHP,PHP,,,,,,,,,
1,Foreign_Exchange,Forward,NDF,UPI,QZTNTW7M6SLD,New,,2023-11-05 22:15:04,JFTXFC,NA/Fwd NDF BRL JPY,BRL JPY,Spot,Forward price of underlying instrument,CASH,Cash,BRL,JPY,USD,,,,,,,,,
1,Foreign_Exchange,Forward,NDF,UPI,QZ8SKK307D4G,New,,2023-11-05 22:15:05,JFTXFC,NA/Fwd NDF EUR IDR,EUR IDR,Spot,Forward price of underlying instrument,CASH,Cash,EUR,IDR,USD,,,,,,,,,
1,Foreign_Exchange,Forward,NDF,UPI,QZR0ZBZCLBPD,New,,2023-11-05 22:15:06,JFTXFC,NA/Fwd NDF EUR INR,EUR INR,Spot,Forward price of underlying instrument,CASH,Cash,EUR,INR,USD,,,,,,,,,
1,Foreign_Exchange,Forward,NDF,UPI,QZ84BLDT2XXH,New,,2023-11-05 22:15:07,JFTXFC,NA/Fwd NDF EUR KRW,EUR KRW,Spot,Forward price of underlying instrument,CASH,Cash,EUR,KRW,USD,,,,,,,,,
1,Foreign_Exchange,Forward,NDF,UPI,QZGVZGRN9B30,New,,2023-11-05 22:15:12,JFTXFC,NA/Fwd NDF JPY KRW,JPY KRW,Spot,Forward price of underlying instrument,CASH,Cash,JPY,KRW,USD,,,,,,,,,
1,Foreign_Exchange,Forward,NDF,UPI,QZNWD20LD1S3,New,,2023-11-05 22:18:41,JFTXFC,NA/Fwd NDF JPY TWD,JPY TWD,Spot,Forward price of underlying instrument,CASH,Cash,JPY,TWD,USD,,,,,,,,,
1,Foreign_Exchange,Forward,NDF,UPI,QZWGMVBQPDZC,New,,2023-11-05 22:18:58,JFTXFC,NA/Fwd NDF GBP INR,GBP INR,Spot,Forward price of underlying instrument,CASH,Cash,GBP,INR,USD,,,,,,,,,
1,Foreign_Exchange,Forward,NDF,UPI,QZT7D879GMZX,New,,2023-11-05 22:19:35,JFTXFC,NA/Fwd NDF IDR SGD,IDR SGD,Spot,Forward price of underlying instrument,CASH,Cash,IDR,SGD,USD,,,,,,,,,
1,Foreign_Exchange,Forward,NDF,UPI,QZXDCFM8N74H,New,,2023-11-05 22:19:36,JFTXFC,NA/Fwd NDF GBP TWD,GBP TWD,Spot,Forward price of underlying instrument,CASH,Cash,GBP,TWD,USD,,,,,,,,,
1,Foreign_Exchange,Forward,NDF,UPI,QZXVHPVSVLRS,New,,2023-11-05 22:19:42,JFTXFC,NA/Fwd NDF BRL EUR,BRL EUR,Spot,Forward price of underlying instrument,CASH,Cash,BRL,EUR,USD,,,,,,,,,
1,Foreign_Exchange,Forward,NDF,UPI,QZL1BL1LFBTC,New,,2023-11-05 22:19:52,JFTXFC,NA/Fwd NDF AUD TWD,AUD TWD,Spot,Forward price of underlying instrument,CASH,Cash,AUD,TWD,USD,,,,,,,,,
1,Foreign_Exchange,Forward,NDF,UPI,QZ0CSTZ3646X,New,,2023-11-05 22:21:04,JFTXFC,NA/Fwd NDF CNY TWD,CNY TWD,Spot,Forward price of underlying instrument,CASH,Cash,CNY,TWD,USD,,,,,,,,,
1,Foreign_Exchange,Forward,NDF,UPI,QZ23SB786VTK,New,,2023-11-05 22:21:40,JFTXFC,NA/Fwd NDF INR SGD,INR SGD,Spot,Forward price of underlying instrument,CASH,Cash,INR,SGD,USD,,,,,,,,,
1,Foreign_Exchange,Forward,NDF,UPI,QZ9H9V181XBT,New,,2023-11-05 22:28:29,JFTXFC,NA/Fwd NDF CNY INR,CNY INR,Spot,Forward price of underlying instrument,CASH,Cash,CNY,INR,USD,,,,,,,,,
1,Foreign_Exchange,Forward,NDF,UPI,QZ3WNX17SC04,New,,2023-11-05 22:40:46,JFTXFC,NA/Fwd NDF CNY KRW,CNY KRW,Spot,Forward price of underlying instrument,CASH,Cash,CNY,KRW,USD,,,,,,,,,
1,Foreign_Exchange,Forward,NDF,UPI,QZC82FB8BW7T,New,,2023-11-06 00:04:49,JFTXFC,NA/Fwd NDF AUD KRW,AUD KRW,Spot,Forward price of underlying instrument,CASH,Cash,AUD,KRW,USD,,,,,,,,,
1,Foreign_Exchange,Forward,NDF,UPI,QZFH0Z3DLTSF,New,,2023-11-06 00:20:49,JFTXFC,NA/Fwd NDF GBP KRW,GBP KRW,Spot,Forward price of underlying instrument,CASH,Cash,GBP,KRW,USD,,,,,,,,,
1,Foreign_Exchange,Forward,NDF,UPI,QZVM6X0F6T7H,New,,2023-11-06 00:27:38,JFTXFC,NA/Fwd NDF USD XAG,USD XAG,Spot,Forward price of underlying instrument,CASH,Cash,USD,XAG,USD,,,,,,,,,
1,Foreign_Exchange,Forward,NDF,UPI,QZD8DZBHN6GM,New,,2023-11-06 00:27:49,JFTXFC,NA/Fwd NDF USD XAU,USD XAU,Spot,Forward price of underlying instrument,CASH,Cash,USD,XAU,USD,,,,,,,,,
1,Foreign_Exchange,Forward,NDF,UPI,QZ65T86TMS5Z,New,,2023-11-06 01:36:39,JFTXFC,NA/Fwd NDF BRL GBP,BRL GBP,Spot,Forward price of underlying instrument,CASH,Cash,BRL,GBP,USD,,,,,,,,,
1,Foreign_Exchange,Forward,NDF,UPI,QZ59F0JG0HHZ,New,,2023-11-06 02:00:38,JFTXFC,NA/Fwd NDF CHF TWD,CHF TWD,Spot,Forward price of underlying instrument,CASH,Cash,CHF,TWD,USD,,,,,,,,,
1,Foreign_Exchange,Forward,NDF,UPI,QZF4Q4FGZ55T,New,,2023-11-06 02:06:07,JFTXFC,NA/Fwd NDF DZD USD,DZD USD,Spot,Forward price of underlying instrument,CASH,Cash,DZD,USD,DZD,,,,,,,,,
1,Foreign_Exchange,Forward,NDF,UPI,QZ6VL4PJF58T,New,,2023-11-06 02:21:18,JFTXFC,NA/Fwd NDF EGP MNT,EGP MNT,Spot,Forward price of underlying instrument,CASH,Cash,EGP,MNT,EGP,,,,,,,,,
1,Foreign_Exchange,Forward,NDF,UPI,QZ7KFDSMFL2V,New,,2023-11-06 02:31:04,JFTXFC,NA/Fwd NDF CNY IDR,CNY IDR,Spot,Forward price of underlying instrument,CASH,Cash,CNY,IDR,USD,,,,,,,,,
1,Foreign_Exchange,Forward,NDF,UPI,QZHVVR858KB7,New,,2023-11-06 03:01:58,JFTXFC,NA/Fwd NDF BDT USD,BDT USD,Spot,Forward price of underlying instrument,CASH,Cash,BDT,USD,USD,,,,,,,,,
1,Foreign_Exchange,Forward,NDF,UPI,QZHL0F88XLDG,New,,2023-11-06 03:01:58,JFTXFC,NA/Fwd NDF AUD NZD,AUD NZD,Spot,Forward price of underlying instrument,CASH,Cash,AUD,NZD,AUD,,,,,,,,,
1,Foreign_Exchange,Forward,NDF,UPI,QZ1PT3TGTTC7,New,,2023-11-06 03:01:58,JFTXFC,NA/Fwd NDF BRL GBP,BRL GBP,Spot,Forward price of underlying instrument,CASH,Cash,BRL,GBP,GBP,,,,,,,,,
1,Foreign_Exchange,Forward,NDF,UPI,QZDLMCQMT0RP,New,,2023-11-06 03:01:58,JFTXFC,NA/Fwd NDF AED AUD,AED AUD,Spot,Forward price of underlying instrument,CASH,Cash,AED,AUD,AUD,,,,,,,,,
1,Foreign_Exchange,Forward,NDF,UPI,QZMNPD1DZKKZ,New,,2023-11-06 03:01:58,JFTXFC,NA/Fwd NDF AUD HKD,AUD HKD,Spot,Forward price of underlying instrument,CASH,Cash,AUD,HKD,HKD,,,,,,,,,
1,Foreign_Exchange,Forward,NDF,UPI,QZTFPGM4D3M5,New,,2023-11-06 03:01:59,JFTXFC,NA/Fwd NDF AUD KRW,AUD KRW,Spot,Forward price of underlying instrument,CASH,Cash,AUD,KRW,AUD,,,,,,,,,
1,Foreign_Exchange,Forward,NDF,UPI,QZ6LQNZ619C7,New,,2023-11-06 03:01:59,JFTXFC,NA/Fwd NDF CNY EUR,CNY EUR,Spot,Forward price of underlying instrument,CASH,Cash,CNY,EUR,EUR,,,,,,,,,
1,Foreign_Exchange,Forward,NDF,UPI,QZW96J254Z29,New,,2023-11-06 03:01:59,JFTXFC,NA/Fwd NDF GBP ZAR,GBP ZAR,Spot,Forward price of underlying instrument,CASH,Cash,GBP,ZAR,ZAR,,,,,,,,,
1,Foreign_Exchange,Forward,NDF,UPI,QZGFT3GF1B67,New,,2023-11-06 03:01:59,JFTXFC,NA/Fwd NDF AUD TWD,AUD TWD,Spot,Forward price of underlying instrument,CASH,Cash,AUD,TWD,AUD,,,,,,,,,
1,Foreign_Exchange,Forward,NDF,UPI,QZKXQ67QD76Z,New,,2023-11-06 03:02:00,JFTXFC,NA/Fwd NDF AUD CHF,AUD CHF,Spot,Forward price of underlying instrument,CASH,Cash,AUD,CHF,AUD,,,,,,,,,
1,Foreign_Exchange,Forward,NDF,UPI,QZVDPF5FGRG3,New,,2023-11-06 03:02:00,JFTXFC,NA/Fwd NDF COP EUR,COP EUR,Spot,Forward price of underlying instrument,CASH,Cash,COP,EUR,EUR,,,,,,,,,
1,Foreign_Exchange,Forward,NDF,UPI,QZ3DQ851WHZG,New,,2023-11-06 03:02:00,JFTXFC,NA/Fwd NDF AUD CNY,AUD CNY,Spot,Forward price of underlying instrument,CASH,Cash,AUD,CNY,CNY,,,,,,,,,
1,Foreign_Exchange,Forward,NDF,UPI,QZHVCRW8VMP9,New,,2023-11-06 03:02:00,JFTXFC,NA/Fwd NDF AUD PHP,AUD PHP,Spot,Forward price of underlying instrument,CASH,Cash,AUD,PHP,AUD,,,,,,,,,
1,Foreign_Exchange,Forward,NDF,UPI,QZS5VD2PPQ7X,New,,2023-11-06 03:02:01,JFTXFC,NA/Fwd NDF AUD NZD,AUD NZD,Spot,Forward price of underlying instrument,CASH,Cash,AUD,NZD,NZD,,,,,,,,,
1,Foreign_Exchange,Forward,NDF,UPI,QZSQM6CMFFW8,New,,2023-11-06 03:02:01,JFTXFC,NA/Fwd NDF JPY MYR,JPY MYR,Spot,Forward price of underlying instrument,CASH,Cash,JPY,MYR,MYR,,,,,,,,,
1,Foreign_Exchange,Forward,NDF,UPI,QZZBPTCSZJF5,New,,2023-11-06 03:02:01,JFTXFC,NA/Fwd NDF BRL EUR,BRL EUR,Spot,Forward price of underlying instrument,CASH,Cash,BRL,EUR,EUR,,,,,,,,,
1,Foreign_Exchange,Forward,NDF,UPI,QZ71CD46W7N9,New,,2023-11-06 03:02:01,JFTXFC,NA/Fwd NDF AUD SGD,AUD SGD,Spot,Forward price of underlying instrument,CASH,Cash,AUD,SGD,AUD,,,,,,,,,
1,Foreign_Exchange,Forward,NDF,UPI,QZ3W6GK208SD,New,,2023-11-06 03:02:01,JFTXFC,NA/Fwd NDF CNY SEK,CNY SEK,Spot,Forward price of underlying instrument,CASH,Cash,CNY,SEK,CNY,,,,,,,,,
1,Foreign_Exchange,Forward,NDF,UPI,QZGC94P3RMCZ,New,,2023-11-06 03:02:02,JFTXFC,NA/Fwd NDF NZD USD,NZD USD,Spot,Forward price of underlying instrument,CASH,Cash,NZD,USD,NZD,,,,,,,,,
1,Foreign_Exchange,Forward,NDF,UPI,QZPD7JZDZDBP,New,,2023-11-06 03:02:02,JFTXFC,NA/Fwd NDF CAD JPY,CAD JPY,Spot,Forward price of underlying instrument,CASH,Cash,CAD,JPY,JPY,,,,,,,,,
1,Foreign_Exchange,Forward,NDF,UPI,QZS0TPP6K11L,New,,2023-11-06 03:02:02,JFTXFC,NA/Fwd NDF EUR INR,EUR INR,Spot,Forward price of underlying instrument,CASH,Cash,EUR,INR,EUR,,,,,,,,,
1,Foreign_Exchange,Forward,NDF,UPI,QZ96D7WQVFR8,New,,2023-11-06 03:02:02,JFTXFC,NA/Fwd NDF CNY MYR,CNY MYR,Spot,Forward price of underlying instrument,CASH,Cash,CNY,MYR,CNY,,,,,,,,,
1,Foreign_Exchange,Forward,NDF,UPI,QZMB3RS61PZQ,New,,2023-11-06 03:02:02,JFTXFC,NA/Fwd NDF HKD JPY,HKD JPY,Spot,Forward price of underlying instrument,CASH,Cash,HKD,JPY,JPY,,,,,,,,,
1,Foreign_Exchange,Forward,NDF,UPI,QZPHBS1RD71M,New,,2023-11-06 03:02:03,JFTXFC,NA/Fwd NDF EUR RUB,EUR RUB,Spot,Forward price of underlying instrument,CASH,Cash,EUR,RUB,EUR,,,,,,,,,
1,Foreign_Exchange,Forward,NDF,UPI,QZ20FPDKZCCW,New,,2023-11-06 03:02:03,JFTXFC,NA/Fwd NDF AUD HKD,AUD HKD,Spot,Forward price of underlying instrument,CASH,Cash,AUD,HKD,AUD,,,,,,,,,
1,Foreign_Exchange,Forward,NDF,UPI,QZB15XBKF6MC,New,,2023-11-06 03:02:03,JFTXFC,NA/Fwd NDF CAD EUR,CAD EUR,Spot,Forward price of underlying instrument,CASH,Cash,CAD,EUR,EUR,,,,,,,,,
1,Foreign_Exchange,Forward,NDF,UPI,QZHQML82TD5P,New,,2023-11-06 03:02:03,JFTXFC,NA/Fwd NDF MYR THB,MYR THB,Spot,Forward price of underlying instrument,CASH,Cash,MYR,THB,MYR,,,,,,,,,
1,Foreign_Exchange,Forward,NDF,UPI,QZSB0Z57H4HH,New,,2023-11-06 03:02:03,JFTXFC,NA/Fwd NDF AUD THB,AUD THB,Spot,Forward price of underlying instrument,CASH,Cash,AUD,THB,AUD,,,,,,,,,
1,Foreign_Exchange,Forward,NDF,UPI,QZDJSSFXFNPT,New,,2023-11-06 03:02:03,JFTXFC,NA/Fwd NDF LKR USD,LKR USD,Spot,Forward price of underlying instrument,CASH,Cash,LKR,USD,USD,,,,,,,,,
1,Foreign_Exchange,Forward,NDF,UPI,QZH231RBT9RJ,New,,2023-11-06 03:02:04,JFTXFC,NA/Fwd NDF GBP ZAR,GBP ZAR,Spot,Forward price of underlying instrument,CASH,Cash,GBP,ZAR,GBP,,,,,,,,,
1,Foreign_Exchange,Forward,NDF,UPI,QZF5SZHB5894,New,,2023-11-06 03:02:04,JFTXFC,NA/Fwd NDF AUD ZAR,AUD ZAR,Spot,Forward price of underlying instrument,CASH,Cash,AUD,ZAR,AUD,,,,,,,,,
1,Foreign_Exchange,Forward,NDF,UPI,QZZ4QJDDJCP8,New,,2023-11-06 03:02:04,JFTXFC,NA/Fwd NDF EUR MYR,EUR MYR,Spot,Forward price of underlying instrument,CASH,Cash,EUR,MYR,EUR,,,,,,,,,
1,Foreign_Exchange,Forward,NDF,UPI,QZHKNCH0K6CQ,New,,2023-11-06 03:02:04,JFTXFC,NA/Fwd NDF CLP SEK,CLP SEK,Spot,Forward price of underlying instrument,CASH,Cash,CLP,SEK,SEK,,,,,,,,,
1,Foreign_Exchange,Forward,NDF,UPI,QZ94G3TW7F4J,New,,2023-11-06 03:02:05,JFTXFC,NA/Fwd NDF JPY KRW,JPY KRW,Spot,Forward price of underlying instrument,CASH,Cash,JPY,KRW,JPY,,,,,,,,,
1,Foreign_Exchange,Forward,NDF,UPI,QZ5JDKD6LZMB,New,,2023-11-06 03:02:05,JFTXFC,NA/Fwd NDF CNY GBP,CNY GBP,Spot,Forward price of underlying instrument,CASH,Cash,CNY,GBP,GBP,,,,,,,,,
1,Foreign_Exchange,Forward,NDF,UPI,QZZ94JSZM7DD,New,,2023-11-06 03:02:05,JFTXFC,NA/Fwd NDF CHF USD,CHF USD,Spot,Forward price of underlying instrument,CASH,Cash,CHF,USD,CHF,,,,,,,,,
1,Foreign_Exchange,Forward,NDF,UPI,QZ1V1L9FV3RT,New,,2023-11-06 03:02:05,JFTXFC,NA/Fwd NDF GBP JPY,GBP JPY,Spot,Forward price of underlying instrument,CASH,Cash,GBP,JPY,JPY,,,,,,,,,
1,Foreign_Exchange,Forward,NDF,UPI,QZND7J152DNB,New,,2023-11-06 03:02:05,JFTXFC,NA/Fwd NDF CNY NZD,CNY NZD,Spot,Forward price of underlying instrument,CASH,Cash,CNY,NZD,NZD,,,,,,,,,
1,Foreign_Exchange,Forward,NDF,UPI,QZ68WNW27MW0,New,,2023-11-06 03:02:06,JFTXFC,NA/Fwd NDF GBP PHP,GBP PHP,Spot,Forward price of underlying instrument,CASH,Cash,GBP,PHP,GBP,,,,,,,,,
1,Foreign_Exchange,Forward,NDF,UPI,QZQ77L7TCVFZ,New,,2023-11-06 03:02:06,JFTXFC,NA/Fwd NDF JPY USD,JPY USD,Spot,Forward price of underlying instrument,CASH,Cash,JPY,USD,USD,,,,,,,,,
1,Foreign_Exchange,Forward,NDF,UPI,QZPL40NQ2Z2T,New,,2023-11-06 03:02:06,JFTXFC,NA/Fwd NDF CAD NOK,CAD NOK,Spot,Forward price of underlying instrument,CASH,Cash,CAD,NOK,CAD,,,,,,,,,
1,Foreign_Exchange,Forward,NDF,UPI,QZWF3GDPTFTQ,New,,2023-11-06 03:02:06,JFTXFC,NA/Fwd NDF AUD GBP,AUD GBP,Spot,Forward price of underlying instrument,CASH,Cash,AUD,GBP,GBP,,,,,,,,,
1,Foreign_Exchange,Forward,NDF,UPI,QZZT98JSKSBT,New,,2023-11-06 03:02:07,JFTXFC,NA/Fwd NDF EUR GBP,EUR GBP,Spot,Forward price of underlying instrument,CASH,Cash,EUR,GBP,EUR,,,,,,,,,
1,Foreign_Exchange,Forward,NDF,UPI,QZNZKC16C7S8,New,,2023-11-06 03:02:07,JFTXFC,NA/Fwd NDF EUR PHP,EUR PHP,Spot,Forward price of underlying instrument,CASH,Cash,EUR,PHP,EUR,,,,,,,,,
1,Foreign_Exchange,Forward,NDF,UPI,QZMQBXTZP3ML,New,,2023-11-06 03:02:07,JFTXFC,NA/Fwd NDF GBP USD,GBP USD,Spot,Forward price of underlying instrument,CASH,Cash,GBP,USD,GBP,,,,,,,,,
1,Foreign_Exchange,Forward,NDF,UPI,QZV69WJBSPVF,New,,2023-11-06 03:02:07,JFTXFC,NA/Fwd NDF CNY JPY,CNY JPY,Spot,Forward price of underlying instrument,CASH,Cash,CNY,JPY,CNY,,,,,,,,,
1,Foreign_Exchange,Forward,NDF,UPI,QZ1XJVK4PKP1,New,,2023-11-06 03:02:08,JFTXFC,NA/Fwd NDF CHF CNY,CHF CNY,Spot,Forward price of underlying instrument,CASH,Cash,CHF,CNY,CHF,,,,,,,,,
1,Foreign_Exchange,Forward,NDF,UPI,QZSGGK1T2VS6,New,,2023-11-06 03:02:08,JFTXFC,NA/Fwd NDF GBP JPY,GBP JPY,Spot,Forward price of underlying instrument,CASH,Cash,GBP,JPY,GBP,,,,,,,,,
1,Foreign_Exchange,Forward,NDF,UPI,QZ6V6CR1MD6M,New,,2023-11-06 03:02:08,JFTXFC,NA/Fwd NDF CNY PHP,CNY PHP,Spot,Forward price of underlying instrument,CASH,Cash,CNY,PHP,CNY,,,,,,,,,
1,Foreign_Exchange,Forward,NDF,UPI,QZ0VBQWGZNGD,New,,2023-11-06 03:02:08,JFTXFC,NA/Fwd NDF EUR IDR,EUR IDR,Spot,Forward price of underlying instrument,CASH,Cash,EUR,IDR,EUR,,,,,,,,,
1,Foreign_Exchange,Forward,NDF,UPI,QZDGBJG0VX0P,New,,2023-11-06 03:02:09,JFTXFC,NA/Fwd NDF CNY NZD,CNY NZD,Spot,Forward price of underlying instrument,CASH,Cash,CNY,NZD,CNY,,,,,,,,,
1,Foreign_Exchange,Forward,NDF,UPI,QZKS0F0WZLTV,New,,2023-11-06 03:02:09,JFTXFC,NA/Fwd NDF CHF TWD,CHF TWD,Spot,Forward price of underlying instrument,CASH,Cash,CHF,TWD,CHF,,,,,,,,,
1,Foreign_Exchange,Forward,NDF,UPI,QZ4K36R3FPHD,New,,2023-11-06 03:02:09,JFTXFC,NA/Fwd NDF CHF KRW,CHF KRW,Spot,Forward price of underlying instrument,CASH,Cash,CHF,KRW,CHF,,,,,,,,,
1,Foreign_Exchange,Forward,NDF,UPI,QZCH66ZCK9BH,New,,2023-11-06 03:02:09,JFTXFC,NA/Fwd NDF CAD NOK,CAD NOK,Spot,Forward price of underlying instrument,CASH,Cash,CAD,NOK,NOK,,,,,,,,,
1,Foreign_Exchange,Forward,NDF,UPI,QZP5K337RH35,New,,2023-11-06 03:02:09,JFTXFC,NA/Fwd NDF JPY NZD,JPY NZD,Spot,Forward price of underlying instrument,CASH,Cash,JPY,NZD,NZD,,,,,,,,,
1,Foreign_Exchange,Forward,NDF,UPI,QZKTQ1534VT9,New,,2023-11-06 03:02:10,JFTXFC,NA/Fwd NDF HKD USD,HKD USD,Spot,Forward price of underlying instrument,CASH,Cash,HKD,USD,HKD,,,,,,,,,
1,Foreign_Exchange,Forward,NDF,UPI,QZ0ZZK1P7HDG,New,,2023-11-06 03:02:10,JFTXFC,NA/Fwd NDF EGP EUR,EGP EUR,Spot,Forward price of underlying instrument,CASH,Cash,EGP,EUR,EUR,,,,,,,,,
1,Foreign_Exchange,Forward,NDF,UPI,QZ6N2VFKJJ3Q,New,,2023-11-06 03:02:10,JFTXFC,NA/Fwd NDF EUR NZD,EUR NZD,Spot,Forward price of underlying instrument,CASH,Cash,EUR,NZD,EUR,,,,,,,,,
1,Foreign_Exchange,Forward,NDF,UPI,QZZ1P212GKSJ,New,,2023-11-06 03:02:10,JFTXFC,NA/Fwd NDF IDR SGD,IDR SGD,Spot,Forward price of underlying instrument,CASH,Cash,IDR,SGD,SGD,,,,,,,,,
1,Foreign_Exchange,Forward,NDF,UPI,QZPFCSWDM7QD,New,,2023-11-06 03:02:10,JFTXFC,NA/Fwd NDF AUD SEK,AUD SEK,Spot,Forward price of underlying instrument,CASH,Cash,AUD,SEK,AUD,,,,,,,,,
1,Foreign_Exchange,Forward,NDF,UPI,QZM8FL78V77M,New,,2023-11-06 03:02:11,JFTXFC,NA/Fwd NDF EUR THB,EUR THB,Spot,Forward price of underlying instrument,CASH,Cash,EUR,THB,EUR,,,,,,,,,
1,Foreign_Exchange,Forward,NDF,UPI,QZ1G400BM487,New,,2023-11-06 03:02:11,JFTXFC,NA/Fwd NDF EUR KRW,EUR KRW,Spot,Forward price of underlying instrument,CASH,Cash,EUR,KRW,EUR,,,,,,,,,
1,Foreign_Exchange,Forward,NDF,UPI,QZT0TFJ5LSWX,New,,2023-11-06 03:02:11,JFTXFC,NA/Fwd NDF GBP KRW,GBP KRW,Spot,Forward price of underlying instrument,CASH,Cash,GBP,KRW,GBP,,,,,,,,,
1,Foreign_Exchange,Forward,NDF,UPI,QZ6G2LJDDZMQ,New,,2023-11-06 03:02:11,JFTXFC,NA/Fwd NDF EUR SGD,EUR SGD,Spot,Forward price of underlying instrument,CASH,Cash,EUR,SGD,EUR,,,,,,,,,
1,Foreign_Exchange,Forward,NDF,UPI,QZHQCCTDCHJ6,New,,2023-11-06 03:02:11,JFTXFC,NA/Fwd NDF EUR TWD,EUR TWD,Spot,Forward price of underlying instrument,CASH,Cash,EUR,TWD,EUR,,,,,,,,,
1,Foreign_Exchange,Forward,NDF,UPI,QZ56HBN9JSGR,New,,2023-11-06 03:02:12,JFTXFC,NA/Fwd NDF EUR NOK,EUR NOK,Spot,Forward price of underlying instrument,CASH,Cash,EUR,NOK,EUR,,,,,,,,,
1,Foreign_Exchange,Forward,NDF,UPI,QZHBTZXJ0W5V,New,,2023-11-06 03:02:12,JFTXFC,NA/Fwd NDF EUR JPY,EUR JPY,Spot,Forward price of underlying instrument,CASH,Cash,EUR,JPY,EUR,,,,,,,,,
1,Foreign_Exchange,Forward,NDF,UPI,QZGVDJ3S54VN,New,,2023-11-06 03:02:12,JFTXFC,NA/Fwd NDF EUR HKD,EUR HKD,Spot,Forward price of underlying instrument,CASH,Cash,EUR,HKD,EUR,,,,,,,,,
1,Foreign_Exchange,Forward,NDF,UPI,QZJ49HBXG4G1,New,,2023-11-06 03:02:12,JFTXFC,NA/Fwd NDF INR SGD,INR SGD,Spot,Forward price of underlying instrument,CASH,Cash,INR,SGD,SGD,,,,,,,,,
1,Foreign_Exchange,Forward,NDF,UPI,QZJCLK8D710F,New,,2023-11-06 03:02:12,JFTXFC,NA/Fwd NDF EUR GBP,EUR GBP,Spot,Forward price of underlying instrument,CASH,Cash,EUR,GBP,GBP,,,,,,,,,
1,Foreign_Exchange,Forward,NDF,UPI,QZMM5N1SM8B9,New,,2023-11-06 03:02:13,JFTXFC,NA/Fwd NDF GBP INR,GBP INR,Spot,Forward price of underlying instrument,CASH,Cash,GBP,INR,GBP,,,,,,,,,
1,Foreign_Exchange,Forward,NDF,UPI,QZB69JHWZ27N,New,,2023-11-06 03:02:13,JFTXFC,NA/Fwd NDF CNY HKD,CNY HKD,Spot,Forward price of underlying instrument,CASH,Cash,CNY,HKD,CNY,,,,,,,,,
1,Foreign_Exchange,Forward,NDF,UPI,QZTVBCP65MNT,New,,2023-11-06 03:02:13,JFTXFC,NA/Fwd NDF AUD EUR,AUD EUR,Spot,Forward price of underlying instrument,CASH,Cash,AUD,EUR,EUR,,,,,,,,,
1,Foreign_Exchange,Forward,NDF,UPI,QZF7S3T7GT2M,New,,2023-11-06 03:02:13,JFTXFC,NA/Fwd NDF MYR SGD,MYR SGD,Spot,Forward price of underlying instrument,CASH,Cash,MYR,SGD,SGD,,,,,,,,,
1,Foreign_Exchange,Forward,NDF,UPI,QZZFMP6J47JQ,New,,2023-11-06 03:02:13,JFTXFC,NA/Fwd NDF AUD CAD,AUD CAD,Spot,Forward price of underlying instrument,CASH,Cash,AUD,CAD,AUD,,,,,,,,,
1,Foreign_Exchange,Forward,NDF,UPI,QZPQ885WVK8C,New,,2023-11-06 03:02:14,JFTXFC,NA/Fwd NDF GBP HKD,GBP HKD,Spot,Forward price of underlying instrument,CASH,Cash,GBP,HKD,GBP,,,,,,,,,
1,Foreign_Exchange,Forward,NDF,UPI,QZ78C4LGWH4T,New,,2023-11-06 03:02:14,JFTXFC,NA/Fwd NDF HKD JPY,HKD JPY,Spot,Forward price of underlying instrument,CASH,Cash,HKD,JPY,HKD,,,,,,,,,
1,Foreign_Exchange,Forward,NDF,UPI,QZ0FFVJNC40W,New,,2023-11-06 03:02:14,JFTXFC,NA/Fwd NDF AUD MYR,AUD MYR,Spot,Forward price of underlying instrument,CASH,Cash,AUD,MYR,AUD,,,,,,,,,
1,Foreign_Exchange,Forward,NDF,UPI,QZM9JWV1PDDL,New,,2023-11-06 03:02:14,JFTXFC,NA/Fwd NDF JPY USD,JPY USD,Spot,Forward price of underlying instrument,CASH,Cash,JPY,USD,JPY,,,,,,,,,
1,Foreign_Exchange,Forward,NDF,UPI,QZS5FK6Z7R3R,New,,2023-11-06 03:02:15,JFTXFC,NA/Fwd NDF AUD INR,AUD INR,Spot,Forward price of underlying instrument,CASH,Cash,AUD,INR,AUD,,,,,,,,,
1,Foreign_Exchange,Forward,NDF,UPI,QZ347B4CDB11,New,,2023-11-06 03:02:15,JFTXFC,NA/Fwd NDF AUD USD,AUD USD,Spot,Forward price of underlying instrument,CASH,Cash,AUD,USD,AUD,,,,,,,,,
1,Foreign_Exchange,Forward,NDF,UPI,QZLKJX7JH3KX,New,,2023-11-06 03:02:15,JFTXFC,NA/Fwd NDF SGD USD,SGD USD,Spot,Forward price of underlying instrument,CASH,Cash,SGD,USD,SGD,,,,,,,,,
1,Foreign_Exchange,Forward,NDF,UPI,QZ2NC81BCWKV,New,,2023-11-06 03:02:15,JFTXFC,NA/Fwd NDF AUD CNY,AUD CNY,Spot,Forward price of underlying instrument,CASH,Cash,AUD,CNY,AUD,,,,,,,,,
1,Foreign_Exchange,Forward,NDF,UPI,QZLBKRW9GJSB,New,,2023-11-06 03:02:15,JFTXFC,NA/Fwd NDF CAD JPY,CAD JPY,Spot,Forward price of underlying instrument,CASH,Cash,CAD,JPY,CAD,,,,,,,,,
1,Foreign_Exchange,Forward,NDF,UPI,QZHZF4L487HV,New,,2023-11-06 03:02:15,JFTXFC,NA/Fwd NDF EUR USD,EUR USD,Spot,Forward price of underlying instrument,CASH,Cash,EUR,USD,EUR,,,,,,,,,
1,Foreign_Exchange,Forward,NDF,UPI,QZPHS2ZJDL1P,New,,2023-11-06 03:02:16,JFTXFC,NA/Fwd NDF CAD GBP,CAD GBP,Spot,Forward price of underlying instrument,CASH,Cash,CAD,GBP,GBP,,,,,,,,,
1,Foreign_Exchange,Forward,NDF,UPI,QZ1WPT7J1H09,New,,2023-11-06 03:02:16,JFTXFC,NA/Fwd NDF CNY SGD,CNY SGD,Spot,Forward price of underlying instrument,CASH,Cash,CNY,SGD,SGD,,,,,,,,,
1,Foreign_Exchange,Forward,NDF,UPI,QZHB77ZNNSZ5,New,,2023-11-06 03:21:07,JFTXFC,NA/Fwd NDF PHP USD,PHP USD,Spot,Forward price of underlying instrument,CASH,Cash,PHP,USD,XXX,,,,,,,,,
1,Foreign_Exchange,Forward,NDF,UPI,QZ0B5NLGDGQT,New,,2023-11-06 03:21:09,JFTXFC,NA/Fwd NDF KRW SGD,KRW SGD,Spot,Forward price of underlying instrument,CASH,Cash,KRW,SGD,SGD,,,,,,,,,
1,Foreign_Exchange,Forward,NDF,UPI,QZVBSHQD844N,New,,2023-11-06 03:22:11,JFTXFC,NA/Fwd NDF MYR USD,MYR USD,Spot,Forward price of underlying instrument,CASH,Cash,MYR,USD,XXX,,,,,,,,,
1,Foreign_Exchange,Forward,NDF,UPI,QZ8FGGP4G9CM,New,,2023-11-06 03:29:15,JFTXFC,NA/Fwd NDF GBP NGN,GBP NGN,Spot,Forward price of underlying instrument,CASH,Cash,GBP,NGN,GBP,,,,,,,,,
1,Foreign_Exchange,Forward,NDF,UPI,QZJB6VS0G0Z2,New,,2023-11-06 03:37:13,JFTXFC,NA/Fwd NDF INR USD,INR USD,Spot,Forward price of underlying instrument,CASH,Cash,INR,USD,XXX,,,,,,,,,
1,Foreign_Exchange,Forward,NDF,UPI,QZDVZQXL6N1J,New,,2023-11-06 03:51:04,JFTXFC,NA/Fwd NDF EGP SGD,EGP SGD,Spot,Forward price of underlying instrument,CASH,Cash,EGP,SGD,EGP,,,,,,,,,
1,Foreign_Exchange,Forward,NDF,UPI,QZ7CSTSX55H2,New,,2023-11-06 03:51:04,JFTXFC,NA/Fwd NDF KRW SGD,KRW SGD,Spot,Forward price of underlying instrument,CASH,Cash,KRW,SGD,KRW,,,,,,,,,
1,Foreign_Exchange,Forward,NDF,UPI,QZ3FL4HBZC3P,New,,2023-11-06 04:06:41,JFTXFC,NA/Fwd NDF AUD INR,AUD INR,Spot,Forward price of underlying instrument,CASH,Cash,AUD,INR,INR,,,,,,,,,
1,Foreign_Exchange,Forward,NDF,UPI,QZBVG2Q6BK45,New,,2023-11-06 04:17:12,JFTXFC,NA/Fwd NDF CHF USD,CHF USD,Spot,Forward price of underlying instrument,CASH,Cash,CHF,USD,USD,,,,,,,,,
1,Foreign_Exchange,Forward,NDF,UPI,QZ5SBWQHMRLB,New,,2023-11-06 04:17:39,JFTXFC,NA/Fwd NDF SGD USD,SGD USD,Spot,Forward price of underlying instrument,CASH,Cash,SGD,USD,USD,,,,,,,,,
1,Foreign_Exchange,Forward,NDF,UPI,QZ4DQ8NJTZ86,New,,2023-11-06 04:21:28,JFTXFC,NA/Fwd NDF USD VND,USD VND,Spot,Forward price of underlying instrument,CASH,Cash,USD,VND,VND,,,,,,,,,
1,Foreign_Exchange,Forward,NDF,UPI,QZQ0L34CQTNB,New,,2023-11-06 04:36:05,JFTXFC,NA/Fwd NDF KRW MYR,KRW MYR,Spot,Forward price of underlying instrument,CASH,Cash,KRW,MYR,MYR,,,,,,,,,
1,Foreign_Exchange,Forward,NDF,UPI,QZ15VKX7R1PW,New,,2023-11-06 05:01:03,JFTXFC,NA/Fwd NDF IDR JPY,IDR JPY,Spot,Forward price of underlying instrument,CASH,Cash,IDR,JPY,JPY,,,,,,,,,
1,Foreign_Exchange,Forward,NDF,UPI,QZ2WTLQGF9RG,New,,2023-11-06 05:42:06,JFTXFC,NA/Fwd NDF IDR USD,IDR USD,Spot,Forward price of underlying instrument,CASH,Cash,IDR,USD,AUD,,,,,,,,,
1,Foreign_Exchange,Forward,NDF,UPI,QZFNBFK14S0D,New,,2023-11-06 05:42:07,JFTXFC,NA/Fwd NDF KRW USD,KRW USD,Spot,Forward price of underlying instrument,CASH,Cash,KRW,USD,AUD,,,,,,,,,
1,Foreign_Exchange,Forward,NDF,UPI,QZK5HN02VB9P,New,,2023-11-06 05:42:13,JFTXFC,NA/Fwd NDF INR USD,INR USD,Spot,Forward price of underlying instrument,CASH,Cash,INR,USD,AUD,,,,,,,,,
1,Foreign_Exchange,Forward,NDF,UPI,QZM7BC68X2MC,New,,2023-11-06 05:45:28,JFTXFC,NA/Fwd NDF TWD USD,TWD USD,Spot,Forward price of underlying instrument,CASH,Cash,TWD,USD,JPY,,,,,,,,,
1,Foreign_Exchange,Forward,NDF,UPI,QZ9PCZC5376K,New,,2023-11-06 05:45:29,JFTXFC,NA/Fwd NDF PHP USD,PHP USD,Spot,Forward price of underlying instrument,CASH,Cash,PHP,USD,JPY,,,,,,,,,
1,Foreign_Exchange,Forward,NDF,UPI,QZT8N7203N45,New,,2023-11-06 05:45:31,JFTXFC,NA/Fwd NDF CNY USD,CNY USD,Spot,Forward price of underlying instrument,CASH,Cash,CNY,USD,JPY,,,,,,,,,
1,Foreign_Exchange,Forward,NDF,UPI,QZ7QRJRL78M5,New,,2023-11-06 05:45:32,JFTXFC,NA/Fwd NDF INR USD,INR USD,Spot,Forward price of underlying instrument,CASH,Cash,INR,USD,JPY,,,,,,,,,
1,Foreign_Exchange,Forward,NDF,UPI,QZP0W6SW017W,New,,2023-11-06 06:09:38,JFTXFC,NA/Fwd NDF TWD USD,TWD USD,Spot,Forward price of underlying instrument,CASH,Cash,TWD,USD,XXX,,,,,,,,,
1,Foreign_Exchange,Forward,NDF,UPI,QZ7BR9917RP4,New,,2023-11-06 06:09:42,JFTXFC,NA/Fwd NDF IDR USD,IDR USD,Spot,Forward price of underlying instrument,CASH,Cash,IDR,USD,XXX,,,,,,,,,
1,Foreign_Exchange,Forward,NDF,UPI,QZWZCKV44Z5M,New,,2023-11-06 06:09:55,JFTXFC,NA/Fwd NDF KRW USD,KRW USD,Spot,Forward price of underlying instrument,CASH,Cash,KRW,USD,XXX,,,,,,,,,
1,Foreign_Exchange,Forward,NDF,UPI,QZ8D01TDGDFD,New,,2023-11-06 07:23:52,JFTXFC,NA/Fwd NDF INR KRW,INR KRW,Spot,Forward price of underlying instrument,CASH,Cash,INR,KRW,USD,,,,,,,,,
1,Foreign_Exchange,Forward,NDF,UPI,QZ8S9QKH36K1,New,,2023-11-06 07:36:17,JFTXFC,NA/Fwd NDF INR KRW,INR KRW,Spot,Forward price of underlying instrument,CASH,Cash,INR,KRW,KRW,,,,,,,,,
1,Foreign_Exchange,Forward,NDF,UPI,QZP39T1J6LH4,New,,2023-11-06 07:44:56,JFTXFC,NA/Fwd NDF AUD COP,AUD COP,Spot,Forward price of underlying instrument,CASH,Cash,AUD,COP,USD,,,,,,,,,
1,Foreign_Exchange,Forward,NDF,UPI,QZ7LDVZV8F0X,New,,2023-11-06 07:45:00,JFTXFC,NA/Fwd NDF AUD COP,AUD COP,Spot,Forward price of underlying instrument,CASH,Cash,AUD,COP,AUD,,,,,,,,,
1,Foreign_Exchange,Forward,NDF,UPI,QZF7B4B11268,New,,2023-11-06 07:51:20,JFTXFC,NA/Fwd NDF AUD COP,AUD COP,Spot,Forward price of underlying instrument,CASH,Cash,AUD,COP,COP,,,,,,,,,
1,Foreign_Exchange,Forward,NDF,UPI,QZB9X1PXZSZ8,New,,2023-11-06 08:12:17,JFTXFC,NA/Fwd NDF JPY TWD,JPY TWD,Spot,Forward price of underlying instrument,CASH,Cash,JPY,TWD,TWD,,,,,,,,,
1,Foreign_Exchange,Forward,NDF,UPI,QZ5NRNDZRP7X,New,,2023-11-06 08:24:15,JFTXFC,NA/Fwd NDF CNY JPY,CNY JPY,Spot,Forward price of underlying instrument,CASH,Cash,CNY,JPY,USD,,,,,,,,,
1,Foreign_Exchange,Forward,NDF,UPI,QZW47KZMH2KW,New,,2023-11-06 08:51:15,JFTXFC,NA/Fwd NDF GBP INR,GBP INR,Spot,Forward price of underlying instrument,CASH,Cash,GBP,INR,INR,,,,,,,,,
1,Foreign_Exchange,Forward,NDF,UPI,QZW928F4TKQ5,New,,2023-11-06 09:36:23,JFTXFC,NA/Fwd NDF MAD USD,MAD USD,Spot,Forward price of underlying instrument,CASH,Cash,MAD,USD,MAD,,,,,,,,,
1,Foreign_Exchange,Forward,NDF,UPI,QZQ85Q7S4LSD,New,,2023-11-06 09:37:56,JFTXFC,NA/Fwd NDF KRW USD,KRW USD,Spot,Forward price of underlying instrument,CASH,Cash,KRW,USD,EUR,,,,,,,,,
1,Foreign_Exchange,Forward,NDF,UPI,QZZSGPQQVFWB,New,,2023-11-06 09:44:38,JFTXFC,NA/Fwd NDF EUR MAD,EUR MAD,Spot,Forward price of underlying instrument,CASH,Cash,EUR,MAD,EUR,,,,,,,,,
1,Foreign_Exchange,Forward,NDF,UPI,QZHJDZN7J9X1,New,,2023-11-06 09:46:45,JFTXFC,NA/Fwd NDF JPY THB,JPY THB,Spot,Forward price of underlying instrument,CASH,Cash,JPY,THB,JPY,,,,,,,,,
1,Foreign_Exchange,Forward,NDF,UPI,QZJNHP2PB18H,New,,2023-11-06 10:12:30,JFTXFC,NA/Fwd NDF SGD TWD,SGD TWD,Spot,Forward price of underlying instrument,CASH,Cash,SGD,TWD,SGD,,,,,,,,,
1,Foreign_Exchange,Forward,NDF,UPI,QZ3H2G0J7SRP,New,,2023-11-06 10:16:14,JFTXFC,NA/Fwd NDF EUR TND,EUR TND,Spot,Forward price of underlying instrument,CASH,Cash,EUR,TND,EUR,,,,,,,,,
1,Foreign_Exchange,Forward,NDF,UPI,QZGB5X2P66F6,New,,2023-11-06 10:46:01,JFTXFC,NA/Fwd NDF EUR TND,EUR TND,Spot,Forward price of underlying instrument,CASH,Cash,EUR,TND,TND,,,,,,,,,
1,Foreign_Exchange,Forward,NDF,UPI,QZ7WNPMJWGWQ,New,,2023-11-06 10:50:55,JFTXFC,NA/Fwd NDF KRW NZD,KRW NZD,Spot,Forward price of underlying instrument,CASH,Cash,KRW,NZD,NZD,,,,,,,,,
1,Foreign_Exchange,Forward,NDF,UPI,QZ6HFGMS6JX0,New,,2023-11-06 11:18:53,JFTXFC,NA/Fwd NDF RON USD,RON USD,Spot,Forward price of underlying instrument,CASH,Cash,RON,USD,RON,,,,,,,,,
1,Foreign_Exchange,Forward,NDF,UPI,QZM68XC31MPF,New,,2023-11-06 11:22:42,JFTXFC,NA/Fwd NDF RON USD,RON USD,Spot,Forward price of underlying instrument,CASH,Cash,RON,USD,USD,,,,,,,,,
1,Foreign_Exchange,Forward,NDF,UPI,QZQBDGK8J1K0,New,,2023-11-06 11:37:13,JFTXFC,NA/Fwd NDF TRY USD,TRY USD,Spot,Forward price of underlying instrument,CASH,Cash,TRY,USD,TRY,,,,,,,,,
1,Foreign_Exchange,Forward,NDF,UPI,QZWD3P97SLZ6,New,,2023-11-06 12:36:01,JFTXFC,NA/Fwd NDF CLP EUR,CLP EUR,Spot,Forward price of underlying instrument,CASH,Cash,CLP,EUR,USD,,,,,,,,,
1,Foreign_Exchange,Forward,NDF,UPI,QZV7L7PVK7X9,New,,2023-11-06 12:47:30,JFTXFC,NA/Fwd NDF BRL MXN,BRL MXN,Spot,Forward price of underlying instrument,CASH,Cash,BRL,MXN,BRL,,,,,,,,,
1,Foreign_Exchange,Forward,NDF,UPI,QZDGNZRCDZCJ,New,,2023-11-06 12:47:55,JFTXFC,NA/Fwd NDF BRL MXN,BRL MXN,Spot,Forward price of underlying instrument,CASH,Cash,BRL,MXN,MXN,,,,,,,,,
1,Foreign_Exchange,Forward,NDF,UPI,QZ8KP5DQBQR4,New,,2023-11-06 13:38:50,JFTXFC,NA/Fwd NDF EUR USD,EUR USD,Spot,Forward price of underlying instrument,CASH,Cash,EUR,USD,USD,,,,,,,,,
1,Foreign_Exchange,Forward,NDF,UPI,QZVS96H2G7BM,New,,2023-11-06 13:45:06,JFTXFC,NA/Fwd NDF BRL JPY,BRL JPY,Spot,Forward price of underlying instrument,CASH,Cash,BRL,JPY,JPY,,,,,,,,,
1,Foreign_Exchange,Forward,NDF,UPI,QZ04KRV0C9PF,New,,2023-11-06 13:49:11,JFTXFC,NA/Fwd NDF BRL USD,BRL USD,Spot,Forward price of underlying instrument,CASH,Cash,BRL,USD,CAD,,,,,,,,,
1,Foreign_Exchange,Forward,NDF,UPI,QZ1GQ1N0CGKS,New,,2023-11-06 13:50:43,JFTXFC,NA/Fwd NDF CAD INR,CAD INR,Spot,Forward price of underlying instrument,CASH,Cash,CAD,INR,CAD,,,,,,,,,
1,Foreign_Exchange,Forward,NDF,UPI,QZQWH0DWM04G,New,,2023-11-06 13:50:43,JFTXFC,NA/Fwd NDF INR USD,INR USD,Spot,Forward price of underlying instrument,CASH,Cash,INR,USD,CAD,,,,,,,,,
1,Foreign_Exchange,Forward,NDF,UPI,QZKDMF6VPMN6,New,,2023-11-06 13:51:29,JFTXFC,NA/Fwd NDF KRW USD,KRW USD,Spot,Forward price of underlying instrument,CASH,Cash,KRW,USD,CAD,,,,,,,,,
1,Foreign_Exchange,Forward,NDF,UPI,QZ93J9W2H01K,New,,2023-11-06 13:51:52,JFTXFC,NA/Fwd NDF CAD TWD,CAD TWD,Spot,Forward price of underlying instrument,CASH,Cash,CAD,TWD,CAD,,,,,,,,,
1,Foreign_Exchange,Forward,NDF,UPI,QZLR8FDN5644,New,,2023-11-06 13:51:52,JFTXFC,NA/Fwd NDF TWD USD,TWD USD,Spot,Forward price of underlying instrument,CASH,Cash,TWD,USD,CAD,,,,,,,,,
1,Foreign_Exchange,Forward,NDF,UPI,QZJW6J7TQS0Z,New,,2023-11-06 13:52:42,JFTXFC,NA/Fwd NDF CNY USD,CNY USD,Spot,Forward price of underlying instrument,CASH,Cash,CNY,USD,CAD,,,,,,,,,
1,Foreign_Exchange,Forward,NDF,UPI,QZ3TMBHR5PL2,New,,2023-11-06 13:52:42,JFTXFC,NA/Fwd NDF CAD CNY,CAD CNY,Spot,Forward price of underlying instrument,CASH,Cash,CAD,CNY,CAD,,,,,,,,,
1,Foreign_Exchange,Forward,NDF,UPI,QZPM94XF5VCC,New,,2023-11-06 14:03:08,JFTXFC,NA/Fwd NDF EUR PEN,EUR PEN,Spot,Forward price of underlying instrument,CASH,Cash,EUR,PEN,EUR,,,,,,,,,
1,Foreign_Exchange,Forward,NDF,UPI,QZL9B16TGD1N,New,,2023-11-06 14:03:52,JFTXFC,NA/Fwd NDF EUR SEK,EUR SEK,Spot,Forward price of underlying instrument,CASH,Cash,EUR,SEK,EUR,,,,,,,,,
1,Foreign_Exchange,Forward,NDF,UPI,QZC149ZJQ23W,New,,2023-11-06 14:25:23,JFTXFC,NA/Fwd NDF CAD KRW,CAD KRW,Spot,Forward price of underlying instrument,CASH,Cash,CAD,KRW,USD,,,,,,,,,
1,Foreign_Exchange,Forward,NDF,UPI,QZD0J45V28T6,New,,2023-11-06 14:25:24,JFTXFC,NA/Fwd NDF CAD COP,CAD COP,Spot,Forward price of underlying instrument,CASH,Cash,CAD,COP,USD,,,,,,,,,
1,Foreign_Exchange,Forward,NDF,UPI,QZBCHRV1LLFC,New,,2023-11-06 14:36:18,JFTXFC,NA/Fwd NDF EGP IDR,EGP IDR,Spot,Forward price of underlying instrument,CASH,Cash,EGP,IDR,EGP,,,,,,,,,
1,Foreign_Exchange,Forward,NDF,UPI,QZKSQVLHDK9H,New,,2023-11-06 14:36:19,JFTXFC,NA/Fwd NDF CNY IDR,CNY IDR,Spot,Forward price of underlying instrument,CASH,Cash,CNY,IDR,CNY,,,,,,,,,
1,Foreign_Exchange,Forward,NDF,UPI,QZSRVLVFX40K,New,,2023-11-06 14:40:14,JFTXFC,NA/Fwd NDF CHF KRW,CHF KRW,Spot,Forward price of underlying instrument,CASH,Cash,CHF,KRW,USD,,,,,,,,,
1,Foreign_Exchange,Forward,NDF,UPI,QZW5P6XQP11C,New,,2023-11-06 14:50:44,JFTXFC,NA/Fwd NDF GBP USD,GBP USD,Spot,Forward price of underlying instrument,CASH,Cash,GBP,USD,USD,,,,,,,,,
1,Foreign_Exchange,Forward,NDF,UPI,QZW6XP6JW6MS,New,,2023-11-06 14:51:31,JFTXFC,NA/Fwd NDF KZT USD,KZT USD,Spot,Forward price of underlying instrument,CASH,Cash,KZT,USD,KZT,,,,,,,,,
1,Foreign_Exchange,Forward,NDF,UPI,QZG9KHZ70GXW,New,,2023-11-06 14:53:00,JFTXFC,NA/Fwd NDF COP EUR,COP EUR,Spot,Forward price of underlying instrument,CASH,Cash,COP,EUR,USD,,,,,,,,,
1,Foreign_Exchange,Forward,NDF,UPI,QZ90BP8JJC85,New,,2023-11-06 14:55:34,JFTXFC,NA/Fwd NDF USD XPT,USD XPT,Spot,Forward price of underlying instrument,CASH,Cash,USD,XPT,USD,,,,,,,,,
1,Foreign_Exchange,Forward,NDF,UPI,QZBH7T8TRS72,New,,2023-11-06 15:09:42,JFTXFC,NA/Fwd NDF CLP EUR,CLP EUR,Spot,Forward price of underlying instrument,CASH,Cash,CLP,EUR,EUR,,,,,,,,,
1,Foreign_Exchange,Forward,NDF,UPI,QZW3TH3F8WXP,New,,2023-11-06 15:14:05,JFTXFC,NA/Fwd NDF USD UYU,USD UYU,Spot,Forward price of underlying instrument,CASH,Cash,USD,UYU,UYU,,,,,,,,,
1,Foreign_Exchange,Forward,NDF,UPI,QZ0L5VZ36ZVN,New,,2023-11-06 15:15:11,JFTXFC,NA/Fwd NDF AED KRW,AED KRW,Spot,Forward price of underlying instrument,CASH,Cash,AED,KRW,AED,,,,,,,,,
1,Foreign_Exchange,Forward,NDF,UPI,QZCXDB4970KF,New,,2023-11-06 15:18:25,JFTXFC,NA/Fwd NDF NZD USD,NZD USD,Spot,Forward price of underlying instrument,CASH,Cash,NZD,USD,USD,,,,,,,,,
1,Foreign_Exchange,Forward,NDF,UPI,QZNC5V59694Z,New,,2023-11-06 15:19:29,JFTXFC,NA/Fwd NDF AUD USD,AUD USD,Spot,Forward price of underlying instrument,CASH,Cash,AUD,USD,USD,,,,,,,,,
1,Foreign_Exchange,Forward,NDF,UPI,QZLJ7RW4JZ3L,New,,2023-11-06 15:19:53,JFTXFC,NA/Fwd NDF NOK USD,NOK USD,Spot,Forward price of underlying instrument,CASH,Cash,NOK,USD,USD,,,,,,,,,
1,Foreign_Exchange,Forward,NDF,UPI,QZ32TQ6B2JNX,New,,2023-11-06 15:25:30,JFTXFC,NA/Fwd NDF ISK USD,ISK USD,Spot,Forward price of underlying instrument,CASH,Cash,ISK,USD,USD,,,,,,,,,
1,Foreign_Exchange,Forward,NDF,UPI,QZ80H4J6TP0M,New,,2023-11-06 15:31:07,JFTXFC,NA/Fwd NDF EUR TWD,EUR TWD,Spot,Forward price of underlying instrument,CASH,Cash,EUR,TWD,TWD,,,,,,,,,
1,Foreign_Exchange,Forward,NDF,UPI,QZ461R788ZC3,New,,2023-11-06 15:46:26,JFTXFC,NA/Fwd NDF EUR IDR,EUR IDR,Spot,Forward price of underlying instrument,CASH,Cash,EUR,IDR,IDR,,,,,,,,,
1,Foreign_Exchange,Forward,NDF,UPI,QZH4M0VWNTRC,New,,2023-11-06 15:58:14,JFTXFC,NA/Fwd NDF MYR USD,MYR USD,Spot,Forward price of underlying instrument,CASH,Cash,MYR,USD,CHF,,,,,,,,,
1,Foreign_Exchange,Forward,NDF,UPI,QZWS18WTR0QD,New,,2023-11-06 15:58:47,JFTXFC,NA/Fwd NDF IDR USD,IDR USD,Spot,Forward price of underlying instrument,CASH,Cash,IDR,USD,CHF,,,,,,,,,
1,Foreign_Exchange,Forward,NDF,UPI,QZBGKN1TKLK4,New,,2023-11-06 15:58:48,JFTXFC,NA/Fwd NDF KRW USD,KRW USD,Spot,Forward price of underlying instrument,CASH,Cash,KRW,USD,CHF,,,,,,,,,
1,Foreign_Exchange,Forward,NDF,UPI,QZXZGXH8LVQD,New,,2023-11-06 16:01:59,JFTXFC,NA/Fwd NDF CLF USD,CLF USD,Spot,Forward price of underlying instrument,CASH,Cash,CLF,USD,USD,,,,,,,,,
1,Foreign_Exchange,Forward,NDF,UPI,QZH5TTXNL0HD,New,,2023-11-06 16:16:13,JFTXFC,NA/Fwd NDF CLF CLP,CLF CLP,Spot,Forward price of underlying instrument,CASH,Cash,CLF,CLP,CLP,,,,,,,,,
1,Foreign_Exchange,Forward,NDF,UPI,QZ0HD13W0S03,New,,2023-11-06 16:38:48,JFTXFC,NA/Fwd NDF AUD BRL,AUD BRL,Spot,Forward price of underlying instrument,CASH,Cash,AUD,BRL,USD,,,,,,,,,
1,Foreign_Exchange,Forward,NDF,UPI,QZ789L6WLM3P,New,,2023-11-06 17:08:07,JFTXFC,NA/Fwd NDF JPY PEN,JPY PEN,Spot,Forward price of underlying instrument,CASH,Cash,JPY,PEN,JPY,,,,,,,,,
1,Foreign_Exchange,Forward,NDF,UPI,QZR4848TD57X,New,,2023-11-06 17:27:22,JFTXFC,NA/Fwd NDF EUR MXN,EUR MXN,Spot,Forward price of underlying instrument,CASH,Cash,EUR,MXN,USD,,,,,,,,,
1,Foreign_Exchange,Forward,NDF,UPI,QZLSHBSCG6CW,New,,2023-11-06 21:08:01,JFTXFC,NA/Fwd NDF CAD USD,CAD USD,Spot,Forward price of underlying instrument,CASH,Cash,CAD,USD,USD,,,,,,,,,
1,Foreign_Exchange,Forward,NDF,UPI,QZB0ZGK009GB,New,,2023-11-06 21:08:18,JFTXFC,NA/Fwd NDF MXN USD,MXN USD,Spot,Forward price of underlying instrument,CASH,Cash,MXN,USD,USD,,,,,,,,,
1,Foreign_Exchange,Forward,NDF,UPI,QZQPD35P25RW,New,,2023-11-06 21:21:46,JFTXFC,NA/Fwd NDF GBP RON,GBP RON,Spot,Forward price of underlying instrument,CASH,Cash,GBP,RON,GBP,,,,,,,,,
1,Foreign_Exchange,Forward,NDF,UPI,QZVZXS4N90RB,New,,2023-11-06 21:22:07,JFTXFC,NA/Fwd NDF GBP UAH,GBP UAH,Spot,Forward price of underlying instrument,CASH,Cash,GBP,UAH,GBP,,,,,,,,,
1,Foreign_Exchange,Forward,NDF,UPI,QZ866HQ06QXH,New,,2023-11-06 21:22:11,JFTXFC,NA/Fwd NDF GBP GHS,GBP GHS,Spot,Forward price of underlying instrument,CASH,Cash,GBP,GHS,GBP,,,,,,,,,
1,Foreign_Exchange,Forward,NDF,UPI,QZQXC2LCHNWZ,New,,2023-11-06 21:22:37,JFTXFC,NA/Fwd NDF EUR GHS,EUR GHS,Spot,Forward price of underlying instrument,CASH,Cash,EUR,GHS,EUR,,,,,,,,,
1,Foreign_Exchange,Forward,NDF,UPI,QZ0F7KMC39B3,New,,2023-11-06 21:22:41,JFTXFC,NA/Fwd NDF CRC GBP,CRC GBP,Spot,Forward price of underlying instrument,CASH,Cash,CRC,GBP,GBP,,,,,,,,,
1,Foreign_Exchange,Forward,NDF,UPI,QZFVZ0MS0KK1,New,,2023-11-06 21:22:42,JFTXFC,NA/Fwd NDF EUR MUR,EUR MUR,Spot,Forward price of underlying instrument,CASH,Cash,EUR,MUR,EUR,,,,,,,,,
1,Foreign_Exchange,Forward,NDF,UPI,QZF7MS4LL6ST,New,,2023-11-06 21:22:57,JFTXFC,NA/Fwd NDF CRC EUR,CRC EUR,Spot,Forward price of underlying instrument,CASH,Cash,CRC,EUR,EUR,,,,,,,,,
1,Foreign_Exchange,Forward,NDF,UPI,QZDT34DC5FW4,New,,2023-11-06 21:23:24,JFTXFC,NA/Fwd NDF GBP IDR,GBP IDR,Spot,Forward price of underlying instrument,CASH,Cash,GBP,IDR,GBP,,,,,,,,,
1,Foreign_Exchange,Forward,NDF,UPI,QZVKWRWFPFCD,New,,2023-11-06 21:23:59,JFTXFC,NA/Fwd NDF GBP KES,GBP KES,Spot,Forward price of underlying instrument,CASH,Cash,GBP,KES,GBP,,,,,,,,,
1,Foreign_Exchange,Forward,NDF,UPI,QZVW3F0C202B,New,,2023-11-06 21:24:04,JFTXFC,NA/Fwd NDF GBP UYU,GBP UYU,Spot,Forward price of underlying instrument,CASH,Cash,GBP,UYU,GBP,,,,,,,,,
1,Foreign_Exchange,Forward,NDF,UPI,QZ8VNJM3P3DF,New,,2023-11-06 21:24:20,JFTXFC,NA/Fwd NDF GBP MUR,GBP MUR,Spot,Forward price of underlying instrument,CASH,Cash,GBP,MUR,GBP,,,,,,,,,
1,Foreign_Exchange,Forward,NDF,UPI,QZQG7486H5N3,New,,2023-11-06 21:24:58,JFTXFC,NA/Fwd NDF GBP TZS,GBP TZS,Spot,Forward price of underlying instrument,CASH,Cash,GBP,TZS,GBP,,,,,,,,,
1,Foreign_Exchange,Forward,NDF,UPI,QZ0C3M31054K,New,,2023-11-06 21:25:59,JFTXFC,NA/Fwd NDF GBP PEN,GBP PEN,Spot,Forward price of underlying instrument,CASH,Cash,GBP,PEN,GBP,,,,,,,,,
1,Foreign_Exchange,Forward,NDF,UPI,QZ3P4XXH26W3,New,,2023-11-06 21:26:02,JFTXFC,NA/Fwd NDF EUR RON,EUR RON,Spot,Forward price of underlying instrument,CASH,Cash,EUR,RON,EUR,,,,,,,,,
1,Foreign_Exchange,Forward,NDF,UPI,QZK64P0WV6R3,New,,2023-11-06 21:27:17,JFTXFC,NA/Fwd NDF CLP GBP,CLP GBP,Spot,Forward price of underlying instrument,CASH,Cash,CLP,GBP,GBP,,,,,,,,,
1,Foreign_Exchange,Forward,NDF,UPI,QZR1BBSQGM4S,New,,2023-11-06 21:27:19,JFTXFC,NA/Fwd NDF COP GBP,COP GBP,Spot,Forward price of underlying instrument,CASH,Cash,COP,GBP,GBP,,,,,,,,,
1,Foreign_Exchange,Forward,NDF,UPI,QZV33TTCCBJC,New,,2023-11-06 21:27:20,JFTXFC,NA/Fwd NDF GBP KZT,GBP KZT,Spot,Forward price of underlying instrument,CASH,Cash,GBP,KZT,GBP,,,,,,,,,
1,Foreign_Exchange,Forward,NDF,UPI,QZZPCDL7CPG6,New,,2023-11-06 21:28:45,JFTXFC,NA/Fwd NDF EUR TZS,EUR TZS,Spot,Forward price of underlying instrument,CASH,Cash,EUR,TZS,EUR,,,,,,,,,
1,Foreign_Exchange,Forward,NDF,UPI,QZ96DLRC6KS6,New,,2023-11-06 21:30:04,JFTXFC,NA/Fwd NDF MUR USD,MUR USD,Spot,Forward price of underlying instrument,CASH,Cash,MUR,USD,USD,,,,,,,,,
1,Foreign_Exchange,Forward,NDF,UPI,QZQVM1084TDV,New,,2023-11-06 21:31:53,JFTXFC,NA/Fwd NDF EUR NGN,EUR NGN,Spot,Forward price of underlying instrument,CASH,Cash,EUR,NGN,EUR,,,,,,,,,
1,Foreign_Exchange,Forward,NDF,UPI,QZ899DDTZ8SB,New,,2023-11-06 21:34:13,JFTXFC,NA/Fwd NDF ARS GBP,ARS GBP,Spot,Forward price of underlying instrument,CASH,Cash,ARS,GBP,GBP,,,,,,,,,
1,Foreign_Exchange,Forward,NDF,UPI,QZ45SK2G8R45,New,,2023-11-06 21:34:34,JFTXFC,NA/Fwd NDF ARS EUR,ARS EUR,Spot,Forward price of underlying instrument,CASH,Cash,ARS,EUR,EUR,,,,,,,,,
1,Foreign_Exchange,Forward,NDF,UPI,QZRBDX18Z5D8,New,,2023-11-06 21:35:11,JFTXFC,NA/Fwd NDF EUR KES,EUR KES,Spot,Forward price of underlying instrument,CASH,Cash,EUR,KES,EUR,,,,,,,,,
1,Foreign_Exchange,Forward,NDF,UPI,QZDWZ9P83554,New,,2023-11-06 22:32:58,JFTXFC,NA/Fwd NDF AOA USD,AOA USD,Spot,Forward price of underlying instrument,CASH,Cash,AOA,USD,USD,,,,,,,,,
1,Foreign_Exchange,Forward,NDF,UPI,QZDSQ4P0P7LS,New,,2023-11-06 22:33:20,JFTXFC,NA/Fwd NDF USD UZS,USD UZS,Spot,Forward price of underlying instrument,CASH,Cash,USD,UZS,USD,,,,,,,,,
1,Foreign_Exchange,Forward,NDF,UPI,QZP721JNDFX2,New,,2023-11-06 22:35:45,JFTXFC,NA/Fwd NDF EUR XOF,EUR XOF,Spot,Forward price of underlying instrument,CASH,Cash,EUR,XOF,EUR,,,,,,,,,
1,Foreign_Exchange,Forward,NDF,UPI,QZPJ0HBCXVVP,New,,2023-11-06 22:36:59,JFTXFC,NA/Fwd NDF UGX USD,UGX USD,Spot,Forward price of underlying instrument,CASH,Cash,UGX,USD,USD,,,,,,,,,
1,Foreign_Exchange,Forward,NDF,UPI,QZZ1QL4WKTGL,New,,2023-11-06 22:49:37,JFTXFC,NA/Fwd NDF MZN USD,MZN USD,Spot,Forward price of underlying instrument,CASH,Cash,MZN,USD,USD,,,,,,,,,
1,Foreign_Exchange,Forward,NDF,UPI,QZ7V9WTCF1HQ,New,,2023-11-06 22:53:10,JFTXFC,NA/Fwd NDF ETB USD,ETB USD,Spot,Forward price of underlying instrument,CASH,Cash,ETB,USD,ETB,,,,,,,,,
1,Foreign_Exchange,Forward,NDF,UPI,QZKQ95XRK92S,New,,2023-11-06 22:55:55,JFTXFC,NA/Fwd NDF USD XAF,USD XAF,Spot,Forward price of underlying instrument,CASH,Cash,USD,XAF,USD,,,,,,,,,
1,Foreign_Exchange,Forward,NDF,UPI,QZG087RJ81BZ,New,,2023-11-06 22:56:20,JFTXFC,NA/Fwd NDF CNY CZK,CNY CZK,Spot,Forward price of underlying instrument,CASH,Cash,CNY,CZK,CZK,,,,,,,,,
1,Foreign_Exchange,Forward,NDF,UPI,QZ2BCZZB22NW,New,,2023-11-06 22:56:41,JFTXFC,NA/Fwd NDF COP SEK,COP SEK,Spot,Forward price of underlying instrument,CASH,Cash,COP,SEK,SEK,,,,,,,,,
1,Foreign_Exchange,Forward,NDF,UPI,QZQ44K43N9DV,New,,2023-11-06 22:56:44,JFTXFC,NA/Fwd NDF JPY MYR,JPY MYR,Spot,Forward price of underlying instrument,CASH,Cash,JPY,MYR,JPY,,,,,,,,,
1,Foreign_Exchange,Forward,NDF,UPI,QZ4P69KGVWBK,New,,2023-11-06 22:56:47,JFTXFC,NA/Fwd NDF DKK IDR,DKK IDR,Spot,Forward price of underlying instrument,CASH,Cash,DKK,IDR,DKK,,,,,,,,,
1,Foreign_Exchange,Forward,NDF,UPI,QZ5MLTDSN9SX,New,,2023-11-06 22:56:47,JFTXFC,NA/Fwd NDF CLP MXN,CLP MXN,Spot,Forward price of underlying instrument,CASH,Cash,CLP,MXN,MXN,,,,,,,,,
1,Foreign_Exchange,Forward,NDF,UPI,QZVBDVB49386,New,,2023-11-06 22:56:48,JFTXFC,NA/Fwd NDF CLP SGD,CLP SGD,Spot,Forward price of underlying instrument,CASH,Cash,CLP,SGD,SGD,,,,,,,,,
1,Foreign_Exchange,Forward,NDF,UPI,QZ8W4MZJ74BP,New,,2023-11-06 22:56:55,JFTXFC,NA/Fwd NDF CLP NOK,CLP NOK,Spot,Forward price of underlying instrument,CASH,Cash,CLP,NOK,NOK,,,,,,,,,
1,Foreign_Exchange,Forward,NDF,UPI,QZGMKTVZCN7H,New,,2023-11-06 22:57:04,JFTXFC,NA/Fwd NDF CLP DKK,CLP DKK,Spot,Forward price of underlying instrument,CASH,Cash,CLP,DKK,DKK,,,,,,,,,
1,Foreign_Exchange,Forward,NDF,UPI,QZ5J4JL7VPZ6,New,,2023-11-06 22:57:06,JFTXFC,NA/Fwd NDF CLP PLN,CLP PLN,Spot,Forward price of underlying instrument,CASH,Cash,CLP,PLN,PLN,,,,,,,,,
1,Foreign_Exchange,Forward,NDF,UPI,QZJ05FLXN7Q5,New,,2023-11-06 22:57:10,JFTXFC,NA/Fwd NDF CNY ISK,CNY ISK,Spot,Forward price of underlying instrument,CASH,Cash,CNY,ISK,ISK,,,,,,,,,
1,Foreign_Exchange,Forward,NDF,UPI,QZF9791ZHD7W,New,,2023-11-06 22:57:19,JFTXFC,NA/Fwd NDF CNY TRY,CNY TRY,Spot,Forward price of underlying instrument,CASH,Cash,CNY,TRY,TRY,,,,,,,,,
1,Foreign_Exchange,Forward,NDF,UPI,QZ9MCJGTFTN4,New,,2023-11-06 22:57:26,JFTXFC,NA/Fwd NDF NOK TWD,NOK TWD,Spot,Forward price of underlying instrument,CASH,Cash,NOK,TWD,NOK,,,,,,,,,
1,Foreign_Exchange,Forward,NDF,UPI,QZ4ZHT2PT1MV,New,,2023-11-06 22:57:34,JFTXFC,NA/Fwd NDF JPY KES,JPY KES,Spot,Forward price of underlying instrument,CASH,Cash,JPY,KES,JPY,,,,,,,,,
1,Foreign_Exchange,Forward,NDF,UPI,QZV277NJK4BJ,New,,2023-11-06 22:57:42,JFTXFC,NA/Fwd NDF KES SEK,KES SEK,Spot,Forward price of underlying instrument,CASH,Cash,KES,SEK,SEK,,,,,,,,,
1,Foreign_Exchange,Forward,NDF,UPI,QZKR13BW1VSK,New,,2023-11-06 22:57:47,JFTXFC,NA/Fwd NDF BGN CLP,BGN CLP,Spot,Forward price of underlying instrument,CASH,Cash,BGN,CLP,BGN,,,,,,,,,
1,Foreign_Exchange,Forward,NDF,UPI,QZ5BCXB8QCKK,New,,2023-11-06 22:57:48,JFTXFC,NA/Fwd NDF CNY RUB,CNY RUB,Spot,Forward price of underlying instrument,CASH,Cash,CNY,RUB,RUB,,,,,,,,,
1,Foreign_Exchange,Forward,NDF,UPI,QZPDHLD93DPV,New,,2023-11-06 22:58:03,JFTXFC,NA/Fwd NDF KRW SEK,KRW SEK,Spot,Forward price of underlying instrument,CASH,Cash,KRW,SEK,SEK,,,,,,,,,
1,Foreign_Exchange,Forward,NDF,UPI,QZ69225RVM7J,New,,2023-11-06 22:58:04,JFTXFC,NA/Fwd NDF CLP MUR,CLP MUR,Spot,Forward price of underlying instrument,CASH,Cash,CLP,MUR,MUR,,,,,,,,,
1,Foreign_Exchange,Forward,NDF,UPI,QZBMWTJSXPH3,New,,2023-11-06 22:58:11,JFTXFC,NA/Fwd NDF CNY ZAR,CNY ZAR,Spot,Forward price of underlying instrument,CASH,Cash,CNY,ZAR,ZAR,,,,,,,,,
1,Foreign_Exchange,Forward,NDF,UPI,QZ9RZ7QXWR61,New,,2023-11-06 22:58:14,JFTXFC,NA/Fwd NDF SEK UAH,SEK UAH,Spot,Forward price of underlying instrument,CASH,Cash,SEK,UAH,SEK,,,,,,,,,
1,Foreign_Exchange,Forward,NDF,UPI,QZG1B9MJWJG0,New,,2023-11-06 22:58:16,JFTXFC,NA/Fwd NDF CNY SEK,CNY SEK,Spot,Forward price of underlying instrument,CASH,Cash,CNY,SEK,SEK,,,,,,,,,
1,Foreign_Exchange,Forward,NDF,UPI,QZ0R9Q77T04G,New,,2023-11-06 22:58:20,JFTXFC,NA/Fwd NDF JPY UAH,JPY UAH,Spot,Forward price of underlying instrument,CASH,Cash,JPY,UAH,JPY,,,,,,,,,
1,Foreign_Exchange,Forward,NDF,UPI,QZ66S16MQ0PK,New,,2023-11-06 22:58:23,JFTXFC,NA/Fwd NDF DKK UAH,DKK UAH,Spot,Forward price of underlying instrument,CASH,Cash,DKK,UAH,DKK,,,,,,,,,
1,Foreign_Exchange,Forward,NDF,UPI,QZ67FTJF3WMQ,New,,2023-11-06 22:58:25,JFTXFC,NA/Fwd NDF INR RUB,INR RUB,Spot,Forward price of underlying instrument,CASH,Cash,INR,RUB,RUB,,,,,,,,,
1,Foreign_Exchange,Forward,NDF,UPI,QZRZX69VBTPS,New,,2023-11-06 22:58:36,JFTXFC,NA/Fwd NDF BGN CNY,BGN CNY,Spot,Forward price of underlying instrument,CASH,Cash,BGN,CNY,BGN,,,,,,,,,
1,Foreign_Exchange,Forward,NDF,UPI,QZFRF2RS7NRN,New,,2023-11-06 22:58:43,JFTXFC,NA/Fwd NDF CAD PHP,CAD PHP,Spot,Forward price of underlying instrument,CASH,Cash,CAD,PHP,CAD,,,,,,,,,
1,Foreign_Exchange,Forward,NDF,UPI,QZM4H5S1TCN1,New,,2023-11-06 22:58:46,JFTXFC,NA/Fwd NDF CNY HUF,CNY HUF,Spot,Forward price of underlying instrument,CASH,Cash,CNY,HUF,HUF,,,,,,,,,
1,Foreign_Exchange,Forward,NDF,UPI,QZ4T8KGSJJQF,New,,2023-11-06 22:58:54,JFTXFC,NA/Fwd NDF CLP THB,CLP THB,Spot,Forward price of underlying instrument,CASH,Cash,CLP,THB,THB,,,,,,,,,
1,Foreign_Exchange,Forward,NDF,UPI,QZV8SCBTFN14,New,,2023-11-06 22:58:54,JFTXFC,NA/Fwd NDF CLP ILS,CLP ILS,Spot,Forward price of underlying instrument,CASH,Cash,CLP,ILS,ILS,,,,,,,,,
1,Foreign_Exchange,Forward,NDF,UPI,QZNDXX3VJHJ7,New,,2023-11-06 22:58:54,JFTXFC,NA/Fwd NDF CNY HRK,CNY HRK,Spot,Forward price of underlying instrument,CASH,Cash,CNY,HRK,HRK,,,,,,,,,
1,Foreign_Exchange,Forward,NDF,UPI,QZ0NZTH8WL9S,New,,2023-11-06 22:59:00,JFTXFC,NA/Fwd NDF AED CLP,AED CLP,Spot,Forward price of underlying instrument,CASH,Cash,AED,CLP,AED,,,,,,,,,
1,Foreign_Exchange,Forward,NDF,UPI,QZT9W3NMGW3S,New,,2023-11-06 22:59:05,JFTXFC,NA/Fwd NDF CLP HUF,CLP HUF,Spot,Forward price of underlying instrument,CASH,Cash,CLP,HUF,HUF,,,,,,,,,
1,Foreign_Exchange,Forward,NDF,UPI,QZVW1RMK8VZD,New,,2023-11-06 22:59:08,JFTXFC,NA/Fwd NDF CNY PLN,CNY PLN,Spot,Forward price of underlying instrument,CASH,Cash,CNY,PLN,PLN,,,,,,,,,
1,Foreign_Exchange,Forward,NDF,UPI,QZG9ZBL02967,New,,2023-11-06 22:59:14,JFTXFC,NA/Fwd NDF IDR SEK,IDR SEK,Spot,Forward price of underlying instrument,CASH,Cash,IDR,SEK,SEK,,,,,,,,,
1,Foreign_Exchange,Forward,NDF,UPI,QZRVZ5VZW7R9,New,,2023-11-06 22:59:19,JFTXFC,NA/Fwd NDF NOK UAH,NOK UAH,Spot,Forward price of underlying instrument,CASH,Cash,NOK,UAH,NOK,,,,,,,,,
1,Foreign_Exchange,Forward,NDF,UPI,QZ9J28DWNZ7X,New,,2023-11-06 22:59:23,JFTXFC,NA/Fwd NDF CHF UAH,CHF UAH,Spot,Forward price of underlying instrument,CASH,Cash,CHF,UAH,CHF,,,,,,,,,
1,Foreign_Exchange,Forward,NDF,UPI,QZKP63WPZBBK,New,,2023-11-06 22:59:27,JFTXFC,NA/Fwd NDF GBP MYR,GBP MYR,Spot,Forward price of underlying instrument,CASH,Cash,GBP,MYR,GBP,,,,,,,,,
1,Foreign_Exchange,Forward,NDF,UPI,QZ8849CJ2B7T,New,,2023-11-06 22:59:28,JFTXFC,NA/Fwd NDF CLP KES,CLP KES,Spot,Forward price of underlying instrument,CASH,Cash,CLP,KES,CLP,,,,,,,,,
1,Foreign_Exchange,Forward,NDF,UPI,QZQS4G47CRDN,New,,2023-11-06 22:59:34,JFTXFC,NA/Fwd NDF CLP HRK,CLP HRK,Spot,Forward price of underlying instrument,CASH,Cash,CLP,HRK,HRK,,,,,,,,,
1,Foreign_Exchange,Forward,NDF,UPI,QZBB6975Q29C,New,,2023-11-06 22:59:38,JFTXFC,NA/Fwd NDF BRL SEK,BRL SEK,Spot,Forward price of underlying instrument,CASH,Cash,BRL,SEK,SEK,,,,,,,,,
1,Foreign_Exchange,Forward,NDF,UPI,QZT5NSQ59HWT,New,,2023-11-06 22:59:49,JFTXFC,NA/Fwd NDF CNY JOD,CNY JOD,Spot,Forward price of underlying instrument,CASH,Cash,CNY,JOD,JOD,,,,,,,,,
1,Foreign_Exchange,Forward,NDF,UPI,QZN2TQSG98XN,New,,2023-11-06 22:59:50,JFTXFC,NA/Fwd NDF AUD CLP,AUD CLP,Spot,Forward price of underlying instrument,CASH,Cash,AUD,CLP,AUD,,,,,,,,,
1,Foreign_Exchange,Forward,NDF,UPI,QZNPRRM5ZSSX,New,,2023-11-06 22:59:56,JFTXFC,NA/Fwd NDF CNY MXN,CNY MXN,Spot,Forward price of underlying instrument,CASH,Cash,CNY,MXN,MXN,,,,,,,,,
1,Foreign_Exchange,Forward,NDF,UPI,QZPWGX5C3L5G,New,,2023-11-06 22:59:59,JFTXFC,NA/Fwd NDF CNY ILS,CNY ILS,Spot,Forward price of underlying instrument,CASH,Cash,CNY,ILS,ILS,,,,,,,,,
1,Foreign_Exchange,Forward,NDF,UPI,QZZQVWNW4MJ3,New,,2023-11-06 23:00:10,JFTXFC,NA/Fwd NDF AUD IDR,AUD IDR,Spot,Forward price of underlying instrument,CASH,Cash,AUD,IDR,AUD,,,,,,,,,
1,Foreign_Exchange,Forward,NDF,UPI,QZWZPQDBGLTJ,New,,2023-11-06 23:00:23,JFTXFC,NA/Fwd NDF CLP RON,CLP RON,Spot,Forward price of underlying instrument,CASH,Cash,CLP,RON,RON,,,,,,,,,
1,Foreign_Exchange,Forward,NDF,UPI,QZ4ZTBHQRJ2Z,New,,2023-11-06 23:00:26,JFTXFC,NA/Fwd NDF CLP MAD,CLP MAD,Spot,Forward price of underlying instrument,CASH,Cash,CLP,MAD,MAD,,,,,,,,,
1,Foreign_Exchange,Forward,NDF,UPI,QZ19VDGXWPRM,New,,2023-11-06 23:00:31,JFTXFC,NA/Fwd NDF CHF MYR,CHF MYR,Spot,Forward price of underlying instrument,CASH,Cash,CHF,MYR,CHF,,,,,,,,,
1,Foreign_Exchange,Forward,NDF,UPI,QZPVL2QLZJV2,New,,2023-11-06 23:00:33,JFTXFC,NA/Fwd NDF CNY THB,CNY THB,Spot,Forward price of underlying instrument,CASH,Cash,CNY,THB,THB,,,,,,,,,
1,Foreign_Exchange,Forward,NDF,UPI,QZWTTX5JCHRQ,New,,2023-11-06 23:00:35,JFTXFC,NA/Fwd NDF CLP CZK,CLP CZK,Spot,Forward price of underlying instrument,CASH,Cash,CLP,CZK,CZK,,,,,,,,,
1,Foreign_Exchange,Forward,NDF,UPI,QZSX961XXJRG,New,,2023-11-06 23:00:43,JFTXFC,NA/Fwd NDF CNY SAR,CNY SAR,Spot,Forward price of underlying instrument,CASH,Cash,CNY,SAR,SAR,,,,,,,,,
1,Foreign_Exchange,Forward,NDF,UPI,QZ05MTRRBVZ0,New,,2023-11-06 23:00:44,JFTXFC,NA/Fwd NDF CAD MYR,CAD MYR,Spot,Forward price of underlying instrument,CASH,Cash,CAD,MYR,CAD,,,,,,,,,
1,Foreign_Exchange,Forward,NDF,UPI,QZBDGC08CNNF,New,,2023-11-06 23:00:46,JFTXFC,NA/Fwd NDF CLP ISK,CLP ISK,Spot,Forward price of underlying instrument,CASH,Cash,CLP,ISK,ISK,,,,,,,,,
1,Foreign_Exchange,Forward,NDF,UPI,QZKJRJHLSFN3,New,,2023-11-06 23:00:47,JFTXFC,NA/Fwd NDF CNY KES,CNY KES,Spot,Forward price of underlying instrument,CASH,Cash,CNY,KES,CNY,,,,,,,,,
1,Foreign_Exchange,Forward,NDF,UPI,QZX61CWRLZFK,New,,2023-11-06 23:00:50,JFTXFC,NA/Fwd NDF CAD UAH,CAD UAH,Spot,Forward price of underlying instrument,CASH,Cash,CAD,UAH,CAD,,,,,,,,,
1,Foreign_Exchange,Forward,NDF,UPI,QZJVPKBJB9CF,New,,2023-11-06 23:00:55,JFTXFC,NA/Fwd NDF AUD UAH,AUD UAH,Spot,Forward price of underlying instrument,CASH,Cash,AUD,UAH,AUD,,,,,,,,,
1,Foreign_Exchange,Forward,NDF,UPI,QZQ20GN3JWRK,New,,2023-11-06 23:00:56,JFTXFC,NA/Fwd NDF CLP RUB,CLP RUB,Spot,Forward price of underlying instrument,CASH,Cash,CLP,RUB,RUB,,,,,,,,,
1,Foreign_Exchange,Forward,NDF,UPI,QZ37H1TH2FFD,New,,2023-11-06 23:00:57,JFTXFC,NA/Fwd NDF AED CNY,AED CNY,Spot,Forward price of underlying instrument,CASH,Cash,AED,CNY,AED,,,,,,,,,
1,Foreign_Exchange,Forward,NDF,UPI,QZV504C1C0BP,New,,2023-11-06 23:00:58,JFTXFC,NA/Fwd NDF CNY MAD,CNY MAD,Spot,Forward price of underlying instrument,CASH,Cash,CNY,MAD,MAD,,,,,,,,,
1,Foreign_Exchange,Forward,NDF,UPI,QZGT0Q7MPNCM,New,,2023-11-06 23:01:08,JFTXFC,NA/Fwd NDF CLP TRY,CLP TRY,Spot,Forward price of underlying instrument,CASH,Cash,CLP,TRY,TRY,,,,,,,,,
1,Foreign_Exchange,Forward,NDF,UPI,QZJ2MHB8P4PQ,New,,2023-11-06 23:01:10,JFTXFC,NA/Fwd NDF CAD KES,CAD KES,Spot,Forward price of underlying instrument,CASH,Cash,CAD,KES,CAD,,,,,,,,,
1,Foreign_Exchange,Forward,NDF,UPI,QZM2J258GSFF,New,,2023-11-06 23:01:15,JFTXFC,NA/Fwd NDF BRL CAD,BRL CAD,Spot,Forward price of underlying instrument,CASH,Cash,BRL,CAD,CAD,,,,,,,,,
1,Foreign_Exchange,Forward,NDF,UPI,QZ01WNL09GGM,New,,2023-11-06 23:01:22,JFTXFC,NA/Fwd NDF IDR NOK,IDR NOK,Spot,Forward price of underlying instrument,CASH,Cash,IDR,NOK,NOK,,,,,,,,,
1,Foreign_Exchange,Forward,NDF,UPI,QZ342J7249X7,New,,2023-11-06 23:01:32,JFTXFC,NA/Fwd NDF DKK PHP,DKK PHP,Spot,Forward price of underlying instrument,CASH,Cash,DKK,PHP,DKK,,,,,,,,,
1,Foreign_Exchange,Forward,NDF,UPI,QZ9CR7Q2V3F5,New,,2023-11-06 23:01:41,JFTXFC,NA/Fwd NDF KES NOK,KES NOK,Spot,Forward price of underlying instrument,CASH,Cash,KES,NOK,NOK,,,,,,,,,
1,Foreign_Exchange,Forward,NDF,UPI,QZZW3H8T2H5X,New,,2023-11-06 23:01:42,JFTXFC,NA/Fwd NDF BRL DKK,BRL DKK,Spot,Forward price of underlying instrument,CASH,Cash,BRL,DKK,DKK,,,,,,,,,
1,Foreign_Exchange,Forward,NDF,UPI,QZVTTX1R7BW9,New,,2023-11-06 23:01:46,JFTXFC,NA/Fwd NDF CNY NOK,CNY NOK,Spot,Forward price of underlying instrument,CASH,Cash,CNY,NOK,NOK,,,,,,,,,
1,Foreign_Exchange,Forward,NDF,UPI,QZ7KZBHNFZ1Q,New,,2023-11-06 23:02:01,JFTXFC,NA/Fwd NDF CLP ZAR,CLP ZAR,Spot,Forward price of underlying instrument,CASH,Cash,CLP,ZAR,ZAR,,,,,,,,,
1,Foreign_Exchange,Forward,NDF,UPI,QZL0X2MF58DB,New,,2023-11-06 23:02:13,JFTXFC,NA/Fwd NDF UAH USD,UAH USD,Spot,Forward price of underlying instrument,CASH,Cash,UAH,USD,USD,,,,,,,,,
1,Foreign_Exchange,Forward,NDF,UPI,QZ83DN44F686,New,,2023-11-06 23:02:14,JFTXFC,NA/Fwd NDF MYR NOK,MYR NOK,Spot,Forward price of underlying instrument,CASH,Cash,MYR,NOK,NOK,,,,,,,,,
1,Foreign_Exchange,Forward,NDF,UPI,QZZ4BD2QJNCS,New,,2023-11-06 23:02:15,JFTXFC,NA/Fwd NDF CLP NZD,CLP NZD,Spot,Forward price of underlying instrument,CASH,Cash,CLP,NZD,NZD,,,,,,,,,
1,Foreign_Exchange,Forward,NDF,UPI,QZ9RD6RVH8GW,New,,2023-11-06 23:02:26,JFTXFC,NA/Fwd NDF MYR SEK,MYR SEK,Spot,Forward price of underlying instrument,CASH,Cash,MYR,SEK,SEK,,,,,,,,,
1,Foreign_Exchange,Forward,NDF,UPI,QZWKDDKNJVDJ,New,,2023-11-06 23:02:27,JFTXFC,NA/Fwd NDF CNY QAR,CNY QAR,Spot,Forward price of underlying instrument,CASH,Cash,CNY,QAR,QAR,,,,,,,,,
1,Foreign_Exchange,Forward,NDF,UPI,QZNZC15ZCZ97,New,,2023-11-06 23:02:29,JFTXFC,NA/Fwd NDF CNY DKK,CNY DKK,Spot,Forward price of underlying instrument,CASH,Cash,CNY,DKK,DKK,,,,,,,,,
1,Foreign_Exchange,Forward,NDF,UPI,QZC8CHR4DQQM,New,,2023-11-06 23:02:31,JFTXFC,NA/Fwd NDF DKK KES,DKK KES,Spot,Forward price of underlying instrument,CASH,Cash,DKK,KES,DKK,,,,,,,,,
1,Foreign_Exchange,Forward,NDF,UPI,QZPLF2011W8N,New,,2023-11-06 23:02:36,JFTXFC,NA/Fwd NDF GBP TWD,GBP TWD,Spot,Forward price of underlying instrument,CASH,Cash,GBP,TWD,GBP,,,,,,,,,
1,Foreign_Exchange,Forward,NDF,UPI,QZ0K8GTK233P,New,,2023-11-06 23:02:49,JFTXFC,NA/Fwd NDF CLP OMR,CLP OMR,Spot,Forward price of underlying instrument,CASH,Cash,CLP,OMR,OMR,,,,,,,,,
1,Foreign_Exchange,Forward,NDF,UPI,QZJK42HLKJ65,New,,2023-11-06 23:02:59,JFTXFC,NA/Fwd NDF CLP SAR,CLP SAR,Spot,Forward price of underlying instrument,CASH,Cash,CLP,SAR,SAR,,,,,,,,,
1,Foreign_Exchange,Forward,NDF,UPI,QZ1RVW443DJW,New,,2023-11-06 23:03:00,JFTXFC,NA/Fwd NDF PEN SEK,PEN SEK,Spot,Forward price of underlying instrument,CASH,Cash,PEN,SEK,SEK,,,,,,,,,
1,Foreign_Exchange,Forward,NDF,UPI,QZ42RG1JFJRR,New,,2023-11-06 23:03:03,JFTXFC,NA/Fwd NDF CLP JOD,CLP JOD,Spot,Forward price of underlying instrument,CASH,Cash,CLP,JOD,JOD,,,,,,,,,
1,Foreign_Exchange,Forward,NDF,UPI,QZ2JLSRWGZ39,New,,2023-11-06 23:03:04,JFTXFC,NA/Fwd NDF CNY MUR,CNY MUR,Spot,Forward price of underlying instrument,CASH,Cash,CNY,MUR,MUR,,,,,,,,,
1,Foreign_Exchange,Forward,NDF,UPI,QZ20304MC5H7,New,,2023-11-06 23:03:06,JFTXFC,NA/Fwd NDF CLP JPY,CLP JPY,Spot,Forward price of underlying instrument,CASH,Cash,CLP,JPY,JPY,,,,,,,,,
1,Foreign_Exchange,Forward,NDF,UPI,QZ3PQ76231PF,New,,2023-11-06 23:03:07,JFTXFC,NA/Fwd NDF INR MXN,INR MXN,Spot,Forward price of underlying instrument,CASH,Cash,INR,MXN,MXN,,,,,,,,,
1,Foreign_Exchange,Forward,NDF,UPI,QZ1PP47TC5NV,New,,2023-11-06 23:03:08,JFTXFC,NA/Fwd NDF INR JPY,INR JPY,Spot,Forward price of underlying instrument,CASH,Cash,INR,JPY,INR,,,,,,,,,
1,Foreign_Exchange,Forward,NDF,UPI,QZDZLJB59J5T,New,,2023-11-06 23:03:09,JFTXFC,NA/Fwd NDF CAD IDR,CAD IDR,Spot,Forward price of underlying instrument,CASH,Cash,CAD,IDR,CAD,,,,,,,,,
1,Foreign_Exchange,Forward,NDF,UPI,QZ44XP2GLRVB,New,,2023-11-06 23:03:15,JFTXFC,NA/Fwd NDF CLP HKD,CLP HKD,Spot,Forward price of underlying instrument,CASH,Cash,CLP,HKD,HKD,,,,,,,,,
1,Foreign_Exchange,Forward,NDF,UPI,QZS3M6FQRKRR,New,,2023-11-06 23:03:19,JFTXFC,NA/Fwd NDF CHF KES,CHF KES,Spot,Forward price of underlying instrument,CASH,Cash,CHF,KES,CHF,,,,,,,,,
1,Foreign_Exchange,Forward,NDF,UPI,QZV87Q5Z47JK,New,,2023-11-06 23:03:27,JFTXFC,NA/Fwd NDF CNY OMR,CNY OMR,Spot,Forward price of underlying instrument,CASH,Cash,CNY,OMR,OMR,,,,,,,,,
1,Foreign_Exchange,Forward,NDF,UPI,QZ06QB9XHNHN,New,,2023-11-06 23:03:38,JFTXFC,NA/Fwd NDF KRW NOK,KRW NOK,Spot,Forward price of underlying instrument,CASH,Cash,KRW,NOK,NOK,,,,,,,,,
1,Foreign_Exchange,Forward,NDF,UPI,QZ81CV91T1TH,New,,2023-11-06 23:03:46,JFTXFC,NA/Fwd NDF DKK KRW,DKK KRW,Spot,Forward price of underlying instrument,CASH,Cash,DKK,KRW,DKK,,,,,,,,,
1,Foreign_Exchange,Forward,NDF,UPI,QZQK1JLSFHWL,New,,2023-11-06 23:03:51,JFTXFC,NA/Fwd NDF GEL USD,GEL USD,Spot,Forward price of underlying instrument,CASH,Cash,GEL,USD,USD,,,,,,,,,
1,Foreign_Exchange,Forward,NDF,UPI,QZ81ZC5JBTZT,New,,2023-11-06 23:04:28,JFTXFC,NA/Fwd NDF EUR KZT,EUR KZT,Spot,Forward price of underlying instrument,CASH,Cash,EUR,KZT,EUR,,,,,,,,,
1,Foreign_Exchange,Forward,NDF,UPI,QZQH07X18SWW,New,,2023-11-06 23:04:29,JFTXFC,NA/Fwd NDF RUB SEK,RUB SEK,Spot,Forward price of underlying instrument,CASH,Cash,RUB,SEK,RUB,,,,,,,,,
1,Foreign_Exchange,Forward,NDF,UPI,QZ5JNS0L1ZMP,New,,2023-11-06 23:04:38,JFTXFC,NA/Fwd NDF INR NOK,INR NOK,Spot,Forward price of underlying instrument,CASH,Cash,INR,NOK,NOK,,,,,,,,,
1,Foreign_Exchange,Forward,NDF,UPI,QZ5V30WJVK8Q,New,,2023-11-06 23:04:45,JFTXFC,NA/Fwd NDF AUD KES,AUD KES,Spot,Forward price of underlying instrument,CASH,Cash,AUD,KES,AUD,,,,,,,,,
1,Foreign_Exchange,Forward,NDF,UPI,QZVCD1XFL1TW,New,,2023-11-06 23:05:08,JFTXFC,NA/Fwd NDF CLP QAR,CLP QAR,Spot,Forward price of underlying instrument,CASH,Cash,CLP,QAR,QAR,,,,,,,,,
1,Foreign_Exchange,Forward,NDF,UPI,QZLL3RJW58TB,New,,2023-11-06 23:05:12,JFTXFC,NA/Fwd NDF DKK INR,DKK INR,Spot,Forward price of underlying instrument,CASH,Cash,DKK,INR,DKK,,,,,,,,,
1,Foreign_Exchange,Forward,NDF,UPI,QZV11J8DWQ1J,New,,2023-11-06 23:05:17,JFTXFC,NA/Fwd NDF BRL CHF,BRL CHF,Spot,Forward price of underlying instrument,CASH,Cash,BRL,CHF,CHF,,,,,,,,,
1,Foreign_Exchange,Forward,NDF,UPI,QZV3J3343GFW,New,,2023-11-06 23:05:35,JFTXFC,NA/Fwd NDF SEK THB,SEK THB,Spot,Forward price of underlying instrument,CASH,Cash,SEK,THB,THB,,,,,,,,,
1,Foreign_Exchange,Forward,NDF,UPI,QZVKTW56JXGN,New,,2023-11-06 23:05:48,JFTXFC,NA/Fwd NDF DKK TWD,DKK TWD,Spot,Forward price of underlying instrument,CASH,Cash,DKK,TWD,DKK,,,,,,,,,
1,Foreign_Exchange,Forward,NDF,UPI,QZDXQ1TQRRGK,New,,2023-11-06 23:05:48,JFTXFC,NA/Fwd NDF SEK TWD,SEK TWD,Spot,Forward price of underlying instrument,CASH,Cash,SEK,TWD,SEK,,,,,,,,,
1,Foreign_Exchange,Forward,NDF,UPI,QZ8V2C9L2KR5,New,,2023-11-06 23:05:58,JFTXFC,NA/Fwd NDF CNY RON,CNY RON,Spot,Forward price of underlying instrument,CASH,Cash,CNY,RON,RON,,,,,,,,,
1,Foreign_Exchange,Forward,NDF,UPI,QZ5H6JRDV2D2,New,,2023-11-07 00:57:39,JFTXFC,NA/Fwd NDF EUR UYU,EUR UYU,Spot,Forward price of underlying instrument,CASH,Cash,EUR,UYU,EUR,,,,,,,,,
1,Foreign_Exchange,Forward,NDF,UPI,QZ28CKQSJHTG,New,,2023-11-07 01:04:19,JFTXFC,NA/Fwd NDF USD UYU,USD UYU,Spot,Forward price of underlying instrument,CASH,Cash,USD,UYU,USD,,,,,,,,,
1,Foreign_Exchange,Forward,NDF,UPI,QZGM5Z6B4M16,New,,2023-11-07 01:04:56,JFTXFC,NA/Fwd NDF EGP GBP,EGP GBP,Spot,Forward price of underlying instrument,CASH,Cash,EGP,GBP,GBP,,,,,,,,,
1,Foreign_Exchange,Forward,NDF,UPI,QZ96R8JPNKMH,New,,2023-11-07 01:40:40,JFTXFC,NA/Fwd NDF KRW USD,KRW USD,Spot,Forward price of underlying instrument,CASH,Cash,KRW,USD,SGD,,,,,,,,,
1,Foreign_Exchange,Forward,NDF,UPI,QZLQ8MVJBN0M,New,,2023-11-07 01:49:24,JFTXFC,NA/Fwd NDF KRW SGD,KRW SGD,Spot,Forward price of underlying instrument,CASH,Cash,KRW,SGD,USD,,,,,,,,,
1,Foreign_Exchange,Forward,NDF,UPI,QZT6R9Q53QLS,New,,2023-11-07 02:22:07,JFTXFC,NA/Fwd NDF EUR TWD,EUR TWD,Spot,Forward price of underlying instrument,CASH,Cash,EUR,TWD,USD,,,,,,,,,
1,Foreign_Exchange,Forward,NDF,UPI,QZ3TX4C029DJ,New,,2023-11-07 05:03:59,JFTXFC,NA/Fwd NDF HUF SEK,HUF SEK,Spot,Forward price of underlying instrument,CASH,Cash,HUF,SEK,HUF,,,,,,,,,
1,Foreign_Exchange,Forward,NDF,UPI,QZ5C1DV01PG3,New,,2023-11-07 05:03:59,JFTXFC,NA/Fwd NDF KRW THB,KRW THB,Spot,Forward price of underlying instrument,CASH,Cash,KRW,THB,THB,,,,,,,,,
1,Foreign_Exchange,Forward,NDF,UPI,QZ74C9DCHV36,New,,2023-11-07 05:03:59,JFTXFC,NA/Fwd NDF DKK GBP,DKK GBP,Spot,Forward price of underlying instrument,CASH,Cash,DKK,GBP,DKK,,,,,,,,,
1,Foreign_Exchange,Forward,NDF,UPI,QZK5N9DCQD2Z,New,,2023-11-07 05:03:59,JFTXFC,NA/Fwd NDF EUR HUF,EUR HUF,Spot,Forward price of underlying instrument,CASH,Cash,EUR,HUF,EUR,,,,,,,,,
1,Foreign_Exchange,Forward,NDF,UPI,QZ7WQ4VRR211,New,,2023-11-07 05:04:00,JFTXFC,NA/Fwd NDF AUD XAU,AUD XAU,Spot,Forward price of underlying instrument,CASH,Cash,AUD,XAU,XAU,,,,,,,,,
1,Foreign_Exchange,Forward,NDF,UPI,QZNMWJNPMSVJ,New,,2023-11-07 05:04:00,JFTXFC,NA/Fwd NDF AED PHP,AED PHP,Spot,Forward price of underlying instrument,CASH,Cash,AED,PHP,AED,,,,,,,,,
1,Foreign_Exchange,Forward,NDF,UPI,QZW85HSSLCJK,New,,2023-11-07 05:04:00,JFTXFC,NA/Fwd NDF CHF MXN,CHF MXN,Spot,Forward price of underlying instrument,CASH,Cash,CHF,MXN,CHF,,,,,,,,,
1,Foreign_Exchange,Forward,NDF,UPI,QZR4TVJX1M2M,New,,2023-11-07 05:04:00,JFTXFC,NA/Fwd NDF EUR XPD,EUR XPD,Spot,Forward price of underlying instrument,CASH,Cash,EUR,XPD,XPD,,,,,,,,,
1,Foreign_Exchange,Forward,NDF,UPI,QZ1D5Z8TC6MK,New,,2023-11-07 05:04:00,JFTXFC,NA/Fwd NDF CNY SGD,CNY SGD,Spot,Forward price of underlying instrument,CASH,Cash,CNY,SGD,CNY,,,,,,,,,
1,Foreign_Exchange,Forward,NDF,UPI,QZJWTZQBZ2WR,New,,2023-11-07 05:04:00,JFTXFC,NA/Fwd NDF AED THB,AED THB,Spot,Forward price of underlying instrument,CASH,Cash,AED,THB,THB,,,,,,,,,
1,Foreign_Exchange,Forward,NDF,UPI,QZRNTJNXV9F4,New,,2023-11-07 05:04:00,JFTXFC,NA/Fwd NDF AED SEK,AED SEK,Spot,Forward price of underlying instrument,CASH,Cash,AED,SEK,SEK,,,,,,,,,
1,Foreign_Exchange,Forward,NDF,UPI,QZG75H9SFH82,New,,2023-11-07 05:04:00,JFTXFC,NA/Fwd NDF HKD MXN,HKD MXN,Spot,Forward price of underlying instrument,CASH,Cash,HKD,MXN,HKD,,,,,,,,,
1,Foreign_Exchange,Forward,NDF,UPI,QZMKD5MV25D5,New,,2023-11-07 05:04:01,JFTXFC,NA/Fwd NDF HKD THB,HKD THB,Spot,Forward price of underlying instrument,CASH,Cash,HKD,THB,THB,,,,,,,,,
1,Foreign_Exchange,Forward,NDF,UPI,QZVGT39W7N3W,New,,2023-11-07 05:04:01,JFTXFC,NA/Fwd NDF GBP OMR,GBP OMR,Spot,Forward price of underlying instrument,CASH,Cash,GBP,OMR,GBP,,,,,,,,,
1,Foreign_Exchange,Forward,NDF,UPI,QZN4SH0Z70TD,New,,2023-11-07 05:04:01,JFTXFC,NA/Fwd NDF DKK PLN,DKK PLN,Spot,Forward price of underlying instrument,CASH,Cash,DKK,PLN,DKK,,,,,,,,,
1,Foreign_Exchange,Forward,NDF,UPI,QZKFMCRRXWGB,New,,2023-11-07 05:04:01,JFTXFC,NA/Fwd NDF AED TND,AED TND,Spot,Forward price of underlying instrument,CASH,Cash,AED,TND,AED,,,,,,,,,
1,Foreign_Exchange,Forward,NDF,UPI,QZL4TCVB35VJ,New,,2023-11-07 05:04:01,JFTXFC,NA/Fwd NDF HKD THB,HKD THB,Spot,Forward price of underlying instrument,CASH,Cash,HKD,THB,HKD,,,,,,,,,
1,Foreign_Exchange,Forward,NDF,UPI,QZNZLFXZWGVC,New,,2023-11-07 05:04:01,JFTXFC,NA/Fwd NDF AED EGP,AED EGP,Spot,Forward price of underlying instrument,CASH,Cash,AED,EGP,EGP,,,,,,,,,
1,Foreign_Exchange,Forward,NDF,UPI,QZS8SK0XPFV6,New,,2023-11-07 05:04:01,JFTXFC,NA/Fwd NDF GBP SGD,GBP SGD,Spot,Forward price of underlying instrument,CASH,Cash,GBP,SGD,GBP,,,,,,,,,
1,Foreign_Exchange,Forward,NDF,UPI,QZBBM46Q9JTX,New,,2023-11-07 05:04:01,JFTXFC,NA/Fwd NDF CHF CZK,CHF CZK,Spot,Forward price of underlying instrument,CASH,Cash,CHF,CZK,CHF,,,,,,,,,
1,Foreign_Exchange,Forward,NDF,UPI,QZB3Z91GFSRT,New,,2023-11-07 05:04:01,JFTXFC,NA/Fwd NDF CZK SEK,CZK SEK,Spot,Forward price of underlying instrument,CASH,Cash,CZK,SEK,CZK,,,,,,,,,
1,Foreign_Exchange,Forward,NDF,UPI,QZBSN48P2XTM,New,,2023-11-07 05:04:01,JFTXFC,NA/Fwd NDF NZD SEK,NZD SEK,Spot,Forward price of underlying instrument,CASH,Cash,NZD,SEK,NZD,,,,,,,,,
1,Foreign_Exchange,Forward,NDF,UPI,QZGGGD254VQV,New,,2023-11-07 05:04:02,JFTXFC,NA/Fwd NDF HKD SEK,HKD SEK,Spot,Forward price of underlying instrument,CASH,Cash,HKD,SEK,HKD,,,,,,,,,
1,Foreign_Exchange,Forward,NDF,UPI,QZMN26S26NBK,New,,2023-11-07 05:04:02,JFTXFC,NA/Fwd NDF INR ZAR,INR ZAR,Spot,Forward price of underlying instrument,CASH,Cash,INR,ZAR,ZAR,,,,,,,,,
1,Foreign_Exchange,Forward,NDF,UPI,QZ2BB7H4LZ2H,New,,2023-11-07 05:04:02,JFTXFC,NA/Fwd NDF JPY SEK,JPY SEK,Spot,Forward price of underlying instrument,CASH,Cash,JPY,SEK,SEK,,,,,,,,,
1,Foreign_Exchange,Forward,NDF,UPI,QZZSPH8NQ368,New,,2023-11-07 05:04:02,JFTXFC,NA/Fwd NDF AED EGP,AED EGP,Spot,Forward price of underlying instrument,CASH,Cash,AED,EGP,AED,,,,,,,,,
1,Foreign_Exchange,Forward,NDF,UPI,QZVG3DQRZXWJ,New,,2023-11-07 05:04:02,JFTXFC,NA/Fwd NDF BND MYR,BND MYR,Spot,Forward price of underlying instrument,CASH,Cash,BND,MYR,BND,,,,,,,,,
1,Foreign_Exchange,Forward,NDF,UPI,QZD4P6C8NF3Z,New,,2023-11-07 05:04:02,JFTXFC,NA/Fwd NDF CNY MYR,CNY MYR,Spot,Forward price of underlying instrument,CASH,Cash,CNY,MYR,MYR,,,,,,,,,
1,Foreign_Exchange,Forward,NDF,UPI,QZ5PHZRT8TS2,New,,2023-11-07 05:04:02,JFTXFC,NA/Fwd NDF PLN SEK,PLN SEK,Spot,Forward price of underlying instrument,CASH,Cash,PLN,SEK,SEK,,,,,,,,,
1,Foreign_Exchange,Forward,NDF,UPI,QZC821ST9VLL,New,,2023-11-07 05:04:02,JFTXFC,NA/Fwd NDF DKK SEK,DKK SEK,Spot,Forward price of underlying instrument,CASH,Cash,DKK,SEK,SEK,,,,,,,,,
1,Foreign_Exchange,Forward,NDF,UPI,QZ9ZRLGVB1BW,New,,2023-11-07 05:04:02,JFTXFC,NA/Fwd NDF USD XAU,USD XAU,Spot,Forward price of underlying instrument,CASH,Cash,USD,XAU,XAU,,,,,,,,,
1,Foreign_Exchange,Forward,NDF,UPI,QZ95727WPP7L,New,,2023-11-07 05:04:03,JFTXFC,NA/Fwd NDF SAR ZAR,SAR ZAR,Spot,Forward price of underlying instrument,CASH,Cash,SAR,ZAR,SAR,,,,,,,,,
1,Foreign_Exchange,Forward,NDF,UPI,QZ75T422NL19,New,,2023-11-07 05:04:03,JFTXFC,NA/Fwd NDF CHF XAU,CHF XAU,Spot,Forward price of underlying instrument,CASH,Cash,CHF,XAU,XAU,,,,,,,,,
1,Foreign_Exchange,Forward,NDF,UPI,QZ39LXWG3QVP,New,,2023-11-07 05:04:03,JFTXFC,NA/Fwd NDF DKK USD,DKK USD,Spot,Forward price of underlying instrument,CASH,Cash,DKK,USD,DKK,,,,,,,,,
1,Foreign_Exchange,Forward,NDF,UPI,QZV29BW1ZJLQ,New,,2023-11-07 05:04:03,JFTXFC,NA/Fwd NDF CHF RON,CHF RON,Spot,Forward price of underlying instrument,CASH,Cash,CHF,RON,CHF,,,,,,,,,
1,Foreign_Exchange,Forward,NDF,UPI,QZFWGQVG9K4T,New,,2023-11-07 05:04:03,JFTXFC,NA/Fwd NDF SGD TWD,SGD TWD,Spot,Forward price of underlying instrument,CASH,Cash,SGD,TWD,TWD,,,,,,,,,
1,Foreign_Exchange,Forward,NDF,UPI,QZRPFHXG8KWC,New,,2023-11-07 05:04:03,JFTXFC,NA/Fwd NDF HKD SGD,HKD SGD,Spot,Forward price of underlying instrument,CASH,Cash,HKD,SGD,HKD,,,,,,,,,
1,Foreign_Exchange,Forward,NDF,UPI,QZ6M4CXLR94S,New,,2023-11-07 05:04:03,JFTXFC,NA/Fwd NDF NZD SGD,NZD SGD,Spot,Forward price of underlying instrument,CASH,Cash,NZD,SGD,NZD,,,,,,,,,
1,Foreign_Exchange,Forward,NDF,UPI,QZBND8RXFH33,New,,2023-11-07 05:04:03,JFTXFC,NA/Fwd NDF PHP QAR,PHP QAR,Spot,Forward price of underlying instrument,CASH,Cash,PHP,QAR,QAR,,,,,,,,,
1,Foreign_Exchange,Forward,NDF,UPI,QZCW6J564JBD,New,,2023-11-07 05:04:03,JFTXFC,NA/Fwd NDF DKK JPY,DKK JPY,Spot,Forward price of underlying instrument,CASH,Cash,DKK,JPY,DKK,,,,,,,,,
1,Foreign_Exchange,Forward,NDF,UPI,QZVVGXFFPLXC,New,,2023-11-07 05:04:04,JFTXFC,NA/Fwd NDF KWD USD,KWD USD,Spot,Forward price of underlying instrument,CASH,Cash,KWD,USD,KWD,,,,,,,,,
1,Foreign_Exchange,Forward,NDF,UPI,QZVN28N04KZM,New,,2023-11-07 05:04:04,JFTXFC,NA/Fwd NDF CAD CHF,CAD CHF,Spot,Forward price of underlying instrument,CASH,Cash,CAD,CHF,CAD,,,,,,,,,
1,Foreign_Exchange,Forward,NDF,UPI,QZWGP26KZ5RP,New,,2023-11-07 05:04:04,JFTXFC,NA/Fwd NDF SEK USD,SEK USD,Spot,Forward price of underlying instrument,CASH,Cash,SEK,USD,SEK,,,,,,,,,
1,Foreign_Exchange,Forward,NDF,UPI,QZJLJGLR4WK4,New,,2023-11-07 05:04:04,JFTXFC,NA/Fwd NDF HUF SEK,HUF SEK,Spot,Forward price of underlying instrument,CASH,Cash,HUF,SEK,SEK,,,,,,,,,
1,Foreign_Exchange,Forward,NDF,UPI,QZZKC2MPDXF5,New,,2023-11-07 05:04:04,JFTXFC,NA/Fwd NDF CHF CZK,CHF CZK,Spot,Forward price of underlying instrument,CASH,Cash,CHF,CZK,CZK,,,,,,,,,
1,Foreign_Exchange,Forward,NDF,UPI,QZFTHTGN0L1N,New,,2023-11-07 05:04:04,JFTXFC,NA/Fwd NDF CAD COP,CAD COP,Spot,Forward price of underlying instrument,CASH,Cash,CAD,COP,CAD,,,,,,,,,
1,Foreign_Exchange,Forward,NDF,UPI,QZ9VVF05KRMW,New,,2023-11-07 05:04:04,JFTXFC,NA/Fwd NDF CAD TRY,CAD TRY,Spot,Forward price of underlying instrument,CASH,Cash,CAD,TRY,CAD,,,,,,,,,
1,Foreign_Exchange,Forward,NDF,UPI,QZW82P9RZJ3T,New,,2023-11-07 05:04:04,JFTXFC,NA/Fwd NDF CHF ZAR,CHF ZAR,Spot,Forward price of underlying instrument,CASH,Cash,CHF,ZAR,ZAR,,,,,,,,,
1,Foreign_Exchange,Forward,NDF,UPI,QZP1ZB6PDSJB,New,,2023-11-07 05:04:04,JFTXFC,NA/Fwd NDF CHF NOK,CHF NOK,Spot,Forward price of underlying instrument,CASH,Cash,CHF,NOK,CHF,,,,,,,,,
1,Foreign_Exchange,Forward,NDF,UPI,QZ6FF80KJ49R,New,,2023-11-07 05:04:04,JFTXFC,NA/Fwd NDF JPY XAU,JPY XAU,Spot,Forward price of underlying instrument,CASH,Cash,JPY,XAU,XAU,,,,,,,,,
1,Foreign_Exchange,Forward,NDF,UPI,QZFW238FHKPB,New,,2023-11-07 05:04:05,JFTXFC,NA/Fwd NDF CHF PLN,CHF PLN,Spot,Forward price of underlying instrument,CASH,Cash,CHF,PLN,CHF,,,,,,,,,
1,Foreign_Exchange,Forward,NDF,UPI,QZC0R5L8N377,New,,2023-11-07 05:04:05,JFTXFC,NA/Fwd NDF RON SEK,RON SEK,Spot,Forward price of underlying instrument,CASH,Cash,RON,SEK,RON,,,,,,,,,
1,Foreign_Exchange,Forward,NDF,UPI,QZB4DL5DJ5F2,New,,2023-11-07 05:04:05,JFTXFC,NA/Fwd NDF SAR ZAR,SAR ZAR,Spot,Forward price of underlying instrument,CASH,Cash,SAR,ZAR,ZAR,,,,,,,,,
1,Foreign_Exchange,Forward,NDF,UPI,QZR71FJ032NG,New,,2023-11-07 05:04:05,JFTXFC,NA/Fwd NDF SEK SGD,SEK SGD,Spot,Forward price of underlying instrument,CASH,Cash,SEK,SGD,SGD,,,,,,,,,
1,Foreign_Exchange,Forward,NDF,UPI,QZG5CZ0T9CS8,New,,2023-11-07 05:04:05,JFTXFC,NA/Fwd NDF CHF SGD,CHF SGD,Spot,Forward price of underlying instrument,CASH,Cash,CHF,SGD,CHF,,,,,,,,,
1,Foreign_Exchange,Forward,NDF,UPI,QZLBQX91FNJB,New,,2023-11-07 05:04:05,JFTXFC,NA/Fwd NDF CHF SGD,CHF SGD,Spot,Forward price of underlying instrument,CASH,Cash,CHF,SGD,SGD,,,,,,,,,
1,Foreign_Exchange,Forward,NDF,UPI,QZGCXXB827TC,New,,2023-11-07 05:04:05,JFTXFC,NA/Fwd NDF NZD TWD,NZD TWD,Spot,Forward price of underlying instrument,CASH,Cash,NZD,TWD,TWD,,,,,,,,,
1,Foreign_Exchange,Forward,NDF,UPI,QZQNVL3GJDRZ,New,,2023-11-07 05:04:05,JFTXFC,NA/Fwd NDF EUR ILS,EUR ILS,Spot,Forward price of underlying instrument,CASH,Cash,EUR,ILS,ILS,,,,,,,,,
1,Foreign_Exchange,Forward,NDF,UPI,QZR95VS7WBGM,New,,2023-11-07 05:04:05,JFTXFC,NA/Fwd NDF SGD ZAR,SGD ZAR,Spot,Forward price of underlying instrument,CASH,Cash,SGD,ZAR,SGD,,,,,,,,,
1,Foreign_Exchange,Forward,NDF,UPI,QZJFSMD5JB7P,New,,2023-11-07 05:04:05,JFTXFC,NA/Fwd NDF CAD PLN,CAD PLN,Spot,Forward price of underlying instrument,CASH,Cash,CAD,PLN,CAD,,,,,,,,,
1,Foreign_Exchange,Forward,NDF,UPI,QZDQSKDKN0HV,New,,2023-11-07 05:04:06,JFTXFC,NA/Fwd NDF CAD ZAR,CAD ZAR,Spot,Forward price of underlying instrument,CASH,Cash,CAD,ZAR,CAD,,,,,,,,,
1,Foreign_Exchange,Forward,NDF,UPI,QZTM48P04VRH,New,,2023-11-07 05:04:06,JFTXFC,NA/Fwd NDF SGD THB,SGD THB,Spot,Forward price of underlying instrument,CASH,Cash,SGD,THB,SGD,,,,,,,,,
1,Foreign_Exchange,Forward,NDF,UPI,QZDWPF7GQMP9,New,,2023-11-07 05:04:06,JFTXFC,NA/Fwd NDF EUR XAG,EUR XAG,Spot,Forward price of underlying instrument,CASH,Cash,EUR,XAG,XAG,,,,,,,,,
1,Foreign_Exchange,Forward,NDF,UPI,QZ65QMCKMGV6,New,,2023-11-07 05:04:06,JFTXFC,NA/Fwd NDF AED PKR,AED PKR,Spot,Forward price of underlying instrument,CASH,Cash,AED,PKR,AED,,,,,,,,,
1,Foreign_Exchange,Forward,NDF,UPI,QZ6BM0H0371V,New,,2023-11-07 05:04:06,JFTXFC,NA/Fwd NDF CAD EUR,CAD EUR,Spot,Forward price of underlying instrument,CASH,Cash,CAD,EUR,CAD,,,,,,,,,
1,Foreign_Exchange,Forward,NDF,UPI,QZP7KKBZTCF4,New,,2023-11-07 05:04:06,JFTXFC,NA/Fwd NDF AED QAR,AED QAR,Spot,Forward price of underlying instrument,CASH,Cash,AED,QAR,QAR,,,,,,,,,
1,Foreign_Exchange,Forward,NDF,UPI,QZ5M6L1WPFW7,New,,2023-11-07 05:04:06,JFTXFC,NA/Fwd NDF AED MAD,AED MAD,Spot,Forward price of underlying instrument,CASH,Cash,AED,MAD,MAD,,,,,,,,,
1,Foreign_Exchange,Forward,NDF,UPI,QZ5XNCVGQQSN,New,,2023-11-07 05:04:06,JFTXFC,NA/Fwd NDF CHF NZD,CHF NZD,Spot,Forward price of underlying instrument,CASH,Cash,CHF,NZD,NZD,,,,,,,,,
1,Foreign_Exchange,Forward,NDF,UPI,QZNHGTMZCGCH,New,,2023-11-07 05:04:06,JFTXFC,NA/Fwd NDF KRW MYR,KRW MYR,Spot,Forward price of underlying instrument,CASH,Cash,KRW,MYR,KRW,,,,,,,,,
1,Foreign_Exchange,Forward,NDF,UPI,QZXZZKX9RXXH,New,,2023-11-07 05:04:06,JFTXFC,NA/Fwd NDF CHF EUR,CHF EUR,Spot,Forward price of underlying instrument,CASH,Cash,CHF,EUR,EUR,,,,,,,,,
1,Foreign_Exchange,Forward,NDF,UPI,QZ5890TSWQB0,New,,2023-11-07 05:04:07,JFTXFC,NA/Fwd NDF CAD TWD,CAD TWD,Spot,Forward price of underlying instrument,CASH,Cash,CAD,TWD,TWD,,,,,,,,,
1,Foreign_Exchange,Forward,NDF,UPI,QZZ9LJGL9LHM,New,,2023-11-07 05:04:07,JFTXFC,NA/Fwd NDF MYR SAR,MYR SAR,Spot,Forward price of underlying instrument,CASH,Cash,MYR,SAR,SAR,,,,,,,,,
1,Foreign_Exchange,Forward,NDF,UPI,QZ4XHVG6PKML,New,,2023-11-07 05:04:07,JFTXFC,NA/Fwd NDF CZK JPY,CZK JPY,Spot,Forward price of underlying instrument,CASH,Cash,CZK,JPY,CZK,,,,,,,,,
1,Foreign_Exchange,Forward,NDF,UPI,QZ82SJ1J7BTM,New,,2023-11-07 05:04:07,JFTXFC,NA/Fwd NDF GBP RSD,GBP RSD,Spot,Forward price of underlying instrument,CASH,Cash,GBP,RSD,GBP,,,,,,,,,
1,Foreign_Exchange,Forward,NDF,UPI,QZ9PL1BT392G,New,,2023-11-07 05:04:07,JFTXFC,NA/Fwd NDF BHD GBP,BHD GBP,Spot,Forward price of underlying instrument,CASH,Cash,BHD,GBP,GBP,,,,,,,,,
1,Foreign_Exchange,Forward,NDF,UPI,QZV3P7VLK0PT,New,,2023-11-07 05:04:07,JFTXFC,NA/Fwd NDF PEN SEK,PEN SEK,Spot,Forward price of underlying instrument,CASH,Cash,PEN,SEK,PEN,,,,,,,,,
1,Foreign_Exchange,Forward,NDF,UPI,QZNXJD27J5V2,New,,2023-11-07 05:04:07,JFTXFC,NA/Fwd NDF GBP NZD,GBP NZD,Spot,Forward price of underlying instrument,CASH,Cash,GBP,NZD,NZD,,,,,,,,,
1,Foreign_Exchange,Forward,NDF,UPI,QZNX121XKRD4,New,,2023-11-07 05:04:07,JFTXFC,NA/Fwd NDF JPY ZAR,JPY ZAR,Spot,Forward price of underlying instrument,CASH,Cash,JPY,ZAR,JPY,,,,,,,,,
1,Foreign_Exchange,Forward,NDF,UPI,QZMM7CV6Z8Z6,New,,2023-11-07 05:04:07,JFTXFC,NA/Fwd NDF AED MXN,AED MXN,Spot,Forward price of underlying instrument,CASH,Cash,AED,MXN,AED,,,,,,,,,
1,Foreign_Exchange,Forward,NDF,UPI,QZJ5SBQT44Z0,New,,2023-11-07 05:04:07,JFTXFC,NA/Fwd NDF AED EUR,AED EUR,Spot,Forward price of underlying instrument,CASH,Cash,AED,EUR,AED,,,,,,,,,
1,Foreign_Exchange,Forward,NDF,UPI,QZXVJD8RPWFG,New,,2023-11-07 05:04:08,JFTXFC,NA/Fwd NDF GBP HUF,GBP HUF,Spot,Forward price of underlying instrument,CASH,Cash,GBP,HUF,GBP,,,,,,,,,
1,Foreign_Exchange,Forward,NDF,UPI,QZ70NZ9KRHRQ,New,,2023-11-07 05:04:08,JFTXFC,NA/Fwd NDF EUR MYR,EUR MYR,Spot,Forward price of underlying instrument,CASH,Cash,EUR,MYR,MYR,,,,,,,,,
1,Foreign_Exchange,Forward,NDF,UPI,QZ0SK6GQ5FBZ,New,,2023-11-07 05:04:08,JFTXFC,NA/Fwd NDF MYR SGD,MYR SGD,Spot,Forward price of underlying instrument,CASH,Cash,MYR,SGD,MYR,,,,,,,,,
1,Foreign_Exchange,Forward,NDF,UPI,QZQ28D4Q5DFM,New,,2023-11-07 05:04:08,JFTXFC,NA/Fwd NDF DKK ZAR,DKK ZAR,Spot,Forward price of underlying instrument,CASH,Cash,DKK,ZAR,ZAR,,,,,,,,,
1,Foreign_Exchange,Forward,NDF,UPI,QZGRPQKM3X0Z,New,,2023-11-07 05:04:08,JFTXFC,NA/Fwd NDF EUR KWD,EUR KWD,Spot,Forward price of underlying instrument,CASH,Cash,EUR,KWD,KWD,,,,,,,,,
1,Foreign_Exchange,Forward,NDF,UPI,QZWDH8RPZ4J4,New,,2023-11-07 05:04:08,JFTXFC,NA/Fwd NDF JPY MXN,JPY MXN,Spot,Forward price of underlying instrument,CASH,Cash,JPY,MXN,MXN,,,,,,,,,
1,Foreign_Exchange,Forward,NDF,UPI,QZDM5G48XKTZ,New,,2023-11-07 05:04:08,JFTXFC,NA/Fwd NDF JPY NOK,JPY NOK,Spot,Forward price of underlying instrument,CASH,Cash,JPY,NOK,NOK,,,,,,,,,
1,Foreign_Exchange,Forward,NDF,UPI,QZW99M8TLKLJ,New,,2023-11-07 05:04:08,JFTXFC,NA/Fwd NDF AED BHD,AED BHD,Spot,Forward price of underlying instrument,CASH,Cash,AED,BHD,BHD,,,,,,,,,
1,Foreign_Exchange,Forward,NDF,UPI,QZH0HR6G7560,New,,2023-11-07 05:04:08,JFTXFC,NA/Fwd NDF EUR XAU,EUR XAU,Spot,Forward price of underlying instrument,CASH,Cash,EUR,XAU,XAU,,,,,,,,,
1,Foreign_Exchange,Forward,NDF,UPI,QZJQBTQJ0DHR,New,,2023-11-07 05:04:08,JFTXFC,NA/Fwd NDF CAD CNY,CAD CNY,Spot,Forward price of underlying instrument,CASH,Cash,CAD,CNY,CNY,,,,,,,,,
1,Foreign_Exchange,Forward,NDF,UPI,QZ79KG7XJ29Q,New,,2023-11-07 05:04:08,JFTXFC,NA/Fwd NDF NOK PLN,NOK PLN,Spot,Forward price of underlying instrument,CASH,Cash,NOK,PLN,NOK,,,,,,,,,
1,Foreign_Exchange,Forward,NDF,UPI,QZD926NZGPK6,New,,2023-11-07 05:04:09,JFTXFC,NA/Fwd NDF USD XAG,USD XAG,Spot,Forward price of underlying instrument,CASH,Cash,USD,XAG,XAG,,,,,,,,,
1,Foreign_Exchange,Forward,NDF,UPI,QZ62F9KZZMX9,New,,2023-11-07 05:04:09,JFTXFC,NA/Fwd NDF DKK NOK,DKK NOK,Spot,Forward price of underlying instrument,CASH,Cash,DKK,NOK,DKK,,,,,,,,,
1,Foreign_Exchange,Forward,NDF,UPI,QZ5Z7C3S954D,New,,2023-11-07 05:04:09,JFTXFC,NA/Fwd NDF IDR JPY,IDR JPY,Spot,Forward price of underlying instrument,CASH,Cash,IDR,JPY,IDR,,,,,,,,,
1,Foreign_Exchange,Forward,NDF,UPI,QZC6GFH04LZC,New,,2023-11-07 05:04:09,JFTXFC,NA/Fwd NDF QAR USD,QAR USD,Spot,Forward price of underlying instrument,CASH,Cash,QAR,USD,QAR,,,,,,,,,
1,Foreign_Exchange,Forward,NDF,UPI,QZLP2T4DKMFQ,New,,2023-11-07 05:04:09,JFTXFC,NA/Fwd NDF CAD ZAR,CAD ZAR,Spot,Forward price of underlying instrument,CASH,Cash,CAD,ZAR,ZAR,,,,,,,,,
1,Foreign_Exchange,Forward,NDF,UPI,QZVFHQ9HR28D,New,,2023-11-07 05:04:09,JFTXFC,NA/Fwd NDF COP JPY,COP JPY,Spot,Forward price of underlying instrument,CASH,Cash,COP,JPY,JPY,,,,,,,,,
1,Foreign_Exchange,Forward,NDF,UPI,QZBSRCRHWV88,New,,2023-11-07 05:04:09,JFTXFC,NA/Fwd NDF MYR NZD,MYR NZD,Spot,Forward price of underlying instrument,CASH,Cash,MYR,NZD,NZD,,,,,,,,,
1,Foreign_Exchange,Forward,NDF,UPI,QZPZ4978SB2K,New,,2023-11-07 05:04:09,JFTXFC,NA/Fwd NDF SGD THB,SGD THB,Spot,Forward price of underlying instrument,CASH,Cash,SGD,THB,THB,,,,,,,,,
1,Foreign_Exchange,Forward,NDF,UPI,QZ2JR83851D5,New,,2023-11-07 05:04:09,JFTXFC,NA/Fwd NDF HUF JPY,HUF JPY,Spot,Forward price of underlying instrument,CASH,Cash,HUF,JPY,JPY,,,,,,,,,
1,Foreign_Exchange,Forward,NDF,UPI,QZQJBXN27T9Z,New,,2023-11-07 05:04:09,JFTXFC,NA/Fwd NDF SGD ZAR,SGD ZAR,Spot,Forward price of underlying instrument,CASH,Cash,SGD,ZAR,ZAR,,,,,,,,,
1,Foreign_Exchange,Forward,NDF,UPI,QZ2ZP63CB6CB,New,,2023-11-07 05:04:09,JFTXFC,NA/Fwd NDF CAD SGD,CAD SGD,Spot,Forward price of underlying instrument,CASH,Cash,CAD,SGD,CAD,,,,,,,,,
1,Foreign_Exchange,Forward,NDF,UPI,QZ4RJ6BFLP59,New,,2023-11-07 05:04:10,JFTXFC,NA/Fwd NDF HKD PHP,HKD PHP,Spot,Forward price of underlying instrument,CASH,Cash,HKD,PHP,HKD,,,,,,,,,
1,Foreign_Exchange,Forward,NDF,UPI,QZ9PG53F3KN2,New,,2023-11-07 05:04:10,JFTXFC,NA/Fwd NDF CAD HKD,CAD HKD,Spot,Forward price of underlying instrument,CASH,Cash,CAD,HKD,HKD,,,,,,,,,
1,Foreign_Exchange,Forward,NDF,UPI,QZV4P3F913C6,New,,2023-11-07 05:04:10,JFTXFC,NA/Fwd NDF GBP RUB,GBP RUB,Spot,Forward price of underlying instrument,CASH,Cash,GBP,RUB,GBP,,,,,,,,,
1,Foreign_Exchange,Forward,NDF,UPI,QZ3N3JTDJ61X,New,,2023-11-07 05:04:10,JFTXFC,NA/Fwd NDF HKD NOK,HKD NOK,Spot,Forward price of underlying instrument,CASH,Cash,HKD,NOK,HKD,,,,,,,,,
1,Foreign_Exchange,Forward,NDF,UPI,QZ38CPWR6TS6,New,,2023-11-07 05:04:10,JFTXFC,NA/Fwd NDF EUR RSD,EUR RSD,Spot,Forward price of underlying instrument,CASH,Cash,EUR,RSD,EUR,,,,,,,,,
1,Foreign_Exchange,Forward,NDF,UPI,QZTVR7ND053F,New,,2023-11-07 05:04:10,JFTXFC,NA/Fwd NDF IDR KRW,IDR KRW,Spot,Forward price of underlying instrument,CASH,Cash,IDR,KRW,IDR,,,,,,,,,
1,Foreign_Exchange,Forward,NDF,UPI,QZ4BQGXRB6ST,New,,2023-11-07 05:04:10,JFTXFC,NA/Fwd NDF CHF RSD,CHF RSD,Spot,Forward price of underlying instrument,CASH,Cash,CHF,RSD,CHF,,,,,,,,,
1,Foreign_Exchange,Forward,NDF,UPI,QZJ1BKDZKQDX,New,,2023-11-07 05:04:10,JFTXFC,NA/Fwd NDF DKK EUR,DKK EUR,Spot,Forward price of underlying instrument,CASH,Cash,DKK,EUR,DKK,,,,,,,,,
1,Foreign_Exchange,Forward,NDF,UPI,QZVM9K62M5GL,New,,2023-11-07 05:04:10,JFTXFC,NA/Fwd NDF AED JOD,AED JOD,Spot,Forward price of underlying instrument,CASH,Cash,AED,JOD,JOD,,,,,,,,,
1,Foreign_Exchange,Forward,NDF,UPI,QZLJH7BS8R92,New,,2023-11-07 05:04:10,JFTXFC,NA/Fwd NDF BHD INR,BHD INR,Spot,Forward price of underlying instrument,CASH,Cash,BHD,INR,BHD,,,,,,,,,
1,Foreign_Exchange,Forward,NDF,UPI,QZ4P5X8HB6CN,New,,2023-11-07 05:04:10,JFTXFC,NA/Fwd NDF CAD ILS,CAD ILS,Spot,Forward price of underlying instrument,CASH,Cash,CAD,ILS,ILS,,,,,,,,,
1,Foreign_Exchange,Forward,NDF,UPI,QZR00MD4MWM5,New,,2023-11-07 05:04:10,JFTXFC,NA/Fwd NDF AED ZAR,AED ZAR,Spot,Forward price of underlying instrument,CASH,Cash,AED,ZAR,ZAR,,,,,,,,,
1,Foreign_Exchange,Forward,NDF,UPI,QZL55B3D6KC2,New,,2023-11-07 05:04:11,JFTXFC,NA/Fwd NDF AED CNY,AED CNY,Spot,Forward price of underlying instrument,CASH,Cash,AED,CNY,CNY,,,,,,,,,
1,Foreign_Exchange,Forward,NDF,UPI,QZV6NPFTBSGK,New,,2023-11-07 05:04:11,JFTXFC,NA/Fwd NDF MYR NZD,MYR NZD,Spot,Forward price of underlying instrument,CASH,Cash,MYR,NZD,MYR,,,,,,,,,
1,Foreign_Exchange,Forward,NDF,UPI,QZDHNNL89FB7,New,,2023-11-07 05:04:11,JFTXFC,NA/Fwd NDF CAD DKK,CAD DKK,Spot,Forward price of underlying instrument,CASH,Cash,CAD,DKK,CAD,,,,,,,,,
1,Foreign_Exchange,Forward,NDF,UPI,QZQ9CWKZKGTT,New,,2023-11-07 05:04:11,JFTXFC,NA/Fwd NDF JPY RON,JPY RON,Spot,Forward price of underlying instrument,CASH,Cash,JPY,RON,JPY,,,,,,,,,
1,Foreign_Exchange,Forward,NDF,UPI,QZ6JR5H5JHP1,New,,2023-11-07 05:04:11,JFTXFC,NA/Fwd NDF AED ZAR,AED ZAR,Spot,Forward price of underlying instrument,CASH,Cash,AED,ZAR,AED,,,,,,,,,
1,Foreign_Exchange,Forward,NDF,UPI,QZN7WVDHGQ75,New,,2023-11-07 05:04:11,JFTXFC,NA/Fwd NDF NZD THB,NZD THB,Spot,Forward price of underlying instrument,CASH,Cash,NZD,THB,NZD,,,,,,,,,
1,Foreign_Exchange,Forward,NDF,UPI,QZSVN4V7KC12,New,,2023-11-07 05:04:11,JFTXFC,NA/Fwd NDF AED TND,AED TND,Spot,Forward price of underlying instrument,CASH,Cash,AED,TND,TND,,,,,,,,,
1,Foreign_Exchange,Forward,NDF,UPI,QZ18S9K6VBPW,New,,2023-11-07 05:04:11,JFTXFC,NA/Fwd NDF EUR ZAR,EUR ZAR,Spot,Forward price of underlying instrument,CASH,Cash,EUR,ZAR,EUR,,,,,,,,,
1,Foreign_Exchange,Forward,NDF,UPI,QZQ10H080M45,New,,2023-11-07 05:04:11,JFTXFC,NA/Fwd NDF INR OMR,INR OMR,Spot,Forward price of underlying instrument,CASH,Cash,INR,OMR,OMR,,,,,,,,,
1,Foreign_Exchange,Forward,NDF,UPI,QZR2GRKS1RVX,New,,2023-11-07 05:04:11,JFTXFC,NA/Fwd NDF OMR USD,OMR USD,Spot,Forward price of underlying instrument,CASH,Cash,OMR,USD,USD,,,,,,,,,
1,Foreign_Exchange,Forward,NDF,UPI,QZLD0VJ0W67P,New,,2023-11-07 05:04:11,JFTXFC,NA/Fwd NDF CAD SAR,CAD SAR,Spot,Forward price of underlying instrument,CASH,Cash,CAD,SAR,CAD,,,,,,,,,
1,Foreign_Exchange,Forward,NDF,UPI,QZPGZ3F3S5FD,New,,2023-11-07 05:04:12,JFTXFC,NA/Fwd NDF AUD EUR,AUD EUR,Spot,Forward price of underlying instrument,CASH,Cash,AUD,EUR,AUD,,,,,,,,,
1,Foreign_Exchange,Forward,NDF,UPI,QZQTKB92RB24,New,,2023-11-07 05:04:12,JFTXFC,NA/Fwd NDF AUD QAR,AUD QAR,Spot,Forward price of underlying instrument,CASH,Cash,AUD,QAR,AUD,,,,,,,,,
1,Foreign_Exchange,Forward,NDF,UPI,QZVL6WPSPH7N,New,,2023-11-07 05:04:12,JFTXFC,NA/Fwd NDF GBP KWD,GBP KWD,Spot,Forward price of underlying instrument,CASH,Cash,GBP,KWD,GBP,,,,,,,,,
1,Foreign_Exchange,Forward,NDF,UPI,QZ5D0MZ6HCZ1,New,,2023-11-07 05:04:12,JFTXFC,NA/Fwd NDF HKD MYR,HKD MYR,Spot,Forward price of underlying instrument,CASH,Cash,HKD,MYR,HKD,,,,,,,,,
1,Foreign_Exchange,Forward,NDF,UPI,QZFNWL96KG22,New,,2023-11-07 05:04:12,JFTXFC,NA/Fwd NDF EUR XPT,EUR XPT,Spot,Forward price of underlying instrument,CASH,Cash,EUR,XPT,XPT,,,,,,,,,
1,Foreign_Exchange,Forward,NDF,UPI,QZLK899LD9G5,New,,2023-11-07 05:04:12,JFTXFC,NA/Fwd NDF CHF PEN,CHF PEN,Spot,Forward price of underlying instrument,CASH,Cash,CHF,PEN,CHF,,,,,,,,,
1,Foreign_Exchange,Forward,NDF,UPI,QZ5MV7RV06R1,New,,2023-11-07 05:04:12,JFTXFC,NA/Fwd NDF CNY IDR,CNY IDR,Spot,Forward price of underlying instrument,CASH,Cash,CNY,IDR,IDR,,,,,,,,,
1,Foreign_Exchange,Forward,NDF,UPI,QZN9XNV6B057,New,,2023-11-07 05:04:12,JFTXFC,NA/Fwd NDF BGN EUR,BGN EUR,Spot,Forward price of underlying instrument,CASH,Cash,BGN,EUR,EUR,,,,,,,,,
1,Foreign_Exchange,Forward,NDF,UPI,QZML9Q5N96NP,New,,2023-11-07 05:04:12,JFTXFC,NA/Fwd NDF MYR THB,MYR THB,Spot,Forward price of underlying instrument,CASH,Cash,MYR,THB,THB,,,,,,,,,
1,Foreign_Exchange,Forward,NDF,UPI,QZ7HWQZW34JX,New,,2023-11-07 05:04:12,JFTXFC,NA/Fwd NDF HKD SEK,HKD SEK,Spot,Forward price of underlying instrument,CASH,Cash,HKD,SEK,SEK,,,,,,,,,
1,Foreign_Exchange,Forward,NDF,UPI,QZNPHGR9WS2D,New,,2023-11-07 05:04:12,JFTXFC,NA/Fwd NDF CHF HKD,CHF HKD,Spot,Forward price of underlying instrument,CASH,Cash,CHF,HKD,HKD,,,,,,,,,
1,Foreign_Exchange,Forward,NDF,UPI,QZ0FQVHW3QT8,New,,2023-11-07 05:04:13,JFTXFC,NA/Fwd NDF AUD DKK,AUD DKK,Spot,Forward price of underlying instrument,CASH,Cash,AUD,DKK,AUD,,,,,,,,,
1,Foreign_Exchange,Forward,NDF,UPI,QZ3L66B296HD,New,,2023-11-07 05:04:13,JFTXFC,NA/Fwd NDF EUR ZAR,EUR ZAR,Spot,Forward price of underlying instrument,CASH,Cash,EUR,ZAR,ZAR,,,,,,,,,
1,Foreign_Exchange,Forward,NDF,UPI,QZ398FJK9Z0K,New,,2023-11-07 05:04:13,JFTXFC,NA/Fwd NDF EUR NOK,EUR NOK,Spot,Forward price of underlying instrument,CASH,Cash,EUR,NOK,NOK,,,,,,,,,
1,Foreign_Exchange,Forward,NDF,UPI,QZ0ZXW4P85K3,New,,2023-11-07 05:04:13,JFTXFC,NA/Fwd NDF USD ZAR,USD ZAR,Spot,Forward price of underlying instrument,CASH,Cash,USD,ZAR,ZAR,,,,,,,,,
1,Foreign_Exchange,Forward,NDF,UPI,QZF0CVTRCHV7,New,,2023-11-07 05:04:13,JFTXFC,NA/Fwd NDF CNY PLN,CNY PLN,Spot,Forward price of underlying instrument,CASH,Cash,CNY,PLN,CNY,,,,,,,,,
1,Foreign_Exchange,Forward,NDF,UPI,QZXD2KT0WH3T,New,,2023-11-07 05:04:13,JFTXFC,NA/Fwd NDF EUR TRY,EUR TRY,Spot,Forward price of underlying instrument,CASH,Cash,EUR,TRY,TRY,,,,,,,,,
1,Foreign_Exchange,Forward,NDF,UPI,QZQB0WGZD9MV,New,,2023-11-07 05:04:13,JFTXFC,NA/Fwd NDF INR KWD,INR KWD,Spot,Forward price of underlying instrument,CASH,Cash,INR,KWD,KWD,,,,,,,,,
1,Foreign_Exchange,Forward,NDF,UPI,QZNQGZJM2QNG,New,,2023-11-07 05:04:13,JFTXFC,NA/Fwd NDF DKK THB,DKK THB,Spot,Forward price of underlying instrument,CASH,Cash,DKK,THB,THB,,,,,,,,,
1,Foreign_Exchange,Forward,NDF,UPI,QZH2XDS8CRMQ,New,,2023-11-07 05:04:13,JFTXFC,NA/Fwd NDF AED NOK,AED NOK,Spot,Forward price of underlying instrument,CASH,Cash,AED,NOK,AED,,,,,,,,,
1,Foreign_Exchange,Forward,NDF,UPI,QZPQ7WV5433F,New,,2023-11-07 05:04:13,JFTXFC,NA/Fwd NDF USD XPD,USD XPD,Spot,Forward price of underlying instrument,CASH,Cash,USD,XPD,XPD,,,,,,,,,
1,Foreign_Exchange,Forward,NDF,UPI,QZM954JTMN9C,New,,2023-11-07 05:04:13,JFTXFC,NA/Fwd NDF EUR SEK,EUR SEK,Spot,Forward price of underlying instrument,CASH,Cash,EUR,SEK,SEK,,,,,,,,,
1,Foreign_Exchange,Forward,NDF,UPI,QZGVLTPK1S6W,New,,2023-11-07 05:04:13,JFTXFC,NA/Fwd NDF CHF SEK,CHF SEK,Spot,Forward price of underlying instrument,CASH,Cash,CHF,SEK,CHF,,,,,,,,,
1,Foreign_Exchange,Forward,NDF,UPI,QZ9P6MS3TR5J,New,,2023-11-07 05:04:14,JFTXFC,NA/Fwd NDF EUR TRY,EUR TRY,Spot,Forward price of underlying instrument,CASH,Cash,EUR,TRY,EUR,,,,,,,,,
1,Foreign_Exchange,Forward,NDF,UPI,QZBSWSKS574D,New,,2023-11-07 05:04:14,JFTXFC,NA/Fwd NDF HKD VND,HKD VND,Spot,Forward price of underlying instrument,CASH,Cash,HKD,VND,HKD,,,,,,,,,
1,Foreign_Exchange,Forward,NDF,UPI,QZ1Z1R6C306N,New,,2023-11-07 05:04:14,JFTXFC,NA/Fwd NDF INR QAR,INR QAR,Spot,Forward price of underlying instrument,CASH,Cash,INR,QAR,QAR,,,,,,,,,
1,Foreign_Exchange,Forward,NDF,UPI,QZ5Q4N4NG0J9,New,,2023-11-07 05:04:14,JFTXFC,NA/Fwd NDF GBP PLN,GBP PLN,Spot,Forward price of underlying instrument,CASH,Cash,GBP,PLN,GBP,,,,,,,,,
1,Foreign_Exchange,Forward,NDF,UPI,QZR7WQ7RS3Z2,New,,2023-11-07 05:04:14,JFTXFC,NA/Fwd NDF KRW KWD,KRW KWD,Spot,Forward price of underlying instrument,CASH,Cash,KRW,KWD,KWD,,,,,,,,,
1,Foreign_Exchange,Forward,NDF,UPI,QZ6PP07M5S57,New,,2023-11-07 05:04:14,JFTXFC,NA/Fwd NDF DKK JPY,DKK JPY,Spot,Forward price of underlying instrument,CASH,Cash,DKK,JPY,JPY,,,,,,,,,
1,Foreign_Exchange,Forward,NDF,UPI,QZ96C3P60ZHJ,New,,2023-11-07 05:04:14,JFTXFC,NA/Fwd NDF INR PLN,INR PLN,Spot,Forward price of underlying instrument,CASH,Cash,INR,PLN,PLN,,,,,,,,,
1,Foreign_Exchange,Forward,NDF,UPI,QZZV4DL6JRC2,New,,2023-11-07 05:04:14,JFTXFC,NA/Fwd NDF AUD MYR,AUD MYR,Spot,Forward price of underlying instrument,CASH,Cash,AUD,MYR,MYR,,,,,,,,,
1,Foreign_Exchange,Forward,NDF,UPI,QZTBWMQW40P7,New,,2023-11-07 05:04:14,JFTXFC,NA/Fwd NDF MXN NZD,MXN NZD,Spot,Forward price of underlying instrument,CASH,Cash,MXN,NZD,NZD,,,,,,,,,
1,Foreign_Exchange,Forward,NDF,UPI,QZDBLWJL3N5V,New,,2023-11-07 05:04:14,JFTXFC,NA/Fwd NDF SEK ZAR,SEK ZAR,Spot,Forward price of underlying instrument,CASH,Cash,SEK,ZAR,SEK,,,,,,,,,
1,Foreign_Exchange,Forward,NDF,UPI,QZH2T8X3B964,New,,2023-11-07 05:04:14,JFTXFC,NA/Fwd NDF GBP PKR,GBP PKR,Spot,Forward price of underlying instrument,CASH,Cash,GBP,PKR,GBP,,,,,,,,,
1,Foreign_Exchange,Forward,NDF,UPI,QZGQRPSQLTR8,New,,2023-11-07 05:04:15,JFTXFC,NA/Fwd NDF EUR JPY,EUR JPY,Spot,Forward price of underlying instrument,CASH,Cash,EUR,JPY,JPY,,,,,,,,,
1,Foreign_Exchange,Forward,NDF,UPI,QZGH8ZS4GBSB,New,,2023-11-07 05:04:15,JFTXFC,NA/Fwd NDF MYR SAR,MYR SAR,Spot,Forward price of underlying instrument,CASH,Cash,MYR,SAR,MYR,,,,,,,,,
1,Foreign_Exchange,Forward,NDF,UPI,QZ3V0HXT6C57,New,,2023-11-07 05:04:15,JFTXFC,NA/Fwd NDF EUR VND,EUR VND,Spot,Forward price of underlying instrument,CASH,Cash,EUR,VND,EUR,,,,,,,,,
1,Foreign_Exchange,Forward,NDF,UPI,QZFVKQVC9G4F,New,,2023-11-07 05:04:15,JFTXFC,NA/Fwd NDF NOK SGD,NOK SGD,Spot,Forward price of underlying instrument,CASH,Cash,NOK,SGD,NOK,,,,,,,,,
1,Foreign_Exchange,Forward,NDF,UPI,QZMC9ZVP919V,New,,2023-11-07 05:04:15,JFTXFC,NA/Fwd NDF SEK TRY,SEK TRY,Spot,Forward price of underlying instrument,CASH,Cash,SEK,TRY,SEK,,,,,,,,,
1,Foreign_Exchange,Forward,NDF,UPI,QZD3N3HRKKM4,New,,2023-11-07 05:04:15,JFTXFC,NA/Fwd NDF ILS JPY,ILS JPY,Spot,Forward price of underlying instrument,CASH,Cash,ILS,JPY,ILS,,,,,,,,,
1,Foreign_Exchange,Forward,NDF,UPI,QZJJKC1JQQGN,New,,2023-11-07 05:04:15,JFTXFC,NA/Fwd NDF INR SAR,INR SAR,Spot,Forward price of underlying instrument,CASH,Cash,INR,SAR,SAR,,,,,,,,,
1,Foreign_Exchange,Forward,NDF,UPI,QZXH6JK0XMZ9,New,,2023-11-07 05:04:15,JFTXFC,NA/Fwd NDF SEK THB,SEK THB,Spot,Forward price of underlying instrument,CASH,Cash,SEK,THB,SEK,,,,,,,,,
1,Foreign_Exchange,Forward,NDF,UPI,QZBRZZLRMQJ2,New,,2023-11-07 05:04:15,JFTXFC,NA/Fwd NDF AED JPY,AED JPY,Spot,Forward price of underlying instrument,CASH,Cash,AED,JPY,JPY,,,,,,,,,
1,Foreign_Exchange,Forward,NDF,UPI,QZGN1VSH6G29,New,,2023-11-07 05:04:15,JFTXFC,NA/Fwd NDF GBP THB,GBP THB,Spot,Forward price of underlying instrument,CASH,Cash,GBP,THB,GBP,,,,,,,,,
1,Foreign_Exchange,Forward,NDF,UPI,QZWZMR3NLG92,New,,2023-11-07 05:04:15,JFTXFC,NA/Fwd NDF JPY THB,JPY THB,Spot,Forward price of underlying instrument,CASH,Cash,JPY,THB,THB,,,,,,,,,
1,Foreign_Exchange,Forward,NDF,UPI,QZNH5QQJ5ZXX,New,,2023-11-07 05:04:15,JFTXFC,NA/Fwd NDF CHF EUR,CHF EUR,Spot,Forward price of underlying instrument,CASH,Cash,CHF,EUR,CHF,,,,,,,,,
1,Foreign_Exchange,Forward,NDF,UPI,QZWT0SZ0FM8F,New,,2023-11-07 05:04:16,JFTXFC,NA/Fwd NDF CHF KWD,CHF KWD,Spot,Forward price of underlying instrument,CASH,Cash,CHF,KWD,CHF,,,,,,,,,
1,Foreign_Exchange,Forward,NDF,UPI,QZGJ0XBSLVWB,New,,2023-11-07 05:04:16,JFTXFC,NA/Fwd NDF SEK SGD,SEK SGD,Spot,Forward price of underlying instrument,CASH,Cash,SEK,SGD,SEK,,,,,,,,,
1,Foreign_Exchange,Forward,NDF,UPI,QZTQ76V1RDJ2,New,,2023-11-07 05:04:16,JFTXFC,NA/Fwd NDF JPY ZAR,JPY ZAR,Spot,Forward price of underlying instrument,CASH,Cash,JPY,ZAR,ZAR,,,,,,,,,
1,Foreign_Exchange,Forward,NDF,UPI,QZC15SM5K4KQ,New,,2023-11-07 05:04:16,JFTXFC,NA/Fwd NDF CLP CNY,CLP CNY,Spot,Forward price of underlying instrument,CASH,Cash,CLP,CNY,CNY,,,,,,,,,
1,Foreign_Exchange,Forward,NDF,UPI,QZXTV5PTTVDH,New,,2023-11-07 05:04:16,JFTXFC,NA/Fwd NDF CHF HUF,CHF HUF,Spot,Forward price of underlying instrument,CASH,Cash,CHF,HUF,CHF,,,,,,,,,
1,Foreign_Exchange,Forward,NDF,UPI,QZ6NJ986DN5V,New,,2023-11-07 05:04:16,JFTXFC,NA/Fwd NDF CAD SEK,CAD SEK,Spot,Forward price of underlying instrument,CASH,Cash,CAD,SEK,SEK,,,,,,,,,
1,Foreign_Exchange,Forward,NDF,UPI,QZ52BJ5TNFVR,New,,2023-11-07 05:04:16,JFTXFC,NA/Fwd NDF CHF DKK,CHF DKK,Spot,Forward price of underlying instrument,CASH,Cash,CHF,DKK,CHF,,,,,,,,,
1,Foreign_Exchange,Forward,NDF,UPI,QZ1CMGPKSXZP,New,,2023-11-07 05:04:16,JFTXFC,NA/Fwd NDF AED USD,AED USD,Spot,Forward price of underlying instrument,CASH,Cash,AED,USD,AED,,,,,,,,,
1,Foreign_Exchange,Forward,NDF,UPI,QZ6QZJ6117WT,New,,2023-11-07 05:04:16,JFTXFC,NA/Fwd NDF USD XPT,USD XPT,Spot,Forward price of underlying instrument,CASH,Cash,USD,XPT,XPT,,,,,,,,,
1,Foreign_Exchange,Forward,NDF,UPI,QZL8WMQHF4SP,New,,2023-11-07 05:04:16,JFTXFC,NA/Fwd NDF IDR SGD,IDR SGD,Spot,Forward price of underlying instrument,CASH,Cash,IDR,SGD,IDR,,,,,,,,,
1,Foreign_Exchange,Forward,NDF,UPI,QZM55GL01G56,New,,2023-11-07 05:04:17,JFTXFC,NA/Fwd NDF CNY DKK,CNY DKK,Spot,Forward price of underlying instrument,CASH,Cash,CNY,DKK,CNY,,,,,,,,,
1,Foreign_Exchange,Forward,NDF,UPI,QZFKM15QKX7K,New,,2023-11-07 05:04:17,JFTXFC,NA/Fwd NDF GBP ZMW,GBP ZMW,Spot,Forward price of underlying instrument,CASH,Cash,GBP,ZMW,GBP,,,,,,,,,
1,Foreign_Exchange,Forward,NDF,UPI,QZRCBXFFKLXQ,New,,2023-11-07 05:04:17,JFTXFC,NA/Fwd NDF AUD CAD,AUD CAD,Spot,Forward price of underlying instrument,CASH,Cash,AUD,CAD,CAD,,,,,,,,,
1,Foreign_Exchange,Forward,NDF,UPI,QZHBVW5T9082,New,,2023-11-07 05:04:17,JFTXFC,NA/Fwd NDF ILS PLN,ILS PLN,Spot,Forward price of underlying instrument,CASH,Cash,ILS,PLN,ILS,,,,,,,,,
1,Foreign_Exchange,Forward,NDF,UPI,QZFSRZRQJ9TZ,New,,2023-11-07 05:04:17,JFTXFC,NA/Fwd NDF DKK HKD,DKK HKD,Spot,Forward price of underlying instrument,CASH,Cash,DKK,HKD,HKD,,,,,,,,,
1,Foreign_Exchange,Forward,NDF,UPI,QZF964WWZ4N4,New,,2023-11-07 05:04:17,JFTXFC,NA/Fwd NDF JPY VND,JPY VND,Spot,Forward price of underlying instrument,CASH,Cash,JPY,VND,JPY,,,,,,,,,
1,Foreign_Exchange,Forward,NDF,UPI,QZXPGLLNTWB2,New,,2023-11-07 05:04:17,JFTXFC,NA/Fwd NDF CHF PLN,CHF PLN,Spot,Forward price of underlying instrument,CASH,Cash,CHF,PLN,PLN,,,,,,,,,
1,Foreign_Exchange,Forward,NDF,UPI,QZBZCBWH0W8V,New,,2023-11-07 05:04:17,JFTXFC,NA/Fwd NDF SAR USD,SAR USD,Spot,Forward price of underlying instrument,CASH,Cash,SAR,USD,SAR,,,,,,,,,
1,Foreign_Exchange,Forward,NDF,UPI,QZDND6BXG2BF,New,,2023-11-07 05:04:17,JFTXFC,NA/Fwd NDF THB VND,THB VND,Spot,Forward price of underlying instrument,CASH,Cash,THB,VND,THB,,,,,,,,,
1,Foreign_Exchange,Forward,NDF,UPI,QZMV4JG4Q6CV,New,,2023-11-07 05:04:17,JFTXFC,NA/Fwd NDF HKD KRW,HKD KRW,Spot,Forward price of underlying instrument,CASH,Cash,HKD,KRW,HKD,,,,,,,,,
1,Foreign_Exchange,Forward,NDF,UPI,QZRP7X248T2B,New,,2023-11-07 05:04:17,JFTXFC,NA/Fwd NDF CHF ZAR,CHF ZAR,Spot,Forward price of underlying instrument,CASH,Cash,CHF,ZAR,CHF,,,,,,,,,
1,Foreign_Exchange,Forward,NDF,UPI,QZ89GQHM43PK,New,,2023-11-07 05:04:17,JFTXFC,NA/Fwd NDF JPY PLN,JPY PLN,Spot,Forward price of underlying instrument,CASH,Cash,JPY,PLN,PLN,,,,,,,,,
1,Foreign_Exchange,Forward,NDF,UPI,QZCD8W03RW5W,New,,2023-11-07 05:04:17,JFTXFC,NA/Fwd NDF CNY KRW,CNY KRW,Spot,Forward price of underlying instrument,CASH,Cash,CNY,KRW,CNY,,,,,,,,,
1,Foreign_Exchange,Forward,NDF,UPI,QZMXT8Q1K60C,New,,2023-11-07 05:04:18,JFTXFC,NA/Fwd NDF IDR MYR,IDR MYR,Spot,Forward price of underlying instrument,CASH,Cash,IDR,MYR,MYR,,,,,,,,,
1,Foreign_Exchange,Forward,NDF,UPI,QZQRPLVR43QL,New,,2023-11-07 05:04:18,JFTXFC,NA/Fwd NDF BHD EUR,BHD EUR,Spot,Forward price of underlying instrument,CASH,Cash,BHD,EUR,EUR,,,,,,,,,
1,Foreign_Exchange,Forward,NDF,UPI,QZSMNS8M2N0P,New,,2023-11-07 05:04:18,JFTXFC,NA/Fwd NDF AED CAD,AED CAD,Spot,Forward price of underlying instrument,CASH,Cash,AED,CAD,CAD,,,,,,,,,
1,Foreign_Exchange,Forward,NDF,UPI,QZ7HJ58S55P4,New,,2023-11-07 05:04:18,JFTXFC,NA/Fwd NDF AUD PLN,AUD PLN,Spot,Forward price of underlying instrument,CASH,Cash,AUD,PLN,AUD,,,,,,,,,
1,Foreign_Exchange,Forward,NDF,UPI,QZJJFC5LW1BL,New,,2023-11-07 05:04:18,JFTXFC,NA/Fwd NDF ILS SEK,ILS SEK,Spot,Forward price of underlying instrument,CASH,Cash,ILS,SEK,ILS,,,,,,,,,
1,Foreign_Exchange,Forward,NDF,UPI,QZQGF4GV1JDC,New,,2023-11-07 05:04:18,JFTXFC,NA/Fwd NDF CZK ZAR,CZK ZAR,Spot,Forward price of underlying instrument,CASH,Cash,CZK,ZAR,ZAR,,,,,,,,,
1,Foreign_Exchange,Forward,NDF,UPI,QZ23L4X77J45,New,,2023-11-07 05:04:18,JFTXFC,NA/Fwd NDF DKK ZAR,DKK ZAR,Spot,Forward price of underlying instrument,CASH,Cash,DKK,ZAR,DKK,,,,,,,,,
1,Foreign_Exchange,Forward,NDF,UPI,QZ55149SM1ZN,New,,2023-11-07 05:04:18,JFTXFC,NA/Fwd NDF KRW PLN,KRW PLN,Spot,Forward price of underlying instrument,CASH,Cash,KRW,PLN,PLN,,,,,,,,,
1,Foreign_Exchange,Forward,NDF,UPI,QZKJ11D8MK12,New,,2023-11-07 05:04:18,JFTXFC,NA/Fwd NDF HUF PLN,HUF PLN,Spot,Forward price of underlying instrument,CASH,Cash,HUF,PLN,PLN,,,,,,,,,
1,Foreign_Exchange,Forward,NDF,UPI,QZTG34TF73DT,New,,2023-11-07 05:04:18,JFTXFC,NA/Fwd NDF CHF TRY,CHF TRY,Spot,Forward price of underlying instrument,CASH,Cash,CHF,TRY,CHF,,,,,,,,,
1,Foreign_Exchange,Forward,NDF,UPI,QZTF6VGWDTTB,New,,2023-11-07 05:04:19,JFTXFC,NA/Fwd NDF DKK TRY,DKK TRY,Spot,Forward price of underlying instrument,CASH,Cash,DKK,TRY,TRY,,,,,,,,,
1,Foreign_Exchange,Forward,NDF,UPI,QZF6JWQJH8DR,New,,2023-11-07 05:04:19,JFTXFC,NA/Fwd NDF CHF THB,CHF THB,Spot,Forward price of underlying instrument,CASH,Cash,CHF,THB,CHF,,,,,,,,,
1,Foreign_Exchange,Forward,NDF,UPI,QZM6Q72MSSZB,New,,2023-11-07 05:04:19,JFTXFC,NA/Fwd NDF EUR SAR,EUR SAR,Spot,Forward price of underlying instrument,CASH,Cash,EUR,SAR,SAR,,,,,,,,,
1,Foreign_Exchange,Forward,NDF,UPI,QZD7005MBQQ4,New,,2023-11-07 05:04:19,JFTXFC,NA/Fwd NDF CAD MXN,CAD MXN,Spot,Forward price of underlying instrument,CASH,Cash,CAD,MXN,MXN,,,,,,,,,
1,Foreign_Exchange,Forward,NDF,UPI,QZJ3276NV0JB,New,,2023-11-07 05:04:19,JFTXFC,NA/Fwd NDF AED CHF,AED CHF,Spot,Forward price of underlying instrument,CASH,Cash,AED,CHF,CHF,,,,,,,,,
1,Foreign_Exchange,Forward,NDF,UPI,QZD8C6FWV2QF,New,,2023-11-07 05:04:19,JFTXFC,NA/Fwd NDF CHF SEK,CHF SEK,Spot,Forward price of underlying instrument,CASH,Cash,CHF,SEK,SEK,,,,,,,,,
1,Foreign_Exchange,Forward,NDF,UPI,QZK8FX24Q84V,New,,2023-11-07 05:04:19,JFTXFC,NA/Fwd NDF RSD USD,RSD USD,Spot,Forward price of underlying instrument,CASH,Cash,RSD,USD,USD,,,,,,,,,
1,Foreign_Exchange,Forward,NDF,UPI,QZX7ZZKG9SMG,New,,2023-11-07 05:04:19,JFTXFC,NA/Fwd NDF HUF NZD,HUF NZD,Spot,Forward price of underlying instrument,CASH,Cash,HUF,NZD,NZD,,,,,,,,,
1,Foreign_Exchange,Forward,NDF,UPI,QZ46558FW59V,New,,2023-11-07 05:04:19,JFTXFC,NA/Fwd NDF CNY MXN,CNY MXN,Spot,Forward price of underlying instrument,CASH,Cash,CNY,MXN,CNY,,,,,,,,,
1,Foreign_Exchange,Forward,NDF,UPI,QZ29PZ96H2WX,New,,2023-11-07 05:04:19,JFTXFC,NA/Fwd NDF HKD INR,HKD INR,Spot,Forward price of underlying instrument,CASH,Cash,HKD,INR,HKD,,,,,,,,,
1,Foreign_Exchange,Forward,NDF,UPI,QZZTV0GPKMQ8,New,,2023-11-07 05:04:19,JFTXFC,NA/Fwd NDF PLN RON,PLN RON,Spot,Forward price of underlying instrument,CASH,Cash,PLN,RON,RON,,,,,,,,,
1,Foreign_Exchange,Forward,NDF,UPI,QZWSG9SVX4Q3,New,,2023-11-07 05:04:19,JFTXFC,NA/Fwd NDF CAD NZD,CAD NZD,Spot,Forward price of underlying instrument,CASH,Cash,CAD,NZD,NZD,,,,,,,,,
1,Foreign_Exchange,Forward,NDF,UPI,QZ50R0FGCVZ8,New,,2023-11-07 05:04:19,JFTXFC,NA/Fwd NDF FJD USD,FJD USD,Spot,Forward price of underlying instrument,CASH,Cash,FJD,USD,FJD,,,,,,,,,
1,Foreign_Exchange,Forward,NDF,UPI,QZ4ZMTNJBXGD,New,,2023-11-07 05:04:20,JFTXFC,NA/Fwd NDF NZD ZAR,NZD ZAR,Spot,Forward price of underlying instrument,CASH,Cash,NZD,ZAR,NZD,,,,,,,,,
1,Foreign_Exchange,Forward,NDF,UPI,QZBN7X8W83B2,New,,2023-11-07 05:04:20,JFTXFC,NA/Fwd NDF PHP SGD,PHP SGD,Spot,Forward price of underlying instrument,CASH,Cash,PHP,SGD,SGD,,,,,,,,,
1,Foreign_Exchange,Forward,NDF,UPI,QZ272W4M9ZV4,New,,2023-11-07 05:04:20,JFTXFC,NA/Fwd NDF AUD JOD,AUD JOD,Spot,Forward price of underlying instrument,CASH,Cash,AUD,JOD,JOD,,,,,,,,,
1,Foreign_Exchange,Forward,NDF,UPI,QZ7778999S39,New,,2023-11-07 05:04:20,JFTXFC,NA/Fwd NDF CHF GBP,CHF GBP,Spot,Forward price of underlying instrument,CASH,Cash,CHF,GBP,CHF,,,,,,,,,
1,Foreign_Exchange,Forward,NDF,UPI,QZ22M9S4S4KZ,New,,2023-11-07 05:04:20,JFTXFC,NA/Fwd NDF JPY SGD,JPY SGD,Spot,Forward price of underlying instrument,CASH,Cash,JPY,SGD,SGD,,,,,,,,,
1,Foreign_Exchange,Forward,NDF,UPI,QZM0DN2KJ04L,New,,2023-11-07 05:04:20,JFTXFC,NA/Fwd NDF SZL ZAR,SZL ZAR,Spot,Forward price of underlying instrument,CASH,Cash,SZL,ZAR,SZL,,,,,,,,,
1,Foreign_Exchange,Forward,NDF,UPI,QZH15J3NH4KW,New,,2023-11-07 05:04:20,JFTXFC,NA/Fwd NDF EUR SGD,EUR SGD,Spot,Forward price of underlying instrument,CASH,Cash,EUR,SGD,SGD,,,,,,,,,
1,Foreign_Exchange,Forward,NDF,UPI,QZ1G3R4LV2G5,New,,2023-11-07 05:04:20,JFTXFC,NA/Fwd NDF AED SGD,AED SGD,Spot,Forward price of underlying instrument,CASH,Cash,AED,SGD,AED,,,,,,,,,
1,Foreign_Exchange,Forward,NDF,UPI,QZ0V5G95T8NW,New,,2023-11-07 05:04:20,JFTXFC,NA/Fwd NDF CZK HUF,CZK HUF,Spot,Forward price of underlying instrument,CASH,Cash,CZK,HUF,CZK,,,,,,,,,
1,Foreign_Exchange,Forward,NDF,UPI,QZSM4J2LXZ7L,New,,2023-11-07 05:04:20,JFTXFC,NA/Fwd NDF AUD ILS,AUD ILS,Spot,Forward price of underlying instrument,CASH,Cash,AUD,ILS,AUD,,,,,,,,,
1,Foreign_Exchange,Forward,NDF,UPI,QZRHSX0VV303,New,,2023-11-07 05:04:20,JFTXFC,NA/Fwd NDF GBP PLN,GBP PLN,Spot,Forward price of underlying instrument,CASH,Cash,GBP,PLN,PLN,,,,,,,,,
1,Foreign_Exchange,Forward,NDF,UPI,QZ9QZXBQF87Q,New,,2023-11-07 05:04:20,JFTXFC,NA/Fwd NDF GBP ILS,GBP ILS,Spot,Forward price of underlying instrument,CASH,Cash,GBP,ILS,GBP,,,,,,,,,
1,Foreign_Exchange,Forward,NDF,UPI,QZZTLJ8HL1TN,New,,2023-11-07 05:04:20,JFTXFC,NA/Fwd NDF HKD NOK,HKD NOK,Spot,Forward price of underlying instrument,CASH,Cash,HKD,NOK,NOK,,,,,,,,,
1,Foreign_Exchange,Forward,NDF,UPI,QZGG795RL7T6,New,,2023-11-07 05:04:21,JFTXFC,NA/Fwd NDF HKD NZD,HKD NZD,Spot,Forward price of underlying instrument,CASH,Cash,HKD,NZD,NZD,,,,,,,,,
1,Foreign_Exchange,Forward,NDF,UPI,QZLGZ40XRDCB,New,,2023-11-07 05:04:21,JFTXFC,NA/Fwd NDF CAD HKD,CAD HKD,Spot,Forward price of underlying instrument,CASH,Cash,CAD,HKD,CAD,,,,,,,,,
1,Foreign_Exchange,Forward,NDF,UPI,QZ6KRSZMCNZS,New,,2023-11-07 05:04:21,JFTXFC,NA/Fwd NDF PLN RON,PLN RON,Spot,Forward price of underlying instrument,CASH,Cash,PLN,RON,PLN,,,,,,,,,
1,Foreign_Exchange,Forward,NDF,UPI,QZ5SCFJQC1TB,New,,2023-11-07 05:04:21,JFTXFC,NA/Fwd NDF CHF JPY,CHF JPY,Spot,Forward price of underlying instrument,CASH,Cash,CHF,JPY,JPY,,,,,,,,,
1,Foreign_Exchange,Forward,NDF,UPI,QZJM8N0K2NTH,New,,2023-11-07 05:04:21,JFTXFC,NA/Fwd NDF AED SGD,AED SGD,Spot,Forward price of underlying instrument,CASH,Cash,AED,SGD,SGD,,,,,,,,,
1,Foreign_Exchange,Forward,NDF,UPI,QZRS1T13T69L,New,,2023-11-07 05:04:21,JFTXFC,NA/Fwd NDF AUD MXN,AUD MXN,Spot,Forward price of underlying instrument,CASH,Cash,AUD,MXN,AUD,,,,,,,,,
1,Foreign_Exchange,Forward,NDF,UPI,QZ1Z5331BTQH,New,,2023-11-07 05:04:21,JFTXFC,NA/Fwd NDF ALL USD,ALL USD,Spot,Forward price of underlying instrument,CASH,Cash,ALL,USD,USD,,,,,,,,,
1,Foreign_Exchange,Forward,NDF,UPI,QZDDK1TVT5TM,New,,2023-11-07 05:04:21,JFTXFC,NA/Fwd NDF HKD IDR,HKD IDR,Spot,Forward price of underlying instrument,CASH,Cash,HKD,IDR,HKD,,,,,,,,,
1,Foreign_Exchange,Forward,NDF,UPI,QZB38TH1835N,New,,2023-11-07 05:04:21,JFTXFC,NA/Fwd NDF GBP QAR,GBP QAR,Spot,Forward price of underlying instrument,CASH,Cash,GBP,QAR,GBP,,,,,,,,,
1,Foreign_Exchange,Forward,NDF,UPI,QZWX8WZF5S96,New,,2023-11-07 05:04:21,JFTXFC,NA/Fwd NDF DKK NOK,DKK NOK,Spot,Forward price of underlying instrument,CASH,Cash,DKK,NOK,NOK,,,,,,,,,
1,Foreign_Exchange,Forward,NDF,UPI,QZ9MD2NH0DTM,New,,2023-11-07 05:04:21,JFTXFC,NA/Fwd NDF AED BHD,AED BHD,Spot,Forward price of underlying instrument,CASH,Cash,AED,BHD,AED,,,,,,,,,
1,Foreign_Exchange,Forward,NDF,UPI,QZ9SGSG1MXRK,New,,2023-11-07 05:04:22,JFTXFC,NA/Fwd NDF BND USD,BND USD,Spot,Forward price of underlying instrument,CASH,Cash,BND,USD,USD,,,,,,,,,
1,Foreign_Exchange,Forward,NDF,UPI,QZ19TQVF65C0,New,,2023-11-07 05:04:22,JFTXFC,NA/Fwd NDF GBP TRY,GBP TRY,Spot,Forward price of underlying instrument,CASH,Cash,GBP,TRY,GBP,,,,,,,,,
1,Foreign_Exchange,Forward,NDF,UPI,QZS0D8NVGZXZ,New,,2023-11-07 05:04:22,JFTXFC,NA/Fwd NDF DKK HUF,DKK HUF,Spot,Forward price of underlying instrument,CASH,Cash,DKK,HUF,HUF,,,,,,,,,
1,Foreign_Exchange,Forward,NDF,UPI,QZVPXV439VTM,New,,2023-11-07 05:04:22,JFTXFC,NA/Fwd NDF JPY PEN,JPY PEN,Spot,Forward price of underlying instrument,CASH,Cash,JPY,PEN,PEN,,,,,,,,,
1,Foreign_Exchange,Forward,NDF,UPI,QZN1DN95NX46,New,,2023-11-07 05:04:22,JFTXFC,NA/Fwd NDF AMD USD,AMD USD,Spot,Forward price of underlying instrument,CASH,Cash,AMD,USD,USD,,,,,,,,,
1,Foreign_Exchange,Forward,NDF,UPI,QZTF8BTRDQ0W,New,,2023-11-07 05:04:22,JFTXFC,NA/Fwd NDF DKK SGD,DKK SGD,Spot,Forward price of underlying instrument,CASH,Cash,DKK,SGD,SGD,,,,,,,,,
1,Foreign_Exchange,Forward,NDF,UPI,QZ31G9JL9G1R,New,,2023-11-07 05:04:22,JFTXFC,NA/Fwd NDF MXN SGD,MXN SGD,Spot,Forward price of underlying instrument,CASH,Cash,MXN,SGD,SGD,,,,,,,,,
1,Foreign_Exchange,Forward,NDF,UPI,QZH8NVZP1NC9,New,,2023-11-07 05:04:22,JFTXFC,NA/Fwd NDF AED PHP,AED PHP,Spot,Forward price of underlying instrument,CASH,Cash,AED,PHP,PHP,,,,,,,,,
1,Foreign_Exchange,Forward,NDF,UPI,QZTK1P3NRNM8,New,,2023-11-07 05:04:22,JFTXFC,NA/Fwd NDF GBP NZD,GBP NZD,Spot,Forward price of underlying instrument,CASH,Cash,GBP,NZD,GBP,,,,,,,,,
1,Foreign_Exchange,Forward,NDF,UPI,QZX14KTC9HMJ,New,,2023-11-07 05:04:22,JFTXFC,NA/Fwd NDF DKK SAR,DKK SAR,Spot,Forward price of underlying instrument,CASH,Cash,DKK,SAR,SAR,,,,,,,,,
1,Foreign_Exchange,Forward,NDF,UPI,QZVMB780SZWJ,New,,2023-11-07 05:04:22,JFTXFC,NA/Fwd NDF KWD USD,KWD USD,Spot,Forward price of underlying instrument,CASH,Cash,KWD,USD,USD,,,,,,,,,
1,Foreign_Exchange,Forward,NDF,UPI,QZ7CRCT2F1NL,New,,2023-11-07 05:04:22,JFTXFC,NA/Fwd NDF BGN USD,BGN USD,Spot,Forward price of underlying instrument,CASH,Cash,BGN,USD,USD,,,,,,,,,
1,Foreign_Exchange,Forward,NDF,UPI,QZCTWJ89Q2V8,New,,2023-11-07 05:04:22,JFTXFC,NA/Fwd NDF JPY NOK,JPY NOK,Spot,Forward price of underlying instrument,CASH,Cash,JPY,NOK,JPY,,,,,,,,,
1,Foreign_Exchange,Forward,NDF,UPI,QZRPM4G2L63C,New,,2023-11-07 05:04:22,JFTXFC,NA/Fwd NDF CAD VND,CAD VND,Spot,Forward price of underlying instrument,CASH,Cash,CAD,VND,CAD,,,,,,,,,
1,Foreign_Exchange,Forward,NDF,UPI,QZFG7KV8LKR2,New,,2023-11-07 05:04:23,JFTXFC,NA/Fwd NDF CZK GBP,CZK GBP,Spot,Forward price of underlying instrument,CASH,Cash,CZK,GBP,GBP,,,,,,,,,
1,Foreign_Exchange,Forward,NDF,UPI,QZ6BGJ3L1LG6,New,,2023-11-07 05:04:23,JFTXFC,NA/Fwd NDF AED NOK,AED NOK,Spot,Forward price of underlying instrument,CASH,Cash,AED,NOK,NOK,,,,,,,,,
1,Foreign_Exchange,Forward,NDF,UPI,QZ04G5SZF10P,New,,2023-11-07 05:04:23,JFTXFC,NA/Fwd NDF SAR SGD,SAR SGD,Spot,Forward price of underlying instrument,CASH,Cash,SAR,SGD,SAR,,,,,,,,,
1,Foreign_Exchange,Forward,NDF,UPI,QZSQ38WH9WLT,New,,2023-11-07 05:04:23,JFTXFC,NA/Fwd NDF AED EUR,AED EUR,Spot,Forward price of underlying instrument,CASH,Cash,AED,EUR,EUR,,,,,,,,,
1,Foreign_Exchange,Forward,NDF,UPI,QZKRSB13C83M,New,,2023-11-07 05:04:23,JFTXFC,NA/Fwd NDF CNY THB,CNY THB,Spot,Forward price of underlying instrument,CASH,Cash,CNY,THB,CNY,,,,,,,,,
1,Foreign_Exchange,Forward,NDF,UPI,QZ2V2HJM6X1F,New,,2023-11-07 05:04:23,JFTXFC,NA/Fwd NDF DKK NZD,DKK NZD,Spot,Forward price of underlying instrument,CASH,Cash,DKK,NZD,NZD,,,,,,,,,
1,Foreign_Exchange,Forward,NDF,UPI,QZS7PM42TMJ7,New,,2023-11-07 05:04:23,JFTXFC,NA/Fwd NDF CAD MXN,CAD MXN,Spot,Forward price of underlying instrument,CASH,Cash,CAD,MXN,CAD,,,,,,,,,
1,Foreign_Exchange,Forward,NDF,UPI,QZ70WG4T2W17,New,,2023-11-07 05:04:23,JFTXFC,NA/Fwd NDF CZK RON,CZK RON,Spot,Forward price of underlying instrument,CASH,Cash,CZK,RON,CZK,,,,,,,,,
1,Foreign_Exchange,Forward,NDF,UPI,QZX40NTRJ4JM,New,,2023-11-07 05:04:23,JFTXFC,NA/Fwd NDF GBP JOD,GBP JOD,Spot,Forward price of underlying instrument,CASH,Cash,GBP,JOD,GBP,,,,,,,,,
1,Foreign_Exchange,Forward,NDF,UPI,QZ70BZZ7L4P3,New,,2023-11-07 05:04:23,JFTXFC,NA/Fwd NDF NOK SEK,NOK SEK,Spot,Forward price of underlying instrument,CASH,Cash,NOK,SEK,NOK,,,,,,,,,
1,Foreign_Exchange,Forward,NDF,UPI,QZ33K4TNJF7X,New,,2023-11-07 05:04:24,JFTXFC,NA/Fwd NDF NZD SGD,NZD SGD,Spot,Forward price of underlying instrument,CASH,Cash,NZD,SGD,SGD,,,,,,,,,
1,Foreign_Exchange,Forward,NDF,UPI,QZZH704HLVHF,New,,2023-11-07 05:04:24,JFTXFC,NA/Fwd NDF HKD PLN,HKD PLN,Spot,Forward price of underlying instrument,CASH,Cash,HKD,PLN,PLN,,,,,,,,,
1,Foreign_Exchange,Forward,NDF,UPI,QZ5PPMNQB8W6,New,,2023-11-07 05:04:24,JFTXFC,NA/Fwd NDF DKK EUR,DKK EUR,Spot,Forward price of underlying instrument,CASH,Cash,DKK,EUR,EUR,,,,,,,,,
1,Foreign_Exchange,Forward,NDF,UPI,QZH0KT34ZGLK,New,,2023-11-07 05:04:24,JFTXFC,NA/Fwd NDF AUD HUF,AUD HUF,Spot,Forward price of underlying instrument,CASH,Cash,AUD,HUF,AUD,,,,,,,,,
1,Foreign_Exchange,Forward,NDF,UPI,QZ9FNPMP278M,New,,2023-11-07 05:04:24,JFTXFC,NA/Fwd NDF CAD DKK,CAD DKK,Spot,Forward price of underlying instrument,CASH,Cash,CAD,DKK,DKK,,,,,,,,,
1,Foreign_Exchange,Forward,NDF,UPI,QZ6D43KV53XD,New,,2023-11-07 05:04:24,JFTXFC,NA/Fwd NDF EUR OMR,EUR OMR,Spot,Forward price of underlying instrument,CASH,Cash,EUR,OMR,EUR,,,,,,,,,
1,Foreign_Exchange,Forward,NDF,UPI,QZXQ501XG3RB,New,,2023-11-07 05:04:24,JFTXFC,NA/Fwd NDF AUD THB,AUD THB,Spot,Forward price of underlying instrument,CASH,Cash,AUD,THB,THB,,,,,,,,,
1,Foreign_Exchange,Forward,NDF,UPI,QZ7QTN6QSKHS,New,,2023-11-07 05:04:24,JFTXFC,NA/Fwd NDF CHF DKK,CHF DKK,Spot,Forward price of underlying instrument,CASH,Cash,CHF,DKK,DKK,,,,,,,,,
1,Foreign_Exchange,Forward,NDF,UPI,QZC8LB8L6BWK,New,,2023-11-07 05:04:24,JFTXFC,NA/Fwd NDF NOK PLN,NOK PLN,Spot,Forward price of underlying instrument,CASH,Cash,NOK,PLN,PLN,,,,,,,,,
1,Foreign_Exchange,Forward,NDF,UPI,QZ5K7XVB2P9Z,New,,2023-11-07 05:04:24,JFTXFC,NA/Fwd NDF GBP NOK,GBP NOK,Spot,Forward price of underlying instrument,CASH,Cash,GBP,NOK,GBP,,,,,,,,,
1,Foreign_Exchange,Forward,NDF,UPI,QZNCF6QKM4PM,New,,2023-11-07 05:04:24,JFTXFC,NA/Fwd NDF EUR KWD,EUR KWD,Spot,Forward price of underlying instrument,CASH,Cash,EUR,KWD,EUR,,,,,,,,,
1,Foreign_Exchange,Forward,NDF,UPI,QZSRS8F1LPH9,New,,2023-11-07 05:04:24,JFTXFC,NA/Fwd NDF AED SAR,AED SAR,Spot,Forward price of underlying instrument,CASH,Cash,AED,SAR,SAR,,,,,,,,,
1,Foreign_Exchange,Forward,NDF,UPI,QZ5TMWF9WJ0Z,New,,2023-11-07 05:04:25,JFTXFC,NA/Fwd NDF CZK PLN,CZK PLN,Spot,Forward price of underlying instrument,CASH,Cash,CZK,PLN,PLN,,,,,,,,,
1,Foreign_Exchange,Forward,NDF,UPI,QZK7RKHGK9FW,New,,2023-11-07 05:04:25,JFTXFC,NA/Fwd NDF EUR JOD,EUR JOD,Spot,Forward price of underlying instrument,CASH,Cash,EUR,JOD,EUR,,,,,,,,,
1,Foreign_Exchange,Forward,NDF,UPI,QZK779XG93H2,New,,2023-11-07 05:04:25,JFTXFC,NA/Fwd NDF HUF JPY,HUF JPY,Spot,Forward price of underlying instrument,CASH,Cash,HUF,JPY,HUF,,,,,,,,,
1,Foreign_Exchange,Forward,NDF,UPI,QZVWQTP8CBZ9,New,,2023-11-07 05:04:25,JFTXFC,NA/Fwd NDF ILS SGD,ILS SGD,Spot,Forward price of underlying instrument,CASH,Cash,ILS,SGD,SGD,,,,,,,,,
1,Foreign_Exchange,Forward,NDF,UPI,QZ1XSWN8VP59,New,,2023-11-07 05:04:25,JFTXFC,NA/Fwd NDF CHF ILS,CHF ILS,Spot,Forward price of underlying instrument,CASH,Cash,CHF,ILS,ILS,,,,,,,,,
1,Foreign_Exchange,Forward,NDF,UPI,QZXKTLJCWN13,New,,2023-11-07 05:04:25,JFTXFC,NA/Fwd NDF GBP UGX,GBP UGX,Spot,Forward price of underlying instrument,CASH,Cash,GBP,UGX,GBP,,,,,,,,,
1,Foreign_Exchange,Forward,NDF,UPI,QZQR0CBKB460,New,,2023-11-07 05:04:25,JFTXFC,NA/Fwd NDF AUD SGD,AUD SGD,Spot,Forward price of underlying instrument,CASH,Cash,AUD,SGD,SGD,,,,,,,,,
1,Foreign_Exchange,Forward,NDF,UPI,QZ2GWLK6CJDC,New,,2023-11-07 05:04:25,JFTXFC,NA/Fwd NDF CNY ZAR,CNY ZAR,Spot,Forward price of underlying instrument,CASH,Cash,CNY,ZAR,CNY,,,,,,,,,
1,Foreign_Exchange,Forward,NDF,UPI,QZCBZB6N48J2,New,,2023-11-07 05:04:25,JFTXFC,NA/Fwd NDF GBP HKD,GBP HKD,Spot,Forward price of underlying instrument,CASH,Cash,GBP,HKD,HKD,,,,,,,,,
1,Foreign_Exchange,Forward,NDF,UPI,QZ4SQK4NTCCN,New,,2023-11-07 05:04:25,JFTXFC,NA/Fwd NDF GBP SAR,GBP SAR,Spot,Forward price of underlying instrument,CASH,Cash,GBP,SAR,GBP,,,,,,,,,
1,Foreign_Exchange,Forward,NDF,UPI,QZM7CXPDL12X,New,,2023-11-07 05:04:25,JFTXFC,NA/Fwd NDF AED NZD,AED NZD,Spot,Forward price of underlying instrument,CASH,Cash,AED,NZD,NZD,,,,,,,,,
1,Foreign_Exchange,Forward,NDF,UPI,QZ2VPH7M900R,New,,2023-11-07 05:04:25,JFTXFC,NA/Fwd NDF MXN SEK,MXN SEK,Spot,Forward price of underlying instrument,CASH,Cash,MXN,SEK,SEK,,,,,,,,,
1,Foreign_Exchange,Forward,NDF,UPI,QZ724GL45G66,New,,2023-11-07 05:04:25,JFTXFC,NA/Fwd NDF CAD ILS,CAD ILS,Spot,Forward price of underlying instrument,CASH,Cash,CAD,ILS,CAD,,,,,,,,,
1,Foreign_Exchange,Forward,NDF,UPI,QZC7HCMB6Z96,New,,2023-11-07 05:04:26,JFTXFC,NA/Fwd NDF CHF HKD,CHF HKD,Spot,Forward price of underlying instrument,CASH,Cash,CHF,HKD,CHF,,,,,,,,,
1,Foreign_Exchange,Forward,NDF,UPI,QZQPQB1W19HV,New,,2023-11-07 05:04:26,JFTXFC,NA/Fwd NDF DKK THB,DKK THB,Spot,Forward price of underlying instrument,CASH,Cash,DKK,THB,DKK,,,,,,,,,
1,Foreign_Exchange,Forward,NDF,UPI,QZ0PLC6R02SD,New,,2023-11-07 05:04:26,JFTXFC,NA/Fwd NDF HUF SGD,HUF SGD,Spot,Forward price of underlying instrument,CASH,Cash,HUF,SGD,SGD,,,,,,,,,
1,Foreign_Exchange,Forward,NDF,UPI,QZ2D5TH3NSGB,New,,2023-11-07 05:04:26,JFTXFC,NA/Fwd NDF EUR THB,EUR THB,Spot,Forward price of underlying instrument,CASH,Cash,EUR,THB,THB,,,,,,,,,
1,Foreign_Exchange,Forward,NDF,UPI,QZFN35VCDRCW,New,,2023-11-07 05:04:26,JFTXFC,NA/Fwd NDF KWD SEK,KWD SEK,Spot,Forward price of underlying instrument,CASH,Cash,KWD,SEK,KWD,,,,,,,,,
1,Foreign_Exchange,Forward,NDF,UPI,QZ6N3VF7KQBC,New,,2023-11-07 05:04:26,JFTXFC,NA/Fwd NDF JPY RON,JPY RON,Spot,Forward price of underlying instrument,CASH,Cash,JPY,RON,RON,,,,,,,,,
1,Foreign_Exchange,Forward,NDF,UPI,QZBQLTQ753VF,New,,2023-11-07 05:04:26,JFTXFC,NA/Fwd NDF DKK HKD,DKK HKD,Spot,Forward price of underlying instrument,CASH,Cash,DKK,HKD,DKK,,,,,,,,,
1,Foreign_Exchange,Forward,NDF,UPI,QZZSDP6BSMLN,New,,2023-11-07 05:04:26,JFTXFC,NA/Fwd NDF BHD USD,BHD USD,Spot,Forward price of underlying instrument,CASH,Cash,BHD,USD,USD,,,,,,,,,
1,Foreign_Exchange,Forward,NDF,UPI,QZVVGM0X51Z9,New,,2023-11-07 05:04:26,JFTXFC,NA/Fwd NDF AUD CZK,AUD CZK,Spot,Forward price of underlying instrument,CASH,Cash,AUD,CZK,AUD,,,,,,,,,
1,Foreign_Exchange,Forward,NDF,UPI,QZ0PGPB87BLP,New,,2023-11-07 05:04:26,JFTXFC,NA/Fwd NDF CAD SAR,CAD SAR,Spot,Forward price of underlying instrument,CASH,Cash,CAD,SAR,SAR,,,,,,,,,
1,Foreign_Exchange,Forward,NDF,UPI,QZWLVWVMV2J7,New,,2023-11-07 05:04:26,JFTXFC,NA/Fwd NDF IDR KRW,IDR KRW,Spot,Forward price of underlying instrument,CASH,Cash,IDR,KRW,KRW,,,,,,,,,
1,Foreign_Exchange,Forward,NDF,UPI,QZCZ38NJKQGV,New,,2023-11-07 05:04:26,JFTXFC,NA/Fwd NDF AUD SAR,AUD SAR,Spot,Forward price of underlying instrument,CASH,Cash,AUD,SAR,AUD,,,,,,,,,
1,Foreign_Exchange,Forward,NDF,UPI,QZVS200B53RL,New,,2023-11-07 05:04:27,JFTXFC,NA/Fwd NDF AED OMR,AED OMR,Spot,Forward price of underlying instrument,CASH,Cash,AED,OMR,OMR,,,,,,,,,
1,Foreign_Exchange,Forward,NDF,UPI,QZZHCG06QV5X,New,,2023-11-07 05:04:27,JFTXFC,NA/Fwd NDF AUD SAR,AUD SAR,Spot,Forward price of underlying instrument,CASH,Cash,AUD,SAR,SAR,,,,,,,,,
1,Foreign_Exchange,Forward,NDF,UPI,QZSCG8MH8H7J,New,,2023-11-07 05:04:27,JFTXFC,NA/Fwd NDF CHF GBP,CHF GBP,Spot,Forward price of underlying instrument,CASH,Cash,CHF,GBP,GBP,,,,,,,,,
1,Foreign_Exchange,Forward,NDF,UPI,QZG7DF2WTDNC,New,,2023-11-07 05:04:27,JFTXFC,NA/Fwd NDF AED DKK,AED DKK,Spot,Forward price of underlying instrument,CASH,Cash,AED,DKK,DKK,,,,,,,,,
1,Foreign_Exchange,Forward,NDF,UPI,QZVSVM6JS9VQ,New,,2023-11-07 05:04:27,JFTXFC,NA/Fwd NDF ILS USD,ILS USD,Spot,Forward price of underlying instrument,CASH,Cash,ILS,USD,ILS,,,,,,,,,
1,Foreign_Exchange,Forward,NDF,UPI,QZX36BRZXKWQ,New,,2023-11-07 05:04:27,JFTXFC,NA/Fwd NDF BWP GBP,BWP GBP,Spot,Forward price of underlying instrument,CASH,Cash,BWP,GBP,GBP,,,,,,,,,
1,Foreign_Exchange,Forward,NDF,UPI,QZZBWX22M7LR,New,,2023-11-07 05:04:27,JFTXFC,NA/Fwd NDF CAD NZD,CAD NZD,Spot,Forward price of underlying instrument,CASH,Cash,CAD,NZD,CAD,,,,,,,,,
1,Foreign_Exchange,Forward,NDF,UPI,QZLV4HB6Z8G3,New,,2023-11-07 05:04:27,JFTXFC,NA/Fwd NDF BWP ZAR,BWP ZAR,Spot,Forward price of underlying instrument,CASH,Cash,BWP,ZAR,ZAR,,,,,,,,,
1,Foreign_Exchange,Forward,NDF,UPI,QZTSP2TW78ML,New,,2023-11-07 05:04:27,JFTXFC,NA/Fwd NDF QAR SGD,QAR SGD,Spot,Forward price of underlying instrument,CASH,Cash,QAR,SGD,QAR,,,,,,,,,
1,Foreign_Exchange,Forward,NDF,UPI,QZWPGDCJT66X,New,,2023-11-07 05:04:27,JFTXFC,NA/Fwd NDF AED HKD,AED HKD,Spot,Forward price of underlying instrument,CASH,Cash,AED,HKD,AED,,,,,,,,,
1,Foreign_Exchange,Forward,NDF,UPI,QZT597M7LQ0N,New,,2023-11-07 05:04:28,JFTXFC,NA/Fwd NDF GBP MXN,GBP MXN,Spot,Forward price of underlying instrument,CASH,Cash,GBP,MXN,GBP,,,,,,,,,
1,Foreign_Exchange,Forward,NDF,UPI,QZ43PVFHG3JS,New,,2023-11-07 05:04:28,JFTXFC,NA/Fwd NDF CAD SGD,CAD SGD,Spot,Forward price of underlying instrument,CASH,Cash,CAD,SGD,SGD,,,,,,,,,
1,Foreign_Exchange,Forward,NDF,UPI,QZMGLDVX3QP8,New,,2023-11-07 05:04:28,JFTXFC,NA/Fwd NDF NOK NZD,NOK NZD,Spot,Forward price of underlying instrument,CASH,Cash,NOK,NZD,NZD,,,,,,,,,
1,Foreign_Exchange,Forward,NDF,UPI,QZ2H49MMGSWR,New,,2023-11-07 05:04:28,JFTXFC,NA/Fwd NDF NOK SGD,NOK SGD,Spot,Forward price of underlying instrument,CASH,Cash,NOK,SGD,SGD,,,,,,,,,
1,Foreign_Exchange,Forward,NDF,UPI,QZLHVL42R76B,New,,2023-11-07 05:04:28,JFTXFC,NA/Fwd NDF AED JOD,AED JOD,Spot,Forward price of underlying instrument,CASH,Cash,AED,JOD,AED,,,,,,,,,
1,Foreign_Exchange,Forward,NDF,UPI,QZNNRWDKSND0,New,,2023-11-07 05:04:28,JFTXFC,NA/Fwd NDF AED AUD,AED AUD,Spot,Forward price of underlying instrument,CASH,Cash,AED,AUD,AED,,,,,,,,,
1,Foreign_Exchange,Forward,NDF,UPI,QZVRG2JBBVTM,New,,2023-11-07 05:04:28,JFTXFC,NA/Fwd NDF CAD THB,CAD THB,Spot,Forward price of underlying instrument,CASH,Cash,CAD,THB,CAD,,,,,,,,,
1,Foreign_Exchange,Forward,NDF,UPI,QZDBX093DSCQ,New,,2023-11-07 05:04:28,JFTXFC,NA/Fwd NDF JPY SEK,JPY SEK,Spot,Forward price of underlying instrument,CASH,Cash,JPY,SEK,JPY,,,,,,,,,
1,Foreign_Exchange,Forward,NDF,UPI,QZFMDSGRT4Z3,New,,2023-11-07 05:04:28,JFTXFC,NA/Fwd NDF JPY SGD,JPY SGD,Spot,Forward price of underlying instrument,CASH,Cash,JPY,SGD,JPY,,,,,,,,,
1,Foreign_Exchange,Forward,NDF,UPI,QZC7GSJJHBV1,New,,2023-11-07 05:04:28,JFTXFC,NA/Fwd NDF CZK EUR,CZK EUR,Spot,Forward price of underlying instrument,CASH,Cash,CZK,EUR,CZK,,,,,,,,,
1,Foreign_Exchange,Forward,NDF,UPI,QZ42C7GS62LM,New,,2023-11-07 05:04:28,JFTXFC,NA/Fwd NDF AUD GBP,AUD GBP,Spot,Forward price of underlying instrument,CASH,Cash,AUD,GBP,AUD,,,,,,,,,
1,Foreign_Exchange,Forward,NDF,UPI,QZ6XP85FB13V,New,,2023-11-07 05:04:28,JFTXFC,NA/Fwd NDF AED MYR,AED MYR,Spot,Forward price of underlying instrument,CASH,Cash,AED,MYR,AED,,,,,,,,,
1,Foreign_Exchange,Forward,NDF,UPI,QZJ692PBRTXP,New,,2023-11-07 05:04:28,JFTXFC,NA/Fwd NDF SEK TRY,SEK TRY,Spot,Forward price of underlying instrument,CASH,Cash,SEK,TRY,TRY,,,,,,,,,
1,Foreign_Exchange,Forward,NDF,UPI,QZF0D0G96X7T,New,,2023-11-07 05:04:28,JFTXFC,NA/Fwd NDF AUD NOK,AUD NOK,Spot,Forward price of underlying instrument,CASH,Cash,AUD,NOK,AUD,,,,,,,,,
1,Foreign_Exchange,Forward,NDF,UPI,QZW3M64F8PHQ,New,,2023-11-07 05:04:28,JFTXFC,NA/Fwd NDF OMR USD,OMR USD,Spot,Forward price of underlying instrument,CASH,Cash,OMR,USD,OMR,,,,,,,,,
1,Foreign_Exchange,Forward,NDF,UPI,QZWHKXFX55HN,New,,2023-11-07 05:04:28,JFTXFC,NA/Fwd NDF AUD CHF,AUD CHF,Spot,Forward price of underlying instrument,CASH,Cash,AUD,CHF,CHF,,,,,,,,,
1,Foreign_Exchange,Forward,NDF,UPI,QZ49V6KK1DWM,New,,2023-11-07 05:04:29,JFTXFC,NA/Fwd NDF CHF ILS,CHF ILS,Spot,Forward price of underlying instrument,CASH,Cash,CHF,ILS,CHF,,,,,,,,,
1,Foreign_Exchange,Forward,NDF,UPI,QZVFGPDZMX3C,New,,2023-11-07 05:04:29,JFTXFC,NA/Fwd NDF GBP SEK,GBP SEK,Spot,Forward price of underlying instrument,CASH,Cash,GBP,SEK,SEK,,,,,,,,,
1,Foreign_Exchange,Forward,NDF,UPI,QZPLRV2K2NKX,New,,2023-11-07 05:04:29,JFTXFC,NA/Fwd NDF CAD FJD,CAD FJD,Spot,Forward price of underlying instrument,CASH,Cash,CAD,FJD,CAD,,,,,,,,,
1,Foreign_Exchange,Forward,NDF,UPI,QZ3LQG7Z5CW0,New,,2023-11-07 05:04:29,JFTXFC,NA/Fwd NDF BGN GBP,BGN GBP,Spot,Forward price of underlying instrument,CASH,Cash,BGN,GBP,GBP,,,,,,,,,
1,Foreign_Exchange,Forward,NDF,UPI,QZSBKBTBTCMR,New,,2023-11-07 05:04:29,JFTXFC,NA/Fwd NDF CAD HUF,CAD HUF,Spot,Forward price of underlying instrument,CASH,Cash,CAD,HUF,CAD,,,,,,,,,
1,Foreign_Exchange,Forward,NDF,UPI,QZ2MKBFPQ3TP,New,,2023-11-07 05:04:29,JFTXFC,NA/Fwd NDF HKD SGD,HKD SGD,Spot,Forward price of underlying instrument,CASH,Cash,HKD,SGD,SGD,,,,,,,,,
1,Foreign_Exchange,Forward,NDF,UPI,QZZ8XJRC54CZ,New,,2023-11-07 05:04:29,JFTXFC,NA/Fwd NDF NZD PLN,NZD PLN,Spot,Forward price of underlying instrument,CASH,Cash,NZD,PLN,NZD,,,,,,,,,
1,Foreign_Exchange,Forward,NDF,UPI,QZR5KC4LNJXR,New,,2023-11-07 05:04:29,JFTXFC,NA/Fwd NDF EUR HKD,EUR HKD,Spot,Forward price of underlying instrument,CASH,Cash,EUR,HKD,HKD,,,,,,,,,
1,Foreign_Exchange,Forward,NDF,UPI,QZ0X942CRWL9,New,,2023-11-07 05:04:29,JFTXFC,NA/Fwd NDF GBP NOK,GBP NOK,Spot,Forward price of underlying instrument,CASH,Cash,GBP,NOK,NOK,,,,,,,,,
1,Foreign_Exchange,Forward,NDF,UPI,QZJ4S67G652D,New,,2023-11-07 05:04:29,JFTXFC,NA/Fwd NDF DKK PLN,DKK PLN,Spot,Forward price of underlying instrument,CASH,Cash,DKK,PLN,PLN,,,,,,,,,
1,Foreign_Exchange,Forward,NDF,UPI,QZ1BJXGTCV63,New,,2023-11-07 05:04:29,JFTXFC,NA/Fwd NDF GBP SEK,GBP SEK,Spot,Forward price of underlying instrument,CASH,Cash,GBP,SEK,GBP,,,,,,,,,
1,Foreign_Exchange,Forward,NDF,UPI,QZVTFHDH0KR9,New,,2023-11-07 05:04:30,JFTXFC,NA/Fwd NDF CHF RON,CHF RON,Spot,Forward price of underlying instrument,CASH,Cash,CHF,RON,RON,,,,,,,,,
1,Foreign_Exchange,Forward,NDF,UPI,QZ6HSDDFGVQF,New,,2023-11-07 05:04:30,JFTXFC,NA/Fwd NDF AUD JPY,AUD JPY,Spot,Forward price of underlying instrument,CASH,Cash,AUD,JPY,AUD,,,,,,,,,
1,Foreign_Exchange,Forward,NDF,UPI,QZL75BDC22TF,New,,2023-11-07 05:04:30,JFTXFC,NA/Fwd NDF AED CAD,AED CAD,Spot,Forward price of underlying instrument,CASH,Cash,AED,CAD,AED,,,,,,,,,
1,Foreign_Exchange,Forward,NDF,UPI,QZC15SQN3785,New,,2023-11-07 05:04:30,JFTXFC,NA/Fwd NDF AED THB,AED THB,Spot,Forward price of underlying instrument,CASH,Cash,AED,THB,AED,,,,,,,,,
1,Foreign_Exchange,Forward,NDF,UPI,QZ6DXV011THL,New,,2023-11-07 05:04:30,JFTXFC,NA/Fwd NDF CAD PEN,CAD PEN,Spot,Forward price of underlying instrument,CASH,Cash,CAD,PEN,CAD,,,,,,,,,
1,Foreign_Exchange,Forward,NDF,UPI,QZWFTSPG9S4M,New,,2023-11-07 05:04:30,JFTXFC,NA/Fwd NDF CHF JPY,CHF JPY,Spot,Forward price of underlying instrument,CASH,Cash,CHF,JPY,CHF,,,,,,,,,
1,Foreign_Exchange,Forward,NDF,UPI,QZ0CBZ30TJ57,New,,2023-11-07 05:04:30,JFTXFC,NA/Fwd NDF JPY QAR,JPY QAR,Spot,Forward price of underlying instrument,CASH,Cash,JPY,QAR,JPY,,,,,,,,,
1,Foreign_Exchange,Forward,NDF,UPI,QZ9MPR1NW7J4,New,,2023-11-07 05:04:30,JFTXFC,NA/Fwd NDF CAD CHF,CAD CHF,Spot,Forward price of underlying instrument,CASH,Cash,CAD,CHF,CHF,,,,,,,,,
1,Foreign_Exchange,Forward,NDF,UPI,QZHDDDQFM084,New,,2023-11-07 05:04:30,JFTXFC,NA/Fwd NDF EUR NZD,EUR NZD,Spot,Forward price of underlying instrument,CASH,Cash,EUR,NZD,NZD,,,,,,,,,
1,Foreign_Exchange,Forward,NDF,UPI,QZH9JJG3TWXT,New,,2023-11-07 05:04:30,JFTXFC,NA/Fwd NDF CHF SAR,CHF SAR,Spot,Forward price of underlying instrument,CASH,Cash,CHF,SAR,CHF,,,,,,,,,
1,Foreign_Exchange,Forward,NDF,UPI,QZFNRMZTZ8DL,New,,2023-11-07 05:04:31,JFTXFC,NA/Fwd NDF DKK SGD,DKK SGD,Spot,Forward price of underlying instrument,CASH,Cash,DKK,SGD,DKK,,,,,,,,,
1,Foreign_Exchange,Forward,NDF,UPI,QZ0S36NFLS91,New,,2023-11-07 05:04:31,JFTXFC,NA/Fwd NDF DKK SEK,DKK SEK,Spot,Forward price of underlying instrument,CASH,Cash,DKK,SEK,DKK,,,,,,,,,
1,Foreign_Exchange,Forward,NDF,UPI,QZQFPGFSJ8X1,New,,2023-11-07 05:04:31,JFTXFC,NA/Fwd NDF PLN SEK,PLN SEK,Spot,Forward price of underlying instrument,CASH,Cash,PLN,SEK,PLN,,,,,,,,,
1,Foreign_Exchange,Forward,NDF,UPI,QZ6ZDN6MHPFR,New,,2023-11-07 05:04:31,JFTXFC,NA/Fwd NDF NOK SEK,NOK SEK,Spot,Forward price of underlying instrument,CASH,Cash,NOK,SEK,SEK,,,,,,,,,
1,Foreign_Exchange,Forward,NDF,UPI,QZRFX9PSTP4Q,New,,2023-11-07 05:04:31,JFTXFC,NA/Fwd NDF PHP SGD,PHP SGD,Spot,Forward price of underlying instrument,CASH,Cash,PHP,SGD,PHP,,,,,,,,,
1,Foreign_Exchange,Forward,NDF,UPI,QZTCXW7Q6RZ4,New,,2023-11-07 05:04:31,JFTXFC,NA/Fwd NDF CZK SEK,CZK SEK,Spot,Forward price of underlying instrument,CASH,Cash,CZK,SEK,SEK,,,,,,,,,
1,Foreign_Exchange,Forward,NDF,UPI,QZR7C80GQSC8,New,,2023-11-07 05:04:31,JFTXFC,NA/Fwd NDF CAD QAR,CAD QAR,Spot,Forward price of underlying instrument,CASH,Cash,CAD,QAR,QAR,,,,,,,,,
1,Foreign_Exchange,Forward,NDF,UPI,QZG0R6CP069G,New,,2023-11-07 05:04:31,JFTXFC,NA/Fwd NDF CHF MXN,CHF MXN,Spot,Forward price of underlying instrument,CASH,Cash,CHF,MXN,MXN,,,,,,,,,
1,Foreign_Exchange,Forward,NDF,UPI,QZSKJW13XZWQ,New,,2023-11-07 05:04:31,JFTXFC,NA/Fwd NDF DKK MXN,DKK MXN,Spot,Forward price of underlying instrument,CASH,Cash,DKK,MXN,MXN,,,,,,,,,
1,Foreign_Exchange,Forward,NDF,UPI,QZ7HHW2PDQKC,New,,2023-11-07 05:04:31,JFTXFC,NA/Fwd NDF CZK USD,CZK USD,Spot,Forward price of underlying instrument,CASH,Cash,CZK,USD,CZK,,,,,,,,,
1,Foreign_Exchange,Forward,NDF,UPI,QZQW9PNQCVDZ,New,,2023-11-07 05:04:32,JFTXFC,NA/Fwd NDF AED JPY,AED JPY,Spot,Forward price of underlying instrument,CASH,Cash,AED,JPY,AED,,,,,,,,,
1,Foreign_Exchange,Forward,NDF,UPI,QZVRTKPVHWZ1,New,,2023-11-07 05:04:32,JFTXFC,NA/Fwd NDF CAD MYR,CAD MYR,Spot,Forward price of underlying instrument,CASH,Cash,CAD,MYR,MYR,,,,,,,,,
1,Foreign_Exchange,Forward,NDF,UPI,QZ45317XJ86W,New,,2023-11-07 05:04:32,JFTXFC,NA/Fwd NDF EUR UGX,EUR UGX,Spot,Forward price of underlying instrument,CASH,Cash,EUR,UGX,EUR,,,,,,,,,
1,Foreign_Exchange,Forward,NDF,UPI,QZSTQF8LP48M,New,,2023-11-07 05:04:32,JFTXFC,NA/Fwd NDF EUR FJD,EUR FJD,Spot,Forward price of underlying instrument,CASH,Cash,EUR,FJD,EUR,,,,,,,,,
1,Foreign_Exchange,Forward,NDF,UPI,QZXL28V1DC2V,New,,2023-11-07 05:04:32,JFTXFC,NA/Fwd NDF AED SAR,AED SAR,Spot,Forward price of underlying instrument,CASH,Cash,AED,SAR,AED,,,,,,,,,
1,Foreign_Exchange,Forward,NDF,UPI,QZ197VJXH7DP,New,,2023-11-07 05:04:32,JFTXFC,NA/Fwd NDF AED SEK,AED SEK,Spot,Forward price of underlying instrument,CASH,Cash,AED,SEK,AED,,,,,,,,,
1,Foreign_Exchange,Forward,NDF,UPI,QZHXDCJ9L0HZ,New,,2023-11-07 05:04:32,JFTXFC,NA/Fwd NDF AUD JPY,AUD JPY,Spot,Forward price of underlying instrument,CASH,Cash,AUD,JPY,JPY,,,,,,,,,
1,Foreign_Exchange,Forward,NDF,UPI,QZND1WBC2VF4,New,,2023-11-07 05:04:33,JFTXFC,NA/Fwd NDF EUR HUF,EUR HUF,Spot,Forward price of underlying instrument,CASH,Cash,EUR,HUF,HUF,,,,,,,,,
1,Foreign_Exchange,Forward,NDF,UPI,QZ0KVZ6M58QM,New,,2023-11-07 05:04:33,JFTXFC,NA/Fwd NDF DKK GBP,DKK GBP,Spot,Forward price of underlying instrument,CASH,Cash,DKK,GBP,GBP,,,,,,,,,
1,Foreign_Exchange,Forward,NDF,UPI,QZ8JRB75X192,New,,2023-11-07 05:04:33,JFTXFC,NA/Fwd NDF AED INR,AED INR,Spot,Forward price of underlying instrument,CASH,Cash,AED,INR,AED,,,,,,,,,
1,Foreign_Exchange,Forward,NDF,UPI,QZV2ZLJH11W6,New,,2023-11-07 05:04:33,JFTXFC,NA/Fwd NDF EUR MXN,EUR MXN,Spot,Forward price of underlying instrument,CASH,Cash,EUR,MXN,EUR,,,,,,,,,
1,Foreign_Exchange,Forward,NDF,UPI,QZJQ9ZQDW3J9,New,,2023-11-07 05:04:33,JFTXFC,NA/Fwd NDF QAR SAR,QAR SAR,Spot,Forward price of underlying instrument,CASH,Cash,QAR,SAR,QAR,,,,,,,,,
1,Foreign_Exchange,Forward,NDF,UPI,QZSGXC1J5G4C,New,,2023-11-07 05:04:33,JFTXFC,NA/Fwd NDF CAD SEK,CAD SEK,Spot,Forward price of underlying instrument,CASH,Cash,CAD,SEK,CAD,,,,,,,,,
1,Foreign_Exchange,Forward,NDF,UPI,QZM72WS22S58,New,,2023-11-07 05:04:34,JFTXFC,NA/Fwd NDF AED GBP,AED GBP,Spot,Forward price of underlying instrument,CASH,Cash,AED,GBP,GBP,,,,,,,,,
1,Foreign_Exchange,Forward,NDF,UPI,QZD7W2WB59Q3,New,,2023-11-07 05:04:34,JFTXFC,NA/Fwd NDF EUR SAR,EUR SAR,Spot,Forward price of underlying instrument,CASH,Cash,EUR,SAR,EUR,,,,,,,,,
1,Foreign_Exchange,Forward,NDF,UPI,QZFJ61LGJMRP,New,,2023-11-07 05:04:34,JFTXFC,NA/Fwd NDF EUR QAR,EUR QAR,Spot,Forward price of underlying instrument,CASH,Cash,EUR,QAR,EUR,,,,,,,,,
1,Foreign_Exchange,Forward,NDF,UPI,QZFQCLP1H00H,New,,2023-11-07 05:04:35,JFTXFC,NA/Fwd NDF JOD USD,JOD USD,Spot,Forward price of underlying instrument,CASH,Cash,JOD,USD,USD,,,,,,,,,
1,Foreign_Exchange,Forward,NDF,UPI,QZN6VX2P5M34,New,,2023-11-07 05:04:35,JFTXFC,NA/Fwd NDF GBP SGD,GBP SGD,Spot,Forward price of underlying instrument,CASH,Cash,GBP,SGD,SGD,,,,,,,,,
1,Foreign_Exchange,Forward,NDF,UPI,QZKF2R1CK2R2,New,,2023-11-07 05:04:40,JFTXFC,NA/Fwd NDF EUR RON,EUR RON,Spot,Forward price of underlying instrument,CASH,Cash,EUR,RON,RON,,,,,,,,,
1,Foreign_Exchange,Forward,NDF,UPI,QZG3T1KCCPBP,New,,2023-11-07 05:04:40,JFTXFC,NA/Fwd NDF CNY GBP,CNY GBP,Spot,Forward price of underlying instrument,CASH,Cash,CNY,GBP,CNY,,,,,,,,,
1,Foreign_Exchange,Forward,NDF,UPI,QZ735XZQJQJ1,New,,2023-11-07 05:04:55,JFTXFC,NA/Fwd NDF EUR ILS,EUR ILS,Spot,Forward price of underlying instrument,CASH,Cash,EUR,ILS,EUR,,,,,,,,,
1,Foreign_Exchange,Forward,NDF,UPI,QZZ86B01K74B,New,,2023-11-07 05:05:11,JFTXFC,NA/Fwd NDF JPY KRW,JPY KRW,Spot,Forward price of underlying instrument,CASH,Cash,JPY,KRW,KRW,,,,,,,,,
1,Foreign_Exchange,Forward,NDF,UPI,QZ6HS220XQRZ,New,,2023-11-07 05:05:16,JFTXFC,NA/Fwd NDF INR SGD,INR SGD,Spot,Forward price of underlying instrument,CASH,Cash,INR,SGD,INR,,,,,,,,,
1,Foreign_Exchange,Forward,NDF,UPI,QZD0SL7Z9NMC,New,,2023-11-07 05:05:20,JFTXFC,NA/Fwd NDF JPY TRY,JPY TRY,Spot,Forward price of underlying instrument,CASH,Cash,JPY,TRY,TRY,,,,,,,,,
1,Foreign_Exchange,Forward,NDF,UPI,QZQNXK4JZH7J,New,,2023-11-07 05:05:25,JFTXFC,NA/Fwd NDF CHF COP,CHF COP,Spot,Forward price of underlying instrument,CASH,Cash,CHF,COP,CHF,,,,,,,,,
1,Foreign_Exchange,Forward,NDF,UPI,QZ99Z37SJB0C,New,,2023-11-07 05:05:49,JFTXFC,NA/Fwd NDF CZK EUR,CZK EUR,Spot,Forward price of underlying instrument,CASH,Cash,CZK,EUR,EUR,,,,,,,,,
1,Foreign_Exchange,Forward,NDF,UPI,QZWJB1X5FJJ6,New,,2023-11-07 05:05:49,JFTXFC,NA/Fwd NDF IDR JPY,IDR JPY,Spot,Forward price of underlying instrument,CASH,Cash,IDR,JPY,USD,,,,,,,,,
1,Foreign_Exchange,Forward,NDF,UPI,QZM6N1G9SPS3,New,,2023-11-07 05:06:09,JFTXFC,NA/Fwd NDF CAD CLP,CAD CLP,Spot,Forward price of underlying instrument,CASH,Cash,CAD,CLP,CAD,,,,,,,,,
1,Foreign_Exchange,Forward,NDF,UPI,QZK8GL6TR40W,New,,2023-11-07 05:06:27,JFTXFC,NA/Fwd NDF CHF CLP,CHF CLP,Spot,Forward price of underlying instrument,CASH,Cash,CHF,CLP,CHF,,,,,,,,,
1,Foreign_Exchange,Forward,NDF,UPI,QZQRPS2VCPMG,New,,2023-11-07 05:07:20,JFTXFC,NA/Fwd NDF CHF IDR,CHF IDR,Spot,Forward price of underlying instrument,CASH,Cash,CHF,IDR,CHF,,,,,,,,,
1,Foreign_Exchange,Forward,NDF,UPI,QZF2PGK29PVR,New,,2023-11-07 05:08:38,JFTXFC,NA/Fwd NDF EUR PLN,EUR PLN,Spot,Forward price of underlying instrument,CASH,Cash,EUR,PLN,PLN,,,,,,,,,
1,Foreign_Exchange,Forward,NDF,UPI,QZJM1PRLLNBZ,New,,2023-11-07 05:09:51,JFTXFC,NA/Fwd NDF EUR PLN,EUR PLN,Spot,Forward price of underlying instrument,CASH,Cash,EUR,PLN,EUR,,,,,,,,,
1,Foreign_Exchange,Forward,NDF,UPI,QZ9G6CFVT36F,New,,2023-11-07 05:09:57,JFTXFC,NA/Fwd NDF JPY TWD,JPY TWD,Spot,Forward price of underlying instrument,CASH,Cash,JPY,TWD,JPY,,,,,,,,,
1,Foreign_Exchange,Forward,NDF,UPI,QZZCM6WCLTWZ,New,,2023-11-07 05:10:04,JFTXFC,NA/Fwd NDF INR SEK,INR SEK,Spot,Forward price of underlying instrument,CASH,Cash,INR,SEK,SEK,,,,,,,,,
1,Foreign_Exchange,Forward,NDF,UPI,QZ52T1DW2SKD,New,,2023-11-07 05:10:12,JFTXFC,NA/Fwd NDF THB USD,THB USD,Spot,Forward price of underlying instrument,CASH,Cash,THB,USD,THB,,,,,,,,,
1,Foreign_Exchange,Forward,NDF,UPI,QZKTZP2668R3,New,,2023-11-07 05:10:12,JFTXFC,NA/Fwd NDF HKD TWD,HKD TWD,Spot,Forward price of underlying instrument,CASH,Cash,HKD,TWD,HKD,,,,,,,,,
1,Foreign_Exchange,Forward,NDF,UPI,QZW18CQVNV38,New,,2023-11-07 05:10:13,JFTXFC,NA/Fwd NDF INR JPY,INR JPY,Spot,Forward price of underlying instrument,CASH,Cash,INR,JPY,JPY,,,,,,,,,
1,Foreign_Exchange,Forward,NDF,UPI,QZC2X639BWR1,New,,2023-11-07 05:10:16,JFTXFC,NA/Fwd NDF CHF INR,CHF INR,Spot,Forward price of underlying instrument,CASH,Cash,CHF,INR,CHF,,,,,,,,,
1,Foreign_Exchange,Forward,NDF,UPI,QZ3KLQT12M21,New,,2023-11-07 08:08:52,JFTXFC,NA/Fwd NDF SAR USD,SAR USD,Spot,Forward price of underlying instrument,CASH,Cash,SAR,USD,USD,,,,,,,,,
1,Foreign_Exchange,Forward,NDF,UPI,QZ4Q07R0LPC2,New,,2023-11-07 08:09:30,JFTXFC,NA/Fwd NDF MYR USD,MYR USD,Spot,Forward price of underlying instrument,CASH,Cash,MYR,USD,EUR,,,,,,,,,
1,Foreign_Exchange,Forward,NDF,UPI,QZZB4H9XTB3L,New,,2023-11-07 08:15:33,JFTXFC,NA/Fwd NDF AUD INR,AUD INR,Spot,Forward price of underlying instrument,CASH,Cash,AUD,INR,USD,,,,,,,,,
1,Foreign_Exchange,Forward,NDF,UPI,QZRL6CSDFCVB,New,,2023-11-07 08:15:45,JFTXFC,NA/Fwd NDF HKD USD,HKD USD,Spot,Forward price of underlying instrument,CASH,Cash,HKD,USD,USD,,,,,,,,,
1,Foreign_Exchange,Forward,NDF,UPI,QZ1RPB0GGQ1H,New,,2023-11-07 08:16:19,JFTXFC,NA/Fwd NDF TWD USD,TWD USD,Spot,Forward price of underlying instrument,CASH,Cash,TWD,USD,EUR,,,,,,,,,
1,Foreign_Exchange,Forward,NDF,UPI,QZFQNKRG0S29,New,,2023-11-07 08:30:07,JFTXFC,NA/Fwd NDF CNY CZK,CNY CZK,Spot,Forward price of underlying instrument,CASH,Cash,CNY,CZK,USD,,,,,,,,,
1,Foreign_Exchange,Forward,NDF,UPI,QZ75WT9MJH5J,New,,2023-11-07 09:25:52,JFTXFC,NA/Fwd NDF INR JPY,INR JPY,Spot,Forward price of underlying instrument,CASH,Cash,INR,JPY,USD,,,,,,,,,
1,Foreign_Exchange,Forward,NDF,UPI,QZ161FQ1SCCP,New,,2023-11-07 09:35:21,JFTXFC,NA/Fwd NDF CHF INR,CHF INR,Spot,Forward price of underlying instrument,CASH,Cash,CHF,INR,INR,,,,,,,,,
1,Foreign_Exchange,Forward,NDF,UPI,QZL9X40C2FL2,New,,2023-11-07 12:36:04,JFTXFC,NA/Fwd NDF BRL NOK,BRL NOK,Spot,Forward price of underlying instrument,CASH,Cash,BRL,NOK,BRL,,,,,,,,,
1,Foreign_Exchange,Forward,NDF,UPI,QZSDHSD9L18J,New,,2023-11-07 12:36:42,JFTXFC,NA/Fwd NDF AUD KRW,AUD KRW,Spot,Forward price of underlying instrument,CASH,Cash,AUD,KRW,KRW,,,,,,,,,
1,Foreign_Exchange,Forward,NDF,UPI,QZK2T4CG4X2P,New,,2023-11-07 12:56:12,JFTXFC,NA/Fwd NDF BRL CNY,BRL CNY,Spot,Forward price of underlying instrument,CASH,Cash,BRL,CNY,BRL,,,,,,,,,
1,Foreign_Exchange,Forward,NDF,UPI,QZ869PBF7S5R,New,,2023-11-07 13:16:08,JFTXFC,NA/Fwd NDF INR USD,INR USD,Spot,Forward price of underlying instrument,CASH,Cash,INR,USD,EUR,,,,,,,,,
1,Foreign_Exchange,Forward,NDF,UPI,QZ6N2C4GFCR9,New,,2023-11-07 13:33:26,JFTXFC,NA/Fwd NDF EUR TND,EUR TND,Spot,Forward price of underlying instrument,CASH,Cash,EUR,TND,USD,,,,,,,,,
1,Foreign_Exchange,Forward,NDF,UPI,QZHKQ7J0Q95L,New,,2023-11-07 13:37:32,JFTXFC,NA/Fwd NDF SEK USD,SEK USD,Spot,Forward price of underlying instrument,CASH,Cash,SEK,USD,USD,,,,,,,,,
1,Foreign_Exchange,Forward,NDF,UPI,QZKCKLDPJP27,New,,2023-11-07 13:37:33,JFTXFC,NA/Fwd NDF USD ZAR,USD ZAR,Spot,Forward price of underlying instrument,CASH,Cash,USD,ZAR,USD,,,,,,,,,
1,Foreign_Exchange,Forward,NDF,UPI,QZJSFLK1CPL3,New,,2023-11-07 13:37:33,JFTXFC,NA/Fwd NDF HUF USD,HUF USD,Spot,Forward price of underlying instrument,CASH,Cash,HUF,USD,USD,,,,,,,,,
1,Foreign_Exchange,Forward,NDF,UPI,QZV993XDMFN2,New,,2023-11-07 13:37:33,JFTXFC,NA/Fwd NDF DKK USD,DKK USD,Spot,Forward price of underlying instrument,CASH,Cash,DKK,USD,USD,,,,,,,,,
1,Foreign_Exchange,Forward,NDF,UPI,QZM0JKSDKG7R,New,,2023-11-07 13:37:34,JFTXFC,NA/Fwd NDF PLN USD,PLN USD,Spot,Forward price of underlying instrument,CASH,Cash,PLN,USD,USD,,,,,,,,,
1,Foreign_Exchange,Forward,NDF,UPI,QZJCL6QT40QC,New,,2023-11-07 14:06:20,JFTXFC,NA/Fwd NDF BRL USD,BRL USD,Spot,Forward price of underlying instrument,CASH,Cash,BRL,USD,EUR,,,,,,,,,
1,Foreign_Exchange,Forward,NDF,UPI,QZD8HSBMG2NX,New,,2023-11-07 14:27:57,JFTXFC,NA/Fwd NDF CLP EUR,CLP EUR,Spot,Forward price of underlying instrument,CASH,Cash,CLP,EUR,CLP,,,,,,,,,
1,Foreign_Exchange,Forward,NDF,UPI,QZ74XT8DSJ2X,New,,2023-11-07 15:05:48,JFTXFC,NA/Fwd NDF DKK HUF,DKK HUF,Spot,Forward price of underlying instrument,CASH,Cash,DKK,HUF,DKK,,,,,,,,,
1,Foreign_Exchange,Forward,NDF,UPI,QZM4GG3SQ1PW,New,,2023-11-07 15:11:07,JFTXFC,NA/Fwd NDF CNY INR,CNY INR,Spot,Forward price of underlying instrument,CASH,Cash,CNY,INR,INR,,,,,,,,,
1,Foreign_Exchange,Forward,NDF,UPI,QZC332TJVF44,New,,2023-11-07 15:18:48,JFTXFC,NA/Fwd NDF BRL MXN,BRL MXN,Spot,Forward price of underlying instrument,CASH,Cash,BRL,MXN,USD,,,,,,,,,
1,Foreign_Exchange,Forward,NDF,UPI,QZQQGFK86C2K,New,,2023-11-07 15:26:15,JFTXFC,NA/Fwd NDF GBP PEN,GBP PEN,Spot,Forward price of underlying instrument,CASH,Cash,GBP,PEN,USD,,,,,,,,,
1,Foreign_Exchange,Forward,NDF,UPI,QZNNQF3WX5B9,New,,2023-11-07 15:50:02,JFTXFC,NA/Fwd NDF BRL USD,BRL USD,Spot,Forward price of underlying instrument,CASH,Cash,BRL,USD,CHF,,,,,,,,,
1,Foreign_Exchange,Forward,NDF,UPI,QZ2HVSLR6L27,New,,2023-11-07 15:50:14,JFTXFC,NA/Fwd NDF INR USD,INR USD,Spot,Forward price of underlying instrument,CASH,Cash,INR,USD,CHF,,,,,,,,,
1,Foreign_Exchange,Forward,NDF,UPI,QZB5XBX658KR,New,,2023-11-07 15:52:05,JFTXFC,NA/Fwd NDF CHF PHP,CHF PHP,Spot,Forward price of underlying instrument,CASH,Cash,CHF,PHP,CHF,,,,,,,,,
1,Foreign_Exchange,Forward,NDF,UPI,QZZV885V0GQ5,New,,2023-11-07 15:52:07,JFTXFC,NA/Fwd NDF PHP USD,PHP USD,Spot,Forward price of underlying instrument,CASH,Cash,PHP,USD,CHF,,,,,,,,,
1,Foreign_Exchange,Forward,NDF,UPI,QZ5KK0QJB69T,New,,2023-11-07 15:52:21,JFTXFC,NA/Fwd NDF CLP USD,CLP USD,Spot,Forward price of underlying instrument,CASH,Cash,CLP,USD,CHF,,,,,,,,,
1,Foreign_Exchange,Forward,NDF,UPI,QZL24JFP1LSL,New,,2023-11-07 15:52:32,JFTXFC,NA/Fwd NDF TWD USD,TWD USD,Spot,Forward price of underlying instrument,CASH,Cash,TWD,USD,CHF,,,,,,,,,
1,Foreign_Exchange,Forward,NDF,UPI,QZHT0HDKBHVP,New,,2023-11-07 16:20:53,JFTXFC,NA/Fwd NDF CLP JPY,CLP JPY,Spot,Forward price of underlying instrument,CASH,Cash,CLP,JPY,CLP,,,,,,,,,
1,Foreign_Exchange,Forward,NDF,UPI,QZSCR34G3CKH,New,,2023-11-07 16:42:47,JFTXFC,NA/Fwd NDF CLF CLP,CLF CLP,Spot,Forward price of underlying instrument,CASH,Cash,CLF,CLP,USD,,,,,,,,,
1,Foreign_Exchange,Forward,NDF,UPI,QZ09TQHG1SHV,New,,2023-11-07 22:34:27,JFTXFC,NA/Fwd NDF TZS USD,TZS USD,Spot,Forward price of underlying instrument,CASH,Cash,TZS,USD,USD,,,,,,,,,
1,Foreign_Exchange,Forward,NDF,UPI,QZFMW5QLZG26,New,,2023-11-07 22:48:41,JFTXFC,NA/Fwd NDF DKK MYR,DKK MYR,Spot,Forward price of underlying instrument,CASH,Cash,DKK,MYR,DKK,,,,,,,,,
1,Foreign_Exchange,Forward,NDF,UPI,QZDSMPVBHCND,New,,2023-11-07 22:51:17,JFTXFC,NA/Fwd NDF PHP SEK,PHP SEK,Spot,Forward price of underlying instrument,CASH,Cash,PHP,SEK,SEK,,,,,,,,,
1,Foreign_Exchange,Forward,NDF,UPI,QZSC0TPJPZL2,New,,2023-11-08 01:45:23,JFTXFC,NA/Fwd NDF JPY MYR,JPY MYR,Spot,Forward price of underlying instrument,CASH,Cash,JPY,MYR,USD,,,,,,,,,
1,Foreign_Exchange,Forward,NDF,UPI,QZKJ9P7PQ29Z,New,,2023-11-08 07:45:11,JFTXFC,NA/Fwd NDF AOA HKD,AOA HKD,Spot,Forward price of underlying instrument,CASH,Cash,AOA,HKD,HKD,,,,,,,,,
1,Foreign_Exchange,Forward,NDF,UPI,QZR7R5QBG11Z,New,,2023-11-08 08:06:35,JFTXFC,NA/Fwd NDF EUR MAD,EUR MAD,Spot,Forward price of underlying instrument,CASH,Cash,EUR,MAD,USD,,,,,,,,,
1,Foreign_Exchange,Forward,NDF,UPI,QZ5G25FN7GN7,New,,2023-11-08 08:06:35,JFTXFC,NA/Fwd NDF EUR MAD,EUR MAD,Spot,Forward price of underlying instrument,CASH,Cash,EUR,MAD,MAD,,,,,,,,,
1,Foreign_Exchange,Forward,NDF,UPI,QZW6STDMJ7N6,New,,2023-11-08 08:21:28,JFTXFC,NA/Fwd NDF GBP IDR,GBP IDR,Spot,Forward price of underlying instrument,CASH,Cash,GBP,IDR,USD,,,,,,,,,
1,Foreign_Exchange,Forward,NDF,UPI,QZNS0699TJ76,New,,2023-11-08 09:30:57,JFTXFC,NA/Fwd NDF EUR VND,EUR VND,Spot,Forward price of underlying instrument,CASH,Cash,EUR,VND,VND,,,,,,,,,
1,Foreign_Exchange,Forward,NDF,UPI,QZTCK7M3QDQL,New,,2023-11-08 09:30:57,JFTXFC,NA/Fwd NDF EUR VND,EUR VND,Spot,Forward price of underlying instrument,CASH,Cash,EUR,VND,USD,,,,,,,,,
1,Foreign_Exchange,Forward,NDF,UPI,QZ40JG8K66DR,New,,2023-11-08 10:40:41,JFTXFC,NA/Fwd NDF CNY USD,CNY USD,Spot,Forward price of underlying instrument,CASH,Cash,CNY,USD,GBP,,,,,,,,,
1,Foreign_Exchange,Forward,NDF,UPI,QZRKWCXDCZTH,New,,2023-11-08 11:07:23,JFTXFC,NA/Fwd NDF DZD EUR,DZD EUR,Spot,Forward price of underlying instrument,CASH,Cash,DZD,EUR,EUR,,,,,,,,,
1,Foreign_Exchange,Forward,NDF,UPI,QZ4Z8HX6VGNN,New,,2023-11-08 12:21:14,JFTXFC,NA/Fwd NDF KRW USD,KRW USD,Spot,Forward price of underlying instrument,CASH,Cash,KRW,USD,JPY,,,,,,,,,
1,Foreign_Exchange,Forward,NDF,UPI,QZ337PPH9FJ8,New,,2023-11-08 12:23:45,JFTXFC,NA/Fwd NDF BRL DKK,BRL DKK,Spot,Forward price of underlying instrument,CASH,Cash,BRL,DKK,USD,,,,,,,,,
1,Foreign_Exchange,Forward,NDF,UPI,QZ3TS0K586DF,New,,2023-11-08 14:25:14,JFTXFC,NA/Fwd NDF EUR PEN,EUR PEN,Spot,Forward price of underlying instrument,CASH,Cash,EUR,PEN,USD,,,,,,,,,
1,Foreign_Exchange,Forward,NDF,UPI,QZB9Z5Z8P2FH,New,,2023-11-08 14:26:13,JFTXFC,NA/Fwd NDF GTQ USD,GTQ USD,Spot,Forward price of underlying instrument,CASH,Cash,GTQ,USD,USD,,,,,,,,,
1,Foreign_Exchange,Forward,NDF,UPI,QZWT0FXKMLKK,New,,2023-11-08 14:35:59,JFTXFC,NA/Fwd NDF EUR GTQ,EUR GTQ,Spot,Forward price of underlying instrument,CASH,Cash,EUR,GTQ,EUR,,,,,,,,,
1,Foreign_Exchange,Forward,NDF,UPI,QZ500TH4ZSV4,New,,2023-11-08 14:36:54,JFTXFC,NA/Fwd NDF AUD BRL,AUD BRL,Spot,Forward price of underlying instrument,CASH,Cash,AUD,BRL,AUD,,,,,,,,,
1,Foreign_Exchange,Forward,NDF,UPI,QZ9KC34FM8JD,New,,2023-11-08 16:43:31,JFTXFC,NA/Fwd NDF PEN USD,PEN USD,Spot,Forward price of underlying instrument,CASH,Cash,PEN,USD,EUR,,,,,,,,,
1,Foreign_Exchange,Forward,NDF,UPI,QZC2KS46DB07,New,,2023-11-08 17:05:13,JFTXFC,NA/Fwd NDF EUR PEN,EUR PEN,Spot,Forward price of underlying instrument,CASH,Cash,EUR,PEN,PEN,,,,,,,,,
1,Foreign_Exchange,Forward,NDF,UPI,QZ7PP77C5DM7,New,,2023-11-08 17:21:23,JFTXFC,NA/Fwd NDF BRL PHP,BRL PHP,Spot,Forward price of underlying instrument,CASH,Cash,BRL,PHP,BRL,,,,,,,,,
1,Foreign_Exchange,Forward,NDF,UPI,QZL4QFZ6N3R8,New,,2023-11-08 18:41:04,JFTXFC,NA/Fwd NDF CRC USD,CRC USD,Spot,Forward price of underlying instrument,CASH,Cash,CRC,USD,USD,,,,,,,,,
1,Foreign_Exchange,Forward,NDF,UPI,QZVLSSHMLC7S,New,,2023-11-08 18:51:42,JFTXFC,NA/Fwd NDF CNY SEK,CNY SEK,Spot,Forward price of underlying instrument,CASH,Cash,CNY,SEK,USD,,,,,,,,,
1,Foreign_Exchange,Forward,NDF,UPI,QZ1XJCPDNZFL,New,,2023-11-08 22:47:25,JFTXFC,NA/Fwd NDF BRL NOK,BRL NOK,Spot,Forward price of underlying instrument,CASH,Cash,BRL,NOK,NOK,,,,,,,,,
1,Foreign_Exchange,Forward,NDF,UPI,QZZ1RCCL59ML,New,,2023-11-08 22:48:39,JFTXFC,NA/Fwd NDF EUR UAH,EUR UAH,Spot,Forward price of underlying instrument,CASH,Cash,EUR,UAH,EUR,,,,,,,,,
1,Foreign_Exchange,Forward,NDF,UPI,QZ5C45NG8G14,New,,2023-11-08 22:51:28,JFTXFC,NA/Fwd NDF NOK PHP,NOK PHP,Spot,Forward price of underlying instrument,CASH,Cash,NOK,PHP,NOK,,,,,,,,,
1,Foreign_Exchange,Forward,NDF,UPI,QZ084F83KMTL,New,,2023-11-09 08:09:23,JFTXFC,NA/Fwd NDF CZK USD,CZK USD,Spot,Forward price of underlying instrument,CASH,Cash,CZK,USD,USD,,,,,,,,,
1,Foreign_Exchange,Forward,NDF,UPI,QZ482SW9C1DR,New,,2023-11-09 10:35:05,JFTXFC,NA/Fwd NDF UAH USD,UAH USD,Spot,Forward price of underlying instrument,CASH,Cash,UAH,USD,UAH,,,,,,,,,
1,Foreign_Exchange,Forward,NDF,UPI,QZW9WC8VWBXZ,New,,2023-11-09 12:24:26,JFTXFC,NA/Fwd NDF EUR RUB,EUR RUB,Spot,Forward price of underlying instrument,CASH,Cash,EUR,RUB,RUB,,,,,,,,,
1,Foreign_Exchange,Forward,NDF,UPI,QZS9R25JL15M,New,,2023-11-09 13:42:17,JFTXFC,NA/Fwd NDF EUR PHP,EUR PHP,Spot,Forward price of underlying instrument,CASH,Cash,EUR,PHP,PHP,,,,,,,,,
1,Foreign_Exchange,Forward,NDF,UPI,QZVXT1CZ7LHQ,New,,2023-11-09 13:42:17,JFTXFC,NA/Fwd NDF BRL SEK,BRL SEK,Spot,Forward price of underlying instrument,CASH,Cash,BRL,SEK,BRL,,,,,,,,,
1,Foreign_Exchange,Forward,NDF,UPI,QZLTT8MT3VHW,New,,2023-11-09 14:14:53,JFTXFC,NA/Fwd NDF BRL CLP,BRL CLP,Spot,Forward price of underlying instrument,CASH,Cash,BRL,CLP,BRL,,,,,,,,,
1,Foreign_Exchange,Forward,NDF,UPI,QZBFJCRKPKHF,New,,2023-11-09 14:30:03,JFTXFC,NA/Fwd NDF BRL HKD,BRL HKD,Spot,Forward price of underlying instrument,CASH,Cash,BRL,HKD,HKD,,,,,,,,,
1,Foreign_Exchange,Forward,NDF,UPI,QZQN6N48VXR2,New,,2023-11-09 14:31:53,JFTXFC,NA/Fwd NDF BRL COP,BRL COP,Spot,Forward price of underlying instrument,CASH,Cash,BRL,COP,BRL,,,,,,,,,
1,Foreign_Exchange,Forward,NDF,UPI,QZLDP0WL9DJZ,New,,2023-11-09 14:32:02,JFTXFC,NA/Fwd NDF COP HKD,COP HKD,Spot,Forward price of underlying instrument,CASH,Cash,COP,HKD,HKD,,,,,,,,,
1,Foreign_Exchange,Forward,NDF,UPI,QZDV8V6CZXPC,New,,2023-11-09 14:49:09,JFTXFC,NA/Fwd NDF BRL PEN,BRL PEN,Spot,Forward price of underlying instrument,CASH,Cash,BRL,PEN,BRL,,,,,,,,,
1,Foreign_Exchange,Forward,NDF,UPI,QZZMG20NJFCM,New,,2023-11-09 15:16:26,JFTXFC,NA/Fwd NDF COP USD,COP USD,Spot,Forward price of underlying instrument,CASH,Cash,COP,USD,GBP,,,,,,,,,
1,Foreign_Exchange,Forward,NDF,UPI,QZCSWL0QNSLJ,New,,2023-11-09 15:29:00,JFTXFC,NA/Fwd NDF CLP GBP,CLP GBP,Spot,Forward price of underlying instrument,CASH,Cash,CLP,GBP,CLP,,,,,,,,,
1,Foreign_Exchange,Forward,NDF,UPI,QZG7CJGJ7Q2F,New,,2023-11-09 15:29:00,JFTXFC,NA/Fwd NDF CLP GBP,CLP GBP,Spot,Forward price of underlying instrument,CASH,Cash,CLP,GBP,USD,,,,,,,,,
1,Foreign_Exchange,Forward,NDF,UPI,QZN5H873N19K,New,,2023-11-09 15:47:05,JFTXFC,NA/Fwd NDF BRL EUR,BRL EUR,Spot,Forward price of underlying instrument,CASH,Cash,BRL,EUR,BRL,,,,,,,,,
1,Foreign_Exchange,Forward,NDF,UPI,QZHSMVKTFLV4,New,,2023-11-09 16:32:19,JFTXFC,NA/Fwd NDF COP JPY,COP JPY,Spot,Forward price of underlying instrument,CASH,Cash,COP,JPY,COP,,,,,,,,,
1,Foreign_Exchange,Forward,NDF,UPI,QZF48XGNGB59,New,,2023-11-09 17:00:02,JFTXFC,NA/Fwd NDF DOP USD,DOP USD,Spot,Forward price of underlying instrument,CASH,Cash,DOP,USD,USD,,,,,,,,,
1,Foreign_Exchange,Forward,NDF,UPI,QZ9B14K5LQVQ,New,,2023-11-09 17:08:24,JFTXFC,NA/Fwd NDF DOP USD,DOP USD,Spot,Forward price of underlying instrument,CASH,Cash,DOP,USD,DOP,,,,,,,,,
1,Foreign_Exchange,Forward,NDF,UPI,QZWMRRNC3ZPZ,New,,2023-11-09 17:23:49,JFTXFC,NA/Fwd NDF JPY USD,JPY USD,Spot,Forward price of underlying instrument,CASH,Cash,JPY,USD,BRL,,,,,,,,,
1,Foreign_Exchange,Forward,NDF,UPI,QZHDFJSX6NCK,New,,2023-11-09 19:07:28,JFTXFC,NA/Fwd NDF CRC USD,CRC USD,Spot,Forward price of underlying instrument,CASH,Cash,CRC,USD,CRC,,,,,,,,,
1,Foreign_Exchange,Forward,NDF,UPI,QZLW2XWXK01W,New,,2023-11-09 22:15:29,JFTXFC,NA/Fwd NDF EUR RUB,EUR RUB,Spot,Forward price of underlying instrument,CASH,Cash,EUR,RUB,USD,,,,,,,,,
1,Foreign_Exchange,Forward,NDF,UPI,QZLX10Q9RV16,New,,2023-11-10 00:44:15,JFTXFC,NA/Fwd NDF AUD MYR,AUD MYR,Spot,Forward price of underlying instrument,CASH,Cash,AUD,MYR,USD,,,,,,,,,
1,Foreign_Exchange,Forward,NDF,UPI,QZ7RH225GSSB,New,,2023-11-10 00:44:28,JFTXFC,NA/Fwd NDF AUD PHP,AUD PHP,Spot,Forward price of underlying instrument,CASH,Cash,AUD,PHP,USD,,,,,,,,,
1,Foreign_Exchange,Forward,NDF,UPI,QZ8HX4W61L48,New,,2023-11-10 00:44:28,JFTXFC,NA/Fwd NDF AUD IDR,AUD IDR,Spot,Forward price of underlying instrument,CASH,Cash,AUD,IDR,USD,,,,,,,,,
1,Foreign_Exchange,Forward,NDF,UPI,QZDXT2L1QNSN,New,,2023-11-10 01:02:29,JFTXFC,NA/Fwd NDF AUD PHP,AUD PHP,Spot,Forward price of underlying instrument,CASH,Cash,AUD,PHP,PHP,,,,,,,,,
1,Foreign_Exchange,Forward,NDF,UPI,QZVSLLR5CKJZ,New,,2023-11-10 01:15:52,JFTXFC,NA/Fwd NDF AUD IDR,AUD IDR,Spot,Forward price of underlying instrument,CASH,Cash,AUD,IDR,IDR,,,,,,,,,
1,Foreign_Exchange,Forward,NDF,UPI,QZGZJ881C968,New,,2023-11-10 01:18:35,JFTXFC,NA/Fwd NDF AUD TWD,AUD TWD,Spot,Forward price of underlying instrument,CASH,Cash,AUD,TWD,TWD,,,,,,,,,
1,Foreign_Exchange,Forward,NDF,UPI,QZJRC30D6468,New,,2023-11-10 01:42:48,JFTXFC,NA/Fwd NDF USD XPD,USD XPD,Spot,Forward price of underlying instrument,CASH,Cash,USD,XPD,USD,,,,,,,,,
1,Foreign_Exchange,Forward,NDF,UPI,QZ0K46G773SN,New,,2023-11-10 09:16:02,JFTXFC,NA/Fwd NDF EUR KES,EUR KES,Spot,Forward price of underlying instrument,CASH,Cash,EUR,KES,KES,,,,,,,,,
1,Foreign_Exchange,Forward,NDF,UPI,QZGX0S1L5JZJ,New,,2023-11-10 09:22:02,JFTXFC,NA/Fwd NDF EUR KES,EUR KES,Spot,Forward price of underlying instrument,CASH,Cash,EUR,KES,USD,,,,,,,,,
1,Foreign_Exchange,Forward,NDF,UPI,QZTT8JQ10JCB,New,,2023-11-10 09:33:53,JFTXFC,NA/Fwd NDF CHF INR,CHF INR,Spot,Forward price of underlying instrument,CASH,Cash,CHF,INR,USD,,,,,,,,,
1,Foreign_Exchange,Forward,NDF,UPI,QZVTXX7Z055K,New,,2023-11-10 10:17:55,JFTXFC,NA/Fwd NDF EUR KZT,EUR KZT,Spot,Forward price of underlying instrument,CASH,Cash,EUR,KZT,KZT,,,,,,,,,
1,Foreign_Exchange,Forward,NDF,UPI,QZ01L5H8SC8L,New,,2023-11-10 10:17:56,JFTXFC,NA/Fwd NDF EUR KZT,EUR KZT,Spot,Forward price of underlying instrument,CASH,Cash,EUR,KZT,USD,,,,,,,,,
1,Foreign_Exchange,Forward,NDF,UPI,QZGVKC1FXFV5,New,,2023-11-10 10:33:57,JFTXFC,NA/Fwd NDF INR USD,INR USD,Spot,Forward price of underlying instrument,CASH,Cash,INR,USD,GBP,,,,,,,,,
1,Foreign_Exchange,Forward,NDF,UPI,QZC86XWFJT8V,New,,2023-11-10 13:13:22,JFTXFC,NA/Fwd NDF DKK KRW,DKK KRW,Spot,Forward price of underlying instrument,CASH,Cash,DKK,KRW,KRW,,,,,,,,,
1,Foreign_Exchange,Forward,NDF,UPI,QZQ27HG76L06,New,,2023-11-10 13:46:10,JFTXFC,NA/Fwd NDF BRL CNY,BRL CNY,Spot,Forward price of underlying instrument,CASH,Cash,BRL,CNY,CNY,,,,,,,,,
1,Foreign_Exchange,Forward,NDF,UPI,QZ3BHQ83D0HC,New,,2023-11-10 14:22:11,JFTXFC,NA/Fwd NDF CLP USD,CLP USD,Spot,Forward price of underlying instrument,CASH,Cash,CLP,USD,EUR,,,,,,,,,
1,Foreign_Exchange,Forward,NDF,UPI,QZH8JFR2TVRV,New,,2023-11-10 15:16:26,JFTXFC,NA/Fwd NDF KRW USD,KRW USD,Spot,Forward price of underlying instrument,CASH,Cash,KRW,USD,GBP,,,,,,,,,
1,Foreign_Exchange,Forward,NDF,UPI,QZTM22JWRJS4,New,,2023-11-10 16:07:44,JFTXFC,NA/Fwd NDF CHF MYR,CHF MYR,Spot,Forward price of underlying instrument,CASH,Cash,CHF,MYR,MYR,,,,,,,,,
1,Foreign_Exchange,Forward,NDF,UPI,QZST6W4XTSMC,New,,2023-11-11 01:02:57,JFTXFC,NA/Fwd NDF SGD USD,SGD USD,Spot,Forward price of underlying instrument,CASH,Cash,SGD,USD,AUD,,,,,,,,,
1,Foreign_Exchange,Forward,NDF,UPI,QZJ4ZC4WB83V,New,,2023-11-11 01:02:57,JFTXFC,NA/Fwd NDF BIF BMD,BIF BMD,Spot,Forward price of underlying instrument,CASH,Cash,BIF,BMD,BMD,,,,,,,,,
1,Foreign_Exchange,Forward,NDF,UPI,QZXF8L5HZ1GB,New,,2023-11-11 01:02:57,JFTXFC,NA/Fwd NDF BIF BMD,BIF BMD,Spot,Forward price of underlying instrument,CASH,Cash,BIF,BMD,USD,,,,,,,,,
1,Foreign_Exchange,Forward,NDF,UPI,QZ82KQ40JRJD,New,,2023-11-11 01:03:04,JFTXFC,NA/Fwd NDF ARS CZK,ARS CZK,Spot,Forward price of underlying instrument,CASH,Cash,ARS,CZK,DKK,,,,,,,,,
1,Foreign_Exchange,Forward,NDF,UPI,QZVZ5H4JGJWT,New,,2023-11-11 01:14:45,JFTXFC,NA/Fwd NDF CNY USD,CNY USD,Spot,Forward price of underlying instrument,CASH,Cash,CNY,USD,XXX,,,,,,,,,
1,Foreign_Exchange,Forward,NDF,UPI,QZLLN4JJHK2N,New,,2023-11-11 01:38:34,JFTXFC,NA/Fwd NDF AED USD,AED USD,Spot,Forward price of underlying instrument,CASH,Cash,AED,USD,USD,,,,,,,,,
1,Foreign_Exchange,Forward,NDF,UPI,QZPJ1GBZQ3DW,New,,2023-11-11 01:45:41,JFTXFC,NA/Fwd NDF ILS USD,ILS USD,Spot,Forward price of underlying instrument,CASH,Cash,ILS,USD,USD,,,,,,,,,
1,Foreign_Exchange,Forward,NDF,UPI,QZHTTH0JB1KZ,New,,2023-11-11 01:47:13,JFTXFC,NA/Fwd NDF KZT USD,KZT USD,Spot,Forward price of underlying instrument,CASH,Cash,KZT,USD,USD,,,,,,,,,
1,Foreign_Exchange,Forward,NDF,UPI,QZ3WV3462DZ9,New,,2023-11-11 01:54:31,JFTXFC,NA/Fwd NDF THB USD,THB USD,Spot,Forward price of underlying instrument,CASH,Cash,THB,USD,USD,,,,,,,,,
1,Foreign_Exchange,Forward,NDF,UPI,QZ25SH6V2NV1,New,,2023-11-11 02:10:33,JFTXFC,NA/Fwd NDF HKD MYR,HKD MYR,Spot,Forward price of underlying instrument,CASH,Cash,HKD,MYR,MYR,,,,,,,,,
1,Foreign_Exchange,Forward,NDF,UPI,QZ6XZ55VJS64,New,,2023-11-11 02:43:52,JFTXFC,NA/Fwd NDF GBP PHP,GBP PHP,Spot,Forward price of underlying instrument,CASH,Cash,GBP,PHP,EUR,,,,,,,,,
1,Foreign_Exchange,Forward,NDF,UPI,QZ41VMPRJ37J,New,,2023-11-11 02:43:52,JFTXFC,NA/Fwd NDF BRL CAD,BRL CAD,Spot,Forward price of underlying instrument,CASH,Cash,BRL,CAD,EUR,,,,,,,,,
1,Foreign_Exchange,Forward,NDF,UPI,QZ9JLZJK69KV,New,,2023-11-11 02:43:52,JFTXFC,NA/Fwd NDF GBP MYR,GBP MYR,Spot,Forward price of underlying instrument,CASH,Cash,GBP,MYR,USD,,,,,,,,,
1,Foreign_Exchange,Forward,NDF,UPI,QZ529DC30RRX,New,,2023-11-11 02:43:52,JFTXFC,NA/Fwd NDF GBP PHP,GBP PHP,Spot,Forward price of underlying instrument,CASH,Cash,GBP,PHP,USD,,,,,,,,,
1,Foreign_Exchange,Forward,NDF,UPI,QZJDCVS99M1D,New,,2023-11-11 02:43:52,JFTXFC,NA/Fwd NDF CRC GBP,CRC GBP,Spot,Forward price of underlying instrument,CASH,Cash,CRC,GBP,USD,,,,,,,,,
1,Foreign_Exchange,Forward,NDF,UPI,QZRFR5RPFKW3,New,,2023-11-11 02:43:52,JFTXFC,NA/Fwd NDF CAD CLP,CAD CLP,Spot,Forward price of underlying instrument,CASH,Cash,CAD,CLP,USD,,,,,,,,,
1,Foreign_Exchange,Forward,NDF,UPI,QZSV78VRWHCQ,New,,2023-11-11 02:43:52,JFTXFC,NA/Fwd NDF EGP GBP,EGP GBP,Spot,Forward price of underlying instrument,CASH,Cash,EGP,GBP,USD,,,,,,,,,
1,Foreign_Exchange,Forward,NDF,UPI,QZR8M9L5283X,New,,2023-11-11 02:43:52,JFTXFC,NA/Fwd NDF ARS CAD,ARS CAD,Spot,Forward price of underlying instrument,CASH,Cash,ARS,CAD,USD,,,,,,,,,
1,Foreign_Exchange,Forward,NDF,UPI,QZHN5HS479QC,New,,2023-11-11 02:43:53,JFTXFC,NA/Fwd NDF CNY INR,CNY INR,Spot,Forward price of underlying instrument,CASH,Cash,CNY,INR,EUR,,,,,,,,,
1,Foreign_Exchange,Forward,NDF,UPI,QZWS52B475XN,New,,2023-11-11 02:43:53,JFTXFC,NA/Fwd NDF GBP MYR,GBP MYR,Spot,Forward price of underlying instrument,CASH,Cash,GBP,MYR,EUR,,,,,,,,,
1,Foreign_Exchange,Forward,NDF,UPI,QZHL8T40C20J,New,,2023-11-11 02:43:53,JFTXFC,NA/Fwd NDF EGP GBP,EGP GBP,Spot,Forward price of underlying instrument,CASH,Cash,EGP,GBP,EUR,,,,,,,,,
1,Foreign_Exchange,Forward,NDF,UPI,QZ8WK8L9BT58,New,,2023-11-11 02:43:53,JFTXFC,NA/Fwd NDF CRC GBP,CRC GBP,Spot,Forward price of underlying instrument,CASH,Cash,CRC,GBP,EUR,,,,,,,,,
1,Foreign_Exchange,Forward,NDF,UPI,QZ1L6Z3HR36M,New,,2023-11-11 02:43:53,JFTXFC,NA/Fwd NDF ARS CAD,ARS CAD,Spot,Forward price of underlying instrument,CASH,Cash,ARS,CAD,EUR,,,,,,,,,
1,Foreign_Exchange,Forward,NDF,UPI,QZPJFHJ7PL67,New,,2023-11-11 02:43:53,JFTXFC,NA/Fwd NDF CNY GBP,CNY GBP,Spot,Forward price of underlying instrument,CASH,Cash,CNY,GBP,EUR,,,,,,,,,
1,Foreign_Exchange,Forward,NDF,UPI,QZ57V8SHKB4Z,New,,2023-11-11 02:43:53,JFTXFC,NA/Fwd NDF COP USD,COP USD,Spot,Forward price of underlying instrument,CASH,Cash,COP,USD,EUR,,,,,,,,,
1,Foreign_Exchange,Forward,NDF,UPI,QZBNT4SRT1FH,New,,2023-11-11 02:43:53,JFTXFC,NA/Fwd NDF CAD CLP,CAD CLP,Spot,Forward price of underlying instrument,CASH,Cash,CAD,CLP,EUR,,,,,,,,,
1,Foreign_Exchange,Forward,NDF,UPI,QZL1NNKHWCM7,New,,2023-11-11 02:54:58,JFTXFC,NA/Fwd NDF ARS CHF,ARS CHF,Spot,Forward price of underlying instrument,CASH,Cash,ARS,CHF,CHF,,,,,,,,,
1,Foreign_Exchange,Forward,NDF,UPI,QZ90ZQ3KB3H8,New,,2023-11-11 03:00:35,JFTXFC,NA/Fwd NDF CZK TWD,CZK TWD,Spot,Forward price of underlying instrument,CASH,Cash,CZK,TWD,CZK,,,,,,,,,
1,Foreign_Exchange,Forward,NDF,UPI,QZSH9831K6D9,New,,2023-11-11 03:02:46,JFTXFC,NA/Fwd NDF EUR USD,EUR USD,Spot,Forward price of underlying instrument,CASH,Cash,EUR,USD,BRL,,,,,,,,,
1,Foreign_Exchange,Forward,NDF,UPI,QZ7N5BJBPWBD,New,,2023-11-11 03:17:30,JFTXFC,NA/Fwd NDF AZN USD,AZN USD,Spot,Forward price of underlying instrument,CASH,Cash,AZN,USD,USD,,,,,,,,,
1,Foreign_Exchange,Forward,NDF,UPI,QZWHDG1QJMFZ,New,,2023-11-11 03:19:36,JFTXFC,NA/Fwd NDF EUR JPY,EUR JPY,Spot,Forward price of underlying instrument,CASH,Cash,EUR,JPY,USD,,,,,,,,,
1,Foreign_Exchange,Forward,NDF,UPI,QZHFL2R0R6ZM,New,,2023-11-11 04:22:59,JFTXFC,NA/Fwd NDF CHF EUR,CHF EUR,Spot,Forward price of underlying instrument,CASH,Cash,CHF,EUR,USD,,,,,,,,,
1,Foreign_Exchange,Forward,NDF,UPI,QZPWR4M9W3ZC,New,,2023-11-11 05:17:43,JFTXFC,NA/Fwd NDF ETB USD,ETB USD,Spot,Forward price of underlying instrument,CASH,Cash,ETB,USD,USD,,,,,,,,,
1,Foreign_Exchange,Forward,NDF,UPI,QZH0JTD7G2LB,New,,2023-11-11 05:22:32,JFTXFC,NA/Fwd NDF EUR MYR,EUR MYR,Spot,Forward price of underlying instrument,CASH,Cash,EUR,MYR,USD,,,,,,,,,
1,Foreign_Exchange,Forward,NDF,UPI,QZ1449DZ8DCN,New,,2023-11-11 05:37:36,JFTXFC,NA/Fwd NDF EUR GBP,EUR GBP,Spot,Forward price of underlying instrument,CASH,Cash,EUR,GBP,USD,,,,,,,,,
1,Foreign_Exchange,Forward,NDF,UPI,QZD3FG6J6JS5,New,,2023-11-11 05:45:21,JFTXFC,NA/Fwd NDF MYR SGD,MYR SGD,Spot,Forward price of underlying instrument,CASH,Cash,MYR,SGD,USD,,,,,,,,,
1,Foreign_Exchange,Forward,NDF,UPI,QZKF3PFWVBK6,New,,2023-11-11 05:45:24,JFTXFC,NA/Fwd NDF EUR USD,EUR USD,Spot,Forward price of underlying instrument,CASH,Cash,EUR,USD,JMD,,,,,,,,,
1,Foreign_Exchange,Forward,NDF,UPI,QZ2SMSDJCM6Q,New,,2023-11-11 05:48:01,JFTXFC,NA/Fwd NDF TZS USD,TZS USD,Spot,Forward price of underlying instrument,CASH,Cash,TZS,USD,TZS,,,,,,,,,
1,Foreign_Exchange,Forward,NDF,UPI,QZN64WHST4BD,New,,2023-11-11 05:48:02,JFTXFC,NA/Fwd NDF EUR NGN,EUR NGN,Spot,Forward price of underlying instrument,CASH,Cash,EUR,NGN,NGN,,,,,,,,,
1,Foreign_Exchange,Forward,NDF,UPI,QZ9ZCVVC0TBK,New,,2023-11-11 06:00:27,JFTXFC,NA/Fwd NDF CNY MXN,CNY MXN,Spot,Forward price of underlying instrument,CASH,Cash,CNY,MXN,USD,,,,,,,,,
1,Foreign_Exchange,Forward,NDF,UPI,QZWFX1LKK7TC,New,,2023-11-11 06:20:54,JFTXFC,NA/Fwd NDF PLN UAH,PLN UAH,Spot,Forward price of underlying instrument,CASH,Cash,PLN,UAH,PLN,,,,,,,,,
1,Foreign_Exchange,Forward,NDF,UPI,QZFQPC42HMKB,New,,2023-11-11 06:23:36,JFTXFC,NA/Fwd NDF INR PLN,INR PLN,Spot,Forward price of underlying instrument,CASH,Cash,INR,PLN,USD,,,,,,,,,
1,Foreign_Exchange,Forward,NDF,UPI,QZS0L687776V,New,,2023-11-11 06:23:36,JFTXFC,NA/Fwd NDF INR PLN,INR PLN,Spot,Forward price of underlying instrument,CASH,Cash,INR,PLN,INR,,,,,,,,,
1,Foreign_Exchange,Forward,NDF,UPI,QZNJSH9TB4PZ,New,,2023-11-11 06:23:37,JFTXFC,NA/Fwd NDF THB TWD,THB TWD,Spot,Forward price of underlying instrument,CASH,Cash,THB,TWD,THB,,,,,,,,,
1,Foreign_Exchange,Forward,NDF,UPI,QZQH2V9HTMSK,New,,2023-11-11 06:23:42,JFTXFC,NA/Fwd NDF EUR GHS,EUR GHS,Spot,Forward price of underlying instrument,CASH,Cash,EUR,GHS,GHS,,,,,,,,,
1,Foreign_Exchange,Forward,NDF,UPI,QZ296JF83ZBG,New,,2023-11-11 06:51:28,JFTXFC,NA/Fwd NDF CLF CLP,CLF CLP,Spot,Forward price of underlying instrument,CASH,Cash,CLF,CLP,CLF,,,,,,,,,
1,Foreign_Exchange,Forward,NDF,UPI,QZF3739TKTQD,New,,2023-11-11 06:51:35,JFTXFC,NA/Fwd NDF CLF EUR,CLF EUR,Spot,Forward price of underlying instrument,CASH,Cash,CLF,EUR,EUR,,,,,,,,,
1,Foreign_Exchange,Forward,NDF,UPI,QZ7C84Z1DWMR,New,,2023-11-11 06:54:33,JFTXFC,NA/Fwd NDF CAD EUR,CAD EUR,Spot,Forward price of underlying instrument,CASH,Cash,CAD,EUR,USD,,,,,,,,,
1,Foreign_Exchange,Forward,NDF,UPI,QZQFRQNFJ66N,New,,2023-11-11 07:03:37,JFTXFC,NA/Fwd NDF ARS EUR,ARS EUR,Spot,Forward price of underlying instrument,CASH,Cash,ARS,EUR,ARS,,,,,,,,,
1,Foreign_Exchange,Forward,NDF,UPI,QZ907D615ZZ0,New,,2023-11-11 07:06:40,JFTXFC,NA/Fwd NDF CNY SAR,CNY SAR,Spot,Forward price of underlying instrument,CASH,Cash,CNY,SAR,CNY,,,,,,,,,
1,Foreign_Exchange,Forward,NDF,UPI,QZLKRS5RVCWQ,New,,2023-11-11 07:18:28,JFTXFC,NA/Fwd NDF KRW TWD,KRW TWD,Spot,Forward price of underlying instrument,CASH,Cash,KRW,TWD,KRW,,,,,,,,,
1,Foreign_Exchange,Forward,NDF,UPI,QZBC33G4JQ2D,New,,2023-11-11 07:30:11,JFTXFC,NA/Fwd NDF INR VND,INR VND,Spot,Forward price of underlying instrument,CASH,Cash,INR,VND,USD,,,,,,,,,
1,Foreign_Exchange,Forward,NDF,UPI,QZD8B0GCD2ZM,New,,2023-11-11 07:35:53,JFTXFC,NA/Fwd NDF BWP USD,BWP USD,Spot,Forward price of underlying instrument,CASH,Cash,BWP,USD,USD,,,,,,,,,
1,Foreign_Exchange,Forward,NDF,UPI,QZXKM9GSJGZV,New,,2023-11-11 07:35:53,JFTXFC,NA/Fwd NDF BWP EUR,BWP EUR,Spot,Forward price of underlying instrument,CASH,Cash,BWP,EUR,EUR,,,,,,,,,
1,Foreign_Exchange,Forward,NDF,UPI,QZQMR6FJ0C20,New,,2023-11-11 07:38:53,JFTXFC,NA/Fwd NDF EUR XAU,EUR XAU,Spot,Forward price of underlying instrument,CASH,Cash,EUR,XAU,EUR,,,,,,,,,
1,Foreign_Exchange,Forward,NDF,UPI,QZMT6K5H74T1,New,,2023-11-11 07:39:10,JFTXFC,NA/Fwd NDF DKK TWD,DKK TWD,Spot,Forward price of underlying instrument,CASH,Cash,DKK,TWD,TWD,,,,,,,,,
1,Foreign_Exchange,Forward,NDF,UPI,QZQMLJW0CC5K,New,,2023-11-11 07:45:21,JFTXFC,NA/Fwd NDF GBP UAH,GBP UAH,Spot,Forward price of underlying instrument,CASH,Cash,GBP,UAH,UAH,,,,,,,,,
1,Foreign_Exchange,Forward,NDF,UPI,QZHF2F65QBLF,New,,2023-11-11 07:48:36,JFTXFC,NA/Fwd NDF IDR SEK,IDR SEK,Spot,Forward price of underlying instrument,CASH,Cash,IDR,SEK,IDR,,,,,,,,,
1,Foreign_Exchange,Forward,NDF,UPI,QZ9B6XD6S0R0,New,,2023-11-11 07:57:33,JFTXFC,NA/Fwd NDF GTQ JPY,GTQ JPY,Spot,Forward price of underlying instrument,CASH,Cash,GTQ,JPY,SAR,,,,,,,,,
1,Foreign_Exchange,Forward,NDF,UPI,QZ9WKL103CPX,New,,2023-11-11 08:21:14,JFTXFC,NA/Fwd NDF ARS RUB,ARS RUB,Spot,Forward price of underlying instrument,CASH,Cash,ARS,RUB,RUB,,,,,,,,,
1,Foreign_Exchange,Forward,NDF,UPI,QZV5TXH8M586,New,,2023-11-11 08:28:40,JFTXFC,NA/Fwd NDF INR SEK,INR SEK,Spot,Forward price of underlying instrument,CASH,Cash,INR,SEK,INR,,,,,,,,,
1,Foreign_Exchange,Forward,NDF,UPI,QZRZ1HTRBTJ6,New,,2023-11-11 08:31:44,JFTXFC,NA/Fwd NDF AOA EUR,AOA EUR,Spot,Forward price of underlying instrument,CASH,Cash,AOA,EUR,AOA,,,,,,,,,
1,Foreign_Exchange,Forward,NDF,UPI,QZ31N4C585Z8,New,,2023-11-11 08:34:51,JFTXFC,NA/Fwd NDF COP GBP,COP GBP,Spot,Forward price of underlying instrument,CASH,Cash,COP,GBP,COP,,,,,,,,,
1,Foreign_Exchange,Forward,NDF,UPI,QZ2095D8X8TC,New,,2023-11-11 08:35:00,JFTXFC,NA/Fwd NDF DKK RON,DKK RON,Spot,Forward price of underlying instrument,CASH,Cash,DKK,RON,DKK,,,,,,,,,
1,Foreign_Exchange,Forward,NDF,UPI,QZF1PC5R5HMX,New,,2023-11-11 08:38:20,JFTXFC,NA/Fwd NDF CHF RUB,CHF RUB,Spot,Forward price of underlying instrument,CASH,Cash,CHF,RUB,CHF,,,,,,,,,
1,Foreign_Exchange,Forward,NDF,UPI,QZTVXLB9TW7M,New,,2023-11-11 08:46:59,JFTXFC,NA/Fwd NDF INR SEK,INR SEK,Spot,Forward price of underlying instrument,CASH,Cash,INR,SEK,USD,,,,,,,,,
1,Foreign_Exchange,Forward,NDF,UPI,QZ80QFVMLNNN,New,,2023-11-11 08:50:07,JFTXFC,NA/Fwd NDF BRL CAD,BRL CAD,Spot,Forward price of underlying instrument,CASH,Cash,BRL,CAD,BRL,,,,,,,,,
1,Foreign_Exchange,Forward,NDF,UPI,QZ19N05X2TD8,New,,2023-11-11 08:53:12,JFTXFC,NA/Fwd NDF SGD TWD,SGD TWD,Spot,Forward price of underlying instrument,CASH,Cash,SGD,TWD,USD,,,,,,,,,
1,Foreign_Exchange,Forward,NDF,UPI,QZ9H4RNB1QK9,New,,2023-11-11 08:54:22,JFTXFC,NA/Fwd NDF CAD INR,CAD INR,Spot,Forward price of underlying instrument,CASH,Cash,CAD,INR,USD,,,,,,,,,
1,Foreign_Exchange,Forward,NDF,UPI,QZZX76MXSX53,New,,2023-11-11 08:54:40,JFTXFC,NA/Fwd NDF GBP PHP,GBP PHP,Spot,Forward price of underlying instrument,CASH,Cash,GBP,PHP,PHP,,,,,,,,,
1,Foreign_Exchange,Forward,NDF,UPI,QZV1G0XXZBKG,New,,2023-11-11 08:55:17,JFTXFC,NA/Fwd NDF HKD TWD,HKD TWD,Spot,Forward price of underlying instrument,CASH,Cash,HKD,TWD,USD,,,,,,,,,
1,Foreign_Exchange,Forward,NDF,UPI,QZ12G91LPNSC,New,,2023-11-11 08:56:10,JFTXFC,NA/Fwd NDF EUR PLN,EUR PLN,Spot,Forward price of underlying instrument,CASH,Cash,EUR,PLN,USD,,,,,,,,,
1,Foreign_Exchange,Forward,NDF,UPI,QZLCVMCKH84T,New,,2023-11-11 08:56:30,JFTXFC,NA/Fwd NDF SGD VND,SGD VND,Spot,Forward price of underlying instrument,CASH,Cash,SGD,VND,SGD,,,,,,,,,
1,Foreign_Exchange,Forward,NDF,UPI,QZ9F1F4V7WT8,New,,2023-11-11 08:56:41,JFTXFC,NA/Fwd NDF HKD TWD,HKD TWD,Spot,Forward price of underlying instrument,CASH,Cash,HKD,TWD,TWD,,,,,,,,,
1,Foreign_Exchange,Forward,NDF,UPI,QZ9L9NGKC68N,New,,2023-11-11 08:57:01,JFTXFC,NA/Fwd NDF EUR PHP,EUR PHP,Spot,Forward price of underlying instrument,CASH,Cash,EUR,PHP,USD,,,,,,,,,
1,Foreign_Exchange,Forward,NDF,UPI,QZBRPPVFD4H6,New,,2023-11-11 08:57:33,JFTXFC,NA/Fwd NDF INR NZD,INR NZD,Spot,Forward price of underlying instrument,CASH,Cash,INR,NZD,NZD,,,,,,,,,
1,Foreign_Exchange,Forward,NDF,UPI,QZ9HCBTXD778,New,,2023-11-11 08:58:13,JFTXFC,NA/Fwd NDF USD ZMW,USD ZMW,Spot,Forward price of underlying instrument,CASH,Cash,USD,ZMW,ZMW,,,,,,,,,
1,Foreign_Exchange,Forward,NDF,UPI,QZQ23NKB3FHB,New,,2023-11-11 09:02:09,JFTXFC,NA/Fwd NDF BRL CNY,BRL CNY,Spot,Forward price of underlying instrument,CASH,Cash,BRL,CNY,USD,,,,,,,,,
1,Foreign_Exchange,Forward,NDF,UPI,QZ59XR4SFWH6,New,,2023-11-11 09:02:34,JFTXFC,NA/Fwd NDF MYR NZD,MYR NZD,Spot,Forward price of underlying instrument,CASH,Cash,MYR,NZD,USD,,,,,,,,,
1,Foreign_Exchange,Forward,NDF,UPI,QZHRT64HF0B9,New,,2023-11-11 09:03:18,JFTXFC,NA/Fwd NDF EUR UAH,EUR UAH,Spot,Forward price of underlying instrument,CASH,Cash,EUR,UAH,UAH,,,,,,,,,
1,Foreign_Exchange,Forward,NDF,UPI,QZ66X474BCQZ,New,,2023-11-11 09:03:37,JFTXFC,NA/Fwd NDF BRL INR,BRL INR,Spot,Forward price of underlying instrument,CASH,Cash,BRL,INR,BRL,,,,,,,,,
1,Foreign_Exchange,Forward,NDF,UPI,QZSKBF6FD9TZ,New,,2023-11-11 09:06:03,JFTXFC,NA/Fwd NDF CNY PHP,CNY PHP,Spot,Forward price of underlying instrument,CASH,Cash,CNY,PHP,USD,,,,,,,,,
1,Foreign_Exchange,Forward,NDF,UPI,QZB10BJ75BL4,New,,2023-11-11 09:08:00,JFTXFC,NA/Fwd NDF TWD USD,TWD USD,Spot,Forward price of underlying instrument,CASH,Cash,TWD,USD,GBP,,,,,,,,,
1,Foreign_Exchange,Forward,NDF,UPI,QZKM5N31QC22,New,,2023-11-11 09:08:21,JFTXFC,NA/Fwd NDF DKK MYR,DKK MYR,Spot,Forward price of underlying instrument,CASH,Cash,DKK,MYR,USD,,,,,,,,,
1,Foreign_Exchange,Forward,NDF,UPI,QZWG40QDG87P,New,,2023-11-11 09:09:04,JFTXFC,NA/Fwd NDF AZN USD,AZN USD,Spot,Forward price of underlying instrument,CASH,Cash,AZN,USD,AZN,,,,,,,,,
1,Foreign_Exchange,Forward,NDF,UPI,QZFFQHZGH590,New,,2023-11-11 09:09:11,JFTXFC,NA/Fwd NDF INR USD,INR USD,Spot,Forward price of underlying instrument,CASH,Cash,INR,USD,SGD,,,,,,,,,
1,Foreign_Exchange,Forward,NDF,UPI,QZPBDQTW9RRD,New,,2023-11-11 09:09:32,JFTXFC,NA/Fwd NDF LKR USD,LKR USD,Spot,Forward price of underlying instrument,CASH,Cash,LKR,USD,LKR,,,,,,,,,
1,Foreign_Exchange,Forward,NDF,UPI,QZBHCXSGCD31,New,,2023-11-11 09:09:33,JFTXFC,NA/Fwd NDF GBP KZT,GBP KZT,Spot,Forward price of underlying instrument,CASH,Cash,GBP,KZT,KZT,,,,,,,,,
1,Foreign_Exchange,Forward,NDF,UPI,QZ9JG34MM4NV,New,,2023-11-11 09:09:37,JFTXFC,NA/Fwd NDF GBP KZT,GBP KZT,Spot,Forward price of underlying instrument,CASH,Cash,GBP,KZT,USD,,,,,,,,,
1,Foreign_Exchange,Forward,NDF,UPI,QZBV545QZ2L9,New,,2023-11-11 09:10:07,JFTXFC,NA/Fwd NDF INR TWD,INR TWD,Spot,Forward price of underlying instrument,CASH,Cash,INR,TWD,USD,,,,,,,,,
1,Foreign_Exchange,Forward,NDF,UPI,QZC8L2ZZWGN4,New,,2023-11-11 09:10:12,JFTXFC,NA/Fwd NDF EUR RSD,EUR RSD,Spot,Forward price of underlying instrument,CASH,Cash,EUR,RSD,RSD,,,,,,,,,
1,Foreign_Exchange,Forward,NDF,UPI,QZ0R3HZ9BCQJ,New,,2023-11-11 09:10:27,JFTXFC,NA/Fwd NDF EUR GHS,EUR GHS,Spot,Forward price of underlying instrument,CASH,Cash,EUR,GHS,USD,,,,,,,,,
1,Foreign_Exchange,Forward,NDF,UPI,QZS6J77B37CP,New,,2023-11-11 09:10:39,JFTXFC,NA/Fwd NDF PYG USD,PYG USD,Spot,Forward price of underlying instrument,CASH,Cash,PYG,USD,USD,,,,,,,,,
1,Foreign_Exchange,Forward,NDF,UPI,QZLTVB6VDG5C,New,,2023-11-11 09:10:44,JFTXFC,NA/Fwd NDF DOP EUR,DOP EUR,Spot,Forward price of underlying instrument,CASH,Cash,DOP,EUR,EUR,,,,,,,,,
1,Foreign_Exchange,Forward,NDF,UPI,QZDX4NTFHRR3,New,,2023-11-11 09:10:46,JFTXFC,NA/Fwd NDF EUR MXN,EUR MXN,Spot,Forward price of underlying instrument,CASH,Cash,EUR,MXN,MXN,,,,,,,,,
1,Foreign_Exchange,Forward,NDF,UPI,QZVLRDD8BLP5,New,,2023-11-11 09:10:48,JFTXFC,NA/Fwd NDF BRL CLP,BRL CLP,Spot,Forward price of underlying instrument,CASH,Cash,BRL,CLP,CLP,,,,,,,,,
1,Foreign_Exchange,Forward,NDF,UPI,QZPW36VQ9M8C,New,,2023-11-11 09:11:16,JFTXFC,NA/Fwd NDF SGD VND,SGD VND,Spot,Forward price of underlying instrument,CASH,Cash,SGD,VND,VND,,,,,,,,,
1,Foreign_Exchange,Forward,NDF,UPI,QZ266C2RVJR0,New,,2023-11-11 09:11:23,JFTXFC,NA/Fwd NDF EUR PKR,EUR PKR,Spot,Forward price of underlying instrument,CASH,Cash,EUR,PKR,PKR,,,,,,,,,
1,Foreign_Exchange,Forward,NDF,UPI,QZCQR4G0JZM7,New,,2023-11-11 09:11:23,JFTXFC,NA/Fwd NDF EUR PKR,EUR PKR,Spot,Forward price of underlying instrument,CASH,Cash,EUR,PKR,EUR,,,,,,,,,
1,Foreign_Exchange,Forward,NDF,UPI,QZ8LF98WBF89,New,,2023-11-11 09:11:27,JFTXFC,NA/Fwd NDF NZD PHP,NZD PHP,Spot,Forward price of underlying instrument,CASH,Cash,NZD,PHP,NZD,,,,,,,,,
1,Foreign_Exchange,Forward,NDF,UPI,QZ1357J2B801,New,,2023-11-11 09:11:27,JFTXFC,NA/Fwd NDF PHP SGD,PHP SGD,Spot,Forward price of underlying instrument,CASH,Cash,PHP,SGD,USD,,,,,,,,,
1,Foreign_Exchange,Forward,NDF,UPI,QZH208HJ060S,New,,2023-11-11 09:12:10,JFTXFC,NA/Fwd NDF COP SEK,COP SEK,Spot,Forward price of underlying instrument,CASH,Cash,COP,SEK,COP,,,,,,,,,
1,Foreign_Exchange,Forward,NDF,UPI,QZF3V4P1RK55,New,,2023-11-11 09:12:15,JFTXFC,NA/Fwd NDF HKD KRW,HKD KRW,Spot,Forward price of underlying instrument,CASH,Cash,HKD,KRW,USD,,,,,,,,,
1,Foreign_Exchange,Forward,NDF,UPI,QZLRQ62QZ1FP,New,,2023-11-11 09:12:16,JFTXFC,NA/Fwd NDF HKD KRW,HKD KRW,Spot,Forward price of underlying instrument,CASH,Cash,HKD,KRW,KRW,,,,,,,,,
1,Foreign_Exchange,Forward,NDF,UPI,QZS441PMQZS5,New,,2023-11-11 09:13:12,JFTXFC,NA/Fwd NDF BRL SEK,BRL SEK,Spot,Forward price of underlying instrument,CASH,Cash,BRL,SEK,USD,,,,,,,,,
1,Foreign_Exchange,Forward,NDF,UPI,QZWPC7S0XGFP,New,,2023-11-11 09:13:15,JFTXFC,NA/Fwd NDF JPY PHP,JPY PHP,Spot,Forward price of underlying instrument,CASH,Cash,JPY,PHP,PHP,,,,,,,,,
1,Foreign_Exchange,Forward,NDF,UPI,QZ7FWB3FPM9X,New,,2023-11-11 09:13:17,JFTXFC,NA/Fwd NDF BRL CHF,BRL CHF,Spot,Forward price of underlying instrument,CASH,Cash,BRL,CHF,USD,,,,,,,,,
1,Foreign_Exchange,Forward,NDF,UPI,QZ9LCCZBMFP0,New,,2023-11-11 09:13:53,JFTXFC,NA/Fwd NDF CNY PLN,CNY PLN,Spot,Forward price of underlying instrument,CASH,Cash,CNY,PLN,USD,,,,,,,,,
1,Foreign_Exchange,Forward,NDF,UPI,QZD46B8CH052,New,,2023-11-11 09:13:59,JFTXFC,NA/Fwd NDF JMD USD,JMD USD,Spot,Forward price of underlying instrument,CASH,Cash,JMD,USD,USD,,,,,,,,,
1,Foreign_Exchange,Forward,NDF,UPI,QZ8BB34X0QT1,New,,2023-11-11 09:14:15,JFTXFC,NA/Fwd NDF XAU ZAR,XAU ZAR,Spot,Forward price of underlying instrument,CASH,Cash,XAU,ZAR,ZAR,,,,,,,,,
1,Foreign_Exchange,Forward,NDF,UPI,QZCMG019KBGH,New,,2023-11-11 09:14:59,JFTXFC,NA/Fwd NDF INR MXN,INR MXN,Spot,Forward price of underlying instrument,CASH,Cash,INR,MXN,USD,,,,,,,,,
1,Foreign_Exchange,Forward,NDF,UPI,QZNCP82R80V4,New,,2023-11-11 09:14:59,JFTXFC,NA/Fwd NDF INR MXN,INR MXN,Spot,Forward price of underlying instrument,CASH,Cash,INR,MXN,INR,,,,,,,,,
1,Foreign_Exchange,Forward,NDF,UPI,QZVBHS5KHJCQ,New,,2023-11-11 09:15:02,JFTXFC,NA/Fwd NDF EUR SEK,EUR SEK,Spot,Forward price of underlying instrument,CASH,Cash,EUR,SEK,USD,,,,,,,,,
1,Foreign_Exchange,Forward,NDF,UPI,QZ9VD4BB3F59,New,,2023-11-11 09:15:31,JFTXFC,NA/Fwd NDF MZN ZAR,MZN ZAR,Spot,Forward price of underlying instrument,CASH,Cash,MZN,ZAR,ZAR,,,,,,,,,
1,Foreign_Exchange,Forward,NDF,UPI,QZ1QD06JL3ZP,New,,2023-11-11 09:15:31,JFTXFC,NA/Fwd NDF GBP USD,GBP USD,Spot,Forward price of underlying instrument,CASH,Cash,GBP,USD,BRL,,,,,,,,,
1,Foreign_Exchange,Forward,NDF,UPI,QZ8ZBXS6BQLJ,New,,2023-11-11 09:15:42,JFTXFC,NA/Fwd NDF EUR NOK,EUR NOK,Spot,Forward price of underlying instrument,CASH,Cash,EUR,NOK,USD,,,,,,,,,
1,Foreign_Exchange,Forward,NDF,UPI,QZN41P02NTM0,New,,2023-11-11 09:15:47,JFTXFC,NA/Fwd NDF DKK EUR,DKK EUR,Spot,Forward price of underlying instrument,CASH,Cash,DKK,EUR,USD,,,,,,,,,
1,Foreign_Exchange,Forward,NDF,UPI,QZL644H64SN6,New,,2023-11-11 09:16:14,JFTXFC,NA/Fwd NDF CZK INR,CZK INR,Spot,Forward price of underlying instrument,CASH,Cash,CZK,INR,CZK,,,,,,,,,
1,Foreign_Exchange,Forward,NDF,UPI,QZSMH4LHJGKV,New,,2023-11-11 09:16:57,JFTXFC,NA/Fwd NDF CHF IDR,CHF IDR,Spot,Forward price of underlying instrument,CASH,Cash,CHF,IDR,USD,,,,,,,,,
1,Foreign_Exchange,Forward,NDF,UPI,QZR8HBWZRL81,New,,2023-11-11 09:17:12,JFTXFC,NA/Fwd NDF GBP NGN,GBP NGN,Spot,Forward price of underlying instrument,CASH,Cash,GBP,NGN,NGN,,,,,,,,,
1,Foreign_Exchange,Forward,NDF,UPI,QZG84R2FXMGK,New,,2023-11-11 09:17:44,JFTXFC,NA/Fwd NDF KRW TWD,KRW TWD,Spot,Forward price of underlying instrument,CASH,Cash,KRW,TWD,TWD,,,,,,,,,
1,Foreign_Exchange,Forward,NDF,UPI,QZDVTBJJJJP7,New,,2023-11-11 09:18:27,JFTXFC,NA/Fwd NDF CLF USD,CLF USD,Spot,Forward price of underlying instrument,CASH,Cash,CLF,USD,CLF,,,,,,,,,
1,Foreign_Exchange,Forward,NDF,UPI,QZGTWHHGLN5F,New,,2023-11-11 09:18:35,JFTXFC,NA/Fwd NDF EUR ZMW,EUR ZMW,Spot,Forward price of underlying instrument,CASH,Cash,EUR,ZMW,EUR,,,,,,,,,
1,Foreign_Exchange,Forward,NDF,UPI,QZR7KSSRGKG6,New,,2023-11-11 09:19:15,JFTXFC,NA/Fwd NDF GHS JPY,GHS JPY,Spot,Forward price of underlying instrument,CASH,Cash,GHS,JPY,JPY,,,,,,,,,
1,Foreign_Exchange,Forward,NDF,UPI,QZMVFGDV20D2,New,,2023-11-11 09:19:31,JFTXFC,NA/Fwd NDF IDR USD,IDR USD,Spot,Forward price of underlying instrument,CASH,Cash,IDR,USD,EUR,,,,,,,,,
1,Foreign_Exchange,Forward,NDF,UPI,QZFCLTKHPDNG,New,,2023-11-11 09:19:56,JFTXFC,NA/Fwd NDF PYG USD,PYG USD,Spot,Forward price of underlying instrument,CASH,Cash,PYG,USD,PYG,,,,,,,,,
1,Foreign_Exchange,Forward,NDF,UPI,QZQ37XNNF4T6,New,,2023-11-11 09:19:59,JFTXFC,NA/Fwd NDF BRL MYR,BRL MYR,Spot,Forward price of underlying instrument,CASH,Cash,BRL,MYR,MYR,,,,,,,,,
1,Foreign_Exchange,Forward,NDF,UPI,QZT3BLCXPL46,New,,2023-11-11 09:20:30,JFTXFC,NA/Fwd NDF CHF VND,CHF VND,Spot,Forward price of underlying instrument,CASH,Cash,CHF,VND,CHF,,,,,,,,,
1,Foreign_Exchange,Forward,NDF,UPI,QZL5J8PWDCD6,New,,2023-11-11 09:20:39,JFTXFC,NA/Fwd NDF EUR UGX,EUR UGX,Spot,Forward price of underlying instrument,CASH,Cash,EUR,UGX,UGX,,,,,,,,,
1,Foreign_Exchange,Forward,NDF,UPI,QZZ60K2Q6NRP,New,,2023-11-11 09:20:52,JFTXFC,NA/Fwd NDF CHF CLP,CHF CLP,Spot,Forward price of underlying instrument,CASH,Cash,CHF,CLP,USD,,,,,,,,,
1,Foreign_Exchange,Forward,NDF,UPI,QZDP4FSH3WBK,New,,2023-11-11 09:22:15,JFTXFC,NA/Fwd NDF CHF EGP,CHF EGP,Spot,Forward price of underlying instrument,CASH,Cash,CHF,EGP,CHF,,,,,,,,,
1,Foreign_Exchange,Forward,NDF,UPI,QZN48QBH2JGX,New,,2023-11-11 09:22:52,JFTXFC,NA/Fwd NDF DKK KRW,DKK KRW,Spot,Forward price of underlying instrument,CASH,Cash,DKK,KRW,USD,,,,,,,,,
1,Foreign_Exchange,Forward,NDF,UPI,QZ2T2K5QFF5Z,New,,2023-11-11 09:23:03,JFTXFC,NA/Fwd NDF DOP EUR,DOP EUR,Spot,Forward price of underlying instrument,CASH,Cash,DOP,EUR,USD,,,,,,,,,
1,Foreign_Exchange,Forward,NDF,UPI,QZKN5H2VJPSS,New,,2023-11-11 09:23:03,JFTXFC,NA/Fwd NDF DOP EUR,DOP EUR,Spot,Forward price of underlying instrument,CASH,Cash,DOP,EUR,DOP,,,,,,,,,
1,Foreign_Exchange,Forward,NDF,UPI,QZHTFN5N9F60,New,,2023-11-11 09:23:32,JFTXFC,NA/Fwd NDF AMD EUR,AMD EUR,Spot,Forward price of underlying instrument,CASH,Cash,AMD,EUR,EUR,,,,,,,,,
1,Foreign_Exchange,Forward,NDF,UPI,QZHCP62RX4HT,New,,2023-11-11 09:23:38,JFTXFC,NA/Fwd NDF TND USD,TND USD,Spot,Forward price of underlying instrument,CASH,Cash,TND,USD,TND,,,,,,,,,
1,Foreign_Exchange,Forward,NDF,UPI,QZLZ0MC5VX08,New,,2023-11-11 09:23:48,JFTXFC,NA/Fwd NDF EUR MZN,EUR MZN,Spot,Forward price of underlying instrument,CASH,Cash,EUR,MZN,EUR,,,,,,,,,
1,Foreign_Exchange,Forward,NDF,UPI,QZWJGNCLHP24,New,,2023-11-11 09:23:48,JFTXFC,NA/Fwd NDF EUR MWK,EUR MWK,Spot,Forward price of underlying instrument,CASH,Cash,EUR,MWK,EUR,,,,,,,,,
1,Foreign_Exchange,Forward,NDF,UPI,QZ411LL5DTG3,New,,2023-11-11 09:23:49,JFTXFC,NA/Fwd NDF MWK USD,MWK USD,Spot,Forward price of underlying instrument,CASH,Cash,MWK,USD,USD,,,,,,,,,
1,Foreign_Exchange,Forward,NDF,UPI,QZ0N97KG3S9Q,New,,2023-11-11 09:24:28,JFTXFC,NA/Fwd NDF EUR ZAR,EUR ZAR,Spot,Forward price of underlying instrument,CASH,Cash,EUR,ZAR,USD,,,,,,,,,
1,Foreign_Exchange,Forward,NDF,UPI,QZ6BK6W3QFZ2,New,,2023-11-11 09:24:37,JFTXFC,NA/Fwd NDF BRL ZAR,BRL ZAR,Spot,Forward price of underlying instrument,CASH,Cash,BRL,ZAR,BRL,,,,,,,,,
1,Foreign_Exchange,Forward,NDF,UPI,QZBZD7DDGS71,New,,2023-11-11 09:24:52,JFTXFC,NA/Fwd NDF EUR LKR,EUR LKR,Spot,Forward price of underlying instrument,CASH,Cash,EUR,LKR,EUR,,,,,,,,,
1,Foreign_Exchange,Forward,NDF,UPI,QZ1400XNJJKK,New,,2023-11-11 09:25:32,JFTXFC,NA/Fwd NDF CAD PHP,CAD PHP,Spot,Forward price of underlying instrument,CASH,Cash,CAD,PHP,PHP,,,,,,,,,
1,Foreign_Exchange,Forward,NDF,UPI,QZ61J9S8B903,New,,2023-11-11 09:26:19,JFTXFC,NA/Fwd NDF EGP USD,EGP USD,Spot,Forward price of underlying instrument,CASH,Cash,EGP,USD,EUR,,,,,,,,,
1,Foreign_Exchange,Forward,NDF,UPI,QZX1G2STKPFS,New,,2023-11-11 09:26:27,JFTXFC,NA/Fwd NDF CHF PEN,CHF PEN,Spot,Forward price of underlying instrument,CASH,Cash,CHF,PEN,USD,,,,,,,,,
1,Foreign_Exchange,Forward,NDF,UPI,QZQSVTR0MXLH,New,,2023-11-11 09:26:32,JFTXFC,NA/Fwd NDF NZD TWD,NZD TWD,Spot,Forward price of underlying instrument,CASH,Cash,NZD,TWD,NZD,,,,,,,,,
1,Foreign_Exchange,Forward,NDF,UPI,QZVZ8TDF4BXX,New,,2023-11-11 09:26:45,JFTXFC,NA/Fwd NDF CAD IDR,CAD IDR,Spot,Forward price of underlying instrument,CASH,Cash,CAD,IDR,IDR,,,,,,,,,
1,Foreign_Exchange,Forward,NDF,UPI,QZZGT3WCF6R7,New,,2023-11-11 09:27:32,JFTXFC,NA/Fwd NDF GBP IDR,GBP IDR,Spot,Forward price of underlying instrument,CASH,Cash,GBP,IDR,IDR,,,,,,,,,
1,Foreign_Exchange,Forward,NDF,UPI,QZF1GK392B3Z,New,,2023-11-11 09:27:32,JFTXFC,NA/Fwd NDF CHF CLP,CHF CLP,Spot,Forward price of underlying instrument,CASH,Cash,CHF,CLP,CLP,,,,,,,,,
1,Foreign_Exchange,Forward,NDF,UPI,QZBQ4DHDF72S,New,,2023-11-11 09:30:28,JFTXFC,NA/Fwd NDF CNY PHP,CNY PHP,Spot,Forward price of underlying instrument,CASH,Cash,CNY,PHP,PHP,,,,,,,,,
1,Foreign_Exchange,Forward,NDF,UPI,QZZ2HX4WMVGW,New,,2023-11-11 09:31:17,JFTXFC,NA/Fwd NDF INR TWD,INR TWD,Spot,Forward price of underlying instrument,CASH,Cash,INR,TWD,TWD,,,,,,,,,
1,Foreign_Exchange,Forward,NDF,UPI,QZGNMW47SGX3,New,,2023-11-11 09:31:18,JFTXFC,NA/Fwd NDF CHF COP,CHF COP,Spot,Forward price of underlying instrument,CASH,Cash,CHF,COP,COP,,,,,,,,,
1,Foreign_Exchange,Forward,NDF,UPI,QZT6NMJ534H9,New,,2023-11-11 09:31:33,JFTXFC,NA/Fwd NDF PHP USD,PHP USD,Spot,Forward price of underlying instrument,CASH,Cash,PHP,USD,EUR,,,,,,,,,
1,Foreign_Exchange,Forward,NDF,UPI,QZRN2NRJVJH1,New,,2023-11-11 09:31:34,JFTXFC,NA/Fwd NDF AUD BRL,AUD BRL,Spot,Forward price of underlying instrument,CASH,Cash,AUD,BRL,BRL,,,,,,,,,
1,Foreign_Exchange,Forward,NDF,UPI,QZV8BT97JQW0,New,,2023-11-11 09:31:51,JFTXFC,NA/Fwd NDF IDR NZD,IDR NZD,Spot,Forward price of underlying instrument,CASH,Cash,IDR,NZD,USD,,,,,,,,,
1,Foreign_Exchange,Forward,NDF,UPI,QZX0QK100P86,New,,2023-11-11 09:31:51,JFTXFC,NA/Fwd NDF IDR NZD,IDR NZD,Spot,Forward price of underlying instrument,CASH,Cash,IDR,NZD,NZD,,,,,,,,,
1,Foreign_Exchange,Forward,NDF,UPI,QZXFSS9P49M8,New,,2023-11-11 09:31:51,JFTXFC,NA/Fwd NDF IDR NZD,IDR NZD,Spot,Forward price of underlying instrument,CASH,Cash,IDR,NZD,IDR,,,,,,,,,
1,Foreign_Exchange,Forward,NDF,UPI,QZ3DLB15QPM2,New,,2023-11-11 09:31:52,JFTXFC,NA/Fwd NDF HNL USD,HNL USD,Spot,Forward price of underlying instrument,CASH,Cash,HNL,USD,USD,,,,,,,,,
1,Foreign_Exchange,Forward,NDF,UPI,QZH4TPP4H19W,New,,2023-11-11 09:32:05,JFTXFC,NA/Fwd NDF GBP UYU,GBP UYU,Spot,Forward price of underlying instrument,CASH,Cash,GBP,UYU,USD,,,,,,,,,
1,Foreign_Exchange,Forward,NDF,UPI,QZM4JHTZNTXB,New,,2023-11-11 09:32:11,JFTXFC,NA/Fwd NDF INR RUB,INR RUB,Spot,Forward price of underlying instrument,CASH,Cash,INR,RUB,USD,,,,,,,,,
1,Foreign_Exchange,Forward,NDF,UPI,QZ5ZL336FMD9,New,,2023-11-11 09:32:54,JFTXFC,NA/Fwd NDF BRL DKK,BRL DKK,Spot,Forward price of underlying instrument,CASH,Cash,BRL,DKK,BRL,,,,,,,,,
1,Foreign_Exchange,Forward,NDF,UPI,QZHWPLRLSV7R,New,,2023-11-11 09:32:54,JFTXFC,NA/Fwd NDF AUD NGN,AUD NGN,Spot,Forward price of underlying instrument,CASH,Cash,AUD,NGN,NGN,,,,,,,,,
1,Foreign_Exchange,Forward,NDF,UPI,QZXJLD9V0CDS,New,,2023-11-11 09:32:59,JFTXFC,NA/Fwd NDF DKK MYR,DKK MYR,Spot,Forward price of underlying instrument,CASH,Cash,DKK,MYR,MYR,,,,,,,,,
1,Foreign_Exchange,Forward,NDF,UPI,QZSF3D3PGXP0,New,,2023-11-11 09:32:59,JFTXFC,NA/Fwd NDF DKK INR,DKK INR,Spot,Forward price of underlying instrument,CASH,Cash,DKK,INR,USD,,,,,,,,,
1,Foreign_Exchange,Forward,NDF,UPI,QZ5GKN3H57Q0,New,,2023-11-11 09:33:06,JFTXFC,NA/Fwd NDF EUR XOF,EUR XOF,Spot,Forward price of underlying instrument,CASH,Cash,EUR,XOF,XOF,,,,,,,,,
1,Foreign_Exchange,Forward,NDF,UPI,QZX51G92DCV3,New,,2023-11-11 09:33:06,JFTXFC,NA/Fwd NDF EUR ZMW,EUR ZMW,Spot,Forward price of underlying instrument,CASH,Cash,EUR,ZMW,ZMW,,,,,,,,,
1,Foreign_Exchange,Forward,NDF,UPI,QZWWW34VQ5T9,New,,2023-11-11 09:33:07,JFTXFC,NA/Fwd NDF GBP NGN,GBP NGN,Spot,Forward price of underlying instrument,CASH,Cash,GBP,NGN,USD,,,,,,,,,
1,Foreign_Exchange,Forward,NDF,UPI,QZW3K8KNRLH0,New,,2023-11-11 09:33:19,JFTXFC,NA/Fwd NDF USD XOF,USD XOF,Spot,Forward price of underlying instrument,CASH,Cash,USD,XOF,XOF,,,,,,,,,
1,Foreign_Exchange,Forward,NDF,UPI,QZRPFNCK874F,New,,2023-11-11 09:33:57,JFTXFC,NA/Fwd NDF CNY DKK,CNY DKK,Spot,Forward price of underlying instrument,CASH,Cash,CNY,DKK,USD,,,,,,,,,
1,Foreign_Exchange,Forward,NDF,UPI,QZJ3V3K2QFLZ,New,,2023-11-11 09:33:58,JFTXFC,NA/Fwd NDF BRL KRW,BRL KRW,Spot,Forward price of underlying instrument,CASH,Cash,BRL,KRW,KRW,,,,,,,,,
1,Foreign_Exchange,Forward,NDF,UPI,QZ8G1HQFR9RG,New,,2023-11-11 09:33:58,JFTXFC,NA/Fwd NDF AUD PEN,AUD PEN,Spot,Forward price of underlying instrument,CASH,Cash,AUD,PEN,AUD,,,,,,,,,
1,Foreign_Exchange,Forward,NDF,UPI,QZJ5BK8FV6FD,New,,2023-11-11 09:33:58,JFTXFC,NA/Fwd NDF RSD USD,RSD USD,Spot,Forward price of underlying instrument,CASH,Cash,RSD,USD,RSD,,,,,,,,,
1,Foreign_Exchange,Forward,NDF,UPI,QZ680THKSQHK,New,,2023-11-11 09:33:59,JFTXFC,NA/Fwd NDF KRW NZD,KRW NZD,Spot,Forward price of underlying instrument,CASH,Cash,KRW,NZD,KRW,,,,,,,,,
1,Foreign_Exchange,Forward,NDF,UPI,QZXR2ZWT4LBR,New,,2023-11-11 09:34:05,JFTXFC,NA/Fwd NDF CNY RUB,CNY RUB,Spot,Forward price of underlying instrument,CASH,Cash,CNY,RUB,CNY,,,,,,,,,
1,Foreign_Exchange,Forward,NDF,UPI,QZXK0BGZNDHM,New,,2023-11-11 09:34:09,JFTXFC,NA/Fwd NDF USD XOF,USD XOF,Spot,Forward price of underlying instrument,CASH,Cash,USD,XOF,USD,,,,,,,,,
1,Foreign_Exchange,Forward,NDF,UPI,QZCLJN1NK59F,New,,2023-11-11 09:35:27,JFTXFC,NA/Fwd NDF INR THB,INR THB,Spot,Forward price of underlying instrument,CASH,Cash,INR,THB,THB,,,,,,,,,
1,Foreign_Exchange,Forward,NDF,UPI,QZ2087026J0B,New,,2023-11-11 09:35:27,JFTXFC,NA/Fwd NDF CLP USD,CLP USD,Spot,Forward price of underlying instrument,CASH,Cash,CLP,USD,BRL,,,,,,,,,
1,Foreign_Exchange,Forward,NDF,UPI,QZNHT8DVDN4J,New,,2023-11-11 09:35:31,JFTXFC,NA/Fwd NDF NAD USD,NAD USD,Spot,Forward price of underlying instrument,CASH,Cash,NAD,USD,USD,,,,,,,,,
1,Foreign_Exchange,Forward,NDF,UPI,QZGQ1Q17KXZP,New,,2023-11-11 09:36:06,JFTXFC,NA/Fwd NDF UGX USD,UGX USD,Spot,Forward price of underlying instrument,CASH,Cash,UGX,USD,UAH,,,,,,,,,
1,Foreign_Exchange,Forward,NDF,UPI,QZWKQXHD426B,New,,2023-11-11 09:36:13,JFTXFC,NA/Fwd NDF EUR XAF,EUR XAF,Spot,Forward price of underlying instrument,CASH,Cash,EUR,XAF,EUR,,,,,,,,,
1,Foreign_Exchange,Forward,NDF,UPI,QZWXN5517VDX,New,,2023-11-11 09:36:18,JFTXFC,NA/Fwd NDF EUR GEL,EUR GEL,Spot,Forward price of underlying instrument,CASH,Cash,EUR,GEL,EUR,,,,,,,,,
1,Foreign_Exchange,Forward,NDF,UPI,QZDNDG97194F,New,,2023-11-11 09:36:24,JFTXFC,NA/Fwd NDF CAD TWD,CAD TWD,Spot,Forward price of underlying instrument,CASH,Cash,CAD,TWD,USD,,,,,,,,,
1,Foreign_Exchange,Forward,NDF,UPI,QZL1RRGM8BPW,New,,2023-11-11 09:36:58,JFTXFC,NA/Fwd NDF EUR XAU,EUR XAU,Spot,Forward price of underlying instrument,CASH,Cash,EUR,XAU,USD,,,,,,,,,
1,Foreign_Exchange,Forward,NDF,UPI,QZ7XXLPL1MTB,New,,2023-11-11 09:37:09,JFTXFC,NA/Fwd NDF KZT USD,KZT USD,Spot,Forward price of underlying instrument,CASH,Cash,KZT,USD,EUR,,,,,,,,,
1,Foreign_Exchange,Forward,NDF,UPI,QZCWBD72MNW5,New,,2023-11-11 09:37:41,JFTXFC,NA/Fwd NDF JPY PHP,JPY PHP,Spot,Forward price of underlying instrument,CASH,Cash,JPY,PHP,USD,,,,,,,,,
1,Foreign_Exchange,Forward,NDF,UPI,QZ1P2S5W17W0,New,,2023-11-11 09:37:41,JFTXFC,NA/Fwd NDF EGP MAD,EGP MAD,Spot,Forward price of underlying instrument,CASH,Cash,EGP,MAD,EGP,,,,,,,,,
1,Foreign_Exchange,Forward,NDF,UPI,QZG9ZZKZ4T26,New,,2023-11-11 09:37:52,JFTXFC,NA/Fwd NDF EUR THB,EUR THB,Spot,Forward price of underlying instrument,CASH,Cash,EUR,THB,USD,,,,,,,,,
1,Foreign_Exchange,Forward,NDF,UPI,QZ0VVPFVDRXB,New,,2023-11-11 09:38:31,JFTXFC,NA/Fwd NDF CAD MYR,CAD MYR,Spot,Forward price of underlying instrument,CASH,Cash,CAD,MYR,USD,,,,,,,,,
1,Foreign_Exchange,Forward,NDF,UPI,QZ7JL6MT2MR3,New,,2023-11-11 09:38:31,JFTXFC,NA/Fwd NDF AUD XAU,AUD XAU,Spot,Forward price of underlying instrument,CASH,Cash,AUD,XAU,AUD,,,,,,,,,
1,Foreign_Exchange,Forward,NDF,UPI,QZ6WLMHW908S,New,,2023-11-11 09:38:34,JFTXFC,NA/Fwd NDF MZN USD,MZN USD,Spot,Forward price of underlying instrument,CASH,Cash,MZN,USD,MZN,,,,,,,,,
1,Foreign_Exchange,Forward,NDF,UPI,QZ2P286T28KV,New,,2023-11-11 09:38:50,JFTXFC,NA/Fwd NDF BDT CAD,BDT CAD,Spot,Forward price of underlying instrument,CASH,Cash,BDT,CAD,BDT,,,,,,,,,
1,Foreign_Exchange,Forward,NDF,UPI,QZWJD2DTW31Q,New,,2023-11-11 09:39:12,JFTXFC,NA/Fwd NDF KRW SEK,KRW SEK,Spot,Forward price of underlying instrument,CASH,Cash,KRW,SEK,KRW,,,,,,,,,
1,Foreign_Exchange,Forward,NDF,UPI,QZ5RC5925MLQ,New,,2023-11-11 09:39:12,JFTXFC,NA/Fwd NDF CNY USD,CNY USD,Spot,Forward price of underlying instrument,CASH,Cash,CNY,USD,EUR,,,,,,,,,
1,Foreign_Exchange,Forward,NDF,UPI,QZRWKZ21S5HJ,New,,2023-11-11 09:39:13,JFTXFC,NA/Fwd NDF SEK TWD,SEK TWD,Spot,Forward price of underlying instrument,CASH,Cash,SEK,TWD,TWD,,,,,,,,,
1,Foreign_Exchange,Forward,NDF,UPI,QZ3WF5841R9L,New,,2023-11-11 09:39:13,JFTXFC,NA/Fwd NDF PHP SEK,PHP SEK,Spot,Forward price of underlying instrument,CASH,Cash,PHP,SEK,PHP,,,,,,,,,
1,Foreign_Exchange,Forward,NDF,UPI,QZ7FWQQHVWW5,New,,2023-11-11 09:39:14,JFTXFC,NA/Fwd NDF COP GBP,COP GBP,Spot,Forward price of underlying instrument,CASH,Cash,COP,GBP,USD,,,,,,,,,
1,Foreign_Exchange,Forward,NDF,UPI,QZWTB9WJTNCS,New,,2023-11-11 09:39:21,JFTXFC,NA/Fwd NDF CAD KRW,CAD KRW,Spot,Forward price of underlying instrument,CASH,Cash,CAD,KRW,KRW,,,,,,,,,
1,Foreign_Exchange,Forward,NDF,UPI,QZ9Q43GLX752,New,,2023-11-11 09:39:22,JFTXFC,NA/Fwd NDF TJS USD,TJS USD,Spot,Forward price of underlying instrument,CASH,Cash,TJS,USD,USD,,,,,,,,,
1,Foreign_Exchange,Forward,NDF,UPI,QZQWV99N5DK3,New,,2023-11-11 09:39:30,JFTXFC,NA/Fwd NDF AMD USD,AMD USD,Spot,Forward price of underlying instrument,CASH,Cash,AMD,USD,AMD,,,,,,,,,
1,Foreign_Exchange,Forward,NDF,UPI,QZCLKW7BZV10,New,,2023-11-11 09:39:39,JFTXFC,NA/Fwd NDF CLP HKD,CLP HKD,Spot,Forward price of underlying instrument,CASH,Cash,CLP,HKD,USD,,,,,,,,,
1,Foreign_Exchange,Forward,NDF,UPI,QZRRN15ZND4N,New,,2023-11-11 09:40:02,JFTXFC,NA/Fwd NDF BDT USD,BDT USD,Spot,Forward price of underlying instrument,CASH,Cash,BDT,USD,BDT,,,,,,,,,
1,Foreign_Exchange,Forward,NDF,UPI,QZ29N8P7WQGP,New,,2023-11-11 09:40:04,JFTXFC,NA/Fwd NDF CLF GBP,CLF GBP,Spot,Forward price of underlying instrument,CASH,Cash,CLF,GBP,GBP,,,,,,,,,
1,Foreign_Exchange,Forward,NDF,UPI,QZVZKSH9SHKS,New,,2023-11-11 09:40:09,JFTXFC,NA/Fwd NDF CLF GBP,CLF GBP,Spot,Forward price of underlying instrument,CASH,Cash,CLF,GBP,CLF,,,,,,,,,
1,Foreign_Exchange,Forward,NDF,UPI,QZQ9VJJGMWN9,New,,2023-11-11 09:40:18,JFTXFC,NA/Fwd NDF COP KRW,COP KRW,Spot,Forward price of underlying instrument,CASH,Cash,COP,KRW,KRW,,,,,,,,,
1,Foreign_Exchange,Forward,NDF,UPI,QZFWZR27Q1RD,New,,2023-11-11 09:40:20,JFTXFC,NA/Fwd NDF CLP JPY,CLP JPY,Spot,Forward price of underlying instrument,CASH,Cash,CLP,JPY,USD,,,,,,,,,
1,Foreign_Exchange,Forward,NDF,UPI,QZ78S4HR9SFT,New,,2023-11-11 09:40:36,JFTXFC,NA/Fwd NDF INR NOK,INR NOK,Spot,Forward price of underlying instrument,CASH,Cash,INR,NOK,INR,,,,,,,,,
1,Foreign_Exchange,Forward,NDF,UPI,QZDQP3S973JD,New,,2023-11-11 09:40:41,JFTXFC,NA/Fwd NDF AOA GBP,AOA GBP,Spot,Forward price of underlying instrument,CASH,Cash,AOA,GBP,AOA,,,,,,,,,
1,Foreign_Exchange,Forward,NDF,UPI,QZFCRJZQ48XV,New,,2023-11-11 09:40:42,JFTXFC,NA/Fwd NDF MUR USD,MUR USD,Spot,Forward price of underlying instrument,CASH,Cash,MUR,USD,MUR,,,,,,,,,
1,Foreign_Exchange,Forward,NDF,UPI,QZDK1QDXH0VP,New,,2023-11-11 09:40:44,JFTXFC,NA/Fwd NDF BSD EGP,BSD EGP,Spot,Forward price of underlying instrument,CASH,Cash,BSD,EGP,EGP,,,,,,,,,
1,Foreign_Exchange,Forward,NDF,UPI,QZT66416VMML,New,,2023-11-11 09:41:40,JFTXFC,NA/Fwd NDF EUR UYU,EUR UYU,Spot,Forward price of underlying instrument,CASH,Cash,EUR,UYU,UYU,,,,,,,,,
1,Foreign_Exchange,Forward,NDF,UPI,QZ6SQQ0NH8JG,New,,2023-11-11 09:41:44,JFTXFC,NA/Fwd NDF EUR HUF,EUR HUF,Spot,Forward price of underlying instrument,CASH,Cash,EUR,HUF,USD,,,,,,,,,
1,Foreign_Exchange,Forward,NDF,UPI,QZ4TP4W7Z6R7,New,,2023-11-11 09:42:04,JFTXFC,NA/Fwd NDF CNY HUF,CNY HUF,Spot,Forward price of underlying instrument,CASH,Cash,CNY,HUF,USD,,,,,,,,,
1,Foreign_Exchange,Forward,NDF,UPI,QZLCGT9TH37S,New,,2023-11-11 09:42:04,JFTXFC,NA/Fwd NDF LAK USD,LAK USD,Spot,Forward price of underlying instrument,CASH,Cash,LAK,USD,USD,,,,,,,,,
1,Foreign_Exchange,Forward,NDF,UPI,QZP0SZ8BWWXZ,New,,2023-11-11 09:42:05,JFTXFC,NA/Fwd NDF CNY USD,CNY USD,Spot,Forward price of underlying instrument,CASH,Cash,CNY,USD,AUD,,,,,,,,,
1,Foreign_Exchange,Forward,NDF,UPI,QZB46LBH52NF,New,,2023-11-11 09:42:13,JFTXFC,NA/Fwd NDF EUR HKD,EUR HKD,Spot,Forward price of underlying instrument,CASH,Cash,EUR,HKD,USD,,,,,,,,,
1,Foreign_Exchange,Forward,NDF,UPI,QZ156ZC49L0W,New,,2023-11-11 09:42:25,JFTXFC,NA/Fwd NDF CNY XAU,CNY XAU,Spot,Forward price of underlying instrument,CASH,Cash,CNY,XAU,CNY,,,,,,,,,
1,Foreign_Exchange,Forward,NDF,UPI,QZC6K1WRBX87,New,,2023-11-11 09:42:26,JFTXFC,NA/Fwd NDF AUD UAH,AUD UAH,Spot,Forward price of underlying instrument,CASH,Cash,AUD,UAH,USD,,,,,,,,,
1,Foreign_Exchange,Forward,NDF,UPI,QZPJQT2XQ639,New,,2023-11-11 09:42:27,JFTXFC,NA/Fwd NDF EGP NAD,EGP NAD,Spot,Forward price of underlying instrument,CASH,Cash,EGP,NAD,EGP,,,,,,,,,
1,Foreign_Exchange,Forward,NDF,UPI,QZ4W44VD50ZR,New,,2023-11-11 09:42:35,JFTXFC,NA/Fwd NDF EGP UYU,EGP UYU,Spot,Forward price of underlying instrument,CASH,Cash,EGP,UYU,EGP,,,,,,,,,
1,Foreign_Exchange,Forward,NDF,UPI,QZ8L9K8QJ9P4,New,,2023-11-11 09:42:37,JFTXFC,NA/Fwd NDF EUR HRK,EUR HRK,Spot,Forward price of underlying instrument,CASH,Cash,EUR,HRK,EUR,,,,,,,,,
1,Foreign_Exchange,Forward,NDF,UPI,QZR7ZFZXDFVW,New,,2023-11-11 09:42:37,JFTXFC,NA/Fwd NDF BRL USD,BRL USD,Spot,Forward price of underlying instrument,CASH,Cash,BRL,USD,AUD,,,,,,,,,
1,Foreign_Exchange,Forward,NDF,UPI,QZ1K5CQ1NS4W,New,,2023-11-11 09:42:37,JFTXFC,NA/Fwd NDF TWD USD,TWD USD,Spot,Forward price of underlying instrument,CASH,Cash,TWD,USD,AUD,,,,,,,,,
1,Foreign_Exchange,Forward,NDF,UPI,QZS9RDXD95RC,New,,2023-11-11 09:42:37,JFTXFC,NA/Fwd NDF CHF PEN,CHF PEN,Spot,Forward price of underlying instrument,CASH,Cash,CHF,PEN,PEN,,,,,,,,,
1,Foreign_Exchange,Forward,NDF,UPI,QZHK58T597HK,New,,2023-11-11 09:42:52,JFTXFC,NA/Fwd NDF CAD CLP,CAD CLP,Spot,Forward price of underlying instrument,CASH,Cash,CAD,CLP,CLP,,,,,,,,,
1,Foreign_Exchange,Forward,NDF,UPI,QZ7MPL823224,New,,2023-11-11 09:43:07,JFTXFC,NA/Fwd NDF EGP GBP,EGP GBP,Spot,Forward price of underlying instrument,CASH,Cash,EGP,GBP,EGP,,,,,,,,,
1,Foreign_Exchange,Forward,NDF,UPI,QZLPRRSXF0HD,New,,2023-11-11 09:43:09,JFTXFC,NA/Fwd NDF PHP THB,PHP THB,Spot,Forward price of underlying instrument,CASH,Cash,PHP,THB,PHP,,,,,,,,,
1,Foreign_Exchange,Forward,NDF,UPI,QZP2BKD3B83Z,New,,2023-11-11 09:43:21,JFTXFC,NA/Fwd NDF PHP THB,PHP THB,Spot,Forward price of underlying instrument,CASH,Cash,PHP,THB,THB,,,,,,,,,
1,Foreign_Exchange,Forward,NDF,UPI,QZ3RSF2RFMTT,New,,2023-11-11 09:43:32,JFTXFC,NA/Fwd NDF BRL USD,BRL USD,Spot,Forward price of underlying instrument,CASH,Cash,BRL,USD,GBP,,,,,,,,,
1,Foreign_Exchange,Forward,NDF,UPI,QZWWLJZ6MR4Z,New,,2023-11-11 09:43:34,JFTXFC,NA/Fwd NDF CAD IDR,CAD IDR,Spot,Forward price of underlying instrument,CASH,Cash,CAD,IDR,USD,,,,,,,,,
1,Foreign_Exchange,Forward,NDF,UPI,QZ4J3SNGC9ZZ,New,,2023-11-11 09:43:37,JFTXFC,NA/Fwd NDF PEN USD,PEN USD,Spot,Forward price of underlying instrument,CASH,Cash,PEN,USD,GBP,,,,,,,,,
1,Foreign_Exchange,Forward,NDF,UPI,QZ87G7KB6C00,New,,2023-11-11 09:43:41,JFTXFC,NA/Fwd NDF KRW NZD,KRW NZD,Spot,Forward price of underlying instrument,CASH,Cash,KRW,NZD,USD,,,,,,,,,
1,Foreign_Exchange,Forward,NDF,UPI,QZ35F3FCG9QF,New,,2023-11-11 09:43:43,JFTXFC,NA/Fwd NDF MYR USD,MYR USD,Spot,Forward price of underlying instrument,CASH,Cash,MYR,USD,CAD,,,,,,,,,
1,Foreign_Exchange,Forward,NDF,UPI,QZMN3PNZP401,New,,2023-11-11 09:43:43,JFTXFC,NA/Fwd NDF CLP USD,CLP USD,Spot,Forward price of underlying instrument,CASH,Cash,CLP,USD,CAD,,,,,,,,,
1,Foreign_Exchange,Forward,NDF,UPI,QZZ9NVD3MN1L,New,,2023-11-11 09:43:44,JFTXFC,NA/Fwd NDF IDR USD,IDR USD,Spot,Forward price of underlying instrument,CASH,Cash,IDR,USD,CAD,,,,,,,,,
1,Foreign_Exchange,Forward,NDF,UPI,QZ4ZT1LZHRNQ,New,,2023-11-11 09:43:54,JFTXFC,NA/Fwd NDF PEN SGD,PEN SGD,Spot,Forward price of underlying instrument,CASH,Cash,PEN,SGD,SGD,,,,,,,,,
1,Foreign_Exchange,Forward,NDF,UPI,QZQG68TNMD0Q,New,,2023-11-11 09:43:59,JFTXFC,NA/Fwd NDF GBP PKR,GBP PKR,Spot,Forward price of underlying instrument,CASH,Cash,GBP,PKR,PKR,,,,,,,,,
1,Foreign_Exchange,Forward,NDF,UPI,QZNLRK9CP2T5,New,,2023-11-11 09:44:27,JFTXFC,NA/Fwd NDF GBP MYR,GBP MYR,Spot,Forward price of underlying instrument,CASH,Cash,GBP,MYR,MYR,,,,,,,,,
1,Foreign_Exchange,Forward,NDF,UPI,QZWM01M00QR1,New,,2023-11-11 09:44:27,JFTXFC,NA/Fwd NDF GBP VND,GBP VND,Spot,Forward price of underlying instrument,CASH,Cash,GBP,VND,GBP,,,,,,,,,
1,Foreign_Exchange,Forward,NDF,UPI,QZC3M58DFS88,New,,2023-11-11 09:44:28,JFTXFC,NA/Fwd NDF CLP USD,CLP USD,Spot,Forward price of underlying instrument,CASH,Cash,CLP,USD,GBP,,,,,,,,,
1,Foreign_Exchange,Forward,NDF,UPI,QZMSFBG808DK,New,,2023-11-11 09:44:28,JFTXFC,NA/Fwd NDF GBP PEN,GBP PEN,Spot,Forward price of underlying instrument,CASH,Cash,GBP,PEN,PEN,,,,,,,,,
1,Foreign_Exchange,Forward,NDF,UPI,QZX3JNC5HB05,New,,2023-11-11 09:44:29,JFTXFC,NA/Fwd NDF COP USD,COP USD,Spot,Forward price of underlying instrument,CASH,Cash,COP,USD,CAD,,,,,,,,,
1,Foreign_Exchange,Forward,NDF,UPI,QZ9DB35G5D6M,New,,2023-11-11 09:44:30,JFTXFC,NA/Fwd NDF GBP VND,GBP VND,Spot,Forward price of underlying instrument,CASH,Cash,GBP,VND,VND,,,,,,,,,
1,Foreign_Exchange,Forward,NDF,UPI,QZRBS6J6VRJ7,New,,2023-11-11 09:44:34,JFTXFC,NA/Fwd NDF CAD COP,CAD COP,Spot,Forward price of underlying instrument,CASH,Cash,CAD,COP,COP,,,,,,,,,
1,Foreign_Exchange,Forward,NDF,UPI,QZNBJGCXJ5ZZ,New,,2023-11-11 09:44:35,JFTXFC,NA/Fwd NDF CAD PEN,CAD PEN,Spot,Forward price of underlying instrument,CASH,Cash,CAD,PEN,USD,,,,,,,,,
1,Foreign_Exchange,Forward,NDF,UPI,QZ2LV1RRX62L,New,,2023-11-11 09:44:35,JFTXFC,NA/Fwd NDF CAD PEN,CAD PEN,Spot,Forward price of underlying instrument,CASH,Cash,CAD,PEN,PEN,,,,,,,,,
1,Foreign_Exchange,Forward,NDF,UPI,QZGGTZ99VJX2,New,,2023-11-11 09:45:11,JFTXFC,NA/Fwd NDF DKK PHP,DKK PHP,Spot,Forward price of underlying instrument,CASH,Cash,DKK,PHP,PHP,,,,,,,,,
1,Foreign_Exchange,Forward,NDF,UPI,QZ0NP8JMTW3Z,New,,2023-11-11 09:45:11,JFTXFC,NA/Fwd NDF BRL USD,BRL USD,Spot,Forward price of underlying instrument,CASH,Cash,BRL,USD,MXN,,,,,,,,,
1,Foreign_Exchange,Forward,NDF,UPI,QZZ2M19CT46C,New,,2023-11-11 09:45:12,JFTXFC,NA/Fwd NDF PHP USD,PHP USD,Spot,Forward price of underlying instrument,CASH,Cash,PHP,USD,AUD,,,,,,,,,
1,Foreign_Exchange,Forward,NDF,UPI,QZ30CQD2R67F,New,,2023-11-11 09:45:26,JFTXFC,NA/Fwd NDF EGP GEL,EGP GEL,Spot,Forward price of underlying instrument,CASH,Cash,EGP,GEL,EGP,,,,,,,,,
1,Foreign_Exchange,Forward,NDF,UPI,QZBS1NXQD30J,New,,2023-11-11 09:45:45,JFTXFC,NA/Fwd NDF AUD EUR,AUD EUR,Spot,Forward price of underlying instrument,CASH,Cash,AUD,EUR,USD,,,,,,,,,
1,Foreign_Exchange,Forward,NDF,UPI,QZPPKSNLNHW1,New,,2023-11-11 09:45:48,JFTXFC,NA/Fwd NDF CAD EGP,CAD EGP,Spot,Forward price of underlying instrument,CASH,Cash,CAD,EGP,CAD,,,,,,,,,
1,Foreign_Exchange,Forward,NDF,UPI,QZ0NHKSNHRN6,New,,2023-11-11 09:45:55,JFTXFC,NA/Fwd NDF COP JPY,COP JPY,Spot,Forward price of underlying instrument,CASH,Cash,COP,JPY,USD,,,,,,,,,
1,Foreign_Exchange,Forward,NDF,UPI,QZGT0PZ3V9RP,New,,2023-11-11 09:45:55,JFTXFC,NA/Fwd NDF NOK TWD,NOK TWD,Spot,Forward price of underlying instrument,CASH,Cash,NOK,TWD,TWD,,,,,,,,,
1,Foreign_Exchange,Forward,NDF,UPI,QZ54QZWW2480,New,,2023-11-11 09:45:56,JFTXFC,NA/Fwd NDF CNY USD,CNY USD,Spot,Forward price of underlying instrument,CASH,Cash,CNY,USD,CHF,,,,,,,,,
1,Foreign_Exchange,Forward,NDF,UPI,QZZXR179TBVR,New,,2023-11-11 09:46:44,JFTXFC,NA/Fwd NDF MVR USD,MVR USD,Spot,Forward price of underlying instrument,CASH,Cash,MVR,USD,USD,,,,,,,,,
1,Foreign_Exchange,Forward,NDF,UPI,QZZ2WLB9Z45V,New,,2023-11-11 09:46:45,JFTXFC,NA/Fwd NDF CLP TWD,CLP TWD,Spot,Forward price of underlying instrument,CASH,Cash,CLP,TWD,USD,,,,,,,,,
1,Foreign_Exchange,Forward,NDF,UPI,QZMD9MZX2GLW,New,,2023-11-11 09:46:46,JFTXFC,NA/Fwd NDF CHF EGP,CHF EGP,Spot,Forward price of underlying instrument,CASH,Cash,CHF,EGP,EGP,,,,,,,,,
1,Foreign_Exchange,Forward,NDF,UPI,QZT3XR9BGHVF,New,,2023-11-11 09:46:57,JFTXFC,NA/Fwd NDF CZK PEN,CZK PEN,Spot,Forward price of underlying instrument,CASH,Cash,CZK,PEN,PEN,,,,,,,,,
1,Foreign_Exchange,Forward,NDF,UPI,QZG3N6CK69ZP,New,,2023-11-11 09:46:57,JFTXFC,NA/Fwd NDF CHF MYR,CHF MYR,Spot,Forward price of underlying instrument,CASH,Cash,CHF,MYR,USD,,,,,,,,,
1,Foreign_Exchange,Forward,NDF,UPI,QZC9MK8Q4T6L,New,,2023-11-11 09:46:57,JFTXFC,NA/Fwd NDF CHF PHP,CHF PHP,Spot,Forward price of underlying instrument,CASH,Cash,CHF,PHP,USD,,,,,,,,,
1,Foreign_Exchange,Forward,NDF,UPI,QZ21PL4ZT9MP,New,,2023-11-11 09:47:00,JFTXFC,NA/Fwd NDF COP SGD,COP SGD,Spot,Forward price of underlying instrument,CASH,Cash,COP,SGD,COP,,,,,,,,,
1,Foreign_Exchange,Forward,NDF,UPI,QZX02JVB6HZL,New,,2023-11-11 09:47:01,JFTXFC,NA/Fwd NDF COP USD,COP USD,Spot,Forward price of underlying instrument,CASH,Cash,COP,USD,NZD,,,,,,,,,
1,Foreign_Exchange,Forward,NDF,UPI,QZNR39CWKC6K,New,,2023-11-11 09:47:01,JFTXFC,NA/Fwd NDF COP USD,COP USD,Spot,Forward price of underlying instrument,CASH,Cash,COP,USD,CHF,,,,,,,,,
1,Foreign_Exchange,Forward,NDF,UPI,QZDZ5SJZ1SP2,New,,2023-11-11 09:47:01,JFTXFC,NA/Fwd NDF COP SGD,COP SGD,Spot,Forward price of underlying instrument,CASH,Cash,COP,SGD,SGD,,,,,,,,,
1,Foreign_Exchange,Forward,NDF,UPI,QZPJ6DW4P8MC,New,,2023-11-11 09:47:01,JFTXFC,NA/Fwd NDF COP NZD,COP NZD,Spot,Forward price of underlying instrument,CASH,Cash,COP,NZD,COP,,,,,,,,,
1,Foreign_Exchange,Forward,NDF,UPI,QZDJQFBG2FJH,New,,2023-11-11 09:47:01,JFTXFC,NA/Fwd NDF CLP NZD,CLP NZD,Spot,Forward price of underlying instrument,CASH,Cash,CLP,NZD,CLP,,,,,,,,,
1,Foreign_Exchange,Forward,NDF,UPI,QZ7J6DPT3JRB,New,,2023-11-11 09:47:01,JFTXFC,NA/Fwd NDF CLP SGD,CLP SGD,Spot,Forward price of underlying instrument,CASH,Cash,CLP,SGD,CLP,,,,,,,,,
1,Foreign_Exchange,Forward,NDF,UPI,QZC74Q9WM6QJ,New,,2023-11-11 09:47:01,JFTXFC,NA/Fwd NDF COP NZD,COP NZD,Spot,Forward price of underlying instrument,CASH,Cash,COP,NZD,NZD,,,,,,,,,
1,Foreign_Exchange,Forward,NDF,UPI,QZHGZ9WWC5NV,New,,2023-11-11 09:47:02,JFTXFC,NA/Fwd NDF NZD PEN,NZD PEN,Spot,Forward price of underlying instrument,CASH,Cash,NZD,PEN,PEN,,,,,,,,,
1,Foreign_Exchange,Forward,NDF,UPI,QZH05HFCLMW9,New,,2023-11-11 09:47:02,JFTXFC,NA/Fwd NDF PEN SGD,PEN SGD,Spot,Forward price of underlying instrument,CASH,Cash,PEN,SGD,PEN,,,,,,,,,
1,Foreign_Exchange,Forward,NDF,UPI,QZDSLTLQ73GT,New,,2023-11-11 09:47:03,JFTXFC,NA/Fwd NDF AZN EUR,AZN EUR,Spot,Forward price of underlying instrument,CASH,Cash,AZN,EUR,EUR,,,,,,,,,
1,Foreign_Exchange,Forward,NDF,UPI,QZK6VM9B4BXD,New,,2023-11-11 09:47:05,JFTXFC,NA/Fwd NDF HKD IDR,HKD IDR,Spot,Forward price of underlying instrument,CASH,Cash,HKD,IDR,USD,,,,,,,,,
1,Foreign_Exchange,Forward,NDF,UPI,QZF99DWRJS40,New,,2023-11-11 09:47:05,JFTXFC,NA/Fwd NDF HKD INR,HKD INR,Spot,Forward price of underlying instrument,CASH,Cash,HKD,INR,USD,,,,,,,,,
1,Foreign_Exchange,Forward,NDF,UPI,QZZ0572PPGFC,New,,2023-11-11 09:47:09,JFTXFC,NA/Fwd NDF AUD CLP,AUD CLP,Spot,Forward price of underlying instrument,CASH,Cash,AUD,CLP,USD,,,,,,,,,
1,Foreign_Exchange,Forward,NDF,UPI,QZ1SJ4721C11,New,,2023-11-11 09:47:09,JFTXFC,NA/Fwd NDF EGP EUR,EGP EUR,Spot,Forward price of underlying instrument,CASH,Cash,EGP,EUR,USD,,,,,,,,,
1,Foreign_Exchange,Forward,NDF,UPI,QZTC5Z1GDQZ8,New,,2023-11-11 09:47:17,JFTXFC,NA/Fwd NDF BDT EUR,BDT EUR,Spot,Forward price of underlying instrument,CASH,Cash,BDT,EUR,EUR,,,,,,,,,
1,Foreign_Exchange,Forward,NDF,UPI,QZB35L4K2XFS,New,,2023-11-11 09:47:18,JFTXFC,NA/Fwd NDF EUR TRY,EUR TRY,Spot,Forward price of underlying instrument,CASH,Cash,EUR,TRY,USD,,,,,,,,,
1,Foreign_Exchange,Forward,NDF,UPI,QZM88XC9R2VX,New,,2023-11-11 09:47:19,JFTXFC,NA/Fwd NDF KGS USD,KGS USD,Spot,Forward price of underlying instrument,CASH,Cash,KGS,USD,USD,,,,,,,,,
1,Foreign_Exchange,Forward,NDF,UPI,QZH43CHMW9PJ,New,,2023-11-11 09:47:19,JFTXFC,NA/Fwd NDF MNT USD,MNT USD,Spot,Forward price of underlying instrument,CASH,Cash,MNT,USD,USD,,,,,,,,,
1,Foreign_Exchange,Forward,NDF,UPI,QZNQ8HMBXTPT,New,,2023-11-11 09:47:26,JFTXFC,NA/Fwd NDF AUD PEN,AUD PEN,Spot,Forward price of underlying instrument,CASH,Cash,AUD,PEN,USD,,,,,,,,,
1,Foreign_Exchange,Forward,NDF,UPI,QZ5423SW7VRL,New,,2023-11-11 09:47:32,JFTXFC,NA/Fwd NDF CZK PEN,CZK PEN,Spot,Forward price of underlying instrument,CASH,Cash,CZK,PEN,CZK,,,,,,,,,
1,Foreign_Exchange,Forward,NDF,UPI,QZT8X8VSML3R,New,,2023-11-11 09:47:34,JFTXFC,NA/Fwd NDF NZD PEN,NZD PEN,Spot,Forward price of underlying instrument,CASH,Cash,NZD,PEN,NZD,,,,,,,,,
1,Foreign_Exchange,Forward,NDF,UPI,QZ6SCHKCGJH1,New,,2023-11-11 09:47:35,JFTXFC,NA/Fwd NDF INR ZAR,INR ZAR,Spot,Forward price of underlying instrument,CASH,Cash,INR,ZAR,INR,,,,,,,,,
1,Foreign_Exchange,Forward,NDF,UPI,QZDLRB2D8G3W,New,,2023-11-11 09:47:35,JFTXFC,NA/Fwd NDF ARS EGP,ARS EGP,Spot,Forward price of underlying instrument,CASH,Cash,ARS,EGP,EGP,,,,,,,,,
1,Foreign_Exchange,Forward,NDF,UPI,QZ5CB2HLC567,New,,2023-11-11 09:47:36,JFTXFC,NA/Fwd NDF EGP FJD,EGP FJD,Spot,Forward price of underlying instrument,CASH,Cash,EGP,FJD,EGP,,,,,,,,,
1,Foreign_Exchange,Forward,NDF,UPI,QZGGCMHLB1QF,New,,2023-11-11 09:47:37,JFTXFC,NA/Fwd NDF KGS USD,KGS USD,Spot,Forward price of underlying instrument,CASH,Cash,KGS,USD,KGS,,,,,,,,,
1,Foreign_Exchange,Forward,NDF,UPI,QZX8Z7D9PLFF,New,,2023-11-11 09:47:37,JFTXFC,NA/Fwd NDF MNT USD,MNT USD,Spot,Forward price of underlying instrument,CASH,Cash,MNT,USD,MNT,,,,,,,,,
1,Foreign_Exchange,Forward,NDF,UPI,QZQHCM9G0HKL,New,,2023-11-11 09:47:39,JFTXFC,NA/Fwd NDF IDR SEK,IDR SEK,Spot,Forward price of underlying instrument,CASH,Cash,IDR,SEK,USD,,,,,,,,,
1,Foreign_Exchange,Forward,NDF,UPI,QZ1K5ZQZ5JBH,New,,2023-11-11 09:47:39,JFTXFC,NA/Fwd NDF KRW SEK,KRW SEK,Spot,Forward price of underlying instrument,CASH,Cash,KRW,SEK,USD,,,,,,,,,
1,Foreign_Exchange,Forward,NDF,UPI,QZK5RC4PHZ8K,New,,2023-11-11 09:47:56,JFTXFC,NA/Fwd NDF CHF COP,CHF COP,Spot,Forward price of underlying instrument,CASH,Cash,CHF,COP,USD,,,,,,,,,
1,Foreign_Exchange,Forward,NDF,UPI,QZWFSSQ0V53G,New,,2023-11-11 09:47:56,JFTXFC,NA/Fwd NDF MYR USD,MYR USD,Spot,Forward price of underlying instrument,CASH,Cash,MYR,USD,GBP,,,,,,,,,
1,Foreign_Exchange,Forward,NDF,UPI,QZZZP23S2DBL,New,,2023-11-11 09:47:58,JFTXFC,NA/Fwd NDF BRL NZD,BRL NZD,Spot,Forward price of underlying instrument,CASH,Cash,BRL,NZD,NZD,,,,,,,,,
1,Foreign_Exchange,Forward,NDF,UPI,QZ72ZC53926Q,New,,2023-11-11 09:48:10,JFTXFC,NA/Fwd NDF MYR USD,MYR USD,Spot,Forward price of underlying instrument,CASH,Cash,MYR,USD,AUD,,,,,,,,,
1,Foreign_Exchange,Forward,NDF,UPI,QZGS6J4V8S06,New,,2023-11-11 09:48:11,JFTXFC,NA/Fwd NDF BRL NZD,BRL NZD,Spot,Forward price of underlying instrument,CASH,Cash,BRL,NZD,USD,,,,,,,,,
1,Foreign_Exchange,Forward,NDF,UPI,QZX9FC38KQ09,New,,2023-11-11 09:48:11,JFTXFC,NA/Fwd NDF INR NZD,INR NZD,Spot,Forward price of underlying instrument,CASH,Cash,INR,NZD,USD,,,,,,,,,
1,Foreign_Exchange,Forward,NDF,UPI,QZXFJPX31XTJ,New,,2023-11-11 09:48:11,JFTXFC,NA/Fwd NDF MXN USD,MXN USD,Spot,Forward price of underlying instrument,CASH,Cash,MXN,USD,EUR,,,,,,,,,
1,Foreign_Exchange,Forward,NDF,UPI,QZXSWH275SBQ,New,,2023-11-11 09:48:11,JFTXFC,NA/Fwd NDF NZD TWD,NZD TWD,Spot,Forward price of underlying instrument,CASH,Cash,NZD,TWD,USD,,,,,,,,,
1,Foreign_Exchange,Forward,NDF,UPI,QZH9F6ZV6MLN,New,,2023-11-11 09:48:13,JFTXFC,NA/Fwd NDF GBP RON,GBP RON,Spot,Forward price of underlying instrument,CASH,Cash,GBP,RON,USD,,,,,,,,,
1,Foreign_Exchange,Forward,NDF,UPI,QZ18836XKHDH,New,,2023-11-11 09:48:14,JFTXFC,NA/Fwd NDF COP SEK,COP SEK,Spot,Forward price of underlying instrument,CASH,Cash,COP,SEK,USD,,,,,,,,,
1,Foreign_Exchange,Forward,NDF,UPI,QZ2CLNB1BS13,New,,2023-11-11 09:48:14,JFTXFC,NA/Fwd NDF COP NZD,COP NZD,Spot,Forward price of underlying instrument,CASH,Cash,COP,NZD,USD,,,,,,,,,
1,Foreign_Exchange,Forward,NDF,UPI,QZ7DRD9QPCQS,New,,2023-11-11 09:48:14,JFTXFC,NA/Fwd NDF CLP NZD,CLP NZD,Spot,Forward price of underlying instrument,CASH,Cash,CLP,NZD,USD,,,,,,,,,
1,Foreign_Exchange,Forward,NDF,UPI,QZKN4XJ5THDV,New,,2023-11-11 09:48:14,JFTXFC,NA/Fwd NDF NZD PEN,NZD PEN,Spot,Forward price of underlying instrument,CASH,Cash,NZD,PEN,USD,,,,,,,,,
1,Foreign_Exchange,Forward,NDF,UPI,QZN83WFKV66X,New,,2023-11-11 09:48:14,JFTXFC,NA/Fwd NDF PEN SGD,PEN SGD,Spot,Forward price of underlying instrument,CASH,Cash,PEN,SGD,USD,,,,,,,,,
1,Foreign_Exchange,Forward,NDF,UPI,QZ4RN7GBFQTP,New,,2023-11-11 09:48:14,JFTXFC,NA/Fwd NDF CLP SEK,CLP SEK,Spot,Forward price of underlying instrument,CASH,Cash,CLP,SEK,USD,,,,,,,,,
1,Foreign_Exchange,Forward,NDF,UPI,QZWTJTH0N8SF,New,,2023-11-11 09:48:14,JFTXFC,NA/Fwd NDF CLP SGD,CLP SGD,Spot,Forward price of underlying instrument,CASH,Cash,CLP,SGD,USD,,,,,,,,,
1,Foreign_Exchange,Forward,NDF,UPI,QZHS5VSRDFQT,New,,2023-11-11 09:48:14,JFTXFC,NA/Fwd NDF PEN SEK,PEN SEK,Spot,Forward price of underlying instrument,CASH,Cash,PEN,SEK,USD,,,,,,,,,
1,Foreign_Exchange,Forward,NDF,UPI,QZ5T0WFNLXHN,New,,2023-11-11 09:48:14,JFTXFC,NA/Fwd NDF COP SGD,COP SGD,Spot,Forward price of underlying instrument,CASH,Cash,COP,SGD,USD,,,,,,,,,
1,Foreign_Exchange,Forward,NDF,UPI,QZ3MDQS7WZ6V,New,,2023-11-11 09:48:15,JFTXFC,NA/Fwd NDF GBP RON,GBP RON,Spot,Forward price of underlying instrument,CASH,Cash,GBP,RON,RON,,,,,,,,,
1,Foreign_Exchange,Forward,NDF,UPI,QZWGNJSMLWKJ,New,,2023-11-11 09:48:15,JFTXFC,NA/Fwd NDF JPY RUB,JPY RUB,Spot,Forward price of underlying instrument,CASH,Cash,JPY,RUB,JPY,,,,,,,,,
1,Foreign_Exchange,Forward,NDF,UPI,QZNJL5FJ4HSQ,New,,2023-11-11 09:48:16,JFTXFC,NA/Fwd NDF KRW USD,KRW USD,Spot,Forward price of underlying instrument,CASH,Cash,KRW,USD,NZD,,,,,,,,,
1,Foreign_Exchange,Forward,NDF,UPI,QZZDVK419MHR,New,,2023-11-11 09:48:16,JFTXFC,NA/Fwd NDF INR USD,INR USD,Spot,Forward price of underlying instrument,CASH,Cash,INR,USD,NZD,,,,,,,,,
1,Foreign_Exchange,Forward,NDF,UPI,QZ9TRLJF5P4F,New,,2023-11-11 09:48:16,JFTXFC,NA/Fwd NDF BRL USD,BRL USD,Spot,Forward price of underlying instrument,CASH,Cash,BRL,USD,NZD,,,,,,,,,
1,Foreign_Exchange,Forward,NDF,UPI,QZH7HT6SCQ5Q,New,,2023-11-11 09:48:17,JFTXFC,NA/Fwd NDF TWD USD,TWD USD,Spot,Forward price of underlying instrument,CASH,Cash,TWD,USD,NZD,,,,,,,,,
1,Foreign_Exchange,Forward,NDF,UPI,QZBFTQFWSLZ1,New,,2023-11-11 09:48:17,JFTXFC,NA/Fwd NDF COP NOK,COP NOK,Spot,Forward price of underlying instrument,CASH,Cash,COP,NOK,NOK,,,,,,,,,
1,Foreign_Exchange,Forward,NDF,UPI,QZK1RSWC3P7L,New,,2023-11-11 09:48:33,JFTXFC,NA/Fwd NDF IDR USD,IDR USD,Spot,Forward price of underlying instrument,CASH,Cash,IDR,USD,GBP,,,,,,,,,
1,Foreign_Exchange,Forward,NDF,UPI,QZFHR5N7ZJ6H,New,,2023-11-11 09:48:33,JFTXFC,NA/Fwd NDF KRW ZAR,KRW ZAR,Spot,Forward price of underlying instrument,CASH,Cash,KRW,ZAR,ZAR,,,,,,,,,
1,Foreign_Exchange,Forward,NDF,UPI,QZZHGHWZ03N5,New,,2023-11-11 09:48:41,JFTXFC,NA/Fwd NDF KRW USD,KRW USD,Spot,Forward price of underlying instrument,CASH,Cash,KRW,USD,HKD,,,,,,,,,
1,Foreign_Exchange,Forward,NDF,UPI,QZ0WX1L6XRXF,New,,2023-11-12 18:55:55,JFTXFC,NA/Fwd NDF DZD EUR,DZD EUR,Spot,Forward price of underlying instrument,CASH,Cash,DZD,EUR,DZD,,,,,,,,,
1,Foreign_Exchange,Forward,NDF,UPI,QZS0FX2V53FN,New,,2023-11-12 19:22:16,JFTXFC,NA/Fwd NDF EGP KRW,EGP KRW,Spot,Forward price of underlying instrument,CASH,Cash,EGP,KRW,EGP,,,,,,,,,
1,Foreign_Exchange,Forward,NDF,UPI,QZVRRDCZ330P,New,,2023-11-14 12:29:57,JFTXFC,NA/Fwd NDF IDR SEK,IDR SEK,Spot,Forward price of underlying instrument,CASH,Cash,IDR,SEK,SGD,,,,,,,,,
1,Foreign_Exchange,Forward,NDF,UPI,QZLVGCW80DQ6,New,,2023-11-14 12:31:49,JFTXFC,NA/Fwd NDF HKD INR,HKD INR,Spot,Forward price of underlying instrument,CASH,Cash,HKD,INR,INR,,,,,,,,,
1,Foreign_Exchange,Forward,NDF,UPI,QZT7PHJDC3H3,New,,2023-11-14 14:40:27,JFTXFC,NA/Fwd NDF IDR USD,IDR USD,Spot,Forward price of underlying instrument,CASH,Cash,IDR,USD,SGD,,,,,,,,,
1,Foreign_Exchange,Forward,NDF,UPI,QZBZ3J0F7K2T,New,,2023-11-14 17:28:18,JFTXFC,NA/Fwd NDF BRL NOK,BRL NOK,Spot,Forward price of underlying instrument,CASH,Cash,BRL,NOK,USD,,,,,,,,,
1,Foreign_Exchange,Forward,NDF,UPI,QZQ2G7CGWPXZ,New,,2023-11-14 19:02:29,JFTXFC,NA/Fwd NDF BDT GBP,BDT GBP,Spot,Forward price of underlying instrument,CASH,Cash,BDT,GBP,BDT,,,,,,,,,
1,Foreign_Exchange,Forward,NDF,UPI,QZ00L27DTK8F,New,,2023-11-15 03:38:31,JFTXFC,NA/Fwd NDF INR USD,INR USD,Spot,Forward price of underlying instrument,CASH,Cash,INR,USD,HKD,,,,,,,,,
1,Foreign_Exchange,Forward,NDF,UPI,QZDHLVGQ1BSR,New,,2023-11-15 13:39:16,JFTXFC,NA/Fwd NDF CNY MYR,CNY MYR,Spot,Forward price of underlying instrument,CASH,Cash,CNY,MYR,USD,,,,,,,,,
1,Foreign_Exchange,Forward,NDF,UPI,QZFQDHBBQ533,New,,2023-11-15 16:13:52,JFTXFC,NA/Fwd NDF EUR XAG,EUR XAG,Spot,Forward price of underlying instrument,CASH,Cash,EUR,XAG,EUR,,,,,,,,,
1,Foreign_Exchange,Forward,NDF,UPI,QZP67P7FGF0Z,New,,2023-11-16 15:14:02,JFTXFC,NA/Fwd NDF INR RON,INR RON,Spot,Forward price of underlying instrument,CASH,Cash,INR,RON,RON,,,,,,,,,
1,Foreign_Exchange,Forward,NDF,UPI,QZKC0P0C0RZ3,New,,2023-11-16 18:05:02,JFTXFC,NA/Fwd NDF ARS AUD,ARS AUD,Spot,Forward price of underlying instrument,CASH,Cash,ARS,AUD,AUD,,,,,,,,,
1,Foreign_Exchange,Forward,NDF,UPI,QZHHW5G45X0Q,New,,2023-11-17 15:59:44,JFTXFC,NA/Fwd NDF MXN TWD,MXN TWD,Spot,Forward price of underlying instrument,CASH,Cash,MXN,TWD,MXN,,,,,,,,,
1,Foreign_Exchange,Forward,NDF,UPI,QZ77TS78HZ19,New,,2023-11-19 19:32:36,JFTXFC,NA/Fwd NDF IDR THB,IDR THB,Spot,Forward price of underlying instrument,CASH,Cash,IDR,THB,THB,,,,,,,,,
1,Foreign_Exchange,Forward,NDF,UPI,QZLTC455F37H,New,,2023-11-19 19:34:22,JFTXFC,NA/Fwd NDF BDT EUR,BDT EUR,Spot,Forward price of underlying instrument,CASH,Cash,BDT,EUR,BDT,,,,,,,,,
1,Foreign_Exchange,Forward,NDF,UPI,QZ8SSRW66DHT,New,,2023-11-20 17:13:03,JFTXFC,NA/Fwd NDF CAD UAH,CAD UAH,Spot,Forward price of underlying instrument,CASH,Cash,CAD,UAH,USD,,,,,,,,,
1,Foreign_Exchange,Forward,NDF,UPI,QZH7BKPQXN2Q,New,,2023-11-21 15:12:30,JFTXFC,NA/Fwd NDF BRL TRY,BRL TRY,Spot,Forward price of underlying instrument,CASH,Cash,BRL,TRY,TRY,,,,,,,,,
1,Foreign_Exchange,Forward,NDF,UPI,QZ5ZHSS32HKG,New,,2023-11-21 21:31:42,JFTXFC,NA/Fwd NDF AUD EGP,AUD EGP,Spot,Forward price of underlying instrument,CASH,Cash,AUD,EGP,AUD,,,,,,,,,
1,Foreign_Exchange,Forward,NDF,UPI,QZ0KDNB2FBG2,New,,2023-11-22 08:00:28,JFTXFC,NA/Fwd NDF AED CNY,AED CNY,Spot,Forward price of underlying instrument,CASH,Cash,AED,CNY,USD,,,,,,,,,
1,Foreign_Exchange,Forward,NDF,UPI,QZ5XWQ0RFGKP,New,,2023-11-22 09:28:18,JFTXFC,NA/Fwd NDF CHF THB,CHF THB,Spot,Forward price of underlying instrument,CASH,Cash,CHF,THB,THB,,,,,,,,,
1,Foreign_Exchange,Forward,NDF,UPI,QZTN7Z520HWR,New,,2023-11-22 14:18:44,JFTXFC,NA/Fwd NDF CLP USD,CLP USD,Spot,Forward price of underlying instrument,CASH,Cash,CLP,USD,NZD,,,,,,,,,
1,Foreign_Exchange,Forward,NDF,UPI,QZGVKWX24F3S,New,,2023-11-22 15:37:56,JFTXFC,NA/Fwd NDF CLP USD,CLP USD,Spot,Forward price of underlying instrument,CASH,Cash,CLP,USD,AUD,,,,,,,,,
1,Foreign_Exchange,Forward,NDF,UPI,QZHW1RMKC2DL,New,,2023-11-22 15:37:58,JFTXFC,NA/Fwd NDF COP USD,COP USD,Spot,Forward price of underlying instrument,CASH,Cash,COP,USD,AUD,,,,,,,,,
1,Foreign_Exchange,Forward,NDF,UPI,QZQM9ZLKZRF6,New,,2023-11-23 12:31:50,JFTXFC,NA/Fwd NDF COP MXN,COP MXN,Spot,Forward price of underlying instrument,CASH,Cash,COP,MXN,MXN,,,,,,,,,
1,Foreign_Exchange,Forward,NDF,UPI,QZBHHPTD5KPN,New,,2023-11-26 18:52:16,JFTXFC,NA/Fwd NDF EGP XAF,EGP XAF,Spot,Forward price of underlying instrument,CASH,Cash,EGP,XAF,EGP,,,,,,,,,
1,Foreign_Exchange,Forward,NDF,UPI,QZF0MZL1V7X1,New,,2023-11-26 18:57:22,JFTXFC,NA/Fwd NDF USD UZS,USD UZS,Spot,Forward price of underlying instrument,CASH,Cash,USD,UZS,UZS,,,,,,,,,
1,Foreign_Exchange,Forward,NDF,UPI,QZFR5PGC7H01,New,,2023-11-26 18:57:51,JFTXFC,NA/Fwd NDF EUR UZS,EUR UZS,Spot,Forward price of underlying instrument,CASH,Cash,EUR,UZS,UZS,,,,,,,,,
1,Foreign_Exchange,Forward,NDF,UPI,QZ8T0D95FMTZ,New,,2023-11-26 19:22:12,JFTXFC,NA/Fwd NDF EGP GNF,EGP GNF,Spot,Forward price of underlying instrument,CASH,Cash,EGP,GNF,EGP,,,,,,,,,
1,Foreign_Exchange,Forward,NDF,UPI,QZKKV1G0CHR8,New,,2023-11-27 07:21:23,JFTXFC,NA/Fwd NDF EGP UAH,EGP UAH,Spot,Forward price of underlying instrument,CASH,Cash,EGP,UAH,EGP,,,,,,,,,
1,Foreign_Exchange,Forward,NDF,UPI,QZC47Q3JWRXB,New,,2023-11-27 22:04:51,JFTXFC,NA/Fwd NDF PHP USD,PHP USD,Spot,Forward price of underlying instrument,CASH,Cash,PHP,USD,CAD,,,,,,,,,
1,Foreign_Exchange,Forward,NDF,UPI,QZSH7KHHXKXZ,New,,2023-11-28 09:59:32,JFTXFC,NA/Fwd NDF COP PEN,COP PEN,Spot,Forward price of underlying instrument,CASH,Cash,COP,PEN,GBP,,,,,,,,,
1,Foreign_Exchange,Forward,NDF,UPI,QZMDKPQLH4GC,New,,2023-11-28 12:27:46,JFTXFC,NA/Fwd NDF NZD PHP,NZD PHP,Spot,Forward price of underlying instrument,CASH,Cash,NZD,PHP,USD,,,,,,,,,
1,Foreign_Exchange,Forward,NDF,UPI,QZSDVPXZ54ZK,New,,2023-11-28 12:29:04,JFTXFC,NA/Fwd NDF DKK TWD,DKK TWD,Spot,Forward price of underlying instrument,CASH,Cash,DKK,TWD,USD,,,,,,,,,
1,Foreign_Exchange,Forward,NDF,UPI,QZTR263820HJ,New,,2023-11-29 03:16:17,JFTXFC,NA/Fwd NDF CAD PHP,CAD PHP,Spot,Forward price of underlying instrument,CASH,Cash,CAD,PHP,USD,,,,,,,,,
1,Foreign_Exchange,Forward,NDF,UPI,QZHDZMM5M67H,New,,2023-11-30 08:44:11,JFTXFC,NA/Fwd NDF IDR INR,IDR INR,Spot,Forward price of underlying instrument,CASH,Cash,IDR,INR,IDR,,,,,,,,,
1,Foreign_Exchange,Forward,NDF,UPI,QZ7RQTJMN5FM,New,,2023-12-01 16:02:35,JFTXFC,NA/Fwd NDF CLP SEK,CLP SEK,Spot,Forward price of underlying instrument,CASH,Cash,CLP,SEK,CLP,,,,,,,,,
1,Foreign_Exchange,Forward,NDF,UPI,QZPLFGDMV66G,New,,2023-12-03 19:01:55,JFTXFC,NA/Fwd NDF JMD USD,JMD USD,Spot,Forward price of underlying instrument,CASH,Cash,JMD,USD,JMD,,,,,,,,,
1,Foreign_Exchange,Forward,NDF,UPI,QZWLD8K9DH5H,New,,2023-12-03 19:15:32,JFTXFC,NA/Fwd NDF IDR INR,IDR INR,Spot,Forward price of underlying instrument,CASH,Cash,IDR,INR,INR,,,,,,,,,
1,Foreign_Exchange,Forward,NDF,UPI,QZMWV83SBKSX,New,,2023-12-04 16:24:56,JFTXFC,NA/Fwd NDF KRW USD,KRW USD,Spot,Forward price of underlying instrument,CASH,Cash,KRW,USD,DKK,,,,,,,,,
1,Foreign_Exchange,Forward,NDF,UPI,QZC246138TRG,New,,2023-12-05 09:12:02,JFTXFC,NA/Fwd NDF EUR XPD,EUR XPD,Spot,Forward price of underlying instrument,CASH,Cash,EUR,XPD,USD,,,,,,,,,
1,Foreign_Exchange,Forward,NDF,UPI,QZKMFVMRKMNL,New,,2023-12-05 20:42:37,JFTXFC,NA/Fwd NDF CNY USD,CNY USD,Spot,Forward price of underlying instrument,CASH,Cash,CNY,USD,BRL,,,,,,,,,
1,Foreign_Exchange,Forward,NDF,UPI,QZDZGMWXJLVN,New,,2023-12-06 15:54:47,JFTXFC,NA/Fwd NDF EGP TWD,EGP TWD,Spot,Forward price of underlying instrument,CASH,Cash,EGP,TWD,EGP,,,,,,,,,
1,Foreign_Exchange,Forward,NDF,UPI,QZWQVKT80KQW,New,,2023-12-06 17:18:48,JFTXFC,NA/Fwd NDF DKK PEN,DKK PEN,Spot,Forward price of underlying instrument,CASH,Cash,DKK,PEN,DKK,,,,,,,,,
1,Foreign_Exchange,Forward,NDF,UPI,QZKSC47NZ77J,New,,2023-12-06 21:29:54,JFTXFC,NA/Fwd NDF CNY COP,CNY COP,Spot,Forward price of underlying instrument,CASH,Cash,CNY,COP,CNY,,,,,,,,,
1,Foreign_Exchange,Forward,NDF,UPI,QZQ4STGPBZC3,New,,2023-12-07 13:57:13,JFTXFC,NA/Fwd NDF BRL SGD,BRL SGD,Spot,Forward price of underlying instrument,CASH,Cash,BRL,SGD,BRL,,,,,,,,,
1,Foreign_Exchange,Forward,NDF,UPI,QZ3N045TTK8D,New,,2023-12-07 14:38:40,JFTXFC,NA/Fwd NDF CLP HKD,CLP HKD,Spot,Forward price of underlying instrument,CASH,Cash,CLP,HKD,CLP,,,,,,,,,
1,Foreign_Exchange,Forward,NDF,UPI,QZNRR6VHZL2S,New,,2023-12-07 21:08:16,JFTXFC,NA/Fwd NDF EUR NZD,EUR NZD,Spot,Forward price of underlying instrument,CASH,Cash,EUR,NZD,USD,,,,,,,,,
1,Foreign_Exchange,Forward,NDF,UPI,QZNRLSBCMBK1,New,,2023-12-08 01:00:06,JFTXFC,NA/Fwd NDF CNY THB,CNY THB,Spot,Forward price of underlying instrument,CASH,Cash,CNY,THB,USD,,,,,,,,,
1,Foreign_Exchange,Forward,NDF,UPI,QZ6N408DQ2KV,New,,2023-12-10 19:13:45,JFTXFC,NA/Fwd NDF CNY PKR,CNY PKR,Spot,Forward price of underlying instrument,CASH,Cash,CNY,PKR,CNY,,,,,,,,,
1,Foreign_Exchange,Forward,NDF,UPI,QZ8NDKCD6DMW,New,,2023-12-10 19:27:12,JFTXFC,NA/Fwd NDF HKD PHP,HKD PHP,Spot,Forward price of underlying instrument,CASH,Cash,HKD,PHP,PHP,,,,,,,,,
1,Foreign_Exchange,Forward,NDF,UPI,QZ0TSSLVQ0WV,New,,2023-12-10 19:35:35,JFTXFC,NA/Fwd NDF CNY EGP,CNY EGP,Spot,Forward price of underlying instrument,CASH,Cash,CNY,EGP,EGP,,,,,,,,,
1,Foreign_Exchange,Forward,NDF,UPI,QZKLSFT6NKWT,New,,2023-12-11 00:04:37,JFTXFC,NA/Fwd NDF CLP COP,CLP COP,Spot,Forward price of underlying instrument,CASH,Cash,CLP,COP,USD,,,,,,,,,
1,Foreign_Exchange,Forward,NDF,UPI,QZ8RFSRL96CF,New,,2023-12-12 13:24:33,JFTXFC,NA/Fwd NDF EUR XAG,EUR XAG,Spot,Forward price of underlying instrument,CASH,Cash,EUR,XAG,USD,,,,,,,,,
1,Foreign_Exchange,Forward,NDF,UPI,QZHJFXDVQNTS,New,,2023-12-13 01:01:33,JFTXFC,NA/Fwd NDF AUD JPY,AUD JPY,Spot,Forward price of underlying instrument,CASH,Cash,AUD,JPY,USD,,,,,,,,,
1,Foreign_Exchange,Forward,NDF,UPI,QZC7N0L0D9CG,New,,2023-12-13 01:01:33,JFTXFC,NA/Fwd NDF JPY SGD,JPY SGD,Spot,Forward price of underlying instrument,CASH,Cash,JPY,SGD,USD,,,,,,,,,
1,Foreign_Exchange,Forward,NDF,UPI,QZ89XVT7TDS0,New,,2023-12-13 01:01:52,JFTXFC,NA/Fwd NDF CAD RUB,CAD RUB,Spot,Forward price of underlying instrument,CASH,Cash,CAD,RUB,CAD,,,,,,,,,
1,Foreign_Exchange,Forward,NDF,UPI,QZFK37D5QFS8,New,,2023-12-13 01:02:24,JFTXFC,NA/Fwd NDF CNY XAG,CNY XAG,Spot,Forward price of underlying instrument,CASH,Cash,CNY,XAG,CNY,,,,,,,,,
1,Foreign_Exchange,Forward,NDF,UPI,QZZ9SLWN1KVZ,New,,2023-12-13 01:02:27,JFTXFC,NA/Fwd NDF AUD RUB,AUD RUB,Spot,Forward price of underlying instrument,CASH,Cash,AUD,RUB,AUD,,,,,,,,,
1,Foreign_Exchange,Forward,NDF,UPI,QZ78RBW1VBTB,New,,2023-12-13 01:02:42,JFTXFC,NA/Fwd NDF BBD BDT,BBD BDT,Spot,Forward price of underlying instrument,CASH,Cash,BBD,BDT,BDT,,,,,,,,,
1,Foreign_Exchange,Forward,NDF,UPI,QZ2K4K0M0K5T,New,,2023-12-13 01:02:49,JFTXFC,NA/Fwd NDF KZT RUB,KZT RUB,Spot,Forward price of underlying instrument,CASH,Cash,KZT,RUB,RUB,,,,,,,,,
1,Foreign_Exchange,Forward,NDF,UPI,QZVP4T2MV49Z,New,,2023-12-13 01:02:50,JFTXFC,NA/Fwd NDF CZK HUF,CZK HUF,Spot,Forward price of underlying instrument,CASH,Cash,CZK,HUF,XXX,,,,,,,,,
1,Foreign_Exchange,Forward,NDF,UPI,QZ842VG0TW8X,New,,2023-12-13 01:02:55,JFTXFC,NA/Fwd NDF CAD XAU,CAD XAU,Spot,Forward price of underlying instrument,CASH,Cash,CAD,XAU,CAD,,,,,,,,,
1,Foreign_Exchange,Forward,NDF,UPI,QZ7W5TGCTQW3,New,,2023-12-13 01:02:55,JFTXFC,NA/Fwd NDF GBP XAU,GBP XAU,Spot,Forward price of underlying instrument,CASH,Cash,GBP,XAU,GBP,,,,,,,,,
1,Foreign_Exchange,Forward,NDF,UPI,QZ1FQBSKCXFG,New,,2023-12-13 01:02:59,JFTXFC,NA/Fwd NDF BRL SGD,BRL SGD,Spot,Forward price of underlying instrument,CASH,Cash,BRL,SGD,SGD,,,,,,,,,
1,Foreign_Exchange,Forward,NDF,UPI,QZH8PV8J8V92,New,,2023-12-13 01:03:00,JFTXFC,NA/Fwd NDF BRL PLN,BRL PLN,Spot,Forward price of underlying instrument,CASH,Cash,BRL,PLN,PLN,,,,,,,,,
1,Foreign_Exchange,Forward,NDF,UPI,QZ438WJ763VW,New,,2023-12-13 01:03:04,JFTXFC,NA/Fwd NDF JPY RUB,JPY RUB,Spot,Forward price of underlying instrument,CASH,Cash,JPY,RUB,RUB,,,,,,,,,
1,Foreign_Exchange,Forward,NDF,UPI,QZSQS93SS2R7,New,,2023-12-13 01:03:09,JFTXFC,NA/Fwd NDF ARS BRL,ARS BRL,Spot,Forward price of underlying instrument,CASH,Cash,ARS,BRL,BRL,,,,,,,,,
1,Foreign_Exchange,Forward,NDF,UPI,QZS20Q030K7D,New,,2023-12-13 01:03:17,JFTXFC,NA/Fwd NDF BRL NZD,BRL NZD,Spot,Forward price of underlying instrument,CASH,Cash,BRL,NZD,BRL,,,,,,,,,
1,Foreign_Exchange,Forward,NDF,UPI,QZXXKCFXJ2TN,New,,2023-12-13 01:04:19,JFTXFC,NA/Fwd NDF HKD IDR,HKD IDR,Spot,Forward price of underlying instrument,CASH,Cash,HKD,IDR,IDR,,,,,,,,,
1,Foreign_Exchange,Forward,NDF,UPI,QZDPXVPW1B2W,New,,2023-12-13 01:04:21,JFTXFC,NA/Fwd NDF ARS DKK,ARS DKK,Spot,Forward price of underlying instrument,CASH,Cash,ARS,DKK,ARS,,,,,,,,,
1,Foreign_Exchange,Forward,NDF,UPI,QZGDHWS21SQ6,New,,2023-12-13 01:04:26,JFTXFC,NA/Fwd NDF PLN RUB,PLN RUB,Spot,Forward price of underlying instrument,CASH,Cash,PLN,RUB,PLN,,,,,,,,,
1,Foreign_Exchange,Forward,NDF,UPI,QZK16ZZ3XG3C,New,,2023-12-13 01:12:16,JFTXFC,NA/Fwd NDF CHF XAU,CHF XAU,Spot,Forward price of underlying instrument,CASH,Cash,CHF,XAU,CHF,,,,,,,,,
1,Foreign_Exchange,Forward,NDF,UPI,QZ60HZWF0CPF,New,,2023-12-13 01:12:22,JFTXFC,NA/Fwd NDF BRL ZAR,BRL ZAR,Spot,Forward price of underlying instrument,CASH,Cash,BRL,ZAR,ZAR,,,,,,,,,
1,Foreign_Exchange,Forward,NDF,UPI,QZF3R16194F6,New,,2023-12-13 01:13:28,JFTXFC,NA/Fwd NDF CHF RUB,CHF RUB,Spot,Forward price of underlying instrument,CASH,Cash,CHF,RUB,RUB,,,,,,,,,
1,Foreign_Exchange,Forward,NDF,UPI,QZQ12348XXPC,New,,2023-12-13 01:13:57,JFTXFC,NA/Fwd NDF NZD RUB,NZD RUB,Spot,Forward price of underlying instrument,CASH,Cash,NZD,RUB,NZD,,,,,,,,,
1,Foreign_Exchange,Forward,NDF,UPI,QZ4NSG9Q29Z1,New,,2023-12-13 01:13:57,JFTXFC,NA/Fwd NDF ARS BRL,ARS BRL,Spot,Forward price of underlying instrument,CASH,Cash,ARS,BRL,ARS,,,,,,,,,
1,Foreign_Exchange,Forward,NDF,UPI,QZNDGSN3ZG8K,New,,2023-12-13 01:14:14,JFTXFC,NA/Fwd NDF MYR PLN,MYR PLN,Spot,Forward price of underlying instrument,CASH,Cash,MYR,PLN,PLN,,,,,,,,,
1,Foreign_Exchange,Forward,NDF,UPI,QZDL73Q41MZL,New,,2023-12-13 01:14:26,JFTXFC,NA/Fwd NDF EUR INR,EUR INR,Spot,Forward price of underlying instrument,CASH,Cash,EUR,INR,XXX,,,,,,,,,
1,Foreign_Exchange,Forward,NDF,UPI,QZCQWG5BB8G4,New,,2023-12-13 01:14:37,JFTXFC,NA/Fwd NDF EUR MVR,EUR MVR,Spot,Forward price of underlying instrument,CASH,Cash,EUR,MVR,EUR,,,,,,,,,
1,Foreign_Exchange,Forward,NDF,UPI,QZ116F6HKQHT,New,,2023-12-13 01:14:40,JFTXFC,NA/Fwd NDF BRL RUB,BRL RUB,Spot,Forward price of underlying instrument,CASH,Cash,BRL,RUB,RUB,,,,,,,,,
1,Foreign_Exchange,Forward,NDF,UPI,QZW9KW587C5P,New,,2023-12-13 01:14:45,JFTXFC,NA/Fwd NDF GBP RUB,GBP RUB,Spot,Forward price of underlying instrument,CASH,Cash,GBP,RUB,RUB,,,,,,,,,
1,Foreign_Exchange,Forward,NDF,UPI,QZW0NWKTCZ6L,New,,2023-12-13 01:15:09,JFTXFC,NA/Fwd NDF IDR TWD,IDR TWD,Spot,Forward price of underlying instrument,CASH,Cash,IDR,TWD,XXX,,,,,,,,,
1,Foreign_Exchange,Forward,NDF,UPI,QZHZCR1N2Q09,New,,2023-12-13 01:15:19,JFTXFC,NA/Fwd NDF AUD PEN,AUD PEN,Spot,Forward price of underlying instrument,CASH,Cash,AUD,PEN,PEN,,,,,,,,,
1,Foreign_Exchange,Forward,NDF,UPI,QZWJ1TV7SM2V,New,,2023-12-13 01:15:19,JFTXFC,NA/Fwd NDF AUD CLP,AUD CLP,Spot,Forward price of underlying instrument,CASH,Cash,AUD,CLP,CLP,,,,,,,,,
1,Foreign_Exchange,Forward,NDF,UPI,QZX0V1KNHMK4,New,,2023-12-13 01:15:20,JFTXFC,NA/Fwd NDF AUD RUB,AUD RUB,Spot,Forward price of underlying instrument,CASH,Cash,AUD,RUB,RUB,,,,,,,,,
1,Foreign_Exchange,Forward,NDF,UPI,QZQN4HGPZNQB,New,,2023-12-13 01:15:22,JFTXFC,NA/Fwd NDF CLP USD,CLP USD,Spot,Forward price of underlying instrument,CASH,Cash,CLP,USD,XXX,,,,,,,,,
1,Foreign_Exchange,Forward,NDF,UPI,QZVJFLXNR56L,New,,2023-12-13 01:15:49,JFTXFC,NA/Fwd NDF BRL JPY,BRL JPY,Spot,Forward price of underlying instrument,CASH,Cash,BRL,JPY,XXX,,,,,,,,,
1,Foreign_Exchange,Forward,NDF,UPI,QZC8N1N27M64,New,,2023-12-13 01:15:51,JFTXFC,NA/Fwd NDF DKK MXN,DKK MXN,Spot,Forward price of underlying instrument,CASH,Cash,DKK,MXN,DKK,,,,,,,,,
1,Foreign_Exchange,Forward,NDF,UPI,QZ3XT3MPCRSR,New,,2023-12-13 01:15:53,JFTXFC,NA/Fwd NDF ARS GBP,ARS GBP,Spot,Forward price of underlying instrument,CASH,Cash,ARS,GBP,ARS,,,,,,,,,
1,Foreign_Exchange,Forward,NDF,UPI,QZ41Q77LKN9V,New,,2023-12-13 01:44:38,JFTXFC,NA/Fwd NDF KZT RUB,KZT RUB,Spot,Forward price of underlying instrument,CASH,Cash,KZT,RUB,USD,,,,,,,,,
1,Foreign_Exchange,Forward,NDF,UPI,QZ59G1MPFVQN,New,,2023-12-13 01:44:41,JFTXFC,NA/Fwd NDF ARS JPY,ARS JPY,Spot,Forward price of underlying instrument,CASH,Cash,ARS,JPY,JPY,,,,,,,,,
1,Foreign_Exchange,Forward,NDF,UPI,QZDJLZSK9G1V,New,,2023-12-13 01:44:44,JFTXFC,NA/Fwd NDF ARS USN,ARS USN,Spot,Forward price of underlying instrument,CASH,Cash,ARS,USN,USN,,,,,,,,,
1,Foreign_Exchange,Forward,NDF,UPI,QZNFLZXGQ9KC,New,,2023-12-13 01:44:44,JFTXFC,NA/Fwd NDF ARS JPY,ARS JPY,Spot,Forward price of underlying instrument,CASH,Cash,ARS,JPY,ARS,,,,,,,,,
1,Foreign_Exchange,Forward,NDF,UPI,QZQ14WJ09NCT,New,,2023-12-13 01:45:06,JFTXFC,NA/Fwd NDF GBP NOK,GBP NOK,Spot,Forward price of underlying instrument,CASH,Cash,GBP,NOK,USD,,,,,,,,,
1,Foreign_Exchange,Forward,NDF,UPI,QZT0RPPVLHKF,New,,2023-12-13 01:45:09,JFTXFC,NA/Fwd NDF ARS CAD,ARS CAD,Spot,Forward price of underlying instrument,CASH,Cash,ARS,CAD,CAD,,,,,,,,,
1,Foreign_Exchange,Forward,NDF,UPI,QZFCWZ9FXJ9S,New,,2023-12-13 01:45:37,JFTXFC,NA/Fwd NDF RUB USD,RUB USD,Spot,Forward price of underlying instrument,CASH,Cash,RUB,USD,XXX,,,,,,,,,
1,Foreign_Exchange,Forward,NDF,UPI,QZ8SHTPCPQJ1,New,,2023-12-13 01:45:51,JFTXFC,NA/Fwd NDF EUR QAR,EUR QAR,Spot,Forward price of underlying instrument,CASH,Cash,EUR,QAR,QAR,,,,,,,,,
1,Foreign_Exchange,Forward,NDF,UPI,QZNS9D3PQK1W,New,,2023-12-13 01:45:53,JFTXFC,NA/Fwd NDF HUF RUB,HUF RUB,Spot,Forward price of underlying instrument,CASH,Cash,HUF,RUB,USD,,,,,,,,,
1,Foreign_Exchange,Forward,NDF,UPI,QZH29DC94B1Z,New,,2023-12-13 01:51:34,JFTXFC,NA/Fwd NDF AUD NZD,AUD NZD,Spot,Forward price of underlying instrument,CASH,Cash,AUD,NZD,USD,,,,,,,,,
1,Foreign_Exchange,Forward,NDF,UPI,QZ2FB2GR7Z2X,New,,2023-12-13 01:51:54,JFTXFC,NA/Fwd NDF CHF IDR,CHF IDR,Spot,Forward price of underlying instrument,CASH,Cash,CHF,IDR,XXX,,,,,,,,,
1,Foreign_Exchange,Forward,NDF,UPI,QZQ9R75PML3H,New,,2023-12-13 01:51:56,JFTXFC,NA/Fwd NDF BRL USD,BRL USD,Spot,Forward price of underlying instrument,CASH,Cash,BRL,USD,XXX,,,,,,,,,
1,Foreign_Exchange,Forward,NDF,UPI,QZ7HMRH2GMPC,New,,2023-12-13 01:52:10,JFTXFC,NA/Fwd NDF SGD THB,SGD THB,Spot,Forward price of underlying instrument,CASH,Cash,SGD,THB,USD,,,,,,,,,
1,Foreign_Exchange,Forward,NDF,UPI,QZ5G91K6JB75,New,,2023-12-13 01:52:21,JFTXFC,NA/Fwd NDF IDR SGD,IDR SGD,Spot,Forward price of underlying instrument,CASH,Cash,IDR,SGD,XXX,,,,,,,,,
1,Foreign_Exchange,Forward,NDF,UPI,QZ5PV1KKP073,New,,2023-12-13 01:52:22,JFTXFC,NA/Fwd NDF JPY KRW,JPY KRW,Spot,Forward price of underlying instrument,CASH,Cash,JPY,KRW,XXX,,,,,,,,,
1,Foreign_Exchange,Forward,NDF,UPI,QZ80LJXM2J9Z,New,,2023-12-13 01:52:30,JFTXFC,NA/Fwd NDF PEN USD,PEN USD,Spot,Forward price of underlying instrument,CASH,Cash,PEN,USD,XXX,,,,,,,,,
1,Foreign_Exchange,Forward,NDF,UPI,QZ9Q2CLL1298,New,,2023-12-13 01:52:43,JFTXFC,NA/Fwd NDF EUR ISK,EUR ISK,Spot,Forward price of underlying instrument,CASH,Cash,EUR,ISK,EUR,,,,,,,,,
1,Foreign_Exchange,Forward,NDF,UPI,QZR3TRLQ1745,New,,2023-12-13 01:52:52,JFTXFC,NA/Fwd NDF CAD NZD,CAD NZD,Spot,Forward price of underlying instrument,CASH,Cash,CAD,NZD,USD,,,,,,,,,
1,Foreign_Exchange,Forward,NDF,UPI,QZFKGLF52KKV,New,,2023-12-13 01:52:52,JFTXFC,NA/Fwd NDF ARS USD,ARS USD,Spot,Forward price of underlying instrument,CASH,Cash,ARS,USD,XXX,,,,,,,,,
1,Foreign_Exchange,Forward,NDF,UPI,QZMK8Q458N3C,New,,2023-12-13 01:53:10,JFTXFC,NA/Fwd NDF BYN USD,BYN USD,Spot,Forward price of underlying instrument,CASH,Cash,BYN,USD,USD,,,,,,,,,
1,Foreign_Exchange,Forward,NDF,UPI,QZDP4L86QBZ0,New,,2023-12-13 01:53:12,JFTXFC,NA/Fwd NDF ARS DKK,ARS DKK,Spot,Forward price of underlying instrument,CASH,Cash,ARS,DKK,DKK,,,,,,,,,
1,Foreign_Exchange,Forward,NDF,UPI,QZ1GD34127GJ,New,,2023-12-13 01:53:59,JFTXFC,NA/Fwd NDF GBP INR,GBP INR,Spot,Forward price of underlying instrument,CASH,Cash,GBP,INR,XXX,,,,,,,,,
1,Foreign_Exchange,Forward,NDF,UPI,QZ8RGQZSJ80L,New,,2023-12-13 01:54:06,JFTXFC,NA/Fwd NDF ARS JPY,ARS JPY,Spot,Forward price of underlying instrument,CASH,Cash,ARS,JPY,USD,,,,,,,,,
1,Foreign_Exchange,Forward,NDF,UPI,QZBVJH048Q68,New,,2023-12-13 01:54:13,JFTXFC,NA/Fwd NDF ARS BRL,ARS BRL,Spot,Forward price of underlying instrument,CASH,Cash,ARS,BRL,USD,,,,,,,,,
1,Foreign_Exchange,Forward,NDF,UPI,QZ4974M9HVB0,New,,2023-12-13 01:54:14,JFTXFC,NA/Fwd NDF GBP ZMW,GBP ZMW,Spot,Forward price of underlying instrument,CASH,Cash,GBP,ZMW,ZMW,,,,,,,,,
1,Foreign_Exchange,Forward,NDF,UPI,QZPCNGH18RJ8,New,,2023-12-13 01:54:16,JFTXFC,NA/Fwd NDF NZD SGD,NZD SGD,Spot,Forward price of underlying instrument,CASH,Cash,NZD,SGD,USD,,,,,,,,,
1,Foreign_Exchange,Forward,NDF,UPI,QZP9S4CWF0QB,New,,2023-12-13 01:54:17,JFTXFC,NA/Fwd NDF CHF SGD,CHF SGD,Spot,Forward price of underlying instrument,CASH,Cash,CHF,SGD,USD,,,,,,,,,
1,Foreign_Exchange,Forward,NDF,UPI,QZXWV4ZQS7DL,New,,2023-12-13 01:54:58,JFTXFC,NA/Fwd NDF USD VEF,USD VEF,Spot,Forward price of underlying instrument,CASH,Cash,USD,VEF,USD,,,,,,,,,
1,Foreign_Exchange,Forward,NDF,UPI,QZN5K4PLRRNS,New,,2023-12-13 01:55:24,JFTXFC,NA/Fwd NDF HKD RUB,HKD RUB,Spot,Forward price of underlying instrument,CASH,Cash,HKD,RUB,RUB,,,,,,,,,
1,Foreign_Exchange,Forward,NDF,UPI,QZBB3NRPT4HH,New,,2023-12-13 01:55:41,JFTXFC,NA/Fwd NDF COP HKD,COP HKD,Spot,Forward price of underlying instrument,CASH,Cash,COP,HKD,COP,,,,,,,,,
1,Foreign_Exchange,Forward,NDF,UPI,QZ6VK77H80W5,New,,2023-12-13 01:55:46,JFTXFC,NA/Fwd NDF AUD PHP,AUD PHP,Spot,Forward price of underlying instrument,CASH,Cash,AUD,PHP,XXX,,,,,,,,,
1,Foreign_Exchange,Forward,NDF,UPI,QZDFDVC5LNSB,New,,2023-12-13 01:56:23,JFTXFC,NA/Fwd NDF CAD RUB,CAD RUB,Spot,Forward price of underlying instrument,CASH,Cash,CAD,RUB,RUB,,,,,,,,,
1,Foreign_Exchange,Forward,NDF,UPI,QZ58CTL3T4KS,New,,2023-12-13 01:56:38,JFTXFC,NA/Fwd NDF GBP UYU,GBP UYU,Spot,Forward price of underlying instrument,CASH,Cash,GBP,UYU,UYU,,,,,,,,,
1,Foreign_Exchange,Forward,NDF,UPI,QZT4DVPG3K23,New,,2023-12-13 01:57:01,JFTXFC,NA/Fwd NDF USD WST,USD WST,Spot,Forward price of underlying instrument,CASH,Cash,USD,WST,USD,,,,,,,,,
1,Foreign_Exchange,Forward,NDF,UPI,QZ45FWP943QB,New,,2023-12-13 02:02:30,JFTXFC,NA/Fwd NDF AUD USD,AUD USD,Spot,Forward price of underlying instrument,CASH,Cash,AUD,USD,BRL,,,,,,,,,
1,Foreign_Exchange,Forward,NDF,UPI,QZ0GRRMFDBD2,New,,2023-12-13 02:03:05,JFTXFC,NA/Fwd NDF BWP SEK,BWP SEK,Spot,Forward price of underlying instrument,CASH,Cash,BWP,SEK,BWP,,,,,,,,,
1,Foreign_Exchange,Forward,NDF,UPI,QZ9ZX1880B3X,New,,2023-12-13 02:03:13,JFTXFC,NA/Fwd NDF USD USN,USD USN,Spot,Forward price of underlying instrument,CASH,Cash,USD,USN,USN,,,,,,,,,
1,Foreign_Exchange,Forward,NDF,UPI,QZ07HNMGJG52,New,,2023-12-13 02:03:58,JFTXFC,NA/Fwd NDF EUR RUB,EUR RUB,Spot,Forward price of underlying instrument,CASH,Cash,EUR,RUB,XXX,,,,,,,,,
1,Foreign_Exchange,Forward,NDF,UPI,QZ942XP51PP3,New,,2023-12-13 02:04:36,JFTXFC,NA/Fwd NDF JPY RUB,JPY RUB,Spot,Forward price of underlying instrument,CASH,Cash,JPY,RUB,USD,,,,,,,,,
1,Foreign_Exchange,Forward,NDF,UPI,QZMS6DFS16S7,New,,2023-12-13 02:07:07,JFTXFC,NA/Fwd NDF RUB ZAR,RUB ZAR,Spot,Forward price of underlying instrument,CASH,Cash,RUB,ZAR,ZAR,,,,,,,,,
1,Foreign_Exchange,Forward,NDF,UPI,QZDJZHX76R4F,New,,2023-12-13 02:08:06,JFTXFC,NA/Fwd NDF ARS EUR,ARS EUR,Spot,Forward price of underlying instrument,CASH,Cash,ARS,EUR,USD,,,,,,,,,
1,Foreign_Exchange,Forward,NDF,UPI,QZSTD6PSTPCV,New,,2023-12-13 02:09:35,JFTXFC,NA/Fwd NDF CLP MXN,CLP MXN,Spot,Forward price of underlying instrument,CASH,Cash,CLP,MXN,CLP,,,,,,,,,
1,Foreign_Exchange,Forward,NDF,UPI,QZJF4VKRC3H1,New,,2023-12-13 02:12:56,JFTXFC,NA/Fwd NDF EUR NGN,EUR NGN,Spot,Forward price of underlying instrument,CASH,Cash,EUR,NGN,USD,,,,,,,,,
1,Foreign_Exchange,Forward,NDF,UPI,QZD9RFMDZ6LN,New,,2023-12-13 02:12:58,JFTXFC,NA/Fwd NDF CHF RUB,CHF RUB,Spot,Forward price of underlying instrument,CASH,Cash,CHF,RUB,XXX,,,,,,,,,
1,Foreign_Exchange,Forward,NDF,UPI,QZLSRKKSJNH2,New,,2023-12-13 02:13:21,JFTXFC,NA/Fwd NDF HRK USD,HRK USD,Spot,Forward price of underlying instrument,CASH,Cash,HRK,USD,USD,,,,,,,,,
1,Foreign_Exchange,Forward,NDF,UPI,QZQRW96ZD49M,New,,2023-12-13 02:13:38,JFTXFC,NA/Fwd NDF CHF RUB,CHF RUB,Spot,Forward price of underlying instrument,CASH,Cash,CHF,RUB,USD,,,,,,,,,
1,Foreign_Exchange,Forward,NDF,UPI,QZKDFB7GB340,New,,2023-12-13 02:15:37,JFTXFC,NA/Fwd NDF NZD VND,NZD VND,Spot,Forward price of underlying instrument,CASH,Cash,NZD,VND,NZD,,,,,,,,,
1,Foreign_Exchange,Forward,NDF,UPI,QZCLP4S5HPN0,New,,2023-12-13 02:16:11,JFTXFC,NA/Fwd NDF BRL HKD,BRL HKD,Spot,Forward price of underlying instrument,CASH,Cash,BRL,HKD,BRL,,,,,,,,,
1,Foreign_Exchange,Forward,NDF,UPI,QZ5PR86VFM1P,New,,2023-12-13 02:16:52,JFTXFC,NA/Fwd NDF KZT RUB,KZT RUB,Spot,Forward price of underlying instrument,CASH,Cash,KZT,RUB,KZT,,,,,,,,,
1,Foreign_Exchange,Forward,NDF,UPI,QZTDLT1P34ST,New,,2023-12-13 02:17:10,JFTXFC,NA/Fwd NDF ARS CHF,ARS CHF,Spot,Forward price of underlying instrument,CASH,Cash,ARS,CHF,ARS,,,,,,,,,
1,Foreign_Exchange,Forward,NDF,UPI,QZBL9K8HTD8M,New,,2023-12-13 02:17:19,JFTXFC,NA/Fwd NDF GBP THB,GBP THB,Spot,Forward price of underlying instrument,CASH,Cash,GBP,THB,USD,,,,,,,,,
1,Foreign_Exchange,Forward,NDF,UPI,QZBGRFCM8TK6,New,,2023-12-13 02:17:19,JFTXFC,NA/Fwd NDF HKD KRW,HKD KRW,Spot,Forward price of underlying instrument,CASH,Cash,HKD,KRW,XXX,,,,,,,,,
1,Foreign_Exchange,Forward,NDF,UPI,QZ0NVV0PB688,New,,2023-12-13 02:17:37,JFTXFC,NA/Fwd NDF KMF USD,KMF USD,Spot,Forward price of underlying instrument,CASH,Cash,KMF,USD,USD,,,,,,,,,
1,Foreign_Exchange,Forward,NDF,UPI,QZZQ5X77XXXR,New,,2023-12-13 02:17:38,JFTXFC,NA/Fwd NDF INR PKR,INR PKR,Spot,Forward price of underlying instrument,CASH,Cash,INR,PKR,PKR,,,,,,,,,
1,Foreign_Exchange,Forward,NDF,UPI,QZ6CN4XKG3QR,New,,2023-12-13 02:18:17,JFTXFC,NA/Fwd NDF JPY TWD,JPY TWD,Spot,Forward price of underlying instrument,CASH,Cash,JPY,TWD,XXX,,,,,,,,,
1,Foreign_Exchange,Forward,NDF,UPI,QZJTVXTGLK6C,New,,2023-12-13 02:19:16,JFTXFC,NA/Fwd NDF GBP GHS,GBP GHS,Spot,Forward price of underlying instrument,CASH,Cash,GBP,GHS,GHS,,,,,,,,,
1,Foreign_Exchange,Forward,NDF,UPI,QZ51GFK4NM34,New,,2023-12-13 02:19:47,JFTXFC,NA/Fwd NDF MXN PEN,MXN PEN,Spot,Forward price of underlying instrument,CASH,Cash,MXN,PEN,MXN,,,,,,,,,
1,Foreign_Exchange,Forward,NDF,UPI,QZ21JGL9XNR9,New,,2023-12-13 02:19:52,JFTXFC,NA/Fwd NDF BRL MXN,BRL MXN,Spot,Forward price of underlying instrument,CASH,Cash,BRL,MXN,XXX,,,,,,,,,
1,Foreign_Exchange,Forward,NDF,UPI,QZNWXXW42H4S,New,,2023-12-13 02:19:54,JFTXFC,NA/Fwd NDF CAD GBP,CAD GBP,Spot,Forward price of underlying instrument,CASH,Cash,CAD,GBP,USD,,,,,,,,,
1,Foreign_Exchange,Forward,NDF,UPI,QZ8PH5GMM4T2,New,,2023-12-13 02:20:03,JFTXFC,NA/Fwd NDF BOB USD,BOB USD,Spot,Forward price of underlying instrument,CASH,Cash,BOB,USD,USD,,,,,,,,,
1,Foreign_Exchange,Forward,NDF,UPI,QZFS9X18397C,New,,2023-12-13 02:20:03,JFTXFC,NA/Fwd NDF DJF USD,DJF USD,Spot,Forward price of underlying instrument,CASH,Cash,DJF,USD,USD,,,,,,,,,
1,Foreign_Exchange,Forward,NDF,UPI,QZCRCXRF4TKF,New,,2023-12-13 02:20:05,JFTXFC,NA/Fwd NDF CAD RUB,CAD RUB,Spot,Forward price of underlying instrument,CASH,Cash,CAD,RUB,USD,,,,,,,,,
1,Foreign_Exchange,Forward,NDF,UPI,QZW28B6P2PTB,New,,2023-12-13 02:20:09,JFTXFC,NA/Fwd NDF EUR KRW,EUR KRW,Spot,Forward price of underlying instrument,CASH,Cash,EUR,KRW,XXX,,,,,,,,,
1,Foreign_Exchange,Forward,NDF,UPI,QZJWF0XTGZ7F,New,,2023-12-13 02:20:13,JFTXFC,NA/Fwd NDF HUF RUB,HUF RUB,Spot,Forward price of underlying instrument,CASH,Cash,HUF,RUB,HUF,,,,,,,,,
1,Foreign_Exchange,Forward,NDF,UPI,QZ59N8Q4BMCM,New,,2023-12-13 02:20:43,JFTXFC,NA/Fwd NDF EUR TWD,EUR TWD,Spot,Forward price of underlying instrument,CASH,Cash,EUR,TWD,XXX,,,,,,,,,
1,Foreign_Exchange,Forward,NDF,UPI,QZWB20PBDHHW,New,,2023-12-13 02:20:52,JFTXFC,NA/Fwd NDF IDR JPY,IDR JPY,Spot,Forward price of underlying instrument,CASH,Cash,IDR,JPY,XXX,,,,,,,,,
1,Foreign_Exchange,Forward,NDF,UPI,QZTXKP290PCG,New,,2023-12-13 02:20:53,JFTXFC,NA/Fwd NDF CNY TWD,CNY TWD,Spot,Forward price of underlying instrument,CASH,Cash,CNY,TWD,XXX,,,,,,,,,
1,Foreign_Exchange,Forward,NDF,UPI,QZ80KZX3739L,New,,2023-12-13 02:22:20,JFTXFC,NA/Fwd NDF TRY ZAR,TRY ZAR,Spot,Forward price of underlying instrument,CASH,Cash,TRY,ZAR,TRY,,,,,,,,,
1,Foreign_Exchange,Forward,NDF,UPI,QZW7W56DSNF1,New,,2023-12-13 02:22:20,JFTXFC,NA/Fwd NDF HUF RUB,HUF RUB,Spot,Forward price of underlying instrument,CASH,Cash,HUF,RUB,RUB,,,,,,,,,
1,Foreign_Exchange,Forward,NDF,UPI,QZ22MD2W6PJS,New,,2023-12-13 02:22:32,JFTXFC,NA/Fwd NDF BHD USD,BHD USD,Spot,Forward price of underlying instrument,CASH,Cash,BHD,USD,BHD,,,,,,,,,
1,Foreign_Exchange,Forward,NDF,UPI,QZXV1VN7M87S,New,,2023-12-13 02:22:36,JFTXFC,NA/Fwd NDF USD VUV,USD VUV,Spot,Forward price of underlying instrument,CASH,Cash,USD,VUV,USD,,,,,,,,,
1,Foreign_Exchange,Forward,NDF,UPI,QZXVD1N2KK3B,New,,2023-12-13 02:23:48,JFTXFC,NA/Fwd NDF BRL PYG,BRL PYG,Spot,Forward price of underlying instrument,CASH,Cash,BRL,PYG,BRL,,,,,,,,,
1,Foreign_Exchange,Forward,NDF,UPI,QZ5WH94W2BGT,New,,2023-12-13 02:24:31,JFTXFC,NA/Fwd NDF BRL CHF,BRL CHF,Spot,Forward price of underlying instrument,CASH,Cash,BRL,CHF,XXX,,,,,,,,,
1,Foreign_Exchange,Forward,NDF,UPI,QZR0JKPS1BPH,New,,2023-12-13 02:25:10,JFTXFC,NA/Fwd NDF CHF INR,CHF INR,Spot,Forward price of underlying instrument,CASH,Cash,CHF,INR,XXX,,,,,,,,,
1,Foreign_Exchange,Forward,NDF,UPI,QZQVVXQNB5L5,New,,2023-12-13 02:25:31,JFTXFC,NA/Fwd NDF BBD USD,BBD USD,Spot,Forward price of underlying instrument,CASH,Cash,BBD,USD,USD,,,,,,,,,
1,Foreign_Exchange,Forward,NDF,UPI,QZKCJF4RFFL9,New,,2023-12-13 02:25:31,JFTXFC,NA/Fwd NDF USD XCD,USD XCD,Spot,Forward price of underlying instrument,CASH,Cash,USD,XCD,USD,,,,,,,,,
1,Foreign_Exchange,Forward,NDF,UPI,QZ90DDWFMLW7,New,,2023-12-13 02:25:48,JFTXFC,NA/Fwd NDF COP USD,COP USD,Spot,Forward price of underlying instrument,CASH,Cash,COP,USD,XXX,,,,,,,,,
1,Foreign_Exchange,Forward,NDF,UPI,QZHDST4CPT92,New,,2023-12-13 02:26:26,JFTXFC,NA/Fwd NDF BRL HUF,BRL HUF,Spot,Forward price of underlying instrument,CASH,Cash,BRL,HUF,HUF,,,,,,,,,
1,Foreign_Exchange,Forward,NDF,UPI,QZF6MWXB9MW8,New,,2023-12-13 02:26:27,JFTXFC,NA/Fwd NDF CNY JPY,CNY JPY,Spot,Forward price of underlying instrument,CASH,Cash,CNY,JPY,EUR,,,,,,,,,
1,Foreign_Exchange,Forward,NDF,UPI,QZ75QCPMWDLM,New,,2023-12-13 02:26:31,JFTXFC,NA/Fwd NDF RUB SEK,RUB SEK,Spot,Forward price of underlying instrument,CASH,Cash,RUB,SEK,SEK,,,,,,,,,
1,Foreign_Exchange,Forward,NDF,UPI,QZKP9Q9VM047,New,,2023-12-13 02:26:38,JFTXFC,NA/Fwd NDF CAD UYU,CAD UYU,Spot,Forward price of underlying instrument,CASH,Cash,CAD,UYU,UYU,,,,,,,,,
1,Foreign_Exchange,Forward,NDF,UPI,QZDX7BKHRL2R,New,,2023-12-13 02:26:39,JFTXFC,NA/Fwd NDF BRL TRY,BRL TRY,Spot,Forward price of underlying instrument,CASH,Cash,BRL,TRY,BRL,,,,,,,,,
1,Foreign_Exchange,Forward,NDF,UPI,QZ6CJX3GZQH9,New,,2023-12-13 02:26:42,JFTXFC,NA/Fwd NDF CLP MXN,CLP MXN,Spot,Forward price of underlying instrument,CASH,Cash,CLP,MXN,USD,,,,,,,,,
1,Foreign_Exchange,Forward,NDF,UPI,QZJ5W2QPZ3PD,New,,2023-12-13 02:27:04,JFTXFC,NA/Fwd NDF DKK RUB,DKK RUB,Spot,Forward price of underlying instrument,CASH,Cash,DKK,RUB,DKK,,,,,,,,,
1,Foreign_Exchange,Forward,NDF,UPI,QZDQJD44M85D,New,,2023-12-13 02:27:04,JFTXFC,NA/Fwd NDF IDR PLN,IDR PLN,Spot,Forward price of underlying instrument,CASH,Cash,IDR,PLN,PLN,,,,,,,,,
1,Foreign_Exchange,Forward,NDF,UPI,QZ18GX5PN37Q,New,,2023-12-13 02:27:05,JFTXFC,NA/Fwd NDF ARS USD,ARS USD,Spot,Forward price of underlying instrument,CASH,Cash,ARS,USD,BRL,,,,,,,,,
1,Foreign_Exchange,Forward,NDF,UPI,QZ5W4731QPS3,New,,2023-12-13 02:27:14,JFTXFC,NA/Fwd NDF CZK TWD,CZK TWD,Spot,Forward price of underlying instrument,CASH,Cash,CZK,TWD,TWD,,,,,,,,,
1,Foreign_Exchange,Forward,NDF,UPI,QZ7C7QW38FRD,New,,2023-12-13 02:29:23,JFTXFC,NA/Fwd NDF GBP RUB,GBP RUB,Spot,Forward price of underlying instrument,CASH,Cash,GBP,RUB,XXX,,,,,,,,,
1,Foreign_Exchange,Forward,NDF,UPI,QZVF668KX235,New,,2023-12-13 02:29:36,JFTXFC,NA/Fwd NDF INR RUB,INR RUB,Spot,Forward price of underlying instrument,CASH,Cash,INR,RUB,XXX,,,,,,,,,
1,Foreign_Exchange,Forward,NDF,UPI,QZLN7HPMNDN1,New,,2023-12-13 02:29:37,JFTXFC,NA/Fwd NDF BRL ZAR,BRL ZAR,Spot,Forward price of underlying instrument,CASH,Cash,BRL,ZAR,XXX,,,,,,,,,
1,Foreign_Exchange,Forward,NDF,UPI,QZ18K6T4N9W5,New,,2023-12-13 02:30:40,JFTXFC,NA/Fwd NDF BRL EUR,BRL EUR,Spot,Forward price of underlying instrument,CASH,Cash,BRL,EUR,XXX,,,,,,,,,
1,Foreign_Exchange,Forward,NDF,UPI,QZT8MMSKTFZ1,New,,2023-12-13 02:31:51,JFTXFC,NA/Fwd NDF BRL TOP,BRL TOP,Spot,Forward price of underlying instrument,CASH,Cash,BRL,TOP,TOP,,,,,,,,,
1,Foreign_Exchange,Forward,NDF,UPI,QZDSBK0SNP01,New,,2023-12-13 02:31:54,JFTXFC,NA/Fwd NDF BRL TOP,BRL TOP,Spot,Forward price of underlying instrument,CASH,Cash,BRL,TOP,BRL,,,,,,,,,
1,Foreign_Exchange,Forward,NDF,UPI,QZGMSSL57S77,New,,2023-12-13 02:31:54,JFTXFC,NA/Fwd NDF COP MXN,COP MXN,Spot,Forward price of underlying instrument,CASH,Cash,COP,MXN,COP,,,,,,,,,
1,Foreign_Exchange,Forward,NDF,UPI,QZJR63NC1TR1,New,,2023-12-13 02:32:50,JFTXFC,NA/Fwd NDF COP HKD,COP HKD,Spot,Forward price of underlying instrument,CASH,Cash,COP,HKD,USD,,,,,,,,,
1,Foreign_Exchange,Forward,NDF,UPI,QZV1BT8NZ91D,New,,2023-12-13 02:32:51,JFTXFC,NA/Fwd NDF HKD PHP,HKD PHP,Spot,Forward price of underlying instrument,CASH,Cash,HKD,PHP,USD,,,,,,,,,
1,Foreign_Exchange,Forward,NDF,UPI,QZF1K4B64BC3,New,,2023-12-13 02:32:53,JFTXFC,NA/Fwd NDF BRL SGD,BRL SGD,Spot,Forward price of underlying instrument,CASH,Cash,BRL,SGD,USD,,,,,,,,,
1,Foreign_Exchange,Forward,NDF,UPI,QZQXPCPS9C5B,New,,2023-12-13 02:32:53,JFTXFC,NA/Fwd NDF ARS GBP,ARS GBP,Spot,Forward price of underlying instrument,CASH,Cash,ARS,GBP,USD,,,,,,,,,
1,Foreign_Exchange,Forward,NDF,UPI,QZGVWJNHN5H7,New,,2023-12-13 02:32:55,JFTXFC,NA/Fwd NDF GBP RUB,GBP RUB,Spot,Forward price of underlying instrument,CASH,Cash,GBP,RUB,USD,,,,,,,,,
1,Foreign_Exchange,Forward,NDF,UPI,QZLFXLHFPLHN,New,,2023-12-13 02:32:58,JFTXFC,NA/Fwd NDF AUD RUB,AUD RUB,Spot,Forward price of underlying instrument,CASH,Cash,AUD,RUB,USD,,,,,,,,,
1,Foreign_Exchange,Forward,NDF,UPI,QZHBWF2W7TWQ,New,,2023-12-13 02:33:06,JFTXFC,NA/Fwd NDF ARS CHF,ARS CHF,Spot,Forward price of underlying instrument,CASH,Cash,ARS,CHF,USD,,,,,,,,,
1,Foreign_Exchange,Forward,NDF,UPI,QZBXJFZKZKBN,New,,2023-12-13 02:33:09,JFTXFC,NA/Fwd NDF HKD RUB,HKD RUB,Spot,Forward price of underlying instrument,CASH,Cash,HKD,RUB,HKD,,,,,,,,,
1,Foreign_Exchange,Forward,NDF,UPI,QZN17PG1N4MX,New,,2023-12-13 02:33:09,JFTXFC,NA/Fwd NDF HKD RUB,HKD RUB,Spot,Forward price of underlying instrument,CASH,Cash,HKD,RUB,USD,,,,,,,,,
1,Foreign_Exchange,Forward,NDF,UPI,QZSC61VZ2G9N,New,,2023-12-13 02:33:24,JFTXFC,NA/Fwd NDF EUR UYU,EUR UYU,Spot,Forward price of underlying instrument,CASH,Cash,EUR,UYU,USD,,,,,,,,,
1,Foreign_Exchange,Forward,NDF,UPI,QZV2KN8V7DLJ,New,,2023-12-13 02:34:06,JFTXFC,NA/Fwd NDF INR KRW,INR KRW,Spot,Forward price of underlying instrument,CASH,Cash,INR,KRW,INR,,,,,,,,,
1,Foreign_Exchange,Forward,NDF,UPI,QZ8639GHNT0Q,New,,2023-12-13 02:42:06,JFTXFC,NA/Fwd NDF NPR USD,NPR USD,Spot,Forward price of underlying instrument,CASH,Cash,NPR,USD,USD,,,,,,,,,
1,Foreign_Exchange,Forward,NDF,UPI,QZ1SJ5B80WKW,New,,2023-12-13 02:42:13,JFTXFC,NA/Fwd NDF INR MYR,INR MYR,Spot,Forward price of underlying instrument,CASH,Cash,INR,MYR,INR,,,,,,,,,
1,Foreign_Exchange,Forward,NDF,UPI,QZV6W119N0JB,New,,2023-12-13 02:42:39,JFTXFC,NA/Fwd NDF CNY XPT,CNY XPT,Spot,Forward price of underlying instrument,CASH,Cash,CNY,XPT,CNY,,,,,,,,,
1,Foreign_Exchange,Forward,NDF,UPI,QZNNJF2L03WX,New,,2023-12-13 02:42:40,JFTXFC,NA/Fwd NDF AED INR,AED INR,Spot,Forward price of underlying instrument,CASH,Cash,AED,INR,INR,,,,,,,,,
1,Foreign_Exchange,Forward,NDF,UPI,QZ2RXK1T0GLG,New,,2023-12-13 02:42:40,JFTXFC,NA/Fwd NDF AED INR,AED INR,Spot,Forward price of underlying instrument,CASH,Cash,AED,INR,USD,,,,,,,,,
1,Foreign_Exchange,Forward,NDF,UPI,QZPNBHLHMH1B,New,,2023-12-13 02:42:44,JFTXFC,NA/Fwd NDF RUB ZAR,RUB ZAR,Spot,Forward price of underlying instrument,CASH,Cash,RUB,ZAR,USD,,,,,,,,,
1,Foreign_Exchange,Forward,NDF,UPI,QZ8CSRGQC1RR,New,,2023-12-13 02:42:44,JFTXFC,NA/Fwd NDF CAD NGN,CAD NGN,Spot,Forward price of underlying instrument,CASH,Cash,CAD,NGN,CAD,,,,,,,,,
1,Foreign_Exchange,Forward,NDF,UPI,QZFPG06JJ2HL,New,,2023-12-13 02:42:45,JFTXFC,NA/Fwd NDF EUR USD,EUR USD,Spot,Forward price of underlying instrument,CASH,Cash,EUR,USD,XXX,,,,,,,,,
1,Foreign_Exchange,Forward,NDF,UPI,QZ0KDPHKTS5Z,New,,2023-12-13 02:43:15,JFTXFC,NA/Fwd NDF KES QAR,KES QAR,Spot,Forward price of underlying instrument,CASH,Cash,KES,QAR,QAR,,,,,,,,,
1,Foreign_Exchange,Forward,NDF,UPI,QZ01KQGM3RRH,New,,2023-12-13 02:43:19,JFTXFC,NA/Fwd NDF BRL RUB,BRL RUB,Spot,Forward price of underlying instrument,CASH,Cash,BRL,RUB,BRL,,,,,,,,,
1,Foreign_Exchange,Forward,NDF,UPI,QZ6PRGHS20X4,New,,2023-12-13 02:43:20,JFTXFC,NA/Fwd NDF PLN RUB,PLN RUB,Spot,Forward price of underlying instrument,CASH,Cash,PLN,RUB,RUB,,,,,,,,,
1,Foreign_Exchange,Forward,NDF,UPI,QZ89F04SBJJT,New,,2023-12-13 02:43:25,JFTXFC,NA/Fwd NDF EUR RON,EUR RON,Spot,Forward price of underlying instrument,CASH,Cash,EUR,RON,USD,,,,,,,,,
1,Foreign_Exchange,Forward,NDF,UPI,QZ4KJB14C59D,New,,2023-12-13 02:43:57,JFTXFC,NA/Fwd NDF KRW NZD,KRW NZD,Spot,Forward price of underlying instrument,CASH,Cash,KRW,NZD,XXX,,,,,,,,,
1,Foreign_Exchange,Forward,NDF,UPI,QZLV1SXXTZJL,New,,2023-12-13 02:44:00,JFTXFC,NA/Fwd NDF KES XOF,KES XOF,Spot,Forward price of underlying instrument,CASH,Cash,KES,XOF,XOF,,,,,,,,,
1,Foreign_Exchange,Forward,NDF,UPI,QZKZMBB475CK,New,,2023-12-13 02:44:02,JFTXFC,NA/Fwd NDF BRL CZK,BRL CZK,Spot,Forward price of underlying instrument,CASH,Cash,BRL,CZK,CZK,,,,,,,,,
1,Foreign_Exchange,Forward,NDF,UPI,QZ80517VZTWB,New,,2023-12-13 02:44:21,JFTXFC,NA/Fwd NDF AED THB,AED THB,Spot,Forward price of underlying instrument,CASH,Cash,AED,THB,USD,,,,,,,,,
1,Foreign_Exchange,Forward,NDF,UPI,QZNCP6SQTQSH,New,,2023-12-13 02:44:22,JFTXFC,NA/Fwd NDF CAD KZT,CAD KZT,Spot,Forward price of underlying instrument,CASH,Cash,CAD,KZT,CAD,,,,,,,,,
1,Foreign_Exchange,Forward,NDF,UPI,QZ31PFWBG750,New,,2023-12-13 02:44:23,JFTXFC,NA/Fwd NDF IDR ZAR,IDR ZAR,Spot,Forward price of underlying instrument,CASH,Cash,IDR,ZAR,ZAR,,,,,,,,,
1,Foreign_Exchange,Forward,NDF,UPI,QZPD6J8HWKVG,New,,2023-12-13 02:44:24,JFTXFC,NA/Fwd NDF AED ARS,AED ARS,Spot,Forward price of underlying instrument,CASH,Cash,AED,ARS,AED,,,,,,,,,
1,Foreign_Exchange,Forward,NDF,UPI,QZGM0QNNVDJ3,New,,2023-12-13 02:44:45,JFTXFC,NA/Fwd NDF NOK RUB,NOK RUB,Spot,Forward price of underlying instrument,CASH,Cash,NOK,RUB,NOK,,,,,,,,,
1,Foreign_Exchange,Forward,NDF,UPI,QZTMHSP4NT3T,New,,2023-12-13 02:45:46,JFTXFC,NA/Fwd NDF AUD EGP,AUD EGP,Spot,Forward price of underlying instrument,CASH,Cash,AUD,EGP,USD,,,,,,,,,
1,Foreign_Exchange,Forward,NDF,UPI,QZJTC4G7TPC7,New,,2023-12-13 02:46:18,JFTXFC,NA/Fwd NDF CRC EUR,CRC EUR,Spot,Forward price of underlying instrument,CASH,Cash,CRC,EUR,CRC,,,,,,,,,
1,Foreign_Exchange,Forward,NDF,UPI,QZV64RQBJ2RW,New,,2023-12-13 02:46:32,JFTXFC,NA/Fwd NDF CAD NGN,CAD NGN,Spot,Forward price of underlying instrument,CASH,Cash,CAD,NGN,NGN,,,,,,,,,
1,Foreign_Exchange,Forward,NDF,UPI,QZ8JCHHTZ9SJ,New,,2023-12-13 02:46:32,JFTXFC,NA/Fwd NDF GBP LKR,GBP LKR,Spot,Forward price of underlying instrument,CASH,Cash,GBP,LKR,GBP,,,,,,,,,
1,Foreign_Exchange,Forward,NDF,UPI,QZ5DGWTVSDMX,New,,2023-12-13 02:46:34,JFTXFC,NA/Fwd NDF CAD UYU,CAD UYU,Spot,Forward price of underlying instrument,CASH,Cash,CAD,UYU,CAD,,,,,,,,,
1,Foreign_Exchange,Forward,NDF,UPI,QZ7MCND0CR47,New,,2023-12-13 02:46:45,JFTXFC,NA/Fwd NDF CAD KZT,CAD KZT,Spot,Forward price of underlying instrument,CASH,Cash,CAD,KZT,KZT,,,,,,,,,
1,Foreign_Exchange,Forward,NDF,UPI,QZSTFXR73Z90,New,,2023-12-13 02:46:48,JFTXFC,NA/Fwd NDF ARS CAD,ARS CAD,Spot,Forward price of underlying instrument,CASH,Cash,ARS,CAD,ARS,,,,,,,,,
1,Foreign_Exchange,Forward,NDF,UPI,QZ5TXDGXJZJ0,New,,2023-12-13 02:47:47,JFTXFC,NA/Fwd NDF CZK EUR,CZK EUR,Spot,Forward price of underlying instrument,CASH,Cash,CZK,EUR,USD,,,,,,,,,
1,Foreign_Exchange,Forward,NDF,UPI,QZSTJXJPZHWP,New,,2023-12-13 02:47:56,JFTXFC,NA/Fwd NDF BRL INR,BRL INR,Spot,Forward price of underlying instrument,CASH,Cash,BRL,INR,INR,,,,,,,,,
1,Foreign_Exchange,Forward,NDF,UPI,QZNCPVP2MBX1,New,,2023-12-13 02:49:03,JFTXFC,NA/Fwd NDF RUB SGD,RUB SGD,Spot,Forward price of underlying instrument,CASH,Cash,RUB,SGD,USD,,,,,,,,,
1,Foreign_Exchange,Forward,NDF,UPI,QZ54V9MFWPR9,New,,2023-12-13 02:50:05,JFTXFC,NA/Fwd NDF GTQ USD,GTQ USD,Spot,Forward price of underlying instrument,CASH,Cash,GTQ,USD,GTQ,,,,,,,,,
1,Foreign_Exchange,Forward,NDF,UPI,QZ8HLCSSRP6W,New,,2023-12-13 02:50:13,JFTXFC,NA/Fwd NDF JPY TRY,JPY TRY,Spot,Forward price of underlying instrument,CASH,Cash,JPY,TRY,JPY,,,,,,,,,
1,Foreign_Exchange,Forward,NDF,UPI,QZL8NDL91VDV,New,,2023-12-13 02:50:15,JFTXFC,NA/Fwd NDF HNL USD,HNL USD,Spot,Forward price of underlying instrument,CASH,Cash,HNL,USD,HNL,,,,,,,,,
1,Foreign_Exchange,Forward,NDF,UPI,QZM1Z6782HL3,New,,2023-12-13 02:50:24,JFTXFC,NA/Fwd NDF XAU ZAR,XAU ZAR,Spot,Forward price of underlying instrument,CASH,Cash,XAU,ZAR,USD,,,,,,,,,
1,Foreign_Exchange,Forward,NDF,UPI,QZNQ30JTB5NX,New,,2023-12-13 02:53:31,JFTXFC,NA/Fwd NDF BRL HKD,BRL HKD,Spot,Forward price of underlying instrument,CASH,Cash,BRL,HKD,USD,,,,,,,,,
1,Foreign_Exchange,Forward,NDF,UPI,QZQXC1JTZVWZ,New,,2023-12-13 02:53:31,JFTXFC,NA/Fwd NDF TRY ZAR,TRY ZAR,Spot,Forward price of underlying instrument,CASH,Cash,TRY,ZAR,USD,,,,,,,,,
1,Foreign_Exchange,Forward,NDF,UPI,QZ1SN27C0T6N,New,,2023-12-13 03:04:10,JFTXFC,NA/Fwd NDF ARS HKD,ARS HKD,Spot,Forward price of underlying instrument,CASH,Cash,ARS,HKD,HKD,,,,,,,,,
1,Foreign_Exchange,Forward,NDF,UPI,QZ8Q3G86B8P9,New,,2023-12-13 03:04:11,JFTXFC,NA/Fwd NDF RUB SGD,RUB SGD,Spot,Forward price of underlying instrument,CASH,Cash,RUB,SGD,SGD,,,,,,,,,
1,Foreign_Exchange,Forward,NDF,UPI,QZBLTCGWVLG0,New,,2023-12-13 03:04:21,JFTXFC,NA/Fwd NDF CNY SGD,CNY SGD,Spot,Forward price of underlying instrument,CASH,Cash,CNY,SGD,XXX,,,,,,,,,
1,Foreign_Exchange,Forward,NDF,UPI,QZNLPGN5GP30,New,,2023-12-13 03:04:22,JFTXFC,NA/Fwd NDF EUR USD,EUR USD,Spot,Forward price of underlying instrument,CASH,Cash,EUR,USD,KRW,,,,,,,,,
1,Foreign_Exchange,Forward,NDF,UPI,QZXC23XFTCJM,New,,2023-12-13 03:04:27,JFTXFC,NA/Fwd NDF MAD RON,MAD RON,Spot,Forward price of underlying instrument,CASH,Cash,MAD,RON,MAD,,,,,,,,,
1,Foreign_Exchange,Forward,NDF,UPI,QZT1L48DXH38,New,,2023-12-13 03:04:50,JFTXFC,NA/Fwd NDF GBP XAF,GBP XAF,Spot,Forward price of underlying instrument,CASH,Cash,GBP,XAF,GBP,,,,,,,,,
1,Foreign_Exchange,Forward,NDF,UPI,QZDXZBQ14XRC,New,,2023-12-13 03:04:51,JFTXFC,NA/Fwd NDF CZK HKD,CZK HKD,Spot,Forward price of underlying instrument,CASH,Cash,CZK,HKD,HKD,,,,,,,,,
1,Foreign_Exchange,Forward,NDF,UPI,QZ1LJQ42G1RP,New,,2023-12-13 03:04:52,JFTXFC,NA/Fwd NDF CHF HUF,CHF HUF,Spot,Forward price of underlying instrument,CASH,Cash,CHF,HUF,USD,,,,,,,,,
1,Foreign_Exchange,Forward,NDF,UPI,QZHZ8JZBR73F,New,,2023-12-13 03:04:53,JFTXFC,NA/Fwd NDF CHF HUF,CHF HUF,Spot,Forward price of underlying instrument,CASH,Cash,CHF,HUF,HUF,,,,,,,,,
1,Foreign_Exchange,Forward,NDF,UPI,QZKXGCBMV9LT,New,,2023-12-13 03:04:58,JFTXFC,NA/Fwd NDF CZK RUB,CZK RUB,Spot,Forward price of underlying instrument,CASH,Cash,CZK,RUB,CZK,,,,,,,,,
1,Foreign_Exchange,Forward,NDF,UPI,QZ3XMK6XM935,New,,2023-12-13 03:04:59,JFTXFC,NA/Fwd NDF TOP USD,TOP USD,Spot,Forward price of underlying instrument,CASH,Cash,TOP,USD,USD,,,,,,,,,
1,Foreign_Exchange,Forward,NDF,UPI,QZBPXZCGB41V,New,,2023-12-13 03:05:03,JFTXFC,NA/Fwd NDF SEK TWD,SEK TWD,Spot,Forward price of underlying instrument,CASH,Cash,SEK,TWD,USD,,,,,,,,,
1,Foreign_Exchange,Forward,NDF,UPI,QZNVDG2VFMBG,New,,2023-12-13 03:05:07,JFTXFC,NA/Fwd NDF AUD UYU,AUD UYU,Spot,Forward price of underlying instrument,CASH,Cash,AUD,UYU,AUD,,,,,,,,,
1,Foreign_Exchange,Forward,NDF,UPI,QZ4D9XR48BJR,New,,2023-12-13 03:05:13,JFTXFC,NA/Fwd NDF CAD ZAR,CAD ZAR,Spot,Forward price of underlying instrument,CASH,Cash,CAD,ZAR,USD,,,,,,,,,
1,Foreign_Exchange,Forward,NDF,UPI,QZML6FZTS3GJ,New,,2023-12-13 03:05:21,JFTXFC,NA/Fwd NDF AUD UYU,AUD UYU,Spot,Forward price of underlying instrument,CASH,Cash,AUD,UYU,UYU,,,,,,,,,
1,Foreign_Exchange,Forward,NDF,UPI,QZK2TD257FLM,New,,2023-12-13 03:05:58,JFTXFC,NA/Fwd NDF HRK RUB,HRK RUB,Spot,Forward price of underlying instrument,CASH,Cash,HRK,RUB,HRK,,,,,,,,,
1,Foreign_Exchange,Forward,NDF,UPI,QZT4ZTG7C8DN,New,,2023-12-13 03:06:11,JFTXFC,NA/Fwd NDF AUD CNY,AUD CNY,Spot,Forward price of underlying instrument,CASH,Cash,AUD,CNY,XXX,,,,,,,,,
1,Foreign_Exchange,Forward,NDF,UPI,QZDSX745NVWV,New,,2023-12-13 03:06:46,JFTXFC,NA/Fwd NDF CLP PLN,CLP PLN,Spot,Forward price of underlying instrument,CASH,Cash,CLP,PLN,CLP,,,,,,,,,
1,Foreign_Exchange,Forward,NDF,UPI,QZBKKBJ4C9K8,New,,2023-12-13 03:06:46,JFTXFC,NA/Fwd NDF CLP PLN,CLP PLN,Spot,Forward price of underlying instrument,CASH,Cash,CLP,PLN,USD,,,,,,,,,
1,Foreign_Exchange,Forward,NDF,UPI,QZD87RB05506,New,,2023-12-13 03:06:53,JFTXFC,NA/Fwd NDF KRW PLN,KRW PLN,Spot,Forward price of underlying instrument,CASH,Cash,KRW,PLN,XXX,,,,,,,,,
1,Foreign_Exchange,Forward,NDF,UPI,QZNN64KGBTM1,New,,2023-12-13 03:07:19,JFTXFC,NA/Fwd NDF NIO USD,NIO USD,Spot,Forward price of underlying instrument,CASH,Cash,NIO,USD,USD,,,,,,,,,
1,Foreign_Exchange,Forward,NDF,UPI,QZ3D3GZ2XM37,New,,2023-12-13 03:07:30,JFTXFC,NA/Fwd NDF ARS SEK,ARS SEK,Spot,Forward price of underlying instrument,CASH,Cash,ARS,SEK,SEK,,,,,,,,,
1,Foreign_Exchange,Forward,NDF,UPI,QZMWP8V7XF1Z,New,,2023-12-13 03:07:37,JFTXFC,NA/Fwd NDF EUR KZT,EUR KZT,Spot,Forward price of underlying instrument,CASH,Cash,EUR,KZT,NOK,,,,,,,,,
1,Foreign_Exchange,Forward,NDF,UPI,QZDW63QLJX6F,New,,2023-12-13 03:07:51,JFTXFC,NA/Fwd NDF CNY ZAR,CNY ZAR,Spot,Forward price of underlying instrument,CASH,Cash,CNY,ZAR,USD,,,,,,,,,
1,Foreign_Exchange,Forward,NDF,UPI,QZKFQLFM8VL4,New,,2023-12-13 03:08:43,JFTXFC,NA/Fwd NDF BRL VES,BRL VES,Spot,Forward price of underlying instrument,CASH,Cash,BRL,VES,USD,,,,,,,,,
1,Foreign_Exchange,Forward,NDF,UPI,QZTZR9WC2HMD,New,,2023-12-13 03:08:46,JFTXFC,NA/Fwd NDF BRL TRY,BRL TRY,Spot,Forward price of underlying instrument,CASH,Cash,BRL,TRY,USD,,,,,,,,,
1,Foreign_Exchange,Forward,NDF,UPI,QZSMH9VV0VRD,New,,2023-12-13 03:08:59,JFTXFC,NA/Fwd NDF GBP JPY,GBP JPY,Spot,Forward price of underlying instrument,CASH,Cash,GBP,JPY,USD,,,,,,,,,
1,Foreign_Exchange,Forward,NDF,UPI,QZZT3FB7M8HB,New,,2023-12-13 03:08:59,JFTXFC,NA/Fwd NDF NOK SEK,NOK SEK,Spot,Forward price of underlying instrument,CASH,Cash,NOK,SEK,USD,,,,,,,,,
1,Foreign_Exchange,Forward,NDF,UPI,QZ3Q7TJ0L83R,New,,2023-12-13 03:09:04,JFTXFC,NA/Fwd NDF MMK USD,MMK USD,Spot,Forward price of underlying instrument,CASH,Cash,MMK,USD,USD,,,,,,,,,
1,Foreign_Exchange,Forward,NDF,UPI,QZXVG4X0SPQX,New,,2023-12-13 03:09:05,JFTXFC,NA/Fwd NDF EUR KGS,EUR KGS,Spot,Forward price of underlying instrument,CASH,Cash,EUR,KGS,EUR,,,,,,,,,
1,Foreign_Exchange,Forward,NDF,UPI,QZR2MT1FMPZD,New,,2023-12-13 03:09:31,JFTXFC,NA/Fwd NDF KRW NOK,KRW NOK,Spot,Forward price of underlying instrument,CASH,Cash,KRW,NOK,USD,,,,,,,,,
1,Foreign_Exchange,Forward,NDF,UPI,QZWK19LSBD3H,New,,2023-12-13 03:10:21,JFTXFC,NA/Fwd NDF EUR RSD,EUR RSD,Spot,Forward price of underlying instrument,CASH,Cash,EUR,RSD,USD,,,,,,,,,
1,Foreign_Exchange,Forward,NDF,UPI,QZ35SKSVTGCK,New,,2023-12-13 03:10:22,JFTXFC,NA/Fwd NDF INR NZD,INR NZD,Spot,Forward price of underlying instrument,CASH,Cash,INR,NZD,INR,,,,,,,,,
1,Foreign_Exchange,Forward,NDF,UPI,QZZN4PQF2NHN,New,,2023-12-13 03:10:52,JFTXFC,NA/Fwd NDF KES ZAR,KES ZAR,Spot,Forward price of underlying instrument,CASH,Cash,KES,ZAR,ZAR,,,,,,,,,
1,Foreign_Exchange,Forward,NDF,UPI,QZPMMF3NB6L0,New,,2023-12-13 03:11:13,JFTXFC,NA/Fwd NDF RUB TRY,RUB TRY,Spot,Forward price of underlying instrument,CASH,Cash,RUB,TRY,TRY,,,,,,,,,
1,Foreign_Exchange,Forward,NDF,UPI,QZ2DQRN9JSPL,New,,2023-12-13 03:11:32,JFTXFC,NA/Fwd NDF RUB USD,RUB USD,Spot,Forward price of underlying instrument,CASH,Cash,RUB,USD,EUR,,,,,,,,,
1,Foreign_Exchange,Forward,NDF,UPI,QZH52MLGNNJV,New,,2023-12-13 03:11:35,JFTXFC,NA/Fwd NDF STN USD,STN USD,Spot,Forward price of underlying instrument,CASH,Cash,STN,USD,USD,,,,,,,,,
1,Foreign_Exchange,Forward,NDF,UPI,QZFZ77F169BQ,New,,2023-12-13 03:12:08,JFTXFC,NA/Fwd NDF INR JPY,INR JPY,Spot,Forward price of underlying instrument,CASH,Cash,INR,JPY,XXX,,,,,,,,,
1,Foreign_Exchange,Forward,NDF,UPI,QZJW7L1B0RPS,New,,2023-12-13 03:12:09,JFTXFC,NA/Fwd NDF EUR IDR,EUR IDR,Spot,Forward price of underlying instrument,CASH,Cash,EUR,IDR,XXX,,,,,,,,,
1,Foreign_Exchange,Forward,NDF,UPI,QZT8ZNTWDPMF,New,,2023-12-13 03:12:21,JFTXFC,NA/Fwd NDF XAG XAU,XAG XAU,Spot,Forward price of underlying instrument,CASH,Cash,XAG,XAU,XAG,,,,,,,,,
1,Foreign_Exchange,Forward,NDF,UPI,QZ5MD0WSZGN2,New,,2023-12-13 03:12:22,JFTXFC,NA/Fwd NDF BRL COP,BRL COP,Spot,Forward price of underlying instrument,CASH,Cash,BRL,COP,COP,,,,,,,,,
1,Foreign_Exchange,Forward,NDF,UPI,QZC3R5K7RMQX,New,,2023-12-13 03:12:23,JFTXFC,NA/Fwd NDF XAG XAU,XAG XAU,Spot,Forward price of underlying instrument,CASH,Cash,XAG,XAU,USD,,,,,,,,,
1,Foreign_Exchange,Forward,NDF,UPI,QZ0PPCBBRV4G,New,,2023-12-13 03:12:58,JFTXFC,NA/Fwd NDF LSL USD,LSL USD,Spot,Forward price of underlying instrument,CASH,Cash,LSL,USD,USD,,,,,,,,,
1,Foreign_Exchange,Forward,NDF,UPI,QZ9KG2RKRPFQ,New,,2023-12-13 03:12:58,JFTXFC,NA/Fwd NDF EGP EUR,EGP EUR,Spot,Forward price of underlying instrument,CASH,Cash,EGP,EUR,GBP,,,,,,,,,
1,Foreign_Exchange,Forward,NDF,UPI,QZD9R52FKPQ1,New,,2023-12-13 03:14:03,JFTXFC,NA/Fwd NDF CNY HUF,CNY HUF,Spot,Forward price of underlying instrument,CASH,Cash,CNY,HUF,CNY,,,,,,,,,
1,Foreign_Exchange,Forward,NDF,UPI,QZL3L99S957B,New,,2023-12-13 03:14:27,JFTXFC,NA/Fwd NDF CHF SEK,CHF SEK,Spot,Forward price of underlying instrument,CASH,Cash,CHF,SEK,USD,,,,,,,,,
1,Foreign_Exchange,Forward,NDF,UPI,QZ588PW8ZXML,New,,2023-12-13 03:14:42,JFTXFC,NA/Fwd NDF KRW USD,KRW USD,Spot,Forward price of underlying instrument,CASH,Cash,KRW,USD,VES,,,,,,,,,
1,Foreign_Exchange,Forward,NDF,UPI,QZG59612LH7S,New,,2023-12-13 03:14:42,JFTXFC,NA/Fwd NDF KRW VES,KRW VES,Spot,Forward price of underlying instrument,CASH,Cash,KRW,VES,USD,,,,,,,,,
1,Foreign_Exchange,Forward,NDF,UPI,QZVVD46WZ9L2,New,,2023-12-13 03:14:42,JFTXFC,NA/Fwd NDF USD VES,USD VES,Spot,Forward price of underlying instrument,CASH,Cash,USD,VES,USD,,,,,,,,,
1,Foreign_Exchange,Forward,NDF,UPI,QZN4STP1QQNB,New,,2023-12-13 03:15:05,JFTXFC,NA/Fwd NDF KGS KZT,KGS KZT,Spot,Forward price of underlying instrument,CASH,Cash,KGS,KZT,KZT,,,,,,,,,
1,Foreign_Exchange,Forward,NDF,UPI,QZ7Z1PDDH184,New,,2023-12-13 03:15:12,JFTXFC,NA/Fwd NDF JPY PHP,JPY PHP,Spot,Forward price of underlying instrument,CASH,Cash,JPY,PHP,XXX,,,,,,,,,
1,Foreign_Exchange,Forward,NDF,UPI,QZ26X4P751PW,New,,2023-12-13 03:15:44,JFTXFC,NA/Fwd NDF GBP XOF,GBP XOF,Spot,Forward price of underlying instrument,CASH,Cash,GBP,XOF,GBP,,,,,,,,,
1,Foreign_Exchange,Forward,NDF,UPI,QZDG961B67N5,New,,2023-12-13 03:15:45,JFTXFC,NA/Fwd NDF HRK PLN,HRK PLN,Spot,Forward price of underlying instrument,CASH,Cash,HRK,PLN,PLN,,,,,,,,,
1,Foreign_Exchange,Forward,NDF,UPI,QZGTHG9XG6L9,New,,2023-12-13 03:17:33,JFTXFC,NA/Fwd NDF AED EUR,AED EUR,Spot,Forward price of underlying instrument,CASH,Cash,AED,EUR,USD,,,,,,,,,
1,Foreign_Exchange,Forward,NDF,UPI,QZSC28N4Z8DR,New,,2023-12-13 03:18:34,JFTXFC,NA/Fwd NDF ARS AUD,ARS AUD,Spot,Forward price of underlying instrument,CASH,Cash,ARS,AUD,USD,,,,,,,,,
1,Foreign_Exchange,Forward,NDF,UPI,QZ8JG8PC76HL,New,,2023-12-13 03:18:40,JFTXFC,NA/Fwd NDF TRY TWD,TRY TWD,Spot,Forward price of underlying instrument,CASH,Cash,TRY,TWD,XXX,,,,,,,,,
1,Foreign_Exchange,Forward,NDF,UPI,QZZL0P8DNQK9,New,,2023-12-13 03:18:54,JFTXFC,NA/Fwd NDF CLP PEN,CLP PEN,Spot,Forward price of underlying instrument,CASH,Cash,CLP,PEN,PEN,,,,,,,,,
1,Foreign_Exchange,Forward,NDF,UPI,QZCTVHJC564G,New,,2023-12-13 03:19:06,JFTXFC,NA/Fwd NDF GBP KES,GBP KES,Spot,Forward price of underlying instrument,CASH,Cash,GBP,KES,USD,,,,,,,,,
1,Foreign_Exchange,Forward,NDF,UPI,QZCC4V12L2F8,New,,2023-12-13 03:19:06,JFTXFC,NA/Fwd NDF JPY MXN,JPY MXN,Spot,Forward price of underlying instrument,CASH,Cash,JPY,MXN,JPY,,,,,,,,,
1,Foreign_Exchange,Forward,NDF,UPI,QZR6DQBCSH9M,New,,2023-12-13 03:19:16,JFTXFC,NA/Fwd NDF USD XTS,USD XTS,Spot,Forward price of underlying instrument,CASH,Cash,USD,XTS,USD,,,,,,,,,
1,Foreign_Exchange,Forward,NDF,UPI,QZ50HLWZN5QT,New,,2023-12-13 03:19:41,JFTXFC,NA/Fwd NDF IDR SDG,IDR SDG,Spot,Forward price of underlying instrument,CASH,Cash,IDR,SDG,SDG,,,,,,,,,
1,Foreign_Exchange,Forward,NDF,UPI,QZQRRQVHX59S,New,,2023-12-13 03:20:37,JFTXFC,NA/Fwd NDF COP ZAR,COP ZAR,Spot,Forward price of underlying instrument,CASH,Cash,COP,ZAR,ZAR,,,,,,,,,
1,Foreign_Exchange,Forward,NDF,UPI,QZQD1BL8T6DQ,New,,2023-12-13 03:20:37,JFTXFC,NA/Fwd NDF NZD RUB,NZD RUB,Spot,Forward price of underlying instrument,CASH,Cash,NZD,RUB,RUB,,,,,,,,,
1,Foreign_Exchange,Forward,NDF,UPI,QZTX7FB9QL35,New,,2023-12-13 03:20:52,JFTXFC,NA/Fwd NDF DKK RUB,DKK RUB,Spot,Forward price of underlying instrument,CASH,Cash,DKK,RUB,USD,,,,,,,,,
1,Foreign_Exchange,Forward,NDF,UPI,QZC0TWPL0QT7,New,,2023-12-13 03:21:18,JFTXFC,NA/Fwd NDF RWF USD,RWF USD,Spot,Forward price of underlying instrument,CASH,Cash,RWF,USD,USD,,,,,,,,,
1,Foreign_Exchange,Forward,NDF,UPI,QZ8S52FSNPTP,New,,2023-12-13 03:22:02,JFTXFC,NA/Fwd NDF AUD SGD,AUD SGD,Spot,Forward price of underlying instrument,CASH,Cash,AUD,SGD,USD,,,,,,,,,
1,Foreign_Exchange,Forward,NDF,UPI,QZ82B4TV6J1H,New,,2023-12-13 03:22:08,JFTXFC,NA/Fwd NDF ARS MXN,ARS MXN,Spot,Forward price of underlying instrument,CASH,Cash,ARS,MXN,MXN,,,,,,,,,
1,Foreign_Exchange,Forward,NDF,UPI,QZL4VDKRHTJH,New,,2023-12-13 03:22:15,JFTXFC,NA/Fwd NDF CZK KRW,CZK KRW,Spot,Forward price of underlying instrument,CASH,Cash,CZK,KRW,CZK,,,,,,,,,
1,Foreign_Exchange,Forward,NDF,UPI,QZ36RMNQMHTW,New,,2023-12-13 03:22:21,JFTXFC,NA/Fwd NDF EUR INR,EUR INR,Spot,Forward price of underlying instrument,CASH,Cash,EUR,INR,GBP,,,,,,,,,
1,Foreign_Exchange,Forward,NDF,UPI,QZRQPWLDG780,New,,2023-12-13 03:22:22,JFTXFC,NA/Fwd NDF RUB UAH,RUB UAH,Spot,Forward price of underlying instrument,CASH,Cash,RUB,UAH,USD,,,,,,,,,
1,Foreign_Exchange,Forward,NDF,UPI,QZ82CZ1VSX5M,New,,2023-12-13 03:23:25,JFTXFC,NA/Fwd NDF JPY NZD,JPY NZD,Spot,Forward price of underlying instrument,CASH,Cash,JPY,NZD,JPY,,,,,,,,,
1,Foreign_Exchange,Forward,NDF,UPI,QZQMVJVZQZCQ,New,,2023-12-13 03:31:50,JFTXFC,NA/Fwd NDF AUD KZT,AUD KZT,Spot,Forward price of underlying instrument,CASH,Cash,AUD,KZT,AUD,,,,,,,,,
1,Foreign_Exchange,Forward,NDF,UPI,QZB267RHPD58,New,,2023-12-13 03:32:09,JFTXFC,NA/Fwd NDF KZT NZD,KZT NZD,Spot,Forward price of underlying instrument,CASH,Cash,KZT,NZD,NZD,,,,,,,,,
1,Foreign_Exchange,Forward,NDF,UPI,QZVZ4FSN55RD,New,,2023-12-13 03:37:31,JFTXFC,NA/Fwd NDF KHR NZD,KHR NZD,Spot,Forward price of underlying instrument,CASH,Cash,KHR,NZD,NZD,,,,,,,,,
1,Foreign_Exchange,Forward,NDF,UPI,QZFNKFTL43BW,New,,2023-12-13 03:38:00,JFTXFC,NA/Fwd NDF IDR INR,IDR INR,Spot,Forward price of underlying instrument,CASH,Cash,IDR,INR,USD,,,,,,,,,
1,Foreign_Exchange,Forward,NDF,UPI,QZPSM85PHG9W,New,,2023-12-13 03:38:01,JFTXFC,NA/Fwd NDF EUR UAH,EUR UAH,Spot,Forward price of underlying instrument,CASH,Cash,EUR,UAH,USD,,,,,,,,,
1,Foreign_Exchange,Forward,NDF,UPI,QZJ5BH1XDQJ4,New,,2023-12-13 03:38:05,JFTXFC,NA/Fwd NDF BRL GBP,BRL GBP,Spot,Forward price of underlying instrument,CASH,Cash,BRL,GBP,EUR,,,,,,,,,
1,Foreign_Exchange,Forward,NDF,UPI,QZP1HLDQ0MRB,New,,2023-12-13 03:40:02,JFTXFC,NA/Fwd NDF AUD EUR,AUD EUR,Spot,Forward price of underlying instrument,CASH,Cash,AUD,EUR,CAD,,,,,,,,,
1,Foreign_Exchange,Forward,NDF,UPI,QZ0TTWNRSRVP,New,,2023-12-13 03:40:12,JFTXFC,NA/Fwd NDF CHF PLN,CHF PLN,Spot,Forward price of underlying instrument,CASH,Cash,CHF,PLN,USD,,,,,,,,,
1,Foreign_Exchange,Forward,NDF,UPI,QZ1VF68P3KQK,New,,2023-12-13 03:40:21,JFTXFC,NA/Fwd NDF FJD VND,FJD VND,Spot,Forward price of underlying instrument,CASH,Cash,FJD,VND,VND,,,,,,,,,
1,Foreign_Exchange,Forward,NDF,UPI,QZC68TCKZ8B2,New,,2023-12-13 03:40:32,JFTXFC,NA/Fwd NDF BGN EUR,BGN EUR,Spot,Forward price of underlying instrument,CASH,Cash,BGN,EUR,USD,,,,,,,,,
1,Foreign_Exchange,Forward,NDF,UPI,QZ7FPWWP171Z,New,,2023-12-13 03:46:47,JFTXFC,NA/Fwd NDF CLP COP,CLP COP,Spot,Forward price of underlying instrument,CASH,Cash,CLP,COP,CLP,,,,,,,,,
1,Foreign_Exchange,Forward,NDF,UPI,QZJB6JPG3QCH,New,,2023-12-13 03:46:54,JFTXFC,NA/Fwd NDF ARS USD,ARS USD,Spot,Forward price of underlying instrument,CASH,Cash,ARS,USD,EUR,,,,,,,,,
1,Foreign_Exchange,Forward,NDF,UPI,QZ7P8KFPP77L,New,,2023-12-13 04:09:35,JFTXFC,NA/Fwd NDF JPY UYU,JPY UYU,Spot,Forward price of underlying instrument,CASH,Cash,JPY,UYU,JPY,,,,,,,,,
1,Foreign_Exchange,Forward,NDF,UPI,QZCCZM0N3THZ,New,,2023-12-13 04:09:38,JFTXFC,NA/Fwd NDF CAD CHF,CAD CHF,Spot,Forward price of underlying instrument,CASH,Cash,CAD,CHF,USD,,,,,,,,,
1,Foreign_Exchange,Forward,NDF,UPI,QZCDZ5R334VS,New,,2023-12-13 04:09:38,JFTXFC,NA/Fwd NDF CHF GBP,CHF GBP,Spot,Forward price of underlying instrument,CASH,Cash,CHF,GBP,USD,,,,,,,,,
1,Foreign_Exchange,Forward,NDF,UPI,QZ8LW9895PH1,New,,2023-12-13 04:16:00,JFTXFC,NA/Fwd NDF NZD PHP,NZD PHP,Spot,Forward price of underlying instrument,CASH,Cash,NZD,PHP,PHP,,,,,,,,,
1,Foreign_Exchange,Forward,NDF,UPI,QZBFQXTNJ741,New,,2023-12-13 04:16:03,JFTXFC,NA/Fwd NDF AUD RUB,AUD RUB,Spot,Forward price of underlying instrument,CASH,Cash,AUD,RUB,EUR,,,,,,,,,
1,Foreign_Exchange,Forward,NDF,UPI,QZ1W0FJ98S57,New,,2023-12-13 04:16:03,JFTXFC,NA/Fwd NDF KPW USD,KPW USD,Spot,Forward price of underlying instrument,CASH,Cash,KPW,USD,USD,,,,,,,,,
1,Foreign_Exchange,Forward,NDF,UPI,QZG4L4XKNJZ2,New,,2023-12-13 04:16:03,JFTXFC,NA/Fwd NDF CAD IDR,CAD IDR,Spot,Forward price of underlying instrument,CASH,Cash,CAD,IDR,EUR,,,,,,,,,
1,Foreign_Exchange,Forward,NDF,UPI,QZ8397Q4NKMW,New,,2023-12-13 04:18:02,JFTXFC,NA/Fwd NDF BWP USD,BWP USD,Spot,Forward price of underlying instrument,CASH,Cash,BWP,USD,BWP,,,,,,,,,
1,Foreign_Exchange,Forward,NDF,UPI,QZ8Q9L9RH3BB,New,,2023-12-13 04:18:08,JFTXFC,NA/Fwd NDF MGA USD,MGA USD,Spot,Forward price of underlying instrument,CASH,Cash,MGA,USD,USD,,,,,,,,,
1,Foreign_Exchange,Forward,NDF,UPI,QZ1RM708BJZ3,New,,2023-12-13 04:18:17,JFTXFC,NA/Fwd NDF TTD USD,TTD USD,Spot,Forward price of underlying instrument,CASH,Cash,TTD,USD,USD,,,,,,,,,
1,Foreign_Exchange,Forward,NDF,UPI,QZX4HXBXW70X,New,,2023-12-13 04:18:22,JFTXFC,NA/Fwd NDF KRW MXN,KRW MXN,Spot,Forward price of underlying instrument,CASH,Cash,KRW,MXN,USD,,,,,,,,,
1,Foreign_Exchange,Forward,NDF,UPI,QZW7T13SCNC1,New,,2023-12-13 04:18:22,JFTXFC,NA/Fwd NDF KRW MXN,KRW MXN,Spot,Forward price of underlying instrument,CASH,Cash,KRW,MXN,MXN,,,,,,,,,
1,Foreign_Exchange,Forward,NDF,UPI,QZWGNGKZCR96,New,,2023-12-13 04:18:30,JFTXFC,NA/Fwd NDF CNY TRY,CNY TRY,Spot,Forward price of underlying instrument,CASH,Cash,CNY,TRY,USD,,,,,,,,,
1,Foreign_Exchange,Forward,NDF,UPI,QZGZTSDQFB7N,New,,2023-12-13 04:19:25,JFTXFC,NA/Fwd NDF BYN RUB,BYN RUB,Spot,Forward price of underlying instrument,CASH,Cash,BYN,RUB,BYN,,,,,,,,,
1,Foreign_Exchange,Forward,NDF,UPI,QZHHC7N7JG6C,New,,2023-12-13 04:21:28,JFTXFC,NA/Fwd NDF JPY KZT,JPY KZT,Spot,Forward price of underlying instrument,CASH,Cash,JPY,KZT,JPY,,,,,,,,,
1,Foreign_Exchange,Forward,NDF,UPI,QZ9JR4FR1L54,New,,2023-12-13 04:21:30,JFTXFC,NA/Fwd NDF GTQ WST,GTQ WST,Spot,Forward price of underlying instrument,CASH,Cash,GTQ,WST,WST,,,,,,,,,
1,Foreign_Exchange,Forward,NDF,UPI,QZ017X7103K9,New,,2023-12-13 04:23:14,JFTXFC,NA/Fwd NDF DKK RUB,DKK RUB,Spot,Forward price of underlying instrument,CASH,Cash,DKK,RUB,RUB,,,,,,,,,
1,Foreign_Exchange,Forward,NDF,UPI,QZZ4XNSBR1Q9,New,,2023-12-13 04:25:24,JFTXFC,NA/Fwd NDF PGK USD,PGK USD,Spot,Forward price of underlying instrument,CASH,Cash,PGK,USD,USD,,,,,,,,,
1,Foreign_Exchange,Forward,NDF,UPI,QZPS3W5QW099,New,,2023-12-13 04:25:24,JFTXFC,NA/Fwd NDF SBD USD,SBD USD,Spot,Forward price of underlying instrument,CASH,Cash,SBD,USD,USD,,,,,,,,,
1,Foreign_Exchange,Forward,NDF,UPI,QZ8BC4K6XBKH,New,,2023-12-13 04:25:24,JFTXFC,NA/Fwd NDF FJD USD,FJD USD,Spot,Forward price of underlying instrument,CASH,Cash,FJD,USD,USD,,,,,,,,,
1,Foreign_Exchange,Forward,NDF,UPI,QZM7VJ2LW6R9,New,,2023-12-13 04:25:25,JFTXFC,NA/Fwd NDF BIF USD,BIF USD,Spot,Forward price of underlying instrument,CASH,Cash,BIF,USD,USD,,,,,,,,,
1,Foreign_Exchange,Forward,NDF,UPI,QZGBK4QQ3VXH,New,,2023-12-13 04:25:25,JFTXFC,NA/Fwd NDF BAM USD,BAM USD,Spot,Forward price of underlying instrument,CASH,Cash,BAM,USD,USD,,,,,,,,,
1,Foreign_Exchange,Forward,NDF,UPI,QZJ0FLDWTVX1,New,,2023-12-13 04:25:25,JFTXFC,NA/Fwd NDF USD XPF,USD XPF,Spot,Forward price of underlying instrument,CASH,Cash,USD,XPF,USD,,,,,,,,,
1,Foreign_Exchange,Forward,NDF,UPI,QZRC2ZXWTMGP,New,,2023-12-13 04:25:25,JFTXFC,NA/Fwd NDF BMD USD,BMD USD,Spot,Forward price of underlying instrument,CASH,Cash,BMD,USD,USD,,,,,,,,,
1,Foreign_Exchange,Forward,NDF,UPI,QZGPJQK7CMTW,New,,2023-12-13 04:25:25,JFTXFC,NA/Fwd NDF BZD USD,BZD USD,Spot,Forward price of underlying instrument,CASH,Cash,BZD,USD,USD,,,,,,,,,
1,Foreign_Exchange,Forward,NDF,UPI,QZ5NL9N1QDZ4,New,,2023-12-13 04:25:25,JFTXFC,NA/Fwd NDF BSD USD,BSD USD,Spot,Forward price of underlying instrument,CASH,Cash,BSD,USD,USD,,,,,,,,,
1,Foreign_Exchange,Forward,NDF,UPI,QZZFFR9X0LLH,New,,2023-12-13 04:25:25,JFTXFC,NA/Fwd NDF AWG USD,AWG USD,Spot,Forward price of underlying instrument,CASH,Cash,AWG,USD,USD,,,,,,,,,
1,Foreign_Exchange,Forward,NDF,UPI,QZBR0ZNTV7D9,New,,2023-12-13 04:25:25,JFTXFC,NA/Fwd NDF ANG USD,ANG USD,Spot,Forward price of underlying instrument,CASH,Cash,ANG,USD,USD,,,,,,,,,
1,Foreign_Exchange,Forward,NDF,UPI,QZMKD6JN5GBF,New,,2023-12-13 04:25:26,JFTXFC,NA/Fwd NDF CVE USD,CVE USD,Spot,Forward price of underlying instrument,CASH,Cash,CVE,USD,USD,,,,,,,,,
1,Foreign_Exchange,Forward,NDF,UPI,QZQ3XNVLW2PJ,New,,2023-12-13 04:25:26,JFTXFC,NA/Fwd NDF CDF USD,CDF USD,Spot,Forward price of underlying instrument,CASH,Cash,CDF,USD,USD,,,,,,,,,
1,Foreign_Exchange,Forward,NDF,UPI,QZ1ZZP0JMQQR,New,,2023-12-13 04:25:26,JFTXFC,NA/Fwd NDF GNF USD,GNF USD,Spot,Forward price of underlying instrument,CASH,Cash,GNF,USD,USD,,,,,,,,,
1,Foreign_Exchange,Forward,NDF,UPI,QZKSFKMB0F81,New,,2023-12-13 04:25:26,JFTXFC,NA/Fwd NDF GMD USD,GMD USD,Spot,Forward price of underlying instrument,CASH,Cash,GMD,USD,USD,,,,,,,,,
1,Foreign_Exchange,Forward,NDF,UPI,QZ3XPSSM19FB,New,,2023-12-13 04:25:26,JFTXFC,NA/Fwd NDF GYD USD,GYD USD,Spot,Forward price of underlying instrument,CASH,Cash,GYD,USD,USD,,,,,,,,,
1,Foreign_Exchange,Forward,NDF,UPI,QZ2X34ZKGTQB,New,,2023-12-13 04:25:26,JFTXFC,NA/Fwd NDF HTG USD,HTG USD,Spot,Forward price of underlying instrument,CASH,Cash,HTG,USD,USD,,,,,,,,,
1,Foreign_Exchange,Forward,NDF,UPI,QZS6CX0NH3R3,New,,2023-12-13 04:25:26,JFTXFC,NA/Fwd NDF KHR USD,KHR USD,Spot,Forward price of underlying instrument,CASH,Cash,KHR,USD,USD,,,,,,,,,
1,Foreign_Exchange,Forward,NDF,UPI,QZFC4VFGPDZG,New,,2023-12-13 04:25:27,JFTXFC,NA/Fwd NDF SCR USD,SCR USD,Spot,Forward price of underlying instrument,CASH,Cash,SCR,USD,USD,,,,,,,,,
1,Foreign_Exchange,Forward,NDF,UPI,QZXDC7MP9WQQ,New,,2023-12-13 04:25:27,JFTXFC,NA/Fwd NDF LBP USD,LBP USD,Spot,Forward price of underlying instrument,CASH,Cash,LBP,USD,USD,,,,,,,,,
1,Foreign_Exchange,Forward,NDF,UPI,QZ4QH846MKWD,New,,2023-12-13 04:25:27,JFTXFC,NA/Fwd NDF KYD USD,KYD USD,Spot,Forward price of underlying instrument,CASH,Cash,KYD,USD,USD,,,,,,,,,
1,Foreign_Exchange,Forward,NDF,UPI,QZGKBDVD7MCZ,New,,2023-12-13 04:25:27,JFTXFC,NA/Fwd NDF PAB USD,PAB USD,Spot,Forward price of underlying instrument,CASH,Cash,PAB,USD,USD,,,,,,,,,
1,Foreign_Exchange,Forward,NDF,UPI,QZMF9FQPBSLR,New,,2023-12-13 04:25:27,JFTXFC,NA/Fwd NDF SZL USD,SZL USD,Spot,Forward price of underlying instrument,CASH,Cash,SZL,USD,USD,,,,,,,,,
1,Foreign_Exchange,Forward,NDF,UPI,QZNC3XB2SQQ9,New,,2023-12-13 04:25:27,JFTXFC,NA/Fwd NDF MOP USD,MOP USD,Spot,Forward price of underlying instrument,CASH,Cash,MOP,USD,USD,,,,,,,,,
1,Foreign_Exchange,Forward,NDF,UPI,QZNSQHWP4NBD,New,,2023-12-13 04:25:27,JFTXFC,NA/Fwd NDF SLL USD,SLL USD,Spot,Forward price of underlying instrument,CASH,Cash,SLL,USD,USD,,,,,,,,,
1,Foreign_Exchange,Forward,NDF,UPI,QZN4BHVCBGTF,New,,2023-12-13 04:25:28,JFTXFC,NA/Fwd NDF USD YER,USD YER,Spot,Forward price of underlying instrument,CASH,Cash,USD,YER,USD,,,,,,,,,
1,Foreign_Exchange,Forward,NDF,UPI,QZ3KH73PKNGG,New,,2023-12-13 04:25:39,JFTXFC,NA/Fwd NDF AFN USD,AFN USD,Spot,Forward price of underlying instrument,CASH,Cash,AFN,USD,USD,,,,,,,,,
1,Foreign_Exchange,Forward,NDF,UPI,QZL2G6M5T730,New,,2023-12-13 04:25:58,JFTXFC,NA/Fwd NDF BYR USD,BYR USD,Spot,Forward price of underlying instrument,CASH,Cash,BYR,USD,USD,,,,,,,,,
1,Foreign_Exchange,Forward,NDF,UPI,QZ1MG0WSWQH7,New,,2023-12-13 04:25:59,JFTXFC,NA/Fwd NDF IQD USD,IQD USD,Spot,Forward price of underlying instrument,CASH,Cash,IQD,USD,USD,,,,,,,,,
1,Foreign_Exchange,Forward,NDF,UPI,QZXCXBH50RQP,New,,2023-12-13 04:25:59,JFTXFC,NA/Fwd NDF ERN USD,ERN USD,Spot,Forward price of underlying instrument,CASH,Cash,ERN,USD,USD,,,,,,,,,
1,Foreign_Exchange,Forward,NDF,UPI,QZ2475LRCJNT,New,,2023-12-13 04:26:00,JFTXFC,NA/Fwd NDF LYD USD,LYD USD,Spot,Forward price of underlying instrument,CASH,Cash,LYD,USD,USD,,,,,,,,,
1,Foreign_Exchange,Forward,NDF,UPI,QZLXDRZS03LR,New,,2023-12-13 04:26:00,JFTXFC,NA/Fwd NDF LRD USD,LRD USD,Spot,Forward price of underlying instrument,CASH,Cash,LRD,USD,USD,,,,,,,,,
1,Foreign_Exchange,Forward,NDF,UPI,QZH4QWGXZ3X2,New,,2023-12-13 04:26:00,JFTXFC,NA/Fwd NDF MRO USD,MRO USD,Spot,Forward price of underlying instrument,CASH,Cash,MRO,USD,USD,,,,,,,,,
1,Foreign_Exchange,Forward,NDF,UPI,QZ91TV3Q01N6,New,,2023-12-13 04:26:01,JFTXFC,NA/Fwd NDF SRD USD,SRD USD,Spot,Forward price of underlying instrument,CASH,Cash,SRD,USD,USD,,,,,,,,,
1,Foreign_Exchange,Forward,NDF,UPI,QZ0Z1BM5MFV9,New,,2023-12-13 04:26:01,JFTXFC,NA/Fwd NDF STD USD,STD USD,Spot,Forward price of underlying instrument,CASH,Cash,STD,USD,USD,,,,,,,,,
1,Foreign_Exchange,Forward,NDF,UPI,QZ8NW5HRWP5K,New,,2023-12-13 04:26:11,JFTXFC,NA/Fwd NDF AED HKD,AED HKD,Spot,Forward price of underlying instrument,CASH,Cash,AED,HKD,BRL,,,,,,,,,
1,Foreign_Exchange,Forward,NDF,UPI,QZK5DCR5VZ38,New,,2023-12-13 04:26:11,JFTXFC,NA/Fwd NDF AED CHF,AED CHF,Spot,Forward price of underlying instrument,CASH,Cash,AED,CHF,AED,,,,,,,,,
1,Foreign_Exchange,Forward,NDF,UPI,QZF1884BDQRK,New,,2023-12-13 04:26:40,JFTXFC,NA/Fwd NDF GHS USD,GHS USD,Spot,Forward price of underlying instrument,CASH,Cash,GHS,USD,EUR,,,,,,,,,
1,Foreign_Exchange,Forward,NDF,UPI,QZ3NGZ2519CZ,New,,2023-12-13 04:26:42,JFTXFC,NA/Fwd NDF IDR THB,IDR THB,Spot,Forward price of underlying instrument,CASH,Cash,IDR,THB,IDR,,,,,,,,,
1,Foreign_Exchange,Forward,NDF,UPI,QZ1C5440TH7T,New,,2023-12-13 04:27:48,JFTXFC,NA/Fwd NDF AUD USD,AUD USD,Spot,Forward price of underlying instrument,CASH,Cash,AUD,USD,EUR,,,,,,,,,
1,Foreign_Exchange,Forward,NDF,UPI,QZ8338R23DJK,New,,2023-12-13 04:28:30,JFTXFC,NA/Fwd NDF EUR NAD,EUR NAD,Spot,Forward price of underlying instrument,CASH,Cash,EUR,NAD,EUR,,,,,,,,,
1,Foreign_Exchange,Forward,NDF,UPI,QZSKDX4H6L1V,New,,2023-12-13 04:30:03,JFTXFC,NA/Fwd NDF AUD VND,AUD VND,Spot,Forward price of underlying instrument,CASH,Cash,AUD,VND,USD,,,,,,,,,
1,Foreign_Exchange,Forward,NDF,UPI,QZBB0C7MJT3P,New,,2023-12-13 04:30:19,JFTXFC,NA/Fwd NDF EUR XAF,EUR XAF,Spot,Forward price of underlying instrument,CASH,Cash,EUR,XAF,USD,,,,,,,,,
1,Foreign_Exchange,Forward,NDF,UPI,QZVGN0W9G9NF,New,,2023-12-13 04:31:51,JFTXFC,NA/Fwd NDF ILS KRW,ILS KRW,Spot,Forward price of underlying instrument,CASH,Cash,ILS,KRW,ILS,,,,,,,,,
1,Foreign_Exchange,Forward,NDF,UPI,QZW1XBX4L7V0,New,,2023-12-13 04:31:51,JFTXFC,NA/Fwd NDF HUF KRW,HUF KRW,Spot,Forward price of underlying instrument,CASH,Cash,HUF,KRW,HUF,,,,,,,,,
1,Foreign_Exchange,Forward,NDF,UPI,QZXRZ9B3DCXF,New,,2023-12-13 04:32:05,JFTXFC,NA/Fwd NDF EUR HRK,EUR HRK,Spot,Forward price of underlying instrument,CASH,Cash,EUR,HRK,USD,,,,,,,,,
1,Foreign_Exchange,Forward,NDF,UPI,QZFL9L259HZR,New,,2023-12-13 04:32:34,JFTXFC,NA/Fwd NDF EUR XOF,EUR XOF,Spot,Forward price of underlying instrument,CASH,Cash,EUR,XOF,USD,,,,,,,,,
1,Foreign_Exchange,Forward,NDF,UPI,QZ1T7D4NK6S3,New,,2023-12-13 04:33:35,JFTXFC,NA/Fwd NDF GBP MAD,GBP MAD,Spot,Forward price of underlying instrument,CASH,Cash,GBP,MAD,GBP,,,,,,,,,
1,Foreign_Exchange,Forward,NDF,UPI,QZDK4JGH99MW,New,,2023-12-13 04:38:40,JFTXFC,NA/Fwd NDF NOK USD,NOK USD,Spot,Forward price of underlying instrument,CASH,Cash,NOK,USD,BRL,,,,,,,,,
1,Foreign_Exchange,Forward,NDF,UPI,QZ5H26BLFCZS,New,,2023-12-13 04:38:46,JFTXFC,NA/Fwd NDF MXN MXV,MXN MXV,Spot,Forward price of underlying instrument,CASH,Cash,MXN,MXV,MXN,,,,,,,,,
1,Foreign_Exchange,Forward,NDF,UPI,QZ5GTRTKN34X,New,,2023-12-13 04:39:12,JFTXFC,NA/Fwd NDF CLP DKK,CLP DKK,Spot,Forward price of underlying instrument,CASH,Cash,CLP,DKK,CLP,,,,,,,,,
1,Foreign_Exchange,Forward,NDF,UPI,QZ9FHT5K8WFS,New,,2023-12-13 04:39:14,JFTXFC,NA/Fwd NDF GBP HKD,GBP HKD,Spot,Forward price of underlying instrument,CASH,Cash,GBP,HKD,USD,,,,,,,,,
1,Foreign_Exchange,Forward,NDF,UPI,QZLL2L8XXD6S,New,,2023-12-13 04:40:12,JFTXFC,NA/Fwd NDF CHF TRY,CHF TRY,Spot,Forward price of underlying instrument,CASH,Cash,CHF,TRY,USD,,,,,,,,,
1,Foreign_Exchange,Forward,NDF,UPI,QZTWS1DV89H3,New,,2023-12-13 04:40:50,JFTXFC,NA/Fwd NDF MMK USD,MMK USD,Spot,Forward price of underlying instrument,CASH,Cash,MMK,USD,MMK,,,,,,,,,
1,Foreign_Exchange,Forward,NDF,UPI,QZMZNM39ZLFS,New,,2023-12-13 04:41:24,JFTXFC,NA/Fwd NDF CHF CLF,CHF CLF,Spot,Forward price of underlying instrument,CASH,Cash,CHF,CLF,CHF,,,,,,,,,
1,Foreign_Exchange,Forward,NDF,UPI,QZ0FRFS3W89K,New,,2023-12-13 04:41:25,JFTXFC,NA/Fwd NDF BRL CAD,BRL CAD,Spot,Forward price of underlying instrument,CASH,Cash,BRL,CAD,CHF,,,,,,,,,
1,Foreign_Exchange,Forward,NDF,UPI,QZSR1RCBF1F0,New,,2023-12-13 04:41:25,JFTXFC,NA/Fwd NDF AED CLF,AED CLF,Spot,Forward price of underlying instrument,CASH,Cash,AED,CLF,CLF,,,,,,,,,
1,Foreign_Exchange,Forward,NDF,UPI,QZGFRK84J7JC,New,,2023-12-13 04:41:25,JFTXFC,NA/Fwd NDF CLP EUR,CLP EUR,Spot,Forward price of underlying instrument,CASH,Cash,CLP,EUR,AUD,,,,,,,,,
1,Foreign_Exchange,Forward,NDF,UPI,QZF58HH1X820,New,,2023-12-13 04:41:48,JFTXFC,NA/Fwd NDF BGN BRL,BGN BRL,Spot,Forward price of underlying instrument,CASH,Cash,BGN,BRL,BRL,,,,,,,,,
1,Foreign_Exchange,Forward,NDF,UPI,QZ37ZDG84RBM,New,,2023-12-13 04:43:22,JFTXFC,NA/Fwd NDF EUR USD,EUR USD,Spot,Forward price of underlying instrument,CASH,Cash,EUR,USD,GBP,,,,,,,,,
1,Foreign_Exchange,Forward,NDF,UPI,QZZCK6P51MSV,New,,2023-12-13 04:44:15,JFTXFC,NA/Fwd NDF INR USD,INR USD,Spot,Forward price of underlying instrument,CASH,Cash,INR,USD,THB,,,,,,,,,
1,Foreign_Exchange,Forward,NDF,UPI,QZ5GZ506GKV8,New,,2023-12-13 04:45:08,JFTXFC,NA/Fwd NDF AED ARS,AED ARS,Spot,Forward price of underlying instrument,CASH,Cash,AED,ARS,ARS,,,,,,,,,
1,Foreign_Exchange,Forward,NDF,UPI,QZKNKWSDZH2V,New,,2023-12-13 04:45:26,JFTXFC,NA/Fwd NDF NZD PGK,NZD PGK,Spot,Forward price of underlying instrument,CASH,Cash,NZD,PGK,NZD,,,,,,,,,
1,Foreign_Exchange,Forward,NDF,UPI,QZPGQS40TLCW,New,,2023-12-13 04:45:27,JFTXFC,NA/Fwd NDF EUR PGK,EUR PGK,Spot,Forward price of underlying instrument,CASH,Cash,EUR,PGK,EUR,,,,,,,,,
1,Foreign_Exchange,Forward,NDF,UPI,QZ79T0QJ94CJ,New,,2023-12-13 04:49:01,JFTXFC,NA/Fwd NDF ETB EUR,ETB EUR,Spot,Forward price of underlying instrument,CASH,Cash,ETB,EUR,EUR,,,,,,,,,
1,Foreign_Exchange,Forward,NDF,UPI,QZRQXHZ5K068,New,,2023-12-13 04:49:50,JFTXFC,NA/Fwd NDF EUR GTQ,EUR GTQ,Spot,Forward price of underlying instrument,CASH,Cash,EUR,GTQ,GTQ,,,,,,,,,
1,Foreign_Exchange,Forward,NDF,UPI,QZVB52NK9GZ5,New,,2023-12-13 04:50:18,JFTXFC,NA/Fwd NDF CHF UAH,CHF UAH,Spot,Forward price of underlying instrument,CASH,Cash,CHF,UAH,UAH,,,,,,,,,
1,Foreign_Exchange,Forward,NDF,UPI,QZZVT16RZ4JT,New,,2023-12-13 04:50:56,JFTXFC,NA/Fwd NDF HUF PLN,HUF PLN,Spot,Forward price of underlying instrument,CASH,Cash,HUF,PLN,HUF,,,,,,,,,
1,Foreign_Exchange,Forward,NDF,UPI,QZHN07VK17BJ,New,,2023-12-13 04:51:25,JFTXFC,NA/Fwd NDF EUR JOD,EUR JOD,Spot,Forward price of underlying instrument,CASH,Cash,EUR,JOD,JOD,,,,,,,,,
1,Foreign_Exchange,Forward,NDF,UPI,QZ356GBHSXVG,New,,2023-12-13 04:51:25,JFTXFC,NA/Fwd NDF EUR OMR,EUR OMR,Spot,Forward price of underlying instrument,CASH,Cash,EUR,OMR,OMR,,,,,,,,,
1,Foreign_Exchange,Forward,NDF,UPI,QZPQBQC4RXG7,New,,2023-12-13 04:51:25,JFTXFC,NA/Fwd NDF BGN EUR,BGN EUR,Spot,Forward price of underlying instrument,CASH,Cash,BGN,EUR,BGN,,,,,,,,,
1,Foreign_Exchange,Forward,NDF,UPI,QZWRZ65CQKJ2,New,,2023-12-13 04:52:07,JFTXFC,NA/Fwd NDF CZK RUB,CZK RUB,Spot,Forward price of underlying instrument,CASH,Cash,CZK,RUB,RUB,,,,,,,,,
1,Foreign_Exchange,Forward,NDF,UPI,QZZPMS8MPK3W,New,,2023-12-13 04:52:09,JFTXFC,NA/Fwd NDF EUR VES,EUR VES,Spot,Forward price of underlying instrument,CASH,Cash,EUR,VES,EUR,,,,,,,,,
1,Foreign_Exchange,Forward,NDF,UPI,QZDL914WF2N3,New,,2023-12-13 04:53:07,JFTXFC,NA/Fwd NDF AOA EUR,AOA EUR,Spot,Forward price of underlying instrument,CASH,Cash,AOA,EUR,EUR,,,,,,,,,
1,Foreign_Exchange,Forward,NDF,UPI,QZNK4G50JTPL,New,,2023-12-13 04:53:07,JFTXFC,NA/Fwd NDF ARS SGD,ARS SGD,Spot,Forward price of underlying instrument,CASH,Cash,ARS,SGD,SGD,,,,,,,,,
1,Foreign_Exchange,Forward,NDF,UPI,QZSLG10J0PHK,New,,2023-12-13 04:53:20,JFTXFC,NA/Fwd NDF RUB XAU,RUB XAU,Spot,Forward price of underlying instrument,CASH,Cash,RUB,XAU,RUB,,,,,,,,,
1,Foreign_Exchange,Forward,NDF,UPI,QZCD29N9CMMG,New,,2023-12-13 04:53:53,JFTXFC,NA/Fwd NDF GBP SEK,GBP SEK,Spot,Forward price of underlying instrument,CASH,Cash,GBP,SEK,USD,,,,,,,,,
1,Foreign_Exchange,Forward,NDF,UPI,QZ22RZT0GG1Q,New,,2023-12-13 04:54:09,JFTXFC,NA/Fwd NDF EGP SGD,EGP SGD,Spot,Forward price of underlying instrument,CASH,Cash,EGP,SGD,SGD,,,,,,,,,
1,Foreign_Exchange,Forward,NDF,UPI,QZC88CLVGKCK,New,,2023-12-13 04:54:42,JFTXFC,NA/Fwd NDF GBP MXN,GBP MXN,Spot,Forward price of underlying instrument,CASH,Cash,GBP,MXN,USD,,,,,,,,,
1,Foreign_Exchange,Forward,NDF,UPI,QZ591VR542MQ,New,,2023-12-13 04:54:43,JFTXFC,NA/Fwd NDF CZK RUB,CZK RUB,Spot,Forward price of underlying instrument,CASH,Cash,CZK,RUB,USD,,,,,,,,,
1,Foreign_Exchange,Forward,NDF,UPI,QZ6FF2X6FWWP,New,,2023-12-13 04:54:48,JFTXFC,NA/Fwd NDF AOA GBP,AOA GBP,Spot,Forward price of underlying instrument,CASH,Cash,AOA,GBP,GBP,,,,,,,,,
1,Foreign_Exchange,Forward,NDF,UPI,QZ0TDZW2VLLS,New,,2023-12-13 04:55:02,JFTXFC,NA/Fwd NDF ARS HUF,ARS HUF,Spot,Forward price of underlying instrument,CASH,Cash,ARS,HUF,HUF,,,,,,,,,
1,Foreign_Exchange,Forward,NDF,UPI,QZF8Q1TFZ3FX,New,,2023-12-13 04:55:31,JFTXFC,NA/Fwd NDF ARS INR,ARS INR,Spot,Forward price of underlying instrument,CASH,Cash,ARS,INR,INR,,,,,,,,,
1,Foreign_Exchange,Forward,NDF,UPI,QZ9R4XC5CM77,New,,2023-12-13 04:56:19,JFTXFC,NA/Fwd NDF CLF EUR,CLF EUR,Spot,Forward price of underlying instrument,CASH,Cash,CLF,EUR,CLF,,,,,,,,,
1,Foreign_Exchange,Forward,NDF,UPI,QZ0772J0SPJW,New,,2023-12-13 04:56:22,JFTXFC,NA/Fwd NDF COP ZAR,COP ZAR,Spot,Forward price of underlying instrument,CASH,Cash,COP,ZAR,USD,,,,,,,,,
1,Foreign_Exchange,Forward,NDF,UPI,QZD2ZWM31TJX,New,,2023-12-13 04:56:38,JFTXFC,NA/Fwd NDF INR UAH,INR UAH,Spot,Forward price of underlying instrument,CASH,Cash,INR,UAH,USD,,,,,,,,,
1,Foreign_Exchange,Forward,NDF,UPI,QZBDNHFBD6HN,New,,2023-12-13 04:56:52,JFTXFC,NA/Fwd NDF DKK ZMW,DKK ZMW,Spot,Forward price of underlying instrument,CASH,Cash,DKK,ZMW,DKK,,,,,,,,,
1,Foreign_Exchange,Forward,NDF,UPI,QZWFFJLLQ4DX,New,,2023-12-13 04:58:01,JFTXFC,NA/Fwd NDF RUB SEK,RUB SEK,Spot,Forward price of underlying instrument,CASH,Cash,RUB,SEK,USD,,,,,,,,,
1,Foreign_Exchange,Forward,NDF,UPI,QZ90XLWG0PBF,New,,2023-12-13 04:58:03,JFTXFC,NA/Fwd NDF JPY NOK,JPY NOK,Spot,Forward price of underlying instrument,CASH,Cash,JPY,NOK,USD,,,,,,,,,
1,Foreign_Exchange,Forward,NDF,UPI,QZFL1NZHCQ5L,New,,2023-12-13 04:58:52,JFTXFC,NA/Fwd NDF CAD USD,CAD USD,Spot,Forward price of underlying instrument,CASH,Cash,CAD,USD,BRL,,,,,,,,,
1,Foreign_Exchange,Forward,NDF,UPI,QZGX5B1DVMK9,New,,2023-12-13 04:59:26,JFTXFC,NA/Fwd NDF EGP UAH,EGP UAH,Spot,Forward price of underlying instrument,CASH,Cash,EGP,UAH,USD,,,,,,,,,
1,Foreign_Exchange,Forward,NDF,UPI,QZ18TX0H52GK,New,,2023-12-13 04:59:39,JFTXFC,NA/Fwd NDF AUD ZMW,AUD ZMW,Spot,Forward price of underlying instrument,CASH,Cash,AUD,ZMW,AUD,,,,,,,,,
1,Foreign_Exchange,Forward,NDF,UPI,QZCGP0NRFRVR,New,,2023-12-13 04:59:46,JFTXFC,NA/Fwd NDF GBP PAB,GBP PAB,Spot,Forward price of underlying instrument,CASH,Cash,GBP,PAB,USD,,,,,,,,,
1,Foreign_Exchange,Forward,NDF,UPI,QZSWC3WJ7HC6,New,,2023-12-13 04:59:46,JFTXFC,NA/Fwd NDF EUR KPW,EUR KPW,Spot,Forward price of underlying instrument,CASH,Cash,EUR,KPW,USD,,,,,,,,,
1,Foreign_Exchange,Forward,NDF,UPI,QZV97JK8VP2Q,New,,2023-12-13 04:59:52,JFTXFC,NA/Fwd NDF EUR MXV,EUR MXV,Spot,Forward price of underlying instrument,CASH,Cash,EUR,MXV,USD,,,,,,,,,
1,Foreign_Exchange,Forward,NDF,UPI,QZV9689CXB17,New,,2023-12-13 05:00:08,JFTXFC,NA/Fwd NDF BRL ZAR,BRL ZAR,Spot,Forward price of underlying instrument,CASH,Cash,BRL,ZAR,USD,,,,,,,,,
1,Foreign_Exchange,Forward,NDF,UPI,QZFWH8CQL7TW,New,,2023-12-13 05:00:12,JFTXFC,NA/Fwd NDF GBP UAH,GBP UAH,Spot,Forward price of underlying instrument,CASH,Cash,GBP,UAH,USD,,,,,,,,,
1,Foreign_Exchange,Forward,NDF,UPI,QZXRQWLL7LV5,New,,2023-12-13 05:00:16,JFTXFC,NA/Fwd NDF JPY RSD,JPY RSD,Spot,Forward price of underlying instrument,CASH,Cash,JPY,RSD,USD,,,,,,,,,
1,Foreign_Exchange,Forward,NDF,UPI,QZWS40042QDZ,New,,2023-12-13 05:00:26,JFTXFC,NA/Fwd NDF JPY PEN,JPY PEN,Spot,Forward price of underlying instrument,CASH,Cash,JPY,PEN,USD,,,,,,,,,
1,Foreign_Exchange,Forward,NDF,UPI,QZHVMG6CBTKP,New,,2023-12-13 05:00:36,JFTXFC,NA/Fwd NDF CHF KPW,CHF KPW,Spot,Forward price of underlying instrument,CASH,Cash,CHF,KPW,USD,,,,,,,,,
1,Foreign_Exchange,Forward,NDF,UPI,QZ93L4Q2HBMS,New,,2023-12-13 05:00:37,JFTXFC,NA/Fwd NDF NZD RUB,NZD RUB,Spot,Forward price of underlying instrument,CASH,Cash,NZD,RUB,USD,,,,,,,,,
1,Foreign_Exchange,Forward,NDF,UPI,QZN0HLX5TLRW,New,,2023-12-13 05:01:13,JFTXFC,NA/Fwd NDF BRL CLP,BRL CLP,Spot,Forward price of underlying instrument,CASH,Cash,BRL,CLP,USD,,,,,,,,,
1,Foreign_Exchange,Forward,NDF,UPI,QZD071QGQD2M,New,,2023-12-13 05:02:20,JFTXFC,NA/Fwd NDF DZD EUR,DZD EUR,Spot,Forward price of underlying instrument,CASH,Cash,DZD,EUR,USD,,,,,,,,,
1,Foreign_Exchange,Forward,NDF,UPI,QZJJ7L8QGR25,New,,2023-12-13 05:03:24,JFTXFC,NA/Fwd NDF PHP SEK,PHP SEK,Spot,Forward price of underlying instrument,CASH,Cash,PHP,SEK,USD,,,,,,,,,
1,Foreign_Exchange,Forward,NDF,UPI,QZKN7HVHSG0K,New,,2023-12-13 05:04:40,JFTXFC,NA/Fwd NDF EUR UZS,EUR UZS,Spot,Forward price of underlying instrument,CASH,Cash,EUR,UZS,EUR,,,,,,,,,
1,Foreign_Exchange,Forward,NDF,UPI,QZK32LV47920,New,,2023-12-13 05:04:44,JFTXFC,NA/Fwd NDF BRL HUF,BRL HUF,Spot,Forward price of underlying instrument,CASH,Cash,BRL,HUF,BRL,,,,,,,,,
1,Foreign_Exchange,Forward,NDF,UPI,QZ2ZX9B757HC,New,,2023-12-13 05:04:44,JFTXFC,NA/Fwd NDF BRL HUF,BRL HUF,Spot,Forward price of underlying instrument,CASH,Cash,BRL,HUF,USD,,,,,,,,,
1,Foreign_Exchange,Forward,NDF,UPI,QZ1S3PDVGBB3,New,,2023-12-13 05:05:38,JFTXFC,NA/Fwd NDF CAD RUB,CAD RUB,Spot,Forward price of underlying instrument,CASH,Cash,CAD,RUB,ILS,,,,,,,,,
1,Foreign_Exchange,Forward,NDF,UPI,QZH76F5JGFR3,New,,2023-12-13 05:06:27,JFTXFC,NA/Fwd NDF CAD ZMW,CAD ZMW,Spot,Forward price of underlying instrument,CASH,Cash,CAD,ZMW,CAD,,,,,,,,,
1,Foreign_Exchange,Forward,NDF,UPI,QZCWB5B1QG9M,New,,2023-12-13 05:06:37,JFTXFC,NA/Fwd NDF CNY NOK,CNY NOK,Spot,Forward price of underlying instrument,CASH,Cash,CNY,NOK,USD,,,,,,,,,
1,Foreign_Exchange,Forward,NDF,UPI,QZK3KQ6LVG03,New,,2023-12-13 05:06:46,JFTXFC,NA/Fwd NDF CLF SEK,CLF SEK,Spot,Forward price of underlying instrument,CASH,Cash,CLF,SEK,SEK,,,,,,,,,
1,Foreign_Exchange,Forward,NDF,UPI,QZJSTCT91W4Q,New,,2023-12-13 05:07:21,JFTXFC,NA/Fwd NDF EUR MUR,EUR MUR,Spot,Forward price of underlying instrument,CASH,Cash,EUR,MUR,MUR,,,,,,,,,
1,Foreign_Exchange,Forward,NDF,UPI,QZGS0SN78HNZ,New,,2023-12-13 05:07:32,JFTXFC,NA/Fwd NDF PHP TZS,PHP TZS,Spot,Forward price of underlying instrument,CASH,Cash,PHP,TZS,TZS,,,,,,,,,
1,Foreign_Exchange,Forward,NDF,UPI,QZ7444JVPKRZ,New,,2023-12-13 05:08:25,JFTXFC,NA/Fwd NDF GBP GHS,GBP GHS,Spot,Forward price of underlying instrument,CASH,Cash,GBP,GHS,USD,,,,,,,,,
1,Foreign_Exchange,Forward,NDF,UPI,QZ7GD7558RC2,New,,2023-12-13 05:09:23,JFTXFC,NA/Fwd NDF CNY THB,CNY THB,Spot,Forward price of underlying instrument,CASH,Cash,CNY,THB,EUR,,,,,,,,,
1,Foreign_Exchange,Forward,NDF,UPI,QZS3QDGKR86R,New,,2023-12-13 05:09:32,JFTXFC,NA/Fwd NDF CAD THB,CAD THB,Spot,Forward price of underlying instrument,CASH,Cash,CAD,THB,USD,,,,,,,,,
1,Foreign_Exchange,Forward,NDF,UPI,QZ97GVNN4FMH,New,,2023-12-13 05:09:33,JFTXFC,NA/Fwd NDF EUR KWD,EUR KWD,Spot,Forward price of underlying instrument,CASH,Cash,EUR,KWD,USD,,,,,,,,,
1,Foreign_Exchange,Forward,NDF,UPI,QZJ26B9ZSWG3,New,,2023-12-13 05:09:52,JFTXFC,NA/Fwd NDF EUR ZMW,EUR ZMW,Spot,Forward price of underlying instrument,CASH,Cash,EUR,ZMW,USD,,,,,,,,,
1,Foreign_Exchange,Forward,NDF,UPI,QZ5989QV742M,New,,2023-12-13 05:10:58,JFTXFC,NA/Fwd NDF GBP VND,GBP VND,Spot,Forward price of underlying instrument,CASH,Cash,GBP,VND,USD,,,,,,,,,
1,Foreign_Exchange,Forward,NDF,UPI,QZKXKZ6SKVWP,New,,2023-12-13 05:11:38,JFTXFC,NA/Fwd NDF EUR SGD,EUR SGD,Spot,Forward price of underlying instrument,CASH,Cash,EUR,SGD,USD,,,,,,,,,
1,Foreign_Exchange,Forward,NDF,UPI,QZVLDM773N76,New,,2023-12-13 05:12:03,JFTXFC,NA/Fwd NDF BHD EUR,BHD EUR,Spot,Forward price of underlying instrument,CASH,Cash,BHD,EUR,BHD,,,,,,,,,
1,Foreign_Exchange,Forward,NDF,UPI,QZXMXGJSFRLR,New,,2023-12-13 05:12:13,JFTXFC,NA/Fwd NDF CHF VND,CHF VND,Spot,Forward price of underlying instrument,CASH,Cash,CHF,VND,VND,,,,,,,,,
1,Foreign_Exchange,Forward,NDF,UPI,QZ50LGQ8DQKL,New,,2023-12-13 05:12:31,JFTXFC,NA/Fwd NDF COP MXN,COP MXN,Spot,Forward price of underlying instrument,CASH,Cash,COP,MXN,USD,,,,,,,,,
1,Foreign_Exchange,Forward,NDF,UPI,QZ35GS2XK76J,New,,2023-12-13 05:12:31,JFTXFC,NA/Fwd NDF EUR QAR,EUR QAR,Spot,Forward price of underlying instrument,CASH,Cash,EUR,QAR,USD,,,,,,,,,
1,Foreign_Exchange,Forward,NDF,UPI,QZPBBDV64ZWM,New,,2023-12-13 05:13:11,JFTXFC,NA/Fwd NDF CHF HKD,CHF HKD,Spot,Forward price of underlying instrument,CASH,Cash,CHF,HKD,USD,,,,,,,,,
1,Foreign_Exchange,Forward,NDF,UPI,QZ1PJZ8HVWK1,New,,2023-12-13 05:13:19,JFTXFC,NA/Fwd NDF EUR HNL,EUR HNL,Spot,Forward price of underlying instrument,CASH,Cash,EUR,HNL,EUR,,,,,,,,,
1,Foreign_Exchange,Forward,NDF,UPI,QZZCB8H123N4,New,,2023-12-13 05:13:59,JFTXFC,NA/Fwd NDF AUD EUR,AUD EUR,Spot,Forward price of underlying instrument,CASH,Cash,AUD,EUR,BRL,,,,,,,,,
1,Foreign_Exchange,Forward,NDF,UPI,QZ2WPTM2M9V6,New,,2023-12-13 05:15:07,JFTXFC,NA/Fwd NDF COP NOK,COP NOK,Spot,Forward price of underlying instrument,CASH,Cash,COP,NOK,USD,,,,,,,,,
1,Foreign_Exchange,Forward,NDF,UPI,QZ4BLX4WSVZ6,New,,2023-12-13 05:15:30,JFTXFC,NA/Fwd NDF EUR MMK,EUR MMK,Spot,Forward price of underlying instrument,CASH,Cash,EUR,MMK,EUR,,,,,,,,,
1,Foreign_Exchange,Forward,NDF,UPI,QZF5TD2FS12H,New,,2023-12-13 05:15:48,JFTXFC,NA/Fwd NDF EUR XPF,EUR XPF,Spot,Forward price of underlying instrument,CASH,Cash,EUR,XPF,EUR,,,,,,,,,
1,Foreign_Exchange,Forward,NDF,UPI,QZQD6QXVBGC9,New,,2023-12-13 05:17:58,JFTXFC,NA/Fwd NDF IDR ZAR,IDR ZAR,Spot,Forward price of underlying instrument,CASH,Cash,IDR,ZAR,USD,,,,,,,,,
1,Foreign_Exchange,Forward,NDF,UPI,QZ3SBFX55XQG,New,,2023-12-13 05:18:17,JFTXFC,NA/Fwd NDF EUR KRW,EUR KRW,Spot,Forward price of underlying instrument,CASH,Cash,EUR,KRW,BRL,,,,,,,,,
1,Foreign_Exchange,Forward,NDF,UPI,QZN5PPD5KQLB,New,,2023-12-13 05:18:24,JFTXFC,NA/Fwd NDF INR NOK,INR NOK,Spot,Forward price of underlying instrument,CASH,Cash,INR,NOK,USD,,,,,,,,,
1,Foreign_Exchange,Forward,NDF,UPI,QZKPDFTN9Z08,New,,2023-12-13 05:19:14,JFTXFC,NA/Fwd NDF CHF THB,CHF THB,Spot,Forward price of underlying instrument,CASH,Cash,CHF,THB,USD,,,,,,,,,
1,Foreign_Exchange,Forward,NDF,UPI,QZ6SD351PX5X,New,,2023-12-13 05:19:23,JFTXFC,NA/Fwd NDF GBP THB,GBP THB,Spot,Forward price of underlying instrument,CASH,Cash,GBP,THB,THB,,,,,,,,,
1,Foreign_Exchange,Forward,NDF,UPI,QZRTFZTZ55Q9,New,,2023-12-13 05:19:46,JFTXFC,NA/Fwd NDF INR TRY,INR TRY,Spot,Forward price of underlying instrument,CASH,Cash,INR,TRY,TRY,,,,,,,,,
1,Foreign_Exchange,Forward,NDF,UPI,QZ42G184FS3X,New,,2023-12-13 05:20:32,JFTXFC,NA/Fwd NDF RUB USD,RUB USD,Spot,Forward price of underlying instrument,CASH,Cash,RUB,USD,GBP,,,,,,,,,
1,Foreign_Exchange,Forward,NDF,UPI,QZRTNVDQBHLK,New,,2023-12-13 05:20:38,JFTXFC,NA/Fwd NDF EUR XPD,EUR XPD,Spot,Forward price of underlying instrument,CASH,Cash,EUR,XPD,EUR,,,,,,,,,
1,Foreign_Exchange,Forward,NDF,UPI,QZ64TB715G40,New,,2023-12-13 05:21:04,JFTXFC,NA/Fwd NDF KRW TWD,KRW TWD,Spot,Forward price of underlying instrument,CASH,Cash,KRW,TWD,USD,,,,,,,,,
1,Foreign_Exchange,Forward,NDF,UPI,QZ61FHZ0RKF9,New,,2023-12-13 05:21:40,JFTXFC,NA/Fwd NDF IDR PHP,IDR PHP,Spot,Forward price of underlying instrument,CASH,Cash,IDR,PHP,PHP,,,,,,,,,
1,Foreign_Exchange,Forward,NDF,UPI,QZTV5725N601,New,,2023-12-13 05:21:44,JFTXFC,NA/Fwd NDF MXN USD,MXN USD,Spot,Forward price of underlying instrument,CASH,Cash,MXN,USD,BRL,,,,,,,,,
1,Foreign_Exchange,Forward,NDF,UPI,QZ2Z7NNFS20K,New,,2023-12-13 05:22:23,JFTXFC,NA/Fwd NDF CHF XAU,CHF XAU,Spot,Forward price of underlying instrument,CASH,Cash,CHF,XAU,USD,,,,,,,,,
1,Foreign_Exchange,Forward,NDF,UPI,QZSSJB807RSV,New,,2023-12-13 05:24:24,JFTXFC,NA/Fwd NDF EUR MAD,EUR MAD,Spot,Forward price of underlying instrument,CASH,Cash,EUR,MAD,BRL,,,,,,,,,
1,Foreign_Exchange,Forward,NDF,UPI,QZ45T0BBPVC1,New,,2023-12-13 05:25:05,JFTXFC,NA/Fwd NDF EUR PYG,EUR PYG,Spot,Forward price of underlying instrument,CASH,Cash,EUR,PYG,EUR,,,,,,,,,
1,Foreign_Exchange,Forward,NDF,UPI,QZCWK4Z79C5Q,New,,2023-12-13 05:26:33,JFTXFC,NA/Fwd NDF EUR PKR,EUR PKR,Spot,Forward price of underlying instrument,CASH,Cash,EUR,PKR,USD,,,,,,,,,
1,Foreign_Exchange,Forward,NDF,UPI,QZJFN75H5LNK,New,,2023-12-13 05:26:39,JFTXFC,NA/Fwd NDF GBP UGX,GBP UGX,Spot,Forward price of underlying instrument,CASH,Cash,GBP,UGX,USD,,,,,,,,,
1,Foreign_Exchange,Forward,NDF,UPI,QZKPR7HFC5JQ,New,,2023-12-13 05:26:57,JFTXFC,NA/Fwd NDF EUR SAR,EUR SAR,Spot,Forward price of underlying instrument,CASH,Cash,EUR,SAR,USD,,,,,,,,,
1,Foreign_Exchange,Forward,NDF,UPI,QZ626C4PKXHC,New,,2023-12-13 05:27:46,JFTXFC,NA/Fwd NDF AED SAR,AED SAR,Spot,Forward price of underlying instrument,CASH,Cash,AED,SAR,USD,,,,,,,,,
1,Foreign_Exchange,Forward,NDF,UPI,QZBCB2T0V9NC,New,,2023-12-13 05:28:30,JFTXFC,NA/Fwd NDF ARS TRY,ARS TRY,Spot,Forward price of underlying instrument,CASH,Cash,ARS,TRY,TRY,,,,,,,,,
1,Foreign_Exchange,Forward,NDF,UPI,QZZSC15HM3SM,New,,2023-12-13 05:28:30,JFTXFC,NA/Fwd NDF EUR LKR,EUR LKR,Spot,Forward price of underlying instrument,CASH,Cash,EUR,LKR,USD,,,,,,,,,
1,Foreign_Exchange,Forward,NDF,UPI,QZN9PT15V003,New,,2023-12-13 05:28:39,JFTXFC,NA/Fwd NDF MYR ZAR,MYR ZAR,Spot,Forward price of underlying instrument,CASH,Cash,MYR,ZAR,ZAR,,,,,,,,,
1,Foreign_Exchange,Forward,NDF,UPI,QZHM75Z4CC14,New,,2023-12-13 05:29:04,JFTXFC,NA/Fwd NDF GBP KES,GBP KES,Spot,Forward price of underlying instrument,CASH,Cash,GBP,KES,KES,,,,,,,,,
1,Foreign_Exchange,Forward,NDF,UPI,QZ2QHGTLSM3Z,New,,2023-12-13 05:29:33,JFTXFC,NA/Fwd NDF MXN PLN,MXN PLN,Spot,Forward price of underlying instrument,CASH,Cash,MXN,PLN,PLN,,,,,,,,,
1,Foreign_Exchange,Forward,NDF,UPI,QZGZ92X8NVGV,New,,2023-12-13 05:29:56,JFTXFC,NA/Fwd NDF PHP ZAR,PHP ZAR,Spot,Forward price of underlying instrument,CASH,Cash,PHP,ZAR,ZAR,,,,,,,,,
1,Foreign_Exchange,Forward,NDF,UPI,QZMBZFNHQ3DM,New,,2023-12-13 05:29:56,JFTXFC,NA/Fwd NDF JPY VND,JPY VND,Spot,Forward price of underlying instrument,CASH,Cash,JPY,VND,VND,,,,,,,,,
1,Foreign_Exchange,Forward,NDF,UPI,QZ7JGPZ19GGH,New,,2023-12-13 05:30:04,JFTXFC,NA/Fwd NDF NOK RUB,NOK RUB,Spot,Forward price of underlying instrument,CASH,Cash,NOK,RUB,USD,,,,,,,,,
1,Foreign_Exchange,Forward,NDF,UPI,QZX0KK6ZHG3L,New,,2023-12-13 05:31:52,JFTXFC,NA/Fwd NDF SSP USD,SSP USD,Spot,Forward price of underlying instrument,CASH,Cash,SSP,USD,USD,,,,,,,,,
1,Foreign_Exchange,Forward,NDF,UPI,QZQ71LQRJQKL,New,,2023-12-13 05:32:41,JFTXFC,NA/Fwd NDF DKK PHP,DKK PHP,Spot,Forward price of underlying instrument,CASH,Cash,DKK,PHP,USD,,,,,,,,,
1,Foreign_Exchange,Forward,NDF,UPI,QZGW58ZC553L,New,,2023-12-13 05:32:43,JFTXFC,NA/Fwd NDF NOK RUB,NOK RUB,Spot,Forward price of underlying instrument,CASH,Cash,NOK,RUB,RUB,,,,,,,,,
1,Foreign_Exchange,Forward,NDF,UPI,QZNR2GXVBNNV,New,,2023-12-13 05:34:27,JFTXFC,NA/Fwd NDF INR XXX,INR XXX,Spot,Forward price of underlying instrument,CASH,Cash,INR,XXX,CZK,,,,,,,,,
1,Foreign_Exchange,Forward,NDF,UPI,QZ9QZZ3V2PR1,New,,2023-12-13 05:35:03,JFTXFC,NA/Fwd NDF AED BRL,AED BRL,Spot,Forward price of underlying instrument,CASH,Cash,AED,BRL,AED,,,,,,,,,
1,Foreign_Exchange,Forward,NDF,UPI,QZ3NZNBZQ1Q4,New,,2023-12-13 05:37:18,JFTXFC,NA/Fwd NDF SAR TWD,SAR TWD,Spot,Forward price of underlying instrument,CASH,Cash,SAR,TWD,SAR,,,,,,,,,
1,Foreign_Exchange,Forward,NDF,UPI,QZQ773DWSB96,New,,2023-12-13 05:38:11,JFTXFC,NA/Fwd NDF CHF GHS,CHF GHS,Spot,Forward price of underlying instrument,CASH,Cash,CHF,GHS,CHF,,,,,,,,,
1,Foreign_Exchange,Forward,NDF,UPI,QZLFPBPHVR1N,New,,2023-12-13 05:38:18,JFTXFC,NA/Fwd NDF INR MYR,INR MYR,Spot,Forward price of underlying instrument,CASH,Cash,INR,MYR,USD,,,,,,,,,
1,Foreign_Exchange,Forward,NDF,UPI,QZL3VX770W07,New,,2023-12-13 05:38:29,JFTXFC,NA/Fwd NDF AUD NGN,AUD NGN,Spot,Forward price of underlying instrument,CASH,Cash,AUD,NGN,AUD,,,,,,,,,
1,Foreign_Exchange,Forward,NDF,UPI,QZXCHB6ZWCR4,New,,2023-12-13 05:38:31,JFTXFC,NA/Fwd NDF HKD MYR,HKD MYR,Spot,Forward price of underlying instrument,CASH,Cash,HKD,MYR,USD,,,,,,,,,
1,Foreign_Exchange,Forward,NDF,UPI,QZC8866NQT0K,New,,2023-12-13 05:38:38,JFTXFC,NA/Fwd NDF KRW MYR,KRW MYR,Spot,Forward price of underlying instrument,CASH,Cash,KRW,MYR,USD,,,,,,,,,
1,Foreign_Exchange,Forward,NDF,UPI,QZR0PBDL4F8X,New,,2023-12-13 05:40:28,JFTXFC,NA/Fwd NDF CLF USD,CLF USD,Spot,Forward price of underlying instrument,CASH,Cash,CLF,USD,CLP,,,,,,,,,
1,Foreign_Exchange,Forward,NDF,UPI,QZWL1ZFLXRHR,New,,2023-12-13 05:42:14,JFTXFC,NA/Fwd NDF PEN PLN,PEN PLN,Spot,Forward price of underlying instrument,CASH,Cash,PEN,PLN,PLN,,,,,,,,,
1,Foreign_Exchange,Forward,NDF,UPI,QZWZ18CSSMWB,New,,2023-12-13 05:42:14,JFTXFC,NA/Fwd NDF COP PLN,COP PLN,Spot,Forward price of underlying instrument,CASH,Cash,COP,PLN,PLN,,,,,,,,,
1,Foreign_Exchange,Forward,NDF,UPI,QZ29DMFDBNK8,New,,2023-12-13 05:44:14,JFTXFC,NA/Fwd NDF CHF NOK,CHF NOK,Spot,Forward price of underlying instrument,CASH,Cash,CHF,NOK,NOK,,,,,,,,,
1,Foreign_Exchange,Forward,NDF,UPI,QZ1MG9NM0HQ4,New,,2023-12-13 05:44:16,JFTXFC,NA/Fwd NDF ARS ZAR,ARS ZAR,Spot,Forward price of underlying instrument,CASH,Cash,ARS,ZAR,ZAR,,,,,,,,,
1,Foreign_Exchange,Forward,NDF,UPI,QZH303B1RV3P,New,,2023-12-13 05:44:40,JFTXFC,NA/Fwd NDF NOK PEN,NOK PEN,Spot,Forward price of underlying instrument,CASH,Cash,NOK,PEN,USD,,,,,,,,,
1,Foreign_Exchange,Forward,NDF,UPI,QZF164CF63N3,New,,2023-12-13 05:44:40,JFTXFC,NA/Fwd NDF NOK PEN,NOK PEN,Spot,Forward price of underlying instrument,CASH,Cash,NOK,PEN,NOK,,,,,,,,,
1,Foreign_Exchange,Forward,NDF,UPI,QZDGKB9ZZXQL,New,,2023-12-13 05:45:36,JFTXFC,NA/Fwd NDF GEL USD,GEL USD,Spot,Forward price of underlying instrument,CASH,Cash,GEL,USD,GEL,,,,,,,,,
1,Foreign_Exchange,Forward,NDF,UPI,QZG9RH42NBVT,New,,2023-12-13 05:46:18,JFTXFC,NA/Fwd NDF MXN RUB,MXN RUB,Spot,Forward price of underlying instrument,CASH,Cash,MXN,RUB,RUB,,,,,,,,,
1,Foreign_Exchange,Forward,NDF,UPI,QZFWPWNSPTLZ,New,,2023-12-13 05:46:18,JFTXFC,NA/Fwd NDF MXN RUB,MXN RUB,Spot,Forward price of underlying instrument,CASH,Cash,MXN,RUB,MXN,,,,,,,,,
1,Foreign_Exchange,Forward,NDF,UPI,QZHMQN5K0D3K,New,,2023-12-13 05:46:46,JFTXFC,NA/Fwd NDF AUD LKR,AUD LKR,Spot,Forward price of underlying instrument,CASH,Cash,AUD,LKR,AUD,,,,,,,,,
1,Foreign_Exchange,Forward,NDF,UPI,QZWF55H21D48,New,,2023-12-13 05:46:48,JFTXFC,NA/Fwd NDF LBP USD,LBP USD,Spot,Forward price of underlying instrument,CASH,Cash,LBP,USD,LBP,,,,,,,,,
1,Foreign_Exchange,Forward,NDF,UPI,QZQW78XCZRV5,New,,2023-12-13 05:48:42,JFTXFC,NA/Fwd NDF IDR ZAR,IDR ZAR,Spot,Forward price of underlying instrument,CASH,Cash,IDR,ZAR,IDR,,,,,,,,,
1,Foreign_Exchange,Forward,NDF,UPI,QZHVN3G03XJF,New,,2023-12-13 05:49:06,JFTXFC,NA/Fwd NDF AED BDT,AED BDT,Spot,Forward price of underlying instrument,CASH,Cash,AED,BDT,USD,,,,,,,,,
1,Foreign_Exchange,Forward,NDF,UPI,QZ2GJCWWXBBK,New,,2023-12-13 05:49:07,JFTXFC,NA/Fwd NDF IDR TWD,IDR TWD,Spot,Forward price of underlying instrument,CASH,Cash,IDR,TWD,IDR,,,,,,,,,
1,Foreign_Exchange,Forward,NDF,UPI,QZM26XMM4QFS,New,,2023-12-13 05:49:07,JFTXFC,NA/Fwd NDF GBP SGD,GBP SGD,Spot,Forward price of underlying instrument,CASH,Cash,GBP,SGD,USD,,,,,,,,,
1,Foreign_Exchange,Forward,NDF,UPI,QZSD8RPL8CNZ,New,,2023-12-13 05:49:31,JFTXFC,NA/Fwd NDF BGN USD,BGN USD,Spot,Forward price of underlying instrument,CASH,Cash,BGN,USD,BGN,,,,,,,,,
1,Foreign_Exchange,Forward,NDF,UPI,QZDMGTC302F7,New,,2023-12-13 05:49:34,JFTXFC,NA/Fwd NDF NGN NZD,NGN NZD,Spot,Forward price of underlying instrument,CASH,Cash,NGN,NZD,NZD,,,,,,,,,
1,Foreign_Exchange,Forward,NDF,UPI,QZBDTF4RZR8S,New,,2023-12-13 05:49:35,JFTXFC,NA/Fwd NDF EGP NZD,EGP NZD,Spot,Forward price of underlying instrument,CASH,Cash,EGP,NZD,NZD,,,,,,,,,
1,Foreign_Exchange,Forward,NDF,UPI,QZGJ5RTJBTRV,New,,2023-12-13 05:49:35,JFTXFC,NA/Fwd NDF NZD UAH,NZD UAH,Spot,Forward price of underlying instrument,CASH,Cash,NZD,UAH,NZD,,,,,,,,,
1,Foreign_Exchange,Forward,NDF,UPI,QZ8Z2TGKC0KV,New,,2023-12-13 05:50:35,JFTXFC,NA/Fwd NDF TWD ZAR,TWD ZAR,Spot,Forward price of underlying instrument,CASH,Cash,TWD,ZAR,TWD,,,,,,,,,
1,Foreign_Exchange,Forward,NDF,UPI,QZLMNX3KMMVN,New,,2023-12-13 05:50:35,JFTXFC,NA/Fwd NDF TWD ZAR,TWD ZAR,Spot,Forward price of underlying instrument,CASH,Cash,TWD,ZAR,ZAR,,,,,,,,,
1,Foreign_Exchange,Forward,NDF,UPI,QZR97T0ZXPHF,New,,2023-12-13 05:50:39,JFTXFC,NA/Fwd NDF AUD BDT,AUD BDT,Spot,Forward price of underlying instrument,CASH,Cash,AUD,BDT,BDT,,,,,,,,,
1,Foreign_Exchange,Forward,NDF,UPI,QZWBK8KCV139,New,,2023-12-13 05:50:50,JFTXFC,NA/Fwd NDF KRW USD,KRW USD,Spot,Forward price of underlying instrument,CASH,Cash,KRW,USD,RUB,,,,,,,,,
1,Foreign_Exchange,Forward,NDF,UPI,QZV5ZH741JV2,New,,2023-12-13 05:50:58,JFTXFC,NA/Fwd NDF COP KRW,COP KRW,Spot,Forward price of underlying instrument,CASH,Cash,COP,KRW,USD,,,,,,,,,
1,Foreign_Exchange,Forward,NDF,UPI,QZKXNK605KZG,New,,2023-12-13 05:51:31,JFTXFC,NA/Fwd NDF CZK GBP,CZK GBP,Spot,Forward price of underlying instrument,CASH,Cash,CZK,GBP,USD,,,,,,,,,
1,Foreign_Exchange,Forward,NDF,UPI,QZJJVC4QKZT4,New,,2023-12-13 05:51:31,JFTXFC,NA/Fwd NDF CZK GBP,CZK GBP,Spot,Forward price of underlying instrument,CASH,Cash,CZK,GBP,CZK,,,,,,,,,
1,Foreign_Exchange,Forward,NDF,UPI,QZLVBLZSR73R,New,,2023-12-13 05:53:08,JFTXFC,NA/Fwd NDF IRR USD,IRR USD,Spot,Forward price of underlying instrument,CASH,Cash,IRR,USD,USD,,,,,,,,,
1,Foreign_Exchange,Forward,NDF,UPI,QZZQJHKMGDPM,New,,2023-12-13 05:54:05,JFTXFC,NA/Fwd NDF RUB ZAR,RUB ZAR,Spot,Forward price of underlying instrument,CASH,Cash,RUB,ZAR,RUB,,,,,,,,,
1,Foreign_Exchange,Forward,NDF,UPI,QZ7R2VS63HTB,New,,2023-12-13 05:54:29,JFTXFC,NA/Fwd NDF CHF KZT,CHF KZT,Spot,Forward price of underlying instrument,CASH,Cash,CHF,KZT,CHF,,,,,,,,,
1,Foreign_Exchange,Forward,NDF,UPI,QZSJ7QR60X2J,New,,2023-12-13 05:54:48,JFTXFC,NA/Fwd NDF ISK USD,ISK USD,Spot,Forward price of underlying instrument,CASH,Cash,ISK,USD,ISK,,,,,,,,,
1,Foreign_Exchange,Forward,NDF,UPI,QZ9DFDXB1B24,New,,2023-12-13 05:55:05,JFTXFC,NA/Fwd NDF EUR ISK,EUR ISK,Spot,Forward price of underlying instrument,CASH,Cash,EUR,ISK,USD,,,,,,,,,
1,Foreign_Exchange,Forward,NDF,UPI,QZGW50LMD2TZ,New,,2023-12-13 05:55:31,JFTXFC,NA/Fwd NDF RUB SEK,RUB SEK,Spot,Forward price of underlying instrument,CASH,Cash,RUB,SEK,EUR,,,,,,,,,
1,Foreign_Exchange,Forward,NDF,UPI,QZX9QGDKJM2P,New,,2023-12-13 05:56:48,JFTXFC,NA/Fwd NDF CHF MVR,CHF MVR,Spot,Forward price of underlying instrument,CASH,Cash,CHF,MVR,MVR,,,,,,,,,
1,Foreign_Exchange,Forward,NDF,UPI,QZNWRF4R20SF,New,,2023-12-13 05:56:49,JFTXFC,NA/Fwd NDF CHF MVR,CHF MVR,Spot,Forward price of underlying instrument,CASH,Cash,CHF,MVR,CHF,,,,,,,,,
1,Foreign_Exchange,Forward,NDF,UPI,QZJ5ZV42250H,New,,2023-12-13 05:56:54,JFTXFC,NA/Fwd NDF CHF MXN,CHF MXN,Spot,Forward price of underlying instrument,CASH,Cash,CHF,MXN,USD,,,,,,,,,
1,Foreign_Exchange,Forward,NDF,UPI,QZNJT5R6546N,New,,2023-12-13 05:57:20,JFTXFC,NA/Fwd NDF ALL EUR,ALL EUR,Spot,Forward price of underlying instrument,CASH,Cash,ALL,EUR,EUR,,,,,,,,,
1,Foreign_Exchange,Forward,NDF,UPI,QZ67GS0NGTTK,New,,2023-12-13 06:01:37,JFTXFC,NA/Fwd NDF NOK PHP,NOK PHP,Spot,Forward price of underlying instrument,CASH,Cash,NOK,PHP,PHP,,,,,,,,,
1,Foreign_Exchange,Forward,NDF,UPI,QZN68TF4JX4F,New,,2023-12-13 06:02:53,JFTXFC,NA/Fwd NDF EUR OMR,EUR OMR,Spot,Forward price of underlying instrument,CASH,Cash,EUR,OMR,USD,,,,,,,,,
1,Foreign_Exchange,Forward,NDF,UPI,QZS9ZZ4SBWHN,New,,2023-12-13 06:02:54,JFTXFC,NA/Fwd NDF THB USD,THB USD,Spot,Forward price of underlying instrument,CASH,Cash,THB,USD,BRL,,,,,,,,,
1,Foreign_Exchange,Forward,NDF,UPI,QZ7L637VTZ5P,New,,2023-12-13 06:03:49,JFTXFC,NA/Fwd NDF MXN ZAR,MXN ZAR,Spot,Forward price of underlying instrument,CASH,Cash,MXN,ZAR,ZAR,,,,,,,,,
1,Foreign_Exchange,Forward,NDF,UPI,QZ8D1DTFPZ76,New,,2023-12-13 06:04:20,JFTXFC,NA/Fwd NDF NZD UYU,NZD UYU,Spot,Forward price of underlying instrument,CASH,Cash,NZD,UYU,NZD,,,,,,,,,
1,Foreign_Exchange,Forward,NDF,UPI,QZJXZ3TFJBWJ,New,,2023-12-13 06:05:01,JFTXFC,NA/Fwd NDF AUD GBP,AUD GBP,Spot,Forward price of underlying instrument,CASH,Cash,AUD,GBP,USD,,,,,,,,,
1,Foreign_Exchange,Forward,NDF,UPI,QZVX4QB7SZ1X,New,,2023-12-13 06:06:13,JFTXFC,NA/Fwd NDF CLF DKK,CLF DKK,Spot,Forward price of underlying instrument,CASH,Cash,CLF,DKK,DKK,,,,,,,,,
1,Foreign_Exchange,Forward,NDF,UPI,QZ7JZ05FCJQ3,New,,2023-12-13 06:06:16,JFTXFC,NA/Fwd NDF CHF NGN,CHF NGN,Spot,Forward price of underlying instrument,CASH,Cash,CHF,NGN,CHF,,,,,,,,,
1,Foreign_Exchange,Forward,NDF,UPI,QZPTJQZBP2QL,New,,2023-12-13 06:06:56,JFTXFC,NA/Fwd NDF KES SEK,KES SEK,Spot,Forward price of underlying instrument,CASH,Cash,KES,SEK,KES,,,,,,,,,
1,Foreign_Exchange,Forward,NDF,UPI,QZZZ16ZHR196,New,,2023-12-13 06:10:24,JFTXFC,NA/Fwd NDF EUR KZT,EUR KZT,Spot,Forward price of underlying instrument,CASH,Cash,EUR,KZT,GBP,,,,,,,,,
1,Foreign_Exchange,Forward,NDF,UPI,QZVK46T9QQWP,New,,2023-12-13 06:10:24,JFTXFC,NA/Fwd NDF CHF SAR,CHF SAR,Spot,Forward price of underlying instrument,CASH,Cash,CHF,SAR,SAR,,,,,,,,,
1,Foreign_Exchange,Forward,NDF,UPI,QZNL6CGV2T3X,New,,2023-12-13 06:10:55,JFTXFC,NA/Fwd NDF EUR MDL,EUR MDL,Spot,Forward price of underlying instrument,CASH,Cash,EUR,MDL,EUR,,,,,,,,,
1,Foreign_Exchange,Forward,NDF,UPI,QZLR2FTKMVC1,New,,2023-12-13 06:11:00,JFTXFC,NA/Fwd NDF GBP RUB,GBP RUB,Spot,Forward price of underlying instrument,CASH,Cash,GBP,RUB,CAD,,,,,,,,,
1,Foreign_Exchange,Forward,NDF,UPI,QZVSGNKMN86N,New,,2023-12-13 06:12:07,JFTXFC,NA/Fwd NDF AUD HKD,AUD HKD,Spot,Forward price of underlying instrument,CASH,Cash,AUD,HKD,USD,,,,,,,,,
1,Foreign_Exchange,Forward,NDF,UPI,QZ7NSN4JDTRQ,New,,2023-12-13 06:12:24,JFTXFC,NA/Fwd NDF NZD THB,NZD THB,Spot,Forward price of underlying instrument,CASH,Cash,NZD,THB,THB,,,,,,,,,
1,Foreign_Exchange,Forward,NDF,UPI,QZ7Q14RG0M26,New,,2023-12-13 06:31:12,JFTXFC,NA/Fwd NDF BAM EUR,BAM EUR,Spot,Forward price of underlying instrument,CASH,Cash,BAM,EUR,EUR,,,,,,,,,
1,Foreign_Exchange,Forward,NDF,UPI,QZ1D1466WKN9,New,,2023-12-13 06:31:29,JFTXFC,NA/Fwd NDF EUR JOD,EUR JOD,Spot,Forward price of underlying instrument,CASH,Cash,EUR,JOD,USD,,,,,,,,,
1,Foreign_Exchange,Forward,NDF,UPI,QZD4GGCD9DP0,New,,2023-12-13 06:31:35,JFTXFC,NA/Fwd NDF EGP JPY,EGP JPY,Spot,Forward price of underlying instrument,CASH,Cash,EGP,JPY,USD,,,,,,,,,
1,Foreign_Exchange,Forward,NDF,UPI,QZRN824H07MV,New,,2023-12-13 06:31:46,JFTXFC,NA/Fwd NDF GBP RWF,GBP RWF,Spot,Forward price of underlying instrument,CASH,Cash,GBP,RWF,GBP,,,,,,,,,
1,Foreign_Exchange,Forward,NDF,UPI,QZ1LMXTW61C2,New,,2023-12-13 06:31:46,JFTXFC,NA/Fwd NDF EGP JPY,EGP JPY,Spot,Forward price of underlying instrument,CASH,Cash,EGP,JPY,JPY,,,,,,,,,
1,Foreign_Exchange,Forward,NDF,UPI,QZJV3GN5R04T,New,,2023-12-13 06:34:03,JFTXFC,NA/Fwd NDF BYN EUR,BYN EUR,Spot,Forward price of underlying instrument,CASH,Cash,BYN,EUR,EUR,,,,,,,,,
1,Foreign_Exchange,Forward,NDF,UPI,QZVV2JDD3QTG,New,,2023-12-13 06:34:38,JFTXFC,NA/Fwd NDF INR JPY,INR JPY,Spot,Forward price of underlying instrument,CASH,Cash,INR,JPY,GBP,,,,,,,,,
1,Foreign_Exchange,Forward,NDF,UPI,QZP2L36TF4TK,New,,2023-12-13 06:36:07,JFTXFC,NA/Fwd NDF CNY VND,CNY VND,Spot,Forward price of underlying instrument,CASH,Cash,CNY,VND,CNY,,,,,,,,,
1,Foreign_Exchange,Forward,NDF,UPI,QZCWQZJFN3MZ,New,,2023-12-13 06:36:11,JFTXFC,NA/Fwd NDF NIO USD,NIO USD,Spot,Forward price of underlying instrument,CASH,Cash,NIO,USD,NIO,,,,,,,,,
1,Foreign_Exchange,Forward,NDF,UPI,QZLQ6CB7CZFD,New,,2023-12-13 06:37:18,JFTXFC,NA/Fwd NDF AUD VND,AUD VND,Spot,Forward price of underlying instrument,CASH,Cash,AUD,VND,VND,,,,,,,,,
1,Foreign_Exchange,Forward,NDF,UPI,QZPNTKTH5NWC,New,,2023-12-13 06:37:22,JFTXFC,NA/Fwd NDF MAD ZAR,MAD ZAR,Spot,Forward price of underlying instrument,CASH,Cash,MAD,ZAR,ZAR,,,,,,,,,
1,Foreign_Exchange,Forward,NDF,UPI,QZ54H3P6P06P,New,,2023-12-13 06:38:57,JFTXFC,NA/Fwd NDF CZK TRY,CZK TRY,Spot,Forward price of underlying instrument,CASH,Cash,CZK,TRY,TRY,,,,,,,,,
1,Foreign_Exchange,Forward,NDF,UPI,QZ9Z6QV7W3GJ,New,,2023-12-13 06:39:10,JFTXFC,NA/Fwd NDF MGA USD,MGA USD,Spot,Forward price of underlying instrument,CASH,Cash,MGA,USD,MGA,,,,,,,,,
1,Foreign_Exchange,Forward,NDF,UPI,QZHDFG9X8K8B,New,,2023-12-13 06:40:16,JFTXFC,NA/Fwd NDF CZK INR,CZK INR,Spot,Forward price of underlying instrument,CASH,Cash,CZK,INR,USD,,,,,,,,,
1,Foreign_Exchange,Forward,NDF,UPI,QZTT187BWS2C,New,,2023-12-13 06:40:31,JFTXFC,NA/Fwd NDF RWF USD,RWF USD,Spot,Forward price of underlying instrument,CASH,Cash,RWF,USD,RWF,,,,,,,,,
1,Foreign_Exchange,Forward,NDF,UPI,QZ7V1Z1TTX5H,New,,2023-12-13 06:40:57,JFTXFC,NA/Fwd NDF JPY KRW,JPY KRW,Spot,Forward price of underlying instrument,CASH,Cash,JPY,KRW,EUR,,,,,,,,,
1,Foreign_Exchange,Forward,NDF,UPI,QZ24S2KRRHWF,New,,2023-12-13 06:41:50,JFTXFC,NA/Fwd NDF MYR NOK,MYR NOK,Spot,Forward price of underlying instrument,CASH,Cash,MYR,NOK,MYR,,,,,,,,,
1,Foreign_Exchange,Forward,NDF,UPI,QZ8WZ0W2BJWH,New,,2023-12-13 06:41:51,JFTXFC,NA/Fwd NDF MYR NOK,MYR NOK,Spot,Forward price of underlying instrument,CASH,Cash,MYR,NOK,USD,,,,,,,,,
1,Foreign_Exchange,Forward,NDF,UPI,QZM41JLPH2H5,New,,2023-12-13 06:42:04,JFTXFC,NA/Fwd NDF GHS USD,GHS USD,Spot,Forward price of underlying instrument,CASH,Cash,GHS,USD,CHF,,,,,,,,,
1,Foreign_Exchange,Forward,NDF,UPI,QZ02FS705XCV,New,,2023-12-13 06:42:26,JFTXFC,NA/Fwd NDF MYR SEK,MYR SEK,Spot,Forward price of underlying instrument,CASH,Cash,MYR,SEK,USD,,,,,,,,,
1,Foreign_Exchange,Forward,NDF,UPI,QZ95841JP6LV,New,,2023-12-13 06:42:52,JFTXFC,NA/Fwd NDF PEN USD,PEN USD,Spot,Forward price of underlying instrument,CASH,Cash,PEN,USD,BRL,,,,,,,,,
1,Foreign_Exchange,Forward,NDF,UPI,QZH7VX8QRLX5,New,,2023-12-13 06:43:42,JFTXFC,NA/Fwd NDF EUR ILS,EUR ILS,Spot,Forward price of underlying instrument,CASH,Cash,EUR,ILS,USD,,,,,,,,,
1,Foreign_Exchange,Forward,NDF,UPI,QZQK18W5MG8Z,New,,2023-12-13 06:44:09,JFTXFC,NA/Fwd NDF KRW PHP,KRW PHP,Spot,Forward price of underlying instrument,CASH,Cash,KRW,PHP,PHP,,,,,,,,,
1,Foreign_Exchange,Forward,NDF,UPI,QZL4ZCJC2T58,New,,2023-12-13 06:44:22,JFTXFC,NA/Fwd NDF CNY KES,CNY KES,Spot,Forward price of underlying instrument,CASH,Cash,CNY,KES,KES,,,,,,,,,
1,Foreign_Exchange,Forward,NDF,UPI,QZK6VVF5KNG7,New,,2023-12-13 06:46:07,JFTXFC,NA/Fwd NDF JPY XAU,JPY XAU,Spot,Forward price of underlying instrument,CASH,Cash,JPY,XAU,JPY,,,,,,,,,
1,Foreign_Exchange,Forward,NDF,UPI,QZD681P5GCWM,New,,2023-12-13 06:46:20,JFTXFC,NA/Fwd NDF AUD BHD,AUD BHD,Spot,Forward price of underlying instrument,CASH,Cash,AUD,BHD,AUD,,,,,,,,,
1,Foreign_Exchange,Forward,NDF,UPI,QZCHXGDRVDHJ,New,,2023-12-13 06:47:04,JFTXFC,NA/Fwd NDF CNY USD,CNY USD,Spot,Forward price of underlying instrument,CASH,Cash,CNY,USD,SEK,,,,,,,,,
1,Foreign_Exchange,Forward,NDF,UPI,QZBWNQ3SKK4P,New,,2023-12-13 06:47:04,JFTXFC,NA/Fwd NDF CNY USD,CNY USD,Spot,Forward price of underlying instrument,CASH,Cash,CNY,USD,KRW,,,,,,,,,
1,Foreign_Exchange,Forward,NDF,UPI,QZMXCDDDZNK0,New,,2023-12-13 06:47:05,JFTXFC,NA/Fwd NDF SBD USD,SBD USD,Spot,Forward price of underlying instrument,CASH,Cash,SBD,USD,SBD,,,,,,,,,
1,Foreign_Exchange,Forward,NDF,UPI,QZFK59TGJ2WR,New,,2023-12-13 06:47:08,JFTXFC,NA/Fwd NDF BRL COP,BRL COP,Spot,Forward price of underlying instrument,CASH,Cash,BRL,COP,USD,,,,,,,,,
1,Foreign_Exchange,Forward,NDF,UPI,QZZTLLGZLNH5,New,,2023-12-13 06:49:19,JFTXFC,NA/Fwd NDF MYR SEK,MYR SEK,Spot,Forward price of underlying instrument,CASH,Cash,MYR,SEK,MYR,,,,,,,,,
1,Foreign_Exchange,Forward,NDF,UPI,QZR779B3W8L6,New,,2023-12-13 06:49:40,JFTXFC,NA/Fwd NDF KRW RUB,KRW RUB,Spot,Forward price of underlying instrument,CASH,Cash,KRW,RUB,KRW,,,,,,,,,
1,Foreign_Exchange,Forward,NDF,UPI,QZ8PCH5DD8XQ,New,,2023-12-13 06:50:54,JFTXFC,NA/Fwd NDF MXN ZAR,MXN ZAR,Spot,Forward price of underlying instrument,CASH,Cash,MXN,ZAR,MXN,,,,,,,,,
1,Foreign_Exchange,Forward,NDF,UPI,QZQT89007C52,New,,2023-12-13 06:51:40,JFTXFC,NA/Fwd NDF KZT USD,KZT USD,Spot,Forward price of underlying instrument,CASH,Cash,KZT,USD,RUB,,,,,,,,,
1,Foreign_Exchange,Forward,NDF,UPI,QZGG8FWPRTBB,New,,2023-12-13 06:51:55,JFTXFC,NA/Fwd NDF GBP ILS,GBP ILS,Spot,Forward price of underlying instrument,CASH,Cash,GBP,ILS,ILS,,,,,,,,,
1,Foreign_Exchange,Forward,NDF,UPI,QZJ5D61CSP9X,New,,2023-12-13 06:52:54,JFTXFC,NA/Fwd NDF RUB SGD,RUB SGD,Spot,Forward price of underlying instrument,CASH,Cash,RUB,SGD,RUB,,,,,,,,,
1,Foreign_Exchange,Forward,NDF,UPI,QZ6MW1VJNSJT,New,,2023-12-13 06:53:43,JFTXFC,NA/Fwd NDF EUR NIO,EUR NIO,Spot,Forward price of underlying instrument,CASH,Cash,EUR,NIO,EUR,,,,,,,,,
1,Foreign_Exchange,Forward,NDF,UPI,QZLB8ZN9H91N,New,,2023-12-13 06:54:11,JFTXFC,NA/Fwd NDF GBP MAD,GBP MAD,Spot,Forward price of underlying instrument,CASH,Cash,GBP,MAD,MAD,,,,,,,,,
1,Foreign_Exchange,Forward,NDF,UPI,QZ3DDBL6PVZQ,New,,2023-12-13 06:54:11,JFTXFC,NA/Fwd NDF GBP MAD,GBP MAD,Spot,Forward price of underlying instrument,CASH,Cash,GBP,MAD,USD,,,,,,,,,
1,Foreign_Exchange,Forward,NDF,UPI,QZ2G1SLV30C0,New,,2023-12-13 06:55:35,JFTXFC,NA/Fwd NDF CHF MAD,CHF MAD,Spot,Forward price of underlying instrument,CASH,Cash,CHF,MAD,MAD,,,,,,,,,
1,Foreign_Exchange,Forward,NDF,UPI,QZ349P7QJG1X,New,,2023-12-13 06:55:35,JFTXFC,NA/Fwd NDF CHF MAD,CHF MAD,Spot,Forward price of underlying instrument,CASH,Cash,CHF,MAD,CHF,,,,,,,,,
1,Foreign_Exchange,Forward,NDF,UPI,QZZH40GK9GDV,New,,2023-12-13 06:57:53,JFTXFC,NA/Fwd NDF EUR RUB,EUR RUB,Spot,Forward price of underlying instrument,CASH,Cash,EUR,RUB,GBP,,,,,,,,,
1,Foreign_Exchange,Forward,NDF,UPI,QZ2S58QQRDFM,New,,2023-12-13 06:58:08,JFTXFC,NA/Fwd NDF GBP INR,GBP INR,Spot,Forward price of underlying instrument,CASH,Cash,GBP,INR,EUR,,,,,,,,,
1,Foreign_Exchange,Forward,NDF,UPI,QZBV50BCDC0J,New,,2023-12-13 06:58:27,JFTXFC,NA/Fwd NDF AUD CAD,AUD CAD,Spot,Forward price of underlying instrument,CASH,Cash,AUD,CAD,EUR,,,,,,,,,
1,Foreign_Exchange,Forward,NDF,UPI,QZDFVN7W6W6T,New,,2023-12-13 06:59:23,JFTXFC,NA/Fwd NDF HRK USD,HRK USD,Spot,Forward price of underlying instrument,CASH,Cash,HRK,USD,HRK,,,,,,,,,
1,Foreign_Exchange,Forward,NDF,UPI,QZBF4ZDPTRFQ,New,,2023-12-13 06:59:59,JFTXFC,NA/Fwd NDF CLP MYR,CLP MYR,Spot,Forward price of underlying instrument,CASH,Cash,CLP,MYR,MYR,,,,,,,,,
1,Foreign_Exchange,Forward,NDF,UPI,QZDJVTTDV1JG,New,,2023-12-13 07:00:33,JFTXFC,NA/Fwd NDF NOK QAR,NOK QAR,Spot,Forward price of underlying instrument,CASH,Cash,NOK,QAR,QAR,,,,,,,,,
1,Foreign_Exchange,Forward,NDF,UPI,QZBN6365RJ84,New,,2023-12-13 07:02:09,JFTXFC,NA/Fwd NDF BRL PHP,BRL PHP,Spot,Forward price of underlying instrument,CASH,Cash,BRL,PHP,PHP,,,,,,,,,
1,Foreign_Exchange,Forward,NDF,UPI,QZZ1GP7FCJ97,New,,2023-12-13 07:03:04,JFTXFC,NA/Fwd NDF CAD USD,CAD USD,Spot,Forward price of underlying instrument,CASH,Cash,CAD,USD,EUR,,,,,,,,,
1,Foreign_Exchange,Forward,NDF,UPI,QZCLJKR79G3G,New,,2023-12-13 07:03:05,JFTXFC,NA/Fwd NDF JPY USD,JPY USD,Spot,Forward price of underlying instrument,CASH,Cash,JPY,USD,EUR,,,,,,,,,
1,Foreign_Exchange,Forward,NDF,UPI,QZ39DCHCKD4G,New,,2023-12-13 07:03:30,JFTXFC,NA/Fwd NDF BDT EUR,BDT EUR,Spot,Forward price of underlying instrument,CASH,Cash,BDT,EUR,USD,,,,,,,,,
1,Foreign_Exchange,Forward,NDF,UPI,QZZWXR3L81GK,New,,2023-12-13 07:04:12,JFTXFC,NA/Fwd NDF AED NZD,AED NZD,Spot,Forward price of underlying instrument,CASH,Cash,AED,NZD,AED,,,,,,,,,
1,Foreign_Exchange,Forward,NDF,UPI,QZQRWBRCVSX0,New,,2023-12-13 07:04:21,JFTXFC,NA/Fwd NDF THB TWD,THB TWD,Spot,Forward price of underlying instrument,CASH,Cash,THB,TWD,TWD,,,,,,,,,
1,Foreign_Exchange,Forward,NDF,UPI,QZBRDF7B4F77,New,,2023-12-13 07:05:36,JFTXFC,NA/Fwd NDF DKK IDR,DKK IDR,Spot,Forward price of underlying instrument,CASH,Cash,DKK,IDR,IDR,,,,,,,,,
1,Foreign_Exchange,Forward,NDF,UPI,QZHCB2NR4MGC,New,,2023-12-13 07:05:36,JFTXFC,NA/Fwd NDF DKK IDR,DKK IDR,Spot,Forward price of underlying instrument,CASH,Cash,DKK,IDR,USD,,,,,,,,,
1,Foreign_Exchange,Forward,NDF,UPI,QZHSB3052CV1,New,,2023-12-13 07:06:15,JFTXFC,NA/Fwd NDF DKK RON,DKK RON,Spot,Forward price of underlying instrument,CASH,Cash,DKK,RON,USD,,,,,,,,,
1,Foreign_Exchange,Forward,NDF,UPI,QZG8XRX6B9CD,New,,2023-12-13 07:06:37,JFTXFC,NA/Fwd NDF BRL INR,BRL INR,Spot,Forward price of underlying instrument,CASH,Cash,BRL,INR,USD,,,,,,,,,
1,Foreign_Exchange,Forward,NDF,UPI,QZSNK18BJ0LC,New,,2023-12-13 07:08:44,JFTXFC,NA/Fwd NDF CHF JPY,CHF JPY,Spot,Forward price of underlying instrument,CASH,Cash,CHF,JPY,USD,,,,,,,,,
1,Foreign_Exchange,Forward,NDF,UPI,QZZDGSZT03NC,New,,2023-12-13 07:11:34,JFTXFC,NA/Fwd NDF CNY RON,CNY RON,Spot,Forward price of underlying instrument,CASH,Cash,CNY,RON,CNY,,,,,,,,,
1,Foreign_Exchange,Forward,NDF,UPI,QZBQHFFJFL84,New,,2023-12-13 07:11:34,JFTXFC,NA/Fwd NDF CNY PEN,CNY PEN,Spot,Forward price of underlying instrument,CASH,Cash,CNY,PEN,CNY,,,,,,,,,
1,Foreign_Exchange,Forward,NDF,UPI,QZZ274XG5WCX,New,,2023-12-13 07:12:21,JFTXFC,NA/Fwd NDF TRY XAU,TRY XAU,Spot,Forward price of underlying instrument,CASH,Cash,TRY,XAU,XAU,,,,,,,,,
1,Foreign_Exchange,Forward,NDF,UPI,QZ0R9HXZKHVC,New,,2023-12-13 07:12:42,JFTXFC,NA/Fwd NDF UAH USD,UAH USD,Spot,Forward price of underlying instrument,CASH,Cash,UAH,USD,EUR,,,,,,,,,
1,Foreign_Exchange,Forward,NDF,UPI,QZQLTFDXZ353,New,,2023-12-13 07:12:51,JFTXFC,NA/Fwd NDF EUR TTD,EUR TTD,Spot,Forward price of underlying instrument,CASH,Cash,EUR,TTD,TTD,,,,,,,,,
1,Foreign_Exchange,Forward,NDF,UPI,QZ5KQPP70L37,New,,2023-12-13 07:12:51,JFTXFC,NA/Fwd NDF EUR TTD,EUR TTD,Spot,Forward price of underlying instrument,CASH,Cash,EUR,TTD,EUR,,,,,,,,,
1,Foreign_Exchange,Forward,NDF,UPI,QZZ7L957T6X5,New,,2023-12-13 07:13:06,JFTXFC,NA/Fwd NDF TMT USD,TMT USD,Spot,Forward price of underlying instrument,CASH,Cash,TMT,USD,USD,,,,,,,,,
1,Foreign_Exchange,Forward,NDF,UPI,QZK2Q008960H,New,,2023-12-13 07:19:07,JFTXFC,NA/Fwd NDF AUD GHS,AUD GHS,Spot,Forward price of underlying instrument,CASH,Cash,AUD,GHS,GHS,,,,,,,,,
1,Foreign_Exchange,Forward,NDF,UPI,QZ9R8HD5GBWK,New,,2023-12-13 07:19:16,JFTXFC,NA/Fwd NDF KRW RUB,KRW RUB,Spot,Forward price of underlying instrument,CASH,Cash,KRW,RUB,RUB,,,,,,,,,
1,Foreign_Exchange,Forward,NDF,UPI,QZC3JWVP7Z6C,New,,2023-12-13 07:19:19,JFTXFC,NA/Fwd NDF AUD GHS,AUD GHS,Spot,Forward price of underlying instrument,CASH,Cash,AUD,GHS,AUD,,,,,,,,,
1,Foreign_Exchange,Forward,NDF,UPI,QZKHPPZPTMMK,New,,2023-12-13 07:19:31,JFTXFC,NA/Fwd NDF GBP GEL,GBP GEL,Spot,Forward price of underlying instrument,CASH,Cash,GBP,GEL,GBP,,,,,,,,,
1,Foreign_Exchange,Forward,NDF,UPI,QZWNZJDX54XT,New,,2023-12-13 07:20:01,JFTXFC,NA/Fwd NDF HKD USD,HKD USD,Spot,Forward price of underlying instrument,CASH,Cash,HKD,USD,EUR,,,,,,,,,
1,Foreign_Exchange,Forward,NDF,UPI,QZZZH67LW39N,New,,2023-12-13 07:20:02,JFTXFC,NA/Fwd NDF NZD USD,NZD USD,Spot,Forward price of underlying instrument,CASH,Cash,NZD,USD,EUR,,,,,,,,,
1,Foreign_Exchange,Forward,NDF,UPI,QZ2CMF1M86F1,New,,2023-12-13 07:20:30,JFTXFC,NA/Fwd NDF RUB UAH,RUB UAH,Spot,Forward price of underlying instrument,CASH,Cash,RUB,UAH,RUB,,,,,,,,,
1,Foreign_Exchange,Forward,NDF,UPI,QZ123HD4STF1,New,,2023-12-13 07:21:11,JFTXFC,NA/Fwd NDF NOK ZMW,NOK ZMW,Spot,Forward price of underlying instrument,CASH,Cash,NOK,ZMW,NOK,,,,,,,,,
1,Foreign_Exchange,Forward,NDF,UPI,QZH02SQ3NXRR,New,,2023-12-13 07:22:30,JFTXFC,NA/Fwd NDF EGP MXN,EGP MXN,Spot,Forward price of underlying instrument,CASH,Cash,EGP,MXN,USD,,,,,,,,,
1,Foreign_Exchange,Forward,NDF,UPI,QZST0J21FNXJ,New,,2023-12-13 07:22:57,JFTXFC,NA/Fwd NDF JPY NGN,JPY NGN,Spot,Forward price of underlying instrument,CASH,Cash,JPY,NGN,JPY,,,,,,,,,
1,Foreign_Exchange,Forward,NDF,UPI,QZD9MZNX60PD,New,,2023-12-13 07:23:05,JFTXFC,NA/Fwd NDF CAD THB,CAD THB,Spot,Forward price of underlying instrument,CASH,Cash,CAD,THB,THB,,,,,,,,,
1,Foreign_Exchange,Forward,NDF,UPI,QZZR1377VZQJ,New,,2023-12-13 07:23:23,JFTXFC,NA/Fwd NDF IDR SAR,IDR SAR,Spot,Forward price of underlying instrument,CASH,Cash,IDR,SAR,SAR,,,,,,,,,
1,Foreign_Exchange,Forward,NDF,UPI,QZQLGQB7QDHC,New,,2023-12-13 07:23:39,JFTXFC,NA/Fwd NDF EUR MVR,EUR MVR,Spot,Forward price of underlying instrument,CASH,Cash,EUR,MVR,MVR,,,,,,,,,
1,Foreign_Exchange,Forward,NDF,UPI,QZ7HH6NX3L81,New,,2023-12-13 07:24:26,JFTXFC,NA/Fwd NDF IDR RUB,IDR RUB,Spot,Forward price of underlying instrument,CASH,Cash,IDR,RUB,RUB,,,,,,,,,
1,Foreign_Exchange,Forward,NDF,UPI,QZFFBDW9MM90,New,,2023-12-13 07:24:26,JFTXFC,NA/Fwd NDF AOA USD,AOA USD,Spot,Forward price of underlying instrument,CASH,Cash,AOA,USD,UAH,,,,,,,,,
1,Foreign_Exchange,Forward,NDF,UPI,QZFS8W4XL3RG,New,,2023-12-13 07:25:17,JFTXFC,NA/Fwd NDF GHS MYR,GHS MYR,Spot,Forward price of underlying instrument,CASH,Cash,GHS,MYR,MYR,,,,,,,,,
1,Foreign_Exchange,Forward,NDF,UPI,QZFFC5XF54K9,New,,2023-12-13 07:26:11,JFTXFC,NA/Fwd NDF CLP COP,CLP COP,Spot,Forward price of underlying instrument,CASH,Cash,CLP,COP,COP,,,,,,,,,
1,Foreign_Exchange,Forward,NDF,UPI,QZQX8SC04S8P,New,,2023-12-13 07:26:18,JFTXFC,NA/Fwd NDF BHD EUR,BHD EUR,Spot,Forward price of underlying instrument,CASH,Cash,BHD,EUR,USD,,,,,,,,,
1,Foreign_Exchange,Forward,NDF,UPI,QZ0JLB2JZFMN,New,,2023-12-13 07:26:37,JFTXFC,NA/Fwd NDF INR THB,INR THB,Spot,Forward price of underlying instrument,CASH,Cash,INR,THB,INR,,,,,,,,,
1,Foreign_Exchange,Forward,NDF,UPI,QZXZGW4VHVP4,New,,2023-12-13 07:28:11,JFTXFC,NA/Fwd NDF CLP CNY,CLP CNY,Spot,Forward price of underlying instrument,CASH,Cash,CLP,CNY,USD,,,,,,,,,
1,Foreign_Exchange,Forward,NDF,UPI,QZWF1KPZH9TK,New,,2023-12-13 07:28:11,JFTXFC,NA/Fwd NDF CLP CNY,CLP CNY,Spot,Forward price of underlying instrument,CASH,Cash,CLP,CNY,CLP,,,,,,,,,
1,Foreign_Exchange,Forward,NDF,UPI,QZ8B8KCJQ1MW,New,,2023-12-13 07:28:12,JFTXFC,NA/Fwd NDF USD XPF,USD XPF,Spot,Forward price of underlying instrument,CASH,Cash,USD,XPF,XPF,,,,,,,,,
1,Foreign_Exchange,Forward,NDF,UPI,QZ20HKTCJKCC,New,,2023-12-13 07:29:14,JFTXFC,NA/Fwd NDF GBP ZAR,GBP ZAR,Spot,Forward price of underlying instrument,CASH,Cash,GBP,ZAR,USD,,,,,,,,,
1,Foreign_Exchange,Forward,NDF,UPI,QZ3VL883X80X,New,,2023-12-13 07:29:43,JFTXFC,NA/Fwd NDF BND USD,BND USD,Spot,Forward price of underlying instrument,CASH,Cash,BND,USD,BND,,,,,,,,,
1,Foreign_Exchange,Forward,NDF,UPI,QZ092H09P3QC,New,,2023-12-13 07:29:43,JFTXFC,NA/Fwd NDF USD ZWL,USD ZWL,Spot,Forward price of underlying instrument,CASH,Cash,USD,ZWL,USD,,,,,,,,,
1,Foreign_Exchange,Forward,NDF,UPI,QZDNK7J9VQ95,New,,2023-12-13 07:30:23,JFTXFC,NA/Fwd NDF INR RUB,INR RUB,Spot,Forward price of underlying instrument,CASH,Cash,INR,RUB,INR,,,,,,,,,
1,Foreign_Exchange,Forward,NDF,UPI,QZMCLJ064NG0,New,,2023-12-13 07:31:02,JFTXFC,NA/Fwd NDF CLP KES,CLP KES,Spot,Forward price of underlying instrument,CASH,Cash,CLP,KES,KES,,,,,,,,,
1,Foreign_Exchange,Forward,NDF,UPI,QZ84VXF9HKBC,New,,2023-12-13 07:31:32,JFTXFC,NA/Fwd NDF SDG USD,SDG USD,Spot,Forward price of underlying instrument,CASH,Cash,SDG,USD,USD,,,,,,,,,
1,Foreign_Exchange,Forward,NDF,UPI,QZW81QMCK512,New,,2023-12-13 07:31:42,JFTXFC,NA/Fwd NDF CHF KES,CHF KES,Spot,Forward price of underlying instrument,CASH,Cash,CHF,KES,KES,,,,,,,,,
1,Foreign_Exchange,Forward,NDF,UPI,QZ11JTNFDCK1,New,,2023-12-13 07:31:58,JFTXFC,NA/Fwd NDF CLP INR,CLP INR,Spot,Forward price of underlying instrument,CASH,Cash,CLP,INR,USD,,,,,,,,,
1,Foreign_Exchange,Forward,NDF,UPI,QZL3VXTJQQXT,New,,2023-12-13 07:32:12,JFTXFC,NA/Fwd NDF CHF NZD,CHF NZD,Spot,Forward price of underlying instrument,CASH,Cash,CHF,NZD,CHF,,,,,,,,,
1,Foreign_Exchange,Forward,NDF,UPI,QZPKWN6L8M0W,New,,2023-12-13 07:32:24,JFTXFC,NA/Fwd NDF AUD UAH,AUD UAH,Spot,Forward price of underlying instrument,CASH,Cash,AUD,UAH,UAH,,,,,,,,,
1,Foreign_Exchange,Forward,NDF,UPI,QZFS43W98NH2,New,,2023-12-13 07:32:37,JFTXFC,NA/Fwd NDF EUR PYG,EUR PYG,Spot,Forward price of underlying instrument,CASH,Cash,EUR,PYG,PYG,,,,,,,,,
1,Foreign_Exchange,Forward,NDF,UPI,QZ5RMRRKX9G8,New,,2023-12-13 07:32:49,JFTXFC,NA/Fwd NDF HKD NZD,HKD NZD,Spot,Forward price of underlying instrument,CASH,Cash,HKD,NZD,HKD,,,,,,,,,
1,Foreign_Exchange,Forward,NDF,UPI,QZ1B33VMBST7,New,,2023-12-13 07:34:44,JFTXFC,NA/Fwd NDF EUR TMT,EUR TMT,Spot,Forward price of underlying instrument,CASH,Cash,EUR,TMT,EUR,,,,,,,,,
1,Foreign_Exchange,Forward,NDF,UPI,QZ0L5BJ2F17L,New,,2023-12-13 07:35:44,JFTXFC,NA/Fwd NDF MXN NZD,MXN NZD,Spot,Forward price of underlying instrument,CASH,Cash,MXN,NZD,MXN,,,,,,,,,
1,Foreign_Exchange,Forward,NDF,UPI,QZ3TWN0Z8532,New,,2023-12-13 07:37:18,JFTXFC,NA/Fwd NDF CAD JPY,CAD JPY,Spot,Forward price of underlying instrument,CASH,Cash,CAD,JPY,USD,,,,,,,,,
1,Foreign_Exchange,Forward,NDF,UPI,QZGLXTSR439C,New,,2023-12-13 07:37:52,JFTXFC,NA/Fwd NDF AED OMR,AED OMR,Spot,Forward price of underlying instrument,CASH,Cash,AED,OMR,AED,,,,,,,,,
1,Foreign_Exchange,Forward,NDF,UPI,QZGCL031W7HT,New,,2023-12-13 07:40:55,JFTXFC,NA/Fwd NDF AUD BDT,AUD BDT,Spot,Forward price of underlying instrument,CASH,Cash,AUD,BDT,AUD,,,,,,,,,
1,Foreign_Exchange,Forward,NDF,UPI,QZRP5NDLPL7M,New,,2023-12-13 07:43:17,JFTXFC,NA/Fwd NDF BDT JPY,BDT JPY,Spot,Forward price of underlying instrument,CASH,Cash,BDT,JPY,BDT,,,,,,,,,
1,Foreign_Exchange,Forward,NDF,UPI,QZDH2VLKB1TB,New,,2023-12-13 07:43:47,JFTXFC,NA/Fwd NDF KRW PLN,KRW PLN,Spot,Forward price of underlying instrument,CASH,Cash,KRW,PLN,KRW,,,,,,,,,
1,Foreign_Exchange,Forward,NDF,UPI,QZD4D2NS76LT,New,,2023-12-13 07:43:53,JFTXFC,NA/Fwd NDF NZD UGX,NZD UGX,Spot,Forward price of underlying instrument,CASH,Cash,NZD,UGX,UGX,,,,,,,,,
1,Foreign_Exchange,Forward,NDF,UPI,QZDNC1TZFVNJ,New,,2023-12-13 07:45:22,JFTXFC,NA/Fwd NDF KRW THB,KRW THB,Spot,Forward price of underlying instrument,CASH,Cash,KRW,THB,KRW,,,,,,,,,
1,Foreign_Exchange,Forward,NDF,UPI,QZJTHJ4NFBJG,New,,2023-12-13 07:46:02,JFTXFC,NA/Fwd NDF BSD KRW,BSD KRW,Spot,Forward price of underlying instrument,CASH,Cash,BSD,KRW,KRW,,,,,,,,,
1,Foreign_Exchange,Forward,NDF,UPI,QZLKGRZXGGMX,New,,2023-12-13 07:47:08,JFTXFC,NA/Fwd NDF INR PHP,INR PHP,Spot,Forward price of underlying instrument,CASH,Cash,INR,PHP,INR,,,,,,,,,
1,Foreign_Exchange,Forward,NDF,UPI,QZD73PGJGLL2,New,,2023-12-13 07:47:35,JFTXFC,NA/Fwd NDF ALL AOA,ALL AOA,Spot,Forward price of underlying instrument,CASH,Cash,ALL,AOA,USD,,,,,,,,,
1,Foreign_Exchange,Forward,NDF,UPI,QZ578TSP0XCQ,New,,2023-12-13 07:47:57,JFTXFC,NA/Fwd NDF COP DKK,COP DKK,Spot,Forward price of underlying instrument,CASH,Cash,COP,DKK,DKK,,,,,,,,,
1,Foreign_Exchange,Forward,NDF,UPI,QZZLG5PD7FVV,New,,2023-12-13 07:48:03,JFTXFC,NA/Fwd NDF AED COP,AED COP,Spot,Forward price of underlying instrument,CASH,Cash,AED,COP,USD,,,,,,,,,
1,Foreign_Exchange,Forward,NDF,UPI,QZDGDWM0PJLC,New,,2023-12-13 07:49:26,JFTXFC,NA/Fwd NDF CLP KRW,CLP KRW,Spot,Forward price of underlying instrument,CASH,Cash,CLP,KRW,KRW,,,,,,,,,
1,Foreign_Exchange,Forward,NDF,UPI,QZFQ3WP5JJ4Z,New,,2023-12-13 07:50:16,JFTXFC,NA/Fwd NDF EUR YER,EUR YER,Spot,Forward price of underlying instrument,CASH,Cash,EUR,YER,EUR,,,,,,,,,
1,Foreign_Exchange,Forward,NDF,UPI,QZLLZ8CJKGH0,New,,2023-12-13 07:50:50,JFTXFC,NA/Fwd NDF AUD UGX,AUD UGX,Spot,Forward price of underlying instrument,CASH,Cash,AUD,UGX,UGX,,,,,,,,,
1,Foreign_Exchange,Forward,NDF,UPI,QZ8RV2Q4RJ40,New,,2023-12-13 07:51:10,JFTXFC,NA/Fwd NDF KRW PEN,KRW PEN,Spot,Forward price of underlying instrument,CASH,Cash,KRW,PEN,KRW,,,,,,,,,
1,Foreign_Exchange,Forward,NDF,UPI,QZWF9K3ZQZ9J,New,,2023-12-13 07:53:44,JFTXFC,NA/Fwd NDF BDT CHF,BDT CHF,Spot,Forward price of underlying instrument,CASH,Cash,BDT,CHF,BDT,,,,,,,,,
1,Foreign_Exchange,Forward,NDF,UPI,QZ7DN148PSFK,New,,2023-12-13 07:53:47,JFTXFC,NA/Fwd NDF GBP UGX,GBP UGX,Spot,Forward price of underlying instrument,CASH,Cash,GBP,UGX,UGX,,,,,,,,,
1,Foreign_Exchange,Forward,NDF,UPI,QZRHB5T8V511,New,,2023-12-13 07:53:48,JFTXFC,NA/Fwd NDF CHF EUR,CHF EUR,Spot,Forward price of underlying instrument,CASH,Cash,CHF,EUR,XXX,,,,,,,,,
1,Foreign_Exchange,Forward,NDF,UPI,QZ6N1CCXFVLV,New,,2023-12-13 07:56:00,JFTXFC,NA/Fwd NDF AED COP,AED COP,Spot,Forward price of underlying instrument,CASH,Cash,AED,COP,AED,,,,,,,,,
1,Foreign_Exchange,Forward,NDF,UPI,QZ9X2TDQPJL1,New,,2023-12-13 07:58:01,JFTXFC,NA/Fwd NDF PGK USD,PGK USD,Spot,Forward price of underlying instrument,CASH,Cash,PGK,USD,PGK,,,,,,,,,
1,Foreign_Exchange,Forward,NDF,UPI,QZXPWT6W8J8N,New,,2023-12-13 08:02:21,JFTXFC,NA/Fwd NDF IDR SGD,IDR SGD,Spot,Forward price of underlying instrument,CASH,Cash,IDR,SGD,EUR,,,,,,,,,
1,Foreign_Exchange,Forward,NDF,UPI,QZQSKWM6GJ0W,New,,2023-12-13 08:04:13,JFTXFC,NA/Fwd NDF THB TWD,THB TWD,Spot,Forward price of underlying instrument,CASH,Cash,THB,TWD,USD,,,,,,,,,
1,Foreign_Exchange,Forward,NDF,UPI,QZ6J7SWK81D2,New,,2023-12-13 08:04:21,JFTXFC,NA/Fwd NDF AOA EUR,AOA EUR,Spot,Forward price of underlying instrument,CASH,Cash,AOA,EUR,USD,,,,,,,,,
1,Foreign_Exchange,Forward,NDF,UPI,QZZS129BML4V,New,,2023-12-13 08:05:19,JFTXFC,NA/Fwd NDF MNT SGD,MNT SGD,Spot,Forward price of underlying instrument,CASH,Cash,MNT,SGD,SGD,,,,,,,,,
1,Foreign_Exchange,Forward,NDF,UPI,QZX2QH3KVD17,New,,2023-12-13 08:05:21,JFTXFC,NA/Fwd NDF IDR MXN,IDR MXN,Spot,Forward price of underlying instrument,CASH,Cash,IDR,MXN,MXN,,,,,,,,,
1,Foreign_Exchange,Forward,NDF,UPI,QZRF4WPX2TWB,New,,2023-12-13 08:06:21,JFTXFC,NA/Fwd NDF SGD VND,SGD VND,Spot,Forward price of underlying instrument,CASH,Cash,SGD,VND,USD,,,,,,,,,
1,Foreign_Exchange,Forward,NDF,UPI,QZF425DGK5D9,New,,2023-12-13 08:06:27,JFTXFC,NA/Fwd NDF KRW KWD,KRW KWD,Spot,Forward price of underlying instrument,CASH,Cash,KRW,KWD,KRW,,,,,,,,,
1,Foreign_Exchange,Forward,NDF,UPI,QZBKJZP333G0,New,,2023-12-13 08:06:29,JFTXFC,NA/Fwd NDF INR PHP,INR PHP,Spot,Forward price of underlying instrument,CASH,Cash,INR,PHP,USD,,,,,,,,,
1,Foreign_Exchange,Forward,NDF,UPI,QZ1W4WWBPBM0,New,,2023-12-13 08:06:46,JFTXFC,NA/Fwd NDF MXN MYR,MXN MYR,Spot,Forward price of underlying instrument,CASH,Cash,MXN,MYR,MXN,,,,,,,,,
1,Foreign_Exchange,Forward,NDF,UPI,QZBZZRPZ4929,New,,2023-12-13 08:07:56,JFTXFC,NA/Fwd NDF KRW RON,KRW RON,Spot,Forward price of underlying instrument,CASH,Cash,KRW,RON,RON,,,,,,,,,
1,Foreign_Exchange,Forward,NDF,UPI,QZQJN1J3398B,New,,2023-12-13 08:08:08,JFTXFC,NA/Fwd NDF COP USD,COP USD,Spot,Forward price of underlying instrument,CASH,Cash,COP,USD,BRL,,,,,,,,,
1,Foreign_Exchange,Forward,NDF,UPI,QZ11PR34BPZ6,New,,2023-12-13 08:08:21,JFTXFC,NA/Fwd NDF JPY NZD,JPY NZD,Spot,Forward price of underlying instrument,CASH,Cash,JPY,NZD,USD,,,,,,,,,
1,Foreign_Exchange,Forward,NDF,UPI,QZL916DQW0NW,New,,2023-12-13 08:10:00,JFTXFC,NA/Fwd NDF ARS CNY,ARS CNY,Spot,Forward price of underlying instrument,CASH,Cash,ARS,CNY,ARS,,,,,,,,,
1,Foreign_Exchange,Forward,NDF,UPI,QZQVFRK5TPTG,New,,2023-12-13 08:10:35,JFTXFC,NA/Fwd NDF KRW OMR,KRW OMR,Spot,Forward price of underlying instrument,CASH,Cash,KRW,OMR,KRW,,,,,,,,,
1,Foreign_Exchange,Forward,NDF,UPI,QZXG01CXW8J9,New,,2023-12-13 08:11:40,JFTXFC,NA/Fwd NDF IDR PHP,IDR PHP,Spot,Forward price of underlying instrument,CASH,Cash,IDR,PHP,IDR,,,,,,,,,
1,Foreign_Exchange,Forward,NDF,UPI,QZJCWSRQK11P,New,,2023-12-13 08:11:58,JFTXFC,NA/Fwd NDF TWD ZAR,TWD ZAR,Spot,Forward price of underlying instrument,CASH,Cash,TWD,ZAR,USD,,,,,,,,,
1,Foreign_Exchange,Forward,NDF,UPI,QZ243VF16428,New,,2023-12-13 08:14:10,JFTXFC,NA/Fwd NDF IDR TWD,IDR TWD,Spot,Forward price of underlying instrument,CASH,Cash,IDR,TWD,TWD,,,,,,,,,
1,Foreign_Exchange,Forward,NDF,UPI,QZSMD89ND7NJ,New,,2023-12-13 08:14:18,JFTXFC,NA/Fwd NDF HUF RON,HUF RON,Spot,Forward price of underlying instrument,CASH,Cash,HUF,RON,HUF,,,,,,,,,
1,Foreign_Exchange,Forward,NDF,UPI,QZVP74H6X6F7,New,,2023-12-13 08:15:27,JFTXFC,NA/Fwd NDF EUR TZS,EUR TZS,Spot,Forward price of underlying instrument,CASH,Cash,EUR,TZS,TZS,,,,,,,,,
1,Foreign_Exchange,Forward,NDF,UPI,QZBW6CDN459Q,New,,2023-12-13 08:17:03,JFTXFC,NA/Fwd NDF KRW MYR,KRW MYR,Spot,Forward price of underlying instrument,CASH,Cash,KRW,MYR,EUR,,,,,,,,,
1,Foreign_Exchange,Forward,NDF,UPI,QZFB6J0SR6BW,New,,2023-12-13 08:17:03,JFTXFC,NA/Fwd NDF MYR PHP,MYR PHP,Spot,Forward price of underlying instrument,CASH,Cash,MYR,PHP,USD,,,,,,,,,
1,Foreign_Exchange,Forward,NDF,UPI,QZGN5HWVNFXK,New,,2023-12-13 08:17:24,JFTXFC,NA/Fwd NDF BRL PLN,BRL PLN,Spot,Forward price of underlying instrument,CASH,Cash,BRL,PLN,USD,,,,,,,,,
1,Foreign_Exchange,Forward,NDF,UPI,QZ046FDT5KLJ,New,,2023-12-13 08:17:24,JFTXFC,NA/Fwd NDF BRL PLN,BRL PLN,Spot,Forward price of underlying instrument,CASH,Cash,BRL,PLN,BRL,,,,,,,,,
1,Foreign_Exchange,Forward,NDF,UPI,QZ2W5THBZL7B,New,,2023-12-13 08:17:38,JFTXFC,NA/Fwd NDF KRW MXN,KRW MXN,Spot,Forward price of underlying instrument,CASH,Cash,KRW,MXN,KRW,,,,,,,,,
1,Foreign_Exchange,Forward,NDF,UPI,QZC4R49BBJN9,New,,2023-12-13 08:17:40,JFTXFC,NA/Fwd NDF NZD UAH,NZD UAH,Spot,Forward price of underlying instrument,CASH,Cash,NZD,UAH,USD,,,,,,,,,
1,Foreign_Exchange,Forward,NDF,UPI,QZS8Z1SLBQJ0,New,,2023-12-13 08:18:09,JFTXFC,NA/Fwd NDF CLP KRW,CLP KRW,Spot,Forward price of underlying instrument,CASH,Cash,CLP,KRW,CLP,,,,,,,,,
1,Foreign_Exchange,Forward,NDF,UPI,QZZ651JSX41D,New,,2023-12-13 08:18:28,JFTXFC,NA/Fwd NDF DKK KWD,DKK KWD,Spot,Forward price of underlying instrument,CASH,Cash,DKK,KWD,DKK,,,,,,,,,
1,Foreign_Exchange,Forward,NDF,UPI,QZ44PX63P663,New,,2023-12-13 08:18:29,JFTXFC,NA/Fwd NDF CAD TRY,CAD TRY,Spot,Forward price of underlying instrument,CASH,Cash,CAD,TRY,TRY,,,,,,,,,
1,Foreign_Exchange,Forward,NDF,UPI,QZ736RNQWL5X,New,,2023-12-13 08:19:06,JFTXFC,NA/Fwd NDF GBP MXN,GBP MXN,Spot,Forward price of underlying instrument,CASH,Cash,GBP,MXN,MXN,,,,,,,,,
1,Foreign_Exchange,Forward,NDF,UPI,QZ3GHP5CXDM9,New,,2023-12-13 08:19:48,JFTXFC,NA/Fwd NDF TWD USD,TWD USD,Spot,Forward price of underlying instrument,CASH,Cash,TWD,USD,DKK,,,,,,,,,
1,Foreign_Exchange,Forward,NDF,UPI,QZ2ZG5JNWD0G,New,,2023-12-13 08:20:20,JFTXFC,NA/Fwd NDF TWD USD,TWD USD,Spot,Forward price of underlying instrument,CASH,Cash,TWD,USD,SGD,,,,,,,,,
1,Foreign_Exchange,Forward,NDF,UPI,QZC4CRQKFTQT,New,,2023-12-13 08:20:51,JFTXFC,NA/Fwd NDF ARS CNY,ARS CNY,Spot,Forward price of underlying instrument,CASH,Cash,ARS,CNY,CNY,,,,,,,,,
1,Foreign_Exchange,Forward,NDF,UPI,QZFW1XQ44X4B,New,,2023-12-13 08:20:59,JFTXFC,NA/Fwd NDF IDR UGX,IDR UGX,Spot,Forward price of underlying instrument,CASH,Cash,IDR,UGX,UGX,,,,,,,,,
1,Foreign_Exchange,Forward,NDF,UPI,QZW0XHFKJS72,New,,2023-12-13 08:22:45,JFTXFC,NA/Fwd NDF AMD GBP,AMD GBP,Spot,Forward price of underlying instrument,CASH,Cash,AMD,GBP,GBP,,,,,,,,,
1,Foreign_Exchange,Forward,NDF,UPI,QZ36BRGW73Q0,New,,2023-12-13 08:23:37,JFTXFC,NA/Fwd NDF BRL JPY,BRL JPY,Spot,Forward price of underlying instrument,CASH,Cash,BRL,JPY,EUR,,,,,,,,,
1,Foreign_Exchange,Forward,NDF,UPI,QZP9F8Z7J8XC,New,,2023-12-13 08:23:45,JFTXFC,NA/Fwd NDF MXN SEK,MXN SEK,Spot,Forward price of underlying instrument,CASH,Cash,MXN,SEK,MXN,,,,,,,,,
1,Foreign_Exchange,Forward,NDF,UPI,QZKC29JBCSWT,New,,2023-12-13 08:24:29,JFTXFC,NA/Fwd NDF CAD KZT,CAD KZT,Spot,Forward price of underlying instrument,CASH,Cash,CAD,KZT,USD,,,,,,,,,
1,Foreign_Exchange,Forward,NDF,UPI,QZT2W80NX84D,New,,2023-12-13 08:25:04,JFTXFC,NA/Fwd NDF BSD USD,BSD USD,Spot,Forward price of underlying instrument,CASH,Cash,BSD,USD,BSD,,,,,,,,,
1,Foreign_Exchange,Forward,NDF,UPI,QZDJHFXH57LS,New,,2023-12-13 08:26:04,JFTXFC,NA/Fwd NDF DKK PEN,DKK PEN,Spot,Forward price of underlying instrument,CASH,Cash,DKK,PEN,USD,,,,,,,,,
1,Foreign_Exchange,Forward,NDF,UPI,QZ44FRHWL5NK,New,,2023-12-13 08:26:39,JFTXFC,NA/Fwd NDF CLP PEN,CLP PEN,Spot,Forward price of underlying instrument,CASH,Cash,CLP,PEN,USD,,,,,,,,,
1,Foreign_Exchange,Forward,NDF,UPI,QZM7317N1LK0,New,,2023-12-13 08:26:39,JFTXFC,NA/Fwd NDF CNY PEN,CNY PEN,Spot,Forward price of underlying instrument,CASH,Cash,CNY,PEN,PEN,,,,,,,,,
1,Foreign_Exchange,Forward,NDF,UPI,QZD0SQWCV2ZJ,New,,2023-12-13 08:26:44,JFTXFC,NA/Fwd NDF EUR WST,EUR WST,Spot,Forward price of underlying instrument,CASH,Cash,EUR,WST,WST,,,,,,,,,
1,Foreign_Exchange,Forward,NDF,UPI,QZT7PX5SSNP1,New,,2023-12-13 08:26:44,JFTXFC,NA/Fwd NDF IQD USD,IQD USD,Spot,Forward price of underlying instrument,CASH,Cash,IQD,USD,IQD,,,,,,,,,
1,Foreign_Exchange,Forward,NDF,UPI,QZML6FGNCT30,New,,2023-12-13 08:27:10,JFTXFC,NA/Fwd NDF EGP KGS,EGP KGS,Spot,Forward price of underlying instrument,CASH,Cash,EGP,KGS,EGP,,,,,,,,,
1,Foreign_Exchange,Forward,NDF,UPI,QZWQV8H9R6BG,New,,2023-12-13 08:27:24,JFTXFC,NA/Fwd NDF AUD EGP,AUD EGP,Spot,Forward price of underlying instrument,CASH,Cash,AUD,EGP,EGP,,,,,,,,,
1,Foreign_Exchange,Forward,NDF,UPI,QZTRP7RLQ0JG,New,,2023-12-13 08:27:25,JFTXFC,NA/Fwd NDF CHF RON,CHF RON,Spot,Forward price of underlying instrument,CASH,Cash,CHF,RON,USD,,,,,,,,,
1,Foreign_Exchange,Forward,NDF,UPI,QZGG707N9106,New,,2023-12-13 08:27:34,JFTXFC,NA/Fwd NDF BDT NZD,BDT NZD,Spot,Forward price of underlying instrument,CASH,Cash,BDT,NZD,BDT,,,,,,,,,
1,Foreign_Exchange,Forward,NDF,UPI,QZ3V8F7L8VNQ,New,,2023-12-13 08:28:25,JFTXFC,NA/Fwd NDF GBP USD,GBP USD,Spot,Forward price of underlying instrument,CASH,Cash,GBP,USD,EUR,,,,,,,,,
1,Foreign_Exchange,Forward,NDF,UPI,QZBVBM5NBJ97,New,,2023-12-13 08:28:33,JFTXFC,NA/Fwd NDF KRW ZAR,KRW ZAR,Spot,Forward price of underlying instrument,CASH,Cash,KRW,ZAR,KRW,,,,,,,,,
1,Foreign_Exchange,Forward,NDF,UPI,QZ390K8L6K38,New,,2023-12-13 08:30:42,JFTXFC,NA/Fwd NDF MXN NOK,MXN NOK,Spot,Forward price of underlying instrument,CASH,Cash,MXN,NOK,NOK,,,,,,,,,
1,Foreign_Exchange,Forward,NDF,UPI,QZD5RR9LTRFL,New,,2023-12-13 08:30:43,JFTXFC,NA/Fwd NDF EGP ZAR,EGP ZAR,Spot,Forward price of underlying instrument,CASH,Cash,EGP,ZAR,EGP,,,,,,,,,
1,Foreign_Exchange,Forward,NDF,UPI,QZ5FXZX4Q67V,New,,2023-12-13 08:32:43,JFTXFC,NA/Fwd NDF CNY RON,CNY RON,Spot,Forward price of underlying instrument,CASH,Cash,CNY,RON,USD,,,,,,,,,
1,Foreign_Exchange,Forward,NDF,UPI,QZMT2QXDJGPC,New,,2023-12-13 08:32:45,JFTXFC,NA/Fwd NDF NOK TWD,NOK TWD,Spot,Forward price of underlying instrument,CASH,Cash,NOK,TWD,USD,,,,,,,,,
1,Foreign_Exchange,Forward,NDF,UPI,QZ45Z1Z4W3XT,New,,2023-12-13 08:33:15,JFTXFC,NA/Fwd NDF EGP MGA,EGP MGA,Spot,Forward price of underlying instrument,CASH,Cash,EGP,MGA,EGP,,,,,,,,,
1,Foreign_Exchange,Forward,NDF,UPI,QZCWF4TGSHLN,New,,2023-12-13 08:33:55,JFTXFC,NA/Fwd NDF BWP EGP,BWP EGP,Spot,Forward price of underlying instrument,CASH,Cash,BWP,EGP,EGP,,,,,,,,,
1,Foreign_Exchange,Forward,NDF,UPI,QZ6JBNSSNG9V,New,,2023-12-13 08:34:05,JFTXFC,NA/Fwd NDF EUR MOP,EUR MOP,Spot,Forward price of underlying instrument,CASH,Cash,EUR,MOP,EUR,,,,,,,,,
1,Foreign_Exchange,Forward,NDF,UPI,QZB47BB3SMJD,New,,2023-12-13 08:34:07,JFTXFC,NA/Fwd NDF GBP MZN,GBP MZN,Spot,Forward price of underlying instrument,CASH,Cash,GBP,MZN,MZN,,,,,,,,,
1,Foreign_Exchange,Forward,NDF,UPI,QZ502HMGP238,New,,2023-12-13 08:34:14,JFTXFC,NA/Fwd NDF GBP XOF,GBP XOF,Spot,Forward price of underlying instrument,CASH,Cash,GBP,XOF,XOF,,,,,,,,,
1,Foreign_Exchange,Forward,NDF,UPI,QZTGMGR71BRK,New,,2023-12-13 08:34:15,JFTXFC,NA/Fwd NDF AZN GBP,AZN GBP,Spot,Forward price of underlying instrument,CASH,Cash,AZN,GBP,GBP,,,,,,,,,
1,Foreign_Exchange,Forward,NDF,UPI,QZDM8L5FPCVS,New,,2023-12-13 08:34:24,JFTXFC,NA/Fwd NDF GBP XAF,GBP XAF,Spot,Forward price of underlying instrument,CASH,Cash,GBP,XAF,XAF,,,,,,,,,
1,Foreign_Exchange,Forward,NDF,UPI,QZ4Z4F62CZCR,New,,2023-12-13 08:34:26,JFTXFC,NA/Fwd NDF GBP MZN,GBP MZN,Spot,Forward price of underlying instrument,CASH,Cash,GBP,MZN,GBP,,,,,,,,,
1,Foreign_Exchange,Forward,NDF,UPI,QZCC1SK45HPJ,New,,2023-12-13 08:34:44,JFTXFC,NA/Fwd NDF BDT EGP,BDT EGP,Spot,Forward price of underlying instrument,CASH,Cash,BDT,EGP,EGP,,,,,,,,,
1,Foreign_Exchange,Forward,NDF,UPI,QZ592PF6FMQL,New,,2023-12-13 08:35:02,JFTXFC,NA/Fwd NDF EUR UAH,EUR UAH,Spot,Forward price of underlying instrument,CASH,Cash,EUR,UAH,CHF,,,,,,,,,
1,Foreign_Exchange,Forward,NDF,UPI,QZN1B86KWRM2,New,,2023-12-13 08:35:03,JFTXFC,NA/Fwd NDF EGP KHR,EGP KHR,Spot,Forward price of underlying instrument,CASH,Cash,EGP,KHR,EGP,,,,,,,,,
1,Foreign_Exchange,Forward,NDF,UPI,QZVC5SV5PJ9R,New,,2023-12-13 08:35:12,JFTXFC,NA/Fwd NDF EUR GEL,EUR GEL,Spot,Forward price of underlying instrument,CASH,Cash,EUR,GEL,GEL,,,,,,,,,
1,Foreign_Exchange,Forward,NDF,UPI,QZ53R4SJNJFX,New,,2023-12-13 08:35:18,JFTXFC,NA/Fwd NDF AUD VUV,AUD VUV,Spot,Forward price of underlying instrument,CASH,Cash,AUD,VUV,AUD,,,,,,,,,
1,Foreign_Exchange,Forward,NDF,UPI,QZ4HFQGMDG60,New,,2023-12-13 08:35:45,JFTXFC,NA/Fwd NDF EUR MZN,EUR MZN,Spot,Forward price of underlying instrument,CASH,Cash,EUR,MZN,MZN,,,,,,,,,
1,Foreign_Exchange,Forward,NDF,UPI,QZ6FSBLBF156,New,,2023-12-13 08:36:00,JFTXFC,NA/Fwd NDF AUD XPF,AUD XPF,Spot,Forward price of underlying instrument,CASH,Cash,AUD,XPF,AUD,,,,,,,,,
1,Foreign_Exchange,Forward,NDF,UPI,QZNBP648S65D,New,,2023-12-13 08:37:15,JFTXFC,NA/Fwd NDF CNY COP,CNY COP,Spot,Forward price of underlying instrument,CASH,Cash,CNY,COP,COP,,,,,,,,,
1,Foreign_Exchange,Forward,NDF,UPI,QZ0HMZ20HVWM,New,,2023-12-13 08:37:58,JFTXFC,NA/Fwd NDF EUR MKD,EUR MKD,Spot,Forward price of underlying instrument,CASH,Cash,EUR,MKD,EUR,,,,,,,,,
1,Foreign_Exchange,Forward,NDF,UPI,QZDRGGGZVX2P,New,,2023-12-13 08:38:22,JFTXFC,NA/Fwd NDF BRL KRW,BRL KRW,Spot,Forward price of underlying instrument,CASH,Cash,BRL,KRW,BRL,,,,,,,,,
1,Foreign_Exchange,Forward,NDF,UPI,QZJ2MKTBTM43,New,,2023-12-13 08:38:36,JFTXFC,NA/Fwd NDF ANG EGP,ANG EGP,Spot,Forward price of underlying instrument,CASH,Cash,ANG,EGP,EGP,,,,,,,,,
1,Foreign_Exchange,Forward,NDF,UPI,QZDQ003QRGL9,New,,2023-12-13 08:39:00,JFTXFC,NA/Fwd NDF COP PEN,COP PEN,Spot,Forward price of underlying instrument,CASH,Cash,COP,PEN,PEN,,,,,,,,,
1,Foreign_Exchange,Forward,NDF,UPI,QZ1GSBC8QZMD,New,,2023-12-13 08:39:07,JFTXFC,NA/Fwd NDF GBP TRY,GBP TRY,Spot,Forward price of underlying instrument,CASH,Cash,GBP,TRY,USD,,,,,,,,,
1,Foreign_Exchange,Forward,NDF,UPI,QZDP76GJVP43,New,,2023-12-13 08:39:07,JFTXFC,NA/Fwd NDF IDR ISK,IDR ISK,Spot,Forward price of underlying instrument,CASH,Cash,IDR,ISK,ISK,,,,,,,,,
1,Foreign_Exchange,Forward,NDF,UPI,QZN6ZW4TDL3Z,New,,2023-12-13 08:39:11,JFTXFC,NA/Fwd NDF EGP RON,EGP RON,Spot,Forward price of underlying instrument,CASH,Cash,EGP,RON,EGP,,,,,,,,,
1,Foreign_Exchange,Forward,NDF,UPI,QZKDMPGBT23S,New,,2023-12-13 08:39:12,JFTXFC,NA/Fwd NDF GBP TRY,GBP TRY,Spot,Forward price of underlying instrument,CASH,Cash,GBP,TRY,TRY,,,,,,,,,
1,Foreign_Exchange,Forward,NDF,UPI,QZS3F73HZJ38,New,,2023-12-13 08:40:09,JFTXFC,NA/Fwd NDF BRL USD,BRL USD,Spot,Forward price of underlying instrument,CASH,Cash,BRL,USD,JPY,,,,,,,,,
1,Foreign_Exchange,Forward,NDF,UPI,QZSWTD7W9V1W,New,,2023-12-13 08:40:19,JFTXFC,NA/Fwd NDF CNY USD,CNY USD,Spot,Forward price of underlying instrument,CASH,Cash,CNY,USD,NZD,,,,,,,,,
1,Foreign_Exchange,Forward,NDF,UPI,QZQK8VD6P1WH,New,,2023-12-13 08:40:23,JFTXFC,NA/Fwd NDF PEN USD,PEN USD,Spot,Forward price of underlying instrument,CASH,Cash,PEN,USD,CHF,,,,,,,,,
1,Foreign_Exchange,Forward,NDF,UPI,QZF1H5GR4X8H,New,,2023-12-13 08:40:34,JFTXFC,NA/Fwd NDF EGP PLN,EGP PLN,Spot,Forward price of underlying instrument,CASH,Cash,EGP,PLN,EGP,,,,,,,,,
1,Foreign_Exchange,Forward,NDF,UPI,QZZ0GLVJKPC5,New,,2023-12-13 08:40:35,JFTXFC,NA/Fwd NDF GBP TZS,GBP TZS,Spot,Forward price of underlying instrument,CASH,Cash,GBP,TZS,TZS,,,,,,,,,
1,Foreign_Exchange,Forward,NDF,UPI,QZDNHXMCVV9V,New,,2023-12-13 08:41:43,JFTXFC,NA/Fwd NDF XAU ZAR,XAU ZAR,Spot,Forward price of underlying instrument,CASH,Cash,XAU,ZAR,XAU,,,,,,,,,
1,Foreign_Exchange,Forward,NDF,UPI,QZ8FHSTF95BV,New,,2023-12-13 08:43:18,JFTXFC,NA/Fwd NDF EGP SAR,EGP SAR,Spot,Forward price of underlying instrument,CASH,Cash,EGP,SAR,EGP,,,,,,,,,
1,Foreign_Exchange,Forward,NDF,UPI,QZX29NLKGLV5,New,,2023-12-13 08:43:19,JFTXFC,NA/Fwd NDF AED RUB,AED RUB,Spot,Forward price of underlying instrument,CASH,Cash,AED,RUB,AED,,,,,,,,,
1,Foreign_Exchange,Forward,NDF,UPI,QZFJSZTHDKX0,New,,2023-12-13 08:43:46,JFTXFC,NA/Fwd NDF EGP OMR,EGP OMR,Spot,Forward price of underlying instrument,CASH,Cash,EGP,OMR,EGP,,,,,,,,,
1,Foreign_Exchange,Forward,NDF,UPI,QZKD1K80PL70,New,,2023-12-13 08:43:47,JFTXFC,NA/Fwd NDF INR PHP,INR PHP,Spot,Forward price of underlying instrument,CASH,Cash,INR,PHP,PHP,,,,,,,,,
1,Foreign_Exchange,Forward,NDF,UPI,QZ8FF0DX2801,New,,2023-12-13 08:44:07,JFTXFC,NA/Fwd NDF COU USD,COU USD,Spot,Forward price of underlying instrument,CASH,Cash,COU,USD,USD,,,,,,,,,
1,Foreign_Exchange,Forward,NDF,UPI,QZBM2KGQZVPN,New,,2023-12-13 17:06:26,JFTXFC,NA/Fwd NDF BAM EUR,BAM EUR,Spot,Forward price of underlying instrument,CASH,Cash,BAM,EUR,BAM,,,,,,,,,
1,Foreign_Exchange,Forward,NDF,UPI,QZMQQSGQPKG6,New,,2023-12-13 17:08:16,JFTXFC,NA/Fwd NDF EUR XAF,EUR XAF,Spot,Forward price of underlying instrument,CASH,Cash,EUR,XAF,XAF,,,,,,,,,
1,Foreign_Exchange,Forward,NDF,UPI,QZBFTRFF3K46,New,,2023-12-13 17:20:20,JFTXFC,NA/Fwd NDF MRU USD,MRU USD,Spot,Forward price of underlying instrument,CASH,Cash,MRU,USD,USD,,,,,,,,,
1,Foreign_Exchange,Forward,NDF,UPI,QZ57N4QQTP0H,New,,2023-12-17 18:59:38,JFTXFC,NA/Fwd NDF LRD USD,LRD USD,Spot,Forward price of underlying instrument,CASH,Cash,LRD,USD,LRD,,,,,,,,,
1,Foreign_Exchange,Forward,NDF,UPI,QZ8BPPRS6GWM,New,,2023-12-17 19:00:09,JFTXFC,NA/Fwd NDF BOB USD,BOB USD,Spot,Forward price of underlying instrument,CASH,Cash,BOB,USD,BOB,,,,,,,,,
1,Foreign_Exchange,Forward,NDF,UPI,QZH6DHTQ8NK0,New,,2023-12-17 19:00:15,JFTXFC,NA/Fwd NDF NAD USD,NAD USD,Spot,Forward price of underlying instrument,CASH,Cash,NAD,USD,NAD,,,,,,,,,
1,Foreign_Exchange,Forward,NDF,UPI,QZW2HP2MR7B1,New,,2023-12-17 19:00:17,JFTXFC,NA/Fwd NDF MRU USD,MRU USD,Spot,Forward price of underlying instrument,CASH,Cash,MRU,USD,MRU,,,,,,,,,
1,Foreign_Exchange,Forward,NDF,UPI,QZRK4SGK2XHP,New,,2023-12-17 19:00:19,JFTXFC,NA/Fwd NDF ALL USD,ALL USD,Spot,Forward price of underlying instrument,CASH,Cash,ALL,USD,ALL,,,,,,,,,
1,Foreign_Exchange,Forward,NDF,UPI,QZNT9RJ2BN6V,New,,2023-12-17 19:00:29,JFTXFC,NA/Fwd NDF MWK USD,MWK USD,Spot,Forward price of underlying instrument,CASH,Cash,MWK,USD,MWK,,,,,,,,,
1,Foreign_Exchange,Forward,NDF,UPI,QZ9HWH2PDW9F,New,,2023-12-17 19:00:30,JFTXFC,NA/Fwd NDF HTG USD,HTG USD,Spot,Forward price of underlying instrument,CASH,Cash,HTG,USD,HTG,,,,,,,,,
1,Foreign_Exchange,Forward,NDF,UPI,QZCFTLJP3H0D,New,,2023-12-17 19:01:15,JFTXFC,NA/Fwd NDF BYN USD,BYN USD,Spot,Forward price of underlying instrument,CASH,Cash,BYN,USD,BYN,,,,,,,,,
1,Foreign_Exchange,Forward,NDF,UPI,QZ0NLJG7BRG2,New,,2023-12-17 19:01:17,JFTXFC,NA/Fwd NDF SCR USD,SCR USD,Spot,Forward price of underlying instrument,CASH,Cash,SCR,USD,SCR,,,,,,,,,
1,Foreign_Exchange,Forward,NDF,UPI,QZGXNJ8P0MX3,New,,2023-12-17 19:08:30,JFTXFC,NA/Fwd NDF EGP QAR,EGP QAR,Spot,Forward price of underlying instrument,CASH,Cash,EGP,QAR,EGP,,,,,,,,,
1,Foreign_Exchange,Forward,NDF,UPI,QZ3V4DFMTHZT,New,,2023-12-18 18:51:24,JFTXFC,NA/Fwd NDF BOB EGP,BOB EGP,Spot,Forward price of underlying instrument,CASH,Cash,BOB,EGP,EGP,,,,,,,,,
1,Foreign_Exchange,Forward,NDF,UPI,QZH68FPF5V9K,New,,2023-12-19 14:39:03,JFTXFC,NA/Fwd NDF PEN USD,PEN USD,Spot,Forward price of underlying instrument,CASH,Cash,PEN,USD,NZD,,,,,,,,,
1,Foreign_Exchange,Forward,NDF,UPI,QZMBFX6MX07G,New,,2023-12-20 14:24:02,JFTXFC,NA/Fwd NDF MYR USD,MYR USD,Spot,Forward price of underlying instrument,CASH,Cash,MYR,USD,SGD,,,,,,,,,
1,Foreign_Exchange,Forward,NDF,UPI,QZ80C1MRHMG5,New,,2023-12-24 18:36:11,JFTXFC,NA/Fwd NDF EGP SCR,EGP SCR,Spot,Forward price of underlying instrument,CASH,Cash,EGP,SCR,EGP,,,,,,,,,
1,Foreign_Exchange,Forward,NDF,UPI,QZ03K0VSC4R0,New,,2023-12-24 18:44:23,JFTXFC,NA/Fwd NDF TTD USD,TTD USD,Spot,Forward price of underlying instrument,CASH,Cash,TTD,USD,TTD,,,,,,,,,
1,Foreign_Exchange,Forward,NDF,UPI,QZBV06C752D7,New,,2023-12-24 19:10:48,JFTXFC,NA/Fwd NDF EGP TOP,EGP TOP,Spot,Forward price of underlying instrument,CASH,Cash,EGP,TOP,EGP,,,,,,,,,
1,Foreign_Exchange,Forward,NDF,UPI,QZ66FJKV0NC1,New,,2023-12-25 23:20:46,JFTXFC,NA/Fwd NDF EGP JMD,EGP JMD,Spot,Forward price of underlying instrument,CASH,Cash,EGP,JMD,EGP,,,,,,,,,
1,Foreign_Exchange,Forward,NDF,UPI,QZRLHWF9C229,New,,2023-12-30 05:18:19,JFTXFC,NA/Fwd NDF EGP XOF,EGP XOF,Spot,Forward price of underlying instrument,CASH,Cash,EGP,XOF,EGP,,,,,,,,,
1,Foreign_Exchange,Forward,NDF,UPI,QZ57R5X8BTQK,New,,2024-01-02 13:51:05,JFTXFC,NA/Fwd NDF NGN SGD,NGN SGD,Spot,Forward price of underlying instrument,CASH,Cash,NGN,SGD,SGD,,,,,,,,,
1,Foreign_Exchange,Forward,NDF,UPI,QZKD6Z9SF461,New,,2024-01-08 15:25:54,JFTXFC,NA/Fwd NDF KRW USD,KRW USD,Spot,Forward price of underlying instrument,CASH,Cash,KRW,USD,IDR,,,,,,,,,
1,Foreign_Exchange,Forward,NDF,UPI,QZV47T3N9Z8H,New,,2024-01-09 11:06:36,JFTXFC,NA/Fwd NDF EUR USD,EUR USD,Spot,Forward price of underlying instrument,CASH,Cash,EUR,USD,ZAR,,,,,,,,,
1,Foreign_Exchange,Forward,NDF,UPI,QZ3LRG9SCRZ2,New,,2024-01-12 22:17:40,JFTXFC,NA/Fwd NDF GBP MUR,GBP MUR,Spot,Forward price of underlying instrument,CASH,Cash,GBP,MUR,MUR,,,,,,,,,
1,Foreign_Exchange,Forward,NDF,UPI,QZM5M7NBJ2P0,New,,2024-01-12 22:46:18,JFTXFC,NA/Fwd NDF GBP XAG,GBP XAG,Spot,Forward price of underlying instrument,CASH,Cash,GBP,XAG,GBP,,,,,,,,,
1,Foreign_Exchange,Forward,NDF,UPI,QZ8D87T0X2ZW,New,,2024-01-12 22:58:18,JFTXFC,NA/Fwd NDF AED HKD,AED HKD,Spot,Forward price of underlying instrument,CASH,Cash,AED,HKD,HKD,,,,,,,,,
1,Foreign_Exchange,Forward,NDF,UPI,QZ42KRRPW569,New,,2024-01-12 23:05:01,JFTXFC,NA/Fwd NDF GBP XAG,GBP XAG,Spot,Forward price of underlying instrument,CASH,Cash,GBP,XAG,XAG,,,,,,,,,
1,Foreign_Exchange,Forward,NDF,UPI,QZ3JT162DMNR,New,,2024-01-12 23:12:57,JFTXFC,NA/Fwd NDF BWP EUR,BWP EUR,Spot,Forward price of underlying instrument,CASH,Cash,BWP,EUR,BWP,,,,,,,,,
1,Foreign_Exchange,Forward,NDF,UPI,QZ2QNQ3P3TTS,New,,2024-01-12 23:29:27,JFTXFC,NA/Fwd NDF GBP XPT,GBP XPT,Spot,Forward price of underlying instrument,CASH,Cash,GBP,XPT,GBP,,,,,,,,,
1,Foreign_Exchange,Forward,NDF,UPI,QZPFC6GPP3GW,New,,2024-01-12 23:42:28,JFTXFC,NA/Fwd NDF GBP XPD,GBP XPD,Spot,Forward price of underlying instrument,CASH,Cash,GBP,XPD,XPD,,,,,,,,,
1,Foreign_Exchange,Forward,NDF,UPI,QZTWB961XPFB,New,,2024-01-12 23:48:47,JFTXFC,NA/Fwd NDF NZD SEK,NZD SEK,Spot,Forward price of underlying instrument,CASH,Cash,NZD,SEK,SEK,,,,,,,,,
1,Foreign_Exchange,Forward,NDF,UPI,QZNM95CFHCWK,New,,2024-01-12 23:51:50,JFTXFC,NA/Fwd NDF EUR ISK,EUR ISK,Spot,Forward price of underlying instrument,CASH,Cash,EUR,ISK,ISK,,,,,,,,,
1,Foreign_Exchange,Forward,NDF,UPI,QZVJ485CC194,New,,2024-01-12 23:59:54,JFTXFC,NA/Fwd NDF XPD ZAR,XPD ZAR,Spot,Forward price of underlying instrument,CASH,Cash,XPD,ZAR,ZAR,,,,,,,,,
1,Foreign_Exchange,Forward,NDF,UPI,QZ7P9XP7N7N9,New,,2024-01-13 00:04:30,JFTXFC,NA/Fwd NDF MYR PHP,MYR PHP,Spot,Forward price of underlying instrument,CASH,Cash,MYR,PHP,MYR,,,,,,,,,
1,Foreign_Exchange,Forward,NDF,UPI,QZ6V849M4HVF,New,,2024-01-13 00:08:08,JFTXFC,NA/Fwd NDF GBP RSD,GBP RSD,Spot,Forward price of underlying instrument,CASH,Cash,GBP,RSD,RSD,,,,,,,,,
1,Foreign_Exchange,Forward,NDF,UPI,QZ761NLH2V9L,New,,2024-01-13 00:15:32,JFTXFC,NA/Fwd NDF AUD VND,AUD VND,Spot,Forward price of underlying instrument,CASH,Cash,AUD,VND,AUD,,,,,,,,,
1,Foreign_Exchange,Forward,NDF,UPI,QZ6F24RDV2XT,New,,2024-01-13 00:30:02,JFTXFC,NA/Fwd NDF NZD ZAR,NZD ZAR,Spot,Forward price of underlying instrument,CASH,Cash,NZD,ZAR,ZAR,,,,,,,,,
1,Foreign_Exchange,Forward,NDF,UPI,QZT5482V9Q8T,New,,2024-01-13 00:36:54,JFTXFC,NA/Fwd NDF CHF XAG,CHF XAG,Spot,Forward price of underlying instrument,CASH,Cash,CHF,XAG,CHF,,,,,,,,,
1,Foreign_Exchange,Forward,NDF,UPI,QZ02FVZQLXH5,New,,2024-01-13 00:38:32,JFTXFC,NA/Fwd NDF DKK NZD,DKK NZD,Spot,Forward price of underlying instrument,CASH,Cash,DKK,NZD,DKK,,,,,,,,,
1,Foreign_Exchange,Forward,NDF,UPI,QZJX61G0MFSH,New,,2024-01-13 00:40:01,JFTXFC,NA/Fwd NDF CHF XPT,CHF XPT,Spot,Forward price of underlying instrument,CASH,Cash,CHF,XPT,CHF,,,,,,,,,
1,Foreign_Exchange,Forward,NDF,UPI,QZ1C602CQPFZ,New,,2024-01-13 00:43:48,JFTXFC,NA/Fwd NDF MYR PHP,MYR PHP,Spot,Forward price of underlying instrument,CASH,Cash,MYR,PHP,PHP,,,,,,,,,
1,Foreign_Exchange,Forward,NDF,UPI,QZ9LWZ71T2XP,New,,2024-01-13 00:59:47,JFTXFC,NA/Fwd NDF JPY XAG,JPY XAG,Spot,Forward price of underlying instrument,CASH,Cash,JPY,XAG,XAG,,,,,,,,,
1,Foreign_Exchange,Forward,NDF,UPI,QZ1N5QKM5DVL,New,,2024-01-13 01:02:29,JFTXFC,NA/Fwd NDF PHP TWD,PHP TWD,Spot,Forward price of underlying instrument,CASH,Cash,PHP,TWD,PHP,,,,,,,,,
1,Foreign_Exchange,Forward,NDF,UPI,QZ9XPTJVD5N1,New,,2024-01-13 01:02:30,JFTXFC,NA/Fwd NDF AUD XPT,AUD XPT,Spot,Forward price of underlying instrument,CASH,Cash,AUD,XPT,XPT,,,,,,,,,
1,Foreign_Exchange,Forward,NDF,UPI,QZF1012245DF,New,,2024-01-13 01:09:59,JFTXFC,NA/Fwd NDF SZL ZAR,SZL ZAR,Spot,Forward price of underlying instrument,CASH,Cash,SZL,ZAR,ZAR,,,,,,,,,
1,Foreign_Exchange,Forward,NDF,UPI,QZXBXR3THG8M,New,,2024-01-13 01:27:40,JFTXFC,NA/Fwd NDF MYR TWD,MYR TWD,Spot,Forward price of underlying instrument,CASH,Cash,MYR,TWD,MYR,,,,,,,,,
1,Foreign_Exchange,Forward,NDF,UPI,QZ0RHQB7D18M,New,,2024-01-13 01:34:42,JFTXFC,NA/Fwd NDF GBP XAU,GBP XAU,Spot,Forward price of underlying instrument,CASH,Cash,GBP,XAU,XAU,,,,,,,,,
1,Foreign_Exchange,Forward,NDF,UPI,QZPV37KC4LCZ,New,,2024-01-13 01:37:46,JFTXFC,NA/Fwd NDF LSL USD,LSL USD,Spot,Forward price of underlying instrument,CASH,Cash,LSL,USD,LSL,,,,,,,,,
1,Foreign_Exchange,Forward,NDF,UPI,QZVNCL6HW4BX,New,,2024-01-13 01:38:10,JFTXFC,NA/Fwd NDF AUD QAR,AUD QAR,Spot,Forward price of underlying instrument,CASH,Cash,AUD,QAR,QAR,,,,,,,,,
1,Foreign_Exchange,Forward,NDF,UPI,QZ3L1GZWTZ52,New,,2024-01-13 01:42:07,JFTXFC,NA/Fwd NDF CHF XAG,CHF XAG,Spot,Forward price of underlying instrument,CASH,Cash,CHF,XAG,XAG,,,,,,,,,
1,Foreign_Exchange,Forward,NDF,UPI,QZBD2HDBPFBP,New,,2024-01-13 01:42:40,JFTXFC,NA/Fwd NDF JPY PLN,JPY PLN,Spot,Forward price of underlying instrument,CASH,Cash,JPY,PLN,JPY,,,,,,,,,
1,Foreign_Exchange,Forward,NDF,UPI,QZ1NMHT46PQC,New,,2024-01-13 01:54:05,JFTXFC,NA/Fwd NDF NZD XAU,NZD XAU,Spot,Forward price of underlying instrument,CASH,Cash,NZD,XAU,XAU,,,,,,,,,
1,Foreign_Exchange,Forward,NDF,UPI,QZNTLJ40J3NN,New,,2024-01-13 01:55:20,JFTXFC,NA/Fwd NDF NZD XAU,NZD XAU,Spot,Forward price of underlying instrument,CASH,Cash,NZD,XAU,NZD,,,,,,,,,
1,Foreign_Exchange,Forward,NDF,UPI,QZ5621GFQFDK,New,,2024-01-13 01:57:30,JFTXFC,NA/Fwd NDF SZL USD,SZL USD,Spot,Forward price of underlying instrument,CASH,Cash,SZL,USD,SZL,,,,,,,,,
1,Foreign_Exchange,Forward,NDF,UPI,QZ4SC62BGZ0B,New,,2024-01-13 02:10:41,JFTXFC,NA/Fwd NDF CAD XAU,CAD XAU,Spot,Forward price of underlying instrument,CASH,Cash,CAD,XAU,XAU,,,,,,,,,
1,Foreign_Exchange,Forward,NDF,UPI,QZG4LP9DT611,New,,2024-01-13 02:11:29,JFTXFC,NA/Fwd NDF CHF XPD,CHF XPD,Spot,Forward price of underlying instrument,CASH,Cash,CHF,XPD,XPD,,,,,,,,,
1,Foreign_Exchange,Forward,NDF,UPI,QZG6RWQBZ939,New,,2024-01-13 02:12:19,JFTXFC,NA/Fwd NDF JPY XPD,JPY XPD,Spot,Forward price of underlying instrument,CASH,Cash,JPY,XPD,XPD,,,,,,,,,
1,Foreign_Exchange,Forward,NDF,UPI,QZ3VRM36MJTR,New,,2024-01-13 02:26:24,JFTXFC,NA/Fwd NDF PHP TWD,PHP TWD,Spot,Forward price of underlying instrument,CASH,Cash,PHP,TWD,TWD,,,,,,,,,
1,Foreign_Exchange,Forward,NDF,UPI,QZJ1Q89F4MN3,New,,2024-01-13 02:27:19,JFTXFC,NA/Fwd NDF AUD XPT,AUD XPT,Spot,Forward price of underlying instrument,CASH,Cash,AUD,XPT,AUD,,,,,,,,,
1,Foreign_Exchange,Forward,NDF,UPI,QZ6XX7CGGJZ8,New,,2024-01-13 02:33:06,JFTXFC,NA/Fwd NDF USD XAF,USD XAF,Spot,Forward price of underlying instrument,CASH,Cash,USD,XAF,XAF,,,,,,,,,
1,Foreign_Exchange,Forward,NDF,UPI,QZHZD0Z5V9J9,New,,2024-01-13 02:39:15,JFTXFC,NA/Fwd NDF CZK JPY,CZK JPY,Spot,Forward price of underlying instrument,CASH,Cash,CZK,JPY,JPY,,,,,,,,,
1,Foreign_Exchange,Forward,NDF,UPI,QZNRFXVMWTVN,New,,2024-01-13 02:56:56,JFTXFC,NA/Fwd NDF NOK NZD,NOK NZD,Spot,Forward price of underlying instrument,CASH,Cash,NOK,NZD,NOK,,,,,,,,,
1,Foreign_Exchange,Forward,NDF,UPI,QZ1T5J46P9BT,New,,2024-01-13 02:57:54,JFTXFC,NA/Fwd NDF JPY XPD,JPY XPD,Spot,Forward price of underlying instrument,CASH,Cash,JPY,XPD,JPY,,,,,,,,,
1,Foreign_Exchange,Forward,NDF,UPI,QZSH9MQ7BT30,New,,2024-01-13 02:58:33,JFTXFC,NA/Fwd NDF KRW PHP,KRW PHP,Spot,Forward price of underlying instrument,CASH,Cash,KRW,PHP,KRW,,,,,,,,,
1,Foreign_Exchange,Forward,NDF,UPI,QZRFGSSPKNG1,New,,2024-01-13 03:00:25,JFTXFC,NA/Fwd NDF NAD ZAR,NAD ZAR,Spot,Forward price of underlying instrument,CASH,Cash,NAD,ZAR,ZAR,,,,,,,,,
1,Foreign_Exchange,Forward,NDF,UPI,QZHC8RHZ0KS1,New,,2024-01-13 03:03:21,JFTXFC,NA/Fwd NDF JOD USD,JOD USD,Spot,Forward price of underlying instrument,CASH,Cash,JOD,USD,JOD,,,,,,,,,
1,Foreign_Exchange,Forward,NDF,UPI,QZ3Q1S5MV0JV,New,,2024-01-13 03:08:18,JFTXFC,NA/Fwd NDF GBP SAR,GBP SAR,Spot,Forward price of underlying instrument,CASH,Cash,GBP,SAR,SAR,,,,,,,,,
1,Foreign_Exchange,Forward,NDF,UPI,QZ5J28WRZW4F,New,,2024-01-13 03:15:11,JFTXFC,NA/Fwd NDF NAD ZAR,NAD ZAR,Spot,Forward price of underlying instrument,CASH,Cash,NAD,ZAR,NAD,,,,,,,,,
1,Foreign_Exchange,Forward,NDF,UPI,QZB9CW9M2NHL,New,,2024-01-13 03:22:13,JFTXFC,NA/Fwd NDF USD VES,USD VES,Spot,Forward price of underlying instrument,CASH,Cash,USD,VES,VES,,,,,,,,,
1,Foreign_Exchange,Forward,NDF,UPI,QZG9D6VD3V3G,New,,2024-01-13 03:31:27,JFTXFC,NA/Fwd NDF AUD XAG,AUD XAG,Spot,Forward price of underlying instrument,CASH,Cash,AUD,XAG,AUD,,,,,,,,,
1,Foreign_Exchange,Forward,NDF,UPI,QZQVZJPZBWXW,New,,2024-01-13 03:35:53,JFTXFC,NA/Fwd NDF XAG ZAR,XAG ZAR,Spot,Forward price of underlying instrument,CASH,Cash,XAG,ZAR,ZAR,,,,,,,,,
1,Foreign_Exchange,Forward,NDF,UPI,QZJ035KZCJS9,New,,2024-01-13 03:38:35,JFTXFC,NA/Fwd NDF AED GBP,AED GBP,Spot,Forward price of underlying instrument,CASH,Cash,AED,GBP,AED,,,,,,,,,
1,Foreign_Exchange,Forward,NDF,UPI,QZRHCPHF9Z69,New,,2024-01-13 03:47:49,JFTXFC,NA/Fwd NDF AUD ZAR,AUD ZAR,Spot,Forward price of underlying instrument,CASH,Cash,AUD,ZAR,ZAR,,,,,,,,,
1,Foreign_Exchange,Forward,NDF,UPI,QZFWVPD95HW0,New,,2024-01-13 03:53:02,JFTXFC,NA/Fwd NDF AUD XAG,AUD XAG,Spot,Forward price of underlying instrument,CASH,Cash,AUD,XAG,XAG,,,,,,,,,
1,Foreign_Exchange,Forward,NDF,UPI,QZZBCW7HBWQ5,New,,2024-01-13 03:54:22,JFTXFC,NA/Fwd NDF LSL ZAR,LSL ZAR,Spot,Forward price of underlying instrument,CASH,Cash,LSL,ZAR,ZAR,,,,,,,,,
1,Foreign_Exchange,Forward,NDF,UPI,QZ38N7ZVSLH2,New,,2024-01-13 03:54:29,JFTXFC,NA/Fwd NDF JPY XAG,JPY XAG,Spot,Forward price of underlying instrument,CASH,Cash,JPY,XAG,JPY,,,,,,,,,
1,Foreign_Exchange,Forward,NDF,UPI,QZZDLNC9S8NC,New,,2024-01-13 04:14:37,JFTXFC,NA/Fwd NDF BWP ZAR,BWP ZAR,Spot,Forward price of underlying instrument,CASH,Cash,BWP,ZAR,BWP,,,,,,,,,
1,Foreign_Exchange,Forward,NDF,UPI,QZLZ8V8V9RQ8,New,,2024-01-13 04:18:08,JFTXFC,NA/Fwd NDF HUF UGX,HUF UGX,Spot,Forward price of underlying instrument,CASH,Cash,HUF,UGX,HUF,,,,,,,,,
1,Foreign_Exchange,Forward,NDF,UPI,QZBVMC3N423B,New,,2024-01-13 04:24:30,JFTXFC,NA/Fwd NDF AUD DKK,AUD DKK,Spot,Forward price of underlying instrument,CASH,Cash,AUD,DKK,DKK,,,,,,,,,
1,Foreign_Exchange,Forward,NDF,UPI,QZ5F7QX3VT40,New,,2024-01-13 04:39:28,JFTXFC,NA/Fwd NDF XAG ZAR,XAG ZAR,Spot,Forward price of underlying instrument,CASH,Cash,XAG,ZAR,XAG,,,,,,,,,
1,Foreign_Exchange,Forward,NDF,UPI,QZD4XJNJJGXF,New,,2024-01-13 04:47:12,JFTXFC,NA/Fwd NDF INR MYR,INR MYR,Spot,Forward price of underlying instrument,CASH,Cash,INR,MYR,MYR,,,,,,,,,
1,Foreign_Exchange,Forward,NDF,UPI,QZQ2365QRG61,New,,2024-01-13 04:48:36,JFTXFC,NA/Fwd NDF CNY VND,CNY VND,Spot,Forward price of underlying instrument,CASH,Cash,CNY,VND,VND,,,,,,,,,
1,Foreign_Exchange,Forward,NDF,UPI,QZLP471S473G,New,,2024-01-13 04:52:56,JFTXFC,NA/Fwd NDF GBP XPT,GBP XPT,Spot,Forward price of underlying instrument,CASH,Cash,GBP,XPT,XPT,,,,,,,,,
1,Foreign_Exchange,Forward,NDF,UPI,QZCM1ZG4M5LW,New,,2024-01-13 10:07:54,JFTXFC,NA/Fwd NDF GBP QAR,GBP QAR,Spot,Forward price of underlying instrument,CASH,Cash,GBP,QAR,QAR,,,,,,,,,
1,Foreign_Exchange,Forward,NDF,UPI,QZW4GCJ6WTG7,New,,2024-01-13 10:19:21,JFTXFC,NA/Fwd NDF AUD XPD,AUD XPD,Spot,Forward price of underlying instrument,CASH,Cash,AUD,XPD,AUD,,,,,,,,,
1,Foreign_Exchange,Forward,NDF,UPI,QZL011GFNXW7,New,,2024-01-13 10:34:38,JFTXFC,NA/Fwd NDF LSL ZAR,LSL ZAR,Spot,Forward price of underlying instrument,CASH,Cash,LSL,ZAR,LSL,,,,,,,,,
1,Foreign_Exchange,Forward,NDF,UPI,QZ9V6DC587CP,New,,2024-01-13 10:34:49,JFTXFC,NA/Fwd NDF CZK HUF,CZK HUF,Spot,Forward price of underlying instrument,CASH,Cash,CZK,HUF,HUF,,,,,,,,,
1,Foreign_Exchange,Forward,NDF,UPI,QZFK0GWCSCSS,New,,2024-01-13 10:49:37,JFTXFC,NA/Fwd NDF AUD NOK,AUD NOK,Spot,Forward price of underlying instrument,CASH,Cash,AUD,NOK,NOK,,,,,,,,,
1,Foreign_Exchange,Forward,NDF,UPI,QZVQ0CTDS1J4,New,,2024-01-13 10:56:31,JFTXFC,NA/Fwd NDF IDR MYR,IDR MYR,Spot,Forward price of underlying instrument,CASH,Cash,IDR,MYR,IDR,,,,,,,,,
1,Foreign_Exchange,Forward,NDF,UPI,QZ0WCH04T7HC,New,,2024-01-13 10:56:33,JFTXFC,NA/Fwd NDF BRL TWD,BRL TWD,Spot,Forward price of underlying instrument,CASH,Cash,BRL,TWD,BRL,,,,,,,,,
1,Foreign_Exchange,Forward,NDF,UPI,QZXT4PQ6M6MB,New,,2024-01-13 11:13:22,JFTXFC,NA/Fwd NDF GBP XPD,GBP XPD,Spot,Forward price of underlying instrument,CASH,Cash,GBP,XPD,GBP,,,,,,,,,
1,Foreign_Exchange,Forward,NDF,UPI,QZJQ6GZ3B465,New,,2024-01-13 11:16:29,JFTXFC,NA/Fwd NDF GBP HUF,GBP HUF,Spot,Forward price of underlying instrument,CASH,Cash,GBP,HUF,HUF,,,,,,,,,
1,Foreign_Exchange,Forward,NDF,UPI,QZWW2WC4711T,New,,2024-01-13 11:20:24,JFTXFC,NA/Fwd NDF CHF XPT,CHF XPT,Spot,Forward price of underlying instrument,CASH,Cash,CHF,XPT,XPT,,,,,,,,,
1,Foreign_Exchange,Forward,NDF,UPI,QZ05BX9N0CD6,New,,2024-01-13 11:26:17,JFTXFC,NA/Fwd NDF MYR TWD,MYR TWD,Spot,Forward price of underlying instrument,CASH,Cash,MYR,TWD,TWD,,,,,,,,,
1,Foreign_Exchange,Forward,NDF,UPI,QZ7FDCDHPZPQ,New,,2024-01-13 11:29:38,JFTXFC,NA/Fwd NDF BRL TWD,BRL TWD,Spot,Forward price of underlying instrument,CASH,Cash,BRL,TWD,TWD,,,,,,,,,
1,Foreign_Exchange,Forward,NDF,UPI,QZQ0R85NW9KN,New,,2024-01-13 11:30:30,JFTXFC,NA/Fwd NDF CHF XPD,CHF XPD,Spot,Forward price of underlying instrument,CASH,Cash,CHF,XPD,CHF,,,,,,,,,
1,Foreign_Exchange,Forward,NDF,UPI,QZCM42MV92GQ,New,,2024-01-13 11:31:03,JFTXFC,NA/Fwd NDF AUD MXN,AUD MXN,Spot,Forward price of underlying instrument,CASH,Cash,AUD,MXN,MXN,,,,,,,,,
1,Foreign_Exchange,Forward,NDF,UPI,QZ90MJZNBR75,New,,2024-01-13 11:53:58,JFTXFC,NA/Fwd NDF CHF TRY,CHF TRY,Spot,Forward price of underlying instrument,CASH,Cash,CHF,TRY,TRY,,,,,,,,,
1,Foreign_Exchange,Forward,NDF,UPI,QZLQVV86ZGXC,New,,2024-01-13 12:09:04,JFTXFC,NA/Fwd NDF HKD VND,HKD VND,Spot,Forward price of underlying instrument,CASH,Cash,HKD,VND,VND,,,,,,,,,
1,Foreign_Exchange,Forward,NDF,UPI,QZ3BMV6H829X,New,,2024-01-13 12:12:35,JFTXFC,NA/Fwd NDF ARS AUD,ARS AUD,Spot,Forward price of underlying instrument,CASH,Cash,ARS,AUD,ARS,,,,,,,,,
1,Foreign_Exchange,Forward,NDF,UPI,QZTDQM0D37HT,New,,2024-01-13 12:20:09,JFTXFC,NA/Fwd NDF XPD ZAR,XPD ZAR,Spot,Forward price of underlying instrument,CASH,Cash,XPD,ZAR,XPD,,,,,,,,,
1,Foreign_Exchange,Forward,NDF,UPI,QZNDPSBPL9TF,New,,2024-01-13 12:23:38,JFTXFC,NA/Fwd NDF AED BRL,AED BRL,Spot,Forward price of underlying instrument,CASH,Cash,AED,BRL,BRL,,,,,,,,,
1,Foreign_Exchange,Forward,NDF,UPI,QZ52992DZN61,New,,2024-01-13 12:42:54,JFTXFC,NA/Fwd NDF EUR XPT,EUR XPT,Spot,Forward price of underlying instrument,CASH,Cash,EUR,XPT,EUR,,,,,,,,,
1,Foreign_Exchange,Forward,NDF,UPI,QZVN05RFJM04,New,,2024-01-13 12:49:25,JFTXFC,NA/Fwd NDF AUD SEK,AUD SEK,Spot,Forward price of underlying instrument,CASH,Cash,AUD,SEK,SEK,,,,,,,,,
1,Foreign_Exchange,Forward,NDF,UPI,QZJ7WDTFCXM7,New,,2024-01-13 12:58:45,JFTXFC,NA/Fwd NDF AUD XPD,AUD XPD,Spot,Forward price of underlying instrument,CASH,Cash,AUD,XPD,XPD,,,,,,,,,
1,Foreign_Exchange,Forward,NDF,UPI,QZSWVB824X9S,New,,2024-01-13 13:04:10,JFTXFC,NA/Fwd NDF TRY ZAR,TRY ZAR,Spot,Forward price of underlying instrument,CASH,Cash,TRY,ZAR,ZAR,,,,,,,,,
1,Foreign_Exchange,Forward,NDF,UPI,QZZ18X64T900,New,,2024-01-13 13:17:12,JFTXFC,NA/Fwd NDF HUF UGX,HUF UGX,Spot,Forward price of underlying instrument,CASH,Cash,HUF,UGX,UGX,,,,,,,,,
1,Foreign_Exchange,Forward,NDF,UPI,QZ52PP36M90T,New,,2024-01-15 03:21:29,JFTXFC,NA/Fwd NDF INR THB,INR THB,Spot,Forward price of underlying instrument,CASH,Cash,INR,THB,USD,,,,,,,,,
1,Foreign_Exchange,Forward,NDF,UPI,QZT4VT8J1T9B,New,,2024-01-15 13:21:20,JFTXFC,NA/Fwd NDF AUD LKR,AUD LKR,Spot,Forward price of underlying instrument,CASH,Cash,AUD,LKR,LKR,,,,,,,,,
1,Foreign_Exchange,Forward,NDF,UPI,QZDKTJSQDR36,New,,2024-01-15 18:42:28,JFTXFC,NA/Fwd NDF CNY KZT,CNY KZT,Spot,Forward price of underlying instrument,CASH,Cash,CNY,KZT,CNY,,,,,,,,,
1,Foreign_Exchange,Forward,NDF,UPI,QZV7DMK4222H,New,,2024-01-15 20:36:25,JFTXFC,NA/Fwd NDF CNY KZT,CNY KZT,Spot,Forward price of underlying instrument,CASH,Cash,CNY,KZT,KZT,,,,,,,,,
1,Foreign_Exchange,Forward,NDF,UPI,QZFTDWQFRZJ8,New,,2024-01-17 14:35:12,JFTXFC,NA/Fwd NDF EUR MWK,EUR MWK,Spot,Forward price of underlying instrument,CASH,Cash,EUR,MWK,MWK,,,,,,,,,
1,Foreign_Exchange,Forward,NDF,UPI,QZ29P83MBFJ2,New,,2024-01-20 10:50:09,JFTXFC,NA/Fwd NDF MDL USD,MDL USD,Spot,Forward price of underlying instrument,CASH,Cash,MDL,USD,USD,,,,,,,,,
1,Foreign_Exchange,Forward,NDF,UPI,QZ36PQDV4KJN,New,,2024-01-23 13:29:00,JFTXFC,NA/Fwd NDF INR USD,INR USD,Spot,Forward price of underlying instrument,CASH,Cash,INR,USD,MXN,,,,,,,,,
1,Foreign_Exchange,Forward,NDF,UPI,QZNT56MXTSM8,New,,2024-01-26 16:21:59,JFTXFC,NA/Fwd NDF KRW THB,KRW THB,Spot,Forward price of underlying instrument,CASH,Cash,KRW,THB,USD,,,,,,,,,
1,Foreign_Exchange,Forward,NDF,UPI,QZW5KNRL6QVK,New,,2024-01-28 16:21:17,JFTXFC,NA/Fwd NDF AED AUD,AED AUD,Spot,Forward price of underlying instrument,CASH,Cash,AED,AUD,USD,,,,,,,,,
1,Foreign_Exchange,Forward,NDF,UPI,QZL1XS25GZ6H,New,,2024-01-28 16:21:17,JFTXFC,NA/Fwd NDF AED AUD,AED AUD,Spot,Forward price of underlying instrument,CASH,Cash,AED,AUD,EUR,,,,,,,,,
1,Foreign_Exchange,Forward,NDF,UPI,QZ2J36H2QWWJ,New,,2024-01-28 16:21:17,JFTXFC,NA/Fwd NDF AED AUD,AED AUD,Spot,Forward price of underlying instrument,CASH,Cash,AED,AUD,JPY,,,,,,,,,
1,Foreign_Exchange,Forward,NDF,UPI,QZ9Z72LNS097,New,,2024-01-28 16:21:18,JFTXFC,NA/Fwd NDF AED CZK,AED CZK,Spot,Forward price of underlying instrument,CASH,Cash,AED,CZK,AED,,,,,,,,,
1,Foreign_Exchange,Forward,NDF,UPI,QZZJ0596MTLF,New,,2024-01-28 16:21:18,JFTXFC,NA/Fwd NDF AED CZK,AED CZK,Spot,Forward price of underlying instrument,CASH,Cash,AED,CZK,CZK,,,,,,,,,
1,Foreign_Exchange,Forward,NDF,UPI,QZLPSPRW8D6Z,New,,2024-01-28 16:21:19,JFTXFC,NA/Fwd NDF AED DKK,AED DKK,Spot,Forward price of underlying instrument,CASH,Cash,AED,DKK,AED,,,,,,,,,
1,Foreign_Exchange,Forward,NDF,UPI,QZQ54LW8PLC5,New,,2024-01-28 16:21:19,JFTXFC,NA/Fwd NDF AED GBP,AED GBP,Spot,Forward price of underlying instrument,CASH,Cash,AED,GBP,EUR,,,,,,,,,
1,Foreign_Exchange,Forward,NDF,UPI,QZLJLK4L5B7V,New,,2024-01-28 16:21:20,JFTXFC,NA/Fwd NDF ARS EUR,ARS EUR,Spot,Forward price of underlying instrument,CASH,Cash,ARS,EUR,JPY,,,,,,,,,
1,Foreign_Exchange,Forward,NDF,UPI,QZ42B17QQQC3,New,,2024-01-28 16:21:20,JFTXFC,NA/Fwd NDF AED GBP,AED GBP,Spot,Forward price of underlying instrument,CASH,Cash,AED,GBP,USD,,,,,,,,,
1,Foreign_Exchange,Forward,NDF,UPI,QZDBJ05DLGVZ,New,,2024-01-28 16:21:20,JFTXFC,NA/Fwd NDF AED GBP,AED GBP,Spot,Forward price of underlying instrument,CASH,Cash,AED,GBP,JPY,,,,,,,,,
1,Foreign_Exchange,Forward,NDF,UPI,QZM25BKDPJNK,New,,2024-01-28 16:21:21,JFTXFC,NA/Fwd NDF ARS GBP,ARS GBP,Spot,Forward price of underlying instrument,CASH,Cash,ARS,GBP,EUR,,,,,,,,,
1,Foreign_Exchange,Forward,NDF,UPI,QZBJQNDHZGHB,New,,2024-01-28 16:21:21,JFTXFC,NA/Fwd NDF ARS GBP,ARS GBP,Spot,Forward price of underlying instrument,CASH,Cash,ARS,GBP,JPY,,,,,,,,,
1,Foreign_Exchange,Forward,NDF,UPI,QZF6P023M8SQ,New,,2024-01-28 16:21:22,JFTXFC,NA/Fwd NDF ARS HKD,ARS HKD,Spot,Forward price of underlying instrument,CASH,Cash,ARS,HKD,ARS,,,,,,,,,
1,Foreign_Exchange,Forward,NDF,UPI,QZTN60K6PM6W,New,,2024-01-28 16:21:22,JFTXFC,NA/Fwd NDF AUD EUR,AUD EUR,Spot,Forward price of underlying instrument,CASH,Cash,AUD,EUR,JPY,,,,,,,,,
1,Foreign_Exchange,Forward,NDF,UPI,QZCWL5B50CJW,New,,2024-01-28 16:21:23,JFTXFC,NA/Fwd NDF BDT CNY,BDT CNY,Spot,Forward price of underlying instrument,CASH,Cash,BDT,CNY,EUR,,,,,,,,,
1,Foreign_Exchange,Forward,NDF,UPI,QZ7VVVRBJPJF,New,,2024-01-28 16:21:23,JFTXFC,NA/Fwd NDF AUD GBP,AUD GBP,Spot,Forward price of underlying instrument,CASH,Cash,AUD,GBP,JPY,,,,,,,,,
1,Foreign_Exchange,Forward,NDF,UPI,QZBCZZTGK7D5,New,,2024-01-28 16:21:23,JFTXFC,NA/Fwd NDF AUD GBP,AUD GBP,Spot,Forward price of underlying instrument,CASH,Cash,AUD,GBP,EUR,,,,,,,,,
1,Foreign_Exchange,Forward,NDF,UPI,QZ5JT6M19GDK,New,,2024-01-28 16:21:24,JFTXFC,NA/Fwd NDF BDT CNY,BDT CNY,Spot,Forward price of underlying instrument,CASH,Cash,BDT,CNY,JPY,,,,,,,,,
1,Foreign_Exchange,Forward,NDF,UPI,QZ8N9R8C722W,New,,2024-01-28 16:21:24,JFTXFC,NA/Fwd NDF BDT CNY,BDT CNY,Spot,Forward price of underlying instrument,CASH,Cash,BDT,CNY,USD,,,,,,,,,
1,Foreign_Exchange,Forward,NDF,UPI,QZ8K8CSL2LH6,New,,2024-01-28 16:21:25,JFTXFC,NA/Fwd NDF BDT HKD,BDT HKD,Spot,Forward price of underlying instrument,CASH,Cash,BDT,HKD,BDT,,,,,,,,,
1,Foreign_Exchange,Forward,NDF,UPI,QZQK5T92PH4W,New,,2024-01-28 16:21:25,JFTXFC,NA/Fwd NDF BDT HKD,BDT HKD,Spot,Forward price of underlying instrument,CASH,Cash,BDT,HKD,EUR,,,,,,,,,
1,Foreign_Exchange,Forward,NDF,UPI,QZX4H9G4HXLJ,New,,2024-01-28 16:21:26,JFTXFC,NA/Fwd NDF BDT HKD,BDT HKD,Spot,Forward price of underlying instrument,CASH,Cash,BDT,HKD,JPY,,,,,,,,,
1,Foreign_Exchange,Forward,NDF,UPI,QZJT93STN18K,New,,2024-01-28 16:21:26,JFTXFC,NA/Fwd NDF BDT HKD,BDT HKD,Spot,Forward price of underlying instrument,CASH,Cash,BDT,HKD,HKD,,,,,,,,,
1,Foreign_Exchange,Forward,NDF,UPI,QZSXVKHTDZR7,New,,2024-01-28 16:21:26,JFTXFC,NA/Fwd NDF BDT HKD,BDT HKD,Spot,Forward price of underlying instrument,CASH,Cash,BDT,HKD,USD,,,,,,,,,
1,Foreign_Exchange,Forward,NDF,UPI,QZGRRJ75LTJN,New,,2024-01-28 16:21:27,JFTXFC,NA/Fwd NDF BHD CNY,BHD CNY,Spot,Forward price of underlying instrument,CASH,Cash,BHD,CNY,BHD,,,,,,,,,
1,Foreign_Exchange,Forward,NDF,UPI,QZVKXJX0TJ4K,New,,2024-01-28 16:21:27,JFTXFC,NA/Fwd NDF BHD CNY,BHD CNY,Spot,Forward price of underlying instrument,CASH,Cash,BHD,CNY,CNY,,,,,,,,,
1,Foreign_Exchange,Forward,NDF,UPI,QZSJ3KNP1FP1,New,,2024-01-28 16:21:28,JFTXFC,NA/Fwd NDF BHD CNY,BHD CNY,Spot,Forward price of underlying instrument,CASH,Cash,BHD,CNY,JPY,,,,,,,,,
1,Foreign_Exchange,Forward,NDF,UPI,QZHVTXZ6QW65,New,,2024-01-28 16:21:28,JFTXFC,NA/Fwd NDF BHD CNY,BHD CNY,Spot,Forward price of underlying instrument,CASH,Cash,BHD,CNY,EUR,,,,,,,,,
1,Foreign_Exchange,Forward,NDF,UPI,QZ2K9JTFP6GS,New,,2024-01-28 16:21:29,JFTXFC,NA/Fwd NDF BHD GBP,BHD GBP,Spot,Forward price of underlying instrument,CASH,Cash,BHD,GBP,BHD,,,,,,,,,
1,Foreign_Exchange,Forward,NDF,UPI,QZP3V43D34QF,New,,2024-01-28 16:21:29,JFTXFC,NA/Fwd NDF BHD CNY,BHD CNY,Spot,Forward price of underlying instrument,CASH,Cash,BHD,CNY,USD,,,,,,,,,
1,Foreign_Exchange,Forward,NDF,UPI,QZ5JFD8KCQ85,New,,2024-01-28 16:21:29,JFTXFC,NA/Fwd NDF BHD EUR,BHD EUR,Spot,Forward price of underlying instrument,CASH,Cash,BHD,EUR,JPY,,,,,,,,,
1,Foreign_Exchange,Forward,NDF,UPI,QZG71NXH14LJ,New,,2024-01-28 16:21:30,JFTXFC,NA/Fwd NDF BHD HKD,BHD HKD,Spot,Forward price of underlying instrument,CASH,Cash,BHD,HKD,BHD,,,,,,,,,
1,Foreign_Exchange,Forward,NDF,UPI,QZXKK5KK6VM8,New,,2024-01-28 16:21:30,JFTXFC,NA/Fwd NDF BHD HKD,BHD HKD,Spot,Forward price of underlying instrument,CASH,Cash,BHD,HKD,EUR,,,,,,,,,
1,Foreign_Exchange,Forward,NDF,UPI,QZKXKMR5KCND,New,,2024-01-28 16:21:31,JFTXFC,NA/Fwd NDF BHD HKD,BHD HKD,Spot,Forward price of underlying instrument,CASH,Cash,BHD,HKD,HKD,,,,,,,,,
1,Foreign_Exchange,Forward,NDF,UPI,QZQTNPJLWWMP,New,,2024-01-28 16:21:31,JFTXFC,NA/Fwd NDF BHD HKD,BHD HKD,Spot,Forward price of underlying instrument,CASH,Cash,BHD,HKD,JPY,,,,,,,,,
1,Foreign_Exchange,Forward,NDF,UPI,QZZ239QRL5N2,New,,2024-01-28 16:21:31,JFTXFC,NA/Fwd NDF BHD HKD,BHD HKD,Spot,Forward price of underlying instrument,CASH,Cash,BHD,HKD,USD,,,,,,,,,
1,Foreign_Exchange,Forward,NDF,UPI,QZWZQ585KG1R,New,,2024-01-28 16:21:32,JFTXFC,NA/Fwd NDF BND CNY,BND CNY,Spot,Forward price of underlying instrument,CASH,Cash,BND,CNY,EUR,,,,,,,,,
1,Foreign_Exchange,Forward,NDF,UPI,QZDH4RWX0FFF,New,,2024-01-28 16:21:32,JFTXFC,NA/Fwd NDF BND CNY,BND CNY,Spot,Forward price of underlying instrument,CASH,Cash,BND,CNY,JPY,,,,,,,,,
1,Foreign_Exchange,Forward,NDF,UPI,QZVLBHZ1KS57,New,,2024-01-28 16:21:33,JFTXFC,NA/Fwd NDF BND HKD,BND HKD,Spot,Forward price of underlying instrument,CASH,Cash,BND,HKD,BND,,,,,,,,,
1,Foreign_Exchange,Forward,NDF,UPI,QZLJTKWHKGG7,New,,2024-01-28 16:21:33,JFTXFC,NA/Fwd NDF BND CNY,BND CNY,Spot,Forward price of underlying instrument,CASH,Cash,BND,CNY,USD,,,,,,,,,
1,Foreign_Exchange,Forward,NDF,UPI,QZTF2DWVW333,New,,2024-01-28 16:21:34,JFTXFC,NA/Fwd NDF BND HKD,BND HKD,Spot,Forward price of underlying instrument,CASH,Cash,BND,HKD,HKD,,,,,,,,,
1,Foreign_Exchange,Forward,NDF,UPI,QZP6PZTHTDB2,New,,2024-01-28 16:21:34,JFTXFC,NA/Fwd NDF BND HKD,BND HKD,Spot,Forward price of underlying instrument,CASH,Cash,BND,HKD,JPY,,,,,,,,,
1,Foreign_Exchange,Forward,NDF,UPI,QZWBGSJ94F59,New,,2024-01-28 16:21:34,JFTXFC,NA/Fwd NDF BND HKD,BND HKD,Spot,Forward price of underlying instrument,CASH,Cash,BND,HKD,EUR,,,,,,,,,
1,Foreign_Exchange,Forward,NDF,UPI,QZTQ7VGMF6GW,New,,2024-01-28 16:21:35,JFTXFC,NA/Fwd NDF BND HKD,BND HKD,Spot,Forward price of underlying instrument,CASH,Cash,BND,HKD,USD,,,,,,,,,
1,Foreign_Exchange,Forward,NDF,UPI,QZ97NHHR6SC4,New,,2024-01-28 16:21:35,JFTXFC,NA/Fwd NDF BRL CAD,BRL CAD,Spot,Forward price of underlying instrument,CASH,Cash,BRL,CAD,JPY,,,,,,,,,
1,Foreign_Exchange,Forward,NDF,UPI,QZ8DVZJB5ZCJ,New,,2024-01-28 16:21:36,JFTXFC,NA/Fwd NDF BRL CHF,BRL CHF,Spot,Forward price of underlying instrument,CASH,Cash,BRL,CHF,EUR,,,,,,,,,
1,Foreign_Exchange,Forward,NDF,UPI,QZ1RSGQ9PCNJ,New,,2024-01-28 16:21:36,JFTXFC,NA/Fwd NDF BRL CHF,BRL CHF,Spot,Forward price of underlying instrument,CASH,Cash,BRL,CHF,JPY,,,,,,,,,
1,Foreign_Exchange,Forward,NDF,UPI,QZG29K6B3VP3,New,,2024-01-28 16:21:37,JFTXFC,NA/Fwd NDF BRL EUR,BRL EUR,Spot,Forward price of underlying instrument,CASH,Cash,BRL,EUR,JPY,,,,,,,,,
1,Foreign_Exchange,Forward,NDF,UPI,QZ5B0PLH1T26,New,,2024-01-28 16:21:37,JFTXFC,NA/Fwd NDF BRL GBP,BRL GBP,Spot,Forward price of underlying instrument,CASH,Cash,BRL,GBP,JPY,,,,,,,,,
1,Foreign_Exchange,Forward,NDF,UPI,QZ416D8N1CRW,New,,2024-01-28 16:21:37,JFTXFC,NA/Fwd NDF CAD EUR,CAD EUR,Spot,Forward price of underlying instrument,CASH,Cash,CAD,EUR,JPY,,,,,,,,,
1,Foreign_Exchange,Forward,NDF,UPI,QZGGCL5W4WH8,New,,2024-01-28 16:21:38,JFTXFC,NA/Fwd NDF CAD GBP,CAD GBP,Spot,Forward price of underlying instrument,CASH,Cash,CAD,GBP,EUR,,,,,,,,,
1,Foreign_Exchange,Forward,NDF,UPI,QZGH5KVTBH21,New,,2024-01-28 16:21:38,JFTXFC,NA/Fwd NDF CAD GBP,CAD GBP,Spot,Forward price of underlying instrument,CASH,Cash,CAD,GBP,JPY,,,,,,,,,
1,Foreign_Exchange,Forward,NDF,UPI,QZDHB474DFRH,New,,2024-01-28 16:21:39,JFTXFC,NA/Fwd NDF CHF EUR,CHF EUR,Spot,Forward price of underlying instrument,CASH,Cash,CHF,EUR,JPY,,,,,,,,,
1,Foreign_Exchange,Forward,NDF,UPI,QZ8QM016NXWM,New,,2024-01-28 16:21:39,JFTXFC,NA/Fwd NDF CHF GBP,CHF GBP,Spot,Forward price of underlying instrument,CASH,Cash,CHF,GBP,EUR,,,,,,,,,
1,Foreign_Exchange,Forward,NDF,UPI,QZP3C58L6KGS,New,,2024-01-28 16:21:40,JFTXFC,NA/Fwd NDF CHF GBP,CHF GBP,Spot,Forward price of underlying instrument,CASH,Cash,CHF,GBP,JPY,,,,,,,,,
1,Foreign_Exchange,Forward,NDF,UPI,QZDT77LHF1HR,New,,2024-01-28 16:21:40,JFTXFC,NA/Fwd NDF CLP EUR,CLP EUR,Spot,Forward price of underlying instrument,CASH,Cash,CLP,EUR,JPY,,,,,,,,,
1,Foreign_Exchange,Forward,NDF,UPI,QZSL7046ZZ6F,New,,2024-01-28 16:21:41,JFTXFC,NA/Fwd NDF CNY EUR,CNY EUR,Spot,Forward price of underlying instrument,CASH,Cash,CNY,EUR,JPY,,,,,,,,,
1,Foreign_Exchange,Forward,NDF,UPI,QZ21DGB3HSHT,New,,2024-01-28 16:21:41,JFTXFC,NA/Fwd NDF CLP GBP,CLP GBP,Spot,Forward price of underlying instrument,CASH,Cash,CLP,GBP,EUR,,,,,,,,,
1,Foreign_Exchange,Forward,NDF,UPI,QZFXP75VHPWZ,New,,2024-01-28 16:21:41,JFTXFC,NA/Fwd NDF CLP GBP,CLP GBP,Spot,Forward price of underlying instrument,CASH,Cash,CLP,GBP,JPY,,,,,,,,,
1,Foreign_Exchange,Forward,NDF,UPI,QZTCBQXMGG0N,New,,2024-01-28 16:21:42,JFTXFC,NA/Fwd NDF CNY HKD,CNY HKD,Spot,Forward price of underlying instrument,CASH,Cash,CNY,HKD,EUR,,,,,,,,,
1,Foreign_Exchange,Forward,NDF,UPI,QZZV6NP03VTD,New,,2024-01-28 16:21:42,JFTXFC,NA/Fwd NDF CNY GBP,CNY GBP,Spot,Forward price of underlying instrument,CASH,Cash,CNY,GBP,JPY,,,,,,,,,
1,Foreign_Exchange,Forward,NDF,UPI,QZWGZDWP5FKF,New,,2024-01-28 16:21:43,JFTXFC,NA/Fwd NDF COP DKK,COP DKK,Spot,Forward price of underlying instrument,CASH,Cash,COP,DKK,COP,,,,,,,,,
1,Foreign_Exchange,Forward,NDF,UPI,QZG465C9PGJ7,New,,2024-01-28 16:21:43,JFTXFC,NA/Fwd NDF COP EUR,COP EUR,Spot,Forward price of underlying instrument,CASH,Cash,COP,EUR,JPY,,,,,,,,,
1,Foreign_Exchange,Forward,NDF,UPI,QZLZ4635608X,New,,2024-01-28 16:21:43,JFTXFC,NA/Fwd NDF CNY HKD,CNY HKD,Spot,Forward price of underlying instrument,CASH,Cash,CNY,HKD,JPY,,,,,,,,,
1,Foreign_Exchange,Forward,NDF,UPI,QZRP92ZG3HHZ,New,,2024-01-28 16:21:44,JFTXFC,NA/Fwd NDF COP GBP,COP GBP,Spot,Forward price of underlying instrument,CASH,Cash,COP,GBP,EUR,,,,,,,,,
1,Foreign_Exchange,Forward,NDF,UPI,QZN0NPMTD6S2,New,,2024-01-28 16:21:44,JFTXFC,NA/Fwd NDF COP GBP,COP GBP,Spot,Forward price of underlying instrument,CASH,Cash,COP,GBP,JPY,,,,,,,,,
1,Foreign_Exchange,Forward,NDF,UPI,QZ0NHL0SWJP9,New,,2024-01-28 16:21:45,JFTXFC,NA/Fwd NDF CZK DKK,CZK DKK,Spot,Forward price of underlying instrument,CASH,Cash,CZK,DKK,CZK,,,,,,,,,
1,Foreign_Exchange,Forward,NDF,UPI,QZDTTWFVZP4R,New,,2024-01-28 16:21:45,JFTXFC,NA/Fwd NDF CZK DKK,CZK DKK,Spot,Forward price of underlying instrument,CASH,Cash,CZK,DKK,DKK,,,,,,,,,
1,Foreign_Exchange,Forward,NDF,UPI,QZ16Z8DD3PF3,New,,2024-01-28 16:21:46,JFTXFC,NA/Fwd NDF CZK DKK,CZK DKK,Spot,Forward price of underlying instrument,CASH,Cash,CZK,DKK,EUR,,,,,,,,,
1,Foreign_Exchange,Forward,NDF,UPI,QZ879S4WV6PV,New,,2024-01-28 16:21:46,JFTXFC,NA/Fwd NDF CZK DKK,CZK DKK,Spot,Forward price of underlying instrument,CASH,Cash,CZK,DKK,JPY,,,,,,,,,
1,Foreign_Exchange,Forward,NDF,UPI,QZ0JNFX5L3XB,New,,2024-01-28 16:21:46,JFTXFC,NA/Fwd NDF CZK DKK,CZK DKK,Spot,Forward price of underlying instrument,CASH,Cash,CZK,DKK,USD,,,,,,,,,
1,Foreign_Exchange,Forward,NDF,UPI,QZ1M71VC0HRD,New,,2024-01-28 16:21:47,JFTXFC,NA/Fwd NDF CZK EUR,CZK EUR,Spot,Forward price of underlying instrument,CASH,Cash,CZK,EUR,JPY,,,,,,,,,
1,Foreign_Exchange,Forward,NDF,UPI,QZL42HSTHGXB,New,,2024-01-28 16:21:47,JFTXFC,NA/Fwd NDF CZK GBP,CZK GBP,Spot,Forward price of underlying instrument,CASH,Cash,CZK,GBP,EUR,,,,,,,,,
1,Foreign_Exchange,Forward,NDF,UPI,QZ0S5Q8LWR0M,New,,2024-01-28 16:21:48,JFTXFC,NA/Fwd NDF DKK EUR,DKK EUR,Spot,Forward price of underlying instrument,CASH,Cash,DKK,EUR,JPY,,,,,,,,,
1,Foreign_Exchange,Forward,NDF,UPI,QZDW2BMNT67D,New,,2024-01-28 16:21:48,JFTXFC,NA/Fwd NDF CZK GBP,CZK GBP,Spot,Forward price of underlying instrument,CASH,Cash,CZK,GBP,JPY,,,,,,,,,
1,Foreign_Exchange,Forward,NDF,UPI,QZ0XXXHMD2N2,New,,2024-01-28 16:21:49,JFTXFC,NA/Fwd NDF DKK GBP,DKK GBP,Spot,Forward price of underlying instrument,CASH,Cash,DKK,GBP,JPY,,,,,,,,,
1,Foreign_Exchange,Forward,NDF,UPI,QZMMDHPN1X3P,New,,2024-01-28 16:21:49,JFTXFC,NA/Fwd NDF DKK GBP,DKK GBP,Spot,Forward price of underlying instrument,CASH,Cash,DKK,GBP,USD,,,,,,,,,
1,Foreign_Exchange,Forward,NDF,UPI,QZ2TGV1NFC3H,New,,2024-01-28 16:21:49,JFTXFC,NA/Fwd NDF DKK GBP,DKK GBP,Spot,Forward price of underlying instrument,CASH,Cash,DKK,GBP,EUR,,,,,,,,,
1,Foreign_Exchange,Forward,NDF,UPI,QZRXMWVK47J9,New,,2024-01-28 16:21:50,JFTXFC,NA/Fwd NDF GBP MXN,GBP MXN,Spot,Forward price of underlying instrument,CASH,Cash,GBP,MXN,JPY,,,,,,,,,
1,Foreign_Exchange,Forward,NDF,UPI,QZGCJNVN07NG,New,,2024-01-28 16:21:50,JFTXFC,NA/Fwd NDF GBP MYR,GBP MYR,Spot,Forward price of underlying instrument,CASH,Cash,GBP,MYR,JPY,,,,,,,,,
1,Foreign_Exchange,Forward,NDF,UPI,QZDVHWV08JXW,New,,2024-01-28 16:21:51,JFTXFC,NA/Fwd NDF GBP NOK,GBP NOK,Spot,Forward price of underlying instrument,CASH,Cash,GBP,NOK,JPY,,,,,,,,,
1,Foreign_Exchange,Forward,NDF,UPI,QZV4W9DMXPVZ,New,,2024-01-28 16:21:51,JFTXFC,NA/Fwd NDF GBP NOK,GBP NOK,Spot,Forward price of underlying instrument,CASH,Cash,GBP,NOK,EUR,,,,,,,,,
1,Foreign_Exchange,Forward,NDF,UPI,QZTR9ZRQNK2N,New,,2024-01-28 16:21:52,JFTXFC,NA/Fwd NDF GBP NZD,GBP NZD,Spot,Forward price of underlying instrument,CASH,Cash,GBP,NZD,USD,,,,,,,,,
1,Foreign_Exchange,Forward,NDF,UPI,QZ36J7HHHQ55,New,,2024-01-28 16:21:52,JFTXFC,NA/Fwd NDF GBP NZD,GBP NZD,Spot,Forward price of underlying instrument,CASH,Cash,GBP,NZD,EUR,,,,,,,,,
1,Foreign_Exchange,Forward,NDF,UPI,QZDN5J4BK3Z7,New,,2024-01-28 16:21:52,JFTXFC,NA/Fwd NDF GBP NZD,GBP NZD,Spot,Forward price of underlying instrument,CASH,Cash,GBP,NZD,JPY,,,,,,,,,
1,Foreign_Exchange,Forward,NDF,UPI,QZ3Z4FZ1FXWC,New,,2024-01-28 16:21:53,JFTXFC,NA/Fwd NDF GBP PEN,GBP PEN,Spot,Forward price of underlying instrument,CASH,Cash,GBP,PEN,EUR,,,,,,,,,
1,Foreign_Exchange,Forward,NDF,UPI,QZK7FT5HWZ04,New,,2024-01-28 16:21:53,JFTXFC,NA/Fwd NDF GBP PEN,GBP PEN,Spot,Forward price of underlying instrument,CASH,Cash,GBP,PEN,JPY,,,,,,,,,
1,Foreign_Exchange,Forward,NDF,UPI,QZ128D10M5F9,New,,2024-01-28 16:21:54,JFTXFC,NA/Fwd NDF GBP PHP,GBP PHP,Spot,Forward price of underlying instrument,CASH,Cash,GBP,PHP,JPY,,,,,,,,,
1,Foreign_Exchange,Forward,NDF,UPI,QZJ5TR2M7XCP,New,,2024-01-28 16:21:54,JFTXFC,NA/Fwd NDF GBP PLN,GBP PLN,Spot,Forward price of underlying instrument,CASH,Cash,GBP,PLN,EUR,,,,,,,,,
1,Foreign_Exchange,Forward,NDF,UPI,QZJP76VP0C1M,New,,2024-01-28 16:21:55,JFTXFC,NA/Fwd NDF GBP PLN,GBP PLN,Spot,Forward price of underlying instrument,CASH,Cash,GBP,PLN,USD,,,,,,,,,
1,Foreign_Exchange,Forward,NDF,UPI,QZZQBLRGDB8S,New,,2024-01-28 16:21:55,JFTXFC,NA/Fwd NDF GBP PLN,GBP PLN,Spot,Forward price of underlying instrument,CASH,Cash,GBP,PLN,JPY,,,,,,,,,
1,Foreign_Exchange,Forward,NDF,UPI,QZHJK1WVW98V,New,,2024-01-28 16:21:55,JFTXFC,NA/Fwd NDF GBP QAR,GBP QAR,Spot,Forward price of underlying instrument,CASH,Cash,GBP,QAR,EUR,,,,,,,,,
1,Foreign_Exchange,Forward,NDF,UPI,QZM9FD64FWCR,New,,2024-01-28 16:21:56,JFTXFC,NA/Fwd NDF GBP QAR,GBP QAR,Spot,Forward price of underlying instrument,CASH,Cash,GBP,QAR,JPY,,,,,,,,,
1,Foreign_Exchange,Forward,NDF,UPI,QZKT50DJ9HWH,New,,2024-01-28 16:21:56,JFTXFC,NA/Fwd NDF GBP QAR,GBP QAR,Spot,Forward price of underlying instrument,CASH,Cash,GBP,QAR,USD,,,,,,,,,
1,Foreign_Exchange,Forward,NDF,UPI,QZTPRXBK7CWK,New,,2024-01-28 16:21:57,JFTXFC,NA/Fwd NDF GBP RON,GBP RON,Spot,Forward price of underlying instrument,CASH,Cash,GBP,RON,EUR,,,,,,,,,
1,Foreign_Exchange,Forward,NDF,UPI,QZBKMSML1MZ4,New,,2024-01-28 16:21:57,JFTXFC,NA/Fwd NDF GBP RON,GBP RON,Spot,Forward price of underlying instrument,CASH,Cash,GBP,RON,JPY,,,,,,,,,
1,Foreign_Exchange,Forward,NDF,UPI,QZ60FSNS5QWV,New,,2024-01-28 16:21:57,JFTXFC,NA/Fwd NDF GBP RSD,GBP RSD,Spot,Forward price of underlying instrument,CASH,Cash,GBP,RSD,EUR,,,,,,,,,
1,Foreign_Exchange,Forward,NDF,UPI,QZ0WFPDP43KT,New,,2024-01-28 16:21:58,JFTXFC,NA/Fwd NDF GBP RSD,GBP RSD,Spot,Forward price of underlying instrument,CASH,Cash,GBP,RSD,JPY,,,,,,,,,
1,Foreign_Exchange,Forward,NDF,UPI,QZPXWLF0DBQB,New,,2024-01-28 16:21:58,JFTXFC,NA/Fwd NDF GBP RSD,GBP RSD,Spot,Forward price of underlying instrument,CASH,Cash,GBP,RSD,USD,,,,,,,,,
1,Foreign_Exchange,Forward,NDF,UPI,QZKXPDD2XHDN,New,,2024-01-28 16:21:59,JFTXFC,NA/Fwd NDF GBP RUB,GBP RUB,Spot,Forward price of underlying instrument,CASH,Cash,GBP,RUB,EUR,,,,,,,,,
1,Foreign_Exchange,Forward,NDF,UPI,QZZ6MGQ658B7,New,,2024-01-28 16:21:59,JFTXFC,NA/Fwd NDF GBP RUB,GBP RUB,Spot,Forward price of underlying instrument,CASH,Cash,GBP,RUB,JPY,,,,,,,,,
1,Foreign_Exchange,Forward,NDF,UPI,QZWCDJWS5SL6,New,,2024-01-28 16:22:00,JFTXFC,NA/Fwd NDF GBP SAR,GBP SAR,Spot,Forward price of underlying instrument,CASH,Cash,GBP,SAR,EUR,,,,,,,,,
1,Foreign_Exchange,Forward,NDF,UPI,QZHCQM8Q6WZ3,New,,2024-01-28 16:22:00,JFTXFC,NA/Fwd NDF GBP SAR,GBP SAR,Spot,Forward price of underlying instrument,CASH,Cash,GBP,SAR,JPY,,,,,,,,,
1,Foreign_Exchange,Forward,NDF,UPI,QZ0DX4J7K30B,New,,2024-01-28 16:22:01,JFTXFC,NA/Fwd NDF AED CLP,AED CLP,Spot,Forward price of underlying instrument,CASH,Cash,AED,CLP,CLP,,,,,,,,,
1,Foreign_Exchange,Forward,NDF,UPI,QZBRQLTHGQL5,New,,2024-01-28 16:22:01,JFTXFC,NA/Fwd NDF AED COP,AED COP,Spot,Forward price of underlying instrument,CASH,Cash,AED,COP,COP,,,,,,,,,
1,Foreign_Exchange,Forward,NDF,UPI,QZSPJ1H1M1BR,New,,2024-01-28 16:22:01,JFTXFC,NA/Fwd NDF AED HKD,AED HKD,Spot,Forward price of underlying instrument,CASH,Cash,AED,HKD,EUR,,,,,,,,,
1,Foreign_Exchange,Forward,NDF,UPI,QZ23DLDZR07H,New,,2024-01-28 16:22:02,JFTXFC,NA/Fwd NDF AED HKD,AED HKD,Spot,Forward price of underlying instrument,CASH,Cash,AED,HKD,JPY,,,,,,,,,
1,Foreign_Exchange,Forward,NDF,UPI,QZJ4M2MZR0SF,New,,2024-01-28 16:22:02,JFTXFC,NA/Fwd NDF AED HKD,AED HKD,Spot,Forward price of underlying instrument,CASH,Cash,AED,HKD,USD,,,,,,,,,
1,Foreign_Exchange,Forward,NDF,UPI,QZQQDX825DKC,New,,2024-01-28 16:22:03,JFTXFC,NA/Fwd NDF AED HUF,AED HUF,Spot,Forward price of underlying instrument,CASH,Cash,AED,HUF,AED,,,,,,,,,
1,Foreign_Exchange,Forward,NDF,UPI,QZ2FS9SF3DRS,New,,2024-01-28 16:22:03,JFTXFC,NA/Fwd NDF AED IDR,AED IDR,Spot,Forward price of underlying instrument,CASH,Cash,AED,IDR,AED,,,,,,,,,
1,Foreign_Exchange,Forward,NDF,UPI,QZN7BZ6JNQW0,New,,2024-01-28 16:22:03,JFTXFC,NA/Fwd NDF AED HUF,AED HUF,Spot,Forward price of underlying instrument,CASH,Cash,AED,HUF,HUF,,,,,,,,,
1,Foreign_Exchange,Forward,NDF,UPI,QZNLHRM44CDJ,New,,2024-01-28 16:22:04,JFTXFC,NA/Fwd NDF AED IDR,AED IDR,Spot,Forward price of underlying instrument,CASH,Cash,AED,IDR,IDR,,,,,,,,,
1,Foreign_Exchange,Forward,NDF,UPI,QZ9QS3LWS7C7,New,,2024-01-28 16:22:04,JFTXFC,NA/Fwd NDF AED JPY,AED JPY,Spot,Forward price of underlying instrument,CASH,Cash,AED,JPY,EUR,,,,,,,,,
1,Foreign_Exchange,Forward,NDF,UPI,QZWJ10VZD3T5,New,,2024-01-28 16:22:05,JFTXFC,NA/Fwd NDF AED JPY,AED JPY,Spot,Forward price of underlying instrument,CASH,Cash,AED,JPY,USD,,,,,,,,,
1,Foreign_Exchange,Forward,NDF,UPI,QZ6R8LRPLGPG,New,,2024-01-28 16:22:05,JFTXFC,NA/Fwd NDF AED KRW,AED KRW,Spot,Forward price of underlying instrument,CASH,Cash,AED,KRW,KRW,,,,,,,,,
1,Foreign_Exchange,Forward,NDF,UPI,QZVM4VTP08QT,New,,2024-01-28 16:22:06,JFTXFC,NA/Fwd NDF AED KWD,AED KWD,Spot,Forward price of underlying instrument,CASH,Cash,AED,KWD,AED,,,,,,,,,
1,Foreign_Exchange,Forward,NDF,UPI,QZ6FTV9219DS,New,,2024-01-28 16:22:06,JFTXFC,NA/Fwd NDF AED KWD,AED KWD,Spot,Forward price of underlying instrument,CASH,Cash,AED,KWD,KWD,,,,,,,,,
1,Foreign_Exchange,Forward,NDF,UPI,QZTX6F16QDX7,New,,2024-01-28 16:22:06,JFTXFC,NA/Fwd NDF AED KZT,AED KZT,Spot,Forward price of underlying instrument,CASH,Cash,AED,KZT,AED,,,,,,,,,
1,Foreign_Exchange,Forward,NDF,UPI,QZ322NFCJJT4,New,,2024-01-28 16:22:07,JFTXFC,NA/Fwd NDF AED KZT,AED KZT,Spot,Forward price of underlying instrument,CASH,Cash,AED,KZT,KZT,,,,,,,,,
1,Foreign_Exchange,Forward,NDF,UPI,QZHLQ387D9CW,New,,2024-01-28 16:22:07,JFTXFC,NA/Fwd NDF AED MAD,AED MAD,Spot,Forward price of underlying instrument,CASH,Cash,AED,MAD,AED,,,,,,,,,
1,Foreign_Exchange,Forward,NDF,UPI,QZXF4MF40BJ3,New,,2024-01-28 16:22:08,JFTXFC,NA/Fwd NDF AED NOK,AED NOK,Spot,Forward price of underlying instrument,CASH,Cash,AED,NOK,EUR,,,,,,,,,
1,Foreign_Exchange,Forward,NDF,UPI,QZSX748X76G2,New,,2024-01-28 16:22:08,JFTXFC,NA/Fwd NDF AED MYR,AED MYR,Spot,Forward price of underlying instrument,CASH,Cash,AED,MYR,MYR,,,,,,,,,
1,Foreign_Exchange,Forward,NDF,UPI,QZZXBMZ4XX69,New,,2024-01-28 16:22:09,JFTXFC,NA/Fwd NDF AED NOK,AED NOK,Spot,Forward price of underlying instrument,CASH,Cash,AED,NOK,JPY,,,,,,,,,
1,Foreign_Exchange,Forward,NDF,UPI,QZS0MC10PH7J,New,,2024-01-28 16:22:09,JFTXFC,NA/Fwd NDF AED NOK,AED NOK,Spot,Forward price of underlying instrument,CASH,Cash,AED,NOK,USD,,,,,,,,,
1,Foreign_Exchange,Forward,NDF,UPI,QZ17F2L6JJBM,New,,2024-01-28 16:22:09,JFTXFC,NA/Fwd NDF AED PKR,AED PKR,Spot,Forward price of underlying instrument,CASH,Cash,AED,PKR,PKR,,,,,,,,,
1,Foreign_Exchange,Forward,NDF,UPI,QZFNGXRL54B8,New,,2024-01-28 16:22:10,JFTXFC,NA/Fwd NDF AED PLN,AED PLN,Spot,Forward price of underlying instrument,CASH,Cash,AED,PLN,PLN,,,,,,,,,
1,Foreign_Exchange,Forward,NDF,UPI,QZTFS6T8948N,New,,2024-01-28 16:22:10,JFTXFC,NA/Fwd NDF AED PLN,AED PLN,Spot,Forward price of underlying instrument,CASH,Cash,AED,PLN,AED,,,,,,,,,
1,Foreign_Exchange,Forward,NDF,UPI,QZH9FX1CBSMK,New,,2024-01-28 16:22:11,JFTXFC,NA/Fwd NDF AED QAR,AED QAR,Spot,Forward price of underlying instrument,CASH,Cash,AED,QAR,AED,,,,,,,,,
1,Foreign_Exchange,Forward,NDF,UPI,QZFC9PLSBSND,New,,2024-01-28 16:22:11,JFTXFC,NA/Fwd NDF AED RON,AED RON,Spot,Forward price of underlying instrument,CASH,Cash,AED,RON,AED,,,,,,,,,
1,Foreign_Exchange,Forward,NDF,UPI,QZ3QF52V91CS,New,,2024-01-28 16:22:11,JFTXFC,NA/Fwd NDF AED RON,AED RON,Spot,Forward price of underlying instrument,CASH,Cash,AED,RON,EUR,,,,,,,,,
1,Foreign_Exchange,Forward,NDF,UPI,QZMM990G1RKL,New,,2024-01-28 16:22:12,JFTXFC,NA/Fwd NDF AED RON,AED RON,Spot,Forward price of underlying instrument,CASH,Cash,AED,RON,JPY,,,,,,,,,
1,Foreign_Exchange,Forward,NDF,UPI,QZ4P48BWM1S5,New,,2024-01-28 16:22:12,JFTXFC,NA/Fwd NDF AED RON,AED RON,Spot,Forward price of underlying instrument,CASH,Cash,AED,RON,RON,,,,,,,,,
1,Foreign_Exchange,Forward,NDF,UPI,QZVGFCW22J8G,New,,2024-01-28 16:22:13,JFTXFC,NA/Fwd NDF AED SGD,AED SGD,Spot,Forward price of underlying instrument,CASH,Cash,AED,SGD,EUR,,,,,,,,,
1,Foreign_Exchange,Forward,NDF,UPI,QZLD9VJFLD31,New,,2024-01-28 16:22:13,JFTXFC,NA/Fwd NDF AED RON,AED RON,Spot,Forward price of underlying instrument,CASH,Cash,AED,RON,USD,,,,,,,,,
1,Foreign_Exchange,Forward,NDF,UPI,QZWBZMSGDNH1,New,,2024-01-28 16:22:13,JFTXFC,NA/Fwd NDF AED RUB,AED RUB,Spot,Forward price of underlying instrument,CASH,Cash,AED,RUB,RUB,,,,,,,,,
1,Foreign_Exchange,Forward,NDF,UPI,QZPVNX3GR4Z7,New,,2024-01-28 16:22:14,JFTXFC,NA/Fwd NDF AED SGD,AED SGD,Spot,Forward price of underlying instrument,CASH,Cash,AED,SGD,JPY,,,,,,,,,
1,Foreign_Exchange,Forward,NDF,UPI,QZJZ3VVGDRWD,New,,2024-01-28 16:22:14,JFTXFC,NA/Fwd NDF AED SGD,AED SGD,Spot,Forward price of underlying instrument,CASH,Cash,AED,SGD,USD,,,,,,,,,
1,Foreign_Exchange,Forward,NDF,UPI,QZG44NZGDV46,New,,2024-01-28 16:22:15,JFTXFC,NA/Fwd NDF AED TRY,AED TRY,Spot,Forward price of underlying instrument,CASH,Cash,AED,TRY,AED,,,,,,,,,
1,Foreign_Exchange,Forward,NDF,UPI,QZQJ60G7135R,New,,2024-01-28 16:22:15,JFTXFC,NA/Fwd NDF AED TRY,AED TRY,Spot,Forward price of underlying instrument,CASH,Cash,AED,TRY,TRY,,,,,,,,,
1,Foreign_Exchange,Forward,NDF,UPI,QZX7T3RC2S82,New,,2024-01-28 16:22:16,JFTXFC,NA/Fwd NDF AED TWD,AED TWD,Spot,Forward price of underlying instrument,CASH,Cash,AED,TWD,AED,,,,,,,,,
1,Foreign_Exchange,Forward,NDF,UPI,QZ8SZXJRK23J,New,,2024-01-28 16:22:16,JFTXFC,NA/Fwd NDF AED TWD,AED TWD,Spot,Forward price of underlying instrument,CASH,Cash,AED,TWD,TWD,,,,,,,,,
1,Foreign_Exchange,Forward,NDF,UPI,QZNTQZ0NXJMH,New,,2024-01-28 16:22:16,JFTXFC,NA/Fwd NDF AED USD,AED USD,Spot,Forward price of underlying instrument,CASH,Cash,AED,USD,EUR,,,,,,,,,
1,Foreign_Exchange,Forward,NDF,UPI,QZWJ8F455N21,New,,2024-01-28 16:22:17,JFTXFC,NA/Fwd NDF AED USD,AED USD,Spot,Forward price of underlying instrument,CASH,Cash,AED,USD,JPY,,,,,,,,,
1,Foreign_Exchange,Forward,NDF,UPI,QZ1GP84NLX1J,New,,2024-01-28 16:22:17,JFTXFC,NA/Fwd NDF AED VND,AED VND,Spot,Forward price of underlying instrument,CASH,Cash,AED,VND,AED,,,,,,,,,
1,Foreign_Exchange,Forward,NDF,UPI,QZ15JNQPGLQT,New,,2024-01-28 16:22:18,JFTXFC,NA/Fwd NDF AED VND,AED VND,Spot,Forward price of underlying instrument,CASH,Cash,AED,VND,VND,,,,,,,,,
1,Foreign_Exchange,Forward,NDF,UPI,QZJ4C0T0L0DT,New,,2024-01-28 16:22:18,JFTXFC,NA/Fwd NDF AOA JPY,AOA JPY,Spot,Forward price of underlying instrument,CASH,Cash,AOA,JPY,AOA,,,,,,,,,
1,Foreign_Exchange,Forward,NDF,UPI,QZR0WPBSK1HS,New,,2024-01-28 16:22:19,JFTXFC,NA/Fwd NDF AOA JPY,AOA JPY,Spot,Forward price of underlying instrument,CASH,Cash,AOA,JPY,USD,,,,,,,,,
1,Foreign_Exchange,Forward,NDF,UPI,QZB3RHR5TKHR,New,,2024-01-28 16:22:19,JFTXFC,NA/Fwd NDF AOA JPY,AOA JPY,Spot,Forward price of underlying instrument,CASH,Cash,AOA,JPY,JPY,,,,,,,,,
1,Foreign_Exchange,Forward,NDF,UPI,QZWX4JP2ZZ5G,New,,2024-01-28 16:22:19,JFTXFC,NA/Fwd NDF AOA JPY,AOA JPY,Spot,Forward price of underlying instrument,CASH,Cash,AOA,JPY,EUR,,,,,,,,,
1,Foreign_Exchange,Forward,NDF,UPI,QZMSQQ4Q24M6,New,,2024-01-28 16:22:20,JFTXFC,NA/Fwd NDF AOA USD,AOA USD,Spot,Forward price of underlying instrument,CASH,Cash,AOA,USD,EUR,,,,,,,,,
1,Foreign_Exchange,Forward,NDF,UPI,QZRP836HV84D,New,,2024-01-28 16:22:20,JFTXFC,NA/Fwd NDF AOA USD,AOA USD,Spot,Forward price of underlying instrument,CASH,Cash,AOA,USD,JPY,,,,,,,,,
1,Foreign_Exchange,Forward,NDF,UPI,QZC0NB9L3ZVK,New,,2024-01-28 16:22:21,JFTXFC,NA/Fwd NDF ARS HUF,ARS HUF,Spot,Forward price of underlying instrument,CASH,Cash,ARS,HUF,ARS,,,,,,,,,
1,Foreign_Exchange,Forward,NDF,UPI,QZFVQTVBTH40,New,,2024-01-28 16:22:21,JFTXFC,NA/Fwd NDF ARS IDR,ARS IDR,Spot,Forward price of underlying instrument,CASH,Cash,ARS,IDR,ARS,,,,,,,,,
1,Foreign_Exchange,Forward,NDF,UPI,QZ44ZXJJTGZ5,New,,2024-01-28 16:22:21,JFTXFC,NA/Fwd NDF ARS IDR,ARS IDR,Spot,Forward price of underlying instrument,CASH,Cash,ARS,IDR,IDR,,,,,,,,,
1,Foreign_Exchange,Forward,NDF,UPI,QZM29BM3HL9S,New,,2024-01-28 16:22:22,JFTXFC,NA/Fwd NDF ARS ILS,ARS ILS,Spot,Forward price of underlying instrument,CASH,Cash,ARS,ILS,ARS,,,,,,,,,
1,Foreign_Exchange,Forward,NDF,UPI,QZ7V2DSHNBVP,New,,2024-01-28 16:22:22,JFTXFC,NA/Fwd NDF ARS ILS,ARS ILS,Spot,Forward price of underlying instrument,CASH,Cash,ARS,ILS,ILS,,,,,,,,,
1,Foreign_Exchange,Forward,NDF,UPI,QZ8ZG46MDMRX,New,,2024-01-28 16:22:23,JFTXFC,NA/Fwd NDF ARS INR,ARS INR,Spot,Forward price of underlying instrument,CASH,Cash,ARS,INR,ARS,,,,,,,,,
1,Foreign_Exchange,Forward,NDF,UPI,QZ1TWP7DCW3S,New,,2024-01-28 16:22:23,JFTXFC,NA/Fwd NDF ARS JPY,ARS JPY,Spot,Forward price of underlying instrument,CASH,Cash,ARS,JPY,EUR,,,,,,,,,
1,Foreign_Exchange,Forward,NDF,UPI,QZPN331T9FVT,New,,2024-01-28 16:22:24,JFTXFC,NA/Fwd NDF ARS KRW,ARS KRW,Spot,Forward price of underlying instrument,CASH,Cash,ARS,KRW,KRW,,,,,,,,,
1,Foreign_Exchange,Forward,NDF,UPI,QZJ7MXV1HK04,New,,2024-01-28 16:22:24,JFTXFC,NA/Fwd NDF ARS KRW,ARS KRW,Spot,Forward price of underlying instrument,CASH,Cash,ARS,KRW,ARS,,,,,,,,,
1,Foreign_Exchange,Forward,NDF,UPI,QZ98J9B6094L,New,,2024-01-28 16:22:24,JFTXFC,NA/Fwd NDF ARS KWD,ARS KWD,Spot,Forward price of underlying instrument,CASH,Cash,ARS,KWD,ARS,,,,,,,,,
1,Foreign_Exchange,Forward,NDF,UPI,QZP0CGVTMQGM,New,,2024-01-28 16:22:25,JFTXFC,NA/Fwd NDF ARS KWD,ARS KWD,Spot,Forward price of underlying instrument,CASH,Cash,ARS,KWD,KWD,,,,,,,,,
1,Foreign_Exchange,Forward,NDF,UPI,QZX0TGRWQK4S,New,,2024-01-28 16:22:25,JFTXFC,NA/Fwd NDF ARS MXN,ARS MXN,Spot,Forward price of underlying instrument,CASH,Cash,ARS,MXN,ARS,,,,,,,,,
1,Foreign_Exchange,Forward,NDF,UPI,QZC0968B8NH4,New,,2024-01-28 16:22:26,JFTXFC,NA/Fwd NDF ARS NOK,ARS NOK,Spot,Forward price of underlying instrument,CASH,Cash,ARS,NOK,ARS,,,,,,,,,
1,Foreign_Exchange,Forward,NDF,UPI,QZJSRQX859TM,New,,2024-01-28 16:22:26,JFTXFC,NA/Fwd NDF ARS NOK,ARS NOK,Spot,Forward price of underlying instrument,CASH,Cash,ARS,NOK,NOK,,,,,,,,,
1,Foreign_Exchange,Forward,NDF,UPI,QZTD4B0Z1G9K,New,,2024-01-28 16:22:26,JFTXFC,NA/Fwd NDF ARS NZD,ARS NZD,Spot,Forward price of underlying instrument,CASH,Cash,ARS,NZD,ARS,,,,,,,,,
1,Foreign_Exchange,Forward,NDF,UPI,QZW0C7K120KG,New,,2024-01-28 16:22:27,JFTXFC,NA/Fwd NDF ARS PHP,ARS PHP,Spot,Forward price of underlying instrument,CASH,Cash,ARS,PHP,ARS,,,,,,,,,
1,Foreign_Exchange,Forward,NDF,UPI,QZJ0HTKC63M7,New,,2024-01-28 16:22:27,JFTXFC,NA/Fwd NDF ARS NZD,ARS NZD,Spot,Forward price of underlying instrument,CASH,Cash,ARS,NZD,NZD,,,,,,,,,
1,Foreign_Exchange,Forward,NDF,UPI,QZW97JJHZ00X,New,,2024-01-28 16:22:28,JFTXFC,NA/Fwd NDF ARS PHP,ARS PHP,Spot,Forward price of underlying instrument,CASH,Cash,ARS,PHP,PHP,,,,,,,,,
1,Foreign_Exchange,Forward,NDF,UPI,QZ6M1PBV9V04,New,,2024-01-28 16:22:28,JFTXFC,NA/Fwd NDF ARS PKR,ARS PKR,Spot,Forward price of underlying instrument,CASH,Cash,ARS,PKR,ARS,,,,,,,,,
1,Foreign_Exchange,Forward,NDF,UPI,QZXV6J3SRZPD,New,,2024-01-28 16:22:29,JFTXFC,NA/Fwd NDF ARS PKR,ARS PKR,Spot,Forward price of underlying instrument,CASH,Cash,ARS,PKR,PKR,,,,,,,,,
1,Foreign_Exchange,Forward,NDF,UPI,QZWKH8KWSGF2,New,,2024-01-28 16:22:29,JFTXFC,NA/Fwd NDF ARS PLN,ARS PLN,Spot,Forward price of underlying instrument,CASH,Cash,ARS,PLN,ARS,,,,,,,,,
1,Foreign_Exchange,Forward,NDF,UPI,QZ3P6TKGCBMC,New,,2024-01-28 16:22:29,JFTXFC,NA/Fwd NDF ARS PLN,ARS PLN,Spot,Forward price of underlying instrument,CASH,Cash,ARS,PLN,PLN,,,,,,,,,
1,Foreign_Exchange,Forward,NDF,UPI,QZDBW5FP89LL,New,,2024-01-28 16:22:30,JFTXFC,NA/Fwd NDF ARS QAR,ARS QAR,Spot,Forward price of underlying instrument,CASH,Cash,ARS,QAR,ARS,,,,,,,,,
1,Foreign_Exchange,Forward,NDF,UPI,QZBB3GF78J6V,New,,2024-01-28 16:22:30,JFTXFC,NA/Fwd NDF ARS QAR,ARS QAR,Spot,Forward price of underlying instrument,CASH,Cash,ARS,QAR,QAR,,,,,,,,,
1,Foreign_Exchange,Forward,NDF,UPI,QZ14PC526NW8,New,,2024-01-28 16:22:31,JFTXFC,NA/Fwd NDF ARS RON,ARS RON,Spot,Forward price of underlying instrument,CASH,Cash,ARS,RON,ARS,,,,,,,,,
1,Foreign_Exchange,Forward,NDF,UPI,QZB33C4DKRVH,New,,2024-01-28 16:22:31,JFTXFC,NA/Fwd NDF ARS RON,ARS RON,Spot,Forward price of underlying instrument,CASH,Cash,ARS,RON,EUR,,,,,,,,,
1,Foreign_Exchange,Forward,NDF,UPI,QZ1XF7G58P9L,New,,2024-01-28 16:22:32,JFTXFC,NA/Fwd NDF ARS RON,ARS RON,Spot,Forward price of underlying instrument,CASH,Cash,ARS,RON,RON,,,,,,,,,
1,Foreign_Exchange,Forward,NDF,UPI,QZQKH7MM9LDT,New,,2024-01-28 16:22:32,JFTXFC,NA/Fwd NDF ARS RON,ARS RON,Spot,Forward price of underlying instrument,CASH,Cash,ARS,RON,JPY,,,,,,,,,
1,Foreign_Exchange,Forward,NDF,UPI,QZQB0CJ3JF6X,New,,2024-01-28 16:22:32,JFTXFC,NA/Fwd NDF ARS RON,ARS RON,Spot,Forward price of underlying instrument,CASH,Cash,ARS,RON,USD,,,,,,,,,
1,Foreign_Exchange,Forward,NDF,UPI,QZL5VBMF2B6Q,New,,2024-01-28 16:22:33,JFTXFC,NA/Fwd NDF ARS SAR,ARS SAR,Spot,Forward price of underlying instrument,CASH,Cash,ARS,SAR,SAR,,,,,,,,,
1,Foreign_Exchange,Forward,NDF,UPI,QZ1RJTXWQXMP,New,,2024-01-28 16:22:33,JFTXFC,NA/Fwd NDF ARS SAR,ARS SAR,Spot,Forward price of underlying instrument,CASH,Cash,ARS,SAR,ARS,,,,,,,,,
1,Foreign_Exchange,Forward,NDF,UPI,QZB09RNTD91P,New,,2024-01-28 16:22:34,JFTXFC,NA/Fwd NDF ARS SEK,ARS SEK,Spot,Forward price of underlying instrument,CASH,Cash,ARS,SEK,ARS,,,,,,,,,
1,Foreign_Exchange,Forward,NDF,UPI,QZ2FTDZBHKXS,New,,2024-01-28 16:22:34,JFTXFC,NA/Fwd NDF ARS SGD,ARS SGD,Spot,Forward price of underlying instrument,CASH,Cash,ARS,SGD,ARS,,,,,,,,,
1,Foreign_Exchange,Forward,NDF,UPI,QZVQM9HGV4SN,New,,2024-01-28 16:22:34,JFTXFC,NA/Fwd NDF ARS THB,ARS THB,Spot,Forward price of underlying instrument,CASH,Cash,ARS,THB,ARS,,,,,,,,,
1,Foreign_Exchange,Forward,NDF,UPI,QZB4MC5786R6,New,,2024-01-28 16:22:35,JFTXFC,NA/Fwd NDF ARS THB,ARS THB,Spot,Forward price of underlying instrument,CASH,Cash,ARS,THB,THB,,,,,,,,,
1,Foreign_Exchange,Forward,NDF,UPI,QZFKQS4NDJ5L,New,,2024-01-28 16:22:35,JFTXFC,NA/Fwd NDF ARS TRY,ARS TRY,Spot,Forward price of underlying instrument,CASH,Cash,ARS,TRY,ARS,,,,,,,,,
1,Foreign_Exchange,Forward,NDF,UPI,QZQS9JC22ZFN,New,,2024-01-28 16:22:36,JFTXFC,NA/Fwd NDF ARS TWD,ARS TWD,Spot,Forward price of underlying instrument,CASH,Cash,ARS,TWD,TWD,,,,,,,,,
1,Foreign_Exchange,Forward,NDF,UPI,QZD0PJZT13F4,New,,2024-01-28 16:22:36,JFTXFC,NA/Fwd NDF ARS TWD,ARS TWD,Spot,Forward price of underlying instrument,CASH,Cash,ARS,TWD,ARS,,,,,,,,,
1,Foreign_Exchange,Forward,NDF,UPI,QZ7VGWGNJ945,New,,2024-01-28 16:22:37,JFTXFC,NA/Fwd NDF ARS USD,ARS USD,Spot,Forward price of underlying instrument,CASH,Cash,ARS,USD,JPY,,,,,,,,,
1,Foreign_Exchange,Forward,NDF,UPI,QZKR8044NPT0,New,,2024-01-28 16:22:37,JFTXFC,NA/Fwd NDF ARS ZAR,ARS ZAR,Spot,Forward price of underlying instrument,CASH,Cash,ARS,ZAR,ARS,,,,,,,,,
1,Foreign_Exchange,Forward,NDF,UPI,QZ5BC08844DH,New,,2024-01-28 16:22:37,JFTXFC,NA/Fwd NDF AUD BHD,AUD BHD,Spot,Forward price of underlying instrument,CASH,Cash,AUD,BHD,BHD,,,,,,,,,
1,Foreign_Exchange,Forward,NDF,UPI,QZ0TVJ6N10QM,New,,2024-01-28 16:22:38,JFTXFC,NA/Fwd NDF AUD BRL,AUD BRL,Spot,Forward price of underlying instrument,CASH,Cash,AUD,BRL,EUR,,,,,,,,,
1,Foreign_Exchange,Forward,NDF,UPI,QZ45QHDG2SRG,New,,2024-01-28 16:22:38,JFTXFC,NA/Fwd NDF AUD BRL,AUD BRL,Spot,Forward price of underlying instrument,CASH,Cash,AUD,BRL,JPY,,,,,,,,,
1,Foreign_Exchange,Forward,NDF,UPI,QZ1SRSDDCV6Z,New,,2024-01-28 16:22:39,JFTXFC,NA/Fwd NDF AUD CHF,AUD CHF,Spot,Forward price of underlying instrument,CASH,Cash,AUD,CHF,EUR,,,,,,,,,
1,Foreign_Exchange,Forward,NDF,UPI,QZ7CFVCLF6FW,New,,2024-01-28 16:22:39,JFTXFC,NA/Fwd NDF AUD CAD,AUD CAD,Spot,Forward price of underlying instrument,CASH,Cash,AUD,CAD,JPY,,,,,,,,,
1,Foreign_Exchange,Forward,NDF,UPI,QZ5R4RQPZ6PS,New,,2024-01-28 16:22:40,JFTXFC,NA/Fwd NDF AUD CNY,AUD CNY,Spot,Forward price of underlying instrument,CASH,Cash,AUD,CNY,EUR,,,,,,,,,
1,Foreign_Exchange,Forward,NDF,UPI,QZLMLVDJV489,New,,2024-01-28 16:22:40,JFTXFC,NA/Fwd NDF AUD CHF,AUD CHF,Spot,Forward price of underlying instrument,CASH,Cash,AUD,CHF,JPY,,,,,,,,,
1,Foreign_Exchange,Forward,NDF,UPI,QZMSTF41MRKD,New,,2024-01-28 16:22:40,JFTXFC,NA/Fwd NDF AUD CHF,AUD CHF,Spot,Forward price of underlying instrument,CASH,Cash,AUD,CHF,USD,,,,,,,,,
1,Foreign_Exchange,Forward,NDF,UPI,QZ8F2MPHRGKL,New,,2024-01-28 16:22:41,JFTXFC,NA/Fwd NDF AUD CNY,AUD CNY,Spot,Forward price of underlying instrument,CASH,Cash,AUD,CNY,JPY,,,,,,,,,
1,Foreign_Exchange,Forward,NDF,UPI,QZ01FF3G27HT,New,,2024-01-28 16:22:41,JFTXFC,NA/Fwd NDF AUD CZK,AUD CZK,Spot,Forward price of underlying instrument,CASH,Cash,AUD,CZK,CZK,,,,,,,,,
1,Foreign_Exchange,Forward,NDF,UPI,QZN0B5TS2B43,New,,2024-01-28 16:22:42,JFTXFC,NA/Fwd NDF AUD CZK,AUD CZK,Spot,Forward price of underlying instrument,CASH,Cash,AUD,CZK,JPY,,,,,,,,,
1,Foreign_Exchange,Forward,NDF,UPI,QZB21DSL2B8G,New,,2024-01-28 16:22:42,JFTXFC,NA/Fwd NDF AUD CZK,AUD CZK,Spot,Forward price of underlying instrument,CASH,Cash,AUD,CZK,EUR,,,,,,,,,
1,Foreign_Exchange,Forward,NDF,UPI,QZXG32T1MQ8S,New,,2024-01-28 16:22:43,JFTXFC,NA/Fwd NDF AUD DKK,AUD DKK,Spot,Forward price of underlying instrument,CASH,Cash,AUD,DKK,EUR,,,,,,,,,
1,Foreign_Exchange,Forward,NDF,UPI,QZWF7LVDFQQT,New,,2024-01-28 16:22:43,JFTXFC,NA/Fwd NDF AUD DKK,AUD DKK,Spot,Forward price of underlying instrument,CASH,Cash,AUD,DKK,JPY,,,,,,,,,
1,Foreign_Exchange,Forward,NDF,UPI,QZGNM8QXS26K,New,,2024-01-28 16:22:43,JFTXFC,NA/Fwd NDF AUD CZK,AUD CZK,Spot,Forward price of underlying instrument,CASH,Cash,AUD,CZK,USD,,,,,,,,,
1,Foreign_Exchange,Forward,NDF,UPI,QZSG74RX3JSL,New,,2024-01-28 16:22:44,JFTXFC,NA/Fwd NDF AUD DKK,AUD DKK,Spot,Forward price of underlying instrument,CASH,Cash,AUD,DKK,USD,,,,,,,,,
1,Foreign_Exchange,Forward,NDF,UPI,QZMPKTN6Z8T1,New,,2024-01-28 16:22:44,JFTXFC,NA/Fwd NDF AUD HKD,AUD HKD,Spot,Forward price of underlying instrument,CASH,Cash,AUD,HKD,EUR,,,,,,,,,
1,Foreign_Exchange,Forward,NDF,UPI,QZ1ZB2B8L8QM,New,,2024-01-28 16:22:45,JFTXFC,NA/Fwd NDF AUD HUF,AUD HUF,Spot,Forward price of underlying instrument,CASH,Cash,AUD,HUF,EUR,,,,,,,,,
1,Foreign_Exchange,Forward,NDF,UPI,QZPS2QDXM3L7,New,,2024-01-28 16:22:45,JFTXFC,NA/Fwd NDF AUD HKD,AUD HKD,Spot,Forward price of underlying instrument,CASH,Cash,AUD,HKD,JPY,,,,,,,,,
1,Foreign_Exchange,Forward,NDF,UPI,QZ1XJQKJFDVR,New,,2024-01-28 16:22:46,JFTXFC,NA/Fwd NDF AUD HUF,AUD HUF,Spot,Forward price of underlying instrument,CASH,Cash,AUD,HUF,HUF,,,,,,,,,
1,Foreign_Exchange,Forward,NDF,UPI,QZJNDKC3KW2M,New,,2024-01-28 16:22:46,JFTXFC,NA/Fwd NDF AUD HUF,AUD HUF,Spot,Forward price of underlying instrument,CASH,Cash,AUD,HUF,JPY,,,,,,,,,
1,Foreign_Exchange,Forward,NDF,UPI,QZ49CXZ0TSX5,New,,2024-01-28 16:22:46,JFTXFC,NA/Fwd NDF AUD HUF,AUD HUF,Spot,Forward price of underlying instrument,CASH,Cash,AUD,HUF,USD,,,,,,,,,
1,Foreign_Exchange,Forward,NDF,UPI,QZ2S7PDM7G23,New,,2024-01-28 16:22:47,JFTXFC,NA/Fwd NDF AUD IDR,AUD IDR,Spot,Forward price of underlying instrument,CASH,Cash,AUD,IDR,EUR,,,,,,,,,
1,Foreign_Exchange,Forward,NDF,UPI,QZ86RBFTWGZP,New,,2024-01-28 16:22:47,JFTXFC,NA/Fwd NDF AUD IDR,AUD IDR,Spot,Forward price of underlying instrument,CASH,Cash,AUD,IDR,JPY,,,,,,,,,
1,Foreign_Exchange,Forward,NDF,UPI,QZZ738772VWS,New,,2024-01-28 16:22:48,JFTXFC,NA/Fwd NDF AUD ILS,AUD ILS,Spot,Forward price of underlying instrument,CASH,Cash,AUD,ILS,ILS,,,,,,,,,
1,Foreign_Exchange,Forward,NDF,UPI,QZSGD49D7GKR,New,,2024-01-28 16:22:48,JFTXFC,NA/Fwd NDF AUD INR,AUD INR,Spot,Forward price of underlying instrument,CASH,Cash,AUD,INR,EUR,,,,,,,,,
1,Foreign_Exchange,Forward,NDF,UPI,QZ3X9QL96PPX,New,,2024-01-28 16:22:49,JFTXFC,NA/Fwd NDF AUD JPY,AUD JPY,Spot,Forward price of underlying instrument,CASH,Cash,AUD,JPY,EUR,,,,,,,,,
1,Foreign_Exchange,Forward,NDF,UPI,QZGGC3SVR7S4,New,,2024-01-28 16:22:49,JFTXFC,NA/Fwd NDF AUD INR,AUD INR,Spot,Forward price of underlying instrument,CASH,Cash,AUD,INR,JPY,,,,,,,,,
1,Foreign_Exchange,Forward,NDF,UPI,QZPFDDWGLP7T,New,,2024-01-28 16:22:49,JFTXFC,NA/Fwd NDF AUD KRW,AUD KRW,Spot,Forward price of underlying instrument,CASH,Cash,AUD,KRW,EUR,,,,,,,,,
1,Foreign_Exchange,Forward,NDF,UPI,QZJ5H5VTVJZS,New,,2024-01-28 16:22:50,JFTXFC,NA/Fwd NDF AUD KRW,AUD KRW,Spot,Forward price of underlying instrument,CASH,Cash,AUD,KRW,JPY,,,,,,,,,
1,Foreign_Exchange,Forward,NDF,UPI,QZ1SW36CJRNW,New,,2024-01-28 16:22:50,JFTXFC,NA/Fwd NDF AUD KWD,AUD KWD,Spot,Forward price of underlying instrument,CASH,Cash,AUD,KWD,AUD,,,,,,,,,
1,Foreign_Exchange,Forward,NDF,UPI,QZX00ZFGDGV5,New,,2024-01-28 16:22:51,JFTXFC,NA/Fwd NDF AUD KWD,AUD KWD,Spot,Forward price of underlying instrument,CASH,Cash,AUD,KWD,EUR,,,,,,,,,
1,Foreign_Exchange,Forward,NDF,UPI,QZNJ6B71Q7CH,New,,2024-01-28 16:22:51,JFTXFC,NA/Fwd NDF AUD KWD,AUD KWD,Spot,Forward price of underlying instrument,CASH,Cash,AUD,KWD,JPY,,,,,,,,,
1,Foreign_Exchange,Forward,NDF,UPI,QZ4LRCHPQH0N,New,,2024-01-28 16:22:52,JFTXFC,NA/Fwd NDF AUD KWD,AUD KWD,Spot,Forward price of underlying instrument,CASH,Cash,AUD,KWD,KWD,,,,,,,,,
1,Foreign_Exchange,Forward,NDF,UPI,QZT4X6GQ67X7,New,,2024-01-28 16:22:52,JFTXFC,NA/Fwd NDF AUD KWD,AUD KWD,Spot,Forward price of underlying instrument,CASH,Cash,AUD,KWD,USD,,,,,,,,,
1,Foreign_Exchange,Forward,NDF,UPI,QZCTDW3QWXVP,New,,2024-01-28 16:22:52,JFTXFC,NA/Fwd NDF AUD KZT,AUD KZT,Spot,Forward price of underlying instrument,CASH,Cash,AUD,KZT,KZT,,,,,,,,,
1,Foreign_Exchange,Forward,NDF,UPI,QZJDD9TSF9X3,New,,2024-01-28 16:22:53,JFTXFC,NA/Fwd NDF AUD MAD,AUD MAD,Spot,Forward price of underlying instrument,CASH,Cash,AUD,MAD,MAD,,,,,,,,,
1,Foreign_Exchange,Forward,NDF,UPI,QZN44NWL5GNJ,New,,2024-01-28 16:22:53,JFTXFC,NA/Fwd NDF AUD MAD,AUD MAD,Spot,Forward price of underlying instrument,CASH,Cash,AUD,MAD,AUD,,,,,,,,,
1,Foreign_Exchange,Forward,NDF,UPI,QZBQQRGSCKSM,New,,2024-01-28 16:22:54,JFTXFC,NA/Fwd NDF AUD MXN,AUD MXN,Spot,Forward price of underlying instrument,CASH,Cash,AUD,MXN,EUR,,,,,,,,,
1,Foreign_Exchange,Forward,NDF,UPI,QZ9KXDQ0PHSS,New,,2024-01-28 16:22:54,JFTXFC,NA/Fwd NDF AUD MXN,AUD MXN,Spot,Forward price of underlying instrument,CASH,Cash,AUD,MXN,JPY,,,,,,,,,
1,Foreign_Exchange,Forward,NDF,UPI,QZRVLBLRSQNN,New,,2024-01-28 16:22:54,JFTXFC,NA/Fwd NDF AUD MXN,AUD MXN,Spot,Forward price of underlying instrument,CASH,Cash,AUD,MXN,USD,,,,,,,,,
1,Foreign_Exchange,Forward,NDF,UPI,QZ3G9K03BXPD,New,,2024-01-28 16:22:55,JFTXFC,NA/Fwd NDF AUD MYR,AUD MYR,Spot,Forward price of underlying instrument,CASH,Cash,AUD,MYR,EUR,,,,,,,,,
1,Foreign_Exchange,Forward,NDF,UPI,QZ5V3ZFH764M,New,,2024-01-28 16:22:55,JFTXFC,NA/Fwd NDF AUD MYR,AUD MYR,Spot,Forward price of underlying instrument,CASH,Cash,AUD,MYR,JPY,,,,,,,,,
1,Foreign_Exchange,Forward,NDF,UPI,QZQK9J89ZBF7,New,,2024-01-28 16:22:56,JFTXFC,NA/Fwd NDF AUD NOK,AUD NOK,Spot,Forward price of underlying instrument,CASH,Cash,AUD,NOK,EUR,,,,,,,,,
1,Foreign_Exchange,Forward,NDF,UPI,QZMZTQMCXX0P,New,,2024-01-28 16:22:56,JFTXFC,NA/Fwd NDF AUD NOK,AUD NOK,Spot,Forward price of underlying instrument,CASH,Cash,AUD,NOK,JPY,,,,,,,,,
1,Foreign_Exchange,Forward,NDF,UPI,QZPQW6CKKTBS,New,,2024-01-28 16:22:57,JFTXFC,NA/Fwd NDF AUD NZD,AUD NZD,Spot,Forward price of underlying instrument,CASH,Cash,AUD,NZD,JPY,,,,,,,,,
1,Foreign_Exchange,Forward,NDF,UPI,QZGGGZJX6N59,New,,2024-01-28 16:22:57,JFTXFC,NA/Fwd NDF AUD NZD,AUD NZD,Spot,Forward price of underlying instrument,CASH,Cash,AUD,NZD,EUR,,,,,,,,,
1,Foreign_Exchange,Forward,NDF,UPI,QZB0F8TG8QBW,New,,2024-01-28 16:22:57,JFTXFC,NA/Fwd NDF AUD NOK,AUD NOK,Spot,Forward price of underlying instrument,CASH,Cash,AUD,NOK,USD,,,,,,,,,
1,Foreign_Exchange,Forward,NDF,UPI,QZHXJ71LK6DQ,New,,2024-01-28 16:22:58,JFTXFC,NA/Fwd NDF AUD PHP,AUD PHP,Spot,Forward price of underlying instrument,CASH,Cash,AUD,PHP,EUR,,,,,,,,,
1,Foreign_Exchange,Forward,NDF,UPI,QZXQ57WDB594,New,,2024-01-28 16:22:58,JFTXFC,NA/Fwd NDF AUD PHP,AUD PHP,Spot,Forward price of underlying instrument,CASH,Cash,AUD,PHP,JPY,,,,,,,,,
1,Foreign_Exchange,Forward,NDF,UPI,QZ6HHQZRJXZP,New,,2024-01-28 16:22:59,JFTXFC,NA/Fwd NDF AUD PKR,AUD PKR,Spot,Forward price of underlying instrument,CASH,Cash,AUD,PKR,AUD,,,,,,,,,
1,Foreign_Exchange,Forward,NDF,UPI,QZXDGPWKNGFD,New,,2024-01-28 16:22:59,JFTXFC,NA/Fwd NDF AUD PKR,AUD PKR,Spot,Forward price of underlying instrument,CASH,Cash,AUD,PKR,PKR,,,,,,,,,
1,Foreign_Exchange,Forward,NDF,UPI,QZCCS0THHNN4,New,,2024-01-28 16:23:00,JFTXFC,NA/Fwd NDF AUD PLN,AUD PLN,Spot,Forward price of underlying instrument,CASH,Cash,AUD,PLN,EUR,,,,,,,,,
1,Foreign_Exchange,Forward,NDF,UPI,QZT8JQW3XGMH,New,,2024-01-28 16:23:00,JFTXFC,NA/Fwd NDF AUD PLN,AUD PLN,Spot,Forward price of underlying instrument,CASH,Cash,AUD,PLN,JPY,,,,,,,,,
1,Foreign_Exchange,Forward,NDF,UPI,QZK2MHPDCV44,New,,2024-01-28 16:23:00,JFTXFC,NA/Fwd NDF AUD PLN,AUD PLN,Spot,Forward price of underlying instrument,CASH,Cash,AUD,PLN,PLN,,,,,,,,,
1,Foreign_Exchange,Forward,NDF,UPI,QZ89GT2M92BX,New,,2024-01-28 16:23:01,JFTXFC,NA/Fwd NDF AUD PLN,AUD PLN,Spot,Forward price of underlying instrument,CASH,Cash,AUD,PLN,USD,,,,,,,,,
1,Foreign_Exchange,Forward,NDF,UPI,QZGZ5F48PXR9,New,,2024-01-28 16:23:01,JFTXFC,NA/Fwd NDF AUD RON,AUD RON,Spot,Forward price of underlying instrument,CASH,Cash,AUD,RON,AUD,,,,,,,,,
1,Foreign_Exchange,Forward,NDF,UPI,QZBPK9R54T97,New,,2024-01-28 16:23:02,JFTXFC,NA/Fwd NDF AUD RON,AUD RON,Spot,Forward price of underlying instrument,CASH,Cash,AUD,RON,EUR,,,,,,,,,
1,Foreign_Exchange,Forward,NDF,UPI,QZ2KN3X013SV,New,,2024-01-28 16:23:02,JFTXFC,NA/Fwd NDF AUD RON,AUD RON,Spot,Forward price of underlying instrument,CASH,Cash,AUD,RON,JPY,,,,,,,,,
1,Foreign_Exchange,Forward,NDF,UPI,QZZ8QPMWB05Q,New,,2024-01-28 16:23:03,JFTXFC,NA/Fwd NDF AUD RUB,AUD RUB,Spot,Forward price of underlying instrument,CASH,Cash,AUD,RUB,JPY,,,,,,,,,
1,Foreign_Exchange,Forward,NDF,UPI,QZS252BW8M5R,New,,2024-01-28 16:23:03,JFTXFC,NA/Fwd NDF AUD RON,AUD RON,Spot,Forward price of underlying instrument,CASH,Cash,AUD,RON,USD,,,,,,,,,
1,Foreign_Exchange,Forward,NDF,UPI,QZWQT9TWBW2W,New,,2024-01-28 16:23:03,JFTXFC,NA/Fwd NDF AUD RON,AUD RON,Spot,Forward price of underlying instrument,CASH,Cash,AUD,RON,RON,,,,,,,,,
1,Foreign_Exchange,Forward,NDF,UPI,QZXHTJG2XM97,New,,2024-01-28 16:23:04,JFTXFC,NA/Fwd NDF AUD SAR,AUD SAR,Spot,Forward price of underlying instrument,CASH,Cash,AUD,SAR,JPY,,,,,,,,,
1,Foreign_Exchange,Forward,NDF,UPI,QZHHCPX54X5B,New,,2024-01-28 16:23:04,JFTXFC,NA/Fwd NDF AUD SAR,AUD SAR,Spot,Forward price of underlying instrument,CASH,Cash,AUD,SAR,EUR,,,,,,,,,
1,Foreign_Exchange,Forward,NDF,UPI,QZ8W7KVRLW8N,New,,2024-01-28 16:23:05,JFTXFC,NA/Fwd NDF AUD SEK,AUD SEK,Spot,Forward price of underlying instrument,CASH,Cash,AUD,SEK,JPY,,,,,,,,,
1,Foreign_Exchange,Forward,NDF,UPI,QZZ78G8P11P0,New,,2024-01-28 16:23:05,JFTXFC,NA/Fwd NDF AUD SEK,AUD SEK,Spot,Forward price of underlying instrument,CASH,Cash,AUD,SEK,EUR,,,,,,,,,
1,Foreign_Exchange,Forward,NDF,UPI,QZ9GX6L9651Q,New,,2024-01-28 16:23:05,JFTXFC,NA/Fwd NDF AUD SAR,AUD SAR,Spot,Forward price of underlying instrument,CASH,Cash,AUD,SAR,USD,,,,,,,,,
1,Foreign_Exchange,Forward,NDF,UPI,QZBRGH5RV2H5,New,,2024-01-28 16:23:06,JFTXFC,NA/Fwd NDF AUD SEK,AUD SEK,Spot,Forward price of underlying instrument,CASH,Cash,AUD,SEK,USD,,,,,,,,,
1,Foreign_Exchange,Forward,NDF,UPI,QZM33LTG8BW4,New,,2024-01-28 16:23:06,JFTXFC,NA/Fwd NDF AUD SGD,AUD SGD,Spot,Forward price of underlying instrument,CASH,Cash,AUD,SGD,EUR,,,,,,,,,
1,Foreign_Exchange,Forward,NDF,UPI,QZ7DLWVLDK60,New,,2024-01-28 16:23:07,JFTXFC,NA/Fwd NDF AUD SGD,AUD SGD,Spot,Forward price of underlying instrument,CASH,Cash,AUD,SGD,JPY,,,,,,,,,
1,Foreign_Exchange,Forward,NDF,UPI,QZ19KPDK8V88,New,,2024-01-28 16:23:07,JFTXFC,NA/Fwd NDF AUD THB,AUD THB,Spot,Forward price of underlying instrument,CASH,Cash,AUD,THB,EUR,,,,,,,,,
1,Foreign_Exchange,Forward,NDF,UPI,QZDKT42WSNWF,New,,2024-01-28 16:23:08,JFTXFC,NA/Fwd NDF AUD TRY,AUD TRY,Spot,Forward price of underlying instrument,CASH,Cash,AUD,TRY,AUD,,,,,,,,,
1,Foreign_Exchange,Forward,NDF,UPI,QZF946MGR2SQ,New,,2024-01-28 16:23:08,JFTXFC,NA/Fwd NDF AUD THB,AUD THB,Spot,Forward price of underlying instrument,CASH,Cash,AUD,THB,JPY,,,,,,,,,
1,Foreign_Exchange,Forward,NDF,UPI,QZK022MKL5R6,New,,2024-01-28 16:23:08,JFTXFC,NA/Fwd NDF AUD THB,AUD THB,Spot,Forward price of underlying instrument,CASH,Cash,AUD,THB,USD,,,,,,,,,
1,Foreign_Exchange,Forward,NDF,UPI,QZ41WK5CKJ17,New,,2024-01-28 16:23:09,JFTXFC,NA/Fwd NDF AUD TRY,AUD TRY,Spot,Forward price of underlying instrument,CASH,Cash,AUD,TRY,EUR,,,,,,,,,
1,Foreign_Exchange,Forward,NDF,UPI,QZ7WB96LNLNZ,New,,2024-01-28 16:23:09,JFTXFC,NA/Fwd NDF AUD TRY,AUD TRY,Spot,Forward price of underlying instrument,CASH,Cash,AUD,TRY,JPY,,,,,,,,,
1,Foreign_Exchange,Forward,NDF,UPI,QZVJXKH9FW7X,New,,2024-01-28 16:23:10,JFTXFC,NA/Fwd NDF AUD TRY,AUD TRY,Spot,Forward price of underlying instrument,CASH,Cash,AUD,TRY,USD,,,,,,,,,
1,Foreign_Exchange,Forward,NDF,UPI,QZQTR81ZT052,New,,2024-01-28 16:23:10,JFTXFC,NA/Fwd NDF AUD TRY,AUD TRY,Spot,Forward price of underlying instrument,CASH,Cash,AUD,TRY,TRY,,,,,,,,,
1,Foreign_Exchange,Forward,NDF,UPI,QZQRRK6XXDNW,New,,2024-01-28 16:23:10,JFTXFC,NA/Fwd NDF AUD TWD,AUD TWD,Spot,Forward price of underlying instrument,CASH,Cash,AUD,TWD,EUR,,,,,,,,,
1,Foreign_Exchange,Forward,NDF,UPI,QZR3K5XWH219,New,,2024-01-28 16:23:11,JFTXFC,NA/Fwd NDF AUD TWD,AUD TWD,Spot,Forward price of underlying instrument,CASH,Cash,AUD,TWD,JPY,,,,,,,,,
1,Foreign_Exchange,Forward,NDF,UPI,QZPCF0RXV4WB,New,,2024-01-28 16:23:11,JFTXFC,NA/Fwd NDF AUD USD,AUD USD,Spot,Forward price of underlying instrument,CASH,Cash,AUD,USD,JPY,,,,,,,,,
1,Foreign_Exchange,Forward,NDF,UPI,QZW2WFCBK5Q2,New,,2024-01-28 16:23:12,JFTXFC,NA/Fwd NDF AUD ZAR,AUD ZAR,Spot,Forward price of underlying instrument,CASH,Cash,AUD,ZAR,EUR,,,,,,,,,
1,Foreign_Exchange,Forward,NDF,UPI,QZ6T4SCTZBR8,New,,2024-01-28 16:23:12,JFTXFC,NA/Fwd NDF AUD ZAR,AUD ZAR,Spot,Forward price of underlying instrument,CASH,Cash,AUD,ZAR,JPY,,,,,,,,,
1,Foreign_Exchange,Forward,NDF,UPI,QZPPZH22SQ9L,New,,2024-01-28 16:23:13,JFTXFC,NA/Fwd NDF AUD ZAR,AUD ZAR,Spot,Forward price of underlying instrument,CASH,Cash,AUD,ZAR,USD,,,,,,,,,
1,Foreign_Exchange,Forward,NDF,UPI,QZKDXVGZK4P0,New,,2024-01-28 16:23:13,JFTXFC,NA/Fwd NDF BDT BRL,BDT BRL,Spot,Forward price of underlying instrument,CASH,Cash,BDT,BRL,BRL,,,,,,,,,
1,Foreign_Exchange,Forward,NDF,UPI,QZJ2HKPD5FLH,New,,2024-01-28 16:23:13,JFTXFC,NA/Fwd NDF BDT BRL,BDT BRL,Spot,Forward price of underlying instrument,CASH,Cash,BDT,BRL,BDT,,,,,,,,,
1,Foreign_Exchange,Forward,NDF,UPI,QZH2W5BK4LS8,New,,2024-01-28 16:23:14,JFTXFC,NA/Fwd NDF BDT CNY,BDT CNY,Spot,Forward price of underlying instrument,CASH,Cash,BDT,CNY,BDT,,,,,,,,,
1,Foreign_Exchange,Forward,NDF,UPI,QZ48FNV17Z4W,New,,2024-01-28 16:23:14,JFTXFC,NA/Fwd NDF BDT CNY,BDT CNY,Spot,Forward price of underlying instrument,CASH,Cash,BDT,CNY,CNY,,,,,,,,,
1,Foreign_Exchange,Forward,NDF,UPI,QZ952DDFRKDG,New,,2024-01-28 16:23:15,JFTXFC,NA/Fwd NDF BDT IDR,BDT IDR,Spot,Forward price of underlying instrument,CASH,Cash,BDT,IDR,BDT,,,,,,,,,
1,Foreign_Exchange,Forward,NDF,UPI,QZBHPQSVCM98,New,,2024-01-28 16:23:15,JFTXFC,NA/Fwd NDF BDT IDR,BDT IDR,Spot,Forward price of underlying instrument,CASH,Cash,BDT,IDR,IDR,,,,,,,,,
1,Foreign_Exchange,Forward,NDF,UPI,QZDR97D4N4DX,New,,2024-01-28 16:23:15,JFTXFC,NA/Fwd NDF BDT INR,BDT INR,Spot,Forward price of underlying instrument,CASH,Cash,BDT,INR,BDT,,,,,,,,,
1,Foreign_Exchange,Forward,NDF,UPI,QZ4SML2TKVBC,New,,2024-01-28 16:23:16,JFTXFC,NA/Fwd NDF BDT JPY,BDT JPY,Spot,Forward price of underlying instrument,CASH,Cash,BDT,JPY,EUR,,,,,,,,,
1,Foreign_Exchange,Forward,NDF,UPI,QZMFT5LHN0CF,New,,2024-01-28 16:23:16,JFTXFC,NA/Fwd NDF BDT INR,BDT INR,Spot,Forward price of underlying instrument,CASH,Cash,BDT,INR,INR,,,,,,,,,
1,Foreign_Exchange,Forward,NDF,UPI,QZ3CT2X11795,New,,2024-01-28 16:23:17,JFTXFC,NA/Fwd NDF BDT JPY,BDT JPY,Spot,Forward price of underlying instrument,CASH,Cash,BDT,JPY,JPY,,,,,,,,,
1,Foreign_Exchange,Forward,NDF,UPI,QZJ18G4T4PQR,New,,2024-01-28 16:23:17,JFTXFC,NA/Fwd NDF BDT JPY,BDT JPY,Spot,Forward price of underlying instrument,CASH,Cash,BDT,JPY,USD,,,,,,,,,
1,Foreign_Exchange,Forward,NDF,UPI,QZ17XKSCLW7P,New,,2024-01-28 16:23:18,JFTXFC,NA/Fwd NDF BDT PHP,BDT PHP,Spot,Forward price of underlying instrument,CASH,Cash,BDT,PHP,BDT,,,,,,,,,
1,Foreign_Exchange,Forward,NDF,UPI,QZW7MTJV2VWZ,New,,2024-01-28 16:23:18,JFTXFC,NA/Fwd NDF BDT KRW,BDT KRW,Spot,Forward price of underlying instrument,CASH,Cash,BDT,KRW,KRW,,,,,,,,,
1,Foreign_Exchange,Forward,NDF,UPI,QZ2ZMXFB4F0L,New,,2024-01-28 16:23:18,JFTXFC,NA/Fwd NDF BDT KRW,BDT KRW,Spot,Forward price of underlying instrument,CASH,Cash,BDT,KRW,BDT,,,,,,,,,
1,Foreign_Exchange,Forward,NDF,UPI,QZXN8ZLLD934,New,,2024-01-28 16:23:19,JFTXFC,NA/Fwd NDF BDT PHP,BDT PHP,Spot,Forward price of underlying instrument,CASH,Cash,BDT,PHP,PHP,,,,,,,,,
1,Foreign_Exchange,Forward,NDF,UPI,QZ4SVV11G02B,New,,2024-01-28 16:23:19,JFTXFC,NA/Fwd NDF BDT PKR,BDT PKR,Spot,Forward price of underlying instrument,CASH,Cash,BDT,PKR,BDT,,,,,,,,,
1,Foreign_Exchange,Forward,NDF,UPI,QZKW5HXZ4N3G,New,,2024-01-28 16:23:20,JFTXFC,NA/Fwd NDF BDT SGD,BDT SGD,Spot,Forward price of underlying instrument,CASH,Cash,BDT,SGD,EUR,,,,,,,,,
1,Foreign_Exchange,Forward,NDF,UPI,QZCVC9BLKHZP,New,,2024-01-28 16:23:20,JFTXFC,NA/Fwd NDF BDT PKR,BDT PKR,Spot,Forward price of underlying instrument,CASH,Cash,BDT,PKR,PKR,,,,,,,,,
1,Foreign_Exchange,Forward,NDF,UPI,QZSKQ6FD6JW9,New,,2024-01-28 16:23:20,JFTXFC,NA/Fwd NDF BDT SGD,BDT SGD,Spot,Forward price of underlying instrument,CASH,Cash,BDT,SGD,BDT,,,,,,,,,
1,Foreign_Exchange,Forward,NDF,UPI,QZL7HL5DJB0H,New,,2024-01-28 16:23:21,JFTXFC,NA/Fwd NDF BDT SGD,BDT SGD,Spot,Forward price of underlying instrument,CASH,Cash,BDT,SGD,JPY,,,,,,,,,
1,Foreign_Exchange,Forward,NDF,UPI,QZ8TD8ZZVDZ9,New,,2024-01-28 16:23:21,JFTXFC,NA/Fwd NDF BDT SGD,BDT SGD,Spot,Forward price of underlying instrument,CASH,Cash,BDT,SGD,SGD,,,,,,,,,
1,Foreign_Exchange,Forward,NDF,UPI,QZRF755JL65H,New,,2024-01-28 16:23:22,JFTXFC,NA/Fwd NDF BDT SGD,BDT SGD,Spot,Forward price of underlying instrument,CASH,Cash,BDT,SGD,USD,,,,,,,,,
1,Foreign_Exchange,Forward,NDF,UPI,QZSW9K6PCXGK,New,,2024-01-28 16:23:22,JFTXFC,NA/Fwd NDF BDT THB,BDT THB,Spot,Forward price of underlying instrument,CASH,Cash,BDT,THB,BDT,,,,,,,,,
1,Foreign_Exchange,Forward,NDF,UPI,QZ7KNGD3W18P,New,,2024-01-28 16:23:22,JFTXFC,NA/Fwd NDF BDT THB,BDT THB,Spot,Forward price of underlying instrument,CASH,Cash,BDT,THB,EUR,,,,,,,,,
1,Foreign_Exchange,Forward,NDF,UPI,QZ4H2KK7LMDP,New,,2024-01-28 16:23:23,JFTXFC,NA/Fwd NDF BDT THB,BDT THB,Spot,Forward price of underlying instrument,CASH,Cash,BDT,THB,THB,,,,,,,,,
1,Foreign_Exchange,Forward,NDF,UPI,QZC7JG3WW74Q,New,,2024-01-28 16:23:23,JFTXFC,NA/Fwd NDF BDT THB,BDT THB,Spot,Forward price of underlying instrument,CASH,Cash,BDT,THB,JPY,,,,,,,,,
1,Foreign_Exchange,Forward,NDF,UPI,QZZF3XS1VJRM,New,,2024-01-28 16:23:24,JFTXFC,NA/Fwd NDF BDT THB,BDT THB,Spot,Forward price of underlying instrument,CASH,Cash,BDT,THB,USD,,,,,,,,,
1,Foreign_Exchange,Forward,NDF,UPI,QZ503WFJG8WQ,New,,2024-01-28 16:23:24,JFTXFC,NA/Fwd NDF BDT TWD,BDT TWD,Spot,Forward price of underlying instrument,CASH,Cash,BDT,TWD,BDT,,,,,,,,,
1,Foreign_Exchange,Forward,NDF,UPI,QZP5W0VJGPNS,New,,2024-01-28 16:23:25,JFTXFC,NA/Fwd NDF BDT USD,BDT USD,Spot,Forward price of underlying instrument,CASH,Cash,BDT,USD,EUR,,,,,,,,,
1,Foreign_Exchange,Forward,NDF,UPI,QZXJCSQV90WK,New,,2024-01-28 16:23:25,JFTXFC,NA/Fwd NDF BDT TWD,BDT TWD,Spot,Forward price of underlying instrument,CASH,Cash,BDT,TWD,TWD,,,,,,,,,
1,Foreign_Exchange,Forward,NDF,UPI,QZSPNJXZP70C,New,,2024-01-28 16:23:25,JFTXFC,NA/Fwd NDF BDT USD,BDT USD,Spot,Forward price of underlying instrument,CASH,Cash,BDT,USD,JPY,,,,,,,,,
1,Foreign_Exchange,Forward,NDF,UPI,QZ9BH4D8XPD2,New,,2024-01-28 16:23:26,JFTXFC,NA/Fwd NDF BHD BRL,BHD BRL,Spot,Forward price of underlying instrument,CASH,Cash,BHD,BRL,BHD,,,,,,,,,
1,Foreign_Exchange,Forward,NDF,UPI,QZNWT6BD8S3R,New,,2024-01-28 16:23:26,JFTXFC,NA/Fwd NDF BHD BRL,BHD BRL,Spot,Forward price of underlying instrument,CASH,Cash,BHD,BRL,BRL,,,,,,,,,
1,Foreign_Exchange,Forward,NDF,UPI,QZ5Q53XV4KJ4,New,,2024-01-28 16:23:27,JFTXFC,NA/Fwd NDF BHD CAD,BHD CAD,Spot,Forward price of underlying instrument,CASH,Cash,BHD,CAD,CAD,,,,,,,,,
1,Foreign_Exchange,Forward,NDF,UPI,QZ5TXCFZGWND,New,,2024-01-28 16:23:27,JFTXFC,NA/Fwd NDF BHD CHF,BHD CHF,Spot,Forward price of underlying instrument,CASH,Cash,BHD,CHF,BHD,,,,,,,,,
1,Foreign_Exchange,Forward,NDF,UPI,QZQ88P2T6813,New,,2024-01-28 16:23:27,JFTXFC,NA/Fwd NDF BHD CAD,BHD CAD,Spot,Forward price of underlying instrument,CASH,Cash,BHD,CAD,BHD,,,,,,,,,
1,Foreign_Exchange,Forward,NDF,UPI,QZJXCL84GPN6,New,,2024-01-28 16:23:28,JFTXFC,NA/Fwd NDF BHD CHF,BHD CHF,Spot,Forward price of underlying instrument,CASH,Cash,BHD,CHF,CHF,,,,,,,,,
1,Foreign_Exchange,Forward,NDF,UPI,QZ1L9VTQKM99,New,,2024-01-28 16:23:28,JFTXFC,NA/Fwd NDF BHD CLP,BHD CLP,Spot,Forward price of underlying instrument,CASH,Cash,BHD,CLP,BHD,,,,,,,,,
1,Foreign_Exchange,Forward,NDF,UPI,QZZZ4Q1Z150X,New,,2024-01-28 16:23:29,JFTXFC,NA/Fwd NDF BHD CLP,BHD CLP,Spot,Forward price of underlying instrument,CASH,Cash,BHD,CLP,CLP,,,,,,,,,
1,Foreign_Exchange,Forward,NDF,UPI,QZT0KNVPHQK7,New,,2024-01-28 16:23:29,JFTXFC,NA/Fwd NDF BHD COP,BHD COP,Spot,Forward price of underlying instrument,CASH,Cash,BHD,COP,BHD,,,,,,,,,
1,Foreign_Exchange,Forward,NDF,UPI,QZXQ2P66LRRF,New,,2024-01-28 16:23:30,JFTXFC,NA/Fwd NDF BHD CZK,BHD CZK,Spot,Forward price of underlying instrument,CASH,Cash,BHD,CZK,BHD,,,,,,,,,
1,Foreign_Exchange,Forward,NDF,UPI,QZPF6P7GX7H2,New,,2024-01-28 16:23:30,JFTXFC,NA/Fwd NDF BHD CZK,BHD CZK,Spot,Forward price of underlying instrument,CASH,Cash,BHD,CZK,CZK,,,,,,,,,
1,Foreign_Exchange,Forward,NDF,UPI,QZ4Q5HRSC485,New,,2024-01-28 16:23:30,JFTXFC,NA/Fwd NDF BHD COP,BHD COP,Spot,Forward price of underlying instrument,CASH,Cash,BHD,COP,COP,,,,,,,,,
1,Foreign_Exchange,Forward,NDF,UPI,QZT62DVPVGLD,New,,2024-01-28 16:23:31,JFTXFC,NA/Fwd NDF BHD DKK,BHD DKK,Spot,Forward price of underlying instrument,CASH,Cash,BHD,DKK,BHD,,,,,,,,,
1,Foreign_Exchange,Forward,NDF,UPI,QZ60T10T412D,New,,2024-01-28 16:23:31,JFTXFC,NA/Fwd NDF BHD DKK,BHD DKK,Spot,Forward price of underlying instrument,CASH,Cash,BHD,DKK,DKK,,,,,,,,,
1,Foreign_Exchange,Forward,NDF,UPI,QZ2SLL3679RP,New,,2024-01-28 16:23:32,JFTXFC,NA/Fwd NDF BHD HUF,BHD HUF,Spot,Forward price of underlying instrument,CASH,Cash,BHD,HUF,HUF,,,,,,,,,
1,Foreign_Exchange,Forward,NDF,UPI,QZ313Q84WXXS,New,,2024-01-28 16:23:32,JFTXFC,NA/Fwd NDF BHD HUF,BHD HUF,Spot,Forward price of underlying instrument,CASH,Cash,BHD,HUF,BHD,,,,,,,,,
1,Foreign_Exchange,Forward,NDF,UPI,QZCGJVJJHGCG,New,,2024-01-28 16:23:33,JFTXFC,NA/Fwd NDF BHD IDR,BHD IDR,Spot,Forward price of underlying instrument,CASH,Cash,BHD,IDR,BHD,,,,,,,,,
1,Foreign_Exchange,Forward,NDF,UPI,QZ5D6C0F3NHJ,New,,2024-01-28 16:23:33,JFTXFC,NA/Fwd NDF BHD IDR,BHD IDR,Spot,Forward price of underlying instrument,CASH,Cash,BHD,IDR,IDR,,,,,,,,,
1,Foreign_Exchange,Forward,NDF,UPI,QZKC15NT1CKW,New,,2024-01-28 16:23:33,JFTXFC,NA/Fwd NDF BHD ILS,BHD ILS,Spot,Forward price of underlying instrument,CASH,Cash,BHD,ILS,BHD,,,,,,,,,
1,Foreign_Exchange,Forward,NDF,UPI,QZLHPQT4DQ4M,New,,2024-01-28 16:23:34,JFTXFC,NA/Fwd NDF BHD INR,BHD INR,Spot,Forward price of underlying instrument,CASH,Cash,BHD,INR,INR,,,,,,,,,
1,Foreign_Exchange,Forward,NDF,UPI,QZ24KXF28P9D,New,,2024-01-28 16:23:34,JFTXFC,NA/Fwd NDF BHD ILS,BHD ILS,Spot,Forward price of underlying instrument,CASH,Cash,BHD,ILS,ILS,,,,,,,,,
1,Foreign_Exchange,Forward,NDF,UPI,QZGSSK5Z9QG3,New,,2024-01-28 16:23:35,JFTXFC,NA/Fwd NDF BHD JPY,BHD JPY,Spot,Forward price of underlying instrument,CASH,Cash,BHD,JPY,EUR,,,,,,,,,
1,Foreign_Exchange,Forward,NDF,UPI,QZ8JLC6LLS0W,New,,2024-01-28 16:23:35,JFTXFC,NA/Fwd NDF BHD JPY,BHD JPY,Spot,Forward price of underlying instrument,CASH,Cash,BHD,JPY,BHD,,,,,,,,,
1,Foreign_Exchange,Forward,NDF,UPI,QZ9CN6HKH76G,New,,2024-01-28 16:23:35,JFTXFC,NA/Fwd NDF BHD JPY,BHD JPY,Spot,Forward price of underlying instrument,CASH,Cash,BHD,JPY,JPY,,,,,,,,,
1,Foreign_Exchange,Forward,NDF,UPI,QZPCTD159RLR,New,,2024-01-28 16:23:36,JFTXFC,NA/Fwd NDF BHD KRW,BHD KRW,Spot,Forward price of underlying instrument,CASH,Cash,BHD,KRW,BHD,,,,,,,,,
1,Foreign_Exchange,Forward,NDF,UPI,QZR3KBBRBTHW,New,,2024-01-28 16:23:36,JFTXFC,NA/Fwd NDF BHD JPY,BHD JPY,Spot,Forward price of underlying instrument,CASH,Cash,BHD,JPY,USD,,,,,,,,,
1,Foreign_Exchange,Forward,NDF,UPI,QZ643MVRT697,New,,2024-01-28 16:23:37,JFTXFC,NA/Fwd NDF BHD KWD,BHD KWD,Spot,Forward price of underlying instrument,CASH,Cash,BHD,KWD,BHD,,,,,,,,,
1,Foreign_Exchange,Forward,NDF,UPI,QZ5DSX4LVJD9,New,,2024-01-28 16:23:37,JFTXFC,NA/Fwd NDF BHD KRW,BHD KRW,Spot,Forward price of underlying instrument,CASH,Cash,BHD,KRW,KRW,,,,,,,,,
1,Foreign_Exchange,Forward,NDF,UPI,QZCLKSRT51ZB,New,,2024-01-28 16:23:38,JFTXFC,NA/Fwd NDF BHD KZT,BHD KZT,Spot,Forward price of underlying instrument,CASH,Cash,BHD,KZT,KZT,,,,,,,,,
1,Foreign_Exchange,Forward,NDF,UPI,QZ67NBW2523F,New,,2024-01-28 16:23:38,JFTXFC,NA/Fwd NDF BHD KWD,BHD KWD,Spot,Forward price of underlying instrument,CASH,Cash,BHD,KWD,KWD,,,,,,,,,
1,Foreign_Exchange,Forward,NDF,UPI,QZ452TWNJH2G,New,,2024-01-28 16:23:38,JFTXFC,NA/Fwd NDF BHD KZT,BHD KZT,Spot,Forward price of underlying instrument,CASH,Cash,BHD,KZT,BHD,,,,,,,,,
1,Foreign_Exchange,Forward,NDF,UPI,QZSDTMG6N9NN,New,,2024-01-28 16:23:39,JFTXFC,NA/Fwd NDF BHD MAD,BHD MAD,Spot,Forward price of underlying instrument,CASH,Cash,BHD,MAD,BHD,,,,,,,,,
1,Foreign_Exchange,Forward,NDF,UPI,QZCXCFBR6VV6,New,,2024-01-28 16:23:39,JFTXFC,NA/Fwd NDF BHD MAD,BHD MAD,Spot,Forward price of underlying instrument,CASH,Cash,BHD,MAD,MAD,,,,,,,,,
1,Foreign_Exchange,Forward,NDF,UPI,QZ7JJSWHS8DS,New,,2024-01-28 16:23:40,JFTXFC,NA/Fwd NDF BHD MXN,BHD MXN,Spot,Forward price of underlying instrument,CASH,Cash,BHD,MXN,BHD,,,,,,,,,
1,Foreign_Exchange,Forward,NDF,UPI,QZRNSR397BNV,New,,2024-01-28 16:23:40,JFTXFC,NA/Fwd NDF BHD MXN,BHD MXN,Spot,Forward price of underlying instrument,CASH,Cash,BHD,MXN,MXN,,,,,,,,,
1,Foreign_Exchange,Forward,NDF,UPI,QZ4XR0JK5HCK,New,,2024-01-28 16:23:41,JFTXFC,NA/Fwd NDF BHD NOK,BHD NOK,Spot,Forward price of underlying instrument,CASH,Cash,BHD,NOK,BHD,,,,,,,,,
1,Foreign_Exchange,Forward,NDF,UPI,QZ2PNL8RLFHN,New,,2024-01-28 16:23:41,JFTXFC,NA/Fwd NDF BHD MYR,BHD MYR,Spot,Forward price of underlying instrument,CASH,Cash,BHD,MYR,MYR,,,,,,,,,
1,Foreign_Exchange,Forward,NDF,UPI,QZXV8B9S39V4,New,,2024-01-28 16:23:41,JFTXFC,NA/Fwd NDF BHD MYR,BHD MYR,Spot,Forward price of underlying instrument,CASH,Cash,BHD,MYR,BHD,,,,,,,,,
1,Foreign_Exchange,Forward,NDF,UPI,QZC4NP3TBKDZ,New,,2024-01-28 16:23:42,JFTXFC,NA/Fwd NDF BHD NOK,BHD NOK,Spot,Forward price of underlying instrument,CASH,Cash,BHD,NOK,NOK,,,,,,,,,
1,Foreign_Exchange,Forward,NDF,UPI,QZF9KFLDQRW9,New,,2024-01-28 16:23:42,JFTXFC,NA/Fwd NDF BHD NZD,BHD NZD,Spot,Forward price of underlying instrument,CASH,Cash,BHD,NZD,BHD,,,,,,,,,
1,Foreign_Exchange,Forward,NDF,UPI,QZ61LV0G74NQ,New,,2024-01-28 16:23:43,JFTXFC,NA/Fwd NDF BHD NZD,BHD NZD,Spot,Forward price of underlying instrument,CASH,Cash,BHD,NZD,NZD,,,,,,,,,
1,Foreign_Exchange,Forward,NDF,UPI,QZF5Q7XGSFCK,New,,2024-01-28 16:23:43,JFTXFC,NA/Fwd NDF BHD PEN,BHD PEN,Spot,Forward price of underlying instrument,CASH,Cash,BHD,PEN,BHD,,,,,,,,,
1,Foreign_Exchange,Forward,NDF,UPI,QZ2HW78L9PLT,New,,2024-01-28 16:23:44,JFTXFC,NA/Fwd NDF BHD PHP,BHD PHP,Spot,Forward price of underlying instrument,CASH,Cash,BHD,PHP,PHP,,,,,,,,,
1,Foreign_Exchange,Forward,NDF,UPI,QZ5R1RWGXXD1,New,,2024-01-28 16:23:44,JFTXFC,NA/Fwd NDF BHD PEN,BHD PEN,Spot,Forward price of underlying instrument,CASH,Cash,BHD,PEN,PEN,,,,,,,,,
1,Foreign_Exchange,Forward,NDF,UPI,QZHX3RLDPFNJ,New,,2024-01-28 16:23:44,JFTXFC,NA/Fwd NDF BHD PHP,BHD PHP,Spot,Forward price of underlying instrument,CASH,Cash,BHD,PHP,BHD,,,,,,,,,
1,Foreign_Exchange,Forward,NDF,UPI,QZXJ7573J3FP,New,,2024-01-28 16:23:45,JFTXFC,NA/Fwd NDF BHD PLN,BHD PLN,Spot,Forward price of underlying instrument,CASH,Cash,BHD,PLN,BHD,,,,,,,,,
1,Foreign_Exchange,Forward,NDF,UPI,QZT9BGV9TRTM,New,,2024-01-28 16:23:45,JFTXFC,NA/Fwd NDF BHD PLN,BHD PLN,Spot,Forward price of underlying instrument,CASH,Cash,BHD,PLN,PLN,,,,,,,,,
1,Foreign_Exchange,Forward,NDF,UPI,QZ73VQB0VCD8,New,,2024-01-28 16:23:46,JFTXFC,NA/Fwd NDF BHD SEK,BHD SEK,Spot,Forward price of underlying instrument,CASH,Cash,BHD,SEK,BHD,,,,,,,,,
1,Foreign_Exchange,Forward,NDF,UPI,QZR1BKK3SD20,New,,2024-01-28 16:23:46,JFTXFC,NA/Fwd NDF BHD SEK,BHD SEK,Spot,Forward price of underlying instrument,CASH,Cash,BHD,SEK,SEK,,,,,,,,,
1,Foreign_Exchange,Forward,NDF,UPI,QZMBZTZ1TC17,New,,2024-01-28 16:23:47,JFTXFC,NA/Fwd NDF BHD SGD,BHD SGD,Spot,Forward price of underlying instrument,CASH,Cash,BHD,SGD,EUR,,,,,,,,,
1,Foreign_Exchange,Forward,NDF,UPI,QZLJXMBZ6H4X,New,,2024-01-28 16:23:47,JFTXFC,NA/Fwd NDF BHD SGD,BHD SGD,Spot,Forward price of underlying instrument,CASH,Cash,BHD,SGD,JPY,,,,,,,,,
1,Foreign_Exchange,Forward,NDF,UPI,QZNWLBB5M7CN,New,,2024-01-28 16:23:47,JFTXFC,NA/Fwd NDF BHD SGD,BHD SGD,Spot,Forward price of underlying instrument,CASH,Cash,BHD,SGD,BHD,,,,,,,,,
1,Foreign_Exchange,Forward,NDF,UPI,QZKGBSDTRJ0M,New,,2024-01-28 16:23:48,JFTXFC,NA/Fwd NDF BHD SGD,BHD SGD,Spot,Forward price of underlying instrument,CASH,Cash,BHD,SGD,SGD,,,,,,,,,
1,Foreign_Exchange,Forward,NDF,UPI,QZFFRJDD4P0Z,New,,2024-01-28 16:23:48,JFTXFC,NA/Fwd NDF BHD SGD,BHD SGD,Spot,Forward price of underlying instrument,CASH,Cash,BHD,SGD,USD,,,,,,,,,
1,Foreign_Exchange,Forward,NDF,UPI,QZBZC6T4XHKG,New,,2024-01-28 16:23:49,JFTXFC,NA/Fwd NDF BHD USD,BHD USD,Spot,Forward price of underlying instrument,CASH,Cash,BHD,USD,EUR,,,,,,,,,
1,Foreign_Exchange,Forward,NDF,UPI,QZV3S42T4R4K,New,,2024-01-28 16:23:49,JFTXFC,NA/Fwd NDF BHD USD,BHD USD,Spot,Forward price of underlying instrument,CASH,Cash,BHD,USD,JPY,,,,,,,,,
1,Foreign_Exchange,Forward,NDF,UPI,QZ010Z1PS5GH,New,,2024-01-28 16:23:50,JFTXFC,NA/Fwd NDF BND CNY,BND CNY,Spot,Forward price of underlying instrument,CASH,Cash,BND,CNY,BND,,,,,,,,,
1,Foreign_Exchange,Forward,NDF,UPI,QZGK8NKJJ4Z6,New,,2024-01-28 16:23:50,JFTXFC,NA/Fwd NDF BND BRL,BND BRL,Spot,Forward price of underlying instrument,CASH,Cash,BND,BRL,BND,,,,,,,,,
1,Foreign_Exchange,Forward,NDF,UPI,QZ9VGNP3QH16,New,,2024-01-28 16:23:50,JFTXFC,NA/Fwd NDF BND BRL,BND BRL,Spot,Forward price of underlying instrument,CASH,Cash,BND,BRL,BRL,,,,,,,,,
1,Foreign_Exchange,Forward,NDF,UPI,QZW20T9ZN2XX,New,,2024-01-28 16:23:51,JFTXFC,NA/Fwd NDF BND CNY,BND CNY,Spot,Forward price of underlying instrument,CASH,Cash,BND,CNY,CNY,,,,,,,,,
1,Foreign_Exchange,Forward,NDF,UPI,QZZTD0S737JK,New,,2024-01-28 16:23:51,JFTXFC,NA/Fwd NDF BND IDR,BND IDR,Spot,Forward price of underlying instrument,CASH,Cash,BND,IDR,BND,,,,,,,,,
1,Foreign_Exchange,Forward,NDF,UPI,QZZ65XRGLS9H,New,,2024-01-28 16:23:52,JFTXFC,NA/Fwd NDF BND IDR,BND IDR,Spot,Forward price of underlying instrument,CASH,Cash,BND,IDR,IDR,,,,,,,,,
1,Foreign_Exchange,Forward,NDF,UPI,QZKFB9JR776Q,New,,2024-01-28 16:23:52,JFTXFC,NA/Fwd NDF BND INR,BND INR,Spot,Forward price of underlying instrument,CASH,Cash,BND,INR,BND,,,,,,,,,
1,Foreign_Exchange,Forward,NDF,UPI,QZ363NDVTZ3P,New,,2024-01-28 16:23:53,JFTXFC,NA/Fwd NDF BND JPY,BND JPY,Spot,Forward price of underlying instrument,CASH,Cash,BND,JPY,EUR,,,,,,,,,
1,Foreign_Exchange,Forward,NDF,UPI,QZ7J5KWTWXR0,New,,2024-01-28 16:23:53,JFTXFC,NA/Fwd NDF BND INR,BND INR,Spot,Forward price of underlying instrument,CASH,Cash,BND,INR,INR,,,,,,,,,
1,Foreign_Exchange,Forward,NDF,UPI,QZMK3MDHT7P9,New,,2024-01-28 16:23:53,JFTXFC,NA/Fwd NDF BND JPY,BND JPY,Spot,Forward price of underlying instrument,CASH,Cash,BND,JPY,BND,,,,,,,,,
1,Foreign_Exchange,Forward,NDF,UPI,QZLF1J4WT81L,New,,2024-01-28 16:23:54,JFTXFC,NA/Fwd NDF BND JPY,BND JPY,Spot,Forward price of underlying instrument,CASH,Cash,BND,JPY,USD,,,,,,,,,
1,Foreign_Exchange,Forward,NDF,UPI,QZ5SVB7RK5CV,New,,2024-01-28 16:23:54,JFTXFC,NA/Fwd NDF BND JPY,BND JPY,Spot,Forward price of underlying instrument,CASH,Cash,BND,JPY,JPY,,,,,,,,,
1,Foreign_Exchange,Forward,NDF,UPI,QZP4LX43L4DX,New,,2024-01-28 16:23:55,JFTXFC,NA/Fwd NDF BND KRW,BND KRW,Spot,Forward price of underlying instrument,CASH,Cash,BND,KRW,KRW,,,,,,,,,
1,Foreign_Exchange,Forward,NDF,UPI,QZLW44FV4XR4,New,,2024-01-28 16:23:55,JFTXFC,NA/Fwd NDF BND KRW,BND KRW,Spot,Forward price of underlying instrument,CASH,Cash,BND,KRW,BND,,,,,,,,,
1,Foreign_Exchange,Forward,NDF,UPI,QZRDW8LG6SSR,New,,2024-01-28 16:23:56,JFTXFC,NA/Fwd NDF BND PHP,BND PHP,Spot,Forward price of underlying instrument,CASH,Cash,BND,PHP,PHP,,,,,,,,,
1,Foreign_Exchange,Forward,NDF,UPI,QZQDGD0C0LZT,New,,2024-01-28 16:23:56,JFTXFC,NA/Fwd NDF BND PKR,BND PKR,Spot,Forward price of underlying instrument,CASH,Cash,BND,PKR,BND,,,,,,,,,
1,Foreign_Exchange,Forward,NDF,UPI,QZZPZFRZH65G,New,,2024-01-28 16:23:56,JFTXFC,NA/Fwd NDF BND PHP,BND PHP,Spot,Forward price of underlying instrument,CASH,Cash,BND,PHP,BND,,,,,,,,,
1,Foreign_Exchange,Forward,NDF,UPI,QZPH01Z7S248,New,,2024-01-28 16:23:57,JFTXFC,NA/Fwd NDF BND PKR,BND PKR,Spot,Forward price of underlying instrument,CASH,Cash,BND,PKR,PKR,,,,,,,,,
1,Foreign_Exchange,Forward,NDF,UPI,QZZJCZVM7N4F,New,,2024-01-28 16:23:57,JFTXFC,NA/Fwd NDF BND SGD,BND SGD,Spot,Forward price of underlying instrument,CASH,Cash,BND,SGD,BND,,,,,,,,,
1,Foreign_Exchange,Forward,NDF,UPI,QZ7J856220CF,New,,2024-01-28 16:23:58,JFTXFC,NA/Fwd NDF BND SGD,BND SGD,Spot,Forward price of underlying instrument,CASH,Cash,BND,SGD,EUR,,,,,,,,,
1,Foreign_Exchange,Forward,NDF,UPI,QZZ0QZ17QGMF,New,,2024-01-28 16:23:58,JFTXFC,NA/Fwd NDF BND SGD,BND SGD,Spot,Forward price of underlying instrument,CASH,Cash,BND,SGD,JPY,,,,,,,,,
1,Foreign_Exchange,Forward,NDF,UPI,QZ2DC8M96PTF,New,,2024-01-28 16:23:59,JFTXFC,NA/Fwd NDF BND SGD,BND SGD,Spot,Forward price of underlying instrument,CASH,Cash,BND,SGD,SGD,,,,,,,,,
1,Foreign_Exchange,Forward,NDF,UPI,QZRS7ZL37XPT,New,,2024-01-28 16:23:59,JFTXFC,NA/Fwd NDF BND SGD,BND SGD,Spot,Forward price of underlying instrument,CASH,Cash,BND,SGD,USD,,,,,,,,,
1,Foreign_Exchange,Forward,NDF,UPI,QZ8KLKZS8QL0,New,,2024-01-28 16:23:59,JFTXFC,NA/Fwd NDF BND TWD,BND TWD,Spot,Forward price of underlying instrument,CASH,Cash,BND,TWD,BND,,,,,,,,,
1,Foreign_Exchange,Forward,NDF,UPI,QZSVGK5MHZ35,New,,2024-01-28 16:24:00,JFTXFC,NA/Fwd NDF BND TWD,BND TWD,Spot,Forward price of underlying instrument,CASH,Cash,BND,TWD,TWD,,,,,,,,,
1,Foreign_Exchange,Forward,NDF,UPI,QZ84KPHKCDZ4,New,,2024-01-28 16:24:00,JFTXFC,NA/Fwd NDF BND USD,BND USD,Spot,Forward price of underlying instrument,CASH,Cash,BND,USD,EUR,,,,,,,,,
1,Foreign_Exchange,Forward,NDF,UPI,QZ66SBKPH8NP,New,,2024-01-28 16:24:01,JFTXFC,NA/Fwd NDF BND USD,BND USD,Spot,Forward price of underlying instrument,CASH,Cash,BND,USD,JPY,,,,,,,,,
1,Foreign_Exchange,Forward,NDF,UPI,QZZXK29FHT3R,New,,2024-01-28 16:24:01,JFTXFC,NA/Fwd NDF BRL CZK,BRL CZK,Spot,Forward price of underlying instrument,CASH,Cash,BRL,CZK,BRL,,,,,,,,,
1,Foreign_Exchange,Forward,NDF,UPI,QZT2HSB4ZFX7,New,,2024-01-28 16:24:02,JFTXFC,NA/Fwd NDF BRL KWD,BRL KWD,Spot,Forward price of underlying instrument,CASH,Cash,BRL,KWD,BRL,,,,,,,,,
1,Foreign_Exchange,Forward,NDF,UPI,QZFDN67CCBWZ,New,,2024-01-28 16:24:02,JFTXFC,NA/Fwd NDF BRL DZD,BRL DZD,Spot,Forward price of underlying instrument,CASH,Cash,BRL,DZD,DZD,,,,,,,,,
1,Foreign_Exchange,Forward,NDF,UPI,QZS3P3QQS1S6,New,,2024-01-28 16:24:02,JFTXFC,NA/Fwd NDF BRL DZD,BRL DZD,Spot,Forward price of underlying instrument,CASH,Cash,BRL,DZD,BRL,,,,,,,,,
1,Foreign_Exchange,Forward,NDF,UPI,QZH8HGQ77KWJ,New,,2024-01-28 16:24:03,JFTXFC,NA/Fwd NDF BRL KWD,BRL KWD,Spot,Forward price of underlying instrument,CASH,Cash,BRL,KWD,KWD,,,,,,,,,
1,Foreign_Exchange,Forward,NDF,UPI,QZ2P15G2QG42,New,,2024-01-28 16:24:03,JFTXFC,NA/Fwd NDF BRL LAK,BRL LAK,Spot,Forward price of underlying instrument,CASH,Cash,BRL,LAK,BRL,,,,,,,,,
1,Foreign_Exchange,Forward,NDF,UPI,QZ3TT83NV96H,New,,2024-01-28 16:24:04,JFTXFC,NA/Fwd NDF BRL LAK,BRL LAK,Spot,Forward price of underlying instrument,CASH,Cash,BRL,LAK,LAK,,,,,,,,,
1,Foreign_Exchange,Forward,NDF,UPI,QZV3L56GPXHH,New,,2024-01-28 16:24:04,JFTXFC,NA/Fwd NDF BRL LKR,BRL LKR,Spot,Forward price of underlying instrument,CASH,Cash,BRL,LKR,BRL,,,,,,,,,
1,Foreign_Exchange,Forward,NDF,UPI,QZGQR9D8KWCZ,New,,2024-01-28 16:24:05,JFTXFC,NA/Fwd NDF BRL LKR,BRL LKR,Spot,Forward price of underlying instrument,CASH,Cash,BRL,LKR,LKR,,,,,,,,,
1,Foreign_Exchange,Forward,NDF,UPI,QZ8NN4GR9NZ9,New,,2024-01-28 16:24:05,JFTXFC,NA/Fwd NDF BRL MAD,BRL MAD,Spot,Forward price of underlying instrument,CASH,Cash,BRL,MAD,BRL,,,,,,,,,
1,Foreign_Exchange,Forward,NDF,UPI,QZ5GLM79M4LL,New,,2024-01-28 16:24:05,JFTXFC,NA/Fwd NDF BRL MAD,BRL MAD,Spot,Forward price of underlying instrument,CASH,Cash,BRL,MAD,MAD,,,,,,,,,
1,Foreign_Exchange,Forward,NDF,UPI,QZLM41VTGVCQ,New,,2024-01-28 16:24:06,JFTXFC,NA/Fwd NDF BRL MMK,BRL MMK,Spot,Forward price of underlying instrument,CASH,Cash,BRL,MMK,MMK,,,,,,,,,
1,Foreign_Exchange,Forward,NDF,UPI,QZB29GXDDC2J,New,,2024-01-28 16:24:06,JFTXFC,NA/Fwd NDF BRL MMK,BRL MMK,Spot,Forward price of underlying instrument,CASH,Cash,BRL,MMK,BRL,,,,,,,,,
1,Foreign_Exchange,Forward,NDF,UPI,QZQLZS2R49R9,New,,2024-01-28 16:24:07,JFTXFC,NA/Fwd NDF BRL MNT,BRL MNT,Spot,Forward price of underlying instrument,CASH,Cash,BRL,MNT,MNT,,,,,,,,,
1,Foreign_Exchange,Forward,NDF,UPI,QZQV748G4PX4,New,,2024-01-28 16:24:07,JFTXFC,NA/Fwd NDF BRL MNT,BRL MNT,Spot,Forward price of underlying instrument,CASH,Cash,BRL,MNT,BRL,,,,,,,,,
1,Foreign_Exchange,Forward,NDF,UPI,QZRB4WRCLT5S,New,,2024-01-28 16:24:08,JFTXFC,NA/Fwd NDF BRL MOP,BRL MOP,Spot,Forward price of underlying instrument,CASH,Cash,BRL,MOP,MOP,,,,,,,,,
1,Foreign_Exchange,Forward,NDF,UPI,QZ6BWS690K0F,New,,2024-01-28 16:24:08,JFTXFC,NA/Fwd NDF BRL MOP,BRL MOP,Spot,Forward price of underlying instrument,CASH,Cash,BRL,MOP,BRL,,,,,,,,,
1,Foreign_Exchange,Forward,NDF,UPI,QZ32T82XCRKC,New,,2024-01-28 16:24:08,JFTXFC,NA/Fwd NDF BRL MYR,BRL MYR,Spot,Forward price of underlying instrument,CASH,Cash,BRL,MYR,BRL,,,,,,,,,
1,Foreign_Exchange,Forward,NDF,UPI,QZR7FTWCTBGV,New,,2024-01-28 16:24:09,JFTXFC,NA/Fwd NDF BRL MZN,BRL MZN,Spot,Forward price of underlying instrument,CASH,Cash,BRL,MZN,MZN,,,,,,,,,
1,Foreign_Exchange,Forward,NDF,UPI,QZDS5DCNVKVX,New,,2024-01-28 16:24:09,JFTXFC,NA/Fwd NDF BRL MZN,BRL MZN,Spot,Forward price of underlying instrument,CASH,Cash,BRL,MZN,BRL,,,,,,,,,
1,Foreign_Exchange,Forward,NDF,UPI,QZRS22FHQ8K3,New,,2024-01-28 16:24:10,JFTXFC,NA/Fwd NDF BRL NGN,BRL NGN,Spot,Forward price of underlying instrument,CASH,Cash,BRL,NGN,NGN,,,,,,,,,
1,Foreign_Exchange,Forward,NDF,UPI,QZ0TRLM82N6X,New,,2024-01-28 16:24:10,JFTXFC,NA/Fwd NDF BRL NGN,BRL NGN,Spot,Forward price of underlying instrument,CASH,Cash,BRL,NGN,BRL,,,,,,,,,
1,Foreign_Exchange,Forward,NDF,UPI,QZXK4V3F6PMG,New,,2024-01-28 16:24:10,JFTXFC,NA/Fwd NDF BRL NPR,BRL NPR,Spot,Forward price of underlying instrument,CASH,Cash,BRL,NPR,BRL,,,,,,,,,
1,Foreign_Exchange,Forward,NDF,UPI,QZ3WV90CMZKX,New,,2024-01-28 16:24:11,JFTXFC,NA/Fwd NDF BRL NPR,BRL NPR,Spot,Forward price of underlying instrument,CASH,Cash,BRL,NPR,NPR,,,,,,,,,
1,Foreign_Exchange,Forward,NDF,UPI,QZHZDLNQ90B3,New,,2024-01-28 16:24:11,JFTXFC,NA/Fwd NDF BRL NZD,BRL NZD,Spot,Forward price of underlying instrument,CASH,Cash,BRL,NZD,EUR,,,,,,,,,
1,Foreign_Exchange,Forward,NDF,UPI,QZRK0N8076VX,New,,2024-01-28 16:24:12,JFTXFC,NA/Fwd NDF BRL PGK,BRL PGK,Spot,Forward price of underlying instrument,CASH,Cash,BRL,PGK,BRL,,,,,,,,,
1,Foreign_Exchange,Forward,NDF,UPI,QZZG4F9HRLLV,New,,2024-01-28 16:24:12,JFTXFC,NA/Fwd NDF BRL NZD,BRL NZD,Spot,Forward price of underlying instrument,CASH,Cash,BRL,NZD,JPY,,,,,,,,,
1,Foreign_Exchange,Forward,NDF,UPI,QZGXDBNJ8RPK,New,,2024-01-28 16:24:13,JFTXFC,NA/Fwd NDF BRL PGK,BRL PGK,Spot,Forward price of underlying instrument,CASH,Cash,BRL,PGK,PGK,,,,,,,,,
1,Foreign_Exchange,Forward,NDF,UPI,QZ172S3D5GSF,New,,2024-01-28 16:24:13,JFTXFC,NA/Fwd NDF BRL QAR,BRL QAR,Spot,Forward price of underlying instrument,CASH,Cash,BRL,QAR,BRL,,,,,,,,,
1,Foreign_Exchange,Forward,NDF,UPI,QZ7VM6XZ372J,New,,2024-01-28 16:24:13,JFTXFC,NA/Fwd NDF BRL QAR,BRL QAR,Spot,Forward price of underlying instrument,CASH,Cash,BRL,QAR,QAR,,,,,,,,,
1,Foreign_Exchange,Forward,NDF,UPI,QZTXR3CQD32L,New,,2024-01-28 16:24:14,JFTXFC,NA/Fwd NDF BRL RON,BRL RON,Spot,Forward price of underlying instrument,CASH,Cash,BRL,RON,BRL,,,,,,,,,
1,Foreign_Exchange,Forward,NDF,UPI,QZDKWJ3VSR23,New,,2024-01-28 16:24:14,JFTXFC,NA/Fwd NDF BRL RON,BRL RON,Spot,Forward price of underlying instrument,CASH,Cash,BRL,RON,RON,,,,,,,,,
1,Foreign_Exchange,Forward,NDF,UPI,QZXL8JP161R5,New,,2024-01-28 16:24:15,JFTXFC,NA/Fwd NDF BRL SAR,BRL SAR,Spot,Forward price of underlying instrument,CASH,Cash,BRL,SAR,SAR,,,,,,,,,
1,Foreign_Exchange,Forward,NDF,UPI,QZZ2WDFMG7L1,New,,2024-01-28 16:24:15,JFTXFC,NA/Fwd NDF BRL SAR,BRL SAR,Spot,Forward price of underlying instrument,CASH,Cash,BRL,SAR,BRL,,,,,,,,,
1,Foreign_Exchange,Forward,NDF,UPI,QZ181382686G,New,,2024-01-28 16:24:16,JFTXFC,NA/Fwd NDF BRL SGD,BRL SGD,Spot,Forward price of underlying instrument,CASH,Cash,BRL,SGD,JPY,,,,,,,,,
1,Foreign_Exchange,Forward,NDF,UPI,QZTBP943WGN6,New,,2024-01-28 16:24:16,JFTXFC,NA/Fwd NDF BRL THB,BRL THB,Spot,Forward price of underlying instrument,CASH,Cash,BRL,THB,BRL,,,,,,,,,
1,Foreign_Exchange,Forward,NDF,UPI,QZ238GS7DCP0,New,,2024-01-28 16:24:16,JFTXFC,NA/Fwd NDF BRL SGD,BRL SGD,Spot,Forward price of underlying instrument,CASH,Cash,BRL,SGD,EUR,,,,,,,,,
1,Foreign_Exchange,Forward,NDF,UPI,QZQN2TPRXGT3,New,,2024-01-28 16:24:17,JFTXFC,NA/Fwd NDF BRL UGX,BRL UGX,Spot,Forward price of underlying instrument,CASH,Cash,BRL,UGX,BRL,,,,,,,,,
1,Foreign_Exchange,Forward,NDF,UPI,QZM2ZWFQ6JC6,New,,2024-01-28 16:24:17,JFTXFC,NA/Fwd NDF BRL THB,BRL THB,Spot,Forward price of underlying instrument,CASH,Cash,BRL,THB,THB,,,,,,,,,
1,Foreign_Exchange,Forward,NDF,UPI,QZF2KDKNM267,New,,2024-01-28 16:24:18,JFTXFC,NA/Fwd NDF BRL UGX,BRL UGX,Spot,Forward price of underlying instrument,CASH,Cash,BRL,UGX,UGX,,,,,,,,,
1,Foreign_Exchange,Forward,NDF,UPI,QZ8CHXQS1FD9,New,,2024-01-28 16:24:18,JFTXFC,NA/Fwd NDF BRL VND,BRL VND,Spot,Forward price of underlying instrument,CASH,Cash,BRL,VND,BRL,,,,,,,,,
1,Foreign_Exchange,Forward,NDF,UPI,QZ8M46MH2RSX,New,,2024-01-28 16:24:19,JFTXFC,NA/Fwd NDF CAD CHF,CAD CHF,Spot,Forward price of underlying instrument,CASH,Cash,CAD,CHF,EUR,,,,,,,,,
1,Foreign_Exchange,Forward,NDF,UPI,QZH354W08VT9,New,,2024-01-28 16:24:19,JFTXFC,NA/Fwd NDF BRL VND,BRL VND,Spot,Forward price of underlying instrument,CASH,Cash,BRL,VND,VND,,,,,,,,,
1,Foreign_Exchange,Forward,NDF,UPI,QZH5C5TWZWL0,New,,2024-01-28 16:24:19,JFTXFC,NA/Fwd NDF CAD CHF,CAD CHF,Spot,Forward price of underlying instrument,CASH,Cash,CAD,CHF,JPY,,,,,,,,,
1,Foreign_Exchange,Forward,NDF,UPI,QZD603KM4JV5,New,,2024-01-28 16:24:20,JFTXFC,NA/Fwd NDF CAD CNY,CAD CNY,Spot,Forward price of underlying instrument,CASH,Cash,CAD,CNY,EUR,,,,,,,,,
1,Foreign_Exchange,Forward,NDF,UPI,QZDB51Q8GS8D,New,,2024-01-28 16:24:20,JFTXFC,NA/Fwd NDF CAD CNY,CAD CNY,Spot,Forward price of underlying instrument,CASH,Cash,CAD,CNY,JPY,,,,,,,,,
1,Foreign_Exchange,Forward,NDF,UPI,QZ9L075Z5Q9T,New,,2024-01-28 16:24:21,JFTXFC,NA/Fwd NDF CAD CZK,CAD CZK,Spot,Forward price of underlying instrument,CASH,Cash,CAD,CZK,EUR,,,,,,,,,
1,Foreign_Exchange,Forward,NDF,UPI,QZZR8LKPKF6W,New,,2024-01-28 16:24:21,JFTXFC,NA/Fwd NDF CAD CZK,CAD CZK,Spot,Forward price of underlying instrument,CASH,Cash,CAD,CZK,CAD,,,,,,,,,
1,Foreign_Exchange,Forward,NDF,UPI,QZ684ZFFN2KV,New,,2024-01-28 16:24:21,JFTXFC,NA/Fwd NDF CAD CZK,CAD CZK,Spot,Forward price of underlying instrument,CASH,Cash,CAD,CZK,CZK,,,,,,,,,
1,Foreign_Exchange,Forward,NDF,UPI,QZDR41MF0K0G,New,,2024-01-28 16:24:22,JFTXFC,NA/Fwd NDF CAD CZK,CAD CZK,Spot,Forward price of underlying instrument,CASH,Cash,CAD,CZK,JPY,,,,,,,,,
1,Foreign_Exchange,Forward,NDF,UPI,QZ9K96HKMD9Q,New,,2024-01-28 16:24:22,JFTXFC,NA/Fwd NDF CAD CZK,CAD CZK,Spot,Forward price of underlying instrument,CASH,Cash,CAD,CZK,USD,,,,,,,,,
1,Foreign_Exchange,Forward,NDF,UPI,QZZ1HZS2BH4B,New,,2024-01-28 16:24:23,JFTXFC,NA/Fwd NDF CAD DKK,CAD DKK,Spot,Forward price of underlying instrument,CASH,Cash,CAD,DKK,EUR,,,,,,,,,
1,Foreign_Exchange,Forward,NDF,UPI,QZZZR28M3QQV,New,,2024-01-28 16:24:23,JFTXFC,NA/Fwd NDF CAD DKK,CAD DKK,Spot,Forward price of underlying instrument,CASH,Cash,CAD,DKK,JPY,,,,,,,,,
1,Foreign_Exchange,Forward,NDF,UPI,QZFMF91DZ5SW,New,,2024-01-28 16:24:24,JFTXFC,NA/Fwd NDF CAD DKK,CAD DKK,Spot,Forward price of underlying instrument,CASH,Cash,CAD,DKK,USD,,,,,,,,,
1,Foreign_Exchange,Forward,NDF,UPI,QZDDZBK1124F,New,,2024-01-28 16:24:24,JFTXFC,NA/Fwd NDF CAD EGP,CAD EGP,Spot,Forward price of underlying instrument,CASH,Cash,CAD,EGP,EGP,,,,,,,,,
1,Foreign_Exchange,Forward,NDF,UPI,QZZS9K3QLZB0,New,,2024-01-28 16:24:24,JFTXFC,NA/Fwd NDF CAD HKD,CAD HKD,Spot,Forward price of underlying instrument,CASH,Cash,CAD,HKD,EUR,,,,,,,,,
1,Foreign_Exchange,Forward,NDF,UPI,QZHG7D6HFZKQ,New,,2024-01-28 16:24:25,JFTXFC,NA/Fwd NDF CAD HKD,CAD HKD,Spot,Forward price of underlying instrument,CASH,Cash,CAD,HKD,USD,,,,,,,,,
1,Foreign_Exchange,Forward,NDF,UPI,QZWC0L4NDZ5B,New,,2024-01-28 16:24:25,JFTXFC,NA/Fwd NDF CAD HKD,CAD HKD,Spot,Forward price of underlying instrument,CASH,Cash,CAD,HKD,JPY,,,,,,,,,
1,Foreign_Exchange,Forward,NDF,UPI,QZ32ZFNSSGQK,New,,2024-01-28 16:24:26,JFTXFC,NA/Fwd NDF CAD HUF,CAD HUF,Spot,Forward price of underlying instrument,CASH,Cash,CAD,HUF,EUR,,,,,,,,,
1,Foreign_Exchange,Forward,NDF,UPI,QZMDZ0888LJ5,New,,2024-01-28 16:24:26,JFTXFC,NA/Fwd NDF CAD HUF,CAD HUF,Spot,Forward price of underlying instrument,CASH,Cash,CAD,HUF,JPY,,,,,,,,,
1,Foreign_Exchange,Forward,NDF,UPI,QZ4C4N7TP9GS,New,,2024-01-28 16:24:26,JFTXFC,NA/Fwd NDF CAD HUF,CAD HUF,Spot,Forward price of underlying instrument,CASH,Cash,CAD,HUF,HUF,,,,,,,,,
1,Foreign_Exchange,Forward,NDF,UPI,QZ5H42XNJG73,New,,2024-01-28 16:24:27,JFTXFC,NA/Fwd NDF CAD HUF,CAD HUF,Spot,Forward price of underlying instrument,CASH,Cash,CAD,HUF,USD,,,,,,,,,
1,Foreign_Exchange,Forward,NDF,UPI,QZTWF2L556P0,New,,2024-01-28 16:24:27,JFTXFC,NA/Fwd NDF CAD IDR,CAD IDR,Spot,Forward price of underlying instrument,CASH,Cash,CAD,IDR,JPY,,,,,,,,,
1,Foreign_Exchange,Forward,NDF,UPI,QZLZ2923XN37,New,,2024-01-28 16:24:28,JFTXFC,NA/Fwd NDF CAD JPY,CAD JPY,Spot,Forward price of underlying instrument,CASH,Cash,CAD,JPY,EUR,,,,,,,,,
1,Foreign_Exchange,Forward,NDF,UPI,QZP014QFTTF0,New,,2024-01-28 16:24:28,JFTXFC,NA/Fwd NDF CAD KRW,CAD KRW,Spot,Forward price of underlying instrument,CASH,Cash,CAD,KRW,EUR,,,,,,,,,
1,Foreign_Exchange,Forward,NDF,UPI,QZ1S0758MLW3,New,,2024-01-28 16:24:29,JFTXFC,NA/Fwd NDF CAD KRW,CAD KRW,Spot,Forward price of underlying instrument,CASH,Cash,CAD,KRW,JPY,,,,,,,,,
1,Foreign_Exchange,Forward,NDF,UPI,QZB6VML1DWKG,New,,2024-01-28 16:24:29,JFTXFC,NA/Fwd NDF CAD KWD,CAD KWD,Spot,Forward price of underlying instrument,CASH,Cash,CAD,KWD,CAD,,,,,,,,,
1,Foreign_Exchange,Forward,NDF,UPI,QZG5K9N4C2MG,New,,2024-01-28 16:24:29,JFTXFC,NA/Fwd NDF CAD KWD,CAD KWD,Spot,Forward price of underlying instrument,CASH,Cash,CAD,KWD,EUR,,,,,,,,,
1,Foreign_Exchange,Forward,NDF,UPI,QZ245RDTG4BZ,New,,2024-01-28 16:24:30,JFTXFC,NA/Fwd NDF CAD KWD,CAD KWD,Spot,Forward price of underlying instrument,CASH,Cash,CAD,KWD,JPY,,,,,,,,,
1,Foreign_Exchange,Forward,NDF,UPI,QZF94P614DWZ,New,,2024-01-28 16:24:30,JFTXFC,NA/Fwd NDF CAD KWD,CAD KWD,Spot,Forward price of underlying instrument,CASH,Cash,CAD,KWD,KWD,,,,,,,,,
1,Foreign_Exchange,Forward,NDF,UPI,QZ619NFQ637W,New,,2024-01-28 16:24:31,JFTXFC,NA/Fwd NDF CAD MAD,CAD MAD,Spot,Forward price of underlying instrument,CASH,Cash,CAD,MAD,CAD,,,,,,,,,
1,Foreign_Exchange,Forward,NDF,UPI,QZXZG32G9KDH,New,,2024-01-28 16:24:31,JFTXFC,NA/Fwd NDF CAD KWD,CAD KWD,Spot,Forward price of underlying instrument,CASH,Cash,CAD,KWD,USD,,,,,,,,,
1,Foreign_Exchange,Forward,NDF,UPI,QZ7DRFFBJ25D,New,,2024-01-28 16:24:32,JFTXFC,NA/Fwd NDF CAD MAD,CAD MAD,Spot,Forward price of underlying instrument,CASH,Cash,CAD,MAD,MAD,,,,,,,,,
1,Foreign_Exchange,Forward,NDF,UPI,QZD611GLM1KF,New,,2024-01-28 16:24:32,JFTXFC,NA/Fwd NDF CAD MXN,CAD MXN,Spot,Forward price of underlying instrument,CASH,Cash,CAD,MXN,EUR,,,,,,,,,
1,Foreign_Exchange,Forward,NDF,UPI,QZLTM66GL79W,New,,2024-01-28 16:24:32,JFTXFC,NA/Fwd NDF CAD MXN,CAD MXN,Spot,Forward price of underlying instrument,CASH,Cash,CAD,MXN,JPY,,,,,,,,,
1,Foreign_Exchange,Forward,NDF,UPI,QZ3MC7BFT9WK,New,,2024-01-28 16:24:33,JFTXFC,NA/Fwd NDF CAD MXN,CAD MXN,Spot,Forward price of underlying instrument,CASH,Cash,CAD,MXN,USD,,,,,,,,,
1,Foreign_Exchange,Forward,NDF,UPI,QZF26ZJ6FRNJ,New,,2024-01-28 16:24:33,JFTXFC,NA/Fwd NDF CAD MYR,CAD MYR,Spot,Forward price of underlying instrument,CASH,Cash,CAD,MYR,EUR,,,,,,,,,
1,Foreign_Exchange,Forward,NDF,UPI,QZF9FNFSQWCH,New,,2024-01-28 16:24:34,JFTXFC,NA/Fwd NDF CAD NOK,CAD NOK,Spot,Forward price of underlying instrument,CASH,Cash,CAD,NOK,EUR,,,,,,,,,
1,Foreign_Exchange,Forward,NDF,UPI,QZMPV1C5FM45,New,,2024-01-28 16:24:34,JFTXFC,NA/Fwd NDF CAD NOK,CAD NOK,Spot,Forward price of underlying instrument,CASH,Cash,CAD,NOK,JPY,,,,,,,,,
1,Foreign_Exchange,Forward,NDF,UPI,QZTXMDKL87FF,New,,2024-01-28 16:24:34,JFTXFC,NA/Fwd NDF CAD MYR,CAD MYR,Spot,Forward price of underlying instrument,CASH,Cash,CAD,MYR,JPY,,,,,,,,,
1,Foreign_Exchange,Forward,NDF,UPI,QZ65ST1J43B8,New,,2024-01-28 16:24:35,JFTXFC,NA/Fwd NDF CAD NZD,CAD NZD,Spot,Forward price of underlying instrument,CASH,Cash,CAD,NZD,EUR,,,,,,,,,
1,Foreign_Exchange,Forward,NDF,UPI,QZ9S14GH1BH1,New,,2024-01-28 16:24:35,JFTXFC,NA/Fwd NDF CAD NOK,CAD NOK,Spot,Forward price of underlying instrument,CASH,Cash,CAD,NOK,USD,,,,,,,,,
1,Foreign_Exchange,Forward,NDF,UPI,QZSBVDF2VP65,New,,2024-01-28 16:24:36,JFTXFC,NA/Fwd NDF CAD NZD,CAD NZD,Spot,Forward price of underlying instrument,CASH,Cash,CAD,NZD,JPY,,,,,,,,,
1,Foreign_Exchange,Forward,NDF,UPI,QZ2H9778064W,New,,2024-01-28 16:24:36,JFTXFC,NA/Fwd NDF CAD PKR,CAD PKR,Spot,Forward price of underlying instrument,CASH,Cash,CAD,PKR,CAD,,,,,,,,,
1,Foreign_Exchange,Forward,NDF,UPI,QZDZGB8G75WV,New,,2024-01-28 16:24:37,JFTXFC,NA/Fwd NDF CAD PKR,CAD PKR,Spot,Forward price of underlying instrument,CASH,Cash,CAD,PKR,PKR,,,,,,,,,
1,Foreign_Exchange,Forward,NDF,UPI,QZQ85N7BLNS4,New,,2024-01-28 16:24:37,JFTXFC,NA/Fwd NDF CAD PLN,CAD PLN,Spot,Forward price of underlying instrument,CASH,Cash,CAD,PLN,EUR,,,,,,,,,
1,Foreign_Exchange,Forward,NDF,UPI,QZPGH750891C,New,,2024-01-28 16:24:37,JFTXFC,NA/Fwd NDF CAD PLN,CAD PLN,Spot,Forward price of underlying instrument,CASH,Cash,CAD,PLN,JPY,,,,,,,,,
1,Foreign_Exchange,Forward,NDF,UPI,QZBTM7PV1H0C,New,,2024-01-28 16:24:38,JFTXFC,NA/Fwd NDF CAD PLN,CAD PLN,Spot,Forward price of underlying instrument,CASH,Cash,CAD,PLN,PLN,,,,,,,,,
1,Foreign_Exchange,Forward,NDF,UPI,QZZBHQ0D3C8N,New,,2024-01-28 16:24:38,JFTXFC,NA/Fwd NDF CAD PLN,CAD PLN,Spot,Forward price of underlying instrument,CASH,Cash,CAD,PLN,USD,,,,,,,,,
1,Foreign_Exchange,Forward,NDF,UPI,QZQC1PLJV2MN,New,,2024-01-28 16:24:39,JFTXFC,NA/Fwd NDF CAD QAR,CAD QAR,Spot,Forward price of underlying instrument,CASH,Cash,CAD,QAR,CAD,,,,,,,,,
1,Foreign_Exchange,Forward,NDF,UPI,QZ75FBCNFBRT,New,,2024-01-28 16:24:39,JFTXFC,NA/Fwd NDF CAD RON,CAD RON,Spot,Forward price of underlying instrument,CASH,Cash,CAD,RON,CAD,,,,,,,,,
1,Foreign_Exchange,Forward,NDF,UPI,QZLS5N8534T9,New,,2024-01-28 16:24:40,JFTXFC,NA/Fwd NDF CAD RON,CAD RON,Spot,Forward price of underlying instrument,CASH,Cash,CAD,RON,EUR,,,,,,,,,
1,Foreign_Exchange,Forward,NDF,UPI,QZQKKX8PNGBW,New,,2024-01-28 16:24:40,JFTXFC,NA/Fwd NDF CAD RON,CAD RON,Spot,Forward price of underlying instrument,CASH,Cash,CAD,RON,RON,,,,,,,,,
1,Foreign_Exchange,Forward,NDF,UPI,QZ7NSXJ8027V,New,,2024-01-28 16:24:40,JFTXFC,NA/Fwd NDF CAD RON,CAD RON,Spot,Forward price of underlying instrument,CASH,Cash,CAD,RON,JPY,,,,,,,,,
1,Foreign_Exchange,Forward,NDF,UPI,QZGLTK5BRQNZ,New,,2024-01-28 16:24:41,JFTXFC,NA/Fwd NDF CAD RON,CAD RON,Spot,Forward price of underlying instrument,CASH,Cash,CAD,RON,USD,,,,,,,,,
1,Foreign_Exchange,Forward,NDF,UPI,QZP63VS574RK,New,,2024-01-28 16:24:41,JFTXFC,NA/Fwd NDF CAD RUB,CAD RUB,Spot,Forward price of underlying instrument,CASH,Cash,CAD,RUB,EUR,,,,,,,,,
1,Foreign_Exchange,Forward,NDF,UPI,QZGR6WW6PXZR,New,,2024-01-28 16:24:42,JFTXFC,NA/Fwd NDF CAD RUB,CAD RUB,Spot,Forward price of underlying instrument,CASH,Cash,CAD,RUB,JPY,,,,,,,,,
1,Foreign_Exchange,Forward,NDF,UPI,QZC4KF72GXTV,New,,2024-01-28 16:24:42,JFTXFC,NA/Fwd NDF CAD SAR,CAD SAR,Spot,Forward price of underlying instrument,CASH,Cash,CAD,SAR,EUR,,,,,,,,,
1,Foreign_Exchange,Forward,NDF,UPI,QZCW1R29SBZ4,New,,2024-01-28 16:24:43,JFTXFC,NA/Fwd NDF CAD SAR,CAD SAR,Spot,Forward price of underlying instrument,CASH,Cash,CAD,SAR,JPY,,,,,,,,,
1,Foreign_Exchange,Forward,NDF,UPI,QZ6WH5K5K2V2,New,,2024-01-28 16:24:43,JFTXFC,NA/Fwd NDF CAD SAR,CAD SAR,Spot,Forward price of underlying instrument,CASH,Cash,CAD,SAR,USD,,,,,,,,,
1,Foreign_Exchange,Forward,NDF,UPI,QZGRDH334VC6,New,,2024-01-28 16:24:43,JFTXFC,NA/Fwd NDF CAD SEK,CAD SEK,Spot,Forward price of underlying instrument,CASH,Cash,CAD,SEK,EUR,,,,,,,,,
1,Foreign_Exchange,Forward,NDF,UPI,QZ42L3SWT0QZ,New,,2024-01-28 16:24:44,JFTXFC,NA/Fwd NDF CAD SEK,CAD SEK,Spot,Forward price of underlying instrument,CASH,Cash,CAD,SEK,USD,,,,,,,,,
1,Foreign_Exchange,Forward,NDF,UPI,QZNJ5PXRQ555,New,,2024-01-28 16:24:44,JFTXFC,NA/Fwd NDF CAD SEK,CAD SEK,Spot,Forward price of underlying instrument,CASH,Cash,CAD,SEK,JPY,,,,,,,,,
1,Foreign_Exchange,Forward,NDF,UPI,QZ6504FTJW5K,New,,2024-01-28 16:24:45,JFTXFC,NA/Fwd NDF CAD SGD,CAD SGD,Spot,Forward price of underlying instrument,CASH,Cash,CAD,SGD,EUR,,,,,,,,,
1,Foreign_Exchange,Forward,NDF,UPI,QZM3B2LN6C8G,New,,2024-01-28 16:24:45,JFTXFC,NA/Fwd NDF CAD SGD,CAD SGD,Spot,Forward price of underlying instrument,CASH,Cash,CAD,SGD,JPY,,,,,,,,,
1,Foreign_Exchange,Forward,NDF,UPI,QZJ05FNSN8CR,New,,2024-01-28 16:24:46,JFTXFC,NA/Fwd NDF CAD SGD,CAD SGD,Spot,Forward price of underlying instrument,CASH,Cash,CAD,SGD,USD,,,,,,,,,
1,Foreign_Exchange,Forward,NDF,UPI,QZ66VZGL8F64,New,,2024-01-28 16:24:46,JFTXFC,NA/Fwd NDF CAD THB,CAD THB,Spot,Forward price of underlying instrument,CASH,Cash,CAD,THB,EUR,,,,,,,,,
1,Foreign_Exchange,Forward,NDF,UPI,QZ38GZPSQ81K,New,,2024-01-28 16:24:47,JFTXFC,NA/Fwd NDF CAD TRY,CAD TRY,Spot,Forward price of underlying instrument,CASH,Cash,CAD,TRY,JPY,,,,,,,,,
1,Foreign_Exchange,Forward,NDF,UPI,QZR71DQ5J8MR,New,,2024-01-28 16:24:47,JFTXFC,NA/Fwd NDF CAD THB,CAD THB,Spot,Forward price of underlying instrument,CASH,Cash,CAD,THB,JPY,,,,,,,,,
1,Foreign_Exchange,Forward,NDF,UPI,QZFZHDWVKD3N,New,,2024-01-28 16:24:47,JFTXFC,NA/Fwd NDF CAD TRY,CAD TRY,Spot,Forward price of underlying instrument,CASH,Cash,CAD,TRY,EUR,,,,,,,,,
1,Foreign_Exchange,Forward,NDF,UPI,QZCLTBFFDTWD,New,,2024-01-28 16:24:48,JFTXFC,NA/Fwd NDF CAD TRY,CAD TRY,Spot,Forward price of underlying instrument,CASH,Cash,CAD,TRY,USD,,,,,,,,,
1,Foreign_Exchange,Forward,NDF,UPI,QZRCQWWMLGQ8,New,,2024-01-28 16:24:48,JFTXFC,NA/Fwd NDF CAD UAH,CAD UAH,Spot,Forward price of underlying instrument,CASH,Cash,CAD,UAH,UAH,,,,,,,,,
1,Foreign_Exchange,Forward,NDF,UPI,QZ8BWZQJ7FD0,New,,2024-01-28 16:24:49,JFTXFC,NA/Fwd NDF CAD ZAR,CAD ZAR,Spot,Forward price of underlying instrument,CASH,Cash,CAD,ZAR,EUR,,,,,,,,,
1,Foreign_Exchange,Forward,NDF,UPI,QZJ2CM7DF8B5,New,,2024-01-28 16:24:49,JFTXFC,NA/Fwd NDF CAD USD,CAD USD,Spot,Forward price of underlying instrument,CASH,Cash,CAD,USD,JPY,,,,,,,,,
1,Foreign_Exchange,Forward,NDF,UPI,QZ17HDK65G8X,New,,2024-01-28 16:24:49,JFTXFC,NA/Fwd NDF CAD VND,CAD VND,Spot,Forward price of underlying instrument,CASH,Cash,CAD,VND,VND,,,,,,,,,
1,Foreign_Exchange,Forward,NDF,UPI,QZGRW08MLJHN,New,,2024-01-28 16:24:50,JFTXFC,NA/Fwd NDF CHF CNY,CHF CNY,Spot,Forward price of underlying instrument,CASH,Cash,CHF,CNY,EUR,,,,,,,,,
1,Foreign_Exchange,Forward,NDF,UPI,QZ3X7HSJXPTN,New,,2024-01-28 16:24:50,JFTXFC,NA/Fwd NDF CAD ZAR,CAD ZAR,Spot,Forward price of underlying instrument,CASH,Cash,CAD,ZAR,JPY,,,,,,,,,
1,Foreign_Exchange,Forward,NDF,UPI,QZKFR1Z79J8F,New,,2024-01-28 16:24:51,JFTXFC,NA/Fwd NDF CHF CNY,CHF CNY,Spot,Forward price of underlying instrument,CASH,Cash,CHF,CNY,JPY,,,,,,,,,
1,Foreign_Exchange,Forward,NDF,UPI,QZCSBNB80XVZ,New,,2024-01-28 16:24:51,JFTXFC,NA/Fwd NDF CHF CZK,CHF CZK,Spot,Forward price of underlying instrument,CASH,Cash,CHF,CZK,EUR,,,,,,,,,
1,Foreign_Exchange,Forward,NDF,UPI,QZZ71DN5WPFB,New,,2024-01-28 16:24:52,JFTXFC,NA/Fwd NDF CHF CZK,CHF CZK,Spot,Forward price of underlying instrument,CASH,Cash,CHF,CZK,JPY,,,,,,,,,
1,Foreign_Exchange,Forward,NDF,UPI,QZC2RP5F0FGZ,New,,2024-01-28 16:24:52,JFTXFC,NA/Fwd NDF CHF CZK,CHF CZK,Spot,Forward price of underlying instrument,CASH,Cash,CHF,CZK,USD,,,,,,,,,
1,Foreign_Exchange,Forward,NDF,UPI,QZB2V608F081,New,,2024-01-28 16:24:52,JFTXFC,NA/Fwd NDF CHF DKK,CHF DKK,Spot,Forward price of underlying instrument,CASH,Cash,CHF,DKK,EUR,,,,,,,,,
1,Foreign_Exchange,Forward,NDF,UPI,QZVQ51LCQK6C,New,,2024-01-28 16:24:53,JFTXFC,NA/Fwd NDF CHF DKK,CHF DKK,Spot,Forward price of underlying instrument,CASH,Cash,CHF,DKK,JPY,,,,,,,,,
1,Foreign_Exchange,Forward,NDF,UPI,QZCTJFSL482G,New,,2024-01-28 16:24:53,JFTXFC,NA/Fwd NDF CHF DKK,CHF DKK,Spot,Forward price of underlying instrument,CASH,Cash,CHF,DKK,USD,,,,,,,,,
1,Foreign_Exchange,Forward,NDF,UPI,QZTXD2VJSB84,New,,2024-01-28 16:24:54,JFTXFC,NA/Fwd NDF CHF EGP,CHF EGP,Spot,Forward price of underlying instrument,CASH,Cash,CHF,EGP,JPY,,,,,,,,,
1,Foreign_Exchange,Forward,NDF,UPI,QZC9R9QD9F50,New,,2024-01-28 16:24:54,JFTXFC,NA/Fwd NDF CHF EGP,CHF EGP,Spot,Forward price of underlying instrument,CASH,Cash,CHF,EGP,EUR,,,,,,,,,
1,Foreign_Exchange,Forward,NDF,UPI,QZ089NQ1CFV6,New,,2024-01-28 16:24:55,JFTXFC,NA/Fwd NDF CHF HKD,CHF HKD,Spot,Forward price of underlying instrument,CASH,Cash,CHF,HKD,JPY,,,,,,,,,
1,Foreign_Exchange,Forward,NDF,UPI,QZ65MDD9BDQ1,New,,2024-01-28 16:24:55,JFTXFC,NA/Fwd NDF CHF HKD,CHF HKD,Spot,Forward price of underlying instrument,CASH,Cash,CHF,HKD,EUR,,,,,,,,,
1,Foreign_Exchange,Forward,NDF,UPI,QZDWPXSV6FC2,New,,2024-01-28 16:24:55,JFTXFC,NA/Fwd NDF CHF EGP,CHF EGP,Spot,Forward price of underlying instrument,CASH,Cash,CHF,EGP,USD,,,,,,,,,
1,Foreign_Exchange,Forward,NDF,UPI,QZJ9N331381M,New,,2024-01-28 16:24:56,JFTXFC,NA/Fwd NDF CHF HUF,CHF HUF,Spot,Forward price of underlying instrument,CASH,Cash,CHF,HUF,EUR,,,,,,,,,
1,Foreign_Exchange,Forward,NDF,UPI,QZ9GTPDNR54S,New,,2024-01-28 16:24:56,JFTXFC,NA/Fwd NDF CHF HUF,CHF HUF,Spot,Forward price of underlying instrument,CASH,Cash,CHF,HUF,JPY,,,,,,,,,
1,Foreign_Exchange,Forward,NDF,UPI,QZ9LTKKBDBRC,New,,2024-01-28 16:24:57,JFTXFC,NA/Fwd NDF CHF IDR,CHF IDR,Spot,Forward price of underlying instrument,CASH,Cash,CHF,IDR,JPY,,,,,,,,,
1,Foreign_Exchange,Forward,NDF,UPI,QZ5WT1VNV5G3,New,,2024-01-28 16:24:57,JFTXFC,NA/Fwd NDF CHF JPY,CHF JPY,Spot,Forward price of underlying instrument,CASH,Cash,CHF,JPY,EUR,,,,,,,,,
1,Foreign_Exchange,Forward,NDF,UPI,QZ2R1BQVTBV2,New,,2024-01-28 16:24:57,JFTXFC,NA/Fwd NDF CHF IDR,CHF IDR,Spot,Forward price of underlying instrument,CASH,Cash,CHF,IDR,EUR,,,,,,,,,
1,Foreign_Exchange,Forward,NDF,UPI,QZQBF8LH7JSS,New,,2024-01-28 16:24:58,JFTXFC,NA/Fwd NDF CHF KRW,CHF KRW,Spot,Forward price of underlying instrument,CASH,Cash,CHF,KRW,JPY,,,,,,,,,
1,Foreign_Exchange,Forward,NDF,UPI,QZ4NX0PNQ7G0,New,,2024-01-28 16:24:58,JFTXFC,NA/Fwd NDF CHF KRW,CHF KRW,Spot,Forward price of underlying instrument,CASH,Cash,CHF,KRW,EUR,,,,,,,,,
1,Foreign_Exchange,Forward,NDF,UPI,QZQG06L3WHGF,New,,2024-01-28 16:24:59,JFTXFC,NA/Fwd NDF CHF KWD,CHF KWD,Spot,Forward price of underlying instrument,CASH,Cash,CHF,KWD,EUR,,,,,,,,,
1,Foreign_Exchange,Forward,NDF,UPI,QZG39RJW0TW9,New,,2024-01-28 16:24:59,JFTXFC,NA/Fwd NDF CHF KWD,CHF KWD,Spot,Forward price of underlying instrument,CASH,Cash,CHF,KWD,JPY,,,,,,,,,
1,Foreign_Exchange,Forward,NDF,UPI,QZB7LP94XJV5,New,,2024-01-28 16:25:00,JFTXFC,NA/Fwd NDF CHF KWD,CHF KWD,Spot,Forward price of underlying instrument,CASH,Cash,CHF,KWD,KWD,,,,,,,,,
1,Foreign_Exchange,Forward,NDF,UPI,QZNRBR9R21Z2,New,,2024-01-28 16:25:00,JFTXFC,NA/Fwd NDF CHF KWD,CHF KWD,Spot,Forward price of underlying instrument,CASH,Cash,CHF,KWD,USD,,,,,,,,,
1,Foreign_Exchange,Forward,NDF,UPI,QZXM8FPJCCMS,New,,2024-01-28 16:25:00,JFTXFC,NA/Fwd NDF CHF KZT,CHF KZT,Spot,Forward price of underlying instrument,CASH,Cash,CHF,KZT,KZT,,,,,,,,,
1,Foreign_Exchange,Forward,NDF,UPI,QZ939B3949LL,New,,2024-01-28 16:25:01,JFTXFC,NA/Fwd NDF CHF MXN,CHF MXN,Spot,Forward price of underlying instrument,CASH,Cash,CHF,MXN,EUR,,,,,,,,,
1,Foreign_Exchange,Forward,NDF,UPI,QZ4PHKT8WM9Z,New,,2024-01-28 16:25:01,JFTXFC,NA/Fwd NDF CHF MXN,CHF MXN,Spot,Forward price of underlying instrument,CASH,Cash,CHF,MXN,JPY,,,,,,,,,
1,Foreign_Exchange,Forward,NDF,UPI,QZMTPN1B78BJ,New,,2024-01-28 16:25:02,JFTXFC,NA/Fwd NDF CHF MYR,CHF MYR,Spot,Forward price of underlying instrument,CASH,Cash,CHF,MYR,EUR,,,,,,,,,
1,Foreign_Exchange,Forward,NDF,UPI,QZH969BVFMVK,New,,2024-01-28 16:25:02,JFTXFC,NA/Fwd NDF CHF MYR,CHF MYR,Spot,Forward price of underlying instrument,CASH,Cash,CHF,MYR,JPY,,,,,,,,,
1,Foreign_Exchange,Forward,NDF,UPI,QZP8DQQJH2CL,New,,2024-01-28 16:25:03,JFTXFC,NA/Fwd NDF CHF NOK,CHF NOK,Spot,Forward price of underlying instrument,CASH,Cash,CHF,NOK,EUR,,,,,,,,,
1,Foreign_Exchange,Forward,NDF,UPI,QZKN1T03JNHF,New,,2024-01-28 16:25:03,JFTXFC,NA/Fwd NDF CHF NOK,CHF NOK,Spot,Forward price of underlying instrument,CASH,Cash,CHF,NOK,JPY,,,,,,,,,
1,Foreign_Exchange,Forward,NDF,UPI,QZ1FWXMLP6FV,New,,2024-01-28 16:25:03,JFTXFC,NA/Fwd NDF CHF NOK,CHF NOK,Spot,Forward price of underlying instrument,CASH,Cash,CHF,NOK,USD,,,,,,,,,
1,Foreign_Exchange,Forward,NDF,UPI,QZWSC4GMV7Q2,New,,2024-01-28 16:25:04,JFTXFC,NA/Fwd NDF CHF NZD,CHF NZD,Spot,Forward price of underlying instrument,CASH,Cash,CHF,NZD,EUR,,,,,,,,,
1,Foreign_Exchange,Forward,NDF,UPI,QZVDN7S0N4VZ,New,,2024-01-28 16:25:04,JFTXFC,NA/Fwd NDF CHF NZD,CHF NZD,Spot,Forward price of underlying instrument,CASH,Cash,CHF,NZD,JPY,,,,,,,,,
1,Foreign_Exchange,Forward,NDF,UPI,QZDK23B016JN,New,,2024-01-28 16:25:05,JFTXFC,NA/Fwd NDF CHF PKR,CHF PKR,Spot,Forward price of underlying instrument,CASH,Cash,CHF,PKR,CHF,,,,,,,,,
1,Foreign_Exchange,Forward,NDF,UPI,QZL3ZHGS1NFZ,New,,2024-01-28 16:25:05,JFTXFC,NA/Fwd NDF CHF NZD,CHF NZD,Spot,Forward price of underlying instrument,CASH,Cash,CHF,NZD,USD,,,,,,,,,
1,Foreign_Exchange,Forward,NDF,UPI,QZ0WKTPRVMB3,New,,2024-01-28 16:25:06,JFTXFC,NA/Fwd NDF CHF PLN,CHF PLN,Spot,Forward price of underlying instrument,CASH,Cash,CHF,PLN,JPY,,,,,,,,,
1,Foreign_Exchange,Forward,NDF,UPI,QZDK7MB8BFK3,New,,2024-01-28 16:25:06,JFTXFC,NA/Fwd NDF CHF PKR,CHF PKR,Spot,Forward price of underlying instrument,CASH,Cash,CHF,PKR,PKR,,,,,,,,,
1,Foreign_Exchange,Forward,NDF,UPI,QZ232F1NT720,New,,2024-01-28 16:25:06,JFTXFC,NA/Fwd NDF CHF PLN,CHF PLN,Spot,Forward price of underlying instrument,CASH,Cash,CHF,PLN,EUR,,,,,,,,,
1,Foreign_Exchange,Forward,NDF,UPI,QZGBGRB1Q6TV,New,,2024-01-28 16:25:07,JFTXFC,NA/Fwd NDF CHF QAR,CHF QAR,Spot,Forward price of underlying instrument,CASH,Cash,CHF,QAR,CHF,,,,,,,,,
1,Foreign_Exchange,Forward,NDF,UPI,QZLFFFKPR91F,New,,2024-01-28 16:25:07,JFTXFC,NA/Fwd NDF CHF QAR,CHF QAR,Spot,Forward price of underlying instrument,CASH,Cash,CHF,QAR,QAR,,,,,,,,,
1,Foreign_Exchange,Forward,NDF,UPI,QZ71RF3X18PJ,New,,2024-01-28 16:25:08,JFTXFC,NA/Fwd NDF CHF RON,CHF RON,Spot,Forward price of underlying instrument,CASH,Cash,CHF,RON,EUR,,,,,,,,,
1,Foreign_Exchange,Forward,NDF,UPI,QZ0S1LG25GRK,New,,2024-01-28 16:25:08,JFTXFC,NA/Fwd NDF CHF RON,CHF RON,Spot,Forward price of underlying instrument,CASH,Cash,CHF,RON,JPY,,,,,,,,,
1,Foreign_Exchange,Forward,NDF,UPI,QZ8J36MS1RJN,New,,2024-01-28 16:25:09,JFTXFC,NA/Fwd NDF CHF RUB,CHF RUB,Spot,Forward price of underlying instrument,CASH,Cash,CHF,RUB,EUR,,,,,,,,,
1,Foreign_Exchange,Forward,NDF,UPI,QZ176CC0NJJT,New,,2024-01-28 16:25:09,JFTXFC,NA/Fwd NDF CHF RUB,CHF RUB,Spot,Forward price of underlying instrument,CASH,Cash,CHF,RUB,JPY,,,,,,,,,
1,Foreign_Exchange,Forward,NDF,UPI,QZ5BPCK63MNX,New,,2024-01-28 16:25:09,JFTXFC,NA/Fwd NDF CHF SAR,CHF SAR,Spot,Forward price of underlying instrument,CASH,Cash,CHF,SAR,EUR,,,,,,,,,
1,Foreign_Exchange,Forward,NDF,UPI,QZLPTS89ZRKC,New,,2024-01-28 16:25:10,JFTXFC,NA/Fwd NDF CHF SAR,CHF SAR,Spot,Forward price of underlying instrument,CASH,Cash,CHF,SAR,USD,,,,,,,,,
1,Foreign_Exchange,Forward,NDF,UPI,QZBXG579V000,New,,2024-01-28 16:25:10,JFTXFC,NA/Fwd NDF CHF SAR,CHF SAR,Spot,Forward price of underlying instrument,CASH,Cash,CHF,SAR,JPY,,,,,,,,,
1,Foreign_Exchange,Forward,NDF,UPI,QZV8JLV3WB4P,New,,2024-01-28 16:25:11,JFTXFC,NA/Fwd NDF CHF SGD,CHF SGD,Spot,Forward price of underlying instrument,CASH,Cash,CHF,SGD,EUR,,,,,,,,,
1,Foreign_Exchange,Forward,NDF,UPI,QZCZMTQVV82R,New,,2024-01-28 16:25:11,JFTXFC,NA/Fwd NDF CHF SEK,CHF SEK,Spot,Forward price of underlying instrument,CASH,Cash,CHF,SEK,EUR,,,,,,,,,
1,Foreign_Exchange,Forward,NDF,UPI,QZT25RK426CV,New,,2024-01-28 16:25:11,JFTXFC,NA/Fwd NDF CHF SEK,CHF SEK,Spot,Forward price of underlying instrument,CASH,Cash,CHF,SEK,JPY,,,,,,,,,
1,Foreign_Exchange,Forward,NDF,UPI,QZKC46BFP218,New,,2024-01-28 16:25:12,JFTXFC,NA/Fwd NDF CHF SGD,CHF SGD,Spot,Forward price of underlying instrument,CASH,Cash,CHF,SGD,JPY,,,,,,,,,
1,Foreign_Exchange,Forward,NDF,UPI,QZV779JK5QV4,New,,2024-01-28 16:25:12,JFTXFC,NA/Fwd NDF CHF THB,CHF THB,Spot,Forward price of underlying instrument,CASH,Cash,CHF,THB,EUR,,,,,,,,,
1,Foreign_Exchange,Forward,NDF,UPI,QZ9NV3PLVPF0,New,,2024-01-28 16:25:13,JFTXFC,NA/Fwd NDF CHF THB,CHF THB,Spot,Forward price of underlying instrument,CASH,Cash,CHF,THB,JPY,,,,,,,,,
1,Foreign_Exchange,Forward,NDF,UPI,QZMJWQ5K40CK,New,,2024-01-28 16:25:13,JFTXFC,NA/Fwd NDF CHF TRY,CHF TRY,Spot,Forward price of underlying instrument,CASH,Cash,CHF,TRY,EUR,,,,,,,,,
1,Foreign_Exchange,Forward,NDF,UPI,QZBLKML91D7M,New,,2024-01-28 16:25:13,JFTXFC,NA/Fwd NDF CHF TRY,CHF TRY,Spot,Forward price of underlying instrument,CASH,Cash,CHF,TRY,JPY,,,,,,,,,
1,Foreign_Exchange,Forward,NDF,UPI,QZZGVVJL794L,New,,2024-01-28 16:25:14,JFTXFC,NA/Fwd NDF CHF TWD,CHF TWD,Spot,Forward price of underlying instrument,CASH,Cash,CHF,TWD,JPY,,,,,,,,,
1,Foreign_Exchange,Forward,NDF,UPI,QZBSVBF4M7V3,New,,2024-01-28 16:25:14,JFTXFC,NA/Fwd NDF CHF TWD,CHF TWD,Spot,Forward price of underlying instrument,CASH,Cash,CHF,TWD,EUR,,,,,,,,,
1,Foreign_Exchange,Forward,NDF,UPI,QZW7ZM3RQNVJ,New,,2024-01-28 16:25:15,JFTXFC,NA/Fwd NDF CHF USD,CHF USD,Spot,Forward price of underlying instrument,CASH,Cash,CHF,USD,JPY,,,,,,,,,
1,Foreign_Exchange,Forward,NDF,UPI,QZL43Z2VV5NH,New,,2024-01-28 16:25:15,JFTXFC,NA/Fwd NDF CHF USD,CHF USD,Spot,Forward price of underlying instrument,CASH,Cash,CHF,USD,EUR,,,,,,,,,
1,Foreign_Exchange,Forward,NDF,UPI,QZZKXP5X1H7C,New,,2024-01-28 16:25:16,JFTXFC,NA/Fwd NDF CHF ZAR,CHF ZAR,Spot,Forward price of underlying instrument,CASH,Cash,CHF,ZAR,USD,,,,,,,,,
1,Foreign_Exchange,Forward,NDF,UPI,QZKC0Z3CV2WH,New,,2024-01-28 16:25:16,JFTXFC,NA/Fwd NDF CHF ZAR,CHF ZAR,Spot,Forward price of underlying instrument,CASH,Cash,CHF,ZAR,EUR,,,,,,,,,
1,Foreign_Exchange,Forward,NDF,UPI,QZ2VD46NCVZL,New,,2024-01-28 16:25:16,JFTXFC,NA/Fwd NDF CHF ZAR,CHF ZAR,Spot,Forward price of underlying instrument,CASH,Cash,CHF,ZAR,JPY,,,,,,,,,
1,Foreign_Exchange,Forward,NDF,UPI,QZGFR56NGGGV,New,,2024-01-28 16:25:17,JFTXFC,NA/Fwd NDF CLF JPY,CLF JPY,Spot,Forward price of underlying instrument,CASH,Cash,CLF,JPY,CLF,,,,,,,,,
1,Foreign_Exchange,Forward,NDF,UPI,QZCP7CQ4WFCQ,New,,2024-01-28 16:25:17,JFTXFC,NA/Fwd NDF CLF JPY,CLF JPY,Spot,Forward price of underlying instrument,CASH,Cash,CLF,JPY,EUR,,,,,,,,,
1,Foreign_Exchange,Forward,NDF,UPI,QZ7DFDK0CZQ2,New,,2024-01-28 16:25:18,JFTXFC,NA/Fwd NDF CLF JPY,CLF JPY,Spot,Forward price of underlying instrument,CASH,Cash,CLF,JPY,USD,,,,,,,,,
1,Foreign_Exchange,Forward,NDF,UPI,QZ92SGW50HF9,New,,2024-01-28 16:25:18,JFTXFC,NA/Fwd NDF CLF JPY,CLF JPY,Spot,Forward price of underlying instrument,CASH,Cash,CLF,JPY,JPY,,,,,,,,,
1,Foreign_Exchange,Forward,NDF,UPI,QZ4Z5TDKC2WN,New,,2024-01-28 16:25:18,JFTXFC,NA/Fwd NDF CLF USD,CLF USD,Spot,Forward price of underlying instrument,CASH,Cash,CLF,USD,EUR,,,,,,,,,
1,Foreign_Exchange,Forward,NDF,UPI,QZTWLXMWMWG7,New,,2024-01-28 16:25:19,JFTXFC,NA/Fwd NDF CLF USD,CLF USD,Spot,Forward price of underlying instrument,CASH,Cash,CLF,USD,JPY,,,,,,,,,
1,Foreign_Exchange,Forward,NDF,UPI,QZFDFSCLJ5LS,New,,2024-01-28 16:25:19,JFTXFC,NA/Fwd NDF CLP JPY,CLP JPY,Spot,Forward price of underlying instrument,CASH,Cash,CLP,JPY,EUR,,,,,,,,,
1,Foreign_Exchange,Forward,NDF,UPI,QZVRBJQMR7L7,New,,2024-01-28 16:25:20,JFTXFC,NA/Fwd NDF CLP SGD,CLP SGD,Spot,Forward price of underlying instrument,CASH,Cash,CLP,SGD,EUR,,,,,,,,,
1,Foreign_Exchange,Forward,NDF,UPI,QZFGRMM3XWDD,New,,2024-01-28 16:25:20,JFTXFC,NA/Fwd NDF CLP SGD,CLP SGD,Spot,Forward price of underlying instrument,CASH,Cash,CLP,SGD,JPY,,,,,,,,,
1,Foreign_Exchange,Forward,NDF,UPI,QZJFW63KSKG3,New,,2024-01-28 16:25:20,JFTXFC,NA/Fwd NDF CLP THB,CLP THB,Spot,Forward price of underlying instrument,CASH,Cash,CLP,THB,CLP,,,,,,,,,
1,Foreign_Exchange,Forward,NDF,UPI,QZMSG8PPDD89,New,,2024-01-28 16:25:21,JFTXFC,NA/Fwd NDF CNY CZK,CNY CZK,Spot,Forward price of underlying instrument,CASH,Cash,CNY,CZK,CNY,,,,,,,,,
1,Foreign_Exchange,Forward,NDF,UPI,QZ6X7HL9CX3W,New,,2024-01-28 16:25:21,JFTXFC,NA/Fwd NDF CLP USD,CLP USD,Spot,Forward price of underlying instrument,CASH,Cash,CLP,USD,JPY,,,,,,,,,
1,Foreign_Exchange,Forward,NDF,UPI,QZJRTW4M7KM2,New,,2024-01-28 16:25:22,JFTXFC,NA/Fwd NDF CNY DKK,CNY DKK,Spot,Forward price of underlying instrument,CASH,Cash,CNY,DKK,EUR,,,,,,,,,
1,Foreign_Exchange,Forward,NDF,UPI,QZZZT97XGMGX,New,,2024-01-28 16:25:22,JFTXFC,NA/Fwd NDF CNY DKK,CNY DKK,Spot,Forward price of underlying instrument,CASH,Cash,CNY,DKK,JPY,,,,,,,,,
1,Foreign_Exchange,Forward,NDF,UPI,QZH5HH36PCGT,New,,2024-01-28 16:25:23,JFTXFC,NA/Fwd NDF CNY DZD,CNY DZD,Spot,Forward price of underlying instrument,CASH,Cash,CNY,DZD,DZD,,,,,,,,,
1,Foreign_Exchange,Forward,NDF,UPI,QZG58N2MR7HR,New,,2024-01-28 16:25:23,JFTXFC,NA/Fwd NDF CNY DZD,CNY DZD,Spot,Forward price of underlying instrument,CASH,Cash,CNY,DZD,EUR,,,,,,,,,
1,Foreign_Exchange,Forward,NDF,UPI,QZFXMB751ZZR,New,,2024-01-28 16:25:23,JFTXFC,NA/Fwd NDF CNY DZD,CNY DZD,Spot,Forward price of underlying instrument,CASH,Cash,CNY,DZD,CNY,,,,,,,,,
1,Foreign_Exchange,Forward,NDF,UPI,QZG1J0C6Q7RQ,New,,2024-01-28 16:25:24,JFTXFC,NA/Fwd NDF CNY DZD,CNY DZD,Spot,Forward price of underlying instrument,CASH,Cash,CNY,DZD,JPY,,,,,,,,,
1,Foreign_Exchange,Forward,NDF,UPI,QZMHTMZ5X7CW,New,,2024-01-28 16:25:24,JFTXFC,NA/Fwd NDF CNY DZD,CNY DZD,Spot,Forward price of underlying instrument,CASH,Cash,CNY,DZD,USD,,,,,,,,,
1,Foreign_Exchange,Forward,NDF,UPI,QZT7P8FB69L0,New,,2024-01-28 16:25:25,JFTXFC,NA/Fwd NDF CNY INR,CNY INR,Spot,Forward price of underlying instrument,CASH,Cash,CNY,INR,JPY,,,,,,,,,
1,Foreign_Exchange,Forward,NDF,UPI,QZP39KNNWDHM,New,,2024-01-28 16:25:25,JFTXFC,NA/Fwd NDF CNY KHR,CNY KHR,Spot,Forward price of underlying instrument,CASH,Cash,CNY,KHR,CNY,,,,,,,,,
1,Foreign_Exchange,Forward,NDF,UPI,QZ02SK158VP8,New,,2024-01-28 16:25:25,JFTXFC,NA/Fwd NDF CNY KHR,CNY KHR,Spot,Forward price of underlying instrument,CASH,Cash,CNY,KHR,EUR,,,,,,,,,
1,Foreign_Exchange,Forward,NDF,UPI,QZ71039TBRCN,New,,2024-01-28 16:25:26,JFTXFC,NA/Fwd NDF CNY KHR,CNY KHR,Spot,Forward price of underlying instrument,CASH,Cash,CNY,KHR,JPY,,,,,,,,,
1,Foreign_Exchange,Forward,NDF,UPI,QZ3P0FWP02JW,New,,2024-01-28 16:25:26,JFTXFC,NA/Fwd NDF CNY KHR,CNY KHR,Spot,Forward price of underlying instrument,CASH,Cash,CNY,KHR,KHR,,,,,,,,,
1,Foreign_Exchange,Forward,NDF,UPI,QZCPQ7V0Q6KN,New,,2024-01-28 16:25:27,JFTXFC,NA/Fwd NDF CNY KHR,CNY KHR,Spot,Forward price of underlying instrument,CASH,Cash,CNY,KHR,USD,,,,,,,,,
1,Foreign_Exchange,Forward,NDF,UPI,QZMC6P86LSW2,New,,2024-01-28 16:25:27,JFTXFC,NA/Fwd NDF CNY KWD,CNY KWD,Spot,Forward price of underlying instrument,CASH,Cash,CNY,KWD,CNY,,,,,,,,,
1,Foreign_Exchange,Forward,NDF,UPI,QZ41RN8XJXJG,New,,2024-01-28 16:25:28,JFTXFC,NA/Fwd NDF CNY LAK,CNY LAK,Spot,Forward price of underlying instrument,CASH,Cash,CNY,LAK,EUR,,,,,,,,,
1,Foreign_Exchange,Forward,NDF,UPI,QZ2S6G8G8NKG,New,,2024-01-28 16:25:28,JFTXFC,NA/Fwd NDF CNY KWD,CNY KWD,Spot,Forward price of underlying instrument,CASH,Cash,CNY,KWD,KWD,,,,,,,,,
1,Foreign_Exchange,Forward,NDF,UPI,QZ1PR96KM07C,New,,2024-01-28 16:25:28,JFTXFC,NA/Fwd NDF CNY LAK,CNY LAK,Spot,Forward price of underlying instrument,CASH,Cash,CNY,LAK,CNY,,,,,,,,,
1,Foreign_Exchange,Forward,NDF,UPI,QZMSC4L7NQRR,New,,2024-01-28 16:25:29,JFTXFC,NA/Fwd NDF CNY LAK,CNY LAK,Spot,Forward price of underlying instrument,CASH,Cash,CNY,LAK,LAK,,,,,,,,,
1,Foreign_Exchange,Forward,NDF,UPI,QZ19ZGGWSKW3,New,,2024-01-28 16:25:29,JFTXFC,NA/Fwd NDF CNY LAK,CNY LAK,Spot,Forward price of underlying instrument,CASH,Cash,CNY,LAK,JPY,,,,,,,,,
1,Foreign_Exchange,Forward,NDF,UPI,QZH8JLSLPL41,New,,2024-01-28 16:25:30,JFTXFC,NA/Fwd NDF CNY LKR,CNY LKR,Spot,Forward price of underlying instrument,CASH,Cash,CNY,LKR,LKR,,,,,,,,,
1,Foreign_Exchange,Forward,NDF,UPI,QZPC7GCDXQK7,New,,2024-01-28 16:25:30,JFTXFC,NA/Fwd NDF CNY LAK,CNY LAK,Spot,Forward price of underlying instrument,CASH,Cash,CNY,LAK,USD,,,,,,,,,
1,Foreign_Exchange,Forward,NDF,UPI,QZ62CFCZTWN1,New,,2024-01-28 16:25:30,JFTXFC,NA/Fwd NDF CNY LKR,CNY LKR,Spot,Forward price of underlying instrument,CASH,Cash,CNY,LKR,CNY,,,,,,,,,
1,Foreign_Exchange,Forward,NDF,UPI,QZST7T1ZXR2B,New,,2024-01-28 16:25:31,JFTXFC,NA/Fwd NDF CNY MAD,CNY MAD,Spot,Forward price of underlying instrument,CASH,Cash,CNY,MAD,CNY,,,,,,,,,
1,Foreign_Exchange,Forward,NDF,UPI,QZQCBL11CC8P,New,,2024-01-28 16:25:31,JFTXFC,NA/Fwd NDF CNY MMK,CNY MMK,Spot,Forward price of underlying instrument,CASH,Cash,CNY,MMK,CNY,,,,,,,,,
1,Foreign_Exchange,Forward,NDF,UPI,QZQJ3JSRD9F1,New,,2024-01-28 16:25:32,JFTXFC,NA/Fwd NDF CNY MMK,CNY MMK,Spot,Forward price of underlying instrument,CASH,Cash,CNY,MMK,EUR,,,,,,,,,
1,Foreign_Exchange,Forward,NDF,UPI,QZQ4ZT1C1ZHV,New,,2024-01-28 16:25:32,JFTXFC,NA/Fwd NDF CNY MMK,CNY MMK,Spot,Forward price of underlying instrument,CASH,Cash,CNY,MMK,JPY,,,,,,,,,
1,Foreign_Exchange,Forward,NDF,UPI,QZ3B7T6FLJCB,New,,2024-01-28 16:25:33,JFTXFC,NA/Fwd NDF CNY MMK,CNY MMK,Spot,Forward price of underlying instrument,CASH,Cash,CNY,MMK,MMK,,,,,,,,,
1,Foreign_Exchange,Forward,NDF,UPI,QZK9XX10BGMF,New,,2024-01-28 16:25:33,JFTXFC,NA/Fwd NDF CNY MMK,CNY MMK,Spot,Forward price of underlying instrument,CASH,Cash,CNY,MMK,USD,,,,,,,,,
1,Foreign_Exchange,Forward,NDF,UPI,QZBQBQDHKW6R,New,,2024-01-28 16:25:33,JFTXFC,NA/Fwd NDF CNY MNT,CNY MNT,Spot,Forward price of underlying instrument,CASH,Cash,CNY,MNT,CNY,,,,,,,,,
1,Foreign_Exchange,Forward,NDF,UPI,QZ6KSL9RX40R,New,,2024-01-28 16:25:34,JFTXFC,NA/Fwd NDF CNY MNT,CNY MNT,Spot,Forward price of underlying instrument,CASH,Cash,CNY,MNT,EUR,,,,,,,,,
1,Foreign_Exchange,Forward,NDF,UPI,QZ0SQJWQH7WH,New,,2024-01-28 16:25:34,JFTXFC,NA/Fwd NDF CNY MNT,CNY MNT,Spot,Forward price of underlying instrument,CASH,Cash,CNY,MNT,JPY,,,,,,,,,
1,Foreign_Exchange,Forward,NDF,UPI,QZ63VD67632X,New,,2024-01-28 16:25:35,JFTXFC,NA/Fwd NDF CNY MNT,CNY MNT,Spot,Forward price of underlying instrument,CASH,Cash,CNY,MNT,USD,,,,,,,,,
1,Foreign_Exchange,Forward,NDF,UPI,QZJ9BLRDGNG6,New,,2024-01-28 16:25:35,JFTXFC,NA/Fwd NDF CNY MNT,CNY MNT,Spot,Forward price of underlying instrument,CASH,Cash,CNY,MNT,MNT,,,,,,,,,
1,Foreign_Exchange,Forward,NDF,UPI,QZ5WSM6LPF1W,New,,2024-01-28 16:25:35,JFTXFC,NA/Fwd NDF CNY MOP,CNY MOP,Spot,Forward price of underlying instrument,CASH,Cash,CNY,MOP,CNY,,,,,,,,,
1,Foreign_Exchange,Forward,NDF,UPI,QZZQ16WDRZXL,New,,2024-01-28 16:25:36,JFTXFC,NA/Fwd NDF CNY MOP,CNY MOP,Spot,Forward price of underlying instrument,CASH,Cash,CNY,MOP,EUR,,,,,,,,,
1,Foreign_Exchange,Forward,NDF,UPI,QZ634P00P9V0,New,,2024-01-28 16:25:36,JFTXFC,NA/Fwd NDF CNY MOP,CNY MOP,Spot,Forward price of underlying instrument,CASH,Cash,CNY,MOP,JPY,,,,,,,,,
1,Foreign_Exchange,Forward,NDF,UPI,QZ94DBB8LJZQ,New,,2024-01-28 16:25:37,JFTXFC,NA/Fwd NDF CNY MOP,CNY MOP,Spot,Forward price of underlying instrument,CASH,Cash,CNY,MOP,MOP,,,,,,,,,
1,Foreign_Exchange,Forward,NDF,UPI,QZ8LK1Z8R9XC,New,,2024-01-28 16:25:37,JFTXFC,NA/Fwd NDF CNY MOP,CNY MOP,Spot,Forward price of underlying instrument,CASH,Cash,CNY,MOP,USD,,,,,,,,,
1,Foreign_Exchange,Forward,NDF,UPI,QZQNFS5NLH0B,New,,2024-01-28 16:25:38,JFTXFC,NA/Fwd NDF CNY MZN,CNY MZN,Spot,Forward price of underlying instrument,CASH,Cash,CNY,MZN,CNY,,,,,,,,,
1,Foreign_Exchange,Forward,NDF,UPI,QZB72MMN6F6M,New,,2024-01-28 16:25:38,JFTXFC,NA/Fwd NDF CNY MZN,CNY MZN,Spot,Forward price of underlying instrument,CASH,Cash,CNY,MZN,MZN,,,,,,,,,
1,Foreign_Exchange,Forward,NDF,UPI,QZ22Q1N5N15X,New,,2024-01-28 16:25:38,JFTXFC,NA/Fwd NDF CNY NGN,CNY NGN,Spot,Forward price of underlying instrument,CASH,Cash,CNY,NGN,CNY,,,,,,,,,
1,Foreign_Exchange,Forward,NDF,UPI,QZ14NJ0Z1X5J,New,,2024-01-28 16:25:39,JFTXFC,NA/Fwd NDF CNY NGN,CNY NGN,Spot,Forward price of underlying instrument,CASH,Cash,CNY,NGN,NGN,,,,,,,,,
1,Foreign_Exchange,Forward,NDF,UPI,QZ8CB9J3LT6D,New,,2024-01-28 16:25:39,JFTXFC,NA/Fwd NDF CNY NOK,CNY NOK,Spot,Forward price of underlying instrument,CASH,Cash,CNY,NOK,CNY,,,,,,,,,
1,Foreign_Exchange,Forward,NDF,UPI,QZHN90HFB2KD,New,,2024-01-28 16:25:40,JFTXFC,NA/Fwd NDF CNY NOK,CNY NOK,Spot,Forward price of underlying instrument,CASH,Cash,CNY,NOK,JPY,,,,,,,,,
1,Foreign_Exchange,Forward,NDF,UPI,QZLW77TGN327,New,,2024-01-28 16:25:40,JFTXFC,NA/Fwd NDF CNY NOK,CNY NOK,Spot,Forward price of underlying instrument,CASH,Cash,CNY,NOK,EUR,,,,,,,,,
1,Foreign_Exchange,Forward,NDF,UPI,QZZ5V6WWVQP9,New,,2024-01-28 16:25:41,JFTXFC,NA/Fwd NDF CNY NPR,CNY NPR,Spot,Forward price of underlying instrument,CASH,Cash,CNY,NPR,CNY,,,,,,,,,
1,Foreign_Exchange,Forward,NDF,UPI,QZC4H2LXL8MG,New,,2024-01-28 16:25:41,JFTXFC,NA/Fwd NDF CNY NPR,CNY NPR,Spot,Forward price of underlying instrument,CASH,Cash,CNY,NPR,NPR,,,,,,,,,
1,Foreign_Exchange,Forward,NDF,UPI,QZD6HQ352C02,New,,2024-01-28 16:25:41,JFTXFC,NA/Fwd NDF CNY NZD,CNY NZD,Spot,Forward price of underlying instrument,CASH,Cash,CNY,NZD,EUR,,,,,,,,,
1,Foreign_Exchange,Forward,NDF,UPI,QZXQZ9PV2LW0,New,,2024-01-28 16:25:42,JFTXFC,NA/Fwd NDF CNY PGK,CNY PGK,Spot,Forward price of underlying instrument,CASH,Cash,CNY,PGK,CNY,,,,,,,,,
1,Foreign_Exchange,Forward,NDF,UPI,QZDW5KFWS9KR,New,,2024-01-28 16:25:42,JFTXFC,NA/Fwd NDF CNY NZD,CNY NZD,Spot,Forward price of underlying instrument,CASH,Cash,CNY,NZD,JPY,,,,,,,,,
1,Foreign_Exchange,Forward,NDF,UPI,QZQ2VV2PKFF0,New,,2024-01-28 16:25:43,JFTXFC,NA/Fwd NDF CNY PGK,CNY PGK,Spot,Forward price of underlying instrument,CASH,Cash,CNY,PGK,PGK,,,,,,,,,
1,Foreign_Exchange,Forward,NDF,UPI,QZ9KHTL0GZMT,New,,2024-01-28 16:25:43,JFTXFC,NA/Fwd NDF CNY QAR,CNY QAR,Spot,Forward price of underlying instrument,CASH,Cash,CNY,QAR,CNY,,,,,,,,,
1,Foreign_Exchange,Forward,NDF,UPI,QZZTRGD4HQZ0,New,,2024-01-28 16:25:44,JFTXFC,NA/Fwd NDF CNY SGD,CNY SGD,Spot,Forward price of underlying instrument,CASH,Cash,CNY,SGD,EUR,,,,,,,,,
1,Foreign_Exchange,Forward,NDF,UPI,QZKG26PMPQFJ,New,,2024-01-28 16:25:44,JFTXFC,NA/Fwd NDF CNY SEK,CNY SEK,Spot,Forward price of underlying instrument,CASH,Cash,CNY,SEK,EUR,,,,,,,,,
1,Foreign_Exchange,Forward,NDF,UPI,QZ6SC96BSG9V,New,,2024-01-28 16:25:44,JFTXFC,NA/Fwd NDF CNY SEK,CNY SEK,Spot,Forward price of underlying instrument,CASH,Cash,CNY,SEK,JPY,,,,,,,,,
1,Foreign_Exchange,Forward,NDF,UPI,QZLB2M234W4X,New,,2024-01-28 16:25:45,JFTXFC,NA/Fwd NDF CNY SGD,CNY SGD,Spot,Forward price of underlying instrument,CASH,Cash,CNY,SGD,JPY,,,,,,,,,
1,Foreign_Exchange,Forward,NDF,UPI,QZQS3GXT2760,New,,2024-01-28 16:25:45,JFTXFC,NA/Fwd NDF CNY THB,CNY THB,Spot,Forward price of underlying instrument,CASH,Cash,CNY,THB,JPY,,,,,,,,,
1,Foreign_Exchange,Forward,NDF,UPI,QZZXGG7HJXXD,New,,2024-01-28 16:25:46,JFTXFC,NA/Fwd NDF CNY TRY,CNY TRY,Spot,Forward price of underlying instrument,CASH,Cash,CNY,TRY,CNY,,,,,,,,,
1,Foreign_Exchange,Forward,NDF,UPI,QZZ1N58X2VKN,New,,2024-01-28 16:25:46,JFTXFC,NA/Fwd NDF CNY UGX,CNY UGX,Spot,Forward price of underlying instrument,CASH,Cash,CNY,UGX,CNY,,,,,,,,,
1,Foreign_Exchange,Forward,NDF,UPI,QZVHNNF8GG5G,New,,2024-01-28 16:25:47,JFTXFC,NA/Fwd NDF CNY UGX,CNY UGX,Spot,Forward price of underlying instrument,CASH,Cash,CNY,UGX,UGX,,,,,,,,,
1,Foreign_Exchange,Forward,NDF,UPI,QZNW6X61F8PG,New,,2024-01-28 16:25:47,JFTXFC,NA/Fwd NDF CNY VEF,CNY VEF,Spot,Forward price of underlying instrument,CASH,Cash,CNY,VEF,CNY,,,,,,,,,
1,Foreign_Exchange,Forward,NDF,UPI,QZSW73PGZKMN,New,,2024-01-28 16:25:47,JFTXFC,NA/Fwd NDF CNY VEF,CNY VEF,Spot,Forward price of underlying instrument,CASH,Cash,CNY,VEF,EUR,,,,,,,,,
1,Foreign_Exchange,Forward,NDF,UPI,QZS01M3320MV,New,,2024-01-28 16:25:48,JFTXFC,NA/Fwd NDF CNY VEF,CNY VEF,Spot,Forward price of underlying instrument,CASH,Cash,CNY,VEF,JPY,,,,,,,,,
1,Foreign_Exchange,Forward,NDF,UPI,QZH2XZHB5CJ5,New,,2024-01-28 16:25:48,JFTXFC,NA/Fwd NDF CNY VEF,CNY VEF,Spot,Forward price of underlying instrument,CASH,Cash,CNY,VEF,USD,,,,,,,,,
1,Foreign_Exchange,Forward,NDF,UPI,QZCZ0MRHDP9X,New,,2024-01-28 16:25:49,JFTXFC,NA/Fwd NDF CNY VND,CNY VND,Spot,Forward price of underlying instrument,CASH,Cash,CNY,VND,EUR,,,,,,,,,
1,Foreign_Exchange,Forward,NDF,UPI,QZ3ZHZS8J1ZZ,New,,2024-01-28 16:25:49,JFTXFC,NA/Fwd NDF CNY VEF,CNY VEF,Spot,Forward price of underlying instrument,CASH,Cash,CNY,VEF,VEF,,,,,,,,,
1,Foreign_Exchange,Forward,NDF,UPI,QZ191MM8Z3BR,New,,2024-01-28 16:25:50,JFTXFC,NA/Fwd NDF CNY VND,CNY VND,Spot,Forward price of underlying instrument,CASH,Cash,CNY,VND,USD,,,,,,,,,
1,Foreign_Exchange,Forward,NDF,UPI,QZM10FQ38J2N,New,,2024-01-28 16:25:50,JFTXFC,NA/Fwd NDF CNY VND,CNY VND,Spot,Forward price of underlying instrument,CASH,Cash,CNY,VND,JPY,,,,,,,,,
1,Foreign_Exchange,Forward,NDF,UPI,QZ08QH6H3DL4,New,,2024-01-28 16:25:50,JFTXFC,NA/Fwd NDF COP JPY,COP JPY,Spot,Forward price of underlying instrument,CASH,Cash,COP,JPY,EUR,,,,,,,,,
1,Foreign_Exchange,Forward,NDF,UPI,QZ9F57D5DXVW,New,,2024-01-28 16:25:51,JFTXFC,NA/Fwd NDF COP NOK,COP NOK,Spot,Forward price of underlying instrument,CASH,Cash,COP,NOK,COP,,,,,,,,,
1,Foreign_Exchange,Forward,NDF,UPI,QZ9XG96J15CJ,New,,2024-01-28 16:25:51,JFTXFC,NA/Fwd NDF COP SGD,COP SGD,Spot,Forward price of underlying instrument,CASH,Cash,COP,SGD,EUR,,,,,,,,,
1,Foreign_Exchange,Forward,NDF,UPI,QZSCBHM80328,New,,2024-01-28 16:25:52,JFTXFC,NA/Fwd NDF COP SGD,COP SGD,Spot,Forward price of underlying instrument,CASH,Cash,COP,SGD,JPY,,,,,,,,,
1,Foreign_Exchange,Forward,NDF,UPI,QZ2MX9DCGD8R,New,,2024-01-28 16:25:52,JFTXFC,NA/Fwd NDF COP USD,COP USD,Spot,Forward price of underlying instrument,CASH,Cash,COP,USD,JPY,,,,,,,,,
1,Foreign_Exchange,Forward,NDF,UPI,QZWCX9XLJH4X,New,,2024-01-28 16:25:53,JFTXFC,NA/Fwd NDF CZK HKD,CZK HKD,Spot,Forward price of underlying instrument,CASH,Cash,CZK,HKD,CZK,,,,,,,,,
1,Foreign_Exchange,Forward,NDF,UPI,QZ73M24X8XCP,New,,2024-01-28 16:25:53,JFTXFC,NA/Fwd NDF CZK HKD,CZK HKD,Spot,Forward price of underlying instrument,CASH,Cash,CZK,HKD,EUR,,,,,,,,,
1,Foreign_Exchange,Forward,NDF,UPI,QZL96MKTCJ24,New,,2024-01-28 16:25:53,JFTXFC,NA/Fwd NDF CZK HKD,CZK HKD,Spot,Forward price of underlying instrument,CASH,Cash,CZK,HKD,JPY,,,,,,,,,
1,Foreign_Exchange,Forward,NDF,UPI,QZ7WNKWJB1FP,New,,2024-01-28 16:25:54,JFTXFC,NA/Fwd NDF CZK HKD,CZK HKD,Spot,Forward price of underlying instrument,CASH,Cash,CZK,HKD,USD,,,,,,,,,
1,Foreign_Exchange,Forward,NDF,UPI,QZSV0120B0MR,New,,2024-01-28 16:25:54,JFTXFC,NA/Fwd NDF CZK HUF,CZK HUF,Spot,Forward price of underlying instrument,CASH,Cash,CZK,HUF,EUR,,,,,,,,,
1,Foreign_Exchange,Forward,NDF,UPI,QZ2RP3BNSMDJ,New,,2024-01-28 16:25:55,JFTXFC,NA/Fwd NDF CZK HUF,CZK HUF,Spot,Forward price of underlying instrument,CASH,Cash,CZK,HUF,JPY,,,,,,,,,
1,Foreign_Exchange,Forward,NDF,UPI,QZFT9GZSDCQP,New,,2024-01-28 16:25:55,JFTXFC,NA/Fwd NDF CZK HUF,CZK HUF,Spot,Forward price of underlying instrument,CASH,Cash,CZK,HUF,USD,,,,,,,,,
1,Foreign_Exchange,Forward,NDF,UPI,QZ19FS6LBKQ0,New,,2024-01-28 16:25:55,JFTXFC,NA/Fwd NDF CZK IDR,CZK IDR,Spot,Forward price of underlying instrument,CASH,Cash,CZK,IDR,CZK,,,,,,,,,
1,Foreign_Exchange,Forward,NDF,UPI,QZXPGKBD8QRP,New,,2024-01-28 16:25:56,JFTXFC,NA/Fwd NDF CZK IDR,CZK IDR,Spot,Forward price of underlying instrument,CASH,Cash,CZK,IDR,EUR,,,,,,,,,
1,Foreign_Exchange,Forward,NDF,UPI,QZ4S84M4ZL4M,New,,2024-01-28 16:25:56,JFTXFC,NA/Fwd NDF CZK IDR,CZK IDR,Spot,Forward price of underlying instrument,CASH,Cash,CZK,IDR,IDR,,,,,,,,,
1,Foreign_Exchange,Forward,NDF,UPI,QZQJ91ZQ36R0,New,,2024-01-28 16:25:57,JFTXFC,NA/Fwd NDF CZK IDR,CZK IDR,Spot,Forward price of underlying instrument,CASH,Cash,CZK,IDR,USD,,,,,,,,,
1,Foreign_Exchange,Forward,NDF,UPI,QZ9NZCNJRQCH,New,,2024-01-28 16:25:57,JFTXFC,NA/Fwd NDF CZK IDR,CZK IDR,Spot,Forward price of underlying instrument,CASH,Cash,CZK,IDR,JPY,,,,,,,,,
1,Foreign_Exchange,Forward,NDF,UPI,QZGW5JC9B2F1,New,,2024-01-28 16:25:58,JFTXFC,NA/Fwd NDF CZK JPY,CZK JPY,Spot,Forward price of underlying instrument,CASH,Cash,CZK,JPY,USD,,,,,,,,,
1,Foreign_Exchange,Forward,NDF,UPI,QZ63038G97ML,New,,2024-01-28 16:25:58,JFTXFC,NA/Fwd NDF CZK JPY,CZK JPY,Spot,Forward price of underlying instrument,CASH,Cash,CZK,JPY,EUR,,,,,,,,,
1,Foreign_Exchange,Forward,NDF,UPI,QZ9X3F32NPK6,New,,2024-01-28 16:25:58,JFTXFC,NA/Fwd NDF CZK INR,CZK INR,Spot,Forward price of underlying instrument,CASH,Cash,CZK,INR,INR,,,,,,,,,
1,Foreign_Exchange,Forward,NDF,UPI,QZXD462WB5Z0,New,,2024-01-28 16:25:59,JFTXFC,NA/Fwd NDF CZK KRW,CZK KRW,Spot,Forward price of underlying instrument,CASH,Cash,CZK,KRW,KRW,,,,,,,,,
1,Foreign_Exchange,Forward,NDF,UPI,QZTFLK3ZF9HX,New,,2024-01-28 16:25:59,JFTXFC,NA/Fwd NDF CZK KWD,CZK KWD,Spot,Forward price of underlying instrument,CASH,Cash,CZK,KWD,CZK,,,,,,,,,
1,Foreign_Exchange,Forward,NDF,UPI,QZ39Z7LH01H6,New,,2024-01-28 16:26:00,JFTXFC,NA/Fwd NDF CZK KWD,CZK KWD,Spot,Forward price of underlying instrument,CASH,Cash,CZK,KWD,KWD,,,,,,,,,
1,Foreign_Exchange,Forward,NDF,UPI,QZV7XH05458G,New,,2024-01-28 16:26:00,JFTXFC,NA/Fwd NDF CZK MYR,CZK MYR,Spot,Forward price of underlying instrument,CASH,Cash,CZK,MYR,CZK,,,,,,,,,
1,Foreign_Exchange,Forward,NDF,UPI,QZWT2F5FC4KG,New,,2024-01-28 16:26:00,JFTXFC,NA/Fwd NDF CZK MYR,CZK MYR,Spot,Forward price of underlying instrument,CASH,Cash,CZK,MYR,EUR,,,,,,,,,
1,Foreign_Exchange,Forward,NDF,UPI,QZNDRDS1TSWF,New,,2024-01-28 16:26:01,JFTXFC,NA/Fwd NDF CZK MYR,CZK MYR,Spot,Forward price of underlying instrument,CASH,Cash,CZK,MYR,JPY,,,,,,,,,
1,Foreign_Exchange,Forward,NDF,UPI,QZ1R1TTHCSCF,New,,2024-01-28 16:26:01,JFTXFC,NA/Fwd NDF CZK MYR,CZK MYR,Spot,Forward price of underlying instrument,CASH,Cash,CZK,MYR,MYR,,,,,,,,,
1,Foreign_Exchange,Forward,NDF,UPI,QZP3MJBJVCFP,New,,2024-01-28 16:26:02,JFTXFC,NA/Fwd NDF CZK MYR,CZK MYR,Spot,Forward price of underlying instrument,CASH,Cash,CZK,MYR,USD,,,,,,,,,
1,Foreign_Exchange,Forward,NDF,UPI,QZV0JSR123LH,New,,2024-01-28 16:26:02,JFTXFC,NA/Fwd NDF CZK NOK,CZK NOK,Spot,Forward price of underlying instrument,CASH,Cash,CZK,NOK,CZK,,,,,,,,,
1,Foreign_Exchange,Forward,NDF,UPI,QZLVV220HB6H,New,,2024-01-28 16:26:03,JFTXFC,NA/Fwd NDF CZK NOK,CZK NOK,Spot,Forward price of underlying instrument,CASH,Cash,CZK,NOK,NOK,,,,,,,,,
1,Foreign_Exchange,Forward,NDF,UPI,QZ91929C1ZDJ,New,,2024-01-28 16:26:03,JFTXFC,NA/Fwd NDF CZK NOK,CZK NOK,Spot,Forward price of underlying instrument,CASH,Cash,CZK,NOK,EUR,,,,,,,,,
1,Foreign_Exchange,Forward,NDF,UPI,QZJSBL35S954,New,,2024-01-28 16:26:03,JFTXFC,NA/Fwd NDF CZK NOK,CZK NOK,Spot,Forward price of underlying instrument,CASH,Cash,CZK,NOK,JPY,,,,,,,,,
1,Foreign_Exchange,Forward,NDF,UPI,QZS78S8H0BWZ,New,,2024-01-28 16:26:04,JFTXFC,NA/Fwd NDF CZK NZD,CZK NZD,Spot,Forward price of underlying instrument,CASH,Cash,CZK,NZD,CZK,,,,,,,,,
1,Foreign_Exchange,Forward,NDF,UPI,QZBNRP7SZQWP,New,,2024-01-28 16:26:04,JFTXFC,NA/Fwd NDF CZK NOK,CZK NOK,Spot,Forward price of underlying instrument,CASH,Cash,CZK,NOK,USD,,,,,,,,,
1,Foreign_Exchange,Forward,NDF,UPI,QZVMFQJ6ZK3Q,New,,2024-01-28 16:26:05,JFTXFC,NA/Fwd NDF CZK NZD,CZK NZD,Spot,Forward price of underlying instrument,CASH,Cash,CZK,NZD,EUR,,,,,,,,,
1,Foreign_Exchange,Forward,NDF,UPI,QZM343Z51V3B,New,,2024-01-28 16:26:05,JFTXFC,NA/Fwd NDF CZK NZD,CZK NZD,Spot,Forward price of underlying instrument,CASH,Cash,CZK,NZD,JPY,,,,,,,,,
1,Foreign_Exchange,Forward,NDF,UPI,QZSL35837F89,New,,2024-01-28 16:26:06,JFTXFC,NA/Fwd NDF CZK PHP,CZK PHP,Spot,Forward price of underlying instrument,CASH,Cash,CZK,PHP,CZK,,,,,,,,,
1,Foreign_Exchange,Forward,NDF,UPI,QZ1C53ZPV6JB,New,,2024-01-28 16:26:06,JFTXFC,NA/Fwd NDF CZK NZD,CZK NZD,Spot,Forward price of underlying instrument,CASH,Cash,CZK,NZD,USD,,,,,,,,,
1,Foreign_Exchange,Forward,NDF,UPI,QZJ0G13J4W3S,New,,2024-01-28 16:26:06,JFTXFC,NA/Fwd NDF CZK NZD,CZK NZD,Spot,Forward price of underlying instrument,CASH,Cash,CZK,NZD,NZD,,,,,,,,,
1,Foreign_Exchange,Forward,NDF,UPI,QZTGLPZDS17N,New,,2024-01-28 16:26:07,JFTXFC,NA/Fwd NDF CZK PHP,CZK PHP,Spot,Forward price of underlying instrument,CASH,Cash,CZK,PHP,PHP,,,,,,,,,
1,Foreign_Exchange,Forward,NDF,UPI,QZ5DXNCS68QD,New,,2024-01-28 16:26:07,JFTXFC,NA/Fwd NDF CZK PKR,CZK PKR,Spot,Forward price of underlying instrument,CASH,Cash,CZK,PKR,CZK,,,,,,,,,
1,Foreign_Exchange,Forward,NDF,UPI,QZ8V15SF5ZMS,New,,2024-01-28 16:26:08,JFTXFC,NA/Fwd NDF CZK PKR,CZK PKR,Spot,Forward price of underlying instrument,CASH,Cash,CZK,PKR,PKR,,,,,,,,,
1,Foreign_Exchange,Forward,NDF,UPI,QZ5SJCMG6SP8,New,,2024-01-28 16:26:08,JFTXFC,NA/Fwd NDF CZK PLN,CZK PLN,Spot,Forward price of underlying instrument,CASH,Cash,CZK,PLN,CZK,,,,,,,,,
1,Foreign_Exchange,Forward,NDF,UPI,QZMTXXD782VD,New,,2024-01-28 16:26:09,JFTXFC,NA/Fwd NDF CZK PLN,CZK PLN,Spot,Forward price of underlying instrument,CASH,Cash,CZK,PLN,EUR,,,,,,,,,
1,Foreign_Exchange,Forward,NDF,UPI,QZND4PNK6MJP,New,,2024-01-28 16:26:09,JFTXFC,NA/Fwd NDF CZK PLN,CZK PLN,Spot,Forward price of underlying instrument,CASH,Cash,CZK,PLN,JPY,,,,,,,,,
1,Foreign_Exchange,Forward,NDF,UPI,QZ6D6MLV5DDB,New,,2024-01-28 16:26:09,JFTXFC,NA/Fwd NDF CZK PLN,CZK PLN,Spot,Forward price of underlying instrument,CASH,Cash,CZK,PLN,USD,,,,,,,,,
1,Foreign_Exchange,Forward,NDF,UPI,QZRZ4SZ550GK,New,,2024-01-28 16:26:10,JFTXFC,NA/Fwd NDF CZK RON,CZK RON,Spot,Forward price of underlying instrument,CASH,Cash,CZK,RON,EUR,,,,,,,,,
1,Foreign_Exchange,Forward,NDF,UPI,QZ8F1RDFJQ8G,New,,2024-01-28 16:26:10,JFTXFC,NA/Fwd NDF CZK RON,CZK RON,Spot,Forward price of underlying instrument,CASH,Cash,CZK,RON,JPY,,,,,,,,,
1,Foreign_Exchange,Forward,NDF,UPI,QZD8V2VSM66D,New,,2024-01-28 16:26:11,JFTXFC,NA/Fwd NDF CZK RON,CZK RON,Spot,Forward price of underlying instrument,CASH,Cash,CZK,RON,RON,,,,,,,,,
1,Foreign_Exchange,Forward,NDF,UPI,QZH8DLL7SFJ6,New,,2024-01-28 16:26:11,JFTXFC,NA/Fwd NDF CZK RON,CZK RON,Spot,Forward price of underlying instrument,CASH,Cash,CZK,RON,USD,,,,,,,,,
1,Foreign_Exchange,Forward,NDF,UPI,QZNTN6J68JG6,New,,2024-01-28 16:26:12,JFTXFC,NA/Fwd NDF CZK RUB,CZK RUB,Spot,Forward price of underlying instrument,CASH,Cash,CZK,RUB,JPY,,,,,,,,,
1,Foreign_Exchange,Forward,NDF,UPI,QZX6XS5W4QNX,New,,2024-01-28 16:26:12,JFTXFC,NA/Fwd NDF CZK RUB,CZK RUB,Spot,Forward price of underlying instrument,CASH,Cash,CZK,RUB,EUR,,,,,,,,,
1,Foreign_Exchange,Forward,NDF,UPI,QZ2B2NFF4WSN,New,,2024-01-28 16:26:12,JFTXFC,NA/Fwd NDF CZK SAR,CZK SAR,Spot,Forward price of underlying instrument,CASH,Cash,CZK,SAR,CZK,,,,,,,,,
1,Foreign_Exchange,Forward,NDF,UPI,QZB794SPH5NK,New,,2024-01-28 16:26:13,JFTXFC,NA/Fwd NDF CZK SEK,CZK SEK,Spot,Forward price of underlying instrument,CASH,Cash,CZK,SEK,EUR,,,,,,,,,
1,Foreign_Exchange,Forward,NDF,UPI,QZGFZFK79TKR,New,,2024-01-28 16:26:13,JFTXFC,NA/Fwd NDF CZK SAR,CZK SAR,Spot,Forward price of underlying instrument,CASH,Cash,CZK,SAR,SAR,,,,,,,,,
1,Foreign_Exchange,Forward,NDF,UPI,QZ0BNJ8B93GX,New,,2024-01-28 16:26:14,JFTXFC,NA/Fwd NDF CZK SEK,CZK SEK,Spot,Forward price of underlying instrument,CASH,Cash,CZK,SEK,JPY,,,,,,,,,
1,Foreign_Exchange,Forward,NDF,UPI,QZQ2Q3WHGNNM,New,,2024-01-28 16:26:14,JFTXFC,NA/Fwd NDF CZK SEK,CZK SEK,Spot,Forward price of underlying instrument,CASH,Cash,CZK,SEK,USD,,,,,,,,,
1,Foreign_Exchange,Forward,NDF,UPI,QZM451BJ6N7K,New,,2024-01-28 16:26:14,JFTXFC,NA/Fwd NDF CZK SGD,CZK SGD,Spot,Forward price of underlying instrument,CASH,Cash,CZK,SGD,CZK,,,,,,,,,
1,Foreign_Exchange,Forward,NDF,UPI,QZV0W3W8SXFP,New,,2024-01-28 16:26:15,JFTXFC,NA/Fwd NDF CZK SGD,CZK SGD,Spot,Forward price of underlying instrument,CASH,Cash,CZK,SGD,EUR,,,,,,,,,
1,Foreign_Exchange,Forward,NDF,UPI,QZX8VP0MR2T7,New,,2024-01-28 16:26:15,JFTXFC,NA/Fwd NDF CZK SGD,CZK SGD,Spot,Forward price of underlying instrument,CASH,Cash,CZK,SGD,JPY,,,,,,,,,
1,Foreign_Exchange,Forward,NDF,UPI,QZV3ZQ7W8LTP,New,,2024-01-28 16:26:16,JFTXFC,NA/Fwd NDF CZK SGD,CZK SGD,Spot,Forward price of underlying instrument,CASH,Cash,CZK,SGD,USD,,,,,,,,,
1,Foreign_Exchange,Forward,NDF,UPI,QZHB59VLPDJC,New,,2024-01-28 16:26:16,JFTXFC,NA/Fwd NDF CZK SGD,CZK SGD,Spot,Forward price of underlying instrument,CASH,Cash,CZK,SGD,SGD,,,,,,,,,
1,Foreign_Exchange,Forward,NDF,UPI,QZW92M4KMB37,New,,2024-01-28 16:26:17,JFTXFC,NA/Fwd NDF CZK THB,CZK THB,Spot,Forward price of underlying instrument,CASH,Cash,CZK,THB,CZK,,,,,,,,,
1,Foreign_Exchange,Forward,NDF,UPI,QZG54HC5H97B,New,,2024-01-28 16:26:17,JFTXFC,NA/Fwd NDF CZK THB,CZK THB,Spot,Forward price of underlying instrument,CASH,Cash,CZK,THB,THB,,,,,,,,,
1,Foreign_Exchange,Forward,NDF,UPI,QZHQF986G1RC,New,,2024-01-28 16:26:17,JFTXFC,NA/Fwd NDF CZK TRY,CZK TRY,Spot,Forward price of underlying instrument,CASH,Cash,CZK,TRY,CZK,,,,,,,,,
1,Foreign_Exchange,Forward,NDF,UPI,QZM77VXX2DHJ,New,,2024-01-28 16:26:18,JFTXFC,NA/Fwd NDF CZK TRY,CZK TRY,Spot,Forward price of underlying instrument,CASH,Cash,CZK,TRY,EUR,,,,,,,,,
1,Foreign_Exchange,Forward,NDF,UPI,QZWFL825520N,New,,2024-01-28 16:26:18,JFTXFC,NA/Fwd NDF CZK TRY,CZK TRY,Spot,Forward price of underlying instrument,CASH,Cash,CZK,TRY,JPY,,,,,,,,,
1,Foreign_Exchange,Forward,NDF,UPI,QZZD0XS56TZP,New,,2024-01-28 16:26:19,JFTXFC,NA/Fwd NDF CZK USD,CZK USD,Spot,Forward price of underlying instrument,CASH,Cash,CZK,USD,JPY,,,,,,,,,
1,Foreign_Exchange,Forward,NDF,UPI,QZ3L0V9187MC,New,,2024-01-28 16:26:19,JFTXFC,NA/Fwd NDF CZK TRY,CZK TRY,Spot,Forward price of underlying instrument,CASH,Cash,CZK,TRY,USD,,,,,,,,,
1,Foreign_Exchange,Forward,NDF,UPI,QZXD6HPGXM8T,New,,2024-01-28 16:26:19,JFTXFC,NA/Fwd NDF CZK USD,CZK USD,Spot,Forward price of underlying instrument,CASH,Cash,CZK,USD,EUR,,,,,,,,,
1,Foreign_Exchange,Forward,NDF,UPI,QZLJJKV0RK6C,New,,2024-01-28 16:26:20,JFTXFC,NA/Fwd NDF DKK EGP,DKK EGP,Spot,Forward price of underlying instrument,CASH,Cash,DKK,EGP,DKK,,,,,,,,,
1,Foreign_Exchange,Forward,NDF,UPI,QZ95LJMMMHQQ,New,,2024-01-28 16:26:20,JFTXFC,NA/Fwd NDF CZK ZAR,CZK ZAR,Spot,Forward price of underlying instrument,CASH,Cash,CZK,ZAR,CZK,,,,,,,,,
1,Foreign_Exchange,Forward,NDF,UPI,QZJ7T1R762DN,New,,2024-01-28 16:26:21,JFTXFC,NA/Fwd NDF DKK HKD,DKK HKD,Spot,Forward price of underlying instrument,CASH,Cash,DKK,HKD,EUR,,,,,,,,,
1,Foreign_Exchange,Forward,NDF,UPI,QZ31SMVGHBQK,New,,2024-01-28 16:26:21,JFTXFC,NA/Fwd NDF DKK EGP,DKK EGP,Spot,Forward price of underlying instrument,CASH,Cash,DKK,EGP,EGP,,,,,,,,,
1,Foreign_Exchange,Forward,NDF,UPI,QZFV79MVP62M,New,,2024-01-28 16:26:22,JFTXFC,NA/Fwd NDF DKK HUF,DKK HUF,Spot,Forward price of underlying instrument,CASH,Cash,DKK,HUF,EUR,,,,,,,,,
1,Foreign_Exchange,Forward,NDF,UPI,QZ0RSWX1B1CJ,New,,2024-01-28 16:26:22,JFTXFC,NA/Fwd NDF DKK HKD,DKK HKD,Spot,Forward price of underlying instrument,CASH,Cash,DKK,HKD,USD,,,,,,,,,
1,Foreign_Exchange,Forward,NDF,UPI,QZWZ584VM7FH,New,,2024-01-28 16:26:22,JFTXFC,NA/Fwd NDF DKK HKD,DKK HKD,Spot,Forward price of underlying instrument,CASH,Cash,DKK,HKD,JPY,,,,,,,,,
1,Foreign_Exchange,Forward,NDF,UPI,QZP3LP352SZ4,New,,2024-01-28 16:26:23,JFTXFC,NA/Fwd NDF DKK HUF,DKK HUF,Spot,Forward price of underlying instrument,CASH,Cash,DKK,HUF,USD,,,,,,,,,
1,Foreign_Exchange,Forward,NDF,UPI,QZFC0669BXWX,New,,2024-01-28 16:26:23,JFTXFC,NA/Fwd NDF DKK HUF,DKK HUF,Spot,Forward price of underlying instrument,CASH,Cash,DKK,HUF,JPY,,,,,,,,,
1,Foreign_Exchange,Forward,NDF,UPI,QZLHKD19Q71H,New,,2024-01-28 16:26:24,JFTXFC,NA/Fwd NDF DKK IDR,DKK IDR,Spot,Forward price of underlying instrument,CASH,Cash,DKK,IDR,JPY,,,,,,,,,
1,Foreign_Exchange,Forward,NDF,UPI,QZJPN81QG5V0,New,,2024-01-28 16:26:24,JFTXFC,NA/Fwd NDF DKK ILS,DKK ILS,Spot,Forward price of underlying instrument,CASH,Cash,DKK,ILS,DKK,,,,,,,,,
1,Foreign_Exchange,Forward,NDF,UPI,QZVCLG9JDX0N,New,,2024-01-28 16:26:24,JFTXFC,NA/Fwd NDF DKK IDR,DKK IDR,Spot,Forward price of underlying instrument,CASH,Cash,DKK,IDR,EUR,,,,,,,,,
1,Foreign_Exchange,Forward,NDF,UPI,QZCM9468QNBF,New,,2024-01-28 16:26:25,JFTXFC,NA/Fwd NDF DKK JPY,DKK JPY,Spot,Forward price of underlying instrument,CASH,Cash,DKK,JPY,EUR,,,,,,,,,
1,Foreign_Exchange,Forward,NDF,UPI,QZF6CXCLCX89,New,,2024-01-28 16:26:25,JFTXFC,NA/Fwd NDF DKK ILS,DKK ILS,Spot,Forward price of underlying instrument,CASH,Cash,DKK,ILS,ILS,,,,,,,,,
1,Foreign_Exchange,Forward,NDF,UPI,QZN95KX29Z96,New,,2024-01-28 16:26:26,JFTXFC,NA/Fwd NDF DKK KRW,DKK KRW,Spot,Forward price of underlying instrument,CASH,Cash,DKK,KRW,JPY,,,,,,,,,
1,Foreign_Exchange,Forward,NDF,UPI,QZ47KGKCST5Z,New,,2024-01-28 16:26:26,JFTXFC,NA/Fwd NDF DKK KRW,DKK KRW,Spot,Forward price of underlying instrument,CASH,Cash,DKK,KRW,EUR,,,,,,,,,
1,Foreign_Exchange,Forward,NDF,UPI,QZTM5PLL27ZG,New,,2024-01-28 16:26:26,JFTXFC,NA/Fwd NDF DKK JPY,DKK JPY,Spot,Forward price of underlying instrument,CASH,Cash,DKK,JPY,USD,,,,,,,,,
1,Foreign_Exchange,Forward,NDF,UPI,QZ2H5X0FB9BQ,New,,2024-01-28 16:26:27,JFTXFC,NA/Fwd NDF DKK KWD,DKK KWD,Spot,Forward price of underlying instrument,CASH,Cash,DKK,KWD,EUR,,,,,,,,,
1,Foreign_Exchange,Forward,NDF,UPI,QZ9BCNVFVC9H,New,,2024-01-28 16:26:27,JFTXFC,NA/Fwd NDF DKK KWD,DKK KWD,Spot,Forward price of underlying instrument,CASH,Cash,DKK,KWD,JPY,,,,,,,,,
1,Foreign_Exchange,Forward,NDF,UPI,QZPZ1CVS5SJ7,New,,2024-01-28 16:26:28,JFTXFC,NA/Fwd NDF DKK KWD,DKK KWD,Spot,Forward price of underlying instrument,CASH,Cash,DKK,KWD,KWD,,,,,,,,,
1,Foreign_Exchange,Forward,NDF,UPI,QZTMSVF3NXH6,New,,2024-01-28 16:26:28,JFTXFC,NA/Fwd NDF DKK KWD,DKK KWD,Spot,Forward price of underlying instrument,CASH,Cash,DKK,KWD,USD,,,,,,,,,
1,Foreign_Exchange,Forward,NDF,UPI,QZMTGTFXNTFB,New,,2024-01-28 16:26:29,JFTXFC,NA/Fwd NDF DKK MXN,DKK MXN,Spot,Forward price of underlying instrument,CASH,Cash,DKK,MXN,EUR,,,,,,,,,
1,Foreign_Exchange,Forward,NDF,UPI,QZ3TKT015CXD,New,,2024-01-28 16:26:29,JFTXFC,NA/Fwd NDF DKK KZT,DKK KZT,Spot,Forward price of underlying instrument,CASH,Cash,DKK,KZT,KZT,,,,,,,,,
1,Foreign_Exchange,Forward,NDF,UPI,QZFW2P06KPSF,New,,2024-01-28 16:26:29,JFTXFC,NA/Fwd NDF DKK KZT,DKK KZT,Spot,Forward price of underlying instrument,CASH,Cash,DKK,KZT,DKK,,,,,,,,,
1,Foreign_Exchange,Forward,NDF,UPI,QZ170JLLDG69,New,,2024-01-28 16:26:30,JFTXFC,NA/Fwd NDF DKK MXN,DKK MXN,Spot,Forward price of underlying instrument,CASH,Cash,DKK,MXN,USD,,,,,,,,,
1,Foreign_Exchange,Forward,NDF,UPI,QZ9348SNJVBZ,New,,2024-01-28 16:26:30,JFTXFC,NA/Fwd NDF DKK MXN,DKK MXN,Spot,Forward price of underlying instrument,CASH,Cash,DKK,MXN,JPY,,,,,,,,,
1,Foreign_Exchange,Forward,NDF,UPI,QZZB6HZZVFCW,New,,2024-01-28 16:26:31,JFTXFC,NA/Fwd NDF DKK MYR,DKK MYR,Spot,Forward price of underlying instrument,CASH,Cash,DKK,MYR,JPY,,,,,,,,,
1,Foreign_Exchange,Forward,NDF,UPI,QZ7XCQKV2THT,New,,2024-01-28 16:26:31,JFTXFC,NA/Fwd NDF DKK NOK,DKK NOK,Spot,Forward price of underlying instrument,CASH,Cash,DKK,NOK,EUR,,,,,,,,,
1,Foreign_Exchange,Forward,NDF,UPI,QZ2N5RZ3ZFQ4,New,,2024-01-28 16:26:31,JFTXFC,NA/Fwd NDF DKK MYR,DKK MYR,Spot,Forward price of underlying instrument,CASH,Cash,DKK,MYR,EUR,,,,,,,,,
1,Foreign_Exchange,Forward,NDF,UPI,QZ4696GWMCZR,New,,2024-01-28 16:26:32,JFTXFC,NA/Fwd NDF DKK NOK,DKK NOK,Spot,Forward price of underlying instrument,CASH,Cash,DKK,NOK,JPY,,,,,,,,,
1,Foreign_Exchange,Forward,NDF,UPI,QZP5SVDQKD1H,New,,2024-01-28 16:26:32,JFTXFC,NA/Fwd NDF DKK NOK,DKK NOK,Spot,Forward price of underlying instrument,CASH,Cash,DKK,NOK,USD,,,,,,,,,
1,Foreign_Exchange,Forward,NDF,UPI,QZC61HDGVP60,New,,2024-01-28 16:26:33,JFTXFC,NA/Fwd NDF DKK NZD,DKK NZD,Spot,Forward price of underlying instrument,CASH,Cash,DKK,NZD,JPY,,,,,,,,,
1,Foreign_Exchange,Forward,NDF,UPI,QZQHPTWGL05M,New,,2024-01-28 16:26:33,JFTXFC,NA/Fwd NDF DKK NZD,DKK NZD,Spot,Forward price of underlying instrument,CASH,Cash,DKK,NZD,USD,,,,,,,,,
1,Foreign_Exchange,Forward,NDF,UPI,QZH10D5Q16G9,New,,2024-01-28 16:26:33,JFTXFC,NA/Fwd NDF DKK NZD,DKK NZD,Spot,Forward price of underlying instrument,CASH,Cash,DKK,NZD,EUR,,,,,,,,,
1,Foreign_Exchange,Forward,NDF,UPI,QZBP1MD7NSRW,New,,2024-01-28 16:26:34,JFTXFC,NA/Fwd NDF DKK PKR,DKK PKR,Spot,Forward price of underlying instrument,CASH,Cash,DKK,PKR,DKK,,,,,,,,,
1,Foreign_Exchange,Forward,NDF,UPI,QZQK74TW1LK1,New,,2024-01-28 16:26:34,JFTXFC,NA/Fwd NDF DKK PEN,DKK PEN,Spot,Forward price of underlying instrument,CASH,Cash,DKK,PEN,PEN,,,,,,,,,
1,Foreign_Exchange,Forward,NDF,UPI,QZ7BGSNJWGZT,New,,2024-01-28 16:26:35,JFTXFC,NA/Fwd NDF DKK PLN,DKK PLN,Spot,Forward price of underlying instrument,CASH,Cash,DKK,PLN,EUR,,,,,,,,,
1,Foreign_Exchange,Forward,NDF,UPI,QZXWRQSFDV3W,New,,2024-01-28 16:26:35,JFTXFC,NA/Fwd NDF DKK PKR,DKK PKR,Spot,Forward price of underlying instrument,CASH,Cash,DKK,PKR,PKR,,,,,,,,,
1,Foreign_Exchange,Forward,NDF,UPI,QZKXLV5F5GSP,New,,2024-01-28 16:26:36,JFTXFC,NA/Fwd NDF DKK PLN,DKK PLN,Spot,Forward price of underlying instrument,CASH,Cash,DKK,PLN,USD,,,,,,,,,
1,Foreign_Exchange,Forward,NDF,UPI,QZ0M3G25CWHJ,New,,2024-01-28 16:26:36,JFTXFC,NA/Fwd NDF DKK QAR,DKK QAR,Spot,Forward price of underlying instrument,CASH,Cash,DKK,QAR,DKK,,,,,,,,,
1,Foreign_Exchange,Forward,NDF,UPI,QZ60SN952CMV,New,,2024-01-28 16:26:36,JFTXFC,NA/Fwd NDF DKK PLN,DKK PLN,Spot,Forward price of underlying instrument,CASH,Cash,DKK,PLN,JPY,,,,,,,,,
1,Foreign_Exchange,Forward,NDF,UPI,QZW8C4RWFB65,New,,2024-01-28 16:26:37,JFTXFC,NA/Fwd NDF DKK RON,DKK RON,Spot,Forward price of underlying instrument,CASH,Cash,DKK,RON,EUR,,,,,,,,,
1,Foreign_Exchange,Forward,NDF,UPI,QZMKFNCTCVSX,New,,2024-01-28 16:26:37,JFTXFC,NA/Fwd NDF DKK QAR,DKK QAR,Spot,Forward price of underlying instrument,CASH,Cash,DKK,QAR,QAR,,,,,,,,,
1,Foreign_Exchange,Forward,NDF,UPI,QZ0CJ992W1QS,New,,2024-01-28 16:26:38,JFTXFC,NA/Fwd NDF DKK RON,DKK RON,Spot,Forward price of underlying instrument,CASH,Cash,DKK,RON,RON,,,,,,,,,
1,Foreign_Exchange,Forward,NDF,UPI,QZT1H4RH8GBG,New,,2024-01-28 16:26:38,JFTXFC,NA/Fwd NDF DKK RON,DKK RON,Spot,Forward price of underlying instrument,CASH,Cash,DKK,RON,JPY,,,,,,,,,
1,Foreign_Exchange,Forward,NDF,UPI,QZ47MZSCCJR1,New,,2024-01-28 16:26:39,JFTXFC,NA/Fwd NDF DKK SAR,DKK SAR,Spot,Forward price of underlying instrument,CASH,Cash,DKK,SAR,DKK,,,,,,,,,
1,Foreign_Exchange,Forward,NDF,UPI,QZNDVHSQKB36,New,,2024-01-28 16:26:39,JFTXFC,NA/Fwd NDF DKK RUB,DKK RUB,Spot,Forward price of underlying instrument,CASH,Cash,DKK,RUB,EUR,,,,,,,,,
1,Foreign_Exchange,Forward,NDF,UPI,QZ0FLXP8KS28,New,,2024-01-28 16:26:39,JFTXFC,NA/Fwd NDF DKK RUB,DKK RUB,Spot,Forward price of underlying instrument,CASH,Cash,DKK,RUB,JPY,,,,,,,,,
1,Foreign_Exchange,Forward,NDF,UPI,QZKHTFVBQ0TT,New,,2024-01-28 16:26:40,JFTXFC,NA/Fwd NDF DKK SAR,DKK SAR,Spot,Forward price of underlying instrument,CASH,Cash,DKK,SAR,EUR,,,,,,,,,
1,Foreign_Exchange,Forward,NDF,UPI,QZS47BP2K82L,New,,2024-01-28 16:26:40,JFTXFC,NA/Fwd NDF DKK SAR,DKK SAR,Spot,Forward price of underlying instrument,CASH,Cash,DKK,SAR,JPY,,,,,,,,,
1,Foreign_Exchange,Forward,NDF,UPI,QZBJJJ6T19HL,New,,2024-01-28 16:26:41,JFTXFC,NA/Fwd NDF DKK SAR,DKK SAR,Spot,Forward price of underlying instrument,CASH,Cash,DKK,SAR,USD,,,,,,,,,
1,Foreign_Exchange,Forward,NDF,UPI,QZSCJSFQS3F8,New,,2024-01-28 16:26:41,JFTXFC,NA/Fwd NDF DKK SEK,DKK SEK,Spot,Forward price of underlying instrument,CASH,Cash,DKK,SEK,EUR,,,,,,,,,
1,Foreign_Exchange,Forward,NDF,UPI,QZP9T2R3C9B3,New,,2024-01-28 16:26:42,JFTXFC,NA/Fwd NDF DKK SEK,DKK SEK,Spot,Forward price of underlying instrument,CASH,Cash,DKK,SEK,JPY,,,,,,,,,
1,Foreign_Exchange,Forward,NDF,UPI,QZ55MX5X4D93,New,,2024-01-28 16:26:42,JFTXFC,NA/Fwd NDF DKK SEK,DKK SEK,Spot,Forward price of underlying instrument,CASH,Cash,DKK,SEK,USD,,,,,,,,,
1,Foreign_Exchange,Forward,NDF,UPI,QZ8ZSW2XH76T,New,,2024-01-28 16:26:42,JFTXFC,NA/Fwd NDF DKK SGD,DKK SGD,Spot,Forward price of underlying instrument,CASH,Cash,DKK,SGD,EUR,,,,,,,,,
1,Foreign_Exchange,Forward,NDF,UPI,QZ79ZLW1VCH9,New,,2024-01-28 16:26:43,JFTXFC,NA/Fwd NDF DKK SGD,DKK SGD,Spot,Forward price of underlying instrument,CASH,Cash,DKK,SGD,USD,,,,,,,,,
1,Foreign_Exchange,Forward,NDF,UPI,QZCJ02TQ8HL3,New,,2024-01-28 16:26:43,JFTXFC,NA/Fwd NDF DKK SGD,DKK SGD,Spot,Forward price of underlying instrument,CASH,Cash,DKK,SGD,JPY,,,,,,,,,
1,Foreign_Exchange,Forward,NDF,UPI,QZ1QZQMTW53Q,New,,2024-01-28 16:26:44,JFTXFC,NA/Fwd NDF DKK THB,DKK THB,Spot,Forward price of underlying instrument,CASH,Cash,DKK,THB,JPY,,,,,,,,,
1,Foreign_Exchange,Forward,NDF,UPI,QZJGLP8KM5TT,New,,2024-01-28 16:26:44,JFTXFC,NA/Fwd NDF DKK THB,DKK THB,Spot,Forward price of underlying instrument,CASH,Cash,DKK,THB,EUR,,,,,,,,,
1,Foreign_Exchange,Forward,NDF,UPI,QZQC0JJQGJ83,New,,2024-01-28 16:26:45,JFTXFC,NA/Fwd NDF DKK THB,DKK THB,Spot,Forward price of underlying instrument,CASH,Cash,DKK,THB,USD,,,,,,,,,
1,Foreign_Exchange,Forward,NDF,UPI,QZMFM968K5NT,New,,2024-01-28 16:26:45,JFTXFC,NA/Fwd NDF DKK TRY,DKK TRY,Spot,Forward price of underlying instrument,CASH,Cash,DKK,TRY,DKK,,,,,,,,,
1,Foreign_Exchange,Forward,NDF,UPI,QZQJ8BF9RG1R,New,,2024-01-28 16:26:45,JFTXFC,NA/Fwd NDF DKK TRY,DKK TRY,Spot,Forward price of underlying instrument,CASH,Cash,DKK,TRY,EUR,,,,,,,,,
1,Foreign_Exchange,Forward,NDF,UPI,QZ5J0R4H4FPZ,New,,2024-01-28 16:26:46,JFTXFC,NA/Fwd NDF DKK TRY,DKK TRY,Spot,Forward price of underlying instrument,CASH,Cash,DKK,TRY,USD,,,,,,,,,
1,Foreign_Exchange,Forward,NDF,UPI,QZ61F2SVZP4T,New,,2024-01-28 16:26:46,JFTXFC,NA/Fwd NDF DKK TRY,DKK TRY,Spot,Forward price of underlying instrument,CASH,Cash,DKK,TRY,JPY,,,,,,,,,
1,Foreign_Exchange,Forward,NDF,UPI,QZ13L0QRJKC9,New,,2024-01-28 16:26:47,JFTXFC,NA/Fwd NDF DKK USD,DKK USD,Spot,Forward price of underlying instrument,CASH,Cash,DKK,USD,EUR,,,,,,,,,
1,Foreign_Exchange,Forward,NDF,UPI,QZ9N4XNP73V0,New,,2024-01-28 16:26:47,JFTXFC,NA/Fwd NDF DKK UAH,DKK UAH,Spot,Forward price of underlying instrument,CASH,Cash,DKK,UAH,UAH,,,,,,,,,
1,Foreign_Exchange,Forward,NDF,UPI,QZWP184VCL31,New,,2024-01-28 16:26:48,JFTXFC,NA/Fwd NDF DKK VND,DKK VND,Spot,Forward price of underlying instrument,CASH,Cash,DKK,VND,DKK,,,,,,,,,
1,Foreign_Exchange,Forward,NDF,UPI,QZVXPFMDVMH7,New,,2024-01-28 16:26:48,JFTXFC,NA/Fwd NDF DKK USD,DKK USD,Spot,Forward price of underlying instrument,CASH,Cash,DKK,USD,JPY,,,,,,,,,
1,Foreign_Exchange,Forward,NDF,UPI,QZK2NXJKDFWP,New,,2024-01-28 16:26:48,JFTXFC,NA/Fwd NDF DKK VND,DKK VND,Spot,Forward price of underlying instrument,CASH,Cash,DKK,VND,EUR,,,,,,,,,
1,Foreign_Exchange,Forward,NDF,UPI,QZKJBW09600N,New,,2024-01-28 16:26:49,JFTXFC,NA/Fwd NDF DKK VND,DKK VND,Spot,Forward price of underlying instrument,CASH,Cash,DKK,VND,USD,,,,,,,,,
1,Foreign_Exchange,Forward,NDF,UPI,QZC8JDR1V28P,New,,2024-01-28 16:26:49,JFTXFC,NA/Fwd NDF DKK VND,DKK VND,Spot,Forward price of underlying instrument,CASH,Cash,DKK,VND,JPY,,,,,,,,,
1,Foreign_Exchange,Forward,NDF,UPI,QZW45CF89RC0,New,,2024-01-28 16:26:50,JFTXFC,NA/Fwd NDF DKK ZAR,DKK ZAR,Spot,Forward price of underlying instrument,CASH,Cash,DKK,ZAR,JPY,,,,,,,,,
1,Foreign_Exchange,Forward,NDF,UPI,QZT72RF2N6PL,New,,2024-01-28 16:26:50,JFTXFC,NA/Fwd NDF DKK VND,DKK VND,Spot,Forward price of underlying instrument,CASH,Cash,DKK,VND,VND,,,,,,,,,
1,Foreign_Exchange,Forward,NDF,UPI,QZQH39X7F8NC,New,,2024-01-28 16:26:50,JFTXFC,NA/Fwd NDF DKK ZAR,DKK ZAR,Spot,Forward price of underlying instrument,CASH,Cash,DKK,ZAR,EUR,,,,,,,,,
1,Foreign_Exchange,Forward,NDF,UPI,QZRHJCGD1N2B,New,,2024-01-28 16:26:51,JFTXFC,NA/Fwd NDF DKK ZAR,DKK ZAR,Spot,Forward price of underlying instrument,CASH,Cash,DKK,ZAR,USD,,,,,,,,,
1,Foreign_Exchange,Forward,NDF,UPI,QZ8ZKWC82VS3,New,,2024-01-28 16:26:51,JFTXFC,NA/Fwd NDF DZD HKD,DZD HKD,Spot,Forward price of underlying instrument,CASH,Cash,DZD,HKD,DZD,,,,,,,,,
1,Foreign_Exchange,Forward,NDF,UPI,QZRQ458LCJVJ,New,,2024-01-28 16:26:52,JFTXFC,NA/Fwd NDF DZD HKD,DZD HKD,Spot,Forward price of underlying instrument,CASH,Cash,DZD,HKD,EUR,,,,,,,,,
1,Foreign_Exchange,Forward,NDF,UPI,QZWPJ8Z7F8ZR,New,,2024-01-28 16:26:52,JFTXFC,NA/Fwd NDF DZD HKD,DZD HKD,Spot,Forward price of underlying instrument,CASH,Cash,DZD,HKD,HKD,,,,,,,,,
1,Foreign_Exchange,Forward,NDF,UPI,QZG913M29XBL,New,,2024-01-28 16:26:53,JFTXFC,NA/Fwd NDF DZD IDR,DZD IDR,Spot,Forward price of underlying instrument,CASH,Cash,DZD,IDR,DZD,,,,,,,,,
1,Foreign_Exchange,Forward,NDF,UPI,QZXGGF10RN4B,New,,2024-01-28 16:26:53,JFTXFC,NA/Fwd NDF DZD HKD,DZD HKD,Spot,Forward price of underlying instrument,CASH,Cash,DZD,HKD,JPY,,,,,,,,,
1,Foreign_Exchange,Forward,NDF,UPI,QZPVLNC231DC,New,,2024-01-28 16:26:53,JFTXFC,NA/Fwd NDF DZD HKD,DZD HKD,Spot,Forward price of underlying instrument,CASH,Cash,DZD,HKD,USD,,,,,,,,,
1,Foreign_Exchange,Forward,NDF,UPI,QZ6JQV7NJFK6,New,,2024-01-28 16:26:54,JFTXFC,NA/Fwd NDF DZD INR,DZD INR,Spot,Forward price of underlying instrument,CASH,Cash,DZD,INR,DZD,,,,,,,,,
1,Foreign_Exchange,Forward,NDF,UPI,QZLMR8MMR45F,New,,2024-01-28 16:26:54,JFTXFC,NA/Fwd NDF DZD IDR,DZD IDR,Spot,Forward price of underlying instrument,CASH,Cash,DZD,IDR,IDR,,,,,,,,,
1,Foreign_Exchange,Forward,NDF,UPI,QZLZGWJSZZ1V,New,,2024-01-28 16:26:55,JFTXFC,NA/Fwd NDF DZD INR,DZD INR,Spot,Forward price of underlying instrument,CASH,Cash,DZD,INR,INR,,,,,,,,,
1,Foreign_Exchange,Forward,NDF,UPI,QZQ23MCQJLWP,New,,2024-01-28 16:26:55,JFTXFC,NA/Fwd NDF DZD JPY,DZD JPY,Spot,Forward price of underlying instrument,CASH,Cash,DZD,JPY,DZD,,,,,,,,,
1,Foreign_Exchange,Forward,NDF,UPI,QZ5P4S6B9GZ5,New,,2024-01-28 16:26:55,JFTXFC,NA/Fwd NDF DZD JPY,DZD JPY,Spot,Forward price of underlying instrument,CASH,Cash,DZD,JPY,EUR,,,,,,,,,
1,Foreign_Exchange,Forward,NDF,UPI,QZGRQ7HC1185,New,,2024-01-28 16:26:56,JFTXFC,NA/Fwd NDF DZD JPY,DZD JPY,Spot,Forward price of underlying instrument,CASH,Cash,DZD,JPY,USD,,,,,,,,,
1,Foreign_Exchange,Forward,NDF,UPI,QZGRCBPTSXNW,New,,2024-01-28 16:26:56,JFTXFC,NA/Fwd NDF DZD JPY,DZD JPY,Spot,Forward price of underlying instrument,CASH,Cash,DZD,JPY,JPY,,,,,,,,,
1,Foreign_Exchange,Forward,NDF,UPI,QZ3MX84K7HRT,New,,2024-01-28 16:26:57,JFTXFC,NA/Fwd NDF DZD KRW,DZD KRW,Spot,Forward price of underlying instrument,CASH,Cash,DZD,KRW,KRW,,,,,,,,,
1,Foreign_Exchange,Forward,NDF,UPI,QZZ2FC5R5QKB,New,,2024-01-28 16:26:57,JFTXFC,NA/Fwd NDF DZD KRW,DZD KRW,Spot,Forward price of underlying instrument,CASH,Cash,DZD,KRW,DZD,,,,,,,,,
1,Foreign_Exchange,Forward,NDF,UPI,QZP7F3SLQCWP,New,,2024-01-28 16:26:58,JFTXFC,NA/Fwd NDF DZD PHP,DZD PHP,Spot,Forward price of underlying instrument,CASH,Cash,DZD,PHP,PHP,,,,,,,,,
1,Foreign_Exchange,Forward,NDF,UPI,QZV2RMQZ4D2R,New,,2024-01-28 16:26:58,JFTXFC,NA/Fwd NDF DZD PHP,DZD PHP,Spot,Forward price of underlying instrument,CASH,Cash,DZD,PHP,DZD,,,,,,,,,
1,Foreign_Exchange,Forward,NDF,UPI,QZMG5T0T73GL,New,,2024-01-28 16:26:58,JFTXFC,NA/Fwd NDF DZD PKR,DZD PKR,Spot,Forward price of underlying instrument,CASH,Cash,DZD,PKR,DZD,,,,,,,,,
1,Foreign_Exchange,Forward,NDF,UPI,QZT2XCV3G3BX,New,,2024-01-28 16:26:59,JFTXFC,NA/Fwd NDF DZD PKR,DZD PKR,Spot,Forward price of underlying instrument,CASH,Cash,DZD,PKR,PKR,,,,,,,,,
1,Foreign_Exchange,Forward,NDF,UPI,QZJVK4MDDH17,New,,2024-01-28 16:26:59,JFTXFC,NA/Fwd NDF DZD SGD,DZD SGD,Spot,Forward price of underlying instrument,CASH,Cash,DZD,SGD,DZD,,,,,,,,,
1,Foreign_Exchange,Forward,NDF,UPI,QZ3C0228QQZT,New,,2024-01-28 16:27:00,JFTXFC,NA/Fwd NDF DZD SGD,DZD SGD,Spot,Forward price of underlying instrument,CASH,Cash,DZD,SGD,EUR,,,,,,,,,
1,Foreign_Exchange,Forward,NDF,UPI,QZCK00KHJCG8,New,,2024-01-28 16:27:00,JFTXFC,NA/Fwd NDF DZD SGD,DZD SGD,Spot,Forward price of underlying instrument,CASH,Cash,DZD,SGD,JPY,,,,,,,,,
1,Foreign_Exchange,Forward,NDF,UPI,QZ8ZLBL5W83M,New,,2024-01-28 16:27:01,JFTXFC,NA/Fwd NDF DZD SGD,DZD SGD,Spot,Forward price of underlying instrument,CASH,Cash,DZD,SGD,USD,,,,,,,,,
1,Foreign_Exchange,Forward,NDF,UPI,QZF5M4J1X5DC,New,,2024-01-28 16:27:01,JFTXFC,NA/Fwd NDF DZD TWD,DZD TWD,Spot,Forward price of underlying instrument,CASH,Cash,DZD,TWD,DZD,,,,,,,,,
1,Foreign_Exchange,Forward,NDF,UPI,QZMJL4VSWX1D,New,,2024-01-28 16:27:01,JFTXFC,NA/Fwd NDF DZD SGD,DZD SGD,Spot,Forward price of underlying instrument,CASH,Cash,DZD,SGD,SGD,,,,,,,,,
1,Foreign_Exchange,Forward,NDF,UPI,QZ6Q545XMBNM,New,,2024-01-28 16:27:02,JFTXFC,NA/Fwd NDF DZD TWD,DZD TWD,Spot,Forward price of underlying instrument,CASH,Cash,DZD,TWD,TWD,,,,,,,,,
1,Foreign_Exchange,Forward,NDF,UPI,QZ2RCDMLSCBK,New,,2024-01-28 16:27:02,JFTXFC,NA/Fwd NDF DZD USD,DZD USD,Spot,Forward price of underlying instrument,CASH,Cash,DZD,USD,EUR,,,,,,,,,
1,Foreign_Exchange,Forward,NDF,UPI,QZQ5F03S7QXW,New,,2024-01-28 16:27:03,JFTXFC,NA/Fwd NDF DZD USD,DZD USD,Spot,Forward price of underlying instrument,CASH,Cash,DZD,USD,JPY,,,,,,,,,
1,Foreign_Exchange,Forward,NDF,UPI,QZGMFDFGN58Z,New,,2024-01-28 16:27:03,JFTXFC,NA/Fwd NDF EGP JPY,EGP JPY,Spot,Forward price of underlying instrument,CASH,Cash,EGP,JPY,EGP,,,,,,,,,
1,Foreign_Exchange,Forward,NDF,UPI,QZ8F22W7K06W,New,,2024-01-28 16:27:04,JFTXFC,NA/Fwd NDF EGP JPY,EGP JPY,Spot,Forward price of underlying instrument,CASH,Cash,EGP,JPY,EUR,,,,,,,,,
1,Foreign_Exchange,Forward,NDF,UPI,QZQ8DBS7QWTJ,New,,2024-01-28 16:27:04,JFTXFC,NA/Fwd NDF EGP NZD,EGP NZD,Spot,Forward price of underlying instrument,CASH,Cash,EGP,NZD,EGP,,,,,,,,,
1,Foreign_Exchange,Forward,NDF,UPI,QZMXCVVTM725,New,,2024-01-28 16:27:04,JFTXFC,NA/Fwd NDF EGP SEK,EGP SEK,Spot,Forward price of underlying instrument,CASH,Cash,EGP,SEK,EGP,,,,,,,,,
1,Foreign_Exchange,Forward,NDF,UPI,QZS3XT93PXVS,New,,2024-01-28 16:27:05,JFTXFC,NA/Fwd NDF EGP SEK,EGP SEK,Spot,Forward price of underlying instrument,CASH,Cash,EGP,SEK,SEK,,,,,,,,,
1,Foreign_Exchange,Forward,NDF,UPI,QZQPL988PNCC,New,,2024-01-28 16:27:05,JFTXFC,NA/Fwd NDF EGP SGD,EGP SGD,Spot,Forward price of underlying instrument,CASH,Cash,EGP,SGD,EUR,,,,,,,,,
1,Foreign_Exchange,Forward,NDF,UPI,QZRK01467S36,New,,2024-01-28 16:27:06,JFTXFC,NA/Fwd NDF EGP USD,EGP USD,Spot,Forward price of underlying instrument,CASH,Cash,EGP,USD,JPY,,,,,,,,,
1,Foreign_Exchange,Forward,NDF,UPI,QZKVVCT1FW1J,New,,2024-01-28 16:27:06,JFTXFC,NA/Fwd NDF EGP SGD,EGP SGD,Spot,Forward price of underlying instrument,CASH,Cash,EGP,SGD,JPY,,,,,,,,,
1,Foreign_Exchange,Forward,NDF,UPI,QZ6BHTCZWMQZ,New,,2024-01-28 16:27:06,JFTXFC,NA/Fwd NDF EGP SGD,EGP SGD,Spot,Forward price of underlying instrument,CASH,Cash,EGP,SGD,USD,,,,,,,,,
1,Foreign_Exchange,Forward,NDF,UPI,QZSL9LPT3W3H,New,,2024-01-28 16:27:07,JFTXFC,NA/Fwd NDF ETB JPY,ETB JPY,Spot,Forward price of underlying instrument,CASH,Cash,ETB,JPY,ETB,,,,,,,,,
1,Foreign_Exchange,Forward,NDF,UPI,QZ3TKRZ1NF4S,New,,2024-01-28 16:27:07,JFTXFC,NA/Fwd NDF ETB JPY,ETB JPY,Spot,Forward price of underlying instrument,CASH,Cash,ETB,JPY,EUR,,,,,,,,,
1,Foreign_Exchange,Forward,NDF,UPI,QZTL7J84TW6S,New,,2024-01-28 16:27:08,JFTXFC,NA/Fwd NDF ETB JPY,ETB JPY,Spot,Forward price of underlying instrument,CASH,Cash,ETB,JPY,USD,,,,,,,,,
1,Foreign_Exchange,Forward,NDF,UPI,QZB0PCNWR5BS,New,,2024-01-28 16:27:08,JFTXFC,NA/Fwd NDF ETB USD,ETB USD,Spot,Forward price of underlying instrument,CASH,Cash,ETB,USD,EUR,,,,,,,,,
1,Foreign_Exchange,Forward,NDF,UPI,QZLXJTNJPMKC,New,,2024-01-28 16:27:08,JFTXFC,NA/Fwd NDF ETB JPY,ETB JPY,Spot,Forward price of underlying instrument,CASH,Cash,ETB,JPY,JPY,,,,,,,,,
1,Foreign_Exchange,Forward,NDF,UPI,QZF5XKJL4J6F,New,,2024-01-28 16:27:09,JFTXFC,NA/Fwd NDF EUR GBP,EUR GBP,Spot,Forward price of underlying instrument,CASH,Cash,EUR,GBP,JPY,,,,,,,,,
1,Foreign_Exchange,Forward,NDF,UPI,QZ5WBKG31JG0,New,,2024-01-28 16:27:09,JFTXFC,NA/Fwd NDF ETB USD,ETB USD,Spot,Forward price of underlying instrument,CASH,Cash,ETB,USD,JPY,,,,,,,,,
1,Foreign_Exchange,Forward,NDF,UPI,QZJSZJSR7QTS,New,,2024-01-28 16:27:10,JFTXFC,NA/Fwd NDF EUR HUF,EUR HUF,Spot,Forward price of underlying instrument,CASH,Cash,EUR,HUF,JPY,,,,,,,,,
1,Foreign_Exchange,Forward,NDF,UPI,QZ41FM4NFQWX,New,,2024-01-28 16:27:10,JFTXFC,NA/Fwd NDF EUR HKD,EUR HKD,Spot,Forward price of underlying instrument,CASH,Cash,EUR,HKD,JPY,,,,,,,,,
1,Foreign_Exchange,Forward,NDF,UPI,QZQ1J7RL4V5L,New,,2024-01-28 16:27:11,JFTXFC,NA/Fwd NDF EUR INR,EUR INR,Spot,Forward price of underlying instrument,CASH,Cash,EUR,INR,JPY,,,,,,,,,
1,Foreign_Exchange,Forward,NDF,UPI,QZ02622K8PF3,New,,2024-01-28 16:27:11,JFTXFC,NA/Fwd NDF EUR ILS,EUR ILS,Spot,Forward price of underlying instrument,CASH,Cash,EUR,ILS,JPY,,,,,,,,,
1,Foreign_Exchange,Forward,NDF,UPI,QZZ5BTX6GP08,New,,2024-01-28 16:27:11,JFTXFC,NA/Fwd NDF EUR IDR,EUR IDR,Spot,Forward price of underlying instrument,CASH,Cash,EUR,IDR,JPY,,,,,,,,,
1,Foreign_Exchange,Forward,NDF,UPI,QZH5NJTSSKWJ,New,,2024-01-28 16:27:12,JFTXFC,NA/Fwd NDF EUR KRW,EUR KRW,Spot,Forward price of underlying instrument,CASH,Cash,EUR,KRW,JPY,,,,,,,,,
1,Foreign_Exchange,Forward,NDF,UPI,QZHXGJL058LV,New,,2024-01-28 16:27:12,JFTXFC,NA/Fwd NDF EUR KWD,EUR KWD,Spot,Forward price of underlying instrument,CASH,Cash,EUR,KWD,JPY,,,,,,,,,
1,Foreign_Exchange,Forward,NDF,UPI,QZSHCMLCVV5M,New,,2024-01-28 16:27:13,JFTXFC,NA/Fwd NDF EUR MAD,EUR MAD,Spot,Forward price of underlying instrument,CASH,Cash,EUR,MAD,JPY,,,,,,,,,
1,Foreign_Exchange,Forward,NDF,UPI,QZT8LQD5C90W,New,,2024-01-28 16:27:13,JFTXFC,NA/Fwd NDF EUR MXN,EUR MXN,Spot,Forward price of underlying instrument,CASH,Cash,EUR,MXN,JPY,,,,,,,,,
1,Foreign_Exchange,Forward,NDF,UPI,QZ436LB0LJ1C,New,,2024-01-28 16:27:14,JFTXFC,NA/Fwd NDF EUR NOK,EUR NOK,Spot,Forward price of underlying instrument,CASH,Cash,EUR,NOK,JPY,,,,,,,,,
1,Foreign_Exchange,Forward,NDF,UPI,QZPH0HC75B3B,New,,2024-01-28 16:27:14,JFTXFC,NA/Fwd NDF EUR MYR,EUR MYR,Spot,Forward price of underlying instrument,CASH,Cash,EUR,MYR,JPY,,,,,,,,,
1,Foreign_Exchange,Forward,NDF,UPI,QZ6CZ2LT2P05,New,,2024-01-28 16:27:14,JFTXFC,NA/Fwd NDF EUR NGN,EUR NGN,Spot,Forward price of underlying instrument,CASH,Cash,EUR,NGN,JPY,,,,,,,,,
1,Foreign_Exchange,Forward,NDF,UPI,QZ26H7PT667K,New,,2024-01-28 16:27:15,JFTXFC,NA/Fwd NDF EUR PEN,EUR PEN,Spot,Forward price of underlying instrument,CASH,Cash,EUR,PEN,JPY,,,,,,,,,
1,Foreign_Exchange,Forward,NDF,UPI,QZPTHMPCHQ6Z,New,,2024-01-28 16:27:15,JFTXFC,NA/Fwd NDF EUR NZD,EUR NZD,Spot,Forward price of underlying instrument,CASH,Cash,EUR,NZD,JPY,,,,,,,,,
1,Foreign_Exchange,Forward,NDF,UPI,QZPL7J85KJD1,New,,2024-01-28 16:27:16,JFTXFC,NA/Fwd NDF EUR PHP,EUR PHP,Spot,Forward price of underlying instrument,CASH,Cash,EUR,PHP,JPY,,,,,,,,,
1,Foreign_Exchange,Forward,NDF,UPI,QZQWR6RPD8H2,New,,2024-01-28 16:27:16,JFTXFC,NA/Fwd NDF EUR PLN,EUR PLN,Spot,Forward price of underlying instrument,CASH,Cash,EUR,PLN,JPY,,,,,,,,,
1,Foreign_Exchange,Forward,NDF,UPI,QZ6VQR1BKT7C,New,,2024-01-28 16:27:17,JFTXFC,NA/Fwd NDF EUR QAR,EUR QAR,Spot,Forward price of underlying instrument,CASH,Cash,EUR,QAR,JPY,,,,,,,,,
1,Foreign_Exchange,Forward,NDF,UPI,QZB3RFGS1X5G,New,,2024-01-28 16:27:17,JFTXFC,NA/Fwd NDF EUR RON,EUR RON,Spot,Forward price of underlying instrument,CASH,Cash,EUR,RON,JPY,,,,,,,,,
1,Foreign_Exchange,Forward,NDF,UPI,QZMWZQZBPW50,New,,2024-01-28 16:27:17,JFTXFC,NA/Fwd NDF EUR RSD,EUR RSD,Spot,Forward price of underlying instrument,CASH,Cash,EUR,RSD,JPY,,,,,,,,,
1,Foreign_Exchange,Forward,NDF,UPI,QZ410S791QN7,New,,2024-01-28 16:27:18,JFTXFC,NA/Fwd NDF EUR RUB,EUR RUB,Spot,Forward price of underlying instrument,CASH,Cash,EUR,RUB,JPY,,,,,,,,,
1,Foreign_Exchange,Forward,NDF,UPI,QZH6LNCFH9QZ,New,,2024-01-28 16:27:18,JFTXFC,NA/Fwd NDF EUR SAR,EUR SAR,Spot,Forward price of underlying instrument,CASH,Cash,EUR,SAR,JPY,,,,,,,,,
1,Foreign_Exchange,Forward,NDF,UPI,QZ83JSV5WKCW,New,,2024-01-28 16:27:19,JFTXFC,NA/Fwd NDF EUR SEK,EUR SEK,Spot,Forward price of underlying instrument,CASH,Cash,EUR,SEK,JPY,,,,,,,,,
1,Foreign_Exchange,Forward,NDF,UPI,QZWZN07VC87H,New,,2024-01-28 16:27:19,JFTXFC,NA/Fwd NDF EUR THB,EUR THB,Spot,Forward price of underlying instrument,CASH,Cash,EUR,THB,JPY,,,,,,,,,
1,Foreign_Exchange,Forward,NDF,UPI,QZFPNS7GS067,New,,2024-01-28 16:27:19,JFTXFC,NA/Fwd NDF EUR SGD,EUR SGD,Spot,Forward price of underlying instrument,CASH,Cash,EUR,SGD,JPY,,,,,,,,,
1,Foreign_Exchange,Forward,NDF,UPI,QZ34M35NN7JX,New,,2024-01-28 16:27:20,JFTXFC,NA/Fwd NDF EUR TWD,EUR TWD,Spot,Forward price of underlying instrument,CASH,Cash,EUR,TWD,JPY,,,,,,,,,
1,Foreign_Exchange,Forward,NDF,UPI,QZXM454XJXZH,New,,2024-01-28 16:27:20,JFTXFC,NA/Fwd NDF EUR TRY,EUR TRY,Spot,Forward price of underlying instrument,CASH,Cash,EUR,TRY,JPY,,,,,,,,,
1,Foreign_Exchange,Forward,NDF,UPI,QZP3QTBH2FGC,New,,2024-01-28 16:27:21,JFTXFC,NA/Fwd NDF EUR USD,EUR USD,Spot,Forward price of underlying instrument,CASH,Cash,EUR,USD,JPY,,,,,,,,,
1,Foreign_Exchange,Forward,NDF,UPI,QZTZDNNPSJFM,New,,2024-01-28 16:27:21,JFTXFC,NA/Fwd NDF EUR ZAR,EUR ZAR,Spot,Forward price of underlying instrument,CASH,Cash,EUR,ZAR,JPY,,,,,,,,,
1,Foreign_Exchange,Forward,NDF,UPI,QZ6QRDJXCSX9,New,,2024-01-28 16:27:22,JFTXFC,NA/Fwd NDF GBP HKD,GBP HKD,Spot,Forward price of underlying instrument,CASH,Cash,GBP,HKD,EUR,,,,,,,,,
1,Foreign_Exchange,Forward,NDF,UPI,QZ7DBV749XKP,New,,2024-01-28 16:27:22,JFTXFC,NA/Fwd NDF GBP HKD,GBP HKD,Spot,Forward price of underlying instrument,CASH,Cash,GBP,HKD,JPY,,,,,,,,,
1,Foreign_Exchange,Forward,NDF,UPI,QZQMNBGLHB4H,New,,2024-01-28 16:27:22,JFTXFC,NA/Fwd NDF GBP HUF,GBP HUF,Spot,Forward price of underlying instrument,CASH,Cash,GBP,HUF,EUR,,,,,,,,,
1,Foreign_Exchange,Forward,NDF,UPI,QZZR2K0DM71R,New,,2024-01-28 16:27:23,JFTXFC,NA/Fwd NDF GBP HUF,GBP HUF,Spot,Forward price of underlying instrument,CASH,Cash,GBP,HUF,JPY,,,,,,,,,
1,Foreign_Exchange,Forward,NDF,UPI,QZ7V8K86F5J4,New,,2024-01-28 16:27:23,JFTXFC,NA/Fwd NDF GBP HUF,GBP HUF,Spot,Forward price of underlying instrument,CASH,Cash,GBP,HUF,USD,,,,,,,,,
1,Foreign_Exchange,Forward,NDF,UPI,QZ4PRX1K9Z3W,New,,2024-01-28 16:27:24,JFTXFC,NA/Fwd NDF GBP INR,GBP INR,Spot,Forward price of underlying instrument,CASH,Cash,GBP,INR,JPY,,,,,,,,,
1,Foreign_Exchange,Forward,NDF,UPI,QZFJM5GH3BBC,New,,2024-01-28 16:27:24,JFTXFC,NA/Fwd NDF GBP IDR,GBP IDR,Spot,Forward price of underlying instrument,CASH,Cash,GBP,IDR,JPY,,,,,,,,,
1,Foreign_Exchange,Forward,NDF,UPI,QZ7CNNG7J0VG,New,,2024-01-28 16:27:24,JFTXFC,NA/Fwd NDF GBP IDR,GBP IDR,Spot,Forward price of underlying instrument,CASH,Cash,GBP,IDR,EUR,,,,,,,,,
1,Foreign_Exchange,Forward,NDF,UPI,QZPWRBWR534B,New,,2024-01-28 16:27:25,JFTXFC,NA/Fwd NDF GBP KRW,GBP KRW,Spot,Forward price of underlying instrument,CASH,Cash,GBP,KRW,EUR,,,,,,,,,
1,Foreign_Exchange,Forward,NDF,UPI,QZTKN36FG94G,New,,2024-01-28 16:27:25,JFTXFC,NA/Fwd NDF GBP JPY,GBP JPY,Spot,Forward price of underlying instrument,CASH,Cash,GBP,JPY,EUR,,,,,,,,,
1,Foreign_Exchange,Forward,NDF,UPI,QZ128P8WHM3W,New,,2024-01-28 16:27:26,JFTXFC,NA/Fwd NDF GBP KWD,GBP KWD,Spot,Forward price of underlying instrument,CASH,Cash,GBP,KWD,EUR,,,,,,,,,
1,Foreign_Exchange,Forward,NDF,UPI,QZ01CH6244J3,New,,2024-01-28 16:27:26,JFTXFC,NA/Fwd NDF GBP KRW,GBP KRW,Spot,Forward price of underlying instrument,CASH,Cash,GBP,KRW,JPY,,,,,,,,,
1,Foreign_Exchange,Forward,NDF,UPI,QZJ44QF2D2QG,New,,2024-01-28 16:27:27,JFTXFC,NA/Fwd NDF GBP KWD,GBP KWD,Spot,Forward price of underlying instrument,CASH,Cash,GBP,KWD,KWD,,,,,,,,,
1,Foreign_Exchange,Forward,NDF,UPI,QZL7LVXXJ8NW,New,,2024-01-28 16:27:27,JFTXFC,NA/Fwd NDF GBP KWD,GBP KWD,Spot,Forward price of underlying instrument,CASH,Cash,GBP,KWD,JPY,,,,,,,,,
1,Foreign_Exchange,Forward,NDF,UPI,QZ6ZWF81PF7P,New,,2024-01-28 16:27:27,JFTXFC,NA/Fwd NDF GBP KWD,GBP KWD,Spot,Forward price of underlying instrument,CASH,Cash,GBP,KWD,USD,,,,,,,,,
1,Foreign_Exchange,Forward,NDF,UPI,QZBZ5VKLMKH8,New,,2024-01-28 16:27:28,JFTXFC,NA/Fwd NDF GBP SAR,GBP SAR,Spot,Forward price of underlying instrument,CASH,Cash,GBP,SAR,USD,,,,,,,,,
1,Foreign_Exchange,Forward,NDF,UPI,QZ04KN82X2JW,New,,2024-01-28 16:27:28,JFTXFC,NA/Fwd NDF GBP MXN,GBP MXN,Spot,Forward price of underlying instrument,CASH,Cash,GBP,MXN,EUR,,,,,,,,,
1,Foreign_Exchange,Forward,NDF,UPI,QZG4J1P67MK2,New,,2024-01-28 16:27:29,JFTXFC,NA/Fwd NDF GBP SEK,GBP SEK,Spot,Forward price of underlying instrument,CASH,Cash,GBP,SEK,EUR,,,,,,,,,
1,Foreign_Exchange,Forward,NDF,UPI,QZCG751NJ937,New,,2024-01-28 16:27:29,JFTXFC,NA/Fwd NDF GBP SGD,GBP SGD,Spot,Forward price of underlying instrument,CASH,Cash,GBP,SGD,EUR,,,,,,,,,
1,Foreign_Exchange,Forward,NDF,UPI,QZLNRMT98VMR,New,,2024-01-28 16:27:29,JFTXFC,NA/Fwd NDF GBP SEK,GBP SEK,Spot,Forward price of underlying instrument,CASH,Cash,GBP,SEK,JPY,,,,,,,,,
1,Foreign_Exchange,Forward,NDF,UPI,QZ6TBFTNVFTM,New,,2024-01-28 16:27:30,JFTXFC,NA/Fwd NDF GBP SGD,GBP SGD,Spot,Forward price of underlying instrument,CASH,Cash,GBP,SGD,JPY,,,,,,,,,
1,Foreign_Exchange,Forward,NDF,UPI,QZ4CF8FTPT27,New,,2024-01-28 16:27:30,JFTXFC,NA/Fwd NDF GBP THB,GBP THB,Spot,Forward price of underlying instrument,CASH,Cash,GBP,THB,EUR,,,,,,,,,
1,Foreign_Exchange,Forward,NDF,UPI,QZ5M133DT1GJ,New,,2024-01-28 16:27:31,JFTXFC,NA/Fwd NDF GBP THB,GBP THB,Spot,Forward price of underlying instrument,CASH,Cash,GBP,THB,JPY,,,,,,,,,
1,Foreign_Exchange,Forward,NDF,UPI,QZWCZ71W9T5G,New,,2024-01-28 16:27:31,JFTXFC,NA/Fwd NDF GBP TRY,GBP TRY,Spot,Forward price of underlying instrument,CASH,Cash,GBP,TRY,EUR,,,,,,,,,
1,Foreign_Exchange,Forward,NDF,UPI,QZHD45SCVJNF,New,,2024-01-28 16:27:32,JFTXFC,NA/Fwd NDF GBP TRY,GBP TRY,Spot,Forward price of underlying instrument,CASH,Cash,GBP,TRY,JPY,,,,,,,,,
1,Foreign_Exchange,Forward,NDF,UPI,QZBBRCW1GLFC,New,,2024-01-28 16:27:32,JFTXFC,NA/Fwd NDF GBP TWD,GBP TWD,Spot,Forward price of underlying instrument,CASH,Cash,GBP,TWD,EUR,,,,,,,,,
1,Foreign_Exchange,Forward,NDF,UPI,QZRZ1MGM2ZB9,New,,2024-01-28 16:27:32,JFTXFC,NA/Fwd NDF GBP TWD,GBP TWD,Spot,Forward price of underlying instrument,CASH,Cash,GBP,TWD,JPY,,,,,,,,,
1,Foreign_Exchange,Forward,NDF,UPI,QZ7Q8RT75P1G,New,,2024-01-28 16:27:33,JFTXFC,NA/Fwd NDF GBP USD,GBP USD,Spot,Forward price of underlying instrument,CASH,Cash,GBP,USD,JPY,,,,,,,,,
1,Foreign_Exchange,Forward,NDF,UPI,QZHJJX4QZ0HR,New,,2024-01-28 16:27:33,JFTXFC,NA/Fwd NDF GBP ZAR,GBP ZAR,Spot,Forward price of underlying instrument,CASH,Cash,GBP,ZAR,EUR,,,,,,,,,
1,Foreign_Exchange,Forward,NDF,UPI,QZC9QL1QRX0P,New,,2024-01-28 16:27:34,JFTXFC,NA/Fwd NDF GBP ZAR,GBP ZAR,Spot,Forward price of underlying instrument,CASH,Cash,GBP,ZAR,JPY,,,,,,,,,
1,Foreign_Exchange,Forward,NDF,UPI,QZ3D68B73BX1,New,,2024-01-28 16:27:34,JFTXFC,NA/Fwd NDF GHS JPY,GHS JPY,Spot,Forward price of underlying instrument,CASH,Cash,GHS,JPY,EUR,,,,,,,,,
1,Foreign_Exchange,Forward,NDF,UPI,QZ4FH98J9R58,New,,2024-01-28 16:27:34,JFTXFC,NA/Fwd NDF GHS JPY,GHS JPY,Spot,Forward price of underlying instrument,CASH,Cash,GHS,JPY,GHS,,,,,,,,,
1,Foreign_Exchange,Forward,NDF,UPI,QZCSRM74K9GN,New,,2024-01-28 16:27:35,JFTXFC,NA/Fwd NDF GHS JPY,GHS JPY,Spot,Forward price of underlying instrument,CASH,Cash,GHS,JPY,USD,,,,,,,,,
1,Foreign_Exchange,Forward,NDF,UPI,QZHDGJT3CM6X,New,,2024-01-28 16:27:35,JFTXFC,NA/Fwd NDF GHS USD,GHS USD,Spot,Forward price of underlying instrument,CASH,Cash,GHS,USD,JPY,,,,,,,,,
1,Foreign_Exchange,Forward,NDF,UPI,QZJJ5H9TPCRH,New,,2024-01-28 16:27:36,JFTXFC,NA/Fwd NDF HKD HUF,HKD HUF,Spot,Forward price of underlying instrument,CASH,Cash,HKD,HUF,EUR,,,,,,,,,
1,Foreign_Exchange,Forward,NDF,UPI,QZ1QJ38H5NJ1,New,,2024-01-28 16:27:36,JFTXFC,NA/Fwd NDF HKD HUF,HKD HUF,Spot,Forward price of underlying instrument,CASH,Cash,HKD,HUF,HKD,,,,,,,,,
1,Foreign_Exchange,Forward,NDF,UPI,QZ71DSN1F5W6,New,,2024-01-28 16:27:36,JFTXFC,NA/Fwd NDF HKD HUF,HKD HUF,Spot,Forward price of underlying instrument,CASH,Cash,HKD,HUF,HUF,,,,,,,,,
1,Foreign_Exchange,Forward,NDF,UPI,QZ3D96B6Q0QK,New,,2024-01-28 16:27:37,JFTXFC,NA/Fwd NDF HKD HUF,HKD HUF,Spot,Forward price of underlying instrument,CASH,Cash,HKD,HUF,USD,,,,,,,,,
1,Foreign_Exchange,Forward,NDF,UPI,QZMVL9R29839,New,,2024-01-28 16:27:37,JFTXFC,NA/Fwd NDF HKD HUF,HKD HUF,Spot,Forward price of underlying instrument,CASH,Cash,HKD,HUF,JPY,,,,,,,,,
1,Foreign_Exchange,Forward,NDF,UPI,QZZLH0CKNFJZ,New,,2024-01-28 16:27:38,JFTXFC,NA/Fwd NDF HKD IDR,HKD IDR,Spot,Forward price of underlying instrument,CASH,Cash,HKD,IDR,JPY,,,,,,,,,
1,Foreign_Exchange,Forward,NDF,UPI,QZVG245VSNSZ,New,,2024-01-28 16:27:38,JFTXFC,NA/Fwd NDF HKD IDR,HKD IDR,Spot,Forward price of underlying instrument,CASH,Cash,HKD,IDR,EUR,,,,,,,,,
1,Foreign_Exchange,Forward,NDF,UPI,QZMZQPDTDTXR,New,,2024-01-28 16:27:39,JFTXFC,NA/Fwd NDF HKD INR,HKD INR,Spot,Forward price of underlying instrument,CASH,Cash,HKD,INR,EUR,,,,,,,,,
1,Foreign_Exchange,Forward,NDF,UPI,QZJ3NWMDWMJZ,New,,2024-01-28 16:27:39,JFTXFC,NA/Fwd NDF HKD JPY,HKD JPY,Spot,Forward price of underlying instrument,CASH,Cash,HKD,JPY,EUR,,,,,,,,,
1,Foreign_Exchange,Forward,NDF,UPI,QZJHFH0FZ9MQ,New,,2024-01-28 16:27:39,JFTXFC,NA/Fwd NDF HKD INR,HKD INR,Spot,Forward price of underlying instrument,CASH,Cash,HKD,INR,JPY,,,,,,,,,
1,Foreign_Exchange,Forward,NDF,UPI,QZP7K9J4V9WR,New,,2024-01-28 16:27:40,JFTXFC,NA/Fwd NDF HKD JPY,HKD JPY,Spot,Forward price of underlying instrument,CASH,Cash,HKD,JPY,USD,,,,,,,,,
1,Foreign_Exchange,Forward,NDF,UPI,QZ2C1L8TNKTG,New,,2024-01-28 16:27:40,JFTXFC,NA/Fwd NDF HKD KHR,HKD KHR,Spot,Forward price of underlying instrument,CASH,Cash,HKD,KHR,EUR,,,,,,,,,
1,Foreign_Exchange,Forward,NDF,UPI,QZCHDFTRDC9G,New,,2024-01-28 16:27:41,JFTXFC,NA/Fwd NDF HKD KHR,HKD KHR,Spot,Forward price of underlying instrument,CASH,Cash,HKD,KHR,HKD,,,,,,,,,
1,Foreign_Exchange,Forward,NDF,UPI,QZ7C75VWRRNN,New,,2024-01-28 16:27:41,JFTXFC,NA/Fwd NDF HKD KHR,HKD KHR,Spot,Forward price of underlying instrument,CASH,Cash,HKD,KHR,JPY,,,,,,,,,
1,Foreign_Exchange,Forward,NDF,UPI,QZTSW9LJQ0WJ,New,,2024-01-28 16:27:41,JFTXFC,NA/Fwd NDF HKD KHR,HKD KHR,Spot,Forward price of underlying instrument,CASH,Cash,HKD,KHR,KHR,,,,,,,,,
1,Foreign_Exchange,Forward,NDF,UPI,QZNVXTSLNNT3,New,,2024-01-28 16:27:42,JFTXFC,NA/Fwd NDF HKD KHR,HKD KHR,Spot,Forward price of underlying instrument,CASH,Cash,HKD,KHR,USD,,,,,,,,,
1,Foreign_Exchange,Forward,NDF,UPI,QZSZ9R4BK9LW,New,,2024-01-28 16:27:42,JFTXFC,NA/Fwd NDF HKD KRW,HKD KRW,Spot,Forward price of underlying instrument,CASH,Cash,HKD,KRW,EUR,,,,,,,,,
1,Foreign_Exchange,Forward,NDF,UPI,QZG0QRXCXRT7,New,,2024-01-28 16:27:43,JFTXFC,NA/Fwd NDF HKD KRW,HKD KRW,Spot,Forward price of underlying instrument,CASH,Cash,HKD,KRW,JPY,,,,,,,,,
1,Foreign_Exchange,Forward,NDF,UPI,QZXK6CJLHLS6,New,,2024-01-28 16:27:43,JFTXFC,NA/Fwd NDF HKD KWD,HKD KWD,Spot,Forward price of underlying instrument,CASH,Cash,HKD,KWD,EUR,,,,,,,,,
1,Foreign_Exchange,Forward,NDF,UPI,QZGLZQC82PF2,New,,2024-01-28 16:27:44,JFTXFC,NA/Fwd NDF HKD KWD,HKD KWD,Spot,Forward price of underlying instrument,CASH,Cash,HKD,KWD,HKD,,,,,,,,,
1,Foreign_Exchange,Forward,NDF,UPI,QZ8LDRXNXGFB,New,,2024-01-28 16:27:44,JFTXFC,NA/Fwd NDF HKD KWD,HKD KWD,Spot,Forward price of underlying instrument,CASH,Cash,HKD,KWD,JPY,,,,,,,,,
1,Foreign_Exchange,Forward,NDF,UPI,QZXZ6DXR7PK5,New,,2024-01-28 16:27:44,JFTXFC,NA/Fwd NDF HKD KWD,HKD KWD,Spot,Forward price of underlying instrument,CASH,Cash,HKD,KWD,KWD,,,,,,,,,
1,Foreign_Exchange,Forward,NDF,UPI,QZCFHC4FB2RW,New,,2024-01-28 16:27:45,JFTXFC,NA/Fwd NDF HKD LAK,HKD LAK,Spot,Forward price of underlying instrument,CASH,Cash,HKD,LAK,EUR,,,,,,,,,
1,Foreign_Exchange,Forward,NDF,UPI,QZZCVD9R0P1F,New,,2024-01-28 16:27:45,JFTXFC,NA/Fwd NDF HKD KWD,HKD KWD,Spot,Forward price of underlying instrument,CASH,Cash,HKD,KWD,USD,,,,,,,,,
1,Foreign_Exchange,Forward,NDF,UPI,QZ73RXKQBQ5B,New,,2024-01-28 16:27:46,JFTXFC,NA/Fwd NDF HKD LAK,HKD LAK,Spot,Forward price of underlying instrument,CASH,Cash,HKD,LAK,JPY,,,,,,,,,
1,Foreign_Exchange,Forward,NDF,UPI,QZBWKKKPR5P5,New,,2024-01-28 16:27:46,JFTXFC,NA/Fwd NDF HKD LAK,HKD LAK,Spot,Forward price of underlying instrument,CASH,Cash,HKD,LAK,HKD,,,,,,,,,
1,Foreign_Exchange,Forward,NDF,UPI,QZQ4DRF2CMMJ,New,,2024-01-28 16:27:47,JFTXFC,NA/Fwd NDF HKD MMK,HKD MMK,Spot,Forward price of underlying instrument,CASH,Cash,HKD,MMK,EUR,,,,,,,,,
1,Foreign_Exchange,Forward,NDF,UPI,QZM8NRCMDN7F,New,,2024-01-28 16:27:47,JFTXFC,NA/Fwd NDF HKD LAK,HKD LAK,Spot,Forward price of underlying instrument,CASH,Cash,HKD,LAK,USD,,,,,,,,,
1,Foreign_Exchange,Forward,NDF,UPI,QZCG24VPXL0S,New,,2024-01-28 16:27:47,JFTXFC,NA/Fwd NDF HKD LAK,HKD LAK,Spot,Forward price of underlying instrument,CASH,Cash,HKD,LAK,LAK,,,,,,,,,
1,Foreign_Exchange,Forward,NDF,UPI,QZZ7W8NRTFB0,New,,2024-01-28 16:27:48,JFTXFC,NA/Fwd NDF HKD MMK,HKD MMK,Spot,Forward price of underlying instrument,CASH,Cash,HKD,MMK,HKD,,,,,,,,,
1,Foreign_Exchange,Forward,NDF,UPI,QZRB7WVDNQ0M,New,,2024-01-28 16:27:48,JFTXFC,NA/Fwd NDF HKD MMK,HKD MMK,Spot,Forward price of underlying instrument,CASH,Cash,HKD,MMK,JPY,,,,,,,,,
1,Foreign_Exchange,Forward,NDF,UPI,QZQFS41BRNRJ,New,,2024-01-28 16:27:49,JFTXFC,NA/Fwd NDF HKD MMK,HKD MMK,Spot,Forward price of underlying instrument,CASH,Cash,HKD,MMK,MMK,,,,,,,,,
1,Foreign_Exchange,Forward,NDF,UPI,QZK76Q0HR49N,New,,2024-01-28 16:27:49,JFTXFC,NA/Fwd NDF HKD MMK,HKD MMK,Spot,Forward price of underlying instrument,CASH,Cash,HKD,MMK,USD,,,,,,,,,
1,Foreign_Exchange,Forward,NDF,UPI,QZ0B2N8PNQCQ,New,,2024-01-28 16:27:50,JFTXFC,NA/Fwd NDF HKD MNT,HKD MNT,Spot,Forward price of underlying instrument,CASH,Cash,HKD,MNT,EUR,,,,,,,,,
1,Foreign_Exchange,Forward,NDF,UPI,QZKS899GNZQ8,New,,2024-01-28 16:27:50,JFTXFC,NA/Fwd NDF HKD MNT,HKD MNT,Spot,Forward price of underlying instrument,CASH,Cash,HKD,MNT,HKD,,,,,,,,,
1,Foreign_Exchange,Forward,NDF,UPI,QZ7HRNSGCLP9,New,,2024-01-28 16:27:50,JFTXFC,NA/Fwd NDF HKD MNT,HKD MNT,Spot,Forward price of underlying instrument,CASH,Cash,HKD,MNT,JPY,,,,,,,,,
1,Foreign_Exchange,Forward,NDF,UPI,QZ3VF3XN3HNB,New,,2024-01-28 16:27:51,JFTXFC,NA/Fwd NDF HKD MNT,HKD MNT,Spot,Forward price of underlying instrument,CASH,Cash,HKD,MNT,USD,,,,,,,,,
1,Foreign_Exchange,Forward,NDF,UPI,QZRPDZ38KNLL,New,,2024-01-28 16:27:51,JFTXFC,NA/Fwd NDF HKD MNT,HKD MNT,Spot,Forward price of underlying instrument,CASH,Cash,HKD,MNT,MNT,,,,,,,,,
1,Foreign_Exchange,Forward,NDF,UPI,QZGLK0P79V9L,New,,2024-01-28 16:27:52,JFTXFC,NA/Fwd NDF HKD MOP,HKD MOP,Spot,Forward price of underlying instrument,CASH,Cash,HKD,MOP,EUR,,,,,,,,,
1,Foreign_Exchange,Forward,NDF,UPI,QZHZL9HPKF1H,New,,2024-01-28 16:27:52,JFTXFC,NA/Fwd NDF HKD MOP,HKD MOP,Spot,Forward price of underlying instrument,CASH,Cash,HKD,MOP,HKD,,,,,,,,,
1,Foreign_Exchange,Forward,NDF,UPI,QZ3N55L07S3Q,New,,2024-01-28 16:27:53,JFTXFC,NA/Fwd NDF HKD MOP,HKD MOP,Spot,Forward price of underlying instrument,CASH,Cash,HKD,MOP,JPY,,,,,,,,,
1,Foreign_Exchange,Forward,NDF,UPI,QZFNS27JMK0S,New,,2024-01-28 16:27:53,JFTXFC,NA/Fwd NDF HKD MOP,HKD MOP,Spot,Forward price of underlying instrument,CASH,Cash,HKD,MOP,MOP,,,,,,,,,
1,Foreign_Exchange,Forward,NDF,UPI,QZRZ9W1T99RF,New,,2024-01-28 16:27:53,JFTXFC,NA/Fwd NDF HKD MOP,HKD MOP,Spot,Forward price of underlying instrument,CASH,Cash,HKD,MOP,USD,,,,,,,,,
1,Foreign_Exchange,Forward,NDF,UPI,QZWPX19LRR5H,New,,2024-01-28 16:27:54,JFTXFC,NA/Fwd NDF HKD MXN,HKD MXN,Spot,Forward price of underlying instrument,CASH,Cash,HKD,MXN,JPY,,,,,,,,,
1,Foreign_Exchange,Forward,NDF,UPI,QZJVKT24JFZ1,New,,2024-01-28 16:27:54,JFTXFC,NA/Fwd NDF HKD MXN,HKD MXN,Spot,Forward price of underlying instrument,CASH,Cash,HKD,MXN,EUR,,,,,,,,,
1,Foreign_Exchange,Forward,NDF,UPI,QZS006LFZMWH,New,,2024-01-28 16:27:55,JFTXFC,NA/Fwd NDF HKD MXN,HKD MXN,Spot,Forward price of underlying instrument,CASH,Cash,HKD,MXN,MXN,,,,,,,,,
1,Foreign_Exchange,Forward,NDF,UPI,QZH79G93034W,New,,2024-01-28 16:27:55,JFTXFC,NA/Fwd NDF HKD MXN,HKD MXN,Spot,Forward price of underlying instrument,CASH,Cash,HKD,MXN,USD,,,,,,,,,
1,Foreign_Exchange,Forward,NDF,UPI,QZSLDDCL1MQQ,New,,2024-01-28 16:27:55,JFTXFC,NA/Fwd NDF HKD MYR,HKD MYR,Spot,Forward price of underlying instrument,CASH,Cash,HKD,MYR,EUR,,,,,,,,,
1,Foreign_Exchange,Forward,NDF,UPI,QZ2RBC0ZHLZ8,New,,2024-01-28 16:27:56,JFTXFC,NA/Fwd NDF HKD NOK,HKD NOK,Spot,Forward price of underlying instrument,CASH,Cash,HKD,NOK,EUR,,,,,,,,,
1,Foreign_Exchange,Forward,NDF,UPI,QZBFWLNTHWH5,New,,2024-01-28 16:27:56,JFTXFC,NA/Fwd NDF HKD MYR,HKD MYR,Spot,Forward price of underlying instrument,CASH,Cash,HKD,MYR,JPY,,,,,,,,,
1,Foreign_Exchange,Forward,NDF,UPI,QZGZ39H08M75,New,,2024-01-28 16:27:57,JFTXFC,NA/Fwd NDF HKD NOK,HKD NOK,Spot,Forward price of underlying instrument,CASH,Cash,HKD,NOK,JPY,,,,,,,,,
1,Foreign_Exchange,Forward,NDF,UPI,QZ0JGGHNR6VM,New,,2024-01-28 16:27:57,JFTXFC,NA/Fwd NDF HKD NOK,HKD NOK,Spot,Forward price of underlying instrument,CASH,Cash,HKD,NOK,USD,,,,,,,,,
1,Foreign_Exchange,Forward,NDF,UPI,QZMFM8RZTNLT,New,,2024-01-28 16:27:58,JFTXFC,NA/Fwd NDF HKD NZD,HKD NZD,Spot,Forward price of underlying instrument,CASH,Cash,HKD,NZD,EUR,,,,,,,,,
1,Foreign_Exchange,Forward,NDF,UPI,QZXV4TTK7MF4,New,,2024-01-28 16:27:58,JFTXFC,NA/Fwd NDF HKD NZD,HKD NZD,Spot,Forward price of underlying instrument,CASH,Cash,HKD,NZD,USD,,,,,,,,,
1,Foreign_Exchange,Forward,NDF,UPI,QZWRN2MZ4Q4Z,New,,2024-01-28 16:27:58,JFTXFC,NA/Fwd NDF HKD NZD,HKD NZD,Spot,Forward price of underlying instrument,CASH,Cash,HKD,NZD,JPY,,,,,,,,,
1,Foreign_Exchange,Forward,NDF,UPI,QZW2XG2DVMNX,New,,2024-01-28 16:27:59,JFTXFC,NA/Fwd NDF HKD PKR,HKD PKR,Spot,Forward price of underlying instrument,CASH,Cash,HKD,PKR,HKD,,,,,,,,,
1,Foreign_Exchange,Forward,NDF,UPI,QZ9T37C0CF7B,New,,2024-01-28 16:27:59,JFTXFC,NA/Fwd NDF HKD PKR,HKD PKR,Spot,Forward price of underlying instrument,CASH,Cash,HKD,PKR,PKR,,,,,,,,,
1,Foreign_Exchange,Forward,NDF,UPI,QZWRMSWCPBQB,New,,2024-01-28 16:28:00,JFTXFC,NA/Fwd NDF HKD PLN,HKD PLN,Spot,Forward price of underlying instrument,CASH,Cash,HKD,PLN,JPY,,,,,,,,,
1,Foreign_Exchange,Forward,NDF,UPI,QZF85B5FK9XG,New,,2024-01-28 16:28:00,JFTXFC,NA/Fwd NDF HKD PLN,HKD PLN,Spot,Forward price of underlying instrument,CASH,Cash,HKD,PLN,EUR,,,,,,,,,
1,Foreign_Exchange,Forward,NDF,UPI,QZPPZ684H4TF,New,,2024-01-28 16:28:00,JFTXFC,NA/Fwd NDF HKD PLN,HKD PLN,Spot,Forward price of underlying instrument,CASH,Cash,HKD,PLN,HKD,,,,,,,,,
1,Foreign_Exchange,Forward,NDF,UPI,QZ7RRNDTGGWN,New,,2024-01-28 16:28:01,JFTXFC,NA/Fwd NDF HKD PLN,HKD PLN,Spot,Forward price of underlying instrument,CASH,Cash,HKD,PLN,USD,,,,,,,,,
1,Foreign_Exchange,Forward,NDF,UPI,QZCCJ49ZWGVP,New,,2024-01-28 16:28:01,JFTXFC,NA/Fwd NDF HKD RON,HKD RON,Spot,Forward price of underlying instrument,CASH,Cash,HKD,RON,EUR,,,,,,,,,
1,Foreign_Exchange,Forward,NDF,UPI,QZ1VX7W32SDX,New,,2024-01-28 16:28:02,JFTXFC,NA/Fwd NDF HKD RON,HKD RON,Spot,Forward price of underlying instrument,CASH,Cash,HKD,RON,HKD,,,,,,,,,
1,Foreign_Exchange,Forward,NDF,UPI,QZV2QHM323JJ,New,,2024-01-28 16:28:02,JFTXFC,NA/Fwd NDF HKD RON,HKD RON,Spot,Forward price of underlying instrument,CASH,Cash,HKD,RON,JPY,,,,,,,,,
1,Foreign_Exchange,Forward,NDF,UPI,QZB2B0ZTFMPG,New,,2024-01-28 16:28:03,JFTXFC,NA/Fwd NDF HKD RON,HKD RON,Spot,Forward price of underlying instrument,CASH,Cash,HKD,RON,USD,,,,,,,,,
1,Foreign_Exchange,Forward,NDF,UPI,QZR7WK1S8DW3,New,,2024-01-28 16:28:03,JFTXFC,NA/Fwd NDF HKD RON,HKD RON,Spot,Forward price of underlying instrument,CASH,Cash,HKD,RON,RON,,,,,,,,,
1,Foreign_Exchange,Forward,NDF,UPI,QZ9Q1VC492XJ,New,,2024-01-28 16:28:03,JFTXFC,NA/Fwd NDF HKD RUB,HKD RUB,Spot,Forward price of underlying instrument,CASH,Cash,HKD,RUB,EUR,,,,,,,,,
1,Foreign_Exchange,Forward,NDF,UPI,QZ824DPD3VHS,New,,2024-01-28 16:28:04,JFTXFC,NA/Fwd NDF HKD RUB,HKD RUB,Spot,Forward price of underlying instrument,CASH,Cash,HKD,RUB,JPY,,,,,,,,,
1,Foreign_Exchange,Forward,NDF,UPI,QZR3NFXD0VGD,New,,2024-01-28 16:28:04,JFTXFC,NA/Fwd NDF HKD SAR,HKD SAR,Spot,Forward price of underlying instrument,CASH,Cash,HKD,SAR,EUR,,,,,,,,,
1,Foreign_Exchange,Forward,NDF,UPI,QZ5WX3K6DPZ9,New,,2024-01-28 16:28:05,JFTXFC,NA/Fwd NDF HKD SAR,HKD SAR,Spot,Forward price of underlying instrument,CASH,Cash,HKD,SAR,JPY,,,,,,,,,
1,Foreign_Exchange,Forward,NDF,UPI,QZGHB4181CJ6,New,,2024-01-28 16:28:05,JFTXFC,NA/Fwd NDF HKD SAR,HKD SAR,Spot,Forward price of underlying instrument,CASH,Cash,HKD,SAR,HKD,,,,,,,,,
1,Foreign_Exchange,Forward,NDF,UPI,QZ9051WH04N7,New,,2024-01-28 16:28:06,JFTXFC,NA/Fwd NDF HKD SAR,HKD SAR,Spot,Forward price of underlying instrument,CASH,Cash,HKD,SAR,USD,,,,,,,,,
1,Foreign_Exchange,Forward,NDF,UPI,QZ53N5X2Z3H3,New,,2024-01-28 16:28:06,JFTXFC,NA/Fwd NDF HKD SAR,HKD SAR,Spot,Forward price of underlying instrument,CASH,Cash,HKD,SAR,SAR,,,,,,,,,
1,Foreign_Exchange,Forward,NDF,UPI,QZ4T2PLMHNS5,New,,2024-01-28 16:28:07,JFTXFC,NA/Fwd NDF HKD SEK,HKD SEK,Spot,Forward price of underlying instrument,CASH,Cash,HKD,SEK,EUR,,,,,,,,,
1,Foreign_Exchange,Forward,NDF,UPI,QZJN7HB61TCP,New,,2024-01-28 16:28:07,JFTXFC,NA/Fwd NDF HKD SEK,HKD SEK,Spot,Forward price of underlying instrument,CASH,Cash,HKD,SEK,JPY,,,,,,,,,
1,Foreign_Exchange,Forward,NDF,UPI,QZ272H7XR6TN,New,,2024-01-28 16:28:07,JFTXFC,NA/Fwd NDF HKD SEK,HKD SEK,Spot,Forward price of underlying instrument,CASH,Cash,HKD,SEK,USD,,,,,,,,,
1,Foreign_Exchange,Forward,NDF,UPI,QZWP8W114XBM,New,,2024-01-28 16:28:08,JFTXFC,NA/Fwd NDF HKD SGD,HKD SGD,Spot,Forward price of underlying instrument,CASH,Cash,HKD,SGD,EUR,,,,,,,,,
1,Foreign_Exchange,Forward,NDF,UPI,QZQKHZCFZ1LT,New,,2024-01-28 16:28:08,JFTXFC,NA/Fwd NDF HKD SGD,HKD SGD,Spot,Forward price of underlying instrument,CASH,Cash,HKD,SGD,JPY,,,,,,,,,
1,Foreign_Exchange,Forward,NDF,UPI,QZZZFKVCMR3X,New,,2024-01-28 16:28:09,JFTXFC,NA/Fwd NDF HKD SGD,HKD SGD,Spot,Forward price of underlying instrument,CASH,Cash,HKD,SGD,USD,,,,,,,,,
1,Foreign_Exchange,Forward,NDF,UPI,QZWFZK6459BF,New,,2024-01-28 16:28:09,JFTXFC,NA/Fwd NDF HKD THB,HKD THB,Spot,Forward price of underlying instrument,CASH,Cash,HKD,THB,JPY,,,,,,,,,
1,Foreign_Exchange,Forward,NDF,UPI,QZQT4NWWWVCN,New,,2024-01-28 16:28:09,JFTXFC,NA/Fwd NDF HKD THB,HKD THB,Spot,Forward price of underlying instrument,CASH,Cash,HKD,THB,EUR,,,,,,,,,
1,Foreign_Exchange,Forward,NDF,UPI,QZ8G5LHXZVJ8,New,,2024-01-28 16:28:10,JFTXFC,NA/Fwd NDF HKD TRY,HKD TRY,Spot,Forward price of underlying instrument,CASH,Cash,HKD,TRY,HKD,,,,,,,,,
1,Foreign_Exchange,Forward,NDF,UPI,QZCNQ50N9CS9,New,,2024-01-28 16:28:10,JFTXFC,NA/Fwd NDF HKD THB,HKD THB,Spot,Forward price of underlying instrument,CASH,Cash,HKD,THB,USD,,,,,,,,,
1,Foreign_Exchange,Forward,NDF,UPI,QZTDC3CD6347,New,,2024-01-28 16:28:11,JFTXFC,NA/Fwd NDF HKD TRY,HKD TRY,Spot,Forward price of underlying instrument,CASH,Cash,HKD,TRY,TRY,,,,,,,,,
1,Foreign_Exchange,Forward,NDF,UPI,QZNVK69QK6WT,New,,2024-01-28 16:28:11,JFTXFC,NA/Fwd NDF HKD TWD,HKD TWD,Spot,Forward price of underlying instrument,CASH,Cash,HKD,TWD,JPY,,,,,,,,,
1,Foreign_Exchange,Forward,NDF,UPI,QZWXR5JPQBTG,New,,2024-01-28 16:28:11,JFTXFC,NA/Fwd NDF HKD TWD,HKD TWD,Spot,Forward price of underlying instrument,CASH,Cash,HKD,TWD,EUR,,,,,,,,,
1,Foreign_Exchange,Forward,NDF,UPI,QZGZ3B47WVJP,New,,2024-01-28 16:28:12,JFTXFC,NA/Fwd NDF HKD VEF,HKD VEF,Spot,Forward price of underlying instrument,CASH,Cash,HKD,VEF,EUR,,,,,,,,,
1,Foreign_Exchange,Forward,NDF,UPI,QZ647JCL6HT6,New,,2024-01-28 16:28:12,JFTXFC,NA/Fwd NDF HKD USD,HKD USD,Spot,Forward price of underlying instrument,CASH,Cash,HKD,USD,JPY,,,,,,,,,
1,Foreign_Exchange,Forward,NDF,UPI,QZHW8DKVPBNH,New,,2024-01-28 16:28:13,JFTXFC,NA/Fwd NDF HKD VEF,HKD VEF,Spot,Forward price of underlying instrument,CASH,Cash,HKD,VEF,HKD,,,,,,,,,
1,Foreign_Exchange,Forward,NDF,UPI,QZWXPQVVXKZG,New,,2024-01-28 16:28:13,JFTXFC,NA/Fwd NDF HKD VEF,HKD VEF,Spot,Forward price of underlying instrument,CASH,Cash,HKD,VEF,JPY,,,,,,,,,
1,Foreign_Exchange,Forward,NDF,UPI,QZSG0QGCJLGK,New,,2024-01-28 16:28:14,JFTXFC,NA/Fwd NDF HKD VEF,HKD VEF,Spot,Forward price of underlying instrument,CASH,Cash,HKD,VEF,USD,,,,,,,,,
1,Foreign_Exchange,Forward,NDF,UPI,QZQX92SR58Q3,New,,2024-01-28 16:28:14,JFTXFC,NA/Fwd NDF HKD VEF,HKD VEF,Spot,Forward price of underlying instrument,CASH,Cash,HKD,VEF,VEF,,,,,,,,,
1,Foreign_Exchange,Forward,NDF,UPI,QZP2MZVVQ56B,New,,2024-01-28 16:28:14,JFTXFC,NA/Fwd NDF HKD VND,HKD VND,Spot,Forward price of underlying instrument,CASH,Cash,HKD,VND,EUR,,,,,,,,,
1,Foreign_Exchange,Forward,NDF,UPI,QZNN71VF7VXW,New,,2024-01-28 16:28:15,JFTXFC,NA/Fwd NDF HKD VND,HKD VND,Spot,Forward price of underlying instrument,CASH,Cash,HKD,VND,USD,,,,,,,,,
1,Foreign_Exchange,Forward,NDF,UPI,QZX539MG388W,New,,2024-01-28 16:28:15,JFTXFC,NA/Fwd NDF HKD VND,HKD VND,Spot,Forward price of underlying instrument,CASH,Cash,HKD,VND,JPY,,,,,,,,,
1,Foreign_Exchange,Forward,NDF,UPI,QZSJK9P1SV4C,New,,2024-01-28 16:28:16,JFTXFC,NA/Fwd NDF HKD ZAR,HKD ZAR,Spot,Forward price of underlying instrument,CASH,Cash,HKD,ZAR,JPY,,,,,,,,,
1,Foreign_Exchange,Forward,NDF,UPI,QZ8MM791R84V,New,,2024-01-28 16:28:16,JFTXFC,NA/Fwd NDF HKD ZAR,HKD ZAR,Spot,Forward price of underlying instrument,CASH,Cash,HKD,ZAR,HKD,,,,,,,,,
1,Foreign_Exchange,Forward,NDF,UPI,QZ43PCTGGT4W,New,,2024-01-28 16:28:16,JFTXFC,NA/Fwd NDF HKD ZAR,HKD ZAR,Spot,Forward price of underlying instrument,CASH,Cash,HKD,ZAR,EUR,,,,,,,,,
1,Foreign_Exchange,Forward,NDF,UPI,QZ24BXHFF9Q5,New,,2024-01-28 16:28:17,JFTXFC,NA/Fwd NDF HKD ZAR,HKD ZAR,Spot,Forward price of underlying instrument,CASH,Cash,HKD,ZAR,ZAR,,,,,,,,,
1,Foreign_Exchange,Forward,NDF,UPI,QZ7D7MT0VDNF,New,,2024-01-28 16:28:17,JFTXFC,NA/Fwd NDF HKD ZAR,HKD ZAR,Spot,Forward price of underlying instrument,CASH,Cash,HKD,ZAR,USD,,,,,,,,,
1,Foreign_Exchange,Forward,NDF,UPI,QZGC81ZP8HJB,New,,2024-01-28 16:28:18,JFTXFC,NA/Fwd NDF HUF IDR,HUF IDR,Spot,Forward price of underlying instrument,CASH,Cash,HUF,IDR,IDR,,,,,,,,,
1,Foreign_Exchange,Forward,NDF,UPI,QZCXTTMRVPG6,New,,2024-01-28 16:28:18,JFTXFC,NA/Fwd NDF HUF INR,HUF INR,Spot,Forward price of underlying instrument,CASH,Cash,HUF,INR,HUF,,,,,,,,,
1,Foreign_Exchange,Forward,NDF,UPI,QZGQJQL1TJCQ,New,,2024-01-28 16:28:18,JFTXFC,NA/Fwd NDF HUF IDR,HUF IDR,Spot,Forward price of underlying instrument,CASH,Cash,HUF,IDR,HUF,,,,,,,,,
1,Foreign_Exchange,Forward,NDF,UPI,QZQTV43DG50M,New,,2024-01-28 16:28:19,JFTXFC,NA/Fwd NDF HUF JPY,HUF JPY,Spot,Forward price of underlying instrument,CASH,Cash,HUF,JPY,EUR,,,,,,,,,
1,Foreign_Exchange,Forward,NDF,UPI,QZ3C84LH0M44,New,,2024-01-28 16:28:19,JFTXFC,NA/Fwd NDF HUF INR,HUF INR,Spot,Forward price of underlying instrument,CASH,Cash,HUF,INR,INR,,,,,,,,,
1,Foreign_Exchange,Forward,NDF,UPI,QZ3TVP73XW8D,New,,2024-01-28 16:28:20,JFTXFC,NA/Fwd NDF HUF JPY,HUF JPY,Spot,Forward price of underlying instrument,CASH,Cash,HUF,JPY,USD,,,,,,,,,
1,Foreign_Exchange,Forward,NDF,UPI,QZZ15G1R8SZP,New,,2024-01-28 16:28:20,JFTXFC,NA/Fwd NDF HUF KRW,HUF KRW,Spot,Forward price of underlying instrument,CASH,Cash,HUF,KRW,KRW,,,,,,,,,
1,Foreign_Exchange,Forward,NDF,UPI,QZ68H76P47G9,New,,2024-01-28 16:28:21,JFTXFC,NA/Fwd NDF HUF NOK,HUF NOK,Spot,Forward price of underlying instrument,CASH,Cash,HUF,NOK,EUR,,,,,,,,,
1,Foreign_Exchange,Forward,NDF,UPI,QZ96FM3SFN0H,New,,2024-01-28 16:28:21,JFTXFC,NA/Fwd NDF HUF NOK,HUF NOK,Spot,Forward price of underlying instrument,CASH,Cash,HUF,NOK,HUF,,,,,,,,,
1,Foreign_Exchange,Forward,NDF,UPI,QZLBHJP7TMM4,New,,2024-01-28 16:28:21,JFTXFC,NA/Fwd NDF HUF NOK,HUF NOK,Spot,Forward price of underlying instrument,CASH,Cash,HUF,NOK,JPY,,,,,,,,,
1,Foreign_Exchange,Forward,NDF,UPI,QZP2B5F208ZD,New,,2024-01-28 16:28:22,JFTXFC,NA/Fwd NDF HUF NOK,HUF NOK,Spot,Forward price of underlying instrument,CASH,Cash,HUF,NOK,USD,,,,,,,,,
1,Foreign_Exchange,Forward,NDF,UPI,QZ9Z7JV8PSKS,New,,2024-01-28 16:28:22,JFTXFC,NA/Fwd NDF HUF NOK,HUF NOK,Spot,Forward price of underlying instrument,CASH,Cash,HUF,NOK,NOK,,,,,,,,,
1,Foreign_Exchange,Forward,NDF,UPI,QZ0FNCXBQJ1T,New,,2024-01-28 16:28:23,JFTXFC,NA/Fwd NDF HUF NZD,HUF NZD,Spot,Forward price of underlying instrument,CASH,Cash,HUF,NZD,JPY,,,,,,,,,
1,Foreign_Exchange,Forward,NDF,UPI,QZXCQF11HDHT,New,,2024-01-28 16:28:23,JFTXFC,NA/Fwd NDF HUF NZD,HUF NZD,Spot,Forward price of underlying instrument,CASH,Cash,HUF,NZD,EUR,,,,,,,,,
1,Foreign_Exchange,Forward,NDF,UPI,QZQXLXQW7V00,New,,2024-01-28 16:28:23,JFTXFC,NA/Fwd NDF HUF NZD,HUF NZD,Spot,Forward price of underlying instrument,CASH,Cash,HUF,NZD,HUF,,,,,,,,,
1,Foreign_Exchange,Forward,NDF,UPI,QZ56DXJR4P8N,New,,2024-01-28 16:28:24,JFTXFC,NA/Fwd NDF HUF PHP,HUF PHP,Spot,Forward price of underlying instrument,CASH,Cash,HUF,PHP,HUF,,,,,,,,,
1,Foreign_Exchange,Forward,NDF,UPI,QZTW5C3ZTX3L,New,,2024-01-28 16:28:24,JFTXFC,NA/Fwd NDF HUF NZD,HUF NZD,Spot,Forward price of underlying instrument,CASH,Cash,HUF,NZD,USD,,,,,,,,,
1,Foreign_Exchange,Forward,NDF,UPI,QZLHD3KC73L7,New,,2024-01-28 16:28:25,JFTXFC,NA/Fwd NDF HUF PKR,HUF PKR,Spot,Forward price of underlying instrument,CASH,Cash,HUF,PKR,HUF,,,,,,,,,
1,Foreign_Exchange,Forward,NDF,UPI,QZHBGPSHFT48,New,,2024-01-28 16:28:25,JFTXFC,NA/Fwd NDF HUF PHP,HUF PHP,Spot,Forward price of underlying instrument,CASH,Cash,HUF,PHP,PHP,,,,,,,,,
1,Foreign_Exchange,Forward,NDF,UPI,QZBQZT4QD2BQ,New,,2024-01-28 16:28:26,JFTXFC,NA/Fwd NDF HUF PLN,HUF PLN,Spot,Forward price of underlying instrument,CASH,Cash,HUF,PLN,JPY,,,,,,,,,
1,Foreign_Exchange,Forward,NDF,UPI,QZPR7KR4MR8Q,New,,2024-01-28 16:28:26,JFTXFC,NA/Fwd NDF HUF PKR,HUF PKR,Spot,Forward price of underlying instrument,CASH,Cash,HUF,PKR,PKR,,,,,,,,,
1,Foreign_Exchange,Forward,NDF,UPI,QZKKXDGZ0PK8,New,,2024-01-28 16:28:26,JFTXFC,NA/Fwd NDF HUF PLN,HUF PLN,Spot,Forward price of underlying instrument,CASH,Cash,HUF,PLN,EUR,,,,,,,,,
1,Foreign_Exchange,Forward,NDF,UPI,QZGCSK0JV85M,New,,2024-01-28 16:28:27,JFTXFC,NA/Fwd NDF HUF PLN,HUF PLN,Spot,Forward price of underlying instrument,CASH,Cash,HUF,PLN,USD,,,,,,,,,
1,Foreign_Exchange,Forward,NDF,UPI,QZ4NVKX37N8G,New,,2024-01-28 16:28:27,JFTXFC,NA/Fwd NDF HUF RON,HUF RON,Spot,Forward price of underlying instrument,CASH,Cash,HUF,RON,EUR,,,,,,,,,
1,Foreign_Exchange,Forward,NDF,UPI,QZRZR1Z4B5L0,New,,2024-01-28 16:28:28,JFTXFC,NA/Fwd NDF HUF RON,HUF RON,Spot,Forward price of underlying instrument,CASH,Cash,HUF,RON,USD,,,,,,,,,
1,Foreign_Exchange,Forward,NDF,UPI,QZN2CQDX9DV3,New,,2024-01-28 16:28:28,JFTXFC,NA/Fwd NDF HUF RON,HUF RON,Spot,Forward price of underlying instrument,CASH,Cash,HUF,RON,JPY,,,,,,,,,
1,Foreign_Exchange,Forward,NDF,UPI,QZ108GX0979C,New,,2024-01-28 16:28:28,JFTXFC,NA/Fwd NDF HUF RON,HUF RON,Spot,Forward price of underlying instrument,CASH,Cash,HUF,RON,RON,,,,,,,,,
1,Foreign_Exchange,Forward,NDF,UPI,QZRZ3S3JGBDB,New,,2024-01-28 16:28:29,JFTXFC,NA/Fwd NDF HUF SEK,HUF SEK,Spot,Forward price of underlying instrument,CASH,Cash,HUF,SEK,JPY,,,,,,,,,
1,Foreign_Exchange,Forward,NDF,UPI,QZV2CWPZNK01,New,,2024-01-28 16:28:29,JFTXFC,NA/Fwd NDF HUF SEK,HUF SEK,Spot,Forward price of underlying instrument,CASH,Cash,HUF,SEK,EUR,,,,,,,,,
1,Foreign_Exchange,Forward,NDF,UPI,QZ52PCWJGJ36,New,,2024-01-28 16:28:30,JFTXFC,NA/Fwd NDF HUF SGD,HUF SGD,Spot,Forward price of underlying instrument,CASH,Cash,HUF,SGD,HUF,,,,,,,,,
1,Foreign_Exchange,Forward,NDF,UPI,QZ83FWFFQJ2B,New,,2024-01-28 16:28:30,JFTXFC,NA/Fwd NDF HUF SGD,HUF SGD,Spot,Forward price of underlying instrument,CASH,Cash,HUF,SGD,EUR,,,,,,,,,
1,Foreign_Exchange,Forward,NDF,UPI,QZXJDRQT15GB,New,,2024-01-28 16:28:30,JFTXFC,NA/Fwd NDF HUF SEK,HUF SEK,Spot,Forward price of underlying instrument,CASH,Cash,HUF,SEK,USD,,,,,,,,,
1,Foreign_Exchange,Forward,NDF,UPI,QZ4FXJ9XJC3P,New,,2024-01-28 16:28:31,JFTXFC,NA/Fwd NDF HUF SGD,HUF SGD,Spot,Forward price of underlying instrument,CASH,Cash,HUF,SGD,USD,,,,,,,,,
1,Foreign_Exchange,Forward,NDF,UPI,QZ5XL6TWL6SB,New,,2024-01-28 16:28:31,JFTXFC,NA/Fwd NDF HUF SGD,HUF SGD,Spot,Forward price of underlying instrument,CASH,Cash,HUF,SGD,JPY,,,,,,,,,
1,Foreign_Exchange,Forward,NDF,UPI,QZKNSPPRQH0H,New,,2024-01-28 16:28:32,JFTXFC,NA/Fwd NDF HUF THB,HUF THB,Spot,Forward price of underlying instrument,CASH,Cash,HUF,THB,HUF,,,,,,,,,
1,Foreign_Exchange,Forward,NDF,UPI,QZHB7SW1GG3S,New,,2024-01-28 16:28:32,JFTXFC,NA/Fwd NDF HUF THB,HUF THB,Spot,Forward price of underlying instrument,CASH,Cash,HUF,THB,EUR,,,,,,,,,
1,Foreign_Exchange,Forward,NDF,UPI,QZ9JX18NH7WV,New,,2024-01-28 16:28:33,JFTXFC,NA/Fwd NDF HUF THB,HUF THB,Spot,Forward price of underlying instrument,CASH,Cash,HUF,THB,JPY,,,,,,,,,
1,Foreign_Exchange,Forward,NDF,UPI,QZCSKLDHZW1H,New,,2024-01-28 16:28:33,JFTXFC,NA/Fwd NDF HUF THB,HUF THB,Spot,Forward price of underlying instrument,CASH,Cash,HUF,THB,USD,,,,,,,,,
1,Foreign_Exchange,Forward,NDF,UPI,QZFJRRT6QHNJ,New,,2024-01-28 16:28:33,JFTXFC,NA/Fwd NDF HUF THB,HUF THB,Spot,Forward price of underlying instrument,CASH,Cash,HUF,THB,THB,,,,,,,,,
1,Foreign_Exchange,Forward,NDF,UPI,QZ5TVB3B12LP,New,,2024-01-28 16:28:34,JFTXFC,NA/Fwd NDF HUF TRY,HUF TRY,Spot,Forward price of underlying instrument,CASH,Cash,HUF,TRY,HUF,,,,,,,,,
1,Foreign_Exchange,Forward,NDF,UPI,QZ3SC5ZNXSC3,New,,2024-01-28 16:28:34,JFTXFC,NA/Fwd NDF HUF TRY,HUF TRY,Spot,Forward price of underlying instrument,CASH,Cash,HUF,TRY,EUR,,,,,,,,,
1,Foreign_Exchange,Forward,NDF,UPI,QZFH7SMHLXX2,New,,2024-01-28 16:28:35,JFTXFC,NA/Fwd NDF HUF TRY,HUF TRY,Spot,Forward price of underlying instrument,CASH,Cash,HUF,TRY,JPY,,,,,,,,,
1,Foreign_Exchange,Forward,NDF,UPI,QZG1ZSRGLSCK,New,,2024-01-28 16:28:35,JFTXFC,NA/Fwd NDF HUF TRY,HUF TRY,Spot,Forward price of underlying instrument,CASH,Cash,HUF,TRY,USD,,,,,,,,,
1,Foreign_Exchange,Forward,NDF,UPI,QZ4T1FMD4ND0,New,,2024-01-28 16:28:35,JFTXFC,NA/Fwd NDF HUF TRY,HUF TRY,Spot,Forward price of underlying instrument,CASH,Cash,HUF,TRY,TRY,,,,,,,,,
1,Foreign_Exchange,Forward,NDF,UPI,QZ7RN3Q07DJJ,New,,2024-01-28 16:28:36,JFTXFC,NA/Fwd NDF HUF TWD,HUF TWD,Spot,Forward price of underlying instrument,CASH,Cash,HUF,TWD,TWD,,,,,,,,,
1,Foreign_Exchange,Forward,NDF,UPI,QZ9CTS0XGDN1,New,,2024-01-28 16:28:36,JFTXFC,NA/Fwd NDF HUF TWD,HUF TWD,Spot,Forward price of underlying instrument,CASH,Cash,HUF,TWD,HUF,,,,,,,,,
1,Foreign_Exchange,Forward,NDF,UPI,QZK6LTHBLX3X,New,,2024-01-28 16:28:37,JFTXFC,NA/Fwd NDF HUF USD,HUF USD,Spot,Forward price of underlying instrument,CASH,Cash,HUF,USD,JPY,,,,,,,,,
1,Foreign_Exchange,Forward,NDF,UPI,QZP8T8MM55WW,New,,2024-01-28 16:28:37,JFTXFC,NA/Fwd NDF HUF USD,HUF USD,Spot,Forward price of underlying instrument,CASH,Cash,HUF,USD,EUR,,,,,,,,,
1,Foreign_Exchange,Forward,NDF,UPI,QZ4BWZSS5WR2,New,,2024-01-28 16:28:38,JFTXFC,NA/Fwd NDF IDR KWD,IDR KWD,Spot,Forward price of underlying instrument,CASH,Cash,IDR,KWD,IDR,,,,,,,,,
1,Foreign_Exchange,Forward,NDF,UPI,QZMVL21G6T5P,New,,2024-01-28 16:28:38,JFTXFC,NA/Fwd NDF IDR KWD,IDR KWD,Spot,Forward price of underlying instrument,CASH,Cash,IDR,KWD,KWD,,,,,,,,,
1,Foreign_Exchange,Forward,NDF,UPI,QZR1168VXT0F,New,,2024-01-28 16:28:38,JFTXFC,NA/Fwd NDF IDR JPY,IDR JPY,Spot,Forward price of underlying instrument,CASH,Cash,IDR,JPY,EUR,,,,,,,,,
1,Foreign_Exchange,Forward,NDF,UPI,QZXQN887KL7D,New,,2024-01-28 16:28:39,JFTXFC,NA/Fwd NDF IDR LAK,IDR LAK,Spot,Forward price of underlying instrument,CASH,Cash,IDR,LAK,LAK,,,,,,,,,
1,Foreign_Exchange,Forward,NDF,UPI,QZKBRVBN7HSS,New,,2024-01-28 16:28:39,JFTXFC,NA/Fwd NDF IDR LAK,IDR LAK,Spot,Forward price of underlying instrument,CASH,Cash,IDR,LAK,IDR,,,,,,,,,
1,Foreign_Exchange,Forward,NDF,UPI,QZ1TZG7BM8RK,New,,2024-01-28 16:28:40,JFTXFC,NA/Fwd NDF IDR LKR,IDR LKR,Spot,Forward price of underlying instrument,CASH,Cash,IDR,LKR,IDR,,,,,,,,,
1,Foreign_Exchange,Forward,NDF,UPI,QZ32WXNQND7M,New,,2024-01-28 16:28:40,JFTXFC,NA/Fwd NDF IDR LKR,IDR LKR,Spot,Forward price of underlying instrument,CASH,Cash,IDR,LKR,LKR,,,,,,,,,
1,Foreign_Exchange,Forward,NDF,UPI,QZNMGR9HWWRG,New,,2024-01-28 16:28:41,JFTXFC,NA/Fwd NDF IDR MMK,IDR MMK,Spot,Forward price of underlying instrument,CASH,Cash,IDR,MMK,IDR,,,,,,,,,
1,Foreign_Exchange,Forward,NDF,UPI,QZ929FN97RT2,New,,2024-01-28 16:28:41,JFTXFC,NA/Fwd NDF IDR MAD,IDR MAD,Spot,Forward price of underlying instrument,CASH,Cash,IDR,MAD,MAD,,,,,,,,,
1,Foreign_Exchange,Forward,NDF,UPI,QZ59DT7VZH0R,New,,2024-01-28 16:28:41,JFTXFC,NA/Fwd NDF IDR MAD,IDR MAD,Spot,Forward price of underlying instrument,CASH,Cash,IDR,MAD,IDR,,,,,,,,,
1,Foreign_Exchange,Forward,NDF,UPI,QZHVQV6720JB,New,,2024-01-28 16:28:42,JFTXFC,NA/Fwd NDF IDR MMK,IDR MMK,Spot,Forward price of underlying instrument,CASH,Cash,IDR,MMK,MMK,,,,,,,,,
1,Foreign_Exchange,Forward,NDF,UPI,QZ2761SJPSCN,New,,2024-01-28 16:28:42,JFTXFC,NA/Fwd NDF IDR MNT,IDR MNT,Spot,Forward price of underlying instrument,CASH,Cash,IDR,MNT,IDR,,,,,,,,,
1,Foreign_Exchange,Forward,NDF,UPI,QZVGH9PT0KTH,New,,2024-01-28 16:28:43,JFTXFC,NA/Fwd NDF IDR MNT,IDR MNT,Spot,Forward price of underlying instrument,CASH,Cash,IDR,MNT,MNT,,,,,,,,,
1,Foreign_Exchange,Forward,NDF,UPI,QZ7N61WPGBXG,New,,2024-01-28 16:28:43,JFTXFC,NA/Fwd NDF IDR MOP,IDR MOP,Spot,Forward price of underlying instrument,CASH,Cash,IDR,MOP,MOP,,,,,,,,,
1,Foreign_Exchange,Forward,NDF,UPI,QZLPGR3FWFP2,New,,2024-01-28 16:28:43,JFTXFC,NA/Fwd NDF IDR MOP,IDR MOP,Spot,Forward price of underlying instrument,CASH,Cash,IDR,MOP,IDR,,,,,,,,,
1,Foreign_Exchange,Forward,NDF,UPI,QZXSFD335BNV,New,,2024-01-28 16:28:44,JFTXFC,NA/Fwd NDF IDR MZN,IDR MZN,Spot,Forward price of underlying instrument,CASH,Cash,IDR,MZN,IDR,,,,,,,,,
1,Foreign_Exchange,Forward,NDF,UPI,QZ26043Q1DHX,New,,2024-01-28 16:28:44,JFTXFC,NA/Fwd NDF IDR MXN,IDR MXN,Spot,Forward price of underlying instrument,CASH,Cash,IDR,MXN,IDR,,,,,,,,,
1,Foreign_Exchange,Forward,NDF,UPI,QZ6VQ76V5P7D,New,,2024-01-28 16:28:45,JFTXFC,NA/Fwd NDF IDR NGN,IDR NGN,Spot,Forward price of underlying instrument,CASH,Cash,IDR,NGN,IDR,,,,,,,,,
1,Foreign_Exchange,Forward,NDF,UPI,QZVK94M07KTD,New,,2024-01-28 16:28:45,JFTXFC,NA/Fwd NDF IDR MZN,IDR MZN,Spot,Forward price of underlying instrument,CASH,Cash,IDR,MZN,MZN,,,,,,,,,
1,Foreign_Exchange,Forward,NDF,UPI,QZQ41HSWZSSQ,New,,2024-01-28 16:28:46,JFTXFC,NA/Fwd NDF IDR NGN,IDR NGN,Spot,Forward price of underlying instrument,CASH,Cash,IDR,NGN,NGN,,,,,,,,,
1,Foreign_Exchange,Forward,NDF,UPI,QZFCX9XXL9VJ,New,,2024-01-28 16:28:46,JFTXFC,NA/Fwd NDF IDR NOK,IDR NOK,Spot,Forward price of underlying instrument,CASH,Cash,IDR,NOK,IDR,,,,,,,,,
1,Foreign_Exchange,Forward,NDF,UPI,QZTF686WTVS1,New,,2024-01-28 16:28:47,JFTXFC,NA/Fwd NDF IDR NZD,IDR NZD,Spot,Forward price of underlying instrument,CASH,Cash,IDR,NZD,EUR,,,,,,,,,
1,Foreign_Exchange,Forward,NDF,UPI,QZCFL2SQV81R,New,,2024-01-28 16:28:47,JFTXFC,NA/Fwd NDF IDR NPR,IDR NPR,Spot,Forward price of underlying instrument,CASH,Cash,IDR,NPR,IDR,,,,,,,,,
1,Foreign_Exchange,Forward,NDF,UPI,QZ5GRW96QLFK,New,,2024-01-28 16:28:47,JFTXFC,NA/Fwd NDF IDR NPR,IDR NPR,Spot,Forward price of underlying instrument,CASH,Cash,IDR,NPR,NPR,,,,,,,,,
1,Foreign_Exchange,Forward,NDF,UPI,QZX6GSM50NSS,New,,2024-01-28 16:28:48,JFTXFC,NA/Fwd NDF IDR NZD,IDR NZD,Spot,Forward price of underlying instrument,CASH,Cash,IDR,NZD,JPY,,,,,,,,,
1,Foreign_Exchange,Forward,NDF,UPI,QZXXLCZ2V80Z,New,,2024-01-28 16:28:48,JFTXFC,NA/Fwd NDF IDR PGK,IDR PGK,Spot,Forward price of underlying instrument,CASH,Cash,IDR,PGK,IDR,,,,,,,,,
1,Foreign_Exchange,Forward,NDF,UPI,QZQPQ78KLXDW,New,,2024-01-28 16:28:49,JFTXFC,NA/Fwd NDF IDR PGK,IDR PGK,Spot,Forward price of underlying instrument,CASH,Cash,IDR,PGK,PGK,,,,,,,,,
1,Foreign_Exchange,Forward,NDF,UPI,QZHK667FL3BM,New,,2024-01-28 16:28:49,JFTXFC,NA/Fwd NDF IDR PLN,IDR PLN,Spot,Forward price of underlying instrument,CASH,Cash,IDR,PLN,IDR,,,,,,,,,
1,Foreign_Exchange,Forward,NDF,UPI,QZKV84HB4XX7,New,,2024-01-28 16:28:50,JFTXFC,NA/Fwd NDF IDR PLN,IDR PLN,Spot,Forward price of underlying instrument,CASH,Cash,IDR,PLN,EUR,,,,,,,,,
1,Foreign_Exchange,Forward,NDF,UPI,QZVJM3NG9TV0,New,,2024-01-28 16:28:50,JFTXFC,NA/Fwd NDF IDR PLN,IDR PLN,Spot,Forward price of underlying instrument,CASH,Cash,IDR,PLN,JPY,,,,,,,,,
1,Foreign_Exchange,Forward,NDF,UPI,QZPCX2Z4C95K,New,,2024-01-28 16:28:51,JFTXFC,NA/Fwd NDF IDR PLN,IDR PLN,Spot,Forward price of underlying instrument,CASH,Cash,IDR,PLN,USD,,,,,,,,,
1,Foreign_Exchange,Forward,NDF,UPI,QZRWS4X59GWZ,New,,2024-01-28 16:28:51,JFTXFC,NA/Fwd NDF IDR QAR,IDR QAR,Spot,Forward price of underlying instrument,CASH,Cash,IDR,QAR,IDR,,,,,,,,,
1,Foreign_Exchange,Forward,NDF,UPI,QZ923M82G4GP,New,,2024-01-28 16:28:51,JFTXFC,NA/Fwd NDF IDR QAR,IDR QAR,Spot,Forward price of underlying instrument,CASH,Cash,IDR,QAR,QAR,,,,,,,,,
1,Foreign_Exchange,Forward,NDF,UPI,QZNM7QKPZKJ6,New,,2024-01-28 16:28:52,JFTXFC,NA/Fwd NDF IDR RON,IDR RON,Spot,Forward price of underlying instrument,CASH,Cash,IDR,RON,IDR,,,,,,,,,
1,Foreign_Exchange,Forward,NDF,UPI,QZV3ZMP7J2P6,New,,2024-01-28 16:28:52,JFTXFC,NA/Fwd NDF IDR RON,IDR RON,Spot,Forward price of underlying instrument,CASH,Cash,IDR,RON,RON,,,,,,,,,
1,Foreign_Exchange,Forward,NDF,UPI,QZ2Q62M9N9FS,New,,2024-01-28 16:28:53,JFTXFC,NA/Fwd NDF IDR SAR,IDR SAR,Spot,Forward price of underlying instrument,CASH,Cash,IDR,SAR,IDR,,,,,,,,,
1,Foreign_Exchange,Forward,NDF,UPI,QZCHHRPGM6J2,New,,2024-01-28 16:28:53,JFTXFC,NA/Fwd NDF IDR RUB,IDR RUB,Spot,Forward price of underlying instrument,CASH,Cash,IDR,RUB,IDR,,,,,,,,,
1,Foreign_Exchange,Forward,NDF,UPI,QZNPZ0S4H9NQ,New,,2024-01-28 16:28:54,JFTXFC,NA/Fwd NDF IDR SAR,IDR SAR,Spot,Forward price of underlying instrument,CASH,Cash,IDR,SAR,USD,,,,,,,,,
1,Foreign_Exchange,Forward,NDF,UPI,QZW6T2XJ307V,New,,2024-01-28 16:28:54,JFTXFC,NA/Fwd NDF IDR SAR,IDR SAR,Spot,Forward price of underlying instrument,CASH,Cash,IDR,SAR,EUR,,,,,,,,,
1,Foreign_Exchange,Forward,NDF,UPI,QZ5KZR44DKKZ,New,,2024-01-28 16:28:54,JFTXFC,NA/Fwd NDF IDR SAR,IDR SAR,Spot,Forward price of underlying instrument,CASH,Cash,IDR,SAR,JPY,,,,,,,,,
1,Foreign_Exchange,Forward,NDF,UPI,QZ065KLBMRTM,New,,2024-01-28 16:28:55,JFTXFC,NA/Fwd NDF IDR SEK,IDR SEK,Spot,Forward price of underlying instrument,CASH,Cash,IDR,SEK,EUR,,,,,,,,,
1,Foreign_Exchange,Forward,NDF,UPI,QZH3TTFXZPVV,New,,2024-01-28 16:28:55,JFTXFC,NA/Fwd NDF IDR SEK,IDR SEK,Spot,Forward price of underlying instrument,CASH,Cash,IDR,SEK,JPY,,,,,,,,,
1,Foreign_Exchange,Forward,NDF,UPI,QZ06JBRF0VCM,New,,2024-01-28 16:28:56,JFTXFC,NA/Fwd NDF IDR SGD,IDR SGD,Spot,Forward price of underlying instrument,CASH,Cash,IDR,SGD,JPY,,,,,,,,,
1,Foreign_Exchange,Forward,NDF,UPI,QZ3F4BH67GH1,New,,2024-01-28 16:28:56,JFTXFC,NA/Fwd NDF IDR THB,IDR THB,Spot,Forward price of underlying instrument,CASH,Cash,IDR,THB,EUR,,,,,,,,,
1,Foreign_Exchange,Forward,NDF,UPI,QZ2MC7P7LV3J,New,,2024-01-28 16:28:57,JFTXFC,NA/Fwd NDF IDR THB,IDR THB,Spot,Forward price of underlying instrument,CASH,Cash,IDR,THB,USD,,,,,,,,,
1,Foreign_Exchange,Forward,NDF,UPI,QZR366QJ51H4,New,,2024-01-28 16:28:57,JFTXFC,NA/Fwd NDF IDR THB,IDR THB,Spot,Forward price of underlying instrument,CASH,Cash,IDR,THB,JPY,,,,,,,,,
1,Foreign_Exchange,Forward,NDF,UPI,QZG5XZ8ZSH2N,New,,2024-01-28 16:28:57,JFTXFC,NA/Fwd NDF IDR TRY,IDR TRY,Spot,Forward price of underlying instrument,CASH,Cash,IDR,TRY,IDR,,,,,,,,,
1,Foreign_Exchange,Forward,NDF,UPI,QZ54BHB6N44K,New,,2024-01-28 16:28:58,JFTXFC,NA/Fwd NDF IDR UGX,IDR UGX,Spot,Forward price of underlying instrument,CASH,Cash,IDR,UGX,IDR,,,,,,,,,
1,Foreign_Exchange,Forward,NDF,UPI,QZMXGVZN8PCS,New,,2024-01-28 16:28:58,JFTXFC,NA/Fwd NDF IDR TRY,IDR TRY,Spot,Forward price of underlying instrument,CASH,Cash,IDR,TRY,TRY,,,,,,,,,
1,Foreign_Exchange,Forward,NDF,UPI,QZ4Z2SF2J9S4,New,,2024-01-28 16:28:59,JFTXFC,NA/Fwd NDF IDR VND,IDR VND,Spot,Forward price of underlying instrument,CASH,Cash,IDR,VND,IDR,,,,,,,,,
1,Foreign_Exchange,Forward,NDF,UPI,QZB5HM9K93DQ,New,,2024-01-28 16:28:59,JFTXFC,NA/Fwd NDF IDR USD,IDR USD,Spot,Forward price of underlying instrument,CASH,Cash,IDR,USD,JPY,,,,,,,,,
1,Foreign_Exchange,Forward,NDF,UPI,QZGHDW9RC187,New,,2024-01-28 16:29:00,JFTXFC,NA/Fwd NDF IDR ZAR,IDR ZAR,Spot,Forward price of underlying instrument,CASH,Cash,IDR,ZAR,JPY,,,,,,,,,
1,Foreign_Exchange,Forward,NDF,UPI,QZP5XCG0T26F,New,,2024-01-28 16:29:00,JFTXFC,NA/Fwd NDF IDR ZAR,IDR ZAR,Spot,Forward price of underlying instrument,CASH,Cash,IDR,ZAR,EUR,,,,,,,,,
1,Foreign_Exchange,Forward,NDF,UPI,QZ78D063GT0N,New,,2024-01-28 16:29:00,JFTXFC,NA/Fwd NDF IDR VND,IDR VND,Spot,Forward price of underlying instrument,CASH,Cash,IDR,VND,VND,,,,,,,,,
1,Foreign_Exchange,Forward,NDF,UPI,QZXNCR44B1QZ,New,,2024-01-28 16:29:01,JFTXFC,NA/Fwd NDF ILS JPY,ILS JPY,Spot,Forward price of underlying instrument,CASH,Cash,ILS,JPY,JPY,,,,,,,,,
1,Foreign_Exchange,Forward,NDF,UPI,QZNXFWNFXBZ3,New,,2024-01-28 16:29:01,JFTXFC,NA/Fwd NDF ILS JPY,ILS JPY,Spot,Forward price of underlying instrument,CASH,Cash,ILS,JPY,EUR,,,,,,,,,
1,Foreign_Exchange,Forward,NDF,UPI,QZ5KMSKS6XK4,New,,2024-01-28 16:29:02,JFTXFC,NA/Fwd NDF ILS NOK,ILS NOK,Spot,Forward price of underlying instrument,CASH,Cash,ILS,NOK,ILS,,,,,,,,,
1,Foreign_Exchange,Forward,NDF,UPI,QZN07B124FQL,New,,2024-01-28 16:29:02,JFTXFC,NA/Fwd NDF ILS JPY,ILS JPY,Spot,Forward price of underlying instrument,CASH,Cash,ILS,JPY,USD,,,,,,,,,
1,Foreign_Exchange,Forward,NDF,UPI,QZCJ3HV4S0H7,New,,2024-01-28 16:29:03,JFTXFC,NA/Fwd NDF ILS NOK,ILS NOK,Spot,Forward price of underlying instrument,CASH,Cash,ILS,NOK,NOK,,,,,,,,,
1,Foreign_Exchange,Forward,NDF,UPI,QZGKSWJJ91B5,New,,2024-01-28 16:29:03,JFTXFC,NA/Fwd NDF ILS NZD,ILS NZD,Spot,Forward price of underlying instrument,CASH,Cash,ILS,NZD,ILS,,,,,,,,,
1,Foreign_Exchange,Forward,NDF,UPI,QZ5MPNH9BBD1,New,,2024-01-28 16:29:03,JFTXFC,NA/Fwd NDF ILS NZD,ILS NZD,Spot,Forward price of underlying instrument,CASH,Cash,ILS,NZD,NZD,,,,,,,,,
1,Foreign_Exchange,Forward,NDF,UPI,QZ2Z86C36PT8,New,,2024-01-28 16:29:04,JFTXFC,NA/Fwd NDF ILS SEK,ILS SEK,Spot,Forward price of underlying instrument,CASH,Cash,ILS,SEK,SEK,,,,,,,,,
1,Foreign_Exchange,Forward,NDF,UPI,QZWNWK8ZRNWM,New,,2024-01-28 16:29:04,JFTXFC,NA/Fwd NDF ILS USD,ILS USD,Spot,Forward price of underlying instrument,CASH,Cash,ILS,USD,EUR,,,,,,,,,
1,Foreign_Exchange,Forward,NDF,UPI,QZ3PGLCF8CBZ,New,,2024-01-28 16:29:05,JFTXFC,NA/Fwd NDF ILS ZAR,ILS ZAR,Spot,Forward price of underlying instrument,CASH,Cash,ILS,ZAR,ZAR,,,,,,,,,
1,Foreign_Exchange,Forward,NDF,UPI,QZP2XP01SGFN,New,,2024-01-28 16:29:05,JFTXFC,NA/Fwd NDF ILS ZAR,ILS ZAR,Spot,Forward price of underlying instrument,CASH,Cash,ILS,ZAR,ILS,,,,,,,,,
1,Foreign_Exchange,Forward,NDF,UPI,QZDRXBGJPNPS,New,,2024-01-28 16:29:05,JFTXFC,NA/Fwd NDF ILS USD,ILS USD,Spot,Forward price of underlying instrument,CASH,Cash,ILS,USD,JPY,,,,,,,,,
1,Foreign_Exchange,Forward,NDF,UPI,QZX2TBPSS0BW,New,,2024-01-28 16:29:06,JFTXFC,NA/Fwd NDF INR KWD,INR KWD,Spot,Forward price of underlying instrument,CASH,Cash,INR,KWD,INR,,,,,,,,,
1,Foreign_Exchange,Forward,NDF,UPI,QZD17SX2BL1Z,New,,2024-01-28 16:29:06,JFTXFC,NA/Fwd NDF INR JPY,INR JPY,Spot,Forward price of underlying instrument,CASH,Cash,INR,JPY,EUR,,,,,,,,,
1,Foreign_Exchange,Forward,NDF,UPI,QZP8ZWLKDSX5,New,,2024-01-28 16:29:07,JFTXFC,NA/Fwd NDF INR LAK,INR LAK,Spot,Forward price of underlying instrument,CASH,Cash,INR,LAK,LAK,,,,,,,,,
1,Foreign_Exchange,Forward,NDF,UPI,QZ1X1THJ6V4S,New,,2024-01-28 16:29:07,JFTXFC,NA/Fwd NDF INR LAK,INR LAK,Spot,Forward price of underlying instrument,CASH,Cash,INR,LAK,INR,,,,,,,,,
1,Foreign_Exchange,Forward,NDF,UPI,QZ3PW740WLMC,New,,2024-01-28 16:29:08,JFTXFC,NA/Fwd NDF INR LKR,INR LKR,Spot,Forward price of underlying instrument,CASH,Cash,INR,LKR,LKR,,,,,,,,,
1,Foreign_Exchange,Forward,NDF,UPI,QZ8WW53SWHVV,New,,2024-01-28 16:29:08,JFTXFC,NA/Fwd NDF INR LKR,INR LKR,Spot,Forward price of underlying instrument,CASH,Cash,INR,LKR,INR,,,,,,,,,
1,Foreign_Exchange,Forward,NDF,UPI,QZS4BCFD4RZF,New,,2024-01-28 16:29:08,JFTXFC,NA/Fwd NDF INR MAD,INR MAD,Spot,Forward price of underlying instrument,CASH,Cash,INR,MAD,INR,,,,,,,,,
1,Foreign_Exchange,Forward,NDF,UPI,QZFF9R34WH3R,New,,2024-01-28 16:29:09,JFTXFC,NA/Fwd NDF INR MAD,INR MAD,Spot,Forward price of underlying instrument,CASH,Cash,INR,MAD,MAD,,,,,,,,,
1,Foreign_Exchange,Forward,NDF,UPI,QZQ0DJ7JT15F,New,,2024-01-28 16:29:09,JFTXFC,NA/Fwd NDF INR MMK,INR MMK,Spot,Forward price of underlying instrument,CASH,Cash,INR,MMK,INR,,,,,,,,,
1,Foreign_Exchange,Forward,NDF,UPI,QZ24QVFDTGKP,New,,2024-01-28 16:29:10,JFTXFC,NA/Fwd NDF INR MMK,INR MMK,Spot,Forward price of underlying instrument,CASH,Cash,INR,MMK,MMK,,,,,,,,,
1,Foreign_Exchange,Forward,NDF,UPI,QZBFMTV98TRL,New,,2024-01-28 16:29:10,JFTXFC,NA/Fwd NDF INR MNT,INR MNT,Spot,Forward price of underlying instrument,CASH,Cash,INR,MNT,MNT,,,,,,,,,
1,Foreign_Exchange,Forward,NDF,UPI,QZQTLZ7BX19B,New,,2024-01-28 16:29:10,JFTXFC,NA/Fwd NDF INR MNT,INR MNT,Spot,Forward price of underlying instrument,CASH,Cash,INR,MNT,INR,,,,,,,,,
1,Foreign_Exchange,Forward,NDF,UPI,QZ3KS9SPVC1T,New,,2024-01-28 16:29:11,JFTXFC,NA/Fwd NDF INR MOP,INR MOP,Spot,Forward price of underlying instrument,CASH,Cash,INR,MOP,MOP,,,,,,,,,
1,Foreign_Exchange,Forward,NDF,UPI,QZVWG676NVC2,New,,2024-01-28 16:29:11,JFTXFC,NA/Fwd NDF INR MOP,INR MOP,Spot,Forward price of underlying instrument,CASH,Cash,INR,MOP,INR,,,,,,,,,
1,Foreign_Exchange,Forward,NDF,UPI,QZMTR7D04H76,New,,2024-01-28 16:29:12,JFTXFC,NA/Fwd NDF INR MZN,INR MZN,Spot,Forward price of underlying instrument,CASH,Cash,INR,MZN,MZN,,,,,,,,,
1,Foreign_Exchange,Forward,NDF,UPI,QZ9JCMR79M7T,New,,2024-01-28 16:29:12,JFTXFC,NA/Fwd NDF INR MZN,INR MZN,Spot,Forward price of underlying instrument,CASH,Cash,INR,MZN,INR,,,,,,,,,
1,Foreign_Exchange,Forward,NDF,UPI,QZFHGJWQ18DN,New,,2024-01-28 16:29:13,JFTXFC,NA/Fwd NDF INR NPR,INR NPR,Spot,Forward price of underlying instrument,CASH,Cash,INR,NPR,INR,,,,,,,,,
1,Foreign_Exchange,Forward,NDF,UPI,QZDK479NM6DG,New,,2024-01-28 16:29:13,JFTXFC,NA/Fwd NDF INR NGN,INR NGN,Spot,Forward price of underlying instrument,CASH,Cash,INR,NGN,NGN,,,,,,,,,
1,Foreign_Exchange,Forward,NDF,UPI,QZLVKB4ZXSLG,New,,2024-01-28 16:29:13,JFTXFC,NA/Fwd NDF INR NGN,INR NGN,Spot,Forward price of underlying instrument,CASH,Cash,INR,NGN,INR,,,,,,,,,
1,Foreign_Exchange,Forward,NDF,UPI,QZVNCQQ7D704,New,,2024-01-28 16:29:14,JFTXFC,NA/Fwd NDF INR NPR,INR NPR,Spot,Forward price of underlying instrument,CASH,Cash,INR,NPR,NPR,,,,,,,,,
1,Foreign_Exchange,Forward,NDF,UPI,QZV26WQ6741C,New,,2024-01-28 16:29:14,JFTXFC,NA/Fwd NDF INR PGK,INR PGK,Spot,Forward price of underlying instrument,CASH,Cash,INR,PGK,INR,,,,,,,,,
1,Foreign_Exchange,Forward,NDF,UPI,QZ4W4MQW888S,New,,2024-01-28 16:29:15,JFTXFC,NA/Fwd NDF INR RON,INR RON,Spot,Forward price of underlying instrument,CASH,Cash,INR,RON,EUR,,,,,,,,,
1,Foreign_Exchange,Forward,NDF,UPI,QZNKNTZP8115,New,,2024-01-28 16:29:15,JFTXFC,NA/Fwd NDF INR QAR,INR QAR,Spot,Forward price of underlying instrument,CASH,Cash,INR,QAR,INR,,,,,,,,,
1,Foreign_Exchange,Forward,NDF,UPI,QZ9Z5W5DL7BW,New,,2024-01-28 16:29:15,JFTXFC,NA/Fwd NDF INR PGK,INR PGK,Spot,Forward price of underlying instrument,CASH,Cash,INR,PGK,PGK,,,,,,,,,
1,Foreign_Exchange,Forward,NDF,UPI,QZRSKW1NTV19,New,,2024-01-28 16:29:16,JFTXFC,NA/Fwd NDF INR RON,INR RON,Spot,Forward price of underlying instrument,CASH,Cash,INR,RON,JPY,,,,,,,,,
1,Foreign_Exchange,Forward,NDF,UPI,QZ937CM9G2XS,New,,2024-01-28 16:29:16,JFTXFC,NA/Fwd NDF INR RON,INR RON,Spot,Forward price of underlying instrument,CASH,Cash,INR,RON,INR,,,,,,,,,
1,Foreign_Exchange,Forward,NDF,UPI,QZQVM25ZQ958,New,,2024-01-28 16:29:17,JFTXFC,NA/Fwd NDF INR RON,INR RON,Spot,Forward price of underlying instrument,CASH,Cash,INR,RON,USD,,,,,,,,,
1,Foreign_Exchange,Forward,NDF,UPI,QZJXS0QV5ZGJ,New,,2024-01-28 16:29:17,JFTXFC,NA/Fwd NDF INR SAR,INR SAR,Spot,Forward price of underlying instrument,CASH,Cash,INR,SAR,INR,,,,,,,,,
1,Foreign_Exchange,Forward,NDF,UPI,QZC8GWVDX77V,New,,2024-01-28 16:29:18,JFTXFC,NA/Fwd NDF INR SAR,INR SAR,Spot,Forward price of underlying instrument,CASH,Cash,INR,SAR,USD,,,,,,,,,
1,Foreign_Exchange,Forward,NDF,UPI,QZ7ZD9LNJRVJ,New,,2024-01-28 16:29:18,JFTXFC,NA/Fwd NDF INR SAR,INR SAR,Spot,Forward price of underlying instrument,CASH,Cash,INR,SAR,JPY,,,,,,,,,
1,Foreign_Exchange,Forward,NDF,UPI,QZ2K3C2J622B,New,,2024-01-28 16:29:18,JFTXFC,NA/Fwd NDF INR SAR,INR SAR,Spot,Forward price of underlying instrument,CASH,Cash,INR,SAR,EUR,,,,,,,,,
1,Foreign_Exchange,Forward,NDF,UPI,QZZVSTGJFKPC,New,,2024-01-28 16:29:19,JFTXFC,NA/Fwd NDF INR SEK,INR SEK,Spot,Forward price of underlying instrument,CASH,Cash,INR,SEK,EUR,,,,,,,,,
1,Foreign_Exchange,Forward,NDF,UPI,QZGPRQXRRLB4,New,,2024-01-28 16:29:19,JFTXFC,NA/Fwd NDF INR SEK,INR SEK,Spot,Forward price of underlying instrument,CASH,Cash,INR,SEK,JPY,,,,,,,,,
1,Foreign_Exchange,Forward,NDF,UPI,QZ1BFZGK62GL,New,,2024-01-28 16:29:20,JFTXFC,NA/Fwd NDF INR SGD,INR SGD,Spot,Forward price of underlying instrument,CASH,Cash,INR,SGD,JPY,,,,,,,,,
1,Foreign_Exchange,Forward,NDF,UPI,QZWLD2NHKVFV,New,,2024-01-28 16:29:20,JFTXFC,NA/Fwd NDF INR THB,INR THB,Spot,Forward price of underlying instrument,CASH,Cash,INR,THB,EUR,,,,,,,,,
1,Foreign_Exchange,Forward,NDF,UPI,QZZ6LRVCJRV8,New,,2024-01-28 16:29:20,JFTXFC,NA/Fwd NDF INR SGD,INR SGD,Spot,Forward price of underlying instrument,CASH,Cash,INR,SGD,EUR,,,,,,,,,
1,Foreign_Exchange,Forward,NDF,UPI,QZF78843PJZJ,New,,2024-01-28 16:29:21,JFTXFC,NA/Fwd NDF INR THB,INR THB,Spot,Forward price of underlying instrument,CASH,Cash,INR,THB,JPY,,,,,,,,,
1,Foreign_Exchange,Forward,NDF,UPI,QZD8RW6XTZCF,New,,2024-01-28 16:29:21,JFTXFC,NA/Fwd NDF INR TRY,INR TRY,Spot,Forward price of underlying instrument,CASH,Cash,INR,TRY,INR,,,,,,,,,
1,Foreign_Exchange,Forward,NDF,UPI,QZLR9L7F5VK4,New,,2024-01-28 16:29:22,JFTXFC,NA/Fwd NDF INR UGX,INR UGX,Spot,Forward price of underlying instrument,CASH,Cash,INR,UGX,UGX,,,,,,,,,
1,Foreign_Exchange,Forward,NDF,UPI,QZQN4B18299W,New,,2024-01-28 16:29:22,JFTXFC,NA/Fwd NDF INR UGX,INR UGX,Spot,Forward price of underlying instrument,CASH,Cash,INR,UGX,INR,,,,,,,,,
1,Foreign_Exchange,Forward,NDF,UPI,QZ0WL6S51VXK,New,,2024-01-28 16:29:23,JFTXFC,NA/Fwd NDF INR VND,INR VND,Spot,Forward price of underlying instrument,CASH,Cash,INR,VND,INR,,,,,,,,,
1,Foreign_Exchange,Forward,NDF,UPI,QZ0M37DGL45W,New,,2024-01-28 16:29:23,JFTXFC,NA/Fwd NDF INR VND,INR VND,Spot,Forward price of underlying instrument,CASH,Cash,INR,VND,VND,,,,,,,,,
1,Foreign_Exchange,Forward,NDF,UPI,QZ53WS65K9Q8,New,,2024-01-28 16:29:23,JFTXFC,NA/Fwd NDF IRR JPY,IRR JPY,Spot,Forward price of underlying instrument,CASH,Cash,IRR,JPY,EUR,,,,,,,,,
1,Foreign_Exchange,Forward,NDF,UPI,QZH09H9KCG05,New,,2024-01-28 16:29:24,JFTXFC,NA/Fwd NDF IRR JPY,IRR JPY,Spot,Forward price of underlying instrument,CASH,Cash,IRR,JPY,IRR,,,,,,,,,
1,Foreign_Exchange,Forward,NDF,UPI,QZ34KDHNK63G,New,,2024-01-28 16:29:24,JFTXFC,NA/Fwd NDF IRR JPY,IRR JPY,Spot,Forward price of underlying instrument,CASH,Cash,IRR,JPY,JPY,,,,,,,,,
1,Foreign_Exchange,Forward,NDF,UPI,QZCPKJMR9KV3,New,,2024-01-28 16:29:25,JFTXFC,NA/Fwd NDF IRR USD,IRR USD,Spot,Forward price of underlying instrument,CASH,Cash,IRR,USD,IRR,,,,,,,,,
1,Foreign_Exchange,Forward,NDF,UPI,QZ9SS3QC5GKK,New,,2024-01-28 16:29:25,JFTXFC,NA/Fwd NDF IRR JPY,IRR JPY,Spot,Forward price of underlying instrument,CASH,Cash,IRR,JPY,USD,,,,,,,,,
1,Foreign_Exchange,Forward,NDF,UPI,QZ8XHKMDW0XJ,New,,2024-01-28 16:29:25,JFTXFC,NA/Fwd NDF IRR USD,IRR USD,Spot,Forward price of underlying instrument,CASH,Cash,IRR,USD,EUR,,,,,,,,,
1,Foreign_Exchange,Forward,NDF,UPI,QZS5PCP4CL0N,New,,2024-01-28 16:29:26,JFTXFC,NA/Fwd NDF JPY KES,JPY KES,Spot,Forward price of underlying instrument,CASH,Cash,JPY,KES,EUR,,,,,,,,,
1,Foreign_Exchange,Forward,NDF,UPI,QZ748ZQQQ21M,New,,2024-01-28 16:29:26,JFTXFC,NA/Fwd NDF IRR USD,IRR USD,Spot,Forward price of underlying instrument,CASH,Cash,IRR,USD,JPY,,,,,,,,,
1,Foreign_Exchange,Forward,NDF,UPI,QZ2MS6566JPT,New,,2024-01-28 16:29:27,JFTXFC,NA/Fwd NDF JPY KES,JPY KES,Spot,Forward price of underlying instrument,CASH,Cash,JPY,KES,KES,,,,,,,,,
1,Foreign_Exchange,Forward,NDF,UPI,QZ9HGXPVTK36,New,,2024-01-28 16:29:27,JFTXFC,NA/Fwd NDF JPY KES,JPY KES,Spot,Forward price of underlying instrument,CASH,Cash,JPY,KES,USD,,,,,,,,,
1,Foreign_Exchange,Forward,NDF,UPI,QZFT8HD8VR8J,New,,2024-01-28 16:29:28,JFTXFC,NA/Fwd NDF JPY KHR,JPY KHR,Spot,Forward price of underlying instrument,CASH,Cash,JPY,KHR,KHR,,,,,,,,,
1,Foreign_Exchange,Forward,NDF,UPI,QZZL0M87855S,New,,2024-01-28 16:29:28,JFTXFC,NA/Fwd NDF JPY KHR,JPY KHR,Spot,Forward price of underlying instrument,CASH,Cash,JPY,KHR,EUR,,,,,,,,,
1,Foreign_Exchange,Forward,NDF,UPI,QZZD4RPMKZR5,New,,2024-01-28 16:29:28,JFTXFC,NA/Fwd NDF JPY KHR,JPY KHR,Spot,Forward price of underlying instrument,CASH,Cash,JPY,KHR,JPY,,,,,,,,,
1,Foreign_Exchange,Forward,NDF,UPI,QZ0CM7RJKM1M,New,,2024-01-28 16:29:29,JFTXFC,NA/Fwd NDF JPY KWD,JPY KWD,Spot,Forward price of underlying instrument,CASH,Cash,JPY,KWD,EUR,,,,,,,,,
1,Foreign_Exchange,Forward,NDF,UPI,QZH13ZQ907D3,New,,2024-01-28 16:29:29,JFTXFC,NA/Fwd NDF JPY KHR,JPY KHR,Spot,Forward price of underlying instrument,CASH,Cash,JPY,KHR,USD,,,,,,,,,
1,Foreign_Exchange,Forward,NDF,UPI,QZNHT3Z7GLK1,New,,2024-01-28 16:29:30,JFTXFC,NA/Fwd NDF JPY KWD,JPY KWD,Spot,Forward price of underlying instrument,CASH,Cash,JPY,KWD,JPY,,,,,,,,,
1,Foreign_Exchange,Forward,NDF,UPI,QZ6WDHCD4P8Q,New,,2024-01-28 16:29:30,JFTXFC,NA/Fwd NDF JPY KWD,JPY KWD,Spot,Forward price of underlying instrument,CASH,Cash,JPY,KWD,USD,,,,,,,,,
1,Foreign_Exchange,Forward,NDF,UPI,QZ5143KZ36P9,New,,2024-01-28 16:29:30,JFTXFC,NA/Fwd NDF JPY KWD,JPY KWD,Spot,Forward price of underlying instrument,CASH,Cash,JPY,KWD,KWD,,,,,,,,,
1,Foreign_Exchange,Forward,NDF,UPI,QZLQDRD3B9BB,New,,2024-01-28 16:29:31,JFTXFC,NA/Fwd NDF JPY KZT,JPY KZT,Spot,Forward price of underlying instrument,CASH,Cash,JPY,KZT,KZT,,,,,,,,,
1,Foreign_Exchange,Forward,NDF,UPI,QZ7V1JLNL2GH,New,,2024-01-28 16:29:31,JFTXFC,NA/Fwd NDF JPY KZT,JPY KZT,Spot,Forward price of underlying instrument,CASH,Cash,JPY,KZT,EUR,,,,,,,,,
1,Foreign_Exchange,Forward,NDF,UPI,QZPGGJ0MMNT2,New,,2024-01-28 16:29:32,JFTXFC,NA/Fwd NDF JPY LAK,JPY LAK,Spot,Forward price of underlying instrument,CASH,Cash,JPY,LAK,EUR,,,,,,,,,
1,Foreign_Exchange,Forward,NDF,UPI,QZ7MDTRNF3JV,New,,2024-01-28 16:29:32,JFTXFC,NA/Fwd NDF JPY KZT,JPY KZT,Spot,Forward price of underlying instrument,CASH,Cash,JPY,KZT,USD,,,,,,,,,
1,Foreign_Exchange,Forward,NDF,UPI,QZ27NCN8958C,New,,2024-01-28 16:29:33,JFTXFC,NA/Fwd NDF JPY LAK,JPY LAK,Spot,Forward price of underlying instrument,CASH,Cash,JPY,LAK,JPY,,,,,,,,,
1,Foreign_Exchange,Forward,NDF,UPI,QZ1JNZBJQFJR,New,,2024-01-28 16:29:33,JFTXFC,NA/Fwd NDF JPY LAK,JPY LAK,Spot,Forward price of underlying instrument,CASH,Cash,JPY,LAK,LAK,,,,,,,,,
1,Foreign_Exchange,Forward,NDF,UPI,QZ113JCD8CH2,New,,2024-01-28 16:29:33,JFTXFC,NA/Fwd NDF JPY LAK,JPY LAK,Spot,Forward price of underlying instrument,CASH,Cash,JPY,LAK,USD,,,,,,,,,
1,Foreign_Exchange,Forward,NDF,UPI,QZR2NN4NLB71,New,,2024-01-28 16:29:34,JFTXFC,NA/Fwd NDF JPY LKR,JPY LKR,Spot,Forward price of underlying instrument,CASH,Cash,JPY,LKR,EUR,,,,,,,,,
1,Foreign_Exchange,Forward,NDF,UPI,QZ53TVWBZWQB,New,,2024-01-28 16:29:34,JFTXFC,NA/Fwd NDF JPY LKR,JPY LKR,Spot,Forward price of underlying instrument,CASH,Cash,JPY,LKR,JPY,,,,,,,,,
1,Foreign_Exchange,Forward,NDF,UPI,QZQBXDW1X6W5,New,,2024-01-28 16:29:35,JFTXFC,NA/Fwd NDF JPY LKR,JPY LKR,Spot,Forward price of underlying instrument,CASH,Cash,JPY,LKR,USD,,,,,,,,,
1,Foreign_Exchange,Forward,NDF,UPI,QZ5B8BVLQ1DZ,New,,2024-01-28 16:29:35,JFTXFC,NA/Fwd NDF JPY MAD,JPY MAD,Spot,Forward price of underlying instrument,CASH,Cash,JPY,MAD,EUR,,,,,,,,,
1,Foreign_Exchange,Forward,NDF,UPI,QZPLLQK8JT8L,New,,2024-01-28 16:29:35,JFTXFC,NA/Fwd NDF JPY LKR,JPY LKR,Spot,Forward price of underlying instrument,CASH,Cash,JPY,LKR,LKR,,,,,,,,,
1,Foreign_Exchange,Forward,NDF,UPI,QZ5L686JTJRK,New,,2024-01-28 16:29:36,JFTXFC,NA/Fwd NDF JPY MAD,JPY MAD,Spot,Forward price of underlying instrument,CASH,Cash,JPY,MAD,JPY,,,,,,,,,
1,Foreign_Exchange,Forward,NDF,UPI,QZ41V89GQC76,New,,2024-01-28 16:29:36,JFTXFC,NA/Fwd NDF JPY MAD,JPY MAD,Spot,Forward price of underlying instrument,CASH,Cash,JPY,MAD,MAD,,,,,,,,,
1,Foreign_Exchange,Forward,NDF,UPI,QZG47B0VXXVJ,New,,2024-01-28 16:29:37,JFTXFC,NA/Fwd NDF JPY MGA,JPY MGA,Spot,Forward price of underlying instrument,CASH,Cash,JPY,MGA,JPY,,,,,,,,,
1,Foreign_Exchange,Forward,NDF,UPI,QZ9N12Z9J0B4,New,,2024-01-28 16:29:37,JFTXFC,NA/Fwd NDF JPY MAD,JPY MAD,Spot,Forward price of underlying instrument,CASH,Cash,JPY,MAD,USD,,,,,,,,,
1,Foreign_Exchange,Forward,NDF,UPI,QZXKNX8MSJ1X,New,,2024-01-28 16:29:37,JFTXFC,NA/Fwd NDF JPY MGA,JPY MGA,Spot,Forward price of underlying instrument,CASH,Cash,JPY,MGA,EUR,,,,,,,,,
1,Foreign_Exchange,Forward,NDF,UPI,QZ1QZZ434J62,New,,2024-01-28 16:29:38,JFTXFC,NA/Fwd NDF JPY MGA,JPY MGA,Spot,Forward price of underlying instrument,CASH,Cash,JPY,MGA,USD,,,,,,,,,
1,Foreign_Exchange,Forward,NDF,UPI,QZKQVWTK8TFQ,New,,2024-01-28 16:29:38,JFTXFC,NA/Fwd NDF JPY MGA,JPY MGA,Spot,Forward price of underlying instrument,CASH,Cash,JPY,MGA,MGA,,,,,,,,,
1,Foreign_Exchange,Forward,NDF,UPI,QZSC05WRNX5S,New,,2024-01-28 16:29:39,JFTXFC,NA/Fwd NDF JPY MMK,JPY MMK,Spot,Forward price of underlying instrument,CASH,Cash,JPY,MMK,JPY,,,,,,,,,
1,Foreign_Exchange,Forward,NDF,UPI,QZB4J5HF841J,New,,2024-01-28 16:29:39,JFTXFC,NA/Fwd NDF JPY MMK,JPY MMK,Spot,Forward price of underlying instrument,CASH,Cash,JPY,MMK,EUR,,,,,,,,,
1,Foreign_Exchange,Forward,NDF,UPI,QZS3GP8TWK7M,New,,2024-01-28 16:29:40,JFTXFC,NA/Fwd NDF JPY MMK,JPY MMK,Spot,Forward price of underlying instrument,CASH,Cash,JPY,MMK,MMK,,,,,,,,,
1,Foreign_Exchange,Forward,NDF,UPI,QZXN1M82T2LD,New,,2024-01-28 16:29:40,JFTXFC,NA/Fwd NDF JPY MMK,JPY MMK,Spot,Forward price of underlying instrument,CASH,Cash,JPY,MMK,USD,,,,,,,,,
1,Foreign_Exchange,Forward,NDF,UPI,QZ3BTT5F5F6J,New,,2024-01-28 16:29:40,JFTXFC,NA/Fwd NDF JPY MNT,JPY MNT,Spot,Forward price of underlying instrument,CASH,Cash,JPY,MNT,EUR,,,,,,,,,
1,Foreign_Exchange,Forward,NDF,UPI,QZT0TSDX139K,New,,2024-01-28 16:29:41,JFTXFC,NA/Fwd NDF JPY MNT,JPY MNT,Spot,Forward price of underlying instrument,CASH,Cash,JPY,MNT,JPY,,,,,,,,,
1,Foreign_Exchange,Forward,NDF,UPI,QZPXVT3CLZDS,New,,2024-01-28 16:29:41,JFTXFC,NA/Fwd NDF JPY MNT,JPY MNT,Spot,Forward price of underlying instrument,CASH,Cash,JPY,MNT,MNT,,,,,,,,,
1,Foreign_Exchange,Forward,NDF,UPI,QZQR1XJG4FCJ,New,,2024-01-28 16:29:42,JFTXFC,NA/Fwd NDF JPY MNT,JPY MNT,Spot,Forward price of underlying instrument,CASH,Cash,JPY,MNT,USD,,,,,,,,,
1,Foreign_Exchange,Forward,NDF,UPI,QZPLNW3QR22W,New,,2024-01-28 16:29:42,JFTXFC,NA/Fwd NDF JPY MOP,JPY MOP,Spot,Forward price of underlying instrument,CASH,Cash,JPY,MOP,EUR,,,,,,,,,
1,Foreign_Exchange,Forward,NDF,UPI,QZ6DMBZNLQR5,New,,2024-01-28 16:29:43,JFTXFC,NA/Fwd NDF JPY MOP,JPY MOP,Spot,Forward price of underlying instrument,CASH,Cash,JPY,MOP,JPY,,,,,,,,,
1,Foreign_Exchange,Forward,NDF,UPI,QZ6RFM3J6SCZ,New,,2024-01-28 16:29:43,JFTXFC,NA/Fwd NDF JPY MOP,JPY MOP,Spot,Forward price of underlying instrument,CASH,Cash,JPY,MOP,MOP,,,,,,,,,
1,Foreign_Exchange,Forward,NDF,UPI,QZGPNNCR2P7K,New,,2024-01-28 16:29:43,JFTXFC,NA/Fwd NDF JPY MOP,JPY MOP,Spot,Forward price of underlying instrument,CASH,Cash,JPY,MOP,USD,,,,,,,,,
1,Foreign_Exchange,Forward,NDF,UPI,QZHQ06S9QG86,New,,2024-01-28 16:29:44,JFTXFC,NA/Fwd NDF JPY MUR,JPY MUR,Spot,Forward price of underlying instrument,CASH,Cash,JPY,MUR,EUR,,,,,,,,,
1,Foreign_Exchange,Forward,NDF,UPI,QZ1G4NX87GXK,New,,2024-01-28 16:29:44,JFTXFC,NA/Fwd NDF JPY MUR,JPY MUR,Spot,Forward price of underlying instrument,CASH,Cash,JPY,MUR,JPY,,,,,,,,,
1,Foreign_Exchange,Forward,NDF,UPI,QZ09KJT49FZF,New,,2024-01-28 16:29:45,JFTXFC,NA/Fwd NDF JPY MUR,JPY MUR,Spot,Forward price of underlying instrument,CASH,Cash,JPY,MUR,USD,,,,,,,,,
1,Foreign_Exchange,Forward,NDF,UPI,QZQ925DC7SSW,New,,2024-01-28 16:29:45,JFTXFC,NA/Fwd NDF JPY MUR,JPY MUR,Spot,Forward price of underlying instrument,CASH,Cash,JPY,MUR,MUR,,,,,,,,,
1,Foreign_Exchange,Forward,NDF,UPI,QZ9CRXFQK8VB,New,,2024-01-28 16:29:46,JFTXFC,NA/Fwd NDF JPY MXN,JPY MXN,Spot,Forward price of underlying instrument,CASH,Cash,JPY,MXN,USD,,,,,,,,,
1,Foreign_Exchange,Forward,NDF,UPI,QZKD1FL4X5X9,New,,2024-01-28 16:29:46,JFTXFC,NA/Fwd NDF JPY MXN,JPY MXN,Spot,Forward price of underlying instrument,CASH,Cash,JPY,MXN,EUR,,,,,,,,,
1,Foreign_Exchange,Forward,NDF,UPI,QZVQ5SNG07ND,New,,2024-01-28 16:29:47,JFTXFC,NA/Fwd NDF JPY MZN,JPY MZN,Spot,Forward price of underlying instrument,CASH,Cash,JPY,MZN,EUR,,,,,,,,,
1,Foreign_Exchange,Forward,NDF,UPI,QZH2GL3MT1WR,New,,2024-01-28 16:29:47,JFTXFC,NA/Fwd NDF JPY MZN,JPY MZN,Spot,Forward price of underlying instrument,CASH,Cash,JPY,MZN,JPY,,,,,,,,,
1,Foreign_Exchange,Forward,NDF,UPI,QZWCNMQQZM62,New,,2024-01-28 16:29:47,JFTXFC,NA/Fwd NDF JPY MYR,JPY MYR,Spot,Forward price of underlying instrument,CASH,Cash,JPY,MYR,EUR,,,,,,,,,
1,Foreign_Exchange,Forward,NDF,UPI,QZ5W75Q36GC0,New,,2024-01-28 16:29:48,JFTXFC,NA/Fwd NDF JPY MZN,JPY MZN,Spot,Forward price of underlying instrument,CASH,Cash,JPY,MZN,MZN,,,,,,,,,
1,Foreign_Exchange,Forward,NDF,UPI,QZ8CMN19SZL1,New,,2024-01-28 16:29:48,JFTXFC,NA/Fwd NDF JPY MZN,JPY MZN,Spot,Forward price of underlying instrument,CASH,Cash,JPY,MZN,USD,,,,,,,,,
1,Foreign_Exchange,Forward,NDF,UPI,QZ0T8JR7J461,New,,2024-01-28 16:29:49,JFTXFC,NA/Fwd NDF JPY NAD,JPY NAD,Spot,Forward price of underlying instrument,CASH,Cash,JPY,NAD,EUR,,,,,,,,,
1,Foreign_Exchange,Forward,NDF,UPI,QZJ2T36871QG,New,,2024-01-28 16:29:49,JFTXFC,NA/Fwd NDF JPY NAD,JPY NAD,Spot,Forward price of underlying instrument,CASH,Cash,JPY,NAD,JPY,,,,,,,,,
1,Foreign_Exchange,Forward,NDF,UPI,QZBVQ06RG84T,New,,2024-01-28 16:29:49,JFTXFC,NA/Fwd NDF JPY NAD,JPY NAD,Spot,Forward price of underlying instrument,CASH,Cash,JPY,NAD,NAD,,,,,,,,,
1,Foreign_Exchange,Forward,NDF,UPI,QZC36NCT24BZ,New,,2024-01-28 16:29:50,JFTXFC,NA/Fwd NDF JPY NGN,JPY NGN,Spot,Forward price of underlying instrument,CASH,Cash,JPY,NGN,EUR,,,,,,,,,
1,Foreign_Exchange,Forward,NDF,UPI,QZMFB34DM7SP,New,,2024-01-28 16:29:50,JFTXFC,NA/Fwd NDF JPY NAD,JPY NAD,Spot,Forward price of underlying instrument,CASH,Cash,JPY,NAD,USD,,,,,,,,,
1,Foreign_Exchange,Forward,NDF,UPI,QZNJ0GCFD02C,New,,2024-01-28 16:29:51,JFTXFC,NA/Fwd NDF JPY NGN,JPY NGN,Spot,Forward price of underlying instrument,CASH,Cash,JPY,NGN,NGN,,,,,,,,,
1,Foreign_Exchange,Forward,NDF,UPI,QZ9XJSQXP5ZB,New,,2024-01-28 16:29:51,JFTXFC,NA/Fwd NDF JPY NGN,JPY NGN,Spot,Forward price of underlying instrument,CASH,Cash,JPY,NGN,USD,,,,,,,,,
1,Foreign_Exchange,Forward,NDF,UPI,QZRJS7C47HS2,New,,2024-01-28 16:29:52,JFTXFC,NA/Fwd NDF JPY NPR,JPY NPR,Spot,Forward price of underlying instrument,CASH,Cash,JPY,NPR,EUR,,,,,,,,,
1,Foreign_Exchange,Forward,NDF,UPI,QZ10GH8BXR1R,New,,2024-01-28 16:29:52,JFTXFC,NA/Fwd NDF JPY NOK,JPY NOK,Spot,Forward price of underlying instrument,CASH,Cash,JPY,NOK,EUR,,,,,,,,,
1,Foreign_Exchange,Forward,NDF,UPI,QZN3VNHRH0K3,New,,2024-01-28 16:29:52,JFTXFC,NA/Fwd NDF JPY NPR,JPY NPR,Spot,Forward price of underlying instrument,CASH,Cash,JPY,NPR,JPY,,,,,,,,,
1,Foreign_Exchange,Forward,NDF,UPI,QZ83XQ7V4ZKR,New,,2024-01-28 16:29:53,JFTXFC,NA/Fwd NDF JPY NPR,JPY NPR,Spot,Forward price of underlying instrument,CASH,Cash,JPY,NPR,NPR,,,,,,,,,
1,Foreign_Exchange,Forward,NDF,UPI,QZDDTF80BVJW,New,,2024-01-28 16:29:53,JFTXFC,NA/Fwd NDF JPY NPR,JPY NPR,Spot,Forward price of underlying instrument,CASH,Cash,JPY,NPR,USD,,,,,,,,,
1,Foreign_Exchange,Forward,NDF,UPI,QZTXP5MSL1Q2,New,,2024-01-28 16:29:54,JFTXFC,NA/Fwd NDF JPY NZD,JPY NZD,Spot,Forward price of underlying instrument,CASH,Cash,JPY,NZD,EUR,,,,,,,,,
1,Foreign_Exchange,Forward,NDF,UPI,QZ29J6C5M7ZT,New,,2024-01-28 16:29:54,JFTXFC,NA/Fwd NDF JPY PEN,JPY PEN,Spot,Forward price of underlying instrument,CASH,Cash,JPY,PEN,EUR,,,,,,,,,
1,Foreign_Exchange,Forward,NDF,UPI,QZG3HBDPDB4T,New,,2024-01-28 16:29:55,JFTXFC,NA/Fwd NDF JPY PGK,JPY PGK,Spot,Forward price of underlying instrument,CASH,Cash,JPY,PGK,EUR,,,,,,,,,
1,Foreign_Exchange,Forward,NDF,UPI,QZXFLK56KF6B,New,,2024-01-28 16:29:55,JFTXFC,NA/Fwd NDF JPY PGK,JPY PGK,Spot,Forward price of underlying instrument,CASH,Cash,JPY,PGK,JPY,,,,,,,,,
1,Foreign_Exchange,Forward,NDF,UPI,QZXTZS3RQHK4,New,,2024-01-28 16:29:56,JFTXFC,NA/Fwd NDF JPY PGK,JPY PGK,Spot,Forward price of underlying instrument,CASH,Cash,JPY,PGK,USD,,,,,,,,,
1,Foreign_Exchange,Forward,NDF,UPI,QZW419S9W6NH,New,,2024-01-28 16:29:56,JFTXFC,NA/Fwd NDF JPY PGK,JPY PGK,Spot,Forward price of underlying instrument,CASH,Cash,JPY,PGK,PGK,,,,,,,,,
1,Foreign_Exchange,Forward,NDF,UPI,QZMTPPKJRWWZ,New,,2024-01-28 16:29:56,JFTXFC,NA/Fwd NDF JPY PHP,JPY PHP,Spot,Forward price of underlying instrument,CASH,Cash,JPY,PHP,EUR,,,,,,,,,
1,Foreign_Exchange,Forward,NDF,UPI,QZ920TH1VT4Q,New,,2024-01-28 16:29:57,JFTXFC,NA/Fwd NDF JPY PKR,JPY PKR,Spot,Forward price of underlying instrument,CASH,Cash,JPY,PKR,PKR,,,,,,,,,
1,Foreign_Exchange,Forward,NDF,UPI,QZPTDNHGQ6XS,New,,2024-01-28 16:29:57,JFTXFC,NA/Fwd NDF JPY PKR,JPY PKR,Spot,Forward price of underlying instrument,CASH,Cash,JPY,PKR,JPY,,,,,,,,,
1,Foreign_Exchange,Forward,NDF,UPI,QZX3W81VV6G6,New,,2024-01-28 16:29:58,JFTXFC,NA/Fwd NDF JPY PKR,JPY PKR,Spot,Forward price of underlying instrument,CASH,Cash,JPY,PKR,EUR,,,,,,,,,
1,Foreign_Exchange,Forward,NDF,UPI,QZDKNK630MB7,New,,2024-01-28 16:29:58,JFTXFC,NA/Fwd NDF JPY PKR,JPY PKR,Spot,Forward price of underlying instrument,CASH,Cash,JPY,PKR,USD,,,,,,,,,
1,Foreign_Exchange,Forward,NDF,UPI,QZKK2PVJZF0W,New,,2024-01-28 16:29:59,JFTXFC,NA/Fwd NDF JPY PLN,JPY PLN,Spot,Forward price of underlying instrument,CASH,Cash,JPY,PLN,USD,,,,,,,,,
1,Foreign_Exchange,Forward,NDF,UPI,QZ82KT7M0LQM,New,,2024-01-28 16:29:59,JFTXFC,NA/Fwd NDF JPY PLN,JPY PLN,Spot,Forward price of underlying instrument,CASH,Cash,JPY,PLN,EUR,,,,,,,,,
1,Foreign_Exchange,Forward,NDF,UPI,QZS4CLCK3WW5,New,,2024-01-28 16:29:59,JFTXFC,NA/Fwd NDF JPY QAR,JPY QAR,Spot,Forward price of underlying instrument,CASH,Cash,JPY,QAR,EUR,,,,,,,,,
1,Foreign_Exchange,Forward,NDF,UPI,QZH0TMBC3V9F,New,,2024-01-28 16:30:00,JFTXFC,NA/Fwd NDF JPY QAR,JPY QAR,Spot,Forward price of underlying instrument,CASH,Cash,JPY,QAR,QAR,,,,,,,,,
1,Foreign_Exchange,Forward,NDF,UPI,QZZNLG9L6KRX,New,,2024-01-28 16:30:00,JFTXFC,NA/Fwd NDF JPY QAR,JPY QAR,Spot,Forward price of underlying instrument,CASH,Cash,JPY,QAR,USD,,,,,,,,,
1,Foreign_Exchange,Forward,NDF,UPI,QZ6189X6HC69,New,,2024-01-28 16:30:01,JFTXFC,NA/Fwd NDF JPY RSD,JPY RSD,Spot,Forward price of underlying instrument,CASH,Cash,JPY,RSD,EUR,,,,,,,,,
1,Foreign_Exchange,Forward,NDF,UPI,QZ46N477VFM6,New,,2024-01-28 16:30:01,JFTXFC,NA/Fwd NDF JPY RON,JPY RON,Spot,Forward price of underlying instrument,CASH,Cash,JPY,RON,EUR,,,,,,,,,
1,Foreign_Exchange,Forward,NDF,UPI,QZGW76327033,New,,2024-01-28 16:30:01,JFTXFC,NA/Fwd NDF JPY RON,JPY RON,Spot,Forward price of underlying instrument,CASH,Cash,JPY,RON,USD,,,,,,,,,
1,Foreign_Exchange,Forward,NDF,UPI,QZHRN0683BSG,New,,2024-01-28 16:30:02,JFTXFC,NA/Fwd NDF JPY RSD,JPY RSD,Spot,Forward price of underlying instrument,CASH,Cash,JPY,RSD,RSD,,,,,,,,,
1,Foreign_Exchange,Forward,NDF,UPI,QZBG7V35GJJS,New,,2024-01-28 16:30:02,JFTXFC,NA/Fwd NDF JPY RSD,JPY RSD,Spot,Forward price of underlying instrument,CASH,Cash,JPY,RSD,JPY,,,,,,,,,
1,Foreign_Exchange,Forward,NDF,UPI,QZCSZKCGQF03,New,,2024-01-28 16:30:03,JFTXFC,NA/Fwd NDF JPY RWF,JPY RWF,Spot,Forward price of underlying instrument,CASH,Cash,JPY,RWF,EUR,,,,,,,,,
1,Foreign_Exchange,Forward,NDF,UPI,QZ12B8NPSVX0,New,,2024-01-28 16:30:03,JFTXFC,NA/Fwd NDF JPY RUB,JPY RUB,Spot,Forward price of underlying instrument,CASH,Cash,JPY,RUB,EUR,,,,,,,,,
1,Foreign_Exchange,Forward,NDF,UPI,QZV9RB2LXV5J,New,,2024-01-28 16:30:04,JFTXFC,NA/Fwd NDF JPY RWF,JPY RWF,Spot,Forward price of underlying instrument,CASH,Cash,JPY,RWF,USD,,,,,,,,,
1,Foreign_Exchange,Forward,NDF,UPI,QZHJMH585M8R,New,,2024-01-28 16:30:04,JFTXFC,NA/Fwd NDF JPY RWF,JPY RWF,Spot,Forward price of underlying instrument,CASH,Cash,JPY,RWF,JPY,,,,,,,,,
1,Foreign_Exchange,Forward,NDF,UPI,QZLV39N9P985,New,,2024-01-28 16:30:04,JFTXFC,NA/Fwd NDF JPY RWF,JPY RWF,Spot,Forward price of underlying instrument,CASH,Cash,JPY,RWF,RWF,,,,,,,,,
1,Foreign_Exchange,Forward,NDF,UPI,QZ76SZN2K38H,New,,2024-01-28 16:30:05,JFTXFC,NA/Fwd NDF JPY SAR,JPY SAR,Spot,Forward price of underlying instrument,CASH,Cash,JPY,SAR,JPY,,,,,,,,,
1,Foreign_Exchange,Forward,NDF,UPI,QZTL576J7P6G,New,,2024-01-28 16:30:05,JFTXFC,NA/Fwd NDF JPY SAR,JPY SAR,Spot,Forward price of underlying instrument,CASH,Cash,JPY,SAR,EUR,,,,,,,,,
1,Foreign_Exchange,Forward,NDF,UPI,QZ1F4RCJ2MWD,New,,2024-01-28 16:30:06,JFTXFC,NA/Fwd NDF JPY SAR,JPY SAR,Spot,Forward price of underlying instrument,CASH,Cash,JPY,SAR,SAR,,,,,,,,,
1,Foreign_Exchange,Forward,NDF,UPI,QZTC9BXVDPZR,New,,2024-01-28 16:30:06,JFTXFC,NA/Fwd NDF JPY SAR,JPY SAR,Spot,Forward price of underlying instrument,CASH,Cash,JPY,SAR,USD,,,,,,,,,
1,Foreign_Exchange,Forward,NDF,UPI,QZNGV07KRC9Q,New,,2024-01-28 16:30:06,JFTXFC,NA/Fwd NDF JPY SEK,JPY SEK,Spot,Forward price of underlying instrument,CASH,Cash,JPY,SEK,EUR,,,,,,,,,
1,Foreign_Exchange,Forward,NDF,UPI,QZNK73PKXSZ9,New,,2024-01-28 16:30:07,JFTXFC,NA/Fwd NDF JPY SGD,JPY SGD,Spot,Forward price of underlying instrument,CASH,Cash,JPY,SGD,EUR,,,,,,,,,
1,Foreign_Exchange,Forward,NDF,UPI,QZ3W7Q8ZN5HP,New,,2024-01-28 16:30:07,JFTXFC,NA/Fwd NDF JPY SEK,JPY SEK,Spot,Forward price of underlying instrument,CASH,Cash,JPY,SEK,USD,,,,,,,,,
1,Foreign_Exchange,Forward,NDF,UPI,QZHFGRR1S8GS,New,,2024-01-28 16:30:08,JFTXFC,NA/Fwd NDF JPY THB,JPY THB,Spot,Forward price of underlying instrument,CASH,Cash,JPY,THB,EUR,,,,,,,,,
1,Foreign_Exchange,Forward,NDF,UPI,QZ241PZH811L,New,,2024-01-28 16:30:08,JFTXFC,NA/Fwd NDF JPY THB,JPY THB,Spot,Forward price of underlying instrument,CASH,Cash,JPY,THB,USD,,,,,,,,,
1,Foreign_Exchange,Forward,NDF,UPI,QZQ0W11TXK14,New,,2024-01-28 16:30:09,JFTXFC,NA/Fwd NDF JPY TND,JPY TND,Spot,Forward price of underlying instrument,CASH,Cash,JPY,TND,JPY,,,,,,,,,
1,Foreign_Exchange,Forward,NDF,UPI,QZLZNHV7W42J,New,,2024-01-28 16:30:09,JFTXFC,NA/Fwd NDF JPY TND,JPY TND,Spot,Forward price of underlying instrument,CASH,Cash,JPY,TND,EUR,,,,,,,,,
1,Foreign_Exchange,Forward,NDF,UPI,QZXW39SQW7P7,New,,2024-01-28 16:30:09,JFTXFC,NA/Fwd NDF JPY TND,JPY TND,Spot,Forward price of underlying instrument,CASH,Cash,JPY,TND,TND,,,,,,,,,
1,Foreign_Exchange,Forward,NDF,UPI,QZT2KPWTTCWQ,New,,2024-01-28 16:30:10,JFTXFC,NA/Fwd NDF JPY TRY,JPY TRY,Spot,Forward price of underlying instrument,CASH,Cash,JPY,TRY,EUR,,,,,,,,,
1,Foreign_Exchange,Forward,NDF,UPI,QZHVV3PZ5V2N,New,,2024-01-28 16:30:10,JFTXFC,NA/Fwd NDF JPY TND,JPY TND,Spot,Forward price of underlying instrument,CASH,Cash,JPY,TND,USD,,,,,,,,,
1,Foreign_Exchange,Forward,NDF,UPI,QZH9B1ZT72DB,New,,2024-01-28 16:30:11,JFTXFC,NA/Fwd NDF JPY TRY,JPY TRY,Spot,Forward price of underlying instrument,CASH,Cash,JPY,TRY,USD,,,,,,,,,
1,Foreign_Exchange,Forward,NDF,UPI,QZ3XL3H03SR2,New,,2024-01-28 16:30:11,JFTXFC,NA/Fwd NDF JPY TWD,JPY TWD,Spot,Forward price of underlying instrument,CASH,Cash,JPY,TWD,EUR,,,,,,,,,
1,Foreign_Exchange,Forward,NDF,UPI,QZ5H3NFKNJ1Z,New,,2024-01-28 16:30:11,JFTXFC,NA/Fwd NDF JPY TZS,JPY TZS,Spot,Forward price of underlying instrument,CASH,Cash,JPY,TZS,EUR,,,,,,,,,
1,Foreign_Exchange,Forward,NDF,UPI,QZ1MF9849F4S,New,,2024-01-28 16:30:12,JFTXFC,NA/Fwd NDF JPY TZS,JPY TZS,Spot,Forward price of underlying instrument,CASH,Cash,JPY,TZS,JPY,,,,,,,,,
1,Foreign_Exchange,Forward,NDF,UPI,QZSPPWTDKF17,New,,2024-01-28 16:30:12,JFTXFC,NA/Fwd NDF JPY TZS,JPY TZS,Spot,Forward price of underlying instrument,CASH,Cash,JPY,TZS,TZS,,,,,,,,,
1,Foreign_Exchange,Forward,NDF,UPI,QZ2VRGK19210,New,,2024-01-28 16:30:13,JFTXFC,NA/Fwd NDF JPY TZS,JPY TZS,Spot,Forward price of underlying instrument,CASH,Cash,JPY,TZS,USD,,,,,,,,,
1,Foreign_Exchange,Forward,NDF,UPI,QZC7Z2SJ6DTJ,New,,2024-01-28 16:30:13,JFTXFC,NA/Fwd NDF JPY UAH,JPY UAH,Spot,Forward price of underlying instrument,CASH,Cash,JPY,UAH,UAH,,,,,,,,,
1,Foreign_Exchange,Forward,NDF,UPI,QZLZBQD2SQ29,New,,2024-01-28 16:30:14,JFTXFC,NA/Fwd NDF JPY UGX,JPY UGX,Spot,Forward price of underlying instrument,CASH,Cash,JPY,UGX,EUR,,,,,,,,,
1,Foreign_Exchange,Forward,NDF,UPI,QZNDM5MR8M4L,New,,2024-01-28 16:30:14,JFTXFC,NA/Fwd NDF JPY UGX,JPY UGX,Spot,Forward price of underlying instrument,CASH,Cash,JPY,UGX,UGX,,,,,,,,,
1,Foreign_Exchange,Forward,NDF,UPI,QZ7VP4993ZQM,New,,2024-01-28 16:30:14,JFTXFC,NA/Fwd NDF JPY UGX,JPY UGX,Spot,Forward price of underlying instrument,CASH,Cash,JPY,UGX,JPY,,,,,,,,,
1,Foreign_Exchange,Forward,NDF,UPI,QZJJ2Z5VWTGM,New,,2024-01-28 16:30:15,JFTXFC,NA/Fwd NDF JPY UGX,JPY UGX,Spot,Forward price of underlying instrument,CASH,Cash,JPY,UGX,USD,,,,,,,,,
1,Foreign_Exchange,Forward,NDF,UPI,QZ6JMHW7RL81,New,,2024-01-28 16:30:15,JFTXFC,NA/Fwd NDF JPY VEF,JPY VEF,Spot,Forward price of underlying instrument,CASH,Cash,JPY,VEF,EUR,,,,,,,,,
1,Foreign_Exchange,Forward,NDF,UPI,QZMDK88LRW94,New,,2024-01-28 16:30:16,JFTXFC,NA/Fwd NDF JPY VEF,JPY VEF,Spot,Forward price of underlying instrument,CASH,Cash,JPY,VEF,JPY,,,,,,,,,
1,Foreign_Exchange,Forward,NDF,UPI,QZ0CH562SJXS,New,,2024-01-28 16:30:16,JFTXFC,NA/Fwd NDF JPY VEF,JPY VEF,Spot,Forward price of underlying instrument,CASH,Cash,JPY,VEF,USD,,,,,,,,,
1,Foreign_Exchange,Forward,NDF,UPI,QZX8Q43PJF8G,New,,2024-01-28 16:30:16,JFTXFC,NA/Fwd NDF JPY VEF,JPY VEF,Spot,Forward price of underlying instrument,CASH,Cash,JPY,VEF,VEF,,,,,,,,,
1,Foreign_Exchange,Forward,NDF,UPI,QZ9CZJP53XL8,New,,2024-01-28 16:30:17,JFTXFC,NA/Fwd NDF JPY VND,JPY VND,Spot,Forward price of underlying instrument,CASH,Cash,JPY,VND,EUR,,,,,,,,,
1,Foreign_Exchange,Forward,NDF,UPI,QZBCCB0Z2PL0,New,,2024-01-28 16:30:17,JFTXFC,NA/Fwd NDF JPY VND,JPY VND,Spot,Forward price of underlying instrument,CASH,Cash,JPY,VND,USD,,,,,,,,,
1,Foreign_Exchange,Forward,NDF,UPI,QZ984DMVNMMG,New,,2024-01-28 16:30:18,JFTXFC,NA/Fwd NDF JPY XAF,JPY XAF,Spot,Forward price of underlying instrument,CASH,Cash,JPY,XAF,EUR,,,,,,,,,
1,Foreign_Exchange,Forward,NDF,UPI,QZ86KXMDNRFJ,New,,2024-01-28 16:30:18,JFTXFC,NA/Fwd NDF JPY XAF,JPY XAF,Spot,Forward price of underlying instrument,CASH,Cash,JPY,XAF,JPY,,,,,,,,,
1,Foreign_Exchange,Forward,NDF,UPI,QZHKRGM12BPC,New,,2024-01-28 16:30:19,JFTXFC,NA/Fwd NDF JPY XOF,JPY XOF,Spot,Forward price of underlying instrument,CASH,Cash,JPY,XOF,EUR,,,,,,,,,
1,Foreign_Exchange,Forward,NDF,UPI,QZCH7TFQCZ2V,New,,2024-01-28 16:30:19,JFTXFC,NA/Fwd NDF JPY XAF,JPY XAF,Spot,Forward price of underlying instrument,CASH,Cash,JPY,XAF,USD,,,,,,,,,
1,Foreign_Exchange,Forward,NDF,UPI,QZRJQHQHXB3X,New,,2024-01-28 16:30:19,JFTXFC,NA/Fwd NDF JPY XAF,JPY XAF,Spot,Forward price of underlying instrument,CASH,Cash,JPY,XAF,XAF,,,,,,,,,
1,Foreign_Exchange,Forward,NDF,UPI,QZ0K2R8ZJ22R,New,,2024-01-28 16:30:20,JFTXFC,NA/Fwd NDF JPY XOF,JPY XOF,Spot,Forward price of underlying instrument,CASH,Cash,JPY,XOF,USD,,,,,,,,,
1,Foreign_Exchange,Forward,NDF,UPI,QZGTXJGHSVZ9,New,,2024-01-28 16:30:20,JFTXFC,NA/Fwd NDF JPY XOF,JPY XOF,Spot,Forward price of underlying instrument,CASH,Cash,JPY,XOF,JPY,,,,,,,,,
1,Foreign_Exchange,Forward,NDF,UPI,QZKPMVHDNB7G,New,,2024-01-28 16:30:21,JFTXFC,NA/Fwd NDF JPY XOF,JPY XOF,Spot,Forward price of underlying instrument,CASH,Cash,JPY,XOF,XOF,,,,,,,,,
1,Foreign_Exchange,Forward,NDF,UPI,QZ7B2K115DV7,New,,2024-01-28 16:30:21,JFTXFC,NA/Fwd NDF JPY ZAR,JPY ZAR,Spot,Forward price of underlying instrument,CASH,Cash,JPY,ZAR,EUR,,,,,,,,,
1,Foreign_Exchange,Forward,NDF,UPI,QZN5JSKZXTZ0,New,,2024-01-28 16:30:21,JFTXFC,NA/Fwd NDF JPY ZAR,JPY ZAR,Spot,Forward price of underlying instrument,CASH,Cash,JPY,ZAR,USD,,,,,,,,,
1,Foreign_Exchange,Forward,NDF,UPI,QZ83TVFDJ8JP,New,,2024-01-28 16:30:22,JFTXFC,NA/Fwd NDF KES USD,KES USD,Spot,Forward price of underlying instrument,CASH,Cash,KES,USD,EUR,,,,,,,,,
1,Foreign_Exchange,Forward,NDF,UPI,QZ28L90BMPP0,New,,2024-01-28 16:30:22,JFTXFC,NA/Fwd NDF KES USD,KES USD,Spot,Forward price of underlying instrument,CASH,Cash,KES,USD,JPY,,,,,,,,,
1,Foreign_Exchange,Forward,NDF,UPI,QZ8JCNFRTM04,New,,2024-01-28 16:30:23,JFTXFC,NA/Fwd NDF KHR SGD,KHR SGD,Spot,Forward price of underlying instrument,CASH,Cash,KHR,SGD,JPY,,,,,,,,,
1,Foreign_Exchange,Forward,NDF,UPI,QZD1W5BVHN2R,New,,2024-01-28 16:30:23,JFTXFC,NA/Fwd NDF KHR SGD,KHR SGD,Spot,Forward price of underlying instrument,CASH,Cash,KHR,SGD,EUR,,,,,,,,,
1,Foreign_Exchange,Forward,NDF,UPI,QZXXL36B7WWZ,New,,2024-01-28 16:30:24,JFTXFC,NA/Fwd NDF KHR SGD,KHR SGD,Spot,Forward price of underlying instrument,CASH,Cash,KHR,SGD,SGD,,,,,,,,,
1,Foreign_Exchange,Forward,NDF,UPI,QZWBF4RMD8R6,New,,2024-01-28 16:30:24,JFTXFC,NA/Fwd NDF KHR SGD,KHR SGD,Spot,Forward price of underlying instrument,CASH,Cash,KHR,SGD,KHR,,,,,,,,,
1,Foreign_Exchange,Forward,NDF,UPI,QZLNSD5TJHK8,New,,2024-01-28 16:30:24,JFTXFC,NA/Fwd NDF KHR SGD,KHR SGD,Spot,Forward price of underlying instrument,CASH,Cash,KHR,SGD,USD,,,,,,,,,
1,Foreign_Exchange,Forward,NDF,UPI,QZ0B2681PVP1,New,,2024-01-28 16:30:25,JFTXFC,NA/Fwd NDF KHR USD,KHR USD,Spot,Forward price of underlying instrument,CASH,Cash,KHR,USD,EUR,,,,,,,,,
1,Foreign_Exchange,Forward,NDF,UPI,QZ4BSZ9ZWMSC,New,,2024-01-28 16:30:25,JFTXFC,NA/Fwd NDF KHR USD,KHR USD,Spot,Forward price of underlying instrument,CASH,Cash,KHR,USD,JPY,,,,,,,,,
1,Foreign_Exchange,Forward,NDF,UPI,QZ2TBDH5MKP1,New,,2024-01-28 16:30:26,JFTXFC,NA/Fwd NDF KRW LAK,KRW LAK,Spot,Forward price of underlying instrument,CASH,Cash,KRW,LAK,KRW,,,,,,,,,
1,Foreign_Exchange,Forward,NDF,UPI,QZC9M3NCPF0M,New,,2024-01-28 16:30:26,JFTXFC,NA/Fwd NDF KHR USD,KHR USD,Spot,Forward price of underlying instrument,CASH,Cash,KHR,USD,KHR,,,,,,,,,
1,Foreign_Exchange,Forward,NDF,UPI,QZ1CTNCFJ3VQ,New,,2024-01-28 16:30:26,JFTXFC,NA/Fwd NDF KRW LAK,KRW LAK,Spot,Forward price of underlying instrument,CASH,Cash,KRW,LAK,LAK,,,,,,,,,
1,Foreign_Exchange,Forward,NDF,UPI,QZ3NQBP4DWHB,New,,2024-01-28 16:30:27,JFTXFC,NA/Fwd NDF KRW LKR,KRW LKR,Spot,Forward price of underlying instrument,CASH,Cash,KRW,LKR,LKR,,,,,,,,,
1,Foreign_Exchange,Forward,NDF,UPI,QZBNK3ZT2R28,New,,2024-01-28 16:30:27,JFTXFC,NA/Fwd NDF KRW LKR,KRW LKR,Spot,Forward price of underlying instrument,CASH,Cash,KRW,LKR,KRW,,,,,,,,,
1,Foreign_Exchange,Forward,NDF,UPI,QZ2TPTC6653D,New,,2024-01-28 16:30:28,JFTXFC,NA/Fwd NDF KRW MAD,KRW MAD,Spot,Forward price of underlying instrument,CASH,Cash,KRW,MAD,KRW,,,,,,,,,
1,Foreign_Exchange,Forward,NDF,UPI,QZ3T45KHRVZV,New,,2024-01-28 16:30:28,JFTXFC,NA/Fwd NDF KRW MAD,KRW MAD,Spot,Forward price of underlying instrument,CASH,Cash,KRW,MAD,MAD,,,,,,,,,
1,Foreign_Exchange,Forward,NDF,UPI,QZV2HR3ZVZ36,New,,2024-01-28 16:30:28,JFTXFC,NA/Fwd NDF KRW MMK,KRW MMK,Spot,Forward price of underlying instrument,CASH,Cash,KRW,MMK,KRW,,,,,,,,,
1,Foreign_Exchange,Forward,NDF,UPI,QZMPNJ7MRLWZ,New,,2024-01-28 16:30:29,JFTXFC,NA/Fwd NDF KRW MMK,KRW MMK,Spot,Forward price of underlying instrument,CASH,Cash,KRW,MMK,MMK,,,,,,,,,
1,Foreign_Exchange,Forward,NDF,UPI,QZVXJRKTJLHW,New,,2024-01-28 16:30:29,JFTXFC,NA/Fwd NDF KRW MNT,KRW MNT,Spot,Forward price of underlying instrument,CASH,Cash,KRW,MNT,KRW,,,,,,,,,
1,Foreign_Exchange,Forward,NDF,UPI,QZDR55XT1ZCF,New,,2024-01-28 16:30:30,JFTXFC,NA/Fwd NDF KRW MOP,KRW MOP,Spot,Forward price of underlying instrument,CASH,Cash,KRW,MOP,KRW,,,,,,,,,
1,Foreign_Exchange,Forward,NDF,UPI,QZLGN1K15DTF,New,,2024-01-28 16:30:30,JFTXFC,NA/Fwd NDF KRW MNT,KRW MNT,Spot,Forward price of underlying instrument,CASH,Cash,KRW,MNT,MNT,,,,,,,,,
1,Foreign_Exchange,Forward,NDF,UPI,QZ033JTT2ZGR,New,,2024-01-28 16:30:31,JFTXFC,NA/Fwd NDF KRW MXN,KRW MXN,Spot,Forward price of underlying instrument,CASH,Cash,KRW,MXN,EUR,,,,,,,,,
1,Foreign_Exchange,Forward,NDF,UPI,QZ1MLHBZJ7HQ,New,,2024-01-28 16:30:31,JFTXFC,NA/Fwd NDF KRW MOP,KRW MOP,Spot,Forward price of underlying instrument,CASH,Cash,KRW,MOP,MOP,,,,,,,,,
1,Foreign_Exchange,Forward,NDF,UPI,QZG4WMBWNZ3P,New,,2024-01-28 16:30:31,JFTXFC,NA/Fwd NDF KRW MXN,KRW MXN,Spot,Forward price of underlying instrument,CASH,Cash,KRW,MXN,JPY,,,,,,,,,
1,Foreign_Exchange,Forward,NDF,UPI,QZDLR1S56FSR,New,,2024-01-28 16:30:32,JFTXFC,NA/Fwd NDF KRW MZN,KRW MZN,Spot,Forward price of underlying instrument,CASH,Cash,KRW,MZN,MZN,,,,,,,,,
1,Foreign_Exchange,Forward,NDF,UPI,QZFTQ6TRXV1L,New,,2024-01-28 16:30:32,JFTXFC,NA/Fwd NDF KRW MZN,KRW MZN,Spot,Forward price of underlying instrument,CASH,Cash,KRW,MZN,KRW,,,,,,,,,
1,Foreign_Exchange,Forward,NDF,UPI,QZJBM922W1TQ,New,,2024-01-28 16:30:33,JFTXFC,NA/Fwd NDF KRW NGN,KRW NGN,Spot,Forward price of underlying instrument,CASH,Cash,KRW,NGN,KRW,,,,,,,,,
1,Foreign_Exchange,Forward,NDF,UPI,QZBK33RSV1VH,New,,2024-01-28 16:30:33,JFTXFC,NA/Fwd NDF KRW NOK,KRW NOK,Spot,Forward price of underlying instrument,CASH,Cash,KRW,NOK,EUR,,,,,,,,,
1,Foreign_Exchange,Forward,NDF,UPI,QZMGV93WHM8L,New,,2024-01-28 16:30:33,JFTXFC,NA/Fwd NDF KRW NGN,KRW NGN,Spot,Forward price of underlying instrument,CASH,Cash,KRW,NGN,NGN,,,,,,,,,
1,Foreign_Exchange,Forward,NDF,UPI,QZ0X7Q5CF43G,New,,2024-01-28 16:30:34,JFTXFC,NA/Fwd NDF KRW NOK,KRW NOK,Spot,Forward price of underlying instrument,CASH,Cash,KRW,NOK,JPY,,,,,,,,,
1,Foreign_Exchange,Forward,NDF,UPI,QZMXTHFVWGSX,New,,2024-01-28 16:30:34,JFTXFC,NA/Fwd NDF KRW NPR,KRW NPR,Spot,Forward price of underlying instrument,CASH,Cash,KRW,NPR,KRW,,,,,,,,,
1,Foreign_Exchange,Forward,NDF,UPI,QZN6MKHTV0FK,New,,2024-01-28 16:30:35,JFTXFC,NA/Fwd NDF KRW NZD,KRW NZD,Spot,Forward price of underlying instrument,CASH,Cash,KRW,NZD,JPY,,,,,,,,,
1,Foreign_Exchange,Forward,NDF,UPI,QZKND6ZJ2QCH,New,,2024-01-28 16:30:35,JFTXFC,NA/Fwd NDF KRW NPR,KRW NPR,Spot,Forward price of underlying instrument,CASH,Cash,KRW,NPR,NPR,,,,,,,,,
1,Foreign_Exchange,Forward,NDF,UPI,QZCV1NQ0PZ86,New,,2024-01-28 16:30:35,JFTXFC,NA/Fwd NDF KRW NZD,KRW NZD,Spot,Forward price of underlying instrument,CASH,Cash,KRW,NZD,EUR,,,,,,,,,
1,Foreign_Exchange,Forward,NDF,UPI,QZ6L3H0SLLX8,New,,2024-01-28 16:30:36,JFTXFC,NA/Fwd NDF KRW PGK,KRW PGK,Spot,Forward price of underlying instrument,CASH,Cash,KRW,PGK,KRW,,,,,,,,,
1,Foreign_Exchange,Forward,NDF,UPI,QZL0HMK8ZWM5,New,,2024-01-28 16:30:36,JFTXFC,NA/Fwd NDF KRW PGK,KRW PGK,Spot,Forward price of underlying instrument,CASH,Cash,KRW,PGK,PGK,,,,,,,,,
1,Foreign_Exchange,Forward,NDF,UPI,QZ1QJ4Q5T4NT,New,,2024-01-28 16:30:37,JFTXFC,NA/Fwd NDF KRW PLN,KRW PLN,Spot,Forward price of underlying instrument,CASH,Cash,KRW,PLN,JPY,,,,,,,,,
1,Foreign_Exchange,Forward,NDF,UPI,QZ6TKRVP1D6K,New,,2024-01-28 16:30:37,JFTXFC,NA/Fwd NDF KRW PLN,KRW PLN,Spot,Forward price of underlying instrument,CASH,Cash,KRW,PLN,USD,,,,,,,,,
1,Foreign_Exchange,Forward,NDF,UPI,QZ2S6KT6718P,New,,2024-01-28 16:30:37,JFTXFC,NA/Fwd NDF KRW PLN,KRW PLN,Spot,Forward price of underlying instrument,CASH,Cash,KRW,PLN,EUR,,,,,,,,,
1,Foreign_Exchange,Forward,NDF,UPI,QZKM4T6TPPNH,New,,2024-01-28 16:30:38,JFTXFC,NA/Fwd NDF KRW QAR,KRW QAR,Spot,Forward price of underlying instrument,CASH,Cash,KRW,QAR,KRW,,,,,,,,,
1,Foreign_Exchange,Forward,NDF,UPI,QZGPZSC6LTCC,New,,2024-01-28 16:30:38,JFTXFC,NA/Fwd NDF KRW QAR,KRW QAR,Spot,Forward price of underlying instrument,CASH,Cash,KRW,QAR,QAR,,,,,,,,,
1,Foreign_Exchange,Forward,NDF,UPI,QZ8MBGDWS4CH,New,,2024-01-28 16:30:39,JFTXFC,NA/Fwd NDF KRW SAR,KRW SAR,Spot,Forward price of underlying instrument,CASH,Cash,KRW,SAR,KRW,,,,,,,,,
1,Foreign_Exchange,Forward,NDF,UPI,QZSLXXR2TT3D,New,,2024-01-28 16:30:39,JFTXFC,NA/Fwd NDF KRW RON,KRW RON,Spot,Forward price of underlying instrument,CASH,Cash,KRW,RON,KRW,,,,,,,,,
1,Foreign_Exchange,Forward,NDF,UPI,QZDR21169QS3,New,,2024-01-28 16:30:40,JFTXFC,NA/Fwd NDF KRW SAR,KRW SAR,Spot,Forward price of underlying instrument,CASH,Cash,KRW,SAR,SAR,,,,,,,,,
1,Foreign_Exchange,Forward,NDF,UPI,QZBQGWS9484M,New,,2024-01-28 16:30:40,JFTXFC,NA/Fwd NDF KRW SEK,KRW SEK,Spot,Forward price of underlying instrument,CASH,Cash,KRW,SEK,EUR,,,,,,,,,
1,Foreign_Exchange,Forward,NDF,UPI,QZCPDXCWCWH2,New,,2024-01-28 16:30:40,JFTXFC,NA/Fwd NDF KRW SEK,KRW SEK,Spot,Forward price of underlying instrument,CASH,Cash,KRW,SEK,JPY,,,,,,,,,
1,Foreign_Exchange,Forward,NDF,UPI,QZ9HSKDSBB02,New,,2024-01-28 16:30:41,JFTXFC,NA/Fwd NDF KRW SGD,KRW SGD,Spot,Forward price of underlying instrument,CASH,Cash,KRW,SGD,JPY,,,,,,,,,
1,Foreign_Exchange,Forward,NDF,UPI,QZ8J2NQKLSC4,New,,2024-01-28 16:30:41,JFTXFC,NA/Fwd NDF KRW SGD,KRW SGD,Spot,Forward price of underlying instrument,CASH,Cash,KRW,SGD,EUR,,,,,,,,,
1,Foreign_Exchange,Forward,NDF,UPI,QZ2WR6F4TQ44,New,,2024-01-28 16:30:42,JFTXFC,NA/Fwd NDF KRW TRY,KRW TRY,Spot,Forward price of underlying instrument,CASH,Cash,KRW,TRY,KRW,,,,,,,,,
1,Foreign_Exchange,Forward,NDF,UPI,QZJCN0F4J25W,New,,2024-01-28 16:30:42,JFTXFC,NA/Fwd NDF KRW TRY,KRW TRY,Spot,Forward price of underlying instrument,CASH,Cash,KRW,TRY,TRY,,,,,,,,,
1,Foreign_Exchange,Forward,NDF,UPI,QZH3ZPLH6H2T,New,,2024-01-28 16:30:43,JFTXFC,NA/Fwd NDF KRW UGX,KRW UGX,Spot,Forward price of underlying instrument,CASH,Cash,KRW,UGX,KRW,,,,,,,,,
1,Foreign_Exchange,Forward,NDF,UPI,QZ0V863RFS44,New,,2024-01-28 16:30:43,JFTXFC,NA/Fwd NDF KRW UGX,KRW UGX,Spot,Forward price of underlying instrument,CASH,Cash,KRW,UGX,UGX,,,,,,,,,
1,Foreign_Exchange,Forward,NDF,UPI,QZG3THT8H4SK,New,,2024-01-28 16:30:43,JFTXFC,NA/Fwd NDF KRW VND,KRW VND,Spot,Forward price of underlying instrument,CASH,Cash,KRW,VND,KRW,,,,,,,,,
1,Foreign_Exchange,Forward,NDF,UPI,QZ6NZ9CFSR5Q,New,,2024-01-28 16:30:44,JFTXFC,NA/Fwd NDF KRW VND,KRW VND,Spot,Forward price of underlying instrument,CASH,Cash,KRW,VND,VND,,,,,,,,,
1,Foreign_Exchange,Forward,NDF,UPI,QZPDLH08ZMD6,New,,2024-01-28 16:30:44,JFTXFC,NA/Fwd NDF KRW ZAR,KRW ZAR,Spot,Forward price of underlying instrument,CASH,Cash,KRW,ZAR,EUR,,,,,,,,,
1,Foreign_Exchange,Forward,NDF,UPI,QZ58MVFCMV6Z,New,,2024-01-28 16:30:45,JFTXFC,NA/Fwd NDF KRW ZAR,KRW ZAR,Spot,Forward price of underlying instrument,CASH,Cash,KRW,ZAR,JPY,,,,,,,,,
1,Foreign_Exchange,Forward,NDF,UPI,QZT0LSBXSN2L,New,,2024-01-28 16:30:45,JFTXFC,NA/Fwd NDF KRW ZAR,KRW ZAR,Spot,Forward price of underlying instrument,CASH,Cash,KRW,ZAR,USD,,,,,,,,,
1,Foreign_Exchange,Forward,NDF,UPI,QZH8W2D3L1S0,New,,2024-01-28 16:30:46,JFTXFC,NA/Fwd NDF KWD MYR,KWD MYR,Spot,Forward price of underlying instrument,CASH,Cash,KWD,MYR,JPY,,,,,,,,,
1,Foreign_Exchange,Forward,NDF,UPI,QZ05VT65PP5J,New,,2024-01-28 16:30:46,JFTXFC,NA/Fwd NDF KWD MYR,KWD MYR,Spot,Forward price of underlying instrument,CASH,Cash,KWD,MYR,EUR,,,,,,,,,
1,Foreign_Exchange,Forward,NDF,UPI,QZZR3CW5K45T,New,,2024-01-28 16:30:46,JFTXFC,NA/Fwd NDF KWD MYR,KWD MYR,Spot,Forward price of underlying instrument,CASH,Cash,KWD,MYR,KWD,,,,,,,,,
1,Foreign_Exchange,Forward,NDF,UPI,QZWWR1G7LSS7,New,,2024-01-28 16:30:47,JFTXFC,NA/Fwd NDF KWD MYR,KWD MYR,Spot,Forward price of underlying instrument,CASH,Cash,KWD,MYR,MYR,,,,,,,,,
1,Foreign_Exchange,Forward,NDF,UPI,QZ4C5RMPF8XT,New,,2024-01-28 16:30:47,JFTXFC,NA/Fwd NDF KWD MYR,KWD MYR,Spot,Forward price of underlying instrument,CASH,Cash,KWD,MYR,USD,,,,,,,,,
1,Foreign_Exchange,Forward,NDF,UPI,QZ3VJ7R7L9WL,New,,2024-01-28 16:30:48,JFTXFC,NA/Fwd NDF KWD NOK,KWD NOK,Spot,Forward price of underlying instrument,CASH,Cash,KWD,NOK,JPY,,,,,,,,,
1,Foreign_Exchange,Forward,NDF,UPI,QZ5V7XWQ27SW,New,,2024-01-28 16:30:48,JFTXFC,NA/Fwd NDF KWD NOK,KWD NOK,Spot,Forward price of underlying instrument,CASH,Cash,KWD,NOK,EUR,,,,,,,,,
1,Foreign_Exchange,Forward,NDF,UPI,QZQLHTHZGC7Z,New,,2024-01-28 16:30:49,JFTXFC,NA/Fwd NDF KWD NOK,KWD NOK,Spot,Forward price of underlying instrument,CASH,Cash,KWD,NOK,USD,,,,,,,,,
1,Foreign_Exchange,Forward,NDF,UPI,QZ5WPXVRKWDR,New,,2024-01-28 16:30:49,JFTXFC,NA/Fwd NDF KWD NOK,KWD NOK,Spot,Forward price of underlying instrument,CASH,Cash,KWD,NOK,NOK,,,,,,,,,
1,Foreign_Exchange,Forward,NDF,UPI,QZ0ZXPZ38ZSS,New,,2024-01-28 16:30:49,JFTXFC,NA/Fwd NDF KWD NOK,KWD NOK,Spot,Forward price of underlying instrument,CASH,Cash,KWD,NOK,KWD,,,,,,,,,
1,Foreign_Exchange,Forward,NDF,UPI,QZCG9DQ87TVK,New,,2024-01-28 16:30:50,JFTXFC,NA/Fwd NDF KWD NZD,KWD NZD,Spot,Forward price of underlying instrument,CASH,Cash,KWD,NZD,EUR,,,,,,,,,
1,Foreign_Exchange,Forward,NDF,UPI,QZBZQW6L4HK5,New,,2024-01-28 16:30:50,JFTXFC,NA/Fwd NDF KWD NZD,KWD NZD,Spot,Forward price of underlying instrument,CASH,Cash,KWD,NZD,JPY,,,,,,,,,
1,Foreign_Exchange,Forward,NDF,UPI,QZLL78L1J9C7,New,,2024-01-28 16:30:51,JFTXFC,NA/Fwd NDF KWD NZD,KWD NZD,Spot,Forward price of underlying instrument,CASH,Cash,KWD,NZD,KWD,,,,,,,,,
1,Foreign_Exchange,Forward,NDF,UPI,QZRM3492BGMK,New,,2024-01-28 16:30:51,JFTXFC,NA/Fwd NDF KWD NZD,KWD NZD,Spot,Forward price of underlying instrument,CASH,Cash,KWD,NZD,NZD,,,,,,,,,
1,Foreign_Exchange,Forward,NDF,UPI,QZ5P00RT3D6B,New,,2024-01-28 16:30:52,JFTXFC,NA/Fwd NDF KWD NZD,KWD NZD,Spot,Forward price of underlying instrument,CASH,Cash,KWD,NZD,USD,,,,,,,,,
1,Foreign_Exchange,Forward,NDF,UPI,QZJGR0HHFW93,New,,2024-01-28 16:30:52,JFTXFC,NA/Fwd NDF KWD PHP,KWD PHP,Spot,Forward price of underlying instrument,CASH,Cash,KWD,PHP,KWD,,,,,,,,,
1,Foreign_Exchange,Forward,NDF,UPI,QZHS3RX2W7T7,New,,2024-01-28 16:30:52,JFTXFC,NA/Fwd NDF KWD PHP,KWD PHP,Spot,Forward price of underlying instrument,CASH,Cash,KWD,PHP,PHP,,,,,,,,,
1,Foreign_Exchange,Forward,NDF,UPI,QZNB50ZTT31R,New,,2024-01-28 16:30:53,JFTXFC,NA/Fwd NDF KWD PKR,KWD PKR,Spot,Forward price of underlying instrument,CASH,Cash,KWD,PKR,KWD,,,,,,,,,
1,Foreign_Exchange,Forward,NDF,UPI,QZ26Q95LPLXQ,New,,2024-01-28 16:30:53,JFTXFC,NA/Fwd NDF KWD PKR,KWD PKR,Spot,Forward price of underlying instrument,CASH,Cash,KWD,PKR,PKR,,,,,,,,,
1,Foreign_Exchange,Forward,NDF,UPI,QZ44WZT6K24X,New,,2024-01-28 16:30:54,JFTXFC,NA/Fwd NDF KWD RON,KWD RON,Spot,Forward price of underlying instrument,CASH,Cash,KWD,RON,KWD,,,,,,,,,
1,Foreign_Exchange,Forward,NDF,UPI,QZN1BBCDMS12,New,,2024-01-28 16:30:54,JFTXFC,NA/Fwd NDF KWD RON,KWD RON,Spot,Forward price of underlying instrument,CASH,Cash,KWD,RON,EUR,,,,,,,,,
1,Foreign_Exchange,Forward,NDF,UPI,QZWCKN5WWD0D,New,,2024-01-28 16:30:54,JFTXFC,NA/Fwd NDF KWD RON,KWD RON,Spot,Forward price of underlying instrument,CASH,Cash,KWD,RON,JPY,,,,,,,,,
1,Foreign_Exchange,Forward,NDF,UPI,QZ0NGPLF0Q78,New,,2024-01-28 16:30:55,JFTXFC,NA/Fwd NDF KWD RON,KWD RON,Spot,Forward price of underlying instrument,CASH,Cash,KWD,RON,USD,,,,,,,,,
1,Foreign_Exchange,Forward,NDF,UPI,QZ5BTMZDT8J1,New,,2024-01-28 16:30:55,JFTXFC,NA/Fwd NDF KWD RON,KWD RON,Spot,Forward price of underlying instrument,CASH,Cash,KWD,RON,RON,,,,,,,,,
1,Foreign_Exchange,Forward,NDF,UPI,QZJWQDFTC2MN,New,,2024-01-28 16:30:56,JFTXFC,NA/Fwd NDF KWD SAR,KWD SAR,Spot,Forward price of underlying instrument,CASH,Cash,KWD,SAR,EUR,,,,,,,,,
1,Foreign_Exchange,Forward,NDF,UPI,QZ0FQ22K7JKL,New,,2024-01-28 16:30:56,JFTXFC,NA/Fwd NDF KWD SAR,KWD SAR,Spot,Forward price of underlying instrument,CASH,Cash,KWD,SAR,JPY,,,,,,,,,
1,Foreign_Exchange,Forward,NDF,UPI,QZ7CXN0M7X4F,New,,2024-01-28 16:30:57,JFTXFC,NA/Fwd NDF KWD SAR,KWD SAR,Spot,Forward price of underlying instrument,CASH,Cash,KWD,SAR,KWD,,,,,,,,,
1,Foreign_Exchange,Forward,NDF,UPI,QZR2GG6J0T2H,New,,2024-01-28 16:30:57,JFTXFC,NA/Fwd NDF KWD SAR,KWD SAR,Spot,Forward price of underlying instrument,CASH,Cash,KWD,SAR,USD,,,,,,,,,
1,Foreign_Exchange,Forward,NDF,UPI,QZ7MDV748XDX,New,,2024-01-28 16:30:57,JFTXFC,NA/Fwd NDF KWD SAR,KWD SAR,Spot,Forward price of underlying instrument,CASH,Cash,KWD,SAR,SAR,,,,,,,,,
1,Foreign_Exchange,Forward,NDF,UPI,QZZ04V4CRL2S,New,,2024-01-28 16:30:58,JFTXFC,NA/Fwd NDF KWD SEK,KWD SEK,Spot,Forward price of underlying instrument,CASH,Cash,KWD,SEK,EUR,,,,,,,,,
1,Foreign_Exchange,Forward,NDF,UPI,QZQZQRQ5R183,New,,2024-01-28 16:30:58,JFTXFC,NA/Fwd NDF KWD SEK,KWD SEK,Spot,Forward price of underlying instrument,CASH,Cash,KWD,SEK,JPY,,,,,,,,,
1,Foreign_Exchange,Forward,NDF,UPI,QZ3X8ZHXR8NN,New,,2024-01-28 16:30:59,JFTXFC,NA/Fwd NDF KWD SEK,KWD SEK,Spot,Forward price of underlying instrument,CASH,Cash,KWD,SEK,SEK,,,,,,,,,
1,Foreign_Exchange,Forward,NDF,UPI,QZKW6ZGL4FLP,New,,2024-01-28 16:30:59,JFTXFC,NA/Fwd NDF KWD SEK,KWD SEK,Spot,Forward price of underlying instrument,CASH,Cash,KWD,SEK,USD,,,,,,,,,
1,Foreign_Exchange,Forward,NDF,UPI,QZP1GV7SH5CS,New,,2024-01-28 16:31:00,JFTXFC,NA/Fwd NDF KWD SGD,KWD SGD,Spot,Forward price of underlying instrument,CASH,Cash,KWD,SGD,JPY,,,,,,,,,
1,Foreign_Exchange,Forward,NDF,UPI,QZ3MBLX5BJ9B,New,,2024-01-28 16:31:00,JFTXFC,NA/Fwd NDF KWD SGD,KWD SGD,Spot,Forward price of underlying instrument,CASH,Cash,KWD,SGD,KWD,,,,,,,,,
1,Foreign_Exchange,Forward,NDF,UPI,QZDB02XKQ3KR,New,,2024-01-28 16:31:00,JFTXFC,NA/Fwd NDF KWD SGD,KWD SGD,Spot,Forward price of underlying instrument,CASH,Cash,KWD,SGD,EUR,,,,,,,,,
1,Foreign_Exchange,Forward,NDF,UPI,QZXKLK6D6S7L,New,,2024-01-28 16:31:01,JFTXFC,NA/Fwd NDF KWD SGD,KWD SGD,Spot,Forward price of underlying instrument,CASH,Cash,KWD,SGD,USD,,,,,,,,,
1,Foreign_Exchange,Forward,NDF,UPI,QZS6890BV34Q,New,,2024-01-28 16:31:01,JFTXFC,NA/Fwd NDF KWD SGD,KWD SGD,Spot,Forward price of underlying instrument,CASH,Cash,KWD,SGD,SGD,,,,,,,,,
1,Foreign_Exchange,Forward,NDF,UPI,QZD3L5FWCHQ8,New,,2024-01-28 16:31:02,JFTXFC,NA/Fwd NDF KWD THB,KWD THB,Spot,Forward price of underlying instrument,CASH,Cash,KWD,THB,EUR,,,,,,,,,
1,Foreign_Exchange,Forward,NDF,UPI,QZ3WDLK19JWL,New,,2024-01-28 16:31:02,JFTXFC,NA/Fwd NDF KWD THB,KWD THB,Spot,Forward price of underlying instrument,CASH,Cash,KWD,THB,JPY,,,,,,,,,
1,Foreign_Exchange,Forward,NDF,UPI,QZCKHTZDD1RC,New,,2024-01-28 16:31:03,JFTXFC,NA/Fwd NDF KWD THB,KWD THB,Spot,Forward price of underlying instrument,CASH,Cash,KWD,THB,KWD,,,,,,,,,
1,Foreign_Exchange,Forward,NDF,UPI,QZJPBV1DQHJ7,New,,2024-01-28 16:31:03,JFTXFC,NA/Fwd NDF KWD THB,KWD THB,Spot,Forward price of underlying instrument,CASH,Cash,KWD,THB,USD,,,,,,,,,
1,Foreign_Exchange,Forward,NDF,UPI,QZS2XKNWZ1K6,New,,2024-01-28 16:31:03,JFTXFC,NA/Fwd NDF KWD THB,KWD THB,Spot,Forward price of underlying instrument,CASH,Cash,KWD,THB,THB,,,,,,,,,
1,Foreign_Exchange,Forward,NDF,UPI,QZGGGPWJ7LMJ,New,,2024-01-28 16:31:04,JFTXFC,NA/Fwd NDF KWD TWD,KWD TWD,Spot,Forward price of underlying instrument,CASH,Cash,KWD,TWD,KWD,,,,,,,,,
1,Foreign_Exchange,Forward,NDF,UPI,QZMW2VD4BFBP,New,,2024-01-28 16:31:04,JFTXFC,NA/Fwd NDF KWD TWD,KWD TWD,Spot,Forward price of underlying instrument,CASH,Cash,KWD,TWD,TWD,,,,,,,,,
1,Foreign_Exchange,Forward,NDF,UPI,QZJRPB5W7QG5,New,,2024-01-28 16:31:05,JFTXFC,NA/Fwd NDF KWD USD,KWD USD,Spot,Forward price of underlying instrument,CASH,Cash,KWD,USD,EUR,,,,,,,,,
1,Foreign_Exchange,Forward,NDF,UPI,QZ86Q0LZ2FBJ,New,,2024-01-28 16:31:05,JFTXFC,NA/Fwd NDF KWD USD,KWD USD,Spot,Forward price of underlying instrument,CASH,Cash,KWD,USD,JPY,,,,,,,,,
1,Foreign_Exchange,Forward,NDF,UPI,QZKWHQ73TT5J,New,,2024-01-28 16:31:06,JFTXFC,NA/Fwd NDF KWD VND,KWD VND,Spot,Forward price of underlying instrument,CASH,Cash,KWD,VND,KWD,,,,,,,,,
1,Foreign_Exchange,Forward,NDF,UPI,QZ7XNXMS85TS,New,,2024-01-28 16:31:06,JFTXFC,NA/Fwd NDF KWD VND,KWD VND,Spot,Forward price of underlying instrument,CASH,Cash,KWD,VND,VND,,,,,,,,,
1,Foreign_Exchange,Forward,NDF,UPI,QZZWQ8NMCKM3,New,,2024-01-28 16:31:06,JFTXFC,NA/Fwd NDF KZT NZD,KZT NZD,Spot,Forward price of underlying instrument,CASH,Cash,KZT,NZD,KZT,,,,,,,,,
1,Foreign_Exchange,Forward,NDF,UPI,QZPXLGQ3C8RG,New,,2024-01-28 16:31:07,JFTXFC,NA/Fwd NDF KZT SEK,KZT SEK,Spot,Forward price of underlying instrument,CASH,Cash,KZT,SEK,KZT,,,,,,,,,
1,Foreign_Exchange,Forward,NDF,UPI,QZFSR508VLN3,New,,2024-01-28 16:31:07,JFTXFC,NA/Fwd NDF KZT SEK,KZT SEK,Spot,Forward price of underlying instrument,CASH,Cash,KZT,SEK,SEK,,,,,,,,,
1,Foreign_Exchange,Forward,NDF,UPI,QZLZ3H77175D,New,,2024-01-28 16:31:08,JFTXFC,NA/Fwd NDF KZT SGD,KZT SGD,Spot,Forward price of underlying instrument,CASH,Cash,KZT,SGD,EUR,,,,,,,,,
1,Foreign_Exchange,Forward,NDF,UPI,QZ6GLFGWR3HR,New,,2024-01-28 16:31:08,JFTXFC,NA/Fwd NDF KZT SGD,KZT SGD,Spot,Forward price of underlying instrument,CASH,Cash,KZT,SGD,JPY,,,,,,,,,
1,Foreign_Exchange,Forward,NDF,UPI,QZ5XNQXNTT10,New,,2024-01-28 16:31:08,JFTXFC,NA/Fwd NDF KZT SGD,KZT SGD,Spot,Forward price of underlying instrument,CASH,Cash,KZT,SGD,KZT,,,,,,,,,
1,Foreign_Exchange,Forward,NDF,UPI,QZ8M9QTJ1X97,New,,2024-01-28 16:31:09,JFTXFC,NA/Fwd NDF KZT SGD,KZT SGD,Spot,Forward price of underlying instrument,CASH,Cash,KZT,SGD,USD,,,,,,,,,
1,Foreign_Exchange,Forward,NDF,UPI,QZZ89HR8F0SJ,New,,2024-01-28 16:31:09,JFTXFC,NA/Fwd NDF KZT SGD,KZT SGD,Spot,Forward price of underlying instrument,CASH,Cash,KZT,SGD,SGD,,,,,,,,,
1,Foreign_Exchange,Forward,NDF,UPI,QZKC38W452D1,New,,2024-01-28 16:31:10,JFTXFC,NA/Fwd NDF LAK PHP,LAK PHP,Spot,Forward price of underlying instrument,CASH,Cash,LAK,PHP,LAK,,,,,,,,,
1,Foreign_Exchange,Forward,NDF,UPI,QZD4BK0LGT9L,New,,2024-01-28 16:31:10,JFTXFC,NA/Fwd NDF KZT USD,KZT USD,Spot,Forward price of underlying instrument,CASH,Cash,KZT,USD,JPY,,,,,,,,,
1,Foreign_Exchange,Forward,NDF,UPI,QZGRWCXBDHDD,New,,2024-01-28 16:31:11,JFTXFC,NA/Fwd NDF LAK PKR,LAK PKR,Spot,Forward price of underlying instrument,CASH,Cash,LAK,PKR,PKR,,,,,,,,,
1,Foreign_Exchange,Forward,NDF,UPI,QZLXK9WPRCXW,New,,2024-01-28 16:31:11,JFTXFC,NA/Fwd NDF LAK PKR,LAK PKR,Spot,Forward price of underlying instrument,CASH,Cash,LAK,PKR,LAK,,,,,,,,,
1,Foreign_Exchange,Forward,NDF,UPI,QZ8GWQPRF9LH,New,,2024-01-28 16:31:11,JFTXFC,NA/Fwd NDF LAK PHP,LAK PHP,Spot,Forward price of underlying instrument,CASH,Cash,LAK,PHP,PHP,,,,,,,,,
1,Foreign_Exchange,Forward,NDF,UPI,QZTS3ZJPN075,New,,2024-01-28 16:31:12,JFTXFC,NA/Fwd NDF LAK SGD,LAK SGD,Spot,Forward price of underlying instrument,CASH,Cash,LAK,SGD,EUR,,,,,,,,,
1,Foreign_Exchange,Forward,NDF,UPI,QZ9MRRD5XN9N,New,,2024-01-28 16:31:12,JFTXFC,NA/Fwd NDF LAK SGD,LAK SGD,Spot,Forward price of underlying instrument,CASH,Cash,LAK,SGD,JPY,,,,,,,,,
1,Foreign_Exchange,Forward,NDF,UPI,QZDTCVL7T8RJ,New,,2024-01-28 16:31:13,JFTXFC,NA/Fwd NDF LAK SGD,LAK SGD,Spot,Forward price of underlying instrument,CASH,Cash,LAK,SGD,LAK,,,,,,,,,
1,Foreign_Exchange,Forward,NDF,UPI,QZ89J1F9F9FM,New,,2024-01-28 16:31:13,JFTXFC,NA/Fwd NDF LAK SGD,LAK SGD,Spot,Forward price of underlying instrument,CASH,Cash,LAK,SGD,SGD,,,,,,,,,
1,Foreign_Exchange,Forward,NDF,UPI,QZW14VLW9C1P,New,,2024-01-28 16:31:13,JFTXFC,NA/Fwd NDF LAK SGD,LAK SGD,Spot,Forward price of underlying instrument,CASH,Cash,LAK,SGD,USD,,,,,,,,,
1,Foreign_Exchange,Forward,NDF,UPI,QZB96KWTBQ3M,New,,2024-01-28 16:31:14,JFTXFC,NA/Fwd NDF LAK THB,LAK THB,Spot,Forward price of underlying instrument,CASH,Cash,LAK,THB,EUR,,,,,,,,,
1,Foreign_Exchange,Forward,NDF,UPI,QZVSKJD28FL9,New,,2024-01-28 16:31:14,JFTXFC,NA/Fwd NDF LAK THB,LAK THB,Spot,Forward price of underlying instrument,CASH,Cash,LAK,THB,JPY,,,,,,,,,
1,Foreign_Exchange,Forward,NDF,UPI,QZCTHL3PPKLG,New,,2024-01-28 16:31:15,JFTXFC,NA/Fwd NDF LAK THB,LAK THB,Spot,Forward price of underlying instrument,CASH,Cash,LAK,THB,LAK,,,,,,,,,
1,Foreign_Exchange,Forward,NDF,UPI,QZ7D48Z291S5,New,,2024-01-28 16:31:15,JFTXFC,NA/Fwd NDF LAK THB,LAK THB,Spot,Forward price of underlying instrument,CASH,Cash,LAK,THB,THB,,,,,,,,,
1,Foreign_Exchange,Forward,NDF,UPI,QZJ3V32ZQFKZ,New,,2024-01-28 16:31:16,JFTXFC,NA/Fwd NDF LAK TWD,LAK TWD,Spot,Forward price of underlying instrument,CASH,Cash,LAK,TWD,TWD,,,,,,,,,
1,Foreign_Exchange,Forward,NDF,UPI,QZWPVL2L8KG4,New,,2024-01-28 16:31:16,JFTXFC,NA/Fwd NDF LAK THB,LAK THB,Spot,Forward price of underlying instrument,CASH,Cash,LAK,THB,USD,,,,,,,,,
1,Foreign_Exchange,Forward,NDF,UPI,QZ2P9DP6ZMV2,New,,2024-01-28 16:31:16,JFTXFC,NA/Fwd NDF LAK TWD,LAK TWD,Spot,Forward price of underlying instrument,CASH,Cash,LAK,TWD,LAK,,,,,,,,,
1,Foreign_Exchange,Forward,NDF,UPI,QZ5XHCZ8M4K3,New,,2024-01-28 16:31:17,JFTXFC,NA/Fwd NDF LAK USD,LAK USD,Spot,Forward price of underlying instrument,CASH,Cash,LAK,USD,EUR,,,,,,,,,
1,Foreign_Exchange,Forward,NDF,UPI,QZ99PDB57PHZ,New,,2024-01-28 16:31:17,JFTXFC,NA/Fwd NDF LAK USD,LAK USD,Spot,Forward price of underlying instrument,CASH,Cash,LAK,USD,JPY,,,,,,,,,
1,Foreign_Exchange,Forward,NDF,UPI,QZLNKL7095S1,New,,2024-01-28 16:31:18,JFTXFC,NA/Fwd NDF LKR PHP,LKR PHP,Spot,Forward price of underlying instrument,CASH,Cash,LKR,PHP,LKR,,,,,,,,,
1,Foreign_Exchange,Forward,NDF,UPI,QZ3RXTVZGTBP,New,,2024-01-28 16:31:18,JFTXFC,NA/Fwd NDF LKR PHP,LKR PHP,Spot,Forward price of underlying instrument,CASH,Cash,LKR,PHP,PHP,,,,,,,,,
1,Foreign_Exchange,Forward,NDF,UPI,QZ3409F62MPX,New,,2024-01-28 16:31:18,JFTXFC,NA/Fwd NDF LAK USD,LAK USD,Spot,Forward price of underlying instrument,CASH,Cash,LAK,USD,LAK,,,,,,,,,
1,Foreign_Exchange,Forward,NDF,UPI,QZ3543LRCMTC,New,,2024-01-28 16:31:19,JFTXFC,NA/Fwd NDF LKR PKR,LKR PKR,Spot,Forward price of underlying instrument,CASH,Cash,LKR,PKR,LKR,,,,,,,,,
1,Foreign_Exchange,Forward,NDF,UPI,QZSB3HKZ02BQ,New,,2024-01-28 16:31:19,JFTXFC,NA/Fwd NDF LKR PKR,LKR PKR,Spot,Forward price of underlying instrument,CASH,Cash,LKR,PKR,PKR,,,,,,,,,
1,Foreign_Exchange,Forward,NDF,UPI,QZ72F8JS1LMH,New,,2024-01-28 16:31:20,JFTXFC,NA/Fwd NDF LKR TWD,LKR TWD,Spot,Forward price of underlying instrument,CASH,Cash,LKR,TWD,LKR,,,,,,,,,
1,Foreign_Exchange,Forward,NDF,UPI,QZVWN9VG6WT7,New,,2024-01-28 16:31:20,JFTXFC,NA/Fwd NDF LKR TWD,LKR TWD,Spot,Forward price of underlying instrument,CASH,Cash,LKR,TWD,TWD,,,,,,,,,
1,Foreign_Exchange,Forward,NDF,UPI,QZJ7ND101V94,New,,2024-01-28 16:31:21,JFTXFC,NA/Fwd NDF MAD PHP,MAD PHP,Spot,Forward price of underlying instrument,CASH,Cash,MAD,PHP,MAD,,,,,,,,,
1,Foreign_Exchange,Forward,NDF,UPI,QZ39K4F00XGW,New,,2024-01-28 16:31:21,JFTXFC,NA/Fwd NDF LKR USD,LKR USD,Spot,Forward price of underlying instrument,CASH,Cash,LKR,USD,JPY,,,,,,,,,
1,Foreign_Exchange,Forward,NDF,UPI,QZ7JX5NCW68X,New,,2024-01-28 16:31:21,JFTXFC,NA/Fwd NDF LKR USD,LKR USD,Spot,Forward price of underlying instrument,CASH,Cash,LKR,USD,EUR,,,,,,,,,
1,Foreign_Exchange,Forward,NDF,UPI,QZD94RKMJ7T5,New,,2024-01-28 16:31:22,JFTXFC,NA/Fwd NDF MAD PHP,MAD PHP,Spot,Forward price of underlying instrument,CASH,Cash,MAD,PHP,PHP,,,,,,,,,
1,Foreign_Exchange,Forward,NDF,UPI,QZJ5WQPLPV35,New,,2024-01-28 16:31:22,JFTXFC,NA/Fwd NDF MAD PKR,MAD PKR,Spot,Forward price of underlying instrument,CASH,Cash,MAD,PKR,MAD,,,,,,,,,
1,Foreign_Exchange,Forward,NDF,UPI,QZD4L6FM0P49,New,,2024-01-28 16:31:23,JFTXFC,NA/Fwd NDF MAD PKR,MAD PKR,Spot,Forward price of underlying instrument,CASH,Cash,MAD,PKR,PKR,,,,,,,,,
1,Foreign_Exchange,Forward,NDF,UPI,QZL16Z99ZRCV,New,,2024-01-28 16:31:23,JFTXFC,NA/Fwd NDF MAD TWD,MAD TWD,Spot,Forward price of underlying instrument,CASH,Cash,MAD,TWD,MAD,,,,,,,,,
1,Foreign_Exchange,Forward,NDF,UPI,QZZRBS1KZSFD,New,,2024-01-28 16:31:23,JFTXFC,NA/Fwd NDF MAD TWD,MAD TWD,Spot,Forward price of underlying instrument,CASH,Cash,MAD,TWD,TWD,,,,,,,,,
1,Foreign_Exchange,Forward,NDF,UPI,QZQNHNR9W9V3,New,,2024-01-28 16:31:24,JFTXFC,NA/Fwd NDF MAD USD,MAD USD,Spot,Forward price of underlying instrument,CASH,Cash,MAD,USD,JPY,,,,,,,,,
1,Foreign_Exchange,Forward,NDF,UPI,QZTMXFR2KG74,New,,2024-01-28 16:31:24,JFTXFC,NA/Fwd NDF MAD USD,MAD USD,Spot,Forward price of underlying instrument,CASH,Cash,MAD,USD,EUR,,,,,,,,,
1,Foreign_Exchange,Forward,NDF,UPI,QZ75ZP51W2LQ,New,,2024-01-28 16:31:25,JFTXFC,NA/Fwd NDF MGA USD,MGA USD,Spot,Forward price of underlying instrument,CASH,Cash,MGA,USD,JPY,,,,,,,,,
1,Foreign_Exchange,Forward,NDF,UPI,QZ8B38PQ30GV,New,,2024-01-28 16:31:25,JFTXFC,NA/Fwd NDF MGA USD,MGA USD,Spot,Forward price of underlying instrument,CASH,Cash,MGA,USD,EUR,,,,,,,,,
1,Foreign_Exchange,Forward,NDF,UPI,QZ547TL0ZZ6K,New,,2024-01-28 16:31:26,JFTXFC,NA/Fwd NDF MMK PKR,MMK PKR,Spot,Forward price of underlying instrument,CASH,Cash,MMK,PKR,MMK,,,,,,,,,
1,Foreign_Exchange,Forward,NDF,UPI,QZSFNPDKB793,New,,2024-01-28 16:31:26,JFTXFC,NA/Fwd NDF MMK PHP,MMK PHP,Spot,Forward price of underlying instrument,CASH,Cash,MMK,PHP,MMK,,,,,,,,,
1,Foreign_Exchange,Forward,NDF,UPI,QZV2SF81H2LP,New,,2024-01-28 16:31:26,JFTXFC,NA/Fwd NDF MMK PHP,MMK PHP,Spot,Forward price of underlying instrument,CASH,Cash,MMK,PHP,PHP,,,,,,,,,
1,Foreign_Exchange,Forward,NDF,UPI,QZ1B7PCD25RV,New,,2024-01-28 16:31:27,JFTXFC,NA/Fwd NDF MMK SGD,MMK SGD,Spot,Forward price of underlying instrument,CASH,Cash,MMK,SGD,EUR,,,,,,,,,
1,Foreign_Exchange,Forward,NDF,UPI,QZWC8WJC2JST,New,,2024-01-28 16:31:27,JFTXFC,NA/Fwd NDF MMK PKR,MMK PKR,Spot,Forward price of underlying instrument,CASH,Cash,MMK,PKR,PKR,,,,,,,,,
1,Foreign_Exchange,Forward,NDF,UPI,QZ5NZX603NRN,New,,2024-01-28 16:31:28,JFTXFC,NA/Fwd NDF MMK SGD,MMK SGD,Spot,Forward price of underlying instrument,CASH,Cash,MMK,SGD,JPY,,,,,,,,,
1,Foreign_Exchange,Forward,NDF,UPI,QZQTB7B4M0D3,New,,2024-01-28 16:31:28,JFTXFC,NA/Fwd NDF MMK SGD,MMK SGD,Spot,Forward price of underlying instrument,CASH,Cash,MMK,SGD,MMK,,,,,,,,,
1,Foreign_Exchange,Forward,NDF,UPI,QZ1SZ415VL2C,New,,2024-01-28 16:31:28,JFTXFC,NA/Fwd NDF MMK SGD,MMK SGD,Spot,Forward price of underlying instrument,CASH,Cash,MMK,SGD,SGD,,,,,,,,,
1,Foreign_Exchange,Forward,NDF,UPI,QZ2L2SGJQFRT,New,,2024-01-28 16:31:29,JFTXFC,NA/Fwd NDF MMK SGD,MMK SGD,Spot,Forward price of underlying instrument,CASH,Cash,MMK,SGD,USD,,,,,,,,,
1,Foreign_Exchange,Forward,NDF,UPI,QZK7R9WBB5HB,New,,2024-01-28 16:31:29,JFTXFC,NA/Fwd NDF MMK TWD,MMK TWD,Spot,Forward price of underlying instrument,CASH,Cash,MMK,TWD,MMK,,,,,,,,,
1,Foreign_Exchange,Forward,NDF,UPI,QZ5S1RTSR6GG,New,,2024-01-28 16:31:30,JFTXFC,NA/Fwd NDF MMK TWD,MMK TWD,Spot,Forward price of underlying instrument,CASH,Cash,MMK,TWD,TWD,,,,,,,,,
1,Foreign_Exchange,Forward,NDF,UPI,QZT70F2M97FH,New,,2024-01-28 16:31:30,JFTXFC,NA/Fwd NDF MMK USD,MMK USD,Spot,Forward price of underlying instrument,CASH,Cash,MMK,USD,EUR,,,,,,,,,
1,Foreign_Exchange,Forward,NDF,UPI,QZN4NKJ6DV1H,New,,2024-01-28 16:31:31,JFTXFC,NA/Fwd NDF MNT PHP,MNT PHP,Spot,Forward price of underlying instrument,CASH,Cash,MNT,PHP,MNT,,,,,,,,,
1,Foreign_Exchange,Forward,NDF,UPI,QZXL34HKFKJB,New,,2024-01-28 16:31:31,JFTXFC,NA/Fwd NDF MMK USD,MMK USD,Spot,Forward price of underlying instrument,CASH,Cash,MMK,USD,JPY,,,,,,,,,
1,Foreign_Exchange,Forward,NDF,UPI,QZ3J4R2GGGQN,New,,2024-01-28 16:31:31,JFTXFC,NA/Fwd NDF MNT PHP,MNT PHP,Spot,Forward price of underlying instrument,CASH,Cash,MNT,PHP,PHP,,,,,,,,,
1,Foreign_Exchange,Forward,NDF,UPI,QZTG75F7B47H,New,,2024-01-28 16:31:32,JFTXFC,NA/Fwd NDF MNT PKR,MNT PKR,Spot,Forward price of underlying instrument,CASH,Cash,MNT,PKR,MNT,,,,,,,,,
1,Foreign_Exchange,Forward,NDF,UPI,QZZDSW4BQSKP,New,,2024-01-28 16:31:32,JFTXFC,NA/Fwd NDF MNT PKR,MNT PKR,Spot,Forward price of underlying instrument,CASH,Cash,MNT,PKR,PKR,,,,,,,,,
1,Foreign_Exchange,Forward,NDF,UPI,QZ2BVKW9XPFJ,New,,2024-01-28 16:31:33,JFTXFC,NA/Fwd NDF MNT SGD,MNT SGD,Spot,Forward price of underlying instrument,CASH,Cash,MNT,SGD,EUR,,,,,,,,,
1,Foreign_Exchange,Forward,NDF,UPI,QZ97CJRL579Q,New,,2024-01-28 16:31:33,JFTXFC,NA/Fwd NDF MNT SGD,MNT SGD,Spot,Forward price of underlying instrument,CASH,Cash,MNT,SGD,JPY,,,,,,,,,
1,Foreign_Exchange,Forward,NDF,UPI,QZ0GF6WR0J4Z,New,,2024-01-28 16:31:33,JFTXFC,NA/Fwd NDF MNT SGD,MNT SGD,Spot,Forward price of underlying instrument,CASH,Cash,MNT,SGD,MNT,,,,,,,,,
1,Foreign_Exchange,Forward,NDF,UPI,QZ14P3JV8255,New,,2024-01-28 16:31:34,JFTXFC,NA/Fwd NDF MNT SGD,MNT SGD,Spot,Forward price of underlying instrument,CASH,Cash,MNT,SGD,USD,,,,,,,,,
1,Foreign_Exchange,Forward,NDF,UPI,QZBDV0NX2HXD,New,,2024-01-28 16:31:34,JFTXFC,NA/Fwd NDF MNT TWD,MNT TWD,Spot,Forward price of underlying instrument,CASH,Cash,MNT,TWD,MNT,,,,,,,,,
1,Foreign_Exchange,Forward,NDF,UPI,QZH9JZJCXK4S,New,,2024-01-28 16:31:35,JFTXFC,NA/Fwd NDF MNT TWD,MNT TWD,Spot,Forward price of underlying instrument,CASH,Cash,MNT,TWD,TWD,,,,,,,,,
1,Foreign_Exchange,Forward,NDF,UPI,QZJXX2XL7HLQ,New,,2024-01-28 16:31:35,JFTXFC,NA/Fwd NDF MNT USD,MNT USD,Spot,Forward price of underlying instrument,CASH,Cash,MNT,USD,EUR,,,,,,,,,
1,Foreign_Exchange,Forward,NDF,UPI,QZQ1J7XD5KS6,New,,2024-01-28 16:31:36,JFTXFC,NA/Fwd NDF MNT USD,MNT USD,Spot,Forward price of underlying instrument,CASH,Cash,MNT,USD,JPY,,,,,,,,,
1,Foreign_Exchange,Forward,NDF,UPI,QZ63JJJBXZ5Z,New,,2024-01-28 16:31:36,JFTXFC,NA/Fwd NDF MOP MYR,MOP MYR,Spot,Forward price of underlying instrument,CASH,Cash,MOP,MYR,MYR,,,,,,,,,
1,Foreign_Exchange,Forward,NDF,UPI,QZJ8PCB3HSMP,New,,2024-01-28 16:31:36,JFTXFC,NA/Fwd NDF MOP MYR,MOP MYR,Spot,Forward price of underlying instrument,CASH,Cash,MOP,MYR,MOP,,,,,,,,,
1,Foreign_Exchange,Forward,NDF,UPI,QZPRDKMN9RGH,New,,2024-01-28 16:31:37,JFTXFC,NA/Fwd NDF MOP PHP,MOP PHP,Spot,Forward price of underlying instrument,CASH,Cash,MOP,PHP,PHP,,,,,,,,,
1,Foreign_Exchange,Forward,NDF,UPI,QZ0WV5KLHG2F,New,,2024-01-28 16:31:37,JFTXFC,NA/Fwd NDF MOP PHP,MOP PHP,Spot,Forward price of underlying instrument,CASH,Cash,MOP,PHP,MOP,,,,,,,,,
1,Foreign_Exchange,Forward,NDF,UPI,QZH84X7TS2Q4,New,,2024-01-28 16:31:38,JFTXFC,NA/Fwd NDF MOP SGD,MOP SGD,Spot,Forward price of underlying instrument,CASH,Cash,MOP,SGD,EUR,,,,,,,,,
1,Foreign_Exchange,Forward,NDF,UPI,QZV0C3Q6GSQ1,New,,2024-01-28 16:31:38,JFTXFC,NA/Fwd NDF MOP SGD,MOP SGD,Spot,Forward price of underlying instrument,CASH,Cash,MOP,SGD,JPY,,,,,,,,,
1,Foreign_Exchange,Forward,NDF,UPI,QZJCZ70F9NS4,New,,2024-01-28 16:31:38,JFTXFC,NA/Fwd NDF MOP SGD,MOP SGD,Spot,Forward price of underlying instrument,CASH,Cash,MOP,SGD,MOP,,,,,,,,,
1,Foreign_Exchange,Forward,NDF,UPI,QZM8CCCCZ40K,New,,2024-01-28 16:31:39,JFTXFC,NA/Fwd NDF MOP SGD,MOP SGD,Spot,Forward price of underlying instrument,CASH,Cash,MOP,SGD,USD,,,,,,,,,
1,Foreign_Exchange,Forward,NDF,UPI,QZKSLCJNDFP5,New,,2024-01-28 16:31:39,JFTXFC,NA/Fwd NDF MOP SGD,MOP SGD,Spot,Forward price of underlying instrument,CASH,Cash,MOP,SGD,SGD,,,,,,,,,
1,Foreign_Exchange,Forward,NDF,UPI,QZ67JPT9XLR1,New,,2024-01-28 16:31:40,JFTXFC,NA/Fwd NDF MOP TWD,MOP TWD,Spot,Forward price of underlying instrument,CASH,Cash,MOP,TWD,MOP,,,,,,,,,
1,Foreign_Exchange,Forward,NDF,UPI,QZH9R6LQ6R0Z,New,,2024-01-28 16:31:40,JFTXFC,NA/Fwd NDF MOP TWD,MOP TWD,Spot,Forward price of underlying instrument,CASH,Cash,MOP,TWD,TWD,,,,,,,,,
1,Foreign_Exchange,Forward,NDF,UPI,QZ7TKTWXP0TT,New,,2024-01-28 16:31:41,JFTXFC,NA/Fwd NDF MOP USD,MOP USD,Spot,Forward price of underlying instrument,CASH,Cash,MOP,USD,EUR,,,,,,,,,
1,Foreign_Exchange,Forward,NDF,UPI,QZ264KXM09FK,New,,2024-01-28 16:31:41,JFTXFC,NA/Fwd NDF MOP USD,MOP USD,Spot,Forward price of underlying instrument,CASH,Cash,MOP,USD,JPY,,,,,,,,,
1,Foreign_Exchange,Forward,NDF,UPI,QZ5HW40XQL85,New,,2024-01-28 16:31:42,JFTXFC,NA/Fwd NDF MOP VND,MOP VND,Spot,Forward price of underlying instrument,CASH,Cash,MOP,VND,VND,,,,,,,,,
1,Foreign_Exchange,Forward,NDF,UPI,QZWNKG001ZJF,New,,2024-01-28 16:31:42,JFTXFC,NA/Fwd NDF MOP USD,MOP USD,Spot,Forward price of underlying instrument,CASH,Cash,MOP,USD,MOP,,,,,,,,,
1,Foreign_Exchange,Forward,NDF,UPI,QZ59SJ56JFHJ,New,,2024-01-28 16:31:42,JFTXFC,NA/Fwd NDF MOP VND,MOP VND,Spot,Forward price of underlying instrument,CASH,Cash,MOP,VND,MOP,,,,,,,,,
1,Foreign_Exchange,Forward,NDF,UPI,QZGR39LV7TJZ,New,,2024-01-28 16:31:43,JFTXFC,NA/Fwd NDF MUR USD,MUR USD,Spot,Forward price of underlying instrument,CASH,Cash,MUR,USD,JPY,,,,,,,,,
1,Foreign_Exchange,Forward,NDF,UPI,QZ6T5MHHGCDQ,New,,2024-01-28 16:31:43,JFTXFC,NA/Fwd NDF MUR USD,MUR USD,Spot,Forward price of underlying instrument,CASH,Cash,MUR,USD,EUR,,,,,,,,,
1,Foreign_Exchange,Forward,NDF,UPI,QZPTMRQ4909Q,New,,2024-01-28 16:31:44,JFTXFC,NA/Fwd NDF MXN NOK,MXN NOK,Spot,Forward price of underlying instrument,CASH,Cash,MXN,NOK,JPY,,,,,,,,,
1,Foreign_Exchange,Forward,NDF,UPI,QZM2RW83ZLG0,New,,2024-01-28 16:31:44,JFTXFC,NA/Fwd NDF MXN MYR,MXN MYR,Spot,Forward price of underlying instrument,CASH,Cash,MXN,MYR,MYR,,,,,,,,,
1,Foreign_Exchange,Forward,NDF,UPI,QZNSGV14W1XG,New,,2024-01-28 16:31:44,JFTXFC,NA/Fwd NDF MXN NOK,MXN NOK,Spot,Forward price of underlying instrument,CASH,Cash,MXN,NOK,EUR,,,,,,,,,
1,Foreign_Exchange,Forward,NDF,UPI,QZDWJMVZ3LPB,New,,2024-01-28 16:31:45,JFTXFC,NA/Fwd NDF MXN NOK,MXN NOK,Spot,Forward price of underlying instrument,CASH,Cash,MXN,NOK,MXN,,,,,,,,,
1,Foreign_Exchange,Forward,NDF,UPI,QZX0X4493NLQ,New,,2024-01-28 16:31:45,JFTXFC,NA/Fwd NDF MXN NOK,MXN NOK,Spot,Forward price of underlying instrument,CASH,Cash,MXN,NOK,USD,,,,,,,,,
1,Foreign_Exchange,Forward,NDF,UPI,QZLGW262SLDD,New,,2024-01-28 16:31:46,JFTXFC,NA/Fwd NDF MXN NZD,MXN NZD,Spot,Forward price of underlying instrument,CASH,Cash,MXN,NZD,EUR,,,,,,,,,
1,Foreign_Exchange,Forward,NDF,UPI,QZZR40F6JK17,New,,2024-01-28 16:31:46,JFTXFC,NA/Fwd NDF MXN NZD,MXN NZD,Spot,Forward price of underlying instrument,CASH,Cash,MXN,NZD,JPY,,,,,,,,,
1,Foreign_Exchange,Forward,NDF,UPI,QZC7J1FTJWX1,New,,2024-01-28 16:31:47,JFTXFC,NA/Fwd NDF MXN PHP,MXN PHP,Spot,Forward price of underlying instrument,CASH,Cash,MXN,PHP,MXN,,,,,,,,,
1,Foreign_Exchange,Forward,NDF,UPI,QZLR9Q3VN4L1,New,,2024-01-28 16:31:47,JFTXFC,NA/Fwd NDF MXN NZD,MXN NZD,Spot,Forward price of underlying instrument,CASH,Cash,MXN,NZD,USD,,,,,,,,,
1,Foreign_Exchange,Forward,NDF,UPI,QZZRLGS8H424,New,,2024-01-28 16:31:47,JFTXFC,NA/Fwd NDF MXN PHP,MXN PHP,Spot,Forward price of underlying instrument,CASH,Cash,MXN,PHP,PHP,,,,,,,,,
1,Foreign_Exchange,Forward,NDF,UPI,QZQ0Z074N2F2,New,,2024-01-28 16:31:48,JFTXFC,NA/Fwd NDF MXN PKR,MXN PKR,Spot,Forward price of underlying instrument,CASH,Cash,MXN,PKR,MXN,,,,,,,,,
1,Foreign_Exchange,Forward,NDF,UPI,QZWXW69ZXH8X,New,,2024-01-28 16:31:48,JFTXFC,NA/Fwd NDF MXN PKR,MXN PKR,Spot,Forward price of underlying instrument,CASH,Cash,MXN,PKR,PKR,,,,,,,,,
1,Foreign_Exchange,Forward,NDF,UPI,QZVBQPQWDW7J,New,,2024-01-28 16:31:49,JFTXFC,NA/Fwd NDF MXN PLN,MXN PLN,Spot,Forward price of underlying instrument,CASH,Cash,MXN,PLN,JPY,,,,,,,,,
1,Foreign_Exchange,Forward,NDF,UPI,QZFQ55N60RS2,New,,2024-01-28 16:31:49,JFTXFC,NA/Fwd NDF MXN PLN,MXN PLN,Spot,Forward price of underlying instrument,CASH,Cash,MXN,PLN,EUR,,,,,,,,,
1,Foreign_Exchange,Forward,NDF,UPI,QZW8RPWQLBV6,New,,2024-01-28 16:31:50,JFTXFC,NA/Fwd NDF MXN PLN,MXN PLN,Spot,Forward price of underlying instrument,CASH,Cash,MXN,PLN,MXN,,,,,,,,,
1,Foreign_Exchange,Forward,NDF,UPI,QZ5JH6FDXSMK,New,,2024-01-28 16:31:50,JFTXFC,NA/Fwd NDF MXN PLN,MXN PLN,Spot,Forward price of underlying instrument,CASH,Cash,MXN,PLN,USD,,,,,,,,,
1,Foreign_Exchange,Forward,NDF,UPI,QZ7DQR74NCR4,New,,2024-01-28 16:31:50,JFTXFC,NA/Fwd NDF MXN RON,MXN RON,Spot,Forward price of underlying instrument,CASH,Cash,MXN,RON,EUR,,,,,,,,,
1,Foreign_Exchange,Forward,NDF,UPI,QZSNVL41V4GR,New,,2024-01-28 16:31:51,JFTXFC,NA/Fwd NDF MXN RON,MXN RON,Spot,Forward price of underlying instrument,CASH,Cash,MXN,RON,MXN,,,,,,,,,
1,Foreign_Exchange,Forward,NDF,UPI,QZ1K128JT80X,New,,2024-01-28 16:31:51,JFTXFC,NA/Fwd NDF MXN RON,MXN RON,Spot,Forward price of underlying instrument,CASH,Cash,MXN,RON,JPY,,,,,,,,,
1,Foreign_Exchange,Forward,NDF,UPI,QZ787Z9901XN,New,,2024-01-28 16:31:52,JFTXFC,NA/Fwd NDF MXN RON,MXN RON,Spot,Forward price of underlying instrument,CASH,Cash,MXN,RON,RON,,,,,,,,,
1,Foreign_Exchange,Forward,NDF,UPI,QZDQ995KDL9D,New,,2024-01-28 16:31:52,JFTXFC,NA/Fwd NDF MXN RON,MXN RON,Spot,Forward price of underlying instrument,CASH,Cash,MXN,RON,USD,,,,,,,,,
1,Foreign_Exchange,Forward,NDF,UPI,QZ0G8NHDG79H,New,,2024-01-28 16:31:53,JFTXFC,NA/Fwd NDF MXN SEK,MXN SEK,Spot,Forward price of underlying instrument,CASH,Cash,MXN,SEK,JPY,,,,,,,,,
1,Foreign_Exchange,Forward,NDF,UPI,QZMRBRRTRHT8,New,,2024-01-28 16:31:53,JFTXFC,NA/Fwd NDF MXN SEK,MXN SEK,Spot,Forward price of underlying instrument,CASH,Cash,MXN,SEK,USD,,,,,,,,,
1,Foreign_Exchange,Forward,NDF,UPI,QZF4CRKQWD67,New,,2024-01-28 16:31:53,JFTXFC,NA/Fwd NDF MXN SEK,MXN SEK,Spot,Forward price of underlying instrument,CASH,Cash,MXN,SEK,EUR,,,,,,,,,
1,Foreign_Exchange,Forward,NDF,UPI,QZ2896QLP7WT,New,,2024-01-28 16:31:54,JFTXFC,NA/Fwd NDF MXN SGD,MXN SGD,Spot,Forward price of underlying instrument,CASH,Cash,MXN,SGD,EUR,,,,,,,,,
1,Foreign_Exchange,Forward,NDF,UPI,QZWXHDPJCCNS,New,,2024-01-28 16:31:54,JFTXFC,NA/Fwd NDF MXN SGD,MXN SGD,Spot,Forward price of underlying instrument,CASH,Cash,MXN,SGD,JPY,,,,,,,,,
1,Foreign_Exchange,Forward,NDF,UPI,QZFBGMKVQTG0,New,,2024-01-28 16:31:55,JFTXFC,NA/Fwd NDF MXN SGD,MXN SGD,Spot,Forward price of underlying instrument,CASH,Cash,MXN,SGD,MXN,,,,,,,,,
1,Foreign_Exchange,Forward,NDF,UPI,QZBJ90DFSVB0,New,,2024-01-28 16:31:55,JFTXFC,NA/Fwd NDF MXN SGD,MXN SGD,Spot,Forward price of underlying instrument,CASH,Cash,MXN,SGD,USD,,,,,,,,,
1,Foreign_Exchange,Forward,NDF,UPI,QZ7NDX09096L,New,,2024-01-28 16:31:55,JFTXFC,NA/Fwd NDF MXN TRY,MXN TRY,Spot,Forward price of underlying instrument,CASH,Cash,MXN,TRY,EUR,,,,,,,,,
1,Foreign_Exchange,Forward,NDF,UPI,QZHC7MP67CQ3,New,,2024-01-28 16:31:56,JFTXFC,NA/Fwd NDF MXN TRY,MXN TRY,Spot,Forward price of underlying instrument,CASH,Cash,MXN,TRY,MXN,,,,,,,,,
1,Foreign_Exchange,Forward,NDF,UPI,QZVQ49KSN7CC,New,,2024-01-28 16:31:56,JFTXFC,NA/Fwd NDF MXN TRY,MXN TRY,Spot,Forward price of underlying instrument,CASH,Cash,MXN,TRY,JPY,,,,,,,,,
1,Foreign_Exchange,Forward,NDF,UPI,QZXV3KCVRZB5,New,,2024-01-28 16:31:57,JFTXFC,NA/Fwd NDF MXN TRY,MXN TRY,Spot,Forward price of underlying instrument,CASH,Cash,MXN,TRY,TRY,,,,,,,,,
1,Foreign_Exchange,Forward,NDF,UPI,QZ62C6FRCGFV,New,,2024-01-28 16:31:57,JFTXFC,NA/Fwd NDF MXN TRY,MXN TRY,Spot,Forward price of underlying instrument,CASH,Cash,MXN,TRY,USD,,,,,,,,,
1,Foreign_Exchange,Forward,NDF,UPI,QZL1Z161BCRC,New,,2024-01-28 16:31:58,JFTXFC,NA/Fwd NDF MXN TWD,MXN TWD,Spot,Forward price of underlying instrument,CASH,Cash,MXN,TWD,TWD,,,,,,,,,
1,Foreign_Exchange,Forward,NDF,UPI,QZ4MCPX5146P,New,,2024-01-28 16:31:58,JFTXFC,NA/Fwd NDF MXN USD,MXN USD,Spot,Forward price of underlying instrument,CASH,Cash,MXN,USD,JPY,,,,,,,,,
1,Foreign_Exchange,Forward,NDF,UPI,QZZKGX9957WC,New,,2024-01-28 16:31:58,JFTXFC,NA/Fwd NDF MXN VND,MXN VND,Spot,Forward price of underlying instrument,CASH,Cash,MXN,VND,MXN,,,,,,,,,
1,Foreign_Exchange,Forward,NDF,UPI,QZJT3RV7CQ3N,New,,2024-01-28 16:31:59,JFTXFC,NA/Fwd NDF MXN ZAR,MXN ZAR,Spot,Forward price of underlying instrument,CASH,Cash,MXN,ZAR,EUR,,,,,,,,,
1,Foreign_Exchange,Forward,NDF,UPI,QZL8DRQC3GCK,New,,2024-01-28 16:31:59,JFTXFC,NA/Fwd NDF MXN VND,MXN VND,Spot,Forward price of underlying instrument,CASH,Cash,MXN,VND,VND,,,,,,,,,
1,Foreign_Exchange,Forward,NDF,UPI,QZDVKDLNVCQK,New,,2024-01-28 16:32:00,JFTXFC,NA/Fwd NDF MXN ZAR,MXN ZAR,Spot,Forward price of underlying instrument,CASH,Cash,MXN,ZAR,JPY,,,,,,,,,
1,Foreign_Exchange,Forward,NDF,UPI,QZ9TZF98GSZK,New,,2024-01-28 16:32:00,JFTXFC,NA/Fwd NDF MXN ZAR,MXN ZAR,Spot,Forward price of underlying instrument,CASH,Cash,MXN,ZAR,USD,,,,,,,,,
1,Foreign_Exchange,Forward,NDF,UPI,QZ0VVMP5KJW3,New,,2024-01-28 16:32:01,JFTXFC,NA/Fwd NDF MYR NOK,MYR NOK,Spot,Forward price of underlying instrument,CASH,Cash,MYR,NOK,EUR,,,,,,,,,
1,Foreign_Exchange,Forward,NDF,UPI,QZ14SZMCGVGF,New,,2024-01-28 16:32:01,JFTXFC,NA/Fwd NDF MYR NOK,MYR NOK,Spot,Forward price of underlying instrument,CASH,Cash,MYR,NOK,JPY,,,,,,,,,
1,Foreign_Exchange,Forward,NDF,UPI,QZCZK33ZS2MJ,New,,2024-01-28 16:32:01,JFTXFC,NA/Fwd NDF MYR NZD,MYR NZD,Spot,Forward price of underlying instrument,CASH,Cash,MYR,NZD,EUR,,,,,,,,,
1,Foreign_Exchange,Forward,NDF,UPI,QZ8W0FHD6CPV,New,,2024-01-28 16:32:02,JFTXFC,NA/Fwd NDF MYR NZD,MYR NZD,Spot,Forward price of underlying instrument,CASH,Cash,MYR,NZD,JPY,,,,,,,,,
1,Foreign_Exchange,Forward,NDF,UPI,QZGR5XFWTM4Q,New,,2024-01-28 16:32:02,JFTXFC,NA/Fwd NDF MYR PKR,MYR PKR,Spot,Forward price of underlying instrument,CASH,Cash,MYR,PKR,MYR,,,,,,,,,
1,Foreign_Exchange,Forward,NDF,UPI,QZJTTZ0591ZM,New,,2024-01-28 16:32:03,JFTXFC,NA/Fwd NDF MYR PLN,MYR PLN,Spot,Forward price of underlying instrument,CASH,Cash,MYR,PLN,EUR,,,,,,,,,
1,Foreign_Exchange,Forward,NDF,UPI,QZS9VBFT840T,New,,2024-01-28 16:32:03,JFTXFC,NA/Fwd NDF MYR PKR,MYR PKR,Spot,Forward price of underlying instrument,CASH,Cash,MYR,PKR,PKR,,,,,,,,,
1,Foreign_Exchange,Forward,NDF,UPI,QZB427KG6C1V,New,,2024-01-28 16:32:03,JFTXFC,NA/Fwd NDF MYR PLN,MYR PLN,Spot,Forward price of underlying instrument,CASH,Cash,MYR,PLN,MYR,,,,,,,,,
1,Foreign_Exchange,Forward,NDF,UPI,QZVXF4W82G8D,New,,2024-01-28 16:32:04,JFTXFC,NA/Fwd NDF MYR PLN,MYR PLN,Spot,Forward price of underlying instrument,CASH,Cash,MYR,PLN,USD,,,,,,,,,
1,Foreign_Exchange,Forward,NDF,UPI,QZPK87W306D4,New,,2024-01-28 16:32:04,JFTXFC,NA/Fwd NDF MYR PLN,MYR PLN,Spot,Forward price of underlying instrument,CASH,Cash,MYR,PLN,JPY,,,,,,,,,
1,Foreign_Exchange,Forward,NDF,UPI,QZ4PPSL0TKZ3,New,,2024-01-28 16:32:05,JFTXFC,NA/Fwd NDF MYR SAR,MYR SAR,Spot,Forward price of underlying instrument,CASH,Cash,MYR,SAR,EUR,,,,,,,,,
1,Foreign_Exchange,Forward,NDF,UPI,QZBH8WMT6ZPD,New,,2024-01-28 16:32:05,JFTXFC,NA/Fwd NDF MYR SAR,MYR SAR,Spot,Forward price of underlying instrument,CASH,Cash,MYR,SAR,JPY,,,,,,,,,
1,Foreign_Exchange,Forward,NDF,UPI,QZLNXMBSWLM5,New,,2024-01-28 16:32:06,JFTXFC,NA/Fwd NDF MYR SEK,MYR SEK,Spot,Forward price of underlying instrument,CASH,Cash,MYR,SEK,JPY,,,,,,,,,
1,Foreign_Exchange,Forward,NDF,UPI,QZ7Q65XP8GDS,New,,2024-01-28 16:32:06,JFTXFC,NA/Fwd NDF MYR SEK,MYR SEK,Spot,Forward price of underlying instrument,CASH,Cash,MYR,SEK,EUR,,,,,,,,,
1,Foreign_Exchange,Forward,NDF,UPI,QZC4XGK2RG7J,New,,2024-01-28 16:32:06,JFTXFC,NA/Fwd NDF MYR SAR,MYR SAR,Spot,Forward price of underlying instrument,CASH,Cash,MYR,SAR,USD,,,,,,,,,
1,Foreign_Exchange,Forward,NDF,UPI,QZGB6V0MJLSB,New,,2024-01-28 16:32:07,JFTXFC,NA/Fwd NDF MYR SGD,MYR SGD,Spot,Forward price of underlying instrument,CASH,Cash,MYR,SGD,EUR,,,,,,,,,
1,Foreign_Exchange,Forward,NDF,UPI,QZBLSKVCMLZG,New,,2024-01-28 16:32:07,JFTXFC,NA/Fwd NDF MYR SGD,MYR SGD,Spot,Forward price of underlying instrument,CASH,Cash,MYR,SGD,JPY,,,,,,,,,
1,Foreign_Exchange,Forward,NDF,UPI,QZP2L68QRNV2,New,,2024-01-28 16:32:08,JFTXFC,NA/Fwd NDF MYR THB,MYR THB,Spot,Forward price of underlying instrument,CASH,Cash,MYR,THB,EUR,,,,,,,,,
1,Foreign_Exchange,Forward,NDF,UPI,QZ63KQBS490X,New,,2024-01-28 16:32:08,JFTXFC,NA/Fwd NDF MYR THB,MYR THB,Spot,Forward price of underlying instrument,CASH,Cash,MYR,THB,JPY,,,,,,,,,
1,Foreign_Exchange,Forward,NDF,UPI,QZG841VBZ6Q8,New,,2024-01-28 16:32:08,JFTXFC,NA/Fwd NDF MYR THB,MYR THB,Spot,Forward price of underlying instrument,CASH,Cash,MYR,THB,USD,,,,,,,,,
1,Foreign_Exchange,Forward,NDF,UPI,QZ2KPPX90LB4,New,,2024-01-28 16:32:09,JFTXFC,NA/Fwd NDF MYR ZAR,MYR ZAR,Spot,Forward price of underlying instrument,CASH,Cash,MYR,ZAR,MYR,,,,,,,,,
1,Foreign_Exchange,Forward,NDF,UPI,QZ3XPLFDZMCH,New,,2024-01-28 16:32:09,JFTXFC,NA/Fwd NDF MYR USD,MYR USD,Spot,Forward price of underlying instrument,CASH,Cash,MYR,USD,JPY,,,,,,,,,
1,Foreign_Exchange,Forward,NDF,UPI,QZCTPXG1BHZC,New,,2024-01-28 16:32:10,JFTXFC,NA/Fwd NDF MYR ZAR,MYR ZAR,Spot,Forward price of underlying instrument,CASH,Cash,MYR,ZAR,USD,,,,,,,,,
1,Foreign_Exchange,Forward,NDF,UPI,QZQRWR5737XB,New,,2024-01-28 16:32:10,JFTXFC,NA/Fwd NDF MYR ZAR,MYR ZAR,Spot,Forward price of underlying instrument,CASH,Cash,MYR,ZAR,JPY,,,,,,,,,
1,Foreign_Exchange,Forward,NDF,UPI,QZKQ7SS8XCW3,New,,2024-01-28 16:32:10,JFTXFC,NA/Fwd NDF MYR ZAR,MYR ZAR,Spot,Forward price of underlying instrument,CASH,Cash,MYR,ZAR,EUR,,,,,,,,,
1,Foreign_Exchange,Forward,NDF,UPI,QZ4RNFLN3N5N,New,,2024-01-28 16:32:11,JFTXFC,NA/Fwd NDF MZN PHP,MZN PHP,Spot,Forward price of underlying instrument,CASH,Cash,MZN,PHP,PHP,,,,,,,,,
1,Foreign_Exchange,Forward,NDF,UPI,QZBKVBPMN3XN,New,,2024-01-28 16:32:11,JFTXFC,NA/Fwd NDF MZN PHP,MZN PHP,Spot,Forward price of underlying instrument,CASH,Cash,MZN,PHP,MZN,,,,,,,,,
1,Foreign_Exchange,Forward,NDF,UPI,QZ4SNBC5V1FW,New,,2024-01-28 16:32:12,JFTXFC,NA/Fwd NDF MZN PKR,MZN PKR,Spot,Forward price of underlying instrument,CASH,Cash,MZN,PKR,PKR,,,,,,,,,
1,Foreign_Exchange,Forward,NDF,UPI,QZBCVZFW21CG,New,,2024-01-28 16:32:12,JFTXFC,NA/Fwd NDF MZN PKR,MZN PKR,Spot,Forward price of underlying instrument,CASH,Cash,MZN,PKR,MZN,,,,,,,,,
1,Foreign_Exchange,Forward,NDF,UPI,QZCJNK6BW55T,New,,2024-01-28 16:32:13,JFTXFC,NA/Fwd NDF MZN USD,MZN USD,Spot,Forward price of underlying instrument,CASH,Cash,MZN,USD,EUR,,,,,,,,,
1,Foreign_Exchange,Forward,NDF,UPI,QZD0MQ7RGNKW,New,,2024-01-28 16:32:13,JFTXFC,NA/Fwd NDF MZN TWD,MZN TWD,Spot,Forward price of underlying instrument,CASH,Cash,MZN,TWD,TWD,,,,,,,,,
1,Foreign_Exchange,Forward,NDF,UPI,QZ1RWJJZ8M0L,New,,2024-01-28 16:32:13,JFTXFC,NA/Fwd NDF MZN TWD,MZN TWD,Spot,Forward price of underlying instrument,CASH,Cash,MZN,TWD,MZN,,,,,,,,,
1,Foreign_Exchange,Forward,NDF,UPI,QZBS2TGCT9TC,New,,2024-01-28 16:32:14,JFTXFC,NA/Fwd NDF NAD USD,NAD USD,Spot,Forward price of underlying instrument,CASH,Cash,NAD,USD,EUR,,,,,,,,,
1,Foreign_Exchange,Forward,NDF,UPI,QZ92876DTSZB,New,,2024-01-28 16:32:14,JFTXFC,NA/Fwd NDF MZN USD,MZN USD,Spot,Forward price of underlying instrument,CASH,Cash,MZN,USD,JPY,,,,,,,,,
1,Foreign_Exchange,Forward,NDF,UPI,QZ3X0K2BSVBP,New,,2024-01-28 16:32:15,JFTXFC,NA/Fwd NDF NGN PHP,NGN PHP,Spot,Forward price of underlying instrument,CASH,Cash,NGN,PHP,PHP,,,,,,,,,
1,Foreign_Exchange,Forward,NDF,UPI,QZZZP9W3HXGS,New,,2024-01-28 16:32:15,JFTXFC,NA/Fwd NDF NGN PHP,NGN PHP,Spot,Forward price of underlying instrument,CASH,Cash,NGN,PHP,NGN,,,,,,,,,
1,Foreign_Exchange,Forward,NDF,UPI,QZT17PGLCV4S,New,,2024-01-28 16:32:15,JFTXFC,NA/Fwd NDF NAD USD,NAD USD,Spot,Forward price of underlying instrument,CASH,Cash,NAD,USD,JPY,,,,,,,,,
1,Foreign_Exchange,Forward,NDF,UPI,QZD1VDZS1GT5,New,,2024-01-28 16:32:16,JFTXFC,NA/Fwd NDF NGN PKR,NGN PKR,Spot,Forward price of underlying instrument,CASH,Cash,NGN,PKR,NGN,,,,,,,,,
1,Foreign_Exchange,Forward,NDF,UPI,QZKCLX75NJX0,New,,2024-01-28 16:32:16,JFTXFC,NA/Fwd NDF NGN PKR,NGN PKR,Spot,Forward price of underlying instrument,CASH,Cash,NGN,PKR,PKR,,,,,,,,,
1,Foreign_Exchange,Forward,NDF,UPI,QZTSTN4LBNMQ,New,,2024-01-28 16:32:17,JFTXFC,NA/Fwd NDF NGN SGD,NGN SGD,Spot,Forward price of underlying instrument,CASH,Cash,NGN,SGD,EUR,,,,,,,,,
1,Foreign_Exchange,Forward,NDF,UPI,QZB5L5TSJ5JJ,New,,2024-01-28 16:32:17,JFTXFC,NA/Fwd NDF NGN SGD,NGN SGD,Spot,Forward price of underlying instrument,CASH,Cash,NGN,SGD,JPY,,,,,,,,,
1,Foreign_Exchange,Forward,NDF,UPI,QZKRPJDHRMXG,New,,2024-01-28 16:32:18,JFTXFC,NA/Fwd NDF NGN TWD,NGN TWD,Spot,Forward price of underlying instrument,CASH,Cash,NGN,TWD,NGN,,,,,,,,,
1,Foreign_Exchange,Forward,NDF,UPI,QZH6BT9VJFCV,New,,2024-01-28 16:32:18,JFTXFC,NA/Fwd NDF NGN SGD,NGN SGD,Spot,Forward price of underlying instrument,CASH,Cash,NGN,SGD,USD,,,,,,,,,
1,Foreign_Exchange,Forward,NDF,UPI,QZP25TMM98NH,New,,2024-01-28 16:32:18,JFTXFC,NA/Fwd NDF NGN SGD,NGN SGD,Spot,Forward price of underlying instrument,CASH,Cash,NGN,SGD,NGN,,,,,,,,,
1,Foreign_Exchange,Forward,NDF,UPI,QZSTV82QNKR1,New,,2024-01-28 16:32:19,JFTXFC,NA/Fwd NDF NGN TWD,NGN TWD,Spot,Forward price of underlying instrument,CASH,Cash,NGN,TWD,TWD,,,,,,,,,
1,Foreign_Exchange,Forward,NDF,UPI,QZN8RSSCNBR2,New,,2024-01-28 16:32:19,JFTXFC,NA/Fwd NDF NGN USD,NGN USD,Spot,Forward price of underlying instrument,CASH,Cash,NGN,USD,EUR,,,,,,,,,
1,Foreign_Exchange,Forward,NDF,UPI,QZJK2LNW9KZ7,New,,2024-01-28 16:32:20,JFTXFC,NA/Fwd NDF NOK NZD,NOK NZD,Spot,Forward price of underlying instrument,CASH,Cash,NOK,NZD,JPY,,,,,,,,,
1,Foreign_Exchange,Forward,NDF,UPI,QZFF0DJGC8X3,New,,2024-01-28 16:32:20,JFTXFC,NA/Fwd NDF NGN USD,NGN USD,Spot,Forward price of underlying instrument,CASH,Cash,NGN,USD,JPY,,,,,,,,,
1,Foreign_Exchange,Forward,NDF,UPI,QZ4V0HSJKN2R,New,,2024-01-28 16:32:20,JFTXFC,NA/Fwd NDF NOK NZD,NOK NZD,Spot,Forward price of underlying instrument,CASH,Cash,NOK,NZD,EUR,,,,,,,,,
1,Foreign_Exchange,Forward,NDF,UPI,QZ842L9TZ297,New,,2024-01-28 16:32:21,JFTXFC,NA/Fwd NDF NOK PKR,NOK PKR,Spot,Forward price of underlying instrument,CASH,Cash,NOK,PKR,NOK,,,,,,,,,
1,Foreign_Exchange,Forward,NDF,UPI,QZKLC46JVTPF,New,,2024-01-28 16:32:21,JFTXFC,NA/Fwd NDF NOK NZD,NOK NZD,Spot,Forward price of underlying instrument,CASH,Cash,NOK,NZD,USD,,,,,,,,,
1,Foreign_Exchange,Forward,NDF,UPI,QZ0XGW47TQ00,New,,2024-01-28 16:32:22,JFTXFC,NA/Fwd NDF NOK PLN,NOK PLN,Spot,Forward price of underlying instrument,CASH,Cash,NOK,PLN,JPY,,,,,,,,,
1,Foreign_Exchange,Forward,NDF,UPI,QZRQ0T12945D,New,,2024-01-28 16:32:22,JFTXFC,NA/Fwd NDF NOK PLN,NOK PLN,Spot,Forward price of underlying instrument,CASH,Cash,NOK,PLN,EUR,,,,,,,,,
1,Foreign_Exchange,Forward,NDF,UPI,QZRS0K4DM5VW,New,,2024-01-28 16:32:22,JFTXFC,NA/Fwd NDF NOK PKR,NOK PKR,Spot,Forward price of underlying instrument,CASH,Cash,NOK,PKR,PKR,,,,,,,,,
1,Foreign_Exchange,Forward,NDF,UPI,QZ2BBBQFVSJL,New,,2024-01-28 16:32:23,JFTXFC,NA/Fwd NDF NOK PLN,NOK PLN,Spot,Forward price of underlying instrument,CASH,Cash,NOK,PLN,USD,,,,,,,,,
1,Foreign_Exchange,Forward,NDF,UPI,QZCXHCXQ79WL,New,,2024-01-28 16:32:23,JFTXFC,NA/Fwd NDF NOK QAR,NOK QAR,Spot,Forward price of underlying instrument,CASH,Cash,NOK,QAR,NOK,,,,,,,,,
1,Foreign_Exchange,Forward,NDF,UPI,QZBBJGKXVX7R,New,,2024-01-28 16:32:24,JFTXFC,NA/Fwd NDF NOK RON,NOK RON,Spot,Forward price of underlying instrument,CASH,Cash,NOK,RON,NOK,,,,,,,,,
1,Foreign_Exchange,Forward,NDF,UPI,QZ3WS91S2JT8,New,,2024-01-28 16:32:24,JFTXFC,NA/Fwd NDF NOK RON,NOK RON,Spot,Forward price of underlying instrument,CASH,Cash,NOK,RON,EUR,,,,,,,,,
1,Foreign_Exchange,Forward,NDF,UPI,QZQS6JZD1CCZ,New,,2024-01-28 16:32:24,JFTXFC,NA/Fwd NDF NOK RON,NOK RON,Spot,Forward price of underlying instrument,CASH,Cash,NOK,RON,JPY,,,,,,,,,
1,Foreign_Exchange,Forward,NDF,UPI,QZRKJS84KR1Z,New,,2024-01-28 16:32:25,JFTXFC,NA/Fwd NDF NOK RON,NOK RON,Spot,Forward price of underlying instrument,CASH,Cash,NOK,RON,USD,,,,,,,,,
1,Foreign_Exchange,Forward,NDF,UPI,QZQCLBWVXP1J,New,,2024-01-28 16:32:25,JFTXFC,NA/Fwd NDF NOK RON,NOK RON,Spot,Forward price of underlying instrument,CASH,Cash,NOK,RON,RON,,,,,,,,,
1,Foreign_Exchange,Forward,NDF,UPI,QZLDZ76TDPFQ,New,,2024-01-28 16:32:26,JFTXFC,NA/Fwd NDF NOK RUB,NOK RUB,Spot,Forward price of underlying instrument,CASH,Cash,NOK,RUB,JPY,,,,,,,,,
1,Foreign_Exchange,Forward,NDF,UPI,QZFL8JZ5R36V,New,,2024-01-28 16:32:26,JFTXFC,NA/Fwd NDF NOK RUB,NOK RUB,Spot,Forward price of underlying instrument,CASH,Cash,NOK,RUB,EUR,,,,,,,,,
1,Foreign_Exchange,Forward,NDF,UPI,QZVB26W7J0ZC,New,,2024-01-28 16:32:27,JFTXFC,NA/Fwd NDF NOK SAR,NOK SAR,Spot,Forward price of underlying instrument,CASH,Cash,NOK,SAR,EUR,,,,,,,,,
1,Foreign_Exchange,Forward,NDF,UPI,QZRH4NQLRKWR,New,,2024-01-28 16:32:27,JFTXFC,NA/Fwd NDF NOK SAR,NOK SAR,Spot,Forward price of underlying instrument,CASH,Cash,NOK,SAR,JPY,,,,,,,,,
1,Foreign_Exchange,Forward,NDF,UPI,QZ6FPM9013X0,New,,2024-01-28 16:32:27,JFTXFC,NA/Fwd NDF NOK SAR,NOK SAR,Spot,Forward price of underlying instrument,CASH,Cash,NOK,SAR,NOK,,,,,,,,,
1,Foreign_Exchange,Forward,NDF,UPI,QZMJPL6MF262,New,,2024-01-28 16:32:28,JFTXFC,NA/Fwd NDF NOK SAR,NOK SAR,Spot,Forward price of underlying instrument,CASH,Cash,NOK,SAR,SAR,,,,,,,,,
1,Foreign_Exchange,Forward,NDF,UPI,QZCP08XX8Q17,New,,2024-01-28 16:32:28,JFTXFC,NA/Fwd NDF NOK SAR,NOK SAR,Spot,Forward price of underlying instrument,CASH,Cash,NOK,SAR,USD,,,,,,,,,
1,Foreign_Exchange,Forward,NDF,UPI,QZQ51PGQQ5BT,New,,2024-01-28 16:32:29,JFTXFC,NA/Fwd NDF NOK SEK,NOK SEK,Spot,Forward price of underlying instrument,CASH,Cash,NOK,SEK,EUR,,,,,,,,,
1,Foreign_Exchange,Forward,NDF,UPI,QZX23HXKLB35,New,,2024-01-28 16:32:29,JFTXFC,NA/Fwd NDF NOK SEK,NOK SEK,Spot,Forward price of underlying instrument,CASH,Cash,NOK,SEK,JPY,,,,,,,,,
1,Foreign_Exchange,Forward,NDF,UPI,QZKZLNQXG235,New,,2024-01-28 16:32:29,JFTXFC,NA/Fwd NDF NOK SGD,NOK SGD,Spot,Forward price of underlying instrument,CASH,Cash,NOK,SGD,EUR,,,,,,,,,
1,Foreign_Exchange,Forward,NDF,UPI,QZMBDC47K5B8,New,,2024-01-28 16:32:30,JFTXFC,NA/Fwd NDF NOK SGD,NOK SGD,Spot,Forward price of underlying instrument,CASH,Cash,NOK,SGD,JPY,,,,,,,,,
1,Foreign_Exchange,Forward,NDF,UPI,QZSDP9THDFFZ,New,,2024-01-28 16:32:30,JFTXFC,NA/Fwd NDF NOK SGD,NOK SGD,Spot,Forward price of underlying instrument,CASH,Cash,NOK,SGD,USD,,,,,,,,,
1,Foreign_Exchange,Forward,NDF,UPI,QZLSX2W1BG9V,New,,2024-01-28 16:32:31,JFTXFC,NA/Fwd NDF NOK THB,NOK THB,Spot,Forward price of underlying instrument,CASH,Cash,NOK,THB,EUR,,,,,,,,,
1,Foreign_Exchange,Forward,NDF,UPI,QZNSB18JSPC2,New,,2024-01-28 16:32:31,JFTXFC,NA/Fwd NDF NOK THB,NOK THB,Spot,Forward price of underlying instrument,CASH,Cash,NOK,THB,JPY,,,,,,,,,
1,Foreign_Exchange,Forward,NDF,UPI,QZF9BQXN0HHZ,New,,2024-01-28 16:32:32,JFTXFC,NA/Fwd NDF NOK THB,NOK THB,Spot,Forward price of underlying instrument,CASH,Cash,NOK,THB,NOK,,,,,,,,,
1,Foreign_Exchange,Forward,NDF,UPI,QZSLXT7L1P7Q,New,,2024-01-28 16:32:32,JFTXFC,NA/Fwd NDF NOK THB,NOK THB,Spot,Forward price of underlying instrument,CASH,Cash,NOK,THB,THB,,,,,,,,,
1,Foreign_Exchange,Forward,NDF,UPI,QZRVD17S5J25,New,,2024-01-28 16:32:32,JFTXFC,NA/Fwd NDF NOK THB,NOK THB,Spot,Forward price of underlying instrument,CASH,Cash,NOK,THB,USD,,,,,,,,,
1,Foreign_Exchange,Forward,NDF,UPI,QZLV8XQCBDWC,New,,2024-01-28 16:32:33,JFTXFC,NA/Fwd NDF NOK TRY,NOK TRY,Spot,Forward price of underlying instrument,CASH,Cash,NOK,TRY,JPY,,,,,,,,,
1,Foreign_Exchange,Forward,NDF,UPI,QZMVHDNWH7CW,New,,2024-01-28 16:32:33,JFTXFC,NA/Fwd NDF NOK TRY,NOK TRY,Spot,Forward price of underlying instrument,CASH,Cash,NOK,TRY,EUR,,,,,,,,,
1,Foreign_Exchange,Forward,NDF,UPI,QZ2DX7TNV5WT,New,,2024-01-28 16:32:34,JFTXFC,NA/Fwd NDF NOK TRY,NOK TRY,Spot,Forward price of underlying instrument,CASH,Cash,NOK,TRY,TRY,,,,,,,,,
1,Foreign_Exchange,Forward,NDF,UPI,QZ07QGQMW5F4,New,,2024-01-28 16:32:34,JFTXFC,NA/Fwd NDF NOK TRY,NOK TRY,Spot,Forward price of underlying instrument,CASH,Cash,NOK,TRY,NOK,,,,,,,,,
1,Foreign_Exchange,Forward,NDF,UPI,QZLDQJ9FRT56,New,,2024-01-28 16:32:35,JFTXFC,NA/Fwd NDF NOK UGX,NOK UGX,Spot,Forward price of underlying instrument,CASH,Cash,NOK,UGX,NOK,,,,,,,,,
1,Foreign_Exchange,Forward,NDF,UPI,QZK0H8FDMMXV,New,,2024-01-28 16:32:35,JFTXFC,NA/Fwd NDF NOK UAH,NOK UAH,Spot,Forward price of underlying instrument,CASH,Cash,NOK,UAH,UAH,,,,,,,,,
1,Foreign_Exchange,Forward,NDF,UPI,QZGN683FQTN8,New,,2024-01-28 16:32:35,JFTXFC,NA/Fwd NDF NOK TRY,NOK TRY,Spot,Forward price of underlying instrument,CASH,Cash,NOK,TRY,USD,,,,,,,,,
1,Foreign_Exchange,Forward,NDF,UPI,QZ64P53XGW4N,New,,2024-01-28 16:32:36,JFTXFC,NA/Fwd NDF NOK UGX,NOK UGX,Spot,Forward price of underlying instrument,CASH,Cash,NOK,UGX,UGX,,,,,,,,,
1,Foreign_Exchange,Forward,NDF,UPI,QZP727ZM7MNJ,New,,2024-01-28 16:32:36,JFTXFC,NA/Fwd NDF NOK USD,NOK USD,Spot,Forward price of underlying instrument,CASH,Cash,NOK,USD,EUR,,,,,,,,,
1,Foreign_Exchange,Forward,NDF,UPI,QZ8DQ9444S79,New,,2024-01-28 16:32:37,JFTXFC,NA/Fwd NDF NOK USD,NOK USD,Spot,Forward price of underlying instrument,CASH,Cash,NOK,USD,JPY,,,,,,,,,
1,Foreign_Exchange,Forward,NDF,UPI,QZJX8MGK5WVC,New,,2024-01-28 16:32:37,JFTXFC,NA/Fwd NDF NOK VND,NOK VND,Spot,Forward price of underlying instrument,CASH,Cash,NOK,VND,EUR,,,,,,,,,
1,Foreign_Exchange,Forward,NDF,UPI,QZ9Z7C57VMR8,New,,2024-01-28 16:32:37,JFTXFC,NA/Fwd NDF NOK VND,NOK VND,Spot,Forward price of underlying instrument,CASH,Cash,NOK,VND,JPY,,,,,,,,,
1,Foreign_Exchange,Forward,NDF,UPI,QZWD6TX7XD9G,New,,2024-01-28 16:32:38,JFTXFC,NA/Fwd NDF NOK VND,NOK VND,Spot,Forward price of underlying instrument,CASH,Cash,NOK,VND,USD,,,,,,,,,
1,Foreign_Exchange,Forward,NDF,UPI,QZ58W41D1F0P,New,,2024-01-28 16:32:38,JFTXFC,NA/Fwd NDF NOK VND,NOK VND,Spot,Forward price of underlying instrument,CASH,Cash,NOK,VND,NOK,,,,,,,,,
1,Foreign_Exchange,Forward,NDF,UPI,QZR6359WL46M,New,,2024-01-28 16:32:39,JFTXFC,NA/Fwd NDF NOK ZAR,NOK ZAR,Spot,Forward price of underlying instrument,CASH,Cash,NOK,ZAR,EUR,,,,,,,,,
1,Foreign_Exchange,Forward,NDF,UPI,QZSSDRFV590G,New,,2024-01-28 16:32:39,JFTXFC,NA/Fwd NDF NOK VND,NOK VND,Spot,Forward price of underlying instrument,CASH,Cash,NOK,VND,VND,,,,,,,,,
1,Foreign_Exchange,Forward,NDF,UPI,QZX4HJ93SMPH,New,,2024-01-28 16:32:40,JFTXFC,NA/Fwd NDF NOK ZAR,NOK ZAR,Spot,Forward price of underlying instrument,CASH,Cash,NOK,ZAR,JPY,,,,,,,,,
1,Foreign_Exchange,Forward,NDF,UPI,QZMCSZKP5PSW,New,,2024-01-28 16:32:40,JFTXFC,NA/Fwd NDF NOK ZAR,NOK ZAR,Spot,Forward price of underlying instrument,CASH,Cash,NOK,ZAR,USD,,,,,,,,,
1,Foreign_Exchange,Forward,NDF,UPI,QZW66G3RTZ7C,New,,2024-01-28 16:32:40,JFTXFC,NA/Fwd NDF NOK ZAR,NOK ZAR,Spot,Forward price of underlying instrument,CASH,Cash,NOK,ZAR,NOK,,,,,,,,,
1,Foreign_Exchange,Forward,NDF,UPI,QZNGVK81VJ56,New,,2024-01-28 16:32:41,JFTXFC,NA/Fwd NDF NOK ZAR,NOK ZAR,Spot,Forward price of underlying instrument,CASH,Cash,NOK,ZAR,ZAR,,,,,,,,,
1,Foreign_Exchange,Forward,NDF,UPI,QZDRW61TS6MR,New,,2024-01-28 16:32:41,JFTXFC,NA/Fwd NDF NPR PHP,NPR PHP,Spot,Forward price of underlying instrument,CASH,Cash,NPR,PHP,NPR,,,,,,,,,
1,Foreign_Exchange,Forward,NDF,UPI,QZLDK7LK9864,New,,2024-01-28 16:32:42,JFTXFC,NA/Fwd NDF NPR PHP,NPR PHP,Spot,Forward price of underlying instrument,CASH,Cash,NPR,PHP,PHP,,,,,,,,,
1,Foreign_Exchange,Forward,NDF,UPI,QZST2M0VJMTG,New,,2024-01-28 16:32:42,JFTXFC,NA/Fwd NDF NPR PKR,NPR PKR,Spot,Forward price of underlying instrument,CASH,Cash,NPR,PKR,NPR,,,,,,,,,
1,Foreign_Exchange,Forward,NDF,UPI,QZW7MLLJN9JL,New,,2024-01-28 16:32:43,JFTXFC,NA/Fwd NDF NPR PKR,NPR PKR,Spot,Forward price of underlying instrument,CASH,Cash,NPR,PKR,PKR,,,,,,,,,
1,Foreign_Exchange,Forward,NDF,UPI,QZDPNST3SPBQ,New,,2024-01-28 16:32:43,JFTXFC,NA/Fwd NDF NPR TWD,NPR TWD,Spot,Forward price of underlying instrument,CASH,Cash,NPR,TWD,NPR,,,,,,,,,
1,Foreign_Exchange,Forward,NDF,UPI,QZNZ222BWQZS,New,,2024-01-28 16:32:44,JFTXFC,NA/Fwd NDF NPR USD,NPR USD,Spot,Forward price of underlying instrument,CASH,Cash,NPR,USD,EUR,,,,,,,,,
1,Foreign_Exchange,Forward,NDF,UPI,QZD2RKW2HXN1,New,,2024-01-28 16:32:44,JFTXFC,NA/Fwd NDF NPR TWD,NPR TWD,Spot,Forward price of underlying instrument,CASH,Cash,NPR,TWD,TWD,,,,,,,,,
1,Foreign_Exchange,Forward,NDF,UPI,QZVVBMN8G707,New,,2024-01-28 16:32:44,JFTXFC,NA/Fwd NDF NPR USD,NPR USD,Spot,Forward price of underlying instrument,CASH,Cash,NPR,USD,JPY,,,,,,,,,
1,Foreign_Exchange,Forward,NDF,UPI,QZM1ZQXNSRWK,New,,2024-01-28 16:32:45,JFTXFC,NA/Fwd NDF NZD PKR,NZD PKR,Spot,Forward price of underlying instrument,CASH,Cash,NZD,PKR,NZD,,,,,,,,,
1,Foreign_Exchange,Forward,NDF,UPI,QZWKBT04JQ0D,New,,2024-01-28 16:32:45,JFTXFC,NA/Fwd NDF NPR USD,NPR USD,Spot,Forward price of underlying instrument,CASH,Cash,NPR,USD,NPR,,,,,,,,,
1,Foreign_Exchange,Forward,NDF,UPI,QZ3BTKZ4LDFQ,New,,2024-01-28 16:32:46,JFTXFC,NA/Fwd NDF NZD PKR,NZD PKR,Spot,Forward price of underlying instrument,CASH,Cash,NZD,PKR,PKR,,,,,,,,,
1,Foreign_Exchange,Forward,NDF,UPI,QZ3D2PJVGX54,New,,2024-01-28 16:32:46,JFTXFC,NA/Fwd NDF NZD PLN,NZD PLN,Spot,Forward price of underlying instrument,CASH,Cash,NZD,PLN,EUR,,,,,,,,,
1,Foreign_Exchange,Forward,NDF,UPI,QZDPDZSZ2K75,New,,2024-01-28 16:32:47,JFTXFC,NA/Fwd NDF NZD PLN,NZD PLN,Spot,Forward price of underlying instrument,CASH,Cash,NZD,PLN,PLN,,,,,,,,,
1,Foreign_Exchange,Forward,NDF,UPI,QZR9LVSR59FF,New,,2024-01-28 16:32:47,JFTXFC,NA/Fwd NDF NZD PLN,NZD PLN,Spot,Forward price of underlying instrument,CASH,Cash,NZD,PLN,USD,,,,,,,,,
1,Foreign_Exchange,Forward,NDF,UPI,QZHQQ0M10PHF,New,,2024-01-28 16:32:47,JFTXFC,NA/Fwd NDF NZD PLN,NZD PLN,Spot,Forward price of underlying instrument,CASH,Cash,NZD,PLN,JPY,,,,,,,,,
1,Foreign_Exchange,Forward,NDF,UPI,QZLS80R5Z789,New,,2024-01-28 16:32:48,JFTXFC,NA/Fwd NDF NZD QAR,NZD QAR,Spot,Forward price of underlying instrument,CASH,Cash,NZD,QAR,NZD,,,,,,,,,
1,Foreign_Exchange,Forward,NDF,UPI,QZ4XQMN3J3W1,New,,2024-01-28 16:32:48,JFTXFC,NA/Fwd NDF NZD QAR,NZD QAR,Spot,Forward price of underlying instrument,CASH,Cash,NZD,QAR,QAR,,,,,,,,,
1,Foreign_Exchange,Forward,NDF,UPI,QZLJSWQZTV6L,New,,2024-01-28 16:32:49,JFTXFC,NA/Fwd NDF NZD RON,NZD RON,Spot,Forward price of underlying instrument,CASH,Cash,NZD,RON,JPY,,,,,,,,,
1,Foreign_Exchange,Forward,NDF,UPI,QZ93T5K61CXM,New,,2024-01-28 16:32:49,JFTXFC,NA/Fwd NDF NZD RON,NZD RON,Spot,Forward price of underlying instrument,CASH,Cash,NZD,RON,EUR,,,,,,,,,
1,Foreign_Exchange,Forward,NDF,UPI,QZFPTL2KFBPL,New,,2024-01-28 16:32:50,JFTXFC,NA/Fwd NDF NZD RON,NZD RON,Spot,Forward price of underlying instrument,CASH,Cash,NZD,RON,RON,,,,,,,,,
1,Foreign_Exchange,Forward,NDF,UPI,QZ8GHT6R9362,New,,2024-01-28 16:32:50,JFTXFC,NA/Fwd NDF NZD RON,NZD RON,Spot,Forward price of underlying instrument,CASH,Cash,NZD,RON,NZD,,,,,,,,,
1,Foreign_Exchange,Forward,NDF,UPI,QZR9FRTL46J2,New,,2024-01-28 16:32:50,JFTXFC,NA/Fwd NDF NZD RON,NZD RON,Spot,Forward price of underlying instrument,CASH,Cash,NZD,RON,USD,,,,,,,,,
1,Foreign_Exchange,Forward,NDF,UPI,QZW5GPNT743F,New,,2024-01-28 16:32:51,JFTXFC,NA/Fwd NDF NZD RUB,NZD RUB,Spot,Forward price of underlying instrument,CASH,Cash,NZD,RUB,EUR,,,,,,,,,
1,Foreign_Exchange,Forward,NDF,UPI,QZ9GQWRZQZ3T,New,,2024-01-28 16:32:51,JFTXFC,NA/Fwd NDF NZD RUB,NZD RUB,Spot,Forward price of underlying instrument,CASH,Cash,NZD,RUB,JPY,,,,,,,,,
1,Foreign_Exchange,Forward,NDF,UPI,QZ4NK0SXXFZ0,New,,2024-01-28 16:32:52,JFTXFC,NA/Fwd NDF NZD SAR,NZD SAR,Spot,Forward price of underlying instrument,CASH,Cash,NZD,SAR,JPY,,,,,,,,,
1,Foreign_Exchange,Forward,NDF,UPI,QZDN261C03HN,New,,2024-01-28 16:32:52,JFTXFC,NA/Fwd NDF NZD SAR,NZD SAR,Spot,Forward price of underlying instrument,CASH,Cash,NZD,SAR,EUR,,,,,,,,,
1,Foreign_Exchange,Forward,NDF,UPI,QZVJR6WF4XJ4,New,,2024-01-28 16:32:53,JFTXFC,NA/Fwd NDF NZD SAR,NZD SAR,Spot,Forward price of underlying instrument,CASH,Cash,NZD,SAR,NZD,,,,,,,,,
1,Foreign_Exchange,Forward,NDF,UPI,QZXS2C71K7FB,New,,2024-01-28 16:32:53,JFTXFC,NA/Fwd NDF NZD SAR,NZD SAR,Spot,Forward price of underlying instrument,CASH,Cash,NZD,SAR,USD,,,,,,,,,
1,Foreign_Exchange,Forward,NDF,UPI,QZ2F4X9FR1XD,New,,2024-01-28 16:32:53,JFTXFC,NA/Fwd NDF NZD SAR,NZD SAR,Spot,Forward price of underlying instrument,CASH,Cash,NZD,SAR,SAR,,,,,,,,,
1,Foreign_Exchange,Forward,NDF,UPI,QZRLPJ3CR0H8,New,,2024-01-28 16:32:54,JFTXFC,NA/Fwd NDF NZD SEK,NZD SEK,Spot,Forward price of underlying instrument,CASH,Cash,NZD,SEK,EUR,,,,,,,,,
1,Foreign_Exchange,Forward,NDF,UPI,QZ7V1J91W2L9,New,,2024-01-28 16:32:54,JFTXFC,NA/Fwd NDF NZD SEK,NZD SEK,Spot,Forward price of underlying instrument,CASH,Cash,NZD,SEK,JPY,,,,,,,,,
1,Foreign_Exchange,Forward,NDF,UPI,QZ5PR5KW3SLD,New,,2024-01-28 16:32:55,JFTXFC,NA/Fwd NDF NZD SEK,NZD SEK,Spot,Forward price of underlying instrument,CASH,Cash,NZD,SEK,USD,,,,,,,,,
1,Foreign_Exchange,Forward,NDF,UPI,QZVKL72CF2LT,New,,2024-01-28 16:32:55,JFTXFC,NA/Fwd NDF NZD SGD,NZD SGD,Spot,Forward price of underlying instrument,CASH,Cash,NZD,SGD,EUR,,,,,,,,,
1,Foreign_Exchange,Forward,NDF,UPI,QZQHDZ6RLZPM,New,,2024-01-28 16:32:56,JFTXFC,NA/Fwd NDF NZD SGD,NZD SGD,Spot,Forward price of underlying instrument,CASH,Cash,NZD,SGD,JPY,,,,,,,,,
1,Foreign_Exchange,Forward,NDF,UPI,QZF9JLX68PV5,New,,2024-01-28 16:32:56,JFTXFC,NA/Fwd NDF NZD THB,NZD THB,Spot,Forward price of underlying instrument,CASH,Cash,NZD,THB,EUR,,,,,,,,,
1,Foreign_Exchange,Forward,NDF,UPI,QZ3DLWNGMM4W,New,,2024-01-28 16:32:56,JFTXFC,NA/Fwd NDF NZD THB,NZD THB,Spot,Forward price of underlying instrument,CASH,Cash,NZD,THB,JPY,,,,,,,,,
1,Foreign_Exchange,Forward,NDF,UPI,QZ6ZWSFQ30MZ,New,,2024-01-28 16:32:57,JFTXFC,NA/Fwd NDF NZD TRY,NZD TRY,Spot,Forward price of underlying instrument,CASH,Cash,NZD,TRY,EUR,,,,,,,,,
1,Foreign_Exchange,Forward,NDF,UPI,QZGQ2S7WS21N,New,,2024-01-28 16:32:57,JFTXFC,NA/Fwd NDF NZD THB,NZD THB,Spot,Forward price of underlying instrument,CASH,Cash,NZD,THB,USD,,,,,,,,,
1,Foreign_Exchange,Forward,NDF,UPI,QZ5H075SVVW6,New,,2024-01-28 16:32:58,JFTXFC,NA/Fwd NDF NZD TRY,NZD TRY,Spot,Forward price of underlying instrument,CASH,Cash,NZD,TRY,JPY,,,,,,,,,
1,Foreign_Exchange,Forward,NDF,UPI,QZK2CP8GTN3M,New,,2024-01-28 16:32:58,JFTXFC,NA/Fwd NDF NZD TRY,NZD TRY,Spot,Forward price of underlying instrument,CASH,Cash,NZD,TRY,NZD,,,,,,,,,
1,Foreign_Exchange,Forward,NDF,UPI,QZ2ZQ9BSP5BL,New,,2024-01-28 16:32:59,JFTXFC,NA/Fwd NDF NZD TRY,NZD TRY,Spot,Forward price of underlying instrument,CASH,Cash,NZD,TRY,USD,,,,,,,,,
1,Foreign_Exchange,Forward,NDF,UPI,QZ2RSP02M0B5,New,,2024-01-28 16:32:59,JFTXFC,NA/Fwd NDF NZD UAH,NZD UAH,Spot,Forward price of underlying instrument,CASH,Cash,NZD,UAH,UAH,,,,,,,,,
1,Foreign_Exchange,Forward,NDF,UPI,QZ9R7LGMV3FV,New,,2024-01-28 16:32:59,JFTXFC,NA/Fwd NDF NZD TRY,NZD TRY,Spot,Forward price of underlying instrument,CASH,Cash,NZD,TRY,TRY,,,,,,,,,
1,Foreign_Exchange,Forward,NDF,UPI,QZ0MPC9DGZ8X,New,,2024-01-28 16:33:00,JFTXFC,NA/Fwd NDF NZD USD,NZD USD,Spot,Forward price of underlying instrument,CASH,Cash,NZD,USD,JPY,,,,,,,,,
1,Foreign_Exchange,Forward,NDF,UPI,QZCMDT3X431M,New,,2024-01-28 16:33:00,JFTXFC,NA/Fwd NDF NZD UGX,NZD UGX,Spot,Forward price of underlying instrument,CASH,Cash,NZD,UGX,NZD,,,,,,,,,
1,Foreign_Exchange,Forward,NDF,UPI,QZTXLGJH3KMW,New,,2024-01-28 16:33:01,JFTXFC,NA/Fwd NDF NZD ZAR,NZD ZAR,Spot,Forward price of underlying instrument,CASH,Cash,NZD,ZAR,EUR,,,,,,,,,
1,Foreign_Exchange,Forward,NDF,UPI,QZ8XK5SB0P5T,New,,2024-01-28 16:33:01,JFTXFC,NA/Fwd NDF NZD VND,NZD VND,Spot,Forward price of underlying instrument,CASH,Cash,NZD,VND,VND,,,,,,,,,
1,Foreign_Exchange,Forward,NDF,UPI,QZ9M7J0264J3,New,,2024-01-28 16:33:02,JFTXFC,NA/Fwd NDF NZD ZAR,NZD ZAR,Spot,Forward price of underlying instrument,CASH,Cash,NZD,ZAR,USD,,,,,,,,,
1,Foreign_Exchange,Forward,NDF,UPI,QZWC94LC72S0,New,,2024-01-28 16:33:02,JFTXFC,NA/Fwd NDF PEN SGD,PEN SGD,Spot,Forward price of underlying instrument,CASH,Cash,PEN,SGD,EUR,,,,,,,,,
1,Foreign_Exchange,Forward,NDF,UPI,QZS8CZLSLVQX,New,,2024-01-28 16:33:02,JFTXFC,NA/Fwd NDF NZD ZAR,NZD ZAR,Spot,Forward price of underlying instrument,CASH,Cash,NZD,ZAR,JPY,,,,,,,,,
1,Foreign_Exchange,Forward,NDF,UPI,QZRGX4WZ4TD2,New,,2024-01-28 16:33:03,JFTXFC,NA/Fwd NDF PEN SGD,PEN SGD,Spot,Forward price of underlying instrument,CASH,Cash,PEN,SGD,JPY,,,,,,,,,
1,Foreign_Exchange,Forward,NDF,UPI,QZD33KS8MBZ6,New,,2024-01-28 16:33:03,JFTXFC,NA/Fwd NDF PEN USD,PEN USD,Spot,Forward price of underlying instrument,CASH,Cash,PEN,USD,JPY,,,,,,,,,
1,Foreign_Exchange,Forward,NDF,UPI,QZXXNV5RBL16,New,,2024-01-28 16:33:04,JFTXFC,NA/Fwd NDF PGK PHP,PGK PHP,Spot,Forward price of underlying instrument,CASH,Cash,PGK,PHP,PGK,,,,,,,,,
1,Foreign_Exchange,Forward,NDF,UPI,QZ523XJZLB8S,New,,2024-01-28 16:33:04,JFTXFC,NA/Fwd NDF PGK PHP,PGK PHP,Spot,Forward price of underlying instrument,CASH,Cash,PGK,PHP,PHP,,,,,,,,,
1,Foreign_Exchange,Forward,NDF,UPI,QZZVPZGR4CRS,New,,2024-01-28 16:33:05,JFTXFC,NA/Fwd NDF PGK PKR,PGK PKR,Spot,Forward price of underlying instrument,CASH,Cash,PGK,PKR,PKR,,,,,,,,,
1,Foreign_Exchange,Forward,NDF,UPI,QZZ82PDN6J9X,New,,2024-01-28 16:33:05,JFTXFC,NA/Fwd NDF PGK TWD,PGK TWD,Spot,Forward price of underlying instrument,CASH,Cash,PGK,TWD,PGK,,,,,,,,,
1,Foreign_Exchange,Forward,NDF,UPI,QZ37HSG5MV7G,New,,2024-01-28 16:33:05,JFTXFC,NA/Fwd NDF PGK PKR,PGK PKR,Spot,Forward price of underlying instrument,CASH,Cash,PGK,PKR,PGK,,,,,,,,,
1,Foreign_Exchange,Forward,NDF,UPI,QZ81KQ42VMKB,New,,2024-01-28 16:33:06,JFTXFC,NA/Fwd NDF PGK TWD,PGK TWD,Spot,Forward price of underlying instrument,CASH,Cash,PGK,TWD,TWD,,,,,,,,,
1,Foreign_Exchange,Forward,NDF,UPI,QZQ6C15W0VTZ,New,,2024-01-28 16:33:06,JFTXFC,NA/Fwd NDF PGK USD,PGK USD,Spot,Forward price of underlying instrument,CASH,Cash,PGK,USD,EUR,,,,,,,,,
1,Foreign_Exchange,Forward,NDF,UPI,QZC459L6CLD4,New,,2024-01-28 16:33:07,JFTXFC,NA/Fwd NDF PHP PLN,PHP PLN,Spot,Forward price of underlying instrument,CASH,Cash,PHP,PLN,PHP,,,,,,,,,
1,Foreign_Exchange,Forward,NDF,UPI,QZSVRTFQD1WH,New,,2024-01-28 16:33:07,JFTXFC,NA/Fwd NDF PGK USD,PGK USD,Spot,Forward price of underlying instrument,CASH,Cash,PGK,USD,JPY,,,,,,,,,
1,Foreign_Exchange,Forward,NDF,UPI,QZM3CVXS6SR4,New,,2024-01-28 16:33:07,JFTXFC,NA/Fwd NDF PHP PLN,PHP PLN,Spot,Forward price of underlying instrument,CASH,Cash,PHP,PLN,PLN,,,,,,,,,
1,Foreign_Exchange,Forward,NDF,UPI,QZNZFDGN8B09,New,,2024-01-28 16:33:08,JFTXFC,NA/Fwd NDF PHP QAR,PHP QAR,Spot,Forward price of underlying instrument,CASH,Cash,PHP,QAR,PHP,,,,,,,,,
1,Foreign_Exchange,Forward,NDF,UPI,QZRC1GVPM5DZ,New,,2024-01-28 16:33:08,JFTXFC,NA/Fwd NDF PHP RON,PHP RON,Spot,Forward price of underlying instrument,CASH,Cash,PHP,RON,PHP,,,,,,,,,
1,Foreign_Exchange,Forward,NDF,UPI,QZR4Q2VPWGZS,New,,2024-01-28 16:33:09,JFTXFC,NA/Fwd NDF PHP RON,PHP RON,Spot,Forward price of underlying instrument,CASH,Cash,PHP,RON,RON,,,,,,,,,
1,Foreign_Exchange,Forward,NDF,UPI,QZWT71P9RH99,New,,2024-01-28 16:33:09,JFTXFC,NA/Fwd NDF PHP RUB,PHP RUB,Spot,Forward price of underlying instrument,CASH,Cash,PHP,RUB,PHP,,,,,,,,,
1,Foreign_Exchange,Forward,NDF,UPI,QZDQ0SV50W09,New,,2024-01-28 16:33:10,JFTXFC,NA/Fwd NDF PHP SAR,PHP SAR,Spot,Forward price of underlying instrument,CASH,Cash,PHP,SAR,PHP,,,,,,,,,
1,Foreign_Exchange,Forward,NDF,UPI,QZSMTF1HVSX6,New,,2024-01-28 16:33:10,JFTXFC,NA/Fwd NDF PHP RUB,PHP RUB,Spot,Forward price of underlying instrument,CASH,Cash,PHP,RUB,RUB,,,,,,,,,
1,Foreign_Exchange,Forward,NDF,UPI,QZ26CMDJSFQV,New,,2024-01-28 16:33:10,JFTXFC,NA/Fwd NDF PHP SAR,PHP SAR,Spot,Forward price of underlying instrument,CASH,Cash,PHP,SAR,SAR,,,,,,,,,
1,Foreign_Exchange,Forward,NDF,UPI,QZP60LS7BJW3,New,,2024-01-28 16:33:11,JFTXFC,NA/Fwd NDF PHP SGD,PHP SGD,Spot,Forward price of underlying instrument,CASH,Cash,PHP,SGD,EUR,,,,,,,,,
1,Foreign_Exchange,Forward,NDF,UPI,QZQTCL3W90Z1,New,,2024-01-28 16:33:11,JFTXFC,NA/Fwd NDF PHP SGD,PHP SGD,Spot,Forward price of underlying instrument,CASH,Cash,PHP,SGD,JPY,,,,,,,,,
1,Foreign_Exchange,Forward,NDF,UPI,QZJBGSD1S33S,New,,2024-01-28 16:33:12,JFTXFC,NA/Fwd NDF PHP TRY,PHP TRY,Spot,Forward price of underlying instrument,CASH,Cash,PHP,TRY,PHP,,,,,,,,,
1,Foreign_Exchange,Forward,NDF,UPI,QZCCTPHKHTPN,New,,2024-01-28 16:33:12,JFTXFC,NA/Fwd NDF PHP TRY,PHP TRY,Spot,Forward price of underlying instrument,CASH,Cash,PHP,TRY,TRY,,,,,,,,,
1,Foreign_Exchange,Forward,NDF,UPI,QZV8ZHN8C244,New,,2024-01-28 16:33:12,JFTXFC,NA/Fwd NDF PHP UGX,PHP UGX,Spot,Forward price of underlying instrument,CASH,Cash,PHP,UGX,PHP,,,,,,,,,
1,Foreign_Exchange,Forward,NDF,UPI,QZN4LWFWV98R,New,,2024-01-28 16:33:13,JFTXFC,NA/Fwd NDF PHP UGX,PHP UGX,Spot,Forward price of underlying instrument,CASH,Cash,PHP,UGX,UGX,,,,,,,,,
1,Foreign_Exchange,Forward,NDF,UPI,QZ6WB2W7D2HS,New,,2024-01-28 16:33:13,JFTXFC,NA/Fwd NDF PHP VND,PHP VND,Spot,Forward price of underlying instrument,CASH,Cash,PHP,VND,PHP,,,,,,,,,
1,Foreign_Exchange,Forward,NDF,UPI,QZTNXM5L5P38,New,,2024-01-28 16:33:14,JFTXFC,NA/Fwd NDF PHP VND,PHP VND,Spot,Forward price of underlying instrument,CASH,Cash,PHP,VND,VND,,,,,,,,,
1,Foreign_Exchange,Forward,NDF,UPI,QZSP3V8T2G3W,New,,2024-01-28 16:33:14,JFTXFC,NA/Fwd NDF PHP ZAR,PHP ZAR,Spot,Forward price of underlying instrument,CASH,Cash,PHP,ZAR,PHP,,,,,,,,,
1,Foreign_Exchange,Forward,NDF,UPI,QZDP6WS5RVZN,New,,2024-01-28 16:33:15,JFTXFC,NA/Fwd NDF PKR PLN,PKR PLN,Spot,Forward price of underlying instrument,CASH,Cash,PKR,PLN,PKR,,,,,,,,,
1,Foreign_Exchange,Forward,NDF,UPI,QZBS2LRGVZPT,New,,2024-01-28 16:33:15,JFTXFC,NA/Fwd NDF PKR QAR,PKR QAR,Spot,Forward price of underlying instrument,CASH,Cash,PKR,QAR,PKR,,,,,,,,,
1,Foreign_Exchange,Forward,NDF,UPI,QZVTWSZPBP2Z,New,,2024-01-28 16:33:15,JFTXFC,NA/Fwd NDF PKR PLN,PKR PLN,Spot,Forward price of underlying instrument,CASH,Cash,PKR,PLN,PLN,,,,,,,,,
1,Foreign_Exchange,Forward,NDF,UPI,QZ68N13KTF21,New,,2024-01-28 16:33:16,JFTXFC,NA/Fwd NDF PKR RON,PKR RON,Spot,Forward price of underlying instrument,CASH,Cash,PKR,RON,PKR,,,,,,,,,
1,Foreign_Exchange,Forward,NDF,UPI,QZJ4NFS12HRT,New,,2024-01-28 16:33:16,JFTXFC,NA/Fwd NDF PKR QAR,PKR QAR,Spot,Forward price of underlying instrument,CASH,Cash,PKR,QAR,QAR,,,,,,,,,
1,Foreign_Exchange,Forward,NDF,UPI,QZWZBC4N39XL,New,,2024-01-28 16:33:17,JFTXFC,NA/Fwd NDF PKR RON,PKR RON,Spot,Forward price of underlying instrument,CASH,Cash,PKR,RON,RON,,,,,,,,,
1,Foreign_Exchange,Forward,NDF,UPI,QZVPB0VGPFZQ,New,,2024-01-28 16:33:17,JFTXFC,NA/Fwd NDF PKR RUB,PKR RUB,Spot,Forward price of underlying instrument,CASH,Cash,PKR,RUB,PKR,,,,,,,,,
1,Foreign_Exchange,Forward,NDF,UPI,QZSTZ8Q5J7F8,New,,2024-01-28 16:33:17,JFTXFC,NA/Fwd NDF PKR RUB,PKR RUB,Spot,Forward price of underlying instrument,CASH,Cash,PKR,RUB,RUB,,,,,,,,,
1,Foreign_Exchange,Forward,NDF,UPI,QZ7DPV1HLPSP,New,,2024-01-28 16:33:18,JFTXFC,NA/Fwd NDF PKR SAR,PKR SAR,Spot,Forward price of underlying instrument,CASH,Cash,PKR,SAR,SAR,,,,,,,,,
1,Foreign_Exchange,Forward,NDF,UPI,QZC5PJ446QKG,New,,2024-01-28 16:33:18,JFTXFC,NA/Fwd NDF PKR SAR,PKR SAR,Spot,Forward price of underlying instrument,CASH,Cash,PKR,SAR,PKR,,,,,,,,,
1,Foreign_Exchange,Forward,NDF,UPI,QZWCGJ7C73MS,New,,2024-01-28 16:33:19,JFTXFC,NA/Fwd NDF PKR SEK,PKR SEK,Spot,Forward price of underlying instrument,CASH,Cash,PKR,SEK,PKR,,,,,,,,,
1,Foreign_Exchange,Forward,NDF,UPI,QZ39NKQVVTGT,New,,2024-01-28 16:33:19,JFTXFC,NA/Fwd NDF PKR SGD,PKR SGD,Spot,Forward price of underlying instrument,CASH,Cash,PKR,SGD,PKR,,,,,,,,,
1,Foreign_Exchange,Forward,NDF,UPI,QZS52H0PDK33,New,,2024-01-28 16:33:19,JFTXFC,NA/Fwd NDF PKR SGD,PKR SGD,Spot,Forward price of underlying instrument,CASH,Cash,PKR,SGD,SGD,,,,,,,,,
1,Foreign_Exchange,Forward,NDF,UPI,QZHQH71W9HNT,New,,2024-01-28 16:33:20,JFTXFC,NA/Fwd NDF PKR THB,PKR THB,Spot,Forward price of underlying instrument,CASH,Cash,PKR,THB,EUR,,,,,,,,,
1,Foreign_Exchange,Forward,NDF,UPI,QZ7C34BS9QP2,New,,2024-01-28 16:33:20,JFTXFC,NA/Fwd NDF PKR THB,PKR THB,Spot,Forward price of underlying instrument,CASH,Cash,PKR,THB,JPY,,,,,,,,,
1,Foreign_Exchange,Forward,NDF,UPI,QZTWMSFN842G,New,,2024-01-28 16:33:21,JFTXFC,NA/Fwd NDF PKR THB,PKR THB,Spot,Forward price of underlying instrument,CASH,Cash,PKR,THB,THB,,,,,,,,,
1,Foreign_Exchange,Forward,NDF,UPI,QZPT2LGKG25X,New,,2024-01-28 16:33:21,JFTXFC,NA/Fwd NDF PKR THB,PKR THB,Spot,Forward price of underlying instrument,CASH,Cash,PKR,THB,PKR,,,,,,,,,
1,Foreign_Exchange,Forward,NDF,UPI,QZ28V36X1VMQ,New,,2024-01-28 16:33:22,JFTXFC,NA/Fwd NDF PKR THB,PKR THB,Spot,Forward price of underlying instrument,CASH,Cash,PKR,THB,USD,,,,,,,,,
1,Foreign_Exchange,Forward,NDF,UPI,QZ5MXL36QFTJ,New,,2024-01-28 16:33:22,JFTXFC,NA/Fwd NDF PKR TRY,PKR TRY,Spot,Forward price of underlying instrument,CASH,Cash,PKR,TRY,PKR,,,,,,,,,
1,Foreign_Exchange,Forward,NDF,UPI,QZ49TXLCWSLF,New,,2024-01-28 16:33:22,JFTXFC,NA/Fwd NDF PKR TRY,PKR TRY,Spot,Forward price of underlying instrument,CASH,Cash,PKR,TRY,TRY,,,,,,,,,
1,Foreign_Exchange,Forward,NDF,UPI,QZ1QF3N30WSQ,New,,2024-01-28 16:33:23,JFTXFC,NA/Fwd NDF PKR UGX,PKR UGX,Spot,Forward price of underlying instrument,CASH,Cash,PKR,UGX,UGX,,,,,,,,,
1,Foreign_Exchange,Forward,NDF,UPI,QZ81ZKP9SMFL,New,,2024-01-28 16:33:23,JFTXFC,NA/Fwd NDF PKR UGX,PKR UGX,Spot,Forward price of underlying instrument,CASH,Cash,PKR,UGX,PKR,,,,,,,,,
1,Foreign_Exchange,Forward,NDF,UPI,QZB6PDXTVN87,New,,2024-01-28 16:33:24,JFTXFC,NA/Fwd NDF PKR VND,PKR VND,Spot,Forward price of underlying instrument,CASH,Cash,PKR,VND,PKR,,,,,,,,,
1,Foreign_Exchange,Forward,NDF,UPI,QZLD8CCZPF72,New,,2024-01-28 16:33:24,JFTXFC,NA/Fwd NDF PKR USD,PKR USD,Spot,Forward price of underlying instrument,CASH,Cash,PKR,USD,EUR,,,,,,,,,
1,Foreign_Exchange,Forward,NDF,UPI,QZ1P6LHS2HQD,New,,2024-01-28 16:33:24,JFTXFC,NA/Fwd NDF PKR USD,PKR USD,Spot,Forward price of underlying instrument,CASH,Cash,PKR,USD,JPY,,,,,,,,,
1,Foreign_Exchange,Forward,NDF,UPI,QZHB4JWK15KX,New,,2024-01-28 16:33:25,JFTXFC,NA/Fwd NDF PKR VND,PKR VND,Spot,Forward price of underlying instrument,CASH,Cash,PKR,VND,VND,,,,,,,,,
1,Foreign_Exchange,Forward,NDF,UPI,QZLKM9V6W2CH,New,,2024-01-28 16:33:25,JFTXFC,NA/Fwd NDF PKR ZAR,PKR ZAR,Spot,Forward price of underlying instrument,CASH,Cash,PKR,ZAR,PKR,,,,,,,,,
1,Foreign_Exchange,Forward,NDF,UPI,QZKQFNDNQXDS,New,,2024-01-28 16:33:26,JFTXFC,NA/Fwd NDF PKR ZAR,PKR ZAR,Spot,Forward price of underlying instrument,CASH,Cash,PKR,ZAR,ZAR,,,,,,,,,
1,Foreign_Exchange,Forward,NDF,UPI,QZSJV698P1RZ,New,,2024-01-28 16:33:26,JFTXFC,NA/Fwd NDF PLN RON,PLN RON,Spot,Forward price of underlying instrument,CASH,Cash,PLN,RON,EUR,,,,,,,,,
1,Foreign_Exchange,Forward,NDF,UPI,QZGJHNWGBD2R,New,,2024-01-28 16:33:26,JFTXFC,NA/Fwd NDF PLN RON,PLN RON,Spot,Forward price of underlying instrument,CASH,Cash,PLN,RON,JPY,,,,,,,,,
1,Foreign_Exchange,Forward,NDF,UPI,QZB9FDL92D0B,New,,2024-01-28 16:33:27,JFTXFC,NA/Fwd NDF PLN RUB,PLN RUB,Spot,Forward price of underlying instrument,CASH,Cash,PLN,RUB,EUR,,,,,,,,,
1,Foreign_Exchange,Forward,NDF,UPI,QZZ5T7RM7VR3,New,,2024-01-28 16:33:27,JFTXFC,NA/Fwd NDF PLN RON,PLN RON,Spot,Forward price of underlying instrument,CASH,Cash,PLN,RON,USD,,,,,,,,,
1,Foreign_Exchange,Forward,NDF,UPI,QZ81PCD24N9D,New,,2024-01-28 16:33:28,JFTXFC,NA/Fwd NDF PLN RUB,PLN RUB,Spot,Forward price of underlying instrument,CASH,Cash,PLN,RUB,USD,,,,,,,,,
1,Foreign_Exchange,Forward,NDF,UPI,QZ7DRJ0415VK,New,,2024-01-28 16:33:28,JFTXFC,NA/Fwd NDF PLN RUB,PLN RUB,Spot,Forward price of underlying instrument,CASH,Cash,PLN,RUB,JPY,,,,,,,,,
1,Foreign_Exchange,Forward,NDF,UPI,QZSF12H406DV,New,,2024-01-28 16:33:29,JFTXFC,NA/Fwd NDF PLN SEK,PLN SEK,Spot,Forward price of underlying instrument,CASH,Cash,PLN,SEK,JPY,,,,,,,,,
1,Foreign_Exchange,Forward,NDF,UPI,QZH5V4NP5L61,New,,2024-01-28 16:33:29,JFTXFC,NA/Fwd NDF PLN SEK,PLN SEK,Spot,Forward price of underlying instrument,CASH,Cash,PLN,SEK,USD,,,,,,,,,
1,Foreign_Exchange,Forward,NDF,UPI,QZBJ6PRRN86T,New,,2024-01-28 16:33:29,JFTXFC,NA/Fwd NDF PLN SEK,PLN SEK,Spot,Forward price of underlying instrument,CASH,Cash,PLN,SEK,EUR,,,,,,,,,
1,Foreign_Exchange,Forward,NDF,UPI,QZ25Z2QH82MF,New,,2024-01-28 16:33:30,JFTXFC,NA/Fwd NDF PLN SGD,PLN SGD,Spot,Forward price of underlying instrument,CASH,Cash,PLN,SGD,EUR,,,,,,,,,
1,Foreign_Exchange,Forward,NDF,UPI,QZDJXTDL3G8H,New,,2024-01-28 16:33:30,JFTXFC,NA/Fwd NDF PLN SGD,PLN SGD,Spot,Forward price of underlying instrument,CASH,Cash,PLN,SGD,JPY,,,,,,,,,
1,Foreign_Exchange,Forward,NDF,UPI,QZP33Q2K6QWZ,New,,2024-01-28 16:33:31,JFTXFC,NA/Fwd NDF PLN SGD,PLN SGD,Spot,Forward price of underlying instrument,CASH,Cash,PLN,SGD,USD,,,,,,,,,
1,Foreign_Exchange,Forward,NDF,UPI,QZRHSBBBXSQW,New,,2024-01-28 16:33:31,JFTXFC,NA/Fwd NDF PLN SGD,PLN SGD,Spot,Forward price of underlying instrument,CASH,Cash,PLN,SGD,SGD,,,,,,,,,
1,Foreign_Exchange,Forward,NDF,UPI,QZ922KPNZ968,New,,2024-01-28 16:33:31,JFTXFC,NA/Fwd NDF PLN SGD,PLN SGD,Spot,Forward price of underlying instrument,CASH,Cash,PLN,SGD,PLN,,,,,,,,,
1,Foreign_Exchange,Forward,NDF,UPI,QZPHXHKPGZ4P,New,,2024-01-28 16:33:32,JFTXFC,NA/Fwd NDF PLN THB,PLN THB,Spot,Forward price of underlying instrument,CASH,Cash,PLN,THB,JPY,,,,,,,,,
1,Foreign_Exchange,Forward,NDF,UPI,QZHZZ3FJV1RQ,New,,2024-01-28 16:33:32,JFTXFC,NA/Fwd NDF PLN THB,PLN THB,Spot,Forward price of underlying instrument,CASH,Cash,PLN,THB,EUR,,,,,,,,,
1,Foreign_Exchange,Forward,NDF,UPI,QZDRSQDV2FQ1,New,,2024-01-28 16:33:33,JFTXFC,NA/Fwd NDF PLN THB,PLN THB,Spot,Forward price of underlying instrument,CASH,Cash,PLN,THB,THB,,,,,,,,,
1,Foreign_Exchange,Forward,NDF,UPI,QZBKH76JDQBL,New,,2024-01-28 16:33:33,JFTXFC,NA/Fwd NDF PLN THB,PLN THB,Spot,Forward price of underlying instrument,CASH,Cash,PLN,THB,PLN,,,,,,,,,
1,Foreign_Exchange,Forward,NDF,UPI,QZCNJZ0SV6KJ,New,,2024-01-28 16:33:33,JFTXFC,NA/Fwd NDF PLN THB,PLN THB,Spot,Forward price of underlying instrument,CASH,Cash,PLN,THB,USD,,,,,,,,,
1,Foreign_Exchange,Forward,NDF,UPI,QZDPCD4X7F29,New,,2024-01-28 16:33:34,JFTXFC,NA/Fwd NDF PLN TRY,PLN TRY,Spot,Forward price of underlying instrument,CASH,Cash,PLN,TRY,TRY,,,,,,,,,
1,Foreign_Exchange,Forward,NDF,UPI,QZS488PJHB5K,New,,2024-01-28 16:33:34,JFTXFC,NA/Fwd NDF PLN TRY,PLN TRY,Spot,Forward price of underlying instrument,CASH,Cash,PLN,TRY,PLN,,,,,,,,,
1,Foreign_Exchange,Forward,NDF,UPI,QZRGTG84QKR9,New,,2024-01-28 16:33:35,JFTXFC,NA/Fwd NDF PLN TWD,PLN TWD,Spot,Forward price of underlying instrument,CASH,Cash,PLN,TWD,TWD,,,,,,,,,
1,Foreign_Exchange,Forward,NDF,UPI,QZJZTRSFD70M,New,,2024-01-28 16:33:35,JFTXFC,NA/Fwd NDF PLN USD,PLN USD,Spot,Forward price of underlying instrument,CASH,Cash,PLN,USD,EUR,,,,,,,,,
1,Foreign_Exchange,Forward,NDF,UPI,QZFK8G7WN068,New,,2024-01-28 16:33:35,JFTXFC,NA/Fwd NDF PLN TWD,PLN TWD,Spot,Forward price of underlying instrument,CASH,Cash,PLN,TWD,PLN,,,,,,,,,
1,Foreign_Exchange,Forward,NDF,UPI,QZBZ7LV67VD3,New,,2024-01-28 16:33:36,JFTXFC,NA/Fwd NDF PLN USD,PLN USD,Spot,Forward price of underlying instrument,CASH,Cash,PLN,USD,JPY,,,,,,,,,
1,Foreign_Exchange,Forward,NDF,UPI,QZMKJLPWNDT9,New,,2024-01-28 16:33:36,JFTXFC,NA/Fwd NDF PLN VND,PLN VND,Spot,Forward price of underlying instrument,CASH,Cash,PLN,VND,PLN,,,,,,,,,
1,Foreign_Exchange,Forward,NDF,UPI,QZZ91TXMTD57,New,,2024-01-28 16:33:37,JFTXFC,NA/Fwd NDF PLN VND,PLN VND,Spot,Forward price of underlying instrument,CASH,Cash,PLN,VND,VND,,,,,,,,,
1,Foreign_Exchange,Forward,NDF,UPI,QZ1RRGR00484,New,,2024-01-28 16:33:37,JFTXFC,NA/Fwd NDF PLN ZAR,PLN ZAR,Spot,Forward price of underlying instrument,CASH,Cash,PLN,ZAR,PLN,,,,,,,,,
1,Foreign_Exchange,Forward,NDF,UPI,QZVTZ7DXMSRC,New,,2024-01-28 16:33:38,JFTXFC,NA/Fwd NDF PLN ZAR,PLN ZAR,Spot,Forward price of underlying instrument,CASH,Cash,PLN,ZAR,ZAR,,,,,,,,,
1,Foreign_Exchange,Forward,NDF,UPI,QZRN3ZSSDSSC,New,,2024-01-28 16:33:38,JFTXFC,NA/Fwd NDF QAR SEK,QAR SEK,Spot,Forward price of underlying instrument,CASH,Cash,QAR,SEK,SEK,,,,,,,,,
1,Foreign_Exchange,Forward,NDF,UPI,QZG04XC8RC5R,New,,2024-01-28 16:33:38,JFTXFC,NA/Fwd NDF QAR SEK,QAR SEK,Spot,Forward price of underlying instrument,CASH,Cash,QAR,SEK,QAR,,,,,,,,,
1,Foreign_Exchange,Forward,NDF,UPI,QZXW4M29C2DJ,New,,2024-01-28 16:33:39,JFTXFC,NA/Fwd NDF QAR TWD,QAR TWD,Spot,Forward price of underlying instrument,CASH,Cash,QAR,TWD,TWD,,,,,,,,,
1,Foreign_Exchange,Forward,NDF,UPI,QZSRMDM4P2JM,New,,2024-01-28 16:33:39,JFTXFC,NA/Fwd NDF QAR TWD,QAR TWD,Spot,Forward price of underlying instrument,CASH,Cash,QAR,TWD,QAR,,,,,,,,,
1,Foreign_Exchange,Forward,NDF,UPI,QZD9MNFJVF0B,New,,2024-01-28 16:33:40,JFTXFC,NA/Fwd NDF QAR USD,QAR USD,Spot,Forward price of underlying instrument,CASH,Cash,QAR,USD,JPY,,,,,,,,,
1,Foreign_Exchange,Forward,NDF,UPI,QZ4867DLSKBL,New,,2024-01-28 16:33:40,JFTXFC,NA/Fwd NDF QAR USD,QAR USD,Spot,Forward price of underlying instrument,CASH,Cash,QAR,USD,EUR,,,,,,,,,
1,Foreign_Exchange,Forward,NDF,UPI,QZT09P7BRJZ5,New,,2024-01-28 16:33:41,JFTXFC,NA/Fwd NDF RON SEK,RON SEK,Spot,Forward price of underlying instrument,CASH,Cash,RON,SEK,JPY,,,,,,,,,
1,Foreign_Exchange,Forward,NDF,UPI,QZDGZRVNLXHV,New,,2024-01-28 16:33:41,JFTXFC,NA/Fwd NDF RON SEK,RON SEK,Spot,Forward price of underlying instrument,CASH,Cash,RON,SEK,EUR,,,,,,,,,
1,Foreign_Exchange,Forward,NDF,UPI,QZZMH6LD9WJD,New,,2024-01-28 16:33:42,JFTXFC,NA/Fwd NDF RON SEK,RON SEK,Spot,Forward price of underlying instrument,CASH,Cash,RON,SEK,USD,,,,,,,,,
1,Foreign_Exchange,Forward,NDF,UPI,QZ5SRJD5KWNM,New,,2024-01-28 16:33:42,JFTXFC,NA/Fwd NDF RON SGD,RON SGD,Spot,Forward price of underlying instrument,CASH,Cash,RON,SGD,EUR,,,,,,,,,
1,Foreign_Exchange,Forward,NDF,UPI,QZLB7K328WLM,New,,2024-01-28 16:33:42,JFTXFC,NA/Fwd NDF RON SEK,RON SEK,Spot,Forward price of underlying instrument,CASH,Cash,RON,SEK,SEK,,,,,,,,,
1,Foreign_Exchange,Forward,NDF,UPI,QZVCDCM5BX10,New,,2024-01-28 16:33:43,JFTXFC,NA/Fwd NDF RON SGD,RON SGD,Spot,Forward price of underlying instrument,CASH,Cash,RON,SGD,RON,,,,,,,,,
1,Foreign_Exchange,Forward,NDF,UPI,QZ7ZCMG5L77G,New,,2024-01-28 16:33:43,JFTXFC,NA/Fwd NDF RON SGD,RON SGD,Spot,Forward price of underlying instrument,CASH,Cash,RON,SGD,JPY,,,,,,,,,
1,Foreign_Exchange,Forward,NDF,UPI,QZ9SRCCP9V5M,New,,2024-01-28 16:33:44,JFTXFC,NA/Fwd NDF RON TWD,RON TWD,Spot,Forward price of underlying instrument,CASH,Cash,RON,TWD,RON,,,,,,,,,
1,Foreign_Exchange,Forward,NDF,UPI,QZNKFS2BZ41N,New,,2024-01-28 16:33:44,JFTXFC,NA/Fwd NDF RON SGD,RON SGD,Spot,Forward price of underlying instrument,CASH,Cash,RON,SGD,USD,,,,,,,,,
1,Foreign_Exchange,Forward,NDF,UPI,QZ8BFB80T08D,New,,2024-01-28 16:33:44,JFTXFC,NA/Fwd NDF RON SGD,RON SGD,Spot,Forward price of underlying instrument,CASH,Cash,RON,SGD,SGD,,,,,,,,,
1,Foreign_Exchange,Forward,NDF,UPI,QZFBFHG21JL1,New,,2024-01-28 16:33:45,JFTXFC,NA/Fwd NDF RON USD,RON USD,Spot,Forward price of underlying instrument,CASH,Cash,RON,USD,EUR,,,,,,,,,
1,Foreign_Exchange,Forward,NDF,UPI,QZS7V6HVBW5W,New,,2024-01-28 16:33:45,JFTXFC,NA/Fwd NDF RON TWD,RON TWD,Spot,Forward price of underlying instrument,CASH,Cash,RON,TWD,TWD,,,,,,,,,
1,Foreign_Exchange,Forward,NDF,UPI,QZ0M7QDMH755,New,,2024-01-28 16:33:46,JFTXFC,NA/Fwd NDF RSD USD,RSD USD,Spot,Forward price of underlying instrument,CASH,Cash,RSD,USD,EUR,,,,,,,,,
1,Foreign_Exchange,Forward,NDF,UPI,QZTDTTBN4292,New,,2024-01-28 16:33:46,JFTXFC,NA/Fwd NDF RON USD,RON USD,Spot,Forward price of underlying instrument,CASH,Cash,RON,USD,JPY,,,,,,,,,
1,Foreign_Exchange,Forward,NDF,UPI,QZP6TKWWVXW3,New,,2024-01-28 16:33:47,JFTXFC,NA/Fwd NDF RSD USD,RSD USD,Spot,Forward price of underlying instrument,CASH,Cash,RSD,USD,JPY,,,,,,,,,
1,Foreign_Exchange,Forward,NDF,UPI,QZ1SZQWJGSK6,New,,2024-01-28 16:33:47,JFTXFC,NA/Fwd NDF RUB SEK,RUB SEK,Spot,Forward price of underlying instrument,CASH,Cash,RUB,SEK,JPY,,,,,,,,,
1,Foreign_Exchange,Forward,NDF,UPI,QZP0M6ZBKDSH,New,,2024-01-28 16:33:47,JFTXFC,NA/Fwd NDF RUB SGD,RUB SGD,Spot,Forward price of underlying instrument,CASH,Cash,RUB,SGD,EUR,,,,,,,,,
1,Foreign_Exchange,Forward,NDF,UPI,QZT3RMMM2ZDC,New,,2024-01-28 16:33:48,JFTXFC,NA/Fwd NDF RUB SGD,RUB SGD,Spot,Forward price of underlying instrument,CASH,Cash,RUB,SGD,JPY,,,,,,,,,
1,Foreign_Exchange,Forward,NDF,UPI,QZDNSGPM09G6,New,,2024-01-28 16:33:48,JFTXFC,NA/Fwd NDF RUB TRY,RUB TRY,Spot,Forward price of underlying instrument,CASH,Cash,RUB,TRY,EUR,,,,,,,,,
1,Foreign_Exchange,Forward,NDF,UPI,QZWQQX9P2578,New,,2024-01-28 16:33:49,JFTXFC,NA/Fwd NDF RUB TRY,RUB TRY,Spot,Forward price of underlying instrument,CASH,Cash,RUB,TRY,JPY,,,,,,,,,
1,Foreign_Exchange,Forward,NDF,UPI,QZ182LZ7Q0KM,New,,2024-01-28 16:33:49,JFTXFC,NA/Fwd NDF RUB TRY,RUB TRY,Spot,Forward price of underlying instrument,CASH,Cash,RUB,TRY,RUB,,,,,,,,,
1,Foreign_Exchange,Forward,NDF,UPI,QZBCNF6VC34Z,New,,2024-01-28 16:33:50,JFTXFC,NA/Fwd NDF RUB TRY,RUB TRY,Spot,Forward price of underlying instrument,CASH,Cash,RUB,TRY,USD,,,,,,,,,
1,Foreign_Exchange,Forward,NDF,UPI,QZ72SLBSDF54,New,,2024-01-28 16:33:50,JFTXFC,NA/Fwd NDF RUB TWD,RUB TWD,Spot,Forward price of underlying instrument,CASH,Cash,RUB,TWD,RUB,,,,,,,,,
1,Foreign_Exchange,Forward,NDF,UPI,QZ4SKGX4G65P,New,,2024-01-28 16:33:50,JFTXFC,NA/Fwd NDF RUB TWD,RUB TWD,Spot,Forward price of underlying instrument,CASH,Cash,RUB,TWD,TWD,,,,,,,,,
1,Foreign_Exchange,Forward,NDF,UPI,QZZ5FLBQN7LJ,New,,2024-01-28 16:33:51,JFTXFC,NA/Fwd NDF RUB USD,RUB USD,Spot,Forward price of underlying instrument,CASH,Cash,RUB,USD,JPY,,,,,,,,,
1,Foreign_Exchange,Forward,NDF,UPI,QZ67P5QGT5CP,New,,2024-01-28 16:33:51,JFTXFC,NA/Fwd NDF RUB ZAR,RUB ZAR,Spot,Forward price of underlying instrument,CASH,Cash,RUB,ZAR,EUR,,,,,,,,,
1,Foreign_Exchange,Forward,NDF,UPI,QZX6K1P5GX9D,New,,2024-01-28 16:33:52,JFTXFC,NA/Fwd NDF RUB ZAR,RUB ZAR,Spot,Forward price of underlying instrument,CASH,Cash,RUB,ZAR,JPY,,,,,,,,,
1,Foreign_Exchange,Forward,NDF,UPI,QZR1HWFWH0WD,New,,2024-01-28 16:33:52,JFTXFC,NA/Fwd NDF RWF USD,RWF USD,Spot,Forward price of underlying instrument,CASH,Cash,RWF,USD,EUR,,,,,,,,,
1,Foreign_Exchange,Forward,NDF,UPI,QZJQKH4F3PTF,New,,2024-01-28 16:33:53,JFTXFC,NA/Fwd NDF SAR SEK,SAR SEK,Spot,Forward price of underlying instrument,CASH,Cash,SAR,SEK,JPY,,,,,,,,,
1,Foreign_Exchange,Forward,NDF,UPI,QZH2DPRWBJPM,New,,2024-01-28 16:33:53,JFTXFC,NA/Fwd NDF RWF USD,RWF USD,Spot,Forward price of underlying instrument,CASH,Cash,RWF,USD,JPY,,,,,,,,,
1,Foreign_Exchange,Forward,NDF,UPI,QZ04G2F7X3P8,New,,2024-01-28 16:33:53,JFTXFC,NA/Fwd NDF SAR SEK,SAR SEK,Spot,Forward price of underlying instrument,CASH,Cash,SAR,SEK,EUR,,,,,,,,,
1,Foreign_Exchange,Forward,NDF,UPI,QZ2J0D94KX7X,New,,2024-01-28 16:33:54,JFTXFC,NA/Fwd NDF SAR SEK,SAR SEK,Spot,Forward price of underlying instrument,CASH,Cash,SAR,SEK,SAR,,,,,,,,,
1,Foreign_Exchange,Forward,NDF,UPI,QZV1TVFBBF0B,New,,2024-01-28 16:33:54,JFTXFC,NA/Fwd NDF SAR SEK,SAR SEK,Spot,Forward price of underlying instrument,CASH,Cash,SAR,SEK,SEK,,,,,,,,,
1,Foreign_Exchange,Forward,NDF,UPI,QZ6F2HZDKRFK,New,,2024-01-28 16:33:55,JFTXFC,NA/Fwd NDF SAR SGD,SAR SGD,Spot,Forward price of underlying instrument,CASH,Cash,SAR,SGD,EUR,,,,,,,,,
1,Foreign_Exchange,Forward,NDF,UPI,QZBDKJFWQD6R,New,,2024-01-28 16:33:55,JFTXFC,NA/Fwd NDF SAR SEK,SAR SEK,Spot,Forward price of underlying instrument,CASH,Cash,SAR,SEK,USD,,,,,,,,,
1,Foreign_Exchange,Forward,NDF,UPI,QZP981F7XZXB,New,,2024-01-28 16:33:56,JFTXFC,NA/Fwd NDF SAR SGD,SAR SGD,Spot,Forward price of underlying instrument,CASH,Cash,SAR,SGD,SGD,,,,,,,,,
1,Foreign_Exchange,Forward,NDF,UPI,QZK8B4V8CCKX,New,,2024-01-28 16:33:56,JFTXFC,NA/Fwd NDF SAR SGD,SAR SGD,Spot,Forward price of underlying instrument,CASH,Cash,SAR,SGD,JPY,,,,,,,,,
1,Foreign_Exchange,Forward,NDF,UPI,QZS2HVT0F9WC,New,,2024-01-28 16:33:56,JFTXFC,NA/Fwd NDF SAR SGD,SAR SGD,Spot,Forward price of underlying instrument,CASH,Cash,SAR,SGD,USD,,,,,,,,,
1,Foreign_Exchange,Forward,NDF,UPI,QZ85GH070CTZ,New,,2024-01-28 16:33:57,JFTXFC,NA/Fwd NDF SAR THB,SAR THB,Spot,Forward price of underlying instrument,CASH,Cash,SAR,THB,EUR,,,,,,,,,
1,Foreign_Exchange,Forward,NDF,UPI,QZ3JZG0Z26TG,New,,2024-01-28 16:33:57,JFTXFC,NA/Fwd NDF SAR THB,SAR THB,Spot,Forward price of underlying instrument,CASH,Cash,SAR,THB,JPY,,,,,,,,,
1,Foreign_Exchange,Forward,NDF,UPI,QZDGG4FPT6V4,New,,2024-01-28 16:33:58,JFTXFC,NA/Fwd NDF SAR THB,SAR THB,Spot,Forward price of underlying instrument,CASH,Cash,SAR,THB,THB,,,,,,,,,
1,Foreign_Exchange,Forward,NDF,UPI,QZZLT7TSH6JZ,New,,2024-01-28 16:33:58,JFTXFC,NA/Fwd NDF SAR THB,SAR THB,Spot,Forward price of underlying instrument,CASH,Cash,SAR,THB,SAR,,,,,,,,,
1,Foreign_Exchange,Forward,NDF,UPI,QZ1SW24ZZ53Q,New,,2024-01-28 16:33:59,JFTXFC,NA/Fwd NDF SAR THB,SAR THB,Spot,Forward price of underlying instrument,CASH,Cash,SAR,THB,USD,,,,,,,,,
1,Foreign_Exchange,Forward,NDF,UPI,QZ0HWHNG6LB8,New,,2024-01-28 16:33:59,JFTXFC,NA/Fwd NDF SAR TWD,SAR TWD,Spot,Forward price of underlying instrument,CASH,Cash,SAR,TWD,TWD,,,,,,,,,
1,Foreign_Exchange,Forward,NDF,UPI,QZN4RCDFG3VX,New,,2024-01-28 16:33:59,JFTXFC,NA/Fwd NDF SAR USD,SAR USD,Spot,Forward price of underlying instrument,CASH,Cash,SAR,USD,EUR,,,,,,,,,
1,Foreign_Exchange,Forward,NDF,UPI,QZV08D0MNWJM,New,,2024-01-28 16:34:00,JFTXFC,NA/Fwd NDF SAR VND,SAR VND,Spot,Forward price of underlying instrument,CASH,Cash,SAR,VND,SAR,,,,,,,,,
1,Foreign_Exchange,Forward,NDF,UPI,QZM7FHDGSVQ9,New,,2024-01-28 16:34:00,JFTXFC,NA/Fwd NDF SAR USD,SAR USD,Spot,Forward price of underlying instrument,CASH,Cash,SAR,USD,JPY,,,,,,,,,
1,Foreign_Exchange,Forward,NDF,UPI,QZHWHZRXL4D6,New,,2024-01-28 16:34:01,JFTXFC,NA/Fwd NDF SAR VND,SAR VND,Spot,Forward price of underlying instrument,CASH,Cash,SAR,VND,VND,,,,,,,,,
1,Foreign_Exchange,Forward,NDF,UPI,QZN40CLVXN1Z,New,,2024-01-28 16:34:01,JFTXFC,NA/Fwd NDF SEK SGD,SEK SGD,Spot,Forward price of underlying instrument,CASH,Cash,SEK,SGD,EUR,,,,,,,,,
1,Foreign_Exchange,Forward,NDF,UPI,QZSNK860RX0L,New,,2024-01-28 16:34:02,JFTXFC,NA/Fwd NDF SEK THB,SEK THB,Spot,Forward price of underlying instrument,CASH,Cash,SEK,THB,EUR,,,,,,,,,
1,Foreign_Exchange,Forward,NDF,UPI,QZG864994G6H,New,,2024-01-28 16:34:02,JFTXFC,NA/Fwd NDF SEK SGD,SEK SGD,Spot,Forward price of underlying instrument,CASH,Cash,SEK,SGD,USD,,,,,,,,,
1,Foreign_Exchange,Forward,NDF,UPI,QZBFG981F41G,New,,2024-01-28 16:34:02,JFTXFC,NA/Fwd NDF SEK SGD,SEK SGD,Spot,Forward price of underlying instrument,CASH,Cash,SEK,SGD,JPY,,,,,,,,,
1,Foreign_Exchange,Forward,NDF,UPI,QZHGNN4RQRJK,New,,2024-01-28 16:34:03,JFTXFC,NA/Fwd NDF SEK THB,SEK THB,Spot,Forward price of underlying instrument,CASH,Cash,SEK,THB,USD,,,,,,,,,
1,Foreign_Exchange,Forward,NDF,UPI,QZ6NJ14ZPQB2,New,,2024-01-28 16:34:03,JFTXFC,NA/Fwd NDF SEK THB,SEK THB,Spot,Forward price of underlying instrument,CASH,Cash,SEK,THB,JPY,,,,,,,,,
1,Foreign_Exchange,Forward,NDF,UPI,QZT6Q62LCM7M,New,,2024-01-28 16:34:04,JFTXFC,NA/Fwd NDF SEK TRY,SEK TRY,Spot,Forward price of underlying instrument,CASH,Cash,SEK,TRY,USD,,,,,,,,,
1,Foreign_Exchange,Forward,NDF,UPI,QZHMTCDLRHKM,New,,2024-01-28 16:34:04,JFTXFC,NA/Fwd NDF SEK TRY,SEK TRY,Spot,Forward price of underlying instrument,CASH,Cash,SEK,TRY,EUR,,,,,,,,,
1,Foreign_Exchange,Forward,NDF,UPI,QZ4FBNN523TG,New,,2024-01-28 16:34:04,JFTXFC,NA/Fwd NDF SEK TRY,SEK TRY,Spot,Forward price of underlying instrument,CASH,Cash,SEK,TRY,JPY,,,,,,,,,
1,Foreign_Exchange,Forward,NDF,UPI,QZL6D8601NB7,New,,2024-01-28 16:34:05,JFTXFC,NA/Fwd NDF SEK TWD,SEK TWD,Spot,Forward price of underlying instrument,CASH,Cash,SEK,TWD,JPY,,,,,,,,,
1,Foreign_Exchange,Forward,NDF,UPI,QZ0TCCFLXPH4,New,,2024-01-28 16:34:05,JFTXFC,NA/Fwd NDF SEK TWD,SEK TWD,Spot,Forward price of underlying instrument,CASH,Cash,SEK,TWD,EUR,,,,,,,,,
1,Foreign_Exchange,Forward,NDF,UPI,QZHPMD55LLNW,New,,2024-01-28 16:34:06,JFTXFC,NA/Fwd NDF SEK UGX,SEK UGX,Spot,Forward price of underlying instrument,CASH,Cash,SEK,UGX,SEK,,,,,,,,,
1,Foreign_Exchange,Forward,NDF,UPI,QZ5QJ0JB1MP4,New,,2024-01-28 16:34:06,JFTXFC,NA/Fwd NDF SEK UAH,SEK UAH,Spot,Forward price of underlying instrument,CASH,Cash,SEK,UAH,UAH,,,,,,,,,
1,Foreign_Exchange,Forward,NDF,UPI,QZ7QG773ZB0H,New,,2024-01-28 16:34:07,JFTXFC,NA/Fwd NDF SEK UGX,SEK UGX,Spot,Forward price of underlying instrument,CASH,Cash,SEK,UGX,UGX,,,,,,,,,
1,Foreign_Exchange,Forward,NDF,UPI,QZST3G063P6T,New,,2024-01-28 16:34:07,JFTXFC,NA/Fwd NDF SEK USD,SEK USD,Spot,Forward price of underlying instrument,CASH,Cash,SEK,USD,EUR,,,,,,,,,
1,Foreign_Exchange,Forward,NDF,UPI,QZJZ7TH9NNGV,New,,2024-01-28 16:34:07,JFTXFC,NA/Fwd NDF SEK USD,SEK USD,Spot,Forward price of underlying instrument,CASH,Cash,SEK,USD,JPY,,,,,,,,,
1,Foreign_Exchange,Forward,NDF,UPI,QZXH665JJH2H,New,,2024-01-28 16:34:08,JFTXFC,NA/Fwd NDF SEK VND,SEK VND,Spot,Forward price of underlying instrument,CASH,Cash,SEK,VND,JPY,,,,,,,,,
1,Foreign_Exchange,Forward,NDF,UPI,QZQZ8K56FRFD,New,,2024-01-28 16:34:08,JFTXFC,NA/Fwd NDF SEK VND,SEK VND,Spot,Forward price of underlying instrument,CASH,Cash,SEK,VND,EUR,,,,,,,,,
1,Foreign_Exchange,Forward,NDF,UPI,QZXXP13V5X14,New,,2024-01-28 16:34:09,JFTXFC,NA/Fwd NDF SEK VND,SEK VND,Spot,Forward price of underlying instrument,CASH,Cash,SEK,VND,SEK,,,,,,,,,
1,Foreign_Exchange,Forward,NDF,UPI,QZC61M7JH3M7,New,,2024-01-28 16:34:09,JFTXFC,NA/Fwd NDF SEK VND,SEK VND,Spot,Forward price of underlying instrument,CASH,Cash,SEK,VND,USD,,,,,,,,,
1,Foreign_Exchange,Forward,NDF,UPI,QZQ1WCDRRWP6,New,,2024-01-28 16:34:10,JFTXFC,NA/Fwd NDF SEK VND,SEK VND,Spot,Forward price of underlying instrument,CASH,Cash,SEK,VND,VND,,,,,,,,,
1,Foreign_Exchange,Forward,NDF,UPI,QZH497FGD1KF,New,,2024-01-28 16:34:10,JFTXFC,NA/Fwd NDF SEK ZAR,SEK ZAR,Spot,Forward price of underlying instrument,CASH,Cash,SEK,ZAR,EUR,,,,,,,,,
1,Foreign_Exchange,Forward,NDF,UPI,QZ7Z6NQC2MDB,New,,2024-01-28 16:34:10,JFTXFC,NA/Fwd NDF SEK ZAR,SEK ZAR,Spot,Forward price of underlying instrument,CASH,Cash,SEK,ZAR,JPY,,,,,,,,,
1,Foreign_Exchange,Forward,NDF,UPI,QZX546HWKFJD,New,,2024-01-28 16:34:11,JFTXFC,NA/Fwd NDF SEK ZAR,SEK ZAR,Spot,Forward price of underlying instrument,CASH,Cash,SEK,ZAR,ZAR,,,,,,,,,
1,Foreign_Exchange,Forward,NDF,UPI,QZ8XS5PP1XSX,New,,2024-01-28 16:34:11,JFTXFC,NA/Fwd NDF SEK ZAR,SEK ZAR,Spot,Forward price of underlying instrument,CASH,Cash,SEK,ZAR,USD,,,,,,,,,
1,Foreign_Exchange,Forward,NDF,UPI,QZB2K68386NQ,New,,2024-01-28 16:34:12,JFTXFC,NA/Fwd NDF SGD TWD,SGD TWD,Spot,Forward price of underlying instrument,CASH,Cash,SGD,TWD,EUR,,,,,,,,,
1,Foreign_Exchange,Forward,NDF,UPI,QZRQPDX9W9HW,New,,2024-01-28 16:34:12,JFTXFC,NA/Fwd NDF SGD THB,SGD THB,Spot,Forward price of underlying instrument,CASH,Cash,SGD,THB,EUR,,,,,,,,,
1,Foreign_Exchange,Forward,NDF,UPI,QZ4CC49ZM2BG,New,,2024-01-28 16:34:12,JFTXFC,NA/Fwd NDF SGD THB,SGD THB,Spot,Forward price of underlying instrument,CASH,Cash,SGD,THB,JPY,,,,,,,,,
1,Foreign_Exchange,Forward,NDF,UPI,QZ85W6CBDTBT,New,,2024-01-28 16:34:13,JFTXFC,NA/Fwd NDF SGD TWD,SGD TWD,Spot,Forward price of underlying instrument,CASH,Cash,SGD,TWD,JPY,,,,,,,,,
1,Foreign_Exchange,Forward,NDF,UPI,QZD7ND8ZK7HM,New,,2024-01-28 16:34:13,JFTXFC,NA/Fwd NDF SGD UAH,SGD UAH,Spot,Forward price of underlying instrument,CASH,Cash,SGD,UAH,SGD,,,,,,,,,
1,Foreign_Exchange,Forward,NDF,UPI,QZBS9D38GBD6,New,,2024-01-28 16:34:14,JFTXFC,NA/Fwd NDF SGD UAH,SGD UAH,Spot,Forward price of underlying instrument,CASH,Cash,SGD,UAH,UAH,,,,,,,,,
1,Foreign_Exchange,Forward,NDF,UPI,QZ824T1C6FDK,New,,2024-01-28 16:34:14,JFTXFC,NA/Fwd NDF SGD USD,SGD USD,Spot,Forward price of underlying instrument,CASH,Cash,SGD,USD,EUR,,,,,,,,,
1,Foreign_Exchange,Forward,NDF,UPI,QZ87BKK1N1X5,New,,2024-01-28 16:34:15,JFTXFC,NA/Fwd NDF SGD VEF,SGD VEF,Spot,Forward price of underlying instrument,CASH,Cash,SGD,VEF,EUR,,,,,,,,,
1,Foreign_Exchange,Forward,NDF,UPI,QZ9SML4BCQ29,New,,2024-01-28 16:34:15,JFTXFC,NA/Fwd NDF SGD VEF,SGD VEF,Spot,Forward price of underlying instrument,CASH,Cash,SGD,VEF,JPY,,,,,,,,,
1,Foreign_Exchange,Forward,NDF,UPI,QZCD380PV8R1,New,,2024-01-28 16:34:15,JFTXFC,NA/Fwd NDF SGD USD,SGD USD,Spot,Forward price of underlying instrument,CASH,Cash,SGD,USD,JPY,,,,,,,,,
1,Foreign_Exchange,Forward,NDF,UPI,QZR61GSB9F93,New,,2024-01-28 16:34:16,JFTXFC,NA/Fwd NDF SGD VEF,SGD VEF,Spot,Forward price of underlying instrument,CASH,Cash,SGD,VEF,SGD,,,,,,,,,
1,Foreign_Exchange,Forward,NDF,UPI,QZVJL77GN4R0,New,,2024-01-28 16:34:16,JFTXFC,NA/Fwd NDF SGD VEF,SGD VEF,Spot,Forward price of underlying instrument,CASH,Cash,SGD,VEF,USD,,,,,,,,,
1,Foreign_Exchange,Forward,NDF,UPI,QZ4R38TBMBVW,New,,2024-01-28 16:34:17,JFTXFC,NA/Fwd NDF SGD VEF,SGD VEF,Spot,Forward price of underlying instrument,CASH,Cash,SGD,VEF,VEF,,,,,,,,,
1,Foreign_Exchange,Forward,NDF,UPI,QZRF91FJVMSF,New,,2024-01-28 16:34:17,JFTXFC,NA/Fwd NDF SGD VND,SGD VND,Spot,Forward price of underlying instrument,CASH,Cash,SGD,VND,EUR,,,,,,,,,
1,Foreign_Exchange,Forward,NDF,UPI,QZH4KKQHRQ35,New,,2024-01-28 16:34:17,JFTXFC,NA/Fwd NDF SGD VND,SGD VND,Spot,Forward price of underlying instrument,CASH,Cash,SGD,VND,JPY,,,,,,,,,
1,Foreign_Exchange,Forward,NDF,UPI,QZ76H3FJD1RQ,New,,2024-01-28 16:34:18,JFTXFC,NA/Fwd NDF SGD ZAR,SGD ZAR,Spot,Forward price of underlying instrument,CASH,Cash,SGD,ZAR,JPY,,,,,,,,,
1,Foreign_Exchange,Forward,NDF,UPI,QZS7VK7PD7S2,New,,2024-01-28 16:34:18,JFTXFC,NA/Fwd NDF SGD ZAR,SGD ZAR,Spot,Forward price of underlying instrument,CASH,Cash,SGD,ZAR,EUR,,,,,,,,,
1,Foreign_Exchange,Forward,NDF,UPI,QZSRL9420SL4,New,,2024-01-28 16:34:19,JFTXFC,NA/Fwd NDF THB TRY,THB TRY,Spot,Forward price of underlying instrument,CASH,Cash,THB,TRY,EUR,,,,,,,,,
1,Foreign_Exchange,Forward,NDF,UPI,QZM0SLRX50V3,New,,2024-01-28 16:34:19,JFTXFC,NA/Fwd NDF SGD ZAR,SGD ZAR,Spot,Forward price of underlying instrument,CASH,Cash,SGD,ZAR,USD,,,,,,,,,
1,Foreign_Exchange,Forward,NDF,UPI,QZVP091T74S7,New,,2024-01-28 16:34:20,JFTXFC,NA/Fwd NDF THB TRY,THB TRY,Spot,Forward price of underlying instrument,CASH,Cash,THB,TRY,JPY,,,,,,,,,
1,Foreign_Exchange,Forward,NDF,UPI,QZ1TGZQZ4G18,New,,2024-01-28 16:34:20,JFTXFC,NA/Fwd NDF THB TRY,THB TRY,Spot,Forward price of underlying instrument,CASH,Cash,THB,TRY,TRY,,,,,,,,,
1,Foreign_Exchange,Forward,NDF,UPI,QZ5RK8Z6J9GK,New,,2024-01-28 16:34:20,JFTXFC,NA/Fwd NDF THB TRY,THB TRY,Spot,Forward price of underlying instrument,CASH,Cash,THB,TRY,THB,,,,,,,,,
1,Foreign_Exchange,Forward,NDF,UPI,QZMM1ZQL0KJ2,New,,2024-01-28 16:34:21,JFTXFC,NA/Fwd NDF THB USD,THB USD,Spot,Forward price of underlying instrument,CASH,Cash,THB,USD,EUR,,,,,,,,,
1,Foreign_Exchange,Forward,NDF,UPI,QZRZ1DK2B2XS,New,,2024-01-28 16:34:21,JFTXFC,NA/Fwd NDF THB TRY,THB TRY,Spot,Forward price of underlying instrument,CASH,Cash,THB,TRY,USD,,,,,,,,,
1,Foreign_Exchange,Forward,NDF,UPI,QZNR20RSDSK5,New,,2024-01-28 16:34:22,JFTXFC,NA/Fwd NDF THB USD,THB USD,Spot,Forward price of underlying instrument,CASH,Cash,THB,USD,JPY,,,,,,,,,
1,Foreign_Exchange,Forward,NDF,UPI,QZ3BWW47L7SN,New,,2024-01-28 16:34:22,JFTXFC,NA/Fwd NDF THB ZAR,THB ZAR,Spot,Forward price of underlying instrument,CASH,Cash,THB,ZAR,EUR,,,,,,,,,
1,Foreign_Exchange,Forward,NDF,UPI,QZCXV0WW2XR9,New,,2024-01-28 16:34:22,JFTXFC,NA/Fwd NDF THB VND,THB VND,Spot,Forward price of underlying instrument,CASH,Cash,THB,VND,VND,,,,,,,,,
1,Foreign_Exchange,Forward,NDF,UPI,QZC6BH0935PK,New,,2024-01-28 16:34:23,JFTXFC,NA/Fwd NDF THB ZAR,THB ZAR,Spot,Forward price of underlying instrument,CASH,Cash,THB,ZAR,JPY,,,,,,,,,
1,Foreign_Exchange,Forward,NDF,UPI,QZ80BP1V5LFS,New,,2024-01-28 16:34:23,JFTXFC,NA/Fwd NDF THB ZAR,THB ZAR,Spot,Forward price of underlying instrument,CASH,Cash,THB,ZAR,THB,,,,,,,,,
1,Foreign_Exchange,Forward,NDF,UPI,QZGMDC7Q98ZZ,New,,2024-01-28 16:34:24,JFTXFC,NA/Fwd NDF THB ZAR,THB ZAR,Spot,Forward price of underlying instrument,CASH,Cash,THB,ZAR,USD,,,,,,,,,
1,Foreign_Exchange,Forward,NDF,UPI,QZ7NKC5RT6BM,New,,2024-01-28 16:34:24,JFTXFC,NA/Fwd NDF THB ZAR,THB ZAR,Spot,Forward price of underlying instrument,CASH,Cash,THB,ZAR,ZAR,,,,,,,,,
1,Foreign_Exchange,Forward,NDF,UPI,QZKFDRB0LKBC,New,,2024-01-28 16:34:25,JFTXFC,NA/Fwd NDF TND USD,TND USD,Spot,Forward price of underlying instrument,CASH,Cash,TND,USD,EUR,,,,,,,,,
1,Foreign_Exchange,Forward,NDF,UPI,QZC09LTPPWMB,New,,2024-01-28 16:34:25,JFTXFC,NA/Fwd NDF TND USD,TND USD,Spot,Forward price of underlying instrument,CASH,Cash,TND,USD,JPY,,,,,,,,,
1,Foreign_Exchange,Forward,NDF,UPI,QZBQ6HK2X84Z,New,,2024-01-28 16:34:25,JFTXFC,NA/Fwd NDF TRY TWD,TRY TWD,Spot,Forward price of underlying instrument,CASH,Cash,TRY,TWD,TRY,,,,,,,,,
1,Foreign_Exchange,Forward,NDF,UPI,QZ9ZQNB3NTHV,New,,2024-01-28 16:34:26,JFTXFC,NA/Fwd NDF TRY TWD,TRY TWD,Spot,Forward price of underlying instrument,CASH,Cash,TRY,TWD,TWD,,,,,,,,,
1,Foreign_Exchange,Forward,NDF,UPI,QZG4CLS6KLP0,New,,2024-01-28 16:34:26,JFTXFC,NA/Fwd NDF TRY USD,TRY USD,Spot,Forward price of underlying instrument,CASH,Cash,TRY,USD,EUR,,,,,,,,,
1,Foreign_Exchange,Forward,NDF,UPI,QZ1F89P39PZH,New,,2024-01-28 16:34:27,JFTXFC,NA/Fwd NDF TRY ZAR,TRY ZAR,Spot,Forward price of underlying instrument,CASH,Cash,TRY,ZAR,EUR,,,,,,,,,
1,Foreign_Exchange,Forward,NDF,UPI,QZJH9F9SD2KB,New,,2024-01-28 16:34:27,JFTXFC,NA/Fwd NDF TRY ZAR,TRY ZAR,Spot,Forward price of underlying instrument,CASH,Cash,TRY,ZAR,JPY,,,,,,,,,
1,Foreign_Exchange,Forward,NDF,UPI,QZD37S8RSTLT,New,,2024-01-28 16:34:27,JFTXFC,NA/Fwd NDF TRY USD,TRY USD,Spot,Forward price of underlying instrument,CASH,Cash,TRY,USD,JPY,,,,,,,,,
1,Foreign_Exchange,Forward,NDF,UPI,QZM9GVTCJ5ZT,New,,2024-01-28 16:34:28,JFTXFC,NA/Fwd NDF TWD UGX,TWD UGX,Spot,Forward price of underlying instrument,CASH,Cash,TWD,UGX,UGX,,,,,,,,,
1,Foreign_Exchange,Forward,NDF,UPI,QZVQZNH93XKB,New,,2024-01-28 16:34:28,JFTXFC,NA/Fwd NDF TWD UGX,TWD UGX,Spot,Forward price of underlying instrument,CASH,Cash,TWD,UGX,TWD,,,,,,,,,
1,Foreign_Exchange,Forward,NDF,UPI,QZ8KSLV94X4N,New,,2024-01-28 16:34:29,JFTXFC,NA/Fwd NDF TWD VND,TWD VND,Spot,Forward price of underlying instrument,CASH,Cash,TWD,VND,VND,,,,,,,,,
1,Foreign_Exchange,Forward,NDF,UPI,QZG7QRBRS6XM,New,,2024-01-28 16:34:29,JFTXFC,NA/Fwd NDF TWD VND,TWD VND,Spot,Forward price of underlying instrument,CASH,Cash,TWD,VND,TWD,,,,,,,,,
1,Foreign_Exchange,Forward,NDF,UPI,QZQK18HN7S43,New,,2024-01-28 16:34:30,JFTXFC,NA/Fwd NDF UGX USD,UGX USD,Spot,Forward price of underlying instrument,CASH,Cash,UGX,USD,EUR,,,,,,,,,
1,Foreign_Exchange,Forward,NDF,UPI,QZ6WC7VNJZV3,New,,2024-01-28 16:34:30,JFTXFC,NA/Fwd NDF TZS USD,TZS USD,Spot,Forward price of underlying instrument,CASH,Cash,TZS,USD,JPY,,,,,,,,,
1,Foreign_Exchange,Forward,NDF,UPI,QZLLGSBNP6JV,New,,2024-01-28 16:34:30,JFTXFC,NA/Fwd NDF TZS USD,TZS USD,Spot,Forward price of underlying instrument,CASH,Cash,TZS,USD,EUR,,,,,,,,,
1,Foreign_Exchange,Forward,NDF,UPI,QZHJSTJ8MBB0,New,,2024-01-28 16:34:31,JFTXFC,NA/Fwd NDF USD VEF,USD VEF,Spot,Forward price of underlying instrument,CASH,Cash,USD,VEF,EUR,,,,,,,,,
1,Foreign_Exchange,Forward,NDF,UPI,QZQQHK4MRNPV,New,,2024-01-28 16:34:31,JFTXFC,NA/Fwd NDF UGX USD,UGX USD,Spot,Forward price of underlying instrument,CASH,Cash,UGX,USD,JPY,,,,,,,,,
1,Foreign_Exchange,Forward,NDF,UPI,QZSZGTH41Z3L,New,,2024-01-28 16:34:32,JFTXFC,NA/Fwd NDF USD VEF,USD VEF,Spot,Forward price of underlying instrument,CASH,Cash,USD,VEF,VEF,,,,,,,,,
1,Foreign_Exchange,Forward,NDF,UPI,QZQW3LWRGR21,New,,2024-01-28 16:34:32,JFTXFC,NA/Fwd NDF USD VEF,USD VEF,Spot,Forward price of underlying instrument,CASH,Cash,USD,VEF,JPY,,,,,,,,,
1,Foreign_Exchange,Forward,NDF,UPI,QZT3LM0082QW,New,,2024-01-28 16:34:32,JFTXFC,NA/Fwd NDF USD VND,USD VND,Spot,Forward price of underlying instrument,CASH,Cash,USD,VND,EUR,,,,,,,,,
1,Foreign_Exchange,Forward,NDF,UPI,QZSP8C8KGPLB,New,,2024-01-28 16:34:33,JFTXFC,NA/Fwd NDF USD VND,USD VND,Spot,Forward price of underlying instrument,CASH,Cash,USD,VND,JPY,,,,,,,,,
1,Foreign_Exchange,Forward,NDF,UPI,QZB6G6CDSFX3,New,,2024-01-28 16:34:33,JFTXFC,NA/Fwd NDF USD XAF,USD XAF,Spot,Forward price of underlying instrument,CASH,Cash,USD,XAF,EUR,,,,,,,,,
1,Foreign_Exchange,Forward,NDF,UPI,QZWK6SGBHT7Z,New,,2024-01-28 16:34:34,JFTXFC,NA/Fwd NDF USD XOF,USD XOF,Spot,Forward price of underlying instrument,CASH,Cash,USD,XOF,JPY,,,,,,,,,
1,Foreign_Exchange,Forward,NDF,UPI,QZ13CDDKRH9Q,New,,2024-01-28 16:34:34,JFTXFC,NA/Fwd NDF USD XOF,USD XOF,Spot,Forward price of underlying instrument,CASH,Cash,USD,XOF,EUR,,,,,,,,,
1,Foreign_Exchange,Forward,NDF,UPI,QZ0NTK5LZXL2,New,,2024-01-28 16:34:34,JFTXFC,NA/Fwd NDF USD XAF,USD XAF,Spot,Forward price of underlying instrument,CASH,Cash,USD,XAF,JPY,,,,,,,,,
1,Foreign_Exchange,Forward,NDF,UPI,QZ7HXBXXR6VH,New,,2024-01-28 16:34:35,JFTXFC,NA/Fwd NDF USD ZAR,USD ZAR,Spot,Forward price of underlying instrument,CASH,Cash,USD,ZAR,JPY,,,,,,,,,
1,Foreign_Exchange,Forward,NDF,UPI,QZH01L7L0KMX,New,,2024-01-28 16:34:35,JFTXFC,NA/Fwd NDF USD ZAR,USD ZAR,Spot,Forward price of underlying instrument,CASH,Cash,USD,ZAR,EUR,,,,,,,,,
1,Foreign_Exchange,Forward,NDF,UPI,QZ0M7FVPZB8W,New,,2024-01-28 16:34:36,JFTXFC,NA/Fwd NDF VND ZAR,VND ZAR,Spot,Forward price of underlying instrument,CASH,Cash,VND,ZAR,VND,,,,,,,,,
1,Foreign_Exchange,Forward,NDF,UPI,QZ74959TRLQ6,New,,2024-01-28 16:34:36,JFTXFC,NA/Fwd NDF VND ZAR,VND ZAR,Spot,Forward price of underlying instrument,CASH,Cash,VND,ZAR,ZAR,,,,,,,,,
1,Foreign_Exchange,Forward,NDF,UPI,QZLV0WPQFWTT,New,,2024-01-28 18:34:08,JFTXFC,NA/Fwd NDF DJF EGP,DJF EGP,Spot,Forward price of underlying instrument,CASH,Cash,DJF,EGP,EGP,,,,,,,,,
1,Foreign_Exchange,Forward,NDF,UPI,QZJQVR3P57TF,New,,2024-01-28 19:45:32,JFTXFC,NA/Fwd NDF AOA EGP,AOA EGP,Spot,Forward price of underlying instrument,CASH,Cash,AOA,EGP,EGP,,,,,,,,,
1,Foreign_Exchange,Forward,NDF,UPI,QZN6LKL984ZQ,New,,2024-02-11 18:47:04,JFTXFC,NA/Fwd NDF EGP INR,EGP INR,Spot,Forward price of underlying instrument,CASH,Cash,EGP,INR,EGP,,,,,,,,,
1,Foreign_Exchange,Forward,NDF,UPI,QZQFQ54Z4NT1,New,,2024-02-11 18:57:12,JFTXFC,NA/Fwd NDF EGP VND,EGP VND,Spot,Forward price of underlying instrument,CASH,Cash,EGP,VND,EGP,,,,,,,,,
1,Foreign_Exchange,Forward,NDF,UPI,QZV7PNSH06RD,New,,2024-02-15 16:24:34,JFTXFC,NA/Fwd NDF PHP USD,PHP USD,Spot,Forward price of underlying instrument,CASH,Cash,PHP,USD,SGD,,,,,,,,,
1,Foreign_Exchange,Forward,NDF,UPI,QZ396GVC15RR,New,,2024-02-19 10:27:15,JFTXFC,NA/Fwd NDF MXN UAH,MXN UAH,Spot,Forward price of underlying instrument,CASH,Cash,MXN,UAH,USD,,,,,,,,,
1,Foreign_Exchange,Forward,NDF,UPI,QZ3NF0LJ9CTZ,New,,2024-02-21 13:48:45,JFTXFC,NA/Fwd NDF GBP KZT,GBP KZT,Spot,Forward price of underlying instrument,CASH,Cash,GBP,KZT,EUR,,,,,,,,,
1,Foreign_Exchange,Forward,NDF,UPI,QZ8BMHKC711M,New,,2024-02-21 13:49:55,JFTXFC,NA/Fwd NDF USD ZMW,USD ZMW,Spot,Forward price of underlying instrument,CASH,Cash,USD,ZMW,EUR,,,,,,,,,
1,Foreign_Exchange,Forward,NDF,UPI,QZV0G29N2W43,New,,2024-02-22 08:46:32,JFTXFC,NA/Fwd NDF BOB EUR,BOB EUR,Spot,Forward price of underlying instrument,CASH,Cash,BOB,EUR,EUR,,,,,,,,,
1,Foreign_Exchange,Forward,NDF,UPI,QZB5VXKQJHR0,New,,2024-02-23 14:18:53,JFTXFC,NA/Fwd NDF BWP ZAR,BWP ZAR,Spot,Forward price of underlying instrument,CASH,Cash,BWP,ZAR,USD,,,,,,,,,
1,Foreign_Exchange,Forward,NDF,UPI,QZFPKQ15CHTT,New,,2024-02-25 18:40:16,JFTXFC,NA/Fwd NDF EGP STD,EGP STD,Spot,Forward price of underlying instrument,CASH,Cash,EGP,STD,EGP,,,,,,,,,
1,Foreign_Exchange,Forward,NDF,UPI,QZW2RDZ82LP9,New,,2024-02-25 18:56:27,JFTXFC,NA/Fwd NDF BOB EUR,BOB EUR,Spot,Forward price of underlying instrument,CASH,Cash,BOB,EUR,BOB,,,,,,,,,
1,Foreign_Exchange,Forward,NDF,UPI,QZS8XH04LKR1,New,,2024-02-29 22:25:57,JFTXFC,NA/Fwd NDF SEK USD,SEK USD,Spot,Forward price of underlying instrument,CASH,Cash,SEK,USD,GBP,,,,,,,,,
1,Foreign_Exchange,Forward,NDF,UPI,QZPRW7XZ59MP,New,,2024-03-03 18:39:01,JFTXFC,NA/Fwd NDF EGP MUR,EGP MUR,Spot,Forward price of underlying instrument,CASH,Cash,EGP,MUR,EGP,,,,,,,,,
1,Foreign_Exchange,Forward,NDF,UPI,QZ0MG9NJXHTX,New,,2024-03-04 10:02:08,JFTXFC,NA/Fwd NDF TRY XPT,TRY XPT,Spot,Forward price of underlying instrument,CASH,Cash,TRY,XPT,XPT,,,,,,,,,
1,Foreign_Exchange,Forward,NDF,UPI,QZLTQC3NW68H,New,,2024-03-11 13:03:37,JFTXFC,NA/Fwd NDF EUR TJS,EUR TJS,Spot,Forward price of underlying instrument,CASH,Cash,EUR,TJS,EUR,,,,,,,,,
1,Foreign_Exchange,Forward,NDF,UPI,QZ7T6RBTBDCZ,New,,2024-03-13 10:57:15,JFTXFC,NA/Fwd NDF EUR USD,EUR USD,Spot,Forward price of underlying instrument,CASH,Cash,EUR,USD,IDR,,,,,,,,,
1,Foreign_Exchange,Forward,NDF,UPI,QZCCRV9W5X15,New,,2024-03-14 16:20:17,JFTXFC,NA/Fwd NDF CNY ILS,CNY ILS,Spot,Forward price of underlying instrument,CASH,Cash,CNY,ILS,USD,,,,,,,,,
1,Foreign_Exchange,Forward,NDF,UPI,QZLDBF9MMJGQ,New,,2024-03-15 15:06:03,JFTXFC,NA/Fwd NDF CLP EGP,CLP EGP,Spot,Forward price of underlying instrument,CASH,Cash,CLP,EGP,EGP,,,,,,,,,
1,Foreign_Exchange,Forward,NDF,UPI,QZ8NSZPKQ85T,New,,2024-03-20 11:35:59,JFTXFC,NA/Fwd NDF EGP LAK,EGP LAK,Spot,Forward price of underlying instrument,CASH,Cash,EGP,LAK,EGP,,,,,,,,,
1,Foreign_Exchange,Forward,NDF,UPI,QZSC25WJKH49,New,,2024-03-25 18:15:59,JFTXFC,NA/Fwd NDF GBP UZS,GBP UZS,Spot,Forward price of underlying instrument,CASH,Cash,GBP,UZS,GBP,,,,,,,,,
1,Foreign_Exchange,Forward,NDF,UPI,QZFPG7RKGJJH,New,,2024-03-26 07:35:49,JFTXFC,NA/Fwd NDF EGP PHP,EGP PHP,Spot,Forward price of underlying instrument,CASH,Cash,EGP,PHP,EGP,,,,,,,,,
1,Foreign_Exchange,Forward,NDF,UPI,QZGNT6Q8FKF6,New,,2024-03-26 13:02:32,JFTXFC,NA/Fwd NDF BHD OMR,BHD OMR,Spot,Forward price of underlying instrument,CASH,Cash,BHD,OMR,BHD,,,,,,,,,
1,Foreign_Exchange,Forward,NDF,UPI,QZF81TZKJHC7,New,,2024-03-27 01:21:01,JFTXFC,NA/Fwd NDF EGP UGX,EGP UGX,Spot,Forward price of underlying instrument,CASH,Cash,EGP,UGX,EGP,,,,,,,,,
1,Foreign_Exchange,Forward,NDF,UPI,QZ6GS2PCSJ5F,New,,2024-03-28 02:12:43,JFTXFC,NA/Fwd NDF AUD IDR,AUD IDR,Spot,Forward price of underlying instrument,CASH,Cash,AUD,IDR,CAD,,,,,,,,,
1,Foreign_Exchange,Forward,NDF,UPI,QZHGKN63FDRR,New,,2024-04-03 05:20:50,JFTXFC,NA/Fwd NDF EGP PAB,EGP PAB,Spot,Forward price of underlying instrument,CASH,Cash,EGP,PAB,EGP,,,,,,,,,
1,Foreign_Exchange,Forward,NDF,UPI,QZ5FSK3NQ0CW,New,,2024-04-03 10:50:46,JFTXFC,NA/Fwd NDF CRC EGP,CRC EGP,Spot,Forward price of underlying instrument,CASH,Cash,CRC,EGP,EGP,,,,,,,,,
1,Foreign_Exchange,Forward,NDF,UPI,QZPLGVNFRCSQ,New,,2024-04-04 17:35:42,JFTXFC,NA/Fwd NDF BAM USD,BAM USD,Spot,Forward price of underlying instrument,CASH,Cash,BAM,USD,BAM,,,,,,,,,
1,Foreign_Exchange,Forward,NDF,UPI,QZKL2TLBNVLV,New,,2024-04-05 04:34:06,JFTXFC,NA/Fwd NDF THB VND,THB VND,Spot,Forward price of underlying instrument,CASH,Cash,THB,VND,USD,,,,,,,,,
1,Foreign_Exchange,Forward,NDF,UPI,QZJWD7V0M2R0,New,,2024-04-05 20:05:43,JFTXFC,NA/Fwd NDF CDF EUR,CDF EUR,Spot,Forward price of underlying instrument,CASH,Cash,CDF,EUR,CDF,,,,,,,,,
1,Foreign_Exchange,Forward,NDF,UPI,QZ6D98S2VDB7,New,,2024-04-09 08:57:22,JFTXFC,NA/Fwd NDF USD YER,USD YER,Spot,Forward price of underlying instrument,CASH,Cash,USD,YER,YER,,,,,,,,,
1,Foreign_Exchange,Forward,NDF,UPI,QZ31G98MF98M,New,,2024-04-17 07:51:09,JFTXFC,NA/Fwd NDF EGP MYR,EGP MYR,Spot,Forward price of underlying instrument,CASH,Cash,EGP,MYR,EGP,,,,,,,,,
1,Foreign_Exchange,Forward,NDF,UPI,QZ0F9CPR3PBX,New,,2024-04-18 06:35:58,JFTXFC,NA/Fwd NDF EGP THB,EGP THB,Spot,Forward price of underlying instrument,CASH,Cash,EGP,THB,EGP,,,,,,,,,
1,Foreign_Exchange,Forward,NDF,UPI,QZL0C5R6ZZQ3,New,,2024-04-22 14:25:33,JFTXFC,NA/Fwd NDF CAD EGP,CAD EGP,Spot,Forward price of underlying instrument,CASH,Cash,CAD,EGP,USD,,,,,,,,,
1,Foreign_Exchange,Forward,NDF,UPI,QZWRHLTG3RD3,New,,2024-04-22 15:11:38,JFTXFC,NA/Fwd NDF INR ZAR,INR ZAR,Spot,Forward price of underlying instrument,CASH,Cash,INR,ZAR,USD,,,,,,,,,
1,Foreign_Exchange,Forward,NDF,UPI,QZPVX3J6JTPT,New,,2024-04-26 10:05:57,JFTXFC,NA/Fwd NDF EGP NPR,EGP NPR,Spot,Forward price of underlying instrument,CASH,Cash,EGP,NPR,EGP,,,,,,,,,
1,Foreign_Exchange,Forward,NDF,UPI,QZZM6LSL5DCV,New,,2024-04-26 16:11:27,JFTXFC,NA/Fwd NDF ISK USD,ISK USD,Spot,Forward price of underlying instrument,CASH,Cash,ISK,USD,EUR,,,,,,,,,
1,Foreign_Exchange,Forward,NDF,UPI,QZ46DFWL1J7B,New,,2024-04-26 16:11:58,JFTXFC,NA/Fwd NDF GBP ISK,GBP ISK,Spot,Forward price of underlying instrument,CASH,Cash,GBP,ISK,EUR,,,,,,,,,
1,Foreign_Exchange,Forward,NDF,UPI,QZP1Q10KG1G3,New,,2024-04-26 16:12:43,JFTXFC,NA/Fwd NDF ISK SEK,ISK SEK,Spot,Forward price of underlying instrument,CASH,Cash,ISK,SEK,EUR,,,,,,,,,
1,Foreign_Exchange,Forward,NDF,UPI,QZMS936QD6WR,New,,2024-04-26 18:15:54,JFTXFC,NA/Fwd NDF BRL NGN,BRL NGN,Spot,Forward price of underlying instrument,CASH,Cash,BRL,NGN,USD,,,,,,,,,
1,Foreign_Exchange,Forward,NDF,UPI,QZF92QDM32WB,New,,2024-04-29 03:38:30,JFTXFC,NA/Fwd NDF IDR TWD,IDR TWD,Spot,Forward price of underlying instrument,CASH,Cash,IDR,TWD,USD,,,,,,,,,
1,Foreign_Exchange,Forward,NDF,UPI,QZCTQ9T3XL0V,New,,2024-04-29 07:15:13,JFTXFC,NA/Fwd NDF KRW USD,KRW USD,Spot,Forward price of underlying instrument,CASH,Cash,KRW,USD,TWD,,,,,,,,,
1,Foreign_Exchange,Forward,NDF,UPI,QZH2R3025BPB,New,,2024-04-29 14:13:07,JFTXFC,NA/Fwd NDF BRL SAR,BRL SAR,Spot,Forward price of underlying instrument,CASH,Cash,BRL,SAR,USD,,,,,,,,,
1,Foreign_Exchange,Forward,NDF,UPI,QZSMGDSJ6GGJ,New,,2024-04-30 12:20:45,JFTXFC,NA/Fwd NDF EGP MXN,EGP MXN,Spot,Forward price of underlying instrument,CASH,Cash,EGP,MXN,EGP,,,,,,,,,
1,Foreign_Exchange,Forward,NDF,UPI,QZBQKJC86VPJ,New,,2024-05-01 08:59:50,JFTXFC,NA/Fwd NDF CLP NOK,CLP NOK,Spot,Forward price of underlying instrument,CASH,Cash,CLP,NOK,USD,,,,,,,,,
1,Foreign_Exchange,Forward,NDF,UPI,QZLZPTK0H3NC,New,,2024-05-02 01:20:51,JFTXFC,NA/Fwd NDF EGP JOD,EGP JOD,Spot,Forward price of underlying instrument,CASH,Cash,EGP,JOD,EGP,,,,,,,,,
1,Foreign_Exchange,Forward,NDF,UPI,QZMB07G2K1W6,New,,2024-05-02 12:18:29,JFTXFC,NA/Fwd NDF BIF EGP,BIF EGP,Spot,Forward price of underlying instrument,CASH,Cash,BIF,EGP,EGP,,,,,,,,,
1,Foreign_Exchange,Forward,NDF,UPI,QZ8JPQBH5GK8,New,,2024-05-02 14:59:14,JFTXFC,NA/Fwd NDF PHP USD,PHP USD,Spot,Forward price of underlying instrument,CASH,Cash,PHP,USD,GBP,,,,,,,,,
1,Foreign_Exchange,Forward,NDF,UPI,QZ3SVZJWJC64,New,,2024-05-03 06:16:29,JFTXFC,NA/Fwd NDF KRW TWD,KRW TWD,Spot,Forward price of underlying instrument,CASH,Cash,KRW,TWD,EUR,,,,,,,,,
1,Foreign_Exchange,Forward,NDF,UPI,QZF20RZNN430,New,,2024-05-29 15:05:59,JFTXFC,NA/Fwd NDF AFN USD,AFN USD,Spot,Forward price of underlying instrument,CASH,Cash,AFN,USD,AFN,,,,,,,,,
1,Foreign_Exchange,Forward,NDF,UPI,QZPHFG50G7MG,New,,2024-05-30 00:50:00,JFTXFC,NA/Fwd NDF KRW USD,KRW USD,Spot,Forward price of underlying instrument,CASH,Cash,KRW,USD,THB,,,,,,,,,
1,Foreign_Exchange,Forward,NDF,UPI,QZ7HDGR7R8ZP,New,,2024-05-30 15:43:09,JFTXFC,NA/Fwd NDF CAD ILS,CAD ILS,Spot,Forward price of underlying instrument,CASH,Cash,CAD,ILS,USD,,,,,,,,,
1,Foreign_Exchange,Forward,NDF,UPI,QZPBT7WRZX1Q,New,,2024-05-30 16:14:57,JFTXFC,NA/Fwd NDF BRL UGX,BRL UGX,Spot,Forward price of underlying instrument,CASH,Cash,BRL,UGX,USD,,,,,,,,,
1,Foreign_Exchange,Forward,NDF,UPI,QZJP6GSL3288,New,,2024-06-05 07:24:21,JFTXFC,NA/Fwd NDF AUD IDR,AUD IDR,Spot,Forward price of underlying instrument,CASH,Cash,AUD,IDR,SGD,,,,,,,,,
1,Foreign_Exchange,Forward,NDF,UPI,QZ468J9LQBT6,New,,2024-06-05 14:39:06,JFTXFC,NA/Fwd NDF TRY UAH,TRY UAH,Spot,Forward price of underlying instrument,CASH,Cash,TRY,UAH,USD,,,,,,,,,
1,Foreign_Exchange,Forward,NDF,UPI,QZ1F4SVDWJQG,New,,2024-06-06 08:51:06,JFTXFC,NA/Fwd NDF ALL EGP,ALL EGP,Spot,Forward price of underlying instrument,CASH,Cash,ALL,EGP,EGP,,,,,,,,,
1,Foreign_Exchange,Forward,NDF,UPI,QZJFTVNS314G,New,,2024-06-10 14:28:12,JFTXFC,NA/Fwd NDF KZT PLN,KZT PLN,Spot,Forward price of underlying instrument,CASH,Cash,KZT,PLN,PLN,,,,,,,,,
1,Foreign_Exchange,Forward,NDF,UPI,QZB56ND7JWXB,New,,2024-06-17 03:02:55,JFTXFC,NA/Fwd NDF AMD EUR,AMD EUR,Spot,Forward price of underlying instrument,CASH,Cash,AMD,EUR,USD,,,,,,,,,
1,Foreign_Exchange,Forward,NDF,UPI,QZ8GVDRHQRVT,New,,2024-06-17 03:02:59,JFTXFC,NA/Fwd NDF AMD RUB,AMD RUB,Spot,Forward price of underlying instrument,CASH,Cash,AMD,RUB,RUB,,,,,,,,,
1,Foreign_Exchange,Forward,NDF,UPI,QZ530J5BPK7C,New,,2024-06-17 03:03:00,JFTXFC,NA/Fwd NDF AMD RUB,AMD RUB,Spot,Forward price of underlying instrument,CASH,Cash,AMD,RUB,USD,,,,,,,,,
1,Foreign_Exchange,Forward,NDF,UPI,QZP2DHTWKGFM,New,,2024-06-17 03:03:01,JFTXFC,NA/Fwd NDF AMD CHF,AMD CHF,Spot,Forward price of underlying instrument,CASH,Cash,AMD,CHF,CHF,,,,,,,,,
1,Foreign_Exchange,Forward,NDF,UPI,QZM742K74P21,New,,2024-06-17 03:03:02,JFTXFC,NA/Fwd NDF AMD CHF,AMD CHF,Spot,Forward price of underlying instrument,CASH,Cash,AMD,CHF,USD,,,,,,,,,
1,Foreign_Exchange,Forward,NDF,UPI,QZ3CF28QKRW3,New,,2024-06-17 03:03:06,JFTXFC,NA/Fwd NDF CAD XTS,CAD XTS,Spot,Forward price of underlying instrument,CASH,Cash,CAD,XTS,CAD,,,,,,,,,
1,Foreign_Exchange,Forward,NDF,UPI,QZWNXZ06ZWFX,New,,2024-06-17 03:03:07,JFTXFC,NA/Fwd NDF CAD XTS,CAD XTS,Spot,Forward price of underlying instrument,CASH,Cash,CAD,XTS,USD,,,,,,,,,
1,Foreign_Exchange,Forward,NDF,UPI,QZBNFK5VDW4T,New,,2024-06-17 03:03:12,JFTXFC,NA/Fwd NDF CHF UAH,CHF UAH,Spot,Forward price of underlying instrument,CASH,Cash,CHF,UAH,USD,,,,,,,,,
1,Foreign_Exchange,Forward,NDF,UPI,QZCHQ5CD59LW,New,,2024-06-17 03:03:39,JFTXFC,NA/Fwd NDF EUR TJS,EUR TJS,Spot,Forward price of underlying instrument,CASH,Cash,EUR,TJS,USD,,,,,,,,,
1,Foreign_Exchange,Forward,NDF,UPI,QZRD6KRHKZ7N,New,,2024-06-17 03:03:43,JFTXFC,NA/Fwd NDF EUR UZS,EUR UZS,Spot,Forward price of underlying instrument,CASH,Cash,EUR,UZS,USD,,,,,,,,,
1,Foreign_Exchange,Forward,NDF,UPI,QZVRRDKPDZ2F,New,,2024-06-17 03:04:04,JFTXFC,NA/Fwd NDF JPY UAH,JPY UAH,Spot,Forward price of underlying instrument,CASH,Cash,JPY,UAH,USD,,,,,,,,,
1,Foreign_Exchange,Forward,NDF,UPI,QZRW4R6LW807,New,,2024-06-17 03:04:11,JFTXFC,NA/Fwd NDF RUB TJS,RUB TJS,Spot,Forward price of underlying instrument,CASH,Cash,RUB,TJS,RUB,,,,,,,,,
1,Foreign_Exchange,Forward,NDF,UPI,QZ523KBDVLMC,New,,2024-06-17 03:04:12,JFTXFC,NA/Fwd NDF RUB TJS,RUB TJS,Spot,Forward price of underlying instrument,CASH,Cash,RUB,TJS,USD,,,,,,,,,
1,Foreign_Exchange,Forward,NDF,UPI,QZNSF3DD9NGC,New,,2024-06-17 03:04:38,JFTXFC,NA/Fwd NDF ALL EUR,ALL EUR,Spot,Forward price of underlying instrument,CASH,Cash,ALL,EUR,USD,,,,,,,,,
1,Foreign_Exchange,Forward,NDF,UPI,QZQLLDP3LWBR,New,,2024-06-17 03:04:54,JFTXFC,NA/Fwd NDF AMD GBP,AMD GBP,Spot,Forward price of underlying instrument,CASH,Cash,AMD,GBP,USD,,,,,,,,,
1,Foreign_Exchange,Forward,NDF,UPI,QZCSW29FQMC7,New,,2024-06-17 03:05:11,JFTXFC,NA/Fwd NDF AUD XTS,AUD XTS,Spot,Forward price of underlying instrument,CASH,Cash,AUD,XTS,AUD,,,,,,,,,
1,Foreign_Exchange,Forward,NDF,UPI,QZH7GJNSR5S4,New,,2024-06-17 03:05:13,JFTXFC,NA/Fwd NDF AUD XTS,AUD XTS,Spot,Forward price of underlying instrument,CASH,Cash,AUD,XTS,USD,,,,,,,,,
1,Foreign_Exchange,Forward,NDF,UPI,QZ95QN8QSTMW,New,,2024-06-17 03:06:29,JFTXFC,NA/Fwd NDF CHF XTS,CHF XTS,Spot,Forward price of underlying instrument,CASH,Cash,CHF,XTS,CHF,,,,,,,,,
1,Foreign_Exchange,Forward,NDF,UPI,QZL5TXGNGB1Z,New,,2024-06-17 03:06:30,JFTXFC,NA/Fwd NDF CHF XTS,CHF XTS,Spot,Forward price of underlying instrument,CASH,Cash,CHF,XTS,USD,,,,,,,,,
1,Foreign_Exchange,Forward,NDF,UPI,QZLRF9BTFFHF,New,,2024-06-17 03:09:08,JFTXFC,NA/Fwd NDF EUR XTS,EUR XTS,Spot,Forward price of underlying instrument,CASH,Cash,EUR,XTS,EUR,,,,,,,,,
1,Foreign_Exchange,Forward,NDF,UPI,QZFKKP5Z09TQ,New,,2024-06-17 03:09:10,JFTXFC,NA/Fwd NDF EUR XTS,EUR XTS,Spot,Forward price of underlying instrument,CASH,Cash,EUR,XTS,USD,,,,,,,,,
1,Foreign_Exchange,Forward,NDF,UPI,QZPBKN4MG96T,New,,2024-06-17 03:09:38,JFTXFC,NA/Fwd NDF GBP XTS,GBP XTS,Spot,Forward price of underlying instrument,CASH,Cash,GBP,XTS,GBP,,,,,,,,,
1,Foreign_Exchange,Forward,NDF,UPI,QZ71VM5PKQV9,New,,2024-06-17 03:09:39,JFTXFC,NA/Fwd NDF GBP XTS,GBP XTS,Spot,Forward price of underlying instrument,CASH,Cash,GBP,XTS,USD,,,,,,,,,
1,Foreign_Exchange,Forward,NDF,UPI,QZ295HRZK4SH,New,,2024-06-17 03:10:11,JFTXFC,NA/Fwd NDF JPY XTS,JPY XTS,Spot,Forward price of underlying instrument,CASH,Cash,JPY,XTS,JPY,,,,,,,,,
1,Foreign_Exchange,Forward,NDF,UPI,QZG8F1GVD330,New,,2024-06-17 03:10:12,JFTXFC,NA/Fwd NDF JPY XTS,JPY XTS,Spot,Forward price of underlying instrument,CASH,Cash,JPY,XTS,USD,,,,,,,,,
1,Foreign_Exchange,Forward,NDF,UPI,QZNF6RQH30X7,New,,2024-06-20 09:31:40,JFTXFC,NA/Fwd NDF IDR USD,IDR USD,Spot,Forward price of underlying instrument,CASH,Cash,IDR,USD,NZD,,,,,,,,,
1,Foreign_Exchange,Forward,NDF,UPI,QZL716S42NZB,New,,2024-07-09 16:33:08,JFTXFC,NA/Fwd NDF AMD EUR,AMD EUR,Spot,Forward price of underlying instrument,CASH,Cash,AMD,EUR,AMD,,,,,,,,,
1,Foreign_Exchange,Forward,NDF,UPI,QZ9Q8TH66K9X,New,,2024-07-11 07:22:55,JFTXFC,NA/Fwd NDF NGN SEK,NGN SEK,Spot,Forward price of underlying instrument,CASH,Cash,NGN,SEK,SEK,,,,,,,,,
1,Foreign_Exchange,Forward,NDF,UPI,QZ8JMFK6SG0K,New,,2024-07-11 13:51:01,JFTXFC,NA/Fwd NDF BGN EGP,BGN EGP,Spot,Forward price of underlying instrument,CASH,Cash,BGN,EGP,EGP,,,,,,,,,
1,Foreign_Exchange,Forward,NDF,UPI,QZ7SBQLMVVGM,New,,2024-07-16 07:49:15,JFTXFC,NA/Fwd NDF EGP NOK,EGP NOK,Spot,Forward price of underlying instrument,CASH,Cash,EGP,NOK,EGP,,,,,,,,,
1,Foreign_Exchange,Forward,NDF,UPI,QZ40NK57ZDX3,New,,2024-07-18 08:04:09,JFTXFC,NA/Fwd NDF KRW PKR,KRW PKR,Spot,Forward price of underlying instrument,CASH,Cash,KRW,PKR,PKR,,,,,,,,,
1,Foreign_Exchange,Forward,NDF,UPI,QZ0W08QB4RTM,New,,2024-08-09 03:19:04,JFTXFC,NA/Fwd NDF AED MYR,AED MYR,Spot,Forward price of underlying instrument,CASH,Cash,AED,MYR,USD,,,,,,,,,
1,Foreign_Exchange,Forward,NDF,UPI,QZ0CS71QQX96,New,,2024-08-09 03:19:15,JFTXFC,NA/Fwd NDF AED CHF,AED CHF,Spot,Forward price of underlying instrument,CASH,Cash,AED,CHF,USD,,,,,,,,,
1,Foreign_Exchange,Forward,NDF,UPI,QZRHDB6VWP2B,New,,2024-08-09 03:19:17,JFTXFC,NA/Fwd NDF AED LKR,AED LKR,Spot,Forward price of underlying instrument,CASH,Cash,AED,LKR,AED,,,,,,,,,
1,Foreign_Exchange,Forward,NDF,UPI,QZ9BGV5CHZ07,New,,2024-08-09 03:19:19,JFTXFC,NA/Fwd NDF AED LKR,AED LKR,Spot,Forward price of underlying instrument,CASH,Cash,AED,LKR,USD,,,,,,,,,
1,Foreign_Exchange,Forward,NDF,UPI,QZCZ137W4NMQ,New,,2024-08-09 03:19:23,JFTXFC,NA/Fwd NDF AED DKK,AED DKK,Spot,Forward price of underlying instrument,CASH,Cash,AED,DKK,USD,,,,,,,,,
1,Foreign_Exchange,Forward,NDF,UPI,QZLTW480RZKS,New,,2024-08-09 03:19:29,JFTXFC,NA/Fwd NDF AED PKR,AED PKR,Spot,Forward price of underlying instrument,CASH,Cash,AED,PKR,USD,,,,,,,,,
1,Foreign_Exchange,Forward,NDF,UPI,QZCXC4334RBV,New,,2024-08-09 03:19:32,JFTXFC,NA/Fwd NDF AED NZD,AED NZD,Spot,Forward price of underlying instrument,CASH,Cash,AED,NZD,USD,,,,,,,,,
1,Foreign_Exchange,Forward,NDF,UPI,QZJ1ZXDTJLHP,New,,2024-08-09 03:19:38,JFTXFC,NA/Fwd NDF AED PLN,AED PLN,Spot,Forward price of underlying instrument,CASH,Cash,AED,PLN,USD,,,,,,,,,
1,Foreign_Exchange,Forward,NDF,UPI,QZPWQL6NNMNJ,New,,2024-08-09 03:19:54,JFTXFC,NA/Fwd NDF AED BDT,AED BDT,Spot,Forward price of underlying instrument,CASH,Cash,AED,BDT,AED,,,,,,,,,
1,Foreign_Exchange,Forward,NDF,UPI,QZKF5L1TDZHG,New,,2024-08-09 03:20:03,JFTXFC,NA/Fwd NDF AED PHP,AED PHP,Spot,Forward price of underlying instrument,CASH,Cash,AED,PHP,USD,,,,,,,,,
1,Foreign_Exchange,Forward,NDF,UPI,QZ9ZH11KBTGH,New,,2024-08-09 03:20:09,JFTXFC,NA/Fwd NDF AED SEK,AED SEK,Spot,Forward price of underlying instrument,CASH,Cash,AED,SEK,USD,,,,,,,,,
1,Foreign_Exchange,Forward,NDF,UPI,QZ1R945HVSZT,New,,2024-08-09 03:20:12,JFTXFC,NA/Fwd NDF AED CZK,AED CZK,Spot,Forward price of underlying instrument,CASH,Cash,AED,CZK,USD,,,,,,,,,
1,Foreign_Exchange,Forward,NDF,UPI,QZ5L08QXZ92T,New,,2024-08-09 03:20:19,JFTXFC,NA/Fwd NDF AED ILS,AED ILS,Spot,Forward price of underlying instrument,CASH,Cash,AED,ILS,AED,,,,,,,,,
1,Foreign_Exchange,Forward,NDF,UPI,QZN2SP7HD5KR,New,,2024-08-09 03:20:20,JFTXFC,NA/Fwd NDF AED ILS,AED ILS,Spot,Forward price of underlying instrument,CASH,Cash,AED,ILS,USD,,,,,,,,,
1,Foreign_Exchange,Forward,NDF,UPI,QZ4G10FW47FS,New,,2024-08-09 03:20:24,JFTXFC,NA/Fwd NDF AED CAD,AED CAD,Spot,Forward price of underlying instrument,CASH,Cash,AED,CAD,USD,,,,,,,,,
1,Foreign_Exchange,Forward,NDF,UPI,QZSP06ZMDW70,New,,2024-08-09 03:20:34,JFTXFC,NA/Fwd NDF AED MAD,AED MAD,Spot,Forward price of underlying instrument,CASH,Cash,AED,MAD,USD,,,,,,,,,
1,Foreign_Exchange,Forward,NDF,UPI,QZJ85L4XGBXS,New,,2024-08-09 03:20:36,JFTXFC,NA/Fwd NDF AED TRY,AED TRY,Spot,Forward price of underlying instrument,CASH,Cash,AED,TRY,USD,,,,,,,,,
1,Foreign_Exchange,Forward,NDF,UPI,QZRH7CNVP4F2,New,,2024-08-09 03:20:42,JFTXFC,NA/Fwd NDF AED MXN,AED MXN,Spot,Forward price of underlying instrument,CASH,Cash,AED,MXN,USD,,,,,,,,,
1,Foreign_Exchange,Forward,NDF,UPI,QZQ9FPL0C9MC,New,,2024-08-09 03:20:58,JFTXFC,NA/Fwd NDF AUD BDT,AUD BDT,Spot,Forward price of underlying instrument,CASH,Cash,AUD,BDT,USD,,,,,,,,,
1,Foreign_Exchange,Forward,NDF,UPI,QZNML1Q78BL9,New,,2024-08-09 03:21:00,JFTXFC,NA/Fwd NDF AUD PKR,AUD PKR,Spot,Forward price of underlying instrument,CASH,Cash,AUD,PKR,USD,,,,,,,,,
1,Foreign_Exchange,Forward,NDF,UPI,QZP0CLDR75SN,New,,2024-08-09 03:21:22,JFTXFC,NA/Fwd NDF AUD LKR,AUD LKR,Spot,Forward price of underlying instrument,CASH,Cash,AUD,LKR,USD,,,,,,,,,
1,Foreign_Exchange,Forward,NDF,UPI,QZ6VN0K1BZF5,New,,2024-08-09 03:21:25,JFTXFC,NA/Fwd NDF AUD MAD,AUD MAD,Spot,Forward price of underlying instrument,CASH,Cash,AUD,MAD,USD,,,,,,,,,
1,Foreign_Exchange,Forward,NDF,UPI,QZFWR0110FR5,New,,2024-08-09 03:21:31,JFTXFC,NA/Fwd NDF AUD ISK,AUD ISK,Spot,Forward price of underlying instrument,CASH,Cash,AUD,ISK,AUD,,,,,,,,,
1,Foreign_Exchange,Forward,NDF,UPI,QZ312CLFF3P6,New,,2024-08-09 03:21:33,JFTXFC,NA/Fwd NDF AUD ISK,AUD ISK,Spot,Forward price of underlying instrument,CASH,Cash,AUD,ISK,USD,,,,,,,,,
1,Foreign_Exchange,Forward,NDF,UPI,QZGJ92J1XRSZ,New,,2024-08-09 03:22:15,JFTXFC,NA/Fwd NDF AUD ILS,AUD ILS,Spot,Forward price of underlying instrument,CASH,Cash,AUD,ILS,USD,,,,,,,,,
1,Foreign_Exchange,Forward,NDF,UPI,QZP79PVRJWCN,New,,2024-08-09 03:22:30,JFTXFC,NA/Fwd NDF AUD XOF,AUD XOF,Spot,Forward price of underlying instrument,CASH,Cash,AUD,XOF,AUD,,,,,,,,,
1,Foreign_Exchange,Forward,NDF,UPI,QZSQTGD6414T,New,,2024-08-09 03:22:31,JFTXFC,NA/Fwd NDF AUD XOF,AUD XOF,Spot,Forward price of underlying instrument,CASH,Cash,AUD,XOF,USD,,,,,,,,,
1,Foreign_Exchange,Forward,NDF,UPI,QZCK0W0GMJSX,New,,2024-08-09 03:22:37,JFTXFC,NA/Fwd NDF AUD FJD,AUD FJD,Spot,Forward price of underlying instrument,CASH,Cash,AUD,FJD,AUD,,,,,,,,,
1,Foreign_Exchange,Forward,NDF,UPI,QZ1QQNH991K3,New,,2024-08-09 03:22:38,JFTXFC,NA/Fwd NDF AUD FJD,AUD FJD,Spot,Forward price of underlying instrument,CASH,Cash,AUD,FJD,USD,,,,,,,,,
1,Foreign_Exchange,Forward,NDF,UPI,QZ9KKPV3RSDJ,New,,2024-08-09 03:22:57,JFTXFC,NA/Fwd NDF AUD RSD,AUD RSD,Spot,Forward price of underlying instrument,CASH,Cash,AUD,RSD,AUD,,,,,,,,,
1,Foreign_Exchange,Forward,NDF,UPI,QZSBV92MWJLL,New,,2024-08-09 03:22:58,JFTXFC,NA/Fwd NDF AUD RSD,AUD RSD,Spot,Forward price of underlying instrument,CASH,Cash,AUD,RSD,USD,,,,,,,,,
1,Foreign_Exchange,Forward,NDF,UPI,QZHN4KS0582T,New,,2024-08-09 03:23:18,JFTXFC,NA/Fwd NDF BAM GBP,BAM GBP,Spot,Forward price of underlying instrument,CASH,Cash,BAM,GBP,GBP,,,,,,,,,
1,Foreign_Exchange,Forward,NDF,UPI,QZX82NK7GNNW,New,,2024-08-09 03:23:19,JFTXFC,NA/Fwd NDF BAM GBP,BAM GBP,Spot,Forward price of underlying instrument,CASH,Cash,BAM,GBP,USD,,,,,,,,,
1,Foreign_Exchange,Forward,NDF,UPI,QZRKHJ57LCCT,New,,2024-08-09 03:23:24,JFTXFC,NA/Fwd NDF BAM EUR,BAM EUR,Spot,Forward price of underlying instrument,CASH,Cash,BAM,EUR,USD,,,,,,,,,
1,Foreign_Exchange,Forward,NDF,UPI,QZ61WTNKZ185,New,,2024-08-09 03:23:31,JFTXFC,NA/Fwd NDF BBD USD,BBD USD,Spot,Forward price of underlying instrument,CASH,Cash,BBD,USD,BBD,,,,,,,,,
1,Foreign_Exchange,Forward,NDF,UPI,QZ4RSP8GWZFX,New,,2024-08-09 03:23:37,JFTXFC,NA/Fwd NDF BDT NOK,BDT NOK,Spot,Forward price of underlying instrument,CASH,Cash,BDT,NOK,NOK,,,,,,,,,
1,Foreign_Exchange,Forward,NDF,UPI,QZZMQTFVNB0D,New,,2024-08-09 03:23:39,JFTXFC,NA/Fwd NDF BDT NOK,BDT NOK,Spot,Forward price of underlying instrument,CASH,Cash,BDT,NOK,USD,,,,,,,,,
1,Foreign_Exchange,Forward,NDF,UPI,QZ4GXTWW81GT,New,,2024-08-09 03:23:45,JFTXFC,NA/Fwd NDF BDT CAD,BDT CAD,Spot,Forward price of underlying instrument,CASH,Cash,BDT,CAD,CAD,,,,,,,,,
1,Foreign_Exchange,Forward,NDF,UPI,QZRP1Q9RGK3P,New,,2024-08-09 03:23:48,JFTXFC,NA/Fwd NDF BDT CAD,BDT CAD,Spot,Forward price of underlying instrument,CASH,Cash,BDT,CAD,USD,,,,,,,,,
1,Foreign_Exchange,Forward,NDF,UPI,QZBFV60G4V9T,New,,2024-08-09 03:23:49,JFTXFC,NA/Fwd NDF BDT MYR,BDT MYR,Spot,Forward price of underlying instrument,CASH,Cash,BDT,MYR,USD,,,,,,,,,
1,Foreign_Exchange,Forward,NDF,UPI,QZ6HZW0H4KKZ,New,,2024-08-09 03:23:55,JFTXFC,NA/Fwd NDF BDT SEK,BDT SEK,Spot,Forward price of underlying instrument,CASH,Cash,BDT,SEK,SEK,,,,,,,,,
1,Foreign_Exchange,Forward,NDF,UPI,QZ8HV0ZBN7D4,New,,2024-08-09 03:23:56,JFTXFC,NA/Fwd NDF BDT SEK,BDT SEK,Spot,Forward price of underlying instrument,CASH,Cash,BDT,SEK,USD,,,,,,,,,
1,Foreign_Exchange,Forward,NDF,UPI,QZWCBCG3FQ4G,New,,2024-08-09 03:23:57,JFTXFC,NA/Fwd NDF BDT NZD,BDT NZD,Spot,Forward price of underlying instrument,CASH,Cash,BDT,NZD,NZD,,,,,,,,,
1,Foreign_Exchange,Forward,NDF,UPI,QZZMCMNBP0VT,New,,2024-08-09 03:23:58,JFTXFC,NA/Fwd NDF BDT NZD,BDT NZD,Spot,Forward price of underlying instrument,CASH,Cash,BDT,NZD,USD,,,,,,,,,
1,Foreign_Exchange,Forward,NDF,UPI,QZ41MT3J8KRV,New,,2024-08-09 03:24:04,JFTXFC,NA/Fwd NDF BDT GBP,BDT GBP,Spot,Forward price of underlying instrument,CASH,Cash,BDT,GBP,GBP,,,,,,,,,
1,Foreign_Exchange,Forward,NDF,UPI,QZPDSKHXG2ZB,New,,2024-08-09 03:24:05,JFTXFC,NA/Fwd NDF BDT GBP,BDT GBP,Spot,Forward price of underlying instrument,CASH,Cash,BDT,GBP,USD,,,,,,,,,
1,Foreign_Exchange,Forward,NDF,UPI,QZ3BLF9DRW0R,New,,2024-08-09 03:24:13,JFTXFC,NA/Fwd NDF BDT CHF,BDT CHF,Spot,Forward price of underlying instrument,CASH,Cash,BDT,CHF,CHF,,,,,,,,,
1,Foreign_Exchange,Forward,NDF,UPI,QZM2KVTSXX5F,New,,2024-08-09 03:24:14,JFTXFC,NA/Fwd NDF BDT CHF,BDT CHF,Spot,Forward price of underlying instrument,CASH,Cash,BDT,CHF,USD,,,,,,,,,
1,Foreign_Exchange,Forward,NDF,UPI,QZSLB0SWBCHR,New,,2024-08-09 03:24:26,JFTXFC,NA/Fwd NDF BGN GBP,BGN GBP,Spot,Forward price of underlying instrument,CASH,Cash,BGN,GBP,USD,,,,,,,,,
1,Foreign_Exchange,Forward,NDF,UPI,QZG78SW7PLHC,New,,2024-08-09 03:24:27,JFTXFC,NA/Fwd NDF BGN PLN,BGN PLN,Spot,Forward price of underlying instrument,CASH,Cash,BGN,PLN,PLN,,,,,,,,,
1,Foreign_Exchange,Forward,NDF,UPI,QZJQLV4D8QLM,New,,2024-08-09 03:24:28,JFTXFC,NA/Fwd NDF BGN PLN,BGN PLN,Spot,Forward price of underlying instrument,CASH,Cash,BGN,PLN,USD,,,,,,,,,
1,Foreign_Exchange,Forward,NDF,UPI,QZZ388MHMNJ1,New,,2024-08-09 03:24:32,JFTXFC,NA/Fwd NDF BGN HUF,BGN HUF,Spot,Forward price of underlying instrument,CASH,Cash,BGN,HUF,HUF,,,,,,,,,
1,Foreign_Exchange,Forward,NDF,UPI,QZ1V0SJLNCZ1,New,,2024-08-09 03:24:33,JFTXFC,NA/Fwd NDF BGN HUF,BGN HUF,Spot,Forward price of underlying instrument,CASH,Cash,BGN,HUF,USD,,,,,,,,,
1,Foreign_Exchange,Forward,NDF,UPI,QZFCFVCTDR3M,New,,2024-08-09 03:24:34,JFTXFC,NA/Fwd NDF BGN RON,BGN RON,Spot,Forward price of underlying instrument,CASH,Cash,BGN,RON,RON,,,,,,,,,
1,Foreign_Exchange,Forward,NDF,UPI,QZ69C0K2Z492,New,,2024-08-09 03:24:35,JFTXFC,NA/Fwd NDF BGN RON,BGN RON,Spot,Forward price of underlying instrument,CASH,Cash,BGN,RON,USD,,,,,,,,,
1,Foreign_Exchange,Forward,NDF,UPI,QZVG52T8MFQW,New,,2024-08-09 03:24:37,JFTXFC,NA/Fwd NDF BGN DKK,BGN DKK,Spot,Forward price of underlying instrument,CASH,Cash,BGN,DKK,DKK,,,,,,,,,
1,Foreign_Exchange,Forward,NDF,UPI,QZ01S0HVS1WF,New,,2024-08-09 03:24:38,JFTXFC,NA/Fwd NDF BGN DKK,BGN DKK,Spot,Forward price of underlying instrument,CASH,Cash,BGN,DKK,USD,,,,,,,,,
1,Foreign_Exchange,Forward,NDF,UPI,QZTKKN6FP44R,New,,2024-08-09 03:24:46,JFTXFC,NA/Fwd NDF BGN SEK,BGN SEK,Spot,Forward price of underlying instrument,CASH,Cash,BGN,SEK,SEK,,,,,,,,,
1,Foreign_Exchange,Forward,NDF,UPI,QZ6QMCS9NPCH,New,,2024-08-09 03:24:47,JFTXFC,NA/Fwd NDF BGN SEK,BGN SEK,Spot,Forward price of underlying instrument,CASH,Cash,BGN,SEK,USD,,,,,,,,,
1,Foreign_Exchange,Forward,NDF,UPI,QZRWQ85C47XH,New,,2024-08-09 03:24:48,JFTXFC,NA/Fwd NDF BGN CZK,BGN CZK,Spot,Forward price of underlying instrument,CASH,Cash,BGN,CZK,CZK,,,,,,,,,
1,Foreign_Exchange,Forward,NDF,UPI,QZWHJRKM84ZN,New,,2024-08-09 03:24:49,JFTXFC,NA/Fwd NDF BGN CZK,BGN CZK,Spot,Forward price of underlying instrument,CASH,Cash,BGN,CZK,USD,,,,,,,,,
1,Foreign_Exchange,Forward,NDF,UPI,QZCWZ7CGCZ64,New,,2024-08-09 03:25:00,JFTXFC,NA/Fwd NDF BGN CHF,BGN CHF,Spot,Forward price of underlying instrument,CASH,Cash,BGN,CHF,CHF,,,,,,,,,
1,Foreign_Exchange,Forward,NDF,UPI,QZHMBVK8QPWM,New,,2024-08-09 03:25:01,JFTXFC,NA/Fwd NDF BGN CHF,BGN CHF,Spot,Forward price of underlying instrument,CASH,Cash,BGN,CHF,USD,,,,,,,,,
1,Foreign_Exchange,Forward,NDF,UPI,QZD3FTC0NN25,New,,2024-08-09 03:25:03,JFTXFC,NA/Fwd NDF BGN ILS,BGN ILS,Spot,Forward price of underlying instrument,CASH,Cash,BGN,ILS,ILS,,,,,,,,,
1,Foreign_Exchange,Forward,NDF,UPI,QZRNS5L1DWDX,New,,2024-08-09 03:25:05,JFTXFC,NA/Fwd NDF BGN ILS,BGN ILS,Spot,Forward price of underlying instrument,CASH,Cash,BGN,ILS,USD,,,,,,,,,
1,Foreign_Exchange,Forward,NDF,UPI,QZZF5K3177VX,New,,2024-08-09 03:25:09,JFTXFC,NA/Fwd NDF BGN NOK,BGN NOK,Spot,Forward price of underlying instrument,CASH,Cash,BGN,NOK,NOK,,,,,,,,,
1,Foreign_Exchange,Forward,NDF,UPI,QZGND5TDNTR7,New,,2024-08-09 03:25:10,JFTXFC,NA/Fwd NDF BGN NOK,BGN NOK,Spot,Forward price of underlying instrument,CASH,Cash,BGN,NOK,USD,,,,,,,,,
1,Foreign_Exchange,Forward,NDF,UPI,QZ7TR4CPQ3HW,New,,2024-08-09 03:25:27,JFTXFC,NA/Fwd NDF BND MYR,BND MYR,Spot,Forward price of underlying instrument,CASH,Cash,BND,MYR,USD,,,,,,,,,
1,Foreign_Exchange,Forward,NDF,UPI,QZNWH8XS8NVS,New,,2024-08-09 03:25:33,JFTXFC,NA/Fwd NDF BND EUR,BND EUR,Spot,Forward price of underlying instrument,CASH,Cash,BND,EUR,EUR,,,,,,,,,
1,Foreign_Exchange,Forward,NDF,UPI,QZ650R2B6LCF,New,,2024-08-09 03:25:34,JFTXFC,NA/Fwd NDF BND EUR,BND EUR,Spot,Forward price of underlying instrument,CASH,Cash,BND,EUR,USD,,,,,,,,,
1,Foreign_Exchange,Forward,NDF,UPI,QZBRPN7JGZWX,New,,2024-08-09 03:25:35,JFTXFC,NA/Fwd NDF BND CHF,BND CHF,Spot,Forward price of underlying instrument,CASH,Cash,BND,CHF,CHF,,,,,,,,,
1,Foreign_Exchange,Forward,NDF,UPI,QZCT1WC9L80V,New,,2024-08-09 03:25:37,JFTXFC,NA/Fwd NDF BND CHF,BND CHF,Spot,Forward price of underlying instrument,CASH,Cash,BND,CHF,USD,,,,,,,,,
1,Foreign_Exchange,Forward,NDF,UPI,QZCL9XVB1ZWN,New,,2024-08-09 03:25:41,JFTXFC,NA/Fwd NDF BND GBP,BND GBP,Spot,Forward price of underlying instrument,CASH,Cash,BND,GBP,GBP,,,,,,,,,
1,Foreign_Exchange,Forward,NDF,UPI,QZLHZM86BBH8,New,,2024-08-09 03:25:42,JFTXFC,NA/Fwd NDF BND GBP,BND GBP,Spot,Forward price of underlying instrument,CASH,Cash,BND,GBP,USD,,,,,,,,,
1,Foreign_Exchange,Forward,NDF,UPI,QZTGG2K1XBC3,New,,2024-08-09 03:25:48,JFTXFC,NA/Fwd NDF BRL IDR,BRL IDR,Spot,Forward price of underlying instrument,CASH,Cash,BRL,IDR,USD,,,,,,,,,
1,Foreign_Exchange,Forward,NDF,UPI,QZ3LLL9MKRK3,New,,2024-08-09 03:26:03,JFTXFC,NA/Fwd NDF BRL CZK,BRL CZK,Spot,Forward price of underlying instrument,CASH,Cash,BRL,CZK,USD,,,,,,,,,
1,Foreign_Exchange,Forward,NDF,UPI,QZS87PW201PS,New,,2024-08-09 03:26:04,JFTXFC,NA/Fwd NDF BRL PHP,BRL PHP,Spot,Forward price of underlying instrument,CASH,Cash,BRL,PHP,USD,,,,,,,,,
1,Foreign_Exchange,Forward,NDF,UPI,QZDXNNNJJZLP,New,,2024-08-09 03:26:06,JFTXFC,NA/Fwd NDF BRL RUB,BRL RUB,Spot,Forward price of underlying instrument,CASH,Cash,BRL,RUB,USD,,,,,,,,,
1,Foreign_Exchange,Forward,NDF,UPI,QZ4N4RB3D6NN,New,,2024-08-09 03:26:10,JFTXFC,NA/Fwd NDF BRL MYR,BRL MYR,Spot,Forward price of underlying instrument,CASH,Cash,BRL,MYR,USD,,,,,,,,,
1,Foreign_Exchange,Forward,NDF,UPI,QZJVJ490MKX1,New,,2024-08-09 03:26:24,JFTXFC,NA/Fwd NDF BRL PEN,BRL PEN,Spot,Forward price of underlying instrument,CASH,Cash,BRL,PEN,USD,,,,,,,,,
1,Foreign_Exchange,Forward,NDF,UPI,QZSG76XC99HM,New,,2024-08-09 03:26:26,JFTXFC,NA/Fwd NDF BRL PKR,BRL PKR,Spot,Forward price of underlying instrument,CASH,Cash,BRL,PKR,USD,,,,,,,,,
1,Foreign_Exchange,Forward,NDF,UPI,QZ29P8ZVN0W9,New,,2024-08-09 03:26:38,JFTXFC,NA/Fwd NDF BRL LKR,BRL LKR,Spot,Forward price of underlying instrument,CASH,Cash,BRL,LKR,USD,,,,,,,,,
1,Foreign_Exchange,Forward,NDF,UPI,QZW4QZHT38XH,New,,2024-08-09 03:26:41,JFTXFC,NA/Fwd NDF BRL KRW,BRL KRW,Spot,Forward price of underlying instrument,CASH,Cash,BRL,KRW,USD,,,,,,,,,
1,Foreign_Exchange,Forward,NDF,UPI,QZS7WFFTB6DF,New,,2024-08-09 03:26:44,JFTXFC,NA/Fwd NDF BRL TWD,BRL TWD,Spot,Forward price of underlying instrument,CASH,Cash,BRL,TWD,USD,,,,,,,,,
1,Foreign_Exchange,Forward,NDF,UPI,QZM6CXZX0S10,New,,2024-08-09 03:26:57,JFTXFC,NA/Fwd NDF BRL ILS,BRL ILS,Spot,Forward price of underlying instrument,CASH,Cash,BRL,ILS,ILS,,,,,,,,,
1,Foreign_Exchange,Forward,NDF,UPI,QZ4TF067NG00,New,,2024-08-09 03:26:58,JFTXFC,NA/Fwd NDF BRL ILS,BRL ILS,Spot,Forward price of underlying instrument,CASH,Cash,BRL,ILS,USD,,,,,,,,,
1,Foreign_Exchange,Forward,NDF,UPI,QZ02MKRMB71V,New,,2024-08-09 03:27:18,JFTXFC,NA/Fwd NDF BRL MAD,BRL MAD,Spot,Forward price of underlying instrument,CASH,Cash,BRL,MAD,USD,,,,,,,,,
1,Foreign_Exchange,Forward,NDF,UPI,QZ29LDW7HRTM,New,,2024-08-09 03:27:28,JFTXFC,NA/Fwd NDF BRL XOF,BRL XOF,Spot,Forward price of underlying instrument,CASH,Cash,BRL,XOF,USD,,,,,,,,,
1,Foreign_Exchange,Forward,NDF,UPI,QZB310W5PT76,New,,2024-08-09 03:27:35,JFTXFC,NA/Fwd NDF BWP EUR,BWP EUR,Spot,Forward price of underlying instrument,CASH,Cash,BWP,EUR,USD,,,,,,,,,
1,Foreign_Exchange,Forward,NDF,UPI,QZRPWLT1M9L3,New,,2024-08-09 03:27:37,JFTXFC,NA/Fwd NDF BWP GBP,BWP GBP,Spot,Forward price of underlying instrument,CASH,Cash,BWP,GBP,BWP,,,,,,,,,
1,Foreign_Exchange,Forward,NDF,UPI,QZ8SS1ZD35M3,New,,2024-08-09 03:27:39,JFTXFC,NA/Fwd NDF BWP GBP,BWP GBP,Spot,Forward price of underlying instrument,CASH,Cash,BWP,GBP,USD,,,,,,,,,
1,Foreign_Exchange,Forward,NDF,UPI,QZT7FZD4RRDD,New,,2024-08-09 03:27:41,JFTXFC,NA/Fwd NDF BYN RUB,BYN RUB,Spot,Forward price of underlying instrument,CASH,Cash,BYN,RUB,RUB,,,,,,,,,
1,Foreign_Exchange,Forward,NDF,UPI,QZS6N6KSHSJQ,New,,2024-08-09 03:27:43,JFTXFC,NA/Fwd NDF BYN RUB,BYN RUB,Spot,Forward price of underlying instrument,CASH,Cash,BYN,RUB,USD,,,,,,,,,
1,Foreign_Exchange,Forward,NDF,UPI,QZM8C23X4FCW,New,,2024-08-09 03:27:47,JFTXFC,NA/Fwd NDF BYN EUR,BYN EUR,Spot,Forward price of underlying instrument,CASH,Cash,BYN,EUR,USD,,,,,,,,,
1,Foreign_Exchange,Forward,NDF,UPI,QZ3814HSS9M1,New,,2024-08-09 03:27:55,JFTXFC,NA/Fwd NDF CAD LKR,CAD LKR,Spot,Forward price of underlying instrument,CASH,Cash,CAD,LKR,CAD,,,,,,,,,
1,Foreign_Exchange,Forward,NDF,UPI,QZC14VVXH1R9,New,,2024-08-09 03:27:56,JFTXFC,NA/Fwd NDF CAD LKR,CAD LKR,Spot,Forward price of underlying instrument,CASH,Cash,CAD,LKR,USD,,,,,,,,,
1,Foreign_Exchange,Forward,NDF,UPI,QZM74JX48P94,New,,2024-08-09 03:28:05,JFTXFC,NA/Fwd NDF CAD XOF,CAD XOF,Spot,Forward price of underlying instrument,CASH,Cash,CAD,XOF,CAD,,,,,,,,,
1,Foreign_Exchange,Forward,NDF,UPI,QZ2J4T3LXJRF,New,,2024-08-09 03:28:06,JFTXFC,NA/Fwd NDF CAD XOF,CAD XOF,Spot,Forward price of underlying instrument,CASH,Cash,CAD,XOF,USD,,,,,,,,,
1,Foreign_Exchange,Forward,NDF,UPI,QZ9RGLD7B96W,New,,2024-08-09 03:28:07,JFTXFC,NA/Fwd NDF CAD MNT,CAD MNT,Spot,Forward price of underlying instrument,CASH,Cash,CAD,MNT,CAD,,,,,,,,,
1,Foreign_Exchange,Forward,NDF,UPI,QZCK3SMW2TBC,New,,2024-08-09 03:28:08,JFTXFC,NA/Fwd NDF CAD MNT,CAD MNT,Spot,Forward price of underlying instrument,CASH,Cash,CAD,MNT,USD,,,,,,,,,
1,Foreign_Exchange,Forward,NDF,UPI,QZRJ35LJFZBD,New,,2024-08-09 03:28:17,JFTXFC,NA/Fwd NDF CAD PKR,CAD PKR,Spot,Forward price of underlying instrument,CASH,Cash,CAD,PKR,USD,,,,,,,,,
1,Foreign_Exchange,Forward,NDF,UPI,QZSDZ23ZXFKN,New,,2024-08-09 03:28:30,JFTXFC,NA/Fwd NDF CAD ISK,CAD ISK,Spot,Forward price of underlying instrument,CASH,Cash,CAD,ISK,CAD,,,,,,,,,
1,Foreign_Exchange,Forward,NDF,UPI,QZZBXZCGZF8Q,New,,2024-08-09 03:28:31,JFTXFC,NA/Fwd NDF CAD ISK,CAD ISK,Spot,Forward price of underlying instrument,CASH,Cash,CAD,ISK,USD,,,,,,,,,
1,Foreign_Exchange,Forward,NDF,UPI,QZ3VXF3Q2Z1M,New,,2024-08-09 03:28:48,JFTXFC,NA/Fwd NDF CAD VND,CAD VND,Spot,Forward price of underlying instrument,CASH,Cash,CAD,VND,USD,,,,,,,,,
1,Foreign_Exchange,Forward,NDF,UPI,QZ7ZTFFLZZNF,New,,2024-08-09 03:29:01,JFTXFC,NA/Fwd NDF CAD MAD,CAD MAD,Spot,Forward price of underlying instrument,CASH,Cash,CAD,MAD,USD,,,,,,,,,
1,Foreign_Exchange,Forward,NDF,UPI,QZHN52XR4BM7,New,,2024-08-09 03:29:44,JFTXFC,NA/Fwd NDF CHF XOF,CHF XOF,Spot,Forward price of underlying instrument,CASH,Cash,CHF,XOF,CHF,,,,,,,,,
1,Foreign_Exchange,Forward,NDF,UPI,QZXQ3GRDHHZW,New,,2024-08-09 03:29:45,JFTXFC,NA/Fwd NDF CHF XOF,CHF XOF,Spot,Forward price of underlying instrument,CASH,Cash,CHF,XOF,USD,,,,,,,,,
1,Foreign_Exchange,Forward,NDF,UPI,QZND6C9HRL69,New,,2024-08-09 03:30:00,JFTXFC,NA/Fwd NDF CHF PKR,CHF PKR,Spot,Forward price of underlying instrument,CASH,Cash,CHF,PKR,USD,,,,,,,,,
1,Foreign_Exchange,Forward,NDF,UPI,QZ8J3TK7VP1R,New,,2024-08-09 03:30:42,JFTXFC,NA/Fwd NDF CHF VND,CHF VND,Spot,Forward price of underlying instrument,CASH,Cash,CHF,VND,USD,,,,,,,,,
1,Foreign_Exchange,Forward,NDF,UPI,QZRXJWKZ59WL,New,,2024-08-09 03:31:09,JFTXFC,NA/Fwd NDF CHF MAD,CHF MAD,Spot,Forward price of underlying instrument,CASH,Cash,CHF,MAD,USD,,,,,,,,,
1,Foreign_Exchange,Forward,NDF,UPI,QZNFZFM8TZH4,New,,2024-08-09 03:31:10,JFTXFC,NA/Fwd NDF CHF LKR,CHF LKR,Spot,Forward price of underlying instrument,CASH,Cash,CHF,LKR,CHF,,,,,,,,,
1,Foreign_Exchange,Forward,NDF,UPI,QZFW2FC04QFV,New,,2024-08-09 03:31:12,JFTXFC,NA/Fwd NDF CHF LKR,CHF LKR,Spot,Forward price of underlying instrument,CASH,Cash,CHF,LKR,USD,,,,,,,,,
1,Foreign_Exchange,Forward,NDF,UPI,QZJHCV1TQ0BJ,New,,2024-08-09 03:31:39,JFTXFC,NA/Fwd NDF CHF RSD,CHF RSD,Spot,Forward price of underlying instrument,CASH,Cash,CHF,RSD,USD,,,,,,,,,
1,Foreign_Exchange,Forward,NDF,UPI,QZRX6M687PZS,New,,2024-08-09 03:31:43,JFTXFC,NA/Fwd NDF CHF ISK,CHF ISK,Spot,Forward price of underlying instrument,CASH,Cash,CHF,ISK,CHF,,,,,,,,,
1,Foreign_Exchange,Forward,NDF,UPI,QZ30NCRGMGHQ,New,,2024-08-09 03:31:44,JFTXFC,NA/Fwd NDF CHF ISK,CHF ISK,Spot,Forward price of underlying instrument,CASH,Cash,CHF,ISK,USD,,,,,,,,,
1,Foreign_Exchange,Forward,NDF,UPI,QZFBMKT0XQ2Q,New,,2024-08-09 03:31:51,JFTXFC,NA/Fwd NDF CHF ILS,CHF ILS,Spot,Forward price of underlying instrument,CASH,Cash,CHF,ILS,USD,,,,,,,,,
1,Foreign_Exchange,Forward,NDF,UPI,QZBC085JWLWP,New,,2024-08-09 03:32:19,JFTXFC,NA/Fwd NDF CLP INR,CLP INR,Spot,Forward price of underlying instrument,CASH,Cash,CLP,INR,CLP,,,,,,,,,
1,Foreign_Exchange,Forward,NDF,UPI,QZF8H8TJWBZ8,New,,2024-08-09 03:32:23,JFTXFC,NA/Fwd NDF CLP IDR,CLP IDR,Spot,Forward price of underlying instrument,CASH,Cash,CLP,IDR,CLP,,,,,,,,,
1,Foreign_Exchange,Forward,NDF,UPI,QZ5PJXS5TR07,New,,2024-08-09 03:32:25,JFTXFC,NA/Fwd NDF CLP IDR,CLP IDR,Spot,Forward price of underlying instrument,CASH,Cash,CLP,IDR,USD,,,,,,,,,
1,Foreign_Exchange,Forward,NDF,UPI,QZ7D0NNJ3CNK,New,,2024-08-09 03:32:26,JFTXFC,NA/Fwd NDF CLP PKR,CLP PKR,Spot,Forward price of underlying instrument,CASH,Cash,CLP,PKR,CLP,,,,,,,,,
1,Foreign_Exchange,Forward,NDF,UPI,QZTDWS3QPQRV,New,,2024-08-09 03:32:27,JFTXFC,NA/Fwd NDF CLP PKR,CLP PKR,Spot,Forward price of underlying instrument,CASH,Cash,CLP,PKR,USD,,,,,,,,,
1,Foreign_Exchange,Forward,NDF,UPI,QZ218SGBD0V0,New,,2024-08-09 03:32:29,JFTXFC,NA/Fwd NDF CLP PEN,CLP PEN,Spot,Forward price of underlying instrument,CASH,Cash,CLP,PEN,CLP,,,,,,,,,
1,Foreign_Exchange,Forward,NDF,UPI,QZG088FC38N1,New,,2024-08-09 03:32:33,JFTXFC,NA/Fwd NDF CLP TWD,CLP TWD,Spot,Forward price of underlying instrument,CASH,Cash,CLP,TWD,CLP,,,,,,,,,
1,Foreign_Exchange,Forward,NDF,UPI,QZ0X6ZRQMP0S,New,,2024-08-09 03:32:40,JFTXFC,NA/Fwd NDF CLP PHP,CLP PHP,Spot,Forward price of underlying instrument,CASH,Cash,CLP,PHP,CLP,,,,,,,,,
1,Foreign_Exchange,Forward,NDF,UPI,QZLS89VP5CMD,New,,2024-08-09 03:32:41,JFTXFC,NA/Fwd NDF CLP PHP,CLP PHP,Spot,Forward price of underlying instrument,CASH,Cash,CLP,PHP,USD,,,,,,,,,
1,Foreign_Exchange,Forward,NDF,UPI,QZ2BCT7ZT21X,New,,2024-08-09 03:32:53,JFTXFC,NA/Fwd NDF CLP HUF,CLP HUF,Spot,Forward price of underlying instrument,CASH,Cash,CLP,HUF,USD,,,,,,,,,
1,Foreign_Exchange,Forward,NDF,UPI,QZL15S3ZGPTQ,New,,2024-08-09 03:32:55,JFTXFC,NA/Fwd NDF CLP ILS,CLP ILS,Spot,Forward price of underlying instrument,CASH,Cash,CLP,ILS,USD,,,,,,,,,
1,Foreign_Exchange,Forward,NDF,UPI,QZW37FDMNL4P,New,,2024-08-09 03:32:58,JFTXFC,NA/Fwd NDF CLP RUB,CLP RUB,Spot,Forward price of underlying instrument,CASH,Cash,CLP,RUB,USD,,,,,,,,,
1,Foreign_Exchange,Forward,NDF,UPI,QZNT5ZNC3VF1,New,,2024-08-09 03:33:02,JFTXFC,NA/Fwd NDF CLP KRW,CLP KRW,Spot,Forward price of underlying instrument,CASH,Cash,CLP,KRW,USD,,,,,,,,,
1,Foreign_Exchange,Forward,NDF,UPI,QZG28RSL6QX9,New,,2024-08-09 03:33:05,JFTXFC,NA/Fwd NDF CLP MYR,CLP MYR,Spot,Forward price of underlying instrument,CASH,Cash,CLP,MYR,CLP,,,,,,,,,
1,Foreign_Exchange,Forward,NDF,UPI,QZX8X20CF9M0,New,,2024-08-09 03:33:06,JFTXFC,NA/Fwd NDF CLP MYR,CLP MYR,Spot,Forward price of underlying instrument,CASH,Cash,CLP,MYR,USD,,,,,,,,,
1,Foreign_Exchange,Forward,NDF,UPI,QZN40Z5TR528,New,,2024-08-09 03:33:07,JFTXFC,NA/Fwd NDF CLP XOF,CLP XOF,Spot,Forward price of underlying instrument,CASH,Cash,CLP,XOF,CLP,,,,,,,,,
1,Foreign_Exchange,Forward,NDF,UPI,QZRNLGX9S76D,New,,2024-08-09 03:33:08,JFTXFC,NA/Fwd NDF CLP XOF,CLP XOF,Spot,Forward price of underlying instrument,CASH,Cash,CLP,XOF,USD,,,,,,,,,
1,Foreign_Exchange,Forward,NDF,UPI,QZWXSR308GHQ,New,,2024-08-09 03:33:20,JFTXFC,NA/Fwd NDF CLP DKK,CLP DKK,Spot,Forward price of underlying instrument,CASH,Cash,CLP,DKK,USD,,,,,,,,,
1,Foreign_Exchange,Forward,NDF,UPI,QZWMSBS25DTX,New,,2024-08-09 03:33:30,JFTXFC,NA/Fwd NDF CLP LKR,CLP LKR,Spot,Forward price of underlying instrument,CASH,Cash,CLP,LKR,CLP,,,,,,,,,
1,Foreign_Exchange,Forward,NDF,UPI,QZXML699Q0RC,New,,2024-08-09 03:33:31,JFTXFC,NA/Fwd NDF CLP LKR,CLP LKR,Spot,Forward price of underlying instrument,CASH,Cash,CLP,LKR,USD,,,,,,,,,
1,Foreign_Exchange,Forward,NDF,UPI,QZBQ4QXRJVCC,New,,2024-08-09 03:33:42,JFTXFC,NA/Fwd NDF CLP CZK,CLP CZK,Spot,Forward price of underlying instrument,CASH,Cash,CLP,CZK,USD,,,,,,,,,
1,Foreign_Exchange,Forward,NDF,UPI,QZBRGM4CB1LJ,New,,2024-08-09 03:34:49,JFTXFC,NA/Fwd NDF CNY MAD,CNY MAD,Spot,Forward price of underlying instrument,CASH,Cash,CNY,MAD,USD,,,,,,,,,
1,Foreign_Exchange,Forward,NDF,UPI,QZTVBP4GJKB8,New,,2024-08-09 03:34:52,JFTXFC,NA/Fwd NDF CNY RUB,CNY RUB,Spot,Forward price of underlying instrument,CASH,Cash,CNY,RUB,USD,,,,,,,,,
1,Foreign_Exchange,Forward,NDF,UPI,QZF6JNL6BH9F,New,,2024-08-09 03:34:59,JFTXFC,NA/Fwd NDF COP IDR,COP IDR,Spot,Forward price of underlying instrument,CASH,Cash,COP,IDR,USD,,,,,,,,,
1,Foreign_Exchange,Forward,NDF,UPI,QZ8QQGC8DXJQ,New,,2024-08-09 03:35:03,JFTXFC,NA/Fwd NDF COP PEN,COP PEN,Spot,Forward price of underlying instrument,CASH,Cash,COP,PEN,USD,,,,,,,,,
1,Foreign_Exchange,Forward,NDF,UPI,QZ6SQS6VKWZ5,New,,2024-08-09 03:35:05,JFTXFC,NA/Fwd NDF COP ILS,COP ILS,Spot,Forward price of underlying instrument,CASH,Cash,COP,ILS,ILS,,,,,,,,,
1,Foreign_Exchange,Forward,NDF,UPI,QZMDS4MFK6FV,New,,2024-08-09 03:35:06,JFTXFC,NA/Fwd NDF COP ILS,COP ILS,Spot,Forward price of underlying instrument,CASH,Cash,COP,ILS,USD,,,,,,,,,
1,Foreign_Exchange,Forward,NDF,UPI,QZQ82ZGJ8JFX,New,,2024-08-09 03:35:09,JFTXFC,NA/Fwd NDF COP XOF,COP XOF,Spot,Forward price of underlying instrument,CASH,Cash,COP,XOF,USD,,,,,,,,,
1,Foreign_Exchange,Forward,NDF,UPI,QZ4M8149JB5T,New,,2024-08-09 03:35:17,JFTXFC,NA/Fwd NDF COP PKR,COP PKR,Spot,Forward price of underlying instrument,CASH,Cash,COP,PKR,USD,,,,,,,,,
1,Foreign_Exchange,Forward,NDF,UPI,QZ7KVPJ686XX,New,,2024-08-09 03:35:22,JFTXFC,NA/Fwd NDF COP CZK,COP CZK,Spot,Forward price of underlying instrument,CASH,Cash,COP,CZK,CZK,,,,,,,,,
1,Foreign_Exchange,Forward,NDF,UPI,QZJSG141S88Z,New,,2024-08-09 03:35:23,JFTXFC,NA/Fwd NDF COP CZK,COP CZK,Spot,Forward price of underlying instrument,CASH,Cash,COP,CZK,USD,,,,,,,,,
1,Foreign_Exchange,Forward,NDF,UPI,QZTQBDK3NX33,New,,2024-08-09 03:35:25,JFTXFC,NA/Fwd NDF COP MYR,COP MYR,Spot,Forward price of underlying instrument,CASH,Cash,COP,MYR,USD,,,,,,,,,
1,Foreign_Exchange,Forward,NDF,UPI,QZKHZGJXB0ZB,New,,2024-08-09 03:35:28,JFTXFC,NA/Fwd NDF COP PLN,COP PLN,Spot,Forward price of underlying instrument,CASH,Cash,COP,PLN,USD,,,,,,,,,
1,Foreign_Exchange,Forward,NDF,UPI,QZ3HQT7HL4DK,New,,2024-08-09 03:35:30,JFTXFC,NA/Fwd NDF COP HUF,COP HUF,Spot,Forward price of underlying instrument,CASH,Cash,COP,HUF,HUF,,,,,,,,,
1,Foreign_Exchange,Forward,NDF,UPI,QZZ2MM238T66,New,,2024-08-09 03:35:31,JFTXFC,NA/Fwd NDF COP HUF,COP HUF,Spot,Forward price of underlying instrument,CASH,Cash,COP,HUF,USD,,,,,,,,,
1,Foreign_Exchange,Forward,NDF,UPI,QZD39XQ1L3HP,New,,2024-08-09 03:35:32,JFTXFC,NA/Fwd NDF COP LKR,COP LKR,Spot,Forward price of underlying instrument,CASH,Cash,COP,LKR,USD,,,,,,,,,
1,Foreign_Exchange,Forward,NDF,UPI,QZ57QT8FD1T4,New,,2024-08-09 03:35:33,JFTXFC,NA/Fwd NDF COP RUB,COP RUB,Spot,Forward price of underlying instrument,CASH,Cash,COP,RUB,RUB,,,,,,,,,
1,Foreign_Exchange,Forward,NDF,UPI,QZ36C170G2W2,New,,2024-08-09 03:35:35,JFTXFC,NA/Fwd NDF COP RUB,COP RUB,Spot,Forward price of underlying instrument,CASH,Cash,COP,RUB,USD,,,,,,,,,
1,Foreign_Exchange,Forward,NDF,UPI,QZ53XKV9W98W,New,,2024-08-09 03:35:42,JFTXFC,NA/Fwd NDF COP TWD,COP TWD,Spot,Forward price of underlying instrument,CASH,Cash,COP,TWD,USD,,,,,,,,,
1,Foreign_Exchange,Forward,NDF,UPI,QZZW2715TRKR,New,,2024-08-09 03:35:49,JFTXFC,NA/Fwd NDF COP DKK,COP DKK,Spot,Forward price of underlying instrument,CASH,Cash,COP,DKK,USD,,,,,,,,,
1,Foreign_Exchange,Forward,NDF,UPI,QZDRH1QK8T0S,New,,2024-08-09 03:36:07,JFTXFC,NA/Fwd NDF COP PHP,COP PHP,Spot,Forward price of underlying instrument,CASH,Cash,COP,PHP,USD,,,,,,,,,
1,Foreign_Exchange,Forward,NDF,UPI,QZH0M1QHM61W,New,,2024-08-09 03:36:15,JFTXFC,NA/Fwd NDF COP INR,COP INR,Spot,Forward price of underlying instrument,CASH,Cash,COP,INR,USD,,,,,,,,,
1,Foreign_Exchange,Forward,NDF,UPI,QZRXLPQW9RGH,New,,2024-08-09 03:36:31,JFTXFC,NA/Fwd NDF CZK LKR,CZK LKR,Spot,Forward price of underlying instrument,CASH,Cash,CZK,LKR,CZK,,,,,,,,,
1,Foreign_Exchange,Forward,NDF,UPI,QZ362D5S4PQ2,New,,2024-08-09 03:36:32,JFTXFC,NA/Fwd NDF CZK LKR,CZK LKR,Spot,Forward price of underlying instrument,CASH,Cash,CZK,LKR,USD,,,,,,,,,
1,Foreign_Exchange,Forward,NDF,UPI,QZZZ7347C8JZ,New,,2024-08-09 03:36:40,JFTXFC,NA/Fwd NDF CZK PHP,CZK PHP,Spot,Forward price of underlying instrument,CASH,Cash,CZK,PHP,USD,,,,,,,,,
1,Foreign_Exchange,Forward,NDF,UPI,QZT0NWXFDQMF,New,,2024-08-09 03:36:45,JFTXFC,NA/Fwd NDF CZK PKR,CZK PKR,Spot,Forward price of underlying instrument,CASH,Cash,CZK,PKR,USD,,,,,,,,,
1,Foreign_Exchange,Forward,NDF,UPI,QZT78HZKPZ4Q,New,,2024-08-09 03:36:46,JFTXFC,NA/Fwd NDF CZK MXN,CZK MXN,Spot,Forward price of underlying instrument,CASH,Cash,CZK,MXN,CZK,,,,,,,,,
1,Foreign_Exchange,Forward,NDF,UPI,QZHRKCS9BSNL,New,,2024-08-09 03:36:47,JFTXFC,NA/Fwd NDF CZK MXN,CZK MXN,Spot,Forward price of underlying instrument,CASH,Cash,CZK,MXN,USD,,,,,,,,,
1,Foreign_Exchange,Forward,NDF,UPI,QZBHQ7VHB06R,New,,2024-08-09 03:36:57,JFTXFC,NA/Fwd NDF CZK KRW,CZK KRW,Spot,Forward price of underlying instrument,CASH,Cash,CZK,KRW,USD,,,,,,,,,
1,Foreign_Exchange,Forward,NDF,UPI,QZV3CVF9S2QC,New,,2024-08-09 03:37:02,JFTXFC,NA/Fwd NDF CZK ILS,CZK ILS,Spot,Forward price of underlying instrument,CASH,Cash,CZK,ILS,CZK,,,,,,,,,
1,Foreign_Exchange,Forward,NDF,UPI,QZDV653Q07T9,New,,2024-08-09 03:37:03,JFTXFC,NA/Fwd NDF CZK ILS,CZK ILS,Spot,Forward price of underlying instrument,CASH,Cash,CZK,ILS,USD,,,,,,,,,
1,Foreign_Exchange,Forward,NDF,UPI,QZ3L52H2X826,New,,2024-08-09 03:37:08,JFTXFC,NA/Fwd NDF CZK PEN,CZK PEN,Spot,Forward price of underlying instrument,CASH,Cash,CZK,PEN,USD,,,,,,,,,
1,Foreign_Exchange,Forward,NDF,UPI,QZMHBW2KF4T9,New,,2024-08-09 03:37:14,JFTXFC,NA/Fwd NDF CZK TWD,CZK TWD,Spot,Forward price of underlying instrument,CASH,Cash,CZK,TWD,USD,,,,,,,,,
1,Foreign_Exchange,Forward,NDF,UPI,QZTP3MFNDW6G,New,,2024-08-09 03:37:18,JFTXFC,NA/Fwd NDF CZK XOF,CZK XOF,Spot,Forward price of underlying instrument,CASH,Cash,CZK,XOF,CZK,,,,,,,,,
1,Foreign_Exchange,Forward,NDF,UPI,QZRCZPCH2PH4,New,,2024-08-09 03:37:19,JFTXFC,NA/Fwd NDF CZK XOF,CZK XOF,Spot,Forward price of underlying instrument,CASH,Cash,CZK,XOF,USD,,,,,,,,,
1,Foreign_Exchange,Forward,NDF,UPI,QZ3904XFN5GK,New,,2024-08-09 03:37:51,JFTXFC,NA/Fwd NDF CZK ISK,CZK ISK,Spot,Forward price of underlying instrument,CASH,Cash,CZK,ISK,CZK,,,,,,,,,
1,Foreign_Exchange,Forward,NDF,UPI,QZ73CP52S7DH,New,,2024-08-09 03:37:53,JFTXFC,NA/Fwd NDF CZK ISK,CZK ISK,Spot,Forward price of underlying instrument,CASH,Cash,CZK,ISK,USD,,,,,,,,,
1,Foreign_Exchange,Forward,NDF,UPI,QZTK495WZ07X,New,,2024-08-09 03:38:32,JFTXFC,NA/Fwd NDF DKK MAD,DKK MAD,Spot,Forward price of underlying instrument,CASH,Cash,DKK,MAD,DKK,,,,,,,,,
1,Foreign_Exchange,Forward,NDF,UPI,QZ82F76D7J3C,New,,2024-08-09 03:38:33,JFTXFC,NA/Fwd NDF DKK MAD,DKK MAD,Spot,Forward price of underlying instrument,CASH,Cash,DKK,MAD,USD,,,,,,,,,
1,Foreign_Exchange,Forward,NDF,UPI,QZKVRRXMGXGL,New,,2024-08-09 03:38:44,JFTXFC,NA/Fwd NDF DKK XOF,DKK XOF,Spot,Forward price of underlying instrument,CASH,Cash,DKK,XOF,DKK,,,,,,,,,
1,Foreign_Exchange,Forward,NDF,UPI,QZCKWJVT0WGL,New,,2024-08-09 03:38:46,JFTXFC,NA/Fwd NDF DKK XOF,DKK XOF,Spot,Forward price of underlying instrument,CASH,Cash,DKK,XOF,USD,,,,,,,,,
1,Foreign_Exchange,Forward,NDF,UPI,QZPV4SKQ9W0S,New,,2024-08-09 03:38:53,JFTXFC,NA/Fwd NDF DKK PKR,DKK PKR,Spot,Forward price of underlying instrument,CASH,Cash,DKK,PKR,USD,,,,,,,,,
1,Foreign_Exchange,Forward,NDF,UPI,QZX32V32PSH4,New,,2024-08-09 03:39:14,JFTXFC,NA/Fwd NDF DKK ISK,DKK ISK,Spot,Forward price of underlying instrument,CASH,Cash,DKK,ISK,DKK,,,,,,,,,
1,Foreign_Exchange,Forward,NDF,UPI,QZ8SL3V074T2,New,,2024-08-09 03:39:16,JFTXFC,NA/Fwd NDF DKK ISK,DKK ISK,Spot,Forward price of underlying instrument,CASH,Cash,DKK,ISK,USD,,,,,,,,,
1,Foreign_Exchange,Forward,NDF,UPI,QZWHSZLNK2MR,New,,2024-08-09 03:39:21,JFTXFC,NA/Fwd NDF DKK LKR,DKK LKR,Spot,Forward price of underlying instrument,CASH,Cash,DKK,LKR,DKK,,,,,,,,,
1,Foreign_Exchange,Forward,NDF,UPI,QZPNHZZKP5C0,New,,2024-08-09 03:39:22,JFTXFC,NA/Fwd NDF DKK LKR,DKK LKR,Spot,Forward price of underlying instrument,CASH,Cash,DKK,LKR,USD,,,,,,,,,
1,Foreign_Exchange,Forward,NDF,UPI,QZQ8J8H4D6CV,New,,2024-08-09 03:39:44,JFTXFC,NA/Fwd NDF DKK ILS,DKK ILS,Spot,Forward price of underlying instrument,CASH,Cash,DKK,ILS,USD,,,,,,,,,
1,Foreign_Exchange,Forward,NDF,UPI,QZF3CXGN3ZLG,New,,2024-08-09 03:39:55,JFTXFC,NA/Fwd NDF DOP GBP,DOP GBP,Spot,Forward price of underlying instrument,CASH,Cash,DOP,GBP,GBP,,,,,,,,,
1,Foreign_Exchange,Forward,NDF,UPI,QZMT1BGH7BZ8,New,,2024-08-09 03:39:56,JFTXFC,NA/Fwd NDF DOP GBP,DOP GBP,Spot,Forward price of underlying instrument,CASH,Cash,DOP,GBP,USD,,,,,,,,,
1,Foreign_Exchange,Forward,NDF,UPI,QZN42NN74FF2,New,,2024-08-09 03:40:10,JFTXFC,NA/Fwd NDF DZD GBP,DZD GBP,Spot,Forward price of underlying instrument,CASH,Cash,DZD,GBP,GBP,,,,,,,,,
1,Foreign_Exchange,Forward,NDF,UPI,QZQX3B314S81,New,,2024-08-09 03:40:11,JFTXFC,NA/Fwd NDF DZD GBP,DZD GBP,Spot,Forward price of underlying instrument,CASH,Cash,DZD,GBP,USD,,,,,,,,,
1,Foreign_Exchange,Forward,NDF,UPI,QZHBSCKCFKJX,New,,2024-08-09 03:40:12,JFTXFC,NA/Fwd NDF DZD MAD,DZD MAD,Spot,Forward price of underlying instrument,CASH,Cash,DZD,MAD,MAD,,,,,,,,,
1,Foreign_Exchange,Forward,NDF,UPI,QZ94B3MN6BVV,New,,2024-08-09 03:40:14,JFTXFC,NA/Fwd NDF DZD MAD,DZD MAD,Spot,Forward price of underlying instrument,CASH,Cash,DZD,MAD,USD,,,,,,,,,
1,Foreign_Exchange,Forward,NDF,UPI,QZFJMH01P5J1,New,,2024-08-09 03:40:28,JFTXFC,NA/Fwd NDF EUR MOP,EUR MOP,Spot,Forward price of underlying instrument,CASH,Cash,EUR,MOP,USD,,,,,,,,,
1,Foreign_Exchange,Forward,NDF,UPI,QZ2KL41SR6VL,New,,2024-08-09 03:40:41,JFTXFC,NA/Fwd NDF EUR PGK,EUR PGK,Spot,Forward price of underlying instrument,CASH,Cash,EUR,PGK,USD,,,,,,,,,
1,Foreign_Exchange,Forward,NDF,UPI,QZC613MH8T4H,New,,2024-08-09 03:40:45,JFTXFC,NA/Fwd NDF EUR KGS,EUR KGS,Spot,Forward price of underlying instrument,CASH,Cash,EUR,KGS,USD,,,,,,,,,
1,Foreign_Exchange,Forward,NDF,UPI,QZ3T83S9DKHC,New,,2024-08-09 03:40:49,JFTXFC,NA/Fwd NDF EUR MUR,EUR MUR,Spot,Forward price of underlying instrument,CASH,Cash,EUR,MUR,USD,,,,,,,,,
1,Foreign_Exchange,Forward,NDF,UPI,QZ6B2NH9HLRQ,New,,2024-08-09 03:41:06,JFTXFC,NA/Fwd NDF EUR JMD,EUR JMD,Spot,Forward price of underlying instrument,CASH,Cash,EUR,JMD,EUR,,,,,,,,,
1,Foreign_Exchange,Forward,NDF,UPI,QZ6H8WP81WKK,New,,2024-08-09 03:41:07,JFTXFC,NA/Fwd NDF EUR JMD,EUR JMD,Spot,Forward price of underlying instrument,CASH,Cash,EUR,JMD,USD,,,,,,,,,
1,Foreign_Exchange,Forward,NDF,UPI,QZ92QTSRLF3V,New,,2024-08-09 03:41:13,JFTXFC,NA/Fwd NDF EUR UGX,EUR UGX,Spot,Forward price of underlying instrument,CASH,Cash,EUR,UGX,USD,,,,,,,,,
1,Foreign_Exchange,Forward,NDF,UPI,QZ28HPK8KX6K,New,,2024-08-09 03:41:16,JFTXFC,NA/Fwd NDF EUR TZS,EUR TZS,Spot,Forward price of underlying instrument,CASH,Cash,EUR,TZS,USD,,,,,,,,,
1,Foreign_Exchange,Forward,NDF,UPI,QZWG4QLB6997,New,,2024-08-09 03:41:55,JFTXFC,NA/Fwd NDF EUR TMT,EUR TMT,Spot,Forward price of underlying instrument,CASH,Cash,EUR,TMT,USD,,,,,,,,,
1,Foreign_Exchange,Forward,NDF,UPI,QZ979GWMWBC4,New,,2024-08-09 03:42:35,JFTXFC,NA/Fwd NDF GBP MUR,GBP MUR,Spot,Forward price of underlying instrument,CASH,Cash,GBP,MUR,USD,,,,,,,,,
1,Foreign_Exchange,Forward,NDF,UPI,QZG9DZTJWF34,New,,2024-08-09 03:42:42,JFTXFC,NA/Fwd NDF GBP PKR,GBP PKR,Spot,Forward price of underlying instrument,CASH,Cash,GBP,PKR,USD,,,,,,,,,
1,Foreign_Exchange,Forward,NDF,UPI,QZC32B0F4WLN,New,,2024-08-09 03:42:45,JFTXFC,NA/Fwd NDF GBP XOF,GBP XOF,Spot,Forward price of underlying instrument,CASH,Cash,GBP,XOF,USD,,,,,,,,,
1,Foreign_Exchange,Forward,NDF,UPI,QZNZTX18DCQN,New,,2024-08-09 03:43:01,JFTXFC,NA/Fwd NDF GBP TND,GBP TND,Spot,Forward price of underlying instrument,CASH,Cash,GBP,TND,GBP,,,,,,,,,
1,Foreign_Exchange,Forward,NDF,UPI,QZCCQQHW1J8D,New,,2024-08-09 03:43:02,JFTXFC,NA/Fwd NDF GBP TND,GBP TND,Spot,Forward price of underlying instrument,CASH,Cash,GBP,TND,USD,,,,,,,,,
1,Foreign_Exchange,Forward,NDF,UPI,QZR2WW67072W,New,,2024-08-09 03:43:13,JFTXFC,NA/Fwd NDF GBP NAD,GBP NAD,Spot,Forward price of underlying instrument,CASH,Cash,GBP,NAD,GBP,,,,,,,,,
1,Foreign_Exchange,Forward,NDF,UPI,QZ9W4J9V0CB6,New,,2024-08-09 03:43:14,JFTXFC,NA/Fwd NDF GBP NAD,GBP NAD,Spot,Forward price of underlying instrument,CASH,Cash,GBP,NAD,USD,,,,,,,,,
1,Foreign_Exchange,Forward,NDF,UPI,QZPC5JX84ZM5,New,,2024-08-09 03:43:33,JFTXFC,NA/Fwd NDF GBP ILS,GBP ILS,Spot,Forward price of underlying instrument,CASH,Cash,GBP,ILS,USD,,,,,,,,,
1,Foreign_Exchange,Forward,NDF,UPI,QZRPT05B89C6,New,,2024-08-09 03:43:43,JFTXFC,NA/Fwd NDF GBP ISK,GBP ISK,Spot,Forward price of underlying instrument,CASH,Cash,GBP,ISK,GBP,,,,,,,,,
1,Foreign_Exchange,Forward,NDF,UPI,QZ962LLZGCLT,New,,2024-08-09 03:43:45,JFTXFC,NA/Fwd NDF GBP ISK,GBP ISK,Spot,Forward price of underlying instrument,CASH,Cash,GBP,ISK,USD,,,,,,,,,
1,Foreign_Exchange,Forward,NDF,UPI,QZSCX8NQB849,New,,2024-08-09 03:43:57,JFTXFC,NA/Fwd NDF GBP LKR,GBP LKR,Spot,Forward price of underlying instrument,CASH,Cash,GBP,LKR,USD,,,,,,,,,
1,Foreign_Exchange,Forward,NDF,UPI,QZ9P86TRBFWT,New,,2024-08-09 03:44:21,JFTXFC,NA/Fwd NDF GBP JMD,GBP JMD,Spot,Forward price of underlying instrument,CASH,Cash,GBP,JMD,GBP,,,,,,,,,
1,Foreign_Exchange,Forward,NDF,UPI,QZVN1988RLT1,New,,2024-08-09 03:44:23,JFTXFC,NA/Fwd NDF GBP JMD,GBP JMD,Spot,Forward price of underlying instrument,CASH,Cash,GBP,JMD,USD,,,,,,,,,
1,Foreign_Exchange,Forward,NDF,UPI,QZDMMLW0DLGS,New,,2024-08-09 03:44:25,JFTXFC,NA/Fwd NDF GBP TZS,GBP TZS,Spot,Forward price of underlying instrument,CASH,Cash,GBP,TZS,USD,,,,,,,,,
1,Foreign_Exchange,Forward,NDF,UPI,QZXSM9N7L020,New,,2024-08-09 03:44:41,JFTXFC,NA/Fwd NDF HKD TRY,HKD TRY,Spot,Forward price of underlying instrument,CASH,Cash,HKD,TRY,USD,,,,,,,,,
1,Foreign_Exchange,Forward,NDF,UPI,QZLJ8K8DNR80,New,,2024-08-09 03:44:47,JFTXFC,NA/Fwd NDF HKD PKR,HKD PKR,Spot,Forward price of underlying instrument,CASH,Cash,HKD,PKR,USD,,,,,,,,,
1,Foreign_Exchange,Forward,NDF,UPI,QZPRH3BJ8D5L,New,,2024-08-09 03:44:52,JFTXFC,NA/Fwd NDF HKD XOF,HKD XOF,Spot,Forward price of underlying instrument,CASH,Cash,HKD,XOF,HKD,,,,,,,,,
1,Foreign_Exchange,Forward,NDF,UPI,QZ17L9X73XZ8,New,,2024-08-09 03:44:53,JFTXFC,NA/Fwd NDF HKD XOF,HKD XOF,Spot,Forward price of underlying instrument,CASH,Cash,HKD,XOF,USD,,,,,,,,,
1,Foreign_Exchange,Forward,NDF,UPI,QZH7NQHZB02N,New,,2024-08-09 03:45:00,JFTXFC,NA/Fwd NDF HKD LKR,HKD LKR,Spot,Forward price of underlying instrument,CASH,Cash,HKD,LKR,HKD,,,,,,,,,
1,Foreign_Exchange,Forward,NDF,UPI,QZ6ZSC3GPRC1,New,,2024-08-09 03:45:02,JFTXFC,NA/Fwd NDF HKD LKR,HKD LKR,Spot,Forward price of underlying instrument,CASH,Cash,HKD,LKR,USD,,,,,,,,,
1,Foreign_Exchange,Forward,NDF,UPI,QZV9HF59RJFM,New,,2024-08-09 03:45:21,JFTXFC,NA/Fwd NDF HKD PEN,HKD PEN,Spot,Forward price of underlying instrument,CASH,Cash,HKD,PEN,HKD,,,,,,,,,
1,Foreign_Exchange,Forward,NDF,UPI,QZJJD9DWWTNL,New,,2024-08-09 03:45:23,JFTXFC,NA/Fwd NDF HKD PEN,HKD PEN,Spot,Forward price of underlying instrument,CASH,Cash,HKD,PEN,USD,,,,,,,,,
1,Foreign_Exchange,Forward,NDF,UPI,QZV1R0795VX9,New,,2024-08-09 03:45:29,JFTXFC,NA/Fwd NDF HKD ILS,HKD ILS,Spot,Forward price of underlying instrument,CASH,Cash,HKD,ILS,HKD,,,,,,,,,
1,Foreign_Exchange,Forward,NDF,UPI,QZV60H0GK5PN,New,,2024-08-09 03:45:31,JFTXFC,NA/Fwd NDF HKD ILS,HKD ILS,Spot,Forward price of underlying instrument,CASH,Cash,HKD,ILS,USD,,,,,,,,,
1,Foreign_Exchange,Forward,NDF,UPI,QZ6RQ4H6SSTW,New,,2024-08-09 03:45:51,JFTXFC,NA/Fwd NDF HKD ISK,HKD ISK,Spot,Forward price of underlying instrument,CASH,Cash,HKD,ISK,HKD,,,,,,,,,
1,Foreign_Exchange,Forward,NDF,UPI,QZBM9QMLDHHP,New,,2024-08-09 03:45:53,JFTXFC,NA/Fwd NDF HKD ISK,HKD ISK,Spot,Forward price of underlying instrument,CASH,Cash,HKD,ISK,USD,,,,,,,,,
1,Foreign_Exchange,Forward,NDF,UPI,QZXKWCLBV7L1,New,,2024-08-09 03:46:13,JFTXFC,NA/Fwd NDF HUF MXN,HUF MXN,Spot,Forward price of underlying instrument,CASH,Cash,HUF,MXN,HUF,,,,,,,,,
1,Foreign_Exchange,Forward,NDF,UPI,QZK3CP5BS89R,New,,2024-08-09 03:46:15,JFTXFC,NA/Fwd NDF HUF MXN,HUF MXN,Spot,Forward price of underlying instrument,CASH,Cash,HUF,MXN,USD,,,,,,,,,
1,Foreign_Exchange,Forward,NDF,UPI,QZXNMS01SZ9P,New,,2024-08-09 03:46:16,JFTXFC,NA/Fwd NDF HUF PEN,HUF PEN,Spot,Forward price of underlying instrument,CASH,Cash,HUF,PEN,HUF,,,,,,,,,
1,Foreign_Exchange,Forward,NDF,UPI,QZBKKRW2TS3T,New,,2024-08-09 03:46:17,JFTXFC,NA/Fwd NDF HUF PEN,HUF PEN,Spot,Forward price of underlying instrument,CASH,Cash,HUF,PEN,USD,,,,,,,,,
1,Foreign_Exchange,Forward,NDF,UPI,QZ4G94H1P361,New,,2024-08-09 03:46:19,JFTXFC,NA/Fwd NDF HUF TWD,HUF TWD,Spot,Forward price of underlying instrument,CASH,Cash,HUF,TWD,USD,,,,,,,,,
1,Foreign_Exchange,Forward,NDF,UPI,QZ9QF2LT4265,New,,2024-08-09 03:46:22,JFTXFC,NA/Fwd NDF HUF KRW,HUF KRW,Spot,Forward price of underlying instrument,CASH,Cash,HUF,KRW,USD,,,,,,,,,
1,Foreign_Exchange,Forward,NDF,UPI,QZ6XK0D31DR9,New,,2024-08-09 03:46:24,JFTXFC,NA/Fwd NDF HUF LKR,HUF LKR,Spot,Forward price of underlying instrument,CASH,Cash,HUF,LKR,HUF,,,,,,,,,
1,Foreign_Exchange,Forward,NDF,UPI,QZGHKHR7L3J4,New,,2024-08-09 03:46:25,JFTXFC,NA/Fwd NDF HUF LKR,HUF LKR,Spot,Forward price of underlying instrument,CASH,Cash,HUF,LKR,USD,,,,,,,,,
1,Foreign_Exchange,Forward,NDF,UPI,QZ5R9WWCPSKC,New,,2024-08-09 03:46:32,JFTXFC,NA/Fwd NDF HUF ILS,HUF ILS,Spot,Forward price of underlying instrument,CASH,Cash,HUF,ILS,HUF,,,,,,,,,
1,Foreign_Exchange,Forward,NDF,UPI,QZBZMC3C188B,New,,2024-08-09 03:46:33,JFTXFC,NA/Fwd NDF HUF ILS,HUF ILS,Spot,Forward price of underlying instrument,CASH,Cash,HUF,ILS,USD,,,,,,,,,
1,Foreign_Exchange,Forward,NDF,UPI,QZV6KKT1PMPP,New,,2024-08-09 03:46:34,JFTXFC,NA/Fwd NDF HUF RSD,HUF RSD,Spot,Forward price of underlying instrument,CASH,Cash,HUF,RSD,HUF,,,,,,,,,
1,Foreign_Exchange,Forward,NDF,UPI,QZCG62SKHX1X,New,,2024-08-09 03:46:35,JFTXFC,NA/Fwd NDF HUF RSD,HUF RSD,Spot,Forward price of underlying instrument,CASH,Cash,HUF,RSD,USD,,,,,,,,,
1,Foreign_Exchange,Forward,NDF,UPI,QZH1K0TD590Z,New,,2024-08-09 03:46:41,JFTXFC,NA/Fwd NDF HUF PHP,HUF PHP,Spot,Forward price of underlying instrument,CASH,Cash,HUF,PHP,USD,,,,,,,,,
1,Foreign_Exchange,Forward,NDF,UPI,QZM9RQG0T3MJ,New,,2024-08-09 03:46:43,JFTXFC,NA/Fwd NDF HUF MYR,HUF MYR,Spot,Forward price of underlying instrument,CASH,Cash,HUF,MYR,HUF,,,,,,,,,
1,Foreign_Exchange,Forward,NDF,UPI,QZDDLCT1NPPR,New,,2024-08-09 03:46:44,JFTXFC,NA/Fwd NDF HUF MYR,HUF MYR,Spot,Forward price of underlying instrument,CASH,Cash,HUF,MYR,USD,,,,,,,,,
1,Foreign_Exchange,Forward,NDF,UPI,QZCHR840NR63,New,,2024-08-09 03:46:52,JFTXFC,NA/Fwd NDF HUF PKR,HUF PKR,Spot,Forward price of underlying instrument,CASH,Cash,HUF,PKR,USD,,,,,,,,,
1,Foreign_Exchange,Forward,NDF,UPI,QZX6BXL3CL6Z,New,,2024-08-09 03:46:53,JFTXFC,NA/Fwd NDF HUF XOF,HUF XOF,Spot,Forward price of underlying instrument,CASH,Cash,HUF,XOF,HUF,,,,,,,,,
1,Foreign_Exchange,Forward,NDF,UPI,QZKBS3VR35SX,New,,2024-08-09 03:46:54,JFTXFC,NA/Fwd NDF HUF XOF,HUF XOF,Spot,Forward price of underlying instrument,CASH,Cash,HUF,XOF,USD,,,,,,,,,
1,Foreign_Exchange,Forward,NDF,UPI,QZ72BFLVJLP4,New,,2024-08-09 03:47:12,JFTXFC,NA/Fwd NDF HUF INR,HUF INR,Spot,Forward price of underlying instrument,CASH,Cash,HUF,INR,USD,,,,,,,,,
1,Foreign_Exchange,Forward,NDF,UPI,QZMPDMRVFND4,New,,2024-08-09 03:47:19,JFTXFC,NA/Fwd NDF HUF ISK,HUF ISK,Spot,Forward price of underlying instrument,CASH,Cash,HUF,ISK,HUF,,,,,,,,,
1,Foreign_Exchange,Forward,NDF,UPI,QZWS7X43MWJG,New,,2024-08-09 03:47:20,JFTXFC,NA/Fwd NDF HUF ISK,HUF ISK,Spot,Forward price of underlying instrument,CASH,Cash,HUF,ISK,USD,,,,,,,,,
1,Foreign_Exchange,Forward,NDF,UPI,QZ981WDRVX5N,New,,2024-08-09 03:47:27,JFTXFC,NA/Fwd NDF HUF IDR,HUF IDR,Spot,Forward price of underlying instrument,CASH,Cash,HUF,IDR,USD,,,,,,,,,
1,Foreign_Exchange,Forward,NDF,UPI,QZMKLQ2W4N2B,New,,2024-08-09 03:47:52,JFTXFC,NA/Fwd NDF IDR RUB,IDR RUB,Spot,Forward price of underlying instrument,CASH,Cash,IDR,RUB,USD,,,,,,,,,
1,Foreign_Exchange,Forward,NDF,UPI,QZ26N45WSVQ2,New,,2024-08-09 03:47:55,JFTXFC,NA/Fwd NDF IDR MXN,IDR MXN,Spot,Forward price of underlying instrument,CASH,Cash,IDR,MXN,USD,,,,,,,,,
1,Foreign_Exchange,Forward,NDF,UPI,QZX8PQX8KJTW,New,,2024-08-09 03:47:57,JFTXFC,NA/Fwd NDF IDR KRW,IDR KRW,Spot,Forward price of underlying instrument,CASH,Cash,IDR,KRW,USD,,,,,,,,,
1,Foreign_Exchange,Forward,NDF,UPI,QZ42XG42NM2C,New,,2024-08-09 03:48:08,JFTXFC,NA/Fwd NDF IDR XOF,IDR XOF,Spot,Forward price of underlying instrument,CASH,Cash,IDR,XOF,USD,,,,,,,,,
1,Foreign_Exchange,Forward,NDF,UPI,QZR47RXN14CF,New,,2024-08-09 03:48:09,JFTXFC,NA/Fwd NDF IDR PHP,IDR PHP,Spot,Forward price of underlying instrument,CASH,Cash,IDR,PHP,USD,,,,,,,,,
1,Foreign_Exchange,Forward,NDF,UPI,QZ9KBQD1XVVS,New,,2024-08-09 03:48:12,JFTXFC,NA/Fwd NDF IDR NOK,IDR NOK,Spot,Forward price of underlying instrument,CASH,Cash,IDR,NOK,USD,,,,,,,,,
1,Foreign_Exchange,Forward,NDF,UPI,QZS7B9HQFCZ3,New,,2024-08-09 03:48:16,JFTXFC,NA/Fwd NDF IDR PEN,IDR PEN,Spot,Forward price of underlying instrument,CASH,Cash,IDR,PEN,USD,,,,,,,,,
1,Foreign_Exchange,Forward,NDF,UPI,QZGMVJ15HP1K,New,,2024-08-09 03:48:18,JFTXFC,NA/Fwd NDF IDR MYR,IDR MYR,Spot,Forward price of underlying instrument,CASH,Cash,IDR,MYR,USD,,,,,,,,,
1,Foreign_Exchange,Forward,NDF,UPI,QZXSZ4Z967GG,New,,2024-08-09 03:48:24,JFTXFC,NA/Fwd NDF IDR ILS,IDR ILS,Spot,Forward price of underlying instrument,CASH,Cash,IDR,ILS,ILS,,,,,,,,,
1,Foreign_Exchange,Forward,NDF,UPI,QZNJ5Z7KDB9Q,New,,2024-08-09 03:48:25,JFTXFC,NA/Fwd NDF IDR ILS,IDR ILS,Spot,Forward price of underlying instrument,CASH,Cash,IDR,ILS,USD,,,,,,,,,
1,Foreign_Exchange,Forward,NDF,UPI,QZBWDP5LRFC6,New,,2024-08-09 03:48:29,JFTXFC,NA/Fwd NDF IDR PKR,IDR PKR,Spot,Forward price of underlying instrument,CASH,Cash,IDR,PKR,USD,,,,,,,,,
1,Foreign_Exchange,Forward,NDF,UPI,QZPKV7L2P2NV,New,,2024-08-09 03:48:40,JFTXFC,NA/Fwd NDF IDR LKR,IDR LKR,Spot,Forward price of underlying instrument,CASH,Cash,IDR,LKR,USD,,,,,,,,,
1,Foreign_Exchange,Forward,NDF,UPI,QZ4NX17JRBGR,New,,2024-08-09 03:48:45,JFTXFC,NA/Fwd NDF ILS PEN,ILS PEN,Spot,Forward price of underlying instrument,CASH,Cash,ILS,PEN,ILS,,,,,,,,,
1,Foreign_Exchange,Forward,NDF,UPI,QZXS16J8PT5C,New,,2024-08-09 03:48:46,JFTXFC,NA/Fwd NDF ILS PEN,ILS PEN,Spot,Forward price of underlying instrument,CASH,Cash,ILS,PEN,USD,,,,,,,,,
1,Foreign_Exchange,Forward,NDF,UPI,QZDVJXQNT0P8,New,,2024-08-09 03:48:50,JFTXFC,NA/Fwd NDF ILS MYR,ILS MYR,Spot,Forward price of underlying instrument,CASH,Cash,ILS,MYR,ILS,,,,,,,,,
1,Foreign_Exchange,Forward,NDF,UPI,QZN66DMS6W92,New,,2024-08-09 03:48:52,JFTXFC,NA/Fwd NDF ILS MYR,ILS MYR,Spot,Forward price of underlying instrument,CASH,Cash,ILS,MYR,USD,,,,,,,,,
1,Foreign_Exchange,Forward,NDF,UPI,QZJRLT6C18SM,New,,2024-08-09 03:48:55,JFTXFC,NA/Fwd NDF ILS NOK,ILS NOK,Spot,Forward price of underlying instrument,CASH,Cash,ILS,NOK,USD,,,,,,,,,
1,Foreign_Exchange,Forward,NDF,UPI,QZ587S2BS43T,New,,2024-08-09 03:48:56,JFTXFC,NA/Fwd NDF ILS XOF,ILS XOF,Spot,Forward price of underlying instrument,CASH,Cash,ILS,XOF,ILS,,,,,,,,,
1,Foreign_Exchange,Forward,NDF,UPI,QZN2DNHJ7FZD,New,,2024-08-09 03:48:58,JFTXFC,NA/Fwd NDF ILS XOF,ILS XOF,Spot,Forward price of underlying instrument,CASH,Cash,ILS,XOF,USD,,,,,,,,,
1,Foreign_Exchange,Forward,NDF,UPI,QZMG3NQMW8QB,New,,2024-08-09 03:48:59,JFTXFC,NA/Fwd NDF ILS INR,ILS INR,Spot,Forward price of underlying instrument,CASH,Cash,ILS,INR,ILS,,,,,,,,,
1,Foreign_Exchange,Forward,NDF,UPI,QZNJJ8WXZJ1Z,New,,2024-08-09 03:49:00,JFTXFC,NA/Fwd NDF ILS INR,ILS INR,Spot,Forward price of underlying instrument,CASH,Cash,ILS,INR,USD,,,,,,,,,
1,Foreign_Exchange,Forward,NDF,UPI,QZB0QVMBJ2BT,New,,2024-08-09 03:49:02,JFTXFC,NA/Fwd NDF ILS LKR,ILS LKR,Spot,Forward price of underlying instrument,CASH,Cash,ILS,LKR,ILS,,,,,,,,,
1,Foreign_Exchange,Forward,NDF,UPI,QZMGZJ6VSJV2,New,,2024-08-09 03:49:03,JFTXFC,NA/Fwd NDF ILS LKR,ILS LKR,Spot,Forward price of underlying instrument,CASH,Cash,ILS,LKR,USD,,,,,,,,,
1,Foreign_Exchange,Forward,NDF,UPI,QZF6FH06C9QH,New,,2024-08-09 03:49:04,JFTXFC,NA/Fwd NDF ILS MXN,ILS MXN,Spot,Forward price of underlying instrument,CASH,Cash,ILS,MXN,ILS,,,,,,,,,
1,Foreign_Exchange,Forward,NDF,UPI,QZ7TFKXV3GHG,New,,2024-08-09 03:49:05,JFTXFC,NA/Fwd NDF ILS MXN,ILS MXN,Spot,Forward price of underlying instrument,CASH,Cash,ILS,MXN,USD,,,,,,,,,
1,Foreign_Exchange,Forward,NDF,UPI,QZ0WMZJHW4HS,New,,2024-08-09 03:49:08,JFTXFC,NA/Fwd NDF ILS KRW,ILS KRW,Spot,Forward price of underlying instrument,CASH,Cash,ILS,KRW,USD,,,,,,,,,
1,Foreign_Exchange,Forward,NDF,UPI,QZ33KHHM4LK6,New,,2024-08-09 03:49:09,JFTXFC,NA/Fwd NDF ILS PKR,ILS PKR,Spot,Forward price of underlying instrument,CASH,Cash,ILS,PKR,ILS,,,,,,,,,
1,Foreign_Exchange,Forward,NDF,UPI,QZM8QM4FHT52,New,,2024-08-09 03:49:10,JFTXFC,NA/Fwd NDF ILS PKR,ILS PKR,Spot,Forward price of underlying instrument,CASH,Cash,ILS,PKR,USD,,,,,,,,,
1,Foreign_Exchange,Forward,NDF,UPI,QZGJJN65GHJF,New,,2024-08-09 03:49:26,JFTXFC,NA/Fwd NDF ILS TWD,ILS TWD,Spot,Forward price of underlying instrument,CASH,Cash,ILS,TWD,ILS,,,,,,,,,
1,Foreign_Exchange,Forward,NDF,UPI,QZTND3PW8RH4,New,,2024-08-09 03:49:27,JFTXFC,NA/Fwd NDF ILS TWD,ILS TWD,Spot,Forward price of underlying instrument,CASH,Cash,ILS,TWD,USD,,,,,,,,,
1,Foreign_Exchange,Forward,NDF,UPI,QZX36S4M2X8S,New,,2024-08-09 03:49:29,JFTXFC,NA/Fwd NDF ILS RUB,ILS RUB,Spot,Forward price of underlying instrument,CASH,Cash,ILS,RUB,USD,,,,,,,,,
1,Foreign_Exchange,Forward,NDF,UPI,QZZNK2RBW893,New,,2024-08-09 03:49:29,JFTXFC,NA/Fwd NDF ILS RUB,ILS RUB,Spot,Forward price of underlying instrument,CASH,Cash,ILS,RUB,ILS,,,,,,,,,
1,Foreign_Exchange,Forward,NDF,UPI,QZK5R226JF6B,New,,2024-08-09 03:49:35,JFTXFC,NA/Fwd NDF ILS TRY,ILS TRY,Spot,Forward price of underlying instrument,CASH,Cash,ILS,TRY,ILS,,,,,,,,,
1,Foreign_Exchange,Forward,NDF,UPI,QZDHM78T9GJQ,New,,2024-08-09 03:49:36,JFTXFC,NA/Fwd NDF ILS TRY,ILS TRY,Spot,Forward price of underlying instrument,CASH,Cash,ILS,TRY,USD,,,,,,,,,
1,Foreign_Exchange,Forward,NDF,UPI,QZD3DMHZ7M7G,New,,2024-08-09 03:49:38,JFTXFC,NA/Fwd NDF ILS SEK,ILS SEK,Spot,Forward price of underlying instrument,CASH,Cash,ILS,SEK,USD,,,,,,,,,
1,Foreign_Exchange,Forward,NDF,UPI,QZX4DMGJQT1Q,New,,2024-08-09 03:49:39,JFTXFC,NA/Fwd NDF ILS PHP,ILS PHP,Spot,Forward price of underlying instrument,CASH,Cash,ILS,PHP,ILS,,,,,,,,,
1,Foreign_Exchange,Forward,NDF,UPI,QZXGWGFX0TFW,New,,2024-08-09 03:49:40,JFTXFC,NA/Fwd NDF ILS PHP,ILS PHP,Spot,Forward price of underlying instrument,CASH,Cash,ILS,PHP,USD,,,,,,,,,
1,Foreign_Exchange,Forward,NDF,UPI,QZSMCJD88P5J,New,,2024-08-09 03:49:43,JFTXFC,NA/Fwd NDF ILS NZD,ILS NZD,Spot,Forward price of underlying instrument,CASH,Cash,ILS,NZD,USD,,,,,,,,,
1,Foreign_Exchange,Forward,NDF,UPI,QZ9SBLFXNGL1,New,,2024-08-09 03:49:44,JFTXFC,NA/Fwd NDF ILS ISK,ILS ISK,Spot,Forward price of underlying instrument,CASH,Cash,ILS,ISK,ILS,,,,,,,,,
1,Foreign_Exchange,Forward,NDF,UPI,QZVKBVZSTCTJ,New,,2024-08-09 03:49:45,JFTXFC,NA/Fwd NDF ILS ISK,ILS ISK,Spot,Forward price of underlying instrument,CASH,Cash,ILS,ISK,USD,,,,,,,,,
1,Foreign_Exchange,Forward,NDF,UPI,QZJ55GW0RZH3,New,,2024-08-09 03:49:46,JFTXFC,NA/Fwd NDF ILS RON,ILS RON,Spot,Forward price of underlying instrument,CASH,Cash,ILS,RON,ILS,,,,,,,,,
1,Foreign_Exchange,Forward,NDF,UPI,QZ09F9Z8BNHC,New,,2024-08-09 03:49:47,JFTXFC,NA/Fwd NDF ILS RON,ILS RON,Spot,Forward price of underlying instrument,CASH,Cash,ILS,RON,USD,,,,,,,,,
1,Foreign_Exchange,Forward,NDF,UPI,QZ87G8W9SBVP,New,,2024-08-09 03:49:50,JFTXFC,NA/Fwd NDF ILS PLN,ILS PLN,Spot,Forward price of underlying instrument,CASH,Cash,ILS,PLN,USD,,,,,,,,,
1,Foreign_Exchange,Forward,NDF,UPI,QZVNGJ9GTGNN,New,,2024-08-09 03:50:12,JFTXFC,NA/Fwd NDF INR PEN,INR PEN,Spot,Forward price of underlying instrument,CASH,Cash,INR,PEN,USD,,,,,,,,,
1,Foreign_Exchange,Forward,NDF,UPI,QZF9QP8VX2G0,New,,2024-08-09 03:50:19,JFTXFC,NA/Fwd NDF INR XOF,INR XOF,Spot,Forward price of underlying instrument,CASH,Cash,INR,XOF,USD,,,,,,,,,
1,Foreign_Exchange,Forward,NDF,UPI,QZNTJG7GF2VX,New,,2024-08-09 03:50:27,JFTXFC,NA/Fwd NDF INR PKR,INR PKR,Spot,Forward price of underlying instrument,CASH,Cash,INR,PKR,USD,,,,,,,,,
1,Foreign_Exchange,Forward,NDF,UPI,QZZWWBMFFRX7,New,,2024-08-09 03:50:39,JFTXFC,NA/Fwd NDF INR LKR,INR LKR,Spot,Forward price of underlying instrument,CASH,Cash,INR,LKR,USD,,,,,,,,,
1,Foreign_Exchange,Forward,NDF,UPI,QZ8L649V2CRZ,New,,2024-08-09 03:50:48,JFTXFC,NA/Fwd NDF ISK NOK,ISK NOK,Spot,Forward price of underlying instrument,CASH,Cash,ISK,NOK,ISK,,,,,,,,,
1,Foreign_Exchange,Forward,NDF,UPI,QZ6D7SN318G5,New,,2024-08-09 03:50:49,JFTXFC,NA/Fwd NDF ISK NOK,ISK NOK,Spot,Forward price of underlying instrument,CASH,Cash,ISK,NOK,USD,,,,,,,,,
1,Foreign_Exchange,Forward,NDF,UPI,QZC51W33V707,New,,2024-08-09 03:50:52,JFTXFC,NA/Fwd NDF ISK MXN,ISK MXN,Spot,Forward price of underlying instrument,CASH,Cash,ISK,MXN,ISK,,,,,,,,,
1,Foreign_Exchange,Forward,NDF,UPI,QZHXJC42Q56W,New,,2024-08-09 03:50:54,JFTXFC,NA/Fwd NDF ISK MXN,ISK MXN,Spot,Forward price of underlying instrument,CASH,Cash,ISK,MXN,USD,,,,,,,,,
1,Foreign_Exchange,Forward,NDF,UPI,QZ1KPWM79FL7,New,,2024-08-09 03:50:55,JFTXFC,NA/Fwd NDF ISK TRY,ISK TRY,Spot,Forward price of underlying instrument,CASH,Cash,ISK,TRY,ISK,,,,,,,,,
1,Foreign_Exchange,Forward,NDF,UPI,QZCC3SKKZQ25,New,,2024-08-09 03:50:57,JFTXFC,NA/Fwd NDF ISK TRY,ISK TRY,Spot,Forward price of underlying instrument,CASH,Cash,ISK,TRY,USD,,,,,,,,,
1,Foreign_Exchange,Forward,NDF,UPI,QZ1GJXTHBHX6,New,,2024-08-09 03:51:01,JFTXFC,NA/Fwd NDF ISK NZD,ISK NZD,Spot,Forward price of underlying instrument,CASH,Cash,ISK,NZD,ISK,,,,,,,,,
1,Foreign_Exchange,Forward,NDF,UPI,QZBTLZFCX91N,New,,2024-08-09 03:51:03,JFTXFC,NA/Fwd NDF ISK NZD,ISK NZD,Spot,Forward price of underlying instrument,CASH,Cash,ISK,NZD,USD,,,,,,,,,
1,Foreign_Exchange,Forward,NDF,UPI,QZ79G07GD8GL,New,,2024-08-09 03:51:04,JFTXFC,NA/Fwd NDF ISK SEK,ISK SEK,Spot,Forward price of underlying instrument,CASH,Cash,ISK,SEK,ISK,,,,,,,,,
1,Foreign_Exchange,Forward,NDF,UPI,QZPG7KR7XBD6,New,,2024-08-09 03:51:06,JFTXFC,NA/Fwd NDF ISK SEK,ISK SEK,Spot,Forward price of underlying instrument,CASH,Cash,ISK,SEK,USD,,,,,,,,,
1,Foreign_Exchange,Forward,NDF,UPI,QZ84X5JL1NQ5,New,,2024-08-09 03:51:12,JFTXFC,NA/Fwd NDF ISK PLN,ISK PLN,Spot,Forward price of underlying instrument,CASH,Cash,ISK,PLN,ISK,,,,,,,,,
1,Foreign_Exchange,Forward,NDF,UPI,QZ5J9QXKFFTG,New,,2024-08-09 03:51:13,JFTXFC,NA/Fwd NDF ISK PLN,ISK PLN,Spot,Forward price of underlying instrument,CASH,Cash,ISK,PLN,USD,,,,,,,,,
1,Foreign_Exchange,Forward,NDF,UPI,QZM1M8NQMZGC,New,,2024-08-09 03:51:16,JFTXFC,NA/Fwd NDF ISK RUB,ISK RUB,Spot,Forward price of underlying instrument,CASH,Cash,ISK,RUB,ISK,,,,,,,,,
1,Foreign_Exchange,Forward,NDF,UPI,QZRGLB1KRN37,New,,2024-08-09 03:51:17,JFTXFC,NA/Fwd NDF ISK RUB,ISK RUB,Spot,Forward price of underlying instrument,CASH,Cash,ISK,RUB,USD,,,,,,,,,
1,Foreign_Exchange,Forward,NDF,UPI,QZNHHMT57HG5,New,,2024-08-09 03:51:21,JFTXFC,NA/Fwd NDF ISK RON,ISK RON,Spot,Forward price of underlying instrument,CASH,Cash,ISK,RON,ISK,,,,,,,,,
1,Foreign_Exchange,Forward,NDF,UPI,QZHM7JH63V72,New,,2024-08-09 03:51:22,JFTXFC,NA/Fwd NDF ISK RON,ISK RON,Spot,Forward price of underlying instrument,CASH,Cash,ISK,RON,USD,,,,,,,,,
1,Foreign_Exchange,Forward,NDF,UPI,QZ65L6L19PT9,New,,2024-08-09 03:51:27,JFTXFC,NA/Fwd NDF KES TZS,KES TZS,Spot,Forward price of underlying instrument,CASH,Cash,KES,TZS,KES,,,,,,,,,
1,Foreign_Exchange,Forward,NDF,UPI,QZ19D3NB9C15,New,,2024-08-09 03:51:28,JFTXFC,NA/Fwd NDF KES TZS,KES TZS,Spot,Forward price of underlying instrument,CASH,Cash,KES,TZS,USD,,,,,,,,,
1,Foreign_Exchange,Forward,NDF,UPI,QZ8L30XP5ZZL,New,,2024-08-09 03:51:30,JFTXFC,NA/Fwd NDF KES UGX,KES UGX,Spot,Forward price of underlying instrument,CASH,Cash,KES,UGX,KES,,,,,,,,,
1,Foreign_Exchange,Forward,NDF,UPI,QZG1FDTLDMJ2,New,,2024-08-09 03:51:31,JFTXFC,NA/Fwd NDF KES UGX,KES UGX,Spot,Forward price of underlying instrument,CASH,Cash,KES,UGX,USD,,,,,,,,,
1,Foreign_Exchange,Forward,NDF,UPI,QZBLN3CJG0VN,New,,2024-08-09 03:51:38,JFTXFC,NA/Fwd NDF KRW LKR,KRW LKR,Spot,Forward price of underlying instrument,CASH,Cash,KRW,LKR,USD,,,,,,,,,
1,Foreign_Exchange,Forward,NDF,UPI,QZTFF08JP3MB,New,,2024-08-09 03:51:41,JFTXFC,NA/Fwd NDF KRW XOF,KRW XOF,Spot,Forward price of underlying instrument,CASH,Cash,KRW,XOF,USD,,,,,,,,,
1,Foreign_Exchange,Forward,NDF,UPI,QZGJ12J73NHK,New,,2024-08-09 03:52:09,JFTXFC,NA/Fwd NDF KRW RUB,KRW RUB,Spot,Forward price of underlying instrument,CASH,Cash,KRW,RUB,USD,,,,,,,,,
1,Foreign_Exchange,Forward,NDF,UPI,QZ5W2WZVT07M,New,,2024-08-09 03:52:18,JFTXFC,NA/Fwd NDF KRW PHP,KRW PHP,Spot,Forward price of underlying instrument,CASH,Cash,KRW,PHP,USD,,,,,,,,,
1,Foreign_Exchange,Forward,NDF,UPI,QZDJRZRFW9S6,New,,2024-08-09 03:52:19,JFTXFC,NA/Fwd NDF KRW PKR,KRW PKR,Spot,Forward price of underlying instrument,CASH,Cash,KRW,PKR,USD,,,,,,,,,
1,Foreign_Exchange,Forward,NDF,UPI,QZ28C0P3MKKH,New,,2024-08-09 03:52:20,JFTXFC,NA/Fwd NDF KRW PEN,KRW PEN,Spot,Forward price of underlying instrument,CASH,Cash,KRW,PEN,USD,,,,,,,,,
1,Foreign_Exchange,Forward,NDF,UPI,QZDML9FDWM77,New,,2024-08-09 03:52:29,JFTXFC,NA/Fwd NDF LKR NOK,LKR NOK,Spot,Forward price of underlying instrument,CASH,Cash,LKR,NOK,NOK,,,,,,,,,
1,Foreign_Exchange,Forward,NDF,UPI,QZ1CRXGHHC9W,New,,2024-08-09 03:52:30,JFTXFC,NA/Fwd NDF LKR NOK,LKR NOK,Spot,Forward price of underlying instrument,CASH,Cash,LKR,NOK,USD,,,,,,,,,
1,Foreign_Exchange,Forward,NDF,UPI,QZKG9KGRFXKT,New,,2024-08-09 03:52:34,JFTXFC,NA/Fwd NDF LKR MYR,LKR MYR,Spot,Forward price of underlying instrument,CASH,Cash,LKR,MYR,USD,,,,,,,,,
1,Foreign_Exchange,Forward,NDF,UPI,QZQ74QRTJ0WL,New,,2024-08-09 03:52:36,JFTXFC,NA/Fwd NDF LKR RUB,LKR RUB,Spot,Forward price of underlying instrument,CASH,Cash,LKR,RUB,RUB,,,,,,,,,
1,Foreign_Exchange,Forward,NDF,UPI,QZ2HZ3KPWSWB,New,,2024-08-09 03:52:37,JFTXFC,NA/Fwd NDF LKR RUB,LKR RUB,Spot,Forward price of underlying instrument,CASH,Cash,LKR,RUB,USD,,,,,,,,,
1,Foreign_Exchange,Forward,NDF,UPI,QZDRZGSF6SZ5,New,,2024-08-09 03:52:38,JFTXFC,NA/Fwd NDF LKR NZD,LKR NZD,Spot,Forward price of underlying instrument,CASH,Cash,LKR,NZD,NZD,,,,,,,,,
1,Foreign_Exchange,Forward,NDF,UPI,QZWP60HJ1NDQ,New,,2024-08-09 03:52:40,JFTXFC,NA/Fwd NDF LKR NZD,LKR NZD,Spot,Forward price of underlying instrument,CASH,Cash,LKR,NZD,USD,,,,,,,,,
1,Foreign_Exchange,Forward,NDF,UPI,QZ0VQPWDG874,New,,2024-08-09 03:52:43,JFTXFC,NA/Fwd NDF LKR PHP,LKR PHP,Spot,Forward price of underlying instrument,CASH,Cash,LKR,PHP,USD,,,,,,,,,
1,Foreign_Exchange,Forward,NDF,UPI,QZ386XL11VSM,New,,2024-08-09 03:52:49,JFTXFC,NA/Fwd NDF LKR PEN,LKR PEN,Spot,Forward price of underlying instrument,CASH,Cash,LKR,PEN,USD,,,,,,,,,
1,Foreign_Exchange,Forward,NDF,UPI,QZN8CGMCRHZR,New,,2024-08-09 03:52:51,JFTXFC,NA/Fwd NDF LKR PLN,LKR PLN,Spot,Forward price of underlying instrument,CASH,Cash,LKR,PLN,PLN,,,,,,,,,
1,Foreign_Exchange,Forward,NDF,UPI,QZGFFL2Q76PZ,New,,2024-08-09 03:52:52,JFTXFC,NA/Fwd NDF LKR PLN,LKR PLN,Spot,Forward price of underlying instrument,CASH,Cash,LKR,PLN,USD,,,,,,,,,
1,Foreign_Exchange,Forward,NDF,UPI,QZ9ZKX5TR1G9,New,,2024-08-09 03:52:54,JFTXFC,NA/Fwd NDF LKR SEK,LKR SEK,Spot,Forward price of underlying instrument,CASH,Cash,LKR,SEK,SEK,,,,,,,,,
1,Foreign_Exchange,Forward,NDF,UPI,QZNTSRSFG8B3,New,,2024-08-09 03:52:55,JFTXFC,NA/Fwd NDF LKR SEK,LKR SEK,Spot,Forward price of underlying instrument,CASH,Cash,LKR,SEK,USD,,,,,,,,,
1,Foreign_Exchange,Forward,NDF,UPI,QZ3QJD7Z81BL,New,,2024-08-09 03:53:01,JFTXFC,NA/Fwd NDF LKR MXN,LKR MXN,Spot,Forward price of underlying instrument,CASH,Cash,LKR,MXN,MXN,,,,,,,,,
1,Foreign_Exchange,Forward,NDF,UPI,QZPR091DK11M,New,,2024-08-09 03:53:03,JFTXFC,NA/Fwd NDF LKR MXN,LKR MXN,Spot,Forward price of underlying instrument,CASH,Cash,LKR,MXN,USD,,,,,,,,,
1,Foreign_Exchange,Forward,NDF,UPI,QZZJQ0P8QHLW,New,,2024-08-09 03:53:04,JFTXFC,NA/Fwd NDF LKR XOF,LKR XOF,Spot,Forward price of underlying instrument,CASH,Cash,LKR,XOF,USD,,,,,,,,,
1,Foreign_Exchange,Forward,NDF,UPI,QZRPZQ20LJ67,New,,2024-08-09 03:53:09,JFTXFC,NA/Fwd NDF LKR TWD,LKR TWD,Spot,Forward price of underlying instrument,CASH,Cash,LKR,TWD,USD,,,,,,,,,
1,Foreign_Exchange,Forward,NDF,UPI,QZ71R99JCQJ1,New,,2024-08-09 03:53:15,JFTXFC,NA/Fwd NDF LKR PKR,LKR PKR,Spot,Forward price of underlying instrument,CASH,Cash,LKR,PKR,USD,,,,,,,,,
1,Foreign_Exchange,Forward,NDF,UPI,QZH8SW9PC20W,New,,2024-08-09 03:53:27,JFTXFC,NA/Fwd NDF LYD MAD,LYD MAD,Spot,Forward price of underlying instrument,CASH,Cash,LYD,MAD,MAD,,,,,,,,,
1,Foreign_Exchange,Forward,NDF,UPI,QZ0WRL3ZG1CV,New,,2024-08-09 03:53:29,JFTXFC,NA/Fwd NDF LYD MAD,LYD MAD,Spot,Forward price of underlying instrument,CASH,Cash,LYD,MAD,USD,,,,,,,,,
1,Foreign_Exchange,Forward,NDF,UPI,QZTKJCTZ7XF5,New,,2024-08-09 03:53:35,JFTXFC,NA/Fwd NDF MAD TRY,MAD TRY,Spot,Forward price of underlying instrument,CASH,Cash,MAD,TRY,MAD,,,,,,,,,
1,Foreign_Exchange,Forward,NDF,UPI,QZR79C81S8BQ,New,,2024-08-09 03:53:36,JFTXFC,NA/Fwd NDF MAD TRY,MAD TRY,Spot,Forward price of underlying instrument,CASH,Cash,MAD,TRY,USD,,,,,,,,,
1,Foreign_Exchange,Forward,NDF,UPI,QZR3NJQW8HGT,New,,2024-08-09 03:53:37,JFTXFC,NA/Fwd NDF MAD TND,MAD TND,Spot,Forward price of underlying instrument,CASH,Cash,MAD,TND,MAD,,,,,,,,,
1,Foreign_Exchange,Forward,NDF,UPI,QZ4BQWDTNLN1,New,,2024-08-09 03:53:38,JFTXFC,NA/Fwd NDF MAD TND,MAD TND,Spot,Forward price of underlying instrument,CASH,Cash,MAD,TND,USD,,,,,,,,,
1,Foreign_Exchange,Forward,NDF,UPI,QZC926RB3WX2,New,,2024-08-09 03:53:39,JFTXFC,NA/Fwd NDF MAD XAF,MAD XAF,Spot,Forward price of underlying instrument,CASH,Cash,MAD,XAF,MAD,,,,,,,,,
1,Foreign_Exchange,Forward,NDF,UPI,QZVSVFLCSK4M,New,,2024-08-09 03:53:40,JFTXFC,NA/Fwd NDF MAD XAF,MAD XAF,Spot,Forward price of underlying instrument,CASH,Cash,MAD,XAF,USD,,,,,,,,,
1,Foreign_Exchange,Forward,NDF,UPI,QZGLD3GCFC10,New,,2024-08-09 03:53:41,JFTXFC,NA/Fwd NDF MAD MRO,MAD MRO,Spot,Forward price of underlying instrument,CASH,Cash,MAD,MRO,MAD,,,,,,,,,
1,Foreign_Exchange,Forward,NDF,UPI,QZ86VPGR7SV0,New,,2024-08-09 03:53:43,JFTXFC,NA/Fwd NDF MAD MRO,MAD MRO,Spot,Forward price of underlying instrument,CASH,Cash,MAD,MRO,USD,,,,,,,,,
1,Foreign_Exchange,Forward,NDF,UPI,QZDLJVTSL5VT,New,,2024-08-09 03:53:46,JFTXFC,NA/Fwd NDF MAD XOF,MAD XOF,Spot,Forward price of underlying instrument,CASH,Cash,MAD,XOF,MAD,,,,,,,,,
1,Foreign_Exchange,Forward,NDF,UPI,QZW3QXMNG9CV,New,,2024-08-09 03:53:47,JFTXFC,NA/Fwd NDF MAD XOF,MAD XOF,Spot,Forward price of underlying instrument,CASH,Cash,MAD,XOF,USD,,,,,,,,,
1,Foreign_Exchange,Forward,NDF,UPI,QZKR7R89P622,New,,2024-08-09 03:53:49,JFTXFC,NA/Fwd NDF MAD SEK,MAD SEK,Spot,Forward price of underlying instrument,CASH,Cash,MAD,SEK,MAD,,,,,,,,,
1,Foreign_Exchange,Forward,NDF,UPI,QZ0B62MW8TRD,New,,2024-08-09 03:53:50,JFTXFC,NA/Fwd NDF MAD SEK,MAD SEK,Spot,Forward price of underlying instrument,CASH,Cash,MAD,SEK,USD,,,,,,,,,
1,Foreign_Exchange,Forward,NDF,UPI,QZD0HT709VF8,New,,2024-08-09 03:54:01,JFTXFC,NA/Fwd NDF MAD RUB,MAD RUB,Spot,Forward price of underlying instrument,CASH,Cash,MAD,RUB,MAD,,,,,,,,,
1,Foreign_Exchange,Forward,NDF,UPI,QZ9GW6T8SCZL,New,,2024-08-09 03:54:02,JFTXFC,NA/Fwd NDF MAD RUB,MAD RUB,Spot,Forward price of underlying instrument,CASH,Cash,MAD,RUB,USD,,,,,,,,,
1,Foreign_Exchange,Forward,NDF,UPI,QZ1LR8LJMB2D,New,,2024-08-09 03:54:03,JFTXFC,NA/Fwd NDF MAD NOK,MAD NOK,Spot,Forward price of underlying instrument,CASH,Cash,MAD,NOK,MAD,,,,,,,,,
1,Foreign_Exchange,Forward,NDF,UPI,QZ9P44TQCVXM,New,,2024-08-09 03:54:04,JFTXFC,NA/Fwd NDF MAD NOK,MAD NOK,Spot,Forward price of underlying instrument,CASH,Cash,MAD,NOK,USD,,,,,,,,,
1,Foreign_Exchange,Forward,NDF,UPI,QZGKB9CDC5D8,New,,2024-08-09 03:54:30,JFTXFC,NA/Fwd NDF MXN MYR,MXN MYR,Spot,Forward price of underlying instrument,CASH,Cash,MXN,MYR,USD,,,,,,,,,
1,Foreign_Exchange,Forward,NDF,UPI,QZPCPPSJXMGJ,New,,2024-08-09 03:54:33,JFTXFC,NA/Fwd NDF MXN PEN,MXN PEN,Spot,Forward price of underlying instrument,CASH,Cash,MXN,PEN,USD,,,,,,,,,
1,Foreign_Exchange,Forward,NDF,UPI,QZ7GDNLM82XD,New,,2024-08-09 03:54:35,JFTXFC,NA/Fwd NDF MXN RUB,MXN RUB,Spot,Forward price of underlying instrument,CASH,Cash,MXN,RUB,USD,,,,,,,,,
1,Foreign_Exchange,Forward,NDF,UPI,QZTSMN75TWW2,New,,2024-08-09 03:54:41,JFTXFC,NA/Fwd NDF MXN TWD,MXN TWD,Spot,Forward price of underlying instrument,CASH,Cash,MXN,TWD,USD,,,,,,,,,
1,Foreign_Exchange,Forward,NDF,UPI,QZMF14TT9XCJ,New,,2024-08-09 03:54:48,JFTXFC,NA/Fwd NDF MXN XOF,MXN XOF,Spot,Forward price of underlying instrument,CASH,Cash,MXN,XOF,MXN,,,,,,,,,
1,Foreign_Exchange,Forward,NDF,UPI,QZT277B7NPBG,New,,2024-08-09 03:54:50,JFTXFC,NA/Fwd NDF MXN XOF,MXN XOF,Spot,Forward price of underlying instrument,CASH,Cash,MXN,XOF,USD,,,,,,,,,
1,Foreign_Exchange,Forward,NDF,UPI,QZ3GNM3X99Q7,New,,2024-08-09 03:54:58,JFTXFC,NA/Fwd NDF MXN PHP,MXN PHP,Spot,Forward price of underlying instrument,CASH,Cash,MXN,PHP,USD,,,,,,,,,
1,Foreign_Exchange,Forward,NDF,UPI,QZ04QW3M584R,New,,2024-08-09 03:55:00,JFTXFC,NA/Fwd NDF MXN PKR,MXN PKR,Spot,Forward price of underlying instrument,CASH,Cash,MXN,PKR,USD,,,,,,,,,
1,Foreign_Exchange,Forward,NDF,UPI,QZ36VX6WT0MR,New,,2024-08-09 03:55:23,JFTXFC,NA/Fwd NDF MYR TWD,MYR TWD,Spot,Forward price of underlying instrument,CASH,Cash,MYR,TWD,USD,,,,,,,,,
1,Foreign_Exchange,Forward,NDF,UPI,QZNM6V4XSM7P,New,,2024-08-09 03:55:26,JFTXFC,NA/Fwd NDF MYR RUB,MYR RUB,Spot,Forward price of underlying instrument,CASH,Cash,MYR,RUB,RUB,,,,,,,,,
1,Foreign_Exchange,Forward,NDF,UPI,QZBMT9ZQBFVW,New,,2024-08-09 03:55:27,JFTXFC,NA/Fwd NDF MYR RUB,MYR RUB,Spot,Forward price of underlying instrument,CASH,Cash,MYR,RUB,USD,,,,,,,,,
1,Foreign_Exchange,Forward,NDF,UPI,QZTGNH0NFBND,New,,2024-08-09 03:55:29,JFTXFC,NA/Fwd NDF MYR PEN,MYR PEN,Spot,Forward price of underlying instrument,CASH,Cash,MYR,PEN,USD,,,,,,,,,
1,Foreign_Exchange,Forward,NDF,UPI,QZ9PK0Q2TBC7,New,,2024-08-09 03:55:32,JFTXFC,NA/Fwd NDF MYR XOF,MYR XOF,Spot,Forward price of underlying instrument,CASH,Cash,MYR,XOF,USD,,,,,,,,,
1,Foreign_Exchange,Forward,NDF,UPI,QZR9LH8PXR9N,New,,2024-08-09 03:55:43,JFTXFC,NA/Fwd NDF MYR PKR,MYR PKR,Spot,Forward price of underlying instrument,CASH,Cash,MYR,PKR,USD,,,,,,,,,
1,Foreign_Exchange,Forward,NDF,UPI,QZSMRS81STXM,New,,2024-08-09 03:56:01,JFTXFC,NA/Fwd NDF NOK PKR,NOK PKR,Spot,Forward price of underlying instrument,CASH,Cash,NOK,PKR,USD,,,,,,,,,
1,Foreign_Exchange,Forward,NDF,UPI,QZ62RSX2JZF9,New,,2024-08-09 03:56:07,JFTXFC,NA/Fwd NDF NOK PHP,NOK PHP,Spot,Forward price of underlying instrument,CASH,Cash,NOK,PHP,USD,,,,,,,,,
1,Foreign_Exchange,Forward,NDF,UPI,QZ8CFBDQ27V8,New,,2024-08-09 03:56:08,JFTXFC,NA/Fwd NDF NOK XOF,NOK XOF,Spot,Forward price of underlying instrument,CASH,Cash,NOK,XOF,NOK,,,,,,,,,
1,Foreign_Exchange,Forward,NDF,UPI,QZVDRM2DK41J,New,,2024-08-09 03:56:10,JFTXFC,NA/Fwd NDF NOK XOF,NOK XOF,Spot,Forward price of underlying instrument,CASH,Cash,NOK,XOF,USD,,,,,,,,,
1,Foreign_Exchange,Forward,NDF,UPI,QZJHRCG8ZSPZ,New,,2024-08-09 03:56:44,JFTXFC,NA/Fwd NDF NZD VND,NZD VND,Spot,Forward price of underlying instrument,CASH,Cash,NZD,VND,USD,,,,,,,,,
1,Foreign_Exchange,Forward,NDF,UPI,QZMVL5C6G2V7,New,,2024-08-09 03:56:46,JFTXFC,NA/Fwd NDF NZD PKR,NZD PKR,Spot,Forward price of underlying instrument,CASH,Cash,NZD,PKR,USD,,,,,,,,,
1,Foreign_Exchange,Forward,NDF,UPI,QZ9BF0L10LLG,New,,2024-08-09 03:56:48,JFTXFC,NA/Fwd NDF NZD XOF,NZD XOF,Spot,Forward price of underlying instrument,CASH,Cash,NZD,XOF,NZD,,,,,,,,,
1,Foreign_Exchange,Forward,NDF,UPI,QZPFFHCGQ67B,New,,2024-08-09 03:56:49,JFTXFC,NA/Fwd NDF NZD XOF,NZD XOF,Spot,Forward price of underlying instrument,CASH,Cash,NZD,XOF,USD,,,,,,,,,
1,Foreign_Exchange,Forward,NDF,UPI,QZNJK5TC9506,New,,2024-08-09 03:57:31,JFTXFC,NA/Fwd NDF PEN PHP,PEN PHP,Spot,Forward price of underlying instrument,CASH,Cash,PEN,PHP,USD,,,,,,,,,
1,Foreign_Exchange,Forward,NDF,UPI,QZHV7P6NB8SP,New,,2024-08-09 03:57:34,JFTXFC,NA/Fwd NDF PEN PLN,PEN PLN,Spot,Forward price of underlying instrument,CASH,Cash,PEN,PLN,USD,,,,,,,,,
1,Foreign_Exchange,Forward,NDF,UPI,QZL6JHDQR7D4,New,,2024-08-09 03:57:35,JFTXFC,NA/Fwd NDF PEN RUB,PEN RUB,Spot,Forward price of underlying instrument,CASH,Cash,PEN,RUB,RUB,,,,,,,,,
1,Foreign_Exchange,Forward,NDF,UPI,QZ1W35L71TF0,New,,2024-08-09 03:57:36,JFTXFC,NA/Fwd NDF PEN RUB,PEN RUB,Spot,Forward price of underlying instrument,CASH,Cash,PEN,RUB,USD,,,,,,,,,
1,Foreign_Exchange,Forward,NDF,UPI,QZHD2XDS5CPM,New,,2024-08-09 03:57:37,JFTXFC,NA/Fwd NDF PEN XOF,PEN XOF,Spot,Forward price of underlying instrument,CASH,Cash,PEN,XOF,USD,,,,,,,,,
1,Foreign_Exchange,Forward,NDF,UPI,QZ6DPB35QTWG,New,,2024-08-09 03:57:41,JFTXFC,NA/Fwd NDF PEN PKR,PEN PKR,Spot,Forward price of underlying instrument,CASH,Cash,PEN,PKR,USD,,,,,,,,,
1,Foreign_Exchange,Forward,NDF,UPI,QZK08BGCSFVN,New,,2024-08-09 03:57:43,JFTXFC,NA/Fwd NDF PEN TWD,PEN TWD,Spot,Forward price of underlying instrument,CASH,Cash,PEN,TWD,USD,,,,,,,,,
1,Foreign_Exchange,Forward,NDF,UPI,QZPP55831F1P,New,,2024-08-09 03:57:55,JFTXFC,NA/Fwd NDF PHP TWD,PHP TWD,Spot,Forward price of underlying instrument,CASH,Cash,PHP,TWD,USD,,,,,,,,,
1,Foreign_Exchange,Forward,NDF,UPI,QZ8T301ZPDDK,New,,2024-08-09 03:57:56,JFTXFC,NA/Fwd NDF PHP PKR,PHP PKR,Spot,Forward price of underlying instrument,CASH,Cash,PHP,PKR,USD,,,,,,,,,
1,Foreign_Exchange,Forward,NDF,UPI,QZ5H88NB1SN5,New,,2024-08-09 03:58:03,JFTXFC,NA/Fwd NDF PHP RUB,PHP RUB,Spot,Forward price of underlying instrument,CASH,Cash,PHP,RUB,USD,,,,,,,,,
1,Foreign_Exchange,Forward,NDF,UPI,QZTGGBZLNWVL,New,,2024-08-09 03:58:09,JFTXFC,NA/Fwd NDF PHP PLN,PHP PLN,Spot,Forward price of underlying instrument,CASH,Cash,PHP,PLN,USD,,,,,,,,,
1,Foreign_Exchange,Forward,NDF,UPI,QZN1K8MCPZ5F,New,,2024-08-09 03:58:13,JFTXFC,NA/Fwd NDF PHP XOF,PHP XOF,Spot,Forward price of underlying instrument,CASH,Cash,PHP,XOF,USD,,,,,,,,,
1,Foreign_Exchange,Forward,NDF,UPI,QZH8NCGGTNZS,New,,2024-08-09 03:58:18,JFTXFC,NA/Fwd NDF PKR RUB,PKR RUB,Spot,Forward price of underlying instrument,CASH,Cash,PKR,RUB,USD,,,,,,,,,
1,Foreign_Exchange,Forward,NDF,UPI,QZ9XRL3KDKLK,New,,2024-08-09 03:58:20,JFTXFC,NA/Fwd NDF PKR PLN,PKR PLN,Spot,Forward price of underlying instrument,CASH,Cash,PKR,PLN,USD,,,,,,,,,
1,Foreign_Exchange,Forward,NDF,UPI,QZTDK6H1BGMJ,New,,2024-08-09 03:58:23,JFTXFC,NA/Fwd NDF PKR XOF,PKR XOF,Spot,Forward price of underlying instrument,CASH,Cash,PKR,XOF,USD,,,,,,,,,
1,Foreign_Exchange,Forward,NDF,UPI,QZJVZ0XVGXFR,New,,2024-08-09 03:58:26,JFTXFC,NA/Fwd NDF PKR TWD,PKR TWD,Spot,Forward price of underlying instrument,CASH,Cash,PKR,TWD,USD,,,,,,,,,
1,Foreign_Exchange,Forward,NDF,UPI,QZ3WNBSQW9DL,New,,2024-08-09 03:58:30,JFTXFC,NA/Fwd NDF PKR SEK,PKR SEK,Spot,Forward price of underlying instrument,CASH,Cash,PKR,SEK,USD,,,,,,,,,
1,Foreign_Exchange,Forward,NDF,UPI,QZDHKS97JPH5,New,,2024-08-09 03:58:35,JFTXFC,NA/Fwd NDF PLN TRY,PLN TRY,Spot,Forward price of underlying instrument,CASH,Cash,PLN,TRY,USD,,,,,,,,,
1,Foreign_Exchange,Forward,NDF,UPI,QZ2QHC1P73DG,New,,2024-08-09 03:58:39,JFTXFC,NA/Fwd NDF PLN XOF,PLN XOF,Spot,Forward price of underlying instrument,CASH,Cash,PLN,XOF,USD,,,,,,,,,
1,Foreign_Exchange,Forward,NDF,UPI,QZCB8L2H54BT,New,,2024-08-09 03:58:39,JFTXFC,NA/Fwd NDF PLN XOF,PLN XOF,Spot,Forward price of underlying instrument,CASH,Cash,PLN,XOF,PLN,,,,,,,,,
1,Foreign_Exchange,Forward,NDF,UPI,QZ2HDGJXDTSJ,New,,2024-08-09 03:58:45,JFTXFC,NA/Fwd NDF PLN RSD,PLN RSD,Spot,Forward price of underlying instrument,CASH,Cash,PLN,RSD,PLN,,,,,,,,,
1,Foreign_Exchange,Forward,NDF,UPI,QZ02KHZSGVWC,New,,2024-08-09 03:58:46,JFTXFC,NA/Fwd NDF PLN RSD,PLN RSD,Spot,Forward price of underlying instrument,CASH,Cash,PLN,RSD,USD,,,,,,,,,
1,Foreign_Exchange,Forward,NDF,UPI,QZLXTSP5S12C,New,,2024-08-09 03:58:54,JFTXFC,NA/Fwd NDF PLN TWD,PLN TWD,Spot,Forward price of underlying instrument,CASH,Cash,PLN,TWD,USD,,,,,,,,,
1,Foreign_Exchange,Forward,NDF,UPI,QZP0QK2KVG4R,New,,2024-08-09 03:59:05,JFTXFC,NA/Fwd NDF RON RUB,RON RUB,Spot,Forward price of underlying instrument,CASH,Cash,RON,RUB,RON,,,,,,,,,
1,Foreign_Exchange,Forward,NDF,UPI,QZJ3C7BB3LL7,New,,2024-08-09 03:59:06,JFTXFC,NA/Fwd NDF RON RUB,RON RUB,Spot,Forward price of underlying instrument,CASH,Cash,RON,RUB,USD,,,,,,,,,
1,Foreign_Exchange,Forward,NDF,UPI,QZGH8ZQS3DKK,New,,2024-08-09 03:59:10,JFTXFC,NA/Fwd NDF RON TRY,RON TRY,Spot,Forward price of underlying instrument,CASH,Cash,RON,TRY,RON,,,,,,,,,
1,Foreign_Exchange,Forward,NDF,UPI,QZ2J3GQH8HSD,New,,2024-08-09 03:59:11,JFTXFC,NA/Fwd NDF RON TRY,RON TRY,Spot,Forward price of underlying instrument,CASH,Cash,RON,TRY,USD,,,,,,,,,
1,Foreign_Exchange,Forward,NDF,UPI,QZ0B7N5J5T14,New,,2024-08-09 03:59:25,JFTXFC,NA/Fwd NDF RUB TWD,RUB TWD,Spot,Forward price of underlying instrument,CASH,Cash,RUB,TWD,USD,,,,,,,,,
1,Foreign_Exchange,Forward,NDF,UPI,QZCK41MLT9MC,New,,2024-08-09 03:59:33,JFTXFC,NA/Fwd NDF RUB XOF,RUB XOF,Spot,Forward price of underlying instrument,CASH,Cash,RUB,XOF,RUB,,,,,,,,,
1,Foreign_Exchange,Forward,NDF,UPI,QZ4FLXGM8HZS,New,,2024-08-09 03:59:34,JFTXFC,NA/Fwd NDF RUB XOF,RUB XOF,Spot,Forward price of underlying instrument,CASH,Cash,RUB,XOF,USD,,,,,,,,,
1,Foreign_Exchange,Forward,NDF,UPI,QZXD1SNGWHVJ,New,,2024-08-09 04:00:02,JFTXFC,NA/Fwd NDF SEK XOF,SEK XOF,Spot,Forward price of underlying instrument,CASH,Cash,SEK,XOF,SEK,,,,,,,,,
1,Foreign_Exchange,Forward,NDF,UPI,QZM3WB3TQR3S,New,,2024-08-09 04:00:04,JFTXFC,NA/Fwd NDF SEK XOF,SEK XOF,Spot,Forward price of underlying instrument,CASH,Cash,SEK,XOF,USD,,,,,,,,,
1,Foreign_Exchange,Forward,NDF,UPI,QZVFL1DLFJ82,New,,2024-08-09 04:00:23,JFTXFC,NA/Fwd NDF TWD VND,TWD VND,Spot,Forward price of underlying instrument,CASH,Cash,TWD,VND,USD,,,,,,,,,
1,Foreign_Exchange,Forward,NDF,UPI,QZGMRLTGZT88,New,,2024-08-09 04:00:24,JFTXFC,NA/Fwd NDF TWD XOF,TWD XOF,Spot,Forward price of underlying instrument,CASH,Cash,TWD,XOF,USD,,,,,,,,,
1,Foreign_Exchange,Forward,NDF,UPI,QZSFPVRSR641,New,,2024-08-09 04:00:43,JFTXFC,NA/Fwd NDF AED ZAR,AED ZAR,Spot,Forward price of underlying instrument,CASH,Cash,AED,ZAR,USD,,,,,,,,,
1,Foreign_Exchange,Forward,NDF,UPI,QZQT4TW332KJ,New,,2024-08-09 04:01:20,JFTXFC,NA/Fwd NDF AED BHD,AED BHD,Spot,Forward price of underlying instrument,CASH,Cash,AED,BHD,USD,,,,,,,,,
1,Foreign_Exchange,Forward,NDF,UPI,QZ0QBSDR66C7,New,,2024-08-09 04:01:39,JFTXFC,NA/Fwd NDF AED OMR,AED OMR,Spot,Forward price of underlying instrument,CASH,Cash,AED,OMR,USD,,,,,,,,,
1,Foreign_Exchange,Forward,NDF,UPI,QZ99F81VHN9C,New,,2024-08-09 04:01:41,JFTXFC,NA/Fwd NDF AED KWD,AED KWD,Spot,Forward price of underlying instrument,CASH,Cash,AED,KWD,USD,,,,,,,,,
1,Foreign_Exchange,Forward,NDF,UPI,QZDV08N48WNS,New,,2024-08-09 04:02:31,JFTXFC,NA/Fwd NDF AED JOD,AED JOD,Spot,Forward price of underlying instrument,CASH,Cash,AED,JOD,USD,,,,,,,,,
1,Foreign_Exchange,Forward,NDF,UPI,QZ9H0W2SKW57,New,,2024-08-09 04:02:33,JFTXFC,NA/Fwd NDF AED QAR,AED QAR,Spot,Forward price of underlying instrument,CASH,Cash,AED,QAR,USD,,,,,,,,,
1,Foreign_Exchange,Forward,NDF,UPI,QZB5JC6GHCCT,New,,2024-08-09 04:02:53,JFTXFC,NA/Fwd NDF AUD JOD,AUD JOD,Spot,Forward price of underlying instrument,CASH,Cash,AUD,JOD,AUD,,,,,,,,,
1,Foreign_Exchange,Forward,NDF,UPI,QZ4HFCHN074W,New,,2024-08-09 04:02:55,JFTXFC,NA/Fwd NDF AUD JOD,AUD JOD,Spot,Forward price of underlying instrument,CASH,Cash,AUD,JOD,USD,,,,,,,,,
1,Foreign_Exchange,Forward,NDF,UPI,QZ3SC3NBMPBK,New,,2024-08-09 04:04:22,JFTXFC,NA/Fwd NDF AUD OMR,AUD OMR,Spot,Forward price of underlying instrument,CASH,Cash,AUD,OMR,AUD,,,,,,,,,
1,Foreign_Exchange,Forward,NDF,UPI,QZGW0WN1X493,New,,2024-08-09 04:04:23,JFTXFC,NA/Fwd NDF AUD OMR,AUD OMR,Spot,Forward price of underlying instrument,CASH,Cash,AUD,OMR,USD,,,,,,,,,
1,Foreign_Exchange,Forward,NDF,UPI,QZ5G87VW7DXT,New,,2024-08-09 04:04:31,JFTXFC,NA/Fwd NDF AUD BHD,AUD BHD,Spot,Forward price of underlying instrument,CASH,Cash,AUD,BHD,USD,,,,,,,,,
1,Foreign_Exchange,Forward,NDF,UPI,QZJZBZ0TX4WN,New,,2024-08-09 04:04:49,JFTXFC,NA/Fwd NDF AUD QAR,AUD QAR,Spot,Forward price of underlying instrument,CASH,Cash,AUD,QAR,USD,,,,,,,,,
1,Foreign_Exchange,Forward,NDF,UPI,QZ96G7V193GJ,New,,2024-08-09 04:06:32,JFTXFC,NA/Fwd NDF BGN JPY,BGN JPY,Spot,Forward price of underlying instrument,CASH,Cash,BGN,JPY,JPY,,,,,,,,,
1,Foreign_Exchange,Forward,NDF,UPI,QZV72M2C7N9M,New,,2024-08-09 04:06:33,JFTXFC,NA/Fwd NDF BGN JPY,BGN JPY,Spot,Forward price of underlying instrument,CASH,Cash,BGN,JPY,USD,,,,,,,,,
1,Foreign_Exchange,Forward,NDF,UPI,QZJJ86833MR9,New,,2024-08-09 04:07:45,JFTXFC,NA/Fwd NDF BHD SEK,BHD SEK,Spot,Forward price of underlying instrument,CASH,Cash,BHD,SEK,USD,,,,,,,,,
1,Foreign_Exchange,Forward,NDF,UPI,QZKZJ8WRMK1D,New,,2024-08-09 04:07:47,JFTXFC,NA/Fwd NDF BHD NOK,BHD NOK,Spot,Forward price of underlying instrument,CASH,Cash,BHD,NOK,USD,,,,,,,,,
1,Foreign_Exchange,Forward,NDF,UPI,QZF3ZXMVCP72,New,,2024-08-09 04:07:51,JFTXFC,NA/Fwd NDF BHD NZD,BHD NZD,Spot,Forward price of underlying instrument,CASH,Cash,BHD,NZD,USD,,,,,,,,,
1,Foreign_Exchange,Forward,NDF,UPI,QZ25961LPLZS,New,,2024-08-09 04:07:53,JFTXFC,NA/Fwd NDF BHD KWD,BHD KWD,Spot,Forward price of underlying instrument,CASH,Cash,BHD,KWD,USD,,,,,,,,,
1,Foreign_Exchange,Forward,NDF,UPI,QZ8SLTTL9F32,New,,2024-08-09 04:07:56,JFTXFC,NA/Fwd NDF BHD OMR,BHD OMR,Spot,Forward price of underlying instrument,CASH,Cash,BHD,OMR,USD,,,,,,,,,
1,Foreign_Exchange,Forward,NDF,UPI,QZ4MKLHN3BPF,New,,2024-08-09 04:07:59,JFTXFC,NA/Fwd NDF BHD GBP,BHD GBP,Spot,Forward price of underlying instrument,CASH,Cash,BHD,GBP,USD,,,,,,,,,
1,Foreign_Exchange,Forward,NDF,UPI,QZ2THPK75SDP,New,,2024-08-09 04:08:01,JFTXFC,NA/Fwd NDF BHD CHF,BHD CHF,Spot,Forward price of underlying instrument,CASH,Cash,BHD,CHF,USD,,,,,,,,,
1,Foreign_Exchange,Forward,NDF,UPI,QZNWXJNR47LN,New,,2024-08-09 04:08:04,JFTXFC,NA/Fwd NDF BHD QAR,BHD QAR,Spot,Forward price of underlying instrument,CASH,Cash,BHD,QAR,BHD,,,,,,,,,
1,Foreign_Exchange,Forward,NDF,UPI,QZ0MJJTQMZ6M,New,,2024-08-09 04:08:06,JFTXFC,NA/Fwd NDF BHD QAR,BHD QAR,Spot,Forward price of underlying instrument,CASH,Cash,BHD,QAR,USD,,,,,,,,,
1,Foreign_Exchange,Forward,NDF,UPI,QZS5GDFG1H4H,New,,2024-08-09 04:08:09,JFTXFC,NA/Fwd NDF BHD CAD,BHD CAD,Spot,Forward price of underlying instrument,CASH,Cash,BHD,CAD,USD,,,,,,,,,
1,Foreign_Exchange,Forward,NDF,UPI,QZ3FCLJ1KKZW,New,,2024-08-09 04:08:15,JFTXFC,NA/Fwd NDF BHD MAD,BHD MAD,Spot,Forward price of underlying instrument,CASH,Cash,BHD,MAD,USD,,,,,,,,,
1,Foreign_Exchange,Forward,NDF,UPI,QZ17P6F4JDM8,New,,2024-08-09 04:08:17,JFTXFC,NA/Fwd NDF BHD SAR,BHD SAR,Spot,Forward price of underlying instrument,CASH,Cash,BHD,SAR,BHD,,,,,,,,,
1,Foreign_Exchange,Forward,NDF,UPI,QZL19MGZ452B,New,,2024-08-09 04:08:19,JFTXFC,NA/Fwd NDF BHD SAR,BHD SAR,Spot,Forward price of underlying instrument,CASH,Cash,BHD,SAR,USD,,,,,,,,,
1,Foreign_Exchange,Forward,NDF,UPI,QZJGNTMZ4PV2,New,,2024-08-09 04:08:21,JFTXFC,NA/Fwd NDF BHD JOD,BHD JOD,Spot,Forward price of underlying instrument,CASH,Cash,BHD,JOD,BHD,,,,,,,,,
1,Foreign_Exchange,Forward,NDF,UPI,QZFW3QC4S8BL,New,,2024-08-09 04:08:23,JFTXFC,NA/Fwd NDF BHD JOD,BHD JOD,Spot,Forward price of underlying instrument,CASH,Cash,BHD,JOD,USD,,,,,,,,,
1,Foreign_Exchange,Forward,NDF,UPI,QZBHKXK9FNP8,New,,2024-08-09 04:08:32,JFTXFC,NA/Fwd NDF BMD JPY,BMD JPY,Spot,Forward price of underlying instrument,CASH,Cash,BMD,JPY,JPY,,,,,,,,,
1,Foreign_Exchange,Forward,NDF,UPI,QZGDVNXDR8QH,New,,2024-08-09 04:08:33,JFTXFC,NA/Fwd NDF BMD JPY,BMD JPY,Spot,Forward price of underlying instrument,CASH,Cash,BMD,JPY,USD,,,,,,,,,
1,Foreign_Exchange,Forward,NDF,UPI,QZS9V48TD5L2,New,,2024-08-09 04:09:06,JFTXFC,NA/Fwd NDF BRL EGP,BRL EGP,Spot,Forward price of underlying instrument,CASH,Cash,BRL,EGP,EGP,,,,,,,,,
1,Foreign_Exchange,Forward,NDF,UPI,QZGV85J7V7SS,New,,2024-08-09 04:09:08,JFTXFC,NA/Fwd NDF BRL EGP,BRL EGP,Spot,Forward price of underlying instrument,CASH,Cash,BRL,EGP,USD,,,,,,,,,
1,Foreign_Exchange,Forward,NDF,UPI,QZ7QF8LFL9P2,New,,2024-08-09 04:09:29,JFTXFC,NA/Fwd NDF BRL THB,BRL THB,Spot,Forward price of underlying instrument,CASH,Cash,BRL,THB,USD,,,,,,,,,
1,Foreign_Exchange,Forward,NDF,UPI,QZW2TX3CH5Z6,New,,2024-08-09 04:11:37,JFTXFC,NA/Fwd NDF CAD JOD,CAD JOD,Spot,Forward price of underlying instrument,CASH,Cash,CAD,JOD,CAD,,,,,,,,,
1,Foreign_Exchange,Forward,NDF,UPI,QZ0ZQPS5PRCZ,New,,2024-08-09 04:11:39,JFTXFC,NA/Fwd NDF CAD JOD,CAD JOD,Spot,Forward price of underlying instrument,CASH,Cash,CAD,JOD,USD,,,,,,,,,
1,Foreign_Exchange,Forward,NDF,UPI,QZB8RQ4FX57Z,New,,2024-08-09 04:13:04,JFTXFC,NA/Fwd NDF CAD QAR,CAD QAR,Spot,Forward price of underlying instrument,CASH,Cash,CAD,QAR,USD,,,,,,,,,
1,Foreign_Exchange,Forward,NDF,UPI,QZRCSXCBC7RD,New,,2024-08-09 04:13:18,JFTXFC,NA/Fwd NDF CAD OMR,CAD OMR,Spot,Forward price of underlying instrument,CASH,Cash,CAD,OMR,CAD,,,,,,,,,
1,Foreign_Exchange,Forward,NDF,UPI,QZJNLW8MTR9R,New,,2024-08-09 04:13:19,JFTXFC,NA/Fwd NDF CAD OMR,CAD OMR,Spot,Forward price of underlying instrument,CASH,Cash,CAD,OMR,USD,,,,,,,,,
1,Foreign_Exchange,Forward,NDF,UPI,QZFQ1LB0VZRM,New,,2024-08-09 04:14:38,JFTXFC,NA/Fwd NDF CHF OMR,CHF OMR,Spot,Forward price of underlying instrument,CASH,Cash,CHF,OMR,CHF,,,,,,,,,
1,Foreign_Exchange,Forward,NDF,UPI,QZN9NJLH56RH,New,,2024-08-09 04:14:39,JFTXFC,NA/Fwd NDF CHF OMR,CHF OMR,Spot,Forward price of underlying instrument,CASH,Cash,CHF,OMR,USD,,,,,,,,,
1,Foreign_Exchange,Forward,NDF,UPI,QZRK3PQ09VRP,New,,2024-08-09 04:14:59,JFTXFC,NA/Fwd NDF CHF QAR,CHF QAR,Spot,Forward price of underlying instrument,CASH,Cash,CHF,QAR,USD,,,,,,,,,
1,Foreign_Exchange,Forward,NDF,UPI,QZF0MN2Q9BTP,New,,2024-08-09 04:16:09,JFTXFC,NA/Fwd NDF CHF JOD,CHF JOD,Spot,Forward price of underlying instrument,CASH,Cash,CHF,JOD,CHF,,,,,,,,,
1,Foreign_Exchange,Forward,NDF,UPI,QZJM5X50BXZQ,New,,2024-08-09 04:16:11,JFTXFC,NA/Fwd NDF CHF JOD,CHF JOD,Spot,Forward price of underlying instrument,CASH,Cash,CHF,JOD,USD,,,,,,,,,
1,Foreign_Exchange,Forward,NDF,UPI,QZRW0C2KNRH7,New,,2024-08-09 04:17:21,JFTXFC,NA/Fwd NDF CLP EGP,CLP EGP,Spot,Forward price of underlying instrument,CASH,Cash,CLP,EGP,USD,,,,,,,,,
1,Foreign_Exchange,Forward,NDF,UPI,QZ0D114WPZ9T,New,,2024-08-09 04:17:50,JFTXFC,NA/Fwd NDF CLP ZAR,CLP ZAR,Spot,Forward price of underlying instrument,CASH,Cash,CLP,ZAR,USD,,,,,,,,,
1,Foreign_Exchange,Forward,NDF,UPI,QZWRRN5RPBGM,New,,2024-08-09 04:18:31,JFTXFC,NA/Fwd NDF CLP THB,CLP THB,Spot,Forward price of underlying instrument,CASH,Cash,CLP,THB,USD,,,,,,,,,
1,Foreign_Exchange,Forward,NDF,UPI,QZPG6VLS84P2,New,,2024-08-09 04:20:49,JFTXFC,NA/Fwd NDF COP EGP,COP EGP,Spot,Forward price of underlying instrument,CASH,Cash,COP,EGP,EGP,,,,,,,,,
1,Foreign_Exchange,Forward,NDF,UPI,QZ8ZRFMPKRR4,New,,2024-08-09 04:20:50,JFTXFC,NA/Fwd NDF COP EGP,COP EGP,Spot,Forward price of underlying instrument,CASH,Cash,COP,EGP,USD,,,,,,,,,
1,Foreign_Exchange,Forward,NDF,UPI,QZHCVDFM4CTC,New,,2024-08-09 04:21:24,JFTXFC,NA/Fwd NDF COP THB,COP THB,Spot,Forward price of underlying instrument,CASH,Cash,COP,THB,THB,,,,,,,,,
1,Foreign_Exchange,Forward,NDF,UPI,QZ45ZFS7JTFF,New,,2024-08-09 04:21:26,JFTXFC,NA/Fwd NDF COP THB,COP THB,Spot,Forward price of underlying instrument,CASH,Cash,COP,THB,USD,,,,,,,,,
1,Foreign_Exchange,Forward,NDF,UPI,QZFVST7ZL74M,New,,2024-08-09 04:22:28,JFTXFC,NA/Fwd NDF CZK SAR,CZK SAR,Spot,Forward price of underlying instrument,CASH,Cash,CZK,SAR,USD,,,,,,,,,
1,Foreign_Exchange,Forward,NDF,UPI,QZ6H4XB7HN6G,New,,2024-08-09 04:22:50,JFTXFC,NA/Fwd NDF CZK EGP,CZK EGP,Spot,Forward price of underlying instrument,CASH,Cash,CZK,EGP,CZK,,,,,,,,,
1,Foreign_Exchange,Forward,NDF,UPI,QZH5F2FWQ5NF,New,,2024-08-09 04:22:51,JFTXFC,NA/Fwd NDF CZK EGP,CZK EGP,Spot,Forward price of underlying instrument,CASH,Cash,CZK,EGP,USD,,,,,,,,,
1,Foreign_Exchange,Forward,NDF,UPI,QZL6TBF89RZG,New,,2024-08-09 04:23:06,JFTXFC,NA/Fwd NDF CZK ZAR,CZK ZAR,Spot,Forward price of underlying instrument,CASH,Cash,CZK,ZAR,USD,,,,,,,,,
1,Foreign_Exchange,Forward,NDF,UPI,QZ9WSLGBGCD3,New,,2024-08-09 04:24:10,JFTXFC,NA/Fwd NDF CZK THB,CZK THB,Spot,Forward price of underlying instrument,CASH,Cash,CZK,THB,USD,,,,,,,,,
1,Foreign_Exchange,Forward,NDF,UPI,QZ3DFJS4JJ84,New,,2024-08-09 04:25:49,JFTXFC,NA/Fwd NDF DKK EGP,DKK EGP,Spot,Forward price of underlying instrument,CASH,Cash,DKK,EGP,USD,,,,,,,,,
1,Foreign_Exchange,Forward,NDF,UPI,QZW8RM1P8SPR,New,,2024-08-09 04:27:01,JFTXFC,NA/Fwd NDF EGP TWD,EGP TWD,Spot,Forward price of underlying instrument,CASH,Cash,EGP,TWD,USD,,,,,,,,,
1,Foreign_Exchange,Forward,NDF,UPI,QZ039LHBH9SG,New,,2024-08-09 04:27:03,JFTXFC,NA/Fwd NDF EGP MYR,EGP MYR,Spot,Forward price of underlying instrument,CASH,Cash,EGP,MYR,USD,,,,,,,,,
1,Foreign_Exchange,Forward,NDF,UPI,QZQ04D8K5Q7B,New,,2024-08-09 04:27:06,JFTXFC,NA/Fwd NDF EGP XOF,EGP XOF,Spot,Forward price of underlying instrument,CASH,Cash,EGP,XOF,USD,,,,,,,,,
1,Foreign_Exchange,Forward,NDF,UPI,QZF4TJFTV590,New,,2024-08-09 04:27:08,JFTXFC,NA/Fwd NDF EGP LKR,EGP LKR,Spot,Forward price of underlying instrument,CASH,Cash,EGP,LKR,EGP,,,,,,,,,
1,Foreign_Exchange,Forward,NDF,UPI,QZHWXQ847TVP,New,,2024-08-09 04:27:09,JFTXFC,NA/Fwd NDF EGP LKR,EGP LKR,Spot,Forward price of underlying instrument,CASH,Cash,EGP,LKR,USD,,,,,,,,,
1,Foreign_Exchange,Forward,NDF,UPI,QZWSF63FBBXB,New,,2024-08-09 04:27:15,JFTXFC,NA/Fwd NDF EGP PHP,EGP PHP,Spot,Forward price of underlying instrument,CASH,Cash,EGP,PHP,USD,,,,,,,,,
1,Foreign_Exchange,Forward,NDF,UPI,QZ7MNC3Q7735,New,,2024-08-09 04:27:18,JFTXFC,NA/Fwd NDF EGP PLN,EGP PLN,Spot,Forward price of underlying instrument,CASH,Cash,EGP,PLN,USD,,,,,,,,,
1,Foreign_Exchange,Forward,NDF,UPI,QZNF5RP29W9F,New,,2024-08-09 04:27:24,JFTXFC,NA/Fwd NDF EGP SEK,EGP SEK,Spot,Forward price of underlying instrument,CASH,Cash,EGP,SEK,USD,,,,,,,,,
1,Foreign_Exchange,Forward,NDF,UPI,QZ4JS8211H92,New,,2024-08-09 04:27:26,JFTXFC,NA/Fwd NDF EGP ZAR,EGP ZAR,Spot,Forward price of underlying instrument,CASH,Cash,EGP,ZAR,USD,,,,,,,,,
1,Foreign_Exchange,Forward,NDF,UPI,QZSLM75WJ18K,New,,2024-08-09 04:27:27,JFTXFC,NA/Fwd NDF EGP PEN,EGP PEN,Spot,Forward price of underlying instrument,CASH,Cash,EGP,PEN,EGP,,,,,,,,,
1,Foreign_Exchange,Forward,NDF,UPI,QZ8H0GJRLCSD,New,,2024-08-09 04:27:29,JFTXFC,NA/Fwd NDF EGP PEN,EGP PEN,Spot,Forward price of underlying instrument,CASH,Cash,EGP,PEN,USD,,,,,,,,,
1,Foreign_Exchange,Forward,NDF,UPI,QZH6WN7CR3FZ,New,,2024-08-09 04:27:31,JFTXFC,NA/Fwd NDF EGP INR,EGP INR,Spot,Forward price of underlying instrument,CASH,Cash,EGP,INR,USD,,,,,,,,,
1,Foreign_Exchange,Forward,NDF,UPI,QZ10P5CWN5RW,New,,2024-08-09 04:27:37,JFTXFC,NA/Fwd NDF EGP RUB,EGP RUB,Spot,Forward price of underlying instrument,CASH,Cash,EGP,RUB,EGP,,,,,,,,,
1,Foreign_Exchange,Forward,NDF,UPI,QZ240G5L9DCK,New,,2024-08-09 04:27:39,JFTXFC,NA/Fwd NDF EGP RUB,EGP RUB,Spot,Forward price of underlying instrument,CASH,Cash,EGP,RUB,USD,,,,,,,,,
1,Foreign_Exchange,Forward,NDF,UPI,QZBKQ48Q9ZK0,New,,2024-08-09 04:27:52,JFTXFC,NA/Fwd NDF EGP PKR,EGP PKR,Spot,Forward price of underlying instrument,CASH,Cash,EGP,PKR,EGP,,,,,,,,,
1,Foreign_Exchange,Forward,NDF,UPI,QZZKG6C69Q8T,New,,2024-08-09 04:27:53,JFTXFC,NA/Fwd NDF EGP PKR,EGP PKR,Spot,Forward price of underlying instrument,CASH,Cash,EGP,PKR,USD,,,,,,,,,
1,Foreign_Exchange,Forward,NDF,UPI,QZ0XL6V6XGPM,New,,2024-08-09 04:28:09,JFTXFC,NA/Fwd NDF EGP KRW,EGP KRW,Spot,Forward price of underlying instrument,CASH,Cash,EGP,KRW,USD,,,,,,,,,
1,Foreign_Exchange,Forward,NDF,UPI,QZSLNWNXCW9T,New,,2024-08-09 04:28:12,JFTXFC,NA/Fwd NDF EGP NZD,EGP NZD,Spot,Forward price of underlying instrument,CASH,Cash,EGP,NZD,USD,,,,,,,,,
1,Foreign_Exchange,Forward,NDF,UPI,QZXDH29M7373,New,,2024-08-09 04:28:14,JFTXFC,NA/Fwd NDF EGP NOK,EGP NOK,Spot,Forward price of underlying instrument,CASH,Cash,EGP,NOK,USD,,,,,,,,,
1,Foreign_Exchange,Forward,NDF,UPI,QZF09FNWBK07,New,,2024-08-09 04:28:22,JFTXFC,NA/Fwd NDF EGP IDR,EGP IDR,Spot,Forward price of underlying instrument,CASH,Cash,EGP,IDR,USD,,,,,,,,,
1,Foreign_Exchange,Forward,NDF,UPI,QZRT3NCWSD9K,New,,2024-08-09 04:28:26,JFTXFC,NA/Fwd NDF EGP MAD,EGP MAD,Spot,Forward price of underlying instrument,CASH,Cash,EGP,MAD,USD,,,,,,,,,
1,Foreign_Exchange,Forward,NDF,UPI,QZHQ89XD07FT,New,,2024-08-09 04:28:31,JFTXFC,NA/Fwd NDF EGP HUF,EGP HUF,Spot,Forward price of underlying instrument,CASH,Cash,EGP,HUF,EGP,,,,,,,,,
1,Foreign_Exchange,Forward,NDF,UPI,QZD2B3ZWH6ZJ,New,,2024-08-09 04:28:32,JFTXFC,NA/Fwd NDF EGP HUF,EGP HUF,Spot,Forward price of underlying instrument,CASH,Cash,EGP,HUF,USD,,,,,,,,,
1,Foreign_Exchange,Forward,NDF,UPI,QZ6ZXPT3GSWQ,New,,2024-08-09 04:28:41,JFTXFC,NA/Fwd NDF EGP HKD,EGP HKD,Spot,Forward price of underlying instrument,CASH,Cash,EGP,HKD,EGP,,,,,,,,,
1,Foreign_Exchange,Forward,NDF,UPI,QZKC1FNX07WX,New,,2024-08-09 04:28:42,JFTXFC,NA/Fwd NDF EGP HKD,EGP HKD,Spot,Forward price of underlying instrument,CASH,Cash,EGP,HKD,USD,,,,,,,,,
1,Foreign_Exchange,Forward,NDF,UPI,QZMT49WCC1SH,New,,2024-08-09 04:33:08,JFTXFC,NA/Fwd NDF GBP OMR,GBP OMR,Spot,Forward price of underlying instrument,CASH,Cash,GBP,OMR,USD,,,,,,,,,
1,Foreign_Exchange,Forward,NDF,UPI,QZKZXT2PHDL3,New,,2024-08-09 04:33:31,JFTXFC,NA/Fwd NDF GBP JOD,GBP JOD,Spot,Forward price of underlying instrument,CASH,Cash,GBP,JOD,USD,,,,,,,,,
1,Foreign_Exchange,Forward,NDF,UPI,QZ4VTDM92H74,New,,2024-08-09 04:33:42,JFTXFC,NA/Fwd NDF GHS ZAR,GHS ZAR,Spot,Forward price of underlying instrument,CASH,Cash,GHS,ZAR,GHS,,,,,,,,,
1,Foreign_Exchange,Forward,NDF,UPI,QZH09SWPB1RT,New,,2024-08-09 04:33:43,JFTXFC,NA/Fwd NDF GHS ZAR,GHS ZAR,Spot,Forward price of underlying instrument,CASH,Cash,GHS,ZAR,USD,,,,,,,,,
1,Foreign_Exchange,Forward,NDF,UPI,QZ1QDZ16QHG4,New,,2024-08-09 04:34:01,JFTXFC,NA/Fwd NDF HKD QAR,HKD QAR,Spot,Forward price of underlying instrument,CASH,Cash,HKD,QAR,HKD,,,,,,,,,
1,Foreign_Exchange,Forward,NDF,UPI,QZR9D3QPT6GH,New,,2024-08-09 04:34:02,JFTXFC,NA/Fwd NDF HKD QAR,HKD QAR,Spot,Forward price of underlying instrument,CASH,Cash,HKD,QAR,USD,,,,,,,,,
1,Foreign_Exchange,Forward,NDF,UPI,QZQG7QXJLRNT,New,,2024-08-09 04:36:53,JFTXFC,NA/Fwd NDF HUF SAR,HUF SAR,Spot,Forward price of underlying instrument,CASH,Cash,HUF,SAR,HUF,,,,,,,,,
1,Foreign_Exchange,Forward,NDF,UPI,QZT4BMQBHND4,New,,2024-08-09 04:36:54,JFTXFC,NA/Fwd NDF HUF SAR,HUF SAR,Spot,Forward price of underlying instrument,CASH,Cash,HUF,SAR,USD,,,,,,,,,
1,Foreign_Exchange,Forward,NDF,UPI,QZCF8FTPWL0V,New,,2024-08-09 04:37:10,JFTXFC,NA/Fwd NDF HUF ZAR,HUF ZAR,Spot,Forward price of underlying instrument,CASH,Cash,HUF,ZAR,HUF,,,,,,,,,
1,Foreign_Exchange,Forward,NDF,UPI,QZ5VNW7JVGGD,New,,2024-08-09 04:37:11,JFTXFC,NA/Fwd NDF HUF ZAR,HUF ZAR,Spot,Forward price of underlying instrument,CASH,Cash,HUF,ZAR,USD,,,,,,,,,
1,Foreign_Exchange,Forward,NDF,UPI,QZDLS3WSK9P8,New,,2024-08-09 04:40:00,JFTXFC,NA/Fwd NDF ISK SGD,ISK SGD,Spot,Forward price of underlying instrument,CASH,Cash,ISK,SGD,ISK,,,,,,,,,
1,Foreign_Exchange,Forward,NDF,UPI,QZ6GR3R8N46T,New,,2024-08-09 04:40:01,JFTXFC,NA/Fwd NDF ISK SGD,ISK SGD,Spot,Forward price of underlying instrument,CASH,Cash,ISK,SGD,USD,,,,,,,,,
1,Foreign_Exchange,Forward,NDF,UPI,QZV57GZK6FWK,New,,2024-08-09 04:40:17,JFTXFC,NA/Fwd NDF ISK ZAR,ISK ZAR,Spot,Forward price of underlying instrument,CASH,Cash,ISK,ZAR,ISK,,,,,,,,,
1,Foreign_Exchange,Forward,NDF,UPI,QZX85X7Q1D0L,New,,2024-08-09 04:40:19,JFTXFC,NA/Fwd NDF ISK ZAR,ISK ZAR,Spot,Forward price of underlying instrument,CASH,Cash,ISK,ZAR,USD,,,,,,,,,
1,Foreign_Exchange,Forward,NDF,UPI,QZ2VB9J40WTT,New,,2024-08-09 04:40:24,JFTXFC,NA/Fwd NDF ISK THB,ISK THB,Spot,Forward price of underlying instrument,CASH,Cash,ISK,THB,ISK,,,,,,,,,
1,Foreign_Exchange,Forward,NDF,UPI,QZD7WB4FJKFB,New,,2024-08-09 04:40:25,JFTXFC,NA/Fwd NDF ISK THB,ISK THB,Spot,Forward price of underlying instrument,CASH,Cash,ISK,THB,USD,,,,,,,,,
1,Foreign_Exchange,Forward,NDF,UPI,QZ3LSJK25PDC,New,,2024-08-09 04:40:31,JFTXFC,NA/Fwd NDF ISK SAR,ISK SAR,Spot,Forward price of underlying instrument,CASH,Cash,ISK,SAR,ISK,,,,,,,,,
1,Foreign_Exchange,Forward,NDF,UPI,QZ4HZQ156JS1,New,,2024-08-09 04:40:32,JFTXFC,NA/Fwd NDF ISK SAR,ISK SAR,Spot,Forward price of underlying instrument,CASH,Cash,ISK,SAR,USD,,,,,,,,,
1,Foreign_Exchange,Forward,NDF,UPI,QZ54X8N3R9JR,New,,2024-08-09 04:40:40,JFTXFC,NA/Fwd NDF ISK JPY,ISK JPY,Spot,Forward price of underlying instrument,CASH,Cash,ISK,JPY,ISK,,,,,,,,,
1,Foreign_Exchange,Forward,NDF,UPI,QZWD6NSN11C7,New,,2024-08-09 04:40:41,JFTXFC,NA/Fwd NDF ISK JPY,ISK JPY,Spot,Forward price of underlying instrument,CASH,Cash,ISK,JPY,USD,,,,,,,,,
1,Foreign_Exchange,Forward,NDF,UPI,QZH45723G271,New,,2024-08-09 04:40:48,JFTXFC,NA/Fwd NDF JOD KWD,JOD KWD,Spot,Forward price of underlying instrument,CASH,Cash,JOD,KWD,JOD,,,,,,,,,
1,Foreign_Exchange,Forward,NDF,UPI,QZQVLHQRMZN9,New,,2024-08-09 04:40:49,JFTXFC,NA/Fwd NDF JOD KWD,JOD KWD,Spot,Forward price of underlying instrument,CASH,Cash,JOD,KWD,USD,,,,,,,,,
1,Foreign_Exchange,Forward,NDF,UPI,QZVD565KRVG1,New,,2024-08-09 04:40:50,JFTXFC,NA/Fwd NDF JOD MAD,JOD MAD,Spot,Forward price of underlying instrument,CASH,Cash,JOD,MAD,JOD,,,,,,,,,
1,Foreign_Exchange,Forward,NDF,UPI,QZ2HGW1BKKV8,New,,2024-08-09 04:40:52,JFTXFC,NA/Fwd NDF JOD MAD,JOD MAD,Spot,Forward price of underlying instrument,CASH,Cash,JOD,MAD,USD,,,,,,,,,
1,Foreign_Exchange,Forward,NDF,UPI,QZW2R6ZFCWSX,New,,2024-08-09 04:40:54,JFTXFC,NA/Fwd NDF JOD SGD,JOD SGD,Spot,Forward price of underlying instrument,CASH,Cash,JOD,SGD,JOD,,,,,,,,,
1,Foreign_Exchange,Forward,NDF,UPI,QZBTZ125MCH1,New,,2024-08-09 04:40:55,JFTXFC,NA/Fwd NDF JOD SGD,JOD SGD,Spot,Forward price of underlying instrument,CASH,Cash,JOD,SGD,USD,,,,,,,,,
1,Foreign_Exchange,Forward,NDF,UPI,QZQ93NQ83LTX,New,,2024-08-09 04:41:03,JFTXFC,NA/Fwd NDF JOD QAR,JOD QAR,Spot,Forward price of underlying instrument,CASH,Cash,JOD,QAR,JOD,,,,,,,,,
1,Foreign_Exchange,Forward,NDF,UPI,QZNHTR24ZZ4T,New,,2024-08-09 04:41:05,JFTXFC,NA/Fwd NDF JOD QAR,JOD QAR,Spot,Forward price of underlying instrument,CASH,Cash,JOD,QAR,USD,,,,,,,,,
1,Foreign_Exchange,Forward,NDF,UPI,QZHBKJH6K3JW,New,,2024-08-09 04:41:06,JFTXFC,NA/Fwd NDF JOD OMR,JOD OMR,Spot,Forward price of underlying instrument,CASH,Cash,JOD,OMR,JOD,,,,,,,,,
1,Foreign_Exchange,Forward,NDF,UPI,QZX0FFXQPFB5,New,,2024-08-09 04:41:07,JFTXFC,NA/Fwd NDF JOD OMR,JOD OMR,Spot,Forward price of underlying instrument,CASH,Cash,JOD,OMR,USD,,,,,,,,,
1,Foreign_Exchange,Forward,NDF,UPI,QZN64RDZN27X,New,,2024-08-09 04:42:50,JFTXFC,NA/Fwd NDF KES SAR,KES SAR,Spot,Forward price of underlying instrument,CASH,Cash,KES,SAR,KES,,,,,,,,,
1,Foreign_Exchange,Forward,NDF,UPI,QZ0MXWS6KQ1C,New,,2024-08-09 04:42:51,JFTXFC,NA/Fwd NDF KES SAR,KES SAR,Spot,Forward price of underlying instrument,CASH,Cash,KES,SAR,USD,,,,,,,,,
1,Foreign_Exchange,Forward,NDF,UPI,QZRSDG26W7SK,New,,2024-08-09 04:42:52,JFTXFC,NA/Fwd NDF KES ZAR,KES ZAR,Spot,Forward price of underlying instrument,CASH,Cash,KES,ZAR,KES,,,,,,,,,
1,Foreign_Exchange,Forward,NDF,UPI,QZHT40H81ZNH,New,,2024-08-09 04:42:54,JFTXFC,NA/Fwd NDF KES ZAR,KES ZAR,Spot,Forward price of underlying instrument,CASH,Cash,KES,ZAR,USD,,,,,,,,,
1,Foreign_Exchange,Forward,NDF,UPI,QZ0PHRDWB0J3,New,,2024-08-09 04:44:06,JFTXFC,NA/Fwd NDF KWD QAR,KWD QAR,Spot,Forward price of underlying instrument,CASH,Cash,KWD,QAR,KWD,,,,,,,,,
1,Foreign_Exchange,Forward,NDF,UPI,QZWDV77HTN86,New,,2024-08-09 04:44:08,JFTXFC,NA/Fwd NDF KWD QAR,KWD QAR,Spot,Forward price of underlying instrument,CASH,Cash,KWD,QAR,USD,,,,,,,,,
1,Foreign_Exchange,Forward,NDF,UPI,QZXRN5HWL5RM,New,,2024-08-09 04:44:13,JFTXFC,NA/Fwd NDF KWD OMR,KWD OMR,Spot,Forward price of underlying instrument,CASH,Cash,KWD,OMR,KWD,,,,,,,,,
1,Foreign_Exchange,Forward,NDF,UPI,QZP25D8RPL9R,New,,2024-08-09 04:44:14,JFTXFC,NA/Fwd NDF KWD OMR,KWD OMR,Spot,Forward price of underlying instrument,CASH,Cash,KWD,OMR,USD,,,,,,,,,
1,Foreign_Exchange,Forward,NDF,UPI,QZ4ZD2B7JSW2,New,,2024-08-09 04:44:17,JFTXFC,NA/Fwd NDF KWD MAD,KWD MAD,Spot,Forward price of underlying instrument,CASH,Cash,KWD,MAD,KWD,,,,,,,,,
1,Foreign_Exchange,Forward,NDF,UPI,QZ389MXHGBQ0,New,,2024-08-09 04:44:18,JFTXFC,NA/Fwd NDF KWD MAD,KWD MAD,Spot,Forward price of underlying instrument,CASH,Cash,KWD,MAD,USD,,,,,,,,,
1,Foreign_Exchange,Forward,NDF,UPI,QZ0ZL09S9KCZ,New,,2024-08-09 04:44:42,JFTXFC,NA/Fwd NDF LKR ZAR,LKR ZAR,Spot,Forward price of underlying instrument,CASH,Cash,LKR,ZAR,ZAR,,,,,,,,,
1,Foreign_Exchange,Forward,NDF,UPI,QZZKWMV0VCFH,New,,2024-08-09 04:44:44,JFTXFC,NA/Fwd NDF LKR ZAR,LKR ZAR,Spot,Forward price of underlying instrument,CASH,Cash,LKR,ZAR,USD,,,,,,,,,
1,Foreign_Exchange,Forward,NDF,UPI,QZ8N6SXC9FZM,New,,2024-08-09 04:44:45,JFTXFC,NA/Fwd NDF LKR THB,LKR THB,Spot,Forward price of underlying instrument,CASH,Cash,LKR,THB,THB,,,,,,,,,
1,Foreign_Exchange,Forward,NDF,UPI,QZDXQ95LHF9G,New,,2024-08-09 04:44:46,JFTXFC,NA/Fwd NDF LKR THB,LKR THB,Spot,Forward price of underlying instrument,CASH,Cash,LKR,THB,USD,,,,,,,,,
1,Foreign_Exchange,Forward,NDF,UPI,QZ6F5JVBF963,New,,2024-08-09 04:44:50,JFTXFC,NA/Fwd NDF LKR SGD,LKR SGD,Spot,Forward price of underlying instrument,CASH,Cash,LKR,SGD,SGD,,,,,,,,,
1,Foreign_Exchange,Forward,NDF,UPI,QZHWRLBGDXPR,New,,2024-08-09 04:44:51,JFTXFC,NA/Fwd NDF LKR SGD,LKR SGD,Spot,Forward price of underlying instrument,CASH,Cash,LKR,SGD,USD,,,,,,,,,
1,Foreign_Exchange,Forward,NDF,UPI,QZ28FT551WRQ,New,,2024-08-09 04:45:44,JFTXFC,NA/Fwd NDF MAD SAR,MAD SAR,Spot,Forward price of underlying instrument,CASH,Cash,MAD,SAR,MAD,,,,,,,,,
1,Foreign_Exchange,Forward,NDF,UPI,QZ2QXWNX2VHF,New,,2024-08-09 04:45:46,JFTXFC,NA/Fwd NDF MAD SAR,MAD SAR,Spot,Forward price of underlying instrument,CASH,Cash,MAD,SAR,USD,,,,,,,,,
1,Foreign_Exchange,Forward,NDF,UPI,QZ68MLKC60S1,New,,2024-08-09 04:46:06,JFTXFC,NA/Fwd NDF MAD ZAR,MAD ZAR,Spot,Forward price of underlying instrument,CASH,Cash,MAD,ZAR,MAD,,,,,,,,,
1,Foreign_Exchange,Forward,NDF,UPI,QZZ6JMJ6G7C3,New,,2024-08-09 04:46:08,JFTXFC,NA/Fwd NDF MAD ZAR,MAD ZAR,Spot,Forward price of underlying instrument,CASH,Cash,MAD,ZAR,USD,,,,,,,,,
1,Foreign_Exchange,Forward,NDF,UPI,QZHWPTJ3TL56,New,,2024-08-09 04:46:18,JFTXFC,NA/Fwd NDF MAD QAR,MAD QAR,Spot,Forward price of underlying instrument,CASH,Cash,MAD,QAR,MAD,,,,,,,,,
1,Foreign_Exchange,Forward,NDF,UPI,QZTVDTLCL0HX,New,,2024-08-09 04:46:19,JFTXFC,NA/Fwd NDF MAD QAR,MAD QAR,Spot,Forward price of underlying instrument,CASH,Cash,MAD,QAR,USD,,,,,,,,,
1,Foreign_Exchange,Forward,NDF,UPI,QZ0VXMR19CCK,New,,2024-08-09 04:46:23,JFTXFC,NA/Fwd NDF MAD SGD,MAD SGD,Spot,Forward price of underlying instrument,CASH,Cash,MAD,SGD,MAD,,,,,,,,,
1,Foreign_Exchange,Forward,NDF,UPI,QZZVBB4NWK3T,New,,2024-08-09 04:46:25,JFTXFC,NA/Fwd NDF MAD SGD,MAD SGD,Spot,Forward price of underlying instrument,CASH,Cash,MAD,SGD,USD,,,,,,,,,
1,Foreign_Exchange,Forward,NDF,UPI,QZJT96XCQ1PV,New,,2024-08-09 04:46:29,JFTXFC,NA/Fwd NDF MAD OMR,MAD OMR,Spot,Forward price of underlying instrument,CASH,Cash,MAD,OMR,MAD,,,,,,,,,
1,Foreign_Exchange,Forward,NDF,UPI,QZZRSRZXP00T,New,,2024-08-09 04:46:30,JFTXFC,NA/Fwd NDF MAD OMR,MAD OMR,Spot,Forward price of underlying instrument,CASH,Cash,MAD,OMR,USD,,,,,,,,,
1,Foreign_Exchange,Forward,NDF,UPI,QZ2L1K4BK3WL,New,,2024-08-09 04:47:24,JFTXFC,NA/Fwd NDF MXN THB,MXN THB,Spot,Forward price of underlying instrument,CASH,Cash,MXN,THB,MXN,,,,,,,,,
1,Foreign_Exchange,Forward,NDF,UPI,QZL410TTKCSQ,New,,2024-08-09 04:47:25,JFTXFC,NA/Fwd NDF MXN THB,MXN THB,Spot,Forward price of underlying instrument,CASH,Cash,MXN,THB,USD,,,,,,,,,
1,Foreign_Exchange,Forward,NDF,UPI,QZ8DTX2ZKMQX,New,,2024-08-09 04:47:37,JFTXFC,NA/Fwd NDF MXN SAR,MXN SAR,Spot,Forward price of underlying instrument,CASH,Cash,MXN,SAR,MXN,,,,,,,,,
1,Foreign_Exchange,Forward,NDF,UPI,QZHMSJTBCSDH,New,,2024-08-09 04:47:38,JFTXFC,NA/Fwd NDF MXN SAR,MXN SAR,Spot,Forward price of underlying instrument,CASH,Cash,MXN,SAR,USD,,,,,,,,,
1,Foreign_Exchange,Forward,NDF,UPI,QZT87Z6M57QJ,New,,2024-08-09 04:50:58,JFTXFC,NA/Fwd NDF OMR SAR,OMR SAR,Spot,Forward price of underlying instrument,CASH,Cash,OMR,SAR,OMR,,,,,,,,,
1,Foreign_Exchange,Forward,NDF,UPI,QZ9MR5XV1511,New,,2024-08-09 04:50:59,JFTXFC,NA/Fwd NDF OMR SAR,OMR SAR,Spot,Forward price of underlying instrument,CASH,Cash,OMR,SAR,USD,,,,,,,,,
1,Foreign_Exchange,Forward,NDF,UPI,QZN5XP1375W1,New,,2024-08-09 04:51:00,JFTXFC,NA/Fwd NDF OMR SGD,OMR SGD,Spot,Forward price of underlying instrument,CASH,Cash,OMR,SGD,OMR,,,,,,,,,
1,Foreign_Exchange,Forward,NDF,UPI,QZ4J739C7ZGF,New,,2024-08-09 04:51:01,JFTXFC,NA/Fwd NDF OMR SGD,OMR SGD,Spot,Forward price of underlying instrument,CASH,Cash,OMR,SGD,USD,,,,,,,,,
1,Foreign_Exchange,Forward,NDF,UPI,QZB7NN42SJBS,New,,2024-08-09 04:51:05,JFTXFC,NA/Fwd NDF OMR QAR,OMR QAR,Spot,Forward price of underlying instrument,CASH,Cash,OMR,QAR,OMR,,,,,,,,,
1,Foreign_Exchange,Forward,NDF,UPI,QZB5GVRBCTB0,New,,2024-08-09 04:51:06,JFTXFC,NA/Fwd NDF OMR QAR,OMR QAR,Spot,Forward price of underlying instrument,CASH,Cash,OMR,QAR,USD,,,,,,,,,
1,Foreign_Exchange,Forward,NDF,UPI,QZTPBD3Z47H9,New,,2024-08-09 04:51:12,JFTXFC,NA/Fwd NDF PEN THB,PEN THB,Spot,Forward price of underlying instrument,CASH,Cash,PEN,THB,THB,,,,,,,,,
1,Foreign_Exchange,Forward,NDF,UPI,QZ9HQW1GZBHH,New,,2024-08-09 04:51:13,JFTXFC,NA/Fwd NDF PEN THB,PEN THB,Spot,Forward price of underlying instrument,CASH,Cash,PEN,THB,USD,,,,,,,,,
1,Foreign_Exchange,Forward,NDF,UPI,QZZW1P2Q8ZDQ,New,,2024-08-09 04:51:16,JFTXFC,NA/Fwd NDF PEN ZAR,PEN ZAR,Spot,Forward price of underlying instrument,CASH,Cash,PEN,ZAR,ZAR,,,,,,,,,
1,Foreign_Exchange,Forward,NDF,UPI,QZ1KBP190HMV,New,,2024-08-09 04:51:17,JFTXFC,NA/Fwd NDF PEN ZAR,PEN ZAR,Spot,Forward price of underlying instrument,CASH,Cash,PEN,ZAR,USD,,,,,,,,,
1,Foreign_Exchange,Forward,NDF,UPI,QZBVC01CZH92,New,,2024-08-09 04:51:51,JFTXFC,NA/Fwd NDF PHP THB,PHP THB,Spot,Forward price of underlying instrument,CASH,Cash,PHP,THB,USD,,,,,,,,,
1,Foreign_Exchange,Forward,NDF,UPI,QZZF09L8R82L,New,,2024-08-09 04:51:55,JFTXFC,NA/Fwd NDF PHP ZAR,PHP ZAR,Spot,Forward price of underlying instrument,CASH,Cash,PHP,ZAR,USD,,,,,,,,,
1,Foreign_Exchange,Forward,NDF,UPI,QZTCLT04S24B,New,,2024-08-09 04:52:32,JFTXFC,NA/Fwd NDF PKR ZAR,PKR ZAR,Spot,Forward price of underlying instrument,CASH,Cash,PKR,ZAR,USD,,,,,,,,,
1,Foreign_Exchange,Forward,NDF,UPI,QZKF64B81K3L,New,,2024-08-09 04:52:51,JFTXFC,NA/Fwd NDF PKR SGD,PKR SGD,Spot,Forward price of underlying instrument,CASH,Cash,PKR,SGD,USD,,,,,,,,,
1,Foreign_Exchange,Forward,NDF,UPI,QZFBB4PQ5J8M,New,,2024-08-09 04:53:09,JFTXFC,NA/Fwd NDF PLN ZAR,PLN ZAR,Spot,Forward price of underlying instrument,CASH,Cash,PLN,ZAR,USD,,,,,,,,,
1,Foreign_Exchange,Forward,NDF,UPI,QZGKD7597KD4,New,,2024-08-09 04:53:33,JFTXFC,NA/Fwd NDF PLN SAR,PLN SAR,Spot,Forward price of underlying instrument,CASH,Cash,PLN,SAR,PLN,,,,,,,,,
1,Foreign_Exchange,Forward,NDF,UPI,QZDNSH05Z0W7,New,,2024-08-09 04:53:35,JFTXFC,NA/Fwd NDF PLN SAR,PLN SAR,Spot,Forward price of underlying instrument,CASH,Cash,PLN,SAR,USD,,,,,,,,,
1,Foreign_Exchange,Forward,NDF,UPI,QZ4J8QWL32S9,New,,2024-08-09 04:53:51,JFTXFC,NA/Fwd NDF QAR SGD,QAR SGD,Spot,Forward price of underlying instrument,CASH,Cash,QAR,SGD,USD,,,,,,,,,
1,Foreign_Exchange,Forward,NDF,UPI,QZ4B1QV9R9X7,New,,2024-08-09 04:53:54,JFTXFC,NA/Fwd NDF QAR SAR,QAR SAR,Spot,Forward price of underlying instrument,CASH,Cash,QAR,SAR,USD,,,,,,,,,
1,Foreign_Exchange,Forward,NDF,UPI,QZ9WP272NNQN,New,,2024-08-09 04:54:01,JFTXFC,NA/Fwd NDF RON SAR,RON SAR,Spot,Forward price of underlying instrument,CASH,Cash,RON,SAR,RON,,,,,,,,,
1,Foreign_Exchange,Forward,NDF,UPI,QZJNGLXWB6P5,New,,2024-08-09 04:54:02,JFTXFC,NA/Fwd NDF RON SAR,RON SAR,Spot,Forward price of underlying instrument,CASH,Cash,RON,SAR,USD,,,,,,,,,
1,Foreign_Exchange,Forward,NDF,UPI,QZJ4D7ZP9PRV,New,,2024-08-09 04:54:09,JFTXFC,NA/Fwd NDF RON THB,RON THB,Spot,Forward price of underlying instrument,CASH,Cash,RON,THB,RON,,,,,,,,,
1,Foreign_Exchange,Forward,NDF,UPI,QZ8TMHFPJMQ2,New,,2024-08-09 04:54:10,JFTXFC,NA/Fwd NDF RON THB,RON THB,Spot,Forward price of underlying instrument,CASH,Cash,RON,THB,USD,,,,,,,,,
1,Foreign_Exchange,Forward,NDF,UPI,QZJJK2HDWRZN,New,,2024-08-09 04:54:16,JFTXFC,NA/Fwd NDF RON ZAR,RON ZAR,Spot,Forward price of underlying instrument,CASH,Cash,RON,ZAR,RON,,,,,,,,,
1,Foreign_Exchange,Forward,NDF,UPI,QZRJC5RQJ02G,New,,2024-08-09 04:54:17,JFTXFC,NA/Fwd NDF RON ZAR,RON ZAR,Spot,Forward price of underlying instrument,CASH,Cash,RON,ZAR,USD,,,,,,,,,
1,Foreign_Exchange,Forward,NDF,UPI,QZ1DK1CPQN4Z,New,,2024-08-09 04:54:24,JFTXFC,NA/Fwd NDF RUB THB,RUB THB,Spot,Forward price of underlying instrument,CASH,Cash,RUB,THB,THB,,,,,,,,,
1,Foreign_Exchange,Forward,NDF,UPI,QZ4N6KZ1THNL,New,,2024-08-09 04:54:26,JFTXFC,NA/Fwd NDF RUB THB,RUB THB,Spot,Forward price of underlying instrument,CASH,Cash,RUB,THB,USD,,,,,,,,,
1,Foreign_Exchange,Forward,NDF,UPI,QZK5KCTHPTKP,New,,2024-08-09 04:55:07,JFTXFC,NA/Fwd NDF RUB SAR,RUB SAR,Spot,Forward price of underlying instrument,CASH,Cash,RUB,SAR,SAR,,,,,,,,,
1,Foreign_Exchange,Forward,NDF,UPI,QZCT7S8DR7WW,New,,2024-08-09 04:55:08,JFTXFC,NA/Fwd NDF RUB SAR,RUB SAR,Spot,Forward price of underlying instrument,CASH,Cash,RUB,SAR,USD,,,,,,,,,
1,Foreign_Exchange,Forward,NDF,UPI,QZT3K5Q2BXHF,New,,2024-08-09 04:55:22,JFTXFC,NA/Fwd NDF SAR TRY,SAR TRY,Spot,Forward price of underlying instrument,CASH,Cash,SAR,TRY,SAR,,,,,,,,,
1,Foreign_Exchange,Forward,NDF,UPI,QZL6LH8X4DCB,New,,2024-08-09 04:55:23,JFTXFC,NA/Fwd NDF SAR TRY,SAR TRY,Spot,Forward price of underlying instrument,CASH,Cash,SAR,TRY,USD,,,,,,,,,
1,Foreign_Exchange,Forward,NDF,UPI,QZW4CLXH6X8T,New,,2024-08-09 04:55:27,JFTXFC,NA/Fwd NDF SAR ZAR,SAR ZAR,Spot,Forward price of underlying instrument,CASH,Cash,SAR,ZAR,USD,,,,,,,,,
1,Foreign_Exchange,Forward,NDF,UPI,QZRT93CLF3WZ,New,,2024-08-09 04:56:07,JFTXFC,NA/Fwd NDF SGD TRY,SGD TRY,Spot,Forward price of underlying instrument,CASH,Cash,SGD,TRY,SGD,,,,,,,,,
1,Foreign_Exchange,Forward,NDF,UPI,QZKRJWG37SJ5,New,,2024-08-09 04:56:08,JFTXFC,NA/Fwd NDF SGD TRY,SGD TRY,Spot,Forward price of underlying instrument,CASH,Cash,SGD,TRY,USD,,,,,,,,,
1,Foreign_Exchange,Forward,NDF,UPI,QZH7QLKZPBQV,New,,2024-08-09 04:56:19,JFTXFC,NA/Fwd NDF SGD XOF,SGD XOF,Spot,Forward price of underlying instrument,CASH,Cash,SGD,XOF,SGD,,,,,,,,,
1,Foreign_Exchange,Forward,NDF,UPI,QZBQDQ42WMKZ,New,,2024-08-09 04:56:20,JFTXFC,NA/Fwd NDF SGD XOF,SGD XOF,Spot,Forward price of underlying instrument,CASH,Cash,SGD,XOF,USD,,,,,,,,,
1,Foreign_Exchange,Forward,NDF,UPI,QZLLRXSK0J89,New,,2024-08-09 04:56:36,JFTXFC,NA/Fwd NDF THB XOF,THB XOF,Spot,Forward price of underlying instrument,CASH,Cash,THB,XOF,THB,,,,,,,,,
1,Foreign_Exchange,Forward,NDF,UPI,QZZT4CCJQR84,New,,2024-08-09 04:56:37,JFTXFC,NA/Fwd NDF THB XOF,THB XOF,Spot,Forward price of underlying instrument,CASH,Cash,THB,XOF,USD,,,,,,,,,
1,Foreign_Exchange,Forward,NDF,UPI,QZMC6CH97N4R,New,,2024-08-09 04:57:14,JFTXFC,NA/Fwd NDF UGX ZAR,UGX ZAR,Spot,Forward price of underlying instrument,CASH,Cash,UGX,ZAR,UGX,,,,,,,,,
1,Foreign_Exchange,Forward,NDF,UPI,QZ6H902LJ0KZ,New,,2024-08-09 04:57:15,JFTXFC,NA/Fwd NDF UGX ZAR,UGX ZAR,Spot,Forward price of underlying instrument,CASH,Cash,UGX,ZAR,USD,,,,,,,,,
1,Foreign_Exchange,Forward,NDF,UPI,QZJLG2T1ND4D,New,,2024-08-09 04:57:30,JFTXFC,NA/Fwd NDF XOF ZAR,XOF ZAR,Spot,Forward price of underlying instrument,CASH,Cash,XOF,ZAR,ZAR,,,,,,,,,
1,Foreign_Exchange,Forward,NDF,UPI,QZM8FTZ7ZFCS,New,,2024-08-09 04:57:31,JFTXFC,NA/Fwd NDF XOF ZAR,XOF ZAR,Spot,Forward price of underlying instrument,CASH,Cash,XOF,ZAR,USD,,,,,,,,,
1,Foreign_Exchange,Forward,NDF,UPI,QZXR8G1DNS0S,New,,2024-08-09 05:25:29,JFTXFC,NA/Fwd NDF EGP ILS,EGP ILS,Spot,Forward price of underlying instrument,CASH,Cash,EGP,ILS,USD,,,,,,,,,
1,Foreign_Exchange,Forward,NDF,UPI,QZLSC2Q6K6M1,New,,2024-08-09 05:25:29,JFTXFC,NA/Fwd NDF EGP ILS,EGP ILS,Spot,Forward price of underlying instrument,CASH,Cash,EGP,ILS,EGP,,,,,,,,,
1,Foreign_Exchange,Forward,NDF,UPI,QZMK4ZD36G3K,New,,2024-08-09 05:25:36,JFTXFC,NA/Fwd NDF EGP THB,EGP THB,Spot,Forward price of underlying instrument,CASH,Cash,EGP,THB,USD,,,,,,,,,
1,Foreign_Exchange,Forward,NDF,UPI,QZ0R32GZRG11,New,,2024-08-09 05:36:34,JFTXFC,NA/Fwd NDF ILS THB,ILS THB,Spot,Forward price of underlying instrument,CASH,Cash,ILS,THB,ILS,,,,,,,,,
1,Foreign_Exchange,Forward,NDF,UPI,QZPPRWMXLH6T,New,,2024-08-09 05:36:35,JFTXFC,NA/Fwd NDF ILS THB,ILS THB,Spot,Forward price of underlying instrument,CASH,Cash,ILS,THB,USD,,,,,,,,,
1,Foreign_Exchange,Forward,NDF,UPI,QZZFZVDX418V,New,,2024-08-09 05:36:50,JFTXFC,NA/Fwd NDF ILS SGD,ILS SGD,Spot,Forward price of underlying instrument,CASH,Cash,ILS,SGD,USD,,,,,,,,,
1,Foreign_Exchange,Forward,NDF,UPI,QZRC62XR6GC7,New,,2024-08-09 05:36:50,JFTXFC,NA/Fwd NDF ILS SGD,ILS SGD,Spot,Forward price of underlying instrument,CASH,Cash,ILS,SGD,ILS,,,,,,,,,
1,Foreign_Exchange,Forward,NDF,UPI,QZX8B25RHK6D,New,,2024-08-09 05:37:02,JFTXFC,NA/Fwd NDF ILS SAR,ILS SAR,Spot,Forward price of underlying instrument,CASH,Cash,ILS,SAR,ILS,,,,,,,,,
1,Foreign_Exchange,Forward,NDF,UPI,QZJ2DCRQ0VPL,New,,2024-08-09 05:37:04,JFTXFC,NA/Fwd NDF ILS SAR,ILS SAR,Spot,Forward price of underlying instrument,CASH,Cash,ILS,SAR,USD,,,,,,,,,
1,Foreign_Exchange,Forward,NDF,UPI,QZ358C179ZML,New,,2024-08-09 05:37:45,JFTXFC,NA/Fwd NDF ILS ZAR,ILS ZAR,Spot,Forward price of underlying instrument,CASH,Cash,ILS,ZAR,USD,,,,,,,,,
1,Foreign_Exchange,Forward,NDF,UPI,QZTGMKW23SJ0,New,,2024-08-09 05:40:08,JFTXFC,NA/Fwd NDF JOD JPY,JOD JPY,Spot,Forward price of underlying instrument,CASH,Cash,JOD,JPY,JOD,,,,,,,,,
1,Foreign_Exchange,Forward,NDF,UPI,QZHMLN65KV89,New,,2024-08-09 05:40:10,JFTXFC,NA/Fwd NDF JOD JPY,JOD JPY,Spot,Forward price of underlying instrument,CASH,Cash,JOD,JPY,USD,,,,,,,,,
1,Foreign_Exchange,Forward,NDF,UPI,QZT3GWK0ZMD1,New,,2024-08-09 05:41:28,JFTXFC,NA/Fwd NDF JPY OMR,JPY OMR,Spot,Forward price of underlying instrument,CASH,Cash,JPY,OMR,JPY,,,,,,,,,
1,Foreign_Exchange,Forward,NDF,UPI,QZG97H69S3C7,New,,2024-08-09 05:41:29,JFTXFC,NA/Fwd NDF JPY OMR,JPY OMR,Spot,Forward price of underlying instrument,CASH,Cash,JPY,OMR,USD,,,,,,,,,
1,Foreign_Exchange,Forward,NDF,UPI,QZNKFHKS65TT,New,,2024-08-09 07:37:31,JFTXFC,NA/Fwd NDF KRW USD,KRW USD,Spot,Forward price of underlying instrument,CASH,Cash,KRW,USD,CNY,,,,,,,,,
1,Foreign_Exchange,Forward,NDF,UPI,QZMW88F1TXJ5,New,,2024-08-22 07:58:28,JFTXFC,NA/Fwd NDF INR JPY,INR JPY,Spot,Forward price of underlying instrument,CASH,Cash,INR,JPY,CHF,,,,,,,,,
1,Foreign_Exchange,Forward,NDF,UPI,QZ17CX58150P,New,,2024-08-30 17:21:32,JFTXFC,NA/Fwd NDF KES NZD,KES NZD,Spot,Forward price of underlying instrument,CASH,Cash,KES,NZD,NZD,,,,,,,,,
1,Foreign_Exchange,Forward,NDF,UPI,QZ84BDF6SS0M,New,,2024-09-25 23:58:04,JFTXFC,NA/Fwd NDF DOP SEK,DOP SEK,Spot,Forward price of underlying instrument,CASH,Cash,DOP,SEK,DOP,,,,,,,,,
1,Foreign_Exchange,Forward,NDF,UPI,QZ8LBP6SXXB5,New,,2024-09-30 06:57:37,JFTXFC,NA/Fwd NDF KRW USD,KRW USD,Spot,Forward price of underlying instrument,CASH,Cash,KRW,USD,INR,,,,,,,,,
1,Foreign_Exchange,Forward,NDF,UPI,QZB3612PHST6,New,,2024-10-04 10:50:55,JFTXFC,NA/Fwd NDF BRL EGP,BRL EGP,Spot,Forward price of underlying instrument,CASH,Cash,BRL,EGP,BRL,,,,,,,,,
1,Foreign_Exchange,Forward,NDF,UPI,QZMW9D434TD8,New,,2024-10-04 13:21:09,JFTXFC,NA/Fwd NDF EGP SRD,EGP SRD,Spot,Forward price of underlying instrument,CASH,Cash,EGP,SRD,EGP,,,,,,,,,
1,Foreign_Exchange,Forward,NDF,UPI,QZBZ8CMBF6R0,New,,2024-10-10 19:26:04,JFTXFC,NA/Fwd NDF CHF ZMW,CHF ZMW,Spot,Forward price of underlying instrument,CASH,Cash,CHF,ZMW,CHF,,,,,,,,,
1,Foreign_Exchange,Forward,NDF,UPI,QZM66TDFB2SZ,New,,2024-10-11 12:07:01,JFTXFC,NA/Fwd NDF GBP ISK,GBP ISK,Spot,Forward price of underlying instrument,CASH,Cash,GBP,ISK,ISK,,,,,,,,,
1,Foreign_Exchange,Forward,NDF,UPI,QZ31LHGG0NHZ,New,,2024-10-15 02:08:32,JFTXFC,NA/Fwd NDF MYR USD,MYR USD,Spot,Forward price of underlying instrument,CASH,Cash,MYR,USD,HKD,,,,,,,,,
1,Foreign_Exchange,Forward,NDF,UPI,QZ74G28VVBF5,New,,2024-10-15 08:21:02,JFTXFC,NA/Fwd NDF COP KRW,COP KRW,Spot,Forward price of underlying instrument,CASH,Cash,COP,KRW,COP,,,,,,,,,
1,Foreign_Exchange,Forward,NDF,UPI,QZ9HJ7CJL395,New,,2024-10-18 12:33:36,JFTXFC,NA/Fwd NDF SSP USD,SSP USD,Spot,Forward price of underlying instrument,CASH,Cash,SSP,USD,SSP,,,,,,,,,
1,Foreign_Exchange,Forward,NDF,UPI,QZDCFV4VM9WG,New,,2024-10-22 15:27:09,JFTXFC,NA/Fwd NDF TRY TWD,TRY TWD,Spot,Forward price of underlying instrument,CASH,Cash,TRY,TWD,USD,,,,,,,,,
1,Foreign_Exchange,Forward,NDF,UPI,QZ3NQ4JQKTWV,New,,2024-10-29 07:50:52,JFTXFC,NA/Fwd NDF EGP ERN,EGP ERN,Spot,Forward price of underlying instrument,CASH,Cash,EGP,ERN,EGP,,,,,,,,,
1,Foreign_Exchange,Forward,NDF,UPI,QZD9HFKNMZH9,New,,2024-10-29 16:25:49,JFTXFC,NA/Fwd NDF EUR MYR,EUR MYR,Spot,Forward price of underlying instrument,CASH,Cash,EUR,MYR,CHF,,,,,,,,,
1,Foreign_Exchange,Forward,NDF,UPI,QZV1Q3C032C4,New,,2024-11-06 20:35:52,JFTXFC,NA/Fwd NDF BND EGP,BND EGP,Spot,Forward price of underlying instrument,CASH,Cash,BND,EGP,EGP,,,,,,,,,
1,Foreign_Exchange,Forward,NDF,UPI,QZ41CL8K2WBS,New,,2024-11-12 15:52:48,JFTXFC,NA/Fwd NDF GEL SEK,GEL SEK,Spot,Forward price of underlying instrument,CASH,Cash,GEL,SEK,SEK,,,,,,,,,
1,Foreign_Exchange,Forward,NDF,UPI,QZL34NQ6GZ82,New,,2024-11-15 12:16:31,JFTXFC,NA/Fwd NDF EUR MGA,EUR MGA,Spot,Forward price of underlying instrument,CASH,Cash,EUR,MGA,EUR,,,,,,,,,
1,Foreign_Exchange,Forward,NDF,UPI,QZKD1DB32GKK,New,,2024-11-18 14:36:21,JFTXFC,NA/Fwd NDF EUR RWF,EUR RWF,Spot,Forward price of underlying instrument,CASH,Cash,EUR,RWF,EUR,,,,,,,,,
1,Foreign_Exchange,Forward,NDF,UPI,QZ9TVBN3Z0FD,New,,2024-11-21 10:27:40,JFTXFC,NA/Fwd NDF MYR USD,MYR USD,Spot,Forward price of underlying instrument,CASH,Cash,MYR,USD,NZD,,,,,,,,,
1,Foreign_Exchange,Forward,NDF,UPI,QZ1HJHMR5W9D,New,,2024-11-21 10:27:51,JFTXFC,NA/Fwd NDF MYR USD,MYR USD,Spot,Forward price of underlying instrument,CASH,Cash,MYR,USD,NOK,,,,,,,,,
1,Foreign_Exchange,Forward,NDF,UPI,QZTK2JVLQNTJ,New,,2024-11-21 11:36:49,JFTXFC,NA/Fwd NDF IDR USD,IDR USD,Spot,Forward price of underlying instrument,CASH,Cash,IDR,USD,NOK,,,,,,,,,
1,Foreign_Exchange,Forward,NDF,UPI,QZPQ089KVWVC,New,,2024-11-26 16:05:52,JFTXFC,NA/Fwd NDF TJS USD,TJS USD,Spot,Forward price of underlying instrument,CASH,Cash,TJS,USD,TJS,,,,,,,,,
1,Foreign_Exchange,Forward,NDF,UPI,QZ0R93DQJK8H,New,,2024-11-27 19:28:37,JFTXFC,NA/Fwd NDF EGP GBP,EGP GBP,Spot,Forward price of underlying instrument,CASH,Cash,EGP,GBP,CAD,,,,,,,,,
1,Foreign_Exchange,Forward,NDF,UPI,QZ09TSP1L1VN,New,,2024-12-02 17:48:52,JFTXFC,NA/Fwd NDF CAD CRC,CAD CRC,Spot,Forward price of underlying instrument,CASH,Cash,CAD,CRC,CAD,,,,,,,,,
1,Foreign_Exchange,Forward,NDF,UPI,QZWR8H7HJ0N2,New,,2024-12-18 07:45:14,JFTXFC,NA/Fwd NDF INR SEK,INR SEK,Spot,Forward price of underlying instrument,CASH,Cash,INR,SEK,CAD,,,,,,,,,
1,Foreign_Exchange,Forward,NDF,UPI,QZQKG9WFCMSV,New,,2024-12-19 08:02:07,JFTXFC,NA/Fwd NDF TRY XAG,TRY XAG,Spot,Forward price of underlying instrument,CASH,Cash,TRY,XAG,TRY,,,,,,,,,
1,Foreign_Exchange,Forward,NDF,UPI,QZD17L5ZL9MD,New,,2024-12-24 10:50:40,JFTXFC,NA/Fwd NDF EUR XSU,EUR XSU,Spot,Forward price of underlying instrument,CASH,Cash,EUR,XSU,EUR,,,,,,,,,
1,Foreign_Exchange,Forward,NDF,UPI,QZ03FV8CMQ9J,New,,2024-12-27 03:33:14,JFTXFC,NA/Fwd NDF GBP IDR,GBP IDR,Spot,Forward price of underlying instrument,CASH,Cash,GBP,IDR,CAD,,,,,,,,,
1,Foreign_Exchange,Forward,NDF,UPI,QZG7MQ76C2KJ,New,,2024-12-27 10:37:14,JFTXFC,NA/Fwd NDF INR PLN,INR PLN,Spot,Forward price of underlying instrument,CASH,Cash,INR,PLN,JPY,,,,,,,,,
1,Foreign_Exchange,Forward,NDF,UPI,QZK6BMBP28NG,New,,2025-01-07 11:05:54,JFTXFC,NA/Fwd NDF GBP LKR,GBP LKR,Spot,Forward price of underlying instrument,CASH,Cash,GBP,LKR,LKR,,,,,,,,,
1,Foreign_Exchange,Forward,NDF,UPI,QZXR1CZBLS2X,New,,2025-01-07 18:09:15,JFTXFC,NA/Fwd NDF BDT USD,BDT USD,Spot,Forward price of underlying instrument,CASH,Cash,BDT,USD,PKR,,,,,,,,,
1,Foreign_Exchange,Forward,NDF,UPI,QZHD39XWVSDR,New,,2025-01-10 16:54:59,JFTXFC,NA/Fwd NDF CAD CRC,CAD CRC,Spot,Forward price of underlying instrument,CASH,Cash,CAD,CRC,USD,,,,,,,,,
1,Foreign_Exchange,Forward,NDF,UPI,QZJSR4NXMRDF,New,,2025-01-24 13:51:12,JFTXFC,NA/Fwd NDF KRW USD,KRW USD,Spot,Forward price of underlying instrument,CASH,Cash,KRW,USD,NOK,,,,,,,,,
1,Foreign_Exchange,Forward,NDF,UPI,QZF93HN38ZBM,New,,2025-01-29 18:50:52,JFTXFC,NA/Fwd NDF KYD USD,KYD USD,Spot,Forward price of underlying instrument,CASH,Cash,KYD,USD,KYD,,,,,,,,,
1,Foreign_Exchange,Forward,NDF,UPI,QZZTDN3D2R90,New,,2025-02-03 14:23:52,JFTXFC,NA/Fwd NDF CHF TZS,CHF TZS,Spot,Forward price of underlying instrument,CASH,Cash,CHF,TZS,CHF,,,,,,,,,
1,Foreign_Exchange,Forward,NDF,UPI,QZ2TN74GX3F8,New,,2025-02-12 13:13:55,JFTXFC,NA/Fwd NDF IDR USD,IDR USD,Spot,Forward price of underlying instrument,CASH,Cash,IDR,USD,INR,,,,,,,,,
1,Foreign_Exchange,Forward,NDF,UPI,QZZ6S67WH9JV,New,,2025-02-14 05:35:56,JFTXFC,NA/Fwd NDF EGP GHS,EGP GHS,Spot,Forward price of underlying instrument,CASH,Cash,EGP,GHS,EGP,,,,,,,,,
1,Foreign_Exchange,Forward,NDF,UPI,QZXKTN373G7R,New,,2025-02-19 11:01:37,JFTXFC,NA/Fwd NDF EUR XXX,EUR XXX,Spot,Forward price of underlying instrument,CASH,Cash,EUR,XXX,EUR,,,,,,,,,
1,Foreign_Exchange,Forward,NDF,UPI,QZFXP888WF22,New,,2025-02-21 02:16:50,JFTXFC,NA/Fwd NDF DZD GBP,DZD GBP,Spot,Forward price of underlying instrument,CASH,Cash,DZD,GBP,DZD,,,,,,,,,
1,Foreign_Exchange,Forward,NDF,UPI,QZB3031CP3J3,New,,2025-02-26 00:46:32,JFTXFC,NA/Fwd NDF EGP WST,EGP WST,Spot,Forward price of underlying instrument,CASH,Cash,EGP,WST,EGP,,,,,,,,,
1,Foreign_Exchange,Forward,NDF,UPI,QZ5BMDRFXZ64,New,,2025-02-28 14:14:15,JFTXFC,NA/Fwd NDF USD UYU,USD UYU,Spot,Forward price of underlying instrument,CASH,Cash,USD,UYU,EUR,,,,,,,,,
1,Foreign_Exchange,Forward,NDF,UPI,QZWNPKL4W299,New,,2025-03-13 06:48:32,JFTXFC,NA/Fwd NDF AUD HTG,AUD HTG,Spot,Forward price of underlying instrument,CASH,Cash,AUD,HTG,AUD,,,,,,,,,
1,Foreign_Exchange,Forward,NDF,UPI,QZS4Z1QTC07B,New,,2025-03-21 14:22:01,JFTXFC,NA/Fwd NDF COP USD,COP USD,Spot,Forward price of underlying instrument,CASH,Cash,COP,USD,NOK,,,,,,,,,
1,Foreign_Exchange,Forward,NDF,UPI,QZ4R451RVS45,New,,2025-03-28 06:10:14,JFTXFC,NA/Fwd NDF CAD INR,CAD INR,Spot,Forward price of underlying instrument,CASH,Cash,CAD,INR,AUD,,,,,,,,,
1,Foreign_Exchange,Forward,NDF,UPI,QZ3WMJN2FV1F,New,,2025-03-28 17:47:17,JFTXFC,NA/Fwd NDF EUR USD,EUR USD,Spot,Forward price of underlying instrument,CASH,Cash,EUR,USD,SGD,,,,,,,,,
1,Foreign_Exchange,Forward,NDF,UPI,QZ492JVR00L6,New,,2025-03-29 06:29:02,JFTXFC,NA/Fwd NDF USD XTS,USD XTS,Spot,Forward price of underlying instrument,CASH,Cash,USD,XTS,XTS,,,,,,,,,
