TemplateVersion,Header_AssetClass,Header_InstrumentType,Header_UseCase,Header_Level,Identifier_UPI,Identifier_Status,Identifier_StatusReason,Identifier_LastUpdateDateTime,Derived_ClassificationType,Derived_ShortName,Derived_UnderlyingAssetClass_Equity_UnderlierName,Derived_UnderlyingAssetClass_Foreign_Exchange_UnderlierName,Derived_UnderlyingAssetType,Derived_CFIOptionStyleandType,Derived_CFI_0_Version,Derived_CFI_0_VersionStatus,Derived_CFI_0_Value,Derived_CFI_0_Category_Code,Derived_CFI_0_Category_Value,Derived_CFI_0_Group_Code,Derived_CFI_0_Group_Value,Derived_CFI_0_Attributes_0_Name,Derived_CFI_0_Attributes_0_Code,Derived_CFI_0_Attributes_0_Value,Derived_CFI_0_Attributes_1_Name,Derived_CFI_0_Attributes_1_Code,Derived_CFI_0_Attributes_1_Value,Derived_CFI_0_Attributes_2_Name,Derived_CFI_0_Attributes_2_Code,Derived_CFI_0_Attributes_2_Value,Derived_CFI_0_Attributes_3_Name,Derived_CFI_0_Attributes_3_Code,Derived_CFI_0_Attributes_3_Value,Derived_CFI_1_Version,Derived_CFI_1_VersionStatus,Derived_CFI_1_Value,Derived_CFI_1_Category_Code,Derived_CFI_1_Category_Value,Derived_CFI_1_Group_Code,Derived_CFI_1_Group_Value,Derived_CFI_1_Attributes_0_Name,Derived_CFI_1_Attributes_0_Code,Derived_CFI_1_Attributes_0_Value,Derived_CFI_1_Attributes_1_Name,Derived_CFI_1_Attributes_1_Code,Derived_CFI_1_Attributes_1_Value,Derived_CFI_1_Attributes_2_Name,Derived_CFI_1_Attributes_2_Code,Derived_CFI_1_Attributes_2_Value,Derived_CFI_1_Attributes_3_Name,Derived_CFI_1_Attributes_3_Code,Derived_CFI_1_Attributes_3_Value,Attributes_UnderlyingAssetClass_Equity_UnderlierCharacteristic,Attributes_UnderlyingAssetClass_Equity_UnderlyingInstrumentISIN,Attributes_UnderlyingAssetClass_Foreign_Exchange_NotionalCurrency,Attributes_UnderlyingAssetClass_Foreign_Exchange_OtherNotionalCurrency,Attributes_OptionType,Attributes_OptionExerciseStyle,Attributes_ValuationMethodorTrigger,Attributes_DeliveryType,Attributes_UnderlyingAssetClass_Foreign_Exchange_SettlementCurrency,Derived_UnderlyingAssetClass_Rates_UnderlierName,Attributes_UnderlyingAssetClass_Rates_NotionalCurrency,Attributes_UnderlyingAssetClass_Rates_UnderlierCharacteristic,Attributes_UnderlyingAssetClass_Rates_ReferenceRate,Attributes_UnderlyingAssetClass_Rates_ReferenceRateTermValue,Attributes_UnderlyingAssetClass_Rates_ReferenceRateTermUnit,Derived_UnderlyingAssetClass_Commodities_UnderlierName,Attributes_UnderlyingAssetClass_Commodities_NotionalCurrency,Attributes_UnderlyingAssetClass_Commodities_UnderlierCharacteristic,Attributes_UnderlyingAssetClass_Commodities_ReferenceRate,Attributes_UnderlyingAssetClass_Commodities_BaseProduct,Attributes_UnderlyingAssetClass_Rates_OtherNotionalCurrency,Derived_UnderlyingAssetClass_Credit_UnderlierName,Attributes_UnderlyingAssetClass_Credit_UnderlierCharacteristic,Attributes_UnderlyingAssetClass_Credit_UnderlyingInstrumentIndex,Attributes_UnderlyingAssetClass_Credit_UnderlyingInstrumentIndexTermValue,Attributes_UnderlyingAssetClass_Credit_UnderlyingInstrumentIndexTermUnit,Attributes_UnderlyingAssetClass_Credit_UnderlyingCreditIndexSeries,Attributes_UnderlyingAssetClass_Credit_UnderlyingCreditIndexVersion,Attributes_UnderlyingAssetClass_Commodities_SubProduct,Attributes_UnderlyingAssetClass_Commodities_AdditionalSubProduct,Attributes_UnderlyingAssetClass_Rates_OtherLegUnderlierCharacteristic,Attributes_UnderlyingAssetClass_Rates_OtherLegReferenceRate,Attributes_UnderlyingAssetClass_Rates_OtherLegReferenceRateTermValue,Attributes_UnderlyingAssetClass_Rates_OtherLegReferenceRateTermUnit,Attributes_UnderlyingAssetClass_Foreign_Exchange_PlaceofSettlement,Attributes_UnderlyingAssetClass_Credit_UnderlyingInstrumentISIN,Attributes_UnderlyingAssetClass_Credit_DebtSeniority,Attributes_UnderlyingAssetClass_Equity_UnderlyingInstrumentIndex,Attributes_UnderlyingAssetClass_Commodities_UnderlyingInstrumentIndexProp,Attributes_UnderlyingAssetClass_Commodities_UnderlyingInstrumentIndex,Attributes_UnderlyingAssetClass_Equity_UnderlyingInstrumentIndexProp,Attributes_UnderlyingAssetClass_Credit_UnderlyingInstrumentLEI,Attributes_UnderlyingAssetClass_Credit_UnderlyingInstrumentIndexProp
1,Other,Option,Non_Standard,UPI,QZSRPJTPQNK8,New,,2025-10-21T15:53:26,HMMADC,NA/O Oth Nstd,DEUTSCHE BORSE DAX INDEX,USD XAU,Other,European-Call,2021,Current,HMMADC,H,Non-listed and complex listed options,M,Others (miscellaneous),Underlying assets,M,Others (miscellaneous),Option style and type,A,European-Call,Valuation method or trigger,D,Digital (Binary),Delivery,C,Cash,2015,Previous,HMMADC,H,Non-listed and complex listed options,M,Others (miscellaneous),Underlying assets,M,Others (miscellaneous),Option style and type,A,European-Call,Valuation method or trigger,D,Digital (Binary),Delivery,C,Cash,Single,DE0008469008,USD,XAU,CALL,EURO,Digital (Binary),Cash,,,,,,,,,,,,,,,,,,,,,,,,,,,,,,,,,,,
1,Other,Option,Non_Standard,UPI,QZHBC2XQTKBP,New,,2025-10-21T11:03:26,HMMADC,NA/O Oth Nstd,SMI PR CHF,CHF EUR,Other,European-Call,2021,Current,HMMADC,H,Non-listed and complex listed options,M,Others (miscellaneous),Underlying assets,M,Others (miscellaneous),Option style and type,A,European-Call,Valuation method or trigger,D,Digital (Binary),Delivery,C,Cash,2015,Previous,HMMADC,H,Non-listed and complex listed options,M,Others (miscellaneous),Underlying assets,M,Others (miscellaneous),Option style and type,A,European-Call,Valuation method or trigger,D,Digital (Binary),Delivery,C,Cash,Single,CH0009980894,CHF,EUR,CALL,EURO,Digital (Binary),Cash,CHF,,,,,,,,,,,,,,,,,,,,,,,,,,,,,,,,,,
1,Other,Option,Non_Standard,UPI,QZGT0R4D558L,New,,2025-10-21T11:01:26,HMMADC,NA/O Oth Nstd,SMI PR CHF,CHF EUR,Other,European-Call,2021,Current,HMMADC,H,Non-listed and complex listed options,M,Others (miscellaneous),Underlying assets,M,Others (miscellaneous),Option style and type,A,European-Call,Valuation method or trigger,D,Digital (Binary),Delivery,C,Cash,2015,Previous,HMMADC,H,Non-listed and complex listed options,M,Others (miscellaneous),Underlying assets,M,Others (miscellaneous),Option style and type,A,European-Call,Valuation method or trigger,D,Digital (Binary),Delivery,C,Cash,Single,CH0009980894,CHF,EUR,CALL,EURO,Digital (Binary),Cash,,,,,,,,,,,,,,,,,,,,,,,,,,,,,,,,,,,
1,Other,Option,Non_Standard,UPI,QZFMHMVM6Z62,New,,2025-10-17T04:37:48,HMMDVC,NA/O Oth Nstd,S&P 500 INDEX,USD XAU,Other,European-Put,2021,Current,HMMDVC,H,Non-listed and complex listed options,M,Others (miscellaneous),Underlying assets,M,Others (miscellaneous),Option style and type,D,European-Put,Valuation method or trigger,V,Vanilla,Delivery,C,Cash,2015,Previous,HMMDVC,H,Non-listed and complex listed options,M,Others (miscellaneous),Underlying assets,M,Others (miscellaneous),Option style and type,D,European-Put,Valuation method or trigger,V,Vanilla,Delivery,C,Cash,Single,US78378X1072,USD,XAU,PUTO,EURO,Vanilla,Cash,USD,,,,,,,,,,,,,,,,,,,,,,,,,,,,,,,,,,
1,Other,Option,Non_Standard,UPI,QZ6VJ6JBGL9D,New,,2025-10-17T04:16:27,HMMDMC,NA/O Oth Nstd,S&P 500 INDEX,USD XAU,Other,European-Put,2021,Current,HMMDMC,H,Non-listed and complex listed options,M,Others (miscellaneous),Underlying assets,M,Others (miscellaneous),Option style and type,D,European-Put,Valuation method or trigger,M,Others (miscellaneous),Delivery,C,Cash,2015,Previous,HMMDMC,H,Non-listed and complex listed options,M,Others (miscellaneous),Underlying assets,M,Others (miscellaneous),Option style and type,D,European-Put,Valuation method or trigger,M,Others (miscellaneous),Delivery,C,Cash,Single,US78378X1072,USD,XAU,PUTO,EURO,Other,Cash,,,,,,,,,,,,,,,,,,,,,,,,,,,,,,,,,,,
2,Other,Option,Non_Standard,UPI,QZ4QLN62Q4L9,New,,2026-02-24T09:57:30,HMMADC,NA/O Oth Nstd,KOSPI 200,JPY USD,Other,European-Call,2021,Current,HMMADC,H,Non-listed and complex listed options,M,Others (miscellaneous),Underlying assets,M,Others (miscellaneous),Option style and type,A,European-Call,Valuation method or trigger,D,Digital (Binary),Delivery,C,Cash,2015,Previous,HMMADC,H,Non-listed and complex listed options,M,Others (miscellaneous),Underlying assets,M,Others (miscellaneous),Option style and type,A,European-Call,Valuation method or trigger,D,Digital (Binary),Delivery,C,Cash,Single,KRD020020016,JPY,USD,CALL,EURO,Digital (Binary),Cash,,,,,,,,,,,,,,,,,,,,,,,,,,,,,,,,,,,
2,Other,Option,Non_Standard,UPI,QZ5CTPBGWDLN,New,,2026-02-24T08:53:38,HMMADC,NA/O Oth Nstd,INDEX TOTAL RETURN USD,JPY USD,Other,European-Call,2021,Current,HMMADC,H,Non-listed and complex listed options,M,Others (miscellaneous),Underlying assets,M,Others (miscellaneous),Option style and type,A,European-Call,Valuation method or trigger,D,Digital (Binary),Delivery,C,Cash,2015,Previous,HMMADC,H,Non-listed and complex listed options,M,Others (miscellaneous),Underlying assets,M,Others (miscellaneous),Option style and type,A,European-Call,Valuation method or trigger,D,Digital (Binary),Delivery,C,Cash,Single,US55353S1050,JPY,USD,CALL,EURO,Digital (Binary),Cash,,,,,,,,,,,,,,,,,,,,,,,,,,,,,,,,,,,
2,Other,Option,Non_Standard,UPI,QZ1W1CS0DSS9,New,,2026-02-20T09:52:47,HMMADC,NA/O Oth Nstd,NIKKEI 225,JPY USD,Other,European-Call,2021,Current,HMMADC,H,Non-listed and complex listed options,M,Others (miscellaneous),Underlying assets,M,Others (miscellaneous),Option style and type,A,European-Call,Valuation method or trigger,D,Digital (Binary),Delivery,C,Cash,2015,Previous,HMMADC,H,Non-listed and complex listed options,M,Others (miscellaneous),Underlying assets,M,Others (miscellaneous),Option style and type,A,European-Call,Valuation method or trigger,D,Digital (Binary),Delivery,C,Cash,Single,JP9010C00002,JPY,USD,CALL,EURO,Digital (Binary),Cash,,USD-SOFR ICE Swap Rate,USD,Single,USD-SOFR ICE Swap Rate,2.0,YEAR,,,,,,,,,,,,,,,,,,,,,,,,,,,,
2,Other,Option,Non_Standard,UPI,QZX291P8LNKZ,New,,2026-02-19T23:00:42,HMMADC,NA/O Oth Nstd,Basket,USD ZAR,Other,European-Call,2021,Current,HMMADC,H,Non-listed and complex listed options,M,Others (miscellaneous),Underlying assets,M,Others (miscellaneous),Option style and type,A,European-Call,Valuation method or trigger,D,Digital (Binary),Delivery,C,Cash,2015,Previous,HMMADC,H,Non-listed and complex listed options,M,Others (miscellaneous),Underlying assets,M,Others (miscellaneous),Option style and type,A,European-Call,Valuation method or trigger,D,Digital (Binary),Delivery,C,Cash,Basket,,USD,ZAR,CALL,EURO,Digital (Binary),Cash,USD,,,,,,,OTHER,USD,Single,OTHER,OTHR,,,,,,,,,,,,,,,,,,,,,,,
2,Other,Option,Non_Standard,UPI,QZZJXN5V6C3D,New,,2026-02-19T18:59:23,HMMADC,NA/O Oth Nstd,Basket,USD XAU,Other,European-Call,2021,Current,HMMADC,H,Non-listed and complex listed options,M,Others (miscellaneous),Underlying assets,M,Others (miscellaneous),Option style and type,A,European-Call,Valuation method or trigger,D,Digital (Binary),Delivery,C,Cash,2015,Previous,HMMADC,H,Non-listed and complex listed options,M,Others (miscellaneous),Underlying assets,M,Others (miscellaneous),Option style and type,A,European-Call,Valuation method or trigger,D,Digital (Binary),Delivery,C,Cash,Basket,,USD,XAU,CALL,EURO,Digital (Binary),Cash,USD,,,,,,,OTHER,USD,Single,OTHER,OTHR,,,,,,,,,,,,,,,,,,,,,,,
1,Other,Option,Non_Standard,UPI,QZXGCHQD54T3,New,,2025-11-27T11:24:18,HMMADC,NA/O Oth Nstd,FTSE 100 INDEX,CNY USD,Other,European-Call,2021,Current,HMMADC,H,Non-listed and complex listed options,M,Others (miscellaneous),Underlying assets,M,Others (miscellaneous),Option style and type,A,European-Call,Valuation method or trigger,D,Digital (Binary),Delivery,C,Cash,2015,Previous,HMMADC,H,Non-listed and complex listed options,M,Others (miscellaneous),Underlying assets,M,Others (miscellaneous),Option style and type,A,European-Call,Valuation method or trigger,D,Digital (Binary),Delivery,C,Cash,Single,GB0001383545,CNY,USD,CALL,EURO,Digital (Binary),Cash,,,,,,,,,,,,,,,,,,,,,,,,,,,,,,,,,,,
1,Other,Option,Non_Standard,UPI,QZ3TGWGP4S85,New,,2025-11-26T18:51:13,HMMGVP,NA/O Oth Nstd,,,Other,European-Chooser,2021,Current,HMMGVP,H,Non-listed and complex listed options,M,Others (miscellaneous),Underlying assets,M,Others (miscellaneous),Option style and type,G,European-Chooser,Valuation method or trigger,V,Vanilla,Delivery,P,Physical,2015,Previous,HMMGVP,H,Non-listed and complex listed options,M,Others (miscellaneous),Underlying assets,M,Others (miscellaneous),Option style and type,G,European-Chooser,Valuation method or trigger,V,Vanilla,Delivery,P,Physical,,,,,OPTL,EURO,Vanilla,Physical,,USD-SOFR-COMPOUND,TRY,Single,USD-SOFR-COMPOUND,1.0,DAYS,,,,,,USD,,,,,,,,,,,,,,,,,,,,,,
1,Other,Option,Non_Standard,UPI,QZ1ZF4WRVWP6,New,,2025-11-26T18:49:50,HMMHVP,NA/O Oth Nstd,,,Other,American-Chooser,2021,Current,HMMHVP,H,Non-listed and complex listed options,M,Others (miscellaneous),Underlying assets,M,Others (miscellaneous),Option style and type,H,American-Chooser,Valuation method or trigger,V,Vanilla,Delivery,P,Physical,2015,Previous,HMMHVP,H,Non-listed and complex listed options,M,Others (miscellaneous),Underlying assets,M,Others (miscellaneous),Option style and type,H,American-Chooser,Valuation method or trigger,V,Vanilla,Delivery,P,Physical,,,,,OPTL,AMER,Vanilla,Physical,,USD-SOFR-COMPOUND,TRY,Single,USD-SOFR-COMPOUND,1.0,DAYS,,,,,,USD,,,,,,,,,,,,,,,,,,,,,,
1,Other,Option,Non_Standard,UPI,QZ71XSLGX2QV,New,,2025-11-26T15:11:22,HMMAMP,NA/O Oth Nstd,,,Other,European-Call,2021,Current,HMMAMP,H,Non-listed and complex listed options,M,Others (miscellaneous),Underlying assets,M,Others (miscellaneous),Option style and type,A,European-Call,Valuation method or trigger,M,Others (miscellaneous),Delivery,P,Physical,2015,Previous,HMMAMP,H,Non-listed and complex listed options,M,Others (miscellaneous),Underlying assets,M,Others (miscellaneous),Option style and type,A,European-Call,Valuation method or trigger,M,Others (miscellaneous),Delivery,P,Physical,,,,,CALL,EURO,Other,Physical,,USD-SOFR ICE Swap Rate,USD,Single,USD-SOFR ICE Swap Rate,10.0,YEAR,,,,,,,,,,,,,,,,,,,,,,,,,,,,
1,Other,Option,Non_Standard,UPI,QZCNCB5Q7WNH,New,,2025-11-25T10:01:51,HMMAVC,NA/O Oth Nstd,NDX1,,Other,European-Call,2021,Current,HMMAVC,H,Non-listed and complex listed options,M,Others (miscellaneous),Underlying assets,M,Others (miscellaneous),Option style and type,A,European-Call,Valuation method or trigger,V,Vanilla,Delivery,C,Cash,2015,Previous,HMMAVC,H,Non-listed and complex listed options,M,Others (miscellaneous),Underlying assets,M,Others (miscellaneous),Option style and type,A,European-Call,Valuation method or trigger,V,Vanilla,Delivery,C,Cash,Single,US6311011026,,,CALL,EURO,Vanilla,Cash,,USD-SOFR ICE Swap Rate,USD,Single,USD-SOFR ICE Swap Rate,2.0,YEAR,,,,,,,,,,,,,,,,,,,,,,,,,,,,
1,Other,Option,Non_Standard,UPI,QZGTC45ZTW1L,New,,2025-11-12T09:50:51,HMMADC,NA/O Oth Nstd,NDX1,JPY USD,Other,European-Call,2021,Current,HMMADC,H,Non-listed and complex listed options,M,Others (miscellaneous),Underlying assets,M,Others (miscellaneous),Option style and type,A,European-Call,Valuation method or trigger,D,Digital (Binary),Delivery,C,Cash,2015,Previous,HMMADC,H,Non-listed and complex listed options,M,Others (miscellaneous),Underlying assets,M,Others (miscellaneous),Option style and type,A,European-Call,Valuation method or trigger,D,Digital (Binary),Delivery,C,Cash,Single,US6311011026,JPY,USD,CALL,EURO,Digital (Binary),Cash,,,,,,,,,,,,,,,,,,,,,,,,,,,,,,,,,,,
1,Other,Option,Non_Standard,UPI,QZG8L50JQ8L4,New,,2025-11-12T09:50:50,HMMADC,NA/O Oth Nstd,NDX1,USD XAU,Other,European-Call,2021,Current,HMMADC,H,Non-listed and complex listed options,M,Others (miscellaneous),Underlying assets,M,Others (miscellaneous),Option style and type,A,European-Call,Valuation method or trigger,D,Digital (Binary),Delivery,C,Cash,2015,Previous,HMMADC,H,Non-listed and complex listed options,M,Others (miscellaneous),Underlying assets,M,Others (miscellaneous),Option style and type,A,European-Call,Valuation method or trigger,D,Digital (Binary),Delivery,C,Cash,Single,US6311011026,USD,XAU,CALL,EURO,Digital (Binary),Cash,,,,,,,,,,,,,,,,,,,,,,,,,,,,,,,,,,,
1,Other,Option,Non_Standard,UPI,QZG1C9D1W8RV,New,,2025-11-11T20:02:15,HMMADC,NA/O Oth Nstd,ESTX BANKS PR.EUR,USD XAU,Other,European-Call,2021,Current,HMMADC,H,Non-listed and complex listed options,M,Others (miscellaneous),Underlying assets,M,Others (miscellaneous),Option style and type,A,European-Call,Valuation method or trigger,D,Digital (Binary),Delivery,C,Cash,2015,Previous,HMMADC,H,Non-listed and complex listed options,M,Others (miscellaneous),Underlying assets,M,Others (miscellaneous),Option style and type,A,European-Call,Valuation method or trigger,D,Digital (Binary),Delivery,C,Cash,Single,EU0009658426,USD,XAU,CALL,EURO,Digital (Binary),Cash,USD,,,,,,,,,,,,,,,,,,,,,,,,,,,,,,,,,,
1,Other,Option,Non_Standard,UPI,QZ46D33RJBMR,New,,2025-11-11T14:08:40,HMMADC,NA/O Oth Nstd,ESTX BANKS PR.EUR,USD XAU,Other,European-Call,2021,Current,HMMADC,H,Non-listed and complex listed options,M,Others (miscellaneous),Underlying assets,M,Others (miscellaneous),Option style and type,A,European-Call,Valuation method or trigger,D,Digital (Binary),Delivery,C,Cash,2015,Previous,HMMADC,H,Non-listed and complex listed options,M,Others (miscellaneous),Underlying assets,M,Others (miscellaneous),Option style and type,A,European-Call,Valuation method or trigger,D,Digital (Binary),Delivery,C,Cash,Single,EU0009658426,USD,XAU,CALL,EURO,Digital (Binary),Cash,,,,,,,,,,,,,,,,,,,,,,,,,,,,,,,,,,,
1,Other,Option,Non_Standard,UPI,QZV3XNBWG81L,New,,2025-11-06T16:57:37,HMMADC,NA/O Oth Nstd,TOKYO STOCK PRICE INDEX (TOPIX),JPY USD,Other,European-Call,2021,Current,HMMADC,H,Non-listed and complex listed options,M,Others (miscellaneous),Underlying assets,M,Others (miscellaneous),Option style and type,A,European-Call,Valuation method or trigger,D,Digital (Binary),Delivery,C,Cash,2015,Previous,HMMADC,H,Non-listed and complex listed options,M,Others (miscellaneous),Underlying assets,M,Others (miscellaneous),Option style and type,A,European-Call,Valuation method or trigger,D,Digital (Binary),Delivery,C,Cash,Single,JP9010100007,JPY,USD,CALL,EURO,Digital (Binary),Cash,,,,,,,,,,,,,,,,,,,,,,,,,,,,,,,,,,,
1,Other,Option,Non_Standard,UPI,QZ7Z72S5RD9T,New,,2025-09-29T13:45:11,HMMADC,NA/O Oth Nstd,S&P 500 INDEX,USD ZAR,Other,European-Call,2021,Current,HMMADC,H,Non-listed and complex listed options,M,Others (miscellaneous),Underlying assets,M,Others (miscellaneous),Option style and type,A,European-Call,Valuation method or trigger,D,Digital (Binary),Delivery,C,Cash,2015,Previous,HMMADC,H,Non-listed and complex listed options,M,Others (miscellaneous),Underlying assets,M,Others (miscellaneous),Option style and type,A,European-Call,Valuation method or trigger,D,Digital (Binary),Delivery,C,Cash,Single,US78378X1072,USD,ZAR,CALL,EURO,Digital (Binary),Cash,,,,,,,,,,,,,,,,,,,,,,,,,,,,,,,,,,,
1,Other,Option,Non_Standard,UPI,QZ35P5GMQQ6K,New,,2025-09-29T12:55:00,HMMADC,NA/O Oth Nstd,S&P 500 INDEX,MXN USD,Other,European-Call,2021,Current,HMMADC,H,Non-listed and complex listed options,M,Others (miscellaneous),Underlying assets,M,Others (miscellaneous),Option style and type,A,European-Call,Valuation method or trigger,D,Digital (Binary),Delivery,C,Cash,2015,Previous,HMMADC,H,Non-listed and complex listed options,M,Others (miscellaneous),Underlying assets,M,Others (miscellaneous),Option style and type,A,European-Call,Valuation method or trigger,D,Digital (Binary),Delivery,C,Cash,Single,US78378X1072,MXN,USD,CALL,EURO,Digital (Binary),Cash,,,,,,,,,,,,,,,,,,,,,,,,,,,,,,,,,,,
1,Other,Option,Non_Standard,UPI,QZRRPP6VRQP9,New,,2025-09-29T03:44:41,HMMADC,NA/O Oth Nstd,S&P 500 INDEX,THB USD,Other,European-Call,2021,Current,HMMADC,H,Non-listed and complex listed options,M,Others (miscellaneous),Underlying assets,M,Others (miscellaneous),Option style and type,A,European-Call,Valuation method or trigger,D,Digital (Binary),Delivery,C,Cash,2015,Previous,HMMADC,H,Non-listed and complex listed options,M,Others (miscellaneous),Underlying assets,M,Others (miscellaneous),Option style and type,A,European-Call,Valuation method or trigger,D,Digital (Binary),Delivery,C,Cash,Single,US78378X1072,THB,USD,CALL,EURO,Digital (Binary),Cash,USD,,,,,,,,,,,,,,,,,,,,,,,,,,,,,,,,,,
1,Other,Option,Non_Standard,UPI,QZLBMHSLNCSF,New,,2025-09-23T10:25:31,HMMADC,NA/O Oth Nstd,OPTION,USD XAU,Other,European-Call,2021,Current,HMMADC,H,Non-listed and complex listed options,M,Others (miscellaneous),Underlying assets,M,Others (miscellaneous),Option style and type,A,European-Call,Valuation method or trigger,D,Digital (Binary),Delivery,C,Cash,2015,Previous,HMMADC,H,Non-listed and complex listed options,M,Others (miscellaneous),Underlying assets,M,Others (miscellaneous),Option style and type,A,European-Call,Valuation method or trigger,D,Digital (Binary),Delivery,C,Cash,Single,US12497K1007,USD,XAU,CALL,EURO,Digital (Binary),Cash,USD,,,,,,,,,,,,,,,,,,,,,,,,,,,,,,,,,,
1,Other,Option,Non_Standard,UPI,QZJC57SZ7N0V,New,,2025-09-23T10:21:49,HMMADC,NA/O Oth Nstd,OPTION,USD XAU,Other,European-Call,2021,Current,HMMADC,H,Non-listed and complex listed options,M,Others (miscellaneous),Underlying assets,M,Others (miscellaneous),Option style and type,A,European-Call,Valuation method or trigger,D,Digital (Binary),Delivery,C,Cash,2015,Previous,HMMADC,H,Non-listed and complex listed options,M,Others (miscellaneous),Underlying assets,M,Others (miscellaneous),Option style and type,A,European-Call,Valuation method or trigger,D,Digital (Binary),Delivery,C,Cash,Single,US12497K1007,USD,XAU,CALL,EURO,Digital (Binary),Cash,,,,,,,,,,,,,,,,,,,,,,,,,,,,,,,,,,,
2,Other,Option,Non_Standard,UPI,QZGC95TZHL76,New,,2026-02-09T10:22:02,HMMADC,NA/O Oth Nstd,NIKKEI 225,BRL USD,Other,European-Call,2021,Current,HMMADC,H,Non-listed and complex listed options,M,Others (miscellaneous),Underlying assets,M,Others (miscellaneous),Option style and type,A,European-Call,Valuation method or trigger,D,Digital (Binary),Delivery,C,Cash,2015,Previous,HMMADC,H,Non-listed and complex listed options,M,Others (miscellaneous),Underlying assets,M,Others (miscellaneous),Option style and type,A,European-Call,Valuation method or trigger,D,Digital (Binary),Delivery,C,Cash,Single,JP9010C00002,BRL,USD,CALL,EURO,Digital (Binary),Cash,USD,,,,,,,,,,,,,,,,,,,,,,,,,,,,,,,,,,
2,Other,Option,Non_Standard,UPI,QZV215QHXWTL,New,,2026-02-06T18:27:49,HMMADC,NA/O Oth Nstd,INDEX,JPY USD,Other,European-Call,2021,Current,HMMADC,H,Non-listed and complex listed options,M,Others (miscellaneous),Underlying assets,M,Others (miscellaneous),Option style and type,A,European-Call,Valuation method or trigger,D,Digital (Binary),Delivery,C,Cash,2015,Previous,HMMADC,H,Non-listed and complex listed options,M,Others (miscellaneous),Underlying assets,M,Others (miscellaneous),Option style and type,A,European-Call,Valuation method or trigger,D,Digital (Binary),Delivery,C,Cash,Single,US7827001089,JPY,USD,CALL,EURO,Digital (Binary),Cash,USD,,,,,,,,,,,,,,,,,,,,,,,,,,,,,,,,,,
2,Other,Option,Non_Standard,UPI,QZBWDB7XLPN7,New,,2026-02-03T13:49:36,HMMADC,NA/O Oth Nstd,,USD XAU,Other,European-Call,2021,Current,HMMADC,H,Non-listed and complex listed options,M,Others (miscellaneous),Underlying assets,M,Others (miscellaneous),Option style and type,A,European-Call,Valuation method or trigger,D,Digital (Binary),Delivery,C,Cash,2015,Previous,HMMADC,H,Non-listed and complex listed options,M,Others (miscellaneous),Underlying assets,M,Others (miscellaneous),Option style and type,A,European-Call,Valuation method or trigger,D,Digital (Binary),Delivery,C,Cash,,,USD,XAU,CALL,EURO,Digital (Binary),Cash,,USD-SOFR ICE Swap Rate,USD,Single,USD-SOFR ICE Swap Rate,2.0,YEAR,,,,,,,,,,,,,,,,,,,,,,,,,,,,
2,Other,Option,Non_Standard,UPI,QZSVC6RFX9CH,New,,2026-02-03T13:49:36,HMMADC,NA/O Oth Nstd,,USD XAU,Other,European-Call,2021,Current,HMMADC,H,Non-listed and complex listed options,M,Others (miscellaneous),Underlying assets,M,Others (miscellaneous),Option style and type,A,European-Call,Valuation method or trigger,D,Digital (Binary),Delivery,C,Cash,2015,Previous,HMMADC,H,Non-listed and complex listed options,M,Others (miscellaneous),Underlying assets,M,Others (miscellaneous),Option style and type,A,European-Call,Valuation method or trigger,D,Digital (Binary),Delivery,C,Cash,,,USD,XAU,CALL,EURO,Digital (Binary),Cash,,USD-SOFR ICE Swap Rate,USD,Single,USD-SOFR ICE Swap Rate,1.0,YEAR,,,,,,,,,,,,,,,,,,,,,,,,,,,,
2,Other,Option,Non_Standard,UPI,QZQ49H84FGT1,New,,2026-02-02T14:49:28,HMMADC,NA/O Oth Nstd,MSCI BRAZIL ETF,BRL USD,Other,European-Call,2021,Current,HMMADC,H,Non-listed and complex listed options,M,Others (miscellaneous),Underlying assets,M,Others (miscellaneous),Option style and type,A,European-Call,Valuation method or trigger,D,Digital (Binary),Delivery,C,Cash,2015,Previous,HMMADC,H,Non-listed and complex listed options,M,Others (miscellaneous),Underlying assets,M,Others (miscellaneous),Option style and type,A,European-Call,Valuation method or trigger,D,Digital (Binary),Delivery,C,Cash,Single,US4642864007,BRL,USD,CALL,EURO,Digital (Binary),Cash,USD,,,,,,,,,,,,,,,,,,,,,,,,,,,,,,,,,,
2,Other,Option,Non_Standard,UPI,QZGKSQ0V6LHP,New,,2026-02-09T18:47:37,HMMADC,NA/O Oth Nstd,NDX1,AUD USD,Other,European-Call,2021,Current,HMMADC,H,Non-listed and complex listed options,M,Others (miscellaneous),Underlying assets,M,Others (miscellaneous),Option style and type,A,European-Call,Valuation method or trigger,D,Digital (Binary),Delivery,C,Cash,2015,Previous,HMMADC,H,Non-listed and complex listed options,M,Others (miscellaneous),Underlying assets,M,Others (miscellaneous),Option style and type,A,European-Call,Valuation method or trigger,D,Digital (Binary),Delivery,C,Cash,Single,US6311011026,AUD,USD,CALL,EURO,Digital (Binary),Cash,,,,,,,,,,,,,,,,,,,,,,,,,,,,,,,,,,,
2,Other,Option,Non_Standard,UPI,QZMNW0VSVTHB,New,,2026-02-09T18:38:40,HMMADC,NA/O Oth Nstd,COPPER ETF GBP(USD),EUR USD,Other,European-Call,2021,Current,HMMADC,H,Non-listed and complex listed options,M,Others (miscellaneous),Underlying assets,M,Others (miscellaneous),Option style and type,A,European-Call,Valuation method or trigger,D,Digital (Binary),Delivery,C,Cash,2015,Previous,HMMADC,H,Non-listed and complex listed options,M,Others (miscellaneous),Underlying assets,M,Others (miscellaneous),Option style and type,A,European-Call,Valuation method or trigger,D,Digital (Binary),Delivery,C,Cash,Single,GB00B15KXQ89,EUR,USD,CALL,EURO,Digital (Binary),Cash,,,,,,,,,,,,,,,,,,,,,,,,,,,,,,,,,,,
2,Other,Option,Non_Standard,UPI,QZ4GR1SN228L,New,,2026-02-09T18:37:57,HMMADC,NA/O Oth Nstd,Basket,MXN USD,Other,European-Call,2021,Current,HMMADC,H,Non-listed and complex listed options,M,Others (miscellaneous),Underlying assets,M,Others (miscellaneous),Option style and type,A,European-Call,Valuation method or trigger,D,Digital (Binary),Delivery,C,Cash,2015,Previous,HMMADC,H,Non-listed and complex listed options,M,Others (miscellaneous),Underlying assets,M,Others (miscellaneous),Option style and type,A,European-Call,Valuation method or trigger,D,Digital (Binary),Delivery,C,Cash,Basket,,MXN,USD,CALL,EURO,Digital (Binary),Cash,,,,,,,,,,,,,,,,,,,,,,,,,,,,,,,,,,,
2,Other,Option,Non_Standard,UPI,QZDVB9J73LGD,New,,2026-02-09T18:37:10,HMMAMC,NA/O Oth Nstd,OIL SVCS ETF NEW,JPY USD,Other,European-Call,2021,Current,HMMAMC,H,Non-listed and complex listed options,M,Others (miscellaneous),Underlying assets,M,Others (miscellaneous),Option style and type,A,European-Call,Valuation method or trigger,M,Others (miscellaneous),Delivery,C,Cash,2015,Previous,HMMAMC,H,Non-listed and complex listed options,M,Others (miscellaneous),Underlying assets,M,Others (miscellaneous),Option style and type,A,European-Call,Valuation method or trigger,M,Others (miscellaneous),Delivery,C,Cash,Single,US92189H6071,JPY,USD,CALL,EURO,Other,Cash,,,,,,,,,,,,,,,,,,,,,,,,,,,,,,,,,,,
2,Other,Option,Non_Standard,UPI,QZX81BZD609G,New,,2026-02-09T18:35:32,HMMADC,NA/O Oth Nstd,INDEX TOTAL RETURN USD,USD XAU,Other,European-Call,2021,Current,HMMADC,H,Non-listed and complex listed options,M,Others (miscellaneous),Underlying assets,M,Others (miscellaneous),Option style and type,A,European-Call,Valuation method or trigger,D,Digital (Binary),Delivery,C,Cash,2015,Previous,HMMADC,H,Non-listed and complex listed options,M,Others (miscellaneous),Underlying assets,M,Others (miscellaneous),Option style and type,A,European-Call,Valuation method or trigger,D,Digital (Binary),Delivery,C,Cash,Single,US55353S1050,USD,XAU,CALL,EURO,Digital (Binary),Cash,,,,,,,,,,,,,,,,,,,,,,,,,,,,,,,,,,,
1,Other,Option,Non_Standard,UPI,QZML026K2QNZ,New,,2026-01-30T10:29:43,HMMADC,NA/O Oth Nstd,HANG SENG CHINA ENTERPRISES INDEX,USD XAU,Other,European-Call,2021,Current,HMMADC,H,Non-listed and complex listed options,M,Others (miscellaneous),Underlying assets,M,Others (miscellaneous),Option style and type,A,European-Call,Valuation method or trigger,D,Digital (Binary),Delivery,C,Cash,2015,Previous,HMMADC,H,Non-listed and complex listed options,M,Others (miscellaneous),Underlying assets,M,Others (miscellaneous),Option style and type,A,European-Call,Valuation method or trigger,D,Digital (Binary),Delivery,C,Cash,Single,HK0000004330,USD,XAU,CALL,EURO,Digital (Binary),Cash,USD,,,,,,,,,,,,,,,,,,,,,,,,,,,,,,,,,,
1,Other,Option,Non_Standard,UPI,QZ38FM5XR08W,New,,2026-01-29T20:01:03,HMMADC,NA/O Oth Nstd,KOSPI 200,,Other,European-Call,2021,Current,HMMADC,H,Non-listed and complex listed options,M,Others (miscellaneous),Underlying assets,M,Others (miscellaneous),Option style and type,A,European-Call,Valuation method or trigger,D,Digital (Binary),Delivery,C,Cash,2015,Previous,HMMADC,H,Non-listed and complex listed options,M,Others (miscellaneous),Underlying assets,M,Others (miscellaneous),Option style and type,A,European-Call,Valuation method or trigger,D,Digital (Binary),Delivery,C,Cash,Single,KRD020020016,,,CALL,EURO,Digital (Binary),Cash,,USD-SOFR ICE Swap Rate,USD,Single,USD-SOFR ICE Swap Rate,10.0,YEAR,,,,,,,,,,,,,,,,,,,,,,,,,,,,
1,Other,Option,Non_Standard,UPI,QZXKG0SSRR42,New,,2026-01-29T09:34:17,HMMADC,NA/O Oth Nstd,NDX1,,Other,European-Call,2021,Current,HMMADC,H,Non-listed and complex listed options,M,Others (miscellaneous),Underlying assets,M,Others (miscellaneous),Option style and type,A,European-Call,Valuation method or trigger,D,Digital (Binary),Delivery,C,Cash,2015,Previous,HMMADC,H,Non-listed and complex listed options,M,Others (miscellaneous),Underlying assets,M,Others (miscellaneous),Option style and type,A,European-Call,Valuation method or trigger,D,Digital (Binary),Delivery,C,Cash,Single,US6311011026,,,CALL,EURO,Digital (Binary),Cash,,USD-SOFR ICE Swap Rate,USD,Single,USD-SOFR ICE Swap Rate,-5.0,YEAR,,,,,,,,,,,,,,,,,,,,,,,,,,,,
1,Other,Option,Non_Standard,UPI,QZBHXFL6JZHP,New,,2026-01-28T11:58:52,HMMADC,NA/O Oth Nstd,STXE 600 BASIC RES.PR.EUR,EUR USD,Other,European-Call,2021,Current,HMMADC,H,Non-listed and complex listed options,M,Others (miscellaneous),Underlying assets,M,Others (miscellaneous),Option style and type,A,European-Call,Valuation method or trigger,D,Digital (Binary),Delivery,C,Cash,2015,Previous,HMMADC,H,Non-listed and complex listed options,M,Others (miscellaneous),Underlying assets,M,Others (miscellaneous),Option style and type,A,European-Call,Valuation method or trigger,D,Digital (Binary),Delivery,C,Cash,Single,EU0009658624,EUR,USD,CALL,EURO,Digital (Binary),Cash,EUR,,,,,,,,,,,,,,,,,,,,,,,,,,,,,,,,,,
1,Other,Option,Non_Standard,UPI,QZJC3W50JJLV,New,,2026-01-26T23:00:28,HMMADC,NA/O Oth Nstd,No name obtainable,USD XAU,Other,European-Call,2021,Current,HMMADC,H,Non-listed and complex listed options,M,Others (miscellaneous),Underlying assets,M,Others (miscellaneous),Option style and type,A,European-Call,Valuation method or trigger,D,Digital (Binary),Delivery,C,Cash,2015,Previous,HMMADC,H,Non-listed and complex listed options,M,Others (miscellaneous),Underlying assets,M,Others (miscellaneous),Option style and type,A,European-Call,Valuation method or trigger,D,Digital (Binary),Delivery,C,Cash,Single,US4642872349,USD,XAU,CALL,EURO,Digital (Binary),Cash,USD,,,,,,,,,,,,,,,,,,,,,,,,,,,,,,,,,,
2,Other,Option,Non_Standard,UPI,QZ8HF7GXS100,New,,2026-02-11T13:31:21,HMMADC,NA/O Oth Nstd,PROV.ECHANGE,EUR USD,Other,European-Call,2021,Current,HMMADC,H,Non-listed and complex listed options,M,Others (miscellaneous),Underlying assets,M,Others (miscellaneous),Option style and type,A,European-Call,Valuation method or trigger,D,Digital (Binary),Delivery,C,Cash,2015,Previous,HMMADC,H,Non-listed and complex listed options,M,Others (miscellaneous),Underlying assets,M,Others (miscellaneous),Option style and type,A,European-Call,Valuation method or trigger,D,Digital (Binary),Delivery,C,Cash,Single,FR0000073272,EUR,USD,CALL,EURO,Digital (Binary),Cash,USD,,,,,,,,,,,,,,,,,,,,,,,,,,,,,,,,,,
2,Other,Option,Non_Standard,UPI,QZD07DZ22HWV,New,,2026-02-10T06:18:24,HMMAVC,NA/O Oth Nstd,NIKKEI 225,JPY USD,Other,European-Call,2021,Current,HMMAVC,H,Non-listed and complex listed options,M,Others (miscellaneous),Underlying assets,M,Others (miscellaneous),Option style and type,A,European-Call,Valuation method or trigger,V,Vanilla,Delivery,C,Cash,2015,Previous,HMMAVC,H,Non-listed and complex listed options,M,Others (miscellaneous),Underlying assets,M,Others (miscellaneous),Option style and type,A,European-Call,Valuation method or trigger,V,Vanilla,Delivery,C,Cash,Single,JP9010C00002,JPY,USD,CALL,EURO,Vanilla,Cash,JPY,,,,,,,,,,,,,,,,,,,,,,,,,,,,,,,,,,
2,Other,Option,Non_Standard,UPI,QZTBFC170Q59,New,,2026-02-10T01:41:18,HMMAMC,NA/O Oth Nstd,NIKKEI 225,JPY USD,Other,European-Call,2021,Current,HMMAMC,H,Non-listed and complex listed options,M,Others (miscellaneous),Underlying assets,M,Others (miscellaneous),Option style and type,A,European-Call,Valuation method or trigger,M,Others (miscellaneous),Delivery,C,Cash,2015,Previous,HMMAMC,H,Non-listed and complex listed options,M,Others (miscellaneous),Underlying assets,M,Others (miscellaneous),Option style and type,A,European-Call,Valuation method or trigger,M,Others (miscellaneous),Delivery,C,Cash,Single,JP9010C00002,JPY,USD,CALL,EURO,Other,Cash,,,,,,,,,,,,,,,,,,,,,,,,,,,,,,,,,,,
2,Other,Option,Non_Standard,UPI,QZF6PGJ9LGC5,New,,2026-02-09T19:01:40,HMMADC,NA/O Oth Nstd,KOSPI 200,EUR KRW,Other,European-Call,2021,Current,HMMADC,H,Non-listed and complex listed options,M,Others (miscellaneous),Underlying assets,M,Others (miscellaneous),Option style and type,A,European-Call,Valuation method or trigger,D,Digital (Binary),Delivery,C,Cash,2015,Previous,HMMADC,H,Non-listed and complex listed options,M,Others (miscellaneous),Underlying assets,M,Others (miscellaneous),Option style and type,A,European-Call,Valuation method or trigger,D,Digital (Binary),Delivery,C,Cash,Single,KRD020020016,EUR,KRW,CALL,EURO,Digital (Binary),Cash,,,,,,,,,,,,,,,,,,,,,,,,,,,,,,,,,,,
2,Other,Option,Non_Standard,UPI,QZBR8RF60SGK,New,,2026-02-09T19:00:43,HMMADC,NA/O Oth Nstd,No name obtainable,BRL USD,Other,European-Call,2021,Current,HMMADC,H,Non-listed and complex listed options,M,Others (miscellaneous),Underlying assets,M,Others (miscellaneous),Option style and type,A,European-Call,Valuation method or trigger,D,Digital (Binary),Delivery,C,Cash,2015,Previous,HMMADC,H,Non-listed and complex listed options,M,Others (miscellaneous),Underlying assets,M,Others (miscellaneous),Option style and type,A,European-Call,Valuation method or trigger,D,Digital (Binary),Delivery,C,Cash,Single,US78463V1070,BRL,USD,CALL,EURO,Digital (Binary),Cash,,USD-SOFR ICE Swap Rate,USD,Single,USD-SOFR ICE Swap Rate,10.0,YEAR,,,,,,,,,,,,,,,,,,,,,,,,,,,,
1,Other,Option,Non_Standard,UPI,QZLMVJLJ6KJV,New,,2025-10-30T16:58:50,HMMADC,NA/O Oth Nstd,INDEX,GBP USD,Other,European-Call,2021,Current,HMMADC,H,Non-listed and complex listed options,M,Others (miscellaneous),Underlying assets,M,Others (miscellaneous),Option style and type,A,European-Call,Valuation method or trigger,D,Digital (Binary),Delivery,C,Cash,2015,Previous,HMMADC,H,Non-listed and complex listed options,M,Others (miscellaneous),Underlying assets,M,Others (miscellaneous),Option style and type,A,European-Call,Valuation method or trigger,D,Digital (Binary),Delivery,C,Cash,Single,US7827001089,GBP,USD,CALL,EURO,Digital (Binary),Cash,USD,,,,,,,,,,,,,,,,,,,,,,,,,,,,,,,,,,
1,Other,Option,Non_Standard,UPI,QZ4FTJKF7W2N,New,,2025-10-30T14:36:25,HMMBVC,NA/O Oth Nstd,,,Other,American-Call,2021,Current,HMMBVC,H,Non-listed and complex listed options,M,Others (miscellaneous),Underlying assets,M,Others (miscellaneous),Option style and type,B,American-Call,Valuation method or trigger,V,Vanilla,Delivery,C,Cash,2015,Previous,HMMBVC,H,Non-listed and complex listed options,M,Others (miscellaneous),Underlying assets,M,Others (miscellaneous),Option style and type,B,American-Call,Valuation method or trigger,V,Vanilla,Delivery,C,Cash,,,,,CALL,AMER,Vanilla,Cash,,,,,,,,,,,,,,ABX.HE.A,Single,ABX.HE.A,13.0,DAYS,5.0,3.0,,,,,,,,,,,,,,,
1,Other,Option,Non_Standard,UPI,QZLMW0SV99N8,New,,2025-10-30T14:09:26,HMMADC,NA/O Oth Nstd,Basket,KRW USD,Other,European-Call,2021,Current,HMMADC,H,Non-listed and complex listed options,M,Others (miscellaneous),Underlying assets,M,Others (miscellaneous),Option style and type,A,European-Call,Valuation method or trigger,D,Digital (Binary),Delivery,C,Cash,2015,Previous,HMMADC,H,Non-listed and complex listed options,M,Others (miscellaneous),Underlying assets,M,Others (miscellaneous),Option style and type,A,European-Call,Valuation method or trigger,D,Digital (Binary),Delivery,C,Cash,Basket,,KRW,USD,CALL,EURO,Digital (Binary),Cash,USD,,,,,,,,,,,,,,,,,,,,,,,,,,,,,,,,,,
1,Other,Option,Non_Standard,UPI,QZK1LDBRS4G8,New,,2025-10-30T11:48:59,HMMADC,NA/O Oth Nstd,Basket,KRW USD,Other,European-Call,2021,Current,HMMADC,H,Non-listed and complex listed options,M,Others (miscellaneous),Underlying assets,M,Others (miscellaneous),Option style and type,A,European-Call,Valuation method or trigger,D,Digital (Binary),Delivery,C,Cash,2015,Previous,HMMADC,H,Non-listed and complex listed options,M,Others (miscellaneous),Underlying assets,M,Others (miscellaneous),Option style and type,A,European-Call,Valuation method or trigger,D,Digital (Binary),Delivery,C,Cash,Basket,,KRW,USD,CALL,EURO,Digital (Binary),Cash,,,,,,,,,,,,,,,,,,,,,,,,,,,,,,,,,,,
1,Other,Option,Non_Standard,UPI,QZ5PVVW7XSD6,New,,2025-10-24T19:35:44,HMMADC,NA/O Oth Nstd,Basket,USD XAU,Other,European-Call,2021,Current,HMMADC,H,Non-listed and complex listed options,M,Others (miscellaneous),Underlying assets,M,Others (miscellaneous),Option style and type,A,European-Call,Valuation method or trigger,D,Digital (Binary),Delivery,C,Cash,2015,Previous,HMMADC,H,Non-listed and complex listed options,M,Others (miscellaneous),Underlying assets,M,Others (miscellaneous),Option style and type,A,European-Call,Valuation method or trigger,D,Digital (Binary),Delivery,C,Cash,Basket,,USD,XAU,CALL,EURO,Digital (Binary),Cash,USD,,,,,,,,,,,,,,,,,,,,,,,,,,,,,,,,,,
1,Other,Option,Non_Standard,UPI,QZ1T8N39799L,New,,2025-07-25T17:00:14,HMMDVC,NA/O Oth Nstd,S&P 500 INDEX,,Other,European-Put,2021,Current,HMMDVC,H,Non-listed and complex listed options,M,Others (miscellaneous),Underlying assets,M,Others (miscellaneous),Option style and type,D,European-Put,Valuation method or trigger,V,Vanilla,Delivery,C,Cash,2015,Previous,HMMDVC,H,Non-listed and complex listed options,M,Others (miscellaneous),Underlying assets,M,Others (miscellaneous),Option style and type,D,European-Put,Valuation method or trigger,V,Vanilla,Delivery,C,Cash,Single,US78378X1072,,,PUTO,EURO,Vanilla,Cash,,USD-SOFR ICE Swap Rate,USD,Single,USD-SOFR ICE Swap Rate,2.0,YEAR,,,,,,,,,,,,,,,,,,,,,,,,,,,,
1,Other,Option,Non_Standard,UPI,QZZCH7NP9NKD,New,,2025-07-25T06:53:32,HMMDVC,NA/O Oth Nstd,ESTX 50 PR INDEX,EUR USD,Other,European-Put,2021,Current,HMMDVC,H,Non-listed and complex listed options,M,Others (miscellaneous),Underlying assets,M,Others (miscellaneous),Option style and type,D,European-Put,Valuation method or trigger,V,Vanilla,Delivery,C,Cash,2015,Previous,HMMDVC,H,Non-listed and complex listed options,M,Others (miscellaneous),Underlying assets,M,Others (miscellaneous),Option style and type,D,European-Put,Valuation method or trigger,V,Vanilla,Delivery,C,Cash,Single,EU0009658145,EUR,USD,PUTO,EURO,Vanilla,Cash,USD,,,,,,,,,,,,,,,,,,,,,,,,,,,,,,,,,,
1,Other,Option,Non_Standard,UPI,QZ228MKCTSWS,New,,2025-07-24T14:52:08,HMMDVC,NA/O Oth Nstd,S&P 500 INDEX,EUR USD,Other,European-Put,2021,Current,HMMDVC,H,Non-listed and complex listed options,M,Others (miscellaneous),Underlying assets,M,Others (miscellaneous),Option style and type,D,European-Put,Valuation method or trigger,V,Vanilla,Delivery,C,Cash,2015,Previous,HMMDVC,H,Non-listed and complex listed options,M,Others (miscellaneous),Underlying assets,M,Others (miscellaneous),Option style and type,D,European-Put,Valuation method or trigger,V,Vanilla,Delivery,C,Cash,Single,US78378X1072,EUR,USD,PUTO,EURO,Vanilla,Cash,USD,,,,,,,,,,,,,,,,,,,,,,,,,,,,,,,,,,
1,Other,Option,Non_Standard,UPI,QZ09MTB4GZG0,New,,2025-07-24T14:50:47,HMMDMC,NA/O Oth Nstd,S&P 500 INDEX,EUR USD,Other,European-Put,2021,Current,HMMDMC,H,Non-listed and complex listed options,M,Others (miscellaneous),Underlying assets,M,Others (miscellaneous),Option style and type,D,European-Put,Valuation method or trigger,M,Others (miscellaneous),Delivery,C,Cash,2015,Previous,HMMDMC,H,Non-listed and complex listed options,M,Others (miscellaneous),Underlying assets,M,Others (miscellaneous),Option style and type,D,European-Put,Valuation method or trigger,M,Others (miscellaneous),Delivery,C,Cash,Single,US78378X1072,EUR,USD,PUTO,EURO,Other,Cash,,,,,,,,,,,,,,,,,,,,,,,,,,,,,,,,,,,
1,Other,Option,Non_Standard,UPI,QZQHBHS1B60R,New,,2025-07-21T12:28:32,HMMADC,NA/O Oth Nstd,STXE 600 AUT+PRT PR.EUR,EUR GBP,Other,European-Call,2021,Current,HMMADC,H,Non-listed and complex listed options,M,Others (miscellaneous),Underlying assets,M,Others (miscellaneous),Option style and type,A,European-Call,Valuation method or trigger,D,Digital (Binary),Delivery,C,Cash,2015,Previous,HMMADC,H,Non-listed and complex listed options,M,Others (miscellaneous),Underlying assets,M,Others (miscellaneous),Option style and type,A,European-Call,Valuation method or trigger,D,Digital (Binary),Delivery,C,Cash,Single,EU0009658681,EUR,GBP,CALL,EURO,Digital (Binary),Cash,EUR,,,,,,,,,,,,,,,,,,,,,,,,,,,,,,,,,,
1,Other,Option,Non_Standard,UPI,QZGX0R6GGV97,New,,2025-09-18T14:31:12,HMMBVC,NA/O Oth Nstd,,,Other,American-Call,2021,Current,HMMBVC,H,Non-listed and complex listed options,M,Others (miscellaneous),Underlying assets,M,Others (miscellaneous),Option style and type,B,American-Call,Valuation method or trigger,V,Vanilla,Delivery,C,Cash,2015,Previous,HMMBVC,H,Non-listed and complex listed options,M,Others (miscellaneous),Underlying assets,M,Others (miscellaneous),Option style and type,B,American-Call,Valuation method or trigger,V,Vanilla,Delivery,C,Cash,,,,,CALL,AMER,Vanilla,Cash,,USD-SOFR,USD,Single,USD-SOFR,1.0,MNTH,,,,,,,,,,,,,,,,,,,,,,,,,,,,
1,Other,Option,Non_Standard,UPI,QZSX76ZXLH5X,New,,2025-09-17T13:29:22,HMMADC,NA/O Oth Nstd,S&P 500 INDEX,JPY USD,Other,European-Call,2021,Current,HMMADC,H,Non-listed and complex listed options,M,Others (miscellaneous),Underlying assets,M,Others (miscellaneous),Option style and type,A,European-Call,Valuation method or trigger,D,Digital (Binary),Delivery,C,Cash,2015,Previous,HMMADC,H,Non-listed and complex listed options,M,Others (miscellaneous),Underlying assets,M,Others (miscellaneous),Option style and type,A,European-Call,Valuation method or trigger,D,Digital (Binary),Delivery,C,Cash,Single,US78378X1072,JPY,USD,CALL,EURO,Digital (Binary),Cash,,JPY-TONA,USD,Single,JPY-TONA,5.0,YEAR,,,,,,,,,,,,,,,,,,,,,,,,,,,,
1,Other,Option,Non_Standard,UPI,QZNJMLT8KQXG,New,,2025-09-17T13:29:22,HMMADC,NA/O Oth Nstd,,JPY USD,Other,European-Call,2021,Current,HMMADC,H,Non-listed and complex listed options,M,Others (miscellaneous),Underlying assets,M,Others (miscellaneous),Option style and type,A,European-Call,Valuation method or trigger,D,Digital (Binary),Delivery,C,Cash,2015,Previous,HMMADC,H,Non-listed and complex listed options,M,Others (miscellaneous),Underlying assets,M,Others (miscellaneous),Option style and type,A,European-Call,Valuation method or trigger,D,Digital (Binary),Delivery,C,Cash,,,JPY,USD,CALL,EURO,Digital (Binary),Cash,,JPY-TONA,USD,Single,JPY-TONA,10.0,YEAR,,,,,,,,,,,,,,,,,,,,,,,,,,,,
1,Other,Option,Non_Standard,UPI,QZ6SFCW9S58G,New,,2025-09-17T13:29:02,HMMADC,NA/O Oth Nstd,NIKKEI 225,,Other,European-Call,2021,Current,HMMADC,H,Non-listed and complex listed options,M,Others (miscellaneous),Underlying assets,M,Others (miscellaneous),Option style and type,A,European-Call,Valuation method or trigger,D,Digital (Binary),Delivery,C,Cash,2015,Previous,HMMADC,H,Non-listed and complex listed options,M,Others (miscellaneous),Underlying assets,M,Others (miscellaneous),Option style and type,A,European-Call,Valuation method or trigger,D,Digital (Binary),Delivery,C,Cash,Single,JP9010C00002,,,CALL,EURO,Digital (Binary),Cash,,JPY-TONA,JPY,Single,JPY-TONA,30.0,YEAR,,,,,,,,,,,,,,,,,,,,,,,,,,,,
1,Other,Option,Non_Standard,UPI,QZ6QDZMWLL9Q,New,,2025-09-17T13:28:12,HMMADC,NA/O Oth Nstd,NIKKEI 225,,Other,European-Call,2021,Current,HMMADC,H,Non-listed and complex listed options,M,Others (miscellaneous),Underlying assets,M,Others (miscellaneous),Option style and type,A,European-Call,Valuation method or trigger,D,Digital (Binary),Delivery,C,Cash,2015,Previous,HMMADC,H,Non-listed and complex listed options,M,Others (miscellaneous),Underlying assets,M,Others (miscellaneous),Option style and type,A,European-Call,Valuation method or trigger,D,Digital (Binary),Delivery,C,Cash,Single,JP9010C00002,,,CALL,EURO,Digital (Binary),Cash,,JPY-TONA,JPY,Single,JPY-TONA,5.0,YEAR,,,,,,,,,,,,,,,,,,,,,,,,,,,,
1,Other,Option,Non_Standard,UPI,QZGCHNX4R1CL,New,,2025-09-17T03:31:23,HMMAVC,NA/O Oth Nstd,,,Other,European-Call,2021,Current,HMMAVC,H,Non-listed and complex listed options,M,Others (miscellaneous),Underlying assets,M,Others (miscellaneous),Option style and type,A,European-Call,Valuation method or trigger,V,Vanilla,Delivery,C,Cash,2015,Previous,HMMAVC,H,Non-listed and complex listed options,M,Others (miscellaneous),Underlying assets,M,Others (miscellaneous),Option style and type,A,European-Call,Valuation method or trigger,V,Vanilla,Delivery,C,Cash,,,,,CALL,EURO,Vanilla,Cash,,,,,,,,GOLD-A.M. FIX,USD,Single,GOLD-A.M. FIX,METL,,,,,,,,,PRME,GOLD,,,,,,,,,,,,,
1,Other,Option,Non_Standard,UPI,QZ2SN8N1151S,New,,2025-09-16T15:25:30,HMMDVC,NA/O Oth Nstd,,,Other,European-Put,2021,Current,HMMDVC,H,Non-listed and complex listed options,M,Others (miscellaneous),Underlying assets,M,Others (miscellaneous),Option style and type,D,European-Put,Valuation method or trigger,V,Vanilla,Delivery,C,Cash,2015,Previous,HMMDVC,H,Non-listed and complex listed options,M,Others (miscellaneous),Underlying assets,M,Others (miscellaneous),Option style and type,D,European-Put,Valuation method or trigger,V,Vanilla,Delivery,C,Cash,,,,,PUTO,EURO,Vanilla,Cash,,EUR-EURIBOR ICE Swap Rate-11:00 vs EUR-EURIBOR ICE Swap Rate-11:00,EUR,Single,EUR-EURIBOR ICE Swap Rate-11:00,5.0,YEAR,,,,,,,,,,,,,,,,Single,EUR-EURIBOR ICE Swap Rate-11:00,10.0,YEAR,,,,,,,,,
1,Other,Option,Non_Standard,UPI,QZVW0FNH2F8F,New,,2025-09-16T05:20:29,HMMADC,NA/O Oth Nstd,No name obtainable,THB USD,Other,European-Call,2021,Current,HMMADC,H,Non-listed and complex listed options,M,Others (miscellaneous),Underlying assets,M,Others (miscellaneous),Option style and type,A,European-Call,Valuation method or trigger,D,Digital (Binary),Delivery,C,Cash,2015,Previous,HMMADC,H,Non-listed and complex listed options,M,Others (miscellaneous),Underlying assets,M,Others (miscellaneous),Option style and type,A,European-Call,Valuation method or trigger,D,Digital (Binary),Delivery,C,Cash,Single,US78463V1070,THB,USD,CALL,EURO,Digital (Binary),Cash,USD,,,,,,,,,,,,,,,,,,,,,,,,,,,,,,,,,,
1,Other,Option,Non_Standard,UPI,QZML9XNVS9KS,New,,2025-09-16T04:56:59,HMMADC,NA/O Oth Nstd,No name obtainable,THB USD,Other,European-Call,2021,Current,HMMADC,H,Non-listed and complex listed options,M,Others (miscellaneous),Underlying assets,M,Others (miscellaneous),Option style and type,A,European-Call,Valuation method or trigger,D,Digital (Binary),Delivery,C,Cash,2015,Previous,HMMADC,H,Non-listed and complex listed options,M,Others (miscellaneous),Underlying assets,M,Others (miscellaneous),Option style and type,A,European-Call,Valuation method or trigger,D,Digital (Binary),Delivery,C,Cash,Single,US78463V1070,THB,USD,CALL,EURO,Digital (Binary),Cash,,,,,,,,,,,,,,,,,,,,,,,,,,,,,,,,,,,
1,Other,Option,Non_Standard,UPI,QZ9JWQ1BDH67,New,,2025-09-12T08:48:04,HMMAVC,NA/O Oth Nstd,S&P 500 INDEX,USD XAU,Other,European-Call,2021,Current,HMMAVC,H,Non-listed and complex listed options,M,Others (miscellaneous),Underlying assets,M,Others (miscellaneous),Option style and type,A,European-Call,Valuation method or trigger,V,Vanilla,Delivery,C,Cash,2015,Previous,HMMAVC,H,Non-listed and complex listed options,M,Others (miscellaneous),Underlying assets,M,Others (miscellaneous),Option style and type,A,European-Call,Valuation method or trigger,V,Vanilla,Delivery,C,Cash,Single,US78378X1072,USD,XAU,CALL,EURO,Vanilla,Cash,USD,,,,,,,,,,,,,,,,,,,,,,,,,,,,,,,,,,
1,Other,Option,Non_Standard,UPI,QZXBTX5HP5SH,New,,2025-11-13T05:46:44,HMMADC,NA/O Oth Nstd,NDX1,JPY USD,Other,European-Call,2021,Current,HMMADC,H,Non-listed and complex listed options,M,Others (miscellaneous),Underlying assets,M,Others (miscellaneous),Option style and type,A,European-Call,Valuation method or trigger,D,Digital (Binary),Delivery,C,Cash,2015,Previous,HMMADC,H,Non-listed and complex listed options,M,Others (miscellaneous),Underlying assets,M,Others (miscellaneous),Option style and type,A,European-Call,Valuation method or trigger,D,Digital (Binary),Delivery,C,Cash,Single,US6311011026,JPY,USD,CALL,EURO,Digital (Binary),Cash,USD,,,,,,,,,,,,,,,,,,,,,,,,,,,,,,,,,,
1,Other,Option,Non_Standard,UPI,QZKN7S9GXML2,New,,2025-11-12T16:08:18,HMMADC,NA/O Oth Nstd,S&P 500 INDEX,BRL USD,Other,European-Call,2021,Current,HMMADC,H,Non-listed and complex listed options,M,Others (miscellaneous),Underlying assets,M,Others (miscellaneous),Option style and type,A,European-Call,Valuation method or trigger,D,Digital (Binary),Delivery,C,Cash,2015,Previous,HMMADC,H,Non-listed and complex listed options,M,Others (miscellaneous),Underlying assets,M,Others (miscellaneous),Option style and type,A,European-Call,Valuation method or trigger,D,Digital (Binary),Delivery,C,Cash,Single,US78378X1072,BRL,USD,CALL,EURO,Digital (Binary),Cash,USD,USD-SOFR ICE Swap Rate,USD,Single,USD-SOFR ICE Swap Rate,10.0,YEAR,,,,,,,,,,,,,,,,,,,,,,,,,,,,
1,Other,Option,Non_Standard,UPI,QZ0S58LTWR1K,New,,2025-11-12T12:05:58,HMMADC,NA/O Oth Nstd,S&P 500 INDEX,BRL USD,Other,European-Call,2021,Current,HMMADC,H,Non-listed and complex listed options,M,Others (miscellaneous),Underlying assets,M,Others (miscellaneous),Option style and type,A,European-Call,Valuation method or trigger,D,Digital (Binary),Delivery,C,Cash,2015,Previous,HMMADC,H,Non-listed and complex listed options,M,Others (miscellaneous),Underlying assets,M,Others (miscellaneous),Option style and type,A,European-Call,Valuation method or trigger,D,Digital (Binary),Delivery,C,Cash,Single,US78378X1072,BRL,USD,CALL,EURO,Digital (Binary),Cash,,USD-SOFR ICE Swap Rate,USD,Single,USD-SOFR ICE Swap Rate,10.0,YEAR,,,,,,,,,,,,,,,,,,,,,,,,,,,,
1,Other,Option,Non_Standard,UPI,QZSCF10KBLT6,New,,2025-11-12T11:10:41,HMMADC,NA/O Oth Nstd,NDX1,JPY USD,Other,European-Call,2021,Current,HMMADC,H,Non-listed and complex listed options,M,Others (miscellaneous),Underlying assets,M,Others (miscellaneous),Option style and type,A,European-Call,Valuation method or trigger,D,Digital (Binary),Delivery,C,Cash,2015,Previous,HMMADC,H,Non-listed and complex listed options,M,Others (miscellaneous),Underlying assets,M,Others (miscellaneous),Option style and type,A,European-Call,Valuation method or trigger,D,Digital (Binary),Delivery,C,Cash,Single,US6311011026,JPY,USD,CALL,EURO,Digital (Binary),Cash,USD,USD-SOFR ICE Swap Rate,USD,Single,USD-SOFR ICE Swap Rate,10.0,YEAR,,,,,,,,,,,,,,,,,,,,,,,,,,,,
1,Other,Option,Non_Standard,UPI,QZ55SNZP9LQJ,New,,2025-11-12T09:50:54,HMMADC,NA/O Oth Nstd,NDX1,JPY USD,Other,European-Call,2021,Current,HMMADC,H,Non-listed and complex listed options,M,Others (miscellaneous),Underlying assets,M,Others (miscellaneous),Option style and type,A,European-Call,Valuation method or trigger,D,Digital (Binary),Delivery,C,Cash,2015,Previous,HMMADC,H,Non-listed and complex listed options,M,Others (miscellaneous),Underlying assets,M,Others (miscellaneous),Option style and type,A,European-Call,Valuation method or trigger,D,Digital (Binary),Delivery,C,Cash,Single,US6311011026,JPY,USD,CALL,EURO,Digital (Binary),Cash,,USD-SOFR ICE Swap Rate,USD,Single,USD-SOFR ICE Swap Rate,10.0,YEAR,,,,,,,,,,,,,,,,,,,,,,,,,,,,
2,Other,Option,Non_Standard,UPI,QZVVT0BG2NNQ,New,,2026-02-09T17:53:49,HMMADC,NA/O Oth Nstd,MSCI BRAZIL ETF,BRL USD,Other,European-Call,2021,Current,HMMADC,H,Non-listed and complex listed options,M,Others (miscellaneous),Underlying assets,M,Others (miscellaneous),Option style and type,A,European-Call,Valuation method or trigger,D,Digital (Binary),Delivery,C,Cash,2015,Previous,HMMADC,H,Non-listed and complex listed options,M,Others (miscellaneous),Underlying assets,M,Others (miscellaneous),Option style and type,A,European-Call,Valuation method or trigger,D,Digital (Binary),Delivery,C,Cash,Single,US4642864007,BRL,USD,CALL,EURO,Digital (Binary),Cash,,,,,,,,,,,,,,,,,,,,,,,,,,,,,,,,,,,
2,Other,Option,Non_Standard,UPI,QZFTJFQM7NS0,New,,2026-02-09T17:52:40,HMMADC,NA/O Oth Nstd,STXE 600 BASIC RES.PR.EUR,EUR USD,Other,European-Call,2021,Current,HMMADC,H,Non-listed and complex listed options,M,Others (miscellaneous),Underlying assets,M,Others (miscellaneous),Option style and type,A,European-Call,Valuation method or trigger,D,Digital (Binary),Delivery,C,Cash,2015,Previous,HMMADC,H,Non-listed and complex listed options,M,Others (miscellaneous),Underlying assets,M,Others (miscellaneous),Option style and type,A,European-Call,Valuation method or trigger,D,Digital (Binary),Delivery,C,Cash,Single,EU0009658624,EUR,USD,CALL,EURO,Digital (Binary),Cash,,,,,,,,,,,,,,,,,,,,,,,,,,,,,,,,,,,
2,Other,Option,Non_Standard,UPI,QZ39KJDZC9DG,New,,2026-02-09T17:44:10,HMMADC,NA/O Oth Nstd,ESTX 50 PR INDEX,CHF EUR,Other,European-Call,2021,Current,HMMADC,H,Non-listed and complex listed options,M,Others (miscellaneous),Underlying assets,M,Others (miscellaneous),Option style and type,A,European-Call,Valuation method or trigger,D,Digital (Binary),Delivery,C,Cash,2015,Previous,HMMADC,H,Non-listed and complex listed options,M,Others (miscellaneous),Underlying assets,M,Others (miscellaneous),Option style and type,A,European-Call,Valuation method or trigger,D,Digital (Binary),Delivery,C,Cash,Single,EU0009658145,CHF,EUR,CALL,EURO,Digital (Binary),Cash,,,,,,,,,,,,,,,,,,,,,,,,,,,,,,,,,,,
2,Other,Option,Non_Standard,UPI,QZXVZZW7CK7P,New,,2026-02-09T17:41:28,HMMADC,NA/O Oth Nstd,HANG SENG CHINA ENTERPRISES INDEX,USD XAU,Other,European-Call,2021,Current,HMMADC,H,Non-listed and complex listed options,M,Others (miscellaneous),Underlying assets,M,Others (miscellaneous),Option style and type,A,European-Call,Valuation method or trigger,D,Digital (Binary),Delivery,C,Cash,2015,Previous,HMMADC,H,Non-listed and complex listed options,M,Others (miscellaneous),Underlying assets,M,Others (miscellaneous),Option style and type,A,European-Call,Valuation method or trigger,D,Digital (Binary),Delivery,C,Cash,Single,HK0000004330,USD,XAU,CALL,EURO,Digital (Binary),Cash,,,,,,,,,,,,,,,,,,,,,,,,,,,,,,,,,,,
2,Other,Option,Non_Standard,UPI,QZGH3FHP9ZXM,New,,2026-02-09T17:38:43,HMMADC,NA/O Oth Nstd,No name obtainable,USD XAU,Other,European-Call,2021,Current,HMMADC,H,Non-listed and complex listed options,M,Others (miscellaneous),Underlying assets,M,Others (miscellaneous),Option style and type,A,European-Call,Valuation method or trigger,D,Digital (Binary),Delivery,C,Cash,2015,Previous,HMMADC,H,Non-listed and complex listed options,M,Others (miscellaneous),Underlying assets,M,Others (miscellaneous),Option style and type,A,European-Call,Valuation method or trigger,D,Digital (Binary),Delivery,C,Cash,Single,US4642872349,USD,XAU,CALL,EURO,Digital (Binary),Cash,,,,,,,,,,,,,,,,,,,,,,,,,,,,,,,,,,,
1,Other,Option,Non_Standard,UPI,QZ024Q56JBJ1,New,,2025-12-31T17:06:29,HMMADC,NA/O Oth Nstd,NDX1,,Other,European-Call,2021,Current,HMMADC,H,Non-listed and complex listed options,M,Others (miscellaneous),Underlying assets,M,Others (miscellaneous),Option style and type,A,European-Call,Valuation method or trigger,D,Digital (Binary),Delivery,C,Cash,2015,Previous,HMMADC,H,Non-listed and complex listed options,M,Others (miscellaneous),Underlying assets,M,Others (miscellaneous),Option style and type,A,European-Call,Valuation method or trigger,D,Digital (Binary),Delivery,C,Cash,Single,US6311011026,,,CALL,EURO,Digital (Binary),Cash,,USD-SOFR ICE Swap Rate,USD,Single,USD-SOFR ICE Swap Rate,5.0,YEAR,,,,,,,,,,,,,,,,,,,,,,,,,,,,
1,Other,Option,Non_Standard,UPI,QZKTD1T7LZWZ,New,,2025-12-24T08:59:17,HMMADC,NA/O Oth Nstd,ISHARES,GBP USD,Other,European-Call,2021,Current,HMMADC,H,Non-listed and complex listed options,M,Others (miscellaneous),Underlying assets,M,Others (miscellaneous),Option style and type,A,European-Call,Valuation method or trigger,D,Digital (Binary),Delivery,C,Cash,2015,Previous,HMMADC,H,Non-listed and complex listed options,M,Others (miscellaneous),Underlying assets,M,Others (miscellaneous),Option style and type,A,European-Call,Valuation method or trigger,D,Digital (Binary),Delivery,C,Cash,Single,US46428Q1094,GBP,USD,CALL,EURO,Digital (Binary),Cash,,,,,,,,,,,,,,,,,,,,,,,,,,,,,,,,,,,
1,Other,Option,Non_Standard,UPI,QZB1TBCRLBJN,New,,2025-12-24T08:13:26,HMMADC,NA/O Oth Nstd,S&P 500 INDEX,USD XAU,Other,European-Call,2021,Current,HMMADC,H,Non-listed and complex listed options,M,Others (miscellaneous),Underlying assets,M,Others (miscellaneous),Option style and type,A,European-Call,Valuation method or trigger,D,Digital (Binary),Delivery,C,Cash,2015,Previous,HMMADC,H,Non-listed and complex listed options,M,Others (miscellaneous),Underlying assets,M,Others (miscellaneous),Option style and type,A,European-Call,Valuation method or trigger,D,Digital (Binary),Delivery,C,Cash,Single,US78378X1072,USD,XAU,CALL,EURO,Digital (Binary),Cash,,USD-SOFR ICE Swap Rate,USD,Single,USD-SOFR ICE Swap Rate,10.0,YEAR,,,,,,,,,,,,,,,,,,,,,,,,,,,,
1,Other,Option,Non_Standard,UPI,QZ523VXQ8JNH,New,,2025-12-23T19:42:25,HMMADC,NA/O Oth Nstd,ISHARES,GBP USD,Other,European-Call,2021,Current,HMMADC,H,Non-listed and complex listed options,M,Others (miscellaneous),Underlying assets,M,Others (miscellaneous),Option style and type,A,European-Call,Valuation method or trigger,D,Digital (Binary),Delivery,C,Cash,2015,Previous,HMMADC,H,Non-listed and complex listed options,M,Others (miscellaneous),Underlying assets,M,Others (miscellaneous),Option style and type,A,European-Call,Valuation method or trigger,D,Digital (Binary),Delivery,C,Cash,Single,US46428Q1094,GBP,USD,CALL,EURO,Digital (Binary),Cash,USD,,,,,,,,,,,,,,,,,,,,,,,,,,,,,,,,,,
1,Other,Option,Non_Standard,UPI,QZC4S8QLWWLK,New,,2025-12-17T15:06:31,HMMADC,NA/O Oth Nstd,FTSE 250 IDX,EUR GBP,Other,European-Call,2021,Current,HMMADC,H,Non-listed and complex listed options,M,Others (miscellaneous),Underlying assets,M,Others (miscellaneous),Option style and type,A,European-Call,Valuation method or trigger,D,Digital (Binary),Delivery,C,Cash,2015,Previous,HMMADC,H,Non-listed and complex listed options,M,Others (miscellaneous),Underlying assets,M,Others (miscellaneous),Option style and type,A,European-Call,Valuation method or trigger,D,Digital (Binary),Delivery,C,Cash,Single,GB0001384287,EUR,GBP,CALL,EURO,Digital (Binary),Cash,EUR,,,,,,,,,,,,,,,,,,,,,,,,,,,,,,,,,,
1,Other,Option,Non_Standard,UPI,QZX8GDCB95JX,New,,2025-11-04T20:00:33,HMMADC,NA/O Oth Nstd,Basket,GBP USD,Other,European-Call,2021,Current,HMMADC,H,Non-listed and complex listed options,M,Others (miscellaneous),Underlying assets,M,Others (miscellaneous),Option style and type,A,European-Call,Valuation method or trigger,D,Digital (Binary),Delivery,C,Cash,2015,Previous,HMMADC,H,Non-listed and complex listed options,M,Others (miscellaneous),Underlying assets,M,Others (miscellaneous),Option style and type,A,European-Call,Valuation method or trigger,D,Digital (Binary),Delivery,C,Cash,Basket,,GBP,USD,CALL,EURO,Digital (Binary),Cash,USD,,,,,,,,,,,,,,,,,,,,,,,,,,,,,,,,,,
1,Other,Option,Non_Standard,UPI,QZJL47DD3K8D,New,,2025-11-04T15:44:26,HMMADC,NA/O Oth Nstd,Basket,GBP USD,Other,European-Call,2021,Current,HMMADC,H,Non-listed and complex listed options,M,Others (miscellaneous),Underlying assets,M,Others (miscellaneous),Option style and type,A,European-Call,Valuation method or trigger,D,Digital (Binary),Delivery,C,Cash,2015,Previous,HMMADC,H,Non-listed and complex listed options,M,Others (miscellaneous),Underlying assets,M,Others (miscellaneous),Option style and type,A,European-Call,Valuation method or trigger,D,Digital (Binary),Delivery,C,Cash,Basket,,GBP,USD,CALL,EURO,Digital (Binary),Cash,,,,,,,,,,,,,,,,,,,,,,,,,,,,,,,,,,,
1,Other,Option,Non_Standard,UPI,QZ2JZ996SZX3,New,,2025-11-04T08:53:03,HMMADC,NA/O Oth Nstd,S&P 500 INDEX,TWD USD,Other,European-Call,2021,Current,HMMADC,H,Non-listed and complex listed options,M,Others (miscellaneous),Underlying assets,M,Others (miscellaneous),Option style and type,A,European-Call,Valuation method or trigger,D,Digital (Binary),Delivery,C,Cash,2015,Previous,HMMADC,H,Non-listed and complex listed options,M,Others (miscellaneous),Underlying assets,M,Others (miscellaneous),Option style and type,A,European-Call,Valuation method or trigger,D,Digital (Binary),Delivery,C,Cash,Single,US78378X1072,TWD,USD,CALL,EURO,Digital (Binary),Cash,USD,,,,,,,,,,,,,,,,,,,,,,,,,,,,,,,,,,
1,Other,Option,Non_Standard,UPI,QZMBWKLH9BJ2,New,,2025-11-03T16:26:26,HMMADC,NA/O Oth Nstd,S&P 500 INDEX,EUR USD,Other,European-Call,2021,Current,HMMADC,H,Non-listed and complex listed options,M,Others (miscellaneous),Underlying assets,M,Others (miscellaneous),Option style and type,A,European-Call,Valuation method or trigger,D,Digital (Binary),Delivery,C,Cash,2015,Previous,HMMADC,H,Non-listed and complex listed options,M,Others (miscellaneous),Underlying assets,M,Others (miscellaneous),Option style and type,A,European-Call,Valuation method or trigger,D,Digital (Binary),Delivery,C,Cash,Single,US78378X1072,EUR,USD,CALL,EURO,Digital (Binary),Cash,,USD-SOFR ICE Swap Rate,USD,Single,USD-SOFR ICE Swap Rate,30.0,YEAR,,,,,,,,,,,,,,,,,,,,,,,,,,,,
1,Other,Option,Non_Standard,UPI,QZ1JXRQC3DMW,New,,2025-11-03T14:14:15,HMMADC,NA/O Oth Nstd,NIKKEI 225,CNY USD,Other,European-Call,2021,Current,HMMADC,H,Non-listed and complex listed options,M,Others (miscellaneous),Underlying assets,M,Others (miscellaneous),Option style and type,A,European-Call,Valuation method or trigger,D,Digital (Binary),Delivery,C,Cash,2015,Previous,HMMADC,H,Non-listed and complex listed options,M,Others (miscellaneous),Underlying assets,M,Others (miscellaneous),Option style and type,A,European-Call,Valuation method or trigger,D,Digital (Binary),Delivery,C,Cash,Single,JP9010C00002,CNY,USD,CALL,EURO,Digital (Binary),Cash,,,,,,,,,,,,,,,,,,,,,,,,,,,,,,,,,,,
1,Other,Option,Non_Standard,UPI,QZ1X252H6WSF,New,,2025-09-08T13:46:02,HMMDVC,NA/O Oth Nstd,,,Other,European-Put,2021,Current,HMMDVC,H,Non-listed and complex listed options,M,Others (miscellaneous),Underlying assets,M,Others (miscellaneous),Option style and type,D,European-Put,Valuation method or trigger,V,Vanilla,Delivery,C,Cash,2015,Previous,HMMDVC,H,Non-listed and complex listed options,M,Others (miscellaneous),Underlying assets,M,Others (miscellaneous),Option style and type,D,European-Put,Valuation method or trigger,V,Vanilla,Delivery,C,Cash,,,,,PUTO,EURO,Vanilla,Cash,,EUR-ISDA-EURIBOR Swap Rate-11:00 vs EUR-ISDA-EURIBOR Swap Rate-11:00,EUR,Single,EUR-ISDA-EURIBOR Swap Rate-11:00,2.0,YEAR,,,,,,,,,,,,,,,,Single,EUR-ISDA-EURIBOR Swap Rate-11:00,30.0,YEAR,,,,,,,,,
1,Other,Option,Non_Standard,UPI,QZDDWHK918BF,New,,2025-09-08T03:12:16,HMMADC,NA/O Oth Nstd,NIKKEI 225,USD XAU,Other,European-Call,2021,Current,HMMADC,H,Non-listed and complex listed options,M,Others (miscellaneous),Underlying assets,M,Others (miscellaneous),Option style and type,A,European-Call,Valuation method or trigger,D,Digital (Binary),Delivery,C,Cash,2015,Previous,HMMADC,H,Non-listed and complex listed options,M,Others (miscellaneous),Underlying assets,M,Others (miscellaneous),Option style and type,A,European-Call,Valuation method or trigger,D,Digital (Binary),Delivery,C,Cash,Single,JP9010C00002,USD,XAU,CALL,EURO,Digital (Binary),Cash,USD,,,,,,,,,,,,,,,,,,,,,,,,,,,,,,,,,,
1,Other,Option,Non_Standard,UPI,QZV3GC39SRF4,New,,2025-09-08T02:22:43,HMMADC,NA/O Oth Nstd,NIKKEI 225,USD XAU,Other,European-Call,2021,Current,HMMADC,H,Non-listed and complex listed options,M,Others (miscellaneous),Underlying assets,M,Others (miscellaneous),Option style and type,A,European-Call,Valuation method or trigger,D,Digital (Binary),Delivery,C,Cash,2015,Previous,HMMADC,H,Non-listed and complex listed options,M,Others (miscellaneous),Underlying assets,M,Others (miscellaneous),Option style and type,A,European-Call,Valuation method or trigger,D,Digital (Binary),Delivery,C,Cash,Single,JP9010C00002,USD,XAU,CALL,EURO,Digital (Binary),Cash,,,,,,,,,,,,,,,,,,,,,,,,,,,,,,,,,,,
1,Other,Option,Non_Standard,UPI,QZC0QWG5BP8M,New,,2025-09-05T17:53:18,HMMAVC,NA/O Oth Nstd,,,Other,European-Call,2021,Current,HMMAVC,H,Non-listed and complex listed options,M,Others (miscellaneous),Underlying assets,M,Others (miscellaneous),Option style and type,A,European-Call,Valuation method or trigger,V,Vanilla,Delivery,C,Cash,2015,Previous,HMMAVC,H,Non-listed and complex listed options,M,Others (miscellaneous),Underlying assets,M,Others (miscellaneous),Option style and type,A,European-Call,Valuation method or trigger,V,Vanilla,Delivery,C,Cash,,,,,CALL,EURO,Vanilla,Cash,,EUR-EXT-CPI vs GBP-LIBOR-BBA,EUR,Single,EUR-EXT-CPI,1.0,WEEK,,,,,,GBP,,,,,,,,,,Single,GBP-LIBOR-BBA,3.0,MNTH,,,,,,,,,
1,Other,Option,Non_Standard,UPI,QZKKSP4W5SNK,New,,2025-09-05T17:50:38,HMMAMP,NA/O Oth Nstd,,,Other,European-Call,2021,Current,HMMAMP,H,Non-listed and complex listed options,M,Others (miscellaneous),Underlying assets,M,Others (miscellaneous),Option style and type,A,European-Call,Valuation method or trigger,M,Others (miscellaneous),Delivery,P,Physical,2015,Previous,HMMAMP,H,Non-listed and complex listed options,M,Others (miscellaneous),Underlying assets,M,Others (miscellaneous),Option style and type,A,European-Call,Valuation method or trigger,M,Others (miscellaneous),Delivery,P,Physical,,,,,CALL,EURO,Other,Physical,,USD-SOFR ICE Swap Rate,USD,Single,USD-SOFR ICE Swap Rate,30.0,YEAR,,,,,,,,,,,,,,,,,,,,,,,,,,,,
1,Other,Option,Non_Standard,UPI,QZX7R4ZDJPBW,New,,2025-10-07T11:42:49,HMMADC,NA/O Oth Nstd,No name obtainable,JPY USD,Other,European-Call,2021,Current,HMMADC,H,Non-listed and complex listed options,M,Others (miscellaneous),Underlying assets,M,Others (miscellaneous),Option style and type,A,European-Call,Valuation method or trigger,D,Digital (Binary),Delivery,C,Cash,2015,Previous,HMMADC,H,Non-listed and complex listed options,M,Others (miscellaneous),Underlying assets,M,Others (miscellaneous),Option style and type,A,European-Call,Valuation method or trigger,D,Digital (Binary),Delivery,C,Cash,Single,US78463V1070,JPY,USD,CALL,EURO,Digital (Binary),Cash,,,,,,,,,,,,,,,,,,,,,,,,,,,,,,,,,,,
1,Other,Option,Non_Standard,UPI,QZGCPBC56W16,New,,2025-10-03T10:41:07,HMMDMC,NA/O Oth Nstd,HANG SENG CHINA ENTERPRISES INDEX,EUR USD,Other,European-Put,2021,Current,HMMDMC,H,Non-listed and complex listed options,M,Others (miscellaneous),Underlying assets,M,Others (miscellaneous),Option style and type,D,European-Put,Valuation method or trigger,M,Others (miscellaneous),Delivery,C,Cash,2015,Previous,HMMDMC,H,Non-listed and complex listed options,M,Others (miscellaneous),Underlying assets,M,Others (miscellaneous),Option style and type,D,European-Put,Valuation method or trigger,M,Others (miscellaneous),Delivery,C,Cash,Single,HK0000004330,EUR,USD,PUTO,EURO,Other,Cash,,,,,,,,,,,,,,,,,,,,,,,,,,,,,,,,,,,
1,Other,Option,Non_Standard,UPI,QZWVB9L7JGV5,New,,2025-10-01T22:00:33,HMMDVC,NA/O Oth Nstd,IBOXX $ HIGH YIELD CORP BD ETF,,Other,European-Put,2021,Current,HMMDVC,H,Non-listed and complex listed options,M,Others (miscellaneous),Underlying assets,M,Others (miscellaneous),Option style and type,D,European-Put,Valuation method or trigger,V,Vanilla,Delivery,C,Cash,2015,Previous,HMMDVC,H,Non-listed and complex listed options,M,Others (miscellaneous),Underlying assets,M,Others (miscellaneous),Option style and type,D,European-Put,Valuation method or trigger,V,Vanilla,Delivery,C,Cash,Single,US4642885135,,,PUTO,EURO,Vanilla,Cash,,USD-SOFR ICE Swap Rate,USD,Single,USD-SOFR ICE Swap Rate,10.0,YEAR,,,,,,,,,,,,,,,,,,,,,,,,,,,,
1,Other,Option,Non_Standard,UPI,QZQ6RGWW6T4P,New,,2025-09-30T15:50:20,HMMAVC,NA/O Oth Nstd,,,Other,European-Call,2021,Current,HMMAVC,H,Non-listed and complex listed options,M,Others (miscellaneous),Underlying assets,M,Others (miscellaneous),Option style and type,A,European-Call,Valuation method or trigger,V,Vanilla,Delivery,C,Cash,2015,Previous,HMMAVC,H,Non-listed and complex listed options,M,Others (miscellaneous),Underlying assets,M,Others (miscellaneous),Option style and type,A,European-Call,Valuation method or trigger,V,Vanilla,Delivery,C,Cash,,,,,CALL,EURO,Vanilla,Cash,,EUR-EURIBOR ICE Swap Rate-11:00 vs EUR-EURIBOR ICE Swap Rate-11:00,EUR,Single,EUR-EURIBOR ICE Swap Rate-11:00,2.0,YEAR,,,,,,,,,,,,,,,,Single,EUR-EURIBOR ICE Swap Rate-11:00,20.0,YEAR,,,,,,,,,
1,Other,Option,Non_Standard,UPI,QZMXQKK4LTPG,New,,2025-09-30T12:41:30,HMMADC,NA/O Oth Nstd,S&P 500 INDEX,USD ZAR,Other,European-Call,2021,Current,HMMADC,H,Non-listed and complex listed options,M,Others (miscellaneous),Underlying assets,M,Others (miscellaneous),Option style and type,A,European-Call,Valuation method or trigger,D,Digital (Binary),Delivery,C,Cash,2015,Previous,HMMADC,H,Non-listed and complex listed options,M,Others (miscellaneous),Underlying assets,M,Others (miscellaneous),Option style and type,A,European-Call,Valuation method or trigger,D,Digital (Binary),Delivery,C,Cash,Single,US78378X1072,USD,ZAR,CALL,EURO,Digital (Binary),Cash,USD,,,,,,,,,,,,,,,,,,,,,,,,,,,,,,,,,,
1,Other,Option,Non_Standard,UPI,QZSKM1DFTW8T,New,,2025-07-17T11:10:10,HMMADC,NA/O Oth Nstd,No name obtainable,,Other,European-Call,2021,Current,HMMADC,H,Non-listed and complex listed options,M,Others (miscellaneous),Underlying assets,M,Others (miscellaneous),Option style and type,A,European-Call,Valuation method or trigger,D,Digital (Binary),Delivery,C,Cash,2015,Previous,HMMADC,H,Non-listed and complex listed options,M,Others (miscellaneous),Underlying assets,M,Others (miscellaneous),Option style and type,A,European-Call,Valuation method or trigger,D,Digital (Binary),Delivery,C,Cash,Single,US78463V1070,,,CALL,EURO,Digital (Binary),Cash,,USD-SOFR ICE Swap Rate,USD,Single,USD-SOFR ICE Swap Rate,30.0,YEAR,,,,,,,,,,,,,,,,,,,,,,,,,,,,
1,Other,Option,Non_Standard,UPI,QZSP0NTLKKFJ,New,,2025-07-15T17:10:47,HMMAVC,NA/O Oth Nstd,,,Other,European-Call,2021,Current,HMMAVC,H,Non-listed and complex listed options,M,Others (miscellaneous),Underlying assets,M,Others (miscellaneous),Option style and type,A,European-Call,Valuation method or trigger,V,Vanilla,Delivery,C,Cash,2015,Previous,HMMAVC,H,Non-listed and complex listed options,M,Others (miscellaneous),Underlying assets,M,Others (miscellaneous),Option style and type,A,European-Call,Valuation method or trigger,V,Vanilla,Delivery,C,Cash,,,,,CALL,EURO,Vanilla,Cash,,USD-SOFR ICE Swap Rate vs USD-SOFR ICE Swap Rate,USD,Single,USD-SOFR ICE Swap Rate,2.0,YEAR,,,,,,,,,,,,,,,,Single,USD-SOFR ICE Swap Rate,5.0,YEAR,,,,,,,,,
1,Other,Option,Non_Standard,UPI,QZDC6V2SFM2X,New,,2025-07-14T08:31:50,HMMDVC,NA/O Oth Nstd,,,Other,European-Put,2021,Current,HMMDVC,H,Non-listed and complex listed options,M,Others (miscellaneous),Underlying assets,M,Others (miscellaneous),Option style and type,D,European-Put,Valuation method or trigger,V,Vanilla,Delivery,C,Cash,2015,Previous,HMMDVC,H,Non-listed and complex listed options,M,Others (miscellaneous),Underlying assets,M,Others (miscellaneous),Option style and type,D,European-Put,Valuation method or trigger,V,Vanilla,Delivery,C,Cash,,,,,PUTO,EURO,Vanilla,Cash,,GBP-SONIA Swap Rate vs GBP-SONIA Swap Rate,GBP,Single,GBP-SONIA Swap Rate,5.0,YEAR,,,,,,,,,,,,,,,,Single,GBP-SONIA Swap Rate,30.0,YEAR,,,,,,,,,
1,Other,Option,Non_Standard,UPI,QZ4CL5F22LL3,New,,2025-07-14T08:31:49,HMMAVC,NA/O Oth Nstd,,,Other,European-Call,2021,Current,HMMAVC,H,Non-listed and complex listed options,M,Others (miscellaneous),Underlying assets,M,Others (miscellaneous),Option style and type,A,European-Call,Valuation method or trigger,V,Vanilla,Delivery,C,Cash,2015,Previous,HMMAVC,H,Non-listed and complex listed options,M,Others (miscellaneous),Underlying assets,M,Others (miscellaneous),Option style and type,A,European-Call,Valuation method or trigger,V,Vanilla,Delivery,C,Cash,,,,,CALL,EURO,Vanilla,Cash,,GBP-SONIA Swap Rate vs GBP-SONIA Swap Rate,GBP,Single,GBP-SONIA Swap Rate,5.0,YEAR,,,,,,,,,,,,,,,,Single,GBP-SONIA Swap Rate,30.0,YEAR,,,,,,,,,
1,Other,Option,Non_Standard,UPI,QZ9S25X6KC2B,New,,2025-07-11T11:09:32,HMMADC,NA/O Oth Nstd,NDX1,BRL USD,Other,European-Call,2021,Current,HMMADC,H,Non-listed and complex listed options,M,Others (miscellaneous),Underlying assets,M,Others (miscellaneous),Option style and type,A,European-Call,Valuation method or trigger,D,Digital (Binary),Delivery,C,Cash,2015,Previous,HMMADC,H,Non-listed and complex listed options,M,Others (miscellaneous),Underlying assets,M,Others (miscellaneous),Option style and type,A,European-Call,Valuation method or trigger,D,Digital (Binary),Delivery,C,Cash,Single,US6311011026,BRL,USD,CALL,EURO,Digital (Binary),Cash,,USD-SOFR ICE Swap Rate,USD,Single,USD-SOFR ICE Swap Rate,30.0,YEAR,,,,,,,,,,,,,,,,,,,,,,,,,,,,
1,Other,Option,Non_Standard,UPI,QZJTHRCG50D9,New,,2025-09-12T08:35:00,HMMAMC,NA/O Oth Nstd,S&P 500 INDEX,USD XAU,Other,European-Call,2021,Current,HMMAMC,H,Non-listed and complex listed options,M,Others (miscellaneous),Underlying assets,M,Others (miscellaneous),Option style and type,A,European-Call,Valuation method or trigger,M,Others (miscellaneous),Delivery,C,Cash,2015,Previous,HMMAMC,H,Non-listed and complex listed options,M,Others (miscellaneous),Underlying assets,M,Others (miscellaneous),Option style and type,A,European-Call,Valuation method or trigger,M,Others (miscellaneous),Delivery,C,Cash,Single,US78378X1072,USD,XAU,CALL,EURO,Other,Cash,,,,,,,,,,,,,,,,,,,,,,,,,,,,,,,,,,,
1,Other,Option,Non_Standard,UPI,QZPX9W075B43,New,,2025-09-09T09:18:03,HMMDMC,NA/O Oth Nstd,S&P 500 INDEX,,Other,European-Put,2021,Current,HMMDMC,H,Non-listed and complex listed options,M,Others (miscellaneous),Underlying assets,M,Others (miscellaneous),Option style and type,D,European-Put,Valuation method or trigger,M,Others (miscellaneous),Delivery,C,Cash,2015,Previous,HMMDMC,H,Non-listed and complex listed options,M,Others (miscellaneous),Underlying assets,M,Others (miscellaneous),Option style and type,D,European-Put,Valuation method or trigger,M,Others (miscellaneous),Delivery,C,Cash,Single,US78378X1072,,,PUTO,EURO,Other,Cash,,USD-SOFR ICE Swap Rate,USD,Single,USD-SOFR ICE Swap Rate,2.0,YEAR,,,,,,,,,,,,,,,,,,,,,,,,,,,,
1,Other,Option,Non_Standard,UPI,QZG9414CLM5M,New,,2025-09-08T16:32:31,HMMCVC,NA/O Oth Nstd,,,Other,Bermudan-Call,2021,Current,HMMCVC,H,Non-listed and complex listed options,M,Others (miscellaneous),Underlying assets,M,Others (miscellaneous),Option style and type,C,Bermudan-Call,Valuation method or trigger,V,Vanilla,Delivery,C,Cash,2015,Previous,HMMCVC,H,Non-listed and complex listed options,M,Others (miscellaneous),Underlying assets,M,Others (miscellaneous),Option style and type,C,Bermudan-Call,Valuation method or trigger,V,Vanilla,Delivery,C,Cash,,,,,CALL,BERM,Vanilla,Cash,,EUR-Annual Swap Rate-11:00 vs EUR-EURIBOR-Reuters,EUR,Single,EUR-Annual Swap Rate-11:00,10.0,YEAR,,,,,,,,,,,,,,,,Single,EUR-EURIBOR-Reuters,3.0,MNTH,,,,,,,,,
1,Other,Option,Non_Standard,UPI,QZ9N3D8SZ4PB,New,,2025-09-08T16:12:17,HMMADC,NA/O Oth Nstd,S&P HOMEBUILDERS ETF,USD XAU,Other,European-Call,2021,Current,HMMADC,H,Non-listed and complex listed options,M,Others (miscellaneous),Underlying assets,M,Others (miscellaneous),Option style and type,A,European-Call,Valuation method or trigger,D,Digital (Binary),Delivery,C,Cash,2015,Previous,HMMADC,H,Non-listed and complex listed options,M,Others (miscellaneous),Underlying assets,M,Others (miscellaneous),Option style and type,A,European-Call,Valuation method or trigger,D,Digital (Binary),Delivery,C,Cash,Single,US78464A8889,USD,XAU,CALL,EURO,Digital (Binary),Cash,USD,,,,,,,,,,,,,,,,,,,,,,,,,,,,,,,,,,
1,Other,Option,Non_Standard,UPI,QZ64G4C18SNC,New,,2025-09-08T16:03:09,HMMADC,NA/O Oth Nstd,S&P HOMEBUILDERS ETF,USD XAU,Other,European-Call,2021,Current,HMMADC,H,Non-listed and complex listed options,M,Others (miscellaneous),Underlying assets,M,Others (miscellaneous),Option style and type,A,European-Call,Valuation method or trigger,D,Digital (Binary),Delivery,C,Cash,2015,Previous,HMMADC,H,Non-listed and complex listed options,M,Others (miscellaneous),Underlying assets,M,Others (miscellaneous),Option style and type,A,European-Call,Valuation method or trigger,D,Digital (Binary),Delivery,C,Cash,Single,US78464A8889,USD,XAU,CALL,EURO,Digital (Binary),Cash,,,,,,,,,,,,,,,,,,,,,,,,,,,,,,,,,,,
1,Other,Option,Non_Standard,UPI,QZW2K0QMMSQG,New,,2026-01-19T09:07:07,HMMADC,NA/O Oth Nstd,NDX1,AUD USD,Other,European-Call,2021,Current,HMMADC,H,Non-listed and complex listed options,M,Others (miscellaneous),Underlying assets,M,Others (miscellaneous),Option style and type,A,European-Call,Valuation method or trigger,D,Digital (Binary),Delivery,C,Cash,2015,Previous,HMMADC,H,Non-listed and complex listed options,M,Others (miscellaneous),Underlying assets,M,Others (miscellaneous),Option style and type,A,European-Call,Valuation method or trigger,D,Digital (Binary),Delivery,C,Cash,Single,US6311011026,AUD,USD,CALL,EURO,Digital (Binary),Cash,USD,,,,,,,,,,,,,,,,,,,,,,,,,,,,,,,,,,
1,Other,Option,Non_Standard,UPI,QZPS19G531VD,New,,2026-01-15T00:40:09,HMMAVC,NA/O Oth Nstd,OIL SVCS ETF NEW,JPY USD,Other,European-Call,2021,Current,HMMAVC,H,Non-listed and complex listed options,M,Others (miscellaneous),Underlying assets,M,Others (miscellaneous),Option style and type,A,European-Call,Valuation method or trigger,V,Vanilla,Delivery,C,Cash,2015,Previous,HMMAVC,H,Non-listed and complex listed options,M,Others (miscellaneous),Underlying assets,M,Others (miscellaneous),Option style and type,A,European-Call,Valuation method or trigger,V,Vanilla,Delivery,C,Cash,Single,US92189H6071,JPY,USD,CALL,EURO,Vanilla,Cash,USD,,,,,,,,,,,,,,,,,,,,,,,,,,,,,,,,,,
1,Other,Option,Non_Standard,UPI,QZ0XJSH5DKP8,New,,2026-01-14T15:36:43,HMMADC,NA/O Oth Nstd,INDEX TOTAL RETURN USD,USD XAU,Other,European-Call,2021,Current,HMMADC,H,Non-listed and complex listed options,M,Others (miscellaneous),Underlying assets,M,Others (miscellaneous),Option style and type,A,European-Call,Valuation method or trigger,D,Digital (Binary),Delivery,C,Cash,2015,Previous,HMMADC,H,Non-listed and complex listed options,M,Others (miscellaneous),Underlying assets,M,Others (miscellaneous),Option style and type,A,European-Call,Valuation method or trigger,D,Digital (Binary),Delivery,C,Cash,Single,US55353S1050,USD,XAU,CALL,EURO,Digital (Binary),Cash,USD,,,,,,,,,,,,,,,,,,,,,,,,,,,,,,,,,,
1,Other,Option,Non_Standard,UPI,QZP0NKNJD29B,New,,2026-01-12T20:00:29,HMMADC,NA/O Oth Nstd,ENERGY SELECT SECTOR SPDR ETF,GBP USD,Other,European-Call,2021,Current,HMMADC,H,Non-listed and complex listed options,M,Others (miscellaneous),Underlying assets,M,Others (miscellaneous),Option style and type,A,European-Call,Valuation method or trigger,D,Digital (Binary),Delivery,C,Cash,2015,Previous,HMMADC,H,Non-listed and complex listed options,M,Others (miscellaneous),Underlying assets,M,Others (miscellaneous),Option style and type,A,European-Call,Valuation method or trigger,D,Digital (Binary),Delivery,C,Cash,Single,US81369Y5069,GBP,USD,CALL,EURO,Digital (Binary),Cash,USD,,,,,,,,,,,,,,,,,,,,,,,,,,,,,,,,,,
1,Other,Option,Non_Standard,UPI,QZP6LTQNNJ28,New,,2026-01-09T10:18:47,HMMADC,NA/O Oth Nstd,KOSPI 200,SGD USD,Other,European-Call,2021,Current,HMMADC,H,Non-listed and complex listed options,M,Others (miscellaneous),Underlying assets,M,Others (miscellaneous),Option style and type,A,European-Call,Valuation method or trigger,D,Digital (Binary),Delivery,C,Cash,2015,Previous,HMMADC,H,Non-listed and complex listed options,M,Others (miscellaneous),Underlying assets,M,Others (miscellaneous),Option style and type,A,European-Call,Valuation method or trigger,D,Digital (Binary),Delivery,C,Cash,Single,KRD020020016,SGD,USD,CALL,EURO,Digital (Binary),Cash,USD,,,,,,,,,,,,,,,,,,,,,,,,,,,,,,,,,,
1,Other,Option,Non_Standard,UPI,QZ92KVPJT5PN,New,,2025-05-01T10:46:29,HMMADC,NA/O Oth Nstd,FTSE 250 IDX,NOK USD,Other,European-Call,2021,Current,HMMADC,H,Non-listed and complex listed options,M,Others (miscellaneous),Underlying assets,M,Others (miscellaneous),Option style and type,A,European-Call,Valuation method or trigger,D,Digital (Binary),Delivery,C,Cash,2015,Previous,HMMADC,H,Non-listed and complex listed options,M,Others (miscellaneous),Underlying assets,M,Others (miscellaneous),Option style and type,A,European-Call,Valuation method or trigger,D,Digital (Binary),Delivery,C,Cash,Single,GB0001384287,NOK,USD,CALL,EURO,Digital (Binary),Cash,USD,,,,,,,,,,,,,,,,,,,,,,,,,,,,,,,,,,
1,Other,Option,Non_Standard,UPI,QZT151NJ1ZQ5,New,,2025-05-01T10:45:19,HMMADC,NA/O Oth Nstd,FTSE 250 IDX,NOK USD,Other,European-Call,2021,Current,HMMADC,H,Non-listed and complex listed options,M,Others (miscellaneous),Underlying assets,M,Others (miscellaneous),Option style and type,A,European-Call,Valuation method or trigger,D,Digital (Binary),Delivery,C,Cash,2015,Previous,HMMADC,H,Non-listed and complex listed options,M,Others (miscellaneous),Underlying assets,M,Others (miscellaneous),Option style and type,A,European-Call,Valuation method or trigger,D,Digital (Binary),Delivery,C,Cash,Single,GB0001384287,NOK,USD,CALL,EURO,Digital (Binary),Cash,,,,,,,,,,,,,,,,,,,,,,,,,,,,,,,,,,,
1,Other,Option,Non_Standard,UPI,QZ2DQ6WJL32R,New,,2025-04-29T04:07:25,HMMADC,NA/O Oth Nstd,S&P 500 INDEX,KRW USD,Other,European-Call,2021,Current,HMMADC,H,Non-listed and complex listed options,M,Others (miscellaneous),Underlying assets,M,Others (miscellaneous),Option style and type,A,European-Call,Valuation method or trigger,D,Digital (Binary),Delivery,C,Cash,2015,Previous,HMMADC,H,Non-listed and complex listed options,M,Others (miscellaneous),Underlying assets,M,Others (miscellaneous),Option style and type,A,European-Call,Valuation method or trigger,D,Digital (Binary),Delivery,C,Cash,Single,US78378X1072,KRW,USD,CALL,EURO,Digital (Binary),Cash,,,,,,,,,,,,,,,,,,,,,,,,,,,,,,,,,,,
1,Other,Option,Non_Standard,UPI,QZ7C5PBLF8RD,New,,2025-04-24T09:47:18,HMMADC,NA/O Oth Nstd,S&P 500 INDEX,BRL USD,Other,European-Call,2021,Current,HMMADC,H,Non-listed and complex listed options,M,Others (miscellaneous),Underlying assets,M,Others (miscellaneous),Option style and type,A,European-Call,Valuation method or trigger,D,Digital (Binary),Delivery,C,Cash,2015,Previous,HMMADC,H,Non-listed and complex listed options,M,Others (miscellaneous),Underlying assets,M,Others (miscellaneous),Option style and type,A,European-Call,Valuation method or trigger,D,Digital (Binary),Delivery,C,Cash,Single,US78378X1072,BRL,USD,CALL,EURO,Digital (Binary),Cash,,,,,,,,,,,,,,,,,,,,,,,,,,,,,,,,,,,
1,Other,Option,Non_Standard,UPI,QZM2RHSNPNDC,New,,2025-04-22T18:10:16,HMMADC,NA/O Oth Nstd,S&P 500 INDEX,CHF USD,Other,European-Call,2021,Current,HMMADC,H,Non-listed and complex listed options,M,Others (miscellaneous),Underlying assets,M,Others (miscellaneous),Option style and type,A,European-Call,Valuation method or trigger,D,Digital (Binary),Delivery,C,Cash,2015,Previous,HMMADC,H,Non-listed and complex listed options,M,Others (miscellaneous),Underlying assets,M,Others (miscellaneous),Option style and type,A,European-Call,Valuation method or trigger,D,Digital (Binary),Delivery,C,Cash,Single,US78378X1072,CHF,USD,CALL,EURO,Digital (Binary),Cash,USD,,,,,,,,,,,,,,,,,,,,,,,,,,,,,,,,,,
1,Other,Option,Non_Standard,UPI,QZP3QGP2ZDDK,New,,2025-07-09T09:23:17,HMMADC,NA/O Oth Nstd,NDX1,GBP USD,Other,European-Call,2021,Current,HMMADC,H,Non-listed and complex listed options,M,Others (miscellaneous),Underlying assets,M,Others (miscellaneous),Option style and type,A,European-Call,Valuation method or trigger,D,Digital (Binary),Delivery,C,Cash,2015,Previous,HMMADC,H,Non-listed and complex listed options,M,Others (miscellaneous),Underlying assets,M,Others (miscellaneous),Option style and type,A,European-Call,Valuation method or trigger,D,Digital (Binary),Delivery,C,Cash,Single,US6311011026,GBP,USD,CALL,EURO,Digital (Binary),Cash,USD,USD-SOFR ICE Swap Rate,USD,Single,USD-SOFR ICE Swap Rate,2.0,YEAR,,,,,,,,,,,,,,,,,,,,,,,,,,,,
1,Other,Option,Non_Standard,UPI,QZ2459FVDDDJ,New,,2025-07-09T09:21:17,HMMADC,NA/O Oth Nstd,NDX1,GBP USD,Other,European-Call,2021,Current,HMMADC,H,Non-listed and complex listed options,M,Others (miscellaneous),Underlying assets,M,Others (miscellaneous),Option style and type,A,European-Call,Valuation method or trigger,D,Digital (Binary),Delivery,C,Cash,2015,Previous,HMMADC,H,Non-listed and complex listed options,M,Others (miscellaneous),Underlying assets,M,Others (miscellaneous),Option style and type,A,European-Call,Valuation method or trigger,D,Digital (Binary),Delivery,C,Cash,Single,US6311011026,GBP,USD,CALL,EURO,Digital (Binary),Cash,,USD-SOFR ICE Swap Rate,USD,Single,USD-SOFR ICE Swap Rate,2.0,YEAR,,,,,,,,,,,,,,,,,,,,,,,,,,,,
1,Other,Option,Non_Standard,UPI,QZR1GN82MC0Z,New,,2025-07-09T08:12:21,HMMAVC,NA/O Oth Nstd,,,Other,European-Call,2021,Current,HMMAVC,H,Non-listed and complex listed options,M,Others (miscellaneous),Underlying assets,M,Others (miscellaneous),Option style and type,A,European-Call,Valuation method or trigger,V,Vanilla,Delivery,C,Cash,2015,Previous,HMMAVC,H,Non-listed and complex listed options,M,Others (miscellaneous),Underlying assets,M,Others (miscellaneous),Option style and type,A,European-Call,Valuation method or trigger,V,Vanilla,Delivery,C,Cash,,,,,CALL,EURO,Vanilla,Cash,,USD-SOFR ICE Swap Rate vs USD-SOFR ICE Swap Rate,USD,Single,USD-SOFR ICE Swap Rate,5.0,YEAR,,,,,,,,,,,,,,,,Single,USD-SOFR ICE Swap Rate,10.0,YEAR,,,,,,,,,
1,Other,Option,Non_Standard,UPI,QZ0SQ0ZT0D24,New,,2025-06-23T08:20:16,HMMDVC,NA/O Oth Nstd,,,Other,European-Put,2021,Current,HMMDVC,H,Non-listed and complex listed options,M,Others (miscellaneous),Underlying assets,M,Others (miscellaneous),Option style and type,D,European-Put,Valuation method or trigger,V,Vanilla,Delivery,C,Cash,2015,Previous,HMMDVC,H,Non-listed and complex listed options,M,Others (miscellaneous),Underlying assets,M,Others (miscellaneous),Option style and type,D,European-Put,Valuation method or trigger,V,Vanilla,Delivery,C,Cash,,,,,PUTO,EURO,Vanilla,Cash,,EUR-ISDA-EURIBOR Swap Rate-11:00 vs EUR-ISDA-EURIBOR Swap Rate-11:00,EUR,Single,EUR-ISDA-EURIBOR Swap Rate-11:00,5.0,YEAR,,,,,,,,,,,,,,,,Single,EUR-ISDA-EURIBOR Swap Rate-11:00,30.0,YEAR,,,,,,,,,
1,Other,Option,Non_Standard,UPI,QZDK922JXKRX,New,,2025-06-23T08:20:15,HMMAVC,NA/O Oth Nstd,,,Other,European-Call,2021,Current,HMMAVC,H,Non-listed and complex listed options,M,Others (miscellaneous),Underlying assets,M,Others (miscellaneous),Option style and type,A,European-Call,Valuation method or trigger,V,Vanilla,Delivery,C,Cash,2015,Previous,HMMAVC,H,Non-listed and complex listed options,M,Others (miscellaneous),Underlying assets,M,Others (miscellaneous),Option style and type,A,European-Call,Valuation method or trigger,V,Vanilla,Delivery,C,Cash,,,,,CALL,EURO,Vanilla,Cash,,EUR-ISDA-EURIBOR Swap Rate-11:00 vs EUR-ISDA-EURIBOR Swap Rate-11:00,EUR,Single,EUR-ISDA-EURIBOR Swap Rate-11:00,5.0,YEAR,,,,,,,,,,,,,,,,Single,EUR-ISDA-EURIBOR Swap Rate-11:00,30.0,YEAR,,,,,,,,,
1,Other,Option,Non_Standard,UPI,QZX58ZX8W9QJ,New,,2025-12-17T15:04:38,HMMADC,NA/O Oth Nstd,FTSE 250 IDX,EUR GBP,Other,European-Call,2021,Current,HMMADC,H,Non-listed and complex listed options,M,Others (miscellaneous),Underlying assets,M,Others (miscellaneous),Option style and type,A,European-Call,Valuation method or trigger,D,Digital (Binary),Delivery,C,Cash,2015,Previous,HMMADC,H,Non-listed and complex listed options,M,Others (miscellaneous),Underlying assets,M,Others (miscellaneous),Option style and type,A,European-Call,Valuation method or trigger,D,Digital (Binary),Delivery,C,Cash,Single,GB0001384287,EUR,GBP,CALL,EURO,Digital (Binary),Cash,,,,,,,,,,,,,,,,,,,,,,,,,,,,,,,,,,,
1,Other,Option,Non_Standard,UPI,QZVH4WFXP46J,New,,2025-12-16T08:22:56,HMMAVC,NA/O Oth Nstd,,,Other,European-Call,2021,Current,HMMAVC,H,Non-listed and complex listed options,M,Others (miscellaneous),Underlying assets,M,Others (miscellaneous),Option style and type,A,European-Call,Valuation method or trigger,V,Vanilla,Delivery,C,Cash,2015,Previous,HMMAVC,H,Non-listed and complex listed options,M,Others (miscellaneous),Underlying assets,M,Others (miscellaneous),Option style and type,A,European-Call,Valuation method or trigger,V,Vanilla,Delivery,C,Cash,,,,,CALL,EURO,Vanilla,Cash,,EUR-ISDA-EURIBOR Swap Rate-11:00 vs EUR-ISDA-EURIBOR Swap Rate-11:00,EUR,Single,EUR-ISDA-EURIBOR Swap Rate-11:00,2.0,YEAR,,,,,,,,,,,,,,,,Single,EUR-ISDA-EURIBOR Swap Rate-11:00,30.0,YEAR,,,,,,,,,
1,Other,Option,Non_Standard,UPI,QZ0B97FSX1RS,New,,2025-12-10T10:03:36,HMMAVC,NA/O Oth Nstd,S&P 500 INDEX,,Other,European-Call,2021,Current,HMMAVC,H,Non-listed and complex listed options,M,Others (miscellaneous),Underlying assets,M,Others (miscellaneous),Option style and type,A,European-Call,Valuation method or trigger,V,Vanilla,Delivery,C,Cash,2015,Previous,HMMAVC,H,Non-listed and complex listed options,M,Others (miscellaneous),Underlying assets,M,Others (miscellaneous),Option style and type,A,European-Call,Valuation method or trigger,V,Vanilla,Delivery,C,Cash,Single,US78378X1072,,,CALL,EURO,Vanilla,Cash,,USD-SOFR ICE Swap Rate,USD,Single,USD-SOFR ICE Swap Rate,10.0,YEAR,,,,,,,,,,,,,,,,,,,,,,,,,,,,
1,Other,Option,Non_Standard,UPI,QZ6RQ5DVLP6R,New,,2025-12-01T16:16:16,HMMCVC,NA/O Oth Nstd,,TRY USD,Other,Bermudan-Call,2021,Current,HMMCVC,H,Non-listed and complex listed options,M,Others (miscellaneous),Underlying assets,M,Others (miscellaneous),Option style and type,C,Bermudan-Call,Valuation method or trigger,V,Vanilla,Delivery,C,Cash,2015,Previous,HMMCVC,H,Non-listed and complex listed options,M,Others (miscellaneous),Underlying assets,M,Others (miscellaneous),Option style and type,C,Bermudan-Call,Valuation method or trigger,V,Vanilla,Delivery,C,Cash,,,TRY,USD,CALL,BERM,Vanilla,Cash,USD,,,,,,,,,,,,,,,,,,,,,,,,,,United Kingdom,,,,,,,,
1,Other,Option,Non_Standard,UPI,QZ330LCG1SLT,New,,2025-12-01T14:42:18,HMMDVP,NA/O Oth Nstd,,,Other,European-Put,2021,Current,HMMDVP,H,Non-listed and complex listed options,M,Others (miscellaneous),Underlying assets,M,Others (miscellaneous),Option style and type,D,European-Put,Valuation method or trigger,V,Vanilla,Delivery,P,Physical,2015,Previous,HMMDVP,H,Non-listed and complex listed options,M,Others (miscellaneous),Underlying assets,M,Others (miscellaneous),Option style and type,D,European-Put,Valuation method or trigger,V,Vanilla,Delivery,P,Physical,,,,,PUTO,EURO,Vanilla,Physical,,USD-SOFR CME Term vs USD-SOFR-COMPOUND,USD,Single,USD-SOFR CME Term,3.0,MNTH,,,,,,,,,,,,,,,,Single,USD-SOFR-COMPOUND,1.0,DAYS,,,,,,,,,
1,Other,Option,Non_Standard,UPI,QZ35TM9H443D,New,,2025-04-08T16:53:20,HMMADC,NA/O Oth Nstd,CHINA LARGE-CAP ETF,USD XAU,Other,European-Call,2021,Current,HMMADC,H,Non-listed and complex listed options,M,Others (miscellaneous),Underlying assets,M,Others (miscellaneous),Option style and type,A,European-Call,Valuation method or trigger,D,Digital (Binary),Delivery,C,Cash,2015,Previous,HMMADC,H,Non-listed and complex listed options,M,Others (miscellaneous),Underlying assets,M,Others (miscellaneous),Option style and type,A,European-Call,Valuation method or trigger,D,Digital (Binary),Delivery,C,Cash,Single,US4642871846,USD,XAU,CALL,EURO,Digital (Binary),Cash,USD,,,,,,,,,,,,,,,,,,,,,,,,,,,,,,,,,,
1,Other,Option,Non_Standard,UPI,QZ5K2QWDHS9K,New,,2025-04-08T11:28:08,HMMADC,NA/O Oth Nstd,S&P 500 INDEX,USD XAU,Other,European-Call,2021,Current,HMMADC,H,Non-listed and complex listed options,M,Others (miscellaneous),Underlying assets,M,Others (miscellaneous),Option style and type,A,European-Call,Valuation method or trigger,D,Digital (Binary),Delivery,C,Cash,2015,Previous,HMMADC,H,Non-listed and complex listed options,M,Others (miscellaneous),Underlying assets,M,Others (miscellaneous),Option style and type,A,European-Call,Valuation method or trigger,D,Digital (Binary),Delivery,C,Cash,Single,US78378X1072,USD,XAU,CALL,EURO,Digital (Binary),Cash,USD,USD-SOFR ICE Swap Rate,USD,Single,USD-SOFR ICE Swap Rate,30.0,YEAR,,,,,,,,,,,,,,,,,,,,,,,,,,,,
1,Other,Option,Non_Standard,UPI,QZ4HRCVS28W9,New,,2025-04-08T10:35:57,HMMADC,NA/O Oth Nstd,S&P 500 INDEX,AUD USD,Other,European-Call,2021,Current,HMMADC,H,Non-listed and complex listed options,M,Others (miscellaneous),Underlying assets,M,Others (miscellaneous),Option style and type,A,European-Call,Valuation method or trigger,D,Digital (Binary),Delivery,C,Cash,2015,Previous,HMMADC,H,Non-listed and complex listed options,M,Others (miscellaneous),Underlying assets,M,Others (miscellaneous),Option style and type,A,European-Call,Valuation method or trigger,D,Digital (Binary),Delivery,C,Cash,Single,US78378X1072,AUD,USD,CALL,EURO,Digital (Binary),Cash,USD,USD-SOFR ICE Swap Rate,USD,Single,USD-SOFR ICE Swap Rate,20.0,YEAR,,,,,,,,,,,,,,,,,,,,,,,,,,,,
1,Other,Option,Non_Standard,UPI,QZBNGL74KSQ0,New,,2025-04-08T09:10:17,HMMADC,NA/O Oth Nstd,S&P 500 INDEX,NOK USD,Other,European-Call,2021,Current,HMMADC,H,Non-listed and complex listed options,M,Others (miscellaneous),Underlying assets,M,Others (miscellaneous),Option style and type,A,European-Call,Valuation method or trigger,D,Digital (Binary),Delivery,C,Cash,2015,Previous,HMMADC,H,Non-listed and complex listed options,M,Others (miscellaneous),Underlying assets,M,Others (miscellaneous),Option style and type,A,European-Call,Valuation method or trigger,D,Digital (Binary),Delivery,C,Cash,Single,US78378X1072,NOK,USD,CALL,EURO,Digital (Binary),Cash,USD,USD-SOFR ICE Swap Rate,USD,Single,USD-SOFR ICE Swap Rate,20.0,YEAR,,,,,,,,,,,,,,,,,,,,,,,,,,,,
1,Other,Option,Non_Standard,UPI,QZQTR7RHR75P,New,,2025-04-08T03:13:38,HMMADC,NA/O Oth Nstd,S&P 500 INDEX,JPY USD,Other,European-Call,2021,Current,HMMADC,H,Non-listed and complex listed options,M,Others (miscellaneous),Underlying assets,M,Others (miscellaneous),Option style and type,A,European-Call,Valuation method or trigger,D,Digital (Binary),Delivery,C,Cash,2015,Previous,HMMADC,H,Non-listed and complex listed options,M,Others (miscellaneous),Underlying assets,M,Others (miscellaneous),Option style and type,A,European-Call,Valuation method or trigger,D,Digital (Binary),Delivery,C,Cash,Single,US78378X1072,JPY,USD,CALL,EURO,Digital (Binary),Cash,USD,USD-SOFR ICE Swap Rate,USD,Single,USD-SOFR ICE Swap Rate,10.0,YEAR,,,,,,,,,,,,,,,,,,,,,,,,,,,,
1,Other,Option,Non_Standard,UPI,QZFLJXC73JMD,New,,2025-08-27T22:03:54,HMMADC,NA/O Oth Nstd,Basket,,Other,European-Call,2021,Current,HMMADC,H,Non-listed and complex listed options,M,Others (miscellaneous),Underlying assets,M,Others (miscellaneous),Option style and type,A,European-Call,Valuation method or trigger,D,Digital (Binary),Delivery,C,Cash,2015,Previous,HMMADC,H,Non-listed and complex listed options,M,Others (miscellaneous),Underlying assets,M,Others (miscellaneous),Option style and type,A,European-Call,Valuation method or trigger,D,Digital (Binary),Delivery,C,Cash,Basket,,,,CALL,EURO,Digital (Binary),Cash,,,,,,,,OTHER,EUR,Single,OTHER,OTHR,,,,,,,,,,,,,,,,,,,,,,,
1,Other,Option,Non_Standard,UPI,QZLQ61D4TXVC,New,,2025-08-27T15:42:53,HMMADC,NA/O Oth Nstd,RUSSELL 2000 ETF,,Other,European-Call,2021,Current,HMMADC,H,Non-listed and complex listed options,M,Others (miscellaneous),Underlying assets,M,Others (miscellaneous),Option style and type,A,European-Call,Valuation method or trigger,D,Digital (Binary),Delivery,C,Cash,2015,Previous,HMMADC,H,Non-listed and complex listed options,M,Others (miscellaneous),Underlying assets,M,Others (miscellaneous),Option style and type,A,European-Call,Valuation method or trigger,D,Digital (Binary),Delivery,C,Cash,Single,US4642876555,,,CALL,EURO,Digital (Binary),Cash,,USD-SOFR ICE Swap Rate,USD,Single,USD-SOFR ICE Swap Rate,2.0,YEAR,,,,,,,,,,,,,,,,,,,,,,,,,,,,
1,Other,Option,Non_Standard,UPI,QZ0F0P3MMKL0,New,,2025-08-20T16:11:39,HMMADC,NA/O Oth Nstd,S&P 500 INDEX,USD XAU,Other,European-Call,2021,Current,HMMADC,H,Non-listed and complex listed options,M,Others (miscellaneous),Underlying assets,M,Others (miscellaneous),Option style and type,A,European-Call,Valuation method or trigger,D,Digital (Binary),Delivery,C,Cash,2015,Previous,HMMADC,H,Non-listed and complex listed options,M,Others (miscellaneous),Underlying assets,M,Others (miscellaneous),Option style and type,A,European-Call,Valuation method or trigger,D,Digital (Binary),Delivery,C,Cash,Single,US78378X1072,USD,XAU,CALL,EURO,Digital (Binary),Cash,USD,USD-SOFR ICE Swap Rate,USD,Single,USD-SOFR ICE Swap Rate,-5.0,YEAR,,,,,,,,,,,,,,,,,,,,,,,,,,,,
1,Other,Option,Non_Standard,UPI,QZN6VH7P0FG9,New,,2025-08-20T16:02:45,HMMADC,NA/O Oth Nstd,S&P 500 INDEX,JPY USD,Other,European-Call,2021,Current,HMMADC,H,Non-listed and complex listed options,M,Others (miscellaneous),Underlying assets,M,Others (miscellaneous),Option style and type,A,European-Call,Valuation method or trigger,D,Digital (Binary),Delivery,C,Cash,2015,Previous,HMMADC,H,Non-listed and complex listed options,M,Others (miscellaneous),Underlying assets,M,Others (miscellaneous),Option style and type,A,European-Call,Valuation method or trigger,D,Digital (Binary),Delivery,C,Cash,Single,US78378X1072,JPY,USD,CALL,EURO,Digital (Binary),Cash,USD,USD-SOFR ICE Swap Rate,USD,Single,USD-SOFR ICE Swap Rate,-5.0,YEAR,,,,,,,,,,,,,,,,,,,,,,,,,,,,
1,Other,Option,Non_Standard,UPI,QZ8QSL83VCBZ,New,,2025-08-15T14:56:29,HMMDVC,NA/O Oth Nstd,S&P 500 INDEX,,Other,European-Put,2021,Current,HMMDVC,H,Non-listed and complex listed options,M,Others (miscellaneous),Underlying assets,M,Others (miscellaneous),Option style and type,D,European-Put,Valuation method or trigger,V,Vanilla,Delivery,C,Cash,2015,Previous,HMMDVC,H,Non-listed and complex listed options,M,Others (miscellaneous),Underlying assets,M,Others (miscellaneous),Option style and type,D,European-Put,Valuation method or trigger,V,Vanilla,Delivery,C,Cash,Single,US78378X1072,,,PUTO,EURO,Vanilla,Cash,,USD-SOFR ICE Swap Rate,USD,Single,USD-SOFR ICE Swap Rate,20.0,YEAR,,,,,,,,,,,,,,,,,,,,,,,,,,,,
1,Other,Option,Non_Standard,UPI,QZTSHPCH4X6M,New,,2026-01-06T17:15:35,HMMADC,NA/O Oth Nstd,No name obtainable,BRL USD,Other,European-Call,2021,Current,HMMADC,H,Non-listed and complex listed options,M,Others (miscellaneous),Underlying assets,M,Others (miscellaneous),Option style and type,A,European-Call,Valuation method or trigger,D,Digital (Binary),Delivery,C,Cash,2015,Previous,HMMADC,H,Non-listed and complex listed options,M,Others (miscellaneous),Underlying assets,M,Others (miscellaneous),Option style and type,A,European-Call,Valuation method or trigger,D,Digital (Binary),Delivery,C,Cash,Single,US78463V1070,BRL,USD,CALL,EURO,Digital (Binary),Cash,USD,,,,,,,,,,,,,,,,,,,,,,,,,,,,,,,,,,
1,Other,Option,Non_Standard,UPI,QZ49R09FG0Q2,New,,2026-01-06T16:30:10,HMMADC,NA/O Oth Nstd,No name obtainable,BRL USD,Other,European-Call,2021,Current,HMMADC,H,Non-listed and complex listed options,M,Others (miscellaneous),Underlying assets,M,Others (miscellaneous),Option style and type,A,European-Call,Valuation method or trigger,D,Digital (Binary),Delivery,C,Cash,2015,Previous,HMMADC,H,Non-listed and complex listed options,M,Others (miscellaneous),Underlying assets,M,Others (miscellaneous),Option style and type,A,European-Call,Valuation method or trigger,D,Digital (Binary),Delivery,C,Cash,Single,US78463V1070,BRL,USD,CALL,EURO,Digital (Binary),Cash,,,,,,,,,,,,,,,,,,,,,,,,,,,,,,,,,,,
1,Other,Option,Non_Standard,UPI,QZJTLFL62B15,New,,2026-01-05T18:19:52,HMMADC,NA/O Oth Nstd,UNIT SER 1,GBP USD,Other,European-Call,2021,Current,HMMADC,H,Non-listed and complex listed options,M,Others (miscellaneous),Underlying assets,M,Others (miscellaneous),Option style and type,A,European-Call,Valuation method or trigger,D,Digital (Binary),Delivery,C,Cash,2015,Previous,HMMADC,H,Non-listed and complex listed options,M,Others (miscellaneous),Underlying assets,M,Others (miscellaneous),Option style and type,A,European-Call,Valuation method or trigger,D,Digital (Binary),Delivery,C,Cash,Single,US46090E1038,GBP,USD,CALL,EURO,Digital (Binary),Cash,USD,,,,,,,,,,,,,,,,,,,,,,,,,,,,,,,,,,
1,Other,Option,Non_Standard,UPI,QZL2F9CQ0T9P,New,,2026-01-05T12:13:07,HMMADC,NA/O Oth Nstd,No name obtainable,JPY USD,Other,European-Call,2021,Current,HMMADC,H,Non-listed and complex listed options,M,Others (miscellaneous),Underlying assets,M,Others (miscellaneous),Option style and type,A,European-Call,Valuation method or trigger,D,Digital (Binary),Delivery,C,Cash,2015,Previous,HMMADC,H,Non-listed and complex listed options,M,Others (miscellaneous),Underlying assets,M,Others (miscellaneous),Option style and type,A,European-Call,Valuation method or trigger,D,Digital (Binary),Delivery,C,Cash,Single,US78463V1070,JPY,USD,CALL,EURO,Digital (Binary),Cash,USD,,,,,,,,,,,,,,,,,,,,,,,,,,,,,,,,,,
1,Other,Option,Non_Standard,UPI,QZ49M6M03CNZ,New,,2026-01-02T14:09:30,HMMADC,NA/O Oth Nstd,NDX1,AUD USD,Other,European-Call,2021,Current,HMMADC,H,Non-listed and complex listed options,M,Others (miscellaneous),Underlying assets,M,Others (miscellaneous),Option style and type,A,European-Call,Valuation method or trigger,D,Digital (Binary),Delivery,C,Cash,2015,Previous,HMMADC,H,Non-listed and complex listed options,M,Others (miscellaneous),Underlying assets,M,Others (miscellaneous),Option style and type,A,European-Call,Valuation method or trigger,D,Digital (Binary),Delivery,C,Cash,Single,US6311011026,AUD,USD,CALL,EURO,Digital (Binary),Cash,USD,USD-SOFR ICE Swap Rate,USD,Single,USD-SOFR ICE Swap Rate,10.0,YEAR,,,,,,,,,,,,,,,,,,,,,,,,,,,,
1,Other,Option,Non_Standard,UPI,QZWFGVZPT1QK,New,,2025-10-15T19:00:40,HMMADC,NA/O Oth Nstd,TOKYO STOCK PRICE INDEX (TOPIX),JPY USD,Other,European-Call,2021,Current,HMMADC,H,Non-listed and complex listed options,M,Others (miscellaneous),Underlying assets,M,Others (miscellaneous),Option style and type,A,European-Call,Valuation method or trigger,D,Digital (Binary),Delivery,C,Cash,2015,Previous,HMMADC,H,Non-listed and complex listed options,M,Others (miscellaneous),Underlying assets,M,Others (miscellaneous),Option style and type,A,European-Call,Valuation method or trigger,D,Digital (Binary),Delivery,C,Cash,Single,JP9010100007,JPY,USD,CALL,EURO,Digital (Binary),Cash,USD,,,,,,,,,,,,,,,,,,,,,,,,,,,,,,,,,,
1,Other,Option,Non_Standard,UPI,QZ1Q351G0JWB,New,,2025-10-13T10:26:11,HMMADC,NA/O Oth Nstd,ISHARES,THB USD,Other,European-Call,2021,Current,HMMADC,H,Non-listed and complex listed options,M,Others (miscellaneous),Underlying assets,M,Others (miscellaneous),Option style and type,A,European-Call,Valuation method or trigger,D,Digital (Binary),Delivery,C,Cash,2015,Previous,HMMADC,H,Non-listed and complex listed options,M,Others (miscellaneous),Underlying assets,M,Others (miscellaneous),Option style and type,A,European-Call,Valuation method or trigger,D,Digital (Binary),Delivery,C,Cash,Single,US46428Q1094,THB,USD,CALL,EURO,Digital (Binary),Cash,USD,,,,,,,,,,,,,,,,,,,,,,,,,,,,,,,,,,
1,Other,Option,Non_Standard,UPI,QZ6ZZ871T285,New,,2025-10-13T10:13:49,HMMADC,NA/O Oth Nstd,ISHARES,THB USD,Other,European-Call,2021,Current,HMMADC,H,Non-listed and complex listed options,M,Others (miscellaneous),Underlying assets,M,Others (miscellaneous),Option style and type,A,European-Call,Valuation method or trigger,D,Digital (Binary),Delivery,C,Cash,2015,Previous,HMMADC,H,Non-listed and complex listed options,M,Others (miscellaneous),Underlying assets,M,Others (miscellaneous),Option style and type,A,European-Call,Valuation method or trigger,D,Digital (Binary),Delivery,C,Cash,Single,US46428Q1094,THB,USD,CALL,EURO,Digital (Binary),Cash,,,,,,,,,,,,,,,,,,,,,,,,,,,,,,,,,,,
1,Other,Option,Non_Standard,UPI,QZGDQS5B3NJX,New,,2025-10-08T15:52:41,HMMCMP,NA/O Oth Nstd,,,Other,Bermudan-Call,2021,Current,HMMCMP,H,Non-listed and complex listed options,M,Others (miscellaneous),Underlying assets,M,Others (miscellaneous),Option style and type,C,Bermudan-Call,Valuation method or trigger,M,Others (miscellaneous),Delivery,P,Physical,2015,Previous,HMMCMP,H,Non-listed and complex listed options,M,Others (miscellaneous),Underlying assets,M,Others (miscellaneous),Option style and type,C,Bermudan-Call,Valuation method or trigger,M,Others (miscellaneous),Delivery,P,Physical,,,,,CALL,BERM,Other,Physical,,EUR-EURIBOR,EUR,Single,EUR-EURIBOR,3.0,MNTH,,,,,,,,,,,,,,,,,,,,,,,,,,,,
1,Other,Option,Non_Standard,UPI,QZ6XXD5QN24R,New,,2025-10-07T19:00:37,HMMADC,NA/O Oth Nstd,CAC 40,EUR GBP,Other,European-Call,2021,Current,HMMADC,H,Non-listed and complex listed options,M,Others (miscellaneous),Underlying assets,M,Others (miscellaneous),Option style and type,A,European-Call,Valuation method or trigger,D,Digital (Binary),Delivery,C,Cash,2015,Previous,HMMADC,H,Non-listed and complex listed options,M,Others (miscellaneous),Underlying assets,M,Others (miscellaneous),Option style and type,A,European-Call,Valuation method or trigger,D,Digital (Binary),Delivery,C,Cash,Single,FR0003500008,EUR,GBP,CALL,EURO,Digital (Binary),Cash,EUR,,,,,,,,,,,,,,,,,,,,,,,,,,,,,,,,,,
1,Other,Option,Non_Standard,UPI,QZDW9K4V124J,New,,2025-08-15T01:56:07,HMMADC,NA/O Oth Nstd,TOPIX BANKS,JPY USD,Other,European-Call,2021,Current,HMMADC,H,Non-listed and complex listed options,M,Others (miscellaneous),Underlying assets,M,Others (miscellaneous),Option style and type,A,European-Call,Valuation method or trigger,D,Digital (Binary),Delivery,C,Cash,2015,Previous,HMMADC,H,Non-listed and complex listed options,M,Others (miscellaneous),Underlying assets,M,Others (miscellaneous),Option style and type,A,European-Call,Valuation method or trigger,D,Digital (Binary),Delivery,C,Cash,Single,JP9011D00008,JPY,USD,CALL,EURO,Digital (Binary),Cash,USD,,,,,,,,,,,,,,,,,,,,,,,,,,,,,,,,,,
1,Other,Option,Non_Standard,UPI,QZSH88QCRL4G,New,,2025-08-15T01:55:26,HMMADC,NA/O Oth Nstd,TOPIX BANKS,JPY USD,Other,European-Call,2021,Current,HMMADC,H,Non-listed and complex listed options,M,Others (miscellaneous),Underlying assets,M,Others (miscellaneous),Option style and type,A,European-Call,Valuation method or trigger,D,Digital (Binary),Delivery,C,Cash,2015,Previous,HMMADC,H,Non-listed and complex listed options,M,Others (miscellaneous),Underlying assets,M,Others (miscellaneous),Option style and type,A,European-Call,Valuation method or trigger,D,Digital (Binary),Delivery,C,Cash,Single,JP9011D00008,JPY,USD,CALL,EURO,Digital (Binary),Cash,,,,,,,,,,,,,,,,,,,,,,,,,,,,,,,,,,,
1,Other,Option,Non_Standard,UPI,QZ80JVFNKP8Z,New,,2025-08-13T09:52:45,HMMADC,NA/O Oth Nstd,NDX1,USD XAU,Other,European-Call,2021,Current,HMMADC,H,Non-listed and complex listed options,M,Others (miscellaneous),Underlying assets,M,Others (miscellaneous),Option style and type,A,European-Call,Valuation method or trigger,D,Digital (Binary),Delivery,C,Cash,2015,Previous,HMMADC,H,Non-listed and complex listed options,M,Others (miscellaneous),Underlying assets,M,Others (miscellaneous),Option style and type,A,European-Call,Valuation method or trigger,D,Digital (Binary),Delivery,C,Cash,Single,US6311011026,USD,XAU,CALL,EURO,Digital (Binary),Cash,USD,,,,,,,,,,,,,,,,,,,,,,,,,,,,,,,,,,
1,Other,Option,Non_Standard,UPI,QZXCQPQNQFMT,New,,2025-08-01T12:29:23,HMMADC,NA/O Oth Nstd,INDEX,EUR USD,Other,European-Call,2021,Current,HMMADC,H,Non-listed and complex listed options,M,Others (miscellaneous),Underlying assets,M,Others (miscellaneous),Option style and type,A,European-Call,Valuation method or trigger,D,Digital (Binary),Delivery,C,Cash,2015,Previous,HMMADC,H,Non-listed and complex listed options,M,Others (miscellaneous),Underlying assets,M,Others (miscellaneous),Option style and type,A,European-Call,Valuation method or trigger,D,Digital (Binary),Delivery,C,Cash,Single,US7827001089,EUR,USD,CALL,EURO,Digital (Binary),Cash,USD,,,,,,,,,,,,,,,,,,,,,,,,,,,,,,,,,,
1,Other,Option,Non_Standard,UPI,QZ8QZ19TRLD9,New,,2025-07-30T07:03:19,HMMADC,NA/O Oth Nstd,S&P 500 INDEX,GBP USD,Other,European-Call,2021,Current,HMMADC,H,Non-listed and complex listed options,M,Others (miscellaneous),Underlying assets,M,Others (miscellaneous),Option style and type,A,European-Call,Valuation method or trigger,D,Digital (Binary),Delivery,C,Cash,2015,Previous,HMMADC,H,Non-listed and complex listed options,M,Others (miscellaneous),Underlying assets,M,Others (miscellaneous),Option style and type,A,European-Call,Valuation method or trigger,D,Digital (Binary),Delivery,C,Cash,Single,US78378X1072,GBP,USD,CALL,EURO,Digital (Binary),Cash,USD,USD-SOFR ICE Swap Rate,USD,Single,USD-SOFR ICE Swap Rate,2.0,YEAR,,,,,,,,,,,,,,,,,,,,,,,,,,,,
1,Other,Option,Non_Standard,UPI,QZCTFBCFJKVC,New,,2025-11-21T13:45:18,HMMADC,NA/O Oth Nstd,FTSE 250 IDX,EUR GBP,Other,European-Call,2021,Current,HMMADC,H,Non-listed and complex listed options,M,Others (miscellaneous),Underlying assets,M,Others (miscellaneous),Option style and type,A,European-Call,Valuation method or trigger,D,Digital (Binary),Delivery,C,Cash,2015,Previous,HMMADC,H,Non-listed and complex listed options,M,Others (miscellaneous),Underlying assets,M,Others (miscellaneous),Option style and type,A,European-Call,Valuation method or trigger,D,Digital (Binary),Delivery,C,Cash,Single,GB0001384287,EUR,GBP,CALL,EURO,Digital (Binary),Cash,,GBP-SONIA Swap Rate,GBP,Single,GBP-SONIA Swap Rate,10.0,YEAR,,,,,,,,,,,,,,,,,,,,,,,,,,,,
1,Other,Option,Non_Standard,UPI,QZDDP3WN8KJZ,New,,2025-11-20T18:48:24,HMMADC,NA/O Oth Nstd,ISHARES PHYSICAL METALS PLC PHYSICAL GOLD USD,CNY USD,Other,European-Call,2021,Current,HMMADC,H,Non-listed and complex listed options,M,Others (miscellaneous),Underlying assets,M,Others (miscellaneous),Option style and type,A,European-Call,Valuation method or trigger,D,Digital (Binary),Delivery,C,Cash,2015,Previous,HMMADC,H,Non-listed and complex listed options,M,Others (miscellaneous),Underlying assets,M,Others (miscellaneous),Option style and type,A,European-Call,Valuation method or trigger,D,Digital (Binary),Delivery,C,Cash,Single,IE00B4ND3602,CNY,USD,CALL,EURO,Digital (Binary),Cash,USD,,,,,,,,,,,,,,,,,,,,,,,,,,,,,,,,,,
1,Other,Option,Non_Standard,UPI,QZNPW60TH94D,New,,2025-11-20T18:12:09,HMMADC,NA/O Oth Nstd,ISHARES PHYSICAL METALS PLC PHYSICAL GOLD USD,CNY USD,Other,European-Call,2021,Current,HMMADC,H,Non-listed and complex listed options,M,Others (miscellaneous),Underlying assets,M,Others (miscellaneous),Option style and type,A,European-Call,Valuation method or trigger,D,Digital (Binary),Delivery,C,Cash,2015,Previous,HMMADC,H,Non-listed and complex listed options,M,Others (miscellaneous),Underlying assets,M,Others (miscellaneous),Option style and type,A,European-Call,Valuation method or trigger,D,Digital (Binary),Delivery,C,Cash,Single,IE00B4ND3602,CNY,USD,CALL,EURO,Digital (Binary),Cash,,,,,,,,,,,,,,,,,,,,,,,,,,,,,,,,,,,
1,Other,Option,Non_Standard,UPI,QZVKXFK3VC11,New,,2025-11-20T15:33:47,HMMDMC,NA/O Oth Nstd,STXE 600 PR.EUR,,Other,European-Put,2021,Current,HMMDMC,H,Non-listed and complex listed options,M,Others (miscellaneous),Underlying assets,M,Others (miscellaneous),Option style and type,D,European-Put,Valuation method or trigger,M,Others (miscellaneous),Delivery,C,Cash,2015,Previous,HMMDMC,H,Non-listed and complex listed options,M,Others (miscellaneous),Underlying assets,M,Others (miscellaneous),Option style and type,D,European-Put,Valuation method or trigger,M,Others (miscellaneous),Delivery,C,Cash,Single,EU0009658202,,,PUTO,EURO,Other,Cash,,USD-SOFR ICE Swap Rate,USD,Single,USD-SOFR ICE Swap Rate,2.0,YEAR,,,,,,,,,,,,,,,,,,,,,,,,,,,,
1,Other,Option,Non_Standard,UPI,QZB564FT06FX,New,,2025-11-19T13:32:03,HMMADC,NA/O Oth Nstd,S&P 500 INDEX,JPY USD,Other,European-Call,2021,Current,HMMADC,H,Non-listed and complex listed options,M,Others (miscellaneous),Underlying assets,M,Others (miscellaneous),Option style and type,A,European-Call,Valuation method or trigger,D,Digital (Binary),Delivery,C,Cash,2015,Previous,HMMADC,H,Non-listed and complex listed options,M,Others (miscellaneous),Underlying assets,M,Others (miscellaneous),Option style and type,A,European-Call,Valuation method or trigger,D,Digital (Binary),Delivery,C,Cash,Single,US78378X1072,JPY,USD,CALL,EURO,Digital (Binary),Cash,,USD-SOFR ICE Swap Rate,USD,Single,USD-SOFR ICE Swap Rate,2.0,YEAR,,,,,,,,,,,,,,,,,,,,,,,,,,,,
1,Other,Option,Non_Standard,UPI,QZP9W4FJN4MV,New,,2025-09-17T13:26:32,HMMADC,NA/O Oth Nstd,S&P 500 INDEX,CHF JPY,Other,European-Call,2021,Current,HMMADC,H,Non-listed and complex listed options,M,Others (miscellaneous),Underlying assets,M,Others (miscellaneous),Option style and type,A,European-Call,Valuation method or trigger,D,Digital (Binary),Delivery,C,Cash,2015,Previous,HMMADC,H,Non-listed and complex listed options,M,Others (miscellaneous),Underlying assets,M,Others (miscellaneous),Option style and type,A,European-Call,Valuation method or trigger,D,Digital (Binary),Delivery,C,Cash,Single,US78378X1072,CHF,JPY,CALL,EURO,Digital (Binary),Cash,,JPY-TONA,JPY,Single,JPY-TONA,5.0,YEAR,,,,,,,,,,,,,,,,,,,,,,,,,,,,
1,Other,Option,Non_Standard,UPI,QZXJJLZBK2ZW,New,,2025-09-17T13:26:07,HMMADC,NA/O Oth Nstd,S&P 500 INDEX,EUR USD,Other,European-Call,2021,Current,HMMADC,H,Non-listed and complex listed options,M,Others (miscellaneous),Underlying assets,M,Others (miscellaneous),Option style and type,A,European-Call,Valuation method or trigger,D,Digital (Binary),Delivery,C,Cash,2015,Previous,HMMADC,H,Non-listed and complex listed options,M,Others (miscellaneous),Underlying assets,M,Others (miscellaneous),Option style and type,A,European-Call,Valuation method or trigger,D,Digital (Binary),Delivery,C,Cash,Single,US78378X1072,EUR,USD,CALL,EURO,Digital (Binary),Cash,,EUR-ISDA-EURIBOR Swap Rate-11:00,USD,Single,EUR-ISDA-EURIBOR Swap Rate-11:00,10.0,YEAR,,,,,,,,,,,,,,,,,,,,,,,,,,,,
1,Other,Option,Non_Standard,UPI,QZBWDB5NZWDX,New,,2025-09-17T13:24:41,HMMADC,NA/O Oth Nstd,,CHF JPY,Other,European-Call,2021,Current,HMMADC,H,Non-listed and complex listed options,M,Others (miscellaneous),Underlying assets,M,Others (miscellaneous),Option style and type,A,European-Call,Valuation method or trigger,D,Digital (Binary),Delivery,C,Cash,2015,Previous,HMMADC,H,Non-listed and complex listed options,M,Others (miscellaneous),Underlying assets,M,Others (miscellaneous),Option style and type,A,European-Call,Valuation method or trigger,D,Digital (Binary),Delivery,C,Cash,,,CHF,JPY,CALL,EURO,Digital (Binary),Cash,,JPY-TONA,JPY,Single,JPY-TONA,5.0,YEAR,,,,,,,,,,,,,,,,,,,,,,,,,,,,
1,Other,Option,Non_Standard,UPI,QZV18F6FBR0S,New,,2025-09-17T07:20:51,HMMADC,NA/O Oth Nstd,S&P 500 INDEX,USD XAU,Other,European-Call,2021,Current,HMMADC,H,Non-listed and complex listed options,M,Others (miscellaneous),Underlying assets,M,Others (miscellaneous),Option style and type,A,European-Call,Valuation method or trigger,D,Digital (Binary),Delivery,C,Cash,2015,Previous,HMMADC,H,Non-listed and complex listed options,M,Others (miscellaneous),Underlying assets,M,Others (miscellaneous),Option style and type,A,European-Call,Valuation method or trigger,D,Digital (Binary),Delivery,C,Cash,Single,US78378X1072,USD,XAU,CALL,EURO,Digital (Binary),Cash,USD,USD-CMT-T7051,USD,Single,USD-CMT-T7051,30.0,YEAR,,,,,,,,,,,,,,,,,,,,,,,,,,,,
1,Other,Option,Non_Standard,UPI,QZP6GR6V0VHF,New,,2025-09-17T03:31:30,HMMADC,NA/O Oth Nstd,,,Other,European-Call,2021,Current,HMMADC,H,Non-listed and complex listed options,M,Others (miscellaneous),Underlying assets,M,Others (miscellaneous),Option style and type,A,European-Call,Valuation method or trigger,D,Digital (Binary),Delivery,C,Cash,2015,Previous,HMMADC,H,Non-listed and complex listed options,M,Others (miscellaneous),Underlying assets,M,Others (miscellaneous),Option style and type,A,European-Call,Valuation method or trigger,D,Digital (Binary),Delivery,C,Cash,,,,,CALL,EURO,Digital (Binary),Cash,,,,,,,,GOLD-A.M. FIX,USD,Single,GOLD-A.M. FIX,METL,,,,,,,,,PRME,GOLD,,,,,,,,,,,,,
2,Other,Option,Non_Standard,UPI,QZ168CZ1QGQ1,New,,2026-02-09T18:27:59,HMMADC,NA/O Oth Nstd,KOSPI 200,SGD USD,Other,European-Call,2021,Current,HMMADC,H,Non-listed and complex listed options,M,Others (miscellaneous),Underlying assets,M,Others (miscellaneous),Option style and type,A,European-Call,Valuation method or trigger,D,Digital (Binary),Delivery,C,Cash,2015,Previous,HMMADC,H,Non-listed and complex listed options,M,Others (miscellaneous),Underlying assets,M,Others (miscellaneous),Option style and type,A,European-Call,Valuation method or trigger,D,Digital (Binary),Delivery,C,Cash,Single,KRD020020016,SGD,USD,CALL,EURO,Digital (Binary),Cash,,,,,,,,,,,,,,,,,,,,,,,,,,,,,,,,,,,
2,Other,Option,Non_Standard,UPI,QZL44ZH9F1FV,New,,2026-02-09T18:22:07,HMMADC,NA/O Oth Nstd,NIKKEI 225,BRL USD,Other,European-Call,2021,Current,HMMADC,H,Non-listed and complex listed options,M,Others (miscellaneous),Underlying assets,M,Others (miscellaneous),Option style and type,A,European-Call,Valuation method or trigger,D,Digital (Binary),Delivery,C,Cash,2015,Previous,HMMADC,H,Non-listed and complex listed options,M,Others (miscellaneous),Underlying assets,M,Others (miscellaneous),Option style and type,A,European-Call,Valuation method or trigger,D,Digital (Binary),Delivery,C,Cash,Single,JP9010C00002,BRL,USD,CALL,EURO,Digital (Binary),Cash,,,,,,,,,,,,,,,,,,,,,,,,,,,,,,,,,,,
2,Other,Option,Non_Standard,UPI,QZ9K4DCWP47L,New,,2026-02-09T18:03:18,HMMADC,NA/O Oth Nstd,ENERGY SELECT SECTOR SPDR ETF,GBP USD,Other,European-Call,2021,Current,HMMADC,H,Non-listed and complex listed options,M,Others (miscellaneous),Underlying assets,M,Others (miscellaneous),Option style and type,A,European-Call,Valuation method or trigger,D,Digital (Binary),Delivery,C,Cash,2015,Previous,HMMADC,H,Non-listed and complex listed options,M,Others (miscellaneous),Underlying assets,M,Others (miscellaneous),Option style and type,A,European-Call,Valuation method or trigger,D,Digital (Binary),Delivery,C,Cash,Single,US81369Y5069,GBP,USD,CALL,EURO,Digital (Binary),Cash,,,,,,,,,,,,,,,,,,,,,,,,,,,,,,,,,,,
2,Other,Option,Non_Standard,UPI,QZVJCT5GP1TL,New,,2026-02-09T18:00:58,HMMADC,NA/O Oth Nstd,S&P 500 INDEX,GBP USD,Other,European-Call,2021,Current,HMMADC,H,Non-listed and complex listed options,M,Others (miscellaneous),Underlying assets,M,Others (miscellaneous),Option style and type,A,European-Call,Valuation method or trigger,D,Digital (Binary),Delivery,C,Cash,2015,Previous,HMMADC,H,Non-listed and complex listed options,M,Others (miscellaneous),Underlying assets,M,Others (miscellaneous),Option style and type,A,European-Call,Valuation method or trigger,D,Digital (Binary),Delivery,C,Cash,Single,US78378X1072,GBP,USD,CALL,EURO,Digital (Binary),Cash,,GBP-SONIA Swap Rate,USD,Single,GBP-SONIA Swap Rate,30.0,YEAR,,,,,,,,,,,,,,,,,,,,,,,,,,,,
2,Other,Option,Non_Standard,UPI,QZ1LKVQ1NBM4,New,,2026-02-09T17:54:04,HMMADC,NA/O Oth Nstd,ISHARES PHYSICAL METALS PLC PHYSICAL SILVER USD,EUR USD,Other,European-Call,2021,Current,HMMADC,H,Non-listed and complex listed options,M,Others (miscellaneous),Underlying assets,M,Others (miscellaneous),Option style and type,A,European-Call,Valuation method or trigger,D,Digital (Binary),Delivery,C,Cash,2015,Previous,HMMADC,H,Non-listed and complex listed options,M,Others (miscellaneous),Underlying assets,M,Others (miscellaneous),Option style and type,A,European-Call,Valuation method or trigger,D,Digital (Binary),Delivery,C,Cash,Single,IE00B4NCWG09,EUR,USD,CALL,EURO,Digital (Binary),Cash,,,,,,,,,,,,,,,,,,,,,,,,,,,,,,,,,,,
1,Other,Option,Non_Standard,UPI,QZM3CP9P4RD4,New,,2025-05-27T13:26:12,HMMADC,NA/O Oth Nstd,INDEX,EUR USD,Other,European-Call,2021,Current,HMMADC,H,Non-listed and complex listed options,M,Others (miscellaneous),Underlying assets,M,Others (miscellaneous),Option style and type,A,European-Call,Valuation method or trigger,D,Digital (Binary),Delivery,C,Cash,2015,Previous,HMMADC,H,Non-listed and complex listed options,M,Others (miscellaneous),Underlying assets,M,Others (miscellaneous),Option style and type,A,European-Call,Valuation method or trigger,D,Digital (Binary),Delivery,C,Cash,Single,US7827001089,EUR,USD,CALL,EURO,Digital (Binary),Cash,USD,USD-SOFR ICE Swap Rate,USD,Single,USD-SOFR ICE Swap Rate,30.0,YEAR,,,,,,,,,,,,,,,,,,,,,,,,,,,,
1,Other,Option,Non_Standard,UPI,QZJPNQ9SPJ4S,New,,2025-05-26T10:17:37,HMMBBP,NA/O Oth Nstd,,,Other,American-Call,2021,Current,HMMBBP,H,Non-listed and complex listed options,M,Others (miscellaneous),Underlying assets,M,Others (miscellaneous),Option style and type,B,American-Call,Valuation method or trigger,B,Barrier,Delivery,P,Physical,2015,Previous,HMMBBP,H,Non-listed and complex listed options,M,Others (miscellaneous),Underlying assets,M,Others (miscellaneous),Option style and type,B,American-Call,Valuation method or trigger,B,Barrier,Delivery,P,Physical,,,,,CALL,AMER,Barrier,Physical,,Basket,USD,Basket,,,,,,,,,,,,,,,,,,,,,,,,,,,,,,,
1,Other,Option,Non_Standard,UPI,QZBQJ8NTRP43,New,,2025-05-23T12:39:36,HMMADC,NA/O Oth Nstd,S&P 500 INDEX,KRW USD,Other,European-Call,2021,Current,HMMADC,H,Non-listed and complex listed options,M,Others (miscellaneous),Underlying assets,M,Others (miscellaneous),Option style and type,A,European-Call,Valuation method or trigger,D,Digital (Binary),Delivery,C,Cash,2015,Previous,HMMADC,H,Non-listed and complex listed options,M,Others (miscellaneous),Underlying assets,M,Others (miscellaneous),Option style and type,A,European-Call,Valuation method or trigger,D,Digital (Binary),Delivery,C,Cash,Single,US78378X1072,KRW,USD,CALL,EURO,Digital (Binary),Cash,USD,USD-SOFR ICE Swap Rate,USD,Single,USD-SOFR ICE Swap Rate,30.0,YEAR,,,,,,,,,,,,,,,,,,,,,,,,,,,,
1,Other,Option,Non_Standard,UPI,QZQHWGCFJN0R,New,,2025-05-22T17:53:02,HMMADC,NA/O Oth Nstd,S&P 500 INDEX,JPY USD,Other,European-Call,2021,Current,HMMADC,H,Non-listed and complex listed options,M,Others (miscellaneous),Underlying assets,M,Others (miscellaneous),Option style and type,A,European-Call,Valuation method or trigger,D,Digital (Binary),Delivery,C,Cash,2015,Previous,HMMADC,H,Non-listed and complex listed options,M,Others (miscellaneous),Underlying assets,M,Others (miscellaneous),Option style and type,A,European-Call,Valuation method or trigger,D,Digital (Binary),Delivery,C,Cash,Single,US78378X1072,JPY,USD,CALL,EURO,Digital (Binary),Cash,USD,USD-SOFR ICE Swap Rate,USD,Single,USD-SOFR ICE Swap Rate,5.0,YEAR,,,,,,,,,,,,,,,,,,,,,,,,,,,,
1,Other,Option,Non_Standard,UPI,QZPPV8DV23QM,New,,2025-05-21T12:53:29,HMMADC,NA/O Oth Nstd,,JPY USD,Other,European-Call,2021,Current,HMMADC,H,Non-listed and complex listed options,M,Others (miscellaneous),Underlying assets,M,Others (miscellaneous),Option style and type,A,European-Call,Valuation method or trigger,D,Digital (Binary),Delivery,C,Cash,2015,Previous,HMMADC,H,Non-listed and complex listed options,M,Others (miscellaneous),Underlying assets,M,Others (miscellaneous),Option style and type,A,European-Call,Valuation method or trigger,D,Digital (Binary),Delivery,C,Cash,,,JPY,USD,CALL,EURO,Digital (Binary),Cash,,USD-SOFR ICE Swap Rate,USD,Single,USD-SOFR ICE Swap Rate,2.0,YEAR,,,,,,,,,,,,,,,,,,,,,,,,,,,,
2,Other,Option,Non_Standard,UPI,QZXS4S6C2F8J,New,,2026-02-18T16:32:09,HMMADC,NA/O Oth Nstd,TOKYO STOCK PRICE INDEX (TOPIX),JPY USD,Other,European-Call,2021,Current,HMMADC,H,Non-listed and complex listed options,M,Others (miscellaneous),Underlying assets,M,Others (miscellaneous),Option style and type,A,European-Call,Valuation method or trigger,D,Digital (Binary),Delivery,C,Cash,2015,Previous,HMMADC,H,Non-listed and complex listed options,M,Others (miscellaneous),Underlying assets,M,Others (miscellaneous),Option style and type,A,European-Call,Valuation method or trigger,D,Digital (Binary),Delivery,C,Cash,Single,JP9010100007,JPY,USD,CALL,EURO,Digital (Binary),Cash,,USD-SOFR ICE Swap Rate,USD,Single,USD-SOFR ICE Swap Rate,10.0,YEAR,,,,,,,,,,,,,,,,,,,,,,,,,,,,
2,Other,Option,Non_Standard,UPI,QZF02KQKK02G,New,,2026-02-18T15:51:27,HMMADC,NA/O Oth Nstd,NIKKEI 225,JPY USD,Other,European-Call,2021,Current,HMMADC,H,Non-listed and complex listed options,M,Others (miscellaneous),Underlying assets,M,Others (miscellaneous),Option style and type,A,European-Call,Valuation method or trigger,D,Digital (Binary),Delivery,C,Cash,2015,Previous,HMMADC,H,Non-listed and complex listed options,M,Others (miscellaneous),Underlying assets,M,Others (miscellaneous),Option style and type,A,European-Call,Valuation method or trigger,D,Digital (Binary),Delivery,C,Cash,Single,JP9010C00002,JPY,USD,CALL,EURO,Digital (Binary),Cash,,USD-SOFR ICE Swap Rate,USD,Single,USD-SOFR ICE Swap Rate,10.0,YEAR,,,,,,,,,,,,,,,,,,,,,,,,,,,,
2,Other,Option,Non_Standard,UPI,QZNCV92Z9PF8,New,,2026-02-16T07:05:39,HMMDVC,NA/O Oth Nstd,No name obtainable,,Other,European-Put,2021,Current,HMMDVC,H,Non-listed and complex listed options,M,Others (miscellaneous),Underlying assets,M,Others (miscellaneous),Option style and type,D,European-Put,Valuation method or trigger,V,Vanilla,Delivery,C,Cash,2015,Previous,HMMDVC,H,Non-listed and complex listed options,M,Others (miscellaneous),Underlying assets,M,Others (miscellaneous),Option style and type,D,European-Put,Valuation method or trigger,V,Vanilla,Delivery,C,Cash,Single,DE000GW0Y6B2,,,PUTO,EURO,Vanilla,Cash,,,,,,,,GOLD-P.M. FIX,USD,Single,GOLD-P.M. FIX,METL,,,,,,,,,PRME,GOLD,,,,,,,,,,,,,
2,Other,Option,Non_Standard,UPI,QZFW2R20VPGL,New,,2026-02-12T12:04:41,HMMADC,NA/O Oth Nstd,FTSE 100 INDEX,GBP USD,Other,European-Call,2021,Current,HMMADC,H,Non-listed and complex listed options,M,Others (miscellaneous),Underlying assets,M,Others (miscellaneous),Option style and type,A,European-Call,Valuation method or trigger,D,Digital (Binary),Delivery,C,Cash,2015,Previous,HMMADC,H,Non-listed and complex listed options,M,Others (miscellaneous),Underlying assets,M,Others (miscellaneous),Option style and type,A,European-Call,Valuation method or trigger,D,Digital (Binary),Delivery,C,Cash,Single,GB0001383545,GBP,USD,CALL,EURO,Digital (Binary),Cash,USD,,,,,,,,,,,,,,,,,,,,,,,,,,,,,,,,,,
2,Other,Option,Non_Standard,UPI,QZ0952PV7W7Z,New,,2026-02-12T09:47:20,HMMADC,NA/O Oth Nstd,NIKKEI 225,GBP JPY,Other,European-Call,2021,Current,HMMADC,H,Non-listed and complex listed options,M,Others (miscellaneous),Underlying assets,M,Others (miscellaneous),Option style and type,A,European-Call,Valuation method or trigger,D,Digital (Binary),Delivery,C,Cash,2015,Previous,HMMADC,H,Non-listed and complex listed options,M,Others (miscellaneous),Underlying assets,M,Others (miscellaneous),Option style and type,A,European-Call,Valuation method or trigger,D,Digital (Binary),Delivery,C,Cash,Single,JP9010C00002,GBP,JPY,CALL,EURO,Digital (Binary),Cash,,,,,,,,,,,,,,,,,,,,,,,,,,,,,,,,,,,
1,Other,Option,Non_Standard,UPI,QZD8FJ9CGMZ2,New,,2024-11-16T05:02:13,HMMDVC,NA/O Oth Nstd,,,Other,European-Put,2021,Current,HMMDVC,H,Non-listed and complex listed options,M,Others (miscellaneous),Underlying assets,M,Others (miscellaneous),Option style and type,D,European-Put,Valuation method or trigger,V,Vanilla,Delivery,C,Cash,2015,Previous,HMMDVC,H,Non-listed and complex listed options,M,Others (miscellaneous),Underlying assets,M,Others (miscellaneous),Option style and type,D,European-Put,Valuation method or trigger,V,Vanilla,Delivery,C,Cash,,,,,PUTO,EURO,Vanilla,Cash,,USD-SOFR ICE Swap Rate vs USD-SOFR ICE Swap Rate,USD,Single,USD-SOFR ICE Swap Rate,2.0,YEAR,,,,,,,,,,,,,,,,Single,USD-SOFR ICE Swap Rate,10.0,YEAR,,,,,,,,,
1,Other,Option,Non_Standard,UPI,QZVH3T5N6GJ9,New,,2024-11-16T05:02:12,HMMAVC,NA/O Oth Nstd,,,Other,European-Call,2021,Current,HMMAVC,H,Non-listed and complex listed options,M,Others (miscellaneous),Underlying assets,M,Others (miscellaneous),Option style and type,A,European-Call,Valuation method or trigger,V,Vanilla,Delivery,C,Cash,2015,Previous,HMMAVC,H,Non-listed and complex listed options,M,Others (miscellaneous),Underlying assets,M,Others (miscellaneous),Option style and type,A,European-Call,Valuation method or trigger,V,Vanilla,Delivery,C,Cash,,,,,CALL,EURO,Vanilla,Cash,,USD-SOFR ICE Swap Rate vs USD-SOFR ICE Swap Rate,USD,Single,USD-SOFR ICE Swap Rate,2.0,YEAR,,,,,,,,,,,,,,,,Single,USD-SOFR ICE Swap Rate,30.0,YEAR,,,,,,,,,
1,Other,Option,Non_Standard,UPI,QZH64P6BDDFN,New,,2024-11-16T05:02:06,HMMAVC,NA/O Oth Nstd,,,Other,European-Call,2021,Current,HMMAVC,H,Non-listed and complex listed options,M,Others (miscellaneous),Underlying assets,M,Others (miscellaneous),Option style and type,A,European-Call,Valuation method or trigger,V,Vanilla,Delivery,C,Cash,2015,Previous,HMMAVC,H,Non-listed and complex listed options,M,Others (miscellaneous),Underlying assets,M,Others (miscellaneous),Option style and type,A,European-Call,Valuation method or trigger,V,Vanilla,Delivery,C,Cash,,,,,CALL,EURO,Vanilla,Cash,,USD-SOFR ICE Swap Rate vs USD-SOFR ICE Swap Rate,USD,Single,USD-SOFR ICE Swap Rate,2.0,YEAR,,,,,,,,,,,,,,,,Single,USD-SOFR ICE Swap Rate,10.0,YEAR,,,,,,,,,
1,Other,Option,Non_Standard,UPI,QZP43JLWTM5W,New,,2024-11-16T05:02:05,HMMDVC,NA/O Oth Nstd,,,Other,European-Put,2021,Current,HMMDVC,H,Non-listed and complex listed options,M,Others (miscellaneous),Underlying assets,M,Others (miscellaneous),Option style and type,D,European-Put,Valuation method or trigger,V,Vanilla,Delivery,C,Cash,2015,Previous,HMMDVC,H,Non-listed and complex listed options,M,Others (miscellaneous),Underlying assets,M,Others (miscellaneous),Option style and type,D,European-Put,Valuation method or trigger,V,Vanilla,Delivery,C,Cash,,,,,PUTO,EURO,Vanilla,Cash,,USD-SOFR ICE Swap Rate vs USD-SOFR ICE Swap Rate,USD,Single,USD-SOFR ICE Swap Rate,5.0,YEAR,,,,,,,,,,,,,,,,Single,USD-SOFR ICE Swap Rate,30.0,YEAR,,,,,,,,,
1,Other,Option,Non_Standard,UPI,QZRR35RZKS0G,New,,2024-11-15T06:09:23,HMMADC,NA/O Oth Nstd,S&P 500 INDEX,USD XAU,Other,European-Call,2021,Current,HMMADC,H,Non-listed and complex listed options,M,Others (miscellaneous),Underlying assets,M,Others (miscellaneous),Option style and type,A,European-Call,Valuation method or trigger,D,Digital (Binary),Delivery,C,Cash,2015,Previous,HMMADC,H,Non-listed and complex listed options,M,Others (miscellaneous),Underlying assets,M,Others (miscellaneous),Option style and type,A,European-Call,Valuation method or trigger,D,Digital (Binary),Delivery,C,Cash,Single,US78378X1072,USD,XAU,CALL,EURO,Digital (Binary),Cash,USD,,,,,,,,,,,,,,,,,,,,,,,,,,,,,,,,,,
1,Other,Option,Non_Standard,UPI,QZ976N1JKLTN,New,,2024-11-12T16:19:38,HMMADC,NA/O Oth Nstd,No name obtainable,EUR USD,Other,European-Call,2021,Current,HMMADC,H,Non-listed and complex listed options,M,Others (miscellaneous),Underlying assets,M,Others (miscellaneous),Option style and type,A,European-Call,Valuation method or trigger,D,Digital (Binary),Delivery,C,Cash,2015,Previous,HMMADC,H,Non-listed and complex listed options,M,Others (miscellaneous),Underlying assets,M,Others (miscellaneous),Option style and type,A,European-Call,Valuation method or trigger,D,Digital (Binary),Delivery,C,Cash,Single,IE00B66F4759,EUR,USD,CALL,EURO,Digital (Binary),Cash,,,,,,,,,,,,,,,,,,,,,,,,,,,,,,,,,,,
1,Other,Option,Non_Standard,UPI,QZL1F25KHQNH,New,,2024-11-12T08:54:20,HMMADC,NA/O Oth Nstd,S&P 500 INDEX,CNY USD,Other,European-Call,2021,Current,HMMADC,H,Non-listed and complex listed options,M,Others (miscellaneous),Underlying assets,M,Others (miscellaneous),Option style and type,A,European-Call,Valuation method or trigger,D,Digital (Binary),Delivery,C,Cash,2015,Previous,HMMADC,H,Non-listed and complex listed options,M,Others (miscellaneous),Underlying assets,M,Others (miscellaneous),Option style and type,A,European-Call,Valuation method or trigger,D,Digital (Binary),Delivery,C,Cash,Single,US78378X1072,CNY,USD,CALL,EURO,Digital (Binary),Cash,,,,,,,,,,,,,,,,,,,,,,,,,,,,,,,,,,,
1,Other,Option,Non_Standard,UPI,QZCBP9N9MRH6,New,,2024-11-10T12:30:13,HMMGDC,NA/O Oth Nstd,,,Other,European-Chooser,2021,Current,HMMGDC,H,Non-listed and complex listed options,M,Others (miscellaneous),Underlying assets,M,Others (miscellaneous),Option style and type,G,European-Chooser,Valuation method or trigger,D,Digital (Binary),Delivery,C,Cash,2015,Previous,HMMGDC,H,Non-listed and complex listed options,M,Others (miscellaneous),Underlying assets,M,Others (miscellaneous),Option style and type,G,European-Chooser,Valuation method or trigger,D,Digital (Binary),Delivery,C,Cash,,,,,OPTL,EURO,Digital (Binary),Cash,,,,,,,,GOLD-P.M. FIX,USD,Single,GOLD-P.M. FIX,METL,,,,,,,,,PRME,GOLD,,,,,,,,,,,,,
1,Other,Option,Non_Standard,UPI,QZC8DL0K10SH,New,,2024-11-08T15:21:15,HMMADC,NA/O Oth Nstd,S&P 500 INDEX,CNY USD,Other,European-Call,2021,Current,HMMADC,H,Non-listed and complex listed options,M,Others (miscellaneous),Underlying assets,M,Others (miscellaneous),Option style and type,A,European-Call,Valuation method or trigger,D,Digital (Binary),Delivery,C,Cash,2015,Previous,HMMADC,H,Non-listed and complex listed options,M,Others (miscellaneous),Underlying assets,M,Others (miscellaneous),Option style and type,A,European-Call,Valuation method or trigger,D,Digital (Binary),Delivery,C,Cash,Single,US78378X1072,CNY,USD,CALL,EURO,Digital (Binary),Cash,USD,USD-SOFR ICE Swap Rate,USD,Single,USD-SOFR ICE Swap Rate,10.0,YEAR,,,,,,,,,,,,,,,,,,,,,,,,,,,,
1,Other,Option,Non_Standard,UPI,QZC6XT0CMTW4,New,,2024-11-08T01:08:51,HMMADC,NA/O Oth Nstd,S&P 500 INDEX,MXN USD,Other,European-Call,2021,Current,HMMADC,H,Non-listed and complex listed options,M,Others (miscellaneous),Underlying assets,M,Others (miscellaneous),Option style and type,A,European-Call,Valuation method or trigger,D,Digital (Binary),Delivery,C,Cash,2015,Previous,HMMADC,H,Non-listed and complex listed options,M,Others (miscellaneous),Underlying assets,M,Others (miscellaneous),Option style and type,A,European-Call,Valuation method or trigger,D,Digital (Binary),Delivery,C,Cash,Single,US78378X1072,MXN,USD,CALL,EURO,Digital (Binary),Cash,USD,,,,,,,,,,,,,,,,,,,,,,,,,,,,,,,,,,
1,Other,Option,Non_Standard,UPI,QZBXPCC5WK4S,New,,2025-06-20T08:40:01,HMMDVC,NA/O Oth Nstd,,,Other,European-Put,2021,Current,HMMDVC,H,Non-listed and complex listed options,M,Others (miscellaneous),Underlying assets,M,Others (miscellaneous),Option style and type,D,European-Put,Valuation method or trigger,V,Vanilla,Delivery,C,Cash,2015,Previous,HMMDVC,H,Non-listed and complex listed options,M,Others (miscellaneous),Underlying assets,M,Others (miscellaneous),Option style and type,D,European-Put,Valuation method or trigger,V,Vanilla,Delivery,C,Cash,,,,,PUTO,EURO,Vanilla,Cash,,EUR-ISDA-EURIBOR Swap Rate-11:00 vs EUR-ISDA-EURIBOR Swap Rate-11:00,EUR,Single,EUR-ISDA-EURIBOR Swap Rate-11:00,2.0,YEAR,,,,,,,,,,,,,,,,Single,EUR-ISDA-EURIBOR Swap Rate-11:00,10.0,YEAR,,,,,,,,,
1,Other,Option,Non_Standard,UPI,QZQ10LQ8D6MS,New,,2025-06-20T08:40:00,HMMAVC,NA/O Oth Nstd,,,Other,European-Call,2021,Current,HMMAVC,H,Non-listed and complex listed options,M,Others (miscellaneous),Underlying assets,M,Others (miscellaneous),Option style and type,A,European-Call,Valuation method or trigger,V,Vanilla,Delivery,C,Cash,2015,Previous,HMMAVC,H,Non-listed and complex listed options,M,Others (miscellaneous),Underlying assets,M,Others (miscellaneous),Option style and type,A,European-Call,Valuation method or trigger,V,Vanilla,Delivery,C,Cash,,,,,CALL,EURO,Vanilla,Cash,,EUR-ISDA-EURIBOR Swap Rate-11:00 vs EUR-ISDA-EURIBOR Swap Rate-11:00,EUR,Single,EUR-ISDA-EURIBOR Swap Rate-11:00,2.0,YEAR,,,,,,,,,,,,,,,,Single,EUR-ISDA-EURIBOR Swap Rate-11:00,10.0,YEAR,,,,,,,,,
1,Other,Option,Non_Standard,UPI,QZNCFVJK7ZMG,New,,2025-06-19T12:01:45,HMMADC,NA/O Oth Nstd,CAC 40,EUR USD,Other,European-Call,2021,Current,HMMADC,H,Non-listed and complex listed options,M,Others (miscellaneous),Underlying assets,M,Others (miscellaneous),Option style and type,A,European-Call,Valuation method or trigger,D,Digital (Binary),Delivery,C,Cash,2015,Previous,HMMADC,H,Non-listed and complex listed options,M,Others (miscellaneous),Underlying assets,M,Others (miscellaneous),Option style and type,A,European-Call,Valuation method or trigger,D,Digital (Binary),Delivery,C,Cash,Single,FR0003500008,EUR,USD,CALL,EURO,Digital (Binary),Cash,USD,,,,,,,,,,,,,,,,,,,,,,,,,,,,,,,,,,
1,Other,Option,Non_Standard,UPI,QZHRFF0DS0K8,New,,2025-06-19T11:51:18,HMMADC,NA/O Oth Nstd,CAC 40,EUR USD,Other,European-Call,2021,Current,HMMADC,H,Non-listed and complex listed options,M,Others (miscellaneous),Underlying assets,M,Others (miscellaneous),Option style and type,A,European-Call,Valuation method or trigger,D,Digital (Binary),Delivery,C,Cash,2015,Previous,HMMADC,H,Non-listed and complex listed options,M,Others (miscellaneous),Underlying assets,M,Others (miscellaneous),Option style and type,A,European-Call,Valuation method or trigger,D,Digital (Binary),Delivery,C,Cash,Single,FR0003500008,EUR,USD,CALL,EURO,Digital (Binary),Cash,,,,,,,,,,,,,,,,,,,,,,,,,,,,,,,,,,,
1,Other,Option,Non_Standard,UPI,QZR3GX03V47F,New,,2025-06-12T17:18:40,HMMDVC,NA/O Oth Nstd,,,Other,European-Put,2021,Current,HMMDVC,H,Non-listed and complex listed options,M,Others (miscellaneous),Underlying assets,M,Others (miscellaneous),Option style and type,D,European-Put,Valuation method or trigger,V,Vanilla,Delivery,C,Cash,2015,Previous,HMMDVC,H,Non-listed and complex listed options,M,Others (miscellaneous),Underlying assets,M,Others (miscellaneous),Option style and type,D,European-Put,Valuation method or trigger,V,Vanilla,Delivery,C,Cash,,,,,PUTO,EURO,Vanilla,Cash,,USD-SOFR ICE Swap Rate vs USD-SOFR ICE Swap Rate,USD,Single,USD-SOFR ICE Swap Rate,10.0,YEAR,,,,,,,,,,,,,,,,Single,USD-SOFR ICE Swap Rate,30.0,YEAR,,,,,,,,,
1,Other,Option,Non_Standard,UPI,QZG5DDHL2MD2,New,,2025-05-20T18:09:53,HMMADC,NA/O Oth Nstd,ESTX 50 PR INDEX,,Other,European-Call,2021,Current,HMMADC,H,Non-listed and complex listed options,M,Others (miscellaneous),Underlying assets,M,Others (miscellaneous),Option style and type,A,European-Call,Valuation method or trigger,D,Digital (Binary),Delivery,C,Cash,2015,Previous,HMMADC,H,Non-listed and complex listed options,M,Others (miscellaneous),Underlying assets,M,Others (miscellaneous),Option style and type,A,European-Call,Valuation method or trigger,D,Digital (Binary),Delivery,C,Cash,Single,EU0009658145,,,CALL,EURO,Digital (Binary),Cash,,EUR-ISDA-EURIBOR Swap Rate-11:00,EUR,Single,EUR-ISDA-EURIBOR Swap Rate-11:00,2.0,YEAR,,,,,,,,,,,,,,,,,,,,,,,,,,,,
1,Other,Option,Non_Standard,UPI,QZD21X789STK,New,,2025-05-20T16:34:54,HMMADC,NA/O Oth Nstd,S&P 500 INDEX,USD XAU,Other,European-Call,2021,Current,HMMADC,H,Non-listed and complex listed options,M,Others (miscellaneous),Underlying assets,M,Others (miscellaneous),Option style and type,A,European-Call,Valuation method or trigger,D,Digital (Binary),Delivery,C,Cash,2015,Previous,HMMADC,H,Non-listed and complex listed options,M,Others (miscellaneous),Underlying assets,M,Others (miscellaneous),Option style and type,A,European-Call,Valuation method or trigger,D,Digital (Binary),Delivery,C,Cash,Single,US78378X1072,USD,XAU,CALL,EURO,Digital (Binary),Cash,,USD-SOFR ICE Swap Rate,USD,Single,USD-SOFR ICE Swap Rate,5.0,YEAR,,,,,,,,,,,,,,,,,,,,,,,,,,,,
1,Other,Option,Non_Standard,UPI,QZRPNW75RTXT,New,,2025-05-20T15:37:06,HMMADC,NA/O Oth Nstd,,EUR USD,Other,European-Call,2021,Current,HMMADC,H,Non-listed and complex listed options,M,Others (miscellaneous),Underlying assets,M,Others (miscellaneous),Option style and type,A,European-Call,Valuation method or trigger,D,Digital (Binary),Delivery,C,Cash,2015,Previous,HMMADC,H,Non-listed and complex listed options,M,Others (miscellaneous),Underlying assets,M,Others (miscellaneous),Option style and type,A,European-Call,Valuation method or trigger,D,Digital (Binary),Delivery,C,Cash,,,EUR,USD,CALL,EURO,Digital (Binary),Cash,,USD-SOFR ICE Swap Rate,USD,Single,USD-SOFR ICE Swap Rate,30.0,YEAR,,,,,,,,,,,,,,,,,,,,,,,,,,,,
1,Other,Option,Non_Standard,UPI,QZ7BXNKZL0G0,New,,2025-05-20T15:36:54,HMMADC,NA/O Oth Nstd,STXE 600 CONSTR.+M.PR.EUR,,Other,European-Call,2021,Current,HMMADC,H,Non-listed and complex listed options,M,Others (miscellaneous),Underlying assets,M,Others (miscellaneous),Option style and type,A,European-Call,Valuation method or trigger,D,Digital (Binary),Delivery,C,Cash,2015,Previous,HMMADC,H,Non-listed and complex listed options,M,Others (miscellaneous),Underlying assets,M,Others (miscellaneous),Option style and type,A,European-Call,Valuation method or trigger,D,Digital (Binary),Delivery,C,Cash,Single,EU0009658889,,,CALL,EURO,Digital (Binary),Cash,,EUR-ISDA-EURIBOR Swap Rate-11:00,EUR,Single,EUR-ISDA-EURIBOR Swap Rate-11:00,30.0,YEAR,,,,,,,,,,,,,,,,,,,,,,,,,,,,
1,Other,Option,Non_Standard,UPI,QZ035CPWHXL5,New,,2025-05-20T13:29:17,HMMADC,NA/O Oth Nstd,,EUR USD,Other,European-Call,2021,Current,HMMADC,H,Non-listed and complex listed options,M,Others (miscellaneous),Underlying assets,M,Others (miscellaneous),Option style and type,A,European-Call,Valuation method or trigger,D,Digital (Binary),Delivery,C,Cash,2015,Previous,HMMADC,H,Non-listed and complex listed options,M,Others (miscellaneous),Underlying assets,M,Others (miscellaneous),Option style and type,A,European-Call,Valuation method or trigger,D,Digital (Binary),Delivery,C,Cash,,,EUR,USD,CALL,EURO,Digital (Binary),Cash,,USD-SOFR ICE Swap Rate,USD,Single,USD-SOFR ICE Swap Rate,2.0,YEAR,,,,,,,,,,,,,,,,,,,,,,,,,,,,
1,Other,Option,Non_Standard,UPI,QZFXXQ803LF9,New,,2024-11-04T13:10:36,HMMADC,NA/O Oth Nstd,RUSSELL 2000 ETF,EUR USD,Other,European-Call,2021,Current,HMMADC,H,Non-listed and complex listed options,M,Others (miscellaneous),Underlying assets,M,Others (miscellaneous),Option style and type,A,European-Call,Valuation method or trigger,D,Digital (Binary),Delivery,C,Cash,2015,Previous,HMMADC,H,Non-listed and complex listed options,M,Others (miscellaneous),Underlying assets,M,Others (miscellaneous),Option style and type,A,European-Call,Valuation method or trigger,D,Digital (Binary),Delivery,C,Cash,Single,US4642876555,EUR,USD,CALL,EURO,Digital (Binary),Cash,,,,,,,,,,,,,,,,,,,,,,,,,,,,,,,,,,,
1,Other,Option,Non_Standard,UPI,QZBRDJ04Z648,New,,2024-11-04T08:51:50,HMMADC,NA/O Oth Nstd,S&P 500 INDEX,USD XAU,Other,European-Call,2021,Current,HMMADC,H,Non-listed and complex listed options,M,Others (miscellaneous),Underlying assets,M,Others (miscellaneous),Option style and type,A,European-Call,Valuation method or trigger,D,Digital (Binary),Delivery,C,Cash,2015,Previous,HMMADC,H,Non-listed and complex listed options,M,Others (miscellaneous),Underlying assets,M,Others (miscellaneous),Option style and type,A,European-Call,Valuation method or trigger,D,Digital (Binary),Delivery,C,Cash,Single,US78378X1072,USD,XAU,CALL,EURO,Digital (Binary),Cash,,,,,,,,,,,,,,,,,,,,,,,,,,,,,,,,,,,
1,Other,Option,Non_Standard,UPI,QZ33N5DXWZ4J,New,,2024-11-01T14:41:33,HMMADC,NA/O Oth Nstd,ESTX 50 PR INDEX,,Other,European-Call,2021,Current,HMMADC,H,Non-listed and complex listed options,M,Others (miscellaneous),Underlying assets,M,Others (miscellaneous),Option style and type,A,European-Call,Valuation method or trigger,D,Digital (Binary),Delivery,C,Cash,2015,Previous,HMMADC,H,Non-listed and complex listed options,M,Others (miscellaneous),Underlying assets,M,Others (miscellaneous),Option style and type,A,European-Call,Valuation method or trigger,D,Digital (Binary),Delivery,C,Cash,Single,EU0009658145,,,CALL,EURO,Digital (Binary),Cash,,EUR-ISDA-EURIBOR Swap Rate-11:00,EUR,Single,EUR-ISDA-EURIBOR Swap Rate-11:00,10.0,YEAR,,,,,,,,,,,,,,,,,,,,,,,,,,,,
1,Other,Option,Non_Standard,UPI,QZ2SGTXJ42ZL,New,,2024-11-01T14:11:34,HMMADC,NA/O Oth Nstd,ESTX 50 PR INDEX,,Other,European-Call,2021,Current,HMMADC,H,Non-listed and complex listed options,M,Others (miscellaneous),Underlying assets,M,Others (miscellaneous),Option style and type,A,European-Call,Valuation method or trigger,D,Digital (Binary),Delivery,C,Cash,2015,Previous,HMMADC,H,Non-listed and complex listed options,M,Others (miscellaneous),Underlying assets,M,Others (miscellaneous),Option style and type,A,European-Call,Valuation method or trigger,D,Digital (Binary),Delivery,C,Cash,Single,EU0009658145,,,CALL,EURO,Digital (Binary),Cash,,EUR-ISDA-EURIBOR Swap Rate-11:00,EUR,Single,EUR-ISDA-EURIBOR Swap Rate-11:00,5.0,YEAR,,,,,,,,,,,,,,,,,,,,,,,,,,,,
1,Other,Option,Non_Standard,UPI,QZ5DSHL1VT2V,New,,2024-11-01T13:40:16,HMMADC,NA/O Oth Nstd,S&P 500 INDEX,,Other,European-Call,2021,Current,HMMADC,H,Non-listed and complex listed options,M,Others (miscellaneous),Underlying assets,M,Others (miscellaneous),Option style and type,A,European-Call,Valuation method or trigger,D,Digital (Binary),Delivery,C,Cash,2015,Previous,HMMADC,H,Non-listed and complex listed options,M,Others (miscellaneous),Underlying assets,M,Others (miscellaneous),Option style and type,A,European-Call,Valuation method or trigger,D,Digital (Binary),Delivery,C,Cash,Single,US78378X1072,,,CALL,EURO,Digital (Binary),Cash,,USD-ISDA-Swap Rate,USD,Single,USD-ISDA-Swap Rate,30.0,YEAR,,,,,,,,,,,,,,,,,,,,,,,,,,,,
1,Other,Option,Non_Standard,UPI,QZ2LMVQ197MJ,New,,2024-09-13T16:57:46,HMMADC,NA/O Oth Nstd,S&P 500 INDEX,JPY USD,Other,European-Call,2021,Current,HMMADC,H,Non-listed and complex listed options,M,Others (miscellaneous),Underlying assets,M,Others (miscellaneous),Option style and type,A,European-Call,Valuation method or trigger,D,Digital (Binary),Delivery,C,Cash,2015,Previous,HMMADC,H,Non-listed and complex listed options,M,Others (miscellaneous),Underlying assets,M,Others (miscellaneous),Option style and type,A,European-Call,Valuation method or trigger,D,Digital (Binary),Delivery,C,Cash,Single,US78378X1072,JPY,USD,CALL,EURO,Digital (Binary),Cash,,,,,,,,,,,,,,,,,,,,,,,,,,,,,,,,,,,
1,Other,Option,Non_Standard,UPI,QZG7B6S8CRQN,New,,2024-09-12T15:49:46,HMMADC,NA/O Oth Nstd,COM,CNY USD,Other,European-Call,2021,Current,HMMADC,H,Non-listed and complex listed options,M,Others (miscellaneous),Underlying assets,M,Others (miscellaneous),Option style and type,A,European-Call,Valuation method or trigger,D,Digital (Binary),Delivery,C,Cash,2015,Previous,HMMADC,H,Non-listed and complex listed options,M,Others (miscellaneous),Underlying assets,M,Others (miscellaneous),Option style and type,A,European-Call,Valuation method or trigger,D,Digital (Binary),Delivery,C,Cash,Single,US67066G1040,CNY,USD,CALL,EURO,Digital (Binary),Cash,USD,,,,,,,,,,,,,,,,,,,,,,,,,,,,,,,,,,
1,Other,Option,Non_Standard,UPI,QZ8XVVVT4ZXB,New,,2024-09-12T15:25:55,HMMADC,NA/O Oth Nstd,ESTX BANKS PR.EUR,EUR USD,Other,European-Call,2021,Current,HMMADC,H,Non-listed and complex listed options,M,Others (miscellaneous),Underlying assets,M,Others (miscellaneous),Option style and type,A,European-Call,Valuation method or trigger,D,Digital (Binary),Delivery,C,Cash,2015,Previous,HMMADC,H,Non-listed and complex listed options,M,Others (miscellaneous),Underlying assets,M,Others (miscellaneous),Option style and type,A,European-Call,Valuation method or trigger,D,Digital (Binary),Delivery,C,Cash,Single,EU0009658426,EUR,USD,CALL,EURO,Digital (Binary),Cash,USD,,,,,,,,,,,,,,,,,,,,,,,,,,,,,,,,,,
1,Other,Option,Non_Standard,UPI,QZVKM93W7W7Q,New,,2024-09-12T15:19:36,HMMADC,NA/O Oth Nstd,S&P 500 INDEX,EUR USD,Other,European-Call,2021,Current,HMMADC,H,Non-listed and complex listed options,M,Others (miscellaneous),Underlying assets,M,Others (miscellaneous),Option style and type,A,European-Call,Valuation method or trigger,D,Digital (Binary),Delivery,C,Cash,2015,Previous,HMMADC,H,Non-listed and complex listed options,M,Others (miscellaneous),Underlying assets,M,Others (miscellaneous),Option style and type,A,European-Call,Valuation method or trigger,D,Digital (Binary),Delivery,C,Cash,Single,US78378X1072,EUR,USD,CALL,EURO,Digital (Binary),Cash,USD,,,,,,,,,,,,,,,,,,,,,,,,,,,,,,,,,,
1,Other,Option,Non_Standard,UPI,QZD9321J1GF3,New,,2024-09-12T15:19:08,HMMADC,NA/O Oth Nstd,ESTX 50 PR INDEX,EUR USD,Other,European-Call,2021,Current,HMMADC,H,Non-listed and complex listed options,M,Others (miscellaneous),Underlying assets,M,Others (miscellaneous),Option style and type,A,European-Call,Valuation method or trigger,D,Digital (Binary),Delivery,C,Cash,2015,Previous,HMMADC,H,Non-listed and complex listed options,M,Others (miscellaneous),Underlying assets,M,Others (miscellaneous),Option style and type,A,European-Call,Valuation method or trigger,D,Digital (Binary),Delivery,C,Cash,Single,EU0009658145,EUR,USD,CALL,EURO,Digital (Binary),Cash,,,,,,,,,,,,,,,,,,,,,,,,,,,,,,,,,,,
1,Other,Option,Non_Standard,UPI,QZFVHQ5DDQDC,New,,2024-11-08T01:04:56,HMMADC,NA/O Oth Nstd,S&P 500 INDEX,EUR USD,Other,European-Call,2021,Current,HMMADC,H,Non-listed and complex listed options,M,Others (miscellaneous),Underlying assets,M,Others (miscellaneous),Option style and type,A,European-Call,Valuation method or trigger,D,Digital (Binary),Delivery,C,Cash,2015,Previous,HMMADC,H,Non-listed and complex listed options,M,Others (miscellaneous),Underlying assets,M,Others (miscellaneous),Option style and type,A,European-Call,Valuation method or trigger,D,Digital (Binary),Delivery,C,Cash,Single,US78378X1072,EUR,USD,CALL,EURO,Digital (Binary),Cash,EUR,,,,,,,,,,,,,,,,,,,,,,,,,,,,,,,,,,
1,Other,Option,Non_Standard,UPI,QZ76TGR6RMJ6,New,,2024-11-07T13:39:12,HMMADC,NA/O Oth Nstd,CHINA LARGE-CAP ETF,JPY USD,Other,European-Call,2021,Current,HMMADC,H,Non-listed and complex listed options,M,Others (miscellaneous),Underlying assets,M,Others (miscellaneous),Option style and type,A,European-Call,Valuation method or trigger,D,Digital (Binary),Delivery,C,Cash,2015,Previous,HMMADC,H,Non-listed and complex listed options,M,Others (miscellaneous),Underlying assets,M,Others (miscellaneous),Option style and type,A,European-Call,Valuation method or trigger,D,Digital (Binary),Delivery,C,Cash,Single,US4642871846,JPY,USD,CALL,EURO,Digital (Binary),Cash,,,,,,,,,,,,,,,,,,,,,,,,,,,,,,,,,,,
1,Other,Option,Non_Standard,UPI,QZNPJF7HZP91,New,,2024-11-07T11:54:42,HMMADC,NA/O Oth Nstd,CHINA LARGE-CAP ETF,EUR USD,Other,European-Call,2021,Current,HMMADC,H,Non-listed and complex listed options,M,Others (miscellaneous),Underlying assets,M,Others (miscellaneous),Option style and type,A,European-Call,Valuation method or trigger,D,Digital (Binary),Delivery,C,Cash,2015,Previous,HMMADC,H,Non-listed and complex listed options,M,Others (miscellaneous),Underlying assets,M,Others (miscellaneous),Option style and type,A,European-Call,Valuation method or trigger,D,Digital (Binary),Delivery,C,Cash,Single,US4642871846,EUR,USD,CALL,EURO,Digital (Binary),Cash,,,,,,,,,,,,,,,,,,,,,,,,,,,,,,,,,,,
1,Other,Option,Non_Standard,UPI,QZL14DKT78QP,New,,2024-11-06T14:18:57,HMMDVC,NA/O Oth Nstd,ESTX 50 PR INDEX,EUR USD,Other,European-Put,2021,Current,HMMDVC,H,Non-listed and complex listed options,M,Others (miscellaneous),Underlying assets,M,Others (miscellaneous),Option style and type,D,European-Put,Valuation method or trigger,V,Vanilla,Delivery,C,Cash,2015,Previous,HMMDVC,H,Non-listed and complex listed options,M,Others (miscellaneous),Underlying assets,M,Others (miscellaneous),Option style and type,D,European-Put,Valuation method or trigger,V,Vanilla,Delivery,C,Cash,Single,EU0009658145,EUR,USD,PUTO,EURO,Vanilla,Cash,EUR,,,,,,,,,,,,,,,,,,,,,,,,,,,,,,,,,,
1,Other,Option,Non_Standard,UPI,QZXWHTMB2VSX,New,,2024-11-04T14:39:39,HMMADC,NA/O Oth Nstd,S&P 500 INDEX,AUD USD,Other,European-Call,2021,Current,HMMADC,H,Non-listed and complex listed options,M,Others (miscellaneous),Underlying assets,M,Others (miscellaneous),Option style and type,A,European-Call,Valuation method or trigger,D,Digital (Binary),Delivery,C,Cash,2015,Previous,HMMADC,H,Non-listed and complex listed options,M,Others (miscellaneous),Underlying assets,M,Others (miscellaneous),Option style and type,A,European-Call,Valuation method or trigger,D,Digital (Binary),Delivery,C,Cash,Single,US78378X1072,AUD,USD,CALL,EURO,Digital (Binary),Cash,,,,,,,,,,,,,,,,,,,,,,,,,,,,,,,,,,,
1,Other,Option,Non_Standard,UPI,QZDLKM9XHTBL,New,,2024-11-14T21:47:21,HMMADC,NA/O Oth Nstd,NDX1,EUR USD,Other,European-Call,2021,Current,HMMADC,H,Non-listed and complex listed options,M,Others (miscellaneous),Underlying assets,M,Others (miscellaneous),Option style and type,A,European-Call,Valuation method or trigger,D,Digital (Binary),Delivery,C,Cash,2015,Previous,HMMADC,H,Non-listed and complex listed options,M,Others (miscellaneous),Underlying assets,M,Others (miscellaneous),Option style and type,A,European-Call,Valuation method or trigger,D,Digital (Binary),Delivery,C,Cash,Single,US6311011026,EUR,USD,CALL,EURO,Digital (Binary),Cash,USD,,,,,,,,,,,,,,,,,,,,,,,,,,,,,,,,,,
1,Other,Option,Non_Standard,UPI,QZ2X2LQ03NTV,New,,2024-11-14T21:37:36,HMMADC,NA/O Oth Nstd,NDX1,EUR USD,Other,European-Call,2021,Current,HMMADC,H,Non-listed and complex listed options,M,Others (miscellaneous),Underlying assets,M,Others (miscellaneous),Option style and type,A,European-Call,Valuation method or trigger,D,Digital (Binary),Delivery,C,Cash,2015,Previous,HMMADC,H,Non-listed and complex listed options,M,Others (miscellaneous),Underlying assets,M,Others (miscellaneous),Option style and type,A,European-Call,Valuation method or trigger,D,Digital (Binary),Delivery,C,Cash,Single,US6311011026,EUR,USD,CALL,EURO,Digital (Binary),Cash,,,,,,,,,,,,,,,,,,,,,,,,,,,,,,,,,,,
1,Other,Option,Non_Standard,UPI,QZL5N9TN99SQ,New,,2024-11-14T17:23:28,HMMAVC,NA/O Oth Nstd,TR UNIT,CNY USD,Other,European-Call,2021,Current,HMMAVC,H,Non-listed and complex listed options,M,Others (miscellaneous),Underlying assets,M,Others (miscellaneous),Option style and type,A,European-Call,Valuation method or trigger,V,Vanilla,Delivery,C,Cash,2015,Previous,HMMAVC,H,Non-listed and complex listed options,M,Others (miscellaneous),Underlying assets,M,Others (miscellaneous),Option style and type,A,European-Call,Valuation method or trigger,V,Vanilla,Delivery,C,Cash,Single,US78462F1030,CNY,USD,CALL,EURO,Vanilla,Cash,USD,,,,,,,,,,,,,,,,,,,,,,,,,,,,,,,,,,
1,Other,Option,Non_Standard,UPI,QZ3JW9GZ5K8B,New,,2024-11-14T09:52:45,HMMADC,NA/O Oth Nstd,S&P 500 INDEX,GBP USD,Other,European-Call,2021,Current,HMMADC,H,Non-listed and complex listed options,M,Others (miscellaneous),Underlying assets,M,Others (miscellaneous),Option style and type,A,European-Call,Valuation method or trigger,D,Digital (Binary),Delivery,C,Cash,2015,Previous,HMMADC,H,Non-listed and complex listed options,M,Others (miscellaneous),Underlying assets,M,Others (miscellaneous),Option style and type,A,European-Call,Valuation method or trigger,D,Digital (Binary),Delivery,C,Cash,Single,US78378X1072,GBP,USD,CALL,EURO,Digital (Binary),Cash,,,,,,,,,,,,,,,,,,,,,,,,,,,,,,,,,,,
1,Other,Option,Non_Standard,UPI,QZH0GZVDST2M,New,,2024-11-13T11:30:39,HMMAMC,NA/O Oth Nstd,S&P 500 INDEX,,Other,European-Call,2021,Current,HMMAMC,H,Non-listed and complex listed options,M,Others (miscellaneous),Underlying assets,M,Others (miscellaneous),Option style and type,A,European-Call,Valuation method or trigger,M,Others (miscellaneous),Delivery,C,Cash,2015,Previous,HMMAMC,H,Non-listed and complex listed options,M,Others (miscellaneous),Underlying assets,M,Others (miscellaneous),Option style and type,A,European-Call,Valuation method or trigger,M,Others (miscellaneous),Delivery,C,Cash,Single,US78378X1072,,,CALL,EURO,Other,Cash,,USD-SOFR ICE Swap Rate,USD,Single,USD-SOFR ICE Swap Rate,5.0,YEAR,,,,,,,,,,,,,,,,,,,,,,,,,,,,
1,Other,Option,Non_Standard,UPI,QZ2P4JF5L8PX,New,,2024-10-16T14:39:14,HMMADC,NA/O Oth Nstd,FINANCIAL,SGD USD,Other,European-Call,2021,Current,HMMADC,H,Non-listed and complex listed options,M,Others (miscellaneous),Underlying assets,M,Others (miscellaneous),Option style and type,A,European-Call,Valuation method or trigger,D,Digital (Binary),Delivery,C,Cash,2015,Previous,HMMADC,H,Non-listed and complex listed options,M,Others (miscellaneous),Underlying assets,M,Others (miscellaneous),Option style and type,A,European-Call,Valuation method or trigger,D,Digital (Binary),Delivery,C,Cash,Single,US81369Y6059,SGD,USD,CALL,EURO,Digital (Binary),Cash,USD,,,,,,,,,,,,,,,,,,,,,,,,,,,,,,,,,,
1,Other,Option,Non_Standard,UPI,QZNZX7213QRV,New,,2024-10-15T15:57:47,HMMADC,NA/O Oth Nstd,Basket,CNY USD,Other,European-Call,2021,Current,HMMADC,H,Non-listed and complex listed options,M,Others (miscellaneous),Underlying assets,M,Others (miscellaneous),Option style and type,A,European-Call,Valuation method or trigger,D,Digital (Binary),Delivery,C,Cash,2015,Previous,HMMADC,H,Non-listed and complex listed options,M,Others (miscellaneous),Underlying assets,M,Others (miscellaneous),Option style and type,A,European-Call,Valuation method or trigger,D,Digital (Binary),Delivery,C,Cash,Basket,,CNY,USD,CALL,EURO,Digital (Binary),Cash,USD,,,,,,,,,,,,,,,,,,,,,,,,,,,,,,,,,,
1,Other,Option,Non_Standard,UPI,QZ7C9LB622BB,New,,2024-10-15T12:33:13,HMMADC,NA/O Oth Nstd,No name obtainable,GBP USD,Other,European-Call,2021,Current,HMMADC,H,Non-listed and complex listed options,M,Others (miscellaneous),Underlying assets,M,Others (miscellaneous),Option style and type,A,European-Call,Valuation method or trigger,D,Digital (Binary),Delivery,C,Cash,2015,Previous,HMMADC,H,Non-listed and complex listed options,M,Others (miscellaneous),Underlying assets,M,Others (miscellaneous),Option style and type,A,European-Call,Valuation method or trigger,D,Digital (Binary),Delivery,C,Cash,Single,US6488151084,GBP,USD,CALL,EURO,Digital (Binary),Cash,USD,,,,,,,,,,,,,,,,,,,,,,,,,,,,,,,,,,
1,Other,Option,Non_Standard,UPI,QZV1J9H2MNQX,New,,2024-10-15T12:29:19,HMMADC,NA/O Oth Nstd,No name obtainable,GBP USD,Other,European-Call,2021,Current,HMMADC,H,Non-listed and complex listed options,M,Others (miscellaneous),Underlying assets,M,Others (miscellaneous),Option style and type,A,European-Call,Valuation method or trigger,D,Digital (Binary),Delivery,C,Cash,2015,Previous,HMMADC,H,Non-listed and complex listed options,M,Others (miscellaneous),Underlying assets,M,Others (miscellaneous),Option style and type,A,European-Call,Valuation method or trigger,D,Digital (Binary),Delivery,C,Cash,Single,US6488151084,GBP,USD,CALL,EURO,Digital (Binary),Cash,,,,,,,,,,,,,,,,,,,,,,,,,,,,,,,,,,,
1,Other,Option,Non_Standard,UPI,QZRKB312BXP9,New,,2024-10-15T09:58:26,HMMADC,NA/O Oth Nstd,FINANCIAL,EUR USD,Other,European-Call,2021,Current,HMMADC,H,Non-listed and complex listed options,M,Others (miscellaneous),Underlying assets,M,Others (miscellaneous),Option style and type,A,European-Call,Valuation method or trigger,D,Digital (Binary),Delivery,C,Cash,2015,Previous,HMMADC,H,Non-listed and complex listed options,M,Others (miscellaneous),Underlying assets,M,Others (miscellaneous),Option style and type,A,European-Call,Valuation method or trigger,D,Digital (Binary),Delivery,C,Cash,Single,US81369Y6059,EUR,USD,CALL,EURO,Digital (Binary),Cash,USD,,,,,,,,,,,,,,,,,,,,,,,,,,,,,,,,,,
1,Other,Option,Non_Standard,UPI,QZ8N6MSP05N3,New,,2024-07-15T05:50:44,HMMADC,NA/O Oth Nstd,HANG SENG CHINA ENTERPRISES INDEX,CNY USD,Other,European-Call,2021,Current,HMMADC,H,Non-listed and complex listed options,M,Others (miscellaneous),Underlying assets,M,Others (miscellaneous),Option style and type,A,European-Call,Valuation method or trigger,D,Digital (Binary),Delivery,C,Cash,2015,Previous,HMMADC,H,Non-listed and complex listed options,M,Others (miscellaneous),Underlying assets,M,Others (miscellaneous),Option style and type,A,European-Call,Valuation method or trigger,D,Digital (Binary),Delivery,C,Cash,Single,HK0000004330,CNY,USD,CALL,EURO,Digital (Binary),Cash,USD,,,,,,,,,,,,,,,,,,,,,,,,,,,,,,,,,,
1,Other,Option,Non_Standard,UPI,QZL90MDW570X,New,,2024-07-12T23:54:43,HMMADC,NA/O Oth Nstd,NIKKEI 225,JPY USD,Other,European-Call,2021,Current,HMMADC,H,Non-listed and complex listed options,M,Others (miscellaneous),Underlying assets,M,Others (miscellaneous),Option style and type,A,European-Call,Valuation method or trigger,D,Digital (Binary),Delivery,C,Cash,2015,Previous,HMMADC,H,Non-listed and complex listed options,M,Others (miscellaneous),Underlying assets,M,Others (miscellaneous),Option style and type,A,European-Call,Valuation method or trigger,D,Digital (Binary),Delivery,C,Cash,Single,JP9010C00002,JPY,USD,CALL,EURO,Digital (Binary),Cash,USD,,,,,,,,,,,,,,,,,,,,,,,,,,,,,,,,,,
1,Other,Option,Non_Standard,UPI,QZ5ZWW9LP6VL,New,,2024-07-12T04:18:42,HMMADC,NA/O Oth Nstd,NIKKEI 225,CNY USD,Other,European-Call,2021,Current,HMMADC,H,Non-listed and complex listed options,M,Others (miscellaneous),Underlying assets,M,Others (miscellaneous),Option style and type,A,European-Call,Valuation method or trigger,D,Digital (Binary),Delivery,C,Cash,2015,Previous,HMMADC,H,Non-listed and complex listed options,M,Others (miscellaneous),Underlying assets,M,Others (miscellaneous),Option style and type,A,European-Call,Valuation method or trigger,D,Digital (Binary),Delivery,C,Cash,Single,JP9010C00002,CNY,USD,CALL,EURO,Digital (Binary),Cash,USD,,,,,,,,,,,,,,,,,,,,,,,,,,,,,,,,,,
1,Other,Option,Non_Standard,UPI,QZP21TMB0TLT,New,,2024-07-12T03:29:58,HMMADC,NA/O Oth Nstd,KOSPI 200,CNY USD,Other,European-Call,2021,Current,HMMADC,H,Non-listed and complex listed options,M,Others (miscellaneous),Underlying assets,M,Others (miscellaneous),Option style and type,A,European-Call,Valuation method or trigger,D,Digital (Binary),Delivery,C,Cash,2015,Previous,HMMADC,H,Non-listed and complex listed options,M,Others (miscellaneous),Underlying assets,M,Others (miscellaneous),Option style and type,A,European-Call,Valuation method or trigger,D,Digital (Binary),Delivery,C,Cash,Single,KRD020020016,CNY,USD,CALL,EURO,Digital (Binary),Cash,USD,,,,,,,,,,,,,,,,,,,,,,,,,,,,,,,,,,
1,Other,Option,Non_Standard,UPI,QZM53MBGD5MB,New,,2024-07-11T16:58:08,HMMADC,NA/O Oth Nstd,No name obtainable,CNY USD,Other,European-Call,2021,Current,HMMADC,H,Non-listed and complex listed options,M,Others (miscellaneous),Underlying assets,M,Others (miscellaneous),Option style and type,A,European-Call,Valuation method or trigger,D,Digital (Binary),Delivery,C,Cash,2015,Previous,HMMADC,H,Non-listed and complex listed options,M,Others (miscellaneous),Underlying assets,M,Others (miscellaneous),Option style and type,A,European-Call,Valuation method or trigger,D,Digital (Binary),Delivery,C,Cash,Single,US78463V1070,CNY,USD,CALL,EURO,Digital (Binary),Cash,USD,,,,,,,,,,,,,,,,,,,,,,,,,,,,,,,,,,
1,Other,Option,Non_Standard,UPI,QZPK5XJ0FZZ4,New,,2024-10-11T18:02:37,HMMADC,NA/O Oth Nstd,ESTX BANKS PR.EUR,CNY EUR,Other,European-Call,2021,Current,HMMADC,H,Non-listed and complex listed options,M,Others (miscellaneous),Underlying assets,M,Others (miscellaneous),Option style and type,A,European-Call,Valuation method or trigger,D,Digital (Binary),Delivery,C,Cash,2015,Previous,HMMADC,H,Non-listed and complex listed options,M,Others (miscellaneous),Underlying assets,M,Others (miscellaneous),Option style and type,A,European-Call,Valuation method or trigger,D,Digital (Binary),Delivery,C,Cash,Single,EU0009658426,CNY,EUR,CALL,EURO,Digital (Binary),Cash,,,,,,,,,,,,,,,,,,,,,,,,,,,,,,,,,,,
1,Other,Option,Non_Standard,UPI,QZRCH1914MZW,New,,2024-10-11T18:02:33,HMMADC,NA/O Oth Nstd,COM,CNY USD,Other,European-Call,2021,Current,HMMADC,H,Non-listed and complex listed options,M,Others (miscellaneous),Underlying assets,M,Others (miscellaneous),Option style and type,A,European-Call,Valuation method or trigger,D,Digital (Binary),Delivery,C,Cash,2015,Previous,HMMADC,H,Non-listed and complex listed options,M,Others (miscellaneous),Underlying assets,M,Others (miscellaneous),Option style and type,A,European-Call,Valuation method or trigger,D,Digital (Binary),Delivery,C,Cash,Single,US67066G1040,CNY,USD,CALL,EURO,Digital (Binary),Cash,,,,,,,,,,,,,,,,,,,,,,,,,,,,,,,,,,,
1,Other,Option,Non_Standard,UPI,QZL18Q1TTKQP,New,,2024-10-11T18:02:33,HMMAMC,NA/O Oth Nstd,COM,CNY USD,Other,European-Call,2021,Current,HMMAMC,H,Non-listed and complex listed options,M,Others (miscellaneous),Underlying assets,M,Others (miscellaneous),Option style and type,A,European-Call,Valuation method or trigger,M,Others (miscellaneous),Delivery,C,Cash,2015,Previous,HMMAMC,H,Non-listed and complex listed options,M,Others (miscellaneous),Underlying assets,M,Others (miscellaneous),Option style and type,A,European-Call,Valuation method or trigger,M,Others (miscellaneous),Delivery,C,Cash,Single,US67066G1040,CNY,USD,CALL,EURO,Other,Cash,,,,,,,,,,,,,,,,,,,,,,,,,,,,,,,,,,,
1,Other,Option,Non_Standard,UPI,QZMC883C167T,New,,2024-10-11T18:02:30,HMMADC,NA/O Oth Nstd,HANG SENG CHINA ENTERPRISES INDEX,CNY USD,Other,European-Call,2021,Current,HMMADC,H,Non-listed and complex listed options,M,Others (miscellaneous),Underlying assets,M,Others (miscellaneous),Option style and type,A,European-Call,Valuation method or trigger,D,Digital (Binary),Delivery,C,Cash,2015,Previous,HMMADC,H,Non-listed and complex listed options,M,Others (miscellaneous),Underlying assets,M,Others (miscellaneous),Option style and type,A,European-Call,Valuation method or trigger,D,Digital (Binary),Delivery,C,Cash,Single,HK0000004330,CNY,USD,CALL,EURO,Digital (Binary),Cash,,,,,,,,,,,,,,,,,,,,,,,,,,,,,,,,,,,
1,Other,Option,Non_Standard,UPI,QZMPD2C9TJP1,New,,2024-10-11T18:02:22,HMMADC,NA/O Oth Nstd,CHINA LARGE-CAP ETF,CNY USD,Other,European-Call,2021,Current,HMMADC,H,Non-listed and complex listed options,M,Others (miscellaneous),Underlying assets,M,Others (miscellaneous),Option style and type,A,European-Call,Valuation method or trigger,D,Digital (Binary),Delivery,C,Cash,2015,Previous,HMMADC,H,Non-listed and complex listed options,M,Others (miscellaneous),Underlying assets,M,Others (miscellaneous),Option style and type,A,European-Call,Valuation method or trigger,D,Digital (Binary),Delivery,C,Cash,Single,US4642871846,CNY,USD,CALL,EURO,Digital (Binary),Cash,,,,,,,,,,,,,,,,,,,,,,,,,,,,,,,,,,,
1,Other,Option,Non_Standard,UPI,QZG5QKKD2GDN,New,,2024-11-13T11:14:11,HMMADC,NA/O Oth Nstd,S&P 500 INDEX,CNY USD,Other,European-Call,2021,Current,HMMADC,H,Non-listed and complex listed options,M,Others (miscellaneous),Underlying assets,M,Others (miscellaneous),Option style and type,A,European-Call,Valuation method or trigger,D,Digital (Binary),Delivery,C,Cash,2015,Previous,HMMADC,H,Non-listed and complex listed options,M,Others (miscellaneous),Underlying assets,M,Others (miscellaneous),Option style and type,A,European-Call,Valuation method or trigger,D,Digital (Binary),Delivery,C,Cash,Single,US78378X1072,CNY,USD,CALL,EURO,Digital (Binary),Cash,,USD-SOFR ICE Swap Rate,USD,Single,USD-SOFR ICE Swap Rate,5.0,YEAR,,,,,,,,,,,,,,,,,,,,,,,,,,,,
1,Other,Option,Non_Standard,UPI,QZH45BRX9C17,New,,2024-11-13T11:13:17,HMMADC,NA/O Oth Nstd,S&P 500 INDEX,EUR USD,Other,European-Call,2021,Current,HMMADC,H,Non-listed and complex listed options,M,Others (miscellaneous),Underlying assets,M,Others (miscellaneous),Option style and type,A,European-Call,Valuation method or trigger,D,Digital (Binary),Delivery,C,Cash,2015,Previous,HMMADC,H,Non-listed and complex listed options,M,Others (miscellaneous),Underlying assets,M,Others (miscellaneous),Option style and type,A,European-Call,Valuation method or trigger,D,Digital (Binary),Delivery,C,Cash,Single,US78378X1072,EUR,USD,CALL,EURO,Digital (Binary),Cash,,USD-SOFR ICE Swap Rate,USD,Single,USD-SOFR ICE Swap Rate,10.0,YEAR,,,,,,,,,,,,,,,,,,,,,,,,,,,,
1,Other,Option,Non_Standard,UPI,QZP34N9LKRFR,New,,2024-11-13T11:06:16,HMMADC,NA/O Oth Nstd,S&P 500 INDEX,CNY USD,Other,European-Call,2021,Current,HMMADC,H,Non-listed and complex listed options,M,Others (miscellaneous),Underlying assets,M,Others (miscellaneous),Option style and type,A,European-Call,Valuation method or trigger,D,Digital (Binary),Delivery,C,Cash,2015,Previous,HMMADC,H,Non-listed and complex listed options,M,Others (miscellaneous),Underlying assets,M,Others (miscellaneous),Option style and type,A,European-Call,Valuation method or trigger,D,Digital (Binary),Delivery,C,Cash,Single,US78378X1072,CNY,USD,CALL,EURO,Digital (Binary),Cash,,USD-SOFR ICE Swap Rate,USD,Single,USD-SOFR ICE Swap Rate,10.0,YEAR,,,,,,,,,,,,,,,,,,,,,,,,,,,,
1,Other,Option,Non_Standard,UPI,QZDQ6VQC77X6,New,,2024-11-12T17:35:01,HMMADC,NA/O Oth Nstd,ISHARES PHYSICAL METALS PLC PHYSICAL GOLD USD,EUR USD,Other,European-Call,2021,Current,HMMADC,H,Non-listed and complex listed options,M,Others (miscellaneous),Underlying assets,M,Others (miscellaneous),Option style and type,A,European-Call,Valuation method or trigger,D,Digital (Binary),Delivery,C,Cash,2015,Previous,HMMADC,H,Non-listed and complex listed options,M,Others (miscellaneous),Underlying assets,M,Others (miscellaneous),Option style and type,A,European-Call,Valuation method or trigger,D,Digital (Binary),Delivery,C,Cash,Single,IE00B4ND3602,EUR,USD,CALL,EURO,Digital (Binary),Cash,USD,,,,,,,,,,,,,,,,,,,,,,,,,,,,,,,,,,
1,Other,Option,Non_Standard,UPI,QZRLFJ1VV11P,New,,2024-11-12T16:51:09,HMMADC,NA/O Oth Nstd,S&P 500 INDEX,TWD USD,Other,European-Call,2021,Current,HMMADC,H,Non-listed and complex listed options,M,Others (miscellaneous),Underlying assets,M,Others (miscellaneous),Option style and type,A,European-Call,Valuation method or trigger,D,Digital (Binary),Delivery,C,Cash,2015,Previous,HMMADC,H,Non-listed and complex listed options,M,Others (miscellaneous),Underlying assets,M,Others (miscellaneous),Option style and type,A,European-Call,Valuation method or trigger,D,Digital (Binary),Delivery,C,Cash,Single,US78378X1072,TWD,USD,CALL,EURO,Digital (Binary),Cash,,,,,,,,,,,,,,,,,,,,,,,,,,,,,,,,,,,
1,Other,Option,Non_Standard,UPI,QZPRM060QW95,New,,2024-11-01T13:06:53,HMMDDC,NA/O Oth Nstd,S&P 500 INDEX,EUR USD,Other,European-Put,2021,Current,HMMDDC,H,Non-listed and complex listed options,M,Others (miscellaneous),Underlying assets,M,Others (miscellaneous),Option style and type,D,European-Put,Valuation method or trigger,D,Digital (Binary),Delivery,C,Cash,2015,Previous,HMMDDC,H,Non-listed and complex listed options,M,Others (miscellaneous),Underlying assets,M,Others (miscellaneous),Option style and type,D,European-Put,Valuation method or trigger,D,Digital (Binary),Delivery,C,Cash,Single,US78378X1072,EUR,USD,PUTO,EURO,Digital (Binary),Cash,,,,,,,,,,,,,,,,,,,,,,,,,,,,,,,,,,,
1,Other,Option,Non_Standard,UPI,QZHXJLFJKR9D,New,,2024-10-31T06:31:53,HMMADC,NA/O Oth Nstd,KOSPI 200,KRW USD,Other,European-Call,2021,Current,HMMADC,H,Non-listed and complex listed options,M,Others (miscellaneous),Underlying assets,M,Others (miscellaneous),Option style and type,A,European-Call,Valuation method or trigger,D,Digital (Binary),Delivery,C,Cash,2015,Previous,HMMADC,H,Non-listed and complex listed options,M,Others (miscellaneous),Underlying assets,M,Others (miscellaneous),Option style and type,A,European-Call,Valuation method or trigger,D,Digital (Binary),Delivery,C,Cash,Single,KRD020020016,KRW,USD,CALL,EURO,Digital (Binary),Cash,,,,,,,,,,,,,,,,,,,,,,,,,,,,,,,,,,,
1,Other,Option,Non_Standard,UPI,QZH7X0D398ZL,New,,2024-10-30T17:29:43,HMMADC,NA/O Oth Nstd,,USD XAU,Other,European-Call,2021,Current,HMMADC,H,Non-listed and complex listed options,M,Others (miscellaneous),Underlying assets,M,Others (miscellaneous),Option style and type,A,European-Call,Valuation method or trigger,D,Digital (Binary),Delivery,C,Cash,2015,Previous,HMMADC,H,Non-listed and complex listed options,M,Others (miscellaneous),Underlying assets,M,Others (miscellaneous),Option style and type,A,European-Call,Valuation method or trigger,D,Digital (Binary),Delivery,C,Cash,,,USD,XAU,CALL,EURO,Digital (Binary),Cash,,USD-SOFR ICE Swap Rate,USD,Single,USD-SOFR ICE Swap Rate,10.0,YEAR,,,,,,,,,,,,,,,,,,,,,,,,,,,,
1,Other,Option,Non_Standard,UPI,QZ3C2GL7NSW3,New,,2024-10-30T17:29:03,HMMADC,NA/O Oth Nstd,,CNY USD,Other,European-Call,2021,Current,HMMADC,H,Non-listed and complex listed options,M,Others (miscellaneous),Underlying assets,M,Others (miscellaneous),Option style and type,A,European-Call,Valuation method or trigger,D,Digital (Binary),Delivery,C,Cash,2015,Previous,HMMADC,H,Non-listed and complex listed options,M,Others (miscellaneous),Underlying assets,M,Others (miscellaneous),Option style and type,A,European-Call,Valuation method or trigger,D,Digital (Binary),Delivery,C,Cash,,,CNY,USD,CALL,EURO,Digital (Binary),Cash,,USD-SOFR ICE Swap Rate,USD,Single,USD-SOFR ICE Swap Rate,30.0,YEAR,,,,,,,,,,,,,,,,,,,,,,,,,,,,
1,Other,Option,Non_Standard,UPI,QZWBX3QHQ9SG,New,,2024-10-30T17:22:48,HMMADC,NA/O Oth Nstd,,CNY USD,Other,European-Call,2021,Current,HMMADC,H,Non-listed and complex listed options,M,Others (miscellaneous),Underlying assets,M,Others (miscellaneous),Option style and type,A,European-Call,Valuation method or trigger,D,Digital (Binary),Delivery,C,Cash,2015,Previous,HMMADC,H,Non-listed and complex listed options,M,Others (miscellaneous),Underlying assets,M,Others (miscellaneous),Option style and type,A,European-Call,Valuation method or trigger,D,Digital (Binary),Delivery,C,Cash,,,CNY,USD,CALL,EURO,Digital (Binary),Cash,,USD-SOFR ICE Swap Rate,USD,Single,USD-SOFR ICE Swap Rate,10.0,YEAR,,,,,,,,,,,,,,,,,,,,,,,,,,,,
1,Other,Option,Non_Standard,UPI,QZBCHR3HGC2Q,New,,2025-11-25T09:49:25,HMMAMC,NA/O Oth Nstd,NDX1,,Other,European-Call,2021,Current,HMMAMC,H,Non-listed and complex listed options,M,Others (miscellaneous),Underlying assets,M,Others (miscellaneous),Option style and type,A,European-Call,Valuation method or trigger,M,Others (miscellaneous),Delivery,C,Cash,2015,Previous,HMMAMC,H,Non-listed and complex listed options,M,Others (miscellaneous),Underlying assets,M,Others (miscellaneous),Option style and type,A,European-Call,Valuation method or trigger,M,Others (miscellaneous),Delivery,C,Cash,Single,US6311011026,,,CALL,EURO,Other,Cash,,USD-SOFR ICE Swap Rate,USD,Single,USD-SOFR ICE Swap Rate,2.0,YEAR,,,,,,,,,,,,,,,,,,,,,,,,,,,,
1,Other,Option,Non_Standard,UPI,QZ6RW99KDVXB,New,,2025-11-25T08:02:33,HMMADC,NA/O Oth Nstd,HANG SENG CHINA ENTERPRISES INDEX,TWD USD,Other,European-Call,2021,Current,HMMADC,H,Non-listed and complex listed options,M,Others (miscellaneous),Underlying assets,M,Others (miscellaneous),Option style and type,A,European-Call,Valuation method or trigger,D,Digital (Binary),Delivery,C,Cash,2015,Previous,HMMADC,H,Non-listed and complex listed options,M,Others (miscellaneous),Underlying assets,M,Others (miscellaneous),Option style and type,A,European-Call,Valuation method or trigger,D,Digital (Binary),Delivery,C,Cash,Single,HK0000004330,TWD,USD,CALL,EURO,Digital (Binary),Cash,USD,,,,,,,,,,,,,,,,,,,,,,,,,,,,,,,,,,
1,Other,Option,Non_Standard,UPI,QZR1PR3JNL6L,New,,2025-11-25T03:13:17,HMMADC,NA/O Oth Nstd,HANG SENG CHINA ENTERPRISES INDEX,TWD USD,Other,European-Call,2021,Current,HMMADC,H,Non-listed and complex listed options,M,Others (miscellaneous),Underlying assets,M,Others (miscellaneous),Option style and type,A,European-Call,Valuation method or trigger,D,Digital (Binary),Delivery,C,Cash,2015,Previous,HMMADC,H,Non-listed and complex listed options,M,Others (miscellaneous),Underlying assets,M,Others (miscellaneous),Option style and type,A,European-Call,Valuation method or trigger,D,Digital (Binary),Delivery,C,Cash,Single,HK0000004330,TWD,USD,CALL,EURO,Digital (Binary),Cash,,,,,,,,,,,,,,,,,,,,,,,,,,,,,,,,,,,
1,Other,Option,Non_Standard,UPI,QZVHJ7065LRS,New,,2025-11-24T10:13:47,HMMADC,NA/O Oth Nstd,KOSPI 200,USD XAU,Other,European-Call,2021,Current,HMMADC,H,Non-listed and complex listed options,M,Others (miscellaneous),Underlying assets,M,Others (miscellaneous),Option style and type,A,European-Call,Valuation method or trigger,D,Digital (Binary),Delivery,C,Cash,2015,Previous,HMMADC,H,Non-listed and complex listed options,M,Others (miscellaneous),Underlying assets,M,Others (miscellaneous),Option style and type,A,European-Call,Valuation method or trigger,D,Digital (Binary),Delivery,C,Cash,Single,KRD020020016,USD,XAU,CALL,EURO,Digital (Binary),Cash,USD,,,,,,,,,,,,,,,,,,,,,,,,,,,,,,,,,,
1,Other,Option,Non_Standard,UPI,QZ4LJ2F14JNX,New,,2025-11-24T04:27:30,HMMADC,NA/O Oth Nstd,KOSPI 200,USD XAU,Other,European-Call,2021,Current,HMMADC,H,Non-listed and complex listed options,M,Others (miscellaneous),Underlying assets,M,Others (miscellaneous),Option style and type,A,European-Call,Valuation method or trigger,D,Digital (Binary),Delivery,C,Cash,2015,Previous,HMMADC,H,Non-listed and complex listed options,M,Others (miscellaneous),Underlying assets,M,Others (miscellaneous),Option style and type,A,European-Call,Valuation method or trigger,D,Digital (Binary),Delivery,C,Cash,Single,KRD020020016,USD,XAU,CALL,EURO,Digital (Binary),Cash,,,,,,,,,,,,,,,,,,,,,,,,,,,,,,,,,,,
1,Other,Option,Non_Standard,UPI,QZFVCXPMXP5X,New,,2025-05-21T12:53:13,HMMADC,NA/O Oth Nstd,,EUR USD,Other,European-Call,2021,Current,HMMADC,H,Non-listed and complex listed options,M,Others (miscellaneous),Underlying assets,M,Others (miscellaneous),Option style and type,A,European-Call,Valuation method or trigger,D,Digital (Binary),Delivery,C,Cash,2015,Previous,HMMADC,H,Non-listed and complex listed options,M,Others (miscellaneous),Underlying assets,M,Others (miscellaneous),Option style and type,A,European-Call,Valuation method or trigger,D,Digital (Binary),Delivery,C,Cash,,,EUR,USD,CALL,EURO,Digital (Binary),Cash,,EUR-ISDA-EURIBOR Swap Rate-11:00,EUR,Single,EUR-ISDA-EURIBOR Swap Rate-11:00,10.0,YEAR,,,,,,,,,,,,,,,,,,,,,,,,,,,,
1,Other,Option,Non_Standard,UPI,QZJBHHZBQBNJ,New,,2025-05-21T12:52:37,HMMADC,NA/O Oth Nstd,,USD XAU,Other,European-Call,2021,Current,HMMADC,H,Non-listed and complex listed options,M,Others (miscellaneous),Underlying assets,M,Others (miscellaneous),Option style and type,A,European-Call,Valuation method or trigger,D,Digital (Binary),Delivery,C,Cash,2015,Previous,HMMADC,H,Non-listed and complex listed options,M,Others (miscellaneous),Underlying assets,M,Others (miscellaneous),Option style and type,A,European-Call,Valuation method or trigger,D,Digital (Binary),Delivery,C,Cash,,,USD,XAU,CALL,EURO,Digital (Binary),Cash,,USD-SOFR ICE Swap Rate,USD,Single,USD-SOFR ICE Swap Rate,5.0,YEAR,,,,,,,,,,,,,,,,,,,,,,,,,,,,
1,Other,Option,Non_Standard,UPI,QZ80RXFQZJ1Z,New,,2025-05-21T12:52:27,HMMADC,NA/O Oth Nstd,Basket,,Other,European-Call,2021,Current,HMMADC,H,Non-listed and complex listed options,M,Others (miscellaneous),Underlying assets,M,Others (miscellaneous),Option style and type,A,European-Call,Valuation method or trigger,D,Digital (Binary),Delivery,C,Cash,2015,Previous,HMMADC,H,Non-listed and complex listed options,M,Others (miscellaneous),Underlying assets,M,Others (miscellaneous),Option style and type,A,European-Call,Valuation method or trigger,D,Digital (Binary),Delivery,C,Cash,Basket,,,,CALL,EURO,Digital (Binary),Cash,,USD-SOFR ICE Swap Rate,USD,Single,USD-SOFR ICE Swap Rate,10.0,YEAR,,,,,,,,,,,,,,,,,,,,,,,,,,,,
1,Other,Option,Non_Standard,UPI,QZGHD2LLB0LC,New,,2025-05-21T12:48:38,HMMADC,NA/O Oth Nstd,OMX STOCKHOLM 30,,Other,European-Call,2021,Current,HMMADC,H,Non-listed and complex listed options,M,Others (miscellaneous),Underlying assets,M,Others (miscellaneous),Option style and type,A,European-Call,Valuation method or trigger,D,Digital (Binary),Delivery,C,Cash,2015,Previous,HMMADC,H,Non-listed and complex listed options,M,Others (miscellaneous),Underlying assets,M,Others (miscellaneous),Option style and type,A,European-Call,Valuation method or trigger,D,Digital (Binary),Delivery,C,Cash,Single,SE0000337842,,,CALL,EURO,Digital (Binary),Cash,,EUR-ISDA-EURIBOR Swap Rate-11:00,USD,Single,EUR-ISDA-EURIBOR Swap Rate-11:00,10.0,YEAR,,,,,,,,,,,,,,,,,,,,,,,,,,,,
1,Other,Option,Non_Standard,UPI,QZM978V0GLBQ,New,,2025-05-21T12:48:13,HMMADC,NA/O Oth Nstd,STOXX Europe Mid 200 STXE Mid 200 EUR (Price),,Other,European-Call,2021,Current,HMMADC,H,Non-listed and complex listed options,M,Others (miscellaneous),Underlying assets,M,Others (miscellaneous),Option style and type,A,European-Call,Valuation method or trigger,D,Digital (Binary),Delivery,C,Cash,2015,Previous,HMMADC,H,Non-listed and complex listed options,M,Others (miscellaneous),Underlying assets,M,Others (miscellaneous),Option style and type,A,European-Call,Valuation method or trigger,D,Digital (Binary),Delivery,C,Cash,Single,CH0009107191,,,CALL,EURO,Digital (Binary),Cash,,EUR-ISDA-EURIBOR Swap Rate-11:00,EUR,Single,EUR-ISDA-EURIBOR Swap Rate-11:00,10.0,YEAR,,,,,,,,,,,,,,,,,,,,,,,,,,,,
1,Other,Option,Non_Standard,UPI,QZWKWK714NMB,New,,2024-08-12T13:51:12,HMMBVP,NA/O Oth Nstd,,,Other,American-Call,2021,Current,HMMBVP,H,Non-listed and complex listed options,M,Others (miscellaneous),Underlying assets,M,Others (miscellaneous),Option style and type,B,American-Call,Valuation method or trigger,V,Vanilla,Delivery,P,Physical,2015,Previous,HMMBVP,H,Non-listed and complex listed options,M,Others (miscellaneous),Underlying assets,M,Others (miscellaneous),Option style and type,B,American-Call,Valuation method or trigger,V,Vanilla,Delivery,P,Physical,,,,,CALL,AMER,Vanilla,Physical,,,,,,,,,,,,,,CONVERTIBLE JPY,Single,,,,,,,,,,,,,XS2829204762,SNDB,,,,,,
1,Other,Option,Non_Standard,UPI,QZGPHM8M3TXJ,New,,2024-07-30T08:07:49,HMMADC,NA/O Oth Nstd,ESTX BANKS PR.EUR,CNY EUR,Other,European-Call,2021,Current,HMMADC,H,Non-listed and complex listed options,M,Others (miscellaneous),Underlying assets,M,Others (miscellaneous),Option style and type,A,European-Call,Valuation method or trigger,D,Digital (Binary),Delivery,C,Cash,2015,Previous,HMMADC,H,Non-listed and complex listed options,M,Others (miscellaneous),Underlying assets,M,Others (miscellaneous),Option style and type,A,European-Call,Valuation method or trigger,D,Digital (Binary),Delivery,C,Cash,Single,EU0009658426,CNY,EUR,CALL,EURO,Digital (Binary),Cash,EUR,,,,,,,,,,,,,,,,,,,,,,,,,,,,,,,,,,
1,Other,Option,Non_Standard,UPI,QZ98FCM60VLG,New,,2024-07-29T17:47:31,HMMADC,NA/O Oth Nstd,NDX1,CNY USD,Other,European-Call,2021,Current,HMMADC,H,Non-listed and complex listed options,M,Others (miscellaneous),Underlying assets,M,Others (miscellaneous),Option style and type,A,European-Call,Valuation method or trigger,D,Digital (Binary),Delivery,C,Cash,2015,Previous,HMMADC,H,Non-listed and complex listed options,M,Others (miscellaneous),Underlying assets,M,Others (miscellaneous),Option style and type,A,European-Call,Valuation method or trigger,D,Digital (Binary),Delivery,C,Cash,Single,US6311011026,CNY,USD,CALL,EURO,Digital (Binary),Cash,USD,,,,,,,,,,,,,,,,,,,,,,,,,,,,,,,,,,
1,Other,Option,Non_Standard,UPI,QZMSKX1MRL7G,New,,2024-07-26T10:01:37,HMMADC,NA/O Oth Nstd,Basket,JPY USD,Other,European-Call,2021,Current,HMMADC,H,Non-listed and complex listed options,M,Others (miscellaneous),Underlying assets,M,Others (miscellaneous),Option style and type,A,European-Call,Valuation method or trigger,D,Digital (Binary),Delivery,C,Cash,2015,Previous,HMMADC,H,Non-listed and complex listed options,M,Others (miscellaneous),Underlying assets,M,Others (miscellaneous),Option style and type,A,European-Call,Valuation method or trigger,D,Digital (Binary),Delivery,C,Cash,Basket,,JPY,USD,CALL,EURO,Digital (Binary),Cash,USD,,,,,,,,,,,,,,,,,,,,,,,,,,,,,,,,,,
1,Other,Option,Non_Standard,UPI,QZJC73DFM052,New,,2024-07-25T20:22:14,HMMAVC,NA/O Oth Nstd,S&P 500 INDEX,,Other,European-Call,2021,Current,HMMAVC,H,Non-listed and complex listed options,M,Others (miscellaneous),Underlying assets,M,Others (miscellaneous),Option style and type,A,European-Call,Valuation method or trigger,V,Vanilla,Delivery,C,Cash,2015,Previous,HMMAVC,H,Non-listed and complex listed options,M,Others (miscellaneous),Underlying assets,M,Others (miscellaneous),Option style and type,A,European-Call,Valuation method or trigger,V,Vanilla,Delivery,C,Cash,Single,US78378X1072,,,CALL,EURO,Vanilla,Cash,,USD-SOFR ICE Swap Rate,USD,Single,USD-SOFR ICE Swap Rate,30.0,YEAR,,,,,,,,,,,,,,,,,,,,,,,,,,,,
1,Other,Option,Non_Standard,UPI,QZN45HJPRXH3,New,,2024-10-30T17:21:36,HMMADC,NA/O Oth Nstd,DEUTSCHE BORSE DAX INDEX,,Other,European-Call,2021,Current,HMMADC,H,Non-listed and complex listed options,M,Others (miscellaneous),Underlying assets,M,Others (miscellaneous),Option style and type,A,European-Call,Valuation method or trigger,D,Digital (Binary),Delivery,C,Cash,2015,Previous,HMMADC,H,Non-listed and complex listed options,M,Others (miscellaneous),Underlying assets,M,Others (miscellaneous),Option style and type,A,European-Call,Valuation method or trigger,D,Digital (Binary),Delivery,C,Cash,Single,DE0008469008,,,CALL,EURO,Digital (Binary),Cash,,USD-SOFR ICE Swap Rate,USD,Single,USD-SOFR ICE Swap Rate,5.0,YEAR,,,,,,,,,,,,,,,,,,,,,,,,,,,,
1,Other,Option,Non_Standard,UPI,QZ6CPC90F7ZZ,New,,2024-10-28T15:00:11,HMMDVC,NA/O Oth Nstd,No name obtainable,,Other,European-Put,2021,Current,HMMDVC,H,Non-listed and complex listed options,M,Others (miscellaneous),Underlying assets,M,Others (miscellaneous),Option style and type,D,European-Put,Valuation method or trigger,V,Vanilla,Delivery,C,Cash,2015,Previous,HMMDVC,H,Non-listed and complex listed options,M,Others (miscellaneous),Underlying assets,M,Others (miscellaneous),Option style and type,D,European-Put,Valuation method or trigger,V,Vanilla,Delivery,C,Cash,Single,US6488151084,,,PUTO,EURO,Vanilla,Cash,,USD-SOFR ICE Swap Rate,USD,Single,USD-SOFR ICE Swap Rate,10.0,YEAR,,,,,,,,,,,,,,,,,,,,,,,,,,,,
1,Other,Option,Non_Standard,UPI,QZ1TQNTZNNGS,New,,2024-10-25T18:24:21,HMMGBC,NA/O Oth Nstd,,CNY EUR,Other,European-Chooser,2021,Current,HMMGBC,H,Non-listed and complex listed options,M,Others (miscellaneous),Underlying assets,M,Others (miscellaneous),Option style and type,G,European-Chooser,Valuation method or trigger,B,Barrier,Delivery,C,Cash,2015,Previous,HMMGBC,H,Non-listed and complex listed options,M,Others (miscellaneous),Underlying assets,M,Others (miscellaneous),Option style and type,G,European-Chooser,Valuation method or trigger,B,Barrier,Delivery,C,Cash,,,CNY,EUR,OPTL,EURO,Barrier,Cash,EUR,,,,,,,,,,,,,,,,,,,,,,,,,,,,,,,,,,
1,Other,Option,Non_Standard,UPI,QZ2XCH5QTXK4,New,,2024-10-23T12:30:05,HMMADC,NA/O Oth Nstd,FINANCIAL,MXN USD,Other,European-Call,2021,Current,HMMADC,H,Non-listed and complex listed options,M,Others (miscellaneous),Underlying assets,M,Others (miscellaneous),Option style and type,A,European-Call,Valuation method or trigger,D,Digital (Binary),Delivery,C,Cash,2015,Previous,HMMADC,H,Non-listed and complex listed options,M,Others (miscellaneous),Underlying assets,M,Others (miscellaneous),Option style and type,A,European-Call,Valuation method or trigger,D,Digital (Binary),Delivery,C,Cash,Single,US81369Y6059,MXN,USD,CALL,EURO,Digital (Binary),Cash,,,,,,,,,,,,,,,,,,,,,,,,,,,,,,,,,,,
1,Other,Option,Non_Standard,UPI,QZ5L6D9MHGX1,New,,2024-10-22T03:00:04,HMMADC,NA/O Oth Nstd,No name obtainable,USD XAU,Other,European-Call,2021,Current,HMMADC,H,Non-listed and complex listed options,M,Others (miscellaneous),Underlying assets,M,Others (miscellaneous),Option style and type,A,European-Call,Valuation method or trigger,D,Digital (Binary),Delivery,C,Cash,2015,Previous,HMMADC,H,Non-listed and complex listed options,M,Others (miscellaneous),Underlying assets,M,Others (miscellaneous),Option style and type,A,European-Call,Valuation method or trigger,D,Digital (Binary),Delivery,C,Cash,Single,US6488151084,USD,XAU,CALL,EURO,Digital (Binary),Cash,USD,USD-SOFR ICE Swap Rate,USD,Single,USD-SOFR ICE Swap Rate,30.0,YEAR,,,,,,,,,,,,,,,,,,,,,,,,,,,,
1,Other,Option,Non_Standard,UPI,QZPDWDFV1428,New,,2024-10-15T03:57:29,HMMADC,NA/O Oth Nstd,No name obtainable,EUR USD,Other,European-Call,2021,Current,HMMADC,H,Non-listed and complex listed options,M,Others (miscellaneous),Underlying assets,M,Others (miscellaneous),Option style and type,A,European-Call,Valuation method or trigger,D,Digital (Binary),Delivery,C,Cash,2015,Previous,HMMADC,H,Non-listed and complex listed options,M,Others (miscellaneous),Underlying assets,M,Others (miscellaneous),Option style and type,A,European-Call,Valuation method or trigger,D,Digital (Binary),Delivery,C,Cash,Single,US6488151084,EUR,USD,CALL,EURO,Digital (Binary),Cash,EUR,,,,,,,,,,,,,,,,,,,,,,,,,,,,,,,,,,
1,Other,Option,Non_Standard,UPI,QZZK3FFDN4DX,New,,2024-10-11T18:06:54,HMMADC,NA/O Oth Nstd,PHYSICAL GOLD SECURITIES ETF USD,CNY USD,Other,European-Call,2021,Current,HMMADC,H,Non-listed and complex listed options,M,Others (miscellaneous),Underlying assets,M,Others (miscellaneous),Option style and type,A,European-Call,Valuation method or trigger,D,Digital (Binary),Delivery,C,Cash,2015,Previous,HMMADC,H,Non-listed and complex listed options,M,Others (miscellaneous),Underlying assets,M,Others (miscellaneous),Option style and type,A,European-Call,Valuation method or trigger,D,Digital (Binary),Delivery,C,Cash,Single,JE00B1VS3770,CNY,USD,CALL,EURO,Digital (Binary),Cash,,,,,,,,,,,,,,,,,,,,,,,,,,,,,,,,,,,
1,Other,Option,Non_Standard,UPI,QZ2ZQXPS99V3,New,,2024-10-11T18:03:02,HMMADC,NA/O Oth Nstd,ESTX BANKS PR.EUR,CNY USD,Other,European-Call,2021,Current,HMMADC,H,Non-listed and complex listed options,M,Others (miscellaneous),Underlying assets,M,Others (miscellaneous),Option style and type,A,European-Call,Valuation method or trigger,D,Digital (Binary),Delivery,C,Cash,2015,Previous,HMMADC,H,Non-listed and complex listed options,M,Others (miscellaneous),Underlying assets,M,Others (miscellaneous),Option style and type,A,European-Call,Valuation method or trigger,D,Digital (Binary),Delivery,C,Cash,Single,EU0009658426,CNY,USD,CALL,EURO,Digital (Binary),Cash,,,,,,,,,,,,,,,,,,,,,,,,,,,,,,,,,,,
1,Other,Option,Non_Standard,UPI,QZB6FQT10GQJ,New,,2024-10-11T18:02:59,HMMADC,NA/O Oth Nstd,KOSPI 200,CNY USD,Other,European-Call,2021,Current,HMMADC,H,Non-listed and complex listed options,M,Others (miscellaneous),Underlying assets,M,Others (miscellaneous),Option style and type,A,European-Call,Valuation method or trigger,D,Digital (Binary),Delivery,C,Cash,2015,Previous,HMMADC,H,Non-listed and complex listed options,M,Others (miscellaneous),Underlying assets,M,Others (miscellaneous),Option style and type,A,European-Call,Valuation method or trigger,D,Digital (Binary),Delivery,C,Cash,Single,KRD020020016,CNY,USD,CALL,EURO,Digital (Binary),Cash,,,,,,,,,,,,,,,,,,,,,,,,,,,,,,,,,,,
1,Other,Option,Non_Standard,UPI,QZR67XZCSMMZ,New,,2024-10-11T18:02:43,HMMADC,NA/O Oth Nstd,Basket,CNY USD,Other,European-Call,2021,Current,HMMADC,H,Non-listed and complex listed options,M,Others (miscellaneous),Underlying assets,M,Others (miscellaneous),Option style and type,A,European-Call,Valuation method or trigger,D,Digital (Binary),Delivery,C,Cash,2015,Previous,HMMADC,H,Non-listed and complex listed options,M,Others (miscellaneous),Underlying assets,M,Others (miscellaneous),Option style and type,A,European-Call,Valuation method or trigger,D,Digital (Binary),Delivery,C,Cash,Basket,,CNY,USD,CALL,EURO,Digital (Binary),Cash,,,,,,,,,,,,,,,,,,,,,,,,,,,,,,,,,,,
1,Other,Option,Non_Standard,UPI,QZX0GN646TCF,New,,2024-07-24T18:44:05,HMMADC,NA/O Oth Nstd,INDEX,,Other,European-Call,2021,Current,HMMADC,H,Non-listed and complex listed options,M,Others (miscellaneous),Underlying assets,M,Others (miscellaneous),Option style and type,A,European-Call,Valuation method or trigger,D,Digital (Binary),Delivery,C,Cash,2015,Previous,HMMADC,H,Non-listed and complex listed options,M,Others (miscellaneous),Underlying assets,M,Others (miscellaneous),Option style and type,A,European-Call,Valuation method or trigger,D,Digital (Binary),Delivery,C,Cash,Single,US7827001089,,,CALL,EURO,Digital (Binary),Cash,,USD-SOFR ICE Swap Rate,USD,Single,USD-SOFR ICE Swap Rate,5.0,YEAR,,,,,,,,,,,,,,,,,,,,,,,,,,,,
1,Other,Option,Non_Standard,UPI,QZF9WRT6CGZS,New,,2024-07-24T14:04:07,HMMDVC,NA/O Oth Nstd,,TRY USD,Other,European-Put,2021,Current,HMMDVC,H,Non-listed and complex listed options,M,Others (miscellaneous),Underlying assets,M,Others (miscellaneous),Option style and type,D,European-Put,Valuation method or trigger,V,Vanilla,Delivery,C,Cash,2015,Previous,HMMDVC,H,Non-listed and complex listed options,M,Others (miscellaneous),Underlying assets,M,Others (miscellaneous),Option style and type,D,European-Put,Valuation method or trigger,V,Vanilla,Delivery,C,Cash,,,TRY,USD,PUTO,EURO,Vanilla,Cash,USD,,,,,,,,,,,,,,,,,,,,,,,,,,United States,,,,,,,,
1,Other,Option,Non_Standard,UPI,QZ2M8H38K5PF,New,,2024-07-24T14:01:35,HMMAVC,NA/O Oth Nstd,,TRY USD,Other,European-Call,2021,Current,HMMAVC,H,Non-listed and complex listed options,M,Others (miscellaneous),Underlying assets,M,Others (miscellaneous),Option style and type,A,European-Call,Valuation method or trigger,V,Vanilla,Delivery,C,Cash,2015,Previous,HMMAVC,H,Non-listed and complex listed options,M,Others (miscellaneous),Underlying assets,M,Others (miscellaneous),Option style and type,A,European-Call,Valuation method or trigger,V,Vanilla,Delivery,C,Cash,,,TRY,USD,CALL,EURO,Vanilla,Cash,USD,,,,,,,,,,,,,,,,,,,,,,,,,,United States,,,,,,,,
1,Other,Option,Non_Standard,UPI,QZ1JQNWFP72H,New,,2024-07-24T13:20:39,HMMDVC,NA/O Oth Nstd,,EUR USD,Other,European-Put,2021,Current,HMMDVC,H,Non-listed and complex listed options,M,Others (miscellaneous),Underlying assets,M,Others (miscellaneous),Option style and type,D,European-Put,Valuation method or trigger,V,Vanilla,Delivery,C,Cash,2015,Previous,HMMDVC,H,Non-listed and complex listed options,M,Others (miscellaneous),Underlying assets,M,Others (miscellaneous),Option style and type,D,European-Put,Valuation method or trigger,V,Vanilla,Delivery,C,Cash,,,EUR,USD,PUTO,EURO,Vanilla,Cash,USD,,,,,,,,,,,,,,,,,,,,,,,,,,United Kingdom,,,,,,,,
1,Other,Option,Non_Standard,UPI,QZDSPSS0BM4L,New,,2024-07-23T10:45:33,HMMADC,NA/O Oth Nstd,PHYSICAL GOLD SECURITIES ETF USD,CNY USD,Other,European-Call,2021,Current,HMMADC,H,Non-listed and complex listed options,M,Others (miscellaneous),Underlying assets,M,Others (miscellaneous),Option style and type,A,European-Call,Valuation method or trigger,D,Digital (Binary),Delivery,C,Cash,2015,Previous,HMMADC,H,Non-listed and complex listed options,M,Others (miscellaneous),Underlying assets,M,Others (miscellaneous),Option style and type,A,European-Call,Valuation method or trigger,D,Digital (Binary),Delivery,C,Cash,Single,JE00B1VS3770,CNY,USD,CALL,EURO,Digital (Binary),Cash,USD,,,,,,,,,,,,,,,,,,,,,,,,,,,,,,,,,,
1,Other,Option,Non_Standard,UPI,QZQ0LQLGD2S5,New,,2024-03-16T10:48:53,HMMDMC,NA/O Oth Nstd,B3L,,Other,European-Put,2021,Current,HMMDMC,H,Non-listed and complex listed options,M,Others (miscellaneous),Underlying assets,M,Others (miscellaneous),Option style and type,D,European-Put,Valuation method or trigger,M,Others (miscellaneous),Delivery,C,Cash,2015,Previous,HMMDMC,H,Non-listed and complex listed options,M,Others (miscellaneous),Underlying assets,M,Others (miscellaneous),Option style and type,D,European-Put,Valuation method or trigger,M,Others (miscellaneous),Delivery,C,Cash,Single,,,,PUTO,EURO,Other,Cash,,,,,,,,,,,,,,,,,,,,,,,,,,,,,,B3L,,,,,
1,Other,Option,Non_Standard,UPI,QZSTLNNXWH1J,New,,2024-03-16T10:48:52,HMMDMC,NA/O Oth Nstd,,,Other,European-Put,2021,Current,HMMDMC,H,Non-listed and complex listed options,M,Others (miscellaneous),Underlying assets,M,Others (miscellaneous),Option style and type,D,European-Put,Valuation method or trigger,M,Others (miscellaneous),Delivery,C,Cash,2015,Previous,HMMDMC,H,Non-listed and complex listed options,M,Others (miscellaneous),Underlying assets,M,Others (miscellaneous),Option style and type,D,European-Put,Valuation method or trigger,M,Others (miscellaneous),Delivery,C,Cash,,,,,PUTO,EURO,Other,Cash,,Basket vs Basket,EUR,Basket,,,,,,,,,GBP,,,,,,,,,,Basket,,,,,,,,,,,,
1,Other,Option,Non_Standard,UPI,QZS01SDP3QN6,New,,2024-03-16T10:48:52,HMMDMC,NA/O Oth Nstd,,,Other,European-Put,2021,Current,HMMDMC,H,Non-listed and complex listed options,M,Others (miscellaneous),Underlying assets,M,Others (miscellaneous),Option style and type,D,European-Put,Valuation method or trigger,M,Others (miscellaneous),Delivery,C,Cash,2015,Previous,HMMDMC,H,Non-listed and complex listed options,M,Others (miscellaneous),Underlying assets,M,Others (miscellaneous),Option style and type,D,European-Put,Valuation method or trigger,M,Others (miscellaneous),Delivery,C,Cash,,,,,PUTO,EURO,Other,Cash,,Basket vs GBP-LIBOR-BBA,EUR,Basket,,,,,,,,,GBP,,,,,,,,,,Single,GBP-LIBOR-BBA,3.0,YEAR,,,,,,,,,
1,Other,Option,Non_Standard,UPI,QZ490286F0CX,New,,2024-03-16T10:48:51,HMMDMN,NA/O Oth Nstd,,,Other,European-Put,2021,Current,HMMDMN,H,Non-listed and complex listed options,M,Others (miscellaneous),Underlying assets,M,Others (miscellaneous),Option style and type,D,European-Put,Valuation method or trigger,M,Others (miscellaneous),Delivery,N,Non-deliverable,2015,Previous,HMMDMN,H,Non-listed and complex listed options,M,Others (miscellaneous),Underlying assets,M,Others (miscellaneous),Option style and type,D,European-Put,Valuation method or trigger,M,Others (miscellaneous),Delivery,N,Non-deliverable,,,,,PUTO,EURO,Other,Non-Deliverable,,EUR-EXT-CPI vs GBP-LIBOR-BBA,EUR,Single,EUR-EXT-CPI,3.0,MNTH,,,,,,GBP,,,,,,,,,,Single,GBP-LIBOR-BBA,3.0,YEAR,,,,,,,,,
1,Other,Option,Non_Standard,UPI,QZVKQV08RR88,New,,2024-03-16T10:48:51,HMMDME,NA/O Oth Nstd,,,Other,European-Put,2021,Current,HMMDME,H,Non-listed and complex listed options,M,Others (miscellaneous),Underlying assets,M,Others (miscellaneous),Option style and type,D,European-Put,Valuation method or trigger,M,Others (miscellaneous),Delivery,E,Elect at exercise,2015,Previous,HMMDME,H,Non-listed and complex listed options,M,Others (miscellaneous),Underlying assets,M,Others (miscellaneous),Option style and type,D,European-Put,Valuation method or trigger,M,Others (miscellaneous),Delivery,E,Elect at exercise,,,,,PUTO,EURO,Other,Elect at Exercise,,EUR-EXT-CPI vs GBP-LIBOR-BBA,EUR,Single,EUR-EXT-CPI,3.0,MNTH,,,,,,GBP,,,,,,,,,,Single,GBP-LIBOR-BBA,3.0,YEAR,,,,,,,,,
1,Other,Option,Non_Standard,UPI,QZSZ0K7PFM1C,New,,2024-03-16T10:48:46,HMMDBC,NA/O Oth Nstd,,,Other,European-Put,2021,Current,HMMDBC,H,Non-listed and complex listed options,M,Others (miscellaneous),Underlying assets,M,Others (miscellaneous),Option style and type,D,European-Put,Valuation method or trigger,B,Barrier,Delivery,C,Cash,2015,Previous,HMMDBC,H,Non-listed and complex listed options,M,Others (miscellaneous),Underlying assets,M,Others (miscellaneous),Option style and type,D,European-Put,Valuation method or trigger,B,Barrier,Delivery,C,Cash,,,,,PUTO,EURO,Barrier,Cash,,EUR-EXT-CPI vs GBP-LIBOR-BBA,EUR,Single,EUR-EXT-CPI,3.0,MNTH,,,,,,GBP,,,,,,,,,,Single,GBP-LIBOR-BBA,3.0,YEAR,,,,,,,,,
1,Other,Option,Non_Standard,UPI,QZQ0T3XSDH0B,New,,2024-03-16T10:48:45,HMMDAC,NA/O Oth Nstd,,,Other,European-Put,2021,Current,HMMDAC,H,Non-listed and complex listed options,M,Others (miscellaneous),Underlying assets,M,Others (miscellaneous),Option style and type,D,European-Put,Valuation method or trigger,A,Asian,Delivery,C,Cash,2015,Previous,HMMDAC,H,Non-listed and complex listed options,M,Others (miscellaneous),Underlying assets,M,Others (miscellaneous),Option style and type,D,European-Put,Valuation method or trigger,A,Asian,Delivery,C,Cash,,,,,PUTO,EURO,Asian,Cash,,EUR-EXT-CPI vs GBP-LIBOR-BBA,EUR,Single,EUR-EXT-CPI,3.0,MNTH,,,,,,GBP,,,,,,,,,,Single,GBP-LIBOR-BBA,3.0,YEAR,,,,,,,,,
1,Other,Option,Non_Standard,UPI,QZKSF4D7D963,New,,2024-03-16T10:48:41,HMMFVC,NA/O Oth Nstd,,,Other,Bermudan-Put,2021,Current,HMMFVC,H,Non-listed and complex listed options,M,Others (miscellaneous),Underlying assets,M,Others (miscellaneous),Option style and type,F,Bermudan-Put,Valuation method or trigger,V,Vanilla,Delivery,C,Cash,2015,Previous,HMMFVC,H,Non-listed and complex listed options,M,Others (miscellaneous),Underlying assets,M,Others (miscellaneous),Option style and type,F,Bermudan-Put,Valuation method or trigger,V,Vanilla,Delivery,C,Cash,,,,,PUTO,BERM,Vanilla,Cash,,EUR-EXT-CPI vs GBP-LIBOR-BBA,EUR,Single,EUR-EXT-CPI,3.0,MNTH,,,,,,GBP,,,,,,,,,,Single,GBP-LIBOR-BBA,3.0,YEAR,,,,,,,,,
1,Other,Option,Non_Standard,UPI,QZ83Z89DT70N,New,,2024-03-16T10:48:40,HMMEVC,NA/O Oth Nstd,,,Other,American-Put,2021,Current,HMMEVC,H,Non-listed and complex listed options,M,Others (miscellaneous),Underlying assets,M,Others (miscellaneous),Option style and type,E,American-Put,Valuation method or trigger,V,Vanilla,Delivery,C,Cash,2015,Previous,HMMEVC,H,Non-listed and complex listed options,M,Others (miscellaneous),Underlying assets,M,Others (miscellaneous),Option style and type,E,American-Put,Valuation method or trigger,V,Vanilla,Delivery,C,Cash,,,,,PUTO,AMER,Vanilla,Cash,,EUR-EXT-CPI vs GBP-LIBOR-BBA,EUR,Single,EUR-EXT-CPI,3.0,MNTH,,,,,,GBP,,,,,,,,,,Single,GBP-LIBOR-BBA,3.0,YEAR,,,,,,,,,
1,Other,Option,Non_Standard,UPI,QZJ7L2TXHFRF,New,,2024-03-16T10:48:37,HMMGVC,NA/O Oth Nstd,,,Other,European-Chooser,2021,Current,HMMGVC,H,Non-listed and complex listed options,M,Others (miscellaneous),Underlying assets,M,Others (miscellaneous),Option style and type,G,European-Chooser,Valuation method or trigger,V,Vanilla,Delivery,C,Cash,2015,Previous,HMMGVC,H,Non-listed and complex listed options,M,Others (miscellaneous),Underlying assets,M,Others (miscellaneous),Option style and type,G,European-Chooser,Valuation method or trigger,V,Vanilla,Delivery,C,Cash,,,,,OPTL,EURO,Vanilla,Cash,,EUR-EXT-CPI vs GBP-LIBOR-BBA,EUR,Single,EUR-EXT-CPI,3.0,MNTH,,,,,,GBP,,,,,,,,,,Single,GBP-LIBOR-BBA,3.0,YEAR,,,,,,,,,
1,Other,Option,Non_Standard,UPI,QZ57WVSG9JC9,New,,2024-03-26T19:45:23,HMMHVP,NA/O Oth Nstd,,EUR RON,Other,American-Chooser,2021,Current,HMMHVP,H,Non-listed and complex listed options,M,Others (miscellaneous),Underlying assets,M,Others (miscellaneous),Option style and type,H,American-Chooser,Valuation method or trigger,V,Vanilla,Delivery,P,Physical,2015,Previous,HMMHVP,H,Non-listed and complex listed options,M,Others (miscellaneous),Underlying assets,M,Others (miscellaneous),Option style and type,H,American-Chooser,Valuation method or trigger,V,Vanilla,Delivery,P,Physical,,,EUR,RON,OPTL,AMER,Vanilla,Physical,,,,,,,,,,,,,,,,,,,,,,,,,,,,,,,,,,,
1,Other,Option,Non_Standard,UPI,QZLLGJV4WMMH,New,,2024-03-16T10:49:10,HMMEVC,NA/O Oth Nstd,,,Other,American-Put,2021,Current,HMMEVC,H,Non-listed and complex listed options,M,Others (miscellaneous),Underlying assets,M,Others (miscellaneous),Option style and type,E,American-Put,Valuation method or trigger,V,Vanilla,Delivery,C,Cash,2015,Previous,HMMEVC,H,Non-listed and complex listed options,M,Others (miscellaneous),Underlying assets,M,Others (miscellaneous),Option style and type,E,American-Put,Valuation method or trigger,V,Vanilla,Delivery,C,Cash,,,,,PUTO,AMER,Vanilla,Cash,,,,,,,,SILVER-FIX,USD,Single,SILVER-FIX,AGRI,,,,,,,,,GROS,FWHT,,,,,,,,,,,,,
1,Other,Option,Non_Standard,UPI,QZ1J4H0HK55F,New,,2024-03-16T10:49:08,HMMEVC,NA/O Oth Nstd,,,Other,American-Put,2021,Current,HMMEVC,H,Non-listed and complex listed options,M,Others (miscellaneous),Underlying assets,M,Others (miscellaneous),Option style and type,E,American-Put,Valuation method or trigger,V,Vanilla,Delivery,C,Cash,2015,Previous,HMMEVC,H,Non-listed and complex listed options,M,Others (miscellaneous),Underlying assets,M,Others (miscellaneous),Option style and type,E,American-Put,Valuation method or trigger,V,Vanilla,Delivery,C,Cash,,,,,PUTO,AMER,Vanilla,Cash,,,,,,,,11339-BABXSG01,USD,Single,,AGRI,,,,,,,,,GROS,FWHT,,,,,,,,,11339-BABXSG01,,,,
1,Other,Option,Non_Standard,UPI,QZ74QF9PWJJ2,New,,2024-03-16T10:49:07,HMMEVC,NA/O Oth Nstd,,,Other,American-Put,2021,Current,HMMEVC,H,Non-listed and complex listed options,M,Others (miscellaneous),Underlying assets,M,Others (miscellaneous),Option style and type,E,American-Put,Valuation method or trigger,V,Vanilla,Delivery,C,Cash,2015,Previous,HMMEVC,H,Non-listed and complex listed options,M,Others (miscellaneous),Underlying assets,M,Others (miscellaneous),Option style and type,E,American-Put,Valuation method or trigger,V,Vanilla,Delivery,C,Cash,,,,,PUTO,AMER,Vanilla,Cash,,,,,,,,Basket,USD,Basket,,AGRI,,,,,,,,,GROS,FWHT,,,,,,,,,,,,,
1,Other,Option,Non_Standard,UPI,QZ6CDJBGC09P,New,,2024-03-16T10:49:05,HMMEVC,NA/O Oth Nstd,,,Other,American-Put,2021,Current,HMMEVC,H,Non-listed and complex listed options,M,Others (miscellaneous),Underlying assets,M,Others (miscellaneous),Option style and type,E,American-Put,Valuation method or trigger,V,Vanilla,Delivery,C,Cash,2015,Previous,HMMEVC,H,Non-listed and complex listed options,M,Others (miscellaneous),Underlying assets,M,Others (miscellaneous),Option style and type,E,American-Put,Valuation method or trigger,V,Vanilla,Delivery,C,Cash,,,,,PUTO,AMER,Vanilla,Cash,,,,,,,,OTHER,USD,Single,,AGRI,,,,,,,,,GROS,FWHT,,,,,,,,,,OTHER,,,
1,Other,Option,Non_Standard,UPI,QZVGNZNHRZ0P,New,,2023-11-13T02:14:19,HMMGBC,NA/O Oth Nstd,,KRW USD,Other,European-Chooser,2021,Current,HMMGBC,H,Non-listed and complex listed options,M,Others (miscellaneous),Underlying assets,M,Others (miscellaneous),Option style and type,G,European-Chooser,Valuation method or trigger,B,Barrier,Delivery,C,Cash,2015,Previous,HMMGBC,H,Non-listed and complex listed options,M,Others (miscellaneous),Underlying assets,M,Others (miscellaneous),Option style and type,G,European-Chooser,Valuation method or trigger,B,Barrier,Delivery,C,Cash,,,KRW,USD,OPTL,EURO,Barrier,Cash,USD,,,,,,,,,,,,,,,,,,,,,,,,,,,,,,,,,,
1,Other,Option,Non_Standard,UPI,QZMCRN6XQ8SW,New,,2023-11-13T02:14:19,HMMGBC,NA/O Oth Nstd,,AUD USD,Other,European-Chooser,2021,Current,HMMGBC,H,Non-listed and complex listed options,M,Others (miscellaneous),Underlying assets,M,Others (miscellaneous),Option style and type,G,European-Chooser,Valuation method or trigger,B,Barrier,Delivery,C,Cash,2015,Previous,HMMGBC,H,Non-listed and complex listed options,M,Others (miscellaneous),Underlying assets,M,Others (miscellaneous),Option style and type,G,European-Chooser,Valuation method or trigger,B,Barrier,Delivery,C,Cash,,,AUD,USD,OPTL,EURO,Barrier,Cash,AUD,,,,,,,,,,,,,,,,,,,,,,,,,,,,,,,,,,
1,Other,Option,Non_Standard,UPI,QZCZDWBFXV09,New,,2023-11-13T02:14:19,HMMGBC,NA/O Oth Nstd,,NZD USD,Other,European-Chooser,2021,Current,HMMGBC,H,Non-listed and complex listed options,M,Others (miscellaneous),Underlying assets,M,Others (miscellaneous),Option style and type,G,European-Chooser,Valuation method or trigger,B,Barrier,Delivery,C,Cash,2015,Previous,HMMGBC,H,Non-listed and complex listed options,M,Others (miscellaneous),Underlying assets,M,Others (miscellaneous),Option style and type,G,European-Chooser,Valuation method or trigger,B,Barrier,Delivery,C,Cash,,,NZD,USD,OPTL,EURO,Barrier,Cash,NZD,,,,,,,,,,,,,,,,,,,,,,,,,,,,,,,,,,
1,Other,Option,Non_Standard,UPI,QZ52RMBJBB0G,New,,2023-11-13T02:14:18,HMMGBC,NA/O Oth Nstd,,PHP USD,Other,European-Chooser,2021,Current,HMMGBC,H,Non-listed and complex listed options,M,Others (miscellaneous),Underlying assets,M,Others (miscellaneous),Option style and type,G,European-Chooser,Valuation method or trigger,B,Barrier,Delivery,C,Cash,2015,Previous,HMMGBC,H,Non-listed and complex listed options,M,Others (miscellaneous),Underlying assets,M,Others (miscellaneous),Option style and type,G,European-Chooser,Valuation method or trigger,B,Barrier,Delivery,C,Cash,,,PHP,USD,OPTL,EURO,Barrier,Cash,USD,,,,,,,,,,,,,,,,,,,,,,,,,,,,,,,,,,
1,Other,Option,Non_Standard,UPI,QZ22F99P9N58,New,,2023-11-13T02:14:18,HMMGBC,NA/O Oth Nstd,,EUR JPY,Other,European-Chooser,2021,Current,HMMGBC,H,Non-listed and complex listed options,M,Others (miscellaneous),Underlying assets,M,Others (miscellaneous),Option style and type,G,European-Chooser,Valuation method or trigger,B,Barrier,Delivery,C,Cash,2015,Previous,HMMGBC,H,Non-listed and complex listed options,M,Others (miscellaneous),Underlying assets,M,Others (miscellaneous),Option style and type,G,European-Chooser,Valuation method or trigger,B,Barrier,Delivery,C,Cash,,,EUR,JPY,OPTL,EURO,Barrier,Cash,EUR,,,,,,,,,,,,,,,,,,,,,,,,,,,,,,,,,,
1,Other,Option,Non_Standard,UPI,QZXKLW7S6KTH,New,,2024-10-21T14:25:20,HMMADC,NA/O Oth Nstd,No name obtainable,CNY USD,Other,European-Call,2021,Current,HMMADC,H,Non-listed and complex listed options,M,Others (miscellaneous),Underlying assets,M,Others (miscellaneous),Option style and type,A,European-Call,Valuation method or trigger,D,Digital (Binary),Delivery,C,Cash,2015,Previous,HMMADC,H,Non-listed and complex listed options,M,Others (miscellaneous),Underlying assets,M,Others (miscellaneous),Option style and type,A,European-Call,Valuation method or trigger,D,Digital (Binary),Delivery,C,Cash,Single,US6488151084,CNY,USD,CALL,EURO,Digital (Binary),Cash,USD,,,,,,,,,,,,,,,,,,,,,,,,,,,,,,,,,,
1,Other,Option,Non_Standard,UPI,QZQ6NF7TGZLK,New,,2024-10-21T07:51:47,HMMADC,NA/O Oth Nstd,No name obtainable,MXN USD,Other,European-Call,2021,Current,HMMADC,H,Non-listed and complex listed options,M,Others (miscellaneous),Underlying assets,M,Others (miscellaneous),Option style and type,A,European-Call,Valuation method or trigger,D,Digital (Binary),Delivery,C,Cash,2015,Previous,HMMADC,H,Non-listed and complex listed options,M,Others (miscellaneous),Underlying assets,M,Others (miscellaneous),Option style and type,A,European-Call,Valuation method or trigger,D,Digital (Binary),Delivery,C,Cash,Single,US6488151084,MXN,USD,CALL,EURO,Digital (Binary),Cash,USD,,,,,,,,,,,,,,,,,,,,,,,,,,,,,,,,,,
1,Other,Option,Non_Standard,UPI,QZ8CZ5N674PG,New,,2024-10-16T19:33:51,HMMADC,NA/O Oth Nstd,Basket,EUR USD,Other,European-Call,2021,Current,HMMADC,H,Non-listed and complex listed options,M,Others (miscellaneous),Underlying assets,M,Others (miscellaneous),Option style and type,A,European-Call,Valuation method or trigger,D,Digital (Binary),Delivery,C,Cash,2015,Previous,HMMADC,H,Non-listed and complex listed options,M,Others (miscellaneous),Underlying assets,M,Others (miscellaneous),Option style and type,A,European-Call,Valuation method or trigger,D,Digital (Binary),Delivery,C,Cash,Basket,,EUR,USD,CALL,EURO,Digital (Binary),Cash,USD,,,,,,,,,,,,,,,,,,,,,,,,,,,,,,,,,,
1,Other,Option,Non_Standard,UPI,QZ57FD0W3SJ0,New,,2024-10-16T17:46:52,HMMADC,NA/O Oth Nstd,DEUTSCHE BORSE DAX INDEX,EUR USD,Other,European-Call,2021,Current,HMMADC,H,Non-listed and complex listed options,M,Others (miscellaneous),Underlying assets,M,Others (miscellaneous),Option style and type,A,European-Call,Valuation method or trigger,D,Digital (Binary),Delivery,C,Cash,2015,Previous,HMMADC,H,Non-listed and complex listed options,M,Others (miscellaneous),Underlying assets,M,Others (miscellaneous),Option style and type,A,European-Call,Valuation method or trigger,D,Digital (Binary),Delivery,C,Cash,Single,DE0008469008,EUR,USD,CALL,EURO,Digital (Binary),Cash,USD,,,,,,,,,,,,,,,,,,,,,,,,,,,,,,,,,,
1,Other,Option,Non_Standard,UPI,QZGLPXGQG6JT,New,,2024-10-16T17:44:43,HMMADC,NA/O Oth Nstd,No name obtainable,JPY USD,Other,European-Call,2021,Current,HMMADC,H,Non-listed and complex listed options,M,Others (miscellaneous),Underlying assets,M,Others (miscellaneous),Option style and type,A,European-Call,Valuation method or trigger,D,Digital (Binary),Delivery,C,Cash,2015,Previous,HMMADC,H,Non-listed and complex listed options,M,Others (miscellaneous),Underlying assets,M,Others (miscellaneous),Option style and type,A,European-Call,Valuation method or trigger,D,Digital (Binary),Delivery,C,Cash,Single,US6488151084,JPY,USD,CALL,EURO,Digital (Binary),Cash,USD,,,,,,,,,,,,,,,,,,,,,,,,,,,,,,,,,,
1,Other,Option,Non_Standard,UPI,QZ7H81NW8CF2,New,,2024-10-11T18:02:21,HMMADC,NA/O Oth Nstd,No name obtainable,CNY USD,Other,European-Call,2021,Current,HMMADC,H,Non-listed and complex listed options,M,Others (miscellaneous),Underlying assets,M,Others (miscellaneous),Option style and type,A,European-Call,Valuation method or trigger,D,Digital (Binary),Delivery,C,Cash,2015,Previous,HMMADC,H,Non-listed and complex listed options,M,Others (miscellaneous),Underlying assets,M,Others (miscellaneous),Option style and type,A,European-Call,Valuation method or trigger,D,Digital (Binary),Delivery,C,Cash,Single,US6488151084,CNY,USD,CALL,EURO,Digital (Binary),Cash,,,,,,,,,,,,,,,,,,,,,,,,,,,,,,,,,,,
1,Other,Option,Non_Standard,UPI,QZZX22G84R68,New,,2024-10-11T18:02:19,HMMADC,NA/O Oth Nstd,No name obtainable,CNY USD,Other,European-Call,2021,Current,HMMADC,H,Non-listed and complex listed options,M,Others (miscellaneous),Underlying assets,M,Others (miscellaneous),Option style and type,A,European-Call,Valuation method or trigger,D,Digital (Binary),Delivery,C,Cash,2015,Previous,HMMADC,H,Non-listed and complex listed options,M,Others (miscellaneous),Underlying assets,M,Others (miscellaneous),Option style and type,A,European-Call,Valuation method or trigger,D,Digital (Binary),Delivery,C,Cash,Single,US78463V1070,CNY,USD,CALL,EURO,Digital (Binary),Cash,,,,,,,,,,,,,,,,,,,,,,,,,,,,,,,,,,,
1,Other,Option,Non_Standard,UPI,QZXNKDGLS39R,New,,2024-10-11T17:59:11,HMMADC,NA/O Oth Nstd,No name obtainable,USD XAU,Other,European-Call,2021,Current,HMMADC,H,Non-listed and complex listed options,M,Others (miscellaneous),Underlying assets,M,Others (miscellaneous),Option style and type,A,European-Call,Valuation method or trigger,D,Digital (Binary),Delivery,C,Cash,2015,Previous,HMMADC,H,Non-listed and complex listed options,M,Others (miscellaneous),Underlying assets,M,Others (miscellaneous),Option style and type,A,European-Call,Valuation method or trigger,D,Digital (Binary),Delivery,C,Cash,Single,US6488151084,USD,XAU,CALL,EURO,Digital (Binary),Cash,,,,,,,,,,,,,,,,,,,,,,,,,,,,,,,,,,,
1,Other,Option,Non_Standard,UPI,QZJNX8GB7PMD,New,,2024-10-11T09:31:30,HMMADC,NA/O Oth Nstd,IBOXX $ HIGH YIELD CORP BD ETF,,Other,European-Call,2021,Current,HMMADC,H,Non-listed and complex listed options,M,Others (miscellaneous),Underlying assets,M,Others (miscellaneous),Option style and type,A,European-Call,Valuation method or trigger,D,Digital (Binary),Delivery,C,Cash,2015,Previous,HMMADC,H,Non-listed and complex listed options,M,Others (miscellaneous),Underlying assets,M,Others (miscellaneous),Option style and type,A,European-Call,Valuation method or trigger,D,Digital (Binary),Delivery,C,Cash,Single,US4642885135,,,CALL,EURO,Digital (Binary),Cash,,USD-SOFR ICE Swap Rate,USD,Single,USD-SOFR ICE Swap Rate,5.0,YEAR,,,,,,,,,,,,,,,,,,,,,,,,,,,,
1,Other,Option,Non_Standard,UPI,QZPNXWQLMMHC,New,,2024-10-10T03:37:04,HMMAVP,NA/O Oth Nstd,,,Other,European-Call,2021,Current,HMMAVP,H,Non-listed and complex listed options,M,Others (miscellaneous),Underlying assets,M,Others (miscellaneous),Option style and type,A,European-Call,Valuation method or trigger,V,Vanilla,Delivery,P,Physical,2015,Previous,HMMAVP,H,Non-listed and complex listed options,M,Others (miscellaneous),Underlying assets,M,Others (miscellaneous),Option style and type,A,European-Call,Valuation method or trigger,V,Vanilla,Delivery,P,Physical,,,,,CALL,EURO,Vanilla,Physical,,USD-LIBOR ICE Swap Rate-11:00 vs USD-LIBOR ICE Swap Rate-11:00,USD,Single,USD-LIBOR ICE Swap Rate-11:00,2.0,YEAR,,,,,,,,,,,,,,,,Single,USD-LIBOR ICE Swap Rate-11:00,10.0,YEAR,,,,,,,,,
1,Other,Option,Non_Standard,UPI,QZXBGV331NSF,New,,2024-09-21T00:06:49,HMMADC,NA/O Oth Nstd,COM,EUR USD,Other,European-Call,2021,Current,HMMADC,H,Non-listed and complex listed options,M,Others (miscellaneous),Underlying assets,M,Others (miscellaneous),Option style and type,A,European-Call,Valuation method or trigger,D,Digital (Binary),Delivery,C,Cash,2015,Previous,HMMADC,H,Non-listed and complex listed options,M,Others (miscellaneous),Underlying assets,M,Others (miscellaneous),Option style and type,A,European-Call,Valuation method or trigger,D,Digital (Binary),Delivery,C,Cash,Single,US67066G1040,EUR,USD,CALL,EURO,Digital (Binary),Cash,USD,,,,,,,,,,,,,,,,,,,,,,,,,,,,,,,,,,
1,Other,Option,Non_Standard,UPI,QZ3PS4NWH8CW,New,,2024-09-20T21:31:41,HMMADC,NA/O Oth Nstd,CHINA LARGE-CAP ETF,CNY USD,Other,European-Call,2021,Current,HMMADC,H,Non-listed and complex listed options,M,Others (miscellaneous),Underlying assets,M,Others (miscellaneous),Option style and type,A,European-Call,Valuation method or trigger,D,Digital (Binary),Delivery,C,Cash,2015,Previous,HMMADC,H,Non-listed and complex listed options,M,Others (miscellaneous),Underlying assets,M,Others (miscellaneous),Option style and type,A,European-Call,Valuation method or trigger,D,Digital (Binary),Delivery,C,Cash,Single,US4642871846,CNY,USD,CALL,EURO,Digital (Binary),Cash,USD,,,,,,,,,,,,,,,,,,,,,,,,,,,,,,,,,,
1,Other,Option,Non_Standard,UPI,QZ3QPDKGG26G,New,,2024-09-20T18:49:45,HMMADC,NA/O Oth Nstd,CAC 40,EUR USD,Other,European-Call,2021,Current,HMMADC,H,Non-listed and complex listed options,M,Others (miscellaneous),Underlying assets,M,Others (miscellaneous),Option style and type,A,European-Call,Valuation method or trigger,D,Digital (Binary),Delivery,C,Cash,2015,Previous,HMMADC,H,Non-listed and complex listed options,M,Others (miscellaneous),Underlying assets,M,Others (miscellaneous),Option style and type,A,European-Call,Valuation method or trigger,D,Digital (Binary),Delivery,C,Cash,Single,FR0003500008,EUR,USD,CALL,EURO,Digital (Binary),Cash,EUR,,,,,,,,,,,,,,,,,,,,,,,,,,,,,,,,,,
1,Other,Option,Non_Standard,UPI,QZC8PFJ7W45F,New,,2024-09-20T14:23:47,HMMADC,NA/O Oth Nstd,INDEX - BOVESPA INDEX,BRL USD,Other,European-Call,2021,Current,HMMADC,H,Non-listed and complex listed options,M,Others (miscellaneous),Underlying assets,M,Others (miscellaneous),Option style and type,A,European-Call,Valuation method or trigger,D,Digital (Binary),Delivery,C,Cash,2015,Previous,HMMADC,H,Non-listed and complex listed options,M,Others (miscellaneous),Underlying assets,M,Others (miscellaneous),Option style and type,A,European-Call,Valuation method or trigger,D,Digital (Binary),Delivery,C,Cash,Single,BRIBOVINDM18,BRL,USD,CALL,EURO,Digital (Binary),Cash,,,,,,,,,,,,,,,,,,,,,,,,,,,,,,,,,,,
1,Other,Option,Non_Standard,UPI,QZNM6BZ4J6DF,New,,2024-09-20T08:13:14,HMMADC,NA/O Oth Nstd,ISHARES PHYSICAL METALS PLC PHYSICAL GOLD USD,EUR USD,Other,European-Call,2021,Current,HMMADC,H,Non-listed and complex listed options,M,Others (miscellaneous),Underlying assets,M,Others (miscellaneous),Option style and type,A,European-Call,Valuation method or trigger,D,Digital (Binary),Delivery,C,Cash,2015,Previous,HMMADC,H,Non-listed and complex listed options,M,Others (miscellaneous),Underlying assets,M,Others (miscellaneous),Option style and type,A,European-Call,Valuation method or trigger,D,Digital (Binary),Delivery,C,Cash,Single,IE00B4ND3602,EUR,USD,CALL,EURO,Digital (Binary),Cash,,,,,,,,,,,,,,,,,,,,,,,,,,,,,,,,,,,
1,Other,Option,Non_Standard,UPI,QZ0N68KP7RSR,New,,2024-07-19T12:29:19,HMMAVC,NA/O Oth Nstd,S&P 500 INDEX,EUR USD,Other,European-Call,2021,Current,HMMAVC,H,Non-listed and complex listed options,M,Others (miscellaneous),Underlying assets,M,Others (miscellaneous),Option style and type,A,European-Call,Valuation method or trigger,V,Vanilla,Delivery,C,Cash,2015,Previous,HMMAVC,H,Non-listed and complex listed options,M,Others (miscellaneous),Underlying assets,M,Others (miscellaneous),Option style and type,A,European-Call,Valuation method or trigger,V,Vanilla,Delivery,C,Cash,Single,US78378X1072,EUR,USD,CALL,EURO,Vanilla,Cash,USD,,,,,,,,,,,,,,,,,,,,,,,,,,,,,,,,,,
1,Other,Option,Non_Standard,UPI,QZPWKX9L9TRJ,New,,2024-07-18T11:36:48,HMMADC,NA/O Oth Nstd,FTSE 100 INDEX,EUR GBP,Other,European-Call,2021,Current,HMMADC,H,Non-listed and complex listed options,M,Others (miscellaneous),Underlying assets,M,Others (miscellaneous),Option style and type,A,European-Call,Valuation method or trigger,D,Digital (Binary),Delivery,C,Cash,2015,Previous,HMMADC,H,Non-listed and complex listed options,M,Others (miscellaneous),Underlying assets,M,Others (miscellaneous),Option style and type,A,European-Call,Valuation method or trigger,D,Digital (Binary),Delivery,C,Cash,Single,GB0001383545,EUR,GBP,CALL,EURO,Digital (Binary),Cash,GBP,,,,,,,,,,,,,,,,,,,,,,,,,,,,,,,,,,
1,Other,Option,Non_Standard,UPI,QZDH3MVR5NGQ,New,,2024-07-17T10:27:43,HMMADC,NA/O Oth Nstd,S&P 500 INDEX,CNY USD,Other,European-Call,2021,Current,HMMADC,H,Non-listed and complex listed options,M,Others (miscellaneous),Underlying assets,M,Others (miscellaneous),Option style and type,A,European-Call,Valuation method or trigger,D,Digital (Binary),Delivery,C,Cash,2015,Previous,HMMADC,H,Non-listed and complex listed options,M,Others (miscellaneous),Underlying assets,M,Others (miscellaneous),Option style and type,A,European-Call,Valuation method or trigger,D,Digital (Binary),Delivery,C,Cash,Single,US78378X1072,CNY,USD,CALL,EURO,Digital (Binary),Cash,USD,,,,,,,,,,,,,,,,,,,,,,,,,,,,,,,,,,
1,Other,Option,Non_Standard,UPI,QZ8QBV7LG8KS,New,,2024-07-17T09:39:19,HMMADC,NA/O Oth Nstd,INDEX,CNY USD,Other,European-Call,2021,Current,HMMADC,H,Non-listed and complex listed options,M,Others (miscellaneous),Underlying assets,M,Others (miscellaneous),Option style and type,A,European-Call,Valuation method or trigger,D,Digital (Binary),Delivery,C,Cash,2015,Previous,HMMADC,H,Non-listed and complex listed options,M,Others (miscellaneous),Underlying assets,M,Others (miscellaneous),Option style and type,A,European-Call,Valuation method or trigger,D,Digital (Binary),Delivery,C,Cash,Single,US7827001089,CNY,USD,CALL,EURO,Digital (Binary),Cash,USD,,,,,,,,,,,,,,,,,,,,,,,,,,,,,,,,,,
1,Other,Option,Non_Standard,UPI,QZMGM5HX47QN,New,,2024-07-17T09:20:53,HMMADC,NA/O Oth Nstd,S&P 500 INDEX,KRW USD,Other,European-Call,2021,Current,HMMADC,H,Non-listed and complex listed options,M,Others (miscellaneous),Underlying assets,M,Others (miscellaneous),Option style and type,A,European-Call,Valuation method or trigger,D,Digital (Binary),Delivery,C,Cash,2015,Previous,HMMADC,H,Non-listed and complex listed options,M,Others (miscellaneous),Underlying assets,M,Others (miscellaneous),Option style and type,A,European-Call,Valuation method or trigger,D,Digital (Binary),Delivery,C,Cash,Single,US78378X1072,KRW,USD,CALL,EURO,Digital (Binary),Cash,USD,,,,,,,,,,,,,,,,,,,,,,,,,,,,,,,,,,
1,Other,Option,Non_Standard,UPI,QZMM039627GN,New,,2023-11-13T02:14:17,HMMDVP,NA/O Oth Nstd,,,Other,European-Put,2021,Current,HMMDVP,H,Non-listed and complex listed options,M,Others (miscellaneous),Underlying assets,M,Others (miscellaneous),Option style and type,D,European-Put,Valuation method or trigger,V,Vanilla,Delivery,P,Physical,2015,Previous,HMMDVP,H,Non-listed and complex listed options,M,Others (miscellaneous),Underlying assets,M,Others (miscellaneous),Option style and type,D,European-Put,Valuation method or trigger,V,Vanilla,Delivery,P,Physical,,,,,PUTO,EURO,Vanilla,Physical,,,,,,,,,,,,,,No name obtainable,Single,,,,,,,,,,,,,SG1L01001701,SNDB,,,,,,
1,Other,Option,Non_Standard,UPI,QZ1JGMZTPWNV,New,,2023-11-13T02:14:17,HMMDVP,NA/O Oth Nstd,,,Other,European-Put,2021,Current,HMMDVP,H,Non-listed and complex listed options,M,Others (miscellaneous),Underlying assets,M,Others (miscellaneous),Option style and type,D,European-Put,Valuation method or trigger,V,Vanilla,Delivery,P,Physical,2015,Previous,HMMDVP,H,Non-listed and complex listed options,M,Others (miscellaneous),Underlying assets,M,Others (miscellaneous),Option style and type,D,European-Put,Valuation method or trigger,V,Vanilla,Delivery,P,Physical,,,,,PUTO,EURO,Vanilla,Physical,,,,,,,,,,,,,,COM,Single,,,,,,,,,,,,,US0231351067,SNDB,,,,,,
1,Other,Option,Non_Standard,UPI,QZSWKQDN4S3N,New,,2023-11-13T02:14:17,HMMDVP,NA/O Oth Nstd,,,Other,European-Put,2021,Current,HMMDVP,H,Non-listed and complex listed options,M,Others (miscellaneous),Underlying assets,M,Others (miscellaneous),Option style and type,D,European-Put,Valuation method or trigger,V,Vanilla,Delivery,P,Physical,2015,Previous,HMMDVP,H,Non-listed and complex listed options,M,Others (miscellaneous),Underlying assets,M,Others (miscellaneous),Option style and type,D,European-Put,Valuation method or trigger,V,Vanilla,Delivery,P,Physical,,,,,PUTO,EURO,Vanilla,Physical,,,,,,,,,,,,,,No name obtainable,Single,,,,,,,,,,,,,PLW2399XZXL4,SNDB,,,,,,
1,Other,Option,Non_Standard,UPI,QZQDG3VTTK46,New,,2023-11-13T02:14:17,HMMBVC,NA/O Oth Nstd,,GBP JPY,Other,American-Call,2021,Current,HMMBVC,H,Non-listed and complex listed options,M,Others (miscellaneous),Underlying assets,M,Others (miscellaneous),Option style and type,B,American-Call,Valuation method or trigger,V,Vanilla,Delivery,C,Cash,2015,Previous,HMMBVC,H,Non-listed and complex listed options,M,Others (miscellaneous),Underlying assets,M,Others (miscellaneous),Option style and type,B,American-Call,Valuation method or trigger,V,Vanilla,Delivery,C,Cash,,,GBP,JPY,CALL,AMER,Vanilla,Cash,USD,,,,,,,,,,,,,,,,,,,,,,,,,,,,,,,,,,
1,Other,Option,Non_Standard,UPI,QZTMDZWNV9QD,New,,2023-11-13T02:14:16,HMMGBC,NA/O Oth Nstd,,CAD USD,Other,European-Chooser,2021,Current,HMMGBC,H,Non-listed and complex listed options,M,Others (miscellaneous),Underlying assets,M,Others (miscellaneous),Option style and type,G,European-Chooser,Valuation method or trigger,B,Barrier,Delivery,C,Cash,2015,Previous,HMMGBC,H,Non-listed and complex listed options,M,Others (miscellaneous),Underlying assets,M,Others (miscellaneous),Option style and type,G,European-Chooser,Valuation method or trigger,B,Barrier,Delivery,C,Cash,,,CAD,USD,OPTL,EURO,Barrier,Cash,USD,,,,,,,,,,,,,,,,,,,,,,,,,,,,,,,,,,
1,Other,Option,Non_Standard,UPI,QZ8HBRHMLMXJ,New,,2024-10-09T22:01:59,HMMADC,NA/O Oth Nstd,FINANCIAL,CNY USD,Other,European-Call,2021,Current,HMMADC,H,Non-listed and complex listed options,M,Others (miscellaneous),Underlying assets,M,Others (miscellaneous),Option style and type,A,European-Call,Valuation method or trigger,D,Digital (Binary),Delivery,C,Cash,2015,Previous,HMMADC,H,Non-listed and complex listed options,M,Others (miscellaneous),Underlying assets,M,Others (miscellaneous),Option style and type,A,European-Call,Valuation method or trigger,D,Digital (Binary),Delivery,C,Cash,Single,US81369Y6059,CNY,USD,CALL,EURO,Digital (Binary),Cash,,,,,,,,,,,,,,,,,,,,,,,,,,,,,,,,,,,
1,Other,Option,Non_Standard,UPI,QZNN8HQLT8QS,New,,2024-10-09T15:57:48,HMMAVC,NA/O Oth Nstd,CHINA LARGE-CAP ETF,CNY USD,Other,European-Call,2021,Current,HMMAVC,H,Non-listed and complex listed options,M,Others (miscellaneous),Underlying assets,M,Others (miscellaneous),Option style and type,A,European-Call,Valuation method or trigger,V,Vanilla,Delivery,C,Cash,2015,Previous,HMMAVC,H,Non-listed and complex listed options,M,Others (miscellaneous),Underlying assets,M,Others (miscellaneous),Option style and type,A,European-Call,Valuation method or trigger,V,Vanilla,Delivery,C,Cash,Single,US4642871846,CNY,USD,CALL,EURO,Vanilla,Cash,USD,,,,,,,,,,,,,,,,,,,,,,,,,,,,,,,,,,
1,Other,Option,Non_Standard,UPI,QZ7BM7D6F8MG,New,,2024-10-08T19:37:48,HMMADC,NA/O Oth Nstd,Basket,,Other,European-Call,2021,Current,HMMADC,H,Non-listed and complex listed options,M,Others (miscellaneous),Underlying assets,M,Others (miscellaneous),Option style and type,A,European-Call,Valuation method or trigger,D,Digital (Binary),Delivery,C,Cash,2015,Previous,HMMADC,H,Non-listed and complex listed options,M,Others (miscellaneous),Underlying assets,M,Others (miscellaneous),Option style and type,A,European-Call,Valuation method or trigger,D,Digital (Binary),Delivery,C,Cash,Basket,,,,CALL,EURO,Digital (Binary),Cash,,,,,,,,OTHER,USD,Single,OTHER,OTHR,,,,,,,,,,,,,,,,,,,,,,,
1,Other,Option,Non_Standard,UPI,QZPG24XXQL1L,New,,2024-10-08T18:54:13,HMMBVC,NA/O Oth Nstd,,,Other,American-Call,2021,Current,HMMBVC,H,Non-listed and complex listed options,M,Others (miscellaneous),Underlying assets,M,Others (miscellaneous),Option style and type,B,American-Call,Valuation method or trigger,V,Vanilla,Delivery,C,Cash,2015,Previous,HMMBVC,H,Non-listed and complex listed options,M,Others (miscellaneous),Underlying assets,M,Others (miscellaneous),Option style and type,B,American-Call,Valuation method or trigger,V,Vanilla,Delivery,C,Cash,,,,,CALL,AMER,Vanilla,Cash,,USD-SOFR vs USD-SOFR,USD,Single,USD-SOFR,1.0,WEEK,,,,,,,,,,,,,,,,Single,USD-SOFR,30.0,DAYS,,,,,,,,,
1,Other,Option,Non_Standard,UPI,QZRBQ3ZRGQVT,New,,2024-10-08T18:52:26,HMMBVC,NA/O Oth Nstd,,,Other,American-Call,2021,Current,HMMBVC,H,Non-listed and complex listed options,M,Others (miscellaneous),Underlying assets,M,Others (miscellaneous),Option style and type,B,American-Call,Valuation method or trigger,V,Vanilla,Delivery,C,Cash,2015,Previous,HMMBVC,H,Non-listed and complex listed options,M,Others (miscellaneous),Underlying assets,M,Others (miscellaneous),Option style and type,B,American-Call,Valuation method or trigger,V,Vanilla,Delivery,C,Cash,,,,,CALL,AMER,Vanilla,Cash,,USD-SOFR,USD,Single,USD-SOFR,30.0,DAYS,,,,,,,,,,,,,,,,,,,,,,,,,,,,
1,Other,Option,Non_Standard,UPI,QZ0H14CMRFDP,New,,2023-11-05T19:00:55,HMMBVC,NA/O Oth Nstd,,,Other,American-Call,2021,Current,HMMBVC,H,Non-listed and complex listed options,M,Others (miscellaneous),Underlying assets,M,Others (miscellaneous),Option style and type,B,American-Call,Valuation method or trigger,V,Vanilla,Delivery,C,Cash,2015,Previous,HMMBVC,H,Non-listed and complex listed options,M,Others (miscellaneous),Underlying assets,M,Others (miscellaneous),Option style and type,B,American-Call,Valuation method or trigger,V,Vanilla,Delivery,C,Cash,,,,,CALL,AMER,Vanilla,Cash,,,,,,,,OTHER,USN,Single,OTHER,METL,,,,,,,,,NPRM,ZINC,,,,,,,,,,,,,
1,Other,Option,Non_Standard,UPI,QZ7XS6P3KJ4F,New,,2023-11-05T19:00:53,HMMBVC,NA/O Oth Nstd,11339-19100187215,,Other,American-Call,2021,Current,HMMBVC,H,Non-listed and complex listed options,M,Others (miscellaneous),Underlying assets,M,Others (miscellaneous),Option style and type,B,American-Call,Valuation method or trigger,V,Vanilla,Delivery,C,Cash,2015,Previous,HMMBVC,H,Non-listed and complex listed options,M,Others (miscellaneous),Underlying assets,M,Others (miscellaneous),Option style and type,B,American-Call,Valuation method or trigger,V,Vanilla,Delivery,C,Cash,Single,,,,CALL,AMER,Vanilla,Cash,,,,,,,,,,,,,,,,,,,,,,,,,,,,,,,,,11339-19100187215,,
1,Other,Option,Non_Standard,UPI,QZWLZJTWPJ8Z,New,,2023-11-05T19:00:51,HMMBVC,NA/O Oth Nstd,MSCI World Utilities Net Total Return Index (USD),,Other,American-Call,2021,Current,HMMBVC,H,Non-listed and complex listed options,M,Others (miscellaneous),Underlying assets,M,Others (miscellaneous),Option style and type,B,American-Call,Valuation method or trigger,V,Vanilla,Delivery,C,Cash,2015,Previous,HMMBVC,H,Non-listed and complex listed options,M,Others (miscellaneous),Underlying assets,M,Others (miscellaneous),Option style and type,B,American-Call,Valuation method or trigger,V,Vanilla,Delivery,C,Cash,Single,,,,CALL,AMER,Vanilla,Cash,,,,,,,,,,,,,,,,,,,,,,,,,,,,,,MSCI World Utilities Net Total Return Index (USD),,,,,
1,Other,Option,Non_Standard,UPI,QZX9X4X97BDT,New,,2024-01-23T04:13:08,HMMBVC,NA/O Oth Nstd,No name obtainable,,Other,American-Call,2021,Current,HMMBVC,H,Non-listed and complex listed options,M,Others (miscellaneous),Underlying assets,M,Others (miscellaneous),Option style and type,B,American-Call,Valuation method or trigger,V,Vanilla,Delivery,C,Cash,2015,Previous,HMMBVC,H,Non-listed and complex listed options,M,Others (miscellaneous),Underlying assets,M,Others (miscellaneous),Option style and type,B,American-Call,Valuation method or trigger,V,Vanilla,Delivery,C,Cash,Single,AD0000101702,,,CALL,AMER,Vanilla,Cash,,,,,,,,,,,,,,,,,,,,,,,,,,,,,,,,,,,
1,Other,Option,Non_Standard,UPI,QZTBLQV0D5VG,Updated,Correction to Underlier Name,2024-01-23T04:13:07,HMMBVC,NA/O Oth Nstd,,,Other,American-Call,2021,Current,HMMBVC,H,Non-listed and complex listed options,M,Others (miscellaneous),Underlying assets,M,Others (miscellaneous),Option style and type,B,American-Call,Valuation method or trigger,V,Vanilla,Delivery,C,Cash,2015,Previous,HMMBVC,H,Non-listed and complex listed options,M,Others (miscellaneous),Underlying assets,M,Others (miscellaneous),Option style and type,B,American-Call,Valuation method or trigger,V,Vanilla,Delivery,C,Cash,,,,,CALL,AMER,Vanilla,Cash,,,,,,,,,,,,,,MBIA Insurance Corporation,Single,,,,,,,,,,,,,,SNDB,,,,,5493004M1UUDNTDXS107,
1,Other,Option,Non_Standard,UPI,QZBSRWKZJDX2,New,,2023-11-13T02:14:18,HMMBVC,NA/O Oth Nstd,,,Other,American-Call,2021,Current,HMMBVC,H,Non-listed and complex listed options,M,Others (miscellaneous),Underlying assets,M,Others (miscellaneous),Option style and type,B,American-Call,Valuation method or trigger,V,Vanilla,Delivery,C,Cash,2015,Previous,HMMBVC,H,Non-listed and complex listed options,M,Others (miscellaneous),Underlying assets,M,Others (miscellaneous),Option style and type,B,American-Call,Valuation method or trigger,V,Vanilla,Delivery,C,Cash,,,,,CALL,AMER,Vanilla,Cash,,,,,,,,,,,,,,ORD USD0.50,Single,,,,,,,,,,,,,GB0005405286,SNDB,,,,,,
1,Other,Option,Non_Standard,UPI,QZR506D79ZZ5,New,,2023-11-13T02:14:18,HMMBVC,NA/O Oth Nstd,,,Other,American-Call,2021,Current,HMMBVC,H,Non-listed and complex listed options,M,Others (miscellaneous),Underlying assets,M,Others (miscellaneous),Option style and type,B,American-Call,Valuation method or trigger,V,Vanilla,Delivery,C,Cash,2015,Previous,HMMBVC,H,Non-listed and complex listed options,M,Others (miscellaneous),Underlying assets,M,Others (miscellaneous),Option style and type,B,American-Call,Valuation method or trigger,V,Vanilla,Delivery,C,Cash,,,,,CALL,AMER,Vanilla,Cash,,,,,,,,,,,,,,"PUBLIC COMPANY LIMITED BY SHARES (0685974), START TRADING FROM 31 MAR 2004",Single,,,,,,,,,,,,,HK0883013259,SNDB,,,,,,
1,Other,Option,Non_Standard,UPI,QZM9RTLR9LF9,New,,2023-11-13T02:14:18,HMMGBC,NA/O Oth Nstd,,EUR GBP,Other,European-Chooser,2021,Current,HMMGBC,H,Non-listed and complex listed options,M,Others (miscellaneous),Underlying assets,M,Others (miscellaneous),Option style and type,G,European-Chooser,Valuation method or trigger,B,Barrier,Delivery,C,Cash,2015,Previous,HMMGBC,H,Non-listed and complex listed options,M,Others (miscellaneous),Underlying assets,M,Others (miscellaneous),Option style and type,G,European-Chooser,Valuation method or trigger,B,Barrier,Delivery,C,Cash,,,EUR,GBP,OPTL,EURO,Barrier,Cash,EUR,,,,,,,,,,,,,,,,,,,,,,,,,,,,,,,,,,
1,Other,Option,Non_Standard,UPI,QZ94S2TQM3GX,New,,2023-11-13T02:14:17,HMMGBC,NA/O Oth Nstd,,THB USD,Other,European-Chooser,2021,Current,HMMGBC,H,Non-listed and complex listed options,M,Others (miscellaneous),Underlying assets,M,Others (miscellaneous),Option style and type,G,European-Chooser,Valuation method or trigger,B,Barrier,Delivery,C,Cash,2015,Previous,HMMGBC,H,Non-listed and complex listed options,M,Others (miscellaneous),Underlying assets,M,Others (miscellaneous),Option style and type,G,European-Chooser,Valuation method or trigger,B,Barrier,Delivery,C,Cash,,,THB,USD,OPTL,EURO,Barrier,Cash,USD,,,,,,,,,,,,,,,,,,,,,,,,,,,,,,,,,,
1,Other,Option,Non_Standard,UPI,QZPRV7BKWFHP,New,,2023-11-13T02:14:17,HMMGBC,NA/O Oth Nstd,,GBP USD,Other,European-Chooser,2021,Current,HMMGBC,H,Non-listed and complex listed options,M,Others (miscellaneous),Underlying assets,M,Others (miscellaneous),Option style and type,G,European-Chooser,Valuation method or trigger,B,Barrier,Delivery,C,Cash,2015,Previous,HMMGBC,H,Non-listed and complex listed options,M,Others (miscellaneous),Underlying assets,M,Others (miscellaneous),Option style and type,G,European-Chooser,Valuation method or trigger,B,Barrier,Delivery,C,Cash,,,GBP,USD,OPTL,EURO,Barrier,Cash,GBP,,,,,,,,,,,,,,,,,,,,,,,,,,,,,,,,,,
1,Other,Option,Non_Standard,UPI,QZQGHPC3ZPTR,New,,2024-07-11T08:17:00,HMMADC,NA/O Oth Nstd,S&P 500 INDEX,,Other,European-Call,2021,Current,HMMADC,H,Non-listed and complex listed options,M,Others (miscellaneous),Underlying assets,M,Others (miscellaneous),Option style and type,A,European-Call,Valuation method or trigger,D,Digital (Binary),Delivery,C,Cash,2015,Previous,HMMADC,H,Non-listed and complex listed options,M,Others (miscellaneous),Underlying assets,M,Others (miscellaneous),Option style and type,A,European-Call,Valuation method or trigger,D,Digital (Binary),Delivery,C,Cash,Single,US78378X1072,,,CALL,EURO,Digital (Binary),Cash,,USD-SOFR ICE Swap Rate,USD,Single,USD-SOFR ICE Swap Rate,5.0,YEAR,,,,,,,,,,,,,,,,,,,,,,,,,,,,
1,Other,Option,Non_Standard,UPI,QZ7GJ5NJJ69R,New,,2024-07-11T03:17:07,HMMADC,NA/O Oth Nstd,KOSPI 200,KRW USD,Other,European-Call,2021,Current,HMMADC,H,Non-listed and complex listed options,M,Others (miscellaneous),Underlying assets,M,Others (miscellaneous),Option style and type,A,European-Call,Valuation method or trigger,D,Digital (Binary),Delivery,C,Cash,2015,Previous,HMMADC,H,Non-listed and complex listed options,M,Others (miscellaneous),Underlying assets,M,Others (miscellaneous),Option style and type,A,European-Call,Valuation method or trigger,D,Digital (Binary),Delivery,C,Cash,Single,KRD020020016,KRW,USD,CALL,EURO,Digital (Binary),Cash,USD,,,,,,,,,,,,,,,,,,,,,,,,,,,,,,,,,,
1,Other,Option,Non_Standard,UPI,QZNLNVP04GV6,New,,2024-07-10T16:32:58,HMMADC,NA/O Oth Nstd,S&P 500 INDEX,,Other,European-Call,2021,Current,HMMADC,H,Non-listed and complex listed options,M,Others (miscellaneous),Underlying assets,M,Others (miscellaneous),Option style and type,A,European-Call,Valuation method or trigger,D,Digital (Binary),Delivery,C,Cash,2015,Previous,HMMADC,H,Non-listed and complex listed options,M,Others (miscellaneous),Underlying assets,M,Others (miscellaneous),Option style and type,A,European-Call,Valuation method or trigger,D,Digital (Binary),Delivery,C,Cash,Single,US78378X1072,,,CALL,EURO,Digital (Binary),Cash,,USD-SOFR ICE Swap Rate,USD,Single,USD-SOFR ICE Swap Rate,2.0,YEAR,,,,,,,,,,,,,,,,,,,,,,,,,,,,
1,Other,Option,Non_Standard,UPI,QZV6QXM2NQXC,New,,2024-06-27T08:47:40,HMMBVP,NA/O Oth Nstd,COM,,Other,American-Call,2021,Current,HMMBVP,H,Non-listed and complex listed options,M,Others (miscellaneous),Underlying assets,M,Others (miscellaneous),Option style and type,B,American-Call,Valuation method or trigger,V,Vanilla,Delivery,P,Physical,2015,Previous,HMMBVP,H,Non-listed and complex listed options,M,Others (miscellaneous),Underlying assets,M,Others (miscellaneous),Option style and type,B,American-Call,Valuation method or trigger,V,Vanilla,Delivery,P,Physical,Single,US6541101050,,,CALL,AMER,Vanilla,Physical,,,,,,,,,,,,,,,,,,,,,,,,,,,,,,,,,,,
1,Other,Option,Non_Standard,UPI,QZ5ZM1N23TV4,New,,2024-06-25T19:21:18,HMMGBC,NA/O Oth Nstd,,CNY INR,Other,European-Chooser,2021,Current,HMMGBC,H,Non-listed and complex listed options,M,Others (miscellaneous),Underlying assets,M,Others (miscellaneous),Option style and type,G,European-Chooser,Valuation method or trigger,B,Barrier,Delivery,C,Cash,2015,Previous,HMMGBC,H,Non-listed and complex listed options,M,Others (miscellaneous),Underlying assets,M,Others (miscellaneous),Option style and type,G,European-Chooser,Valuation method or trigger,B,Barrier,Delivery,C,Cash,,,CNY,INR,OPTL,EURO,Barrier,Cash,CNY,,,,,,,,,,,,,,,,,,,,,,,,,,,,,,,,,,
1,Other,Option,Non_Standard,UPI,QZ4C4TS8XX5B,New,,2024-10-08T16:46:25,HMMADC,NA/O Oth Nstd,No name obtainable,EUR USD,Other,European-Call,2021,Current,HMMADC,H,Non-listed and complex listed options,M,Others (miscellaneous),Underlying assets,M,Others (miscellaneous),Option style and type,A,European-Call,Valuation method or trigger,D,Digital (Binary),Delivery,C,Cash,2015,Previous,HMMADC,H,Non-listed and complex listed options,M,Others (miscellaneous),Underlying assets,M,Others (miscellaneous),Option style and type,A,European-Call,Valuation method or trigger,D,Digital (Binary),Delivery,C,Cash,Single,US6488151084,EUR,USD,CALL,EURO,Digital (Binary),Cash,USD,,,,,,,,,,,,,,,,,,,,,,,,,,,,,,,,,,
1,Other,Option,Non_Standard,UPI,QZJKRBZP0CTF,New,,2024-10-08T16:07:51,HMMADC,NA/O Oth Nstd,No name obtainable,EUR USD,Other,European-Call,2021,Current,HMMADC,H,Non-listed and complex listed options,M,Others (miscellaneous),Underlying assets,M,Others (miscellaneous),Option style and type,A,European-Call,Valuation method or trigger,D,Digital (Binary),Delivery,C,Cash,2015,Previous,HMMADC,H,Non-listed and complex listed options,M,Others (miscellaneous),Underlying assets,M,Others (miscellaneous),Option style and type,A,European-Call,Valuation method or trigger,D,Digital (Binary),Delivery,C,Cash,Single,US6488151084,EUR,USD,CALL,EURO,Digital (Binary),Cash,,,,,,,,,,,,,,,,,,,,,,,,,,,,,,,,,,,
1,Other,Option,Non_Standard,UPI,QZZZTPJR4N7J,New,,2024-10-04T09:47:11,HMMADC,NA/O Oth Nstd,PHYSICAL GOLD SECURITIES ETF USD,,Other,European-Call,2021,Current,HMMADC,H,Non-listed and complex listed options,M,Others (miscellaneous),Underlying assets,M,Others (miscellaneous),Option style and type,A,European-Call,Valuation method or trigger,D,Digital (Binary),Delivery,C,Cash,2015,Previous,HMMADC,H,Non-listed and complex listed options,M,Others (miscellaneous),Underlying assets,M,Others (miscellaneous),Option style and type,A,European-Call,Valuation method or trigger,D,Digital (Binary),Delivery,C,Cash,Single,JE00B1VS3770,,,CALL,EURO,Digital (Binary),Cash,,USD-SOFR ICE Swap Rate,USD,Single,USD-SOFR ICE Swap Rate,30.0,YEAR,,,,,,,,,,,,,,,,,,,,,,,,,,,,
1,Other,Option,Non_Standard,UPI,QZ4N9N0CH9FM,New,,2024-10-04T09:47:02,HMMADC,NA/O Oth Nstd,,JPY USD,Other,European-Call,2021,Current,HMMADC,H,Non-listed and complex listed options,M,Others (miscellaneous),Underlying assets,M,Others (miscellaneous),Option style and type,A,European-Call,Valuation method or trigger,D,Digital (Binary),Delivery,C,Cash,2015,Previous,HMMADC,H,Non-listed and complex listed options,M,Others (miscellaneous),Underlying assets,M,Others (miscellaneous),Option style and type,A,European-Call,Valuation method or trigger,D,Digital (Binary),Delivery,C,Cash,,,JPY,USD,CALL,EURO,Digital (Binary),Cash,,USD-SOFR ICE Swap Rate,USD,Single,USD-SOFR ICE Swap Rate,1.0,YEAR,,,,,,,,,,,,,,,,,,,,,,,,,,,,
1,Other,Option,Non_Standard,UPI,QZHZ4RS3L38N,New,,2024-10-04T09:46:51,HMMADC,NA/O Oth Nstd,No name obtainable,EUR USD,Other,European-Call,2021,Current,HMMADC,H,Non-listed and complex listed options,M,Others (miscellaneous),Underlying assets,M,Others (miscellaneous),Option style and type,A,European-Call,Valuation method or trigger,D,Digital (Binary),Delivery,C,Cash,2015,Previous,HMMADC,H,Non-listed and complex listed options,M,Others (miscellaneous),Underlying assets,M,Others (miscellaneous),Option style and type,A,European-Call,Valuation method or trigger,D,Digital (Binary),Delivery,C,Cash,Single,US6488151084,EUR,USD,CALL,EURO,Digital (Binary),Cash,,USD-SOFR ICE Swap Rate,USD,Single,USD-SOFR ICE Swap Rate,10.0,YEAR,,,,,,,,,,,,,,,,,,,,,,,,,,,,
1,Other,Option,Non_Standard,UPI,QZ3MKHFHRDMV,New,,2024-07-23T08:23:43,HMMADC,NA/O Oth Nstd,ESTX BANKS PR.EUR,EUR USD,Other,European-Call,2021,Current,HMMADC,H,Non-listed and complex listed options,M,Others (miscellaneous),Underlying assets,M,Others (miscellaneous),Option style and type,A,European-Call,Valuation method or trigger,D,Digital (Binary),Delivery,C,Cash,2015,Previous,HMMADC,H,Non-listed and complex listed options,M,Others (miscellaneous),Underlying assets,M,Others (miscellaneous),Option style and type,A,European-Call,Valuation method or trigger,D,Digital (Binary),Delivery,C,Cash,Single,EU0009658426,EUR,USD,CALL,EURO,Digital (Binary),Cash,EUR,,,,,,,,,,,,,,,,,,,,,,,,,,,,,,,,,,
1,Other,Option,Non_Standard,UPI,QZNVWLD5ZTQ1,New,,2024-07-20T12:36:29,HMMXBP,NA/O Oth Nstd,,,Other,Not applicable/undefined,2021,Current,HMMXBP,H,Non-listed and complex listed options,M,Others (miscellaneous),Underlying assets,M,Others (miscellaneous),Option style and type,X,N/A,Valuation method or trigger,B,Barrier,Delivery,P,Physical,2015,Previous,HMMXBP,H,Non-listed and complex listed options,M,Others (miscellaneous),Underlying assets,M,Others (miscellaneous),Option style and type,X,N/A,Valuation method or trigger,B,Barrier,Delivery,P,Physical,,,,,,,Barrier,Physical,,AED-EBOR-Reuters,EUR,Single,AED-EBOR-Reuters,23.0,WEEK,,,,,,,,,,,,,,,,,,,,,,,,,,,,
1,Other,Option,Non_Standard,UPI,QZVTWPNP6H5Z,New,,2024-07-20T12:32:26,HMMXBP,NA/O Oth Nstd,,,Other,Not applicable/undefined,2021,Current,HMMXBP,H,Non-listed and complex listed options,M,Others (miscellaneous),Underlying assets,M,Others (miscellaneous),Option style and type,X,N/A,Valuation method or trigger,B,Barrier,Delivery,P,Physical,2015,Previous,HMMXBP,H,Non-listed and complex listed options,M,Others (miscellaneous),Underlying assets,M,Others (miscellaneous),Option style and type,X,N/A,Valuation method or trigger,B,Barrier,Delivery,P,Physical,,,,,,,Barrier,Physical,,Basket,EUR,Basket,,,,,,,,,,,,,,,,,,,,,,,,,,,,,,,
1,Other,Option,Non_Standard,UPI,QZ6MPWZMCTDV,New,,2024-07-20T12:32:26,HMMXVC,NA/O Oth Nstd,,EUR USD,Other,Not applicable/undefined,2021,Current,HMMXVC,H,Non-listed and complex listed options,M,Others (miscellaneous),Underlying assets,M,Others (miscellaneous),Option style and type,X,N/A,Valuation method or trigger,V,Vanilla,Delivery,C,Cash,2015,Previous,HMMXVC,H,Non-listed and complex listed options,M,Others (miscellaneous),Underlying assets,M,Others (miscellaneous),Option style and type,X,N/A,Valuation method or trigger,V,Vanilla,Delivery,C,Cash,,,EUR,USD,,,Vanilla,Cash,,,,,,,,,,,,,,,,,,,,,,,,,,,,,,,,,,,
1,Other,Option,Non_Standard,UPI,QZJ3K715LGTF,New,,2024-07-20T06:48:53,HMMEBP,NA/O Oth Nstd,,,Other,American-Put,2021,Current,HMMEBP,H,Non-listed and complex listed options,M,Others (miscellaneous),Underlying assets,M,Others (miscellaneous),Option style and type,E,American-Put,Valuation method or trigger,B,Barrier,Delivery,P,Physical,2015,Previous,HMMEBP,H,Non-listed and complex listed options,M,Others (miscellaneous),Underlying assets,M,Others (miscellaneous),Option style and type,E,American-Put,Valuation method or trigger,B,Barrier,Delivery,P,Physical,,,,,PUTO,AMER,Barrier,Physical,,AED-EBOR-Reuters,EUR,Single,AED-EBOR-Reuters,23.0,WEEK,,,,,,,,,,,,,,,,,,,,,,,,,,,,
1,Other,Option,Non_Standard,UPI,QZMNF4F4FLR1,New,,2024-03-16T10:48:34,HMMDVC,NA/O Oth Nstd,,,Other,European-Put,2021,Current,HMMDVC,H,Non-listed and complex listed options,M,Others (miscellaneous),Underlying assets,M,Others (miscellaneous),Option style and type,D,European-Put,Valuation method or trigger,V,Vanilla,Delivery,C,Cash,2015,Previous,HMMDVC,H,Non-listed and complex listed options,M,Others (miscellaneous),Underlying assets,M,Others (miscellaneous),Option style and type,D,European-Put,Valuation method or trigger,V,Vanilla,Delivery,C,Cash,,,,,PUTO,EURO,Vanilla,Cash,,EUR-EXT-CPI vs GBP-LIBOR-BBA,EUR,Single,EUR-EXT-CPI,3.0,MNTH,,,,,,GBP,,,,,,,,,,Single,GBP-LIBOR-BBA,3.0,YEAR,,,,,,,,,
1,Other,Option,Non_Standard,UPI,QZL95M7H7GLS,New,,2024-03-16T10:48:32,HMMAVC,NA/O Oth Nstd,,,Other,European-Call,2021,Current,HMMAVC,H,Non-listed and complex listed options,M,Others (miscellaneous),Underlying assets,M,Others (miscellaneous),Option style and type,A,European-Call,Valuation method or trigger,V,Vanilla,Delivery,C,Cash,2015,Previous,HMMAVC,H,Non-listed and complex listed options,M,Others (miscellaneous),Underlying assets,M,Others (miscellaneous),Option style and type,A,European-Call,Valuation method or trigger,V,Vanilla,Delivery,C,Cash,,,,,CALL,EURO,Vanilla,Cash,,EUR-EXT-CPI vs GBP-LIBOR-BBA,EUR,Single,EUR-EXT-CPI,3.0,MNTH,,,,,,GBP,,,,,,,,,,Single,GBP-LIBOR-BBA,3.0,YEAR,,,,,,,,,
1,Other,Option,Non_Standard,UPI,QZMGW4F496KK,New,,2024-03-16T10:48:29,HMMAVC,NA/O Oth Nstd,,,Other,European-Call,2021,Current,HMMAVC,H,Non-listed and complex listed options,M,Others (miscellaneous),Underlying assets,M,Others (miscellaneous),Option style and type,A,European-Call,Valuation method or trigger,V,Vanilla,Delivery,C,Cash,2015,Previous,HMMAVC,H,Non-listed and complex listed options,M,Others (miscellaneous),Underlying assets,M,Others (miscellaneous),Option style and type,A,European-Call,Valuation method or trigger,V,Vanilla,Delivery,C,Cash,,,,,CALL,EURO,Vanilla,Cash,,EUR-EXT-CPI vs GBP-LIBOR-BBA,EUR,Single,EUR-EXT-CPI,3.0,MNTH,,,,,,GBP,,,,,,,,,,Single,GBP-LIBOR-BBA,3.0,WEEK,,,,,,,,,
1,Other,Option,Non_Standard,UPI,QZJ1DLZ4J052,New,,2024-03-16T10:48:28,HMMAVC,NA/O Oth Nstd,,,Other,European-Call,2021,Current,HMMAVC,H,Non-listed and complex listed options,M,Others (miscellaneous),Underlying assets,M,Others (miscellaneous),Option style and type,A,European-Call,Valuation method or trigger,V,Vanilla,Delivery,C,Cash,2015,Previous,HMMAVC,H,Non-listed and complex listed options,M,Others (miscellaneous),Underlying assets,M,Others (miscellaneous),Option style and type,A,European-Call,Valuation method or trigger,V,Vanilla,Delivery,C,Cash,,,,,CALL,EURO,Vanilla,Cash,,EUR-EXT-CPI vs GBP-LIBOR-BBA,EUR,Single,EUR-EXT-CPI,3.0,MNTH,,,,,,GBP,,,,,,,,,,Single,GBP-LIBOR-BBA,3.0,DAYS,,,,,,,,,
1,Other,Option,Non_Standard,UPI,QZFCMF4GBQ22,New,,2024-03-16T10:48:24,HMMAVC,NA/O Oth Nstd,,,Other,European-Call,2021,Current,HMMAVC,H,Non-listed and complex listed options,M,Others (miscellaneous),Underlying assets,M,Others (miscellaneous),Option style and type,A,European-Call,Valuation method or trigger,V,Vanilla,Delivery,C,Cash,2015,Previous,HMMAVC,H,Non-listed and complex listed options,M,Others (miscellaneous),Underlying assets,M,Others (miscellaneous),Option style and type,A,European-Call,Valuation method or trigger,V,Vanilla,Delivery,C,Cash,,,,,CALL,EURO,Vanilla,Cash,,EUR-EXT-CPI vs GBP-LIBOR-BBA,EUR,Single,EUR-EXT-CPI,3.0,MNTH,,,,,,GBP,,,,,,,,,,Single,GBP-LIBOR-BBA,3.0,MNTH,,,,,,,,,
1,Other,Option,Non_Standard,UPI,QZ5SQ0D4J3P7,New,,2024-03-16T10:48:59,HMMDMC,NA/O Oth Nstd,,,Other,European-Put,2021,Current,HMMDMC,H,Non-listed and complex listed options,M,Others (miscellaneous),Underlying assets,M,Others (miscellaneous),Option style and type,D,European-Put,Valuation method or trigger,M,Others (miscellaneous),Delivery,C,Cash,2015,Previous,HMMDMC,H,Non-listed and complex listed options,M,Others (miscellaneous),Underlying assets,M,Others (miscellaneous),Option style and type,D,European-Put,Valuation method or trigger,M,Others (miscellaneous),Delivery,C,Cash,,,,,PUTO,EURO,Other,Cash,,,,,,,,,,,,,,NT,Single,,,,,,,,,,,,,US92857WBQ24,SBOD,,,,,,
1,Other,Option,Non_Standard,UPI,QZ9WZ4C02PCN,New,,2024-03-16T10:48:58,HMMDMC,NA/O Oth Nstd,,,Other,European-Put,2021,Current,HMMDMC,H,Non-listed and complex listed options,M,Others (miscellaneous),Underlying assets,M,Others (miscellaneous),Option style and type,D,European-Put,Valuation method or trigger,M,Others (miscellaneous),Delivery,C,Cash,2015,Previous,HMMDMC,H,Non-listed and complex listed options,M,Others (miscellaneous),Underlying assets,M,Others (miscellaneous),Option style and type,D,European-Put,Valuation method or trigger,M,Others (miscellaneous),Delivery,C,Cash,,,,,PUTO,EURO,Other,Cash,,,,,,,,,,,,,,NT,Single,,,,,,,,,,,,,US92857WBQ24,MZZD,,,,,,
1,Other,Option,Non_Standard,UPI,QZDJTN48ZCFV,New,,2024-03-16T10:48:57,HMMDMC,NA/O Oth Nstd,,,Other,European-Put,2021,Current,HMMDMC,H,Non-listed and complex listed options,M,Others (miscellaneous),Underlying assets,M,Others (miscellaneous),Option style and type,D,European-Put,Valuation method or trigger,M,Others (miscellaneous),Delivery,C,Cash,2015,Previous,HMMDMC,H,Non-listed and complex listed options,M,Others (miscellaneous),Underlying assets,M,Others (miscellaneous),Option style and type,D,European-Put,Valuation method or trigger,M,Others (miscellaneous),Delivery,C,Cash,,,,,PUTO,EURO,Other,Cash,,,,,,,,,,,,,,NT,Single,,,,,,,,,,,,,US92857WBQ24,SNDB,,,,,,
1,Other,Option,Non_Standard,UPI,QZ05CNLXZ6SV,New,,2024-03-16T10:48:55,HMMDMC,NA/O Oth Nstd,34810-JPCFNAMR,,Other,European-Put,2021,Current,HMMDMC,H,Non-listed and complex listed options,M,Others (miscellaneous),Underlying assets,M,Others (miscellaneous),Option style and type,D,European-Put,Valuation method or trigger,M,Others (miscellaneous),Delivery,C,Cash,2015,Previous,HMMDMC,H,Non-listed and complex listed options,M,Others (miscellaneous),Underlying assets,M,Others (miscellaneous),Option style and type,D,European-Put,Valuation method or trigger,M,Others (miscellaneous),Delivery,C,Cash,Single,,,,PUTO,EURO,Other,Cash,,,,,,,,,,,,,,,,,,,,,,,,,,,,,,,,,34810-JPCFNAMR,,
1,Other,Option,Non_Standard,UPI,QZHDX652S0ZJ,New,,2024-03-16T10:48:54,HMMDMC,NA/O Oth Nstd,FTSE 100 INDEX,,Other,European-Put,2021,Current,HMMDMC,H,Non-listed and complex listed options,M,Others (miscellaneous),Underlying assets,M,Others (miscellaneous),Option style and type,D,European-Put,Valuation method or trigger,M,Others (miscellaneous),Delivery,C,Cash,2015,Previous,HMMDMC,H,Non-listed and complex listed options,M,Others (miscellaneous),Underlying assets,M,Others (miscellaneous),Option style and type,D,European-Put,Valuation method or trigger,M,Others (miscellaneous),Delivery,C,Cash,Single,GB0001383545,,,PUTO,EURO,Other,Cash,,,,,,,,,,,,,,,,,,,,,,,,,,,,,,,,,,,
1,Other,Option,Non_Standard,UPI,QZ6727TQRQTD,New,,2025-04-22T02:40:39,HMMADC,NA/O Oth Nstd,S&P 500 INDEX,EUR USD,Other,European-Call,2021,Current,HMMADC,H,Non-listed and complex listed options,M,Others (miscellaneous),Underlying assets,M,Others (miscellaneous),Option style and type,A,European-Call,Valuation method or trigger,D,Digital (Binary),Delivery,C,Cash,2015,Previous,HMMADC,H,Non-listed and complex listed options,M,Others (miscellaneous),Underlying assets,M,Others (miscellaneous),Option style and type,A,European-Call,Valuation method or trigger,D,Digital (Binary),Delivery,C,Cash,Single,US78378X1072,EUR,USD,CALL,EURO,Digital (Binary),Cash,USD,USD-SOFR ICE Swap Rate,USD,Single,USD-SOFR ICE Swap Rate,30.0,YEAR,,,,,,,,,,,,,,,,,,,,,,,,,,,,
1,Other,Option,Non_Standard,UPI,QZ8ZJ62G0NCM,New,,2025-04-14T10:39:51,HMMADC,NA/O Oth Nstd,S&P 500 INDEX,USD XAU,Other,European-Call,2021,Current,HMMADC,H,Non-listed and complex listed options,M,Others (miscellaneous),Underlying assets,M,Others (miscellaneous),Option style and type,A,European-Call,Valuation method or trigger,D,Digital (Binary),Delivery,C,Cash,2015,Previous,HMMADC,H,Non-listed and complex listed options,M,Others (miscellaneous),Underlying assets,M,Others (miscellaneous),Option style and type,A,European-Call,Valuation method or trigger,D,Digital (Binary),Delivery,C,Cash,Single,US78378X1072,USD,XAU,CALL,EURO,Digital (Binary),Cash,USD,USD-SOFR ICE Swap Rate,USD,Single,USD-SOFR ICE Swap Rate,20.0,YEAR,,,,,,,,,,,,,,,,,,,,,,,,,,,,
1,Other,Option,Non_Standard,UPI,QZ9KWXF076R1,New,,2025-04-14T08:24:34,HMMADC,NA/O Oth Nstd,NDX1,,Other,European-Call,2021,Current,HMMADC,H,Non-listed and complex listed options,M,Others (miscellaneous),Underlying assets,M,Others (miscellaneous),Option style and type,A,European-Call,Valuation method or trigger,D,Digital (Binary),Delivery,C,Cash,2015,Previous,HMMADC,H,Non-listed and complex listed options,M,Others (miscellaneous),Underlying assets,M,Others (miscellaneous),Option style and type,A,European-Call,Valuation method or trigger,D,Digital (Binary),Delivery,C,Cash,Single,US6311011026,,,CALL,EURO,Digital (Binary),Cash,,USD-SOFR ICE Swap Rate,USD,Single,USD-SOFR ICE Swap Rate,7.0,YEAR,,,,,,,,,,,,,,,,,,,,,,,,,,,,
1,Other,Option,Non_Standard,UPI,QZT9P3DWQ7NZ,New,,2025-04-14T08:18:06,HMMADC,NA/O Oth Nstd,S&P 500 INDEX,NOK USD,Other,European-Call,2021,Current,HMMADC,H,Non-listed and complex listed options,M,Others (miscellaneous),Underlying assets,M,Others (miscellaneous),Option style and type,A,European-Call,Valuation method or trigger,D,Digital (Binary),Delivery,C,Cash,2015,Previous,HMMADC,H,Non-listed and complex listed options,M,Others (miscellaneous),Underlying assets,M,Others (miscellaneous),Option style and type,A,European-Call,Valuation method or trigger,D,Digital (Binary),Delivery,C,Cash,Single,US78378X1072,NOK,USD,CALL,EURO,Digital (Binary),Cash,,,,,,,,,,,,,,,,,,,,,,,,,,,,,,,,,,,
1,Other,Option,Non_Standard,UPI,QZDMF9X8DMKL,New,,2025-04-14T08:18:06,HMMADC,NA/O Oth Nstd,S&P 500 INDEX,CAD USD,Other,European-Call,2021,Current,HMMADC,H,Non-listed and complex listed options,M,Others (miscellaneous),Underlying assets,M,Others (miscellaneous),Option style and type,A,European-Call,Valuation method or trigger,D,Digital (Binary),Delivery,C,Cash,2015,Previous,HMMADC,H,Non-listed and complex listed options,M,Others (miscellaneous),Underlying assets,M,Others (miscellaneous),Option style and type,A,European-Call,Valuation method or trigger,D,Digital (Binary),Delivery,C,Cash,Single,US78378X1072,CAD,USD,CALL,EURO,Digital (Binary),Cash,,,,,,,,,,,,,,,,,,,,,,,,,,,,,,,,,,,
1,Other,Option,Non_Standard,UPI,QZC05CBKXLCS,New,,2024-01-23T04:13:07,HMMBVC,NA/O Oth Nstd,,,Other,American-Call,2021,Current,HMMBVC,H,Non-listed and complex listed options,M,Others (miscellaneous),Underlying assets,M,Others (miscellaneous),Option style and type,B,American-Call,Valuation method or trigger,V,Vanilla,Delivery,C,Cash,2015,Previous,HMMBVC,H,Non-listed and complex listed options,M,Others (miscellaneous),Underlying assets,M,Others (miscellaneous),Option style and type,B,American-Call,Valuation method or trigger,V,Vanilla,Delivery,C,Cash,,,,,CALL,AMER,Vanilla,Cash,,,,,,,,,,,,,,No name obtainable,Single,,,,,,,,,,,,,AD0000101702,SNDB,,,,,,
1,Other,Option,Non_Standard,UPI,QZNTVKWSGSQ5,New,,2023-11-05T19:00:41,HMMBVC,NA/O Oth Nstd,,,Other,American-Call,2021,Current,HMMBVC,H,Non-listed and complex listed options,M,Others (miscellaneous),Underlying assets,M,Others (miscellaneous),Option style and type,B,American-Call,Valuation method or trigger,V,Vanilla,Delivery,C,Cash,2015,Previous,HMMBVC,H,Non-listed and complex listed options,M,Others (miscellaneous),Underlying assets,M,Others (miscellaneous),Option style and type,B,American-Call,Valuation method or trigger,V,Vanilla,Delivery,C,Cash,,,,,CALL,AMER,Vanilla,Cash,,AUD-AONIA,AUD,Single,AUD-AONIA,6.0,MNTH,,,,,,,,,,,,,,,,,,,,,,,,,,,,
1,Other,Option,Non_Standard,UPI,QZVBM8HG5J48,New,,2023-11-05T19:00:40,HMMBVC,NA/O Oth Nstd,,,Other,American-Call,2021,Current,HMMBVC,H,Non-listed and complex listed options,M,Others (miscellaneous),Underlying assets,M,Others (miscellaneous),Option style and type,B,American-Call,Valuation method or trigger,V,Vanilla,Delivery,C,Cash,2015,Previous,HMMBVC,H,Non-listed and complex listed options,M,Others (miscellaneous),Underlying assets,M,Others (miscellaneous),Option style and type,B,American-Call,Valuation method or trigger,V,Vanilla,Delivery,C,Cash,,,,,CALL,AMER,Vanilla,Cash,,AUS-CPI,AFN,Single,AUS-CPI,5.0,YEAR,,,,,,,,,,,,,,,,,,,,,,,,,,,,
1,Other,Option,Non_Standard,UPI,QZCKRBV0VLF7,New,,2023-11-05T12:47:12,HMMAVC,NA/O Oth Nstd,,EUR USD,Other,European-Call,2021,Current,HMMAVC,H,Non-listed and complex listed options,M,Others (miscellaneous),Underlying assets,M,Others (miscellaneous),Option style and type,A,European-Call,Valuation method or trigger,V,Vanilla,Delivery,C,Cash,2015,Previous,HMMAVC,H,Non-listed and complex listed options,M,Others (miscellaneous),Underlying assets,M,Others (miscellaneous),Option style and type,A,European-Call,Valuation method or trigger,V,Vanilla,Delivery,C,Cash,,,EUR,USD,CALL,EURO,Vanilla,Cash,,,,,,,,,,,,,,,,,,,,,,,,,,,,,,,,,,,
1,Other,Option,Non_Standard,UPI,QZZKSBZ3SPD3,New,,2025-05-20T13:28:07,HMMADC,NA/O Oth Nstd,,JPY USD,Other,European-Call,2021,Current,HMMADC,H,Non-listed and complex listed options,M,Others (miscellaneous),Underlying assets,M,Others (miscellaneous),Option style and type,A,European-Call,Valuation method or trigger,D,Digital (Binary),Delivery,C,Cash,2015,Previous,HMMADC,H,Non-listed and complex listed options,M,Others (miscellaneous),Underlying assets,M,Others (miscellaneous),Option style and type,A,European-Call,Valuation method or trigger,D,Digital (Binary),Delivery,C,Cash,,,JPY,USD,CALL,EURO,Digital (Binary),Cash,,USD-SOFR ICE Swap Rate,USD,Single,USD-SOFR ICE Swap Rate,10.0,YEAR,,,,,,,,,,,,,,,,,,,,,,,,,,,,
1,Other,Option,Non_Standard,UPI,QZ5HHDC6367L,New,,2025-05-20T13:20:34,HMMADC,NA/O Oth Nstd,S&P 500 INDEX,USD XAU,Other,European-Call,2021,Current,HMMADC,H,Non-listed and complex listed options,M,Others (miscellaneous),Underlying assets,M,Others (miscellaneous),Option style and type,A,European-Call,Valuation method or trigger,D,Digital (Binary),Delivery,C,Cash,2015,Previous,HMMADC,H,Non-listed and complex listed options,M,Others (miscellaneous),Underlying assets,M,Others (miscellaneous),Option style and type,A,European-Call,Valuation method or trigger,D,Digital (Binary),Delivery,C,Cash,Single,US78378X1072,USD,XAU,CALL,EURO,Digital (Binary),Cash,,USD-SOFR ICE Swap Rate,USD,Single,USD-SOFR ICE Swap Rate,30.0,YEAR,,,,,,,,,,,,,,,,,,,,,,,,,,,,
1,Other,Option,Non_Standard,UPI,QZN0S28VZTPV,New,,2025-05-20T13:20:33,HMMADC,NA/O Oth Nstd,,USD XAU,Other,European-Call,2021,Current,HMMADC,H,Non-listed and complex listed options,M,Others (miscellaneous),Underlying assets,M,Others (miscellaneous),Option style and type,A,European-Call,Valuation method or trigger,D,Digital (Binary),Delivery,C,Cash,2015,Previous,HMMADC,H,Non-listed and complex listed options,M,Others (miscellaneous),Underlying assets,M,Others (miscellaneous),Option style and type,A,European-Call,Valuation method or trigger,D,Digital (Binary),Delivery,C,Cash,,,USD,XAU,CALL,EURO,Digital (Binary),Cash,,USD-SOFR ICE Swap Rate,USD,Single,USD-SOFR ICE Swap Rate,30.0,YEAR,,,,,,,,,,,,,,,,,,,,,,,,,,,,
1,Other,Option,Non_Standard,UPI,QZQDD32CG724,New,,2025-05-20T13:20:23,HMMADC,NA/O Oth Nstd,BASF SENamens-Aktien o.N.,,Other,European-Call,2021,Current,HMMADC,H,Non-listed and complex listed options,M,Others (miscellaneous),Underlying assets,M,Others (miscellaneous),Option style and type,A,European-Call,Valuation method or trigger,D,Digital (Binary),Delivery,C,Cash,2015,Previous,HMMADC,H,Non-listed and complex listed options,M,Others (miscellaneous),Underlying assets,M,Others (miscellaneous),Option style and type,A,European-Call,Valuation method or trigger,D,Digital (Binary),Delivery,C,Cash,Single,DE000BASF111,,,CALL,EURO,Digital (Binary),Cash,,EUR-ISDA-EURIBOR Swap Rate-11:00,EUR,Single,EUR-ISDA-EURIBOR Swap Rate-11:00,30.0,YEAR,,,,,,,,,,,,,,,,,,,,,,,,,,,,
1,Other,Option,Non_Standard,UPI,QZ842T8KGXM0,New,,2025-05-20T13:20:21,HMMADC,NA/O Oth Nstd,,JPY USD,Other,European-Call,2021,Current,HMMADC,H,Non-listed and complex listed options,M,Others (miscellaneous),Underlying assets,M,Others (miscellaneous),Option style and type,A,European-Call,Valuation method or trigger,D,Digital (Binary),Delivery,C,Cash,2015,Previous,HMMADC,H,Non-listed and complex listed options,M,Others (miscellaneous),Underlying assets,M,Others (miscellaneous),Option style and type,A,European-Call,Valuation method or trigger,D,Digital (Binary),Delivery,C,Cash,,,JPY,USD,CALL,EURO,Digital (Binary),Cash,,USD-SOFR ICE Swap Rate,USD,Single,USD-SOFR ICE Swap Rate,30.0,YEAR,,,,,,,,,,,,,,,,,,,,,,,,,,,,
1,Other,Option,Non_Standard,UPI,QZNDP6FPCPWX,New,,2025-06-02T13:44:03,HMMADC,NA/O Oth Nstd,,KRW USD,Other,European-Call,2021,Current,HMMADC,H,Non-listed and complex listed options,M,Others (miscellaneous),Underlying assets,M,Others (miscellaneous),Option style and type,A,European-Call,Valuation method or trigger,D,Digital (Binary),Delivery,C,Cash,2015,Previous,HMMADC,H,Non-listed and complex listed options,M,Others (miscellaneous),Underlying assets,M,Others (miscellaneous),Option style and type,A,European-Call,Valuation method or trigger,D,Digital (Binary),Delivery,C,Cash,,,KRW,USD,CALL,EURO,Digital (Binary),Cash,,USD-SOFR ICE Swap Rate,USD,Single,USD-SOFR ICE Swap Rate,30.0,YEAR,,,,,,,,,,,,,,,,,,,,,,,,,,,,
1,Other,Option,Non_Standard,UPI,QZZXG9QXWQWF,New,,2025-06-02T13:43:57,HMMADC,NA/O Oth Nstd,S&P 500 INDEX,JPY USD,Other,European-Call,2021,Current,HMMADC,H,Non-listed and complex listed options,M,Others (miscellaneous),Underlying assets,M,Others (miscellaneous),Option style and type,A,European-Call,Valuation method or trigger,D,Digital (Binary),Delivery,C,Cash,2015,Previous,HMMADC,H,Non-listed and complex listed options,M,Others (miscellaneous),Underlying assets,M,Others (miscellaneous),Option style and type,A,European-Call,Valuation method or trigger,D,Digital (Binary),Delivery,C,Cash,Single,US78378X1072,JPY,USD,CALL,EURO,Digital (Binary),Cash,,USD-SOFR ICE Swap Rate,USD,Single,USD-SOFR ICE Swap Rate,30.0,YEAR,,,,,,,,,,,,,,,,,,,,,,,,,,,,
1,Other,Option,Non_Standard,UPI,QZ47W40GD1HM,New,,2025-06-02T13:40:42,HMMADC,NA/O Oth Nstd,,JPY USD,Other,European-Call,2021,Current,HMMADC,H,Non-listed and complex listed options,M,Others (miscellaneous),Underlying assets,M,Others (miscellaneous),Option style and type,A,European-Call,Valuation method or trigger,D,Digital (Binary),Delivery,C,Cash,2015,Previous,HMMADC,H,Non-listed and complex listed options,M,Others (miscellaneous),Underlying assets,M,Others (miscellaneous),Option style and type,A,European-Call,Valuation method or trigger,D,Digital (Binary),Delivery,C,Cash,,,JPY,USD,CALL,EURO,Digital (Binary),Cash,,USD-SOFR ICE Swap Rate,USD,Single,USD-SOFR ICE Swap Rate,5.0,YEAR,,,,,,,,,,,,,,,,,,,,,,,,,,,,
1,Other,Option,Non_Standard,UPI,QZGMNM38BZ21,New,,2025-06-02T13:36:57,HMMADC,NA/O Oth Nstd,S&P 500 INDEX,EUR USD,Other,European-Call,2021,Current,HMMADC,H,Non-listed and complex listed options,M,Others (miscellaneous),Underlying assets,M,Others (miscellaneous),Option style and type,A,European-Call,Valuation method or trigger,D,Digital (Binary),Delivery,C,Cash,2015,Previous,HMMADC,H,Non-listed and complex listed options,M,Others (miscellaneous),Underlying assets,M,Others (miscellaneous),Option style and type,A,European-Call,Valuation method or trigger,D,Digital (Binary),Delivery,C,Cash,Single,US78378X1072,EUR,USD,CALL,EURO,Digital (Binary),Cash,,EUR-ISDA-EURIBOR Swap Rate-11:00,EUR,Single,EUR-ISDA-EURIBOR Swap Rate-11:00,5.0,YEAR,,,,,,,,,,,,,,,,,,,,,,,,,,,,
1,Other,Option,Non_Standard,UPI,QZBH5TJ811CZ,New,,2025-05-29T14:31:42,HMMDVC,NA/O Oth Nstd,,,Other,European-Put,2021,Current,HMMDVC,H,Non-listed and complex listed options,M,Others (miscellaneous),Underlying assets,M,Others (miscellaneous),Option style and type,D,European-Put,Valuation method or trigger,V,Vanilla,Delivery,C,Cash,2015,Previous,HMMDVC,H,Non-listed and complex listed options,M,Others (miscellaneous),Underlying assets,M,Others (miscellaneous),Option style and type,D,European-Put,Valuation method or trigger,V,Vanilla,Delivery,C,Cash,,,,,PUTO,EURO,Vanilla,Cash,,EUR-EURIBOR ICE Swap Rate-11:00 vs EUR-EURIBOR ICE Swap Rate-11:00,EUR,Single,EUR-EURIBOR ICE Swap Rate-11:00,10.0,YEAR,,,,,,,,,,,,,,,,Single,EUR-EURIBOR ICE Swap Rate-11:00,30.0,YEAR,,,,,,,,,
1,Other,Option,Non_Standard,UPI,QZ75BTWZVB82,New,,2024-10-04T09:40:07,HMMADC,NA/O Oth Nstd,No name obtainable,EUR USD,Other,European-Call,2021,Current,HMMADC,H,Non-listed and complex listed options,M,Others (miscellaneous),Underlying assets,M,Others (miscellaneous),Option style and type,A,European-Call,Valuation method or trigger,D,Digital (Binary),Delivery,C,Cash,2015,Previous,HMMADC,H,Non-listed and complex listed options,M,Others (miscellaneous),Underlying assets,M,Others (miscellaneous),Option style and type,A,European-Call,Valuation method or trigger,D,Digital (Binary),Delivery,C,Cash,Single,US6488151084,EUR,USD,CALL,EURO,Digital (Binary),Cash,,USD-SOFR ICE Swap Rate,USD,Single,USD-SOFR ICE Swap Rate,2.0,YEAR,,,,,,,,,,,,,,,,,,,,,,,,,,,,
1,Other,Option,Non_Standard,UPI,QZQ6Q0SNWRD4,New,,2024-10-04T09:37:42,HMMAMC,NA/O Oth Nstd,No name obtainable,,Other,European-Call,2021,Current,HMMAMC,H,Non-listed and complex listed options,M,Others (miscellaneous),Underlying assets,M,Others (miscellaneous),Option style and type,A,European-Call,Valuation method or trigger,M,Others (miscellaneous),Delivery,C,Cash,2015,Previous,HMMAMC,H,Non-listed and complex listed options,M,Others (miscellaneous),Underlying assets,M,Others (miscellaneous),Option style and type,A,European-Call,Valuation method or trigger,M,Others (miscellaneous),Delivery,C,Cash,Single,US6488151084,,,CALL,EURO,Other,Cash,,USD-SOFR ICE Swap Rate,USD,Single,USD-SOFR ICE Swap Rate,10.0,YEAR,,,,,,,,,,,,,,,,,,,,,,,,,,,,
1,Other,Option,Non_Standard,UPI,QZNJD2QVJVK6,New,,2024-10-04T09:36:59,HMMADC,NA/O Oth Nstd,No name obtainable,,Other,European-Call,2021,Current,HMMADC,H,Non-listed and complex listed options,M,Others (miscellaneous),Underlying assets,M,Others (miscellaneous),Option style and type,A,European-Call,Valuation method or trigger,D,Digital (Binary),Delivery,C,Cash,2015,Previous,HMMADC,H,Non-listed and complex listed options,M,Others (miscellaneous),Underlying assets,M,Others (miscellaneous),Option style and type,A,European-Call,Valuation method or trigger,D,Digital (Binary),Delivery,C,Cash,Single,US6488151084,,,CALL,EURO,Digital (Binary),Cash,,USD-SOFR ICE Swap Rate,USD,Single,USD-SOFR ICE Swap Rate,1.0,YEAR,,,,,,,,,,,,,,,,,,,,,,,,,,,,
1,Other,Option,Non_Standard,UPI,QZ37J5L11F84,New,,2024-10-03T17:00:32,HMMADC,NA/O Oth Nstd,UNITS NEW,EUR USD,Other,European-Call,2021,Current,HMMADC,H,Non-listed and complex listed options,M,Others (miscellaneous),Underlying assets,M,Others (miscellaneous),Option style and type,A,European-Call,Valuation method or trigger,D,Digital (Binary),Delivery,C,Cash,2015,Previous,HMMADC,H,Non-listed and complex listed options,M,Others (miscellaneous),Underlying assets,M,Others (miscellaneous),Option style and type,A,European-Call,Valuation method or trigger,D,Digital (Binary),Delivery,C,Cash,Single,US91232N2071,EUR,USD,CALL,EURO,Digital (Binary),Cash,,USD-SOFR ICE Swap Rate,USD,Single,USD-SOFR ICE Swap Rate,2.0,YEAR,,,,,,,,,,,,,,,,,,,,,,,,,,,,
1,Other,Option,Non_Standard,UPI,QZ5BS0CB6G2B,New,,2024-10-03T17:00:28,HMMADC,NA/O Oth Nstd,No name obtainable,,Other,European-Call,2021,Current,HMMADC,H,Non-listed and complex listed options,M,Others (miscellaneous),Underlying assets,M,Others (miscellaneous),Option style and type,A,European-Call,Valuation method or trigger,D,Digital (Binary),Delivery,C,Cash,2015,Previous,HMMADC,H,Non-listed and complex listed options,M,Others (miscellaneous),Underlying assets,M,Others (miscellaneous),Option style and type,A,European-Call,Valuation method or trigger,D,Digital (Binary),Delivery,C,Cash,Single,US6488151084,,,CALL,EURO,Digital (Binary),Cash,,USD-SOFR ICE Swap Rate,USD,Single,USD-SOFR ICE Swap Rate,5.0,YEAR,,,,,,,,,,,,,,,,,,,,,,,,,,,,
1,Other,Option,Non_Standard,UPI,QZ3RGJFTVMFP,New,,2024-09-13T16:58:16,HMMADC,NA/O Oth Nstd,DEUTSCHE BORSE DAX INDEX,EUR USD,Other,European-Call,2021,Current,HMMADC,H,Non-listed and complex listed options,M,Others (miscellaneous),Underlying assets,M,Others (miscellaneous),Option style and type,A,European-Call,Valuation method or trigger,D,Digital (Binary),Delivery,C,Cash,2015,Previous,HMMADC,H,Non-listed and complex listed options,M,Others (miscellaneous),Underlying assets,M,Others (miscellaneous),Option style and type,A,European-Call,Valuation method or trigger,D,Digital (Binary),Delivery,C,Cash,Single,DE0008469008,EUR,USD,CALL,EURO,Digital (Binary),Cash,,,,,,,,,,,,,,,,,,,,,,,,,,,,,,,,,,,
1,Other,Option,Non_Standard,UPI,QZPTW0VZCR5C,New,,2024-09-13T16:58:11,HMMAMC,NA/O Oth Nstd,ESTX 50 PR INDEX,EUR USD,Other,European-Call,2021,Current,HMMAMC,H,Non-listed and complex listed options,M,Others (miscellaneous),Underlying assets,M,Others (miscellaneous),Option style and type,A,European-Call,Valuation method or trigger,M,Others (miscellaneous),Delivery,C,Cash,2015,Previous,HMMAMC,H,Non-listed and complex listed options,M,Others (miscellaneous),Underlying assets,M,Others (miscellaneous),Option style and type,A,European-Call,Valuation method or trigger,M,Others (miscellaneous),Delivery,C,Cash,Single,EU0009658145,EUR,USD,CALL,EURO,Other,Cash,,,,,,,,,,,,,,,,,,,,,,,,,,,,,,,,,,,
1,Other,Option,Non_Standard,UPI,QZT1DM84BBXW,New,,2024-09-13T16:58:08,HMMADC,NA/O Oth Nstd,Basket,EUR USD,Other,European-Call,2021,Current,HMMADC,H,Non-listed and complex listed options,M,Others (miscellaneous),Underlying assets,M,Others (miscellaneous),Option style and type,A,European-Call,Valuation method or trigger,D,Digital (Binary),Delivery,C,Cash,2015,Previous,HMMADC,H,Non-listed and complex listed options,M,Others (miscellaneous),Underlying assets,M,Others (miscellaneous),Option style and type,A,European-Call,Valuation method or trigger,D,Digital (Binary),Delivery,C,Cash,Basket,,EUR,USD,CALL,EURO,Digital (Binary),Cash,,,,,,,,,,,,,,,,,,,,,,,,,,,,,,,,,,,
1,Other,Option,Non_Standard,UPI,QZ5FNN77QPPD,New,,2024-09-13T16:58:05,HMMADC,NA/O Oth Nstd,STXE 600 UTILITIES PR.EUR,EUR USD,Other,European-Call,2021,Current,HMMADC,H,Non-listed and complex listed options,M,Others (miscellaneous),Underlying assets,M,Others (miscellaneous),Option style and type,A,European-Call,Valuation method or trigger,D,Digital (Binary),Delivery,C,Cash,2015,Previous,HMMADC,H,Non-listed and complex listed options,M,Others (miscellaneous),Underlying assets,M,Others (miscellaneous),Option style and type,A,European-Call,Valuation method or trigger,D,Digital (Binary),Delivery,C,Cash,Single,EU0009658962,EUR,USD,CALL,EURO,Digital (Binary),Cash,,,,,,,,,,,,,,,,,,,,,,,,,,,,,,,,,,,
1,Other,Option,Non_Standard,UPI,QZH94RMF762W,New,,2024-09-13T16:58:00,HMMDMC,NA/O Oth Nstd,ESTX 50 PR INDEX,EUR USD,Other,European-Put,2021,Current,HMMDMC,H,Non-listed and complex listed options,M,Others (miscellaneous),Underlying assets,M,Others (miscellaneous),Option style and type,D,European-Put,Valuation method or trigger,M,Others (miscellaneous),Delivery,C,Cash,2015,Previous,HMMDMC,H,Non-listed and complex listed options,M,Others (miscellaneous),Underlying assets,M,Others (miscellaneous),Option style and type,D,European-Put,Valuation method or trigger,M,Others (miscellaneous),Delivery,C,Cash,Single,EU0009658145,EUR,USD,PUTO,EURO,Other,Cash,,,,,,,,,,,,,,,,,,,,,,,,,,,,,,,,,,,
1,Other,Option,Non_Standard,UPI,QZSX7S655JF3,New,,2024-09-12T15:18:45,HMMADC,NA/O Oth Nstd,S&P 500 INDEX,EUR USD,Other,European-Call,2021,Current,HMMADC,H,Non-listed and complex listed options,M,Others (miscellaneous),Underlying assets,M,Others (miscellaneous),Option style and type,A,European-Call,Valuation method or trigger,D,Digital (Binary),Delivery,C,Cash,2015,Previous,HMMADC,H,Non-listed and complex listed options,M,Others (miscellaneous),Underlying assets,M,Others (miscellaneous),Option style and type,A,European-Call,Valuation method or trigger,D,Digital (Binary),Delivery,C,Cash,Single,US78378X1072,EUR,USD,CALL,EURO,Digital (Binary),Cash,,,,,,,,,,,,,,,,,,,,,,,,,,,,,,,,,,,
1,Other,Option,Non_Standard,UPI,QZLM0FM5C126,New,,2024-09-12T15:18:01,HMMADC,NA/O Oth Nstd,ESTX BANKS PR.EUR,EUR USD,Other,European-Call,2021,Current,HMMADC,H,Non-listed and complex listed options,M,Others (miscellaneous),Underlying assets,M,Others (miscellaneous),Option style and type,A,European-Call,Valuation method or trigger,D,Digital (Binary),Delivery,C,Cash,2015,Previous,HMMADC,H,Non-listed and complex listed options,M,Others (miscellaneous),Underlying assets,M,Others (miscellaneous),Option style and type,A,European-Call,Valuation method or trigger,D,Digital (Binary),Delivery,C,Cash,Single,EU0009658426,EUR,USD,CALL,EURO,Digital (Binary),Cash,,,,,,,,,,,,,,,,,,,,,,,,,,,,,,,,,,,
1,Other,Option,Non_Standard,UPI,QZWQFZFGXRKS,New,,2024-09-12T14:38:40,HMMADC,NA/O Oth Nstd,INDEX - BOVESPA INDEX,BRL USD,Other,European-Call,2021,Current,HMMADC,H,Non-listed and complex listed options,M,Others (miscellaneous),Underlying assets,M,Others (miscellaneous),Option style and type,A,European-Call,Valuation method or trigger,D,Digital (Binary),Delivery,C,Cash,2015,Previous,HMMADC,H,Non-listed and complex listed options,M,Others (miscellaneous),Underlying assets,M,Others (miscellaneous),Option style and type,A,European-Call,Valuation method or trigger,D,Digital (Binary),Delivery,C,Cash,Single,BRIBOVINDM18,BRL,USD,CALL,EURO,Digital (Binary),Cash,USD,,,,,,,,,,,,,,,,,,,,,,,,,,,,,,,,,,
1,Other,Option,Non_Standard,UPI,QZ7LGNH80RMP,New,,2024-09-11T13:02:17,HMMGBC,NA/O Oth Nstd,,MXN USD,Other,European-Chooser,2021,Current,HMMGBC,H,Non-listed and complex listed options,M,Others (miscellaneous),Underlying assets,M,Others (miscellaneous),Option style and type,G,European-Chooser,Valuation method or trigger,B,Barrier,Delivery,C,Cash,2015,Previous,HMMGBC,H,Non-listed and complex listed options,M,Others (miscellaneous),Underlying assets,M,Others (miscellaneous),Option style and type,G,European-Chooser,Valuation method or trigger,B,Barrier,Delivery,C,Cash,,,MXN,USD,OPTL,EURO,Barrier,Cash,USD,,,,,,,,,,,,,,,,,,,,,,,,,,,,,,,,,,
1,Other,Option,Non_Standard,UPI,QZ2Q8PDSZZ9K,New,,2024-09-05T11:42:33,HMMBVP,NA/O Oth Nstd,CL B,,Other,American-Call,2021,Current,HMMBVP,H,Non-listed and complex listed options,M,Others (miscellaneous),Underlying assets,M,Others (miscellaneous),Option style and type,B,American-Call,Valuation method or trigger,V,Vanilla,Delivery,P,Physical,2015,Previous,HMMBVP,H,Non-listed and complex listed options,M,Others (miscellaneous),Underlying assets,M,Others (miscellaneous),Option style and type,B,American-Call,Valuation method or trigger,V,Vanilla,Delivery,P,Physical,Single,US6541061031,,,CALL,AMER,Vanilla,Physical,,,,,,,,,,,,,,,,,,,,,,,,,,,,,,,,,,,
1,Other,Option,Non_Standard,UPI,QZ499LDVTVTL,New,,2024-03-16T10:48:50,HMMDMA,NA/O Oth Nstd,,,Other,European-Put,2021,Current,HMMDMA,H,Non-listed and complex listed options,M,Others (miscellaneous),Underlying assets,M,Others (miscellaneous),Option style and type,D,European-Put,Valuation method or trigger,M,Others (miscellaneous),Delivery,A,Auction,2015,Previous,HMMDMA,H,Non-listed and complex listed options,M,Others (miscellaneous),Underlying assets,M,Others (miscellaneous),Option style and type,D,European-Put,Valuation method or trigger,M,Others (miscellaneous),Delivery,A,Auction,,,,,PUTO,EURO,Other,Auction,,EUR-EXT-CPI vs GBP-LIBOR-BBA,EUR,Single,EUR-EXT-CPI,3.0,MNTH,,,,,,GBP,,,,,,,,,,Single,GBP-LIBOR-BBA,3.0,YEAR,,,,,,,,,
1,Other,Option,Non_Standard,UPI,QZRHJQ2N6P5B,New,,2024-03-16T10:48:50,HMMDMP,NA/O Oth Nstd,,,Other,European-Put,2021,Current,HMMDMP,H,Non-listed and complex listed options,M,Others (miscellaneous),Underlying assets,M,Others (miscellaneous),Option style and type,D,European-Put,Valuation method or trigger,M,Others (miscellaneous),Delivery,P,Physical,2015,Previous,HMMDMP,H,Non-listed and complex listed options,M,Others (miscellaneous),Underlying assets,M,Others (miscellaneous),Option style and type,D,European-Put,Valuation method or trigger,M,Others (miscellaneous),Delivery,P,Physical,,,,,PUTO,EURO,Other,Physical,,EUR-EXT-CPI vs GBP-LIBOR-BBA,EUR,Single,EUR-EXT-CPI,3.0,MNTH,,,,,,GBP,,,,,,,,,,Single,GBP-LIBOR-BBA,3.0,YEAR,,,,,,,,,
1,Other,Option,Non_Standard,UPI,QZV7N0XCQZG0,New,,2024-03-16T10:48:47,HMMDMC,NA/O Oth Nstd,,,Other,European-Put,2021,Current,HMMDMC,H,Non-listed and complex listed options,M,Others (miscellaneous),Underlying assets,M,Others (miscellaneous),Option style and type,D,European-Put,Valuation method or trigger,M,Others (miscellaneous),Delivery,C,Cash,2015,Previous,HMMDMC,H,Non-listed and complex listed options,M,Others (miscellaneous),Underlying assets,M,Others (miscellaneous),Option style and type,D,European-Put,Valuation method or trigger,M,Others (miscellaneous),Delivery,C,Cash,,,,,PUTO,EURO,Other,Cash,,EUR-EXT-CPI vs GBP-LIBOR-BBA,EUR,Single,EUR-EXT-CPI,3.0,MNTH,,,,,,GBP,,,,,,,,,,Single,GBP-LIBOR-BBA,3.0,YEAR,,,,,,,,,
1,Other,Option,Non_Standard,UPI,QZHM2WM3NB01,New,,2024-03-16T10:48:46,HMMDPC,NA/O Oth Nstd,,,Other,European-Put,2021,Current,HMMDPC,H,Non-listed and complex listed options,M,Others (miscellaneous),Underlying assets,M,Others (miscellaneous),Option style and type,D,European-Put,Valuation method or trigger,P,Other path dependent,Delivery,C,Cash,2015,Previous,HMMDPC,H,Non-listed and complex listed options,M,Others (miscellaneous),Underlying assets,M,Others (miscellaneous),Option style and type,D,European-Put,Valuation method or trigger,P,Other path dependent,Delivery,C,Cash,,,,,PUTO,EURO,Other Path Dependent,Cash,,EUR-EXT-CPI vs GBP-LIBOR-BBA,EUR,Single,EUR-EXT-CPI,3.0,MNTH,,,,,,GBP,,,,,,,,,,Single,GBP-LIBOR-BBA,3.0,YEAR,,,,,,,,,
1,Other,Option,Non_Standard,UPI,QZBB906D3WPV,New,,2024-03-16T10:48:46,HMMDLC,NA/O Oth Nstd,,,Other,European-Put,2021,Current,HMMDLC,H,Non-listed and complex listed options,M,Others (miscellaneous),Underlying assets,M,Others (miscellaneous),Option style and type,D,European-Put,Valuation method or trigger,L,Lookback,Delivery,C,Cash,2015,Previous,HMMDLC,H,Non-listed and complex listed options,M,Others (miscellaneous),Underlying assets,M,Others (miscellaneous),Option style and type,D,European-Put,Valuation method or trigger,L,Lookback,Delivery,C,Cash,,,,,PUTO,EURO,Lookback,Cash,,EUR-EXT-CPI vs GBP-LIBOR-BBA,EUR,Single,EUR-EXT-CPI,3.0,MNTH,,,,,,GBP,,,,,,,,,,Single,GBP-LIBOR-BBA,3.0,YEAR,,,,,,,,,
1,Other,Option,Non_Standard,UPI,QZ34C8DJS5CZ,New,,2023-11-28T10:24:41,HMMGBC,NA/O Oth Nstd,,EUR PLN,Other,European-Chooser,2021,Current,HMMGBC,H,Non-listed and complex listed options,M,Others (miscellaneous),Underlying assets,M,Others (miscellaneous),Option style and type,G,European-Chooser,Valuation method or trigger,B,Barrier,Delivery,C,Cash,2015,Previous,HMMGBC,H,Non-listed and complex listed options,M,Others (miscellaneous),Underlying assets,M,Others (miscellaneous),Option style and type,G,European-Chooser,Valuation method or trigger,B,Barrier,Delivery,C,Cash,,,EUR,PLN,OPTL,EURO,Barrier,Cash,EUR,,,,,,,,,,,,,,,,,,,,,,,,,,,,,,,,,,
1,Other,Option,Non_Standard,UPI,QZ82QRCJLZ2X,New,,2023-11-27T09:02:26,HMMGBP,NA/O Oth Nstd,,AUD USD,Other,European-Chooser,2021,Current,HMMGBP,H,Non-listed and complex listed options,M,Others (miscellaneous),Underlying assets,M,Others (miscellaneous),Option style and type,G,European-Chooser,Valuation method or trigger,B,Barrier,Delivery,P,Physical,2015,Previous,HMMGBP,H,Non-listed and complex listed options,M,Others (miscellaneous),Underlying assets,M,Others (miscellaneous),Option style and type,G,European-Chooser,Valuation method or trigger,B,Barrier,Delivery,P,Physical,,,AUD,USD,OPTL,EURO,Barrier,Physical,,,,,,,,,,,,,,,,,,,,,,,,,,,,,,,,,,,
1,Other,Option,Non_Standard,UPI,QZF2VJZCZT3H,New,,2023-11-16T21:19:59,HMMGBC,NA/O Oth Nstd,,CHF JPY,Other,European-Chooser,2021,Current,HMMGBC,H,Non-listed and complex listed options,M,Others (miscellaneous),Underlying assets,M,Others (miscellaneous),Option style and type,G,European-Chooser,Valuation method or trigger,B,Barrier,Delivery,C,Cash,2015,Previous,HMMGBC,H,Non-listed and complex listed options,M,Others (miscellaneous),Underlying assets,M,Others (miscellaneous),Option style and type,G,European-Chooser,Valuation method or trigger,B,Barrier,Delivery,C,Cash,,,CHF,JPY,OPTL,EURO,Barrier,Cash,CHF,,,,,,,,,,,,,,,,,,,,,,,,,,,,,,,,,,
1,Other,Option,Non_Standard,UPI,QZ0538PNTMS0,New,,2023-11-16T11:28:01,HMMGBC,NA/O Oth Nstd,,AUD EUR,Other,European-Chooser,2021,Current,HMMGBC,H,Non-listed and complex listed options,M,Others (miscellaneous),Underlying assets,M,Others (miscellaneous),Option style and type,G,European-Chooser,Valuation method or trigger,B,Barrier,Delivery,C,Cash,2015,Previous,HMMGBC,H,Non-listed and complex listed options,M,Others (miscellaneous),Underlying assets,M,Others (miscellaneous),Option style and type,G,European-Chooser,Valuation method or trigger,B,Barrier,Delivery,C,Cash,,,AUD,EUR,OPTL,EURO,Barrier,Cash,EUR,,,,,,,,,,,,,,,,,,,,,,,,,,,,,,,,,,
1,Other,Option,Non_Standard,UPI,QZS06R1Z98CT,New,,2023-11-13T20:08:54,HMMGBC,NA/O Oth Nstd,,AUD JPY,Other,European-Chooser,2021,Current,HMMGBC,H,Non-listed and complex listed options,M,Others (miscellaneous),Underlying assets,M,Others (miscellaneous),Option style and type,G,European-Chooser,Valuation method or trigger,B,Barrier,Delivery,C,Cash,2015,Previous,HMMGBC,H,Non-listed and complex listed options,M,Others (miscellaneous),Underlying assets,M,Others (miscellaneous),Option style and type,G,European-Chooser,Valuation method or trigger,B,Barrier,Delivery,C,Cash,,,AUD,JPY,OPTL,EURO,Barrier,Cash,AUD,,,,,,,,,,,,,,,,,,,,,,,,,,,,,,,,,,
1,Other,Option,Non_Standard,UPI,QZGZPZ3QLHZM,New,,2023-11-13T02:14:16,HMMGBC,NA/O Oth Nstd,,INR USD,Other,European-Chooser,2021,Current,HMMGBC,H,Non-listed and complex listed options,M,Others (miscellaneous),Underlying assets,M,Others (miscellaneous),Option style and type,G,European-Chooser,Valuation method or trigger,B,Barrier,Delivery,C,Cash,2015,Previous,HMMGBC,H,Non-listed and complex listed options,M,Others (miscellaneous),Underlying assets,M,Others (miscellaneous),Option style and type,G,European-Chooser,Valuation method or trigger,B,Barrier,Delivery,C,Cash,,,INR,USD,OPTL,EURO,Barrier,Cash,USD,,,,,,,,,,,,,,,,,,,,,,,,,,,,,,,,,,
1,Other,Option,Non_Standard,UPI,QZ9F5TWXVMVM,New,,2023-11-13T02:14:16,HMMGBC,NA/O Oth Nstd,,CNY SGD,Other,European-Chooser,2021,Current,HMMGBC,H,Non-listed and complex listed options,M,Others (miscellaneous),Underlying assets,M,Others (miscellaneous),Option style and type,G,European-Chooser,Valuation method or trigger,B,Barrier,Delivery,C,Cash,2015,Previous,HMMGBC,H,Non-listed and complex listed options,M,Others (miscellaneous),Underlying assets,M,Others (miscellaneous),Option style and type,G,European-Chooser,Valuation method or trigger,B,Barrier,Delivery,C,Cash,,,CNY,SGD,OPTL,EURO,Barrier,Cash,SGD,,,,,,,,,,,,,,,,,,,,,,,,,,,,,,,,,,
1,Other,Option,Non_Standard,UPI,QZ7NRS7R7RWK,New,,2023-11-13T02:14:16,HMMGBC,NA/O Oth Nstd,,EUR USD,Other,European-Chooser,2021,Current,HMMGBC,H,Non-listed and complex listed options,M,Others (miscellaneous),Underlying assets,M,Others (miscellaneous),Option style and type,G,European-Chooser,Valuation method or trigger,B,Barrier,Delivery,C,Cash,2015,Previous,HMMGBC,H,Non-listed and complex listed options,M,Others (miscellaneous),Underlying assets,M,Others (miscellaneous),Option style and type,G,European-Chooser,Valuation method or trigger,B,Barrier,Delivery,C,Cash,,,EUR,USD,OPTL,EURO,Barrier,Cash,EUR,,,,,,,,,,,,,,,,,,,,,,,,,,,,,,,,,,
1,Other,Option,Non_Standard,UPI,QZCKN4CHM2NX,New,,2023-11-13T02:14:16,HMMBBP,NA/O Oth Nstd,,,Other,American-Call,2021,Current,HMMBBP,H,Non-listed and complex listed options,M,Others (miscellaneous),Underlying assets,M,Others (miscellaneous),Option style and type,B,American-Call,Valuation method or trigger,B,Barrier,Delivery,P,Physical,2015,Previous,HMMBBP,H,Non-listed and complex listed options,M,Others (miscellaneous),Underlying assets,M,Others (miscellaneous),Option style and type,B,American-Call,Valuation method or trigger,B,Barrier,Delivery,P,Physical,,,,,CALL,AMER,Barrier,Physical,,Basket,EUR,Basket,,,,,,,,,,,,,,,,,,,,,,,,,,,,,,,
1,Other,Option,Non_Standard,UPI,QZK2D26D5PP5,New,,2023-11-08T08:22:28,HMMGBP,NA/O Oth Nstd,,JPY USD,Other,European-Chooser,2021,Current,HMMGBP,H,Non-listed and complex listed options,M,Others (miscellaneous),Underlying assets,M,Others (miscellaneous),Option style and type,G,European-Chooser,Valuation method or trigger,B,Barrier,Delivery,P,Physical,2015,Previous,HMMGBP,H,Non-listed and complex listed options,M,Others (miscellaneous),Underlying assets,M,Others (miscellaneous),Option style and type,G,European-Chooser,Valuation method or trigger,B,Barrier,Delivery,P,Physical,,,JPY,USD,OPTL,EURO,Barrier,Physical,,,,,,,,,,,,,,,,,,,,,,,,,,,,,,,,,,,
1,Other,Option,Non_Standard,UPI,QZQ1B9FPVXRJ,New,,2025-09-17T13:27:10,HMMAMC,NA/O Oth Nstd,TOKYO STOCK PRICE INDEX (TOPIX),,Other,European-Call,2021,Current,HMMAMC,H,Non-listed and complex listed options,M,Others (miscellaneous),Underlying assets,M,Others (miscellaneous),Option style and type,A,European-Call,Valuation method or trigger,M,Others (miscellaneous),Delivery,C,Cash,2015,Previous,HMMAMC,H,Non-listed and complex listed options,M,Others (miscellaneous),Underlying assets,M,Others (miscellaneous),Option style and type,A,European-Call,Valuation method or trigger,M,Others (miscellaneous),Delivery,C,Cash,Single,JP9010100007,,,CALL,EURO,Other,Cash,,JPY-TONA,JPY,Single,JPY-TONA,10.0,YEAR,,,,,,,,,,,,,,,,,,,,,,,,,,,,
1,Other,Option,Non_Standard,UPI,QZ4C6BMF4H74,New,,2025-09-17T13:26:58,HMMADC,NA/O Oth Nstd,,JPY USD,Other,European-Call,2021,Current,HMMADC,H,Non-listed and complex listed options,M,Others (miscellaneous),Underlying assets,M,Others (miscellaneous),Option style and type,A,European-Call,Valuation method or trigger,D,Digital (Binary),Delivery,C,Cash,2015,Previous,HMMADC,H,Non-listed and complex listed options,M,Others (miscellaneous),Underlying assets,M,Others (miscellaneous),Option style and type,A,European-Call,Valuation method or trigger,D,Digital (Binary),Delivery,C,Cash,,,JPY,USD,CALL,EURO,Digital (Binary),Cash,,JPY-TONA,USD,Single,JPY-TONA,2.0,YEAR,,,,,,,,,,,,,,,,,,,,,,,,,,,,
1,Other,Option,Non_Standard,UPI,QZ3NMSRPBHZM,New,,2025-09-17T13:26:58,HMMADC,NA/O Oth Nstd,NIKKEI 225,JPY USD,Other,European-Call,2021,Current,HMMADC,H,Non-listed and complex listed options,M,Others (miscellaneous),Underlying assets,M,Others (miscellaneous),Option style and type,A,European-Call,Valuation method or trigger,D,Digital (Binary),Delivery,C,Cash,2015,Previous,HMMADC,H,Non-listed and complex listed options,M,Others (miscellaneous),Underlying assets,M,Others (miscellaneous),Option style and type,A,European-Call,Valuation method or trigger,D,Digital (Binary),Delivery,C,Cash,Single,JP9010C00002,JPY,USD,CALL,EURO,Digital (Binary),Cash,,JPY-TONA,USD,Single,JPY-TONA,5.0,YEAR,,,,,,,,,,,,,,,,,,,,,,,,,,,,
1,Other,Option,Non_Standard,UPI,QZ2PH41JNG65,New,,2025-09-17T13:26:34,HMMADC,NA/O Oth Nstd,NIKKEI 225,,Other,European-Call,2021,Current,HMMADC,H,Non-listed and complex listed options,M,Others (miscellaneous),Underlying assets,M,Others (miscellaneous),Option style and type,A,European-Call,Valuation method or trigger,D,Digital (Binary),Delivery,C,Cash,2015,Previous,HMMADC,H,Non-listed and complex listed options,M,Others (miscellaneous),Underlying assets,M,Others (miscellaneous),Option style and type,A,European-Call,Valuation method or trigger,D,Digital (Binary),Delivery,C,Cash,Single,JP9010C00002,,,CALL,EURO,Digital (Binary),Cash,,JPY-TONA,USD,Single,JPY-TONA,5.0,YEAR,,,,,,,,,,,,,,,,,,,,,,,,,,,,
1,Other,Option,Non_Standard,UPI,QZFQTHMHKZQ2,New,,2025-09-17T13:26:34,HMMADC,NA/O Oth Nstd,NIKKEI 225,,Other,European-Call,2021,Current,HMMADC,H,Non-listed and complex listed options,M,Others (miscellaneous),Underlying assets,M,Others (miscellaneous),Option style and type,A,European-Call,Valuation method or trigger,D,Digital (Binary),Delivery,C,Cash,2015,Previous,HMMADC,H,Non-listed and complex listed options,M,Others (miscellaneous),Underlying assets,M,Others (miscellaneous),Option style and type,A,European-Call,Valuation method or trigger,D,Digital (Binary),Delivery,C,Cash,Single,JP9010C00002,,,CALL,EURO,Digital (Binary),Cash,,JPY-TONA,JPY,Single,JPY-TONA,10.0,YEAR,,,,,,,,,,,,,,,,,,,,,,,,,,,,
1,Other,Option,Non_Standard,UPI,QZDRM0W7ZVC2,New,,2025-04-14T03:24:01,HMMADC,NA/O Oth Nstd,ESTX 50 PR INDEX,JPY USD,Other,European-Call,2021,Current,HMMADC,H,Non-listed and complex listed options,M,Others (miscellaneous),Underlying assets,M,Others (miscellaneous),Option style and type,A,European-Call,Valuation method or trigger,D,Digital (Binary),Delivery,C,Cash,2015,Previous,HMMADC,H,Non-listed and complex listed options,M,Others (miscellaneous),Underlying assets,M,Others (miscellaneous),Option style and type,A,European-Call,Valuation method or trigger,D,Digital (Binary),Delivery,C,Cash,Single,EU0009658145,JPY,USD,CALL,EURO,Digital (Binary),Cash,USD,,,,,,,,,,,,,,,,,,,,,,,,,,,,,,,,,,
1,Other,Option,Non_Standard,UPI,QZ5PTTH0NKDM,New,,2025-04-14T02:20:40,HMMADC,NA/O Oth Nstd,ESTX 50 PR INDEX,JPY USD,Other,European-Call,2021,Current,HMMADC,H,Non-listed and complex listed options,M,Others (miscellaneous),Underlying assets,M,Others (miscellaneous),Option style and type,A,European-Call,Valuation method or trigger,D,Digital (Binary),Delivery,C,Cash,2015,Previous,HMMADC,H,Non-listed and complex listed options,M,Others (miscellaneous),Underlying assets,M,Others (miscellaneous),Option style and type,A,European-Call,Valuation method or trigger,D,Digital (Binary),Delivery,C,Cash,Single,EU0009658145,JPY,USD,CALL,EURO,Digital (Binary),Cash,,,,,,,,,,,,,,,,,,,,,,,,,,,,,,,,,,,
1,Other,Option,Non_Standard,UPI,QZJ5QSGS027X,New,,2025-04-10T10:41:33,HMMADC,NA/O Oth Nstd,ESTX 50 PR INDEX,CNY USD,Other,European-Call,2021,Current,HMMADC,H,Non-listed and complex listed options,M,Others (miscellaneous),Underlying assets,M,Others (miscellaneous),Option style and type,A,European-Call,Valuation method or trigger,D,Digital (Binary),Delivery,C,Cash,2015,Previous,HMMADC,H,Non-listed and complex listed options,M,Others (miscellaneous),Underlying assets,M,Others (miscellaneous),Option style and type,A,European-Call,Valuation method or trigger,D,Digital (Binary),Delivery,C,Cash,Single,EU0009658145,CNY,USD,CALL,EURO,Digital (Binary),Cash,,,,,,,,,,,,,,,,,,,,,,,,,,,,,,,,,,,
1,Other,Option,Non_Standard,UPI,QZSPTDXT09XS,New,,2025-04-09T15:52:47,HMMADC,NA/O Oth Nstd,FTSE 100 INDEX,GBP USD,Other,European-Call,2021,Current,HMMADC,H,Non-listed and complex listed options,M,Others (miscellaneous),Underlying assets,M,Others (miscellaneous),Option style and type,A,European-Call,Valuation method or trigger,D,Digital (Binary),Delivery,C,Cash,2015,Previous,HMMADC,H,Non-listed and complex listed options,M,Others (miscellaneous),Underlying assets,M,Others (miscellaneous),Option style and type,A,European-Call,Valuation method or trigger,D,Digital (Binary),Delivery,C,Cash,Single,GB0001383545,GBP,USD,CALL,EURO,Digital (Binary),Cash,GBP,,,,,,,,,,,,,,,,,,,,,,,,,,,,,,,,,,
1,Other,Option,Non_Standard,UPI,QZJR8SCG67MS,New,,2025-04-09T15:41:41,HMMADC,NA/O Oth Nstd,FTSE 100 INDEX,GBP USD,Other,European-Call,2021,Current,HMMADC,H,Non-listed and complex listed options,M,Others (miscellaneous),Underlying assets,M,Others (miscellaneous),Option style and type,A,European-Call,Valuation method or trigger,D,Digital (Binary),Delivery,C,Cash,2015,Previous,HMMADC,H,Non-listed and complex listed options,M,Others (miscellaneous),Underlying assets,M,Others (miscellaneous),Option style and type,A,European-Call,Valuation method or trigger,D,Digital (Binary),Delivery,C,Cash,Single,GB0001383545,GBP,USD,CALL,EURO,Digital (Binary),Cash,,,,,,,,,,,,,,,,,,,,,,,,,,,,,,,,,,,
1,Other,Option,Non_Standard,UPI,QZ33NZDC3TP1,New,,2025-02-11T15:15:42,HMMADC,NA/O Oth Nstd,ESTX 50 PR INDEX,USD XAU,Other,European-Call,2021,Current,HMMADC,H,Non-listed and complex listed options,M,Others (miscellaneous),Underlying assets,M,Others (miscellaneous),Option style and type,A,European-Call,Valuation method or trigger,D,Digital (Binary),Delivery,C,Cash,2015,Previous,HMMADC,H,Non-listed and complex listed options,M,Others (miscellaneous),Underlying assets,M,Others (miscellaneous),Option style and type,A,European-Call,Valuation method or trigger,D,Digital (Binary),Delivery,C,Cash,Single,EU0009658145,USD,XAU,CALL,EURO,Digital (Binary),Cash,,,,,,,,,,,,,,,,,,,,,,,,,,,,,,,,,,,
1,Other,Option,Non_Standard,UPI,QZ6DFCL5VFZJ,New,,2025-02-11T14:39:20,HMMADC,NA/O Oth Nstd,ESTX 50 PR INDEX,USD XAU,Other,European-Call,2021,Current,HMMADC,H,Non-listed and complex listed options,M,Others (miscellaneous),Underlying assets,M,Others (miscellaneous),Option style and type,A,European-Call,Valuation method or trigger,D,Digital (Binary),Delivery,C,Cash,2015,Previous,HMMADC,H,Non-listed and complex listed options,M,Others (miscellaneous),Underlying assets,M,Others (miscellaneous),Option style and type,A,European-Call,Valuation method or trigger,D,Digital (Binary),Delivery,C,Cash,Single,EU0009658145,USD,XAU,CALL,EURO,Digital (Binary),Cash,USD,,,,,,,,,,,,,,,,,,,,,,,,,,,,,,,,,,
1,Other,Option,Non_Standard,UPI,QZ00MSS01854,New,,2025-02-03T16:35:45,HMMAMC,NA/O Oth Nstd,CHINA LARGE-CAP ETF,CNY USD,Other,European-Call,2021,Current,HMMAMC,H,Non-listed and complex listed options,M,Others (miscellaneous),Underlying assets,M,Others (miscellaneous),Option style and type,A,European-Call,Valuation method or trigger,M,Others (miscellaneous),Delivery,C,Cash,2015,Previous,HMMAMC,H,Non-listed and complex listed options,M,Others (miscellaneous),Underlying assets,M,Others (miscellaneous),Option style and type,A,European-Call,Valuation method or trigger,M,Others (miscellaneous),Delivery,C,Cash,Single,US4642871846,CNY,USD,CALL,EURO,Other,Cash,,,,,,,,,,,,,,,,,,,,,,,,,,,,,,,,,,,
1,Other,Option,Non_Standard,UPI,QZDJB96KJSKL,New,,2025-01-31T17:30:47,HMMADC,NA/O Oth Nstd,No name obtainable,GBP USD,Other,European-Call,2021,Current,HMMADC,H,Non-listed and complex listed options,M,Others (miscellaneous),Underlying assets,M,Others (miscellaneous),Option style and type,A,European-Call,Valuation method or trigger,D,Digital (Binary),Delivery,C,Cash,2015,Previous,HMMADC,H,Non-listed and complex listed options,M,Others (miscellaneous),Underlying assets,M,Others (miscellaneous),Option style and type,A,European-Call,Valuation method or trigger,D,Digital (Binary),Delivery,C,Cash,Single,US78463V1070,GBP,USD,CALL,EURO,Digital (Binary),Cash,,,,,,,,,,,,,,,,,,,,,,,,,,,,,,,,,,,
1,Other,Option,Non_Standard,UPI,QZJDQVCGFHSN,New,,2025-01-31T17:24:06,HMMADC,NA/O Oth Nstd,HANG SENG INDEX,CNY USD,Other,European-Call,2021,Current,HMMADC,H,Non-listed and complex listed options,M,Others (miscellaneous),Underlying assets,M,Others (miscellaneous),Option style and type,A,European-Call,Valuation method or trigger,D,Digital (Binary),Delivery,C,Cash,2015,Previous,HMMADC,H,Non-listed and complex listed options,M,Others (miscellaneous),Underlying assets,M,Others (miscellaneous),Option style and type,A,European-Call,Valuation method or trigger,D,Digital (Binary),Delivery,C,Cash,Single,HK0000004322,CNY,USD,CALL,EURO,Digital (Binary),Cash,,,,,,,,,,,,,,,,,,,,,,,,,,,,,,,,,,,
1,Other,Option,Non_Standard,UPI,QZSQ12DFV3VL,New,,2025-01-24T12:21:50,HMMADC,NA/O Oth Nstd,S&P 500 INDEX,JPY USD,Other,European-Call,2021,Current,HMMADC,H,Non-listed and complex listed options,M,Others (miscellaneous),Underlying assets,M,Others (miscellaneous),Option style and type,A,European-Call,Valuation method or trigger,D,Digital (Binary),Delivery,C,Cash,2015,Previous,HMMADC,H,Non-listed and complex listed options,M,Others (miscellaneous),Underlying assets,M,Others (miscellaneous),Option style and type,A,European-Call,Valuation method or trigger,D,Digital (Binary),Delivery,C,Cash,Single,US78378X1072,JPY,USD,CALL,EURO,Digital (Binary),Cash,USD,USD-SOFR ICE Swap Rate,USD,Single,USD-SOFR ICE Swap Rate,2.0,YEAR,,,,,,,,,,,,,,,,,,,,,,,,,,,,
1,Other,Option,Non_Standard,UPI,QZ3H5XFXBKN2,New,,2025-01-23T20:19:48,HMMADC,NA/O Oth Nstd,S&P 500 INDEX,CNY USD,Other,European-Call,2021,Current,HMMADC,H,Non-listed and complex listed options,M,Others (miscellaneous),Underlying assets,M,Others (miscellaneous),Option style and type,A,European-Call,Valuation method or trigger,D,Digital (Binary),Delivery,C,Cash,2015,Previous,HMMADC,H,Non-listed and complex listed options,M,Others (miscellaneous),Underlying assets,M,Others (miscellaneous),Option style and type,A,European-Call,Valuation method or trigger,D,Digital (Binary),Delivery,C,Cash,Single,US78378X1072,CNY,USD,CALL,EURO,Digital (Binary),Cash,USD,USD-SOFR ICE Swap Rate,USD,Single,USD-SOFR ICE Swap Rate,2.0,YEAR,,,,,,,,,,,,,,,,,,,,,,,,,,,,
1,Other,Option,Non_Standard,UPI,QZX395W44J22,New,,2025-01-23T15:00:39,HMMEBP,NA/O Oth Nstd,,,Other,American-Put,2021,Current,HMMEBP,H,Non-listed and complex listed options,M,Others (miscellaneous),Underlying assets,M,Others (miscellaneous),Option style and type,E,American-Put,Valuation method or trigger,B,Barrier,Delivery,P,Physical,2015,Previous,HMMEBP,H,Non-listed and complex listed options,M,Others (miscellaneous),Underlying assets,M,Others (miscellaneous),Option style and type,E,American-Put,Valuation method or trigger,B,Barrier,Delivery,P,Physical,,,,,PUTO,AMER,Barrier,Physical,,AED-EBOR-Reuters,USD,Single,AED-EBOR-Reuters,23.0,WEEK,,,,,,,,,,,,,,,,,,,,,,,,,,,,
1,Other,Option,Non_Standard,UPI,QZVD1JDCSMGB,New,,2025-01-23T13:57:20,HMMADC,NA/O Oth Nstd,NDX1,,Other,European-Call,2021,Current,HMMADC,H,Non-listed and complex listed options,M,Others (miscellaneous),Underlying assets,M,Others (miscellaneous),Option style and type,A,European-Call,Valuation method or trigger,D,Digital (Binary),Delivery,C,Cash,2015,Previous,HMMADC,H,Non-listed and complex listed options,M,Others (miscellaneous),Underlying assets,M,Others (miscellaneous),Option style and type,A,European-Call,Valuation method or trigger,D,Digital (Binary),Delivery,C,Cash,Single,US6311011026,,,CALL,EURO,Digital (Binary),Cash,,USD-SOFR ICE Swap Rate,USD,Single,USD-SOFR ICE Swap Rate,30.0,YEAR,,,,,,,,,,,,,,,,,,,,,,,,,,,,
1,Other,Option,Non_Standard,UPI,QZRHH8B13TW6,New,,2025-01-22T17:09:59,HMMDVC,NA/O Oth Nstd,,,Other,European-Put,2021,Current,HMMDVC,H,Non-listed and complex listed options,M,Others (miscellaneous),Underlying assets,M,Others (miscellaneous),Option style and type,D,European-Put,Valuation method or trigger,V,Vanilla,Delivery,C,Cash,2015,Previous,HMMDVC,H,Non-listed and complex listed options,M,Others (miscellaneous),Underlying assets,M,Others (miscellaneous),Option style and type,D,European-Put,Valuation method or trigger,V,Vanilla,Delivery,C,Cash,,,,,PUTO,EURO,Vanilla,Cash,,EUR-EURIBOR ICE Swap Rate-11:00 vs EUR-EURIBOR ICE Swap Rate-11:00,EUR,Single,EUR-EURIBOR ICE Swap Rate-11:00,2.0,YEAR,,,,,,,,,,,,,,,,Single,EUR-EURIBOR ICE Swap Rate-11:00,10.0,YEAR,,,,,,,,,
1,Other,Option,Non_Standard,UPI,QZP3VGFZTNCW,New,,2024-09-13T17:00:19,HMMAMC,NA/O Oth Nstd,COM,EUR USD,Other,European-Call,2021,Current,HMMAMC,H,Non-listed and complex listed options,M,Others (miscellaneous),Underlying assets,M,Others (miscellaneous),Option style and type,A,European-Call,Valuation method or trigger,M,Others (miscellaneous),Delivery,C,Cash,2015,Previous,HMMAMC,H,Non-listed and complex listed options,M,Others (miscellaneous),Underlying assets,M,Others (miscellaneous),Option style and type,A,European-Call,Valuation method or trigger,M,Others (miscellaneous),Delivery,C,Cash,Single,US67066G1040,EUR,USD,CALL,EURO,Other,Cash,,,,,,,,,,,,,,,,,,,,,,,,,,,,,,,,,,,
1,Other,Option,Non_Standard,UPI,QZS1J2F9ZZXP,New,,2024-09-13T17:00:06,HMMDMC,NA/O Oth Nstd,ESTX BANKS PR.EUR,EUR USD,Other,European-Put,2021,Current,HMMDMC,H,Non-listed and complex listed options,M,Others (miscellaneous),Underlying assets,M,Others (miscellaneous),Option style and type,D,European-Put,Valuation method or trigger,M,Others (miscellaneous),Delivery,C,Cash,2015,Previous,HMMDMC,H,Non-listed and complex listed options,M,Others (miscellaneous),Underlying assets,M,Others (miscellaneous),Option style and type,D,European-Put,Valuation method or trigger,M,Others (miscellaneous),Delivery,C,Cash,Single,EU0009658426,EUR,USD,PUTO,EURO,Other,Cash,,,,,,,,,,,,,,,,,,,,,,,,,,,,,,,,,,,
1,Other,Option,Non_Standard,UPI,QZMZ8TT7JDF8,New,,2024-09-13T17:00:00,HMMADC,NA/O Oth Nstd,Basket,JPY USD,Other,European-Call,2021,Current,HMMADC,H,Non-listed and complex listed options,M,Others (miscellaneous),Underlying assets,M,Others (miscellaneous),Option style and type,A,European-Call,Valuation method or trigger,D,Digital (Binary),Delivery,C,Cash,2015,Previous,HMMADC,H,Non-listed and complex listed options,M,Others (miscellaneous),Underlying assets,M,Others (miscellaneous),Option style and type,A,European-Call,Valuation method or trigger,D,Digital (Binary),Delivery,C,Cash,Basket,,JPY,USD,CALL,EURO,Digital (Binary),Cash,,,,,,,,,,,,,,,,,,,,,,,,,,,,,,,,,,,
1,Other,Option,Non_Standard,UPI,QZ362XVD8QDT,New,,2024-09-13T16:59:37,HMMADC,NA/O Oth Nstd,NIKKEI 225,JPY USD,Other,European-Call,2021,Current,HMMADC,H,Non-listed and complex listed options,M,Others (miscellaneous),Underlying assets,M,Others (miscellaneous),Option style and type,A,European-Call,Valuation method or trigger,D,Digital (Binary),Delivery,C,Cash,2015,Previous,HMMADC,H,Non-listed and complex listed options,M,Others (miscellaneous),Underlying assets,M,Others (miscellaneous),Option style and type,A,European-Call,Valuation method or trigger,D,Digital (Binary),Delivery,C,Cash,Single,JP9010C00002,JPY,USD,CALL,EURO,Digital (Binary),Cash,,,,,,,,,,,,,,,,,,,,,,,,,,,,,,,,,,,
1,Other,Option,Non_Standard,UPI,QZPVB6QJRLWS,New,,2024-09-13T16:58:38,HMMADC,NA/O Oth Nstd,FINANCIAL,EUR USD,Other,European-Call,2021,Current,HMMADC,H,Non-listed and complex listed options,M,Others (miscellaneous),Underlying assets,M,Others (miscellaneous),Option style and type,A,European-Call,Valuation method or trigger,D,Digital (Binary),Delivery,C,Cash,2015,Previous,HMMADC,H,Non-listed and complex listed options,M,Others (miscellaneous),Underlying assets,M,Others (miscellaneous),Option style and type,A,European-Call,Valuation method or trigger,D,Digital (Binary),Delivery,C,Cash,Single,US81369Y6059,EUR,USD,CALL,EURO,Digital (Binary),Cash,,,,,,,,,,,,,,,,,,,,,,,,,,,,,,,,,,,
1,Other,Option,Non_Standard,UPI,QZ8DMNRQ4S31,New,,2024-07-20T00:29:37,HMMADC,NA/O Oth Nstd,S&P 500 INDEX,,Other,European-Call,2021,Current,HMMADC,H,Non-listed and complex listed options,M,Others (miscellaneous),Underlying assets,M,Others (miscellaneous),Option style and type,A,European-Call,Valuation method or trigger,D,Digital (Binary),Delivery,C,Cash,2015,Previous,HMMADC,H,Non-listed and complex listed options,M,Others (miscellaneous),Underlying assets,M,Others (miscellaneous),Option style and type,A,European-Call,Valuation method or trigger,D,Digital (Binary),Delivery,C,Cash,Single,US78378X1072,,,CALL,EURO,Digital (Binary),Cash,,USD-SOFR ICE Swap Rate,USD,Single,USD-SOFR ICE Swap Rate,10.0,YEAR,,,,,,,,,,,,,,,,,,,,,,,,,,,,
1,Other,Option,Non_Standard,UPI,QZZ20RG9DG8W,New,,2024-07-20T00:29:36,HMMADC,NA/O Oth Nstd,S&P 500 INDEX,,Other,European-Call,2021,Current,HMMADC,H,Non-listed and complex listed options,M,Others (miscellaneous),Underlying assets,M,Others (miscellaneous),Option style and type,A,European-Call,Valuation method or trigger,D,Digital (Binary),Delivery,C,Cash,2015,Previous,HMMADC,H,Non-listed and complex listed options,M,Others (miscellaneous),Underlying assets,M,Others (miscellaneous),Option style and type,A,European-Call,Valuation method or trigger,D,Digital (Binary),Delivery,C,Cash,Single,US78378X1072,,,CALL,EURO,Digital (Binary),Cash,,USD-SOFR ICE Swap Rate,USD,Single,USD-SOFR ICE Swap Rate,1.0,YEAR,,,,,,,,,,,,,,,,,,,,,,,,,,,,
1,Other,Option,Non_Standard,UPI,QZFKP7CNGMQQ,New,,2024-07-20T00:13:13,HMMADC,NA/O Oth Nstd,ESTX 50 PR INDEX,EUR USD,Other,European-Call,2021,Current,HMMADC,H,Non-listed and complex listed options,M,Others (miscellaneous),Underlying assets,M,Others (miscellaneous),Option style and type,A,European-Call,Valuation method or trigger,D,Digital (Binary),Delivery,C,Cash,2015,Previous,HMMADC,H,Non-listed and complex listed options,M,Others (miscellaneous),Underlying assets,M,Others (miscellaneous),Option style and type,A,European-Call,Valuation method or trigger,D,Digital (Binary),Delivery,C,Cash,Single,EU0009658145,EUR,USD,CALL,EURO,Digital (Binary),Cash,EUR,,,,,,,,,,,,,,,,,,,,,,,,,,,,,,,,,,
1,Other,Option,Non_Standard,UPI,QZB337VLZRZD,New,,2024-07-19T23:49:19,HMMADC,NA/O Oth Nstd,S&P 500 INDEX,JPY USD,Other,European-Call,2021,Current,HMMADC,H,Non-listed and complex listed options,M,Others (miscellaneous),Underlying assets,M,Others (miscellaneous),Option style and type,A,European-Call,Valuation method or trigger,D,Digital (Binary),Delivery,C,Cash,2015,Previous,HMMADC,H,Non-listed and complex listed options,M,Others (miscellaneous),Underlying assets,M,Others (miscellaneous),Option style and type,A,European-Call,Valuation method or trigger,D,Digital (Binary),Delivery,C,Cash,Single,US78378X1072,JPY,USD,CALL,EURO,Digital (Binary),Cash,USD,,,,,,,,,,,,,,,,,,,,,,,,,,,,,,,,,,
1,Other,Option,Non_Standard,UPI,QZ0WP86WGT08,New,,2024-07-19T22:00:50,HMMADC,NA/O Oth Nstd,No name obtainable,CHF USD,Other,European-Call,2021,Current,HMMADC,H,Non-listed and complex listed options,M,Others (miscellaneous),Underlying assets,M,Others (miscellaneous),Option style and type,A,European-Call,Valuation method or trigger,D,Digital (Binary),Delivery,C,Cash,2015,Previous,HMMADC,H,Non-listed and complex listed options,M,Others (miscellaneous),Underlying assets,M,Others (miscellaneous),Option style and type,A,European-Call,Valuation method or trigger,D,Digital (Binary),Delivery,C,Cash,Single,US78463V1070,CHF,USD,CALL,EURO,Digital (Binary),Cash,USD,,,,,,,,,,,,,,,,,,,,,,,,,,,,,,,,,,
1,Other,Option,Non_Standard,UPI,QZHHT0SRMD24,New,,2023-12-15T12:52:44,HMMGBC,NA/O Oth Nstd,,CNY JPY,Other,European-Chooser,2021,Current,HMMGBC,H,Non-listed and complex listed options,M,Others (miscellaneous),Underlying assets,M,Others (miscellaneous),Option style and type,G,European-Chooser,Valuation method or trigger,B,Barrier,Delivery,C,Cash,2015,Previous,HMMGBC,H,Non-listed and complex listed options,M,Others (miscellaneous),Underlying assets,M,Others (miscellaneous),Option style and type,G,European-Chooser,Valuation method or trigger,B,Barrier,Delivery,C,Cash,,,CNY,JPY,OPTL,EURO,Barrier,Cash,CNY,,,,,,,,,,,,,,,,,,,,,,,,,,,,,,,,,,
1,Other,Option,Non_Standard,UPI,QZBCZ45XBX3B,New,,2023-12-15T12:52:43,HMMGBC,NA/O Oth Nstd,,AUD CAD,Other,European-Chooser,2021,Current,HMMGBC,H,Non-listed and complex listed options,M,Others (miscellaneous),Underlying assets,M,Others (miscellaneous),Option style and type,G,European-Chooser,Valuation method or trigger,B,Barrier,Delivery,C,Cash,2015,Previous,HMMGBC,H,Non-listed and complex listed options,M,Others (miscellaneous),Underlying assets,M,Others (miscellaneous),Option style and type,G,European-Chooser,Valuation method or trigger,B,Barrier,Delivery,C,Cash,,,AUD,CAD,OPTL,EURO,Barrier,Cash,AUD,,,,,,,,,,,,,,,,,,,,,,,,,,,,,,,,,,
1,Other,Option,Non_Standard,UPI,QZJWG4KTQDN3,New,,2023-12-15T12:52:41,HMMBBP,NA/O Oth Nstd,,,Other,American-Call,2021,Current,HMMBBP,H,Non-listed and complex listed options,M,Others (miscellaneous),Underlying assets,M,Others (miscellaneous),Option style and type,B,American-Call,Valuation method or trigger,B,Barrier,Delivery,P,Physical,2015,Previous,HMMBBP,H,Non-listed and complex listed options,M,Others (miscellaneous),Underlying assets,M,Others (miscellaneous),Option style and type,B,American-Call,Valuation method or trigger,B,Barrier,Delivery,P,Physical,,,,,CALL,AMER,Barrier,Physical,,OTHER,EUR,Single,OTHER,20.0,DAYS,,,,,,,,,,,,,,,,,,,,,,,,,,,,
1,Other,Option,Non_Standard,UPI,QZFZJZC7LRHL,New,,2023-12-15T12:52:41,HMMGBC,NA/O Oth Nstd,,AUD NZD,Other,European-Chooser,2021,Current,HMMGBC,H,Non-listed and complex listed options,M,Others (miscellaneous),Underlying assets,M,Others (miscellaneous),Option style and type,G,European-Chooser,Valuation method or trigger,B,Barrier,Delivery,C,Cash,2015,Previous,HMMGBC,H,Non-listed and complex listed options,M,Others (miscellaneous),Underlying assets,M,Others (miscellaneous),Option style and type,G,European-Chooser,Valuation method or trigger,B,Barrier,Delivery,C,Cash,,,AUD,NZD,OPTL,EURO,Barrier,Cash,AUD,,,,,,,,,,,,,,,,,,,,,,,,,,,,,,,,,,
1,Other,Option,Non_Standard,UPI,QZ9Z86LBHKC9,New,,2023-12-05T02:27:33,HMMGBC,NA/O Oth Nstd,,CAD JPY,Other,European-Chooser,2021,Current,HMMGBC,H,Non-listed and complex listed options,M,Others (miscellaneous),Underlying assets,M,Others (miscellaneous),Option style and type,G,European-Chooser,Valuation method or trigger,B,Barrier,Delivery,C,Cash,2015,Previous,HMMGBC,H,Non-listed and complex listed options,M,Others (miscellaneous),Underlying assets,M,Others (miscellaneous),Option style and type,G,European-Chooser,Valuation method or trigger,B,Barrier,Delivery,C,Cash,,,CAD,JPY,OPTL,EURO,Barrier,Cash,CAD,,,,,,,,,,,,,,,,,,,,,,,,,,,,,,,,,,
1,Other,Option,Non_Standard,UPI,QZ85BR2JZW7Q,New,,2023-11-07T10:00:56,HMMGBP,NA/O Oth Nstd,,GBP USD,Other,European-Chooser,2021,Current,HMMGBP,H,Non-listed and complex listed options,M,Others (miscellaneous),Underlying assets,M,Others (miscellaneous),Option style and type,G,European-Chooser,Valuation method or trigger,B,Barrier,Delivery,P,Physical,2015,Previous,HMMGBP,H,Non-listed and complex listed options,M,Others (miscellaneous),Underlying assets,M,Others (miscellaneous),Option style and type,G,European-Chooser,Valuation method or trigger,B,Barrier,Delivery,P,Physical,,,GBP,USD,OPTL,EURO,Barrier,Physical,,,,,,,,,,,,,,,,,,,,,,,,,,,,,,,,,,,
1,Other,Option,Non_Standard,UPI,QZD76ZBLKMSK,New,,2023-11-07T09:25:27,HMMGBP,NA/O Oth Nstd,,EUR USD,Other,European-Chooser,2021,Current,HMMGBP,H,Non-listed and complex listed options,M,Others (miscellaneous),Underlying assets,M,Others (miscellaneous),Option style and type,G,European-Chooser,Valuation method or trigger,B,Barrier,Delivery,P,Physical,2015,Previous,HMMGBP,H,Non-listed and complex listed options,M,Others (miscellaneous),Underlying assets,M,Others (miscellaneous),Option style and type,G,European-Chooser,Valuation method or trigger,B,Barrier,Delivery,P,Physical,,,EUR,USD,OPTL,EURO,Barrier,Physical,,,,,,,,,,,,,,,,,,,,,,,,,,,,,,,,,,,
1,Other,Option,Non_Standard,UPI,QZVKS4R5B0HV,New,,2023-11-07T06:20:05,HMMGBC,NA/O Oth Nstd,,JPY USD,Other,European-Chooser,2021,Current,HMMGBC,H,Non-listed and complex listed options,M,Others (miscellaneous),Underlying assets,M,Others (miscellaneous),Option style and type,G,European-Chooser,Valuation method or trigger,B,Barrier,Delivery,C,Cash,2015,Previous,HMMGBC,H,Non-listed and complex listed options,M,Others (miscellaneous),Underlying assets,M,Others (miscellaneous),Option style and type,G,European-Chooser,Valuation method or trigger,B,Barrier,Delivery,C,Cash,,,JPY,USD,OPTL,EURO,Barrier,Cash,USD,,,,,,,,,,,,,,,,,,,,,,,,,,,,,,,,,,
1,Other,Option,Non_Standard,UPI,QZZSCD3CJCNM,New,,2023-11-06T03:02:13,HMMGBC,NA/O Oth Nstd,,CNY USD,Other,European-Chooser,2021,Current,HMMGBC,H,Non-listed and complex listed options,M,Others (miscellaneous),Underlying assets,M,Others (miscellaneous),Option style and type,G,European-Chooser,Valuation method or trigger,B,Barrier,Delivery,C,Cash,2015,Previous,HMMGBC,H,Non-listed and complex listed options,M,Others (miscellaneous),Underlying assets,M,Others (miscellaneous),Option style and type,G,European-Chooser,Valuation method or trigger,B,Barrier,Delivery,C,Cash,,,CNY,USD,OPTL,EURO,Barrier,Cash,USD,,,,,,,,,,,,,,,,,,,,,,,,,,,,,,,,,,
1,Other,Option,Non_Standard,UPI,QZ0PF7JGZ2HJ,Updated,Correction to Underlier Name,2024-01-23T04:13:07,HMMEMP,NA/O Oth Nstd,,,Other,American-Put,2021,Current,HMMEMP,H,Non-listed and complex listed options,M,Others (miscellaneous),Underlying assets,M,Others (miscellaneous),Option style and type,E,American-Put,Valuation method or trigger,M,Others (miscellaneous),Delivery,P,Physical,2015,Previous,HMMEMP,H,Non-listed and complex listed options,M,Others (miscellaneous),Underlying assets,M,Others (miscellaneous),Option style and type,E,American-Put,Valuation method or trigger,M,Others (miscellaneous),Delivery,P,Physical,,,,,PUTO,AMER,Other,Physical,,,,,,,,,,,,,,MERRILL LYNCH INTERNATIONAL,Single,,,,,,,,,,,,,,SNDB,,,,,GGDZP1UYGU9STUHRDP48,
1,Other,Option,Non_Standard,UPI,QZ3L73TTXTD6,New,,2025-06-12T16:37:01,HMMDVC,NA/O Oth Nstd,,,Other,European-Put,2021,Current,HMMDVC,H,Non-listed and complex listed options,M,Others (miscellaneous),Underlying assets,M,Others (miscellaneous),Option style and type,D,European-Put,Valuation method or trigger,V,Vanilla,Delivery,C,Cash,2015,Previous,HMMDVC,H,Non-listed and complex listed options,M,Others (miscellaneous),Underlying assets,M,Others (miscellaneous),Option style and type,D,European-Put,Valuation method or trigger,V,Vanilla,Delivery,C,Cash,,,,,PUTO,EURO,Vanilla,Cash,,EUR-EURIBOR ICE Swap Rate-11:00 vs EUR-EURIBOR ICE Swap Rate-11:00,EUR,Single,EUR-EURIBOR ICE Swap Rate-11:00,5.0,YEAR,,,,,,,,,,,,,,,,Single,EUR-EURIBOR ICE Swap Rate-11:00,30.0,YEAR,,,,,,,,,
1,Other,Option,Non_Standard,UPI,QZFFM5P74PH0,New,,2025-06-11T15:10:29,HMMADC,NA/O Oth Nstd,INDEX,GBP USD,Other,European-Call,2021,Current,HMMADC,H,Non-listed and complex listed options,M,Others (miscellaneous),Underlying assets,M,Others (miscellaneous),Option style and type,A,European-Call,Valuation method or trigger,D,Digital (Binary),Delivery,C,Cash,2015,Previous,HMMADC,H,Non-listed and complex listed options,M,Others (miscellaneous),Underlying assets,M,Others (miscellaneous),Option style and type,A,European-Call,Valuation method or trigger,D,Digital (Binary),Delivery,C,Cash,Single,US7827001089,GBP,USD,CALL,EURO,Digital (Binary),Cash,USD,USD-SOFR ICE Swap Rate,USD,Single,USD-SOFR ICE Swap Rate,30.0,YEAR,,,,,,,,,,,,,,,,,,,,,,,,,,,,
1,Other,Option,Non_Standard,UPI,QZ0WHC6CX6QZ,New,,2025-06-10T08:18:57,HMMDVC,NA/O Oth Nstd,,,Other,European-Put,2021,Current,HMMDVC,H,Non-listed and complex listed options,M,Others (miscellaneous),Underlying assets,M,Others (miscellaneous),Option style and type,D,European-Put,Valuation method or trigger,V,Vanilla,Delivery,C,Cash,2015,Previous,HMMDVC,H,Non-listed and complex listed options,M,Others (miscellaneous),Underlying assets,M,Others (miscellaneous),Option style and type,D,European-Put,Valuation method or trigger,V,Vanilla,Delivery,C,Cash,,,,,PUTO,EURO,Vanilla,Cash,,EUR-ISDA-EURIBOR Swap Rate-11:00 vs EUR-ISDA-EURIBOR Swap Rate-11:00,EUR,Single,EUR-ISDA-EURIBOR Swap Rate-11:00,10.0,YEAR,,,,,,,,,,,,,,,,Single,EUR-ISDA-EURIBOR Swap Rate-11:00,30.0,YEAR,,,,,,,,,
1,Other,Option,Non_Standard,UPI,QZH37C5ZD0T9,New,,2025-06-10T08:18:56,HMMAVC,NA/O Oth Nstd,,,Other,European-Call,2021,Current,HMMAVC,H,Non-listed and complex listed options,M,Others (miscellaneous),Underlying assets,M,Others (miscellaneous),Option style and type,A,European-Call,Valuation method or trigger,V,Vanilla,Delivery,C,Cash,2015,Previous,HMMAVC,H,Non-listed and complex listed options,M,Others (miscellaneous),Underlying assets,M,Others (miscellaneous),Option style and type,A,European-Call,Valuation method or trigger,V,Vanilla,Delivery,C,Cash,,,,,CALL,EURO,Vanilla,Cash,,EUR-ISDA-EURIBOR Swap Rate-11:00 vs EUR-ISDA-EURIBOR Swap Rate-11:00,EUR,Single,EUR-ISDA-EURIBOR Swap Rate-11:00,10.0,YEAR,,,,,,,,,,,,,,,,Single,EUR-ISDA-EURIBOR Swap Rate-11:00,30.0,YEAR,,,,,,,,,
1,Other,Option,Non_Standard,UPI,QZQC6NXXC4DP,New,,2025-06-09T17:29:03,HMMAVC,NA/O Oth Nstd,,,Other,European-Call,2021,Current,HMMAVC,H,Non-listed and complex listed options,M,Others (miscellaneous),Underlying assets,M,Others (miscellaneous),Option style and type,A,European-Call,Valuation method or trigger,V,Vanilla,Delivery,C,Cash,2015,Previous,HMMAVC,H,Non-listed and complex listed options,M,Others (miscellaneous),Underlying assets,M,Others (miscellaneous),Option style and type,A,European-Call,Valuation method or trigger,V,Vanilla,Delivery,C,Cash,,,,,CALL,EURO,Vanilla,Cash,,EUR-EURIBOR ICE Swap Rate-11:00 vs EUR-EURIBOR ICE Swap Rate-11:00,EUR,Single,EUR-EURIBOR ICE Swap Rate-11:00,5.0,YEAR,,,,,,,,,,,,,,,,Single,EUR-EURIBOR ICE Swap Rate-11:00,30.0,YEAR,,,,,,,,,
1,Other,Option,Non_Standard,UPI,QZDZK7CH4PQ9,New,,2025-01-08T15:10:15,HMMADC,NA/O Oth Nstd,S&P 500 INDEX,CNY USD,Other,European-Call,2021,Current,HMMADC,H,Non-listed and complex listed options,M,Others (miscellaneous),Underlying assets,M,Others (miscellaneous),Option style and type,A,European-Call,Valuation method or trigger,D,Digital (Binary),Delivery,C,Cash,2015,Previous,HMMADC,H,Non-listed and complex listed options,M,Others (miscellaneous),Underlying assets,M,Others (miscellaneous),Option style and type,A,European-Call,Valuation method or trigger,D,Digital (Binary),Delivery,C,Cash,Single,US78378X1072,CNY,USD,CALL,EURO,Digital (Binary),Cash,USD,USD-SOFR ICE Swap Rate,USD,Single,USD-SOFR ICE Swap Rate,5.0,YEAR,,,,,,,,,,,,,,,,,,,,,,,,,,,,
1,Other,Option,Non_Standard,UPI,QZGVB40GVND7,New,,2025-01-06T16:51:08,HMMADC,NA/O Oth Nstd,S&P REGL BKG ETF,EUR USD,Other,European-Call,2021,Current,HMMADC,H,Non-listed and complex listed options,M,Others (miscellaneous),Underlying assets,M,Others (miscellaneous),Option style and type,A,European-Call,Valuation method or trigger,D,Digital (Binary),Delivery,C,Cash,2015,Previous,HMMADC,H,Non-listed and complex listed options,M,Others (miscellaneous),Underlying assets,M,Others (miscellaneous),Option style and type,A,European-Call,Valuation method or trigger,D,Digital (Binary),Delivery,C,Cash,Single,US78464A6982,EUR,USD,CALL,EURO,Digital (Binary),Cash,USD,,,,,,,,,,,,,,,,,,,,,,,,,,,,,,,,,,
1,Other,Option,Non_Standard,UPI,QZ4Q0JM5VMT6,New,,2025-01-06T15:15:46,HMMADC,NA/O Oth Nstd,S&P REGL BKG ETF,EUR USD,Other,European-Call,2021,Current,HMMADC,H,Non-listed and complex listed options,M,Others (miscellaneous),Underlying assets,M,Others (miscellaneous),Option style and type,A,European-Call,Valuation method or trigger,D,Digital (Binary),Delivery,C,Cash,2015,Previous,HMMADC,H,Non-listed and complex listed options,M,Others (miscellaneous),Underlying assets,M,Others (miscellaneous),Option style and type,A,European-Call,Valuation method or trigger,D,Digital (Binary),Delivery,C,Cash,Single,US78464A6982,EUR,USD,CALL,EURO,Digital (Binary),Cash,,,,,,,,,,,,,,,,,,,,,,,,,,,,,,,,,,,
1,Other,Option,Non_Standard,UPI,QZ19L16QQ048,New,,2025-01-03T18:05:17,HMMDVC,NA/O Oth Nstd,,,Other,European-Put,2021,Current,HMMDVC,H,Non-listed and complex listed options,M,Others (miscellaneous),Underlying assets,M,Others (miscellaneous),Option style and type,D,European-Put,Valuation method or trigger,V,Vanilla,Delivery,C,Cash,2015,Previous,HMMDVC,H,Non-listed and complex listed options,M,Others (miscellaneous),Underlying assets,M,Others (miscellaneous),Option style and type,D,European-Put,Valuation method or trigger,V,Vanilla,Delivery,C,Cash,,,,,PUTO,EURO,Vanilla,Cash,,USD-SOFR ICE Swap Rate vs USD-SOFR ICE Swap Rate,USD,Single,USD-SOFR ICE Swap Rate,5.0,YEAR,,,,,,,,,,,,,,,,Single,USD-SOFR ICE Swap Rate,10.0,YEAR,,,,,,,,,
1,Other,Option,Non_Standard,UPI,QZMXH860P0XH,New,,2024-12-24T16:41:19,HMMADC,NA/O Oth Nstd,S&P 500 INDEX,CNY USD,Other,European-Call,2021,Current,HMMADC,H,Non-listed and complex listed options,M,Others (miscellaneous),Underlying assets,M,Others (miscellaneous),Option style and type,A,European-Call,Valuation method or trigger,D,Digital (Binary),Delivery,C,Cash,2015,Previous,HMMADC,H,Non-listed and complex listed options,M,Others (miscellaneous),Underlying assets,M,Others (miscellaneous),Option style and type,A,European-Call,Valuation method or trigger,D,Digital (Binary),Delivery,C,Cash,Single,US78378X1072,CNY,USD,CALL,EURO,Digital (Binary),Cash,USD,USD-SOFR ICE Swap Rate,USD,Single,USD-SOFR ICE Swap Rate,30.0,YEAR,,,,,,,,,,,,,,,,,,,,,,,,,,,,
1,Other,Option,Non_Standard,UPI,QZGFSZKG2KLH,New,,2025-05-13T15:59:00,HMMXMP,NA/O Oth Nstd,,,Other,Not applicable/undefined,2021,Current,HMMXMP,H,Non-listed and complex listed options,M,Others (miscellaneous),Underlying assets,M,Others (miscellaneous),Option style and type,X,N/A,Valuation method or trigger,M,Others (miscellaneous),Delivery,P,Physical,2015,Previous,HMMXMP,H,Non-listed and complex listed options,M,Others (miscellaneous),Underlying assets,M,Others (miscellaneous),Option style and type,X,N/A,Valuation method or trigger,M,Others (miscellaneous),Delivery,P,Physical,,,,,,,Other,Physical,,,,,,,,,,,,,,"JPMorgan Chase Bank, National Association",Single,,,,,,,,,,,,,,SNDB,,,,,7H6GLXDRUGQFU57RNE97,
1,Other,Option,Non_Standard,UPI,QZDC67S4WK9K,New,,2025-05-13T13:06:14,HMMADC,NA/O Oth Nstd,INDEX,,Other,European-Call,2021,Current,HMMADC,H,Non-listed and complex listed options,M,Others (miscellaneous),Underlying assets,M,Others (miscellaneous),Option style and type,A,European-Call,Valuation method or trigger,D,Digital (Binary),Delivery,C,Cash,2015,Previous,HMMADC,H,Non-listed and complex listed options,M,Others (miscellaneous),Underlying assets,M,Others (miscellaneous),Option style and type,A,European-Call,Valuation method or trigger,D,Digital (Binary),Delivery,C,Cash,Single,US7827001089,,,CALL,EURO,Digital (Binary),Cash,,USD-SOFR ICE Swap Rate,USD,Single,USD-SOFR ICE Swap Rate,30.0,YEAR,,,,,,,,,,,,,,,,,,,,,,,,,,,,
1,Other,Option,Non_Standard,UPI,QZL9PJ8TDPS8,New,,2025-05-13T06:54:39,HMMDGC,NA/O Oth Nstd,S&P 500 INDEX,,Other,European-Put,2021,Current,HMMDGC,H,Non-listed and complex listed options,M,Others (miscellaneous),Underlying assets,M,Others (miscellaneous),Option style and type,D,European-Put,Valuation method or trigger,G,Digital barrier,Delivery,C,Cash,2015,Previous,HMMDGC,H,Non-listed and complex listed options,M,Others (miscellaneous),Underlying assets,M,Others (miscellaneous),Option style and type,D,European-Put,Valuation method or trigger,G,Digital barrier,Delivery,C,Cash,Single,US78378X1072,,,PUTO,EURO,Digital Barrier,Cash,,,,,,,,GOLD-P.M. FIX,USD,Single,GOLD-P.M. FIX,METL,,,,,,,,,PRME,GOLD,,,,,,,,,,,,,
1,Other,Option,Non_Standard,UPI,QZ23LVRPKRH3,New,,2025-05-13T06:43:04,HMMDGC,NA/O Oth Nstd,NDX1,,Other,European-Put,2021,Current,HMMDGC,H,Non-listed and complex listed options,M,Others (miscellaneous),Underlying assets,M,Others (miscellaneous),Option style and type,D,European-Put,Valuation method or trigger,G,Digital barrier,Delivery,C,Cash,2015,Previous,HMMDGC,H,Non-listed and complex listed options,M,Others (miscellaneous),Underlying assets,M,Others (miscellaneous),Option style and type,D,European-Put,Valuation method or trigger,G,Digital barrier,Delivery,C,Cash,Single,US6311011026,,,PUTO,EURO,Digital Barrier,Cash,,,,,,,,GOLD-P.M. FIX,USD,Single,GOLD-P.M. FIX,METL,,,,,,,,,PRME,GOLD,,,,,,,,,,,,,
1,Other,Option,Non_Standard,UPI,QZ7Q15BBKC41,New,,2025-05-08T08:38:33,HMMADC,NA/O Oth Nstd,S&P 500 INDEX,AUD USD,Other,European-Call,2021,Current,HMMADC,H,Non-listed and complex listed options,M,Others (miscellaneous),Underlying assets,M,Others (miscellaneous),Option style and type,A,European-Call,Valuation method or trigger,D,Digital (Binary),Delivery,C,Cash,2015,Previous,HMMADC,H,Non-listed and complex listed options,M,Others (miscellaneous),Underlying assets,M,Others (miscellaneous),Option style and type,A,European-Call,Valuation method or trigger,D,Digital (Binary),Delivery,C,Cash,Single,US78378X1072,AUD,USD,CALL,EURO,Digital (Binary),Cash,USD,USD-SOFR ICE Swap Rate,USD,Single,USD-SOFR ICE Swap Rate,2.0,YEAR,,,,,,,,,,,,,,,,,,,,,,,,,,,,
1,Other,Option,Non_Standard,UPI,QZMQ9ZQ2QWZR,New,,2025-03-20T16:17:42,HMMADC,NA/O Oth Nstd,ESTX 50 PR INDEX,EUR MXN,Other,European-Call,2021,Current,HMMADC,H,Non-listed and complex listed options,M,Others (miscellaneous),Underlying assets,M,Others (miscellaneous),Option style and type,A,European-Call,Valuation method or trigger,D,Digital (Binary),Delivery,C,Cash,2015,Previous,HMMADC,H,Non-listed and complex listed options,M,Others (miscellaneous),Underlying assets,M,Others (miscellaneous),Option style and type,A,European-Call,Valuation method or trigger,D,Digital (Binary),Delivery,C,Cash,Single,EU0009658145,EUR,MXN,CALL,EURO,Digital (Binary),Cash,EUR,,,,,,,,,,,,,,,,,,,,,,,,,,,,,,,,,,
1,Other,Option,Non_Standard,UPI,QZTFFBJPHZ1B,New,,2025-03-20T16:16:46,HMMADC,NA/O Oth Nstd,ESTX 50 PR INDEX,EUR MXN,Other,European-Call,2021,Current,HMMADC,H,Non-listed and complex listed options,M,Others (miscellaneous),Underlying assets,M,Others (miscellaneous),Option style and type,A,European-Call,Valuation method or trigger,D,Digital (Binary),Delivery,C,Cash,2015,Previous,HMMADC,H,Non-listed and complex listed options,M,Others (miscellaneous),Underlying assets,M,Others (miscellaneous),Option style and type,A,European-Call,Valuation method or trigger,D,Digital (Binary),Delivery,C,Cash,Single,EU0009658145,EUR,MXN,CALL,EURO,Digital (Binary),Cash,,,,,,,,,,,,,,,,,,,,,,,,,,,,,,,,,,,
1,Other,Option,Non_Standard,UPI,QZGJ31TVNMFH,New,,2025-03-12T18:02:52,HMMADC,NA/O Oth Nstd,S&P 500 INDEX,CHF USD,Other,European-Call,2021,Current,HMMADC,H,Non-listed and complex listed options,M,Others (miscellaneous),Underlying assets,M,Others (miscellaneous),Option style and type,A,European-Call,Valuation method or trigger,D,Digital (Binary),Delivery,C,Cash,2015,Previous,HMMADC,H,Non-listed and complex listed options,M,Others (miscellaneous),Underlying assets,M,Others (miscellaneous),Option style and type,A,European-Call,Valuation method or trigger,D,Digital (Binary),Delivery,C,Cash,Single,US78378X1072,CHF,USD,CALL,EURO,Digital (Binary),Cash,,,,,,,,,,,,,,,,,,,,,,,,,,,,,,,,,,,
1,Other,Option,Non_Standard,UPI,QZ66TP1JG48Z,New,,2025-03-11T08:24:43,HMMADC,NA/O Oth Nstd,INDEX,GBP USD,Other,European-Call,2021,Current,HMMADC,H,Non-listed and complex listed options,M,Others (miscellaneous),Underlying assets,M,Others (miscellaneous),Option style and type,A,European-Call,Valuation method or trigger,D,Digital (Binary),Delivery,C,Cash,2015,Previous,HMMADC,H,Non-listed and complex listed options,M,Others (miscellaneous),Underlying assets,M,Others (miscellaneous),Option style and type,A,European-Call,Valuation method or trigger,D,Digital (Binary),Delivery,C,Cash,Single,US7827001089,GBP,USD,CALL,EURO,Digital (Binary),Cash,,,,,,,,,,,,,,,,,,,,,,,,,,,,,,,,,,,
1,Other,Option,Non_Standard,UPI,QZM3NPCF6DZV,New,,2025-03-10T17:33:40,HMMDVC,NA/O Oth Nstd,S&P 500 INDEX,,Other,European-Put,2021,Current,HMMDVC,H,Non-listed and complex listed options,M,Others (miscellaneous),Underlying assets,M,Others (miscellaneous),Option style and type,D,European-Put,Valuation method or trigger,V,Vanilla,Delivery,C,Cash,2015,Previous,HMMDVC,H,Non-listed and complex listed options,M,Others (miscellaneous),Underlying assets,M,Others (miscellaneous),Option style and type,D,European-Put,Valuation method or trigger,V,Vanilla,Delivery,C,Cash,Single,US78378X1072,,,PUTO,EURO,Vanilla,Cash,,USD-SOFR ICE Swap Rate,USD,Single,USD-SOFR ICE Swap Rate,10.0,YEAR,,,,,,,,,,,,,,,,,,,,,,,,,,,,
1,Other,Option,Non_Standard,UPI,QZ4X0Z56X7XL,New,,2024-01-12T10:33:46,HMMDMP,NA/O Oth Nstd,,,Other,European-Put,2021,Current,HMMDMP,H,Non-listed and complex listed options,M,Others (miscellaneous),Underlying assets,M,Others (miscellaneous),Option style and type,D,European-Put,Valuation method or trigger,M,Others (miscellaneous),Delivery,P,Physical,2015,Previous,HMMDMP,H,Non-listed and complex listed options,M,Others (miscellaneous),Underlying assets,M,Others (miscellaneous),Option style and type,D,European-Put,Valuation method or trigger,M,Others (miscellaneous),Delivery,P,Physical,,,,,PUTO,EURO,Other,Physical,,USD-SOFR ICE Swap Rate,USD,Single,USD-SOFR ICE Swap Rate,10.0,YEAR,,,,,,,,,,,,,,,,,,,,,,,,,,,,
1,Other,Option,Non_Standard,UPI,QZ7K8LXPFQVR,New,,2024-01-02T05:41:38,HMMGBC,NA/O Oth Nstd,,CHF EUR,Other,European-Chooser,2021,Current,HMMGBC,H,Non-listed and complex listed options,M,Others (miscellaneous),Underlying assets,M,Others (miscellaneous),Option style and type,G,European-Chooser,Valuation method or trigger,B,Barrier,Delivery,C,Cash,2015,Previous,HMMGBC,H,Non-listed and complex listed options,M,Others (miscellaneous),Underlying assets,M,Others (miscellaneous),Option style and type,G,European-Chooser,Valuation method or trigger,B,Barrier,Delivery,C,Cash,,,CHF,EUR,OPTL,EURO,Barrier,Cash,EUR,,,,,,,,,,,,,,,,,,,,,,,,,,,,,,,,,,
1,Other,Option,Non_Standard,UPI,QZ70Q59DFBJD,New,,2023-12-15T12:52:47,HMMBBP,NA/O Oth Nstd,,,Other,American-Call,2021,Current,HMMBBP,H,Non-listed and complex listed options,M,Others (miscellaneous),Underlying assets,M,Others (miscellaneous),Option style and type,B,American-Call,Valuation method or trigger,B,Barrier,Delivery,P,Physical,2015,Previous,HMMBBP,H,Non-listed and complex listed options,M,Others (miscellaneous),Underlying assets,M,Others (miscellaneous),Option style and type,B,American-Call,Valuation method or trigger,B,Barrier,Delivery,P,Physical,,,,,CALL,AMER,Barrier,Physical,,DKK-DESTR,EUR,Single,DKK-DESTR,20.0,DAYS,,,,,,,,,,,,,,,,,,,,,,,,,,,,
1,Other,Option,Non_Standard,UPI,QZP8PPKJ51G1,New,,2023-12-15T12:52:45,HMMGDC,NA/O Oth Nstd,,,Other,European-Chooser,2021,Current,HMMGDC,H,Non-listed and complex listed options,M,Others (miscellaneous),Underlying assets,M,Others (miscellaneous),Option style and type,G,European-Chooser,Valuation method or trigger,D,Digital (Binary),Delivery,C,Cash,2015,Previous,HMMGDC,H,Non-listed and complex listed options,M,Others (miscellaneous),Underlying assets,M,Others (miscellaneous),Option style and type,G,European-Chooser,Valuation method or trigger,D,Digital (Binary),Delivery,C,Cash,,,,,OPTL,EURO,Digital (Binary),Cash,,,,,,,,GOLD-A.M. FIX,USD,Single,GOLD-A.M. FIX,METL,,,,,,,,,PRME,GOLD,,,,,,,,,,,,,
1,Other,Option,Non_Standard,UPI,QZRLQX0FL1JV,New,,2023-12-15T12:52:44,HMMGBC,NA/O Oth Nstd,,JPY NZD,Other,European-Chooser,2021,Current,HMMGBC,H,Non-listed and complex listed options,M,Others (miscellaneous),Underlying assets,M,Others (miscellaneous),Option style and type,G,European-Chooser,Valuation method or trigger,B,Barrier,Delivery,C,Cash,2015,Previous,HMMGBC,H,Non-listed and complex listed options,M,Others (miscellaneous),Underlying assets,M,Others (miscellaneous),Option style and type,G,European-Chooser,Valuation method or trigger,B,Barrier,Delivery,C,Cash,,,JPY,NZD,OPTL,EURO,Barrier,Cash,NZD,,,,,,,,,,,,,,,,,,,,,,,,,,,,,,,,,,
1,Other,Option,Non_Standard,UPI,QZSXDF06GBZS,New,,2025-05-21T12:47:06,HMMADC,NA/O Oth Nstd,ESTX 50 PR INDEX,,Other,European-Call,2021,Current,HMMADC,H,Non-listed and complex listed options,M,Others (miscellaneous),Underlying assets,M,Others (miscellaneous),Option style and type,A,European-Call,Valuation method or trigger,D,Digital (Binary),Delivery,C,Cash,2015,Previous,HMMADC,H,Non-listed and complex listed options,M,Others (miscellaneous),Underlying assets,M,Others (miscellaneous),Option style and type,A,European-Call,Valuation method or trigger,D,Digital (Binary),Delivery,C,Cash,Single,EU0009658145,,,CALL,EURO,Digital (Binary),Cash,,EUR-ISDA-EURIBOR Swap Rate-11:00,USD,Single,EUR-ISDA-EURIBOR Swap Rate-11:00,2.0,YEAR,,,,,,,,,,,,,,,,,,,,,,,,,,,,
1,Other,Option,Non_Standard,UPI,QZVB4ZMC720S,New,,2025-05-21T12:46:12,HMMADC,NA/O Oth Nstd,ESTX 50 PR INDEX,,Other,European-Call,2021,Current,HMMADC,H,Non-listed and complex listed options,M,Others (miscellaneous),Underlying assets,M,Others (miscellaneous),Option style and type,A,European-Call,Valuation method or trigger,D,Digital (Binary),Delivery,C,Cash,2015,Previous,HMMADC,H,Non-listed and complex listed options,M,Others (miscellaneous),Underlying assets,M,Others (miscellaneous),Option style and type,A,European-Call,Valuation method or trigger,D,Digital (Binary),Delivery,C,Cash,Single,EU0009658145,,,CALL,EURO,Digital (Binary),Cash,,EUR-ISDA-EURIBOR Swap Rate-11:00,EUR,Single,EUR-ISDA-EURIBOR Swap Rate-11:00,30.0,YEAR,,,,,,,,,,,,,,,,,,,,,,,,,,,,
1,Other,Option,Non_Standard,UPI,QZ4D9WJDP6R7,New,,2025-05-21T10:53:13,HMMADC,NA/O Oth Nstd,FTSE 250 IDX,GBP USD,Other,European-Call,2021,Current,HMMADC,H,Non-listed and complex listed options,M,Others (miscellaneous),Underlying assets,M,Others (miscellaneous),Option style and type,A,European-Call,Valuation method or trigger,D,Digital (Binary),Delivery,C,Cash,2015,Previous,HMMADC,H,Non-listed and complex listed options,M,Others (miscellaneous),Underlying assets,M,Others (miscellaneous),Option style and type,A,European-Call,Valuation method or trigger,D,Digital (Binary),Delivery,C,Cash,Single,GB0001384287,GBP,USD,CALL,EURO,Digital (Binary),Cash,USD,,,,,,,,,,,,,,,,,,,,,,,,,,,,,,,,,,
1,Other,Option,Non_Standard,UPI,QZM4VFKWGVMH,New,,2025-05-21T10:51:23,HMMADC,NA/O Oth Nstd,FTSE 250 IDX,GBP USD,Other,European-Call,2021,Current,HMMADC,H,Non-listed and complex listed options,M,Others (miscellaneous),Underlying assets,M,Others (miscellaneous),Option style and type,A,European-Call,Valuation method or trigger,D,Digital (Binary),Delivery,C,Cash,2015,Previous,HMMADC,H,Non-listed and complex listed options,M,Others (miscellaneous),Underlying assets,M,Others (miscellaneous),Option style and type,A,European-Call,Valuation method or trigger,D,Digital (Binary),Delivery,C,Cash,Single,GB0001384287,GBP,USD,CALL,EURO,Digital (Binary),Cash,,,,,,,,,,,,,,,,,,,,,,,,,,,,,,,,,,,
1,Other,Option,Non_Standard,UPI,QZTJ5NGK7SQV,New,,2025-05-20T19:03:02,HMMADC,NA/O Oth Nstd,MDAX PERFORMANCE-INDEX,,Other,European-Call,2021,Current,HMMADC,H,Non-listed and complex listed options,M,Others (miscellaneous),Underlying assets,M,Others (miscellaneous),Option style and type,A,European-Call,Valuation method or trigger,D,Digital (Binary),Delivery,C,Cash,2015,Previous,HMMADC,H,Non-listed and complex listed options,M,Others (miscellaneous),Underlying assets,M,Others (miscellaneous),Option style and type,A,European-Call,Valuation method or trigger,D,Digital (Binary),Delivery,C,Cash,Single,DE0008467416,,,CALL,EURO,Digital (Binary),Cash,,EUR-ISDA-EURIBOR Swap Rate-11:00,EUR,Single,EUR-ISDA-EURIBOR Swap Rate-11:00,10.0,YEAR,,,,,,,,,,,,,,,,,,,,,,,,,,,,
1,Other,Option,Non_Standard,UPI,QZVF44VCTJ5J,New,,2024-09-17T17:06:57,HMMADC,NA/O Oth Nstd,S&P 500 INDEX,,Other,European-Call,2021,Current,HMMADC,H,Non-listed and complex listed options,M,Others (miscellaneous),Underlying assets,M,Others (miscellaneous),Option style and type,A,European-Call,Valuation method or trigger,D,Digital (Binary),Delivery,C,Cash,2015,Previous,HMMADC,H,Non-listed and complex listed options,M,Others (miscellaneous),Underlying assets,M,Others (miscellaneous),Option style and type,A,European-Call,Valuation method or trigger,D,Digital (Binary),Delivery,C,Cash,Single,US78378X1072,,,CALL,EURO,Digital (Binary),Cash,,USD-SOFR ICE Swap Rate,USD,Single,USD-SOFR ICE Swap Rate,30.0,YEAR,,,,,,,,,,,,,,,,,,,,,,,,,,,,
1,Other,Option,Non_Standard,UPI,QZDW9743K05D,New,,2024-09-14T00:11:17,HMMDVC,NA/O Oth Nstd,NIKKEI 225,JPY USD,Other,European-Put,2021,Current,HMMDVC,H,Non-listed and complex listed options,M,Others (miscellaneous),Underlying assets,M,Others (miscellaneous),Option style and type,D,European-Put,Valuation method or trigger,V,Vanilla,Delivery,C,Cash,2015,Previous,HMMDVC,H,Non-listed and complex listed options,M,Others (miscellaneous),Underlying assets,M,Others (miscellaneous),Option style and type,D,European-Put,Valuation method or trigger,V,Vanilla,Delivery,C,Cash,Single,JP9010C00002,JPY,USD,PUTO,EURO,Vanilla,Cash,USD,,,,,,,,,,,,,,,,,,,,,,,,,,,,,,,,,,
1,Other,Option,Non_Standard,UPI,QZVPQQ4KQ685,New,,2024-09-13T17:01:25,HMMDMC,NA/O Oth Nstd,S&P 500 INDEX,JPY USD,Other,European-Put,2021,Current,HMMDMC,H,Non-listed and complex listed options,M,Others (miscellaneous),Underlying assets,M,Others (miscellaneous),Option style and type,D,European-Put,Valuation method or trigger,M,Others (miscellaneous),Delivery,C,Cash,2015,Previous,HMMDMC,H,Non-listed and complex listed options,M,Others (miscellaneous),Underlying assets,M,Others (miscellaneous),Option style and type,D,European-Put,Valuation method or trigger,M,Others (miscellaneous),Delivery,C,Cash,Single,US78378X1072,JPY,USD,PUTO,EURO,Other,Cash,,,,,,,,,,,,,,,,,,,,,,,,,,,,,,,,,,,
1,Other,Option,Non_Standard,UPI,QZ9QPZK2CG0T,New,,2024-09-13T17:00:45,HMMAMC,NA/O Oth Nstd,S&P 500 INDEX,EUR USD,Other,European-Call,2021,Current,HMMAMC,H,Non-listed and complex listed options,M,Others (miscellaneous),Underlying assets,M,Others (miscellaneous),Option style and type,A,European-Call,Valuation method or trigger,M,Others (miscellaneous),Delivery,C,Cash,2015,Previous,HMMAMC,H,Non-listed and complex listed options,M,Others (miscellaneous),Underlying assets,M,Others (miscellaneous),Option style and type,A,European-Call,Valuation method or trigger,M,Others (miscellaneous),Delivery,C,Cash,Single,US78378X1072,EUR,USD,CALL,EURO,Other,Cash,,,,,,,,,,,,,,,,,,,,,,,,,,,,,,,,,,,
1,Other,Option,Non_Standard,UPI,QZ88QNMCS2D9,New,,2024-09-13T17:00:25,HMMADC,NA/O Oth Nstd,No name obtainable,CHF USD,Other,European-Call,2021,Current,HMMADC,H,Non-listed and complex listed options,M,Others (miscellaneous),Underlying assets,M,Others (miscellaneous),Option style and type,A,European-Call,Valuation method or trigger,D,Digital (Binary),Delivery,C,Cash,2015,Previous,HMMADC,H,Non-listed and complex listed options,M,Others (miscellaneous),Underlying assets,M,Others (miscellaneous),Option style and type,A,European-Call,Valuation method or trigger,D,Digital (Binary),Delivery,C,Cash,Single,US78463V1070,CHF,USD,CALL,EURO,Digital (Binary),Cash,,,,,,,,,,,,,,,,,,,,,,,,,,,,,,,,,,,
1,Other,Option,Non_Standard,UPI,QZF6R5B3W7VP,New,,2024-06-20T04:33:43,HMMGBC,NA/O Oth Nstd,,SGD USD,Other,European-Chooser,2021,Current,HMMGBC,H,Non-listed and complex listed options,M,Others (miscellaneous),Underlying assets,M,Others (miscellaneous),Option style and type,G,European-Chooser,Valuation method or trigger,B,Barrier,Delivery,C,Cash,2015,Previous,HMMGBC,H,Non-listed and complex listed options,M,Others (miscellaneous),Underlying assets,M,Others (miscellaneous),Option style and type,G,European-Chooser,Valuation method or trigger,B,Barrier,Delivery,C,Cash,,,SGD,USD,OPTL,EURO,Barrier,Cash,USD,,,,,,,,,,,,,,,,,,,,,,,,,,,,,,,,,,
1,Other,Option,Non_Standard,UPI,QZH2MFKPDTL6,New,,2024-04-05T07:48:19,HMMHVP,NA/O Oth Nstd,,CZK EUR,Other,American-Chooser,2021,Current,HMMHVP,H,Non-listed and complex listed options,M,Others (miscellaneous),Underlying assets,M,Others (miscellaneous),Option style and type,H,American-Chooser,Valuation method or trigger,V,Vanilla,Delivery,P,Physical,2015,Previous,HMMHVP,H,Non-listed and complex listed options,M,Others (miscellaneous),Underlying assets,M,Others (miscellaneous),Option style and type,H,American-Chooser,Valuation method or trigger,V,Vanilla,Delivery,P,Physical,,,CZK,EUR,OPTL,AMER,Vanilla,Physical,,,,,,,,,,,,,,,,,,,,,,,,,,,,,,,,,,,
1,Other,Option,Non_Standard,UPI,QZR3MGFVGGTB,New,,2024-03-27T05:43:50,HMMHVP,NA/O Oth Nstd,,EUR PLN,Other,American-Chooser,2021,Current,HMMHVP,H,Non-listed and complex listed options,M,Others (miscellaneous),Underlying assets,M,Others (miscellaneous),Option style and type,H,American-Chooser,Valuation method or trigger,V,Vanilla,Delivery,P,Physical,2015,Previous,HMMHVP,H,Non-listed and complex listed options,M,Others (miscellaneous),Underlying assets,M,Others (miscellaneous),Option style and type,H,American-Chooser,Valuation method or trigger,V,Vanilla,Delivery,P,Physical,,,EUR,PLN,OPTL,AMER,Vanilla,Physical,,,,,,,,,,,,,,,,,,,,,,,,,,,,,,,,,,,
1,Other,Option,Non_Standard,UPI,QZ4QL7RLNFH5,New,,2024-03-26T23:17:31,HMMHVP,NA/O Oth Nstd,,EUR JPY,Other,American-Chooser,2021,Current,HMMHVP,H,Non-listed and complex listed options,M,Others (miscellaneous),Underlying assets,M,Others (miscellaneous),Option style and type,H,American-Chooser,Valuation method or trigger,V,Vanilla,Delivery,P,Physical,2015,Previous,HMMHVP,H,Non-listed and complex listed options,M,Others (miscellaneous),Underlying assets,M,Others (miscellaneous),Option style and type,H,American-Chooser,Valuation method or trigger,V,Vanilla,Delivery,P,Physical,,,EUR,JPY,OPTL,AMER,Vanilla,Physical,,,,,,,,,,,,,,,,,,,,,,,,,,,,,,,,,,,
1,Other,Option,Non_Standard,UPI,QZT68ZZDT388,New,,2024-03-26T20:33:17,HMMHVP,NA/O Oth Nstd,,JPY USD,Other,American-Chooser,2021,Current,HMMHVP,H,Non-listed and complex listed options,M,Others (miscellaneous),Underlying assets,M,Others (miscellaneous),Option style and type,H,American-Chooser,Valuation method or trigger,V,Vanilla,Delivery,P,Physical,2015,Previous,HMMHVP,H,Non-listed and complex listed options,M,Others (miscellaneous),Underlying assets,M,Others (miscellaneous),Option style and type,H,American-Chooser,Valuation method or trigger,V,Vanilla,Delivery,P,Physical,,,JPY,USD,OPTL,AMER,Vanilla,Physical,,,,,,,,,,,,,,,,,,,,,,,,,,,,,,,,,,,
1,Other,Option,Non_Standard,UPI,QZBMC75000C4,New,,2024-03-16T10:49:04,HMMBAC,NA/O Oth Nstd,,EUR USD,Other,American-Call,2021,Current,HMMBAC,H,Non-listed and complex listed options,M,Others (miscellaneous),Underlying assets,M,Others (miscellaneous),Option style and type,B,American-Call,Valuation method or trigger,A,Asian,Delivery,C,Cash,2015,Previous,HMMBAC,H,Non-listed and complex listed options,M,Others (miscellaneous),Underlying assets,M,Others (miscellaneous),Option style and type,B,American-Call,Valuation method or trigger,A,Asian,Delivery,C,Cash,,,EUR,USD,CALL,AMER,Asian,Cash,,,,,,,,,,,,,,,,,,,,,,,,,,,,,,,,,,,
1,Other,Option,Non_Standard,UPI,QZH5SH2KSS10,New,,2024-03-16T10:49:02,HMMAAC,NA/O Oth Nstd,,EUR USD,Other,European-Call,2021,Current,HMMAAC,H,Non-listed and complex listed options,M,Others (miscellaneous),Underlying assets,M,Others (miscellaneous),Option style and type,A,European-Call,Valuation method or trigger,A,Asian,Delivery,C,Cash,2015,Previous,HMMAAC,H,Non-listed and complex listed options,M,Others (miscellaneous),Underlying assets,M,Others (miscellaneous),Option style and type,A,European-Call,Valuation method or trigger,A,Asian,Delivery,C,Cash,,,EUR,USD,CALL,EURO,Asian,Cash,EUR,,,,,,,,,,,,,,,,,,,,,,,,,,Hong Kong,,,,,,,,
1,Other,Option,Non_Standard,UPI,QZKCDPGGBLKF,New,,2024-03-16T10:49:01,HMMDMC,NA/O Oth Nstd,,,Other,European-Put,2021,Current,HMMDMC,H,Non-listed and complex listed options,M,Others (miscellaneous),Underlying assets,M,Others (miscellaneous),Option style and type,D,European-Put,Valuation method or trigger,M,Others (miscellaneous),Delivery,C,Cash,2015,Previous,HMMDMC,H,Non-listed and complex listed options,M,Others (miscellaneous),Underlying assets,M,Others (miscellaneous),Option style and type,D,European-Put,Valuation method or trigger,M,Others (miscellaneous),Delivery,C,Cash,,,,,PUTO,EURO,Other,Cash,,,,,,,,,,,,,,Basket,Basket,,,,,,,,,,,,,,,,,,,,
1,Other,Option,Non_Standard,UPI,QZVP27SDRP0W,New,,2024-03-16T10:49:01,HMMBVP,NA/O Oth Nstd,,,Other,American-Call,2021,Current,HMMBVP,H,Non-listed and complex listed options,M,Others (miscellaneous),Underlying assets,M,Others (miscellaneous),Option style and type,B,American-Call,Valuation method or trigger,V,Vanilla,Delivery,P,Physical,2015,Previous,HMMBVP,H,Non-listed and complex listed options,M,Others (miscellaneous),Underlying assets,M,Others (miscellaneous),Option style and type,B,American-Call,Valuation method or trigger,V,Vanilla,Delivery,P,Physical,,,,,CALL,AMER,Vanilla,Physical,,,,,,,,,,,,,,11423-BCRIHGDU,Single,,1.0,WEEK,3.0,5.0,,,,,,,,,,,,,,,11423-BCRIHGDU
1,Other,Option,Non_Standard,UPI,QZ8WXHQNCQKT,New,,2024-03-16T10:49:00,HMMDMC,NA/O Oth Nstd,,,Other,European-Put,2021,Current,HMMDMC,H,Non-listed and complex listed options,M,Others (miscellaneous),Underlying assets,M,Others (miscellaneous),Option style and type,D,European-Put,Valuation method or trigger,M,Others (miscellaneous),Delivery,C,Cash,2015,Previous,HMMDMC,H,Non-listed and complex listed options,M,Others (miscellaneous),Underlying assets,M,Others (miscellaneous),Option style and type,D,European-Put,Valuation method or trigger,M,Others (miscellaneous),Delivery,C,Cash,,,,,PUTO,EURO,Other,Cash,,,,,,,,,,,,,,NT,Single,,,,,,,,,,,,,US92857WBQ24,JUND,,,,,,
1,Other,Option,Non_Standard,UPI,QZ1FV1D30N3B,New,,2025-01-31T06:54:20,HMMADC,NA/O Oth Nstd,KOSPI 200,TWD USD,Other,European-Call,2021,Current,HMMADC,H,Non-listed and complex listed options,M,Others (miscellaneous),Underlying assets,M,Others (miscellaneous),Option style and type,A,European-Call,Valuation method or trigger,D,Digital (Binary),Delivery,C,Cash,2015,Previous,HMMADC,H,Non-listed and complex listed options,M,Others (miscellaneous),Underlying assets,M,Others (miscellaneous),Option style and type,A,European-Call,Valuation method or trigger,D,Digital (Binary),Delivery,C,Cash,Single,KRD020020016,TWD,USD,CALL,EURO,Digital (Binary),Cash,,,,,,,,,,,,,,,,,,,,,,,,,,,,,,,,,,,
1,Other,Option,Non_Standard,UPI,QZ5RGK3JXR1W,New,,2025-01-29T14:11:01,HMMADC,NA/O Oth Nstd,ESTX 50 PR INDEX,,Other,European-Call,2021,Current,HMMADC,H,Non-listed and complex listed options,M,Others (miscellaneous),Underlying assets,M,Others (miscellaneous),Option style and type,A,European-Call,Valuation method or trigger,D,Digital (Binary),Delivery,C,Cash,2015,Previous,HMMADC,H,Non-listed and complex listed options,M,Others (miscellaneous),Underlying assets,M,Others (miscellaneous),Option style and type,A,European-Call,Valuation method or trigger,D,Digital (Binary),Delivery,C,Cash,Single,EU0009658145,,,CALL,EURO,Digital (Binary),Cash,,USD-SOFR ICE Swap Rate,USD,Single,USD-SOFR ICE Swap Rate,10.0,YEAR,,,,,,,,,,,,,,,,,,,,,,,,,,,,
1,Other,Option,Non_Standard,UPI,QZB796GQ9KQH,New,,2025-01-24T16:41:23,HMMADC,NA/O Oth Nstd,S&P 500 INDEX,BRL USD,Other,European-Call,2021,Current,HMMADC,H,Non-listed and complex listed options,M,Others (miscellaneous),Underlying assets,M,Others (miscellaneous),Option style and type,A,European-Call,Valuation method or trigger,D,Digital (Binary),Delivery,C,Cash,2015,Previous,HMMADC,H,Non-listed and complex listed options,M,Others (miscellaneous),Underlying assets,M,Others (miscellaneous),Option style and type,A,European-Call,Valuation method or trigger,D,Digital (Binary),Delivery,C,Cash,Single,US78378X1072,BRL,USD,CALL,EURO,Digital (Binary),Cash,USD,,,,,,,,,,,,,,,,,,,,,,,,,,,,,,,,,,
1,Other,Option,Non_Standard,UPI,QZ9C2WLL4D5P,New,,2025-01-24T13:21:23,HMMADC,NA/O Oth Nstd,NDX1,KRW USD,Other,European-Call,2021,Current,HMMADC,H,Non-listed and complex listed options,M,Others (miscellaneous),Underlying assets,M,Others (miscellaneous),Option style and type,A,European-Call,Valuation method or trigger,D,Digital (Binary),Delivery,C,Cash,2015,Previous,HMMADC,H,Non-listed and complex listed options,M,Others (miscellaneous),Underlying assets,M,Others (miscellaneous),Option style and type,A,European-Call,Valuation method or trigger,D,Digital (Binary),Delivery,C,Cash,Single,US6311011026,KRW,USD,CALL,EURO,Digital (Binary),Cash,USD,,,,,,,,,,,,,,,,,,,,,,,,,,,,,,,,,,
1,Other,Option,Non_Standard,UPI,QZSZH169BV4R,New,,2025-01-24T12:27:19,HMMADC,NA/O Oth Nstd,FINANCIAL,EUR USD,Other,European-Call,2021,Current,HMMADC,H,Non-listed and complex listed options,M,Others (miscellaneous),Underlying assets,M,Others (miscellaneous),Option style and type,A,European-Call,Valuation method or trigger,D,Digital (Binary),Delivery,C,Cash,2015,Previous,HMMADC,H,Non-listed and complex listed options,M,Others (miscellaneous),Underlying assets,M,Others (miscellaneous),Option style and type,A,European-Call,Valuation method or trigger,D,Digital (Binary),Delivery,C,Cash,Single,US81369Y6059,EUR,USD,CALL,EURO,Digital (Binary),Cash,USD,USD-SOFR ICE Swap Rate,USD,Single,USD-SOFR ICE Swap Rate,30.0,YEAR,,,,,,,,,,,,,,,,,,,,,,,,,,,,
1,Other,Option,Non_Standard,UPI,QZVKWZZ81PKG,New,,2024-12-23T13:04:23,HMMAMC,NA/O Oth Nstd,PHYSICAL GOLD SECURITIES ETF USD,CHF USD,Other,European-Call,2021,Current,HMMAMC,H,Non-listed and complex listed options,M,Others (miscellaneous),Underlying assets,M,Others (miscellaneous),Option style and type,A,European-Call,Valuation method or trigger,M,Others (miscellaneous),Delivery,C,Cash,2015,Previous,HMMAMC,H,Non-listed and complex listed options,M,Others (miscellaneous),Underlying assets,M,Others (miscellaneous),Option style and type,A,European-Call,Valuation method or trigger,M,Others (miscellaneous),Delivery,C,Cash,Single,JE00B1VS3770,CHF,USD,CALL,EURO,Other,Cash,,,,,,,,,,,,,,,,,,,,,,,,,,,,,,,,,,,
1,Other,Option,Non_Standard,UPI,QZGRM76KP8LW,New,,2024-12-16T08:49:37,HMMADC,NA/O Oth Nstd,NDX1,,Other,European-Call,2021,Current,HMMADC,H,Non-listed and complex listed options,M,Others (miscellaneous),Underlying assets,M,Others (miscellaneous),Option style and type,A,European-Call,Valuation method or trigger,D,Digital (Binary),Delivery,C,Cash,2015,Previous,HMMADC,H,Non-listed and complex listed options,M,Others (miscellaneous),Underlying assets,M,Others (miscellaneous),Option style and type,A,European-Call,Valuation method or trigger,D,Digital (Binary),Delivery,C,Cash,Single,US6311011026,,,CALL,EURO,Digital (Binary),Cash,,USD-SOFR ICE Swap Rate,USD,Single,USD-SOFR ICE Swap Rate,10.0,YEAR,,,,,,,,,,,,,,,,,,,,,,,,,,,,
1,Other,Option,Non_Standard,UPI,QZBWD47R90CZ,New,,2024-12-13T07:18:43,HMMDDC,NA/O Oth Nstd,S&P 500 INDEX,,Other,European-Put,2021,Current,HMMDDC,H,Non-listed and complex listed options,M,Others (miscellaneous),Underlying assets,M,Others (miscellaneous),Option style and type,D,European-Put,Valuation method or trigger,D,Digital (Binary),Delivery,C,Cash,2015,Previous,HMMDDC,H,Non-listed and complex listed options,M,Others (miscellaneous),Underlying assets,M,Others (miscellaneous),Option style and type,D,European-Put,Valuation method or trigger,D,Digital (Binary),Delivery,C,Cash,Single,US78378X1072,,,PUTO,EURO,Digital (Binary),Cash,,USD-SOFR ICE Swap Rate,USD,Single,USD-SOFR ICE Swap Rate,10.0,YEAR,,,,,,,,,,,,,,,,,,,,,,,,,,,,
1,Other,Option,Non_Standard,UPI,QZVJQQLP9202,New,,2024-12-12T05:58:14,HMMADC,NA/O Oth Nstd,KOSPI 200,TWD USD,Other,European-Call,2021,Current,HMMADC,H,Non-listed and complex listed options,M,Others (miscellaneous),Underlying assets,M,Others (miscellaneous),Option style and type,A,European-Call,Valuation method or trigger,D,Digital (Binary),Delivery,C,Cash,2015,Previous,HMMADC,H,Non-listed and complex listed options,M,Others (miscellaneous),Underlying assets,M,Others (miscellaneous),Option style and type,A,European-Call,Valuation method or trigger,D,Digital (Binary),Delivery,C,Cash,Single,KRD020020016,TWD,USD,CALL,EURO,Digital (Binary),Cash,USD,,,,,,,,,,,,,,,,,,,,,,,,,,,,,,,,,,
1,Other,Option,Non_Standard,UPI,QZ2QV3D8R095,New,,2024-12-05T05:18:19,HMMDVP,NA/O Oth Nstd,,,Other,European-Put,2021,Current,HMMDVP,H,Non-listed and complex listed options,M,Others (miscellaneous),Underlying assets,M,Others (miscellaneous),Option style and type,D,European-Put,Valuation method or trigger,V,Vanilla,Delivery,P,Physical,2015,Previous,HMMDVP,H,Non-listed and complex listed options,M,Others (miscellaneous),Underlying assets,M,Others (miscellaneous),Option style and type,D,European-Put,Valuation method or trigger,V,Vanilla,Delivery,P,Physical,,,,,PUTO,EURO,Vanilla,Physical,,,,,,,,SILVER-FIX,USD,Single,SILVER-FIX,METL,,,,,,,,,PRME,SLVR,,,,,,,,,,,,,
1,Other,Option,Non_Standard,UPI,QZBNCRRDBL3H,New,,2025-10-24T10:03:19,HMMADC,NA/O Oth Nstd,S&P 500 INDEX,INR USD,Other,European-Call,2021,Current,HMMADC,H,Non-listed and complex listed options,M,Others (miscellaneous),Underlying assets,M,Others (miscellaneous),Option style and type,A,European-Call,Valuation method or trigger,D,Digital (Binary),Delivery,C,Cash,2015,Previous,HMMADC,H,Non-listed and complex listed options,M,Others (miscellaneous),Underlying assets,M,Others (miscellaneous),Option style and type,A,European-Call,Valuation method or trigger,D,Digital (Binary),Delivery,C,Cash,Single,US78378X1072,INR,USD,CALL,EURO,Digital (Binary),Cash,USD,,,,,,,,,,,,,,,,,,,,,,,,,,,,,,,,,,
1,Other,Option,Non_Standard,UPI,QZXWX1D42ZJP,New,,2025-10-24T08:07:59,HMMADC,NA/O Oth Nstd,S&P 500 INDEX,INR USD,Other,European-Call,2021,Current,HMMADC,H,Non-listed and complex listed options,M,Others (miscellaneous),Underlying assets,M,Others (miscellaneous),Option style and type,A,European-Call,Valuation method or trigger,D,Digital (Binary),Delivery,C,Cash,2015,Previous,HMMADC,H,Non-listed and complex listed options,M,Others (miscellaneous),Underlying assets,M,Others (miscellaneous),Option style and type,A,European-Call,Valuation method or trigger,D,Digital (Binary),Delivery,C,Cash,Single,US78378X1072,INR,USD,CALL,EURO,Digital (Binary),Cash,,,,,,,,,,,,,,,,,,,,,,,,,,,,,,,,,,,
1,Other,Option,Non_Standard,UPI,QZ3701M3612P,New,,2025-10-22T17:50:19,HMMADC,NA/O Oth Nstd,S&P 500 INDEX,USD XAU,Other,European-Call,2021,Current,HMMADC,H,Non-listed and complex listed options,M,Others (miscellaneous),Underlying assets,M,Others (miscellaneous),Option style and type,A,European-Call,Valuation method or trigger,D,Digital (Binary),Delivery,C,Cash,2015,Previous,HMMADC,H,Non-listed and complex listed options,M,Others (miscellaneous),Underlying assets,M,Others (miscellaneous),Option style and type,A,European-Call,Valuation method or trigger,D,Digital (Binary),Delivery,C,Cash,Single,US78378X1072,USD,XAU,CALL,EURO,Digital (Binary),Cash,USD,USD-SOFR ICE Swap Rate,USD,Single,USD-SOFR ICE Swap Rate,10.0,YEAR,,,,,,,,,,,,,,,,,,,,,,,,,,,,
1,Other,Option,Non_Standard,UPI,QZ9CXBZT2SMT,New,,2025-10-22T05:07:30,HMMADC,NA/O Oth Nstd,ESTX BANKS PR.EUR,GBP USD,Other,European-Call,2021,Current,HMMADC,H,Non-listed and complex listed options,M,Others (miscellaneous),Underlying assets,M,Others (miscellaneous),Option style and type,A,European-Call,Valuation method or trigger,D,Digital (Binary),Delivery,C,Cash,2015,Previous,HMMADC,H,Non-listed and complex listed options,M,Others (miscellaneous),Underlying assets,M,Others (miscellaneous),Option style and type,A,European-Call,Valuation method or trigger,D,Digital (Binary),Delivery,C,Cash,Single,EU0009658426,GBP,USD,CALL,EURO,Digital (Binary),Cash,,,,,,,,,,,,,,,,,,,,,,,,,,,,,,,,,,,
1,Other,Option,Non_Standard,UPI,QZC9N2J3MS6J,New,,2025-10-22T05:05:40,HMMADC,NA/O Oth Nstd,DEUTSCHE BORSE DAX INDEX,USD XAU,Other,European-Call,2021,Current,HMMADC,H,Non-listed and complex listed options,M,Others (miscellaneous),Underlying assets,M,Others (miscellaneous),Option style and type,A,European-Call,Valuation method or trigger,D,Digital (Binary),Delivery,C,Cash,2015,Previous,HMMADC,H,Non-listed and complex listed options,M,Others (miscellaneous),Underlying assets,M,Others (miscellaneous),Option style and type,A,European-Call,Valuation method or trigger,D,Digital (Binary),Delivery,C,Cash,Single,DE0008469008,USD,XAU,CALL,EURO,Digital (Binary),Cash,USD,,,,,,,,,,,,,,,,,,,,,,,,,,,,,,,,,,
1,Other,Option,Non_Standard,UPI,QZ718K8LZT8B,New,,2025-04-04T10:49:13,HMMADC,NA/O Oth Nstd,ESTX 50 PR INDEX,GBP USD,Other,European-Call,2021,Current,HMMADC,H,Non-listed and complex listed options,M,Others (miscellaneous),Underlying assets,M,Others (miscellaneous),Option style and type,A,European-Call,Valuation method or trigger,D,Digital (Binary),Delivery,C,Cash,2015,Previous,HMMADC,H,Non-listed and complex listed options,M,Others (miscellaneous),Underlying assets,M,Others (miscellaneous),Option style and type,A,European-Call,Valuation method or trigger,D,Digital (Binary),Delivery,C,Cash,Single,EU0009658145,GBP,USD,CALL,EURO,Digital (Binary),Cash,USD,,,,,,,,,,,,,,,,,,,,,,,,,,,,,,,,,,
1,Other,Option,Non_Standard,UPI,QZCN4XJ8GL1V,New,,2025-03-31T04:25:23,HMMADC,NA/O Oth Nstd,S&P 500 INDEX,AUD USD,Other,European-Call,2021,Current,HMMADC,H,Non-listed and complex listed options,M,Others (miscellaneous),Underlying assets,M,Others (miscellaneous),Option style and type,A,European-Call,Valuation method or trigger,D,Digital (Binary),Delivery,C,Cash,2015,Previous,HMMADC,H,Non-listed and complex listed options,M,Others (miscellaneous),Underlying assets,M,Others (miscellaneous),Option style and type,A,European-Call,Valuation method or trigger,D,Digital (Binary),Delivery,C,Cash,Single,US78378X1072,AUD,USD,CALL,EURO,Digital (Binary),Cash,USD,,,,,,,,,,,,,,,,,,,,,,,,,,,,,,,,,,
1,Other,Option,Non_Standard,UPI,QZ2J3QMPZSKB,New,,2025-03-27T13:34:28,HMMADC,NA/O Oth Nstd,ESTX 50 PR INDEX,,Other,European-Call,2021,Current,HMMADC,H,Non-listed and complex listed options,M,Others (miscellaneous),Underlying assets,M,Others (miscellaneous),Option style and type,A,European-Call,Valuation method or trigger,D,Digital (Binary),Delivery,C,Cash,2015,Previous,HMMADC,H,Non-listed and complex listed options,M,Others (miscellaneous),Underlying assets,M,Others (miscellaneous),Option style and type,A,European-Call,Valuation method or trigger,D,Digital (Binary),Delivery,C,Cash,Single,EU0009658145,,,CALL,EURO,Digital (Binary),Cash,,USD-SOFR ICE Swap Rate,USD,Single,USD-SOFR ICE Swap Rate,30.0,YEAR,,,,,,,,,,,,,,,,,,,,,,,,,,,,
1,Other,Option,Non_Standard,UPI,QZJSSZWVTMPP,New,,2025-03-25T14:33:22,HMMADC,NA/O Oth Nstd,ESTX 50 PR INDEX,,Other,European-Call,2021,Current,HMMADC,H,Non-listed and complex listed options,M,Others (miscellaneous),Underlying assets,M,Others (miscellaneous),Option style and type,A,European-Call,Valuation method or trigger,D,Digital (Binary),Delivery,C,Cash,2015,Previous,HMMADC,H,Non-listed and complex listed options,M,Others (miscellaneous),Underlying assets,M,Others (miscellaneous),Option style and type,A,European-Call,Valuation method or trigger,D,Digital (Binary),Delivery,C,Cash,Single,EU0009658145,,,CALL,EURO,Digital (Binary),Cash,,USD-SOFR ICE Swap Rate,USD,Single,USD-SOFR ICE Swap Rate,2.0,YEAR,,,,,,,,,,,,,,,,,,,,,,,,,,,,
1,Other,Option,Non_Standard,UPI,QZG7NTQK3QHG,New,,2025-03-21T13:46:26,HMMADC,NA/O Oth Nstd,S&P 500 INDEX,CNY USD,Other,European-Call,2021,Current,HMMADC,H,Non-listed and complex listed options,M,Others (miscellaneous),Underlying assets,M,Others (miscellaneous),Option style and type,A,European-Call,Valuation method or trigger,D,Digital (Binary),Delivery,C,Cash,2015,Previous,HMMADC,H,Non-listed and complex listed options,M,Others (miscellaneous),Underlying assets,M,Others (miscellaneous),Option style and type,A,European-Call,Valuation method or trigger,D,Digital (Binary),Delivery,C,Cash,Single,US78378X1072,CNY,USD,CALL,EURO,Digital (Binary),Cash,USD,USD-SOFR ICE Swap Rate,USD,Single,USD-SOFR ICE Swap Rate,-5.0,YEAR,,,,,,,,,,,,,,,,,,,,,,,,,,,,
1,Other,Option,Non_Standard,UPI,QZ51PT3KW965,New,,2024-10-01T16:44:36,HMMADC,NA/O Oth Nstd,No name obtainable,EUR USD,Other,European-Call,2021,Current,HMMADC,H,Non-listed and complex listed options,M,Others (miscellaneous),Underlying assets,M,Others (miscellaneous),Option style and type,A,European-Call,Valuation method or trigger,D,Digital (Binary),Delivery,C,Cash,2015,Previous,HMMADC,H,Non-listed and complex listed options,M,Others (miscellaneous),Underlying assets,M,Others (miscellaneous),Option style and type,A,European-Call,Valuation method or trigger,D,Digital (Binary),Delivery,C,Cash,Single,US78463V1070,EUR,USD,CALL,EURO,Digital (Binary),Cash,,,,,,,,,,,,,,,,,,,,,,,,,,,,,,,,,,,
1,Other,Option,Non_Standard,UPI,QZL5QXC3K5L6,New,,2024-09-30T22:24:15,HMMADC,NA/O Oth Nstd,No name obtainable,,Other,European-Call,2021,Current,HMMADC,H,Non-listed and complex listed options,M,Others (miscellaneous),Underlying assets,M,Others (miscellaneous),Option style and type,A,European-Call,Valuation method or trigger,D,Digital (Binary),Delivery,C,Cash,2015,Previous,HMMADC,H,Non-listed and complex listed options,M,Others (miscellaneous),Underlying assets,M,Others (miscellaneous),Option style and type,A,European-Call,Valuation method or trigger,D,Digital (Binary),Delivery,C,Cash,Single,US6488151084,,,CALL,EURO,Digital (Binary),Cash,,USD-SOFR ICE Swap Rate,USD,Single,USD-SOFR ICE Swap Rate,10.0,YEAR,,,,,,,,,,,,,,,,,,,,,,,,,,,,
1,Other,Option,Non_Standard,UPI,QZQSVB75K5SN,New,,2024-09-30T14:16:05,HMMADC,NA/O Oth Nstd,ESTX P.H.GD. PR.EUR,GBP USD,Other,European-Call,2021,Current,HMMADC,H,Non-listed and complex listed options,M,Others (miscellaneous),Underlying assets,M,Others (miscellaneous),Option style and type,A,European-Call,Valuation method or trigger,D,Digital (Binary),Delivery,C,Cash,2015,Previous,HMMADC,H,Non-listed and complex listed options,M,Others (miscellaneous),Underlying assets,M,Others (miscellaneous),Option style and type,A,European-Call,Valuation method or trigger,D,Digital (Binary),Delivery,C,Cash,Single,CH0019112892,GBP,USD,CALL,EURO,Digital (Binary),Cash,,,,,,,,,,,,,,,,,,,,,,,,,,,,,,,,,,,
1,Other,Option,Non_Standard,UPI,QZQTL1SZ0T9M,New,,2024-09-25T22:06:24,HMMDVP,NA/O Oth Nstd,,,Other,European-Put,2021,Current,HMMDVP,H,Non-listed and complex listed options,M,Others (miscellaneous),Underlying assets,M,Others (miscellaneous),Option style and type,D,European-Put,Valuation method or trigger,V,Vanilla,Delivery,P,Physical,2015,Previous,HMMDVP,H,Non-listed and complex listed options,M,Others (miscellaneous),Underlying assets,M,Others (miscellaneous),Option style and type,D,European-Put,Valuation method or trigger,V,Vanilla,Delivery,P,Physical,,,,,PUTO,EURO,Vanilla,Physical,,DKK-CIBOR-DKNA13,DKK,Single,DKK-CIBOR-DKNA13,3.0,MNTH,,,,,,,,,,,,,,,,,,,,,,,,,,,,
1,Other,Option,Non_Standard,UPI,QZTS3QFCVZC7,New,,2024-09-25T15:10:06,HMMADC,NA/O Oth Nstd,DEUTSCHE BORSE DAX INDEX,EUR USD,Other,European-Call,2021,Current,HMMADC,H,Non-listed and complex listed options,M,Others (miscellaneous),Underlying assets,M,Others (miscellaneous),Option style and type,A,European-Call,Valuation method or trigger,D,Digital (Binary),Delivery,C,Cash,2015,Previous,HMMADC,H,Non-listed and complex listed options,M,Others (miscellaneous),Underlying assets,M,Others (miscellaneous),Option style and type,A,European-Call,Valuation method or trigger,D,Digital (Binary),Delivery,C,Cash,Single,DE0008469008,EUR,USD,CALL,EURO,Digital (Binary),Cash,EUR,,,,,,,,,,,,,,,,,,,,,,,,,,,,,,,,,,
1,Other,Option,Non_Standard,UPI,QZZKTD1HQWH4,New,,2025-01-22T16:34:34,HMMDVC,NA/O Oth Nstd,,,Other,European-Put,2021,Current,HMMDVC,H,Non-listed and complex listed options,M,Others (miscellaneous),Underlying assets,M,Others (miscellaneous),Option style and type,D,European-Put,Valuation method or trigger,V,Vanilla,Delivery,C,Cash,2015,Previous,HMMDVC,H,Non-listed and complex listed options,M,Others (miscellaneous),Underlying assets,M,Others (miscellaneous),Option style and type,D,European-Put,Valuation method or trigger,V,Vanilla,Delivery,C,Cash,,,,,PUTO,EURO,Vanilla,Cash,,USD-LIBOR ICE Swap Rate-11:00 vs USD-LIBOR ICE Swap Rate-11:00,USD,Single,USD-LIBOR ICE Swap Rate-11:00,5.0,YEAR,,,,,,,,,,,,,,,,Single,USD-LIBOR ICE Swap Rate-11:00,30.0,YEAR,,,,,,,,,
1,Other,Option,Non_Standard,UPI,QZZVZ5Q5XK7F,New,,2025-01-22T16:33:36,HMMADC,NA/O Oth Nstd,S&P 500 INDEX,CAD USD,Other,European-Call,2021,Current,HMMADC,H,Non-listed and complex listed options,M,Others (miscellaneous),Underlying assets,M,Others (miscellaneous),Option style and type,A,European-Call,Valuation method or trigger,D,Digital (Binary),Delivery,C,Cash,2015,Previous,HMMADC,H,Non-listed and complex listed options,M,Others (miscellaneous),Underlying assets,M,Others (miscellaneous),Option style and type,A,European-Call,Valuation method or trigger,D,Digital (Binary),Delivery,C,Cash,Single,US78378X1072,CAD,USD,CALL,EURO,Digital (Binary),Cash,USD,,,,,,,,,,,,,,,,,,,,,,,,,,,,,,,,,,
1,Other,Option,Non_Standard,UPI,QZX8BTP8KP41,New,,2025-01-14T14:24:30,HMMADC,NA/O Oth Nstd,No name obtainable,GBP USD,Other,European-Call,2021,Current,HMMADC,H,Non-listed and complex listed options,M,Others (miscellaneous),Underlying assets,M,Others (miscellaneous),Option style and type,A,European-Call,Valuation method or trigger,D,Digital (Binary),Delivery,C,Cash,2015,Previous,HMMADC,H,Non-listed and complex listed options,M,Others (miscellaneous),Underlying assets,M,Others (miscellaneous),Option style and type,A,European-Call,Valuation method or trigger,D,Digital (Binary),Delivery,C,Cash,Single,US78463V1070,GBP,USD,CALL,EURO,Digital (Binary),Cash,USD,,,,,,,,,,,,,,,,,,,,,,,,,,,,,,,,,,
1,Other,Option,Non_Standard,UPI,QZ6VPVGQL0NG,New,,2025-01-13T05:57:27,HMMADC,NA/O Oth Nstd,HANG SENG INDEX,CNY USD,Other,European-Call,2021,Current,HMMADC,H,Non-listed and complex listed options,M,Others (miscellaneous),Underlying assets,M,Others (miscellaneous),Option style and type,A,European-Call,Valuation method or trigger,D,Digital (Binary),Delivery,C,Cash,2015,Previous,HMMADC,H,Non-listed and complex listed options,M,Others (miscellaneous),Underlying assets,M,Others (miscellaneous),Option style and type,A,European-Call,Valuation method or trigger,D,Digital (Binary),Delivery,C,Cash,Single,HK0000004322,CNY,USD,CALL,EURO,Digital (Binary),Cash,USD,,,,,,,,,,,,,,,,,,,,,,,,,,,,,,,,,,
1,Other,Option,Non_Standard,UPI,QZVRJ8W4PBP8,New,,2025-01-11T17:02:03,HMMEBP,NA/O Oth Nstd,,,Other,American-Put,2021,Current,HMMEBP,H,Non-listed and complex listed options,M,Others (miscellaneous),Underlying assets,M,Others (miscellaneous),Option style and type,E,American-Put,Valuation method or trigger,B,Barrier,Delivery,P,Physical,2015,Previous,HMMEBP,H,Non-listed and complex listed options,M,Others (miscellaneous),Underlying assets,M,Others (miscellaneous),Option style and type,E,American-Put,Valuation method or trigger,B,Barrier,Delivery,P,Physical,,,,,PUTO,AMER,Barrier,Physical,,AED-EBOR-Reuters,MXN,Single,AED-EBOR-Reuters,23.0,WEEK,,,,,,,,,,,,,,,,,,,,,,,,,,,,
1,Other,Option,Non_Standard,UPI,QZ2KR7W8GQWV,New,,2024-02-20T09:35:04,HMMGBC,NA/O Oth Nstd,,EUR KRW,Other,European-Chooser,2021,Current,HMMGBC,H,Non-listed and complex listed options,M,Others (miscellaneous),Underlying assets,M,Others (miscellaneous),Option style and type,G,European-Chooser,Valuation method or trigger,B,Barrier,Delivery,C,Cash,2015,Previous,HMMGBC,H,Non-listed and complex listed options,M,Others (miscellaneous),Underlying assets,M,Others (miscellaneous),Option style and type,G,European-Chooser,Valuation method or trigger,B,Barrier,Delivery,C,Cash,,,EUR,KRW,OPTL,EURO,Barrier,Cash,EUR,,,,,,,,,,,,,,,,,,,,,,,,,,,,,,,,,,
1,Other,Option,Non_Standard,UPI,QZTJXRJ16QVH,New,,2024-02-02T14:10:11,HMMGBC,NA/O Oth Nstd,,CHF USD,Other,European-Chooser,2021,Current,HMMGBC,H,Non-listed and complex listed options,M,Others (miscellaneous),Underlying assets,M,Others (miscellaneous),Option style and type,G,European-Chooser,Valuation method or trigger,B,Barrier,Delivery,C,Cash,2015,Previous,HMMGBC,H,Non-listed and complex listed options,M,Others (miscellaneous),Underlying assets,M,Others (miscellaneous),Option style and type,G,European-Chooser,Valuation method or trigger,B,Barrier,Delivery,C,Cash,,,CHF,USD,OPTL,EURO,Barrier,Cash,USD,,,,,,,,,,,,,,,,,,,,,,,,,,,,,,,,,,
1,Other,Option,Non_Standard,UPI,QZ421QJ34S6M,New,,2024-01-26T18:42:27,HMMGBC,NA/O Oth Nstd,,CAD EUR,Other,European-Chooser,2021,Current,HMMGBC,H,Non-listed and complex listed options,M,Others (miscellaneous),Underlying assets,M,Others (miscellaneous),Option style and type,G,European-Chooser,Valuation method or trigger,B,Barrier,Delivery,C,Cash,2015,Previous,HMMGBC,H,Non-listed and complex listed options,M,Others (miscellaneous),Underlying assets,M,Others (miscellaneous),Option style and type,G,European-Chooser,Valuation method or trigger,B,Barrier,Delivery,C,Cash,,,CAD,EUR,OPTL,EURO,Barrier,Cash,EUR,,,,,,,,,,,,,,,,,,,,,,,,,,,,,,,,,,
1,Other,Option,Non_Standard,UPI,QZFXWK7P2DQK,New,,2024-01-23T18:41:01,HMMAAP,NA/O Oth Nstd,,GBP USD,Other,European-Call,2021,Current,HMMAAP,H,Non-listed and complex listed options,M,Others (miscellaneous),Underlying assets,M,Others (miscellaneous),Option style and type,A,European-Call,Valuation method or trigger,A,Asian,Delivery,P,Physical,2015,Previous,HMMAAP,H,Non-listed and complex listed options,M,Others (miscellaneous),Underlying assets,M,Others (miscellaneous),Option style and type,A,European-Call,Valuation method or trigger,A,Asian,Delivery,P,Physical,,,GBP,USD,CALL,EURO,Asian,Physical,,,,,,,,,,,,,,,,,,,,,,,,,,,,,,,,,,,
1,Other,Option,Non_Standard,UPI,QZBCGW923M7C,New,,2024-01-23T08:25:50,HMMGBC,NA/O Oth Nstd,,GBP JPY,Other,European-Chooser,2021,Current,HMMGBC,H,Non-listed and complex listed options,M,Others (miscellaneous),Underlying assets,M,Others (miscellaneous),Option style and type,G,European-Chooser,Valuation method or trigger,B,Barrier,Delivery,C,Cash,2015,Previous,HMMGBC,H,Non-listed and complex listed options,M,Others (miscellaneous),Underlying assets,M,Others (miscellaneous),Option style and type,G,European-Chooser,Valuation method or trigger,B,Barrier,Delivery,C,Cash,,,GBP,JPY,OPTL,EURO,Barrier,Cash,GBP,,,,,,,,,,,,,,,,,,,,,,,,,,,,,,,,,,
1,Other,Option,Non_Standard,UPI,QZ343CPFMVM9,New,,2025-09-05T17:11:56,HMMAMP,NA/O Oth Nstd,,,Other,European-Call,2021,Current,HMMAMP,H,Non-listed and complex listed options,M,Others (miscellaneous),Underlying assets,M,Others (miscellaneous),Option style and type,A,European-Call,Valuation method or trigger,M,Others (miscellaneous),Delivery,P,Physical,2015,Previous,HMMAMP,H,Non-listed and complex listed options,M,Others (miscellaneous),Underlying assets,M,Others (miscellaneous),Option style and type,A,European-Call,Valuation method or trigger,M,Others (miscellaneous),Delivery,P,Physical,,,,,CALL,EURO,Other,Physical,,USD-ISDA-Swap Rate,USD,Single,USD-ISDA-Swap Rate,30.0,YEAR,,,,,,,,,,,,,,,,,,,,,,,,,,,,
1,Other,Option,Non_Standard,UPI,QZRDM13S36RG,New,,2025-09-05T15:44:17,HMMAMP,NA/O Oth Nstd,,,Other,European-Call,2021,Current,HMMAMP,H,Non-listed and complex listed options,M,Others (miscellaneous),Underlying assets,M,Others (miscellaneous),Option style and type,A,European-Call,Valuation method or trigger,M,Others (miscellaneous),Delivery,P,Physical,2015,Previous,HMMAMP,H,Non-listed and complex listed options,M,Others (miscellaneous),Underlying assets,M,Others (miscellaneous),Option style and type,A,European-Call,Valuation method or trigger,M,Others (miscellaneous),Delivery,P,Physical,,,,,CALL,EURO,Other,Physical,,USD-SOFR ICE Swap Rate,USD,Single,USD-SOFR ICE Swap Rate,5.0,YEAR,,,,,,,,,,,,,,,,,,,,,,,,,,,,
1,Other,Option,Non_Standard,UPI,QZSRQZV381R7,New,,2025-09-05T13:46:00,HMMADC,NA/O Oth Nstd,NIKKEI 225,JPY USD,Other,European-Call,2021,Current,HMMADC,H,Non-listed and complex listed options,M,Others (miscellaneous),Underlying assets,M,Others (miscellaneous),Option style and type,A,European-Call,Valuation method or trigger,D,Digital (Binary),Delivery,C,Cash,2015,Previous,HMMADC,H,Non-listed and complex listed options,M,Others (miscellaneous),Underlying assets,M,Others (miscellaneous),Option style and type,A,European-Call,Valuation method or trigger,D,Digital (Binary),Delivery,C,Cash,Single,JP9010C00002,JPY,USD,CALL,EURO,Digital (Binary),Cash,JPY,,,,,,,,,,,,,,,,,,,,,,,,,,,,,,,,,,
1,Other,Option,Non_Standard,UPI,QZXCM5MRZXHG,New,,2025-09-01T08:37:39,HMMADC,NA/O Oth Nstd,FUT 31/01/25 20250300EP,USD XAU,Other,European-Call,2021,Current,HMMADC,H,Non-listed and complex listed options,M,Others (miscellaneous),Underlying assets,M,Others (miscellaneous),Option style and type,A,European-Call,Valuation method or trigger,D,Digital (Binary),Delivery,C,Cash,2015,Previous,HMMADC,H,Non-listed and complex listed options,M,Others (miscellaneous),Underlying assets,M,Others (miscellaneous),Option style and type,A,European-Call,Valuation method or trigger,D,Digital (Binary),Delivery,C,Cash,Single,GB00H1TWLX76,USD,XAU,CALL,EURO,Digital (Binary),Cash,,,,,,,,OTHER,USD,Single,OTHER,OTHR,,,,,,,,,,,,,,,,,,,,,,,
1,Other,Option,Non_Standard,UPI,QZDVT8K5GCFX,New,,2025-08-29T10:09:17,HMMAMC,NA/O Oth Nstd,ESTX BANKS PR.EUR,EUR USD,Other,European-Call,2021,Current,HMMAMC,H,Non-listed and complex listed options,M,Others (miscellaneous),Underlying assets,M,Others (miscellaneous),Option style and type,A,European-Call,Valuation method or trigger,M,Others (miscellaneous),Delivery,C,Cash,2015,Previous,HMMAMC,H,Non-listed and complex listed options,M,Others (miscellaneous),Underlying assets,M,Others (miscellaneous),Option style and type,A,European-Call,Valuation method or trigger,M,Others (miscellaneous),Delivery,C,Cash,Single,EU0009658426,EUR,USD,CALL,EURO,Other,Cash,,,,,,,,,,,,,,,,,,,,,,,,,,,,,,,,,,,
1,Other,Option,Non_Standard,UPI,QZZQ9NFTL0F3,New,,2024-11-16T05:04:12,HMMDVC,NA/O Oth Nstd,,,Other,European-Put,2021,Current,HMMDVC,H,Non-listed and complex listed options,M,Others (miscellaneous),Underlying assets,M,Others (miscellaneous),Option style and type,D,European-Put,Valuation method or trigger,V,Vanilla,Delivery,C,Cash,2015,Previous,HMMDVC,H,Non-listed and complex listed options,M,Others (miscellaneous),Underlying assets,M,Others (miscellaneous),Option style and type,D,European-Put,Valuation method or trigger,V,Vanilla,Delivery,C,Cash,,,,,PUTO,EURO,Vanilla,Cash,,USD-ISDA-Swap Rate vs USD-ISDA-Swap Rate,USD,Single,USD-ISDA-Swap Rate,5.0,YEAR,,,,,,,,,,,,,,,,Single,USD-ISDA-Swap Rate,30.0,YEAR,,,,,,,,,
1,Other,Option,Non_Standard,UPI,QZF7R251NNJS,New,,2024-11-16T05:03:55,HMMAVC,NA/O Oth Nstd,,,Other,European-Call,2021,Current,HMMAVC,H,Non-listed and complex listed options,M,Others (miscellaneous),Underlying assets,M,Others (miscellaneous),Option style and type,A,European-Call,Valuation method or trigger,V,Vanilla,Delivery,C,Cash,2015,Previous,HMMAVC,H,Non-listed and complex listed options,M,Others (miscellaneous),Underlying assets,M,Others (miscellaneous),Option style and type,A,European-Call,Valuation method or trigger,V,Vanilla,Delivery,C,Cash,,,,,CALL,EURO,Vanilla,Cash,,USD-SOFR ICE Swap Rate vs USD-SOFR ICE Swap Rate,USD,Single,USD-SOFR ICE Swap Rate,10.0,YEAR,,,,,,,,,,,,,,,,Single,USD-SOFR ICE Swap Rate,30.0,YEAR,,,,,,,,,
1,Other,Option,Non_Standard,UPI,QZQHDJR8ZR2C,New,,2024-11-16T05:02:52,HMMAVC,NA/O Oth Nstd,,,Other,European-Call,2021,Current,HMMAVC,H,Non-listed and complex listed options,M,Others (miscellaneous),Underlying assets,M,Others (miscellaneous),Option style and type,A,European-Call,Valuation method or trigger,V,Vanilla,Delivery,C,Cash,2015,Previous,HMMAVC,H,Non-listed and complex listed options,M,Others (miscellaneous),Underlying assets,M,Others (miscellaneous),Option style and type,A,European-Call,Valuation method or trigger,V,Vanilla,Delivery,C,Cash,,,,,CALL,EURO,Vanilla,Cash,,USD-SOFR ICE Swap Rate vs USD-SOFR ICE Swap Rate,USD,Single,USD-SOFR ICE Swap Rate,5.0,YEAR,,,,,,,,,,,,,,,,Single,USD-SOFR ICE Swap Rate,30.0,YEAR,,,,,,,,,
1,Other,Option,Non_Standard,UPI,QZ7H8PBLQV5S,New,,2024-11-16T05:02:32,HMMAVC,NA/O Oth Nstd,,,Other,European-Call,2021,Current,HMMAVC,H,Non-listed and complex listed options,M,Others (miscellaneous),Underlying assets,M,Others (miscellaneous),Option style and type,A,European-Call,Valuation method or trigger,V,Vanilla,Delivery,C,Cash,2015,Previous,HMMAVC,H,Non-listed and complex listed options,M,Others (miscellaneous),Underlying assets,M,Others (miscellaneous),Option style and type,A,European-Call,Valuation method or trigger,V,Vanilla,Delivery,C,Cash,,,,,CALL,EURO,Vanilla,Cash,,EUR-EURIBOR ICE Swap Rate-11:00 vs EUR-EURIBOR ICE Swap Rate-11:00,EUR,Single,EUR-EURIBOR ICE Swap Rate-11:00,2.0,YEAR,,,,,,,,,,,,,,,,Single,EUR-EURIBOR ICE Swap Rate-11:00,10.0,YEAR,,,,,,,,,
1,Other,Option,Non_Standard,UPI,QZKC9F9FV3ZV,New,,2024-11-16T05:02:16,HMMDVC,NA/O Oth Nstd,,,Other,European-Put,2021,Current,HMMDVC,H,Non-listed and complex listed options,M,Others (miscellaneous),Underlying assets,M,Others (miscellaneous),Option style and type,D,European-Put,Valuation method or trigger,V,Vanilla,Delivery,C,Cash,2015,Previous,HMMDVC,H,Non-listed and complex listed options,M,Others (miscellaneous),Underlying assets,M,Others (miscellaneous),Option style and type,D,European-Put,Valuation method or trigger,V,Vanilla,Delivery,C,Cash,,,,,PUTO,EURO,Vanilla,Cash,,USD-SOFR ICE Swap Rate vs USD-SOFR ICE Swap Rate,USD,Single,USD-SOFR ICE Swap Rate,2.0,YEAR,,,,,,,,,,,,,,,,Single,USD-SOFR ICE Swap Rate,30.0,YEAR,,,,,,,,,
1,Other,Option,Non_Standard,UPI,QZGXVJBVK6BZ,New,,2024-09-23T16:20:04,HMMADC,NA/O Oth Nstd,S&P 500 INDEX,EUR USD,Other,European-Call,2021,Current,HMMADC,H,Non-listed and complex listed options,M,Others (miscellaneous),Underlying assets,M,Others (miscellaneous),Option style and type,A,European-Call,Valuation method or trigger,D,Digital (Binary),Delivery,C,Cash,2015,Previous,HMMADC,H,Non-listed and complex listed options,M,Others (miscellaneous),Underlying assets,M,Others (miscellaneous),Option style and type,A,European-Call,Valuation method or trigger,D,Digital (Binary),Delivery,C,Cash,Single,US78378X1072,EUR,USD,CALL,EURO,Digital (Binary),Cash,USD,USD-SOFR ICE Swap Rate,USD,Single,USD-SOFR ICE Swap Rate,2.0,YEAR,,,,,,,,,,,,,,,,,,,,,,,,,,,,
1,Other,Option,Non_Standard,UPI,QZP0T0JF410J,New,,2024-09-23T16:11:44,HMMAVC,NA/O Oth Nstd,NDX1,EUR USD,Other,European-Call,2021,Current,HMMAVC,H,Non-listed and complex listed options,M,Others (miscellaneous),Underlying assets,M,Others (miscellaneous),Option style and type,A,European-Call,Valuation method or trigger,V,Vanilla,Delivery,C,Cash,2015,Previous,HMMAVC,H,Non-listed and complex listed options,M,Others (miscellaneous),Underlying assets,M,Others (miscellaneous),Option style and type,A,European-Call,Valuation method or trigger,V,Vanilla,Delivery,C,Cash,Single,US6311011026,EUR,USD,CALL,EURO,Vanilla,Cash,USD,,,,,,,,,,,,,,,,,,,,,,,,,,,,,,,,,,
1,Other,Option,Non_Standard,UPI,QZL7FD6CT96G,New,,2024-09-23T01:32:51,HMMAMC,NA/O Oth Nstd,HANG SENG CHINA ENTERPRISES INDEX,CNY HKD,Other,European-Call,2021,Current,HMMAMC,H,Non-listed and complex listed options,M,Others (miscellaneous),Underlying assets,M,Others (miscellaneous),Option style and type,A,European-Call,Valuation method or trigger,M,Others (miscellaneous),Delivery,C,Cash,2015,Previous,HMMAMC,H,Non-listed and complex listed options,M,Others (miscellaneous),Underlying assets,M,Others (miscellaneous),Option style and type,A,European-Call,Valuation method or trigger,M,Others (miscellaneous),Delivery,C,Cash,Single,HK0000004330,CNY,HKD,CALL,EURO,Other,Cash,HKD,,,,,,,,,,,,,,,,,,,,,,,,,,,,,,,,,,
1,Other,Option,Non_Standard,UPI,QZC49ZD52N4P,New,,2024-09-21T00:06:56,HMMADC,NA/O Oth Nstd,ESTX 50 PR INDEX,EUR USD,Other,European-Call,2021,Current,HMMADC,H,Non-listed and complex listed options,M,Others (miscellaneous),Underlying assets,M,Others (miscellaneous),Option style and type,A,European-Call,Valuation method or trigger,D,Digital (Binary),Delivery,C,Cash,2015,Previous,HMMADC,H,Non-listed and complex listed options,M,Others (miscellaneous),Underlying assets,M,Others (miscellaneous),Option style and type,A,European-Call,Valuation method or trigger,D,Digital (Binary),Delivery,C,Cash,Single,EU0009658145,EUR,USD,CALL,EURO,Digital (Binary),Cash,USD,,,,,,,,,,,,,,,,,,,,,,,,,,,,,,,,,,
1,Other,Option,Non_Standard,UPI,QZ0881FVMKZP,New,,2024-09-21T00:06:55,HMMAVC,NA/O Oth Nstd,COM,EUR USD,Other,European-Call,2021,Current,HMMAVC,H,Non-listed and complex listed options,M,Others (miscellaneous),Underlying assets,M,Others (miscellaneous),Option style and type,A,European-Call,Valuation method or trigger,V,Vanilla,Delivery,C,Cash,2015,Previous,HMMAVC,H,Non-listed and complex listed options,M,Others (miscellaneous),Underlying assets,M,Others (miscellaneous),Option style and type,A,European-Call,Valuation method or trigger,V,Vanilla,Delivery,C,Cash,Single,US67066G1040,EUR,USD,CALL,EURO,Vanilla,Cash,USD,,,,,,,,,,,,,,,,,,,,,,,,,,,,,,,,,,
1,Other,Option,Non_Standard,UPI,QZDC0BGQ0FKK,New,,2025-02-24T14:28:28,HMMADC,NA/O Oth Nstd,MDAX PERFORMANCE-INDEX,EUR GBP,Other,European-Call,2021,Current,HMMADC,H,Non-listed and complex listed options,M,Others (miscellaneous),Underlying assets,M,Others (miscellaneous),Option style and type,A,European-Call,Valuation method or trigger,D,Digital (Binary),Delivery,C,Cash,2015,Previous,HMMADC,H,Non-listed and complex listed options,M,Others (miscellaneous),Underlying assets,M,Others (miscellaneous),Option style and type,A,European-Call,Valuation method or trigger,D,Digital (Binary),Delivery,C,Cash,Single,DE0008467416,EUR,GBP,CALL,EURO,Digital (Binary),Cash,EUR,,,,,,,,,,,,,,,,,,,,,,,,,,,,,,,,,,
1,Other,Option,Non_Standard,UPI,QZRVTFKB3N03,New,,2025-02-18T03:44:49,HMMAVC,NA/O Oth Nstd,KOSPI 200,KRW USD,Other,European-Call,2021,Current,HMMAVC,H,Non-listed and complex listed options,M,Others (miscellaneous),Underlying assets,M,Others (miscellaneous),Option style and type,A,European-Call,Valuation method or trigger,V,Vanilla,Delivery,C,Cash,2015,Previous,HMMAVC,H,Non-listed and complex listed options,M,Others (miscellaneous),Underlying assets,M,Others (miscellaneous),Option style and type,A,European-Call,Valuation method or trigger,V,Vanilla,Delivery,C,Cash,Single,KRD020020016,KRW,USD,CALL,EURO,Vanilla,Cash,USD,,,,,,,,,,,,,,,,,,,,,,,,,,,,,,,,,,
1,Other,Option,Non_Standard,UPI,QZRLGGT8JJWL,New,,2025-02-18T03:41:23,HMMAMC,NA/O Oth Nstd,KOSPI 200,KRW USD,Other,European-Call,2021,Current,HMMAMC,H,Non-listed and complex listed options,M,Others (miscellaneous),Underlying assets,M,Others (miscellaneous),Option style and type,A,European-Call,Valuation method or trigger,M,Others (miscellaneous),Delivery,C,Cash,2015,Previous,HMMAMC,H,Non-listed and complex listed options,M,Others (miscellaneous),Underlying assets,M,Others (miscellaneous),Option style and type,A,European-Call,Valuation method or trigger,M,Others (miscellaneous),Delivery,C,Cash,Single,KRD020020016,KRW,USD,CALL,EURO,Other,Cash,,,,,,,,,,,,,,,,,,,,,,,,,,,,,,,,,,,
1,Other,Option,Non_Standard,UPI,QZLQ15G8SGFQ,New,,2025-02-13T08:30:42,HMMADC,NA/O Oth Nstd,HANG SENG CHINA ENTERPRISES INDEX,HKD USD,Other,European-Call,2021,Current,HMMADC,H,Non-listed and complex listed options,M,Others (miscellaneous),Underlying assets,M,Others (miscellaneous),Option style and type,A,European-Call,Valuation method or trigger,D,Digital (Binary),Delivery,C,Cash,2015,Previous,HMMADC,H,Non-listed and complex listed options,M,Others (miscellaneous),Underlying assets,M,Others (miscellaneous),Option style and type,A,European-Call,Valuation method or trigger,D,Digital (Binary),Delivery,C,Cash,Single,HK0000004330,HKD,USD,CALL,EURO,Digital (Binary),Cash,,,,,,,,,,,,,,,,,,,,,,,,,,,,,,,,,,,
1,Other,Option,Non_Standard,UPI,QZN140X28D33,New,,2025-02-12T17:36:18,HMMDVC,NA/O Oth Nstd,,,Other,European-Put,2021,Current,HMMDVC,H,Non-listed and complex listed options,M,Others (miscellaneous),Underlying assets,M,Others (miscellaneous),Option style and type,D,European-Put,Valuation method or trigger,V,Vanilla,Delivery,C,Cash,2015,Previous,HMMDVC,H,Non-listed and complex listed options,M,Others (miscellaneous),Underlying assets,M,Others (miscellaneous),Option style and type,D,European-Put,Valuation method or trigger,V,Vanilla,Delivery,C,Cash,,,,,PUTO,EURO,Vanilla,Cash,,EUR-EURIBOR ICE Swap Rate-11:00 vs EUR-EURIBOR ICE Swap Rate-11:00,EUR,Single,EUR-EURIBOR ICE Swap Rate-11:00,2.0,YEAR,,,,,,,,,,,,,,,,Single,EUR-EURIBOR ICE Swap Rate-11:00,20.0,YEAR,,,,,,,,,
1,Other,Option,Non_Standard,UPI,QZGTZL77QVPF,New,,2024-10-03T11:53:22,HMMADC,NA/O Oth Nstd,No name obtainable,CNY USD,Other,European-Call,2021,Current,HMMADC,H,Non-listed and complex listed options,M,Others (miscellaneous),Underlying assets,M,Others (miscellaneous),Option style and type,A,European-Call,Valuation method or trigger,D,Digital (Binary),Delivery,C,Cash,2015,Previous,HMMADC,H,Non-listed and complex listed options,M,Others (miscellaneous),Underlying assets,M,Others (miscellaneous),Option style and type,A,European-Call,Valuation method or trigger,D,Digital (Binary),Delivery,C,Cash,Single,US6488151084,CNY,USD,CALL,EURO,Digital (Binary),Cash,USD,USD-SOFR ICE Swap Rate,USD,Single,USD-SOFR ICE Swap Rate,10.0,YEAR,,,,,,,,,,,,,,,,,,,,,,,,,,,,
1,Other,Option,Non_Standard,UPI,QZ4KWFW3WJN0,New,,2024-10-03T11:13:32,HMMADC,NA/O Oth Nstd,No name obtainable,USD XAU,Other,European-Call,2021,Current,HMMADC,H,Non-listed and complex listed options,M,Others (miscellaneous),Underlying assets,M,Others (miscellaneous),Option style and type,A,European-Call,Valuation method or trigger,D,Digital (Binary),Delivery,C,Cash,2015,Previous,HMMADC,H,Non-listed and complex listed options,M,Others (miscellaneous),Underlying assets,M,Others (miscellaneous),Option style and type,A,European-Call,Valuation method or trigger,D,Digital (Binary),Delivery,C,Cash,Single,US6488151084,USD,XAU,CALL,EURO,Digital (Binary),Cash,USD,,,,,,,,,,,,,,,,,,,,,,,,,,,,,,,,,,
1,Other,Option,Non_Standard,UPI,QZGKK9F8G7B3,New,,2024-10-02T15:44:24,HMMADC,NA/O Oth Nstd,FINANCIAL,CNY USD,Other,European-Call,2021,Current,HMMADC,H,Non-listed and complex listed options,M,Others (miscellaneous),Underlying assets,M,Others (miscellaneous),Option style and type,A,European-Call,Valuation method or trigger,D,Digital (Binary),Delivery,C,Cash,2015,Previous,HMMADC,H,Non-listed and complex listed options,M,Others (miscellaneous),Underlying assets,M,Others (miscellaneous),Option style and type,A,European-Call,Valuation method or trigger,D,Digital (Binary),Delivery,C,Cash,Single,US81369Y6059,CNY,USD,CALL,EURO,Digital (Binary),Cash,USD,,,,,,,,,,,,,,,,,,,,,,,,,,,,,,,,,,
1,Other,Option,Non_Standard,UPI,QZFPZX2L8C2Z,New,,2024-10-02T15:33:15,HMMADC,NA/O Oth Nstd,No name obtainable,EUR USD,Other,European-Call,2021,Current,HMMADC,H,Non-listed and complex listed options,M,Others (miscellaneous),Underlying assets,M,Others (miscellaneous),Option style and type,A,European-Call,Valuation method or trigger,D,Digital (Binary),Delivery,C,Cash,2015,Previous,HMMADC,H,Non-listed and complex listed options,M,Others (miscellaneous),Underlying assets,M,Others (miscellaneous),Option style and type,A,European-Call,Valuation method or trigger,D,Digital (Binary),Delivery,C,Cash,Single,US6488151084,EUR,USD,CALL,EURO,Digital (Binary),Cash,USD,USD-SOFR ICE Swap Rate,USD,Single,USD-SOFR ICE Swap Rate,10.0,YEAR,,,,,,,,,,,,,,,,,,,,,,,,,,,,
1,Other,Option,Non_Standard,UPI,QZK5VNFSW0ZR,New,,2024-10-01T16:49:33,HMMADC,NA/O Oth Nstd,No name obtainable,EUR USD,Other,European-Call,2021,Current,HMMADC,H,Non-listed and complex listed options,M,Others (miscellaneous),Underlying assets,M,Others (miscellaneous),Option style and type,A,European-Call,Valuation method or trigger,D,Digital (Binary),Delivery,C,Cash,2015,Previous,HMMADC,H,Non-listed and complex listed options,M,Others (miscellaneous),Underlying assets,M,Others (miscellaneous),Option style and type,A,European-Call,Valuation method or trigger,D,Digital (Binary),Delivery,C,Cash,Single,US78463V1070,EUR,USD,CALL,EURO,Digital (Binary),Cash,USD,,,,,,,,,,,,,,,,,,,,,,,,,,,,,,,,,,
1,Other,Option,Non_Standard,UPI,QZRFLFKC3G7W,New,,2024-10-03T16:59:29,HMMADC,NA/O Oth Nstd,DEUTSCHE BORSE DAX INDEX,,Other,European-Call,2021,Current,HMMADC,H,Non-listed and complex listed options,M,Others (miscellaneous),Underlying assets,M,Others (miscellaneous),Option style and type,A,European-Call,Valuation method or trigger,D,Digital (Binary),Delivery,C,Cash,2015,Previous,HMMADC,H,Non-listed and complex listed options,M,Others (miscellaneous),Underlying assets,M,Others (miscellaneous),Option style and type,A,European-Call,Valuation method or trigger,D,Digital (Binary),Delivery,C,Cash,Single,DE0008469008,,,CALL,EURO,Digital (Binary),Cash,,USD-SOFR ICE Swap Rate,USD,Single,USD-SOFR ICE Swap Rate,2.0,YEAR,,,,,,,,,,,,,,,,,,,,,,,,,,,,
1,Other,Option,Non_Standard,UPI,QZJ1FVNC3RRG,New,,2024-10-03T16:59:27,HMMADC,NA/O Oth Nstd,DEUTSCHE BORSE DAX INDEX,,Other,European-Call,2021,Current,HMMADC,H,Non-listed and complex listed options,M,Others (miscellaneous),Underlying assets,M,Others (miscellaneous),Option style and type,A,European-Call,Valuation method or trigger,D,Digital (Binary),Delivery,C,Cash,2015,Previous,HMMADC,H,Non-listed and complex listed options,M,Others (miscellaneous),Underlying assets,M,Others (miscellaneous),Option style and type,A,European-Call,Valuation method or trigger,D,Digital (Binary),Delivery,C,Cash,Single,DE0008469008,,,CALL,EURO,Digital (Binary),Cash,,USD-SOFR ICE Swap Rate,USD,Single,USD-SOFR ICE Swap Rate,10.0,YEAR,,,,,,,,,,,,,,,,,,,,,,,,,,,,
1,Other,Option,Non_Standard,UPI,QZPDBC86KVV9,New,,2024-10-03T16:55:09,HMMADC,NA/O Oth Nstd,No name obtainable,,Other,European-Call,2021,Current,HMMADC,H,Non-listed and complex listed options,M,Others (miscellaneous),Underlying assets,M,Others (miscellaneous),Option style and type,A,European-Call,Valuation method or trigger,D,Digital (Binary),Delivery,C,Cash,2015,Previous,HMMADC,H,Non-listed and complex listed options,M,Others (miscellaneous),Underlying assets,M,Others (miscellaneous),Option style and type,A,European-Call,Valuation method or trigger,D,Digital (Binary),Delivery,C,Cash,Single,US6488151084,,,CALL,EURO,Digital (Binary),Cash,,USD-SOFR ICE Swap Rate,USD,Single,USD-SOFR ICE Swap Rate,30.0,YEAR,,,,,,,,,,,,,,,,,,,,,,,,,,,,
1,Other,Option,Non_Standard,UPI,QZNH1KP283LZ,New,,2024-10-03T16:54:49,HMMADC,NA/O Oth Nstd,No name obtainable,,Other,European-Call,2021,Current,HMMADC,H,Non-listed and complex listed options,M,Others (miscellaneous),Underlying assets,M,Others (miscellaneous),Option style and type,A,European-Call,Valuation method or trigger,D,Digital (Binary),Delivery,C,Cash,2015,Previous,HMMADC,H,Non-listed and complex listed options,M,Others (miscellaneous),Underlying assets,M,Others (miscellaneous),Option style and type,A,European-Call,Valuation method or trigger,D,Digital (Binary),Delivery,C,Cash,Single,US6488151084,,,CALL,EURO,Digital (Binary),Cash,,USD-SOFR ICE Swap Rate,USD,Single,USD-SOFR ICE Swap Rate,2.0,YEAR,,,,,,,,,,,,,,,,,,,,,,,,,,,,
1,Other,Option,Non_Standard,UPI,QZRK44WGN35F,New,,2024-10-03T16:48:19,HMMADC,NA/O Oth Nstd,,EUR USD,Other,European-Call,2021,Current,HMMADC,H,Non-listed and complex listed options,M,Others (miscellaneous),Underlying assets,M,Others (miscellaneous),Option style and type,A,European-Call,Valuation method or trigger,D,Digital (Binary),Delivery,C,Cash,2015,Previous,HMMADC,H,Non-listed and complex listed options,M,Others (miscellaneous),Underlying assets,M,Others (miscellaneous),Option style and type,A,European-Call,Valuation method or trigger,D,Digital (Binary),Delivery,C,Cash,,,EUR,USD,CALL,EURO,Digital (Binary),Cash,,USD-SOFR ICE Swap Rate,USD,Single,USD-SOFR ICE Swap Rate,10.0,YEAR,,,,,,,,,,,,,,,,,,,,,,,,,,,,
1,Other,Option,Non_Standard,UPI,QZ0FT032Q4ZD,New,,2024-11-19T11:03:22,HMMADC,NA/O Oth Nstd,ESTX 50 PR INDEX,EUR GBP,Other,European-Call,2021,Current,HMMADC,H,Non-listed and complex listed options,M,Others (miscellaneous),Underlying assets,M,Others (miscellaneous),Option style and type,A,European-Call,Valuation method or trigger,D,Digital (Binary),Delivery,C,Cash,2015,Previous,HMMADC,H,Non-listed and complex listed options,M,Others (miscellaneous),Underlying assets,M,Others (miscellaneous),Option style and type,A,European-Call,Valuation method or trigger,D,Digital (Binary),Delivery,C,Cash,Single,EU0009658145,EUR,GBP,CALL,EURO,Digital (Binary),Cash,EUR,,,,,,,,,,,,,,,,,,,,,,,,,,,,,,,,,,
1,Other,Option,Non_Standard,UPI,QZHN85JGTLCL,New,,2024-11-19T10:47:01,HMMADC,NA/O Oth Nstd,ESTX 50 PR INDEX,EUR GBP,Other,European-Call,2021,Current,HMMADC,H,Non-listed and complex listed options,M,Others (miscellaneous),Underlying assets,M,Others (miscellaneous),Option style and type,A,European-Call,Valuation method or trigger,D,Digital (Binary),Delivery,C,Cash,2015,Previous,HMMADC,H,Non-listed and complex listed options,M,Others (miscellaneous),Underlying assets,M,Others (miscellaneous),Option style and type,A,European-Call,Valuation method or trigger,D,Digital (Binary),Delivery,C,Cash,Single,EU0009658145,EUR,GBP,CALL,EURO,Digital (Binary),Cash,,,,,,,,,,,,,,,,,,,,,,,,,,,,,,,,,,,
1,Other,Option,Non_Standard,UPI,QZ97GDRFHBFS,New,,2024-11-19T10:21:58,HMMDVC,NA/O Oth Nstd,,,Other,European-Put,2021,Current,HMMDVC,H,Non-listed and complex listed options,M,Others (miscellaneous),Underlying assets,M,Others (miscellaneous),Option style and type,D,European-Put,Valuation method or trigger,V,Vanilla,Delivery,C,Cash,2015,Previous,HMMDVC,H,Non-listed and complex listed options,M,Others (miscellaneous),Underlying assets,M,Others (miscellaneous),Option style and type,D,European-Put,Valuation method or trigger,V,Vanilla,Delivery,C,Cash,,,,,PUTO,EURO,Vanilla,Cash,,,,,,,,OTHER,USD,Single,,NRGY,,,,,,,,,OILP,FOIL,,,,,,,,,,OTHER,,,
1,Other,Option,Non_Standard,UPI,QZ8K1BFXVKW8,New,,2024-11-19T10:20:16,HMMAVC,NA/O Oth Nstd,,,Other,European-Call,2021,Current,HMMAVC,H,Non-listed and complex listed options,M,Others (miscellaneous),Underlying assets,M,Others (miscellaneous),Option style and type,A,European-Call,Valuation method or trigger,V,Vanilla,Delivery,C,Cash,2015,Previous,HMMAVC,H,Non-listed and complex listed options,M,Others (miscellaneous),Underlying assets,M,Others (miscellaneous),Option style and type,A,European-Call,Valuation method or trigger,V,Vanilla,Delivery,C,Cash,,,,,CALL,EURO,Vanilla,Cash,,,,,,,,OTHER,USD,Single,,NRGY,,,,,,,,,OILP,FOIL,,,,,,,,,,OTHER,,,
1,Other,Option,Non_Standard,UPI,QZP672LH092S,New,,2024-11-19T07:51:25,HMMGBP,NA/O Oth Nstd,,CNY USD,Other,European-Chooser,2021,Current,HMMGBP,H,Non-listed and complex listed options,M,Others (miscellaneous),Underlying assets,M,Others (miscellaneous),Option style and type,G,European-Chooser,Valuation method or trigger,B,Barrier,Delivery,P,Physical,2015,Previous,HMMGBP,H,Non-listed and complex listed options,M,Others (miscellaneous),Underlying assets,M,Others (miscellaneous),Option style and type,G,European-Chooser,Valuation method or trigger,B,Barrier,Delivery,P,Physical,,,CNY,USD,OPTL,EURO,Barrier,Physical,,,,,,,,,,,,,,,,,,,,,,,,,,,,,,,,,,,
1,Other,Option,Non_Standard,UPI,QZDGS78T92BN,New,,2025-03-07T12:53:37,HMMAVC,NA/O Oth Nstd,,,Other,European-Call,2021,Current,HMMAVC,H,Non-listed and complex listed options,M,Others (miscellaneous),Underlying assets,M,Others (miscellaneous),Option style and type,A,European-Call,Valuation method or trigger,V,Vanilla,Delivery,C,Cash,2015,Previous,HMMAVC,H,Non-listed and complex listed options,M,Others (miscellaneous),Underlying assets,M,Others (miscellaneous),Option style and type,A,European-Call,Valuation method or trigger,V,Vanilla,Delivery,C,Cash,,,,,CALL,EURO,Vanilla,Cash,,EUR-EURIBOR ICE Swap Rate-11:00 vs EUR-EURIBOR ICE Swap Rate-11:00,EUR,Single,EUR-EURIBOR ICE Swap Rate-11:00,5.0,YEAR,,,,,,,,,,,,,,,,Single,EUR-EURIBOR ICE Swap Rate-11:00,10.0,YEAR,,,,,,,,,
1,Other,Option,Non_Standard,UPI,QZQ2PSV3177S,New,,2025-03-07T07:38:32,HMMDBP,NA/O Oth Nstd,S&P 500 INDEX,,Other,European-Put,2021,Current,HMMDBP,H,Non-listed and complex listed options,M,Others (miscellaneous),Underlying assets,M,Others (miscellaneous),Option style and type,D,European-Put,Valuation method or trigger,B,Barrier,Delivery,P,Physical,2015,Previous,HMMDBP,H,Non-listed and complex listed options,M,Others (miscellaneous),Underlying assets,M,Others (miscellaneous),Option style and type,D,European-Put,Valuation method or trigger,B,Barrier,Delivery,P,Physical,Single,US78378X1072,,,PUTO,EURO,Barrier,Physical,,USD-SOFR-OIS Compound vs Basket,USD,Single,USD-SOFR-OIS Compound,1.0,DAYS,,,,,,,,,,,,,,,,Basket,,,,,,,,,,,,
1,Other,Option,Non_Standard,UPI,QZ5KD8X8M5XG,New,,2025-03-07T04:28:56,HMMADC,NA/O Oth Nstd,S&P 500 INDEX,JPY USD,Other,European-Call,2021,Current,HMMADC,H,Non-listed and complex listed options,M,Others (miscellaneous),Underlying assets,M,Others (miscellaneous),Option style and type,A,European-Call,Valuation method or trigger,D,Digital (Binary),Delivery,C,Cash,2015,Previous,HMMADC,H,Non-listed and complex listed options,M,Others (miscellaneous),Underlying assets,M,Others (miscellaneous),Option style and type,A,European-Call,Valuation method or trigger,D,Digital (Binary),Delivery,C,Cash,Single,US78378X1072,JPY,USD,CALL,EURO,Digital (Binary),Cash,USD,USD-SOFR ICE Swap Rate,USD,Single,USD-SOFR ICE Swap Rate,30.0,YEAR,,,,,,,,,,,,,,,,,,,,,,,,,,,,
1,Other,Option,Non_Standard,UPI,QZDM6XNCG6NW,New,,2025-03-05T08:46:32,HMMADC,NA/O Oth Nstd,S&P 500 INDEX,NOK USD,Other,European-Call,2021,Current,HMMADC,H,Non-listed and complex listed options,M,Others (miscellaneous),Underlying assets,M,Others (miscellaneous),Option style and type,A,European-Call,Valuation method or trigger,D,Digital (Binary),Delivery,C,Cash,2015,Previous,HMMADC,H,Non-listed and complex listed options,M,Others (miscellaneous),Underlying assets,M,Others (miscellaneous),Option style and type,A,European-Call,Valuation method or trigger,D,Digital (Binary),Delivery,C,Cash,Single,US78378X1072,NOK,USD,CALL,EURO,Digital (Binary),Cash,USD,,,,,,,,,,,,,,,,,,,,,,,,,,,,,,,,,,
1,Other,Option,Non_Standard,UPI,QZ401811HN4D,New,,2025-03-05T08:15:00,HMMADC,NA/O Oth Nstd,MDAX PERFORMANCE-INDEX,EUR GBP,Other,European-Call,2021,Current,HMMADC,H,Non-listed and complex listed options,M,Others (miscellaneous),Underlying assets,M,Others (miscellaneous),Option style and type,A,European-Call,Valuation method or trigger,D,Digital (Binary),Delivery,C,Cash,2015,Previous,HMMADC,H,Non-listed and complex listed options,M,Others (miscellaneous),Underlying assets,M,Others (miscellaneous),Option style and type,A,European-Call,Valuation method or trigger,D,Digital (Binary),Delivery,C,Cash,Single,DE0008467416,EUR,GBP,CALL,EURO,Digital (Binary),Cash,,,,,,,,,,,,,,,,,,,,,,,,,,,,,,,,,,,
1,Other,Option,Non_Standard,UPI,QZD9PSCZPZC2,New,,2024-11-18T17:28:35,HMMADC,NA/O Oth Nstd,STXE 600 UTILITIES PR.EUR,EUR USD,Other,European-Call,2021,Current,HMMADC,H,Non-listed and complex listed options,M,Others (miscellaneous),Underlying assets,M,Others (miscellaneous),Option style and type,A,European-Call,Valuation method or trigger,D,Digital (Binary),Delivery,C,Cash,2015,Previous,HMMADC,H,Non-listed and complex listed options,M,Others (miscellaneous),Underlying assets,M,Others (miscellaneous),Option style and type,A,European-Call,Valuation method or trigger,D,Digital (Binary),Delivery,C,Cash,Single,EU0009658962,EUR,USD,CALL,EURO,Digital (Binary),Cash,EUR,,,,,,,,,,,,,,,,,,,,,,,,,,,,,,,,,,
1,Other,Option,Non_Standard,UPI,QZQQ1MFP9D8H,New,,2024-11-16T05:05:48,HMMDVC,NA/O Oth Nstd,,,Other,European-Put,2021,Current,HMMDVC,H,Non-listed and complex listed options,M,Others (miscellaneous),Underlying assets,M,Others (miscellaneous),Option style and type,D,European-Put,Valuation method or trigger,V,Vanilla,Delivery,C,Cash,2015,Previous,HMMDVC,H,Non-listed and complex listed options,M,Others (miscellaneous),Underlying assets,M,Others (miscellaneous),Option style and type,D,European-Put,Valuation method or trigger,V,Vanilla,Delivery,C,Cash,,,,,PUTO,EURO,Vanilla,Cash,,USD-SOFR ICE Swap Rate vs USD-SOFR ICE Swap Rate,USD,Single,USD-SOFR ICE Swap Rate,2.0,YEAR,,,,,,,,,,,,,,,,Single,USD-SOFR ICE Swap Rate,5.0,YEAR,,,,,,,,,
1,Other,Option,Non_Standard,UPI,QZG9THQ9ZN0B,New,,2024-11-16T05:05:45,HMMDVC,NA/O Oth Nstd,,,Other,European-Put,2021,Current,HMMDVC,H,Non-listed and complex listed options,M,Others (miscellaneous),Underlying assets,M,Others (miscellaneous),Option style and type,D,European-Put,Valuation method or trigger,V,Vanilla,Delivery,C,Cash,2015,Previous,HMMDVC,H,Non-listed and complex listed options,M,Others (miscellaneous),Underlying assets,M,Others (miscellaneous),Option style and type,D,European-Put,Valuation method or trigger,V,Vanilla,Delivery,C,Cash,,,,,PUTO,EURO,Vanilla,Cash,,EUR-EURIBOR ICE Swap Rate-11:00 vs EUR-EURIBOR ICE Swap Rate-11:00,EUR,Single,EUR-EURIBOR ICE Swap Rate-11:00,2.0,YEAR,,,,,,,,,,,,,,,,Single,EUR-EURIBOR ICE Swap Rate-11:00,30.0,YEAR,,,,,,,,,
1,Other,Option,Non_Standard,UPI,QZ432DSB8PKQ,New,,2024-11-16T05:05:28,HMMAVC,NA/O Oth Nstd,,,Other,European-Call,2021,Current,HMMAVC,H,Non-listed and complex listed options,M,Others (miscellaneous),Underlying assets,M,Others (miscellaneous),Option style and type,A,European-Call,Valuation method or trigger,V,Vanilla,Delivery,C,Cash,2015,Previous,HMMAVC,H,Non-listed and complex listed options,M,Others (miscellaneous),Underlying assets,M,Others (miscellaneous),Option style and type,A,European-Call,Valuation method or trigger,V,Vanilla,Delivery,C,Cash,,,,,CALL,EURO,Vanilla,Cash,,EUR-EURIBOR ICE Swap Rate-11:00 vs EUR-EURIBOR ICE Swap Rate-11:00,EUR,Single,EUR-EURIBOR ICE Swap Rate-11:00,2.0,YEAR,,,,,,,,,,,,,,,,Single,EUR-EURIBOR ICE Swap Rate-11:00,30.0,YEAR,,,,,,,,,
1,Other,Option,Non_Standard,UPI,QZ7P5Q888486,New,,2024-11-16T05:05:23,HMMAVC,NA/O Oth Nstd,,,Other,European-Call,2021,Current,HMMAVC,H,Non-listed and complex listed options,M,Others (miscellaneous),Underlying assets,M,Others (miscellaneous),Option style and type,A,European-Call,Valuation method or trigger,V,Vanilla,Delivery,C,Cash,2015,Previous,HMMAVC,H,Non-listed and complex listed options,M,Others (miscellaneous),Underlying assets,M,Others (miscellaneous),Option style and type,A,European-Call,Valuation method or trigger,V,Vanilla,Delivery,C,Cash,,,,,CALL,EURO,Vanilla,Cash,,EUR-EURIBOR ICE Swap Rate-11:00 vs EUR-EURIBOR ICE Swap Rate-11:00,EUR,Single,EUR-EURIBOR ICE Swap Rate-11:00,10.0,YEAR,,,,,,,,,,,,,,,,Single,EUR-EURIBOR ICE Swap Rate-11:00,30.0,YEAR,,,,,,,,,
1,Other,Option,Non_Standard,UPI,QZLHD9W824QF,New,,2025-03-04T09:43:26,HMMADC,NA/O Oth Nstd,NIKKEI 225,EUR JPY,Other,European-Call,2021,Current,HMMADC,H,Non-listed and complex listed options,M,Others (miscellaneous),Underlying assets,M,Others (miscellaneous),Option style and type,A,European-Call,Valuation method or trigger,D,Digital (Binary),Delivery,C,Cash,2015,Previous,HMMADC,H,Non-listed and complex listed options,M,Others (miscellaneous),Underlying assets,M,Others (miscellaneous),Option style and type,A,European-Call,Valuation method or trigger,D,Digital (Binary),Delivery,C,Cash,Single,JP9010C00002,EUR,JPY,CALL,EURO,Digital (Binary),Cash,EUR,,,,,,,,,,,,,,,,,,,,,,,,,,,,,,,,,,
1,Other,Option,Non_Standard,UPI,QZ3R1FKW7PSS,New,,2025-02-27T13:04:35,HMMADC,NA/O Oth Nstd,S&P 500 INDEX,USD XAU,Other,European-Call,2021,Current,HMMADC,H,Non-listed and complex listed options,M,Others (miscellaneous),Underlying assets,M,Others (miscellaneous),Option style and type,A,European-Call,Valuation method or trigger,D,Digital (Binary),Delivery,C,Cash,2015,Previous,HMMADC,H,Non-listed and complex listed options,M,Others (miscellaneous),Underlying assets,M,Others (miscellaneous),Option style and type,A,European-Call,Valuation method or trigger,D,Digital (Binary),Delivery,C,Cash,Single,US78378X1072,USD,XAU,CALL,EURO,Digital (Binary),Cash,USD,USD-SOFR ICE Swap Rate,USD,Single,USD-SOFR ICE Swap Rate,5.0,YEAR,,,,,,,,,,,,,,,,,,,,,,,,,,,,
1,Other,Option,Non_Standard,UPI,QZ1QV41T3HCH,New,,2025-02-26T16:16:16,HMMAMC,NA/O Oth Nstd,S&P 500 INDEX,,Other,European-Call,2021,Current,HMMAMC,H,Non-listed and complex listed options,M,Others (miscellaneous),Underlying assets,M,Others (miscellaneous),Option style and type,A,European-Call,Valuation method or trigger,M,Others (miscellaneous),Delivery,C,Cash,2015,Previous,HMMAMC,H,Non-listed and complex listed options,M,Others (miscellaneous),Underlying assets,M,Others (miscellaneous),Option style and type,A,European-Call,Valuation method or trigger,M,Others (miscellaneous),Delivery,C,Cash,Single,US78378X1072,,,CALL,EURO,Other,Cash,,USD-SOFR ICE Swap Rate,USD,Single,USD-SOFR ICE Swap Rate,2.0,YEAR,,,,,,,,,,,,,,,,,,,,,,,,,,,,
1,Other,Option,Non_Standard,UPI,QZBLQ0PMJ5M0,New,,2025-02-25T16:24:19,HMMDMC,NA/O Oth Nstd,S&P 500 INDEX,EUR USD,Other,European-Put,2021,Current,HMMDMC,H,Non-listed and complex listed options,M,Others (miscellaneous),Underlying assets,M,Others (miscellaneous),Option style and type,D,European-Put,Valuation method or trigger,M,Others (miscellaneous),Delivery,C,Cash,2015,Previous,HMMDMC,H,Non-listed and complex listed options,M,Others (miscellaneous),Underlying assets,M,Others (miscellaneous),Option style and type,D,European-Put,Valuation method or trigger,M,Others (miscellaneous),Delivery,C,Cash,Single,US78378X1072,EUR,USD,PUTO,EURO,Other,Cash,USD,,,,,,,,,,,,,,,,,,,,,,,,,,,,,,,,,,
1,Other,Option,Non_Standard,UPI,QZX9HJT9TCQ8,New,,2025-02-25T06:35:33,HMMADC,NA/O Oth Nstd,INDEX,,Other,European-Call,2021,Current,HMMADC,H,Non-listed and complex listed options,M,Others (miscellaneous),Underlying assets,M,Others (miscellaneous),Option style and type,A,European-Call,Valuation method or trigger,D,Digital (Binary),Delivery,C,Cash,2015,Previous,HMMADC,H,Non-listed and complex listed options,M,Others (miscellaneous),Underlying assets,M,Others (miscellaneous),Option style and type,A,European-Call,Valuation method or trigger,D,Digital (Binary),Delivery,C,Cash,Single,US7827001089,,,CALL,EURO,Digital (Binary),Cash,,USD-SOFR ICE Swap Rate,USD,Single,USD-SOFR ICE Swap Rate,10.0,YEAR,,,,,,,,,,,,,,,,,,,,,,,,,,,,
1,Other,Option,Non_Standard,UPI,QZLVBN9FMQK8,New,,2024-12-02T18:03:49,HMMADC,NA/O Oth Nstd,NDX1,GBP USD,Other,European-Call,2021,Current,HMMADC,H,Non-listed and complex listed options,M,Others (miscellaneous),Underlying assets,M,Others (miscellaneous),Option style and type,A,European-Call,Valuation method or trigger,D,Digital (Binary),Delivery,C,Cash,2015,Previous,HMMADC,H,Non-listed and complex listed options,M,Others (miscellaneous),Underlying assets,M,Others (miscellaneous),Option style and type,A,European-Call,Valuation method or trigger,D,Digital (Binary),Delivery,C,Cash,Single,US6311011026,GBP,USD,CALL,EURO,Digital (Binary),Cash,USD,,,,,,,,,,,,,,,,,,,,,,,,,,,,,,,,,,
1,Other,Option,Non_Standard,UPI,QZC37H7QFDV5,New,,2024-12-02T17:51:26,HMMADC,NA/O Oth Nstd,NDX1,GBP USD,Other,European-Call,2021,Current,HMMADC,H,Non-listed and complex listed options,M,Others (miscellaneous),Underlying assets,M,Others (miscellaneous),Option style and type,A,European-Call,Valuation method or trigger,D,Digital (Binary),Delivery,C,Cash,2015,Previous,HMMADC,H,Non-listed and complex listed options,M,Others (miscellaneous),Underlying assets,M,Others (miscellaneous),Option style and type,A,European-Call,Valuation method or trigger,D,Digital (Binary),Delivery,C,Cash,Single,US6311011026,GBP,USD,CALL,EURO,Digital (Binary),Cash,,,,,,,,,,,,,,,,,,,,,,,,,,,,,,,,,,,
1,Other,Option,Non_Standard,UPI,QZG7QR34ZS45,New,,2024-11-27T14:24:16,HMMADC,NA/O Oth Nstd,S&P 500 INDEX,EUR USD,Other,European-Call,2021,Current,HMMADC,H,Non-listed and complex listed options,M,Others (miscellaneous),Underlying assets,M,Others (miscellaneous),Option style and type,A,European-Call,Valuation method or trigger,D,Digital (Binary),Delivery,C,Cash,2015,Previous,HMMADC,H,Non-listed and complex listed options,M,Others (miscellaneous),Underlying assets,M,Others (miscellaneous),Option style and type,A,European-Call,Valuation method or trigger,D,Digital (Binary),Delivery,C,Cash,Single,US78378X1072,EUR,USD,CALL,EURO,Digital (Binary),Cash,USD,USD-SOFR ICE Swap Rate,USD,Single,USD-SOFR ICE Swap Rate,10.0,YEAR,,,,,,,,,,,,,,,,,,,,,,,,,,,,
1,Other,Option,Non_Standard,UPI,QZJHW6ZZ54QQ,New,,2024-11-22T18:06:35,HMMADC,NA/O Oth Nstd,S&P 500 INDEX,GBP USD,Other,European-Call,2021,Current,HMMADC,H,Non-listed and complex listed options,M,Others (miscellaneous),Underlying assets,M,Others (miscellaneous),Option style and type,A,European-Call,Valuation method or trigger,D,Digital (Binary),Delivery,C,Cash,2015,Previous,HMMADC,H,Non-listed and complex listed options,M,Others (miscellaneous),Underlying assets,M,Others (miscellaneous),Option style and type,A,European-Call,Valuation method or trigger,D,Digital (Binary),Delivery,C,Cash,Single,US78378X1072,GBP,USD,CALL,EURO,Digital (Binary),Cash,USD,,,,,,,,,,,,,,,,,,,,,,,,,,,,,,,,,,
1,Other,Option,Non_Standard,UPI,QZMV1G4MPKHW,New,,2024-11-22T12:47:04,HMMDVP,NA/O Oth Nstd,,GBP USD,Other,European-Put,2021,Current,HMMDVP,H,Non-listed and complex listed options,M,Others (miscellaneous),Underlying assets,M,Others (miscellaneous),Option style and type,D,European-Put,Valuation method or trigger,V,Vanilla,Delivery,P,Physical,2015,Previous,HMMDVP,H,Non-listed and complex listed options,M,Others (miscellaneous),Underlying assets,M,Others (miscellaneous),Option style and type,D,European-Put,Valuation method or trigger,V,Vanilla,Delivery,P,Physical,,,GBP,USD,PUTO,EURO,Vanilla,Physical,,,,,,,,,,,,,,,,,,,,,,,,,,,,,,,,,,,
