TemplateVersion,Header_AssetClass,Header_InstrumentType,Header_UseCase,Header_Level,Identifier_UPI,Identifier_Status,Identifier_StatusReason,Identifier_LastUpdateDateTime,Derived_ClassificationType,Derived_UnderlyingAssetType,Derived_SingleorMultiCurrency,Derived_CFIDeliveryType,Derived_ShortName,Derived_UnderlierName,Attributes_NotionalCurrency,Attributes_ReferenceRate,Attributes_ReferenceRateTermValue,Attributes_ReferenceRateTermUnit,Attributes_OtherNotionalCurrency,Attributes_OtherLegReferenceRate,Attributes_OtherLegReferenceRateTermValue,Attributes_OtherLegReferenceRateTermUnit,Attributes_NotionalSchedule,Attributes_DeliveryType,Attributes_Underlying_UnderlierCharacteristic,Attributes_Underlying_ReferenceRate,Attributes_Underlying_ReferenceRateTermValue,Attributes_Underlying_ReferenceRateTermUnit,Attributes_OtherLegUnderlying_OtherLegUnderlierCharacteristic,Attributes_OtherLegUnderlying_OtherLegReferenceRate,Attributes_OtherLegUnderlying_OtherLegReferenceRateTermValue,Attributes_OtherLegUnderlying_OtherLegReferenceRateTermUnit,Derived_OptionExerciseStyle,Derived_ValuationMethodorTrigger,Derived_CFIOptionStyleandType,Attributes_UnderlyingInstrumentIndex,Attributes_UnderlyingInstrumentIndexTermValue,Attributes_UnderlyingInstrumentIndexTermUnit,Attributes_OptionType,Attributes_UnderlyingInstrumentUPI,Attributes_OptionExerciseStyle,Attributes_ValuationMethodorTrigger,Derived_ReturnorPayoutTrigger,Attributes_UnderlyingAssetType,Attributes_UnderlyingInstrumentISIN,Attributes_UnderlierCharacteristic,Attributes_ReturnorPayoutTrigger
1,Rates,Swap,Cross_Currency_Fixed_Fixed,UPI,QZ4L8GF8J13B,New,,2023-10-15T13:23:42,SRDCCP,Fixed - Fixed,Cross Currency,Physical,NA/Swap Fxd Fxd EUR USD,N/A,EUR,,,,USD,,,,Constant,PHYS,,,,,,,,,,,,,,,,,,,,,,,
1,Rates,Swap,Cross_Currency_Fixed_Fixed,UPI,QZ6W1J37F2PW,New,,2023-10-15T13:26:04,SRDICP,Fixed - Fixed,Cross Currency,Physical,NA/Swap Fxd Fxd CAD USD,N/A,CAD,,,,USD,,,,Accreting,PHYS,,,,,,,,,,,,,,,,,,,,,,,
1,Rates,Swap,Cross_Currency_Fixed_Fixed,UPI,QZPNVM30STTK,New,,2023-10-16T00:04:22,SRDCCP,Fixed - Fixed,Cross Currency,Physical,NA/Swap Fxd Fxd SGD USD,N/A,SGD,,,,USD,,,,Constant,PHYS,,,,,,,,,,,,,,,,,,,,,,,
1,Rates,Swap,Cross_Currency_Fixed_Fixed,UPI,QZ6PQ0RL4T5M,New,,2023-10-16T00:44:23,SRDCCP,Fixed - Fixed,Cross Currency,Physical,NA/Swap Fxd Fxd KRW SEK,N/A,KRW,,,,SEK,,,,Constant,PHYS,,,,,,,,,,,,,,,,,,,,,,,
1,Rates,Swap,Cross_Currency_Fixed_Fixed,UPI,QZF4Z1FDX0XF,New,,2023-10-16T00:52:35,SRDCCP,Fixed - Fixed,Cross Currency,Physical,NA/Swap Fxd Fxd SEK USD,N/A,SEK,,,,USD,,,,Constant,PHYS,,,,,,,,,,,,,,,,,,,,,,,
1,Rates,Swap,Cross_Currency_Fixed_Fixed,UPI,QZGXX80CSMCB,New,,2023-10-16T01:18:09,SRDCCP,Fixed - Fixed,Cross Currency,Physical,NA/Swap Fxd Fxd AUD KRW,N/A,AUD,,,,KRW,,,,Constant,PHYS,,,,,,,,,,,,,,,,,,,,,,,
1,Rates,Swap,Cross_Currency_Fixed_Fixed,UPI,QZQBZBQ6TZMZ,New,,2023-10-16T01:24:36,SRDCCP,Fixed - Fixed,Cross Currency,Physical,NA/Swap Fxd Fxd AUD USD,N/A,AUD,,,,USD,,,,Constant,PHYS,,,,,,,,,,,,,,,,,,,,,,,
1,Rates,Swap,Cross_Currency_Fixed_Fixed,UPI,QZR51M7JL23R,New,,2023-10-16T01:26:34,SRDCCP,Fixed - Fixed,Cross Currency,Physical,NA/Swap Fxd Fxd KRW USD,N/A,KRW,,,,USD,,,,Constant,PHYS,,,,,,,,,,,,,,,,,,,,,,,
1,Rates,Swap,Cross_Currency_Fixed_Fixed,UPI,QZHZ6GHHGZ21,New,,2023-10-16T03:24:18,SRDCCP,Fixed - Fixed,Cross Currency,Physical,NA/Swap Fxd Fxd JPY SGD,N/A,JPY,,,,SGD,,,,Constant,PHYS,,,,,,,,,,,,,,,,,,,,,,,
1,Rates,Swap,Cross_Currency_Fixed_Fixed,UPI,QZLZ5C727TTM,New,,2023-10-16T04:03:46,SRDCCP,Fixed - Fixed,Cross Currency,Physical,NA/Swap Fxd Fxd JPY USD,N/A,JPY,,,,USD,,,,Constant,PHYS,,,,,,,,,,,,,,,,,,,,,,,
1,Rates,Swap,Cross_Currency_Fixed_Fixed,UPI,QZC7M6KTCWRK,New,,2023-10-16T05:27:09,SRDCCP,Fixed - Fixed,Cross Currency,Physical,NA/Swap Fxd Fxd CNY USD,N/A,CNY,,,,USD,,,,Constant,PHYS,,,,,,,,,,,,,,,,,,,,,,,
1,Rates,Swap,Cross_Currency_Fixed_Fixed,UPI,QZ0L9TTL3H8S,New,,2023-10-16T06:32:57,SRDYCP,Fixed - Fixed,Cross Currency,Physical,NA/Swap Fxd Fxd DKK USD,N/A,DKK,,,,USD,,,,Custom,PHYS,,,,,,,,,,,,,,,,,,,,,,,
1,Rates,Swap,Cross_Currency_Fixed_Fixed,UPI,QZ9L5J3SHK2T,New,,2023-10-16T06:45:24,SRDCCC,Fixed - Fixed,Cross Currency,Cash,NA/Swap Fxd Fxd EUR JPY,N/A,EUR,,,,JPY,,,,Constant,CASH,,,,,,,,,,,,,,,,,,,,,,,
1,Rates,Swap,Cross_Currency_Fixed_Fixed,UPI,QZ62HX18851R,New,,2023-10-16T07:09:38,SRDYCP,Fixed - Fixed,Cross Currency,Physical,NA/Swap Fxd Fxd CNY USD,N/A,CNY,,,,USD,,,,Custom,PHYS,,,,,,,,,,,,,,,,,,,,,,,
1,Rates,Swap,Cross_Currency_Fixed_Fixed,UPI,QZHP0CSQ6KM5,New,,2023-10-16T07:11:33,SRDDCP,Fixed - Fixed,Cross Currency,Physical,NA/Swap Fxd Fxd CNY USD,N/A,CNY,,,,USD,,,,Amortizing,PHYS,,,,,,,,,,,,,,,,,,,,,,,
1,Rates,Swap,Cross_Currency_Fixed_Fixed,UPI,QZXJ0WM8L1ZR,New,,2023-10-16T07:53:23,SRDCCC,Fixed - Fixed,Cross Currency,Cash,NA/Swap Fxd Fxd KRW USD,N/A,KRW,,,,USD,,,,Constant,CASH,,,,,,,,,,,,,,,,,,,,,,,
1,Rates,Swap,Cross_Currency_Fixed_Fixed,UPI,QZ0LMZ816FZ4,New,,2023-10-16T07:59:02,SRDCCP,Fixed - Fixed,Cross Currency,Physical,NA/Swap Fxd Fxd EUR RON,N/A,EUR,,,,RON,,,,Constant,PHYS,,,,,,,,,,,,,,,,,,,,,,,
1,Rates,Swap,Cross_Currency_Fixed_Fixed,UPI,QZ0FK41F78Q3,New,,2023-10-16T08:18:37,SRDCCC,Fixed - Fixed,Cross Currency,Cash,NA/Swap Fxd Fxd TWD USD,N/A,TWD,,,,USD,,,,Constant,CASH,,,,,,,,,,,,,,,,,,,,,,,
1,Rates,Swap,Cross_Currency_Fixed_Fixed,UPI,QZVM20KFN2V4,New,,2023-10-16T08:24:25,SRDCCP,Fixed - Fixed,Cross Currency,Physical,NA/Swap Fxd Fxd EUR GBP,N/A,EUR,,,,GBP,,,,Constant,PHYS,,,,,,,,,,,,,,,,,,,,,,,
1,Rates,Swap,Cross_Currency_Fixed_Fixed,UPI,QZDS1W504HFH,New,,2023-10-16T08:57:00,SRDCCP,Fixed - Fixed,Cross Currency,Physical,NA/Swap Fxd Fxd TWD USD,N/A,TWD,,,,USD,,,,Constant,PHYS,,,,,,,,,,,,,,,,,,,,,,,
1,Rates,Swap,Cross_Currency_Fixed_Fixed,UPI,QZW3D5FL9VB6,New,,2023-10-16T09:04:05,SRDCCP,Fixed - Fixed,Cross Currency,Physical,NA/Swap Fxd Fxd TRY USD,N/A,TRY,,,,USD,,,,Constant,PHYS,,,,,,,,,,,,,,,,,,,,,,,
1,Rates,Swap,Cross_Currency_Fixed_Fixed,UPI,QZ6Z5C9SS9HL,New,,2023-10-16T09:24:45,SRDCCP,Fixed - Fixed,Cross Currency,Physical,NA/Swap Fxd Fxd GBP USD,N/A,GBP,,,,USD,,,,Constant,PHYS,,,,,,,,,,,,,,,,,,,,,,,
1,Rates,Swap,Cross_Currency_Fixed_Fixed,UPI,QZJHSV6MHW79,New,,2023-10-16T10:28:58,SRDCCP,Fixed - Fixed,Cross Currency,Physical,NA/Swap Fxd Fxd EUR JPY,N/A,EUR,,,,JPY,,,,Constant,PHYS,,,,,,,,,,,,,,,,,,,,,,,
1,Rates,Swap,Cross_Currency_Fixed_Fixed,UPI,QZHDG6SLXBFM,New,,2023-10-16T12:21:24,SRDCCC,Fixed - Fixed,Cross Currency,Cash,NA/Swap Fxd Fxd GBP USD,N/A,GBP,,,,USD,,,,Constant,CASH,,,,,,,,,,,,,,,,,,,,,,,
1,Rates,Swap,Cross_Currency_Fixed_Fixed,UPI,QZCVPQ1R912W,New,,2023-10-16T12:21:25,SRDCCC,Fixed - Fixed,Cross Currency,Cash,NA/Swap Fxd Fxd EUR USD,N/A,EUR,,,,USD,,,,Constant,CASH,,,,,,,,,,,,,,,,,,,,,,,
1,Rates,Swap,Cross_Currency_Fixed_Fixed,UPI,QZR54GGHB0QH,New,,2023-10-16T12:21:25,SRDCCC,Fixed - Fixed,Cross Currency,Cash,NA/Swap Fxd Fxd JPY USD,N/A,JPY,,,,USD,,,,Constant,CASH,,,,,,,,,,,,,,,,,,,,,,,
1,Rates,Swap,Cross_Currency_Fixed_Fixed,UPI,QZZ3T6X41K9J,New,,2023-10-16T12:24:35,SRDCCP,Fixed - Fixed,Cross Currency,Physical,NA/Swap Fxd Fxd GBP ILS,N/A,GBP,,,,ILS,,,,Constant,PHYS,,,,,,,,,,,,,,,,,,,,,,,
1,Rates,Swap,Cross_Currency_Fixed_Fixed,UPI,QZDZPC87XDN9,New,,2023-10-16T12:35:22,SRDCCP,Fixed - Fixed,Cross Currency,Physical,NA/Swap Fxd Fxd MXN USD,N/A,MXN,,,,USD,,,,Constant,PHYS,,,,,,,,,,,,,,,,,,,,,,,
1,Rates,Swap,Cross_Currency_Fixed_Fixed,UPI,QZNPVSCS3P5Q,New,,2023-10-16T12:51:07,SRDCCP,Fixed - Fixed,Cross Currency,Physical,NA/Swap Fxd Fxd CZK USD,N/A,CZK,,,,USD,,,,Constant,PHYS,,,,,,,,,,,,,,,,,,,,,,,
1,Rates,Swap,Cross_Currency_Fixed_Fixed,UPI,QZSLPDZGDJ5D,New,,2023-10-16T12:51:09,SRDCCP,Fixed - Fixed,Cross Currency,Physical,NA/Swap Fxd Fxd HUF USD,N/A,HUF,,,,USD,,,,Constant,PHYS,,,,,,,,,,,,,,,,,,,,,,,
1,Rates,Swap,Cross_Currency_Fixed_Fixed,UPI,QZGMNZ8CBNZ2,New,,2023-10-16T12:51:12,SRDCCP,Fixed - Fixed,Cross Currency,Physical,NA/Swap Fxd Fxd PLN USD,N/A,PLN,,,,USD,,,,Constant,PHYS,,,,,,,,,,,,,,,,,,,,,,,
1,Rates,Swap,Cross_Currency_Fixed_Fixed,UPI,QZXLDJ1H78NC,New,,2023-10-16T12:51:16,SRDCCP,Fixed - Fixed,Cross Currency,Physical,NA/Swap Fxd Fxd EUR RSD,N/A,EUR,,,,RSD,,,,Constant,PHYS,,,,,,,,,,,,,,,,,,,,,,,
1,Rates,Swap,Cross_Currency_Fixed_Fixed,UPI,QZG5JX6SG477,New,,2023-10-16T12:51:19,SRDCCP,Fixed - Fixed,Cross Currency,Physical,NA/Swap Fxd Fxd USD ZAR,N/A,USD,,,,ZAR,,,,Constant,PHYS,,,,,,,,,,,,,,,,,,,,,,,
1,Rates,Swap,Cross_Currency_Fixed_Fixed,UPI,QZNXLZKVR33N,New,,2023-10-16T12:51:25,SRDCCP,Fixed - Fixed,Cross Currency,Physical,NA/Swap Fxd Fxd ILS USD,N/A,ILS,,,,USD,,,,Constant,PHYS,,,,,,,,,,,,,,,,,,,,,,,
1,Rates,Swap,Cross_Currency_Fixed_Fixed,UPI,QZLCV4K5B8LW,New,,2023-10-16T14:02:58,SRDCCP,Fixed - Fixed,Cross Currency,Physical,NA/Swap Fxd Fxd CAD USD,N/A,CAD,,,,USD,,,,Constant,PHYS,,,,,,,,,,,,,,,,,,,,,,,
1,Rates,Swap,Cross_Currency_Fixed_Fixed,UPI,QZTTP7D1ZTK6,New,,2023-10-16T15:23:42,SRDCCC,Fixed - Fixed,Cross Currency,Cash,NA/Swap Fxd Fxd AUD JPY,N/A,AUD,,,,JPY,,,,Constant,CASH,,,,,,,,,,,,,,,,,,,,,,,
1,Rates,Swap,Cross_Currency_Fixed_Fixed,UPI,QZG1FGQG9LFB,New,,2023-10-16T15:26:27,SRDCCP,Fixed - Fixed,Cross Currency,Physical,NA/Swap Fxd Fxd AUD EUR,N/A,AUD,,,,EUR,,,,Constant,PHYS,,,,,,,,,,,,,,,,,,,,,,,
1,Rates,Swap,Cross_Currency_Fixed_Fixed,UPI,QZCX4BN676DC,New,,2023-10-16T15:43:09,SRDCCP,Fixed - Fixed,Cross Currency,Physical,NA/Swap Fxd Fxd CHF EUR,N/A,CHF,,,,EUR,,,,Constant,PHYS,,,,,,,,,,,,,,,,,,,,,,,
1,Rates,Swap,Cross_Currency_Fixed_Fixed,UPI,QZTWDMKXT7H2,New,,2023-10-16T15:53:21,SRDCCP,Fixed - Fixed,Cross Currency,Physical,NA/Swap Fxd Fxd CNY EUR,N/A,CNY,,,,EUR,,,,Constant,PHYS,,,,,,,,,,,,,,,,,,,,,,,
1,Rates,Swap,Cross_Currency_Fixed_Fixed,UPI,QZPQ0FCNGLWH,New,,2023-10-16T15:58:18,SRDCCP,Fixed - Fixed,Cross Currency,Physical,NA/Swap Fxd Fxd EUR HKD,N/A,EUR,,,,HKD,,,,Constant,PHYS,,,,,,,,,,,,,,,,,,,,,,,
1,Rates,Swap,Cross_Currency_Fixed_Fixed,UPI,QZ53V243WBKV,New,,2023-10-16T16:08:14,SRDCCP,Fixed - Fixed,Cross Currency,Physical,NA/Swap Fxd Fxd CHF USD,N/A,CHF,,,,USD,,,,Constant,PHYS,,,,,,,,,,,,,,,,,,,,,,,
1,Rates,Swap,Cross_Currency_Fixed_Fixed,UPI,QZG8JJKHR4LV,New,,2023-10-16T16:15:32,SRDCCP,Fixed - Fixed,Cross Currency,Physical,NA/Swap Fxd Fxd EUR NOK,N/A,EUR,,,,NOK,,,,Constant,PHYS,,,,,,,,,,,,,,,,,,,,,,,
1,Rates,Swap,Cross_Currency_Fixed_Fixed,UPI,QZTMJX2WQ9NG,New,,2023-10-16T20:56:06,SRDCCC,Fixed - Fixed,Cross Currency,Cash,NA/Swap Fxd Fxd BRL USD,N/A,BRL,,,,USD,,,,Constant,CASH,,,,,,,,,,,,,,,,,,,,,,,
1,Rates,Swap,Cross_Currency_Fixed_Fixed,UPI,QZPSNCFZWJ4X,New,,2023-10-17T01:08:46,SRDYCP,Fixed - Fixed,Cross Currency,Physical,NA/Swap Fxd Fxd CAD USD,N/A,CAD,,,,USD,,,,Custom,PHYS,,,,,,,,,,,,,,,,,,,,,,,
1,Rates,Swap,Cross_Currency_Fixed_Fixed,UPI,QZ9X97VMQ6HZ,New,,2023-10-17T02:17:03,SRDCCP,Fixed - Fixed,Cross Currency,Physical,NA/Swap Fxd Fxd CHF JPY,N/A,CHF,,,,JPY,,,,Constant,PHYS,,,,,,,,,,,,,,,,,,,,,,,
1,Rates,Swap,Cross_Currency_Fixed_Fixed,UPI,QZ3SW69183KB,New,,2023-10-17T03:02:22,SRDCCP,Fixed - Fixed,Cross Currency,Physical,NA/Swap Fxd Fxd EUR KRW,N/A,EUR,,,,KRW,,,,Constant,PHYS,,,,,,,,,,,,,,,,,,,,,,,
1,Rates,Swap,Cross_Currency_Fixed_Fixed,UPI,QZK51N8DJVWF,New,,2023-10-17T03:02:22,SRDCCC,Fixed - Fixed,Cross Currency,Cash,NA/Swap Fxd Fxd EUR MXN,N/A,EUR,,,,MXN,,,,Constant,CASH,,,,,,,,,,,,,,,,,,,,,,,
1,Rates,Swap,Cross_Currency_Fixed_Fixed,UPI,QZ65ZZDTRMMB,New,,2023-10-17T03:02:22,SRDCCC,Fixed - Fixed,Cross Currency,Cash,NA/Swap Fxd Fxd CHF USD,N/A,CHF,,,,USD,,,,Constant,CASH,,,,,,,,,,,,,,,,,,,,,,,
1,Rates,Swap,Cross_Currency_Fixed_Fixed,UPI,QZ5SLBH7MSGX,New,,2023-10-17T03:02:22,SRDYCC,Fixed - Fixed,Cross Currency,Cash,NA/Swap Fxd Fxd EUR USD,N/A,EUR,,,,USD,,,,Custom,CASH,,,,,,,,,,,,,,,,,,,,,,,
1,Rates,Swap,Cross_Currency_Fixed_Fixed,UPI,QZRMCBJF2NBP,New,,2023-10-17T03:02:22,SRDCCC,Fixed - Fixed,Cross Currency,Cash,NA/Swap Fxd Fxd CHF EUR,N/A,CHF,,,,EUR,,,,Constant,CASH,,,,,,,,,,,,,,,,,,,,,,,
1,Rates,Swap,Cross_Currency_Fixed_Fixed,UPI,QZNLL59K3L3V,New,,2023-10-17T03:02:22,SRDCCC,Fixed - Fixed,Cross Currency,Cash,NA/Swap Fxd Fxd CZK EUR,N/A,CZK,,,,EUR,,,,Constant,CASH,,,,,,,,,,,,,,,,,,,,,,,
1,Rates,Swap,Cross_Currency_Fixed_Fixed,UPI,QZ4R8GVSTDB2,New,,2023-10-17T03:02:22,SRDCCP,Fixed - Fixed,Cross Currency,Physical,NA/Swap Fxd Fxd AUD JPY,N/A,AUD,,,,JPY,,,,Constant,PHYS,,,,,,,,,,,,,,,,,,,,,,,
1,Rates,Swap,Cross_Currency_Fixed_Fixed,UPI,QZQR1JXNRSCP,New,,2023-10-17T03:02:22,SRDCCP,Fixed - Fixed,Cross Currency,Physical,NA/Swap Fxd Fxd THB USD,N/A,THB,,,,USD,,,,Constant,PHYS,,,,,,,,,,,,,,,,,,,,,,,
1,Rates,Swap,Cross_Currency_Fixed_Fixed,UPI,QZJMG01SZR8G,New,,2023-10-17T03:02:22,SRDCCC,Fixed - Fixed,Cross Currency,Cash,NA/Swap Fxd Fxd CLF JPY,N/A,CLF,,,,JPY,,,,Constant,CASH,,,,,,,,,,,,,,,,,,,,,,,
1,Rates,Swap,Cross_Currency_Fixed_Fixed,UPI,QZ3VZDQR3VVB,New,,2023-10-17T03:02:22,SRDCCC,Fixed - Fixed,Cross Currency,Cash,NA/Swap Fxd Fxd CLF USD,N/A,CLF,,,,USD,,,,Constant,CASH,,,,,,,,,,,,,,,,,,,,,,,
1,Rates,Swap,Cross_Currency_Fixed_Fixed,UPI,QZWCV5NH267C,New,,2023-10-17T03:02:22,SRDCCC,Fixed - Fixed,Cross Currency,Cash,NA/Swap Fxd Fxd CAD USD,N/A,CAD,,,,USD,,,,Constant,CASH,,,,,,,,,,,,,,,,,,,,,,,
1,Rates,Swap,Cross_Currency_Fixed_Fixed,UPI,QZD525W849VK,New,,2023-10-17T03:02:22,SRDCCP,Fixed - Fixed,Cross Currency,Physical,NA/Swap Fxd Fxd CAD EUR,N/A,CAD,,,,EUR,,,,Constant,PHYS,,,,,,,,,,,,,,,,,,,,,,,
1,Rates,Swap,Cross_Currency_Fixed_Fixed,UPI,QZRBBXPL61DD,New,,2023-10-17T03:02:22,SRDCCP,Fixed - Fixed,Cross Currency,Physical,NA/Swap Fxd Fxd CAD GBP,N/A,CAD,,,,GBP,,,,Constant,PHYS,,,,,,,,,,,,,,,,,,,,,,,
1,Rates,Swap,Cross_Currency_Fixed_Fixed,UPI,QZG5H43FH02B,New,,2023-10-17T03:02:22,SRDDCP,Fixed - Fixed,Cross Currency,Physical,NA/Swap Fxd Fxd CAD USD,N/A,CAD,,,,USD,,,,Amortizing,PHYS,,,,,,,,,,,,,,,,,,,,,,,
1,Rates,Swap,Cross_Currency_Fixed_Fixed,UPI,QZ65391SKQKW,New,,2023-10-17T03:02:23,SRDCCP,Fixed - Fixed,Cross Currency,Physical,NA/Swap Fxd Fxd AUD HKD,N/A,AUD,,,,HKD,,,,Constant,PHYS,,,,,,,,,,,,,,,,,,,,,,,
1,Rates,Swap,Cross_Currency_Fixed_Fixed,UPI,QZ0QBF3C96SW,New,,2023-10-17T03:02:24,SRDCCP,Fixed - Fixed,Cross Currency,Physical,NA/Swap Fxd Fxd CAD JPY,N/A,CAD,,,,JPY,,,,Constant,PHYS,,,,,,,,,,,,,,,,,,,,,,,
1,Rates,Swap,Cross_Currency_Fixed_Fixed,UPI,QZLR7ZH1011L,New,,2023-10-17T03:02:37,SRDDCP,Fixed - Fixed,Cross Currency,Physical,NA/Swap Fxd Fxd CAD GBP,N/A,CAD,,,,GBP,,,,Amortizing,PHYS,,,,,,,,,,,,,,,,,,,,,,,
1,Rates,Swap,Cross_Currency_Fixed_Fixed,UPI,QZV7WL4XJP3N,New,,2023-10-17T03:02:37,SRDCCP,Fixed - Fixed,Cross Currency,Physical,NA/Swap Fxd Fxd AUD CAD,N/A,AUD,,,,CAD,,,,Constant,PHYS,,,,,,,,,,,,,,,,,,,,,,,
1,Rates,Swap,Cross_Currency_Fixed_Fixed,UPI,QZSV2TBKTCWX,New,,2023-10-17T03:02:37,SRDYCP,Fixed - Fixed,Cross Currency,Physical,NA/Swap Fxd Fxd CAD GBP,N/A,CAD,,,,GBP,,,,Custom,PHYS,,,,,,,,,,,,,,,,,,,,,,,
1,Rates,Swap,Cross_Currency_Fixed_Fixed,UPI,QZBP8X21LJ9F,New,,2023-10-17T03:02:38,SRDCCC,Fixed - Fixed,Cross Currency,Cash,NA/Swap Fxd Fxd MXN USD,N/A,MXN,,,,USD,,,,Constant,CASH,,,,,,,,,,,,,,,,,,,,,,,
1,Rates,Swap,Cross_Currency_Fixed_Fixed,UPI,QZK6L545K9PB,New,,2023-10-17T03:02:38,SRDCCP,Fixed - Fixed,Cross Currency,Physical,NA/Swap Fxd Fxd CAD SEK,N/A,CAD,,,,SEK,,,,Constant,PHYS,,,,,,,,,,,,,,,,,,,,,,,
1,Rates,Swap,Cross_Currency_Fixed_Fixed,UPI,QZ6VKG5KV82M,New,,2023-10-17T03:02:38,SRDCCP,Fixed - Fixed,Cross Currency,Physical,NA/Swap Fxd Fxd CAD ZAR,N/A,CAD,,,,ZAR,,,,Constant,PHYS,,,,,,,,,,,,,,,,,,,,,,,
1,Rates,Swap,Cross_Currency_Fixed_Fixed,UPI,QZ0F8NRSG342,New,,2023-10-17T03:02:39,SRDDCP,Fixed - Fixed,Cross Currency,Physical,NA/Swap Fxd Fxd CAD JPY,N/A,CAD,,,,JPY,,,,Amortizing,PHYS,,,,,,,,,,,,,,,,,,,,,,,
1,Rates,Swap,Cross_Currency_Fixed_Fixed,UPI,QZVHZW1X6XQF,New,,2023-10-17T03:02:40,SRDCCP,Fixed - Fixed,Cross Currency,Physical,NA/Swap Fxd Fxd EUR SEK,N/A,EUR,,,,SEK,,,,Constant,PHYS,,,,,,,,,,,,,,,,,,,,,,,
1,Rates,Swap,Cross_Currency_Fixed_Fixed,UPI,QZLX58BX57FR,New,,2023-10-17T03:02:40,SRDDCP,Fixed - Fixed,Cross Currency,Physical,NA/Swap Fxd Fxd CAD EUR,N/A,CAD,,,,EUR,,,,Amortizing,PHYS,,,,,,,,,,,,,,,,,,,,,,,
1,Rates,Swap,Cross_Currency_Fixed_Fixed,UPI,QZFW39JF7WBF,New,,2023-10-17T03:02:41,SRDCCP,Fixed - Fixed,Cross Currency,Physical,NA/Swap Fxd Fxd GBP JPY,N/A,GBP,,,,JPY,,,,Constant,PHYS,,,,,,,,,,,,,,,,,,,,,,,
1,Rates,Swap,Cross_Currency_Fixed_Fixed,UPI,QZQSNC0XF7QF,New,,2023-10-17T03:02:43,SRDICP,Fixed - Fixed,Cross Currency,Physical,NA/Swap Fxd Fxd GBP USD,N/A,GBP,,,,USD,,,,Accreting,PHYS,,,,,,,,,,,,,,,,,,,,,,,
1,Rates,Swap,Cross_Currency_Fixed_Fixed,UPI,QZDFZK27JL5H,New,,2023-10-17T03:02:43,SRDDCP,Fixed - Fixed,Cross Currency,Physical,NA/Swap Fxd Fxd GBP USD,N/A,GBP,,,,USD,,,,Amortizing,PHYS,,,,,,,,,,,,,,,,,,,,,,,
1,Rates,Swap,Cross_Currency_Fixed_Fixed,UPI,QZQ5Z23WDMXC,New,,2023-10-17T03:02:45,SRDCCP,Fixed - Fixed,Cross Currency,Physical,NA/Swap Fxd Fxd RUB USD,N/A,RUB,,,,USD,,,,Constant,PHYS,,,,,,,,,,,,,,,,,,,,,,,
1,Rates,Swap,Cross_Currency_Fixed_Fixed,UPI,QZGPWFHDPQZ5,New,,2023-10-17T03:02:46,SRDDCP,Fixed - Fixed,Cross Currency,Physical,NA/Swap Fxd Fxd EUR USD,N/A,EUR,,,,USD,,,,Amortizing,PHYS,,,,,,,,,,,,,,,,,,,,,,,
1,Rates,Swap,Cross_Currency_Fixed_Fixed,UPI,QZPP9T7G3BRX,New,,2023-10-17T03:02:46,SRDCCC,Fixed - Fixed,Cross Currency,Cash,NA/Swap Fxd Fxd INR USD,N/A,INR,,,,USD,,,,Constant,CASH,,,,,,,,,,,,,,,,,,,,,,,
1,Rates,Swap,Cross_Currency_Fixed_Fixed,UPI,QZG5PQKSZK2S,New,,2023-10-17T03:02:47,SRDDCC,Fixed - Fixed,Cross Currency,Cash,NA/Swap Fxd Fxd CHF USD,N/A,CHF,,,,USD,,,,Amortizing,CASH,,,,,,,,,,,,,,,,,,,,,,,
1,Rates,Swap,Cross_Currency_Fixed_Fixed,UPI,QZDZXTTXXCF6,New,,2023-10-17T03:02:48,SRDDCP,Fixed - Fixed,Cross Currency,Physical,NA/Swap Fxd Fxd AUD EUR,N/A,AUD,,,,EUR,,,,Amortizing,PHYS,,,,,,,,,,,,,,,,,,,,,,,
1,Rates,Swap,Cross_Currency_Fixed_Fixed,UPI,QZ5SG1HCV27T,New,,2023-10-17T03:02:49,SRDCCP,Fixed - Fixed,Cross Currency,Physical,NA/Swap Fxd Fxd CLF USD,N/A,CLF,,,,USD,,,,Constant,PHYS,,,,,,,,,,,,,,,,,,,,,,,
1,Rates,Swap,Cross_Currency_Fixed_Fixed,UPI,QZ91RZX1396D,New,,2023-10-17T03:02:49,SRDCCP,Fixed - Fixed,Cross Currency,Physical,NA/Swap Fxd Fxd CLF GBP,N/A,CLF,,,,GBP,,,,Constant,PHYS,,,,,,,,,,,,,,,,,,,,,,,
1,Rates,Swap,Cross_Currency_Fixed_Fixed,UPI,QZSG3HG6Z3HX,New,,2023-10-17T03:02:50,SRDCCC,Fixed - Fixed,Cross Currency,Cash,NA/Swap Fxd Fxd HKD USD,N/A,HKD,,,,USD,,,,Constant,CASH,,,,,,,,,,,,,,,,,,,,,,,
1,Rates,Swap,Cross_Currency_Fixed_Fixed,UPI,QZ63VPZX3B46,New,,2023-10-17T03:02:50,SRDCCC,Fixed - Fixed,Cross Currency,Cash,NA/Swap Fxd Fxd AUD USD,N/A,AUD,,,,USD,,,,Constant,CASH,,,,,,,,,,,,,,,,,,,,,,,
1,Rates,Swap,Cross_Currency_Fixed_Fixed,UPI,QZFS3578J6ZR,New,,2023-10-17T03:02:50,SRDCCC,Fixed - Fixed,Cross Currency,Cash,NA/Swap Fxd Fxd CNY JPY,N/A,CNY,,,,JPY,,,,Constant,CASH,,,,,,,,,,,,,,,,,,,,,,,
1,Rates,Swap,Cross_Currency_Fixed_Fixed,UPI,QZBRNCWW95LX,New,,2023-10-17T03:02:50,SRDCCC,Fixed - Fixed,Cross Currency,Cash,NA/Swap Fxd Fxd EUR SEK,N/A,EUR,,,,SEK,,,,Constant,CASH,,,,,,,,,,,,,,,,,,,,,,,
1,Rates,Swap,Cross_Currency_Fixed_Fixed,UPI,QZZV85Q8GQB5,New,,2023-10-17T03:02:50,SRDCCC,Fixed - Fixed,Cross Currency,Cash,NA/Swap Fxd Fxd SEK USD,N/A,SEK,,,,USD,,,,Constant,CASH,,,,,,,,,,,,,,,,,,,,,,,
1,Rates,Swap,Cross_Currency_Fixed_Fixed,UPI,QZ3JTLMJ1NCJ,New,,2023-10-17T03:02:50,SRDDCC,Fixed - Fixed,Cross Currency,Cash,NA/Swap Fxd Fxd DKK EUR,N/A,DKK,,,,EUR,,,,Amortizing,CASH,,,,,,,,,,,,,,,,,,,,,,,
1,Rates,Swap,Cross_Currency_Fixed_Fixed,UPI,QZG7B0HZCPQG,New,,2023-10-17T03:02:51,SRDCCC,Fixed - Fixed,Cross Currency,Cash,NA/Swap Fxd Fxd DKK USD,N/A,DKK,,,,USD,,,,Constant,CASH,,,,,,,,,,,,,,,,,,,,,,,
1,Rates,Swap,Cross_Currency_Fixed_Fixed,UPI,QZTJ5GB1NRRW,New,,2023-10-17T03:02:51,SRDDCC,Fixed - Fixed,Cross Currency,Cash,NA/Swap Fxd Fxd MXN USD,N/A,MXN,,,,USD,,,,Amortizing,CASH,,,,,,,,,,,,,,,,,,,,,,,
1,Rates,Swap,Cross_Currency_Fixed_Fixed,UPI,QZ090XHDPFTT,New,,2023-10-17T03:02:52,SRDCCC,Fixed - Fixed,Cross Currency,Cash,NA/Swap Fxd Fxd GBP MXN,N/A,GBP,,,,MXN,,,,Constant,CASH,,,,,,,,,,,,,,,,,,,,,,,
1,Rates,Swap,Cross_Currency_Fixed_Fixed,UPI,QZ73TNFWK1LF,New,,2023-10-17T03:02:52,SRDCCP,Fixed - Fixed,Cross Currency,Physical,NA/Swap Fxd Fxd HKD USD,N/A,HKD,,,,USD,,,,Constant,PHYS,,,,,,,,,,,,,,,,,,,,,,,
1,Rates,Swap,Cross_Currency_Fixed_Fixed,UPI,QZ3GWDQFZB2N,New,,2023-10-17T03:02:52,SRDCCC,Fixed - Fixed,Cross Currency,Cash,NA/Swap Fxd Fxd EUR KRW,N/A,EUR,,,,KRW,,,,Constant,CASH,,,,,,,,,,,,,,,,,,,,,,,
1,Rates,Swap,Cross_Currency_Fixed_Fixed,UPI,QZL277S8444N,New,,2023-10-17T03:02:52,SRDCCC,Fixed - Fixed,Cross Currency,Cash,NA/Swap Fxd Fxd IDR SGD,N/A,IDR,,,,SGD,,,,Constant,CASH,,,,,,,,,,,,,,,,,,,,,,,
1,Rates,Swap,Cross_Currency_Fixed_Fixed,UPI,QZHG5DBSQG2W,New,,2023-10-17T03:02:53,SRDCCP,Fixed - Fixed,Cross Currency,Physical,NA/Swap Fxd Fxd JPY KRW,N/A,JPY,,,,KRW,,,,Constant,PHYS,,,,,,,,,,,,,,,,,,,,,,,
1,Rates,Swap,Cross_Currency_Fixed_Fixed,UPI,QZK07NKFH85V,New,,2023-10-17T03:02:54,SRDCCC,Fixed - Fixed,Cross Currency,Cash,NA/Swap Fxd Fxd GBP JPY,N/A,GBP,,,,JPY,,,,Constant,CASH,,,,,,,,,,,,,,,,,,,,,,,
1,Rates,Swap,Cross_Currency_Fixed_Fixed,UPI,QZB262TMNF8P,New,,2023-10-17T03:02:54,SRDCCP,Fixed - Fixed,Cross Currency,Physical,NA/Swap Fxd Fxd AUD NOK,N/A,AUD,,,,NOK,,,,Constant,PHYS,,,,,,,,,,,,,,,,,,,,,,,
1,Rates,Swap,Cross_Currency_Fixed_Fixed,UPI,QZFVVQMJ6617,New,,2023-10-17T03:02:54,SRDCCP,Fixed - Fixed,Cross Currency,Physical,NA/Swap Fxd Fxd INR USD,N/A,INR,,,,USD,,,,Constant,PHYS,,,,,,,,,,,,,,,,,,,,,,,
1,Rates,Swap,Cross_Currency_Fixed_Fixed,UPI,QZVBZL40PZL6,New,,2023-10-17T03:02:55,SRDDCP,Fixed - Fixed,Cross Currency,Physical,NA/Swap Fxd Fxd CLP EUR,N/A,CLP,,,,EUR,,,,Amortizing,PHYS,,,,,,,,,,,,,,,,,,,,,,,
1,Rates,Swap,Cross_Currency_Fixed_Fixed,UPI,QZ44DDKRTDZ9,New,,2023-10-17T03:02:55,SRDCCP,Fixed - Fixed,Cross Currency,Physical,NA/Swap Fxd Fxd EUR PLN,N/A,EUR,,,,PLN,,,,Constant,PHYS,,,,,,,,,,,,,,,,,,,,,,,
1,Rates,Swap,Cross_Currency_Fixed_Fixed,UPI,QZ98T77V22P7,New,,2023-10-17T03:02:55,SRDDCP,Fixed - Fixed,Cross Currency,Physical,NA/Swap Fxd Fxd EUR PLN,N/A,EUR,,,,PLN,,,,Amortizing,PHYS,,,,,,,,,,,,,,,,,,,,,,,
1,Rates,Swap,Cross_Currency_Fixed_Fixed,UPI,QZP71D6MGW63,New,,2023-10-17T03:02:56,SRDCCC,Fixed - Fixed,Cross Currency,Cash,NA/Swap Fxd Fxd EUR PLN,N/A,EUR,,,,PLN,,,,Constant,CASH,,,,,,,,,,,,,,,,,,,,,,,
1,Rates,Swap,Cross_Currency_Fixed_Fixed,UPI,QZZ4F6W08J6H,New,,2023-10-17T03:02:56,SRDDCC,Fixed - Fixed,Cross Currency,Cash,NA/Swap Fxd Fxd JPY PEN,N/A,JPY,,,,PEN,,,,Amortizing,CASH,,,,,,,,,,,,,,,,,,,,,,,
1,Rates,Swap,Cross_Currency_Fixed_Fixed,UPI,QZ2DM0TWP2V4,New,,2023-10-17T03:02:57,SRDICP,Fixed - Fixed,Cross Currency,Physical,NA/Swap Fxd Fxd EUR USD,N/A,EUR,,,,USD,,,,Accreting,PHYS,,,,,,,,,,,,,,,,,,,,,,,
1,Rates,Swap,Cross_Currency_Fixed_Fixed,UPI,QZVMF55XZZDN,New,,2023-10-17T03:02:57,SRDCCP,Fixed - Fixed,Cross Currency,Physical,NA/Swap Fxd Fxd EUR ILS,N/A,EUR,,,,ILS,,,,Constant,PHYS,,,,,,,,,,,,,,,,,,,,,,,
1,Rates,Swap,Cross_Currency_Fixed_Fixed,UPI,QZPS98P495P0,New,,2023-10-17T03:02:57,SRDCCP,Fixed - Fixed,Cross Currency,Physical,NA/Swap Fxd Fxd CZK GBP,N/A,CZK,,,,GBP,,,,Constant,PHYS,,,,,,,,,,,,,,,,,,,,,,,
1,Rates,Swap,Cross_Currency_Fixed_Fixed,UPI,QZPH5RGFRMW4,New,,2023-10-17T03:02:57,SRDCCP,Fixed - Fixed,Cross Currency,Physical,NA/Swap Fxd Fxd EUR TRY,N/A,EUR,,,,TRY,,,,Constant,PHYS,,,,,,,,,,,,,,,,,,,,,,,
1,Rates,Swap,Cross_Currency_Fixed_Fixed,UPI,QZRJPRBJBZCL,New,,2023-10-17T03:02:58,SRDCCP,Fixed - Fixed,Cross Currency,Physical,NA/Swap Fxd Fxd PEN USD,N/A,PEN,,,,USD,,,,Constant,PHYS,,,,,,,,,,,,,,,,,,,,,,,
1,Rates,Swap,Cross_Currency_Fixed_Fixed,UPI,QZ3TWSCK5RM7,New,,2023-10-17T03:02:58,SRDCCP,Fixed - Fixed,Cross Currency,Physical,NA/Swap Fxd Fxd CZK EUR,N/A,CZK,,,,EUR,,,,Constant,PHYS,,,,,,,,,,,,,,,,,,,,,,,
1,Rates,Swap,Cross_Currency_Fixed_Fixed,UPI,QZ860XS80K45,New,,2023-10-17T03:03:00,SRDCCC,Fixed - Fixed,Cross Currency,Cash,NA/Swap Fxd Fxd EUR GBP,N/A,EUR,,,,GBP,,,,Constant,CASH,,,,,,,,,,,,,,,,,,,,,,,
1,Rates,Swap,Cross_Currency_Fixed_Fixed,UPI,QZQTZPD8HN2K,New,,2023-10-17T03:03:02,SRDDCP,Fixed - Fixed,Cross Currency,Physical,NA/Swap Fxd Fxd INR USD,N/A,INR,,,,USD,,,,Amortizing,PHYS,,,,,,,,,,,,,,,,,,,,,,,
1,Rates,Swap,Cross_Currency_Fixed_Fixed,UPI,QZF8QJJV94B7,New,,2023-10-17T03:03:02,SRDCCC,Fixed - Fixed,Cross Currency,Cash,NA/Swap Fxd Fxd BRL EUR,N/A,BRL,,,,EUR,,,,Constant,CASH,,,,,,,,,,,,,,,,,,,,,,,
1,Rates,Swap,Cross_Currency_Fixed_Fixed,UPI,QZ51JV32ZB93,New,,2023-10-17T03:03:02,SRDCCP,Fixed - Fixed,Cross Currency,Physical,NA/Swap Fxd Fxd JPY SEK,N/A,JPY,,,,SEK,,,,Constant,PHYS,,,,,,,,,,,,,,,,,,,,,,,
1,Rates,Swap,Cross_Currency_Fixed_Fixed,UPI,QZJHBWV9L901,New,,2023-10-17T03:03:02,SRDDCP,Fixed - Fixed,Cross Currency,Physical,NA/Swap Fxd Fxd EUR GBP,N/A,EUR,,,,GBP,,,,Amortizing,PHYS,,,,,,,,,,,,,,,,,,,,,,,
1,Rates,Swap,Cross_Currency_Fixed_Fixed,UPI,QZZLDC5VKPFM,New,,2023-10-17T03:03:03,SRDDCC,Fixed - Fixed,Cross Currency,Cash,NA/Swap Fxd Fxd AUD USD,N/A,AUD,,,,USD,,,,Amortizing,CASH,,,,,,,,,,,,,,,,,,,,,,,
1,Rates,Swap,Cross_Currency_Fixed_Fixed,UPI,QZ072VCQLXSV,New,,2023-10-17T03:03:04,SRDCCC,Fixed - Fixed,Cross Currency,Cash,NA/Swap Fxd Fxd EUR INR,N/A,EUR,,,,INR,,,,Constant,CASH,,,,,,,,,,,,,,,,,,,,,,,
1,Rates,Swap,Cross_Currency_Fixed_Fixed,UPI,QZGS3HM2CFKN,New,,2023-10-17T03:03:04,SRDDCC,Fixed - Fixed,Cross Currency,Cash,NA/Swap Fxd Fxd EUR USD,N/A,EUR,,,,USD,,,,Amortizing,CASH,,,,,,,,,,,,,,,,,,,,,,,
1,Rates,Swap,Cross_Currency_Fixed_Fixed,UPI,QZDQLDT6JTTL,New,,2023-10-17T03:03:04,SRDCCP,Fixed - Fixed,Cross Currency,Physical,NA/Swap Fxd Fxd CHF CLF,N/A,CHF,,,,CLF,,,,Constant,PHYS,,,,,,,,,,,,,,,,,,,,,,,
1,Rates,Swap,Cross_Currency_Fixed_Fixed,UPI,QZPPM004XZ78,New,,2023-10-17T03:03:04,SRDYCP,Fixed - Fixed,Cross Currency,Physical,NA/Swap Fxd Fxd ILS USD,N/A,ILS,,,,USD,,,,Custom,PHYS,,,,,,,,,,,,,,,,,,,,,,,
1,Rates,Swap,Cross_Currency_Fixed_Fixed,UPI,QZX8DN8V887W,New,,2023-10-17T03:03:05,SRDCCP,Fixed - Fixed,Cross Currency,Physical,NA/Swap Fxd Fxd EUR SGD,N/A,EUR,,,,SGD,,,,Constant,PHYS,,,,,,,,,,,,,,,,,,,,,,,
1,Rates,Swap,Cross_Currency_Fixed_Fixed,UPI,QZ68DKPXXCF2,New,,2023-10-17T03:03:05,SRDCCP,Fixed - Fixed,Cross Currency,Physical,NA/Swap Fxd Fxd MYR USD,N/A,MYR,,,,USD,,,,Constant,PHYS,,,,,,,,,,,,,,,,,,,,,,,
1,Rates,Swap,Cross_Currency_Fixed_Fixed,UPI,QZ0QVW8FPLQF,New,,2023-10-17T03:03:09,SRDYCP,Fixed - Fixed,Cross Currency,Physical,NA/Swap Fxd Fxd MXN USD,N/A,MXN,,,,USD,,,,Custom,PHYS,,,,,,,,,,,,,,,,,,,,,,,
1,Rates,Swap,Cross_Currency_Fixed_Fixed,UPI,QZCT1R707VK4,New,,2023-10-17T03:03:09,SRDYCP,Fixed - Fixed,Cross Currency,Physical,NA/Swap Fxd Fxd EUR MXN,N/A,EUR,,,,MXN,,,,Custom,PHYS,,,,,,,,,,,,,,,,,,,,,,,
1,Rates,Swap,Cross_Currency_Fixed_Fixed,UPI,QZW5XH3PKM57,New,,2023-10-17T03:03:10,SRDCCC,Fixed - Fixed,Cross Currency,Cash,NA/Swap Fxd Fxd CZK USD,N/A,CZK,,,,USD,,,,Constant,CASH,,,,,,,,,,,,,,,,,,,,,,,
1,Rates,Swap,Cross_Currency_Fixed_Fixed,UPI,QZVKSHD7L7W6,New,,2023-10-17T03:03:10,SRDCCP,Fixed - Fixed,Cross Currency,Physical,NA/Swap Fxd Fxd CLP EUR,N/A,CLP,,,,EUR,,,,Constant,PHYS,,,,,,,,,,,,,,,,,,,,,,,
1,Rates,Swap,Cross_Currency_Fixed_Fixed,UPI,QZN4QLG9G43Q,New,,2023-10-17T03:03:10,SRDDCC,Fixed - Fixed,Cross Currency,Cash,NA/Swap Fxd Fxd EUR INR,N/A,EUR,,,,INR,,,,Amortizing,CASH,,,,,,,,,,,,,,,,,,,,,,,
1,Rates,Swap,Cross_Currency_Fixed_Fixed,UPI,QZXTN5MQMMV8,New,,2023-10-17T03:03:10,SRDDCP,Fixed - Fixed,Cross Currency,Physical,NA/Swap Fxd Fxd EUR MXN,N/A,EUR,,,,MXN,,,,Amortizing,PHYS,,,,,,,,,,,,,,,,,,,,,,,
1,Rates,Swap,Cross_Currency_Fixed_Fixed,UPI,QZB8TLT81M3X,New,,2023-10-17T03:03:11,SRDCCP,Fixed - Fixed,Cross Currency,Physical,NA/Swap Fxd Fxd BRL USD,N/A,BRL,,,,USD,,,,Constant,PHYS,,,,,,,,,,,,,,,,,,,,,,,
1,Rates,Swap,Cross_Currency_Fixed_Fixed,UPI,QZ952SDKLDP7,New,,2023-10-17T03:03:12,SRDYCP,Fixed - Fixed,Cross Currency,Physical,NA/Swap Fxd Fxd EUR SEK,N/A,EUR,,,,SEK,,,,Custom,PHYS,,,,,,,,,,,,,,,,,,,,,,,
1,Rates,Swap,Cross_Currency_Fixed_Fixed,UPI,QZ90ZGHQ8D6Z,New,,2023-10-17T03:03:12,SRDICP,Fixed - Fixed,Cross Currency,Physical,NA/Swap Fxd Fxd EUR SEK,N/A,EUR,,,,SEK,,,,Accreting,PHYS,,,,,,,,,,,,,,,,,,,,,,,
1,Rates,Swap,Cross_Currency_Fixed_Fixed,UPI,QZXRF9STJF8N,New,,2023-10-17T03:03:12,SRDDCC,Fixed - Fixed,Cross Currency,Cash,NA/Swap Fxd Fxd JPY USD,N/A,JPY,,,,USD,,,,Amortizing,CASH,,,,,,,,,,,,,,,,,,,,,,,
1,Rates,Swap,Cross_Currency_Fixed_Fixed,UPI,QZVB3T7MLKGL,New,,2023-10-17T03:03:12,SRDICP,Fixed - Fixed,Cross Currency,Physical,NA/Swap Fxd Fxd CLF USD,N/A,CLF,,,,USD,,,,Accreting,PHYS,,,,,,,,,,,,,,,,,,,,,,,
1,Rates,Swap,Cross_Currency_Fixed_Fixed,UPI,QZ5XSZ172TLQ,New,,2023-10-17T03:03:13,SRDYCP,Fixed - Fixed,Cross Currency,Physical,NA/Swap Fxd Fxd EUR USD,N/A,EUR,,,,USD,,,,Custom,PHYS,,,,,,,,,,,,,,,,,,,,,,,
1,Rates,Swap,Cross_Currency_Fixed_Fixed,UPI,QZWFDWGNGQ6M,New,,2023-10-17T03:03:13,SRDCCP,Fixed - Fixed,Cross Currency,Physical,NA/Swap Fxd Fxd CHF GBP,N/A,CHF,,,,GBP,,,,Constant,PHYS,,,,,,,,,,,,,,,,,,,,,,,
1,Rates,Swap,Cross_Currency_Fixed_Fixed,UPI,QZT1F57WM89M,New,,2023-10-17T03:03:13,SRDDCP,Fixed - Fixed,Cross Currency,Physical,NA/Swap Fxd Fxd PEN USD,N/A,PEN,,,,USD,,,,Amortizing,PHYS,,,,,,,,,,,,,,,,,,,,,,,
1,Rates,Swap,Cross_Currency_Fixed_Fixed,UPI,QZH8J2QPP1H4,New,,2023-10-17T03:03:14,SRDYCP,Fixed - Fixed,Cross Currency,Physical,NA/Swap Fxd Fxd GBP USD,N/A,GBP,,,,USD,,,,Custom,PHYS,,,,,,,,,,,,,,,,,,,,,,,
1,Rates,Swap,Cross_Currency_Fixed_Fixed,UPI,QZN74LD85B15,New,,2023-10-17T03:03:14,SRDDCP,Fixed - Fixed,Cross Currency,Physical,NA/Swap Fxd Fxd AUD USD,N/A,AUD,,,,USD,,,,Amortizing,PHYS,,,,,,,,,,,,,,,,,,,,,,,
1,Rates,Swap,Cross_Currency_Fixed_Fixed,UPI,QZSDDKL2J70W,New,,2023-10-17T03:03:15,SRDICP,Fixed - Fixed,Cross Currency,Physical,NA/Swap Fxd Fxd JPY USD,N/A,JPY,,,,USD,,,,Accreting,PHYS,,,,,,,,,,,,,,,,,,,,,,,
1,Rates,Swap,Cross_Currency_Fixed_Fixed,UPI,QZT2MN16G6QH,New,,2023-10-17T03:03:15,SRDYCP,Fixed - Fixed,Cross Currency,Physical,NA/Swap Fxd Fxd MXN MXV,N/A,MXN,,,,MXV,,,,Custom,PHYS,,,,,,,,,,,,,,,,,,,,,,,
1,Rates,Swap,Cross_Currency_Fixed_Fixed,UPI,QZ2873B9CT4L,New,,2023-10-17T03:03:16,SRDCCC,Fixed - Fixed,Cross Currency,Cash,NA/Swap Fxd Fxd CAD EUR,N/A,CAD,,,,EUR,,,,Constant,CASH,,,,,,,,,,,,,,,,,,,,,,,
1,Rates,Swap,Cross_Currency_Fixed_Fixed,UPI,QZ4GR6K3KH60,New,,2023-10-17T03:03:16,SRDCCP,Fixed - Fixed,Cross Currency,Physical,NA/Swap Fxd Fxd NOK USD,N/A,NOK,,,,USD,,,,Constant,PHYS,,,,,,,,,,,,,,,,,,,,,,,
1,Rates,Swap,Cross_Currency_Fixed_Fixed,UPI,QZVV2JPRR3FV,New,,2023-10-17T03:03:16,SRDCCC,Fixed - Fixed,Cross Currency,Cash,NA/Swap Fxd Fxd BRL GBP,N/A,BRL,,,,GBP,,,,Constant,CASH,,,,,,,,,,,,,,,,,,,,,,,
1,Rates,Swap,Cross_Currency_Fixed_Fixed,UPI,QZB79H30PG27,New,,2023-10-17T03:03:16,SRDCCP,Fixed - Fixed,Cross Currency,Physical,NA/Swap Fxd Fxd DKK USD,N/A,DKK,,,,USD,,,,Constant,PHYS,,,,,,,,,,,,,,,,,,,,,,,
1,Rates,Swap,Cross_Currency_Fixed_Fixed,UPI,QZXCJWGGW85F,New,,2023-10-17T03:03:16,SRDCCP,Fixed - Fixed,Cross Currency,Physical,NA/Swap Fxd Fxd DKK EUR,N/A,DKK,,,,EUR,,,,Constant,PHYS,,,,,,,,,,,,,,,,,,,,,,,
1,Rates,Swap,Cross_Currency_Fixed_Fixed,UPI,QZP90VMR8SFW,New,,2023-10-17T03:03:17,SRDCCP,Fixed - Fixed,Cross Currency,Physical,NA/Swap Fxd Fxd EUR RUB,N/A,EUR,,,,RUB,,,,Constant,PHYS,,,,,,,,,,,,,,,,,,,,,,,
1,Rates,Swap,Cross_Currency_Fixed_Fixed,UPI,QZ2WZJL93L5N,New,,2023-10-17T03:03:17,SRDCCC,Fixed - Fixed,Cross Currency,Cash,NA/Swap Fxd Fxd CLP USD,N/A,CLP,,,,USD,,,,Constant,CASH,,,,,,,,,,,,,,,,,,,,,,,
1,Rates,Swap,Cross_Currency_Fixed_Fixed,UPI,QZM288NZDNL1,New,,2023-10-17T03:03:17,SRDICP,Fixed - Fixed,Cross Currency,Physical,NA/Swap Fxd Fxd CZK EUR,N/A,CZK,,,,EUR,,,,Accreting,PHYS,,,,,,,,,,,,,,,,,,,,,,,
1,Rates,Swap,Cross_Currency_Fixed_Fixed,UPI,QZB7Q8K51RWC,New,,2023-10-17T03:03:17,SRDCCP,Fixed - Fixed,Cross Currency,Physical,NA/Swap Fxd Fxd CLP GBP,N/A,CLP,,,,GBP,,,,Constant,PHYS,,,,,,,,,,,,,,,,,,,,,,,
1,Rates,Swap,Cross_Currency_Fixed_Fixed,UPI,QZ2QFCKHT146,New,,2023-10-17T03:03:19,SRDCCC,Fixed - Fixed,Cross Currency,Cash,NA/Swap Fxd Fxd USD ZAR,N/A,USD,,,,ZAR,,,,Constant,CASH,,,,,,,,,,,,,,,,,,,,,,,
1,Rates,Swap,Cross_Currency_Fixed_Fixed,UPI,QZPF02CL6GB7,New,,2023-10-17T03:03:19,SRDDCC,Fixed - Fixed,Cross Currency,Cash,NA/Swap Fxd Fxd EUR TRY,N/A,EUR,,,,TRY,,,,Amortizing,CASH,,,,,,,,,,,,,,,,,,,,,,,
1,Rates,Swap,Cross_Currency_Fixed_Fixed,UPI,QZ4XPMF2P54N,New,,2023-10-17T03:03:19,SRDDCC,Fixed - Fixed,Cross Currency,Cash,NA/Swap Fxd Fxd GBP USD,N/A,GBP,,,,USD,,,,Amortizing,CASH,,,,,,,,,,,,,,,,,,,,,,,
1,Rates,Swap,Cross_Currency_Fixed_Fixed,UPI,QZJ0P7CCD08Q,New,,2023-10-17T03:03:19,SRDCCP,Fixed - Fixed,Cross Currency,Physical,NA/Swap Fxd Fxd AUD GBP,N/A,AUD,,,,GBP,,,,Constant,PHYS,,,,,,,,,,,,,,,,,,,,,,,
1,Rates,Swap,Cross_Currency_Fixed_Fixed,UPI,QZBTBLP2B486,New,,2023-10-17T03:03:19,SRDYCC,Fixed - Fixed,Cross Currency,Cash,NA/Swap Fxd Fxd GBP USD,N/A,GBP,,,,USD,,,,Custom,CASH,,,,,,,,,,,,,,,,,,,,,,,
1,Rates,Swap,Cross_Currency_Fixed_Fixed,UPI,QZ9DKQDTJW7F,New,,2023-10-17T03:03:19,SRDDCC,Fixed - Fixed,Cross Currency,Cash,NA/Swap Fxd Fxd CAD USD,N/A,CAD,,,,USD,,,,Amortizing,CASH,,,,,,,,,,,,,,,,,,,,,,,
1,Rates,Swap,Cross_Currency_Fixed_Fixed,UPI,QZ2FJTBK68ZL,New,,2023-10-17T03:03:20,SRDYCC,Fixed - Fixed,Cross Currency,Cash,NA/Swap Fxd Fxd CAD GBP,N/A,CAD,,,,GBP,,,,Custom,CASH,,,,,,,,,,,,,,,,,,,,,,,
1,Rates,Swap,Cross_Currency_Fixed_Fixed,UPI,QZ57F01THBN4,New,,2023-10-17T03:03:20,SRDYCC,Fixed - Fixed,Cross Currency,Cash,NA/Swap Fxd Fxd CAD USD,N/A,CAD,,,,USD,,,,Custom,CASH,,,,,,,,,,,,,,,,,,,,,,,
1,Rates,Swap,Cross_Currency_Fixed_Fixed,UPI,QZJCS49G1HH6,New,,2023-10-17T03:03:22,SRDDCP,Fixed - Fixed,Cross Currency,Physical,NA/Swap Fxd Fxd CHF EUR,N/A,CHF,,,,EUR,,,,Amortizing,PHYS,,,,,,,,,,,,,,,,,,,,,,,
1,Rates,Swap,Cross_Currency_Fixed_Fixed,UPI,QZZF7XPBQWZK,New,,2023-10-17T03:03:22,SRDDCC,Fixed - Fixed,Cross Currency,Cash,NA/Swap Fxd Fxd CLF USD,N/A,CLF,,,,USD,,,,Amortizing,CASH,,,,,,,,,,,,,,,,,,,,,,,
1,Rates,Swap,Cross_Currency_Fixed_Fixed,UPI,QZ7RKKV48551,New,,2023-10-17T03:03:23,SRDYCC,Fixed - Fixed,Cross Currency,Cash,NA/Swap Fxd Fxd MXN MXV,N/A,MXN,,,,MXV,,,,Custom,CASH,,,,,,,,,,,,,,,,,,,,,,,
1,Rates,Swap,Cross_Currency_Fixed_Fixed,UPI,QZRM2QX4R9Z5,New,,2023-10-17T03:03:23,SRDCCP,Fixed - Fixed,Cross Currency,Physical,NA/Swap Fxd Fxd NZD USD,N/A,NZD,,,,USD,,,,Constant,PHYS,,,,,,,,,,,,,,,,,,,,,,,
1,Rates,Swap,Cross_Currency_Fixed_Fixed,UPI,QZPVDVGKRXR5,New,,2023-10-17T03:03:24,SRDCCP,Fixed - Fixed,Cross Currency,Physical,NA/Swap Fxd Fxd NOK SEK,N/A,NOK,,,,SEK,,,,Constant,PHYS,,,,,,,,,,,,,,,,,,,,,,,
1,Rates,Swap,Cross_Currency_Fixed_Fixed,UPI,QZB499NSFHTH,New,,2023-10-17T03:03:24,SRDCCC,Fixed - Fixed,Cross Currency,Cash,NA/Swap Fxd Fxd DKK EUR,N/A,DKK,,,,EUR,,,,Constant,CASH,,,,,,,,,,,,,,,,,,,,,,,
1,Rates,Swap,Cross_Currency_Fixed_Fixed,UPI,QZ3180J6WTWS,New,,2023-10-17T03:03:24,SRDYCC,Fixed - Fixed,Cross Currency,Cash,NA/Swap Fxd Fxd DKK EUR,N/A,DKK,,,,EUR,,,,Custom,CASH,,,,,,,,,,,,,,,,,,,,,,,
1,Rates,Swap,Cross_Currency_Fixed_Fixed,UPI,QZV529QGV6Q9,New,,2023-10-17T03:03:25,SRDYCP,Fixed - Fixed,Cross Currency,Physical,NA/Swap Fxd Fxd CLF USD,N/A,CLF,,,,USD,,,,Custom,PHYS,,,,,,,,,,,,,,,,,,,,,,,
1,Rates,Swap,Cross_Currency_Fixed_Fixed,UPI,QZD0KJBWGF70,New,,2023-10-17T03:03:26,SRDCCC,Fixed - Fixed,Cross Currency,Cash,NA/Swap Fxd Fxd CLF GBP,N/A,CLF,,,,GBP,,,,Constant,CASH,,,,,,,,,,,,,,,,,,,,,,,
1,Rates,Swap,Cross_Currency_Fixed_Fixed,UPI,QZLDNC97GRPV,New,,2023-10-17T03:03:27,SRDYCP,Fixed - Fixed,Cross Currency,Physical,NA/Swap Fxd Fxd AUD USD,N/A,AUD,,,,USD,,,,Custom,PHYS,,,,,,,,,,,,,,,,,,,,,,,
1,Rates,Swap,Cross_Currency_Fixed_Fixed,UPI,QZW1XBZ88BN8,New,,2023-10-17T03:03:28,SRDDCC,Fixed - Fixed,Cross Currency,Cash,NA/Swap Fxd Fxd CAD GBP,N/A,CAD,,,,GBP,,,,Amortizing,CASH,,,,,,,,,,,,,,,,,,,,,,,
1,Rates,Swap,Cross_Currency_Fixed_Fixed,UPI,QZM0MMDHMZV2,New,,2023-10-17T03:03:28,SRDCCC,Fixed - Fixed,Cross Currency,Cash,NA/Swap Fxd Fxd AUD EUR,N/A,AUD,,,,EUR,,,,Constant,CASH,,,,,,,,,,,,,,,,,,,,,,,
1,Rates,Swap,Cross_Currency_Fixed_Fixed,UPI,QZWFHB64H8MC,New,,2023-10-17T03:03:28,SRDCCP,Fixed - Fixed,Cross Currency,Physical,NA/Swap Fxd Fxd GBP PLN,N/A,GBP,,,,PLN,,,,Constant,PHYS,,,,,,,,,,,,,,,,,,,,,,,
1,Rates,Swap,Cross_Currency_Fixed_Fixed,UPI,QZZM7TRPCFRT,New,,2023-10-17T03:03:29,SRDCCP,Fixed - Fixed,Cross Currency,Physical,NA/Swap Fxd Fxd AUD CLF,N/A,AUD,,,,CLF,,,,Constant,PHYS,,,,,,,,,,,,,,,,,,,,,,,
1,Rates,Swap,Cross_Currency_Fixed_Fixed,UPI,QZC6QZCHV8M5,New,,2023-10-17T03:03:29,SRDCCP,Fixed - Fixed,Cross Currency,Physical,NA/Swap Fxd Fxd EUR HUF,N/A,EUR,,,,HUF,,,,Constant,PHYS,,,,,,,,,,,,,,,,,,,,,,,
1,Rates,Swap,Cross_Currency_Fixed_Fixed,UPI,QZS4T880Q9XS,New,,2023-10-17T03:03:29,SRDYCP,Fixed - Fixed,Cross Currency,Physical,NA/Swap Fxd Fxd EUR TRY,N/A,EUR,,,,TRY,,,,Custom,PHYS,,,,,,,,,,,,,,,,,,,,,,,
1,Rates,Swap,Cross_Currency_Fixed_Fixed,UPI,QZZZKD5PX7PX,New,,2023-10-17T03:03:29,SRDCCP,Fixed - Fixed,Cross Currency,Physical,NA/Swap Fxd Fxd DKK NOK,N/A,DKK,,,,NOK,,,,Constant,PHYS,,,,,,,,,,,,,,,,,,,,,,,
1,Rates,Swap,Cross_Currency_Fixed_Fixed,UPI,QZJZ42QVF98C,New,,2023-10-17T03:03:30,SRDCCP,Fixed - Fixed,Cross Currency,Physical,NA/Swap Fxd Fxd GBP NOK,N/A,GBP,,,,NOK,,,,Constant,PHYS,,,,,,,,,,,,,,,,,,,,,,,
1,Rates,Swap,Cross_Currency_Fixed_Fixed,UPI,QZ175HR0FJCG,New,,2023-10-17T03:03:30,SRDCCC,Fixed - Fixed,Cross Currency,Cash,NA/Swap Fxd Fxd AUD CAD,N/A,AUD,,,,CAD,,,,Constant,CASH,,,,,,,,,,,,,,,,,,,,,,,
1,Rates,Swap,Cross_Currency_Fixed_Fixed,UPI,QZXHTGF1K08F,New,,2023-10-17T03:03:30,SRDDCC,Fixed - Fixed,Cross Currency,Cash,NA/Swap Fxd Fxd CAD JPY,N/A,CAD,,,,JPY,,,,Amortizing,CASH,,,,,,,,,,,,,,,,,,,,,,,
1,Rates,Swap,Cross_Currency_Fixed_Fixed,UPI,QZ26P4K1X2Z4,New,,2023-10-17T03:03:31,SRDDCP,Fixed - Fixed,Cross Currency,Physical,NA/Swap Fxd Fxd EUR INR,N/A,EUR,,,,INR,,,,Amortizing,PHYS,,,,,,,,,,,,,,,,,,,,,,,
1,Rates,Swap,Cross_Currency_Fixed_Fixed,UPI,QZBVGL07T946,New,,2023-10-17T03:03:31,SRDCCP,Fixed - Fixed,Cross Currency,Physical,NA/Swap Fxd Fxd JPY RUB,N/A,JPY,,,,RUB,,,,Constant,PHYS,,,,,,,,,,,,,,,,,,,,,,,
1,Rates,Swap,Cross_Currency_Fixed_Fixed,UPI,QZ6K7HV69SF3,New,,2023-10-17T03:03:31,SRDICP,Fixed - Fixed,Cross Currency,Physical,NA/Swap Fxd Fxd GBP JPY,N/A,GBP,,,,JPY,,,,Accreting,PHYS,,,,,,,,,,,,,,,,,,,,,,,
1,Rates,Swap,Cross_Currency_Fixed_Fixed,UPI,QZ4XBLPTGHHS,New,,2023-10-17T03:03:32,SRDDCC,Fixed - Fixed,Cross Currency,Cash,NA/Swap Fxd Fxd AUD CAD,N/A,AUD,,,,CAD,,,,Amortizing,CASH,,,,,,,,,,,,,,,,,,,,,,,
1,Rates,Swap,Cross_Currency_Fixed_Fixed,UPI,QZM0MS6JLKL9,New,,2023-10-17T03:03:33,SRDICP,Fixed - Fixed,Cross Currency,Physical,NA/Swap Fxd Fxd CLF CLP,N/A,CLF,,,,CLP,,,,Accreting,PHYS,,,,,,,,,,,,,,,,,,,,,,,
1,Rates,Swap,Cross_Currency_Fixed_Fixed,UPI,QZ4KHQNR3V01,New,,2023-10-17T03:03:34,SRDYCP,Fixed - Fixed,Cross Currency,Physical,NA/Swap Fxd Fxd RUB USD,N/A,RUB,,,,USD,,,,Custom,PHYS,,,,,,,,,,,,,,,,,,,,,,,
1,Rates,Swap,Cross_Currency_Fixed_Fixed,UPI,QZL2Q9XHGCWN,New,,2023-10-17T03:03:34,SRDCCP,Fixed - Fixed,Cross Currency,Physical,NA/Swap Fxd Fxd EUR MXN,N/A,EUR,,,,MXN,,,,Constant,PHYS,,,,,,,,,,,,,,,,,,,,,,,
1,Rates,Swap,Cross_Currency_Fixed_Fixed,UPI,QZWGLB3THV66,New,,2023-10-17T03:03:35,SRDCCP,Fixed - Fixed,Cross Currency,Physical,NA/Swap Fxd Fxd CLP USD,N/A,CLP,,,,USD,,,,Constant,PHYS,,,,,,,,,,,,,,,,,,,,,,,
1,Rates,Swap,Cross_Currency_Fixed_Fixed,UPI,QZ9GGJ134ZZJ,New,,2023-10-17T03:03:35,SRDCCC,Fixed - Fixed,Cross Currency,Cash,NA/Swap Fxd Fxd COP USD,N/A,COP,,,,USD,,,,Constant,CASH,,,,,,,,,,,,,,,,,,,,,,,
1,Rates,Swap,Cross_Currency_Fixed_Fixed,UPI,QZ2ZLB1N5BMZ,New,,2023-10-17T03:03:36,SRDCCC,Fixed - Fixed,Cross Currency,Cash,NA/Swap Fxd Fxd JPY SEK,N/A,JPY,,,,SEK,,,,Constant,CASH,,,,,,,,,,,,,,,,,,,,,,,
1,Rates,Swap,Cross_Currency_Fixed_Fixed,UPI,QZQFZ6P8RZ9N,New,,2023-10-17T03:03:38,SRDCCP,Fixed - Fixed,Cross Currency,Physical,NA/Swap Fxd Fxd JPY THB,N/A,JPY,,,,THB,,,,Constant,PHYS,,,,,,,,,,,,,,,,,,,,,,,
1,Rates,Swap,Cross_Currency_Fixed_Fixed,UPI,QZPQ6JB3TSV0,New,,2023-10-17T03:03:40,SRDDCC,Fixed - Fixed,Cross Currency,Cash,NA/Swap Fxd Fxd EUR PLN,N/A,EUR,,,,PLN,,,,Amortizing,CASH,,,,,,,,,,,,,,,,,,,,,,,
1,Rates,Swap,Cross_Currency_Fixed_Fixed,UPI,QZJ8KZ8MCKNK,New,,2023-10-17T03:03:46,SRDYCC,Fixed - Fixed,Cross Currency,Cash,NA/Swap Fxd Fxd EUR GBP,N/A,EUR,,,,GBP,,,,Custom,CASH,,,,,,,,,,,,,,,,,,,,,,,
1,Rates,Swap,Cross_Currency_Fixed_Fixed,UPI,QZQXG590ZG52,New,,2023-10-17T03:03:46,SRDCCP,Fixed - Fixed,Cross Currency,Physical,NA/Swap Fxd Fxd COP USD,N/A,COP,,,,USD,,,,Constant,PHYS,,,,,,,,,,,,,,,,,,,,,,,
1,Rates,Swap,Cross_Currency_Fixed_Fixed,UPI,QZFDZPPWDN20,New,,2023-10-17T03:03:47,SRDICP,Fixed - Fixed,Cross Currency,Physical,NA/Swap Fxd Fxd MXN MXV,N/A,MXN,,,,MXV,,,,Accreting,PHYS,,,,,,,,,,,,,,,,,,,,,,,
1,Rates,Swap,Cross_Currency_Fixed_Fixed,UPI,QZ4JQ0QP97L5,New,,2023-10-17T03:03:51,SRDCCP,Fixed - Fixed,Cross Currency,Physical,NA/Swap Fxd Fxd DKK GBP,N/A,DKK,,,,GBP,,,,Constant,PHYS,,,,,,,,,,,,,,,,,,,,,,,
1,Rates,Swap,Cross_Currency_Fixed_Fixed,UPI,QZWMRP6NVCQV,New,,2023-10-17T03:03:51,SRDCCC,Fixed - Fixed,Cross Currency,Cash,NA/Swap Fxd Fxd DKK GBP,N/A,DKK,,,,GBP,,,,Constant,CASH,,,,,,,,,,,,,,,,,,,,,,,
1,Rates,Swap,Cross_Currency_Fixed_Fixed,UPI,QZL4CCDQCCLG,New,,2023-10-17T03:03:53,SRDCCP,Fixed - Fixed,Cross Currency,Physical,NA/Swap Fxd Fxd AUD SGD,N/A,AUD,,,,SGD,,,,Constant,PHYS,,,,,,,,,,,,,,,,,,,,,,,
1,Rates,Swap,Cross_Currency_Fixed_Fixed,UPI,QZZD8RHM3ZGJ,New,,2023-10-17T03:03:54,SRDDCP,Fixed - Fixed,Cross Currency,Physical,NA/Swap Fxd Fxd CZK EUR,N/A,CZK,,,,EUR,,,,Amortizing,PHYS,,,,,,,,,,,,,,,,,,,,,,,
1,Rates,Swap,Cross_Currency_Fixed_Fixed,UPI,QZ2KV2P3CL76,New,,2023-10-17T03:03:54,SRDCCC,Fixed - Fixed,Cross Currency,Cash,NA/Swap Fxd Fxd MXN MXV,N/A,MXN,,,,MXV,,,,Constant,CASH,,,,,,,,,,,,,,,,,,,,,,,
1,Rates,Swap,Cross_Currency_Fixed_Fixed,UPI,QZ7HND834RVK,New,,2023-10-17T03:03:55,SRDDCC,Fixed - Fixed,Cross Currency,Cash,NA/Swap Fxd Fxd BRL EUR,N/A,BRL,,,,EUR,,,,Amortizing,CASH,,,,,,,,,,,,,,,,,,,,,,,
1,Rates,Swap,Cross_Currency_Fixed_Fixed,UPI,QZC2ZHW3D42R,New,,2023-10-17T03:03:55,SRDYCC,Fixed - Fixed,Cross Currency,Cash,NA/Swap Fxd Fxd INR USD,N/A,INR,,,,USD,,,,Custom,CASH,,,,,,,,,,,,,,,,,,,,,,,
1,Rates,Swap,Cross_Currency_Fixed_Fixed,UPI,QZ92G4THJP1B,New,,2023-10-17T03:03:56,SRDYCC,Fixed - Fixed,Cross Currency,Cash,NA/Swap Fxd Fxd MXN USD,N/A,MXN,,,,USD,,,,Custom,CASH,,,,,,,,,,,,,,,,,,,,,,,
1,Rates,Swap,Cross_Currency_Fixed_Fixed,UPI,QZVVZPLR8682,New,,2023-10-17T03:03:57,SRDCCC,Fixed - Fixed,Cross Currency,Cash,NA/Swap Fxd Fxd THB USD,N/A,THB,,,,USD,,,,Constant,CASH,,,,,,,,,,,,,,,,,,,,,,,
1,Rates,Swap,Cross_Currency_Fixed_Fixed,UPI,QZ77XLV6RXD3,New,,2023-10-17T03:03:59,SRDDCC,Fixed - Fixed,Cross Currency,Cash,NA/Swap Fxd Fxd MXN MXV,N/A,MXN,,,,MXV,,,,Amortizing,CASH,,,,,,,,,,,,,,,,,,,,,,,
1,Rates,Swap,Cross_Currency_Fixed_Fixed,UPI,QZGZWK7QKLXF,New,,2023-10-17T03:03:59,SRDDCC,Fixed - Fixed,Cross Currency,Cash,NA/Swap Fxd Fxd INR USD,N/A,INR,,,,USD,,,,Amortizing,CASH,,,,,,,,,,,,,,,,,,,,,,,
1,Rates,Swap,Cross_Currency_Fixed_Fixed,UPI,QZ5PJSW7W0SD,New,,2023-10-17T03:04:00,SRDCCC,Fixed - Fixed,Cross Currency,Cash,NA/Swap Fxd Fxd CNY USD,N/A,CNY,,,,USD,,,,Constant,CASH,,,,,,,,,,,,,,,,,,,,,,,
1,Rates,Swap,Cross_Currency_Fixed_Fixed,UPI,QZSMGQJZHLSH,New,,2023-10-17T03:04:02,SRDYCP,Fixed - Fixed,Cross Currency,Physical,NA/Swap Fxd Fxd TRY USD,N/A,TRY,,,,USD,,,,Custom,PHYS,,,,,,,,,,,,,,,,,,,,,,,
1,Rates,Swap,Cross_Currency_Fixed_Fixed,UPI,QZFFVG45WJWB,New,,2023-10-17T03:04:02,SRDCCC,Fixed - Fixed,Cross Currency,Cash,NA/Swap Fxd Fxd NOK USD,N/A,NOK,,,,USD,,,,Constant,CASH,,,,,,,,,,,,,,,,,,,,,,,
1,Rates,Swap,Cross_Currency_Fixed_Fixed,UPI,QZBGLRDL227G,New,,2023-10-17T03:04:03,SRDCCC,Fixed - Fixed,Cross Currency,Cash,NA/Swap Fxd Fxd CLF EUR,N/A,CLF,,,,EUR,,,,Constant,CASH,,,,,,,,,,,,,,,,,,,,,,,
1,Rates,Swap,Cross_Currency_Fixed_Fixed,UPI,QZ00PN6XLK7V,New,,2023-10-17T03:04:03,SRDCCC,Fixed - Fixed,Cross Currency,Cash,NA/Swap Fxd Fxd JPY THB,N/A,JPY,,,,THB,,,,Constant,CASH,,,,,,,,,,,,,,,,,,,,,,,
1,Rates,Swap,Cross_Currency_Fixed_Fixed,UPI,QZ5TZSZZ4MW3,New,,2023-10-17T03:04:06,SRDDCC,Fixed - Fixed,Cross Currency,Cash,NA/Swap Fxd Fxd AUD EUR,N/A,AUD,,,,EUR,,,,Amortizing,CASH,,,,,,,,,,,,,,,,,,,,,,,
1,Rates,Swap,Cross_Currency_Fixed_Fixed,UPI,QZ60R2R958QK,New,,2023-10-17T03:04:08,SRDCCC,Fixed - Fixed,Cross Currency,Cash,NA/Swap Fxd Fxd CAD GBP,N/A,CAD,,,,GBP,,,,Constant,CASH,,,,,,,,,,,,,,,,,,,,,,,
1,Rates,Swap,Cross_Currency_Fixed_Fixed,UPI,QZ9K10R7MSJ3,New,,2023-10-17T03:04:10,SRDYCC,Fixed - Fixed,Cross Currency,Cash,NA/Swap Fxd Fxd JPY USD,N/A,JPY,,,,USD,,,,Custom,CASH,,,,,,,,,,,,,,,,,,,,,,,
1,Rates,Swap,Cross_Currency_Fixed_Fixed,UPI,QZH34WPVSB6C,New,,2023-10-17T03:04:11,SRDCCC,Fixed - Fixed,Cross Currency,Cash,NA/Swap Fxd Fxd AUD SEK,N/A,AUD,,,,SEK,,,,Constant,CASH,,,,,,,,,,,,,,,,,,,,,,,
1,Rates,Swap,Cross_Currency_Fixed_Fixed,UPI,QZKNBDND757G,New,,2023-10-17T03:04:11,SRDDCP,Fixed - Fixed,Cross Currency,Physical,NA/Swap Fxd Fxd AUD JPY,N/A,AUD,,,,JPY,,,,Amortizing,PHYS,,,,,,,,,,,,,,,,,,,,,,,
1,Rates,Swap,Cross_Currency_Fixed_Fixed,UPI,QZ1KGKRMVGCS,New,,2023-10-17T03:04:13,SRDDCP,Fixed - Fixed,Cross Currency,Physical,NA/Swap Fxd Fxd THB USD,N/A,THB,,,,USD,,,,Amortizing,PHYS,,,,,,,,,,,,,,,,,,,,,,,
1,Rates,Swap,Cross_Currency_Fixed_Fixed,UPI,QZSH5PTFVDX0,New,,2023-10-17T03:04:14,SRDYCP,Fixed - Fixed,Cross Currency,Physical,NA/Swap Fxd Fxd AUD EUR,N/A,AUD,,,,EUR,,,,Custom,PHYS,,,,,,,,,,,,,,,,,,,,,,,
1,Rates,Swap,Cross_Currency_Fixed_Fixed,UPI,QZNKJP6B05TX,New,,2023-10-17T03:04:14,SRDDCC,Fixed - Fixed,Cross Currency,Cash,NA/Swap Fxd Fxd EUR MRO,N/A,EUR,,,,MRO,,,,Amortizing,CASH,,,,,,,,,,,,,,,,,,,,,,,
1,Rates,Swap,Cross_Currency_Fixed_Fixed,UPI,QZ3SXFTLPBXK,New,,2023-10-17T03:04:14,SRDCCC,Fixed - Fixed,Cross Currency,Cash,NA/Swap Fxd Fxd EUR MRO,N/A,EUR,,,,MRO,,,,Constant,CASH,,,,,,,,,,,,,,,,,,,,,,,
1,Rates,Swap,Cross_Currency_Fixed_Fixed,UPI,QZV1TZF4K02V,New,,2023-10-17T03:04:15,SRDICC,Fixed - Fixed,Cross Currency,Cash,NA/Swap Fxd Fxd AUD CAD,N/A,AUD,,,,CAD,,,,Accreting,CASH,,,,,,,,,,,,,,,,,,,,,,,
1,Rates,Swap,Cross_Currency_Fixed_Fixed,UPI,QZNQ15XNXKVL,New,,2023-10-17T03:04:15,SRDCCP,Fixed - Fixed,Cross Currency,Physical,NA/Swap Fxd Fxd PHP USD,N/A,PHP,,,,USD,,,,Constant,PHYS,,,,,,,,,,,,,,,,,,,,,,,
1,Rates,Swap,Cross_Currency_Fixed_Fixed,UPI,QZTP1DF6QDC3,New,,2023-10-17T03:04:17,SRDCCP,Fixed - Fixed,Cross Currency,Physical,NA/Swap Fxd Fxd CHF KRW,N/A,CHF,,,,KRW,,,,Constant,PHYS,,,,,,,,,,,,,,,,,,,,,,,
1,Rates,Swap,Cross_Currency_Fixed_Fixed,UPI,QZM32PX3ZGNJ,New,,2023-10-17T03:04:18,SRDCCC,Fixed - Fixed,Cross Currency,Cash,NA/Swap Fxd Fxd EUR RUB,N/A,EUR,,,,RUB,,,,Constant,CASH,,,,,,,,,,,,,,,,,,,,,,,
1,Rates,Swap,Cross_Currency_Fixed_Fixed,UPI,QZRMM08PXD63,New,,2023-10-17T03:04:18,SRDYCC,Fixed - Fixed,Cross Currency,Cash,NA/Swap Fxd Fxd EUR NOK,N/A,EUR,,,,NOK,,,,Custom,CASH,,,,,,,,,,,,,,,,,,,,,,,
1,Rates,Swap,Cross_Currency_Fixed_Fixed,UPI,QZ0SZGVBMD04,New,,2023-10-17T03:04:20,SRDDCP,Fixed - Fixed,Cross Currency,Physical,NA/Swap Fxd Fxd EUR RUB,N/A,EUR,,,,RUB,,,,Amortizing,PHYS,,,,,,,,,,,,,,,,,,,,,,,
1,Rates,Swap,Cross_Currency_Fixed_Fixed,UPI,QZ482W6X63Z3,New,,2023-10-17T03:04:20,SRDDCP,Fixed - Fixed,Cross Currency,Physical,NA/Swap Fxd Fxd RUB USD,N/A,RUB,,,,USD,,,,Amortizing,PHYS,,,,,,,,,,,,,,,,,,,,,,,
1,Rates,Swap,Cross_Currency_Fixed_Fixed,UPI,QZG4H8HZGMK1,New,,2023-10-17T03:04:21,SRDYCC,Fixed - Fixed,Cross Currency,Cash,NA/Swap Fxd Fxd EUR TRY,N/A,EUR,,,,TRY,,,,Custom,CASH,,,,,,,,,,,,,,,,,,,,,,,
1,Rates,Swap,Cross_Currency_Fixed_Fixed,UPI,QZFL8SL9Z85J,New,,2023-10-17T03:04:23,SRDYCP,Fixed - Fixed,Cross Currency,Physical,NA/Swap Fxd Fxd EUR RUB,N/A,EUR,,,,RUB,,,,Custom,PHYS,,,,,,,,,,,,,,,,,,,,,,,
1,Rates,Swap,Cross_Currency_Fixed_Fixed,UPI,QZXW8BSBVBCP,New,,2023-10-17T03:04:23,SRDCCC,Fixed - Fixed,Cross Currency,Cash,NA/Swap Fxd Fxd EUR NOK,N/A,EUR,,,,NOK,,,,Constant,CASH,,,,,,,,,,,,,,,,,,,,,,,
1,Rates,Swap,Cross_Currency_Fixed_Fixed,UPI,QZ5GGH5FF4ZZ,New,,2023-10-17T03:04:24,SRDCCC,Fixed - Fixed,Cross Currency,Cash,NA/Swap Fxd Fxd CZK GBP,N/A,CZK,,,,GBP,,,,Constant,CASH,,,,,,,,,,,,,,,,,,,,,,,
1,Rates,Swap,Cross_Currency_Fixed_Fixed,UPI,QZSPXWH2Q1XK,New,,2023-10-17T03:04:25,SRDICP,Fixed - Fixed,Cross Currency,Physical,NA/Swap Fxd Fxd BRL USD,N/A,BRL,,,,USD,,,,Accreting,PHYS,,,,,,,,,,,,,,,,,,,,,,,
1,Rates,Swap,Cross_Currency_Fixed_Fixed,UPI,QZZ517T07JBX,New,,2023-10-17T03:04:26,SRDYCP,Fixed - Fixed,Cross Currency,Physical,NA/Swap Fxd Fxd BRL USD,N/A,BRL,,,,USD,,,,Custom,PHYS,,,,,,,,,,,,,,,,,,,,,,,
1,Rates,Swap,Cross_Currency_Fixed_Fixed,UPI,QZ8MFNWC7XHC,New,,2023-10-17T03:04:26,SRDDCP,Fixed - Fixed,Cross Currency,Physical,NA/Swap Fxd Fxd TRY USD,N/A,TRY,,,,USD,,,,Amortizing,PHYS,,,,,,,,,,,,,,,,,,,,,,,
1,Rates,Swap,Cross_Currency_Fixed_Fixed,UPI,QZ4MDSBMS7Z4,New,,2023-10-17T03:04:26,SRDCCC,Fixed - Fixed,Cross Currency,Cash,NA/Swap Fxd Fxd AUD GBP,N/A,AUD,,,,GBP,,,,Constant,CASH,,,,,,,,,,,,,,,,,,,,,,,
1,Rates,Swap,Cross_Currency_Fixed_Fixed,UPI,QZG8CTWL1CFT,New,,2023-10-17T03:04:28,SRDDCP,Fixed - Fixed,Cross Currency,Physical,NA/Swap Fxd Fxd CLP USD,N/A,CLP,,,,USD,,,,Amortizing,PHYS,,,,,,,,,,,,,,,,,,,,,,,
1,Rates,Swap,Cross_Currency_Fixed_Fixed,UPI,QZWVVHK1BN9P,New,,2023-10-17T03:04:28,SRDDCC,Fixed - Fixed,Cross Currency,Cash,NA/Swap Fxd Fxd CLP USD,N/A,CLP,,,,USD,,,,Amortizing,CASH,,,,,,,,,,,,,,,,,,,,,,,
1,Rates,Swap,Cross_Currency_Fixed_Fixed,UPI,QZBT11VRNSBK,New,,2023-10-17T03:04:30,SRDICP,Fixed - Fixed,Cross Currency,Physical,NA/Swap Fxd Fxd CAD GBP,N/A,CAD,,,,GBP,,,,Accreting,PHYS,,,,,,,,,,,,,,,,,,,,,,,
1,Rates,Swap,Cross_Currency_Fixed_Fixed,UPI,QZV12Z38B991,New,,2023-10-17T03:04:31,SRDCCP,Fixed - Fixed,Cross Currency,Physical,NA/Swap Fxd Fxd CLF CLP,N/A,CLF,,,,CLP,,,,Constant,PHYS,,,,,,,,,,,,,,,,,,,,,,,
1,Rates,Swap,Cross_Currency_Fixed_Fixed,UPI,QZ1STCGV71QS,New,,2023-10-17T03:04:31,SRDDCC,Fixed - Fixed,Cross Currency,Cash,NA/Swap Fxd Fxd EUR ZAR,N/A,EUR,,,,ZAR,,,,Amortizing,CASH,,,,,,,,,,,,,,,,,,,,,,,
1,Rates,Swap,Cross_Currency_Fixed_Fixed,UPI,QZ7G9TPZ69LX,New,,2023-10-17T03:04:32,SRDICP,Fixed - Fixed,Cross Currency,Physical,NA/Swap Fxd Fxd AUD JPY,N/A,AUD,,,,JPY,,,,Accreting,PHYS,,,,,,,,,,,,,,,,,,,,,,,
1,Rates,Swap,Cross_Currency_Fixed_Fixed,UPI,QZG7KFCS8Q4C,New,,2023-10-17T03:04:33,SRDDCC,Fixed - Fixed,Cross Currency,Cash,NA/Swap Fxd Fxd KRW USD,N/A,KRW,,,,USD,,,,Amortizing,CASH,,,,,,,,,,,,,,,,,,,,,,,
1,Rates,Swap,Cross_Currency_Fixed_Fixed,UPI,QZQRH1TPVVSP,New,,2023-10-17T03:04:34,SRDCCP,Fixed - Fixed,Cross Currency,Physical,NA/Swap Fxd Fxd EUR TWD,N/A,EUR,,,,TWD,,,,Constant,PHYS,,,,,,,,,,,,,,,,,,,,,,,
1,Rates,Swap,Cross_Currency_Fixed_Fixed,UPI,QZR7MPHWVKM2,New,,2023-10-17T03:04:34,SRDCCC,Fixed - Fixed,Cross Currency,Cash,NA/Swap Fxd Fxd EUR TWD,N/A,EUR,,,,TWD,,,,Constant,CASH,,,,,,,,,,,,,,,,,,,,,,,
1,Rates,Swap,Cross_Currency_Fixed_Fixed,UPI,QZQHK8DCCLN9,New,,2023-10-17T03:04:36,SRDCCP,Fixed - Fixed,Cross Currency,Physical,NA/Swap Fxd Fxd EUR INR,N/A,EUR,,,,INR,,,,Constant,PHYS,,,,,,,,,,,,,,,,,,,,,,,
1,Rates,Swap,Cross_Currency_Fixed_Fixed,UPI,QZD54TLPGQ99,New,,2023-10-17T03:04:38,SRDCCP,Fixed - Fixed,Cross Currency,Physical,NA/Swap Fxd Fxd CLF JPY,N/A,CLF,,,,JPY,,,,Constant,PHYS,,,,,,,,,,,,,,,,,,,,,,,
1,Rates,Swap,Cross_Currency_Fixed_Fixed,UPI,QZC2B22N8HK5,New,,2023-10-17T03:04:41,SRDDCC,Fixed - Fixed,Cross Currency,Cash,NA/Swap Fxd Fxd TRY USD,N/A,TRY,,,,USD,,,,Amortizing,CASH,,,,,,,,,,,,,,,,,,,,,,,
1,Rates,Swap,Cross_Currency_Fixed_Fixed,UPI,QZX1DD7BVRH6,New,,2023-10-17T03:04:42,SRDYCP,Fixed - Fixed,Cross Currency,Physical,NA/Swap Fxd Fxd AUD JPY,N/A,AUD,,,,JPY,,,,Custom,PHYS,,,,,,,,,,,,,,,,,,,,,,,
1,Rates,Swap,Cross_Currency_Fixed_Fixed,UPI,QZWMXXFDT753,New,,2023-10-17T03:04:43,SRDICC,Fixed - Fixed,Cross Currency,Cash,NA/Swap Fxd Fxd CAD HKD,N/A,CAD,,,,HKD,,,,Accreting,CASH,,,,,,,,,,,,,,,,,,,,,,,
1,Rates,Swap,Cross_Currency_Fixed_Fixed,UPI,QZHF1V6MTK8R,New,,2023-10-17T03:04:47,SRDICC,Fixed - Fixed,Cross Currency,Cash,NA/Swap Fxd Fxd GBP USD,N/A,GBP,,,,USD,,,,Accreting,CASH,,,,,,,,,,,,,,,,,,,,,,,
1,Rates,Swap,Cross_Currency_Fixed_Fixed,UPI,QZTKM0PMLQWS,New,,2023-10-17T03:04:48,SRDYCP,Fixed - Fixed,Cross Currency,Physical,NA/Swap Fxd Fxd EUR INR,N/A,EUR,,,,INR,,,,Custom,PHYS,,,,,,,,,,,,,,,,,,,,,,,
1,Rates,Swap,Cross_Currency_Fixed_Fixed,UPI,QZ6KNS1WKXC9,New,,2023-10-17T03:04:48,SRDCCP,Fixed - Fixed,Cross Currency,Physical,NA/Swap Fxd Fxd EUR THB,N/A,EUR,,,,THB,,,,Constant,PHYS,,,,,,,,,,,,,,,,,,,,,,,
1,Rates,Swap,Cross_Currency_Fixed_Fixed,UPI,QZBSG3XCJR5K,New,,2023-10-17T03:04:48,SRDCCP,Fixed - Fixed,Cross Currency,Physical,NA/Swap Fxd Fxd GBP INR,N/A,GBP,,,,INR,,,,Constant,PHYS,,,,,,,,,,,,,,,,,,,,,,,
1,Rates,Swap,Cross_Currency_Fixed_Fixed,UPI,QZ493PP5TGFD,New,,2023-10-17T03:04:50,SRDDCP,Fixed - Fixed,Cross Currency,Physical,NA/Swap Fxd Fxd GBP SEK,N/A,GBP,,,,SEK,,,,Amortizing,PHYS,,,,,,,,,,,,,,,,,,,,,,,
1,Rates,Swap,Cross_Currency_Fixed_Fixed,UPI,QZHN8CLLNKVF,New,,2023-10-17T03:04:52,SRDYCP,Fixed - Fixed,Cross Currency,Physical,NA/Swap Fxd Fxd JPY USD,N/A,JPY,,,,USD,,,,Custom,PHYS,,,,,,,,,,,,,,,,,,,,,,,
1,Rates,Swap,Cross_Currency_Fixed_Fixed,UPI,QZ903J1C5SQ2,New,,2023-10-17T03:04:59,SRDICC,Fixed - Fixed,Cross Currency,Cash,NA/Swap Fxd Fxd CAD USD,N/A,CAD,,,,USD,,,,Accreting,CASH,,,,,,,,,,,,,,,,,,,,,,,
1,Rates,Swap,Cross_Currency_Fixed_Fixed,UPI,QZ62CK690MR5,New,,2023-10-17T03:05:07,SRDDCP,Fixed - Fixed,Cross Currency,Physical,NA/Swap Fxd Fxd EUR ILS,N/A,EUR,,,,ILS,,,,Amortizing,PHYS,,,,,,,,,,,,,,,,,,,,,,,
1,Rates,Swap,Cross_Currency_Fixed_Fixed,UPI,QZ829ZJ2P0KZ,New,,2023-10-17T03:05:07,SRDCCP,Fixed - Fixed,Cross Currency,Physical,NA/Swap Fxd Fxd EUR ZAR,N/A,EUR,,,,ZAR,,,,Constant,PHYS,,,,,,,,,,,,,,,,,,,,,,,
1,Rates,Swap,Cross_Currency_Fixed_Fixed,UPI,QZF7586Z6JZ6,New,,2023-10-17T03:05:10,SRDCCP,Fixed - Fixed,Cross Currency,Physical,NA/Swap Fxd Fxd MXN MXV,N/A,MXN,,,,MXV,,,,Constant,PHYS,,,,,,,,,,,,,,,,,,,,,,,
1,Rates,Swap,Cross_Currency_Fixed_Fixed,UPI,QZC8HB266WTS,New,,2023-10-17T03:05:15,SRDDCP,Fixed - Fixed,Cross Currency,Physical,NA/Swap Fxd Fxd JPY USD,N/A,JPY,,,,USD,,,,Amortizing,PHYS,,,,,,,,,,,,,,,,,,,,,,,
1,Rates,Swap,Cross_Currency_Fixed_Fixed,UPI,QZC1MJKVTVD8,New,,2023-10-17T03:05:18,SRDDCP,Fixed - Fixed,Cross Currency,Physical,NA/Swap Fxd Fxd EUR KRW,N/A,EUR,,,,KRW,,,,Amortizing,PHYS,,,,,,,,,,,,,,,,,,,,,,,
1,Rates,Swap,Cross_Currency_Fixed_Fixed,UPI,QZWX9VGCJMH0,New,,2023-10-17T03:05:18,SRDCCC,Fixed - Fixed,Cross Currency,Cash,NA/Swap Fxd Fxd PHP USD,N/A,PHP,,,,USD,,,,Constant,CASH,,,,,,,,,,,,,,,,,,,,,,,
1,Rates,Swap,Cross_Currency_Fixed_Fixed,UPI,QZDDRDBMSVDS,New,,2023-10-17T03:05:20,SRDCCC,Fixed - Fixed,Cross Currency,Cash,NA/Swap Fxd Fxd IDR USD,N/A,IDR,,,,USD,,,,Constant,CASH,,,,,,,,,,,,,,,,,,,,,,,
1,Rates,Swap,Cross_Currency_Fixed_Fixed,UPI,QZSR4MCK7B9J,New,,2023-10-17T03:05:21,SRDCCP,Fixed - Fixed,Cross Currency,Physical,NA/Swap Fxd Fxd RON USD,N/A,RON,,,,USD,,,,Constant,PHYS,,,,,,,,,,,,,,,,,,,,,,,
1,Rates,Swap,Cross_Currency_Fixed_Fixed,UPI,QZXW2F502NX4,New,,2023-10-17T03:05:21,SRDCCC,Fixed - Fixed,Cross Currency,Cash,NA/Swap Fxd Fxd CHF RUB,N/A,CHF,,,,RUB,,,,Constant,CASH,,,,,,,,,,,,,,,,,,,,,,,
1,Rates,Swap,Cross_Currency_Fixed_Fixed,UPI,QZ34NX8JGT8W,New,,2023-10-17T03:05:22,SRDCCP,Fixed - Fixed,Cross Currency,Physical,NA/Swap Fxd Fxd BRL EUR,N/A,BRL,,,,EUR,,,,Constant,PHYS,,,,,,,,,,,,,,,,,,,,,,,
1,Rates,Swap,Cross_Currency_Fixed_Fixed,UPI,QZ59TR4F4N9D,New,,2023-10-17T03:05:23,SRDCCP,Fixed - Fixed,Cross Currency,Physical,NA/Swap Fxd Fxd GBP ZAR,N/A,GBP,,,,ZAR,,,,Constant,PHYS,,,,,,,,,,,,,,,,,,,,,,,
1,Rates,Swap,Cross_Currency_Fixed_Fixed,UPI,QZ1C59B4JDDM,New,,2023-10-17T03:05:24,SRDCCP,Fixed - Fixed,Cross Currency,Physical,NA/Swap Fxd Fxd CLF EUR,N/A,CLF,,,,EUR,,,,Constant,PHYS,,,,,,,,,,,,,,,,,,,,,,,
1,Rates,Swap,Cross_Currency_Fixed_Fixed,UPI,QZXJBMTJFZLB,New,,2023-10-17T03:05:25,SRDCCP,Fixed - Fixed,Cross Currency,Physical,NA/Swap Fxd Fxd HKD JPY,N/A,HKD,,,,JPY,,,,Constant,PHYS,,,,,,,,,,,,,,,,,,,,,,,
1,Rates,Swap,Cross_Currency_Fixed_Fixed,UPI,QZ7MF706QSL0,New,,2023-10-17T03:05:26,SRDCCP,Fixed - Fixed,Cross Currency,Physical,NA/Swap Fxd Fxd AED USD,N/A,AED,,,,USD,,,,Constant,PHYS,,,,,,,,,,,,,,,,,,,,,,,
1,Rates,Swap,Cross_Currency_Fixed_Fixed,UPI,QZTNJLTS5LM0,New,,2023-10-17T03:05:27,SRDCCP,Fixed - Fixed,Cross Currency,Physical,NA/Swap Fxd Fxd AZN USD,N/A,AZN,,,,USD,,,,Constant,PHYS,,,,,,,,,,,,,,,,,,,,,,,
1,Rates,Swap,Cross_Currency_Fixed_Fixed,UPI,QZCNCD207RB4,New,,2023-10-17T03:05:27,SRDCCC,Fixed - Fixed,Cross Currency,Cash,NA/Swap Fxd Fxd PEN USD,N/A,PEN,,,,USD,,,,Constant,CASH,,,,,,,,,,,,,,,,,,,,,,,
1,Rates,Swap,Cross_Currency_Fixed_Fixed,UPI,QZFGLH30CPFR,New,,2023-10-17T03:05:27,SRDCCP,Fixed - Fixed,Cross Currency,Physical,NA/Swap Fxd Fxd GBP KRW,N/A,GBP,,,,KRW,,,,Constant,PHYS,,,,,,,,,,,,,,,,,,,,,,,
1,Rates,Swap,Cross_Currency_Fixed_Fixed,UPI,QZHNTTK7NPXW,New,,2023-10-17T03:05:32,SRDCCP,Fixed - Fixed,Cross Currency,Physical,NA/Swap Fxd Fxd AED SAR,N/A,AED,,,,SAR,,,,Constant,PHYS,,,,,,,,,,,,,,,,,,,,,,,
1,Rates,Swap,Cross_Currency_Fixed_Fixed,UPI,QZNKXW1643ZL,New,,2023-10-17T03:05:33,SRDDCP,Fixed - Fixed,Cross Currency,Physical,NA/Swap Fxd Fxd EUR NOK,N/A,EUR,,,,NOK,,,,Amortizing,PHYS,,,,,,,,,,,,,,,,,,,,,,,
1,Rates,Swap,Cross_Currency_Fixed_Fixed,UPI,QZ4LCP652KKX,New,,2023-10-17T03:05:33,SRDCCP,Fixed - Fixed,Cross Currency,Physical,NA/Swap Fxd Fxd SAR USD,N/A,SAR,,,,USD,,,,Constant,PHYS,,,,,,,,,,,,,,,,,,,,,,,
1,Rates,Swap,Cross_Currency_Fixed_Fixed,UPI,QZ1J76DQTD7G,New,,2023-10-17T03:05:34,SRDYCP,Fixed - Fixed,Cross Currency,Physical,NA/Swap Fxd Fxd EUR NOK,N/A,EUR,,,,NOK,,,,Custom,PHYS,,,,,,,,,,,,,,,,,,,,,,,
1,Rates,Swap,Cross_Currency_Fixed_Fixed,UPI,QZ2TJNGQR3GV,New,,2023-10-17T03:05:39,SRDCCP,Fixed - Fixed,Cross Currency,Physical,NA/Swap Fxd Fxd CAD CHF,N/A,CAD,,,,CHF,,,,Constant,PHYS,,,,,,,,,,,,,,,,,,,,,,,
1,Rates,Swap,Cross_Currency_Fixed_Fixed,UPI,QZH6LRL6NCWH,New,,2023-10-17T03:05:39,SRDCCC,Fixed - Fixed,Cross Currency,Cash,NA/Swap Fxd Fxd USD ZMW,N/A,USD,,,,ZMW,,,,Constant,CASH,,,,,,,,,,,,,,,,,,,,,,,
1,Rates,Swap,Cross_Currency_Fixed_Fixed,UPI,QZBRP4W8QWXL,New,,2023-10-17T03:05:39,SRDCCC,Fixed - Fixed,Cross Currency,Cash,NA/Swap Fxd Fxd NGN USD,N/A,NGN,,,,USD,,,,Constant,CASH,,,,,,,,,,,,,,,,,,,,,,,
1,Rates,Swap,Cross_Currency_Fixed_Fixed,UPI,QZHV4WR7W738,New,,2023-10-17T03:05:40,SRDCCC,Fixed - Fixed,Cross Currency,Cash,NA/Swap Fxd Fxd RON USD,N/A,RON,,,,USD,,,,Constant,CASH,,,,,,,,,,,,,,,,,,,,,,,
1,Rates,Swap,Cross_Currency_Fixed_Fixed,UPI,QZD4ZHBHGBWS,New,,2023-10-17T03:05:45,SRDCCP,Fixed - Fixed,Cross Currency,Physical,NA/Swap Fxd Fxd NOK NZD,N/A,NOK,,,,NZD,,,,Constant,PHYS,,,,,,,,,,,,,,,,,,,,,,,
1,Rates,Swap,Cross_Currency_Fixed_Fixed,UPI,QZJJ2ZBDV4FD,New,,2023-10-17T03:05:47,SRDYCP,Fixed - Fixed,Cross Currency,Physical,NA/Swap Fxd Fxd EUR ILS,N/A,EUR,,,,ILS,,,,Custom,PHYS,,,,,,,,,,,,,,,,,,,,,,,
1,Rates,Swap,Cross_Currency_Fixed_Fixed,UPI,QZTPVF4VWBMJ,New,,2023-10-17T03:05:49,SRDCCP,Fixed - Fixed,Cross Currency,Physical,NA/Swap Fxd Fxd JPY PLN,N/A,JPY,,,,PLN,,,,Constant,PHYS,,,,,,,,,,,,,,,,,,,,,,,
1,Rates,Swap,Cross_Currency_Fixed_Fixed,UPI,QZTRWMQ1F9FF,New,,2023-10-17T03:05:53,SRDCCP,Fixed - Fixed,Cross Currency,Physical,NA/Swap Fxd Fxd AUD PLN,N/A,AUD,,,,PLN,,,,Constant,PHYS,,,,,,,,,,,,,,,,,,,,,,,
1,Rates,Swap,Cross_Currency_Fixed_Fixed,UPI,QZ8QQ8BZW9LD,New,,2023-10-17T03:05:53,SRDDCC,Fixed - Fixed,Cross Currency,Cash,NA/Swap Fxd Fxd EUR PHP,N/A,EUR,,,,PHP,,,,Amortizing,CASH,,,,,,,,,,,,,,,,,,,,,,,
1,Rates,Swap,Cross_Currency_Fixed_Fixed,UPI,QZWKB26134T9,New,,2023-10-17T03:05:58,SRDCCP,Fixed - Fixed,Cross Currency,Physical,NA/Swap Fxd Fxd COU USD,N/A,COU,,,,USD,,,,Constant,PHYS,,,,,,,,,,,,,,,,,,,,,,,
1,Rates,Swap,Cross_Currency_Fixed_Fixed,UPI,QZ4L6PWN7NHR,New,,2023-10-17T03:06:00,SRDCCP,Fixed - Fixed,Cross Currency,Physical,NA/Swap Fxd Fxd CHF RUB,N/A,CHF,,,,RUB,,,,Constant,PHYS,,,,,,,,,,,,,,,,,,,,,,,
1,Rates,Swap,Cross_Currency_Fixed_Fixed,UPI,QZG2L3JD0LHQ,New,,2023-10-17T03:06:00,SRDDCP,Fixed - Fixed,Cross Currency,Physical,NA/Swap Fxd Fxd CHF RUB,N/A,CHF,,,,RUB,,,,Amortizing,PHYS,,,,,,,,,,,,,,,,,,,,,,,
1,Rates,Swap,Cross_Currency_Fixed_Fixed,UPI,QZPFX85ZD252,New,,2023-10-17T03:06:00,SRDYCP,Fixed - Fixed,Cross Currency,Physical,NA/Swap Fxd Fxd CHF RUB,N/A,CHF,,,,RUB,,,,Custom,PHYS,,,,,,,,,,,,,,,,,,,,,,,
1,Rates,Swap,Cross_Currency_Fixed_Fixed,UPI,QZPL16HMW7DN,New,,2023-10-17T03:06:00,SRDCCP,Fixed - Fixed,Cross Currency,Physical,NA/Swap Fxd Fxd BGN EUR,N/A,BGN,,,,EUR,,,,Constant,PHYS,,,,,,,,,,,,,,,,,,,,,,,
1,Rates,Swap,Cross_Currency_Fixed_Fixed,UPI,QZKGB93K5FTZ,New,,2023-10-17T03:06:02,SRDCCC,Fixed - Fixed,Cross Currency,Cash,NA/Swap Fxd Fxd SAR USD,N/A,SAR,,,,USD,,,,Constant,CASH,,,,,,,,,,,,,,,,,,,,,,,
1,Rates,Swap,Cross_Currency_Fixed_Fixed,UPI,QZ60V7DFP7R3,New,,2023-10-17T03:06:04,SRDDCC,Fixed - Fixed,Cross Currency,Cash,NA/Swap Fxd Fxd GBP JPY,N/A,GBP,,,,JPY,,,,Amortizing,CASH,,,,,,,,,,,,,,,,,,,,,,,
1,Rates,Swap,Cross_Currency_Fixed_Fixed,UPI,QZ548B603RBB,New,,2023-10-17T03:06:11,SRDCCC,Fixed - Fixed,Cross Currency,Cash,NA/Swap Fxd Fxd JPY NZD,N/A,JPY,,,,NZD,,,,Constant,CASH,,,,,,,,,,,,,,,,,,,,,,,
1,Rates,Swap,Cross_Currency_Fixed_Fixed,UPI,QZVD17FW63BF,New,,2023-10-17T03:06:13,SRDCCC,Fixed - Fixed,Cross Currency,Cash,NA/Swap Fxd Fxd HKD JPY,N/A,HKD,,,,JPY,,,,Constant,CASH,,,,,,,,,,,,,,,,,,,,,,,
1,Rates,Swap,Cross_Currency_Fixed_Fixed,UPI,QZ79PGHGZKKL,New,,2023-10-17T03:06:16,SRDDCC,Fixed - Fixed,Cross Currency,Cash,NA/Swap Fxd Fxd EUR JPY,N/A,EUR,,,,JPY,,,,Amortizing,CASH,,,,,,,,,,,,,,,,,,,,,,,
1,Rates,Swap,Cross_Currency_Fixed_Fixed,UPI,QZD77T250X32,New,,2023-10-17T03:06:21,SRDCCC,Fixed - Fixed,Cross Currency,Cash,NA/Swap Fxd Fxd DKK JPY,N/A,DKK,,,,JPY,,,,Constant,CASH,,,,,,,,,,,,,,,,,,,,,,,
1,Rates,Swap,Cross_Currency_Fixed_Fixed,UPI,QZ0W3PGD7330,New,,2023-10-17T03:06:27,SRDDCC,Fixed - Fixed,Cross Currency,Cash,NA/Swap Fxd Fxd USD ZAR,N/A,USD,,,,ZAR,,,,Amortizing,CASH,,,,,,,,,,,,,,,,,,,,,,,
1,Rates,Swap,Cross_Currency_Fixed_Fixed,UPI,QZLJP433GJ99,New,,2023-10-17T03:06:28,SRDDCP,Fixed - Fixed,Cross Currency,Physical,NA/Swap Fxd Fxd EUR MAD,N/A,EUR,,,,MAD,,,,Amortizing,PHYS,,,,,,,,,,,,,,,,,,,,,,,
1,Rates,Swap,Cross_Currency_Fixed_Fixed,UPI,QZ0P394QGL8J,New,,2023-10-17T03:06:28,SRDCCP,Fixed - Fixed,Cross Currency,Physical,NA/Swap Fxd Fxd EUR MAD,N/A,EUR,,,,MAD,,,,Constant,PHYS,,,,,,,,,,,,,,,,,,,,,,,
1,Rates,Swap,Cross_Currency_Fixed_Fixed,UPI,QZC1SHH5XFNB,New,,2023-10-17T03:06:29,SRDICP,Fixed - Fixed,Cross Currency,Physical,NA/Swap Fxd Fxd EUR ILS,N/A,EUR,,,,ILS,,,,Accreting,PHYS,,,,,,,,,,,,,,,,,,,,,,,
1,Rates,Swap,Cross_Currency_Fixed_Fixed,UPI,QZX3MTQVX8ZN,New,,2023-10-17T03:06:33,SRDCCC,Fixed - Fixed,Cross Currency,Cash,NA/Swap Fxd Fxd GBP NOK,N/A,GBP,,,,NOK,,,,Constant,CASH,,,,,,,,,,,,,,,,,,,,,,,
1,Rates,Swap,Cross_Currency_Fixed_Fixed,UPI,QZHQ5199Z4XN,New,,2023-10-17T03:06:35,SRDYCP,Fixed - Fixed,Cross Currency,Physical,NA/Swap Fxd Fxd EUR JPY,N/A,EUR,,,,JPY,,,,Custom,PHYS,,,,,,,,,,,,,,,,,,,,,,,
1,Rates,Swap,Cross_Currency_Fixed_Fixed,UPI,QZZD91L327BF,New,,2023-10-17T03:06:38,SRDDCC,Fixed - Fixed,Cross Currency,Cash,NA/Swap Fxd Fxd EUR MAD,N/A,EUR,,,,MAD,,,,Amortizing,CASH,,,,,,,,,,,,,,,,,,,,,,,
1,Rates,Swap,Cross_Currency_Fixed_Fixed,UPI,QZ4SH29SFWWS,New,,2023-10-17T03:06:38,SRDCCC,Fixed - Fixed,Cross Currency,Cash,NA/Swap Fxd Fxd EUR HUF,N/A,EUR,,,,HUF,,,,Constant,CASH,,,,,,,,,,,,,,,,,,,,,,,
1,Rates,Swap,Cross_Currency_Fixed_Fixed,UPI,QZPG3F49MQXH,New,,2023-10-17T03:06:38,SRDCCC,Fixed - Fixed,Cross Currency,Cash,NA/Swap Fxd Fxd EUR MAD,N/A,EUR,,,,MAD,,,,Constant,CASH,,,,,,,,,,,,,,,,,,,,,,,
1,Rates,Swap,Cross_Currency_Fixed_Fixed,UPI,QZX9ZGWD8FPQ,New,,2023-10-17T03:06:39,SRDCCC,Fixed - Fixed,Cross Currency,Cash,NA/Swap Fxd Fxd SGD USD,N/A,SGD,,,,USD,,,,Constant,CASH,,,,,,,,,,,,,,,,,,,,,,,
1,Rates,Swap,Cross_Currency_Fixed_Fixed,UPI,QZVMP35RN7MV,New,,2023-10-17T03:06:39,SRDDCC,Fixed - Fixed,Cross Currency,Cash,NA/Swap Fxd Fxd EUR HUF,N/A,EUR,,,,HUF,,,,Amortizing,CASH,,,,,,,,,,,,,,,,,,,,,,,
1,Rates,Swap,Cross_Currency_Fixed_Fixed,UPI,QZFPPQ3M2LZN,New,,2023-10-17T03:06:40,SRDCCP,Fixed - Fixed,Cross Currency,Physical,NA/Swap Fxd Fxd GBP SEK,N/A,GBP,,,,SEK,,,,Constant,PHYS,,,,,,,,,,,,,,,,,,,,,,,
1,Rates,Swap,Cross_Currency_Fixed_Fixed,UPI,QZFTLCBP9JGC,New,,2023-10-17T03:06:40,SRDCCP,Fixed - Fixed,Cross Currency,Physical,NA/Swap Fxd Fxd INR JPY,N/A,INR,,,,JPY,,,,Constant,PHYS,,,,,,,,,,,,,,,,,,,,,,,
1,Rates,Swap,Cross_Currency_Fixed_Fixed,UPI,QZJQ2LTZPJL2,New,,2023-10-17T03:06:40,SRDCCC,Fixed - Fixed,Cross Currency,Cash,NA/Swap Fxd Fxd INR JPY,N/A,INR,,,,JPY,,,,Constant,CASH,,,,,,,,,,,,,,,,,,,,,,,
1,Rates,Swap,Cross_Currency_Fixed_Fixed,UPI,QZG8NT31B6BH,New,,2023-10-17T03:06:40,SRDCCP,Fixed - Fixed,Cross Currency,Physical,NA/Swap Fxd Fxd IDR USD,N/A,IDR,,,,USD,,,,Constant,PHYS,,,,,,,,,,,,,,,,,,,,,,,
1,Rates,Swap,Cross_Currency_Fixed_Fixed,UPI,QZ0TXQ8H6B78,New,,2023-10-17T03:06:40,SRDDCP,Fixed - Fixed,Cross Currency,Physical,NA/Swap Fxd Fxd NOK SEK,N/A,NOK,,,,SEK,,,,Amortizing,PHYS,,,,,,,,,,,,,,,,,,,,,,,
1,Rates,Swap,Cross_Currency_Fixed_Fixed,UPI,QZL2F0L6VN20,New,,2023-10-17T03:06:43,SRDICC,Fixed - Fixed,Cross Currency,Cash,NA/Swap Fxd Fxd CAD JPY,N/A,CAD,,,,JPY,,,,Accreting,CASH,,,,,,,,,,,,,,,,,,,,,,,
1,Rates,Swap,Cross_Currency_Fixed_Fixed,UPI,QZH3Q5QM3MNL,New,,2023-10-17T03:06:44,SRDCCP,Fixed - Fixed,Cross Currency,Physical,NA/Swap Fxd Fxd CAD NOK,N/A,CAD,,,,NOK,,,,Constant,PHYS,,,,,,,,,,,,,,,,,,,,,,,
1,Rates,Swap,Cross_Currency_Fixed_Fixed,UPI,QZZ4GWKM26RB,New,,2023-10-17T03:06:44,SRDCCC,Fixed - Fixed,Cross Currency,Cash,NA/Swap Fxd Fxd CAD NOK,N/A,CAD,,,,NOK,,,,Constant,CASH,,,,,,,,,,,,,,,,,,,,,,,
1,Rates,Swap,Cross_Currency_Fixed_Fixed,UPI,QZFLSW38KQ5F,New,,2023-10-17T03:06:45,SRDCCP,Fixed - Fixed,Cross Currency,Physical,NA/Swap Fxd Fxd EUR IDR,N/A,EUR,,,,IDR,,,,Constant,PHYS,,,,,,,,,,,,,,,,,,,,,,,
1,Rates,Swap,Cross_Currency_Fixed_Fixed,UPI,QZSGVD8FCB6Q,New,,2023-10-17T03:06:45,SRDCCC,Fixed - Fixed,Cross Currency,Cash,NA/Swap Fxd Fxd EUR HKD,N/A,EUR,,,,HKD,,,,Constant,CASH,,,,,,,,,,,,,,,,,,,,,,,
1,Rates,Swap,Cross_Currency_Fixed_Fixed,UPI,QZDFVVQFQMR9,New,,2023-10-17T03:06:45,SRDDCC,Fixed - Fixed,Cross Currency,Cash,NA/Swap Fxd Fxd EUR NZD,N/A,EUR,,,,NZD,,,,Amortizing,CASH,,,,,,,,,,,,,,,,,,,,,,,
1,Rates,Swap,Cross_Currency_Fixed_Fixed,UPI,QZ4RNR7TNRHL,New,,2023-10-17T03:06:46,SRDYCP,Fixed - Fixed,Cross Currency,Physical,NA/Swap Fxd Fxd ILS PLN,N/A,ILS,,,,PLN,,,,Custom,PHYS,,,,,,,,,,,,,,,,,,,,,,,
1,Rates,Swap,Cross_Currency_Fixed_Fixed,UPI,QZ0HCBHJKNMZ,New,,2023-10-17T03:06:47,SRDCCC,Fixed - Fixed,Cross Currency,Cash,NA/Swap Fxd Fxd GBP HKD,N/A,GBP,,,,HKD,,,,Constant,CASH,,,,,,,,,,,,,,,,,,,,,,,
1,Rates,Swap,Cross_Currency_Fixed_Fixed,UPI,QZBCCPR645QS,New,,2023-10-17T03:06:48,SRDDCC,Fixed - Fixed,Cross Currency,Cash,NA/Swap Fxd Fxd COP USD,N/A,COP,,,,USD,,,,Amortizing,CASH,,,,,,,,,,,,,,,,,,,,,,,
1,Rates,Swap,Cross_Currency_Fixed_Fixed,UPI,QZJNHNDDRVL5,New,,2023-10-17T03:06:49,SRDYCP,Fixed - Fixed,Cross Currency,Physical,NA/Swap Fxd Fxd MXV USD,N/A,MXV,,,,USD,,,,Custom,PHYS,,,,,,,,,,,,,,,,,,,,,,,
1,Rates,Swap,Cross_Currency_Fixed_Fixed,UPI,QZ04VQK20W37,New,,2023-10-17T03:06:53,SRDDCP,Fixed - Fixed,Cross Currency,Physical,NA/Swap Fxd Fxd EUR SGD,N/A,EUR,,,,SGD,,,,Amortizing,PHYS,,,,,,,,,,,,,,,,,,,,,,,
1,Rates,Swap,Cross_Currency_Fixed_Fixed,UPI,QZ5DCQXBHGLQ,New,,2023-10-17T03:06:55,SRDDCP,Fixed - Fixed,Cross Currency,Physical,NA/Swap Fxd Fxd SGD USD,N/A,SGD,,,,USD,,,,Amortizing,PHYS,,,,,,,,,,,,,,,,,,,,,,,
1,Rates,Swap,Cross_Currency_Fixed_Fixed,UPI,QZLRPBDZQ4QF,New,,2023-10-17T03:06:55,SRDYCC,Fixed - Fixed,Cross Currency,Cash,NA/Swap Fxd Fxd CHF USD,N/A,CHF,,,,USD,,,,Custom,CASH,,,,,,,,,,,,,,,,,,,,,,,
1,Rates,Swap,Cross_Currency_Fixed_Fixed,UPI,QZ8580SGRJMZ,New,,2023-10-17T03:06:55,SRDYCC,Fixed - Fixed,Cross Currency,Cash,NA/Swap Fxd Fxd DKK USD,N/A,DKK,,,,USD,,,,Custom,CASH,,,,,,,,,,,,,,,,,,,,,,,
1,Rates,Swap,Cross_Currency_Fixed_Fixed,UPI,QZC2GJVWRH34,New,,2023-10-17T03:06:55,SRDCCC,Fixed - Fixed,Cross Currency,Cash,NA/Swap Fxd Fxd ILS USD,N/A,ILS,,,,USD,,,,Constant,CASH,,,,,,,,,,,,,,,,,,,,,,,
1,Rates,Swap,Cross_Currency_Fixed_Fixed,UPI,QZB7QNT1RH2B,New,,2023-10-17T03:06:56,SRDDCC,Fixed - Fixed,Cross Currency,Cash,NA/Swap Fxd Fxd CHF NZD,N/A,CHF,,,,NZD,,,,Amortizing,CASH,,,,,,,,,,,,,,,,,,,,,,,
1,Rates,Swap,Cross_Currency_Fixed_Fixed,UPI,QZB0SQ09KVDM,New,,2023-10-17T03:06:59,SRDCCC,Fixed - Fixed,Cross Currency,Cash,NA/Swap Fxd Fxd CHF NZD,N/A,CHF,,,,NZD,,,,Constant,CASH,,,,,,,,,,,,,,,,,,,,,,,
1,Rates,Swap,Cross_Currency_Fixed_Fixed,UPI,QZQ3PWHP3WFT,New,,2023-10-17T03:06:59,SRDDCP,Fixed - Fixed,Cross Currency,Physical,NA/Swap Fxd Fxd CHF NZD,N/A,CHF,,,,NZD,,,,Amortizing,PHYS,,,,,,,,,,,,,,,,,,,,,,,
1,Rates,Swap,Cross_Currency_Fixed_Fixed,UPI,QZM57BMPWVJG,New,,2023-10-17T03:07:00,SRDYCP,Fixed - Fixed,Cross Currency,Physical,NA/Swap Fxd Fxd CLF MXV,N/A,CLF,,,,MXV,,,,Custom,PHYS,,,,,,,,,,,,,,,,,,,,,,,
1,Rates,Swap,Cross_Currency_Fixed_Fixed,UPI,QZK9F36DHB59,New,,2023-10-17T03:07:00,SRDYCC,Fixed - Fixed,Cross Currency,Cash,NA/Swap Fxd Fxd BRL USD,N/A,BRL,,,,USD,,,,Custom,CASH,,,,,,,,,,,,,,,,,,,,,,,
1,Rates,Swap,Cross_Currency_Fixed_Fixed,UPI,QZC6NZH9XL7W,New,,2023-10-17T03:07:00,SRDCCP,Fixed - Fixed,Cross Currency,Physical,NA/Swap Fxd Fxd QAR USD,N/A,QAR,,,,USD,,,,Constant,PHYS,,,,,,,,,,,,,,,,,,,,,,,
1,Rates,Swap,Cross_Currency_Fixed_Fixed,UPI,QZVL6JM35RTD,New,,2023-10-17T03:07:01,SRDYCC,Fixed - Fixed,Cross Currency,Cash,NA/Swap Fxd Fxd EUR MXN,N/A,EUR,,,,MXN,,,,Custom,CASH,,,,,,,,,,,,,,,,,,,,,,,
1,Rates,Swap,Cross_Currency_Fixed_Fixed,UPI,QZW5LVKDTP92,New,,2023-10-17T03:07:01,SRDYCC,Fixed - Fixed,Cross Currency,Cash,NA/Swap Fxd Fxd EUR RUB,N/A,EUR,,,,RUB,,,,Custom,CASH,,,,,,,,,,,,,,,,,,,,,,,
1,Rates,Swap,Cross_Currency_Fixed_Fixed,UPI,QZVB8W3HXD79,New,,2023-10-17T03:07:02,SRDDCP,Fixed - Fixed,Cross Currency,Physical,NA/Swap Fxd Fxd MXN USD,N/A,MXN,,,,USD,,,,Amortizing,PHYS,,,,,,,,,,,,,,,,,,,,,,,
1,Rates,Swap,Cross_Currency_Fixed_Fixed,UPI,QZCQPFRFJ9JG,New,,2023-10-17T03:07:02,SRDDCC,Fixed - Fixed,Cross Currency,Cash,NA/Swap Fxd Fxd IDR USD,N/A,IDR,,,,USD,,,,Amortizing,CASH,,,,,,,,,,,,,,,,,,,,,,,
1,Rates,Swap,Cross_Currency_Fixed_Fixed,UPI,QZN3QQ36P5BJ,New,,2023-10-17T03:07:02,SRDYCC,Fixed - Fixed,Cross Currency,Cash,NA/Swap Fxd Fxd IDR USD,N/A,IDR,,,,USD,,,,Custom,CASH,,,,,,,,,,,,,,,,,,,,,,,
1,Rates,Swap,Cross_Currency_Fixed_Fixed,UPI,QZLXRP8M4PSR,New,,2023-10-17T03:07:03,SRDYCP,Fixed - Fixed,Cross Currency,Physical,NA/Swap Fxd Fxd IDR USD,N/A,IDR,,,,USD,,,,Custom,PHYS,,,,,,,,,,,,,,,,,,,,,,,
1,Rates,Swap,Cross_Currency_Fixed_Fixed,UPI,QZDHJL2QQDNV,New,,2023-10-17T03:07:03,SRDDCP,Fixed - Fixed,Cross Currency,Physical,NA/Swap Fxd Fxd EUR JPY,N/A,EUR,,,,JPY,,,,Amortizing,PHYS,,,,,,,,,,,,,,,,,,,,,,,
1,Rates,Swap,Cross_Currency_Fixed_Fixed,UPI,QZPL2RNWXC2D,New,,2023-10-17T03:07:07,SRDCCP,Fixed - Fixed,Cross Currency,Physical,NA/Swap Fxd Fxd CHF CLP,N/A,CHF,,,,CLP,,,,Constant,PHYS,,,,,,,,,,,,,,,,,,,,,,,
1,Rates,Swap,Cross_Currency_Fixed_Fixed,UPI,QZ4DGR9F2FBF,New,,2023-10-17T03:07:07,SRDYCC,Fixed - Fixed,Cross Currency,Cash,NA/Swap Fxd Fxd ILS USD,N/A,ILS,,,,USD,,,,Custom,CASH,,,,,,,,,,,,,,,,,,,,,,,
1,Rates,Swap,Cross_Currency_Fixed_Fixed,UPI,QZ9WW4WK4Q2K,New,,2023-10-17T03:07:07,SRDCCC,Fixed - Fixed,Cross Currency,Cash,NA/Swap Fxd Fxd GBP ZAR,N/A,GBP,,,,ZAR,,,,Constant,CASH,,,,,,,,,,,,,,,,,,,,,,,
1,Rates,Swap,Cross_Currency_Fixed_Fixed,UPI,QZZNW5GH36QK,New,,2023-10-17T03:07:09,SRDCCC,Fixed - Fixed,Cross Currency,Cash,NA/Swap Fxd Fxd EUR THB,N/A,EUR,,,,THB,,,,Constant,CASH,,,,,,,,,,,,,,,,,,,,,,,
1,Rates,Swap,Cross_Currency_Fixed_Fixed,UPI,QZVQKFHQHNN9,New,,2023-10-17T03:07:09,SRDDCP,Fixed - Fixed,Cross Currency,Physical,NA/Swap Fxd Fxd GBP INR,N/A,GBP,,,,INR,,,,Amortizing,PHYS,,,,,,,,,,,,,,,,,,,,,,,
1,Rates,Swap,Cross_Currency_Fixed_Fixed,UPI,QZB0CQBZLRDM,New,,2023-10-17T03:07:09,SRDYCP,Fixed - Fixed,Cross Currency,Physical,NA/Swap Fxd Fxd CAD ILS,N/A,CAD,,,,ILS,,,,Custom,PHYS,,,,,,,,,,,,,,,,,,,,,,,
1,Rates,Swap,Cross_Currency_Fixed_Fixed,UPI,QZXHJBVP69QC,New,,2023-10-17T03:07:12,SRDYCP,Fixed - Fixed,Cross Currency,Physical,NA/Swap Fxd Fxd TWD USD,N/A,TWD,,,,USD,,,,Custom,PHYS,,,,,,,,,,,,,,,,,,,,,,,
1,Rates,Swap,Cross_Currency_Fixed_Fixed,UPI,QZ6XH537QQ5B,New,,2023-10-17T03:07:12,SRDYCP,Fixed - Fixed,Cross Currency,Physical,NA/Swap Fxd Fxd EUR TWD,N/A,EUR,,,,TWD,,,,Custom,PHYS,,,,,,,,,,,,,,,,,,,,,,,
1,Rates,Swap,Cross_Currency_Fixed_Fixed,UPI,QZ9T3X84G6Q9,New,,2023-10-17T03:07:16,SRDCCP,Fixed - Fixed,Cross Currency,Physical,NA/Swap Fxd Fxd GBP HKD,N/A,GBP,,,,HKD,,,,Constant,PHYS,,,,,,,,,,,,,,,,,,,,,,,
1,Rates,Swap,Cross_Currency_Fixed_Fixed,UPI,QZ1X7WGK56JG,New,,2023-10-17T03:07:18,SRDICP,Fixed - Fixed,Cross Currency,Physical,NA/Swap Fxd Fxd MXN USD,N/A,MXN,,,,USD,,,,Accreting,PHYS,,,,,,,,,,,,,,,,,,,,,,,
1,Rates,Swap,Cross_Currency_Fixed_Fixed,UPI,QZ1MR6C4TBBD,New,,2023-10-17T03:07:18,SRDCCC,Fixed - Fixed,Cross Currency,Cash,NA/Swap Fxd Fxd TRY USD,N/A,TRY,,,,USD,,,,Constant,CASH,,,,,,,,,,,,,,,,,,,,,,,
1,Rates,Swap,Cross_Currency_Fixed_Fixed,UPI,QZSVWLRBGNCW,New,,2023-10-17T03:07:19,SRDYCC,Fixed - Fixed,Cross Currency,Cash,NA/Swap Fxd Fxd CLP USD,N/A,CLP,,,,USD,,,,Custom,CASH,,,,,,,,,,,,,,,,,,,,,,,
1,Rates,Swap,Cross_Currency_Fixed_Fixed,UPI,QZ7B51QD8TR1,New,,2023-10-17T03:07:27,SRDCCP,Fixed - Fixed,Cross Currency,Physical,NA/Swap Fxd Fxd CAD ILS,N/A,CAD,,,,ILS,,,,Constant,PHYS,,,,,,,,,,,,,,,,,,,,,,,
1,Rates,Swap,Cross_Currency_Fixed_Fixed,UPI,QZSDQZ02W80K,New,,2023-10-17T03:07:30,SRDYCP,Fixed - Fixed,Cross Currency,Physical,NA/Swap Fxd Fxd EUR HKD,N/A,EUR,,,,HKD,,,,Custom,PHYS,,,,,,,,,,,,,,,,,,,,,,,
1,Rates,Swap,Cross_Currency_Fixed_Fixed,UPI,QZ22SPK4Z2DZ,New,,2023-10-17T03:07:30,SRDDCP,Fixed - Fixed,Cross Currency,Physical,NA/Swap Fxd Fxd EUR HKD,N/A,EUR,,,,HKD,,,,Amortizing,PHYS,,,,,,,,,,,,,,,,,,,,,,,
1,Rates,Swap,Cross_Currency_Fixed_Fixed,UPI,QZC4B079TW2N,New,,2023-10-17T03:07:30,SRDYCP,Fixed - Fixed,Cross Currency,Physical,NA/Swap Fxd Fxd COP USD,N/A,COP,,,,USD,,,,Custom,PHYS,,,,,,,,,,,,,,,,,,,,,,,
1,Rates,Swap,Cross_Currency_Fixed_Fixed,UPI,QZ89FGCXX8V9,New,,2023-10-17T03:07:30,SRDYCP,Fixed - Fixed,Cross Currency,Physical,NA/Swap Fxd Fxd COU USD,N/A,COU,,,,USD,,,,Custom,PHYS,,,,,,,,,,,,,,,,,,,,,,,
1,Rates,Swap,Cross_Currency_Fixed_Fixed,UPI,QZF108PCZMW1,New,,2023-10-17T03:07:31,SRDCCC,Fixed - Fixed,Cross Currency,Cash,NA/Swap Fxd Fxd ILS PLN,N/A,ILS,,,,PLN,,,,Constant,CASH,,,,,,,,,,,,,,,,,,,,,,,
1,Rates,Swap,Cross_Currency_Fixed_Fixed,UPI,QZH9PMZQKRKP,New,,2023-10-17T03:07:37,SRDCCC,Fixed - Fixed,Cross Currency,Cash,NA/Swap Fxd Fxd EUR ILS,N/A,EUR,,,,ILS,,,,Constant,CASH,,,,,,,,,,,,,,,,,,,,,,,
1,Rates,Swap,Cross_Currency_Fixed_Fixed,UPI,QZF88BDDHL55,New,,2023-10-17T03:07:38,SRDCCC,Fixed - Fixed,Cross Currency,Cash,NA/Swap Fxd Fxd EUR SGD,N/A,EUR,,,,SGD,,,,Constant,CASH,,,,,,,,,,,,,,,,,,,,,,,
1,Rates,Swap,Cross_Currency_Fixed_Fixed,UPI,QZF698MDMWX5,New,,2023-10-17T03:07:42,SRDCCC,Fixed - Fixed,Cross Currency,Cash,NA/Swap Fxd Fxd EUR TRY,N/A,EUR,,,,TRY,,,,Constant,CASH,,,,,,,,,,,,,,,,,,,,,,,
1,Rates,Swap,Cross_Currency_Fixed_Fixed,UPI,QZN8CST83LHP,New,,2023-10-17T03:07:45,SRDCCP,Fixed - Fixed,Cross Currency,Physical,NA/Swap Fxd Fxd JPY NZD,N/A,JPY,,,,NZD,,,,Constant,PHYS,,,,,,,,,,,,,,,,,,,,,,,
1,Rates,Swap,Cross_Currency_Fixed_Fixed,UPI,QZG35LWZS5JL,New,,2023-10-17T03:07:48,SRDDCP,Fixed - Fixed,Cross Currency,Physical,NA/Swap Fxd Fxd EUR RON,N/A,EUR,,,,RON,,,,Amortizing,PHYS,,,,,,,,,,,,,,,,,,,,,,,
1,Rates,Swap,Cross_Currency_Fixed_Fixed,UPI,QZW4L9GN9NGL,New,,2023-10-17T03:07:57,SRDCCC,Fixed - Fixed,Cross Currency,Cash,NA/Swap Fxd Fxd RUB USD,N/A,RUB,,,,USD,,,,Constant,CASH,,,,,,,,,,,,,,,,,,,,,,,
1,Rates,Swap,Cross_Currency_Fixed_Fixed,UPI,QZC0L56WXX50,New,,2023-10-17T03:07:58,SRDCCP,Fixed - Fixed,Cross Currency,Physical,NA/Swap Fxd Fxd CNY JPY,N/A,CNY,,,,JPY,,,,Constant,PHYS,,,,,,,,,,,,,,,,,,,,,,,
1,Rates,Swap,Cross_Currency_Fixed_Fixed,UPI,QZ53M9ZK618N,New,,2023-10-17T03:07:59,SRDICP,Fixed - Fixed,Cross Currency,Physical,NA/Swap Fxd Fxd EUR ZAR,N/A,EUR,,,,ZAR,,,,Accreting,PHYS,,,,,,,,,,,,,,,,,,,,,,,
1,Rates,Swap,Cross_Currency_Fixed_Fixed,UPI,QZPZT1QCV9CV,New,,2023-10-17T03:08:01,SRDCCP,Fixed - Fixed,Cross Currency,Physical,NA/Swap Fxd Fxd CLF HKD,N/A,CLF,,,,HKD,,,,Constant,PHYS,,,,,,,,,,,,,,,,,,,,,,,
1,Rates,Swap,Cross_Currency_Fixed_Fixed,UPI,QZ6PSFF7LG9Q,New,,2023-10-17T03:08:05,SRDDCC,Fixed - Fixed,Cross Currency,Cash,NA/Swap Fxd Fxd EUR MYR,N/A,EUR,,,,MYR,,,,Amortizing,CASH,,,,,,,,,,,,,,,,,,,,,,,
1,Rates,Swap,Cross_Currency_Fixed_Fixed,UPI,QZ6CR3RQXFTS,New,,2023-10-17T03:08:06,SRDDCP,Fixed - Fixed,Cross Currency,Physical,NA/Swap Fxd Fxd EUR ZAR,N/A,EUR,,,,ZAR,,,,Amortizing,PHYS,,,,,,,,,,,,,,,,,,,,,,,
1,Rates,Swap,Cross_Currency_Fixed_Fixed,UPI,QZGNMFB82X8S,New,,2023-10-17T03:08:08,SRDCCC,Fixed - Fixed,Cross Currency,Cash,NA/Swap Fxd Fxd GBP INR,N/A,GBP,,,,INR,,,,Constant,CASH,,,,,,,,,,,,,,,,,,,,,,,
1,Rates,Swap,Cross_Currency_Fixed_Fixed,UPI,QZJJSWVS843T,New,,2023-10-17T03:08:10,SRDYCP,Fixed - Fixed,Cross Currency,Physical,NA/Swap Fxd Fxd AUD GBP,N/A,AUD,,,,GBP,,,,Custom,PHYS,,,,,,,,,,,,,,,,,,,,,,,
1,Rates,Swap,Cross_Currency_Fixed_Fixed,UPI,QZ25NBQQJ3XN,New,,2023-10-17T03:08:11,SRDYCP,Fixed - Fixed,Cross Currency,Physical,NA/Swap Fxd Fxd CZK EUR,N/A,CZK,,,,EUR,,,,Custom,PHYS,,,,,,,,,,,,,,,,,,,,,,,
1,Rates,Swap,Cross_Currency_Fixed_Fixed,UPI,QZ5843RR3MK9,New,,2023-10-17T03:08:13,SRDDCP,Fixed - Fixed,Cross Currency,Physical,NA/Swap Fxd Fxd GBP NOK,N/A,GBP,,,,NOK,,,,Amortizing,PHYS,,,,,,,,,,,,,,,,,,,,,,,
1,Rates,Swap,Cross_Currency_Fixed_Fixed,UPI,QZF64477KD7R,New,,2023-10-17T03:08:13,SRDDCC,Fixed - Fixed,Cross Currency,Cash,NA/Swap Fxd Fxd GBP NOK,N/A,GBP,,,,NOK,,,,Amortizing,CASH,,,,,,,,,,,,,,,,,,,,,,,
1,Rates,Swap,Cross_Currency_Fixed_Fixed,UPI,QZX5N9JWBQPC,New,,2023-10-17T03:08:15,SRDYCC,Fixed - Fixed,Cross Currency,Cash,NA/Swap Fxd Fxd EUR JPY,N/A,EUR,,,,JPY,,,,Custom,CASH,,,,,,,,,,,,,,,,,,,,,,,
1,Rates,Swap,Cross_Currency_Fixed_Fixed,UPI,QZ2ZZ75S9391,New,,2023-10-17T03:08:17,SRDCCC,Fixed - Fixed,Cross Currency,Cash,NA/Swap Fxd Fxd AUD NOK,N/A,AUD,,,,NOK,,,,Constant,CASH,,,,,,,,,,,,,,,,,,,,,,,
1,Rates,Swap,Cross_Currency_Fixed_Fixed,UPI,QZSCFKHB78PJ,New,,2023-10-17T03:08:21,SRDYCP,Fixed - Fixed,Cross Currency,Physical,NA/Swap Fxd Fxd JPY TWD,N/A,JPY,,,,TWD,,,,Custom,PHYS,,,,,,,,,,,,,,,,,,,,,,,
1,Rates,Swap,Cross_Currency_Fixed_Fixed,UPI,QZFKVMV20SLR,New,,2023-10-17T03:08:22,SRDYCC,Fixed - Fixed,Cross Currency,Cash,NA/Swap Fxd Fxd EUR PLN,N/A,EUR,,,,PLN,,,,Custom,CASH,,,,,,,,,,,,,,,,,,,,,,,
1,Rates,Swap,Cross_Currency_Fixed_Fixed,UPI,QZHRTS6HZ6ZC,New,,2023-10-17T03:08:22,SRDCCC,Fixed - Fixed,Cross Currency,Cash,NA/Swap Fxd Fxd AED USD,N/A,AED,,,,USD,,,,Constant,CASH,,,,,,,,,,,,,,,,,,,,,,,
1,Rates,Swap,Cross_Currency_Fixed_Fixed,UPI,QZ2F7PN9FRLG,New,,2023-10-17T03:08:24,SRDCCC,Fixed - Fixed,Cross Currency,Cash,NA/Swap Fxd Fxd GBP KRW,N/A,GBP,,,,KRW,,,,Constant,CASH,,,,,,,,,,,,,,,,,,,,,,,
1,Rates,Swap,Cross_Currency_Fixed_Fixed,UPI,QZSRM35NTL7G,New,,2023-10-17T03:08:24,SRDYCP,Fixed - Fixed,Cross Currency,Physical,NA/Swap Fxd Fxd JPY THB,N/A,JPY,,,,THB,,,,Custom,PHYS,,,,,,,,,,,,,,,,,,,,,,,
1,Rates,Swap,Cross_Currency_Fixed_Fixed,UPI,QZHD386F1ZDX,New,,2023-10-17T03:08:29,SRDCCC,Fixed - Fixed,Cross Currency,Cash,NA/Swap Fxd Fxd KWD USD,N/A,KWD,,,,USD,,,,Constant,CASH,,,,,,,,,,,,,,,,,,,,,,,
1,Rates,Swap,Cross_Currency_Fixed_Fixed,UPI,QZMLX6XFJDS4,New,,2023-10-17T03:08:29,SRDICC,Fixed - Fixed,Cross Currency,Cash,NA/Swap Fxd Fxd EUR GBP,N/A,EUR,,,,GBP,,,,Accreting,CASH,,,,,,,,,,,,,,,,,,,,,,,
1,Rates,Swap,Cross_Currency_Fixed_Fixed,UPI,QZQ6LSHVV57W,New,,2023-10-17T03:08:35,SRDYCC,Fixed - Fixed,Cross Currency,Cash,NA/Swap Fxd Fxd CHF EUR,N/A,CHF,,,,EUR,,,,Custom,CASH,,,,,,,,,,,,,,,,,,,,,,,
1,Rates,Swap,Cross_Currency_Fixed_Fixed,UPI,QZJ29V9TMHD0,New,,2023-10-17T03:08:37,SRDCCC,Fixed - Fixed,Cross Currency,Cash,NA/Swap Fxd Fxd AUD CHF,N/A,AUD,,,,CHF,,,,Constant,CASH,,,,,,,,,,,,,,,,,,,,,,,
1,Rates,Swap,Cross_Currency_Fixed_Fixed,UPI,QZCZXDCNTQ28,New,,2023-10-17T03:08:38,SRDCCC,Fixed - Fixed,Cross Currency,Cash,NA/Swap Fxd Fxd NZD USD,N/A,NZD,,,,USD,,,,Constant,CASH,,,,,,,,,,,,,,,,,,,,,,,
1,Rates,Swap,Cross_Currency_Fixed_Fixed,UPI,QZ4N6C79QVGB,New,,2023-10-17T03:08:38,SRDICC,Fixed - Fixed,Cross Currency,Cash,NA/Swap Fxd Fxd CAD GBP,N/A,CAD,,,,GBP,,,,Accreting,CASH,,,,,,,,,,,,,,,,,,,,,,,
1,Rates,Swap,Cross_Currency_Fixed_Fixed,UPI,QZRTNXTX3RVX,New,,2023-10-17T03:08:38,SRDICC,Fixed - Fixed,Cross Currency,Cash,NA/Swap Fxd Fxd CAD EUR,N/A,CAD,,,,EUR,,,,Accreting,CASH,,,,,,,,,,,,,,,,,,,,,,,
1,Rates,Swap,Cross_Currency_Fixed_Fixed,UPI,QZRZ05PQ6Z77,New,,2023-10-17T03:08:38,SRDICC,Fixed - Fixed,Cross Currency,Cash,NA/Swap Fxd Fxd NOK USD,N/A,NOK,,,,USD,,,,Accreting,CASH,,,,,,,,,,,,,,,,,,,,,,,
1,Rates,Swap,Cross_Currency_Fixed_Fixed,UPI,QZZF5QP9HXDN,New,,2023-10-17T03:08:39,SRDCCC,Fixed - Fixed,Cross Currency,Cash,NA/Swap Fxd Fxd CNY EUR,N/A,CNY,,,,EUR,,,,Constant,CASH,,,,,,,,,,,,,,,,,,,,,,,
1,Rates,Swap,Cross_Currency_Fixed_Fixed,UPI,QZ2MG6MJ09X5,New,,2023-10-17T03:08:39,SRDCCC,Fixed - Fixed,Cross Currency,Cash,NA/Swap Fxd Fxd CAD SEK,N/A,CAD,,,,SEK,,,,Constant,CASH,,,,,,,,,,,,,,,,,,,,,,,
1,Rates,Swap,Cross_Currency_Fixed_Fixed,UPI,QZZ69S9J8WSG,New,,2023-10-17T03:08:40,SRDYCP,Fixed - Fixed,Cross Currency,Physical,NA/Swap Fxd Fxd CLF COU,N/A,CLF,,,,COU,,,,Custom,PHYS,,,,,,,,,,,,,,,,,,,,,,,
1,Rates,Swap,Cross_Currency_Fixed_Fixed,UPI,QZJ3H1DDRW24,New,,2023-10-17T03:08:45,SRDCCP,Fixed - Fixed,Cross Currency,Physical,NA/Swap Fxd Fxd COU EUR,N/A,COU,,,,EUR,,,,Constant,PHYS,,,,,,,,,,,,,,,,,,,,,,,
1,Rates,Swap,Cross_Currency_Fixed_Fixed,UPI,QZ4G8D2F6KTC,New,,2023-10-17T03:08:53,SRDCCP,Fixed - Fixed,Cross Currency,Physical,NA/Swap Fxd Fxd GBP RON,N/A,GBP,,,,RON,,,,Constant,PHYS,,,,,,,,,,,,,,,,,,,,,,,
1,Rates,Swap,Cross_Currency_Fixed_Fixed,UPI,QZ8T11FC1PG6,New,,2023-10-17T03:08:56,SRDYCP,Fixed - Fixed,Cross Currency,Physical,NA/Swap Fxd Fxd EUR GBP,N/A,EUR,,,,GBP,,,,Custom,PHYS,,,,,,,,,,,,,,,,,,,,,,,
1,Rates,Swap,Cross_Currency_Fixed_Fixed,UPI,QZQX2VNBWSRP,New,,2023-10-17T03:09:02,SRDDCP,Fixed - Fixed,Cross Currency,Physical,NA/Swap Fxd Fxd AUD CAD,N/A,AUD,,,,CAD,,,,Amortizing,PHYS,,,,,,,,,,,,,,,,,,,,,,,
1,Rates,Swap,Cross_Currency_Fixed_Fixed,UPI,QZPBJ17HP7M9,New,,2023-10-17T03:09:03,SRDCCP,Fixed - Fixed,Cross Currency,Physical,NA/Swap Fxd Fxd AUD ZAR,N/A,AUD,,,,ZAR,,,,Constant,PHYS,,,,,,,,,,,,,,,,,,,,,,,
1,Rates,Swap,Cross_Currency_Fixed_Fixed,UPI,QZ9WMGD943SH,New,,2023-10-17T03:09:10,SRDCCC,Fixed - Fixed,Cross Currency,Cash,NA/Swap Fxd Fxd AUD ZAR,N/A,AUD,,,,ZAR,,,,Constant,CASH,,,,,,,,,,,,,,,,,,,,,,,
1,Rates,Swap,Cross_Currency_Fixed_Fixed,UPI,QZKKCSZTX9BV,New,,2023-10-17T03:09:12,SRDDCC,Fixed - Fixed,Cross Currency,Cash,NA/Swap Fxd Fxd CHF EUR,N/A,CHF,,,,EUR,,,,Amortizing,CASH,,,,,,,,,,,,,,,,,,,,,,,
1,Rates,Swap,Cross_Currency_Fixed_Fixed,UPI,QZJ313JXDD40,New,,2023-10-17T03:09:16,SRDYCP,Fixed - Fixed,Cross Currency,Physical,NA/Swap Fxd Fxd PEN USD,N/A,PEN,,,,USD,,,,Custom,PHYS,,,,,,,,,,,,,,,,,,,,,,,
1,Rates,Swap,Cross_Currency_Fixed_Fixed,UPI,QZS3ZLTTF580,New,,2023-10-17T03:09:20,SRDDCC,Fixed - Fixed,Cross Currency,Cash,NA/Swap Fxd Fxd CNY USD,N/A,CNY,,,,USD,,,,Amortizing,CASH,,,,,,,,,,,,,,,,,,,,,,,
1,Rates,Swap,Cross_Currency_Fixed_Fixed,UPI,QZ5X2CNWXLR3,New,,2023-10-17T03:09:22,SRDYCP,Fixed - Fixed,Cross Currency,Physical,NA/Swap Fxd Fxd CAD EUR,N/A,CAD,,,,EUR,,,,Custom,PHYS,,,,,,,,,,,,,,,,,,,,,,,
1,Rates,Swap,Cross_Currency_Fixed_Fixed,UPI,QZXGZQ251FV7,New,,2023-10-17T03:09:28,SRDCCP,Fixed - Fixed,Cross Currency,Physical,NA/Swap Fxd Fxd JMD USD,N/A,JMD,,,,USD,,,,Constant,PHYS,,,,,,,,,,,,,,,,,,,,,,,
1,Rates,Swap,Cross_Currency_Fixed_Fixed,UPI,QZKGF714QLX7,New,,2023-10-17T03:09:28,SRDDCC,Fixed - Fixed,Cross Currency,Cash,NA/Swap Fxd Fxd JPY MXN,N/A,JPY,,,,MXN,,,,Amortizing,CASH,,,,,,,,,,,,,,,,,,,,,,,
1,Rates,Swap,Cross_Currency_Fixed_Fixed,UPI,QZ72R00X1LWD,New,,2023-10-17T03:09:31,SRDDCC,Fixed - Fixed,Cross Currency,Cash,NA/Swap Fxd Fxd EUR ILS,N/A,EUR,,,,ILS,,,,Amortizing,CASH,,,,,,,,,,,,,,,,,,,,,,,
1,Rates,Swap,Cross_Currency_Fixed_Fixed,UPI,QZ59H4TFT6DL,New,,2023-10-17T03:09:31,SRDCCP,Fixed - Fixed,Cross Currency,Physical,NA/Swap Fxd Fxd CHF MXN,N/A,CHF,,,,MXN,,,,Constant,PHYS,,,,,,,,,,,,,,,,,,,,,,,
1,Rates,Swap,Cross_Currency_Fixed_Fixed,UPI,QZHCQB52GTQB,New,,2023-10-17T03:09:34,SRDCCP,Fixed - Fixed,Cross Currency,Physical,NA/Swap Fxd Fxd CHF SGD,N/A,CHF,,,,SGD,,,,Constant,PHYS,,,,,,,,,,,,,,,,,,,,,,,
1,Rates,Swap,Cross_Currency_Fixed_Fixed,UPI,QZ58C9G9DKBH,New,,2023-10-17T03:09:36,SRDICP,Fixed - Fixed,Cross Currency,Physical,NA/Swap Fxd Fxd EUR JPY,N/A,EUR,,,,JPY,,,,Accreting,PHYS,,,,,,,,,,,,,,,,,,,,,,,
1,Rates,Swap,Cross_Currency_Fixed_Fixed,UPI,QZLT4DRSJFVS,New,,2023-10-17T03:09:37,SRDCCP,Fixed - Fixed,Cross Currency,Physical,NA/Swap Fxd Fxd MXV USD,N/A,MXV,,,,USD,,,,Constant,PHYS,,,,,,,,,,,,,,,,,,,,,,,
1,Rates,Swap,Cross_Currency_Fixed_Fixed,UPI,QZMG0CK4NC16,New,,2023-10-17T03:09:39,SRDYCP,Fixed - Fixed,Cross Currency,Physical,NA/Swap Fxd Fxd INR JPY,N/A,INR,,,,JPY,,,,Custom,PHYS,,,,,,,,,,,,,,,,,,,,,,,
1,Rates,Swap,Cross_Currency_Fixed_Fixed,UPI,QZ9MJTWNL7L5,New,,2023-10-17T03:09:43,SRDCCP,Fixed - Fixed,Cross Currency,Physical,NA/Swap Fxd Fxd HKD SGD,N/A,HKD,,,,SGD,,,,Constant,PHYS,,,,,,,,,,,,,,,,,,,,,,,
1,Rates,Swap,Cross_Currency_Fixed_Fixed,UPI,QZVKXS8K9VTX,New,,2023-10-17T03:09:44,SRDYCP,Fixed - Fixed,Cross Currency,Physical,NA/Swap Fxd Fxd NOK USD,N/A,NOK,,,,USD,,,,Custom,PHYS,,,,,,,,,,,,,,,,,,,,,,,
1,Rates,Swap,Cross_Currency_Fixed_Fixed,UPI,QZRHTT4FX6VH,New,,2023-10-17T03:09:45,SRDYCC,Fixed - Fixed,Cross Currency,Cash,NA/Swap Fxd Fxd USD ZAR,N/A,USD,,,,ZAR,,,,Custom,CASH,,,,,,,,,,,,,,,,,,,,,,,
1,Rates,Swap,Cross_Currency_Fixed_Fixed,UPI,QZRZ29P57C7M,New,,2023-10-17T03:09:45,SRDDCP,Fixed - Fixed,Cross Currency,Physical,NA/Swap Fxd Fxd NOK USD,N/A,NOK,,,,USD,,,,Amortizing,PHYS,,,,,,,,,,,,,,,,,,,,,,,
1,Rates,Swap,Cross_Currency_Fixed_Fixed,UPI,QZ57JPB1B78N,New,,2023-10-17T03:09:49,SRDDCC,Fixed - Fixed,Cross Currency,Cash,NA/Swap Fxd Fxd EUR GBP,N/A,EUR,,,,GBP,,,,Amortizing,CASH,,,,,,,,,,,,,,,,,,,,,,,
1,Rates,Swap,Cross_Currency_Fixed_Fixed,UPI,QZLT4NGWPHC0,New,,2023-10-17T03:09:54,SRDDCP,Fixed - Fixed,Cross Currency,Physical,NA/Swap Fxd Fxd EUR TRY,N/A,EUR,,,,TRY,,,,Amortizing,PHYS,,,,,,,,,,,,,,,,,,,,,,,
1,Rates,Swap,Cross_Currency_Fixed_Fixed,UPI,QZRMS4SPM3QZ,New,,2023-10-17T03:09:54,SRDDCP,Fixed - Fixed,Cross Currency,Physical,NA/Swap Fxd Fxd DKK EUR,N/A,DKK,,,,EUR,,,,Amortizing,PHYS,,,,,,,,,,,,,,,,,,,,,,,
1,Rates,Swap,Cross_Currency_Fixed_Fixed,UPI,QZK2X0LW5438,New,,2023-10-17T03:09:55,SRDDCP,Fixed - Fixed,Cross Currency,Physical,NA/Swap Fxd Fxd CHF USD,N/A,CHF,,,,USD,,,,Amortizing,PHYS,,,,,,,,,,,,,,,,,,,,,,,
1,Rates,Swap,Cross_Currency_Fixed_Fixed,UPI,QZFZ3ZKF8PNL,New,,2023-10-17T03:10:08,SRDCCP,Fixed - Fixed,Cross Currency,Physical,NA/Swap Fxd Fxd GBP MXN,N/A,GBP,,,,MXN,,,,Constant,PHYS,,,,,,,,,,,,,,,,,,,,,,,
1,Rates,Swap,Cross_Currency_Fixed_Fixed,UPI,QZ7RKFPWVZLF,New,,2023-10-17T03:10:09,SRDDCP,Fixed - Fixed,Cross Currency,Physical,NA/Swap Fxd Fxd JPY THB,N/A,JPY,,,,THB,,,,Amortizing,PHYS,,,,,,,,,,,,,,,,,,,,,,,
1,Rates,Swap,Cross_Currency_Fixed_Fixed,UPI,QZ6DTTMD04FF,New,,2023-10-17T03:10:26,SRDDCC,Fixed - Fixed,Cross Currency,Cash,NA/Swap Fxd Fxd EUR NOK,N/A,EUR,,,,NOK,,,,Amortizing,CASH,,,,,,,,,,,,,,,,,,,,,,,
1,Rates,Swap,Cross_Currency_Fixed_Fixed,UPI,QZW42PJBH441,New,,2023-10-17T03:10:27,SRDDCP,Fixed - Fixed,Cross Currency,Physical,NA/Swap Fxd Fxd GBP JPY,N/A,GBP,,,,JPY,,,,Amortizing,PHYS,,,,,,,,,,,,,,,,,,,,,,,
1,Rates,Swap,Cross_Currency_Fixed_Fixed,UPI,QZWPWZ2RMNSB,New,,2023-10-17T03:10:32,SRDCCP,Fixed - Fixed,Cross Currency,Physical,NA/Swap Fxd Fxd JPY RON,N/A,JPY,,,,RON,,,,Constant,PHYS,,,,,,,,,,,,,,,,,,,,,,,
1,Rates,Swap,Cross_Currency_Fixed_Fixed,UPI,QZCQFF23DS01,New,,2023-10-17T03:10:41,SRDCCP,Fixed - Fixed,Cross Currency,Physical,NA/Swap Fxd Fxd PLN RUB,N/A,PLN,,,,RUB,,,,Constant,PHYS,,,,,,,,,,,,,,,,,,,,,,,
1,Rates,Swap,Cross_Currency_Fixed_Fixed,UPI,QZG5MQKB42F7,New,,2023-10-17T03:10:42,SRDCCP,Fixed - Fixed,Cross Currency,Physical,NA/Swap Fxd Fxd AUD PHP,N/A,AUD,,,,PHP,,,,Constant,PHYS,,,,,,,,,,,,,,,,,,,,,,,
1,Rates,Swap,Cross_Currency_Fixed_Fixed,UPI,QZ5KG09QM7X7,New,,2023-10-17T03:10:47,SRDICC,Fixed - Fixed,Cross Currency,Cash,NA/Swap Fxd Fxd CZK EUR,N/A,CZK,,,,EUR,,,,Accreting,CASH,,,,,,,,,,,,,,,,,,,,,,,
1,Rates,Swap,Cross_Currency_Fixed_Fixed,UPI,QZ6D7NKPXCM8,New,,2023-10-17T03:10:58,SRDCCC,Fixed - Fixed,Cross Currency,Cash,NA/Swap Fxd Fxd CLP EUR,N/A,CLP,,,,EUR,,,,Constant,CASH,,,,,,,,,,,,,,,,,,,,,,,
1,Rates,Swap,Cross_Currency_Fixed_Fixed,UPI,QZ60SK9D5GRX,New,,2023-10-17T03:10:59,SRDCCC,Fixed - Fixed,Cross Currency,Cash,NA/Swap Fxd Fxd COP EUR,N/A,COP,,,,EUR,,,,Constant,CASH,,,,,,,,,,,,,,,,,,,,,,,
1,Rates,Swap,Cross_Currency_Fixed_Fixed,UPI,QZ4GRD9R7ZMM,New,,2023-10-17T03:10:59,SRDCCC,Fixed - Fixed,Cross Currency,Cash,NA/Swap Fxd Fxd EUR PHP,N/A,EUR,,,,PHP,,,,Constant,CASH,,,,,,,,,,,,,,,,,,,,,,,
1,Rates,Swap,Cross_Currency_Fixed_Fixed,UPI,QZHQRGM4P49T,New,,2023-10-17T03:11:04,SRDCCP,Fixed - Fixed,Cross Currency,Physical,NA/Swap Fxd Fxd NGN USD,N/A,NGN,,,,USD,,,,Constant,PHYS,,,,,,,,,,,,,,,,,,,,,,,
1,Rates,Swap,Cross_Currency_Fixed_Fixed,UPI,QZ4MR6R109SR,New,,2023-10-17T03:11:04,SRDCCP,Fixed - Fixed,Cross Currency,Physical,NA/Swap Fxd Fxd USD ZMW,N/A,USD,,,,ZMW,,,,Constant,PHYS,,,,,,,,,,,,,,,,,,,,,,,
1,Rates,Swap,Cross_Currency_Fixed_Fixed,UPI,QZ1DS46392J0,New,,2023-10-17T03:11:10,SRDCCP,Fixed - Fixed,Cross Currency,Physical,NA/Swap Fxd Fxd AUD INR,N/A,AUD,,,,INR,,,,Constant,PHYS,,,,,,,,,,,,,,,,,,,,,,,
1,Rates,Swap,Cross_Currency_Fixed_Fixed,UPI,QZ57Z00DDL6G,New,,2023-10-17T03:11:14,SRDCCC,Fixed - Fixed,Cross Currency,Cash,NA/Swap Fxd Fxd CLP COP,N/A,CLP,,,,COP,,,,Constant,CASH,,,,,,,,,,,,,,,,,,,,,,,
1,Rates,Swap,Cross_Currency_Fixed_Fixed,UPI,QZL3N4ZGPB36,New,,2023-10-17T03:11:14,SRDDCC,Fixed - Fixed,Cross Currency,Cash,NA/Swap Fxd Fxd ARS USD,N/A,ARS,,,,USD,,,,Amortizing,CASH,,,,,,,,,,,,,,,,,,,,,,,
1,Rates,Swap,Cross_Currency_Fixed_Fixed,UPI,QZQPSL0T9NN4,New,,2023-10-17T03:11:16,SRDCCC,Fixed - Fixed,Cross Currency,Cash,NA/Swap Fxd Fxd COP MXN,N/A,COP,,,,MXN,,,,Constant,CASH,,,,,,,,,,,,,,,,,,,,,,,
1,Rates,Swap,Cross_Currency_Fixed_Fixed,UPI,QZ2Z3GPFL1JZ,New,,2023-10-17T03:11:16,SRDDCP,Fixed - Fixed,Cross Currency,Physical,NA/Swap Fxd Fxd INR SGD,N/A,INR,,,,SGD,,,,Amortizing,PHYS,,,,,,,,,,,,,,,,,,,,,,,
1,Rates,Swap,Cross_Currency_Fixed_Fixed,UPI,QZDJJFHHSL6S,New,,2023-10-17T03:11:17,SRDYCP,Fixed - Fixed,Cross Currency,Physical,NA/Swap Fxd Fxd INR USD,N/A,INR,,,,USD,,,,Custom,PHYS,,,,,,,,,,,,,,,,,,,,,,,
1,Rates,Swap,Cross_Currency_Fixed_Fixed,UPI,QZCVHL3PFH8S,New,,2023-10-17T03:11:20,SRDCCP,Fixed - Fixed,Cross Currency,Physical,NA/Swap Fxd Fxd CAD KRW,N/A,CAD,,,,KRW,,,,Constant,PHYS,,,,,,,,,,,,,,,,,,,,,,,
1,Rates,Swap,Cross_Currency_Fixed_Fixed,UPI,QZT27N1MNJG2,New,,2023-10-17T03:11:21,SRDCCC,Fixed - Fixed,Cross Currency,Cash,NA/Swap Fxd Fxd EUR IDR,N/A,EUR,,,,IDR,,,,Constant,CASH,,,,,,,,,,,,,,,,,,,,,,,
1,Rates,Swap,Cross_Currency_Fixed_Fixed,UPI,QZKJD2TKX636,New,,2023-10-17T03:11:24,SRDYCP,Fixed - Fixed,Cross Currency,Physical,NA/Swap Fxd Fxd EUR PLN,N/A,EUR,,,,PLN,,,,Custom,PHYS,,,,,,,,,,,,,,,,,,,,,,,
1,Rates,Swap,Cross_Currency_Fixed_Fixed,UPI,QZCCVJ8TLGWV,New,,2023-10-17T03:11:27,SRDDCC,Fixed - Fixed,Cross Currency,Cash,NA/Swap Fxd Fxd CNY MXN,N/A,CNY,,,,MXN,,,,Amortizing,CASH,,,,,,,,,,,,,,,,,,,,,,,
1,Rates,Swap,Cross_Currency_Fixed_Fixed,UPI,QZ3P5DVJK13Z,New,,2023-10-17T03:11:29,SRDCCP,Fixed - Fixed,Cross Currency,Physical,NA/Swap Fxd Fxd AUD CHF,N/A,AUD,,,,CHF,,,,Constant,PHYS,,,,,,,,,,,,,,,,,,,,,,,
1,Rates,Swap,Cross_Currency_Fixed_Fixed,UPI,QZXHN8WR1HJV,New,,2023-10-17T03:11:38,SRDCCP,Fixed - Fixed,Cross Currency,Physical,NA/Swap Fxd Fxd HKD KRW,N/A,HKD,,,,KRW,,,,Constant,PHYS,,,,,,,,,,,,,,,,,,,,,,,
1,Rates,Swap,Cross_Currency_Fixed_Fixed,UPI,QZNHG5GC63FG,New,,2023-10-17T03:11:39,SRDCCP,Fixed - Fixed,Cross Currency,Physical,NA/Swap Fxd Fxd KRW SGD,N/A,KRW,,,,SGD,,,,Constant,PHYS,,,,,,,,,,,,,,,,,,,,,,,
1,Rates,Swap,Cross_Currency_Fixed_Fixed,UPI,QZB4V6HP4W56,New,,2023-10-17T03:11:41,SRDCCC,Fixed - Fixed,Cross Currency,Cash,NA/Swap Fxd Fxd CHF NOK,N/A,CHF,,,,NOK,,,,Constant,CASH,,,,,,,,,,,,,,,,,,,,,,,
1,Rates,Swap,Cross_Currency_Fixed_Fixed,UPI,QZMKP6XNJJX0,New,,2023-10-17T03:11:42,SRDCCC,Fixed - Fixed,Cross Currency,Cash,NA/Swap Fxd Fxd IDR JPY,N/A,IDR,,,,JPY,,,,Constant,CASH,,,,,,,,,,,,,,,,,,,,,,,
1,Rates,Swap,Cross_Currency_Fixed_Fixed,UPI,QZM53B9KQ7LN,New,,2023-10-17T03:11:49,SRDICC,Fixed - Fixed,Cross Currency,Cash,NA/Swap Fxd Fxd EUR ILS,N/A,EUR,,,,ILS,,,,Accreting,CASH,,,,,,,,,,,,,,,,,,,,,,,
1,Rates,Swap,Cross_Currency_Fixed_Fixed,UPI,QZX555D1MT22,New,,2023-10-17T03:11:50,SRDCCP,Fixed - Fixed,Cross Currency,Physical,NA/Swap Fxd Fxd ILS JPY,N/A,ILS,,,,JPY,,,,Constant,PHYS,,,,,,,,,,,,,,,,,,,,,,,
1,Rates,Swap,Cross_Currency_Fixed_Fixed,UPI,QZLW3XQHJZ4R,New,,2023-10-17T03:11:56,SRDDCP,Fixed - Fixed,Cross Currency,Physical,NA/Swap Fxd Fxd ILS USD,N/A,ILS,,,,USD,,,,Amortizing,PHYS,,,,,,,,,,,,,,,,,,,,,,,
1,Rates,Swap,Cross_Currency_Fixed_Fixed,UPI,QZ01ZHGDJ1C4,New,,2023-10-17T03:12:00,SRDCCP,Fixed - Fixed,Cross Currency,Physical,NA/Swap Fxd Fxd CHF NOK,N/A,CHF,,,,NOK,,,,Constant,PHYS,,,,,,,,,,,,,,,,,,,,,,,
1,Rates,Swap,Cross_Currency_Fixed_Fixed,UPI,QZKJSS9Q22QN,New,,2023-10-17T03:12:04,SRDCCC,Fixed - Fixed,Cross Currency,Cash,NA/Swap Fxd Fxd CAD SGD,N/A,CAD,,,,SGD,,,,Constant,CASH,,,,,,,,,,,,,,,,,,,,,,,
1,Rates,Swap,Cross_Currency_Fixed_Fixed,UPI,QZ20KX82W3D0,New,,2023-10-17T03:12:27,SRDDCP,Fixed - Fixed,Cross Currency,Physical,NA/Swap Fxd Fxd MXN MXV,N/A,MXN,,,,MXV,,,,Amortizing,PHYS,,,,,,,,,,,,,,,,,,,,,,,
1,Rates,Swap,Cross_Currency_Fixed_Fixed,UPI,QZCJSX1RN9TJ,New,,2023-10-17T03:12:34,SRDDCP,Fixed - Fixed,Cross Currency,Physical,NA/Swap Fxd Fxd USD ZAR,N/A,USD,,,,ZAR,,,,Amortizing,PHYS,,,,,,,,,,,,,,,,,,,,,,,
1,Rates,Swap,Cross_Currency_Fixed_Fixed,UPI,QZQPT71VJM9J,New,,2023-10-17T03:12:37,SRDDCP,Fixed - Fixed,Cross Currency,Physical,NA/Swap Fxd Fxd BRL EUR,N/A,BRL,,,,EUR,,,,Amortizing,PHYS,,,,,,,,,,,,,,,,,,,,,,,
1,Rates,Swap,Cross_Currency_Fixed_Fixed,UPI,QZLM20DPS3SP,New,,2023-10-17T03:12:54,SRDYCP,Fixed - Fixed,Cross Currency,Physical,NA/Swap Fxd Fxd CLF CLP,N/A,CLF,,,,CLP,,,,Custom,PHYS,,,,,,,,,,,,,,,,,,,,,,,
1,Rates,Swap,Cross_Currency_Fixed_Fixed,UPI,QZQC4PC91T8B,New,,2023-10-17T03:12:56,SRDDCP,Fixed - Fixed,Cross Currency,Physical,NA/Swap Fxd Fxd KZT RUB,N/A,KZT,,,,RUB,,,,Amortizing,PHYS,,,,,,,,,,,,,,,,,,,,,,,
1,Rates,Swap,Cross_Currency_Fixed_Fixed,UPI,QZV44J8R42D7,New,,2023-10-17T03:13:01,SRDDCP,Fixed - Fixed,Cross Currency,Physical,NA/Swap Fxd Fxd INR JPY,N/A,INR,,,,JPY,,,,Amortizing,PHYS,,,,,,,,,,,,,,,,,,,,,,,
1,Rates,Swap,Cross_Currency_Fixed_Fixed,UPI,QZ616V8WT0NV,New,,2023-10-17T03:13:03,SRDDCC,Fixed - Fixed,Cross Currency,Cash,NA/Swap Fxd Fxd INR JPY,N/A,INR,,,,JPY,,,,Amortizing,CASH,,,,,,,,,,,,,,,,,,,,,,,
1,Rates,Swap,Cross_Currency_Fixed_Fixed,UPI,QZDQ1T36XSKN,New,,2023-10-17T03:13:06,SRDDCP,Fixed - Fixed,Cross Currency,Physical,NA/Swap Fxd Fxd SEK USD,N/A,SEK,,,,USD,,,,Amortizing,PHYS,,,,,,,,,,,,,,,,,,,,,,,
1,Rates,Swap,Cross_Currency_Fixed_Fixed,UPI,QZTKSQNXN752,New,,2023-10-17T03:13:07,SRDCCP,Fixed - Fixed,Cross Currency,Physical,NA/Swap Fxd Fxd CLP JPY,N/A,CLP,,,,JPY,,,,Constant,PHYS,,,,,,,,,,,,,,,,,,,,,,,
1,Rates,Swap,Cross_Currency_Fixed_Fixed,UPI,QZ2BTS24VVJ7,New,,2023-10-17T03:13:08,SRDYCP,Fixed - Fixed,Cross Currency,Physical,NA/Swap Fxd Fxd CHF USD,N/A,CHF,,,,USD,,,,Custom,PHYS,,,,,,,,,,,,,,,,,,,,,,,
1,Rates,Swap,Cross_Currency_Fixed_Fixed,UPI,QZ73FX1KSPJJ,New,,2023-10-17T03:13:12,SRDICP,Fixed - Fixed,Cross Currency,Physical,NA/Swap Fxd Fxd EUR GBP,N/A,EUR,,,,GBP,,,,Accreting,PHYS,,,,,,,,,,,,,,,,,,,,,,,
1,Rates,Swap,Cross_Currency_Fixed_Fixed,UPI,QZ1GHRG7DB17,New,,2023-10-17T03:13:27,SRDCCP,Fixed - Fixed,Cross Currency,Physical,NA/Swap Fxd Fxd DKK JPY,N/A,DKK,,,,JPY,,,,Constant,PHYS,,,,,,,,,,,,,,,,,,,,,,,
1,Rates,Swap,Cross_Currency_Fixed_Fixed,UPI,QZ41CZGWN0XM,New,,2023-10-17T03:13:29,SRDCCP,Fixed - Fixed,Cross Currency,Physical,NA/Swap Fxd Fxd GBP THB,N/A,GBP,,,,THB,,,,Constant,PHYS,,,,,,,,,,,,,,,,,,,,,,,
1,Rates,Swap,Cross_Currency_Fixed_Fixed,UPI,QZVWL2N53NTK,New,,2023-10-17T03:13:30,SRDDCP,Fixed - Fixed,Cross Currency,Physical,NA/Swap Fxd Fxd JPY MXN,N/A,JPY,,,,MXN,,,,Amortizing,PHYS,,,,,,,,,,,,,,,,,,,,,,,
1,Rates,Swap,Cross_Currency_Fixed_Fixed,UPI,QZ50ZCC4H5K3,New,,2023-10-17T03:13:33,SRDDCC,Fixed - Fixed,Cross Currency,Cash,NA/Swap Fxd Fxd EUR MXN,N/A,EUR,,,,MXN,,,,Amortizing,CASH,,,,,,,,,,,,,,,,,,,,,,,
1,Rates,Swap,Cross_Currency_Fixed_Fixed,UPI,QZL7GWK66CFG,New,,2023-10-17T03:13:45,SRDYCP,Fixed - Fixed,Cross Currency,Physical,NA/Swap Fxd Fxd PLN USD,N/A,PLN,,,,USD,,,,Custom,PHYS,,,,,,,,,,,,,,,,,,,,,,,
1,Rates,Swap,Cross_Currency_Fixed_Fixed,UPI,QZ9RKDM6QH0M,New,,2023-10-17T03:13:46,SRDYCP,Fixed - Fixed,Cross Currency,Physical,NA/Swap Fxd Fxd EUR ZAR,N/A,EUR,,,,ZAR,,,,Custom,PHYS,,,,,,,,,,,,,,,,,,,,,,,
1,Rates,Swap,Cross_Currency_Fixed_Fixed,UPI,QZ49C6VHCTDB,New,,2023-10-17T03:13:59,SRDDCC,Fixed - Fixed,Cross Currency,Cash,NA/Swap Fxd Fxd BRL USD,N/A,BRL,,,,USD,,,,Amortizing,CASH,,,,,,,,,,,,,,,,,,,,,,,
1,Rates,Swap,Cross_Currency_Fixed_Fixed,UPI,QZLZWZWQD228,New,,2023-10-17T03:13:59,SRDDCP,Fixed - Fixed,Cross Currency,Physical,NA/Swap Fxd Fxd BRL USD,N/A,BRL,,,,USD,,,,Amortizing,PHYS,,,,,,,,,,,,,,,,,,,,,,,
1,Rates,Swap,Cross_Currency_Fixed_Fixed,UPI,QZDK3F328WQZ,New,,2023-10-17T03:14:06,SRDCCC,Fixed - Fixed,Cross Currency,Cash,NA/Swap Fxd Fxd EUR MYR,N/A,EUR,,,,MYR,,,,Constant,CASH,,,,,,,,,,,,,,,,,,,,,,,
1,Rates,Swap,Cross_Currency_Fixed_Fixed,UPI,QZRPBC31T3SF,New,,2023-10-17T03:14:06,SRDCCP,Fixed - Fixed,Cross Currency,Physical,NA/Swap Fxd Fxd JPY NOK,N/A,JPY,,,,NOK,,,,Constant,PHYS,,,,,,,,,,,,,,,,,,,,,,,
1,Rates,Swap,Cross_Currency_Fixed_Fixed,UPI,QZTMXKPCZMV2,New,,2023-10-17T03:14:21,SRDDCC,Fixed - Fixed,Cross Currency,Cash,NA/Swap Fxd Fxd CAD EUR,N/A,CAD,,,,EUR,,,,Amortizing,CASH,,,,,,,,,,,,,,,,,,,,,,,
1,Rates,Swap,Cross_Currency_Fixed_Fixed,UPI,QZR848FVNBWH,New,,2023-10-17T03:14:23,SRDCCC,Fixed - Fixed,Cross Currency,Cash,NA/Swap Fxd Fxd CNY RUB,N/A,CNY,,,,RUB,,,,Constant,CASH,,,,,,,,,,,,,,,,,,,,,,,
1,Rates,Swap,Cross_Currency_Fixed_Fixed,UPI,QZG8JMRB6VV5,New,,2023-10-17T03:14:31,SRDICC,Fixed - Fixed,Cross Currency,Cash,NA/Swap Fxd Fxd EUR USD,N/A,EUR,,,,USD,,,,Accreting,CASH,,,,,,,,,,,,,,,,,,,,,,,
1,Rates,Swap,Cross_Currency_Fixed_Fixed,UPI,QZS7BS76H1TM,New,,2023-10-17T03:14:31,SRDYCP,Fixed - Fixed,Cross Currency,Physical,NA/Swap Fxd Fxd HKD USD,N/A,HKD,,,,USD,,,,Custom,PHYS,,,,,,,,,,,,,,,,,,,,,,,
1,Rates,Swap,Cross_Currency_Fixed_Fixed,UPI,QZCNCFDBRB4J,New,,2023-10-17T03:14:33,SRDCCC,Fixed - Fixed,Cross Currency,Cash,NA/Swap Fxd Fxd CAD JPY,N/A,CAD,,,,JPY,,,,Constant,CASH,,,,,,,,,,,,,,,,,,,,,,,
1,Rates,Swap,Cross_Currency_Fixed_Fixed,UPI,QZR8WMHJH63G,New,,2023-10-17T03:14:44,SRDCCP,Fixed - Fixed,Cross Currency,Physical,NA/Swap Fxd Fxd INR SGD,N/A,INR,,,,SGD,,,,Constant,PHYS,,,,,,,,,,,,,,,,,,,,,,,
1,Rates,Swap,Cross_Currency_Fixed_Fixed,UPI,QZNQ09VH0TSP,New,,2023-10-17T03:14:58,SRDCCP,Fixed - Fixed,Cross Currency,Physical,NA/Swap Fxd Fxd KRW NZD,N/A,KRW,,,,NZD,,,,Constant,PHYS,,,,,,,,,,,,,,,,,,,,,,,
1,Rates,Swap,Cross_Currency_Fixed_Fixed,UPI,QZQLHQQKC761,New,,2023-10-17T03:15:07,SRDCCP,Fixed - Fixed,Cross Currency,Physical,NA/Swap Fxd Fxd ILS MXN,N/A,ILS,,,,MXN,,,,Constant,PHYS,,,,,,,,,,,,,,,,,,,,,,,
1,Rates,Swap,Cross_Currency_Fixed_Fixed,UPI,QZKXVD57FL5F,New,,2023-10-17T03:15:12,SRDYCP,Fixed - Fixed,Cross Currency,Physical,NA/Swap Fxd Fxd EUR NZD,N/A,EUR,,,,NZD,,,,Custom,PHYS,,,,,,,,,,,,,,,,,,,,,,,
1,Rates,Swap,Cross_Currency_Fixed_Fixed,UPI,QZBB6Z6FK2VC,New,,2023-10-17T03:15:17,SRDCCP,Fixed - Fixed,Cross Currency,Physical,NA/Swap Fxd Fxd AUD ILS,N/A,AUD,,,,ILS,,,,Constant,PHYS,,,,,,,,,,,,,,,,,,,,,,,
1,Rates,Swap,Cross_Currency_Fixed_Fixed,UPI,QZMTRSXNCGZX,New,,2023-10-17T03:15:21,SRDCCP,Fixed - Fixed,Cross Currency,Physical,NA/Swap Fxd Fxd COP PEN,N/A,COP,,,,PEN,,,,Constant,PHYS,,,,,,,,,,,,,,,,,,,,,,,
1,Rates,Swap,Cross_Currency_Fixed_Fixed,UPI,QZM7XWDN9W72,New,,2023-10-17T03:15:23,SRDICP,Fixed - Fixed,Cross Currency,Physical,NA/Swap Fxd Fxd SGD USD,N/A,SGD,,,,USD,,,,Accreting,PHYS,,,,,,,,,,,,,,,,,,,,,,,
1,Rates,Swap,Cross_Currency_Fixed_Fixed,UPI,QZMFRR15LLSK,New,,2023-10-17T03:15:23,SRDYCP,Fixed - Fixed,Cross Currency,Physical,NA/Swap Fxd Fxd SGD USD,N/A,SGD,,,,USD,,,,Custom,PHYS,,,,,,,,,,,,,,,,,,,,,,,
1,Rates,Swap,Cross_Currency_Fixed_Fixed,UPI,QZDXQ97XWSNT,New,,2023-10-17T03:15:28,SRDCCC,Fixed - Fixed,Cross Currency,Cash,NA/Swap Fxd Fxd CNY HKD,N/A,CNY,,,,HKD,,,,Constant,CASH,,,,,,,,,,,,,,,,,,,,,,,
1,Rates,Swap,Cross_Currency_Fixed_Fixed,UPI,QZT1417SRNWS,New,,2023-10-17T03:15:28,SRDDCP,Fixed - Fixed,Cross Currency,Physical,NA/Swap Fxd Fxd EUR NZD,N/A,EUR,,,,NZD,,,,Amortizing,PHYS,,,,,,,,,,,,,,,,,,,,,,,
1,Rates,Swap,Cross_Currency_Fixed_Fixed,UPI,QZXG9TX315DV,New,,2023-10-17T03:15:35,SRDCCC,Fixed - Fixed,Cross Currency,Cash,NA/Swap Fxd Fxd CHF CLP,N/A,CHF,,,,CLP,,,,Constant,CASH,,,,,,,,,,,,,,,,,,,,,,,
1,Rates,Swap,Cross_Currency_Fixed_Fixed,UPI,QZVDRT1H4239,New,,2023-10-17T03:15:45,SRDICP,Fixed - Fixed,Cross Currency,Physical,NA/Swap Fxd Fxd IDR USD,N/A,IDR,,,,USD,,,,Accreting,PHYS,,,,,,,,,,,,,,,,,,,,,,,
1,Rates,Swap,Cross_Currency_Fixed_Fixed,UPI,QZSVX6X29VKR,New,,2023-10-17T03:15:50,SRDDCP,Fixed - Fixed,Cross Currency,Physical,NA/Swap Fxd Fxd GBP TRY,N/A,GBP,,,,TRY,,,,Amortizing,PHYS,,,,,,,,,,,,,,,,,,,,,,,
1,Rates,Swap,Cross_Currency_Fixed_Fixed,UPI,QZW4NX7CFHWF,New,,2023-10-17T03:15:50,SRDCCC,Fixed - Fixed,Cross Currency,Cash,NA/Swap Fxd Fxd GBP TRY,N/A,GBP,,,,TRY,,,,Constant,CASH,,,,,,,,,,,,,,,,,,,,,,,
1,Rates,Swap,Cross_Currency_Fixed_Fixed,UPI,QZ52DKG52B2L,New,,2023-10-17T03:15:51,SRDYCP,Fixed - Fixed,Cross Currency,Physical,NA/Swap Fxd Fxd KRW USD,N/A,KRW,,,,USD,,,,Custom,PHYS,,,,,,,,,,,,,,,,,,,,,,,
1,Rates,Swap,Cross_Currency_Fixed_Fixed,UPI,QZCMNNQ8SRW9,New,,2023-10-17T03:16:01,SRDYCC,Fixed - Fixed,Cross Currency,Cash,NA/Swap Fxd Fxd CLF USD,N/A,CLF,,,,USD,,,,Custom,CASH,,,,,,,,,,,,,,,,,,,,,,,
1,Rates,Swap,Cross_Currency_Fixed_Fixed,UPI,QZZ3QBVKLF1N,New,,2023-10-17T03:16:02,SRDCCP,Fixed - Fixed,Cross Currency,Physical,NA/Swap Fxd Fxd BRL JPY,N/A,BRL,,,,JPY,,,,Constant,PHYS,,,,,,,,,,,,,,,,,,,,,,,
1,Rates,Swap,Cross_Currency_Fixed_Fixed,UPI,QZQSF409B2X2,New,,2023-10-17T03:16:03,SRDCCP,Fixed - Fixed,Cross Currency,Physical,NA/Swap Fxd Fxd GBP SGD,N/A,GBP,,,,SGD,,,,Constant,PHYS,,,,,,,,,,,,,,,,,,,,,,,
1,Rates,Swap,Cross_Currency_Fixed_Fixed,UPI,QZ4068H5JNWJ,New,,2023-10-17T03:16:03,SRDDCP,Fixed - Fixed,Cross Currency,Physical,NA/Swap Fxd Fxd GBP SGD,N/A,GBP,,,,SGD,,,,Amortizing,PHYS,,,,,,,,,,,,,,,,,,,,,,,
1,Rates,Swap,Cross_Currency_Fixed_Fixed,UPI,QZ5B8Z3775QD,New,,2023-10-17T03:16:24,SRDDCP,Fixed - Fixed,Cross Currency,Physical,NA/Swap Fxd Fxd CLF USD,N/A,CLF,,,,USD,,,,Amortizing,PHYS,,,,,,,,,,,,,,,,,,,,,,,
1,Rates,Swap,Cross_Currency_Fixed_Fixed,UPI,QZL5X2F0LMNS,New,,2023-10-17T03:16:25,SRDCCP,Fixed - Fixed,Cross Currency,Physical,NA/Swap Fxd Fxd GBP PEN,N/A,GBP,,,,PEN,,,,Constant,PHYS,,,,,,,,,,,,,,,,,,,,,,,
1,Rates,Swap,Cross_Currency_Fixed_Fixed,UPI,QZM9H8ZCCGB6,New,,2023-10-17T03:16:25,SRDDCP,Fixed - Fixed,Cross Currency,Physical,NA/Swap Fxd Fxd CLF EUR,N/A,CLF,,,,EUR,,,,Amortizing,PHYS,,,,,,,,,,,,,,,,,,,,,,,
1,Rates,Swap,Cross_Currency_Fixed_Fixed,UPI,QZN4CSGHBZR7,New,,2023-10-17T03:16:26,SRDCCP,Fixed - Fixed,Cross Currency,Physical,NA/Swap Fxd Fxd EUR PEN,N/A,EUR,,,,PEN,,,,Constant,PHYS,,,,,,,,,,,,,,,,,,,,,,,
1,Rates,Swap,Cross_Currency_Fixed_Fixed,UPI,QZ5P6N27BB8X,New,,2023-10-17T03:16:41,SRDICP,Fixed - Fixed,Cross Currency,Physical,NA/Swap Fxd Fxd CHF USD,N/A,CHF,,,,USD,,,,Accreting,PHYS,,,,,,,,,,,,,,,,,,,,,,,
1,Rates,Swap,Cross_Currency_Fixed_Fixed,UPI,QZX40TT0ZNZR,New,,2023-10-17T03:16:45,SRDCCC,Fixed - Fixed,Cross Currency,Cash,NA/Swap Fxd Fxd EUR ZAR,N/A,EUR,,,,ZAR,,,,Constant,CASH,,,,,,,,,,,,,,,,,,,,,,,
1,Rates,Swap,Cross_Currency_Fixed_Fixed,UPI,QZZBNDGXWQL8,New,,2023-10-17T03:16:46,SRDCCC,Fixed - Fixed,Cross Currency,Cash,NA/Swap Fxd Fxd CHF GBP,N/A,CHF,,,,GBP,,,,Constant,CASH,,,,,,,,,,,,,,,,,,,,,,,
1,Rates,Swap,Cross_Currency_Fixed_Fixed,UPI,QZB8NRB2K0FX,New,,2023-10-17T03:16:47,SRDCCC,Fixed - Fixed,Cross Currency,Cash,NA/Swap Fxd Fxd CHF CLF,N/A,CHF,,,,CLF,,,,Constant,CASH,,,,,,,,,,,,,,,,,,,,,,,
1,Rates,Swap,Cross_Currency_Fixed_Fixed,UPI,QZLD4LXH7ZN4,New,,2023-10-17T03:16:50,SRDCCP,Fixed - Fixed,Cross Currency,Physical,NA/Swap Fxd Fxd CNY KRW,N/A,CNY,,,,KRW,,,,Constant,PHYS,,,,,,,,,,,,,,,,,,,,,,,
1,Rates,Swap,Cross_Currency_Fixed_Fixed,UPI,QZCKLH1H7RBG,New,,2023-10-17T03:16:55,SRDCCP,Fixed - Fixed,Cross Currency,Physical,NA/Swap Fxd Fxd EUR HRK,N/A,EUR,,,,HRK,,,,Constant,PHYS,,,,,,,,,,,,,,,,,,,,,,,
1,Rates,Swap,Cross_Currency_Fixed_Fixed,UPI,QZP8XQZFGQK1,New,,2023-10-17T03:17:01,SRDCCP,Fixed - Fixed,Cross Currency,Physical,NA/Swap Fxd Fxd DOP USD,N/A,DOP,,,,USD,,,,Constant,PHYS,,,,,,,,,,,,,,,,,,,,,,,
1,Rates,Swap,Cross_Currency_Fixed_Fixed,UPI,QZGTVWTGP6KN,New,,2023-10-17T03:17:02,SRDDCP,Fixed - Fixed,Cross Currency,Physical,NA/Swap Fxd Fxd EUR HRK,N/A,EUR,,,,HRK,,,,Amortizing,PHYS,,,,,,,,,,,,,,,,,,,,,,,
1,Rates,Swap,Cross_Currency_Fixed_Fixed,UPI,QZSBPQKL1BQF,New,,2023-10-17T03:17:03,SRDCCP,Fixed - Fixed,Cross Currency,Physical,NA/Swap Fxd Fxd EUR NZD,N/A,EUR,,,,NZD,,,,Constant,PHYS,,,,,,,,,,,,,,,,,,,,,,,
1,Rates,Swap,Cross_Currency_Fixed_Fixed,UPI,QZRFMSRV8XBM,New,,2023-10-17T03:17:07,SRDCCC,Fixed - Fixed,Cross Currency,Cash,NA/Swap Fxd Fxd AUD CLP,N/A,AUD,,,,CLP,,,,Constant,CASH,,,,,,,,,,,,,,,,,,,,,,,
1,Rates,Swap,Cross_Currency_Fixed_Fixed,UPI,QZGW9LMMN6XF,New,,2023-10-17T03:17:30,SRDCCP,Fixed - Fixed,Cross Currency,Physical,NA/Swap Fxd Fxd DKK SGD,N/A,DKK,,,,SGD,,,,Constant,PHYS,,,,,,,,,,,,,,,,,,,,,,,
1,Rates,Swap,Cross_Currency_Fixed_Fixed,UPI,QZDTG9L0MPHG,New,,2023-10-17T03:17:31,SRDYCC,Fixed - Fixed,Cross Currency,Cash,NA/Swap Fxd Fxd EUR SEK,N/A,EUR,,,,SEK,,,,Custom,CASH,,,,,,,,,,,,,,,,,,,,,,,
1,Rates,Swap,Cross_Currency_Fixed_Fixed,UPI,QZFSMJJ75N09,New,,2023-10-17T03:17:32,SRDYCC,Fixed - Fixed,Cross Currency,Cash,NA/Swap Fxd Fxd RUB USD,N/A,RUB,,,,USD,,,,Custom,CASH,,,,,,,,,,,,,,,,,,,,,,,
1,Rates,Swap,Cross_Currency_Fixed_Fixed,UPI,QZM58RGL8XZ4,New,,2023-10-17T03:18:02,SRDCCC,Fixed - Fixed,Cross Currency,Cash,NA/Swap Fxd Fxd AUD KRW,N/A,AUD,,,,KRW,,,,Constant,CASH,,,,,,,,,,,,,,,,,,,,,,,
1,Rates,Swap,Cross_Currency_Fixed_Fixed,UPI,QZFGVPR0X679,New,,2023-10-17T03:18:07,SRDDCP,Fixed - Fixed,Cross Currency,Physical,NA/Swap Fxd Fxd EUR SEK,N/A,EUR,,,,SEK,,,,Amortizing,PHYS,,,,,,,,,,,,,,,,,,,,,,,
1,Rates,Swap,Cross_Currency_Fixed_Fixed,UPI,QZJ86B544ZHK,New,,2023-10-17T03:18:09,SRDYCP,Fixed - Fixed,Cross Currency,Physical,NA/Swap Fxd Fxd EUR HUF,N/A,EUR,,,,HUF,,,,Custom,PHYS,,,,,,,,,,,,,,,,,,,,,,,
1,Rates,Swap,Cross_Currency_Fixed_Fixed,UPI,QZ99GW3VWZ32,New,,2023-10-17T03:18:10,SRDCCP,Fixed - Fixed,Cross Currency,Physical,NA/Swap Fxd Fxd GBP TRY,N/A,GBP,,,,TRY,,,,Constant,PHYS,,,,,,,,,,,,,,,,,,,,,,,
1,Rates,Swap,Cross_Currency_Fixed_Fixed,UPI,QZRQWZZPKMT7,New,,2023-10-17T03:18:11,SRDDCP,Fixed - Fixed,Cross Currency,Physical,NA/Swap Fxd Fxd AED EUR,N/A,AED,,,,EUR,,,,Amortizing,PHYS,,,,,,,,,,,,,,,,,,,,,,,
1,Rates,Swap,Cross_Currency_Fixed_Fixed,UPI,QZ4Z9M270S46,New,,2023-10-17T03:18:13,SRDCCP,Fixed - Fixed,Cross Currency,Physical,NA/Swap Fxd Fxd CZK PLN,N/A,CZK,,,,PLN,,,,Constant,PHYS,,,,,,,,,,,,,,,,,,,,,,,
1,Rates,Swap,Cross_Currency_Fixed_Fixed,UPI,QZNN7LTVDLRH,New,,2023-10-17T03:18:17,SRDCCP,Fixed - Fixed,Cross Currency,Physical,NA/Swap Fxd Fxd AED EUR,N/A,AED,,,,EUR,,,,Constant,PHYS,,,,,,,,,,,,,,,,,,,,,,,
1,Rates,Swap,Cross_Currency_Fixed_Fixed,UPI,QZMXCD0C7BM0,New,,2023-10-17T03:19:06,SRDDCP,Fixed - Fixed,Cross Currency,Physical,NA/Swap Fxd Fxd CHF CZK,N/A,CHF,,,,CZK,,,,Amortizing,PHYS,,,,,,,,,,,,,,,,,,,,,,,
1,Rates,Swap,Cross_Currency_Fixed_Fixed,UPI,QZM8V9FFQSNB,New,,2023-10-17T03:19:12,SRDCCP,Fixed - Fixed,Cross Currency,Physical,NA/Swap Fxd Fxd CZK JPY,N/A,CZK,,,,JPY,,,,Constant,PHYS,,,,,,,,,,,,,,,,,,,,,,,
1,Rates,Swap,Cross_Currency_Fixed_Fixed,UPI,QZ6FHTRXS0QH,New,,2023-10-17T03:19:19,SRDCCP,Fixed - Fixed,Cross Currency,Physical,NA/Swap Fxd Fxd CNY HKD,N/A,CNY,,,,HKD,,,,Constant,PHYS,,,,,,,,,,,,,,,,,,,,,,,
1,Rates,Swap,Cross_Currency_Fixed_Fixed,UPI,QZ1W6SJWNHM3,New,,2023-10-17T03:19:42,SRDCCP,Fixed - Fixed,Cross Currency,Physical,NA/Swap Fxd Fxd IDR JPY,N/A,IDR,,,,JPY,,,,Constant,PHYS,,,,,,,,,,,,,,,,,,,,,,,
1,Rates,Swap,Cross_Currency_Fixed_Fixed,UPI,QZ33Z8BRJP5X,New,,2023-10-17T03:19:43,SRDCCP,Fixed - Fixed,Cross Currency,Physical,NA/Swap Fxd Fxd CHF SEK,N/A,CHF,,,,SEK,,,,Constant,PHYS,,,,,,,,,,,,,,,,,,,,,,,
1,Rates,Swap,Cross_Currency_Fixed_Fixed,UPI,QZJ0XTJDHLJB,New,,2023-10-17T03:19:50,SRDCCC,Fixed - Fixed,Cross Currency,Cash,NA/Swap Fxd Fxd CNY SGD,N/A,CNY,,,,SGD,,,,Constant,CASH,,,,,,,,,,,,,,,,,,,,,,,
1,Rates,Swap,Cross_Currency_Fixed_Fixed,UPI,QZ8QFL53FQHB,New,,2023-10-17T03:19:51,SRDCCC,Fixed - Fixed,Cross Currency,Cash,NA/Swap Fxd Fxd CHF PLN,N/A,CHF,,,,PLN,,,,Constant,CASH,,,,,,,,,,,,,,,,,,,,,,,
1,Rates,Swap,Cross_Currency_Fixed_Fixed,UPI,QZ0NXLLXC513,New,,2023-10-17T03:19:51,SRDYCP,Fixed - Fixed,Cross Currency,Physical,NA/Swap Fxd Fxd DKK EUR,N/A,DKK,,,,EUR,,,,Custom,PHYS,,,,,,,,,,,,,,,,,,,,,,,
1,Rates,Swap,Cross_Currency_Fixed_Fixed,UPI,QZ9M7Z96922C,New,,2023-10-17T03:19:54,SRDDCP,Fixed - Fixed,Cross Currency,Physical,NA/Swap Fxd Fxd KRW USD,N/A,KRW,,,,USD,,,,Amortizing,PHYS,,,,,,,,,,,,,,,,,,,,,,,
1,Rates,Swap,Cross_Currency_Fixed_Fixed,UPI,QZ6WF95D9ZNR,New,,2023-10-17T03:19:59,SRDDCP,Fixed - Fixed,Cross Currency,Physical,NA/Swap Fxd Fxd IDR USD,N/A,IDR,,,,USD,,,,Amortizing,PHYS,,,,,,,,,,,,,,,,,,,,,,,
1,Rates,Swap,Cross_Currency_Fixed_Fixed,UPI,QZFC0SZJC00W,New,,2023-10-17T03:20:12,SRDDCC,Fixed - Fixed,Cross Currency,Cash,NA/Swap Fxd Fxd INR SGD,N/A,INR,,,,SGD,,,,Amortizing,CASH,,,,,,,,,,,,,,,,,,,,,,,
1,Rates,Swap,Cross_Currency_Fixed_Fixed,UPI,QZRKC0LWQ32X,New,,2023-10-17T03:20:30,SRDDCC,Fixed - Fixed,Cross Currency,Cash,NA/Swap Fxd Fxd CLP EUR,N/A,CLP,,,,EUR,,,,Amortizing,CASH,,,,,,,,,,,,,,,,,,,,,,,
1,Rates,Swap,Cross_Currency_Fixed_Fixed,UPI,QZ58JXSZX7GB,New,,2023-10-17T03:20:38,SRDDCP,Fixed - Fixed,Cross Currency,Physical,NA/Swap Fxd Fxd EUR HUF,N/A,EUR,,,,HUF,,,,Amortizing,PHYS,,,,,,,,,,,,,,,,,,,,,,,
1,Rates,Swap,Cross_Currency_Fixed_Fixed,UPI,QZGJCSG913VZ,New,,2023-10-17T03:20:44,SRDCCC,Fixed - Fixed,Cross Currency,Cash,NA/Swap Fxd Fxd BRL JPY,N/A,BRL,,,,JPY,,,,Constant,CASH,,,,,,,,,,,,,,,,,,,,,,,
1,Rates,Swap,Cross_Currency_Fixed_Fixed,UPI,QZWWZTN02C6D,New,,2023-10-17T03:20:59,SRDCCC,Fixed - Fixed,Cross Currency,Cash,NA/Swap Fxd Fxd CLP PEN,N/A,CLP,,,,PEN,,,,Constant,CASH,,,,,,,,,,,,,,,,,,,,,,,
1,Rates,Swap,Cross_Currency_Fixed_Fixed,UPI,QZ3R5DXFZQCT,New,,2023-10-17T03:21:00,SRDCCC,Fixed - Fixed,Cross Currency,Cash,NA/Swap Fxd Fxd GBP SEK,N/A,GBP,,,,SEK,,,,Constant,CASH,,,,,,,,,,,,,,,,,,,,,,,
1,Rates,Swap,Cross_Currency_Fixed_Fixed,UPI,QZK7F2NRHSND,New,,2023-10-17T03:21:03,SRDCCC,Fixed - Fixed,Cross Currency,Cash,NA/Swap Fxd Fxd KZT USD,N/A,KZT,,,,USD,,,,Constant,CASH,,,,,,,,,,,,,,,,,,,,,,,
1,Rates,Swap,Cross_Currency_Fixed_Fixed,UPI,QZCPNGWWC9D4,New,,2023-10-17T03:21:20,SRDCCC,Fixed - Fixed,Cross Currency,Cash,NA/Swap Fxd Fxd CLF CLP,N/A,CLF,,,,CLP,,,,Constant,CASH,,,,,,,,,,,,,,,,,,,,,,,
1,Rates,Swap,Cross_Currency_Fixed_Fixed,UPI,QZ0GBJPVS6P8,New,,2023-10-17T03:21:24,SRDCCC,Fixed - Fixed,Cross Currency,Cash,NA/Swap Fxd Fxd RSD USD,N/A,RSD,,,,USD,,,,Constant,CASH,,,,,,,,,,,,,,,,,,,,,,,
1,Rates,Swap,Cross_Currency_Fixed_Fixed,UPI,QZW7538D2Q66,New,,2023-10-17T03:21:27,SRDYCC,Fixed - Fixed,Cross Currency,Cash,NA/Swap Fxd Fxd CNY USD,N/A,CNY,,,,USD,,,,Custom,CASH,,,,,,,,,,,,,,,,,,,,,,,
1,Rates,Swap,Cross_Currency_Fixed_Fixed,UPI,QZJFF8D99551,New,,2023-10-17T03:21:31,SRDICC,Fixed - Fixed,Cross Currency,Cash,NA/Swap Fxd Fxd SGD USD,N/A,SGD,,,,USD,,,,Accreting,CASH,,,,,,,,,,,,,,,,,,,,,,,
1,Rates,Swap,Cross_Currency_Fixed_Fixed,UPI,QZQX5MVQDCJV,New,,2023-10-17T03:21:32,SRDCCC,Fixed - Fixed,Cross Currency,Cash,NA/Swap Fxd Fxd GBP ILS,N/A,GBP,,,,ILS,,,,Constant,CASH,,,,,,,,,,,,,,,,,,,,,,,
1,Rates,Swap,Cross_Currency_Fixed_Fixed,UPI,QZQBM5C48C5P,New,,2023-10-17T03:21:38,SRDCCP,Fixed - Fixed,Cross Currency,Physical,NA/Swap Fxd Fxd CNY GBP,N/A,CNY,,,,GBP,,,,Constant,PHYS,,,,,,,,,,,,,,,,,,,,,,,
1,Rates,Swap,Cross_Currency_Fixed_Fixed,UPI,QZ8T342CSTL5,New,,2023-10-17T03:21:40,SRDYCC,Fixed - Fixed,Cross Currency,Cash,NA/Swap Fxd Fxd NOK USD,N/A,NOK,,,,USD,,,,Custom,CASH,,,,,,,,,,,,,,,,,,,,,,,
1,Rates,Swap,Cross_Currency_Fixed_Fixed,UPI,QZD90HHJZ3WC,New,,2023-10-17T03:21:44,SRDCCP,Fixed - Fixed,Cross Currency,Physical,NA/Swap Fxd Fxd JPY PHP,N/A,JPY,,,,PHP,,,,Constant,PHYS,,,,,,,,,,,,,,,,,,,,,,,
1,Rates,Swap,Cross_Currency_Fixed_Fixed,UPI,QZXDFWXP5H5Z,New,,2023-10-17T03:21:50,SRDCCP,Fixed - Fixed,Cross Currency,Physical,NA/Swap Fxd Fxd DKK SEK,N/A,DKK,,,,SEK,,,,Constant,PHYS,,,,,,,,,,,,,,,,,,,,,,,
1,Rates,Swap,Cross_Currency_Fixed_Fixed,UPI,QZWQ74B70XWK,New,,2023-10-17T03:22:06,SRDCCC,Fixed - Fixed,Cross Currency,Cash,NA/Swap Fxd Fxd INR SGD,N/A,INR,,,,SGD,,,,Constant,CASH,,,,,,,,,,,,,,,,,,,,,,,
1,Rates,Swap,Cross_Currency_Fixed_Fixed,UPI,QZ3LFLDQ1HP5,New,,2023-10-17T03:22:06,SRDYCC,Fixed - Fixed,Cross Currency,Cash,NA/Swap Fxd Fxd PHP USD,N/A,PHP,,,,USD,,,,Custom,CASH,,,,,,,,,,,,,,,,,,,,,,,
1,Rates,Swap,Cross_Currency_Fixed_Fixed,UPI,QZQ4RHN16GHZ,New,,2023-10-17T03:22:10,SRDCCP,Fixed - Fixed,Cross Currency,Physical,NA/Swap Fxd Fxd JPY MYR,N/A,JPY,,,,MYR,,,,Constant,PHYS,,,,,,,,,,,,,,,,,,,,,,,
1,Rates,Swap,Cross_Currency_Fixed_Fixed,UPI,QZF8XMNPRSS7,New,,2023-10-17T03:22:11,SRDCCP,Fixed - Fixed,Cross Currency,Physical,NA/Swap Fxd Fxd EGP USD,N/A,EGP,,,,USD,,,,Constant,PHYS,,,,,,,,,,,,,,,,,,,,,,,
1,Rates,Swap,Cross_Currency_Fixed_Fixed,UPI,QZ2CHQHP15W9,New,,2023-10-17T03:22:29,SRDCCC,Fixed - Fixed,Cross Currency,Cash,NA/Swap Fxd Fxd EUR NZD,N/A,EUR,,,,NZD,,,,Constant,CASH,,,,,,,,,,,,,,,,,,,,,,,
1,Rates,Swap,Cross_Currency_Fixed_Fixed,UPI,QZ944GTB7K7T,New,,2023-10-17T03:22:38,SRDDCP,Fixed - Fixed,Cross Currency,Physical,NA/Swap Fxd Fxd CNY RUB,N/A,CNY,,,,RUB,,,,Amortizing,PHYS,,,,,,,,,,,,,,,,,,,,,,,
1,Rates,Swap,Cross_Currency_Fixed_Fixed,UPI,QZM697BBQGRX,New,,2023-10-17T03:22:48,SRDCCP,Fixed - Fixed,Cross Currency,Physical,NA/Swap Fxd Fxd KZT USD,N/A,KZT,,,,USD,,,,Constant,PHYS,,,,,,,,,,,,,,,,,,,,,,,
1,Rates,Swap,Cross_Currency_Fixed_Fixed,UPI,QZQP2BKM66F7,New,,2023-10-17T03:22:55,SRDCCC,Fixed - Fixed,Cross Currency,Cash,NA/Swap Fxd Fxd HKD MYR,N/A,HKD,,,,MYR,,,,Constant,CASH,,,,,,,,,,,,,,,,,,,,,,,
1,Rates,Swap,Cross_Currency_Fixed_Fixed,UPI,QZ5ZBZ7MVJZ9,New,,2023-10-17T03:23:05,SRDYCP,Fixed - Fixed,Cross Currency,Physical,NA/Swap Fxd Fxd NZD USD,N/A,NZD,,,,USD,,,,Custom,PHYS,,,,,,,,,,,,,,,,,,,,,,,
1,Rates,Swap,Cross_Currency_Fixed_Fixed,UPI,QZ5KZB87RKW7,New,,2023-10-17T03:23:05,SRDDCC,Fixed - Fixed,Cross Currency,Cash,NA/Swap Fxd Fxd IDR JPY,N/A,IDR,,,,JPY,,,,Amortizing,CASH,,,,,,,,,,,,,,,,,,,,,,,
1,Rates,Swap,Cross_Currency_Fixed_Fixed,UPI,QZVBDCG46D3X,New,,2023-10-17T03:23:25,SRDCCC,Fixed - Fixed,Cross Currency,Cash,NA/Swap Fxd Fxd HKD TWD,N/A,HKD,,,,TWD,,,,Constant,CASH,,,,,,,,,,,,,,,,,,,,,,,
1,Rates,Swap,Cross_Currency_Fixed_Fixed,UPI,QZ632TX6N3B2,New,,2023-10-17T03:23:31,SRDCCP,Fixed - Fixed,Cross Currency,Physical,NA/Swap Fxd Fxd AUD CNY,N/A,AUD,,,,CNY,,,,Constant,PHYS,,,,,,,,,,,,,,,,,,,,,,,
1,Rates,Swap,Cross_Currency_Fixed_Fixed,UPI,QZLWX349PWTD,New,,2023-10-17T03:23:36,SRDDCC,Fixed - Fixed,Cross Currency,Cash,NA/Swap Fxd Fxd KZT USD,N/A,KZT,,,,USD,,,,Amortizing,CASH,,,,,,,,,,,,,,,,,,,,,,,
1,Rates,Swap,Cross_Currency_Fixed_Fixed,UPI,QZ8271T75JKB,New,,2023-10-17T03:24:30,SRDICP,Fixed - Fixed,Cross Currency,Physical,NA/Swap Fxd Fxd DKK USD,N/A,DKK,,,,USD,,,,Accreting,PHYS,,,,,,,,,,,,,,,,,,,,,,,
1,Rates,Swap,Cross_Currency_Fixed_Fixed,UPI,QZFF6C2CK6Q3,New,,2023-10-17T03:24:30,SRDDCP,Fixed - Fixed,Cross Currency,Physical,NA/Swap Fxd Fxd DKK USD,N/A,DKK,,,,USD,,,,Amortizing,PHYS,,,,,,,,,,,,,,,,,,,,,,,
1,Rates,Swap,Cross_Currency_Fixed_Fixed,UPI,QZL9RS9HS12X,New,,2023-10-17T03:24:31,SRDICP,Fixed - Fixed,Cross Currency,Physical,NA/Swap Fxd Fxd RUB USD,N/A,RUB,,,,USD,,,,Accreting,PHYS,,,,,,,,,,,,,,,,,,,,,,,
1,Rates,Swap,Cross_Currency_Fixed_Fixed,UPI,QZ28B9BTLVM7,New,,2023-10-17T03:24:34,SRDDCP,Fixed - Fixed,Cross Currency,Physical,NA/Swap Fxd Fxd CAD DKK,N/A,CAD,,,,DKK,,,,Amortizing,PHYS,,,,,,,,,,,,,,,,,,,,,,,
1,Rates,Swap,Cross_Currency_Fixed_Fixed,UPI,QZJVRM5JM7K7,New,,2023-10-17T03:24:38,SRDYCC,Fixed - Fixed,Cross Currency,Cash,NA/Swap Fxd Fxd CNY EUR,N/A,CNY,,,,EUR,,,,Custom,CASH,,,,,,,,,,,,,,,,,,,,,,,
1,Rates,Swap,Cross_Currency_Fixed_Fixed,UPI,QZLN5N6DKBR4,New,,2023-10-17T03:24:38,SRDICP,Fixed - Fixed,Cross Currency,Physical,NA/Swap Fxd Fxd CNY EUR,N/A,CNY,,,,EUR,,,,Accreting,PHYS,,,,,,,,,,,,,,,,,,,,,,,
1,Rates,Swap,Cross_Currency_Fixed_Fixed,UPI,QZKLMM1JWFW5,New,,2023-10-17T03:24:38,SRDYCP,Fixed - Fixed,Cross Currency,Physical,NA/Swap Fxd Fxd CNY EUR,N/A,CNY,,,,EUR,,,,Custom,PHYS,,,,,,,,,,,,,,,,,,,,,,,
1,Rates,Swap,Cross_Currency_Fixed_Fixed,UPI,QZ6PRSM519W7,New,,2023-10-17T03:25:10,SRDCCC,Fixed - Fixed,Cross Currency,Cash,NA/Swap Fxd Fxd USD VND,N/A,USD,,,,VND,,,,Constant,CASH,,,,,,,,,,,,,,,,,,,,,,,
1,Rates,Swap,Cross_Currency_Fixed_Fixed,UPI,QZTBHXQ748D4,New,,2023-10-17T03:25:15,SRDCCC,Fixed - Fixed,Cross Currency,Cash,NA/Swap Fxd Fxd KZT RUB,N/A,KZT,,,,RUB,,,,Constant,CASH,,,,,,,,,,,,,,,,,,,,,,,
1,Rates,Swap,Cross_Currency_Fixed_Fixed,UPI,QZ1JM2XFFGRB,New,,2023-10-17T03:25:23,SRDICC,Fixed - Fixed,Cross Currency,Cash,NA/Swap Fxd Fxd BRL EUR,N/A,BRL,,,,EUR,,,,Accreting,CASH,,,,,,,,,,,,,,,,,,,,,,,
1,Rates,Swap,Cross_Currency_Fixed_Fixed,UPI,QZ8Q2L1K711H,New,,2023-10-17T03:25:27,SRDDCC,Fixed - Fixed,Cross Currency,Cash,NA/Swap Fxd Fxd EUR KRW,N/A,EUR,,,,KRW,,,,Amortizing,CASH,,,,,,,,,,,,,,,,,,,,,,,
1,Rates,Swap,Cross_Currency_Fixed_Fixed,UPI,QZTT4DMZCC2F,New,,2023-10-17T03:25:32,SRDICC,Fixed - Fixed,Cross Currency,Cash,NA/Swap Fxd Fxd EUR ZAR,N/A,EUR,,,,ZAR,,,,Accreting,CASH,,,,,,,,,,,,,,,,,,,,,,,
1,Rates,Swap,Cross_Currency_Fixed_Fixed,UPI,QZTHD3MF7XB1,New,,2023-10-17T03:25:35,SRDCCP,Fixed - Fixed,Cross Currency,Physical,NA/Swap Fxd Fxd LKR USD,N/A,LKR,,,,USD,,,,Constant,PHYS,,,,,,,,,,,,,,,,,,,,,,,
1,Rates,Swap,Cross_Currency_Fixed_Fixed,UPI,QZ6HGZ3ZWRNB,New,,2023-10-17T03:25:36,SRDCCP,Fixed - Fixed,Cross Currency,Physical,NA/Swap Fxd Fxd KES USD,N/A,KES,,,,USD,,,,Constant,PHYS,,,,,,,,,,,,,,,,,,,,,,,
1,Rates,Swap,Cross_Currency_Fixed_Fixed,UPI,QZSB21R8TN51,New,,2023-10-17T03:25:37,SRDDCP,Fixed - Fixed,Cross Currency,Physical,NA/Swap Fxd Fxd KES USD,N/A,KES,,,,USD,,,,Amortizing,PHYS,,,,,,,,,,,,,,,,,,,,,,,
1,Rates,Swap,Cross_Currency_Fixed_Fixed,UPI,QZX5K6W1XLVT,New,,2023-10-17T03:25:43,SRDCCC,Fixed - Fixed,Cross Currency,Cash,NA/Swap Fxd Fxd CNY TRY,N/A,CNY,,,,TRY,,,,Constant,CASH,,,,,,,,,,,,,,,,,,,,,,,
1,Rates,Swap,Cross_Currency_Fixed_Fixed,UPI,QZD0RDFM2VCC,New,,2023-10-17T03:25:46,SRDCCC,Fixed - Fixed,Cross Currency,Cash,NA/Swap Fxd Fxd NOK SGD,N/A,NOK,,,,SGD,,,,Constant,CASH,,,,,,,,,,,,,,,,,,,,,,,
1,Rates,Swap,Cross_Currency_Fixed_Fixed,UPI,QZQJDJLV4N6B,New,,2023-10-17T03:25:53,SRDYCC,Fixed - Fixed,Cross Currency,Cash,NA/Swap Fxd Fxd EUR INR,N/A,EUR,,,,INR,,,,Custom,CASH,,,,,,,,,,,,,,,,,,,,,,,
1,Rates,Swap,Cross_Currency_Fixed_Fixed,UPI,QZL5MVFJJDRZ,New,,2023-10-17T03:26:02,SRDCCC,Fixed - Fixed,Cross Currency,Cash,NA/Swap Fxd Fxd EGP USD,N/A,EGP,,,,USD,,,,Constant,CASH,,,,,,,,,,,,,,,,,,,,,,,
1,Rates,Swap,Cross_Currency_Fixed_Fixed,UPI,QZ470G5K5W4H,New,,2023-10-17T03:26:03,SRDDCP,Fixed - Fixed,Cross Currency,Physical,NA/Swap Fxd Fxd AUD GBP,N/A,AUD,,,,GBP,,,,Amortizing,PHYS,,,,,,,,,,,,,,,,,,,,,,,
1,Rates,Swap,Cross_Currency_Fixed_Fixed,UPI,QZ9P0ZQ7TSSG,New,,2023-10-17T03:26:08,SRDCCP,Fixed - Fixed,Cross Currency,Physical,NA/Swap Fxd Fxd CNY TRY,N/A,CNY,,,,TRY,,,,Constant,PHYS,,,,,,,,,,,,,,,,,,,,,,,
1,Rates,Swap,Cross_Currency_Fixed_Fixed,UPI,QZJB14QHTTPC,New,,2023-10-17T03:26:12,SRDCCP,Fixed - Fixed,Cross Currency,Physical,NA/Swap Fxd Fxd NOK SGD,N/A,NOK,,,,SGD,,,,Constant,PHYS,,,,,,,,,,,,,,,,,,,,,,,
1,Rates,Swap,Cross_Currency_Fixed_Fixed,UPI,QZ6G3GQMPL9S,New,,2023-10-17T03:26:16,SRDDCP,Fixed - Fixed,Cross Currency,Physical,NA/Swap Fxd Fxd CZK USD,N/A,CZK,,,,USD,,,,Amortizing,PHYS,,,,,,,,,,,,,,,,,,,,,,,
1,Rates,Swap,Cross_Currency_Fixed_Fixed,UPI,QZPHRNJDSRBJ,New,,2023-10-17T03:26:16,SRDDCP,Fixed - Fixed,Cross Currency,Physical,NA/Swap Fxd Fxd EUR XAF,N/A,EUR,,,,XAF,,,,Amortizing,PHYS,,,,,,,,,,,,,,,,,,,,,,,
1,Rates,Swap,Cross_Currency_Fixed_Fixed,UPI,QZBPHRZXPX1R,New,,2023-10-17T03:26:22,SRDDCC,Fixed - Fixed,Cross Currency,Cash,NA/Swap Fxd Fxd EUR XOF,N/A,EUR,,,,XOF,,,,Amortizing,CASH,,,,,,,,,,,,,,,,,,,,,,,
1,Rates,Swap,Cross_Currency_Fixed_Fixed,UPI,QZT0LRSJPWBJ,New,,2023-10-17T03:26:28,SRDCCC,Fixed - Fixed,Cross Currency,Cash,NA/Swap Fxd Fxd EUR XOF,N/A,EUR,,,,XOF,,,,Constant,CASH,,,,,,,,,,,,,,,,,,,,,,,
1,Rates,Swap,Cross_Currency_Fixed_Fixed,UPI,QZL4GZTMN9G7,New,,2023-10-17T03:26:28,SRDDCP,Fixed - Fixed,Cross Currency,Physical,NA/Swap Fxd Fxd EUR XOF,N/A,EUR,,,,XOF,,,,Amortizing,PHYS,,,,,,,,,,,,,,,,,,,,,,,
1,Rates,Swap,Cross_Currency_Fixed_Fixed,UPI,QZQPH5PS1WHK,New,,2023-10-17T03:26:28,SRDCCP,Fixed - Fixed,Cross Currency,Physical,NA/Swap Fxd Fxd EUR XOF,N/A,EUR,,,,XOF,,,,Constant,PHYS,,,,,,,,,,,,,,,,,,,,,,,
1,Rates,Swap,Cross_Currency_Fixed_Fixed,UPI,QZMFPRD0DB51,New,,2023-10-17T03:26:35,SRDDCC,Fixed - Fixed,Cross Currency,Cash,NA/Swap Fxd Fxd JPY TWD,N/A,JPY,,,,TWD,,,,Amortizing,CASH,,,,,,,,,,,,,,,,,,,,,,,
1,Rates,Swap,Cross_Currency_Fixed_Fixed,UPI,QZNVJDV1Z63R,New,,2023-10-17T03:26:39,SRDCCP,Fixed - Fixed,Cross Currency,Physical,NA/Swap Fxd Fxd UGX USD,N/A,UGX,,,,USD,,,,Constant,PHYS,,,,,,,,,,,,,,,,,,,,,,,
1,Rates,Swap,Cross_Currency_Fixed_Fixed,UPI,QZPZZ3CTJ0CV,New,,2023-10-17T03:26:44,SRDDCC,Fixed - Fixed,Cross Currency,Cash,NA/Swap Fxd Fxd NOK USD,N/A,NOK,,,,USD,,,,Amortizing,CASH,,,,,,,,,,,,,,,,,,,,,,,
1,Rates,Swap,Cross_Currency_Fixed_Fixed,UPI,QZB6ZL341LR2,New,,2023-10-17T03:26:50,SRDYCC,Fixed - Fixed,Cross Currency,Cash,NA/Swap Fxd Fxd CAD ILS,N/A,CAD,,,,ILS,,,,Custom,CASH,,,,,,,,,,,,,,,,,,,,,,,
1,Rates,Swap,Cross_Currency_Fixed_Fixed,UPI,QZTB20F32P9H,New,,2023-10-17T03:27:07,SRDYCC,Fixed - Fixed,Cross Currency,Cash,NA/Swap Fxd Fxd INR JPY,N/A,INR,,,,JPY,,,,Custom,CASH,,,,,,,,,,,,,,,,,,,,,,,
1,Rates,Swap,Cross_Currency_Fixed_Fixed,UPI,QZZFST6WN3KL,New,,2023-10-17T03:27:30,SRDICC,Fixed - Fixed,Cross Currency,Cash,NA/Swap Fxd Fxd INR USD,N/A,INR,,,,USD,,,,Accreting,CASH,,,,,,,,,,,,,,,,,,,,,,,
1,Rates,Swap,Cross_Currency_Fixed_Fixed,UPI,QZXD4J9GM6T9,New,,2023-10-17T03:27:32,SRDCCC,Fixed - Fixed,Cross Currency,Cash,NA/Swap Fxd Fxd JPY SGD,N/A,JPY,,,,SGD,,,,Constant,CASH,,,,,,,,,,,,,,,,,,,,,,,
1,Rates,Swap,Cross_Currency_Fixed_Fixed,UPI,QZ275MZHNWJ2,New,,2023-10-17T03:27:38,SRDYCP,Fixed - Fixed,Cross Currency,Physical,NA/Swap Fxd Fxd AUD CAD,N/A,AUD,,,,CAD,,,,Custom,PHYS,,,,,,,,,,,,,,,,,,,,,,,
1,Rates,Swap,Cross_Currency_Fixed_Fixed,UPI,QZ3H3Z8GG755,New,,2023-10-17T03:27:38,SRDCCC,Fixed - Fixed,Cross Currency,Cash,NA/Swap Fxd Fxd XAF XOF,N/A,XAF,,,,XOF,,,,Constant,CASH,,,,,,,,,,,,,,,,,,,,,,,
1,Rates,Swap,Cross_Currency_Fixed_Fixed,UPI,QZTNBSD8XG4V,New,,2023-10-17T03:27:38,SRDCCC,Fixed - Fixed,Cross Currency,Cash,NA/Swap Fxd Fxd EUR XAF,N/A,EUR,,,,XAF,,,,Constant,CASH,,,,,,,,,,,,,,,,,,,,,,,
1,Rates,Swap,Cross_Currency_Fixed_Fixed,UPI,QZK904GL59JP,New,,2023-10-17T03:27:38,SRDDCC,Fixed - Fixed,Cross Currency,Cash,NA/Swap Fxd Fxd EUR XAF,N/A,EUR,,,,XAF,,,,Amortizing,CASH,,,,,,,,,,,,,,,,,,,,,,,
1,Rates,Swap,Cross_Currency_Fixed_Fixed,UPI,QZZBZC5CS0VZ,New,,2023-10-17T03:27:38,SRDCCP,Fixed - Fixed,Cross Currency,Physical,NA/Swap Fxd Fxd CHF PLN,N/A,CHF,,,,PLN,,,,Constant,PHYS,,,,,,,,,,,,,,,,,,,,,,,
1,Rates,Swap,Cross_Currency_Fixed_Fixed,UPI,QZMVSQ65R8N6,New,,2023-10-17T03:27:53,SRDYCC,Fixed - Fixed,Cross Currency,Cash,NA/Swap Fxd Fxd SGD USD,N/A,SGD,,,,USD,,,,Custom,CASH,,,,,,,,,,,,,,,,,,,,,,,
1,Rates,Swap,Cross_Currency_Fixed_Fixed,UPI,QZKTFBCG2J8G,New,,2023-10-17T03:27:59,SRDCCP,Fixed - Fixed,Cross Currency,Physical,NA/Swap Fxd Fxd CNY RUB,N/A,CNY,,,,RUB,,,,Constant,PHYS,,,,,,,,,,,,,,,,,,,,,,,
1,Rates,Swap,Cross_Currency_Fixed_Fixed,UPI,QZ665JK3JRJF,New,,2023-10-17T03:28:10,SRDCCC,Fixed - Fixed,Cross Currency,Cash,NA/Swap Fxd Fxd KES USD,N/A,KES,,,,USD,,,,Constant,CASH,,,,,,,,,,,,,,,,,,,,,,,
1,Rates,Swap,Cross_Currency_Fixed_Fixed,UPI,QZ9CF7L397FZ,New,,2023-10-17T03:28:29,SRDDCP,Fixed - Fixed,Cross Currency,Physical,NA/Swap Fxd Fxd CNY EUR,N/A,CNY,,,,EUR,,,,Amortizing,PHYS,,,,,,,,,,,,,,,,,,,,,,,
1,Rates,Swap,Cross_Currency_Fixed_Fixed,UPI,QZKQ4W0TV0NQ,New,,2023-10-17T03:28:44,SRDDCP,Fixed - Fixed,Cross Currency,Physical,NA/Swap Fxd Fxd SAR USD,N/A,SAR,,,,USD,,,,Amortizing,PHYS,,,,,,,,,,,,,,,,,,,,,,,
1,Rates,Swap,Cross_Currency_Fixed_Fixed,UPI,QZCGJ0ZB0CSZ,New,,2023-10-17T03:28:55,SRDCCP,Fixed - Fixed,Cross Currency,Physical,NA/Swap Fxd Fxd KRW NOK,N/A,KRW,,,,NOK,,,,Constant,PHYS,,,,,,,,,,,,,,,,,,,,,,,
1,Rates,Swap,Cross_Currency_Fixed_Fixed,UPI,QZJDK635WGSQ,New,,2023-10-17T03:29:07,SRDCCP,Fixed - Fixed,Cross Currency,Physical,NA/Swap Fxd Fxd EUR MYR,N/A,EUR,,,,MYR,,,,Constant,PHYS,,,,,,,,,,,,,,,,,,,,,,,
1,Rates,Swap,Cross_Currency_Fixed_Fixed,UPI,QZKDNDLLQMTL,New,,2023-10-17T03:29:08,SRDDCP,Fixed - Fixed,Cross Currency,Physical,NA/Swap Fxd Fxd CNY JPY,N/A,CNY,,,,JPY,,,,Amortizing,PHYS,,,,,,,,,,,,,,,,,,,,,,,
1,Rates,Swap,Cross_Currency_Fixed_Fixed,UPI,QZFDSGVC0B5W,New,,2023-10-17T03:29:23,SRDCCC,Fixed - Fixed,Cross Currency,Cash,NA/Swap Fxd Fxd MYR USD,N/A,MYR,,,,USD,,,,Constant,CASH,,,,,,,,,,,,,,,,,,,,,,,
1,Rates,Swap,Cross_Currency_Fixed_Fixed,UPI,QZWBZFH8X56M,New,,2023-10-17T03:29:24,SRDCCP,Fixed - Fixed,Cross Currency,Physical,NA/Swap Fxd Fxd EUR TND,N/A,EUR,,,,TND,,,,Constant,PHYS,,,,,,,,,,,,,,,,,,,,,,,
1,Rates,Swap,Cross_Currency_Fixed_Fixed,UPI,QZ4ML94X95Z3,New,,2023-10-17T03:29:28,SRDYCC,Fixed - Fixed,Cross Currency,Cash,NA/Swap Fxd Fxd GBP NOK,N/A,GBP,,,,NOK,,,,Custom,CASH,,,,,,,,,,,,,,,,,,,,,,,
1,Rates,Swap,Cross_Currency_Fixed_Fixed,UPI,QZJMG71C3CBP,New,,2023-10-17T03:29:31,SRDCCC,Fixed - Fixed,Cross Currency,Cash,NA/Swap Fxd Fxd AUD HKD,N/A,AUD,,,,HKD,,,,Constant,CASH,,,,,,,,,,,,,,,,,,,,,,,
1,Rates,Swap,Cross_Currency_Fixed_Fixed,UPI,QZZ67JTX5F0R,New,,2023-10-17T03:29:37,SRDCCC,Fixed - Fixed,Cross Currency,Cash,NA/Swap Fxd Fxd AUD SGD,N/A,AUD,,,,SGD,,,,Constant,CASH,,,,,,,,,,,,,,,,,,,,,,,
1,Rates,Swap,Cross_Currency_Fixed_Fixed,UPI,QZCTPPS9PWB4,New,,2023-10-17T03:29:38,SRDDCP,Fixed - Fixed,Cross Currency,Physical,NA/Swap Fxd Fxd KZT USD,N/A,KZT,,,,USD,,,,Amortizing,PHYS,,,,,,,,,,,,,,,,,,,,,,,
1,Rates,Swap,Cross_Currency_Fixed_Fixed,UPI,QZL79N35TH4N,New,,2023-10-17T03:29:52,SRDICP,Fixed - Fixed,Cross Currency,Physical,NA/Swap Fxd Fxd AUD USD,N/A,AUD,,,,USD,,,,Accreting,PHYS,,,,,,,,,,,,,,,,,,,,,,,
1,Rates,Swap,Cross_Currency_Fixed_Fixed,UPI,QZGR5WDLJZ16,New,,2023-10-17T03:30:19,SRDCCC,Fixed - Fixed,Cross Currency,Cash,NA/Swap Fxd Fxd PLN USD,N/A,PLN,,,,USD,,,,Constant,CASH,,,,,,,,,,,,,,,,,,,,,,,
1,Rates,Swap,Cross_Currency_Fixed_Fixed,UPI,QZTCMNXKGT4V,New,,2023-10-17T03:30:21,SRDDCC,Fixed - Fixed,Cross Currency,Cash,NA/Swap Fxd Fxd CNY JPY,N/A,CNY,,,,JPY,,,,Amortizing,CASH,,,,,,,,,,,,,,,,,,,,,,,
1,Rates,Swap,Cross_Currency_Fixed_Fixed,UPI,QZ35RDVW3N24,New,,2023-10-17T03:30:21,SRDDCC,Fixed - Fixed,Cross Currency,Cash,NA/Swap Fxd Fxd EUR IDR,N/A,EUR,,,,IDR,,,,Amortizing,CASH,,,,,,,,,,,,,,,,,,,,,,,
1,Rates,Swap,Cross_Currency_Fixed_Fixed,UPI,QZDGHDXM02C7,New,,2023-10-17T03:30:22,SRDCCC,Fixed - Fixed,Cross Currency,Cash,NA/Swap Fxd Fxd PLN THB,N/A,PLN,,,,THB,,,,Constant,CASH,,,,,,,,,,,,,,,,,,,,,,,
1,Rates,Swap,Cross_Currency_Fixed_Fixed,UPI,QZ2587SV0PDX,New,,2023-10-17T03:30:32,SRDCCC,Fixed - Fixed,Cross Currency,Cash,NA/Swap Fxd Fxd GEL USD,N/A,GEL,,,,USD,,,,Constant,CASH,,,,,,,,,,,,,,,,,,,,,,,
1,Rates,Swap,Cross_Currency_Fixed_Fixed,UPI,QZ50QKMN9NGJ,New,,2023-10-17T03:30:44,SRDCCP,Fixed - Fixed,Cross Currency,Physical,NA/Swap Fxd Fxd MYR THB,N/A,MYR,,,,THB,,,,Constant,PHYS,,,,,,,,,,,,,,,,,,,,,,,
1,Rates,Swap,Cross_Currency_Fixed_Fixed,UPI,QZBF99075JD0,New,,2023-10-17T03:30:51,SRDCCP,Fixed - Fixed,Cross Currency,Physical,NA/Swap Fxd Fxd KZT RUB,N/A,KZT,,,,RUB,,,,Constant,PHYS,,,,,,,,,,,,,,,,,,,,,,,
1,Rates,Swap,Cross_Currency_Fixed_Fixed,UPI,QZHXV9JNRCDN,New,,2023-10-17T03:30:54,SRDYCC,Fixed - Fixed,Cross Currency,Cash,NA/Swap Fxd Fxd AUD JPY,N/A,AUD,,,,JPY,,,,Custom,CASH,,,,,,,,,,,,,,,,,,,,,,,
1,Rates,Swap,Cross_Currency_Fixed_Fixed,UPI,QZK21HNSSVVH,New,,2023-10-17T03:30:55,SRDCCC,Fixed - Fixed,Cross Currency,Cash,NA/Swap Fxd Fxd JPY MXN,N/A,JPY,,,,MXN,,,,Constant,CASH,,,,,,,,,,,,,,,,,,,,,,,
1,Rates,Swap,Cross_Currency_Fixed_Fixed,UPI,QZJ0VVXRBWR9,New,,2023-10-17T03:31:01,SRDICP,Fixed - Fixed,Cross Currency,Physical,NA/Swap Fxd Fxd AUD CAD,N/A,AUD,,,,CAD,,,,Accreting,PHYS,,,,,,,,,,,,,,,,,,,,,,,
1,Rates,Swap,Cross_Currency_Fixed_Fixed,UPI,QZ1GC1LWPDWT,New,,2023-10-17T03:31:12,SRDCCC,Fixed - Fixed,Cross Currency,Cash,NA/Swap Fxd Fxd MYR THB,N/A,MYR,,,,THB,,,,Constant,CASH,,,,,,,,,,,,,,,,,,,,,,,
1,Rates,Swap,Cross_Currency_Fixed_Fixed,UPI,QZZRQX4577KH,New,,2023-10-17T03:31:20,SRDDCC,Fixed - Fixed,Cross Currency,Cash,NA/Swap Fxd Fxd AED EUR,N/A,AED,,,,EUR,,,,Amortizing,CASH,,,,,,,,,,,,,,,,,,,,,,,
1,Rates,Swap,Cross_Currency_Fixed_Fixed,UPI,QZ05VN1M9H28,New,,2023-10-17T03:31:21,SRDCCC,Fixed - Fixed,Cross Currency,Cash,NA/Swap Fxd Fxd AED EUR,N/A,AED,,,,EUR,,,,Constant,CASH,,,,,,,,,,,,,,,,,,,,,,,
1,Rates,Swap,Cross_Currency_Fixed_Fixed,UPI,QZNR0DDHP2ND,New,,2023-10-17T03:31:26,SRDDCP,Fixed - Fixed,Cross Currency,Physical,NA/Swap Fxd Fxd EUR TND,N/A,EUR,,,,TND,,,,Amortizing,PHYS,,,,,,,,,,,,,,,,,,,,,,,
1,Rates,Swap,Cross_Currency_Fixed_Fixed,UPI,QZKH42Q443L3,New,,2023-10-17T03:31:30,SRDCCC,Fixed - Fixed,Cross Currency,Cash,NA/Swap Fxd Fxd JPY KRW,N/A,JPY,,,,KRW,,,,Constant,CASH,,,,,,,,,,,,,,,,,,,,,,,
1,Rates,Swap,Cross_Currency_Fixed_Fixed,UPI,QZV4CWV6SW52,New,,2023-10-17T03:31:33,SRDDCC,Fixed - Fixed,Cross Currency,Cash,NA/Swap Fxd Fxd KES USD,N/A,KES,,,,USD,,,,Amortizing,CASH,,,,,,,,,,,,,,,,,,,,,,,
1,Rates,Swap,Cross_Currency_Fixed_Fixed,UPI,QZ0WXM8X2V9M,New,,2023-10-17T03:31:44,SRDDCP,Fixed - Fixed,Cross Currency,Physical,NA/Swap Fxd Fxd IDR JPY,N/A,IDR,,,,JPY,,,,Amortizing,PHYS,,,,,,,,,,,,,,,,,,,,,,,
1,Rates,Swap,Cross_Currency_Fixed_Fixed,UPI,QZ8PKTJ2JB3T,New,,2023-10-17T03:31:45,SRDCCC,Fixed - Fixed,Cross Currency,Cash,NA/Swap Fxd Fxd CAD KRW,N/A,CAD,,,,KRW,,,,Constant,CASH,,,,,,,,,,,,,,,,,,,,,,,
1,Rates,Swap,Cross_Currency_Fixed_Fixed,UPI,QZ20FZP27LT4,New,,2023-10-17T03:31:50,SRDCCC,Fixed - Fixed,Cross Currency,Cash,NA/Swap Fxd Fxd JPY ZAR,N/A,JPY,,,,ZAR,,,,Constant,CASH,,,,,,,,,,,,,,,,,,,,,,,
1,Rates,Swap,Cross_Currency_Fixed_Fixed,UPI,QZQR01F49MRK,New,,2023-10-17T03:31:56,SRDCCC,Fixed - Fixed,Cross Currency,Cash,NA/Swap Fxd Fxd GBP SGD,N/A,GBP,,,,SGD,,,,Constant,CASH,,,,,,,,,,,,,,,,,,,,,,,
1,Rates,Swap,Cross_Currency_Fixed_Fixed,UPI,QZTVNGPLNPGS,New,,2023-10-17T03:31:57,SRDYCP,Fixed - Fixed,Cross Currency,Physical,NA/Swap Fxd Fxd IDR JPY,N/A,IDR,,,,JPY,,,,Custom,PHYS,,,,,,,,,,,,,,,,,,,,,,,
1,Rates,Swap,Cross_Currency_Fixed_Fixed,UPI,QZZ3W133LX0D,New,,2023-10-17T03:32:07,SRDCCP,Fixed - Fixed,Cross Currency,Physical,NA/Swap Fxd Fxd IDR SGD,N/A,IDR,,,,SGD,,,,Constant,PHYS,,,,,,,,,,,,,,,,,,,,,,,
1,Rates,Swap,Cross_Currency_Fixed_Fixed,UPI,QZ0641G66V1G,New,,2023-10-17T03:32:09,SRDICP,Fixed - Fixed,Cross Currency,Physical,NA/Swap Fxd Fxd EUR PLN,N/A,EUR,,,,PLN,,,,Accreting,PHYS,,,,,,,,,,,,,,,,,,,,,,,
1,Rates,Swap,Cross_Currency_Fixed_Fixed,UPI,QZM38PM76ZRR,New,,2023-10-17T03:32:14,SRDYCP,Fixed - Fixed,Cross Currency,Physical,NA/Swap Fxd Fxd GBP JPY,N/A,GBP,,,,JPY,,,,Custom,PHYS,,,,,,,,,,,,,,,,,,,,,,,
1,Rates,Swap,Cross_Currency_Fixed_Fixed,UPI,QZLNMFMSG8ML,New,,2023-10-17T03:32:29,SRDDCC,Fixed - Fixed,Cross Currency,Cash,NA/Swap Fxd Fxd PEN USD,N/A,PEN,,,,USD,,,,Amortizing,CASH,,,,,,,,,,,,,,,,,,,,,,,
1,Rates,Swap,Cross_Currency_Fixed_Fixed,UPI,QZJR5Z58P7SG,New,,2023-10-17T03:32:31,SRDYCP,Fixed - Fixed,Cross Currency,Physical,NA/Swap Fxd Fxd CHF EUR,N/A,CHF,,,,EUR,,,,Custom,PHYS,,,,,,,,,,,,,,,,,,,,,,,
1,Rates,Swap,Cross_Currency_Fixed_Fixed,UPI,QZKWKP47641M,New,,2023-10-17T03:32:52,SRDDCP,Fixed - Fixed,Cross Currency,Physical,NA/Swap Fxd Fxd PHP USD,N/A,PHP,,,,USD,,,,Amortizing,PHYS,,,,,,,,,,,,,,,,,,,,,,,
1,Rates,Swap,Cross_Currency_Fixed_Fixed,UPI,QZTZ5KLVQW2S,New,,2023-10-17T03:33:03,SRDDCP,Fixed - Fixed,Cross Currency,Physical,NA/Swap Fxd Fxd USD XOF,N/A,USD,,,,XOF,,,,Amortizing,PHYS,,,,,,,,,,,,,,,,,,,,,,,
1,Rates,Swap,Cross_Currency_Fixed_Fixed,UPI,QZF5K0PD98VP,New,,2023-10-17T03:33:03,SRDDCC,Fixed - Fixed,Cross Currency,Cash,NA/Swap Fxd Fxd USD XOF,N/A,USD,,,,XOF,,,,Amortizing,CASH,,,,,,,,,,,,,,,,,,,,,,,
1,Rates,Swap,Cross_Currency_Fixed_Fixed,UPI,QZ5H12N7C7HJ,New,,2023-10-17T03:33:03,SRDCCC,Fixed - Fixed,Cross Currency,Cash,NA/Swap Fxd Fxd USD XOF,N/A,USD,,,,XOF,,,,Constant,CASH,,,,,,,,,,,,,,,,,,,,,,,
1,Rates,Swap,Cross_Currency_Fixed_Fixed,UPI,QZ70KKPCF4JN,New,,2023-10-17T03:33:05,SRDCCP,Fixed - Fixed,Cross Currency,Physical,NA/Swap Fxd Fxd USD XOF,N/A,USD,,,,XOF,,,,Constant,PHYS,,,,,,,,,,,,,,,,,,,,,,,
1,Rates,Swap,Cross_Currency_Fixed_Fixed,UPI,QZQFZS265SRP,New,,2023-10-17T03:33:10,SRDYCP,Fixed - Fixed,Cross Currency,Physical,NA/Swap Fxd Fxd CAD JPY,N/A,CAD,,,,JPY,,,,Custom,PHYS,,,,,,,,,,,,,,,,,,,,,,,
1,Rates,Swap,Cross_Currency_Fixed_Fixed,UPI,QZ19RKTRQNQ7,New,,2023-10-17T03:33:11,SRDICP,Fixed - Fixed,Cross Currency,Physical,NA/Swap Fxd Fxd CHF EUR,N/A,CHF,,,,EUR,,,,Accreting,PHYS,,,,,,,,,,,,,,,,,,,,,,,
1,Rates,Swap,Cross_Currency_Fixed_Fixed,UPI,QZZX03LG1BBC,New,,2023-10-17T03:33:14,SRDCCC,Fixed - Fixed,Cross Currency,Cash,NA/Swap Fxd Fxd MXV USD,N/A,MXV,,,,USD,,,,Constant,CASH,,,,,,,,,,,,,,,,,,,,,,,
1,Rates,Swap,Cross_Currency_Fixed_Fixed,UPI,QZC32Q0531BS,New,,2023-10-17T03:33:21,SRDCCC,Fixed - Fixed,Cross Currency,Cash,NA/Swap Fxd Fxd CAD ILS,N/A,CAD,,,,ILS,,,,Constant,CASH,,,,,,,,,,,,,,,,,,,,,,,
1,Rates,Swap,Cross_Currency_Fixed_Fixed,UPI,QZJLBJXB24PH,New,,2023-10-17T03:33:27,SRDYCC,Fixed - Fixed,Cross Currency,Cash,NA/Swap Fxd Fxd EUR SAR,N/A,EUR,,,,SAR,,,,Custom,CASH,,,,,,,,,,,,,,,,,,,,,,,
1,Rates,Swap,Cross_Currency_Fixed_Fixed,UPI,QZF569H2LGM9,New,,2023-10-17T03:33:35,SRDCCP,Fixed - Fixed,Cross Currency,Physical,NA/Swap Fxd Fxd DKK KRW,N/A,DKK,,,,KRW,,,,Constant,PHYS,,,,,,,,,,,,,,,,,,,,,,,
1,Rates,Swap,Cross_Currency_Fixed_Fixed,UPI,QZ6VMH3FTV8F,New,,2023-10-17T03:33:37,SRDCCC,Fixed - Fixed,Cross Currency,Cash,NA/Swap Fxd Fxd HKD SGD,N/A,HKD,,,,SGD,,,,Constant,CASH,,,,,,,,,,,,,,,,,,,,,,,
1,Rates,Swap,Cross_Currency_Fixed_Fixed,UPI,QZJXW0DXJJF5,New,,2023-10-17T03:33:48,SRDYCC,Fixed - Fixed,Cross Currency,Cash,NA/Swap Fxd Fxd COP USD,N/A,COP,,,,USD,,,,Custom,CASH,,,,,,,,,,,,,,,,,,,,,,,
1,Rates,Swap,Cross_Currency_Fixed_Fixed,UPI,QZ6DWSK2GKSP,New,,2023-10-17T03:33:57,SRDICC,Fixed - Fixed,Cross Currency,Cash,NA/Swap Fxd Fxd EUR TWD,N/A,EUR,,,,TWD,,,,Accreting,CASH,,,,,,,,,,,,,,,,,,,,,,,
1,Rates,Swap,Cross_Currency_Fixed_Fixed,UPI,QZPBCS9V3C5L,New,,2023-10-17T03:33:57,SRDYCC,Fixed - Fixed,Cross Currency,Cash,NA/Swap Fxd Fxd EUR TWD,N/A,EUR,,,,TWD,,,,Custom,CASH,,,,,,,,,,,,,,,,,,,,,,,
1,Rates,Swap,Cross_Currency_Fixed_Fixed,UPI,QZMK5ZNCWTD8,New,,2023-10-17T03:33:58,SRDCCP,Fixed - Fixed,Cross Currency,Physical,NA/Swap Fxd Fxd CHF PHP,N/A,CHF,,,,PHP,,,,Constant,PHYS,,,,,,,,,,,,,,,,,,,,,,,
1,Rates,Swap,Cross_Currency_Fixed_Fixed,UPI,QZ1HHWPNBX60,New,,2023-10-17T03:34:02,SRDICC,Fixed - Fixed,Cross Currency,Cash,NA/Swap Fxd Fxd BRL USD,N/A,BRL,,,,USD,,,,Accreting,CASH,,,,,,,,,,,,,,,,,,,,,,,
1,Rates,Swap,Cross_Currency_Fixed_Fixed,UPI,QZFHNKTDQHW2,New,,2023-10-17T03:34:28,SRDYCP,Fixed - Fixed,Cross Currency,Physical,NA/Swap Fxd Fxd SEK USD,N/A,SEK,,,,USD,,,,Custom,PHYS,,,,,,,,,,,,,,,,,,,,,,,
1,Rates,Swap,Cross_Currency_Fixed_Fixed,UPI,QZHSR069KF1B,New,,2023-10-17T03:35:00,SRDYCC,Fixed - Fixed,Cross Currency,Cash,NA/Swap Fxd Fxd AUD EUR,N/A,AUD,,,,EUR,,,,Custom,CASH,,,,,,,,,,,,,,,,,,,,,,,
1,Rates,Swap,Cross_Currency_Fixed_Fixed,UPI,QZXSP5Z0WCJD,New,,2023-10-17T03:35:05,SRDDCC,Fixed - Fixed,Cross Currency,Cash,NA/Swap Fxd Fxd RUB USD,N/A,RUB,,,,USD,,,,Amortizing,CASH,,,,,,,,,,,,,,,,,,,,,,,
1,Rates,Swap,Cross_Currency_Fixed_Fixed,UPI,QZWTCWWM73LV,New,,2023-10-17T03:35:09,SRDDCC,Fixed - Fixed,Cross Currency,Cash,NA/Swap Fxd Fxd CAD NOK,N/A,CAD,,,,NOK,,,,Amortizing,CASH,,,,,,,,,,,,,,,,,,,,,,,
1,Rates,Swap,Cross_Currency_Fixed_Fixed,UPI,QZ681L1Z13R6,New,,2023-10-17T03:35:11,SRDICP,Fixed - Fixed,Cross Currency,Physical,NA/Swap Fxd Fxd EUR INR,N/A,EUR,,,,INR,,,,Accreting,PHYS,,,,,,,,,,,,,,,,,,,,,,,
1,Rates,Swap,Cross_Currency_Fixed_Fixed,UPI,QZ5S2XLHBLNQ,New,,2023-10-17T03:35:13,SRDDCP,Fixed - Fixed,Cross Currency,Physical,NA/Swap Fxd Fxd CAD NOK,N/A,CAD,,,,NOK,,,,Amortizing,PHYS,,,,,,,,,,,,,,,,,,,,,,,
1,Rates,Swap,Cross_Currency_Fixed_Fixed,UPI,QZ8QFKM676QL,New,,2023-10-17T03:35:14,SRDICC,Fixed - Fixed,Cross Currency,Cash,NA/Swap Fxd Fxd EUR INR,N/A,EUR,,,,INR,,,,Accreting,CASH,,,,,,,,,,,,,,,,,,,,,,,
1,Rates,Swap,Cross_Currency_Fixed_Fixed,UPI,QZFZ41XSB80H,New,,2023-10-17T03:35:33,SRDDCP,Fixed - Fixed,Cross Currency,Physical,NA/Swap Fxd Fxd TWD USD,N/A,TWD,,,,USD,,,,Amortizing,PHYS,,,,,,,,,,,,,,,,,,,,,,,
1,Rates,Swap,Cross_Currency_Fixed_Fixed,UPI,QZ8ZLWQ47GM6,New,,2023-10-17T03:35:36,SRDDCP,Fixed - Fixed,Cross Currency,Physical,NA/Swap Fxd Fxd JPY KRW,N/A,JPY,,,,KRW,,,,Amortizing,PHYS,,,,,,,,,,,,,,,,,,,,,,,
1,Rates,Swap,Cross_Currency_Fixed_Fixed,UPI,QZMLZ9G907C1,New,,2023-10-17T03:35:44,SRDDCP,Fixed - Fixed,Cross Currency,Physical,NA/Swap Fxd Fxd COP USD,N/A,COP,,,,USD,,,,Amortizing,PHYS,,,,,,,,,,,,,,,,,,,,,,,
1,Rates,Swap,Cross_Currency_Fixed_Fixed,UPI,QZP0PGNTXDL5,New,,2023-10-17T03:35:45,SRDICC,Fixed - Fixed,Cross Currency,Cash,NA/Swap Fxd Fxd IDR JPY,N/A,IDR,,,,JPY,,,,Accreting,CASH,,,,,,,,,,,,,,,,,,,,,,,
1,Rates,Swap,Cross_Currency_Fixed_Fixed,UPI,QZ0CL1D704S3,New,,2023-10-17T03:35:52,SRDCCP,Fixed - Fixed,Cross Currency,Physical,NA/Swap Fxd Fxd CAD CNY,N/A,CAD,,,,CNY,,,,Constant,PHYS,,,,,,,,,,,,,,,,,,,,,,,
1,Rates,Swap,Cross_Currency_Fixed_Fixed,UPI,QZQB6342QRH3,New,,2023-10-17T03:36:13,SRDDCP,Fixed - Fixed,Cross Currency,Physical,NA/Swap Fxd Fxd EUR PEN,N/A,EUR,,,,PEN,,,,Amortizing,PHYS,,,,,,,,,,,,,,,,,,,,,,,
1,Rates,Swap,Cross_Currency_Fixed_Fixed,UPI,QZLV01J3WBWD,New,,2023-10-17T03:36:20,SRDYCC,Fixed - Fixed,Cross Currency,Cash,NA/Swap Fxd Fxd SEK USD,N/A,SEK,,,,USD,,,,Custom,CASH,,,,,,,,,,,,,,,,,,,,,,,
1,Rates,Swap,Cross_Currency_Fixed_Fixed,UPI,QZ6HR9PNDHG8,New,,2023-10-17T03:36:23,SRDCCP,Fixed - Fixed,Cross Currency,Physical,NA/Swap Fxd Fxd HKD TWD,N/A,HKD,,,,TWD,,,,Constant,PHYS,,,,,,,,,,,,,,,,,,,,,,,
1,Rates,Swap,Cross_Currency_Fixed_Fixed,UPI,QZX3D747FWLM,New,,2023-10-17T03:36:31,SRDDCC,Fixed - Fixed,Cross Currency,Cash,NA/Swap Fxd Fxd EUR SEK,N/A,EUR,,,,SEK,,,,Amortizing,CASH,,,,,,,,,,,,,,,,,,,,,,,
1,Rates,Swap,Cross_Currency_Fixed_Fixed,UPI,QZ7Z915M6Z99,New,,2023-10-17T03:36:36,SRDDCP,Fixed - Fixed,Cross Currency,Physical,NA/Swap Fxd Fxd HKD USD,N/A,HKD,,,,USD,,,,Amortizing,PHYS,,,,,,,,,,,,,,,,,,,,,,,
1,Rates,Swap,Cross_Currency_Fixed_Fixed,UPI,QZCBRJM618MX,New,,2023-10-17T03:36:54,SRDCCP,Fixed - Fixed,Cross Currency,Physical,NA/Swap Fxd Fxd AUD NZD,N/A,AUD,,,,NZD,,,,Constant,PHYS,,,,,,,,,,,,,,,,,,,,,,,
1,Rates,Swap,Cross_Currency_Fixed_Fixed,UPI,QZ7RVKWF3MK9,New,,2023-10-17T03:37:06,SRDCCP,Fixed - Fixed,Cross Currency,Physical,NA/Swap Fxd Fxd JPY TWD,N/A,JPY,,,,TWD,,,,Constant,PHYS,,,,,,,,,,,,,,,,,,,,,,,
1,Rates,Swap,Cross_Currency_Fixed_Fixed,UPI,QZB4B9VD4VJR,New,,2023-10-17T03:37:06,SRDCCC,Fixed - Fixed,Cross Currency,Cash,NA/Swap Fxd Fxd JPY TWD,N/A,JPY,,,,TWD,,,,Constant,CASH,,,,,,,,,,,,,,,,,,,,,,,
1,Rates,Swap,Cross_Currency_Fixed_Fixed,UPI,QZS0WXP6Z8Z6,New,,2023-10-17T03:37:09,SRDYCC,Fixed - Fixed,Cross Currency,Cash,NA/Swap Fxd Fxd PEN USD,N/A,PEN,,,,USD,,,,Custom,CASH,,,,,,,,,,,,,,,,,,,,,,,
1,Rates,Swap,Cross_Currency_Fixed_Fixed,UPI,QZJ93CD05VDD,New,,2023-10-17T03:37:59,SRDDCP,Fixed - Fixed,Cross Currency,Physical,NA/Swap Fxd Fxd NGN USD,N/A,NGN,,,,USD,,,,Amortizing,PHYS,,,,,,,,,,,,,,,,,,,,,,,
1,Rates,Swap,Cross_Currency_Fixed_Fixed,UPI,QZHN5J5RKBQK,New,,2023-10-17T03:38:01,SRDCCC,Fixed - Fixed,Cross Currency,Cash,NA/Swap Fxd Fxd BRL MXN,N/A,BRL,,,,MXN,,,,Constant,CASH,,,,,,,,,,,,,,,,,,,,,,,
1,Rates,Swap,Cross_Currency_Fixed_Fixed,UPI,QZHVJ9GJFZJR,New,,2023-10-17T03:38:04,SRDICC,Fixed - Fixed,Cross Currency,Cash,NA/Swap Fxd Fxd CHF USD,N/A,CHF,,,,USD,,,,Accreting,CASH,,,,,,,,,,,,,,,,,,,,,,,
1,Rates,Swap,Cross_Currency_Fixed_Fixed,UPI,QZ274NWR5XJL,New,,2023-10-17T03:38:58,SRDCCC,Fixed - Fixed,Cross Currency,Cash,NA/Swap Fxd Fxd UGX USD,N/A,UGX,,,,USD,,,,Constant,CASH,,,,,,,,,,,,,,,,,,,,,,,
1,Rates,Swap,Cross_Currency_Fixed_Fixed,UPI,QZMC1TVQKBX0,New,,2023-10-17T03:39:14,SRDCCP,Fixed - Fixed,Cross Currency,Physical,NA/Swap Fxd Fxd EUR PHP,N/A,EUR,,,,PHP,,,,Constant,PHYS,,,,,,,,,,,,,,,,,,,,,,,
1,Rates,Swap,Cross_Currency_Fixed_Fixed,UPI,QZFD2HN77MVJ,New,,2023-10-17T03:39:22,SRDDCP,Fixed - Fixed,Cross Currency,Physical,NA/Swap Fxd Fxd JPY TWD,N/A,JPY,,,,TWD,,,,Amortizing,PHYS,,,,,,,,,,,,,,,,,,,,,,,
1,Rates,Swap,Cross_Currency_Fixed_Fixed,UPI,QZZNM2FJQXNW,New,,2023-10-17T03:39:28,SRDCCP,Fixed - Fixed,Cross Currency,Physical,NA/Swap Fxd Fxd BRL GBP,N/A,BRL,,,,GBP,,,,Constant,PHYS,,,,,,,,,,,,,,,,,,,,,,,
1,Rates,Swap,Cross_Currency_Fixed_Fixed,UPI,QZCQ2W6F76VZ,New,,2023-10-17T03:39:28,SRDCCP,Fixed - Fixed,Cross Currency,Physical,NA/Swap Fxd Fxd GBP HUF,N/A,GBP,,,,HUF,,,,Constant,PHYS,,,,,,,,,,,,,,,,,,,,,,,
1,Rates,Swap,Cross_Currency_Fixed_Fixed,UPI,QZ02X0617P3W,New,,2023-10-17T03:40:05,SRDCCP,Fixed - Fixed,Cross Currency,Physical,NA/Swap Fxd Fxd SGD THB,N/A,SGD,,,,THB,,,,Constant,PHYS,,,,,,,,,,,,,,,,,,,,,,,
1,Rates,Swap,Cross_Currency_Fixed_Fixed,UPI,QZH7HCNDXKNB,New,,2023-10-17T03:40:45,SRDCCC,Fixed - Fixed,Cross Currency,Cash,NA/Swap Fxd Fxd HKD KRW,N/A,HKD,,,,KRW,,,,Constant,CASH,,,,,,,,,,,,,,,,,,,,,,,
1,Rates,Swap,Cross_Currency_Fixed_Fixed,UPI,QZ4P5RDHBDMW,New,,2023-10-17T03:40:50,SRDCCP,Fixed - Fixed,Cross Currency,Physical,NA/Swap Fxd Fxd EUR SAR,N/A,EUR,,,,SAR,,,,Constant,PHYS,,,,,,,,,,,,,,,,,,,,,,,
1,Rates,Swap,Cross_Currency_Fixed_Fixed,UPI,QZVN6LP8BWBS,New,,2023-10-17T03:41:06,SRDCCP,Fixed - Fixed,Cross Currency,Physical,NA/Swap Fxd Fxd BRL MXN,N/A,BRL,,,,MXN,,,,Constant,PHYS,,,,,,,,,,,,,,,,,,,,,,,
1,Rates,Swap,Cross_Currency_Fixed_Fixed,UPI,QZJHD8552132,New,,2023-10-17T03:41:11,SRDICC,Fixed - Fixed,Cross Currency,Cash,NA/Swap Fxd Fxd AUD USD,N/A,AUD,,,,USD,,,,Accreting,CASH,,,,,,,,,,,,,,,,,,,,,,,
1,Rates,Swap,Cross_Currency_Fixed_Fixed,UPI,QZDHGGX9G59J,New,,2023-10-17T03:41:36,SRDCCP,Fixed - Fixed,Cross Currency,Physical,NA/Swap Fxd Fxd GBP TWD,N/A,GBP,,,,TWD,,,,Constant,PHYS,,,,,,,,,,,,,,,,,,,,,,,
1,Rates,Swap,Cross_Currency_Fixed_Fixed,UPI,QZ2DVBCQB1MV,New,,2023-10-17T03:41:38,SRDDCP,Fixed - Fixed,Cross Currency,Physical,NA/Swap Fxd Fxd CHF SEK,N/A,CHF,,,,SEK,,,,Amortizing,PHYS,,,,,,,,,,,,,,,,,,,,,,,
1,Rates,Swap,Cross_Currency_Fixed_Fixed,UPI,QZ72C4P1CZ11,New,,2023-10-17T03:41:41,SRDDCP,Fixed - Fixed,Cross Currency,Physical,NA/Swap Fxd Fxd MYR USD,N/A,MYR,,,,USD,,,,Amortizing,PHYS,,,,,,,,,,,,,,,,,,,,,,,
1,Rates,Swap,Cross_Currency_Fixed_Fixed,UPI,QZG3TT7PVWL7,New,,2023-10-17T03:41:41,SRDYCP,Fixed - Fixed,Cross Currency,Physical,NA/Swap Fxd Fxd MYR USD,N/A,MYR,,,,USD,,,,Custom,PHYS,,,,,,,,,,,,,,,,,,,,,,,
1,Rates,Swap,Cross_Currency_Fixed_Fixed,UPI,QZN0NX9SBFVV,New,,2023-10-17T03:41:51,SRDDCC,Fixed - Fixed,Cross Currency,Cash,NA/Swap Fxd Fxd PHP USD,N/A,PHP,,,,USD,,,,Amortizing,CASH,,,,,,,,,,,,,,,,,,,,,,,
1,Rates,Swap,Cross_Currency_Fixed_Fixed,UPI,QZ6KHHCVLS97,New,,2023-10-17T03:42:01,SRDCCP,Fixed - Fixed,Cross Currency,Physical,NA/Swap Fxd Fxd CAD DKK,N/A,CAD,,,,DKK,,,,Constant,PHYS,,,,,,,,,,,,,,,,,,,,,,,
1,Rates,Swap,Cross_Currency_Fixed_Fixed,UPI,QZ8M2RKQ60DH,New,,2023-10-17T03:42:07,SRDICC,Fixed - Fixed,Cross Currency,Cash,NA/Swap Fxd Fxd CHF EUR,N/A,CHF,,,,EUR,,,,Accreting,CASH,,,,,,,,,,,,,,,,,,,,,,,
1,Rates,Swap,Cross_Currency_Fixed_Fixed,UPI,QZ0V5J873WBC,New,,2023-10-17T03:42:11,SRDDCP,Fixed - Fixed,Cross Currency,Physical,NA/Swap Fxd Fxd USD UYU,N/A,USD,,,,UYU,,,,Amortizing,PHYS,,,,,,,,,,,,,,,,,,,,,,,
1,Rates,Swap,Cross_Currency_Fixed_Fixed,UPI,QZLB294Q2SB7,New,,2023-10-17T03:42:11,SRDDCC,Fixed - Fixed,Cross Currency,Cash,NA/Swap Fxd Fxd USD UYU,N/A,USD,,,,UYU,,,,Amortizing,CASH,,,,,,,,,,,,,,,,,,,,,,,
1,Rates,Swap,Cross_Currency_Fixed_Fixed,UPI,QZ09054LF6BJ,New,,2023-10-17T03:42:15,SRDCCC,Fixed - Fixed,Cross Currency,Cash,NA/Swap Fxd Fxd JPY PEN,N/A,JPY,,,,PEN,,,,Constant,CASH,,,,,,,,,,,,,,,,,,,,,,,
1,Rates,Swap,Cross_Currency_Fixed_Fixed,UPI,QZTWX8JJWDKH,New,,2023-10-17T03:42:24,SRDCCP,Fixed - Fixed,Cross Currency,Physical,NA/Swap Fxd Fxd ARS USD,N/A,ARS,,,,USD,,,,Constant,PHYS,,,,,,,,,,,,,,,,,,,,,,,
1,Rates,Swap,Cross_Currency_Fixed_Fixed,UPI,QZ51T315QFD3,New,,2023-10-17T03:42:29,SRDCCC,Fixed - Fixed,Cross Currency,Cash,NA/Swap Fxd Fxd MRU USD,N/A,MRU,,,,USD,,,,Constant,CASH,,,,,,,,,,,,,,,,,,,,,,,
1,Rates,Swap,Cross_Currency_Fixed_Fixed,UPI,QZPP2CLTB11Z,New,,2023-10-17T03:42:50,SRDCCC,Fixed - Fixed,Cross Currency,Cash,NA/Swap Fxd Fxd CNY GBP,N/A,CNY,,,,GBP,,,,Constant,CASH,,,,,,,,,,,,,,,,,,,,,,,
1,Rates,Swap,Cross_Currency_Fixed_Fixed,UPI,QZ0ZZMT7BMWZ,New,,2023-10-17T03:42:53,SRDCCC,Fixed - Fixed,Cross Currency,Cash,NA/Swap Fxd Fxd CRC USD,N/A,CRC,,,,USD,,,,Constant,CASH,,,,,,,,,,,,,,,,,,,,,,,
1,Rates,Swap,Cross_Currency_Fixed_Fixed,UPI,QZXNWLT7J8TN,New,,2023-10-17T03:42:59,SRDICP,Fixed - Fixed,Cross Currency,Physical,NA/Swap Fxd Fxd KRW SEK,N/A,KRW,,,,SEK,,,,Accreting,PHYS,,,,,,,,,,,,,,,,,,,,,,,
1,Rates,Swap,Cross_Currency_Fixed_Fixed,UPI,QZ3FV8ZFJ3LQ,New,,2023-10-17T03:43:03,SRDDCC,Fixed - Fixed,Cross Currency,Cash,NA/Swap Fxd Fxd HKD KRW,N/A,HKD,,,,KRW,,,,Amortizing,CASH,,,,,,,,,,,,,,,,,,,,,,,
1,Rates,Swap,Cross_Currency_Fixed_Fixed,UPI,QZJP0053HQR1,New,,2023-10-17T03:43:09,SRDDCC,Fixed - Fixed,Cross Currency,Cash,NA/Swap Fxd Fxd EUR HKD,N/A,EUR,,,,HKD,,,,Amortizing,CASH,,,,,,,,,,,,,,,,,,,,,,,
1,Rates,Swap,Cross_Currency_Fixed_Fixed,UPI,QZWH235H1LKK,New,,2023-10-17T03:43:12,SRDDCP,Fixed - Fixed,Cross Currency,Physical,NA/Swap Fxd Fxd CLF CLP,N/A,CLF,,,,CLP,,,,Amortizing,PHYS,,,,,,,,,,,,,,,,,,,,,,,
1,Rates,Swap,Cross_Currency_Fixed_Fixed,UPI,QZQPS6DD9BR0,New,,2023-10-17T03:43:15,SRDICC,Fixed - Fixed,Cross Currency,Cash,NA/Swap Fxd Fxd CNY USD,N/A,CNY,,,,USD,,,,Accreting,CASH,,,,,,,,,,,,,,,,,,,,,,,
1,Rates,Swap,Cross_Currency_Fixed_Fixed,UPI,QZ1P9CDPC3JF,New,,2023-10-17T03:43:16,SRDCCP,Fixed - Fixed,Cross Currency,Physical,NA/Swap Fxd Fxd KWD USD,N/A,KWD,,,,USD,,,,Constant,PHYS,,,,,,,,,,,,,,,,,,,,,,,
1,Rates,Swap,Cross_Currency_Fixed_Fixed,UPI,QZ2XRLJ7Z7RL,New,,2023-10-17T03:43:20,SRDYCP,Fixed - Fixed,Cross Currency,Physical,NA/Swap Fxd Fxd EUR KRW,N/A,EUR,,,,KRW,,,,Custom,PHYS,,,,,,,,,,,,,,,,,,,,,,,
1,Rates,Swap,Cross_Currency_Fixed_Fixed,UPI,QZGR5FBNV61Q,New,,2023-10-17T03:43:21,SRDDCC,Fixed - Fixed,Cross Currency,Cash,NA/Swap Fxd Fxd EUR RUB,N/A,EUR,,,,RUB,,,,Amortizing,CASH,,,,,,,,,,,,,,,,,,,,,,,
1,Rates,Swap,Cross_Currency_Fixed_Fixed,UPI,QZXT27Z8ZRVK,New,,2023-10-17T03:43:53,SRDDCC,Fixed - Fixed,Cross Currency,Cash,NA/Swap Fxd Fxd CNY EUR,N/A,CNY,,,,EUR,,,,Amortizing,CASH,,,,,,,,,,,,,,,,,,,,,,,
1,Rates,Swap,Cross_Currency_Fixed_Fixed,UPI,QZRBX82HB2HJ,New,,2023-10-17T03:43:53,SRDCCP,Fixed - Fixed,Cross Currency,Physical,NA/Swap Fxd Fxd JOD USD,N/A,JOD,,,,USD,,,,Constant,PHYS,,,,,,,,,,,,,,,,,,,,,,,
1,Rates,Swap,Cross_Currency_Fixed_Fixed,UPI,QZSKCLXXH092,New,,2023-10-17T03:44:21,SRDCCC,Fixed - Fixed,Cross Currency,Cash,NA/Swap Fxd Fxd CHF KRW,N/A,CHF,,,,KRW,,,,Constant,CASH,,,,,,,,,,,,,,,,,,,,,,,
1,Rates,Swap,Cross_Currency_Fixed_Fixed,UPI,QZ25VM3DNMTR,New,,2023-10-17T03:44:29,SRDCCP,Fixed - Fixed,Cross Currency,Physical,NA/Swap Fxd Fxd CHF CZK,N/A,CHF,,,,CZK,,,,Constant,PHYS,,,,,,,,,,,,,,,,,,,,,,,
1,Rates,Swap,Cross_Currency_Fixed_Fixed,UPI,QZLFKJRVNM50,New,,2023-10-17T03:44:31,SRDCCP,Fixed - Fixed,Cross Currency,Physical,NA/Swap Fxd Fxd IDR KRW,N/A,IDR,,,,KRW,,,,Constant,PHYS,,,,,,,,,,,,,,,,,,,,,,,
1,Rates,Swap,Cross_Currency_Fixed_Fixed,UPI,QZJ9JZG28DH7,New,,2023-10-17T03:44:31,SRDCCC,Fixed - Fixed,Cross Currency,Cash,NA/Swap Fxd Fxd IDR KRW,N/A,IDR,,,,KRW,,,,Constant,CASH,,,,,,,,,,,,,,,,,,,,,,,
1,Rates,Swap,Cross_Currency_Fixed_Fixed,UPI,QZ67XCF6KSRR,New,,2023-10-17T03:44:43,SRDCCC,Fixed - Fixed,Cross Currency,Cash,NA/Swap Fxd Fxd USD UZS,N/A,USD,,,,UZS,,,,Constant,CASH,,,,,,,,,,,,,,,,,,,,,,,
1,Rates,Swap,Cross_Currency_Fixed_Fixed,UPI,QZX4MCW9BS1J,New,,2023-10-17T03:44:45,SRDYCP,Fixed - Fixed,Cross Currency,Physical,NA/Swap Fxd Fxd EUR MAD,N/A,EUR,,,,MAD,,,,Custom,PHYS,,,,,,,,,,,,,,,,,,,,,,,
1,Rates,Swap,Cross_Currency_Fixed_Fixed,UPI,QZ4CZRQXTJCV,New,,2023-10-17T03:44:56,SRDCCC,Fixed - Fixed,Cross Currency,Cash,NA/Swap Fxd Fxd AZN USD,N/A,AZN,,,,USD,,,,Constant,CASH,,,,,,,,,,,,,,,,,,,,,,,
1,Rates,Swap,Cross_Currency_Fixed_Fixed,UPI,QZVJP7JCWVQV,New,,2023-10-17T03:44:58,SRDCCC,Fixed - Fixed,Cross Currency,Cash,NA/Swap Fxd Fxd BGN USD,N/A,BGN,,,,USD,,,,Constant,CASH,,,,,,,,,,,,,,,,,,,,,,,
1,Rates,Swap,Cross_Currency_Fixed_Fixed,UPI,QZQ4DF1B5LHH,New,,2023-10-17T03:44:58,SRDCCC,Fixed - Fixed,Cross Currency,Cash,NA/Swap Fxd Fxd AZN PLN,N/A,AZN,,,,PLN,,,,Constant,CASH,,,,,,,,,,,,,,,,,,,,,,,
1,Rates,Swap,Cross_Currency_Fixed_Fixed,UPI,QZZZ58561J7X,New,,2023-10-17T03:45:20,SRDICC,Fixed - Fixed,Cross Currency,Cash,NA/Swap Fxd Fxd GBP NOK,N/A,GBP,,,,NOK,,,,Accreting,CASH,,,,,,,,,,,,,,,,,,,,,,,
1,Rates,Swap,Cross_Currency_Fixed_Fixed,UPI,QZCKZBR30KD3,New,,2023-10-17T03:46:18,SRDCCP,Fixed - Fixed,Cross Currency,Physical,NA/Swap Fxd Fxd BWP USD,N/A,BWP,,,,USD,,,,Constant,PHYS,,,,,,,,,,,,,,,,,,,,,,,
1,Rates,Swap,Cross_Currency_Fixed_Fixed,UPI,QZRX8VZXFNNG,New,,2023-10-17T03:46:26,SRDCCC,Fixed - Fixed,Cross Currency,Cash,NA/Swap Fxd Fxd CLP JPY,N/A,CLP,,,,JPY,,,,Constant,CASH,,,,,,,,,,,,,,,,,,,,,,,
1,Rates,Swap,Cross_Currency_Fixed_Fixed,UPI,QZT16KH1ZV97,New,,2023-10-17T03:47:39,SRDCCC,Fixed - Fixed,Cross Currency,Cash,NA/Swap Fxd Fxd CHF KZT,N/A,CHF,,,,KZT,,,,Constant,CASH,,,,,,,,,,,,,,,,,,,,,,,
1,Rates,Swap,Cross_Currency_Fixed_Fixed,UPI,QZ84F1Q7J4RG,New,,2023-10-17T03:48:14,SRDCCC,Fixed - Fixed,Cross Currency,Cash,NA/Swap Fxd Fxd JPY NOK,N/A,JPY,,,,NOK,,,,Constant,CASH,,,,,,,,,,,,,,,,,,,,,,,
1,Rates,Swap,Cross_Currency_Fixed_Fixed,UPI,QZZWP1JCB8BF,New,,2023-10-17T03:48:23,SRDICP,Fixed - Fixed,Cross Currency,Physical,NA/Swap Fxd Fxd KRW USD,N/A,KRW,,,,USD,,,,Accreting,PHYS,,,,,,,,,,,,,,,,,,,,,,,
1,Rates,Swap,Cross_Currency_Fixed_Fixed,UPI,QZPFTD8X0M4G,New,,2023-10-17T03:48:23,SRDCCP,Fixed - Fixed,Cross Currency,Physical,NA/Swap Fxd Fxd AUD THB,N/A,AUD,,,,THB,,,,Constant,PHYS,,,,,,,,,,,,,,,,,,,,,,,
1,Rates,Swap,Cross_Currency_Fixed_Fixed,UPI,QZRBS44RDP2L,New,,2023-10-17T03:48:31,SRDCCC,Fixed - Fixed,Cross Currency,Cash,NA/Swap Fxd Fxd EUR RON,N/A,EUR,,,,RON,,,,Constant,CASH,,,,,,,,,,,,,,,,,,,,,,,
1,Rates,Swap,Cross_Currency_Fixed_Fixed,UPI,QZRHCJKX3T6Z,New,,2023-10-17T03:49:17,SRDDCP,Fixed - Fixed,Cross Currency,Physical,NA/Swap Fxd Fxd KRW SEK,N/A,KRW,,,,SEK,,,,Amortizing,PHYS,,,,,,,,,,,,,,,,,,,,,,,
1,Rates,Swap,Cross_Currency_Fixed_Fixed,UPI,QZNBBBLD4BZS,New,,2023-10-17T03:49:27,SRDICC,Fixed - Fixed,Cross Currency,Cash,NA/Swap Fxd Fxd CNY JPY,N/A,CNY,,,,JPY,,,,Accreting,CASH,,,,,,,,,,,,,,,,,,,,,,,
1,Rates,Swap,Cross_Currency_Fixed_Fixed,UPI,QZ4QJ53N0568,New,,2023-10-17T03:49:30,SRDYCP,Fixed - Fixed,Cross Currency,Physical,NA/Swap Fxd Fxd EUR PEN,N/A,EUR,,,,PEN,,,,Custom,PHYS,,,,,,,,,,,,,,,,,,,,,,,
1,Rates,Swap,Cross_Currency_Fixed_Fixed,UPI,QZ97JQVHZTB4,New,,2023-10-17T03:50:04,SRDCCP,Fixed - Fixed,Cross Currency,Physical,NA/Swap Fxd Fxd ILS ZAR,N/A,ILS,,,,ZAR,,,,Constant,PHYS,,,,,,,,,,,,,,,,,,,,,,,
1,Rates,Swap,Cross_Currency_Fixed_Fixed,UPI,QZCTCGKHKZTW,New,,2023-10-17T03:50:05,SRDCCP,Fixed - Fixed,Cross Currency,Physical,NA/Swap Fxd Fxd GEL USD,N/A,GEL,,,,USD,,,,Constant,PHYS,,,,,,,,,,,,,,,,,,,,,,,
1,Rates,Swap,Cross_Currency_Fixed_Fixed,UPI,QZLRJ2BVP66B,New,,2023-10-17T03:50:08,SRDDCP,Fixed - Fixed,Cross Currency,Physical,NA/Swap Fxd Fxd AUD KRW,N/A,AUD,,,,KRW,,,,Amortizing,PHYS,,,,,,,,,,,,,,,,,,,,,,,
1,Rates,Swap,Cross_Currency_Fixed_Fixed,UPI,QZRPX0DS1X0R,New,,2023-10-17T03:50:10,SRDCCC,Fixed - Fixed,Cross Currency,Cash,NA/Swap Fxd Fxd JPY PHP,N/A,JPY,,,,PHP,,,,Constant,CASH,,,,,,,,,,,,,,,,,,,,,,,
1,Rates,Swap,Cross_Currency_Fixed_Fixed,UPI,QZG72R66Z0M2,New,,2023-10-17T03:50:13,SRDCCC,Fixed - Fixed,Cross Currency,Cash,NA/Swap Fxd Fxd CAD HKD,N/A,CAD,,,,HKD,,,,Constant,CASH,,,,,,,,,,,,,,,,,,,,,,,
1,Rates,Swap,Cross_Currency_Fixed_Fixed,UPI,QZ0ZBJPFXG6D,New,,2023-10-17T03:50:16,SRDCCP,Fixed - Fixed,Cross Currency,Physical,NA/Swap Fxd Fxd CAD HKD,N/A,CAD,,,,HKD,,,,Constant,PHYS,,,,,,,,,,,,,,,,,,,,,,,
1,Rates,Swap,Cross_Currency_Fixed_Fixed,UPI,QZVGPQGRXMB6,New,,2023-10-17T03:50:25,SRDCCC,Fixed - Fixed,Cross Currency,Cash,NA/Swap Fxd Fxd KRW PHP,N/A,KRW,,,,PHP,,,,Constant,CASH,,,,,,,,,,,,,,,,,,,,,,,
1,Rates,Swap,Cross_Currency_Fixed_Fixed,UPI,QZJ8K2K3M87R,New,,2023-10-17T03:50:30,SRDCCC,Fixed - Fixed,Cross Currency,Cash,NA/Swap Fxd Fxd USD UYU,N/A,USD,,,,UYU,,,,Constant,CASH,,,,,,,,,,,,,,,,,,,,,,,
1,Rates,Swap,Cross_Currency_Fixed_Fixed,UPI,QZDR54NHCWDF,New,,2023-10-17T03:50:38,SRDDCC,Fixed - Fixed,Cross Currency,Cash,NA/Swap Fxd Fxd AUD GBP,N/A,AUD,,,,GBP,,,,Amortizing,CASH,,,,,,,,,,,,,,,,,,,,,,,
1,Rates,Swap,Cross_Currency_Fixed_Fixed,UPI,QZD5MZWJ39RL,New,,2023-10-17T03:51:00,SRDDCC,Fixed - Fixed,Cross Currency,Cash,NA/Swap Fxd Fxd BRL JPY,N/A,BRL,,,,JPY,,,,Amortizing,CASH,,,,,,,,,,,,,,,,,,,,,,,
1,Rates,Swap,Cross_Currency_Fixed_Fixed,UPI,QZ0HCLV84HMJ,New,,2023-10-17T03:51:00,SRDCCP,Fixed - Fixed,Cross Currency,Physical,NA/Swap Fxd Fxd USD VND,N/A,USD,,,,VND,,,,Constant,PHYS,,,,,,,,,,,,,,,,,,,,,,,
1,Rates,Swap,Cross_Currency_Fixed_Fixed,UPI,QZ1JP4DVR5XL,New,,2023-10-17T03:51:25,SRDYCC,Fixed - Fixed,Cross Currency,Cash,NA/Swap Fxd Fxd KRW USD,N/A,KRW,,,,USD,,,,Custom,CASH,,,,,,,,,,,,,,,,,,,,,,,
1,Rates,Swap,Cross_Currency_Fixed_Fixed,UPI,QZGP852RW2B8,New,,2023-10-17T03:51:35,SRDCCC,Fixed - Fixed,Cross Currency,Cash,NA/Swap Fxd Fxd BRL CZK,N/A,BRL,,,,CZK,,,,Constant,CASH,,,,,,,,,,,,,,,,,,,,,,,
1,Rates,Swap,Cross_Currency_Fixed_Fixed,UPI,QZFMD7DMDN85,New,,2023-10-17T03:51:42,SRDCCC,Fixed - Fixed,Cross Currency,Cash,NA/Swap Fxd Fxd MXN PEN,N/A,MXN,,,,PEN,,,,Constant,CASH,,,,,,,,,,,,,,,,,,,,,,,
1,Rates,Swap,Cross_Currency_Fixed_Fixed,UPI,QZZXZRV3QTZQ,New,,2023-10-17T03:51:43,SRDYCC,Fixed - Fixed,Cross Currency,Cash,NA/Swap Fxd Fxd MXN PEN,N/A,MXN,,,,PEN,,,,Custom,CASH,,,,,,,,,,,,,,,,,,,,,,,
1,Rates,Swap,Cross_Currency_Fixed_Fixed,UPI,QZQB4G12WZDP,New,,2023-10-17T03:52:09,SRDICP,Fixed - Fixed,Cross Currency,Physical,NA/Swap Fxd Fxd AUD KRW,N/A,AUD,,,,KRW,,,,Accreting,PHYS,,,,,,,,,,,,,,,,,,,,,,,
1,Rates,Swap,Cross_Currency_Fixed_Fixed,UPI,QZ5SSQ7FKC0H,New,,2023-10-17T03:52:10,SRDICP,Fixed - Fixed,Cross Currency,Physical,NA/Swap Fxd Fxd EUR KRW,N/A,EUR,,,,KRW,,,,Accreting,PHYS,,,,,,,,,,,,,,,,,,,,,,,
1,Rates,Swap,Cross_Currency_Fixed_Fixed,UPI,QZQ1HB3DX5RT,New,,2023-10-17T03:52:12,SRDCCC,Fixed - Fixed,Cross Currency,Cash,NA/Swap Fxd Fxd KRW SGD,N/A,KRW,,,,SGD,,,,Constant,CASH,,,,,,,,,,,,,,,,,,,,,,,
1,Rates,Swap,Cross_Currency_Fixed_Fixed,UPI,QZZ7L4BJQ3V0,New,,2023-10-17T03:52:24,SRDICP,Fixed - Fixed,Cross Currency,Physical,NA/Swap Fxd Fxd CAD KRW,N/A,CAD,,,,KRW,,,,Accreting,PHYS,,,,,,,,,,,,,,,,,,,,,,,
1,Rates,Swap,Cross_Currency_Fixed_Fixed,UPI,QZKS5SFMLS6C,New,,2023-10-17T03:52:24,SRDDCP,Fixed - Fixed,Cross Currency,Physical,NA/Swap Fxd Fxd CAD KRW,N/A,CAD,,,,KRW,,,,Amortizing,PHYS,,,,,,,,,,,,,,,,,,,,,,,
1,Rates,Swap,Cross_Currency_Fixed_Fixed,UPI,QZVWS4KNCDZN,New,,2023-10-17T03:52:24,SRDCCC,Fixed - Fixed,Cross Currency,Cash,NA/Swap Fxd Fxd CNY TWD,N/A,CNY,,,,TWD,,,,Constant,CASH,,,,,,,,,,,,,,,,,,,,,,,
1,Rates,Swap,Cross_Currency_Fixed_Fixed,UPI,QZNNXH8JDHSC,New,,2023-10-17T03:52:40,SRDICP,Fixed - Fixed,Cross Currency,Physical,NA/Swap Fxd Fxd INR USD,N/A,INR,,,,USD,,,,Accreting,PHYS,,,,,,,,,,,,,,,,,,,,,,,
1,Rates,Swap,Cross_Currency_Fixed_Fixed,UPI,QZRK3RKLZW3J,New,,2023-10-17T03:52:45,SRDCCC,Fixed - Fixed,Cross Currency,Cash,NA/Swap Fxd Fxd ILS JPY,N/A,ILS,,,,JPY,,,,Constant,CASH,,,,,,,,,,,,,,,,,,,,,,,
1,Rates,Swap,Cross_Currency_Fixed_Fixed,UPI,QZSSFTXV4X8T,New,,2023-10-17T03:52:49,SRDCCP,Fixed - Fixed,Cross Currency,Physical,NA/Swap Fxd Fxd MAD USD,N/A,MAD,,,,USD,,,,Constant,PHYS,,,,,,,,,,,,,,,,,,,,,,,
1,Rates,Swap,Cross_Currency_Fixed_Fixed,UPI,QZXQF3S9W8T0,New,,2023-10-17T03:52:52,SRDYCP,Fixed - Fixed,Cross Currency,Physical,NA/Swap Fxd Fxd CAD SEK,N/A,CAD,,,,SEK,,,,Custom,PHYS,,,,,,,,,,,,,,,,,,,,,,,
1,Rates,Swap,Cross_Currency_Fixed_Fixed,UPI,QZCSTFZQD4N0,New,,2023-10-17T03:53:00,SRDCCC,Fixed - Fixed,Cross Currency,Cash,NA/Swap Fxd Fxd CHF JPY,N/A,CHF,,,,JPY,,,,Constant,CASH,,,,,,,,,,,,,,,,,,,,,,,
1,Rates,Swap,Cross_Currency_Fixed_Fixed,UPI,QZWP8ZMMBQXJ,New,,2023-10-17T03:53:04,SRDICC,Fixed - Fixed,Cross Currency,Cash,NA/Swap Fxd Fxd PLN USD,N/A,PLN,,,,USD,,,,Accreting,CASH,,,,,,,,,,,,,,,,,,,,,,,
1,Rates,Swap,Cross_Currency_Fixed_Fixed,UPI,QZT52553HVSJ,New,,2023-10-17T03:53:55,SRDCCC,Fixed - Fixed,Cross Currency,Cash,NA/Swap Fxd Fxd CNY KRW,N/A,CNY,,,,KRW,,,,Constant,CASH,,,,,,,,,,,,,,,,,,,,,,,
1,Rates,Swap,Cross_Currency_Fixed_Fixed,UPI,QZCWHF3G86KV,New,,2023-10-17T03:54:11,SRDCCP,Fixed - Fixed,Cross Currency,Physical,NA/Swap Fxd Fxd COP EUR,N/A,COP,,,,EUR,,,,Constant,PHYS,,,,,,,,,,,,,,,,,,,,,,,
1,Rates,Swap,Cross_Currency_Fixed_Fixed,UPI,QZWMVT2NXRZP,New,,2023-10-17T03:54:17,SRDCCP,Fixed - Fixed,Cross Currency,Physical,NA/Swap Fxd Fxd JPY MXN,N/A,JPY,,,,MXN,,,,Constant,PHYS,,,,,,,,,,,,,,,,,,,,,,,
1,Rates,Swap,Cross_Currency_Fixed_Fixed,UPI,QZ9NTFQ0L15Z,New,,2023-10-17T03:54:45,SRDCCP,Fixed - Fixed,Cross Currency,Physical,NA/Swap Fxd Fxd BRL CHF,N/A,BRL,,,,CHF,,,,Constant,PHYS,,,,,,,,,,,,,,,,,,,,,,,
1,Rates,Swap,Cross_Currency_Fixed_Fixed,UPI,QZDT4NR9PN0B,New,,2023-10-17T03:54:55,SRDYCP,Fixed - Fixed,Cross Currency,Physical,NA/Swap Fxd Fxd GBP TWD,N/A,GBP,,,,TWD,,,,Custom,PHYS,,,,,,,,,,,,,,,,,,,,,,,
1,Rates,Swap,Cross_Currency_Fixed_Fixed,UPI,QZ1JNTH1M1N1,New,,2023-10-17T03:55:06,SRDCCC,Fixed - Fixed,Cross Currency,Cash,NA/Swap Fxd Fxd MZN USD,N/A,MZN,,,,USD,,,,Constant,CASH,,,,,,,,,,,,,,,,,,,,,,,
1,Rates,Swap,Cross_Currency_Fixed_Fixed,UPI,QZ437B4CGQVP,New,,2023-10-17T03:55:19,SRDDCP,Fixed - Fixed,Cross Currency,Physical,NA/Swap Fxd Fxd CNY TRY,N/A,CNY,,,,TRY,,,,Amortizing,PHYS,,,,,,,,,,,,,,,,,,,,,,,
1,Rates,Swap,Cross_Currency_Fixed_Fixed,UPI,QZ0X55N26FMP,New,,2023-10-17T03:55:49,SRDCCP,Fixed - Fixed,Cross Currency,Physical,NA/Swap Fxd Fxd CAD MXN,N/A,CAD,,,,MXN,,,,Constant,PHYS,,,,,,,,,,,,,,,,,,,,,,,
1,Rates,Swap,Cross_Currency_Fixed_Fixed,UPI,QZS0TJ3NPX2V,New,,2023-10-17T03:55:52,SRDCCC,Fixed - Fixed,Cross Currency,Cash,NA/Swap Fxd Fxd CHF INR,N/A,CHF,,,,INR,,,,Constant,CASH,,,,,,,,,,,,,,,,,,,,,,,
1,Rates,Swap,Cross_Currency_Fixed_Fixed,UPI,QZK6W45PFSW2,New,,2023-10-17T03:55:52,SRDCCP,Fixed - Fixed,Cross Currency,Physical,NA/Swap Fxd Fxd CHF INR,N/A,CHF,,,,INR,,,,Constant,PHYS,,,,,,,,,,,,,,,,,,,,,,,
1,Rates,Swap,Cross_Currency_Fixed_Fixed,UPI,QZDN61LWC84C,New,,2023-10-17T03:55:59,SRDCCP,Fixed - Fixed,Cross Currency,Physical,NA/Swap Fxd Fxd CNY SGD,N/A,CNY,,,,SGD,,,,Constant,PHYS,,,,,,,,,,,,,,,,,,,,,,,
1,Rates,Swap,Cross_Currency_Fixed_Fixed,UPI,QZB0H47ZPZK8,New,,2023-10-17T03:56:02,SRDDCP,Fixed - Fixed,Cross Currency,Physical,NA/Swap Fxd Fxd JPY PHP,N/A,JPY,,,,PHP,,,,Amortizing,PHYS,,,,,,,,,,,,,,,,,,,,,,,
1,Rates,Swap,Cross_Currency_Fixed_Fixed,UPI,QZXBKM3H1L4Q,New,,2023-10-17T03:56:09,SRDCCC,Fixed - Fixed,Cross Currency,Cash,NA/Swap Fxd Fxd HUF USD,N/A,HUF,,,,USD,,,,Constant,CASH,,,,,,,,,,,,,,,,,,,,,,,
1,Rates,Swap,Cross_Currency_Fixed_Fixed,UPI,QZ3CG8F0DHQL,New,,2023-10-17T03:56:10,SRDCCC,Fixed - Fixed,Cross Currency,Cash,NA/Swap Fxd Fxd EUR RSD,N/A,EUR,,,,RSD,,,,Constant,CASH,,,,,,,,,,,,,,,,,,,,,,,
1,Rates,Swap,Cross_Currency_Fixed_Fixed,UPI,QZF2T0KB9DLD,New,,2023-10-17T03:56:39,SRDYCP,Fixed - Fixed,Cross Currency,Physical,NA/Swap Fxd Fxd BRL EUR,N/A,BRL,,,,EUR,,,,Custom,PHYS,,,,,,,,,,,,,,,,,,,,,,,
1,Rates,Swap,Cross_Currency_Fixed_Fixed,UPI,QZN4XBLZQXS7,New,,2023-10-17T03:56:59,SRDYCC,Fixed - Fixed,Cross Currency,Cash,NA/Swap Fxd Fxd CZK EUR,N/A,CZK,,,,EUR,,,,Custom,CASH,,,,,,,,,,,,,,,,,,,,,,,
1,Rates,Swap,Cross_Currency_Fixed_Fixed,UPI,QZ4DMBV6B6ZH,New,,2023-10-17T03:56:59,SRDYCC,Fixed - Fixed,Cross Currency,Cash,NA/Swap Fxd Fxd AUD USD,N/A,AUD,,,,USD,,,,Custom,CASH,,,,,,,,,,,,,,,,,,,,,,,
1,Rates,Swap,Cross_Currency_Fixed_Fixed,UPI,QZD2Z40K071Z,New,,2023-10-17T03:57:00,SRDCCC,Fixed - Fixed,Cross Currency,Cash,NA/Swap Fxd Fxd GBP RUB,N/A,GBP,,,,RUB,,,,Constant,CASH,,,,,,,,,,,,,,,,,,,,,,,
1,Rates,Swap,Cross_Currency_Fixed_Fixed,UPI,QZBXJB6WGPZX,New,,2023-10-17T03:57:04,SRDYCC,Fixed - Fixed,Cross Currency,Cash,NA/Swap Fxd Fxd JPY SGD,N/A,JPY,,,,SGD,,,,Custom,CASH,,,,,,,,,,,,,,,,,,,,,,,
1,Rates,Swap,Cross_Currency_Fixed_Fixed,UPI,QZJXLZTC29GZ,New,,2023-10-17T03:57:06,SRDCCC,Fixed - Fixed,Cross Currency,Cash,NA/Swap Fxd Fxd EUR HRK,N/A,EUR,,,,HRK,,,,Constant,CASH,,,,,,,,,,,,,,,,,,,,,,,
1,Rates,Swap,Cross_Currency_Fixed_Fixed,UPI,QZK3H8T7TCBS,New,,2023-10-17T03:57:10,SRDYCC,Fixed - Fixed,Cross Currency,Cash,NA/Swap Fxd Fxd EUR SGD,N/A,EUR,,,,SGD,,,,Custom,CASH,,,,,,,,,,,,,,,,,,,,,,,
1,Rates,Swap,Cross_Currency_Fixed_Fixed,UPI,QZGJNQCLBSTJ,New,,2023-10-17T03:57:10,SRDYCP,Fixed - Fixed,Cross Currency,Physical,NA/Swap Fxd Fxd THB USD,N/A,THB,,,,USD,,,,Custom,PHYS,,,,,,,,,,,,,,,,,,,,,,,
1,Rates,Swap,Cross_Currency_Fixed_Fixed,UPI,QZNH24R59PCN,New,,2023-10-17T03:57:23,SRDYCP,Fixed - Fixed,Cross Currency,Physical,NA/Swap Fxd Fxd GBP KRW,N/A,GBP,,,,KRW,,,,Custom,PHYS,,,,,,,,,,,,,,,,,,,,,,,
1,Rates,Swap,Cross_Currency_Fixed_Fixed,UPI,QZL5V8FXDFPT,New,,2023-10-17T03:57:29,SRDYCP,Fixed - Fixed,Cross Currency,Physical,NA/Swap Fxd Fxd GBP HKD,N/A,GBP,,,,HKD,,,,Custom,PHYS,,,,,,,,,,,,,,,,,,,,,,,
1,Rates,Swap,Cross_Currency_Fixed_Fixed,UPI,QZVJJB8Q5Z8F,New,,2023-10-17T03:57:29,SRDYCC,Fixed - Fixed,Cross Currency,Cash,NA/Swap Fxd Fxd EUR HKD,N/A,EUR,,,,HKD,,,,Custom,CASH,,,,,,,,,,,,,,,,,,,,,,,
1,Rates,Swap,Cross_Currency_Fixed_Fixed,UPI,QZ0VLQJFMTKK,New,,2023-10-17T03:57:30,SRDYCP,Fixed - Fixed,Cross Currency,Physical,NA/Swap Fxd Fxd EUR SGD,N/A,EUR,,,,SGD,,,,Custom,PHYS,,,,,,,,,,,,,,,,,,,,,,,
1,Rates,Swap,Cross_Currency_Fixed_Fixed,UPI,QZV6TVJQN5X6,New,,2023-10-17T03:57:36,SRDDCC,Fixed - Fixed,Cross Currency,Cash,NA/Swap Fxd Fxd EUR SGD,N/A,EUR,,,,SGD,,,,Amortizing,CASH,,,,,,,,,,,,,,,,,,,,,,,
1,Rates,Swap,Cross_Currency_Fixed_Fixed,UPI,QZFPJDCR1PBV,New,,2023-10-17T03:57:54,SRDYCP,Fixed - Fixed,Cross Currency,Physical,NA/Swap Fxd Fxd CLP USD,N/A,CLP,,,,USD,,,,Custom,PHYS,,,,,,,,,,,,,,,,,,,,,,,
1,Rates,Swap,Cross_Currency_Fixed_Fixed,UPI,QZX3758B0ZGG,New,,2023-10-17T03:58:08,SRDCCC,Fixed - Fixed,Cross Currency,Cash,NA/Swap Fxd Fxd CHF CNY,N/A,CHF,,,,CNY,,,,Constant,CASH,,,,,,,,,,,,,,,,,,,,,,,
1,Rates,Swap,Cross_Currency_Fixed_Fixed,UPI,QZS13LTZFZJ0,New,,2023-10-17T03:58:09,SRDYCP,Fixed - Fixed,Cross Currency,Physical,NA/Swap Fxd Fxd NOK SEK,N/A,NOK,,,,SEK,,,,Custom,PHYS,,,,,,,,,,,,,,,,,,,,,,,
1,Rates,Swap,Cross_Currency_Fixed_Fixed,UPI,QZWK7Q7L5PZ3,New,,2023-10-17T03:58:12,SRDDCP,Fixed - Fixed,Cross Currency,Physical,NA/Swap Fxd Fxd DKK SEK,N/A,DKK,,,,SEK,,,,Amortizing,PHYS,,,,,,,,,,,,,,,,,,,,,,,
1,Rates,Swap,Cross_Currency_Fixed_Fixed,UPI,QZ5B4MKQBV9K,New,,2023-10-17T03:58:16,SRDDCC,Fixed - Fixed,Cross Currency,Cash,NA/Swap Fxd Fxd CNY TRY,N/A,CNY,,,,TRY,,,,Amortizing,CASH,,,,,,,,,,,,,,,,,,,,,,,
1,Rates,Swap,Cross_Currency_Fixed_Fixed,UPI,QZ1FBBJ5RMZN,New,,2023-10-17T03:58:28,SRDYCC,Fixed - Fixed,Cross Currency,Cash,NA/Swap Fxd Fxd MYR USD,N/A,MYR,,,,USD,,,,Custom,CASH,,,,,,,,,,,,,,,,,,,,,,,
1,Rates,Swap,Cross_Currency_Fixed_Fixed,UPI,QZ4MVRHVX94Z,New,,2023-10-17T03:58:36,SRDYCP,Fixed - Fixed,Cross Currency,Physical,NA/Swap Fxd Fxd AUD HKD,N/A,AUD,,,,HKD,,,,Custom,PHYS,,,,,,,,,,,,,,,,,,,,,,,
1,Rates,Swap,Cross_Currency_Fixed_Fixed,UPI,QZFX9ZPG8069,New,,2023-10-17T03:58:58,SRDICP,Fixed - Fixed,Cross Currency,Physical,NA/Swap Fxd Fxd TRY USD,N/A,TRY,,,,USD,,,,Accreting,PHYS,,,,,,,,,,,,,,,,,,,,,,,
1,Rates,Swap,Cross_Currency_Fixed_Fixed,UPI,QZLTJVRWXD6N,New,,2023-10-17T03:59:01,SRDICP,Fixed - Fixed,Cross Currency,Physical,NA/Swap Fxd Fxd DKK SEK,N/A,DKK,,,,SEK,,,,Accreting,PHYS,,,,,,,,,,,,,,,,,,,,,,,
1,Rates,Swap,Cross_Currency_Fixed_Fixed,UPI,QZVWMVHFL450,New,,2023-10-17T03:59:02,SRDICC,Fixed - Fixed,Cross Currency,Cash,NA/Swap Fxd Fxd PHP USD,N/A,PHP,,,,USD,,,,Accreting,CASH,,,,,,,,,,,,,,,,,,,,,,,
1,Rates,Swap,Cross_Currency_Fixed_Fixed,UPI,QZNW3Q0KGR93,New,,2023-10-17T03:59:08,SRDICC,Fixed - Fixed,Cross Currency,Cash,NA/Swap Fxd Fxd GBP JPY,N/A,GBP,,,,JPY,,,,Accreting,CASH,,,,,,,,,,,,,,,,,,,,,,,
1,Rates,Swap,Cross_Currency_Fixed_Fixed,UPI,QZ3D02ZHHTPJ,New,,2023-10-17T03:59:12,SRDICC,Fixed - Fixed,Cross Currency,Cash,NA/Swap Fxd Fxd JPY USD,N/A,JPY,,,,USD,,,,Accreting,CASH,,,,,,,,,,,,,,,,,,,,,,,
1,Rates,Swap,Cross_Currency_Fixed_Fixed,UPI,QZBTDJJ65TTL,New,,2023-10-17T03:59:18,SRDCCP,Fixed - Fixed,Cross Currency,Physical,NA/Swap Fxd Fxd HKD SEK,N/A,HKD,,,,SEK,,,,Constant,PHYS,,,,,,,,,,,,,,,,,,,,,,,
1,Rates,Swap,Cross_Currency_Fixed_Fixed,UPI,QZ19VCQMBJRL,New,,2023-10-17T03:59:33,SRDCCP,Fixed - Fixed,Cross Currency,Physical,NA/Swap Fxd Fxd EUR MZN,N/A,EUR,,,,MZN,,,,Constant,PHYS,,,,,,,,,,,,,,,,,,,,,,,
1,Rates,Swap,Cross_Currency_Fixed_Fixed,UPI,QZH3T2HDQ4FL,New,,2023-10-17T03:59:35,SRDICC,Fixed - Fixed,Cross Currency,Cash,NA/Swap Fxd Fxd EUR MXN,N/A,EUR,,,,MXN,,,,Accreting,CASH,,,,,,,,,,,,,,,,,,,,,,,
1,Rates,Swap,Cross_Currency_Fixed_Fixed,UPI,QZSP77PGGNJ5,New,,2023-10-17T03:59:41,SRDDCC,Fixed - Fixed,Cross Currency,Cash,NA/Swap Fxd Fxd CZK EUR,N/A,CZK,,,,EUR,,,,Amortizing,CASH,,,,,,,,,,,,,,,,,,,,,,,
1,Rates,Swap,Cross_Currency_Fixed_Fixed,UPI,QZPF7R7X03HH,New,,2023-10-17T03:59:42,SRDYCC,Fixed - Fixed,Cross Currency,Cash,NA/Swap Fxd Fxd HKD USD,N/A,HKD,,,,USD,,,,Custom,CASH,,,,,,,,,,,,,,,,,,,,,,,
1,Rates,Swap,Cross_Currency_Fixed_Fixed,UPI,QZ7ZRF477DKM,New,,2023-10-17T04:00:05,SRDICC,Fixed - Fixed,Cross Currency,Cash,NA/Swap Fxd Fxd CHF RUB,N/A,CHF,,,,RUB,,,,Accreting,CASH,,,,,,,,,,,,,,,,,,,,,,,
1,Rates,Swap,Cross_Currency_Fixed_Fixed,UPI,QZL2HN3PCP95,New,,2023-10-17T04:00:09,SRDICP,Fixed - Fixed,Cross Currency,Physical,NA/Swap Fxd Fxd PEN USD,N/A,PEN,,,,USD,,,,Accreting,PHYS,,,,,,,,,,,,,,,,,,,,,,,
1,Rates,Swap,Cross_Currency_Fixed_Fixed,UPI,QZSH7G1QZW52,New,,2023-10-17T04:00:10,SRDCCP,Fixed - Fixed,Cross Currency,Physical,NA/Swap Fxd Fxd CLP COP,N/A,CLP,,,,COP,,,,Constant,PHYS,,,,,,,,,,,,,,,,,,,,,,,
1,Rates,Swap,Cross_Currency_Fixed_Fixed,UPI,QZ8NSQQZWD5N,New,,2023-10-17T04:00:14,SRDCCP,Fixed - Fixed,Cross Currency,Physical,NA/Swap Fxd Fxd CHF DKK,N/A,CHF,,,,DKK,,,,Constant,PHYS,,,,,,,,,,,,,,,,,,,,,,,
1,Rates,Swap,Cross_Currency_Fixed_Fixed,UPI,QZDF8FRBJ250,New,,2023-10-17T04:00:15,SRDYCP,Fixed - Fixed,Cross Currency,Physical,NA/Swap Fxd Fxd CHF DKK,N/A,CHF,,,,DKK,,,,Custom,PHYS,,,,,,,,,,,,,,,,,,,,,,,
1,Rates,Swap,Cross_Currency_Fixed_Fixed,UPI,QZKMKZ636KN4,New,,2023-10-17T04:00:20,SRDYCP,Fixed - Fixed,Cross Currency,Physical,NA/Swap Fxd Fxd USD ZAR,N/A,USD,,,,ZAR,,,,Custom,PHYS,,,,,,,,,,,,,,,,,,,,,,,
1,Rates,Swap,Cross_Currency_Fixed_Fixed,UPI,QZZDPDFRBRPP,New,,2023-10-17T04:00:27,SRDYCP,Fixed - Fixed,Cross Currency,Physical,NA/Swap Fxd Fxd HKD JPY,N/A,HKD,,,,JPY,,,,Custom,PHYS,,,,,,,,,,,,,,,,,,,,,,,
1,Rates,Swap,Cross_Currency_Fixed_Fixed,UPI,QZ8D18PBCZX2,New,,2023-10-17T04:00:28,SRDDCP,Fixed - Fixed,Cross Currency,Physical,NA/Swap Fxd Fxd HKD JPY,N/A,HKD,,,,JPY,,,,Amortizing,PHYS,,,,,,,,,,,,,,,,,,,,,,,
1,Rates,Swap,Cross_Currency_Fixed_Fixed,UPI,QZTF1K67CTCV,New,,2023-10-17T04:00:35,SRDCCC,Fixed - Fixed,Cross Currency,Cash,NA/Swap Fxd Fxd CHF MXN,N/A,CHF,,,,MXN,,,,Constant,CASH,,,,,,,,,,,,,,,,,,,,,,,
1,Rates,Swap,Cross_Currency_Fixed_Fixed,UPI,QZLG7SWLQ2R7,New,,2023-10-17T04:00:41,SRDYCP,Fixed - Fixed,Cross Currency,Physical,NA/Swap Fxd Fxd GBP MXN,N/A,GBP,,,,MXN,,,,Custom,PHYS,,,,,,,,,,,,,,,,,,,,,,,
1,Rates,Swap,Cross_Currency_Fixed_Fixed,UPI,QZJM5SR5FXMF,New,,2023-10-17T04:00:41,SRDYCP,Fixed - Fixed,Cross Currency,Physical,NA/Swap Fxd Fxd GBP NOK,N/A,GBP,,,,NOK,,,,Custom,PHYS,,,,,,,,,,,,,,,,,,,,,,,
1,Rates,Swap,Cross_Currency_Fixed_Fixed,UPI,QZP8JHJ56S7G,New,,2023-10-17T04:00:41,SRDYCP,Fixed - Fixed,Cross Currency,Physical,NA/Swap Fxd Fxd AUD NOK,N/A,AUD,,,,NOK,,,,Custom,PHYS,,,,,,,,,,,,,,,,,,,,,,,
1,Rates,Swap,Cross_Currency_Fixed_Fixed,UPI,QZP19JZPT0HF,New,,2023-10-17T04:00:57,SRDYCP,Fixed - Fixed,Cross Currency,Physical,NA/Swap Fxd Fxd KRW SEK,N/A,KRW,,,,SEK,,,,Custom,PHYS,,,,,,,,,,,,,,,,,,,,,,,
1,Rates,Swap,Cross_Currency_Fixed_Fixed,UPI,QZVBP35TR8P0,New,,2023-10-17T04:01:09,SRDCCC,Fixed - Fixed,Cross Currency,Cash,NA/Swap Fxd Fxd CHF SGD,N/A,CHF,,,,SGD,,,,Constant,CASH,,,,,,,,,,,,,,,,,,,,,,,
1,Rates,Swap,Cross_Currency_Fixed_Fixed,UPI,QZ63HDJZ5DT2,New,,2023-10-17T04:01:26,SRDYCP,Fixed - Fixed,Cross Currency,Physical,NA/Swap Fxd Fxd DKK SEK,N/A,DKK,,,,SEK,,,,Custom,PHYS,,,,,,,,,,,,,,,,,,,,,,,
1,Rates,Swap,Cross_Currency_Fixed_Fixed,UPI,QZ059P7L8LZ8,New,,2023-10-17T04:01:31,SRDCCP,Fixed - Fixed,Cross Currency,Physical,NA/Swap Fxd Fxd AUD DKK,N/A,AUD,,,,DKK,,,,Constant,PHYS,,,,,,,,,,,,,,,,,,,,,,,
1,Rates,Swap,Cross_Currency_Fixed_Fixed,UPI,QZC3766LF63X,New,,2023-10-17T04:01:31,SRDYCP,Fixed - Fixed,Cross Currency,Physical,NA/Swap Fxd Fxd AUD DKK,N/A,AUD,,,,DKK,,,,Custom,PHYS,,,,,,,,,,,,,,,,,,,,,,,
1,Rates,Swap,Cross_Currency_Fixed_Fixed,UPI,QZMVP0HFFGLH,New,,2023-10-17T04:01:31,SRDYCC,Fixed - Fixed,Cross Currency,Cash,NA/Swap Fxd Fxd CAD EUR,N/A,CAD,,,,EUR,,,,Custom,CASH,,,,,,,,,,,,,,,,,,,,,,,
1,Rates,Swap,Cross_Currency_Fixed_Fixed,UPI,QZZL0JSKG0GV,New,,2023-10-17T04:01:42,SRDDCC,Fixed - Fixed,Cross Currency,Cash,NA/Swap Fxd Fxd EUR SAR,N/A,EUR,,,,SAR,,,,Amortizing,CASH,,,,,,,,,,,,,,,,,,,,,,,
1,Rates,Swap,Cross_Currency_Fixed_Fixed,UPI,QZG7J2D9CFDC,New,,2023-10-17T04:01:42,SRDDCP,Fixed - Fixed,Cross Currency,Physical,NA/Swap Fxd Fxd EUR SAR,N/A,EUR,,,,SAR,,,,Amortizing,PHYS,,,,,,,,,,,,,,,,,,,,,,,
1,Rates,Swap,Cross_Currency_Fixed_Fixed,UPI,QZL3SBN2W4B2,New,,2023-10-17T04:01:42,SRDCCC,Fixed - Fixed,Cross Currency,Cash,NA/Swap Fxd Fxd SGD THB,N/A,SGD,,,,THB,,,,Constant,CASH,,,,,,,,,,,,,,,,,,,,,,,
1,Rates,Swap,Cross_Currency_Fixed_Fixed,UPI,QZLBQLWJSZPL,New,,2023-10-17T04:01:43,SRDCCC,Fixed - Fixed,Cross Currency,Cash,NA/Swap Fxd Fxd EUR SAR,N/A,EUR,,,,SAR,,,,Constant,CASH,,,,,,,,,,,,,,,,,,,,,,,
1,Rates,Swap,Cross_Currency_Fixed_Fixed,UPI,QZ74BK5XXFLG,New,,2023-10-17T04:02:27,SRDCCC,Fixed - Fixed,Cross Currency,Cash,NA/Swap Fxd Fxd ARS EUR,N/A,ARS,,,,EUR,,,,Constant,CASH,,,,,,,,,,,,,,,,,,,,,,,
1,Rates,Swap,Cross_Currency_Fixed_Fixed,UPI,QZLQBP3T9WT1,New,,2023-10-17T04:02:49,SRDCCP,Fixed - Fixed,Cross Currency,Physical,NA/Swap Fxd Fxd AUD SEK,N/A,AUD,,,,SEK,,,,Constant,PHYS,,,,,,,,,,,,,,,,,,,,,,,
1,Rates,Swap,Cross_Currency_Fixed_Fixed,UPI,QZ0KJ7T2480J,New,,2023-10-17T04:02:56,SRDDCC,Fixed - Fixed,Cross Currency,Cash,NA/Swap Fxd Fxd COP EUR,N/A,COP,,,,EUR,,,,Amortizing,CASH,,,,,,,,,,,,,,,,,,,,,,,
1,Rates,Swap,Cross_Currency_Fixed_Fixed,UPI,QZB9F2XZ4D7C,New,,2023-10-17T04:03:14,SRDDCC,Fixed - Fixed,Cross Currency,Cash,NA/Swap Fxd Fxd SAR USD,N/A,SAR,,,,USD,,,,Amortizing,CASH,,,,,,,,,,,,,,,,,,,,,,,
1,Rates,Swap,Cross_Currency_Fixed_Fixed,UPI,QZZ76D3RB3MS,New,,2023-10-17T04:04:20,SRDCCP,Fixed - Fixed,Cross Currency,Physical,NA/Swap Fxd Fxd HKD NOK,N/A,HKD,,,,NOK,,,,Constant,PHYS,,,,,,,,,,,,,,,,,,,,,,,
1,Rates,Swap,Cross_Currency_Fixed_Fixed,UPI,QZFWX3RCX9MV,New,,2023-10-17T04:04:32,SRDCCP,Fixed - Fixed,Cross Currency,Physical,NA/Swap Fxd Fxd KRW ZAR,N/A,KRW,,,,ZAR,,,,Constant,PHYS,,,,,,,,,,,,,,,,,,,,,,,
1,Rates,Swap,Cross_Currency_Fixed_Fixed,UPI,QZB4C6FKTHQ2,New,,2023-10-17T04:04:32,SRDCCC,Fixed - Fixed,Cross Currency,Cash,NA/Swap Fxd Fxd GBP RON,N/A,GBP,,,,RON,,,,Constant,CASH,,,,,,,,,,,,,,,,,,,,,,,
1,Rates,Swap,Cross_Currency_Fixed_Fixed,UPI,QZTR53XFVJZK,New,,2023-10-17T04:04:48,SRDDCP,Fixed - Fixed,Cross Currency,Physical,NA/Swap Fxd Fxd KRW NZD,N/A,KRW,,,,NZD,,,,Amortizing,PHYS,,,,,,,,,,,,,,,,,,,,,,,
1,Rates,Swap,Cross_Currency_Fixed_Fixed,UPI,QZM9GNG6NQ51,New,,2023-10-17T04:04:48,SRDDCP,Fixed - Fixed,Cross Currency,Physical,NA/Swap Fxd Fxd JPY RUB,N/A,JPY,,,,RUB,,,,Amortizing,PHYS,,,,,,,,,,,,,,,,,,,,,,,
1,Rates,Swap,Cross_Currency_Fixed_Fixed,UPI,QZGCRK6PF03H,New,,2023-10-17T04:05:03,SRDCCP,Fixed - Fixed,Cross Currency,Physical,NA/Swap Fxd Fxd AUD MYR,N/A,AUD,,,,MYR,,,,Constant,PHYS,,,,,,,,,,,,,,,,,,,,,,,
1,Rates,Swap,Cross_Currency_Fixed_Fixed,UPI,QZP3L3RKPKQT,New,,2023-10-17T04:05:39,SRDCCP,Fixed - Fixed,Cross Currency,Physical,NA/Swap Fxd Fxd HKD NZD,N/A,HKD,,,,NZD,,,,Constant,PHYS,,,,,,,,,,,,,,,,,,,,,,,
1,Rates,Swap,Cross_Currency_Fixed_Fixed,UPI,QZV0ZXVDM8SL,New,,2023-10-17T04:05:55,SRDDCP,Fixed - Fixed,Cross Currency,Physical,NA/Swap Fxd Fxd COP EUR,N/A,COP,,,,EUR,,,,Amortizing,PHYS,,,,,,,,,,,,,,,,,,,,,,,
1,Rates,Swap,Cross_Currency_Fixed_Fixed,UPI,QZVN2KXB0LX9,New,,2023-10-17T04:06:17,SRDCCC,Fixed - Fixed,Cross Currency,Cash,NA/Swap Fxd Fxd BBD GBP,N/A,BBD,,,,GBP,,,,Constant,CASH,,,,,,,,,,,,,,,,,,,,,,,
1,Rates,Swap,Cross_Currency_Fixed_Fixed,UPI,QZ8K9D7KGGTF,New,,2023-10-17T04:06:25,SRDCCC,Fixed - Fixed,Cross Currency,Cash,NA/Swap Fxd Fxd CHF SEK,N/A,CHF,,,,SEK,,,,Constant,CASH,,,,,,,,,,,,,,,,,,,,,,,
1,Rates,Swap,Cross_Currency_Fixed_Fixed,UPI,QZP31LP5SXM6,New,,2023-10-17T04:06:43,SRDCCC,Fixed - Fixed,Cross Currency,Cash,NA/Swap Fxd Fxd HKD SEK,N/A,HKD,,,,SEK,,,,Constant,CASH,,,,,,,,,,,,,,,,,,,,,,,
1,Rates,Swap,Cross_Currency_Fixed_Fixed,UPI,QZ4H7V6W2Q4J,New,,2023-10-25T18:50:21,SRDCCP,Fixed - Fixed,Cross Currency,Physical,NA/Swap Fxd Fxd HKD RUB,N/A,HKD,,,,RUB,,,,Constant,PHYS,,,,,,,,,,,,,,,,,,,,,,,
1,Rates,Swap,Cross_Currency_Fixed_Fixed,UPI,QZS2MLKLKLRZ,New,,2023-10-25T18:50:25,SRDCCP,Fixed - Fixed,Cross Currency,Physical,NA/Swap Fxd Fxd TND USD,N/A,TND,,,,USD,,,,Constant,PHYS,,,,,,,,,,,,,,,,,,,,,,,
1,Rates,Swap,Cross_Currency_Fixed_Fixed,UPI,QZMGRF28HS8P,New,,2023-10-25T18:50:26,SRDDCC,Fixed - Fixed,Cross Currency,Cash,NA/Swap Fxd Fxd DKK USD,N/A,DKK,,,,USD,,,,Amortizing,CASH,,,,,,,,,,,,,,,,,,,,,,,
1,Rates,Swap,Cross_Currency_Fixed_Fixed,UPI,QZFH54VQBX53,New,,2023-10-25T18:50:32,SRDCCP,Fixed - Fixed,Cross Currency,Physical,NA/Swap Fxd Fxd RUB TRY,N/A,RUB,,,,TRY,,,,Constant,PHYS,,,,,,,,,,,,,,,,,,,,,,,
1,Rates,Swap,Cross_Currency_Fixed_Fixed,UPI,QZ27C2KT4T0Q,New,,2023-10-25T18:50:34,SRDCCP,Fixed - Fixed,Cross Currency,Physical,NA/Swap Fxd Fxd GHS USD,N/A,GHS,,,,USD,,,,Constant,PHYS,,,,,,,,,,,,,,,,,,,,,,,
1,Rates,Swap,Cross_Currency_Fixed_Fixed,UPI,QZSW63XWKB5T,New,,2023-10-25T18:50:35,SRDCCC,Fixed - Fixed,Cross Currency,Cash,NA/Swap Fxd Fxd KWD SAR,N/A,KWD,,,,SAR,,,,Constant,CASH,,,,,,,,,,,,,,,,,,,,,,,
1,Rates,Swap,Cross_Currency_Fixed_Fixed,UPI,QZ733WPSD4XF,New,,2023-10-25T18:50:48,SRDICP,Fixed - Fixed,Cross Currency,Physical,NA/Swap Fxd Fxd EUR TRY,N/A,EUR,,,,TRY,,,,Accreting,PHYS,,,,,,,,,,,,,,,,,,,,,,,
1,Rates,Swap,Cross_Currency_Fixed_Fixed,UPI,QZD1B7K7MWV3,New,,2023-10-25T18:50:50,SRDDCC,Fixed - Fixed,Cross Currency,Cash,NA/Swap Fxd Fxd ILS USD,N/A,ILS,,,,USD,,,,Amortizing,CASH,,,,,,,,,,,,,,,,,,,,,,,
1,Rates,Swap,Cross_Currency_Fixed_Fixed,UPI,QZ18PJX8X057,New,,2023-10-25T18:50:55,SRDDCC,Fixed - Fixed,Cross Currency,Cash,NA/Swap Fxd Fxd JPY THB,N/A,JPY,,,,THB,,,,Amortizing,CASH,,,,,,,,,,,,,,,,,,,,,,,
1,Rates,Swap,Cross_Currency_Fixed_Fixed,UPI,QZVZPMF8KKTR,New,,2023-10-25T18:50:56,SRDDCC,Fixed - Fixed,Cross Currency,Cash,NA/Swap Fxd Fxd RUB TRY,N/A,RUB,,,,TRY,,,,Amortizing,CASH,,,,,,,,,,,,,,,,,,,,,,,
1,Rates,Swap,Cross_Currency_Fixed_Fixed,UPI,QZHF1DDMG9S6,New,,2023-10-25T18:51:02,SRDCCP,Fixed - Fixed,Cross Currency,Physical,NA/Swap Fxd Fxd BHD USD,N/A,BHD,,,,USD,,,,Constant,PHYS,,,,,,,,,,,,,,,,,,,,,,,
1,Rates,Swap,Cross_Currency_Fixed_Fixed,UPI,QZX5C6VHMX6D,New,,2023-10-25T18:51:02,SRDCCP,Fixed - Fixed,Cross Currency,Physical,NA/Swap Fxd Fxd OMR USD,N/A,OMR,,,,USD,,,,Constant,PHYS,,,,,,,,,,,,,,,,,,,,,,,
1,Rates,Swap,Cross_Currency_Fixed_Fixed,UPI,QZ3B5MF6C20N,New,,2023-10-25T18:51:03,SRDICP,Fixed - Fixed,Cross Currency,Physical,NA/Swap Fxd Fxd COP USD,N/A,COP,,,,USD,,,,Accreting,PHYS,,,,,,,,,,,,,,,,,,,,,,,
1,Rates,Swap,Cross_Currency_Fixed_Fixed,UPI,QZRQF9143CC1,New,,2023-10-25T18:51:11,SRDCCC,Fixed - Fixed,Cross Currency,Cash,NA/Swap Fxd Fxd ARS USD,N/A,ARS,,,,USD,,,,Constant,CASH,,,,,,,,,,,,,,,,,,,,,,,
1,Rates,Swap,Cross_Currency_Fixed_Fixed,UPI,QZTMFV5G0N32,New,,2023-10-25T18:51:38,SRDDCC,Fixed - Fixed,Cross Currency,Cash,NA/Swap Fxd Fxd GBP INR,N/A,GBP,,,,INR,,,,Amortizing,CASH,,,,,,,,,,,,,,,,,,,,,,,
1,Rates,Swap,Cross_Currency_Fixed_Fixed,UPI,QZJ7Z2C0PQ12,New,,2023-10-25T18:51:42,SRDDCP,Fixed - Fixed,Cross Currency,Physical,NA/Swap Fxd Fxd CHF INR,N/A,CHF,,,,INR,,,,Amortizing,PHYS,,,,,,,,,,,,,,,,,,,,,,,
1,Rates,Swap,Cross_Currency_Fixed_Fixed,UPI,QZBBCMND210Q,New,,2023-10-25T18:51:50,SRDYCC,Fixed - Fixed,Cross Currency,Cash,NA/Swap Fxd Fxd CHF INR,N/A,CHF,,,,INR,,,,Custom,CASH,,,,,,,,,,,,,,,,,,,,,,,
1,Rates,Swap,Cross_Currency_Fixed_Fixed,UPI,QZ95VHC47JTH,New,,2023-10-25T18:51:50,SRDDCC,Fixed - Fixed,Cross Currency,Cash,NA/Swap Fxd Fxd CHF INR,N/A,CHF,,,,INR,,,,Amortizing,CASH,,,,,,,,,,,,,,,,,,,,,,,
1,Rates,Swap,Cross_Currency_Fixed_Fixed,UPI,QZRKM03L3Z0V,New,,2023-10-25T18:52:04,SRDCCP,Fixed - Fixed,Cross Currency,Physical,NA/Swap Fxd Fxd COP COU,N/A,COP,,,,COU,,,,Constant,PHYS,,,,,,,,,,,,,,,,,,,,,,,
1,Rates,Swap,Cross_Currency_Fixed_Fixed,UPI,QZV8GM6856Z2,New,,2023-10-25T18:52:04,SRDCCC,Fixed - Fixed,Cross Currency,Cash,NA/Swap Fxd Fxd QAR USD,N/A,QAR,,,,USD,,,,Constant,CASH,,,,,,,,,,,,,,,,,,,,,,,
1,Rates,Swap,Cross_Currency_Fixed_Fixed,UPI,QZMN1PN7RJKK,New,,2023-10-25T18:52:30,SRDYCC,Fixed - Fixed,Cross Currency,Cash,NA/Swap Fxd Fxd CNY JPY,N/A,CNY,,,,JPY,,,,Custom,CASH,,,,,,,,,,,,,,,,,,,,,,,
1,Rates,Swap,Cross_Currency_Fixed_Fixed,UPI,QZDT2KMWL1C1,New,,2023-10-25T18:52:31,SRDCCP,Fixed - Fixed,Cross Currency,Physical,NA/Swap Fxd Fxd EUR JOD,N/A,EUR,,,,JOD,,,,Constant,PHYS,,,,,,,,,,,,,,,,,,,,,,,
1,Rates,Swap,Cross_Currency_Fixed_Fixed,UPI,QZS1TVVRWBKT,New,,2023-10-25T18:53:10,SRDCCP,Fixed - Fixed,Cross Currency,Physical,NA/Swap Fxd Fxd CHF RON,N/A,CHF,,,,RON,,,,Constant,PHYS,,,,,,,,,,,,,,,,,,,,,,,
1,Rates,Swap,Cross_Currency_Fixed_Fixed,UPI,QZ450PCDBT4V,New,,2023-10-25T18:53:26,SRDCCP,Fixed - Fixed,Cross Currency,Physical,NA/Swap Fxd Fxd CAD RUB,N/A,CAD,,,,RUB,,,,Constant,PHYS,,,,,,,,,,,,,,,,,,,,,,,
1,Rates,Swap,Cross_Currency_Fixed_Fixed,UPI,QZ2SH96NKZT8,New,,2023-10-25T18:53:29,SRDCCP,Fixed - Fixed,Cross Currency,Physical,NA/Swap Fxd Fxd GBP KZT,N/A,GBP,,,,KZT,,,,Constant,PHYS,,,,,,,,,,,,,,,,,,,,,,,
1,Rates,Swap,Cross_Currency_Fixed_Fixed,UPI,QZGTNMSTVQ2Z,New,,2023-10-25T18:53:49,SRDCCC,Fixed - Fixed,Cross Currency,Cash,NA/Swap Fxd Fxd GBP QAR,N/A,GBP,,,,QAR,,,,Constant,CASH,,,,,,,,,,,,,,,,,,,,,,,
1,Rates,Swap,Cross_Currency_Fixed_Fixed,UPI,QZSGJ2JJTHM4,New,,2023-10-25T18:54:08,SRDYCC,Fixed - Fixed,Cross Currency,Cash,NA/Swap Fxd Fxd TRY USD,N/A,TRY,,,,USD,,,,Custom,CASH,,,,,,,,,,,,,,,,,,,,,,,
1,Rates,Swap,Cross_Currency_Fixed_Fixed,UPI,QZRQSB8DRFL4,New,,2023-10-25T18:54:16,SRDCCC,Fixed - Fixed,Cross Currency,Cash,NA/Swap Fxd Fxd EUR PEN,N/A,EUR,,,,PEN,,,,Constant,CASH,,,,,,,,,,,,,,,,,,,,,,,
1,Rates,Swap,Cross_Currency_Fixed_Fixed,UPI,QZ32HPW5TNXC,New,,2023-10-25T18:55:37,SRDCCC,Fixed - Fixed,Cross Currency,Cash,NA/Swap Fxd Fxd GHS USD,N/A,GHS,,,,USD,,,,Constant,CASH,,,,,,,,,,,,,,,,,,,,,,,
1,Rates,Swap,Cross_Currency_Fixed_Fixed,UPI,QZGWZZWMSHDV,New,,2023-10-25T18:56:07,SRDCCP,Fixed - Fixed,Cross Currency,Physical,NA/Swap Fxd Fxd EUR MXV,N/A,EUR,,,,MXV,,,,Constant,PHYS,,,,,,,,,,,,,,,,,,,,,,,
1,Rates,Swap,Cross_Currency_Fixed_Fixed,UPI,QZCXJGFKS565,New,,2023-10-25T18:56:18,SRDYCC,Fixed - Fixed,Cross Currency,Cash,NA/Swap Fxd Fxd EUR IDR,N/A,EUR,,,,IDR,,,,Custom,CASH,,,,,,,,,,,,,,,,,,,,,,,
1,Rates,Swap,Cross_Currency_Fixed_Fixed,UPI,QZPMH4W94CJD,New,,2023-10-25T18:56:42,SRDCCP,Fixed - Fixed,Cross Currency,Physical,NA/Swap Fxd Fxd EUR ZMW,N/A,EUR,,,,ZMW,,,,Constant,PHYS,,,,,,,,,,,,,,,,,,,,,,,
1,Rates,Swap,Cross_Currency_Fixed_Fixed,UPI,QZGWQVPCD32Q,New,,2023-10-25T18:57:28,SRDCCP,Fixed - Fixed,Cross Currency,Physical,NA/Swap Fxd Fxd HUF PLN,N/A,HUF,,,,PLN,,,,Constant,PHYS,,,,,,,,,,,,,,,,,,,,,,,
1,Rates,Swap,Cross_Currency_Fixed_Fixed,UPI,QZC70J1TCS1Z,New,,2023-10-25T18:57:40,SRDCCC,Fixed - Fixed,Cross Currency,Cash,NA/Swap Fxd Fxd GBP HUF,N/A,GBP,,,,HUF,,,,Constant,CASH,,,,,,,,,,,,,,,,,,,,,,,
1,Rates,Swap,Cross_Currency_Fixed_Fixed,UPI,QZSWKJ7GVZL7,New,,2023-10-25T18:57:53,SRDDCP,Fixed - Fixed,Cross Currency,Physical,NA/Swap Fxd Fxd EUR PHP,N/A,EUR,,,,PHP,,,,Amortizing,PHYS,,,,,,,,,,,,,,,,,,,,,,,
1,Rates,Swap,Cross_Currency_Fixed_Fixed,UPI,QZ4D9HV3MDW6,New,,2023-10-25T18:58:34,SRDCCP,Fixed - Fixed,Cross Currency,Physical,NA/Swap Fxd Fxd KRW TWD,N/A,KRW,,,,TWD,,,,Constant,PHYS,,,,,,,,,,,,,,,,,,,,,,,
1,Rates,Swap,Cross_Currency_Fixed_Fixed,UPI,QZ5L8P3L6DJ0,New,,2023-10-25T18:59:01,SRDCCP,Fixed - Fixed,Cross Currency,Physical,NA/Swap Fxd Fxd NOK PLN,N/A,NOK,,,,PLN,,,,Constant,PHYS,,,,,,,,,,,,,,,,,,,,,,,
1,Rates,Swap,Cross_Currency_Fixed_Fixed,UPI,QZ2W0FLLK33D,New,,2023-10-25T18:59:05,SRDYCC,Fixed - Fixed,Cross Currency,Cash,NA/Swap Fxd Fxd IDR JPY,N/A,IDR,,,,JPY,,,,Custom,CASH,,,,,,,,,,,,,,,,,,,,,,,
1,Rates,Swap,Cross_Currency_Fixed_Fixed,UPI,QZRMR48LJN7K,New,,2023-10-25T18:59:18,SRDCCP,Fixed - Fixed,Cross Currency,Physical,NA/Swap Fxd Fxd GBP JOD,N/A,GBP,,,,JOD,,,,Constant,PHYS,,,,,,,,,,,,,,,,,,,,,,,
1,Rates,Swap,Cross_Currency_Fixed_Fixed,UPI,QZV61J63DQ0X,New,,2023-10-25T18:59:22,SRDCCC,Fixed - Fixed,Cross Currency,Cash,NA/Swap Fxd Fxd CZK PLN,N/A,CZK,,,,PLN,,,,Constant,CASH,,,,,,,,,,,,,,,,,,,,,,,
1,Rates,Swap,Cross_Currency_Fixed_Fixed,UPI,QZ5BZFLTMVWZ,New,,2023-10-25T18:59:36,SRDCCP,Fixed - Fixed,Cross Currency,Physical,NA/Swap Fxd Fxd SEK THB,N/A,SEK,,,,THB,,,,Constant,PHYS,,,,,,,,,,,,,,,,,,,,,,,
1,Rates,Swap,Cross_Currency_Fixed_Fixed,UPI,QZL3Z557RCL7,New,,2023-10-25T18:59:44,SRDCCP,Fixed - Fixed,Cross Currency,Physical,NA/Swap Fxd Fxd CAD SGD,N/A,CAD,,,,SGD,,,,Constant,PHYS,,,,,,,,,,,,,,,,,,,,,,,
1,Rates,Swap,Cross_Currency_Fixed_Fixed,UPI,QZTQG4ZJLRBG,New,,2023-10-25T18:59:45,SRDCCP,Fixed - Fixed,Cross Currency,Physical,NA/Swap Fxd Fxd RSD USD,N/A,RSD,,,,USD,,,,Constant,PHYS,,,,,,,,,,,,,,,,,,,,,,,
1,Rates,Swap,Cross_Currency_Fixed_Fixed,UPI,QZP7JCC6R4PR,New,,2023-10-25T18:59:46,SRDCCP,Fixed - Fixed,Cross Currency,Physical,NA/Swap Fxd Fxd KWD SAR,N/A,KWD,,,,SAR,,,,Constant,PHYS,,,,,,,,,,,,,,,,,,,,,,,
1,Rates,Swap,Cross_Currency_Fixed_Fixed,UPI,QZ4KL2HXKVP9,New,,2023-10-25T19:00:20,SRDDCC,Fixed - Fixed,Cross Currency,Cash,NA/Swap Fxd Fxd EUR PEN,N/A,EUR,,,,PEN,,,,Amortizing,CASH,,,,,,,,,,,,,,,,,,,,,,,
1,Rates,Swap,Cross_Currency_Fixed_Fixed,UPI,QZ2W1D5KHP81,New,,2023-10-25T19:00:36,SRDCCC,Fixed - Fixed,Cross Currency,Cash,NA/Swap Fxd Fxd GBP PHP,N/A,GBP,,,,PHP,,,,Constant,CASH,,,,,,,,,,,,,,,,,,,,,,,
1,Rates,Swap,Cross_Currency_Fixed_Fixed,UPI,QZ1GKGWW4RSX,New,,2023-10-25T19:01:24,SRDDCP,Fixed - Fixed,Cross Currency,Physical,NA/Swap Fxd Fxd RUB TRY,N/A,RUB,,,,TRY,,,,Amortizing,PHYS,,,,,,,,,,,,,,,,,,,,,,,
1,Rates,Swap,Cross_Currency_Fixed_Fixed,UPI,QZ3NQ2F2S4F7,New,,2023-10-25T19:01:46,SRDYCP,Fixed - Fixed,Cross Currency,Physical,NA/Swap Fxd Fxd PLN RUB,N/A,PLN,,,,RUB,,,,Custom,PHYS,,,,,,,,,,,,,,,,,,,,,,,
1,Rates,Swap,Cross_Currency_Fixed_Fixed,UPI,QZ5ZDFL72R4Q,New,,2023-10-25T19:03:19,SRDYCP,Fixed - Fixed,Cross Currency,Physical,NA/Swap Fxd Fxd PHP USD,N/A,PHP,,,,USD,,,,Custom,PHYS,,,,,,,,,,,,,,,,,,,,,,,
1,Rates,Swap,Cross_Currency_Fixed_Fixed,UPI,QZQG9DF31976,New,,2023-10-25T19:03:29,SRDCCP,Fixed - Fixed,Cross Currency,Physical,NA/Swap Fxd Fxd CNY TWD,N/A,CNY,,,,TWD,,,,Constant,PHYS,,,,,,,,,,,,,,,,,,,,,,,
1,Rates,Swap,Cross_Currency_Fixed_Fixed,UPI,QZDNNZVJ8MQ7,New,,2023-10-25T19:03:33,SRDCCP,Fixed - Fixed,Cross Currency,Physical,NA/Swap Fxd Fxd GBP KES,N/A,GBP,,,,KES,,,,Constant,PHYS,,,,,,,,,,,,,,,,,,,,,,,
1,Rates,Swap,Cross_Currency_Fixed_Fixed,UPI,QZBN85JXH1SX,New,,2023-10-25T19:03:33,SRDCCP,Fixed - Fixed,Cross Currency,Physical,NA/Swap Fxd Fxd EUR KES,N/A,EUR,,,,KES,,,,Constant,PHYS,,,,,,,,,,,,,,,,,,,,,,,
1,Rates,Swap,Cross_Currency_Fixed_Fixed,UPI,QZVH61K53V74,New,,2023-10-25T19:03:48,SRDCCP,Fixed - Fixed,Cross Currency,Physical,NA/Swap Fxd Fxd ILS PLN,N/A,ILS,,,,PLN,,,,Constant,PHYS,,,,,,,,,,,,,,,,,,,,,,,
1,Rates,Swap,Cross_Currency_Fixed_Fixed,UPI,QZ9QFJXHJD9W,New,,2023-10-25T19:04:11,SRDCCP,Fixed - Fixed,Cross Currency,Physical,NA/Swap Fxd Fxd PKR USD,N/A,PKR,,,,USD,,,,Constant,PHYS,,,,,,,,,,,,,,,,,,,,,,,
1,Rates,Swap,Cross_Currency_Fixed_Fixed,UPI,QZSPRZPXRHWJ,New,,2023-10-25T19:05:03,SRDDCP,Fixed - Fixed,Cross Currency,Physical,NA/Swap Fxd Fxd EUR KZT,N/A,EUR,,,,KZT,,,,Amortizing,PHYS,,,,,,,,,,,,,,,,,,,,,,,
1,Rates,Swap,Cross_Currency_Fixed_Fixed,UPI,QZ4JKBPRTB9X,New,,2023-10-25T19:06:00,SRDCCP,Fixed - Fixed,Cross Currency,Physical,NA/Swap Fxd Fxd USD UYU,N/A,USD,,,,UYU,,,,Constant,PHYS,,,,,,,,,,,,,,,,,,,,,,,
1,Rates,Swap,Cross_Currency_Fixed_Fixed,UPI,QZF82BSNPGL6,New,,2023-10-25T19:06:30,SRDICC,Fixed - Fixed,Cross Currency,Cash,NA/Swap Fxd Fxd AUD CNY,N/A,AUD,,,,CNY,,,,Accreting,CASH,,,,,,,,,,,,,,,,,,,,,,,
1,Rates,Swap,Cross_Currency_Fixed_Fixed,UPI,QZ6291711B4V,New,,2023-10-25T19:06:44,SRDCCP,Fixed - Fixed,Cross Currency,Physical,NA/Swap Fxd Fxd JPY ZAR,N/A,JPY,,,,ZAR,,,,Constant,PHYS,,,,,,,,,,,,,,,,,,,,,,,
1,Rates,Swap,Cross_Currency_Fixed_Fixed,UPI,QZ41QCQS8B57,New,,2023-10-25T19:06:54,SRDICC,Fixed - Fixed,Cross Currency,Cash,NA/Swap Fxd Fxd EUR JPY,N/A,EUR,,,,JPY,,,,Accreting,CASH,,,,,,,,,,,,,,,,,,,,,,,
1,Rates,Swap,Cross_Currency_Fixed_Fixed,UPI,QZ74JT0Q6JH4,New,,2023-10-25T19:06:58,SRDCCP,Fixed - Fixed,Cross Currency,Physical,NA/Swap Fxd Fxd ETB USD,N/A,ETB,,,,USD,,,,Constant,PHYS,,,,,,,,,,,,,,,,,,,,,,,
1,Rates,Swap,Cross_Currency_Fixed_Fixed,UPI,QZ1JKCL1V59G,New,,2023-10-25T19:07:35,SRDICC,Fixed - Fixed,Cross Currency,Cash,NA/Swap Fxd Fxd DKK USD,N/A,DKK,,,,USD,,,,Accreting,CASH,,,,,,,,,,,,,,,,,,,,,,,
1,Rates,Swap,Cross_Currency_Fixed_Fixed,UPI,QZNB57P4W5CJ,New,,2023-10-25T19:07:36,SRDICC,Fixed - Fixed,Cross Currency,Cash,NA/Swap Fxd Fxd AUD EUR,N/A,AUD,,,,EUR,,,,Accreting,CASH,,,,,,,,,,,,,,,,,,,,,,,
1,Rates,Swap,Cross_Currency_Fixed_Fixed,UPI,QZNNN793T10D,New,,2023-10-25T19:07:36,SRDICC,Fixed - Fixed,Cross Currency,Cash,NA/Swap Fxd Fxd AUD GBP,N/A,AUD,,,,GBP,,,,Accreting,CASH,,,,,,,,,,,,,,,,,,,,,,,
1,Rates,Swap,Cross_Currency_Fixed_Fixed,UPI,QZNZDC3GHP98,New,,2023-10-25T19:08:24,SRDICC,Fixed - Fixed,Cross Currency,Cash,NA/Swap Fxd Fxd NZD USD,N/A,NZD,,,,USD,,,,Accreting,CASH,,,,,,,,,,,,,,,,,,,,,,,
1,Rates,Swap,Cross_Currency_Fixed_Fixed,UPI,QZT4Q4SMHDT9,New,,2023-10-25T19:08:42,SRDICP,Fixed - Fixed,Cross Currency,Physical,NA/Swap Fxd Fxd PLN TRY,N/A,PLN,,,,TRY,,,,Accreting,PHYS,,,,,,,,,,,,,,,,,,,,,,,
1,Rates,Swap,Cross_Currency_Fixed_Fixed,UPI,QZJQTBSDQ862,New,,2023-10-25T19:10:07,SRDICP,Fixed - Fixed,Cross Currency,Physical,NA/Swap Fxd Fxd EUR HUF,N/A,EUR,,,,HUF,,,,Accreting,PHYS,,,,,,,,,,,,,,,,,,,,,,,
1,Rates,Swap,Cross_Currency_Fixed_Fixed,UPI,QZ37MJ3WHS1P,New,,2023-10-25T19:10:22,SRDCCP,Fixed - Fixed,Cross Currency,Physical,NA/Swap Fxd Fxd CAD INR,N/A,CAD,,,,INR,,,,Constant,PHYS,,,,,,,,,,,,,,,,,,,,,,,
1,Rates,Swap,Cross_Currency_Fixed_Fixed,UPI,QZSVDDVTNZ09,New,,2023-10-25T19:10:49,SRDCCC,Fixed - Fixed,Cross Currency,Cash,NA/Swap Fxd Fxd IDR THB,N/A,IDR,,,,THB,,,,Constant,CASH,,,,,,,,,,,,,,,,,,,,,,,
1,Rates,Swap,Cross_Currency_Fixed_Fixed,UPI,QZ303GKFDPGC,New,,2023-10-25T19:11:07,SRDYCP,Fixed - Fixed,Cross Currency,Physical,NA/Swap Fxd Fxd GBP TRY,N/A,GBP,,,,TRY,,,,Custom,PHYS,,,,,,,,,,,,,,,,,,,,,,,
1,Rates,Swap,Cross_Currency_Fixed_Fixed,UPI,QZJ7G2SSCFSX,New,,2023-10-25T19:11:11,SRDICC,Fixed - Fixed,Cross Currency,Cash,NA/Swap Fxd Fxd USD ZAR,N/A,USD,,,,ZAR,,,,Accreting,CASH,,,,,,,,,,,,,,,,,,,,,,,
1,Rates,Swap,Cross_Currency_Fixed_Fixed,UPI,QZ9059PK65LT,New,,2023-10-25T19:11:27,SRDDCP,Fixed - Fixed,Cross Currency,Physical,NA/Swap Fxd Fxd AED USD,N/A,AED,,,,USD,,,,Amortizing,PHYS,,,,,,,,,,,,,,,,,,,,,,,
1,Rates,Swap,Cross_Currency_Fixed_Fixed,UPI,QZ8SVB27R9XC,New,,2023-10-25T19:12:18,SRDCCC,Fixed - Fixed,Cross Currency,Cash,NA/Swap Fxd Fxd PKR USD,N/A,PKR,,,,USD,,,,Constant,CASH,,,,,,,,,,,,,,,,,,,,,,,
1,Rates,Swap,Cross_Currency_Fixed_Fixed,UPI,QZHD0QTBDFZP,New,,2023-10-25T19:12:18,SRDCCC,Fixed - Fixed,Cross Currency,Cash,NA/Swap Fxd Fxd UAH USD,N/A,UAH,,,,USD,,,,Constant,CASH,,,,,,,,,,,,,,,,,,,,,,,
1,Rates,Swap,Cross_Currency_Fixed_Fixed,UPI,QZ3607V9RTWB,New,,2023-10-25T19:12:30,SRDCCC,Fixed - Fixed,Cross Currency,Cash,NA/Swap Fxd Fxd MAD USD,N/A,MAD,,,,USD,,,,Constant,CASH,,,,,,,,,,,,,,,,,,,,,,,
1,Rates,Swap,Cross_Currency_Fixed_Fixed,UPI,QZHCX6R3HPZ5,New,,2023-10-25T19:12:59,SRDCCP,Fixed - Fixed,Cross Currency,Physical,NA/Swap Fxd Fxd EUR KZT,N/A,EUR,,,,KZT,,,,Constant,PHYS,,,,,,,,,,,,,,,,,,,,,,,
1,Rates,Swap,Cross_Currency_Fixed_Fixed,UPI,QZL2L0XBMWDG,New,,2023-10-25T19:13:24,SRDDCC,Fixed - Fixed,Cross Currency,Cash,NA/Swap Fxd Fxd MXN PEN,N/A,MXN,,,,PEN,,,,Amortizing,CASH,,,,,,,,,,,,,,,,,,,,,,,
1,Rates,Swap,Cross_Currency_Fixed_Fixed,UPI,QZB0KB3DBHNT,New,,2023-10-25T19:13:41,SRDDCP,Fixed - Fixed,Cross Currency,Physical,NA/Swap Fxd Fxd NZD USD,N/A,NZD,,,,USD,,,,Amortizing,PHYS,,,,,,,,,,,,,,,,,,,,,,,
1,Rates,Swap,Cross_Currency_Fixed_Fixed,UPI,QZJN9WVDMSSW,New,,2023-10-25T19:13:50,SRDCCC,Fixed - Fixed,Cross Currency,Cash,NA/Swap Fxd Fxd AUD NZD,N/A,AUD,,,,NZD,,,,Constant,CASH,,,,,,,,,,,,,,,,,,,,,,,
1,Rates,Swap,Cross_Currency_Fixed_Fixed,UPI,QZCPZ1H24HVG,New,,2023-10-25T19:16:19,SRDDCC,Fixed - Fixed,Cross Currency,Cash,NA/Swap Fxd Fxd AUD JPY,N/A,AUD,,,,JPY,,,,Amortizing,CASH,,,,,,,,,,,,,,,,,,,,,,,
1,Rates,Swap,Cross_Currency_Fixed_Fixed,UPI,QZ0SZ6DVVW5R,New,,2023-10-25T19:17:34,SRDCCP,Fixed - Fixed,Cross Currency,Physical,NA/Swap Fxd Fxd ILS RON,N/A,ILS,,,,RON,,,,Constant,PHYS,,,,,,,,,,,,,,,,,,,,,,,
1,Rates,Swap,Cross_Currency_Fixed_Fixed,UPI,QZ9VRNDC48B7,New,,2023-10-25T19:17:34,SRDCCC,Fixed - Fixed,Cross Currency,Cash,NA/Swap Fxd Fxd ILS RON,N/A,ILS,,,,RON,,,,Constant,CASH,,,,,,,,,,,,,,,,,,,,,,,
1,Rates,Swap,Cross_Currency_Fixed_Fixed,UPI,QZZVW9XH54LQ,New,,2023-10-25T19:18:07,SRDICC,Fixed - Fixed,Cross Currency,Cash,NA/Swap Fxd Fxd RUB USD,N/A,RUB,,,,USD,,,,Accreting,CASH,,,,,,,,,,,,,,,,,,,,,,,
1,Rates,Swap,Cross_Currency_Fixed_Fixed,UPI,QZ966VMJL3W6,New,,2023-10-25T19:22:44,SRDCCC,Fixed - Fixed,Cross Currency,Cash,NA/Swap Fxd Fxd COP XOF,N/A,COP,,,,XOF,,,,Constant,CASH,,,,,,,,,,,,,,,,,,,,,,,
1,Rates,Swap,Cross_Currency_Fixed_Fixed,UPI,QZGRMF9RHXXB,New,,2023-10-25T19:23:13,SRDICC,Fixed - Fixed,Cross Currency,Cash,NA/Swap Fxd Fxd CAD CNY,N/A,CAD,,,,CNY,,,,Accreting,CASH,,,,,,,,,,,,,,,,,,,,,,,
1,Rates,Swap,Cross_Currency_Fixed_Fixed,UPI,QZQL6M1KK0XZ,New,,2023-10-25T19:24:11,SRDICC,Fixed - Fixed,Cross Currency,Cash,NA/Swap Fxd Fxd CNY EUR,N/A,CNY,,,,EUR,,,,Accreting,CASH,,,,,,,,,,,,,,,,,,,,,,,
1,Rates,Swap,Cross_Currency_Fixed_Fixed,UPI,QZS3HR7WHDRR,New,,2023-10-25T19:28:24,SRDCCP,Fixed - Fixed,Cross Currency,Physical,NA/Swap Fxd Fxd TZS USD,N/A,TZS,,,,USD,,,,Constant,PHYS,,,,,,,,,,,,,,,,,,,,,,,
1,Rates,Swap,Cross_Currency_Fixed_Fixed,UPI,QZTCR49J08TV,New,,2023-10-25T19:29:45,SRDCCP,Fixed - Fixed,Cross Currency,Physical,NA/Swap Fxd Fxd GBP RUB,N/A,GBP,,,,RUB,,,,Constant,PHYS,,,,,,,,,,,,,,,,,,,,,,,
1,Rates,Swap,Cross_Currency_Fixed_Fixed,UPI,QZJL2BTK4TT0,New,,2023-10-25T19:30:00,SRDYCC,Fixed - Fixed,Cross Currency,Cash,NA/Swap Fxd Fxd CLF CLP,N/A,CLF,,,,CLP,,,,Custom,CASH,,,,,,,,,,,,,,,,,,,,,,,
1,Rates,Swap,Cross_Currency_Fixed_Fixed,UPI,QZSGZLDSBTPG,New,,2023-10-25T19:30:02,SRDCCC,Fixed - Fixed,Cross Currency,Cash,NA/Swap Fxd Fxd JPY RUB,N/A,JPY,,,,RUB,,,,Constant,CASH,,,,,,,,,,,,,,,,,,,,,,,
1,Rates,Swap,Cross_Currency_Fixed_Fixed,UPI,QZKKRCRJTNNL,New,,2023-10-25T19:32:12,SRDCCP,Fixed - Fixed,Cross Currency,Physical,NA/Swap Fxd Fxd RUB SEK,N/A,RUB,,,,SEK,,,,Constant,PHYS,,,,,,,,,,,,,,,,,,,,,,,
1,Rates,Swap,Cross_Currency_Fixed_Fixed,UPI,QZGS2BVC39P3,New,,2023-10-25T19:32:16,SRDICC,Fixed - Fixed,Cross Currency,Cash,NA/Swap Fxd Fxd MXN USD,N/A,MXN,,,,USD,,,,Accreting,CASH,,,,,,,,,,,,,,,,,,,,,,,
1,Rates,Swap,Cross_Currency_Fixed_Fixed,UPI,QZDGRRJPFJ5N,New,,2023-10-25T19:34:45,SRDCCC,Fixed - Fixed,Cross Currency,Cash,NA/Swap Fxd Fxd KRW SEK,N/A,KRW,,,,SEK,,,,Constant,CASH,,,,,,,,,,,,,,,,,,,,,,,
1,Rates,Swap,Cross_Currency_Fixed_Fixed,UPI,QZ9NGT9J0XXJ,New,,2023-10-25T19:36:26,SRDCCC,Fixed - Fixed,Cross Currency,Cash,NA/Swap Fxd Fxd AUD THB,N/A,AUD,,,,THB,,,,Constant,CASH,,,,,,,,,,,,,,,,,,,,,,,
1,Rates,Swap,Cross_Currency_Fixed_Fixed,UPI,QZJ4G0Z07HPR,New,,2023-10-25T19:37:59,SRDICC,Fixed - Fixed,Cross Currency,Cash,NA/Swap Fxd Fxd KRW USD,N/A,KRW,,,,USD,,,,Accreting,CASH,,,,,,,,,,,,,,,,,,,,,,,
1,Rates,Swap,Cross_Currency_Fixed_Fixed,UPI,QZSMH6FSZHQ7,New,,2023-10-25T19:41:35,SRDCCC,Fixed - Fixed,Cross Currency,Cash,NA/Swap Fxd Fxd GBP SAR,N/A,GBP,,,,SAR,,,,Constant,CASH,,,,,,,,,,,,,,,,,,,,,,,
1,Rates,Swap,Cross_Currency_Fixed_Fixed,UPI,QZPVCGXBLRVD,New,,2023-10-25T19:41:35,SRDCCP,Fixed - Fixed,Cross Currency,Physical,NA/Swap Fxd Fxd GBP SAR,N/A,GBP,,,,SAR,,,,Constant,PHYS,,,,,,,,,,,,,,,,,,,,,,,
1,Rates,Swap,Cross_Currency_Fixed_Fixed,UPI,QZWRD2QP7575,New,,2023-10-25T19:44:06,SRDCCC,Fixed - Fixed,Cross Currency,Cash,NA/Swap Fxd Fxd CAD CHF,N/A,CAD,,,,CHF,,,,Constant,CASH,,,,,,,,,,,,,,,,,,,,,,,
1,Rates,Swap,Cross_Currency_Fixed_Fixed,UPI,QZDZKTDCHT58,New,,2023-10-25T19:44:06,SRDCCC,Fixed - Fixed,Cross Currency,Cash,NA/Swap Fxd Fxd GBP NZD,N/A,GBP,,,,NZD,,,,Constant,CASH,,,,,,,,,,,,,,,,,,,,,,,
1,Rates,Swap,Cross_Currency_Fixed_Fixed,UPI,QZ5B9T1JXT9N,New,,2023-10-25T19:46:01,SRDYCC,Fixed - Fixed,Cross Currency,Cash,NA/Swap Fxd Fxd BRL EUR,N/A,BRL,,,,EUR,,,,Custom,CASH,,,,,,,,,,,,,,,,,,,,,,,
1,Rates,Swap,Cross_Currency_Fixed_Fixed,UPI,QZH3HMJK8N04,New,,2023-10-25T19:46:09,SRDYCC,Fixed - Fixed,Cross Currency,Cash,NA/Swap Fxd Fxd NZD USD,N/A,NZD,,,,USD,,,,Custom,CASH,,,,,,,,,,,,,,,,,,,,,,,
1,Rates,Swap,Cross_Currency_Fixed_Fixed,UPI,QZMQPZKGN483,New,,2023-10-25T19:46:48,SRDCCC,Fixed - Fixed,Cross Currency,Cash,NA/Swap Fxd Fxd BGN EUR,N/A,BGN,,,,EUR,,,,Constant,CASH,,,,,,,,,,,,,,,,,,,,,,,
1,Rates,Swap,Cross_Currency_Fixed_Fixed,UPI,QZ3RXV5HHPV1,New,,2023-10-25T19:46:48,SRDYCC,Fixed - Fixed,Cross Currency,Cash,NA/Swap Fxd Fxd TWD USD,N/A,TWD,,,,USD,,,,Custom,CASH,,,,,,,,,,,,,,,,,,,,,,,
1,Rates,Swap,Cross_Currency_Fixed_Fixed,UPI,QZS3TF0CHJCV,New,,2023-10-25T19:46:50,SRDYCC,Fixed - Fixed,Cross Currency,Cash,NA/Swap Fxd Fxd AED USD,N/A,AED,,,,USD,,,,Custom,CASH,,,,,,,,,,,,,,,,,,,,,,,
1,Rates,Swap,Cross_Currency_Fixed_Fixed,UPI,QZPVZ6XK1GMD,New,,2023-10-25T19:46:53,SRDCCC,Fixed - Fixed,Cross Currency,Cash,NA/Swap Fxd Fxd BRL KRW,N/A,BRL,,,,KRW,,,,Constant,CASH,,,,,,,,,,,,,,,,,,,,,,,
1,Rates,Swap,Cross_Currency_Fixed_Fixed,UPI,QZMX5RJ4RZ2V,New,,2023-10-25T19:46:53,SRDYCC,Fixed - Fixed,Cross Currency,Cash,NA/Swap Fxd Fxd GBP SEK,N/A,GBP,,,,SEK,,,,Custom,CASH,,,,,,,,,,,,,,,,,,,,,,,
1,Rates,Swap,Cross_Currency_Fixed_Fixed,UPI,QZ853H42WRMK,New,,2023-10-25T19:46:53,SRDYCC,Fixed - Fixed,Cross Currency,Cash,NA/Swap Fxd Fxd DKK GBP,N/A,DKK,,,,GBP,,,,Custom,CASH,,,,,,,,,,,,,,,,,,,,,,,
1,Rates,Swap,Cross_Currency_Fixed_Fixed,UPI,QZKV5BWTS145,New,,2023-10-25T19:46:54,SRDYCC,Fixed - Fixed,Cross Currency,Cash,NA/Swap Fxd Fxd EUR KRW,N/A,EUR,,,,KRW,,,,Custom,CASH,,,,,,,,,,,,,,,,,,,,,,,
1,Rates,Swap,Cross_Currency_Fixed_Fixed,UPI,QZJC0KJSVRTR,New,,2023-10-25T19:46:56,SRDYCC,Fixed - Fixed,Cross Currency,Cash,NA/Swap Fxd Fxd SAR USD,N/A,SAR,,,,USD,,,,Custom,CASH,,,,,,,,,,,,,,,,,,,,,,,
1,Rates,Swap,Cross_Currency_Fixed_Fixed,UPI,QZCJ6BCPS86P,New,,2023-10-25T19:46:58,SRDDCC,Fixed - Fixed,Cross Currency,Cash,NA/Swap Fxd Fxd CAD KRW,N/A,CAD,,,,KRW,,,,Amortizing,CASH,,,,,,,,,,,,,,,,,,,,,,,
1,Rates,Swap,Cross_Currency_Fixed_Fixed,UPI,QZMCGX7T7MHJ,New,,2023-10-25T19:46:58,SRDYCC,Fixed - Fixed,Cross Currency,Cash,NA/Swap Fxd Fxd GBP JPY,N/A,GBP,,,,JPY,,,,Custom,CASH,,,,,,,,,,,,,,,,,,,,,,,
1,Rates,Swap,Cross_Currency_Fixed_Fixed,UPI,QZ4KGDZL5DN3,New,,2023-10-25T19:47:18,SRDCCP,Fixed - Fixed,Cross Currency,Physical,NA/Swap Fxd Fxd GBP NZD,N/A,GBP,,,,NZD,,,,Constant,PHYS,,,,,,,,,,,,,,,,,,,,,,,
1,Rates,Swap,Cross_Currency_Fixed_Fixed,UPI,QZFJJN7CD206,New,,2023-10-25T19:47:24,SRDICC,Fixed - Fixed,Cross Currency,Cash,NA/Swap Fxd Fxd EUR SEK,N/A,EUR,,,,SEK,,,,Accreting,CASH,,,,,,,,,,,,,,,,,,,,,,,
1,Rates,Swap,Cross_Currency_Fixed_Fixed,UPI,QZQXSVHKQR3K,New,,2023-10-25T19:47:27,SRDCCC,Fixed - Fixed,Cross Currency,Cash,NA/Swap Fxd Fxd SGD TWD,N/A,SGD,,,,TWD,,,,Constant,CASH,,,,,,,,,,,,,,,,,,,,,,,
1,Rates,Swap,Cross_Currency_Fixed_Fixed,UPI,QZ46WKR25GLS,New,,2023-10-25T19:47:47,SRDYCP,Fixed - Fixed,Cross Currency,Physical,NA/Swap Fxd Fxd DKK GBP,N/A,DKK,,,,GBP,,,,Custom,PHYS,,,,,,,,,,,,,,,,,,,,,,,
1,Rates,Swap,Cross_Currency_Fixed_Fixed,UPI,QZ9PNCQJB8ND,New,,2023-10-25T19:47:55,SRDICP,Fixed - Fixed,Cross Currency,Physical,NA/Swap Fxd Fxd GBP TRY,N/A,GBP,,,,TRY,,,,Accreting,PHYS,,,,,,,,,,,,,,,,,,,,,,,
1,Rates,Swap,Cross_Currency_Fixed_Fixed,UPI,QZLZX2SH1831,New,,2023-10-25T19:48:38,SRDYCP,Fixed - Fixed,Cross Currency,Physical,NA/Swap Fxd Fxd CAD KRW,N/A,CAD,,,,KRW,,,,Custom,PHYS,,,,,,,,,,,,,,,,,,,,,,,
1,Rates,Swap,Cross_Currency_Fixed_Fixed,UPI,QZ2MG0SNJC2X,New,,2023-10-25T19:48:51,SRDCCP,Fixed - Fixed,Cross Currency,Physical,NA/Swap Fxd Fxd AED KWD,N/A,AED,,,,KWD,,,,Constant,PHYS,,,,,,,,,,,,,,,,,,,,,,,
1,Rates,Swap,Cross_Currency_Fixed_Fixed,UPI,QZNV3X5F9HDN,New,,2023-10-25T19:48:53,SRDICC,Fixed - Fixed,Cross Currency,Cash,NA/Swap Fxd Fxd COP USD,N/A,COP,,,,USD,,,,Accreting,CASH,,,,,,,,,,,,,,,,,,,,,,,
1,Rates,Swap,Cross_Currency_Fixed_Fixed,UPI,QZV5JJMKNQN8,New,,2023-10-25T19:48:59,SRDYCC,Fixed - Fixed,Cross Currency,Cash,NA/Swap Fxd Fxd JPY ZAR,N/A,JPY,,,,ZAR,,,,Custom,CASH,,,,,,,,,,,,,,,,,,,,,,,
1,Rates,Swap,Cross_Currency_Fixed_Fixed,UPI,QZ6PNRF3PL1T,New,,2023-10-25T19:49:01,SRDCCC,Fixed - Fixed,Cross Currency,Cash,NA/Swap Fxd Fxd CNY IDR,N/A,CNY,,,,IDR,,,,Constant,CASH,,,,,,,,,,,,,,,,,,,,,,,
1,Rates,Swap,Cross_Currency_Fixed_Fixed,UPI,QZ31DBPXXH26,New,,2023-10-25T19:49:04,SRDYCP,Fixed - Fixed,Cross Currency,Physical,NA/Swap Fxd Fxd GBP INR,N/A,GBP,,,,INR,,,,Custom,PHYS,,,,,,,,,,,,,,,,,,,,,,,
1,Rates,Swap,Cross_Currency_Fixed_Fixed,UPI,QZK0BQ8887L0,New,,2023-10-25T19:49:16,SRDYCP,Fixed - Fixed,Cross Currency,Physical,NA/Swap Fxd Fxd USD VND,N/A,USD,,,,VND,,,,Custom,PHYS,,,,,,,,,,,,,,,,,,,,,,,
1,Rates,Swap,Cross_Currency_Fixed_Fixed,UPI,QZ1D12X9X5XD,New,,2023-10-25T19:49:25,SRDYCP,Fixed - Fixed,Cross Currency,Physical,NA/Swap Fxd Fxd JPY SGD,N/A,JPY,,,,SGD,,,,Custom,PHYS,,,,,,,,,,,,,,,,,,,,,,,
1,Rates,Swap,Cross_Currency_Fixed_Fixed,UPI,QZPK077RZMLH,New,,2023-10-25T19:49:35,SRDDCP,Fixed - Fixed,Cross Currency,Physical,NA/Swap Fxd Fxd RON USD,N/A,RON,,,,USD,,,,Amortizing,PHYS,,,,,,,,,,,,,,,,,,,,,,,
1,Rates,Swap,Cross_Currency_Fixed_Fixed,UPI,QZ5S69M5X635,New,,2023-10-25T19:49:38,SRDCCC,Fixed - Fixed,Cross Currency,Cash,NA/Swap Fxd Fxd EUR KZT,N/A,EUR,,,,KZT,,,,Constant,CASH,,,,,,,,,,,,,,,,,,,,,,,
1,Rates,Swap,Cross_Currency_Fixed_Fixed,UPI,QZS097VDSMQN,New,,2023-10-25T19:49:39,SRDCCP,Fixed - Fixed,Cross Currency,Physical,NA/Swap Fxd Fxd MXN SGD,N/A,MXN,,,,SGD,,,,Constant,PHYS,,,,,,,,,,,,,,,,,,,,,,,
1,Rates,Swap,Cross_Currency_Fixed_Fixed,UPI,QZK4MGVLX3WX,New,,2023-10-25T19:49:40,SRDCCC,Fixed - Fixed,Cross Currency,Cash,NA/Swap Fxd Fxd MYR SGD,N/A,MYR,,,,SGD,,,,Constant,CASH,,,,,,,,,,,,,,,,,,,,,,,
1,Rates,Swap,Cross_Currency_Fixed_Fixed,UPI,QZXL9WKBC6WD,New,,2023-10-25T19:50:28,SRDYCP,Fixed - Fixed,Cross Currency,Physical,NA/Swap Fxd Fxd AUD KRW,N/A,AUD,,,,KRW,,,,Custom,PHYS,,,,,,,,,,,,,,,,,,,,,,,
1,Rates,Swap,Cross_Currency_Fixed_Fixed,UPI,QZGBKDHCK714,New,,2023-10-25T19:50:30,SRDYCP,Fixed - Fixed,Cross Currency,Physical,NA/Swap Fxd Fxd DKK TWD,N/A,DKK,,,,TWD,,,,Custom,PHYS,,,,,,,,,,,,,,,,,,,,,,,
1,Rates,Swap,Cross_Currency_Fixed_Fixed,UPI,QZZG7C1W658B,New,,2023-10-25T19:50:34,SRDYCP,Fixed - Fixed,Cross Currency,Physical,NA/Swap Fxd Fxd CNY SGD,N/A,CNY,,,,SGD,,,,Custom,PHYS,,,,,,,,,,,,,,,,,,,,,,,
1,Rates,Swap,Cross_Currency_Fixed_Fixed,UPI,QZK0PQ5GXJ4Q,New,,2023-10-25T19:51:07,SRDYCP,Fixed - Fixed,Cross Currency,Physical,NA/Swap Fxd Fxd CNY JPY,N/A,CNY,,,,JPY,,,,Custom,PHYS,,,,,,,,,,,,,,,,,,,,,,,
1,Rates,Swap,Cross_Currency_Fixed_Fixed,UPI,QZCB90ZM5LKM,New,,2023-10-25T19:51:14,SRDCCP,Fixed - Fixed,Cross Currency,Physical,NA/Swap Fxd Fxd DKK PLN,N/A,DKK,,,,PLN,,,,Constant,PHYS,,,,,,,,,,,,,,,,,,,,,,,
1,Rates,Swap,Cross_Currency_Fixed_Fixed,UPI,QZKF3JRC4W5K,New,,2023-10-25T19:51:15,SRDCCP,Fixed - Fixed,Cross Currency,Physical,NA/Swap Fxd Fxd UAH USD,N/A,UAH,,,,USD,,,,Constant,PHYS,,,,,,,,,,,,,,,,,,,,,,,
1,Rates,Swap,Cross_Currency_Fixed_Fixed,UPI,QZ1S54NCC6M3,New,,2023-10-25T19:51:22,SRDICC,Fixed - Fixed,Cross Currency,Cash,NA/Swap Fxd Fxd DKK EUR,N/A,DKK,,,,EUR,,,,Accreting,CASH,,,,,,,,,,,,,,,,,,,,,,,
1,Rates,Swap,Cross_Currency_Fixed_Fixed,UPI,QZ80MBZGLKKC,New,,2023-10-25T19:51:22,SRDDCC,Fixed - Fixed,Cross Currency,Cash,NA/Swap Fxd Fxd THB USD,N/A,THB,,,,USD,,,,Amortizing,CASH,,,,,,,,,,,,,,,,,,,,,,,
1,Rates,Swap,Cross_Currency_Fixed_Fixed,UPI,QZHS3CQ0M7X3,New,,2023-10-25T19:51:24,SRDCCC,Fixed - Fixed,Cross Currency,Cash,NA/Swap Fxd Fxd RUB TRY,N/A,RUB,,,,TRY,,,,Constant,CASH,,,,,,,,,,,,,,,,,,,,,,,
1,Rates,Swap,Cross_Currency_Fixed_Fixed,UPI,QZMD54CLK1RJ,New,,2023-10-25T19:51:40,SRDCCP,Fixed - Fixed,Cross Currency,Physical,NA/Swap Fxd Fxd DKK RUB,N/A,DKK,,,,RUB,,,,Constant,PHYS,,,,,,,,,,,,,,,,,,,,,,,
1,Rates,Swap,Cross_Currency_Fixed_Fixed,UPI,QZ3F48ZBCSZ1,New,,2023-10-25T19:51:44,SRDYCP,Fixed - Fixed,Cross Currency,Physical,NA/Swap Fxd Fxd JPY SAR,N/A,JPY,,,,SAR,,,,Custom,PHYS,,,,,,,,,,,,,,,,,,,,,,,
1,Rates,Swap,Cross_Currency_Fixed_Fixed,UPI,QZKQ6ST8G1ND,New,,2023-10-25T19:51:48,SRDCCP,Fixed - Fixed,Cross Currency,Physical,NA/Swap Fxd Fxd JPY SAR,N/A,JPY,,,,SAR,,,,Constant,PHYS,,,,,,,,,,,,,,,,,,,,,,,
1,Rates,Swap,Cross_Currency_Fixed_Fixed,UPI,QZRGQ5HGKW86,New,,2023-10-25T19:51:56,SRDYCP,Fixed - Fixed,Cross Currency,Physical,NA/Swap Fxd Fxd EUR RON,N/A,EUR,,,,RON,,,,Custom,PHYS,,,,,,,,,,,,,,,,,,,,,,,
1,Rates,Swap,Cross_Currency_Fixed_Fixed,UPI,QZWFM61T302H,New,,2023-10-25T19:52:11,SRDCCP,Fixed - Fixed,Cross Currency,Physical,NA/Swap Fxd Fxd MYR SGD,N/A,MYR,,,,SGD,,,,Constant,PHYS,,,,,,,,,,,,,,,,,,,,,,,
1,Rates,Swap,Cross_Currency_Fixed_Fixed,UPI,QZ1NJR5QKM8F,New,,2023-10-25T19:52:27,SRDYCP,Fixed - Fixed,Cross Currency,Physical,NA/Swap Fxd Fxd CLP PEN,N/A,CLP,,,,PEN,,,,Custom,PHYS,,,,,,,,,,,,,,,,,,,,,,,
1,Rates,Swap,Cross_Currency_Fixed_Fixed,UPI,QZN8KJJN1V9G,New,,2023-10-25T19:52:30,SRDICP,Fixed - Fixed,Cross Currency,Physical,NA/Swap Fxd Fxd ARS AUD,N/A,ARS,,,,AUD,,,,Accreting,PHYS,,,,,,,,,,,,,,,,,,,,,,,
1,Rates,Swap,Cross_Currency_Fixed_Fixed,UPI,QZ46PRF2LBMF,New,,2023-10-25T19:52:36,SRDICC,Fixed - Fixed,Cross Currency,Cash,NA/Swap Fxd Fxd PLN TRY,N/A,PLN,,,,TRY,,,,Accreting,CASH,,,,,,,,,,,,,,,,,,,,,,,
1,Rates,Swap,Cross_Currency_Fixed_Fixed,UPI,QZHFC8RK9TZQ,New,,2023-10-25T19:52:39,SRDDCC,Fixed - Fixed,Cross Currency,Cash,NA/Swap Fxd Fxd GBP TRY,N/A,GBP,,,,TRY,,,,Amortizing,CASH,,,,,,,,,,,,,,,,,,,,,,,
1,Rates,Swap,Cross_Currency_Fixed_Fixed,UPI,QZ0G8ZS04HZZ,New,,2023-10-25T19:53:10,SRDCCP,Fixed - Fixed,Cross Currency,Physical,NA/Swap Fxd Fxd GBP OMR,N/A,GBP,,,,OMR,,,,Constant,PHYS,,,,,,,,,,,,,,,,,,,,,,,
1,Rates,Swap,Cross_Currency_Fixed_Fixed,UPI,QZCJ5FBR5SBD,New,,2023-10-25T19:53:13,SRDYCP,Fixed - Fixed,Cross Currency,Physical,NA/Swap Fxd Fxd CHF KRW,N/A,CHF,,,,KRW,,,,Custom,PHYS,,,,,,,,,,,,,,,,,,,,,,,
1,Rates,Swap,Cross_Currency_Fixed_Fixed,UPI,QZDTH1KCBM28,New,,2023-10-25T19:53:27,SRDICC,Fixed - Fixed,Cross Currency,Cash,NA/Swap Fxd Fxd HKD JPY,N/A,HKD,,,,JPY,,,,Accreting,CASH,,,,,,,,,,,,,,,,,,,,,,,
1,Rates,Swap,Cross_Currency_Fixed_Fixed,UPI,QZKQR6KPHP57,New,,2023-10-25T19:53:35,SRDDCP,Fixed - Fixed,Cross Currency,Physical,NA/Swap Fxd Fxd HUF USD,N/A,HUF,,,,USD,,,,Amortizing,PHYS,,,,,,,,,,,,,,,,,,,,,,,
1,Rates,Swap,Cross_Currency_Fixed_Fixed,UPI,QZ0D8C35QGT5,New,,2023-10-25T19:53:40,SRDYCP,Fixed - Fixed,Cross Currency,Physical,NA/Swap Fxd Fxd CNY HKD,N/A,CNY,,,,HKD,,,,Custom,PHYS,,,,,,,,,,,,,,,,,,,,,,,
1,Rates,Swap,Cross_Currency_Fixed_Fixed,UPI,QZ9C8JNR6P4X,New,,2023-10-25T19:54:23,SRDYCP,Fixed - Fixed,Cross Currency,Physical,NA/Swap Fxd Fxd BHD USD,N/A,BHD,,,,USD,,,,Custom,PHYS,,,,,,,,,,,,,,,,,,,,,,,
1,Rates,Swap,Cross_Currency_Fixed_Fixed,UPI,QZLX6DQK2QRR,New,,2023-10-25T19:54:30,SRDDCC,Fixed - Fixed,Cross Currency,Cash,NA/Swap Fxd Fxd GBP SEK,N/A,GBP,,,,SEK,,,,Amortizing,CASH,,,,,,,,,,,,,,,,,,,,,,,
1,Rates,Swap,Cross_Currency_Fixed_Fixed,UPI,QZR27793KKXT,New,,2023-10-25T19:54:30,SRDCCP,Fixed - Fixed,Cross Currency,Physical,NA/Swap Fxd Fxd OMR SAR,N/A,OMR,,,,SAR,,,,Constant,PHYS,,,,,,,,,,,,,,,,,,,,,,,
1,Rates,Swap,Cross_Currency_Fixed_Fixed,UPI,QZPR4S2TP22N,New,,2023-10-25T19:54:30,SRDCCP,Fixed - Fixed,Cross Currency,Physical,NA/Swap Fxd Fxd BHD SAR,N/A,BHD,,,,SAR,,,,Constant,PHYS,,,,,,,,,,,,,,,,,,,,,,,
1,Rates,Swap,Cross_Currency_Fixed_Fixed,UPI,QZB577HLG57T,New,,2023-10-25T19:54:41,SRDYCP,Fixed - Fixed,Cross Currency,Physical,NA/Swap Fxd Fxd EUR MYR,N/A,EUR,,,,MYR,,,,Custom,PHYS,,,,,,,,,,,,,,,,,,,,,,,
1,Rates,Swap,Cross_Currency_Fixed_Fixed,UPI,QZHXGZ2MB45B,New,,2023-10-25T19:54:53,SRDDCP,Fixed - Fixed,Cross Currency,Physical,NA/Swap Fxd Fxd AED SAR,N/A,AED,,,,SAR,,,,Amortizing,PHYS,,,,,,,,,,,,,,,,,,,,,,,
1,Rates,Swap,Cross_Currency_Fixed_Fixed,UPI,QZXJP1DQ70SZ,New,,2023-10-25T19:55:15,SRDCCP,Fixed - Fixed,Cross Currency,Physical,NA/Swap Fxd Fxd ISK USD,N/A,ISK,,,,USD,,,,Constant,PHYS,,,,,,,,,,,,,,,,,,,,,,,
1,Rates,Swap,Cross_Currency_Fixed_Fixed,UPI,QZW7Z7BCD735,New,,2023-10-25T19:55:48,SRDYCP,Fixed - Fixed,Cross Currency,Physical,NA/Swap Fxd Fxd JPY ZAR,N/A,JPY,,,,ZAR,,,,Custom,PHYS,,,,,,,,,,,,,,,,,,,,,,,
1,Rates,Swap,Cross_Currency_Fixed_Fixed,UPI,QZ7T8L031CDL,New,,2023-10-25T19:55:53,SRDICP,Fixed - Fixed,Cross Currency,Physical,NA/Swap Fxd Fxd EUR SGD,N/A,EUR,,,,SGD,,,,Accreting,PHYS,,,,,,,,,,,,,,,,,,,,,,,
1,Rates,Swap,Cross_Currency_Fixed_Fixed,UPI,QZ752SHL9TC6,New,,2023-10-25T19:56:49,SRDYCP,Fixed - Fixed,Cross Currency,Physical,NA/Swap Fxd Fxd EUR IDR,N/A,EUR,,,,IDR,,,,Custom,PHYS,,,,,,,,,,,,,,,,,,,,,,,
1,Rates,Swap,Cross_Currency_Fixed_Fixed,UPI,QZ5DXR8THX9B,New,,2023-10-25T19:56:59,SRDYCP,Fixed - Fixed,Cross Currency,Physical,NA/Swap Fxd Fxd ARS USD,N/A,ARS,,,,USD,,,,Custom,PHYS,,,,,,,,,,,,,,,,,,,,,,,
1,Rates,Swap,Cross_Currency_Fixed_Fixed,UPI,QZD9J5R5WK37,New,,2023-10-25T19:59:20,SRDCCP,Fixed - Fixed,Cross Currency,Physical,NA/Swap Fxd Fxd KRW RUB,N/A,KRW,,,,RUB,,,,Constant,PHYS,,,,,,,,,,,,,,,,,,,,,,,
1,Rates,Swap,Cross_Currency_Fixed_Fixed,UPI,QZB2HJRWGTHX,New,,2023-10-25T19:59:44,SRDCCP,Fixed - Fixed,Cross Currency,Physical,NA/Swap Fxd Fxd CLP PEN,N/A,CLP,,,,PEN,,,,Constant,PHYS,,,,,,,,,,,,,,,,,,,,,,,
1,Rates,Swap,Cross_Currency_Fixed_Fixed,UPI,QZC6LTB1BGVN,New,,2023-10-25T19:59:57,SRDCCP,Fixed - Fixed,Cross Currency,Physical,NA/Swap Fxd Fxd EUR OMR,N/A,EUR,,,,OMR,,,,Constant,PHYS,,,,,,,,,,,,,,,,,,,,,,,
1,Rates,Swap,Cross_Currency_Fixed_Fixed,UPI,QZFVZ0NS2LK0,New,,2023-10-25T20:00:45,SRDCCP,Fixed - Fixed,Cross Currency,Physical,NA/Swap Fxd Fxd AUD RUB,N/A,AUD,,,,RUB,,,,Constant,PHYS,,,,,,,,,,,,,,,,,,,,,,,
1,Rates,Swap,Cross_Currency_Fixed_Fixed,UPI,QZ6FFD703SNR,New,,2023-10-25T20:01:32,SRDDCP,Fixed - Fixed,Cross Currency,Physical,NA/Swap Fxd Fxd EUR MYR,N/A,EUR,,,,MYR,,,,Amortizing,PHYS,,,,,,,,,,,,,,,,,,,,,,,
1,Rates,Swap,Cross_Currency_Fixed_Fixed,UPI,QZ7FGP07Q9H1,New,,2023-10-25T20:01:45,SRDICC,Fixed - Fixed,Cross Currency,Cash,NA/Swap Fxd Fxd EUR TRY,N/A,EUR,,,,TRY,,,,Accreting,CASH,,,,,,,,,,,,,,,,,,,,,,,
1,Rates,Swap,Cross_Currency_Fixed_Fixed,UPI,QZKTJ8WV8GJ3,New,,2023-10-25T20:03:24,SRDICP,Fixed - Fixed,Cross Currency,Physical,NA/Swap Fxd Fxd AED ARS,N/A,AED,,,,ARS,,,,Accreting,PHYS,,,,,,,,,,,,,,,,,,,,,,,
1,Rates,Swap,Cross_Currency_Fixed_Fixed,UPI,QZFZBWL2SVS7,New,,2023-10-25T20:03:31,SRDCCC,Fixed - Fixed,Cross Currency,Cash,NA/Swap Fxd Fxd EUR TND,N/A,EUR,,,,TND,,,,Constant,CASH,,,,,,,,,,,,,,,,,,,,,,,
1,Rates,Swap,Cross_Currency_Fixed_Fixed,UPI,QZK6QL8CBZPV,New,,2023-10-25T20:03:31,SRDICP,Fixed - Fixed,Cross Currency,Physical,NA/Swap Fxd Fxd AED EUR,N/A,AED,,,,EUR,,,,Accreting,PHYS,,,,,,,,,,,,,,,,,,,,,,,
1,Rates,Swap,Cross_Currency_Fixed_Fixed,UPI,QZKXD2ZG1JVD,New,,2023-10-25T20:03:32,SRDICP,Fixed - Fixed,Cross Currency,Physical,NA/Swap Fxd Fxd AED AUD,N/A,AED,,,,AUD,,,,Accreting,PHYS,,,,,,,,,,,,,,,,,,,,,,,
1,Rates,Swap,Cross_Currency_Fixed_Fixed,UPI,QZ6FVBDTLDNF,New,,2023-10-25T20:03:40,SRDCCP,Fixed - Fixed,Cross Currency,Physical,NA/Swap Fxd Fxd EUR QAR,N/A,EUR,,,,QAR,,,,Constant,PHYS,,,,,,,,,,,,,,,,,,,,,,,
1,Rates,Swap,Cross_Currency_Fixed_Fixed,UPI,QZFGFDKKWQK3,New,,2023-10-25T20:03:52,SRDCCP,Fixed - Fixed,Cross Currency,Physical,NA/Swap Fxd Fxd BRL CLF,N/A,BRL,,,,CLF,,,,Constant,PHYS,,,,,,,,,,,,,,,,,,,,,,,
1,Rates,Swap,Cross_Currency_Fixed_Fixed,UPI,QZ0QPCDH2RW1,New,,2023-10-25T20:04:14,SRDCCC,Fixed - Fixed,Cross Currency,Cash,NA/Swap Fxd Fxd CAD NZD,N/A,CAD,,,,NZD,,,,Constant,CASH,,,,,,,,,,,,,,,,,,,,,,,
1,Rates,Swap,Cross_Currency_Fixed_Fixed,UPI,QZ4TXW03S0R2,New,,2023-10-25T20:04:15,SRDCCP,Fixed - Fixed,Cross Currency,Physical,NA/Swap Fxd Fxd CAD NZD,N/A,CAD,,,,NZD,,,,Constant,PHYS,,,,,,,,,,,,,,,,,,,,,,,
1,Rates,Swap,Cross_Currency_Fixed_Fixed,UPI,QZXD455TRJ2M,New,,2023-10-25T20:04:21,SRDDCP,Fixed - Fixed,Cross Currency,Physical,NA/Swap Fxd Fxd GBP KRW,N/A,GBP,,,,KRW,,,,Amortizing,PHYS,,,,,,,,,,,,,,,,,,,,,,,
1,Rates,Swap,Cross_Currency_Fixed_Fixed,UPI,QZ96B3NZC2QK,New,,2023-10-25T20:04:23,SRDDCC,Fixed - Fixed,Cross Currency,Cash,NA/Swap Fxd Fxd NZD USD,N/A,NZD,,,,USD,,,,Amortizing,CASH,,,,,,,,,,,,,,,,,,,,,,,
1,Rates,Swap,Cross_Currency_Fixed_Fixed,UPI,QZVH4ZLG3FF0,New,,2023-10-25T20:04:40,SRDDCP,Fixed - Fixed,Cross Currency,Physical,NA/Swap Fxd Fxd ARS USD,N/A,ARS,,,,USD,,,,Amortizing,PHYS,,,,,,,,,,,,,,,,,,,,,,,
1,Rates,Swap,Cross_Currency_Fixed_Fixed,UPI,QZ4WT5399WFK,New,,2023-10-25T20:04:52,SRDCCP,Fixed - Fixed,Cross Currency,Physical,NA/Swap Fxd Fxd AUD TWD,N/A,AUD,,,,TWD,,,,Constant,PHYS,,,,,,,,,,,,,,,,,,,,,,,
1,Rates,Swap,Cross_Currency_Fixed_Fixed,UPI,QZQDQK1PLNX0,New,,2023-10-25T20:05:24,SRDCCC,Fixed - Fixed,Cross Currency,Cash,NA/Swap Fxd Fxd COU USD,N/A,COU,,,,USD,,,,Constant,CASH,,,,,,,,,,,,,,,,,,,,,,,
1,Rates,Swap,Cross_Currency_Fixed_Fixed,UPI,QZQZMH0VJQXK,New,,2023-10-25T20:05:33,SRDDCC,Fixed - Fixed,Cross Currency,Cash,NA/Swap Fxd Fxd HKD USD,N/A,HKD,,,,USD,,,,Amortizing,CASH,,,,,,,,,,,,,,,,,,,,,,,
1,Rates,Swap,Cross_Currency_Fixed_Fixed,UPI,QZC2JS5VCP33,New,,2023-10-25T20:05:51,SRDCCP,Fixed - Fixed,Cross Currency,Physical,NA/Swap Fxd Fxd GBP PHP,N/A,GBP,,,,PHP,,,,Constant,PHYS,,,,,,,,,,,,,,,,,,,,,,,
1,Rates,Swap,Cross_Currency_Fixed_Fixed,UPI,QZT3STTLJ063,New,,2023-10-25T20:06:13,SRDCCC,Fixed - Fixed,Cross Currency,Cash,NA/Swap Fxd Fxd CHF TRY,N/A,CHF,,,,TRY,,,,Constant,CASH,,,,,,,,,,,,,,,,,,,,,,,
1,Rates,Swap,Cross_Currency_Fixed_Fixed,UPI,QZNQSK39JWT3,New,,2023-11-08T15:08:34,SRDYCC,Fixed - Fixed,Cross Currency,Cash,NA/Swap Fxd Fxd COP EUR,N/A,COP,,,,EUR,,,,Custom,CASH,,,,,,,,,,,,,,,,,,,,,,,
1,Rates,Swap,Cross_Currency_Fixed_Fixed,UPI,QZ6M6XZD6RMH,New,,2023-11-13T19:57:02,SRDDCP,Fixed - Fixed,Cross Currency,Physical,NA/Swap Fxd Fxd JPY NOK,N/A,JPY,,,,NOK,,,,Amortizing,PHYS,,,,,,,,,,,,,,,,,,,,,,,
1,Rates,Swap,Cross_Currency_Fixed_Fixed,UPI,QZZL2G7DV99S,New,,2023-11-23T14:53:34,SRDCCC,Fixed - Fixed,Cross Currency,Cash,NA/Swap Fxd Fxd BRL CNY,N/A,BRL,,,,CNY,,,,Constant,CASH,,,,,,,,,,,,,,,,,,,,,,,
1,Rates,Swap,Cross_Currency_Fixed_Fixed,UPI,QZPD2FFP5Z1R,New,,2023-11-27T17:54:30,SRDCCC,Fixed - Fixed,Cross Currency,Cash,NA/Swap Fxd Fxd COP PEN,N/A,COP,,,,PEN,,,,Constant,CASH,,,,,,,,,,,,,,,,,,,,,,,
1,Rates,Swap,Cross_Currency_Fixed_Fixed,UPI,QZPBC06RK18Z,New,,2023-11-29T07:50:10,SRDCCC,Fixed - Fixed,Cross Currency,Cash,NA/Swap Fxd Fxd JPY MYR,N/A,JPY,,,,MYR,,,,Constant,CASH,,,,,,,,,,,,,,,,,,,,,,,
1,Rates,Swap,Cross_Currency_Fixed_Fixed,UPI,QZNG8RNQT34H,New,,2023-12-07T15:36:22,SRDCCC,Fixed - Fixed,Cross Currency,Cash,NA/Swap Fxd Fxd CLP CNY,N/A,CLP,,,,CNY,,,,Constant,CASH,,,,,,,,,,,,,,,,,,,,,,,
1,Rates,Swap,Cross_Currency_Fixed_Fixed,UPI,QZ2H5GTSN91P,New,,2023-12-08T19:02:23,SRDICP,Fixed - Fixed,Cross Currency,Physical,NA/Swap Fxd Fxd CAD EUR,N/A,CAD,,,,EUR,,,,Accreting,PHYS,,,,,,,,,,,,,,,,,,,,,,,
1,Rates,Swap,Cross_Currency_Fixed_Fixed,UPI,QZHV3D4K0TNJ,New,,2023-12-11T04:56:09,SRDCCC,Fixed - Fixed,Cross Currency,Cash,NA/Swap Fxd Fxd CNY PHP,N/A,CNY,,,,PHP,,,,Constant,CASH,,,,,,,,,,,,,,,,,,,,,,,
1,Rates,Swap,Cross_Currency_Fixed_Fixed,UPI,QZBP8BDHKGLX,New,,2023-12-13T09:24:15,SRDYCC,Fixed - Fixed,Cross Currency,Cash,NA/Swap Fxd Fxd EUR ZAR,N/A,EUR,,,,ZAR,,,,Custom,CASH,,,,,,,,,,,,,,,,,,,,,,,
1,Rates,Swap,Cross_Currency_Fixed_Fixed,UPI,QZC7J78BK3D0,New,,2024-01-02T02:33:12,SRDDCP,Fixed - Fixed,Cross Currency,Physical,NA/Swap Fxd Fxd HKD KRW,N/A,HKD,,,,KRW,,,,Amortizing,PHYS,,,,,,,,,,,,,,,,,,,,,,,
1,Rates,Swap,Cross_Currency_Fixed_Fixed,UPI,QZRMNB04MZ1T,New,,2024-01-04T10:52:09,SRDCCC,Fixed - Fixed,Cross Currency,Cash,NA/Swap Fxd Fxd COP COU,N/A,COP,,,,COU,,,,Constant,CASH,,,,,,,,,,,,,,,,,,,,,,,
1,Rates,Swap,Cross_Currency_Fixed_Fixed,UPI,QZW1CVRR1W3D,New,,2024-01-09T06:51:59,SRDCCP,Fixed - Fixed,Cross Currency,Physical,NA/Swap Fxd Fxd CLP CNY,N/A,CLP,,,,CNY,,,,Constant,PHYS,,,,,,,,,,,,,,,,,,,,,,,
1,Rates,Swap,Cross_Currency_Fixed_Fixed,UPI,QZD91SRN0NXP,New,,2024-01-09T14:17:52,SRDCCP,Fixed - Fixed,Cross Currency,Physical,NA/Swap Fxd Fxd AED GBP,N/A,AED,,,,GBP,,,,Constant,PHYS,,,,,,,,,,,,,,,,,,,,,,,
1,Rates,Swap,Cross_Currency_Fixed_Fixed,UPI,QZX5MH5XS2K6,New,,2024-01-09T14:22:17,SRDYCP,Fixed - Fixed,Cross Currency,Physical,NA/Swap Fxd Fxd AED GBP,N/A,AED,,,,GBP,,,,Custom,PHYS,,,,,,,,,,,,,,,,,,,,,,,
1,Rates,Swap,Cross_Currency_Fixed_Fixed,UPI,QZG33VDMR6PW,New,,2024-01-11T16:49:01,SRDYCP,Fixed - Fixed,Cross Currency,Physical,NA/Swap Fxd Fxd CLP MXN,N/A,CLP,,,,MXN,,,,Custom,PHYS,,,,,,,,,,,,,,,,,,,,,,,
1,Rates,Swap,Cross_Currency_Fixed_Fixed,UPI,QZDQPTST2GW7,New,,2024-01-17T05:45:25,SRDCCC,Fixed - Fixed,Cross Currency,Cash,NA/Swap Fxd Fxd CHF PHP,N/A,CHF,,,,PHP,,,,Constant,CASH,,,,,,,,,,,,,,,,,,,,,,,
1,Rates,Swap,Cross_Currency_Fixed_Fixed,UPI,QZSR8DQ5SJ5Q,New,,2024-01-17T10:23:13,SRDDCC,Fixed - Fixed,Cross Currency,Cash,NA/Swap Fxd Fxd CNY HKD,N/A,CNY,,,,HKD,,,,Amortizing,CASH,,,,,,,,,,,,,,,,,,,,,,,
1,Rates,Swap,Cross_Currency_Fixed_Fixed,UPI,QZMZPMB091XS,New,,2024-01-20T10:57:09,SRDCCC,Fixed - Fixed,Cross Currency,Cash,NA/Swap Fxd Fxd EUR KGS,N/A,EUR,,,,KGS,,,,Constant,CASH,,,,,,,,,,,,,,,,,,,,,,,
1,Rates,Swap,Cross_Currency_Fixed_Fixed,UPI,QZQL9CCMR7LS,New,,2024-01-20T10:58:11,SRDCCC,Fixed - Fixed,Cross Currency,Cash,NA/Swap Fxd Fxd KGS USD,N/A,KGS,,,,USD,,,,Constant,CASH,,,,,,,,,,,,,,,,,,,,,,,
1,Rates,Swap,Cross_Currency_Fixed_Fixed,UPI,QZ48GTH5CZ5N,New,,2024-01-20T10:59:41,SRDCCC,Fixed - Fixed,Cross Currency,Cash,NA/Swap Fxd Fxd RUB UZS,N/A,RUB,,,,UZS,,,,Constant,CASH,,,,,,,,,,,,,,,,,,,,,,,
1,Rates,Swap,Cross_Currency_Fixed_Fixed,UPI,QZ7V675877WM,New,,2024-01-20T11:03:33,SRDCCC,Fixed - Fixed,Cross Currency,Cash,NA/Swap Fxd Fxd TJS USD,N/A,TJS,,,,USD,,,,Constant,CASH,,,,,,,,,,,,,,,,,,,,,,,
1,Rates,Swap,Cross_Currency_Fixed_Fixed,UPI,QZCX57TD5BGQ,New,,2024-01-23T14:44:22,SRDDCC,Fixed - Fixed,Cross Currency,Cash,NA/Swap Fxd Fxd CLF CLP,N/A,CLF,,,,CLP,,,,Amortizing,CASH,,,,,,,,,,,,,,,,,,,,,,,
1,Rates,Swap,Cross_Currency_Fixed_Fixed,UPI,QZ1RH91JKK2M,New,,2024-01-25T03:04:24,SRDCCC,Fixed - Fixed,Cross Currency,Cash,NA/Swap Fxd Fxd HKD THB,N/A,HKD,,,,THB,,,,Constant,CASH,,,,,,,,,,,,,,,,,,,,,,,
1,Rates,Swap,Cross_Currency_Fixed_Fixed,UPI,QZDNRS1W0C0W,New,,2024-01-25T03:10:25,SRDCCC,Fixed - Fixed,Cross Currency,Cash,NA/Swap Fxd Fxd AUD CNY,N/A,AUD,,,,CNY,,,,Constant,CASH,,,,,,,,,,,,,,,,,,,,,,,
1,Rates,Swap,Cross_Currency_Fixed_Fixed,UPI,QZ2ZGVCPMCVM,New,,2024-01-25T23:16:47,SRDYCP,Fixed - Fixed,Cross Currency,Physical,NA/Swap Fxd Fxd JPY NZD,N/A,JPY,,,,NZD,,,,Custom,PHYS,,,,,,,,,,,,,,,,,,,,,,,
1,Rates,Swap,Cross_Currency_Fixed_Fixed,UPI,QZ706Z6PZHMB,New,,2024-01-25T23:16:52,SRDYCP,Fixed - Fixed,Cross Currency,Physical,NA/Swap Fxd Fxd ILS JPY,N/A,ILS,,,,JPY,,,,Custom,PHYS,,,,,,,,,,,,,,,,,,,,,,,
1,Rates,Swap,Cross_Currency_Fixed_Fixed,UPI,QZZDSCNM6R3S,New,,2024-01-25T23:17:37,SRDYCP,Fixed - Fixed,Cross Currency,Physical,NA/Swap Fxd Fxd HKD SGD,N/A,HKD,,,,SGD,,,,Custom,PHYS,,,,,,,,,,,,,,,,,,,,,,,
1,Rates,Swap,Cross_Currency_Fixed_Fixed,UPI,QZ8ZX831NV38,New,,2024-01-25T23:19:06,SRDCCC,Fixed - Fixed,Cross Currency,Cash,NA/Swap Fxd Fxd JMD USD,N/A,JMD,,,,USD,,,,Constant,CASH,,,,,,,,,,,,,,,,,,,,,,,
1,Rates,Swap,Cross_Currency_Fixed_Fixed,UPI,QZBKC9D0ZD4K,New,,2024-01-25T23:19:30,SRDYCP,Fixed - Fixed,Cross Currency,Physical,NA/Swap Fxd Fxd CAD DKK,N/A,CAD,,,,DKK,,,,Custom,PHYS,,,,,,,,,,,,,,,,,,,,,,,
1,Rates,Swap,Cross_Currency_Fixed_Fixed,UPI,QZL8NN1SNC1Q,New,,2024-01-25T23:19:36,SRDYCC,Fixed - Fixed,Cross Currency,Cash,NA/Swap Fxd Fxd EUR PHP,N/A,EUR,,,,PHP,,,,Custom,CASH,,,,,,,,,,,,,,,,,,,,,,,
1,Rates,Swap,Cross_Currency_Fixed_Fixed,UPI,QZB7RWGJZQ0D,New,,2024-01-25T23:20:26,SRDYCP,Fixed - Fixed,Cross Currency,Physical,NA/Swap Fxd Fxd KZT USD,N/A,KZT,,,,USD,,,,Custom,PHYS,,,,,,,,,,,,,,,,,,,,,,,
1,Rates,Swap,Cross_Currency_Fixed_Fixed,UPI,QZBL5HRXTH03,New,,2024-01-25T23:21:13,SRDYCP,Fixed - Fixed,Cross Currency,Physical,NA/Swap Fxd Fxd EUR THB,N/A,EUR,,,,THB,,,,Custom,PHYS,,,,,,,,,,,,,,,,,,,,,,,
1,Rates,Swap,Cross_Currency_Fixed_Fixed,UPI,QZ41065CV0F8,New,,2024-01-25T23:21:38,SRDCCC,Fixed - Fixed,Cross Currency,Cash,NA/Swap Fxd Fxd PHP THB,N/A,PHP,,,,THB,,,,Constant,CASH,,,,,,,,,,,,,,,,,,,,,,,
1,Rates,Swap,Cross_Currency_Fixed_Fixed,UPI,QZMQ59JVVB7W,New,,2024-01-25T23:22:42,SRDYCC,Fixed - Fixed,Cross Currency,Cash,NA/Swap Fxd Fxd EUR PEN,N/A,EUR,,,,PEN,,,,Custom,CASH,,,,,,,,,,,,,,,,,,,,,,,
1,Rates,Swap,Cross_Currency_Fixed_Fixed,UPI,QZSPV5071MNT,New,,2024-01-25T23:23:05,SRDCCP,Fixed - Fixed,Cross Currency,Physical,NA/Swap Fxd Fxd CHF NZD,N/A,CHF,,,,NZD,,,,Constant,PHYS,,,,,,,,,,,,,,,,,,,,,,,
1,Rates,Swap,Cross_Currency_Fixed_Fixed,UPI,QZQHJ9NDT81X,New,,2024-01-25T23:23:13,SRDYCP,Fixed - Fixed,Cross Currency,Physical,NA/Swap Fxd Fxd JMD USD,N/A,JMD,,,,USD,,,,Custom,PHYS,,,,,,,,,,,,,,,,,,,,,,,
1,Rates,Swap,Cross_Currency_Fixed_Fixed,UPI,QZ2JFGN1MNBV,New,,2024-01-25T23:23:56,SRDYCC,Fixed - Fixed,Cross Currency,Cash,NA/Swap Fxd Fxd CLP EUR,N/A,CLP,,,,EUR,,,,Custom,CASH,,,,,,,,,,,,,,,,,,,,,,,
1,Rates,Swap,Cross_Currency_Fixed_Fixed,UPI,QZ3DXC1J7LSL,New,,2024-01-25T23:23:57,SRDYCC,Fixed - Fixed,Cross Currency,Cash,NA/Swap Fxd Fxd CHF CLP,N/A,CHF,,,,CLP,,,,Custom,CASH,,,,,,,,,,,,,,,,,,,,,,,
1,Rates,Swap,Cross_Currency_Fixed_Fixed,UPI,QZFMCHJ9HPX3,New,,2024-01-25T23:24:03,SRDYCP,Fixed - Fixed,Cross Currency,Physical,NA/Swap Fxd Fxd CHF GBP,N/A,CHF,,,,GBP,,,,Custom,PHYS,,,,,,,,,,,,,,,,,,,,,,,
1,Rates,Swap,Cross_Currency_Fixed_Fixed,UPI,QZXJKQ7B2W5T,New,,2024-01-25T23:24:03,SRDYCC,Fixed - Fixed,Cross Currency,Cash,NA/Swap Fxd Fxd USD UYU,N/A,USD,,,,UYU,,,,Custom,CASH,,,,,,,,,,,,,,,,,,,,,,,
1,Rates,Swap,Cross_Currency_Fixed_Fixed,UPI,QZJKH0QCQDCZ,New,,2024-01-25T23:24:31,SRDYCP,Fixed - Fixed,Cross Currency,Physical,NA/Swap Fxd Fxd EUR SAR,N/A,EUR,,,,SAR,,,,Custom,PHYS,,,,,,,,,,,,,,,,,,,,,,,
1,Rates,Swap,Cross_Currency_Fixed_Fixed,UPI,QZ60BDMH56XC,New,,2024-01-25T23:26:08,SRDYCC,Fixed - Fixed,Cross Currency,Cash,NA/Swap Fxd Fxd PYG USD,N/A,PYG,,,,USD,,,,Custom,CASH,,,,,,,,,,,,,,,,,,,,,,,
1,Rates,Swap,Cross_Currency_Fixed_Fixed,UPI,QZXW4BLP99VT,New,,2024-01-27T19:45:34,SRDYCC,Fixed - Fixed,Cross Currency,Cash,NA/Swap Fxd Fxd AUD CAD,N/A,AUD,,,,CAD,,,,Custom,CASH,,,,,,,,,,,,,,,,,,,,,,,
1,Rates,Swap,Cross_Currency_Fixed_Fixed,UPI,QZ4J9M3W8ZBJ,New,,2024-01-27T19:55:01,SRDYCP,Fixed - Fixed,Cross Currency,Physical,NA/Swap Fxd Fxd CLP JPY,N/A,CLP,,,,JPY,,,,Custom,PHYS,,,,,,,,,,,,,,,,,,,,,,,
1,Rates,Swap,Cross_Currency_Fixed_Fixed,UPI,QZDZ9CMKFZQN,New,,2024-01-27T19:55:09,SRDYCC,Fixed - Fixed,Cross Currency,Cash,NA/Swap Fxd Fxd CLP JPY,N/A,CLP,,,,JPY,,,,Custom,CASH,,,,,,,,,,,,,,,,,,,,,,,
1,Rates,Swap,Cross_Currency_Fixed_Fixed,UPI,QZMP1D7ZBMMT,New,,2024-01-27T19:59:11,SRDYCP,Fixed - Fixed,Cross Currency,Physical,NA/Swap Fxd Fxd CAD HKD,N/A,CAD,,,,HKD,,,,Custom,PHYS,,,,,,,,,,,,,,,,,,,,,,,
1,Rates,Swap,Cross_Currency_Fixed_Fixed,UPI,QZ1FHQ8CZWD1,New,,2024-01-27T20:01:19,SRDCCC,Fixed - Fixed,Cross Currency,Cash,NA/Swap Fxd Fxd AUD CLF,N/A,AUD,,,,CLF,,,,Constant,CASH,,,,,,,,,,,,,,,,,,,,,,,
1,Rates,Swap,Cross_Currency_Fixed_Fixed,UPI,QZLW01LQVLK3,New,,2024-01-29T16:26:00,SRDDCC,Fixed - Fixed,Cross Currency,Cash,NA/Swap Fxd Fxd EUR THB,N/A,EUR,,,,THB,,,,Amortizing,CASH,,,,,,,,,,,,,,,,,,,,,,,
1,Rates,Swap,Cross_Currency_Fixed_Fixed,UPI,QZHJQBZ6R4JK,New,,2024-01-31T20:23:48,SRDDCP,Fixed - Fixed,Cross Currency,Physical,NA/Swap Fxd Fxd CHF GBP,N/A,CHF,,,,GBP,,,,Amortizing,PHYS,,,,,,,,,,,,,,,,,,,,,,,
1,Rates,Swap,Cross_Currency_Fixed_Fixed,UPI,QZC2JMVCP4H6,New,,2024-02-01T16:38:19,SRDDCP,Fixed - Fixed,Cross Currency,Physical,NA/Swap Fxd Fxd CLP MXN,N/A,CLP,,,,MXN,,,,Amortizing,PHYS,,,,,,,,,,,,,,,,,,,,,,,
1,Rates,Swap,Cross_Currency_Fixed_Fixed,UPI,QZBG8CXDMTC0,New,,2024-02-06T08:01:24,SRDDCP,Fixed - Fixed,Cross Currency,Physical,NA/Swap Fxd Fxd CHF CNY,N/A,CHF,,,,CNY,,,,Amortizing,PHYS,,,,,,,,,,,,,,,,,,,,,,,
1,Rates,Swap,Cross_Currency_Fixed_Fixed,UPI,QZPJKX1XQK5C,New,,2024-02-06T14:33:07,SRDCCC,Fixed - Fixed,Cross Currency,Cash,NA/Swap Fxd Fxd CAD CNY,N/A,CAD,,,,CNY,,,,Constant,CASH,,,,,,,,,,,,,,,,,,,,,,,
1,Rates,Swap,Cross_Currency_Fixed_Fixed,UPI,QZLFQQCP96F9,New,,2024-02-06T16:26:58,SRDCCP,Fixed - Fixed,Cross Currency,Physical,NA/Swap Fxd Fxd CLF COP,N/A,CLF,,,,COP,,,,Constant,PHYS,,,,,,,,,,,,,,,,,,,,,,,
1,Rates,Swap,Cross_Currency_Fixed_Fixed,UPI,QZ06M58FVD5B,New,,2024-02-08T13:57:11,SRDCCP,Fixed - Fixed,Cross Currency,Physical,NA/Swap Fxd Fxd AED CHF,N/A,AED,,,,CHF,,,,Constant,PHYS,,,,,,,,,,,,,,,,,,,,,,,
1,Rates,Swap,Cross_Currency_Fixed_Fixed,UPI,QZJ4L06548WQ,New,,2024-02-12T15:52:53,SRDCCC,Fixed - Fixed,Cross Currency,Cash,NA/Swap Fxd Fxd CLF COP,N/A,CLF,,,,COP,,,,Constant,CASH,,,,,,,,,,,,,,,,,,,,,,,
1,Rates,Swap,Cross_Currency_Fixed_Fixed,UPI,QZ0ZQZ7HGMNF,New,,2024-02-15T09:45:07,SRDCCC,Fixed - Fixed,Cross Currency,Cash,NA/Swap Fxd Fxd CLF HKD,N/A,CLF,,,,HKD,,,,Constant,CASH,,,,,,,,,,,,,,,,,,,,,,,
1,Rates,Swap,Cross_Currency_Fixed_Fixed,UPI,QZDS6Q92P0QR,New,,2024-02-16T15:54:42,SRDICP,Fixed - Fixed,Cross Currency,Physical,NA/Swap Fxd Fxd CAD NOK,N/A,CAD,,,,NOK,,,,Accreting,PHYS,,,,,,,,,,,,,,,,,,,,,,,
1,Rates,Swap,Cross_Currency_Fixed_Fixed,UPI,QZD28DWKQC5L,New,,2024-02-20T11:31:33,SRDDCC,Fixed - Fixed,Cross Currency,Cash,NA/Swap Fxd Fxd KGS USD,N/A,KGS,,,,USD,,,,Amortizing,CASH,,,,,,,,,,,,,,,,,,,,,,,
1,Rates,Swap,Cross_Currency_Fixed_Fixed,UPI,QZ6N02W6QFSJ,New,,2024-02-22T13:17:28,SRDDCP,Fixed - Fixed,Cross Currency,Physical,NA/Swap Fxd Fxd KWD USD,N/A,KWD,,,,USD,,,,Amortizing,PHYS,,,,,,,,,,,,,,,,,,,,,,,
1,Rates,Swap,Cross_Currency_Fixed_Fixed,UPI,QZ36FT7WH03Z,New,,2024-03-11T13:17:07,SRDCCC,Fixed - Fixed,Cross Currency,Cash,NA/Swap Fxd Fxd ALL USD,N/A,ALL,,,,USD,,,,Constant,CASH,,,,,,,,,,,,,,,,,,,,,,,
1,Rates,Swap,Cross_Currency_Fixed_Fixed,UPI,QZRM0WT97LLF,New,,2024-03-11T13:23:03,SRDCCC,Fixed - Fixed,Cross Currency,Cash,NA/Swap Fxd Fxd AZN EUR,N/A,AZN,,,,EUR,,,,Constant,CASH,,,,,,,,,,,,,,,,,,,,,,,
1,Rates,Swap,Cross_Currency_Fixed_Fixed,UPI,QZGSXVTDNFL7,New,,2024-03-11T13:41:55,SRDCCC,Fixed - Fixed,Cross Currency,Cash,NA/Swap Fxd Fxd GTQ USD,N/A,GTQ,,,,USD,,,,Constant,CASH,,,,,,,,,,,,,,,,,,,,,,,
1,Rates,Swap,Cross_Currency_Fixed_Fixed,UPI,QZXBWQSBGMVV,New,,2024-03-11T13:42:54,SRDCCC,Fixed - Fixed,Cross Currency,Cash,NA/Swap Fxd Fxd EUR GTQ,N/A,EUR,,,,GTQ,,,,Constant,CASH,,,,,,,,,,,,,,,,,,,,,,,
1,Rates,Swap,Cross_Currency_Fixed_Fixed,UPI,QZBPXCT5KK1W,New,,2024-03-11T13:43:42,SRDCCC,Fixed - Fixed,Cross Currency,Cash,NA/Swap Fxd Fxd HNL USD,N/A,HNL,,,,USD,,,,Constant,CASH,,,,,,,,,,,,,,,,,,,,,,,
1,Rates,Swap,Cross_Currency_Fixed_Fixed,UPI,QZ3TDG9VMXG4,New,,2024-03-11T13:44:23,SRDCCC,Fixed - Fixed,Cross Currency,Cash,NA/Swap Fxd Fxd EUR HNL,N/A,EUR,,,,HNL,,,,Constant,CASH,,,,,,,,,,,,,,,,,,,,,,,
1,Rates,Swap,Cross_Currency_Fixed_Fixed,UPI,QZ1V0VSXB8V6,New,,2024-03-11T13:45:23,SRDCCC,Fixed - Fixed,Cross Currency,Cash,NA/Swap Fxd Fxd JOD USD,N/A,JOD,,,,USD,,,,Constant,CASH,,,,,,,,,,,,,,,,,,,,,,,
1,Rates,Swap,Cross_Currency_Fixed_Fixed,UPI,QZG7337K09JS,New,,2024-03-11T13:45:56,SRDCCC,Fixed - Fixed,Cross Currency,Cash,NA/Swap Fxd Fxd EUR JOD,N/A,EUR,,,,JOD,,,,Constant,CASH,,,,,,,,,,,,,,,,,,,,,,,
1,Rates,Swap,Cross_Currency_Fixed_Fixed,UPI,QZ6XGBZRRVH0,New,,2024-03-11T13:49:29,SRDCCC,Fixed - Fixed,Cross Currency,Cash,NA/Swap Fxd Fxd EUR KES,N/A,EUR,,,,KES,,,,Constant,CASH,,,,,,,,,,,,,,,,,,,,,,,
1,Rates,Swap,Cross_Currency_Fixed_Fixed,UPI,QZ0F5H3BDX7Q,New,,2024-03-11T13:50:34,SRDCCC,Fixed - Fixed,Cross Currency,Cash,NA/Swap Fxd Fxd MDL USD,N/A,MDL,,,,USD,,,,Constant,CASH,,,,,,,,,,,,,,,,,,,,,,,
1,Rates,Swap,Cross_Currency_Fixed_Fixed,UPI,QZCBF2MV3948,New,,2024-03-11T13:51:24,SRDCCC,Fixed - Fixed,Cross Currency,Cash,NA/Swap Fxd Fxd MGA USD,N/A,MGA,,,,USD,,,,Constant,CASH,,,,,,,,,,,,,,,,,,,,,,,
1,Rates,Swap,Cross_Currency_Fixed_Fixed,UPI,QZ9S4NLZ6W9F,New,,2024-03-11T13:52:15,SRDCCC,Fixed - Fixed,Cross Currency,Cash,NA/Swap Fxd Fxd EUR MGA,N/A,EUR,,,,MGA,,,,Constant,CASH,,,,,,,,,,,,,,,,,,,,,,,
1,Rates,Swap,Cross_Currency_Fixed_Fixed,UPI,QZ57F8SSZD7V,New,,2024-03-11T14:00:49,SRDCCC,Fixed - Fixed,Cross Currency,Cash,NA/Swap Fxd Fxd MMK USD,N/A,MMK,,,,USD,,,,Constant,CASH,,,,,,,,,,,,,,,,,,,,,,,
1,Rates,Swap,Cross_Currency_Fixed_Fixed,UPI,QZL22D5ZM054,New,,2024-03-11T14:01:20,SRDCCC,Fixed - Fixed,Cross Currency,Cash,NA/Swap Fxd Fxd EUR MMK,N/A,EUR,,,,MMK,,,,Constant,CASH,,,,,,,,,,,,,,,,,,,,,,,
1,Rates,Swap,Cross_Currency_Fixed_Fixed,UPI,QZ48V7WZKCC8,New,,2024-03-11T14:02:09,SRDCCC,Fixed - Fixed,Cross Currency,Cash,NA/Swap Fxd Fxd MNT USD,N/A,MNT,,,,USD,,,,Constant,CASH,,,,,,,,,,,,,,,,,,,,,,,
1,Rates,Swap,Cross_Currency_Fixed_Fixed,UPI,QZPS9H8JFCMS,New,,2024-03-11T14:02:48,SRDCCC,Fixed - Fixed,Cross Currency,Cash,NA/Swap Fxd Fxd EUR MNT,N/A,EUR,,,,MNT,,,,Constant,CASH,,,,,,,,,,,,,,,,,,,,,,,
1,Rates,Swap,Cross_Currency_Fixed_Fixed,UPI,QZ7SPSSBQF88,New,,2024-03-11T14:03:56,SRDCCC,Fixed - Fixed,Cross Currency,Cash,NA/Swap Fxd Fxd MWK USD,N/A,MWK,,,,USD,,,,Constant,CASH,,,,,,,,,,,,,,,,,,,,,,,
1,Rates,Swap,Cross_Currency_Fixed_Fixed,UPI,QZCSLLZH3N07,New,,2024-03-11T14:04:20,SRDCCC,Fixed - Fixed,Cross Currency,Cash,NA/Swap Fxd Fxd EUR MWK,N/A,EUR,,,,MWK,,,,Constant,CASH,,,,,,,,,,,,,,,,,,,,,,,
1,Rates,Swap,Cross_Currency_Fixed_Fixed,UPI,QZSQ99CSJ7CT,New,,2024-03-11T14:05:28,SRDCCC,Fixed - Fixed,Cross Currency,Cash,NA/Swap Fxd Fxd NPR USD,N/A,NPR,,,,USD,,,,Constant,CASH,,,,,,,,,,,,,,,,,,,,,,,
1,Rates,Swap,Cross_Currency_Fixed_Fixed,UPI,QZ934C08GWT5,New,,2024-03-11T14:06:06,SRDCCC,Fixed - Fixed,Cross Currency,Cash,NA/Swap Fxd Fxd PYG USD,N/A,PYG,,,,USD,,,,Constant,CASH,,,,,,,,,,,,,,,,,,,,,,,
1,Rates,Swap,Cross_Currency_Fixed_Fixed,UPI,QZ9JLZ5MLC52,New,,2024-03-11T14:14:51,SRDCCC,Fixed - Fixed,Cross Currency,Cash,NA/Swap Fxd Fxd EUR PYG,N/A,EUR,,,,PYG,,,,Constant,CASH,,,,,,,,,,,,,,,,,,,,,,,
1,Rates,Swap,Cross_Currency_Fixed_Fixed,UPI,QZ8KFWX51S03,New,,2024-03-11T14:16:18,SRDCCC,Fixed - Fixed,Cross Currency,Cash,NA/Swap Fxd Fxd RWF USD,N/A,RWF,,,,USD,,,,Constant,CASH,,,,,,,,,,,,,,,,,,,,,,,
1,Rates,Swap,Cross_Currency_Fixed_Fixed,UPI,QZCVZ5Z9D3H6,New,,2024-03-11T14:16:42,SRDCCC,Fixed - Fixed,Cross Currency,Cash,NA/Swap Fxd Fxd EUR RWF,N/A,EUR,,,,RWF,,,,Constant,CASH,,,,,,,,,,,,,,,,,,,,,,,
1,Rates,Swap,Cross_Currency_Fixed_Fixed,UPI,QZQ51KPZXJ53,New,,2024-03-11T14:17:22,SRDCCC,Fixed - Fixed,Cross Currency,Cash,NA/Swap Fxd Fxd EUR TJS,N/A,EUR,,,,TJS,,,,Constant,CASH,,,,,,,,,,,,,,,,,,,,,,,
1,Rates,Swap,Cross_Currency_Fixed_Fixed,UPI,QZM0K2Z4NPFQ,New,,2024-03-11T14:18:06,SRDCCC,Fixed - Fixed,Cross Currency,Cash,NA/Swap Fxd Fxd TZS USD,N/A,TZS,,,,USD,,,,Constant,CASH,,,,,,,,,,,,,,,,,,,,,,,
1,Rates,Swap,Cross_Currency_Fixed_Fixed,UPI,QZC4SNPQ5WNR,New,,2024-03-11T14:18:35,SRDCCC,Fixed - Fixed,Cross Currency,Cash,NA/Swap Fxd Fxd EUR TZS,N/A,EUR,,,,TZS,,,,Constant,CASH,,,,,,,,,,,,,,,,,,,,,,,
1,Rates,Swap,Cross_Currency_Fixed_Fixed,UPI,QZ33R15XLF68,New,,2024-03-11T14:18:58,SRDCCC,Fixed - Fixed,Cross Currency,Cash,NA/Swap Fxd Fxd EUR UGX,N/A,EUR,,,,UGX,,,,Constant,CASH,,,,,,,,,,,,,,,,,,,,,,,
1,Rates,Swap,Cross_Currency_Fixed_Fixed,UPI,QZW16B7QVS08,New,,2024-03-11T14:20:43,SRDCCC,Fixed - Fixed,Cross Currency,Cash,NA/Swap Fxd Fxd EUR UZS,N/A,EUR,,,,UZS,,,,Constant,CASH,,,,,,,,,,,,,,,,,,,,,,,
1,Rates,Swap,Cross_Currency_Fixed_Fixed,UPI,QZD21SSZGB9K,New,,2024-03-11T14:21:40,SRDCCC,Fixed - Fixed,Cross Currency,Cash,NA/Swap Fxd Fxd EUR VND,N/A,EUR,,,,VND,,,,Constant,CASH,,,,,,,,,,,,,,,,,,,,,,,
1,Rates,Swap,Cross_Currency_Fixed_Fixed,UPI,QZRK02D78BZ9,New,,2024-03-11T14:22:16,SRDCCC,Fixed - Fixed,Cross Currency,Cash,NA/Swap Fxd Fxd USD XAF,N/A,USD,,,,XAF,,,,Constant,CASH,,,,,,,,,,,,,,,,,,,,,,,
1,Rates,Swap,Cross_Currency_Fixed_Fixed,UPI,QZNBC2ZJ98QD,New,,2024-03-11T14:22:59,SRDCCC,Fixed - Fixed,Cross Currency,Cash,NA/Swap Fxd Fxd EUR ZMW,N/A,EUR,,,,ZMW,,,,Constant,CASH,,,,,,,,,,,,,,,,,,,,,,,
1,Rates,Swap,Cross_Currency_Fixed_Fixed,UPI,QZTWNMQD5T0N,New,,2024-03-11T14:53:01,SRDDCP,Fixed - Fixed,Cross Currency,Physical,NA/Swap Fxd Fxd ALL USD,N/A,ALL,,,,USD,,,,Amortizing,PHYS,,,,,,,,,,,,,,,,,,,,,,,
1,Rates,Swap,Cross_Currency_Fixed_Fixed,UPI,QZWR4MBLZ0S5,New,,2024-03-11T14:54:06,SRDDCC,Fixed - Fixed,Cross Currency,Cash,NA/Swap Fxd Fxd ARS EUR,N/A,ARS,,,,EUR,,,,Amortizing,CASH,,,,,,,,,,,,,,,,,,,,,,,
1,Rates,Swap,Cross_Currency_Fixed_Fixed,UPI,QZBG1114CRHT,New,,2024-03-11T14:55:10,SRDDCC,Fixed - Fixed,Cross Currency,Cash,NA/Swap Fxd Fxd ALL USD,N/A,ALL,,,,USD,,,,Amortizing,CASH,,,,,,,,,,,,,,,,,,,,,,,
1,Rates,Swap,Cross_Currency_Fixed_Fixed,UPI,QZ8JTLP9WXHJ,New,,2024-03-11T14:56:07,SRDDCC,Fixed - Fixed,Cross Currency,Cash,NA/Swap Fxd Fxd AZN USD,N/A,AZN,,,,USD,,,,Amortizing,CASH,,,,,,,,,,,,,,,,,,,,,,,
1,Rates,Swap,Cross_Currency_Fixed_Fixed,UPI,QZQZRBS2C7W6,New,,2024-03-11T14:56:49,SRDDCC,Fixed - Fixed,Cross Currency,Cash,NA/Swap Fxd Fxd AZN EUR,N/A,AZN,,,,EUR,,,,Amortizing,CASH,,,,,,,,,,,,,,,,,,,,,,,
1,Rates,Swap,Cross_Currency_Fixed_Fixed,UPI,QZNCDNFG7TG2,New,,2024-03-11T14:58:18,SRDDCC,Fixed - Fixed,Cross Currency,Cash,NA/Swap Fxd Fxd CRC USD,N/A,CRC,,,,USD,,,,Amortizing,CASH,,,,,,,,,,,,,,,,,,,,,,,
1,Rates,Swap,Cross_Currency_Fixed_Fixed,UPI,QZG6LRRP5CRR,New,,2024-03-11T14:59:21,SRDDCC,Fixed - Fixed,Cross Currency,Cash,NA/Swap Fxd Fxd EGP EUR,N/A,EGP,,,,EUR,,,,Amortizing,CASH,,,,,,,,,,,,,,,,,,,,,,,
1,Rates,Swap,Cross_Currency_Fixed_Fixed,UPI,QZVJVX6BRCRN,New,,2024-03-11T15:01:31,SRDDCC,Fixed - Fixed,Cross Currency,Cash,NA/Swap Fxd Fxd EGP USD,N/A,EGP,,,,USD,,,,Amortizing,CASH,,,,,,,,,,,,,,,,,,,,,,,
1,Rates,Swap,Cross_Currency_Fixed_Fixed,UPI,QZ9J9RF72GZB,New,,2024-03-11T15:02:09,SRDDCC,Fixed - Fixed,Cross Currency,Cash,NA/Swap Fxd Fxd GEL USD,N/A,GEL,,,,USD,,,,Amortizing,CASH,,,,,,,,,,,,,,,,,,,,,,,
1,Rates,Swap,Cross_Currency_Fixed_Fixed,UPI,QZTVH14Z6JKS,New,,2024-03-11T15:02:45,SRDDCC,Fixed - Fixed,Cross Currency,Cash,NA/Swap Fxd Fxd GHS USD,N/A,GHS,,,,USD,,,,Amortizing,CASH,,,,,,,,,,,,,,,,,,,,,,,
1,Rates,Swap,Cross_Currency_Fixed_Fixed,UPI,QZHV8WQSH29R,New,,2024-03-11T15:03:43,SRDDCC,Fixed - Fixed,Cross Currency,Cash,NA/Swap Fxd Fxd GTQ USD,N/A,GTQ,,,,USD,,,,Amortizing,CASH,,,,,,,,,,,,,,,,,,,,,,,
1,Rates,Swap,Cross_Currency_Fixed_Fixed,UPI,QZ2VRQ9ZB71P,New,,2024-03-11T15:04:45,SRDDCC,Fixed - Fixed,Cross Currency,Cash,NA/Swap Fxd Fxd EUR GTQ,N/A,EUR,,,,GTQ,,,,Amortizing,CASH,,,,,,,,,,,,,,,,,,,,,,,
1,Rates,Swap,Cross_Currency_Fixed_Fixed,UPI,QZ8JNS71V7JZ,New,,2024-03-11T15:06:17,SRDDCC,Fixed - Fixed,Cross Currency,Cash,NA/Swap Fxd Fxd HNL USD,N/A,HNL,,,,USD,,,,Amortizing,CASH,,,,,,,,,,,,,,,,,,,,,,,
1,Rates,Swap,Cross_Currency_Fixed_Fixed,UPI,QZ5XJPDJP89F,New,,2024-03-11T15:06:56,SRDDCC,Fixed - Fixed,Cross Currency,Cash,NA/Swap Fxd Fxd EUR HNL,N/A,EUR,,,,HNL,,,,Amortizing,CASH,,,,,,,,,,,,,,,,,,,,,,,
1,Rates,Swap,Cross_Currency_Fixed_Fixed,UPI,QZZ7HHGNG48N,New,,2024-03-11T15:13:11,SRDCCC,Fixed - Fixed,Cross Currency,Cash,NA/Swap Fxd Fxd DOP USD,N/A,DOP,,,,USD,,,,Constant,CASH,,,,,,,,,,,,,,,,,,,,,,,
1,Rates,Swap,Cross_Currency_Fixed_Fixed,UPI,QZ08LD0KRKRM,New,,2024-03-11T15:13:58,SRDCCC,Fixed - Fixed,Cross Currency,Cash,NA/Swap Fxd Fxd DOP EUR,N/A,DOP,,,,EUR,,,,Constant,CASH,,,,,,,,,,,,,,,,,,,,,,,
1,Rates,Swap,Cross_Currency_Fixed_Fixed,UPI,QZGK2TD2JGFR,New,,2024-03-11T15:14:43,SRDDCC,Fixed - Fixed,Cross Currency,Cash,NA/Swap Fxd Fxd DOP USD,N/A,DOP,,,,USD,,,,Amortizing,CASH,,,,,,,,,,,,,,,,,,,,,,,
1,Rates,Swap,Cross_Currency_Fixed_Fixed,UPI,QZ6GTB3F7FXV,New,,2024-03-11T15:15:28,SRDDCC,Fixed - Fixed,Cross Currency,Cash,NA/Swap Fxd Fxd DOP EUR,N/A,DOP,,,,EUR,,,,Amortizing,CASH,,,,,,,,,,,,,,,,,,,,,,,
1,Rates,Swap,Cross_Currency_Fixed_Fixed,UPI,QZ3FC49DFX0Z,New,,2024-03-11T15:18:52,SRDDCC,Fixed - Fixed,Cross Currency,Cash,NA/Swap Fxd Fxd JMD USD,N/A,JMD,,,,USD,,,,Amortizing,CASH,,,,,,,,,,,,,,,,,,,,,,,
1,Rates,Swap,Cross_Currency_Fixed_Fixed,UPI,QZD0SXZJPNMX,New,,2024-03-11T15:19:35,SRDDCC,Fixed - Fixed,Cross Currency,Cash,NA/Swap Fxd Fxd JOD USD,N/A,JOD,,,,USD,,,,Amortizing,CASH,,,,,,,,,,,,,,,,,,,,,,,
1,Rates,Swap,Cross_Currency_Fixed_Fixed,UPI,QZ1TL99N21N7,New,,2024-03-11T15:20:19,SRDDCC,Fixed - Fixed,Cross Currency,Cash,NA/Swap Fxd Fxd EUR JOD,N/A,EUR,,,,JOD,,,,Amortizing,CASH,,,,,,,,,,,,,,,,,,,,,,,
1,Rates,Swap,Cross_Currency_Fixed_Fixed,UPI,QZFRN30DCCMF,New,,2024-03-11T15:21:22,SRDDCC,Fixed - Fixed,Cross Currency,Cash,NA/Swap Fxd Fxd EUR KES,N/A,EUR,,,,KES,,,,Amortizing,CASH,,,,,,,,,,,,,,,,,,,,,,,
1,Rates,Swap,Cross_Currency_Fixed_Fixed,UPI,QZG9684J9SPG,New,,2024-03-11T15:22:15,SRDDCC,Fixed - Fixed,Cross Currency,Cash,NA/Swap Fxd Fxd EUR KGS,N/A,EUR,,,,KGS,,,,Amortizing,CASH,,,,,,,,,,,,,,,,,,,,,,,
1,Rates,Swap,Cross_Currency_Fixed_Fixed,UPI,QZ4NM0XVF7FL,New,,2024-03-11T15:22:48,SRDDCC,Fixed - Fixed,Cross Currency,Cash,NA/Swap Fxd Fxd EUR KZT,N/A,EUR,,,,KZT,,,,Amortizing,CASH,,,,,,,,,,,,,,,,,,,,,,,
1,Rates,Swap,Cross_Currency_Fixed_Fixed,UPI,QZ51WNLX1V6Z,New,,2024-03-11T15:25:02,SRDDCC,Fixed - Fixed,Cross Currency,Cash,NA/Swap Fxd Fxd MAD USD,N/A,MAD,,,,USD,,,,Amortizing,CASH,,,,,,,,,,,,,,,,,,,,,,,
1,Rates,Swap,Cross_Currency_Fixed_Fixed,UPI,QZQQGCGN378Z,New,,2024-03-11T15:25:51,SRDDCC,Fixed - Fixed,Cross Currency,Cash,NA/Swap Fxd Fxd MDL USD,N/A,MDL,,,,USD,,,,Amortizing,CASH,,,,,,,,,,,,,,,,,,,,,,,
1,Rates,Swap,Cross_Currency_Fixed_Fixed,UPI,QZJXPJ389GKV,New,,2024-03-11T15:27:26,SRDDCC,Fixed - Fixed,Cross Currency,Cash,NA/Swap Fxd Fxd MGA USD,N/A,MGA,,,,USD,,,,Amortizing,CASH,,,,,,,,,,,,,,,,,,,,,,,
1,Rates,Swap,Cross_Currency_Fixed_Fixed,UPI,QZKQ01LKBGSF,New,,2024-03-11T15:28:07,SRDDCC,Fixed - Fixed,Cross Currency,Cash,NA/Swap Fxd Fxd EUR MGA,N/A,EUR,,,,MGA,,,,Amortizing,CASH,,,,,,,,,,,,,,,,,,,,,,,
1,Rates,Swap,Cross_Currency_Fixed_Fixed,UPI,QZHG5659TBR3,New,,2024-03-11T15:28:48,SRDDCC,Fixed - Fixed,Cross Currency,Cash,NA/Swap Fxd Fxd MMK USD,N/A,MMK,,,,USD,,,,Amortizing,CASH,,,,,,,,,,,,,,,,,,,,,,,
1,Rates,Swap,Cross_Currency_Fixed_Fixed,UPI,QZ4LPMVH02WD,New,,2024-03-11T15:29:13,SRDDCC,Fixed - Fixed,Cross Currency,Cash,NA/Swap Fxd Fxd EUR MMK,N/A,EUR,,,,MMK,,,,Amortizing,CASH,,,,,,,,,,,,,,,,,,,,,,,
1,Rates,Swap,Cross_Currency_Fixed_Fixed,UPI,QZ3Q5FXW6K28,New,,2024-03-11T15:30:36,SRDDCC,Fixed - Fixed,Cross Currency,Cash,NA/Swap Fxd Fxd MNT USD,N/A,MNT,,,,USD,,,,Amortizing,CASH,,,,,,,,,,,,,,,,,,,,,,,
1,Rates,Swap,Cross_Currency_Fixed_Fixed,UPI,QZ2VXRV45HVV,New,,2024-03-11T15:31:17,SRDDCC,Fixed - Fixed,Cross Currency,Cash,NA/Swap Fxd Fxd EUR MNT,N/A,EUR,,,,MNT,,,,Amortizing,CASH,,,,,,,,,,,,,,,,,,,,,,,
1,Rates,Swap,Cross_Currency_Fixed_Fixed,UPI,QZ4VQTHM6QK3,New,,2024-03-11T15:32:37,SRDDCC,Fixed - Fixed,Cross Currency,Cash,NA/Swap Fxd Fxd MWK USD,N/A,MWK,,,,USD,,,,Amortizing,CASH,,,,,,,,,,,,,,,,,,,,,,,
1,Rates,Swap,Cross_Currency_Fixed_Fixed,UPI,QZTG028DFK5H,New,,2024-03-11T15:35:27,SRDDCC,Fixed - Fixed,Cross Currency,Cash,NA/Swap Fxd Fxd EUR MWK,N/A,EUR,,,,MWK,,,,Amortizing,CASH,,,,,,,,,,,,,,,,,,,,,,,
1,Rates,Swap,Cross_Currency_Fixed_Fixed,UPI,QZRL37XW7F3C,New,,2024-03-11T15:36:28,SRDDCC,Fixed - Fixed,Cross Currency,Cash,NA/Swap Fxd Fxd MZN USD,N/A,MZN,,,,USD,,,,Amortizing,CASH,,,,,,,,,,,,,,,,,,,,,,,
1,Rates,Swap,Cross_Currency_Fixed_Fixed,UPI,QZW2Z6CS907C,New,,2024-03-11T15:37:15,SRDDCC,Fixed - Fixed,Cross Currency,Cash,NA/Swap Fxd Fxd NGN USD,N/A,NGN,,,,USD,,,,Amortizing,CASH,,,,,,,,,,,,,,,,,,,,,,,
1,Rates,Swap,Cross_Currency_Fixed_Fixed,UPI,QZMCVPSJBCPP,New,,2024-03-11T15:40:04,SRDDCC,Fixed - Fixed,Cross Currency,Cash,NA/Swap Fxd Fxd NPR USD,N/A,NPR,,,,USD,,,,Amortizing,CASH,,,,,,,,,,,,,,,,,,,,,,,
1,Rates,Swap,Cross_Currency_Fixed_Fixed,UPI,QZF1GCPH7CPP,New,,2024-03-11T15:40:51,SRDDCC,Fixed - Fixed,Cross Currency,Cash,NA/Swap Fxd Fxd PYG USD,N/A,PYG,,,,USD,,,,Amortizing,CASH,,,,,,,,,,,,,,,,,,,,,,,
1,Rates,Swap,Cross_Currency_Fixed_Fixed,UPI,QZB0SFJL7TFF,New,,2024-03-11T15:41:19,SRDDCC,Fixed - Fixed,Cross Currency,Cash,NA/Swap Fxd Fxd EUR PYG,N/A,EUR,,,,PYG,,,,Amortizing,CASH,,,,,,,,,,,,,,,,,,,,,,,
1,Rates,Swap,Cross_Currency_Fixed_Fixed,UPI,QZ1892X26QNX,New,,2024-03-11T15:41:51,SRDDCC,Fixed - Fixed,Cross Currency,Cash,NA/Swap Fxd Fxd RSD USD,N/A,RSD,,,,USD,,,,Amortizing,CASH,,,,,,,,,,,,,,,,,,,,,,,
1,Rates,Swap,Cross_Currency_Fixed_Fixed,UPI,QZXNDF1KVRW5,New,,2024-03-11T15:44:24,SRDDCC,Fixed - Fixed,Cross Currency,Cash,NA/Swap Fxd Fxd RWF USD,N/A,RWF,,,,USD,,,,Amortizing,CASH,,,,,,,,,,,,,,,,,,,,,,,
1,Rates,Swap,Cross_Currency_Fixed_Fixed,UPI,QZZ79KJXZRR5,New,,2024-03-11T15:44:51,SRDDCC,Fixed - Fixed,Cross Currency,Cash,NA/Swap Fxd Fxd EUR RWF,N/A,EUR,,,,RWF,,,,Amortizing,CASH,,,,,,,,,,,,,,,,,,,,,,,
1,Rates,Swap,Cross_Currency_Fixed_Fixed,UPI,QZC903TH8L6W,New,,2024-03-11T15:45:35,SRDDCC,Fixed - Fixed,Cross Currency,Cash,NA/Swap Fxd Fxd TJS USD,N/A,TJS,,,,USD,,,,Amortizing,CASH,,,,,,,,,,,,,,,,,,,,,,,
1,Rates,Swap,Cross_Currency_Fixed_Fixed,UPI,QZBWMD40N31F,New,,2024-03-11T15:46:43,SRDDCC,Fixed - Fixed,Cross Currency,Cash,NA/Swap Fxd Fxd EUR TJS,N/A,EUR,,,,TJS,,,,Amortizing,CASH,,,,,,,,,,,,,,,,,,,,,,,
1,Rates,Swap,Cross_Currency_Fixed_Fixed,UPI,QZGKS2H7L72X,New,,2024-03-11T15:47:24,SRDDCC,Fixed - Fixed,Cross Currency,Cash,NA/Swap Fxd Fxd EUR TND,N/A,EUR,,,,TND,,,,Amortizing,CASH,,,,,,,,,,,,,,,,,,,,,,,
1,Rates,Swap,Cross_Currency_Fixed_Fixed,UPI,QZ1221LX4H3D,New,,2024-03-11T15:48:20,SRDDCC,Fixed - Fixed,Cross Currency,Cash,NA/Swap Fxd Fxd TZS USD,N/A,TZS,,,,USD,,,,Amortizing,CASH,,,,,,,,,,,,,,,,,,,,,,,
1,Rates,Swap,Cross_Currency_Fixed_Fixed,UPI,QZL09VX1177V,New,,2024-03-11T15:48:42,SRDDCC,Fixed - Fixed,Cross Currency,Cash,NA/Swap Fxd Fxd EUR TZS,N/A,EUR,,,,TZS,,,,Amortizing,CASH,,,,,,,,,,,,,,,,,,,,,,,
1,Rates,Swap,Cross_Currency_Fixed_Fixed,UPI,QZR0TVNFHC4C,New,,2024-03-11T15:49:36,SRDDCC,Fixed - Fixed,Cross Currency,Cash,NA/Swap Fxd Fxd UAH USD,N/A,UAH,,,,USD,,,,Amortizing,CASH,,,,,,,,,,,,,,,,,,,,,,,
1,Rates,Swap,Cross_Currency_Fixed_Fixed,UPI,QZMZN87P5VHZ,New,,2024-03-11T15:50:13,SRDDCC,Fixed - Fixed,Cross Currency,Cash,NA/Swap Fxd Fxd UGX USD,N/A,UGX,,,,USD,,,,Amortizing,CASH,,,,,,,,,,,,,,,,,,,,,,,
1,Rates,Swap,Cross_Currency_Fixed_Fixed,UPI,QZ2Z8PRBKDXG,New,,2024-03-11T15:50:39,SRDDCC,Fixed - Fixed,Cross Currency,Cash,NA/Swap Fxd Fxd EUR UGX,N/A,EUR,,,,UGX,,,,Amortizing,CASH,,,,,,,,,,,,,,,,,,,,,,,
1,Rates,Swap,Cross_Currency_Fixed_Fixed,UPI,QZ63ZXVM0JHX,New,,2024-03-11T15:51:19,SRDDCC,Fixed - Fixed,Cross Currency,Cash,NA/Swap Fxd Fxd USD UZS,N/A,USD,,,,UZS,,,,Amortizing,CASH,,,,,,,,,,,,,,,,,,,,,,,
1,Rates,Swap,Cross_Currency_Fixed_Fixed,UPI,QZW7WL3RC947,New,,2024-03-11T15:51:44,SRDDCC,Fixed - Fixed,Cross Currency,Cash,NA/Swap Fxd Fxd EUR UZS,N/A,EUR,,,,UZS,,,,Amortizing,CASH,,,,,,,,,,,,,,,,,,,,,,,
1,Rates,Swap,Cross_Currency_Fixed_Fixed,UPI,QZ6X0GF5JJQ5,New,,2024-03-11T15:52:31,SRDDCC,Fixed - Fixed,Cross Currency,Cash,NA/Swap Fxd Fxd USD VND,N/A,USD,,,,VND,,,,Amortizing,CASH,,,,,,,,,,,,,,,,,,,,,,,
1,Rates,Swap,Cross_Currency_Fixed_Fixed,UPI,QZ0LCV6750SV,New,,2024-03-11T15:52:50,SRDDCC,Fixed - Fixed,Cross Currency,Cash,NA/Swap Fxd Fxd EUR VND,N/A,EUR,,,,VND,,,,Amortizing,CASH,,,,,,,,,,,,,,,,,,,,,,,
1,Rates,Swap,Cross_Currency_Fixed_Fixed,UPI,QZMDF3XGQ845,New,,2024-03-11T15:53:54,SRDDCC,Fixed - Fixed,Cross Currency,Cash,NA/Swap Fxd Fxd USD XAF,N/A,USD,,,,XAF,,,,Amortizing,CASH,,,,,,,,,,,,,,,,,,,,,,,
1,Rates,Swap,Cross_Currency_Fixed_Fixed,UPI,QZ3QP6L1SNGT,New,,2024-03-11T15:54:48,SRDDCC,Fixed - Fixed,Cross Currency,Cash,NA/Swap Fxd Fxd USD ZMW,N/A,USD,,,,ZMW,,,,Amortizing,CASH,,,,,,,,,,,,,,,,,,,,,,,
1,Rates,Swap,Cross_Currency_Fixed_Fixed,UPI,QZKRDV7RX94L,New,,2024-03-11T15:55:08,SRDDCC,Fixed - Fixed,Cross Currency,Cash,NA/Swap Fxd Fxd EUR ZMW,N/A,EUR,,,,ZMW,,,,Amortizing,CASH,,,,,,,,,,,,,,,,,,,,,,,
1,Rates,Swap,Cross_Currency_Fixed_Fixed,UPI,QZ3CMWMG6F8K,New,,2024-03-12T02:36:54,SRDDCP,Fixed - Fixed,Cross Currency,Physical,NA/Swap Fxd Fxd JPY SEK,N/A,JPY,,,,SEK,,,,Amortizing,PHYS,,,,,,,,,,,,,,,,,,,,,,,
1,Rates,Swap,Cross_Currency_Fixed_Fixed,UPI,QZKPL80XMXD0,New,,2024-03-12T15:48:01,SRDICC,Fixed - Fixed,Cross Currency,Cash,NA/Swap Fxd Fxd SEK USD,N/A,SEK,,,,USD,,,,Accreting,CASH,,,,,,,,,,,,,,,,,,,,,,,
1,Rates,Swap,Cross_Currency_Fixed_Fixed,UPI,QZQHBK774HFN,New,,2024-03-21T15:27:06,SRDCCP,Fixed - Fixed,Cross Currency,Physical,NA/Swap Fxd Fxd AUD MXN,N/A,AUD,,,,MXN,,,,Constant,PHYS,,,,,,,,,,,,,,,,,,,,,,,
1,Rates,Swap,Cross_Currency_Fixed_Fixed,UPI,QZWX2G7RT485,New,,2024-03-25T04:20:13,SRDCCP,Fixed - Fixed,Cross Currency,Physical,NA/Swap Fxd Fxd HKD THB,N/A,HKD,,,,THB,,,,Constant,PHYS,,,,,,,,,,,,,,,,,,,,,,,
1,Rates,Swap,Cross_Currency_Fixed_Fixed,UPI,QZGZ90FG3XKL,New,,2024-03-28T12:23:14,SRDDCP,Fixed - Fixed,Cross Currency,Physical,NA/Swap Fxd Fxd EUR IDR,N/A,EUR,,,,IDR,,,,Amortizing,PHYS,,,,,,,,,,,,,,,,,,,,,,,
1,Rates,Swap,Cross_Currency_Fixed_Fixed,UPI,QZWWG1H6HGL1,New,,2024-04-02T03:51:36,SRDYCP,Fixed - Fixed,Cross Currency,Physical,NA/Swap Fxd Fxd JPY KRW,N/A,JPY,,,,KRW,,,,Custom,PHYS,,,,,,,,,,,,,,,,,,,,,,,
1,Rates,Swap,Cross_Currency_Fixed_Fixed,UPI,QZH0PZDPSFF4,New,,2024-04-02T09:22:53,SRDICC,Fixed - Fixed,Cross Currency,Cash,NA/Swap Fxd Fxd CNY SAR,N/A,CNY,,,,SAR,,,,Accreting,CASH,,,,,,,,,,,,,,,,,,,,,,,
1,Rates,Swap,Cross_Currency_Fixed_Fixed,UPI,QZQKMFGKXCDK,New,,2024-04-02T10:40:48,SRDDCC,Fixed - Fixed,Cross Currency,Cash,NA/Swap Fxd Fxd CNY SAR,N/A,CNY,,,,SAR,,,,Amortizing,CASH,,,,,,,,,,,,,,,,,,,,,,,
1,Rates,Swap,Cross_Currency_Fixed_Fixed,UPI,QZRSMBF023WM,New,,2024-04-02T10:40:48,SRDCCC,Fixed - Fixed,Cross Currency,Cash,NA/Swap Fxd Fxd CNY SAR,N/A,CNY,,,,SAR,,,,Constant,CASH,,,,,,,,,,,,,,,,,,,,,,,
1,Rates,Swap,Cross_Currency_Fixed_Fixed,UPI,QZTP99R9JJ9C,New,,2024-04-02T10:51:30,SRDYCC,Fixed - Fixed,Cross Currency,Cash,NA/Swap Fxd Fxd CNY SAR,N/A,CNY,,,,SAR,,,,Custom,CASH,,,,,,,,,,,,,,,,,,,,,,,
1,Rates,Swap,Cross_Currency_Fixed_Fixed,UPI,QZNCV2C993W8,New,,2024-04-03T15:52:32,SRDCCP,Fixed - Fixed,Cross Currency,Physical,NA/Swap Fxd Fxd BRL KRW,N/A,BRL,,,,KRW,,,,Constant,PHYS,,,,,,,,,,,,,,,,,,,,,,,
1,Rates,Swap,Cross_Currency_Fixed_Fixed,UPI,QZNFNH0ZWQB3,New,,2024-04-10T20:51:20,SRDYCC,Fixed - Fixed,Cross Currency,Cash,NA/Swap Fxd Fxd JMD USD,N/A,JMD,,,,USD,,,,Custom,CASH,,,,,,,,,,,,,,,,,,,,,,,
1,Rates,Swap,Cross_Currency_Fixed_Fixed,UPI,QZMFZCSX8F0G,New,,2024-04-12T08:21:25,SRDYCP,Fixed - Fixed,Cross Currency,Physical,NA/Swap Fxd Fxd KWD USD,N/A,KWD,,,,USD,,,,Custom,PHYS,,,,,,,,,,,,,,,,,,,,,,,
1,Rates,Swap,Cross_Currency_Fixed_Fixed,UPI,QZ6L2L1MVQNP,New,,2024-04-16T11:05:09,SRDDCC,Fixed - Fixed,Cross Currency,Cash,NA/Swap Fxd Fxd EUR SLL,N/A,EUR,,,,SLL,,,,Amortizing,CASH,,,,,,,,,,,,,,,,,,,,,,,
1,Rates,Swap,Cross_Currency_Fixed_Fixed,UPI,QZDT1XCC9Z1W,New,,2024-04-16T11:05:51,SRDCCC,Fixed - Fixed,Cross Currency,Cash,NA/Swap Fxd Fxd EUR SLL,N/A,EUR,,,,SLL,,,,Constant,CASH,,,,,,,,,,,,,,,,,,,,,,,
1,Rates,Swap,Cross_Currency_Fixed_Fixed,UPI,QZ25NJCGFTB1,New,,2024-04-16T11:06:36,SRDDCC,Fixed - Fixed,Cross Currency,Cash,NA/Swap Fxd Fxd SLL USD,N/A,SLL,,,,USD,,,,Amortizing,CASH,,,,,,,,,,,,,,,,,,,,,,,
1,Rates,Swap,Cross_Currency_Fixed_Fixed,UPI,QZGC8DGR8R6M,New,,2024-04-16T11:07:03,SRDCCC,Fixed - Fixed,Cross Currency,Cash,NA/Swap Fxd Fxd SLL USD,N/A,SLL,,,,USD,,,,Constant,CASH,,,,,,,,,,,,,,,,,,,,,,,
1,Rates,Swap,Cross_Currency_Fixed_Fixed,UPI,QZ7ZHP7G4X5D,New,,2024-04-22T15:29:50,SRDDCP,Fixed - Fixed,Cross Currency,Physical,NA/Swap Fxd Fxd CLP CNY,N/A,CLP,,,,CNY,,,,Amortizing,PHYS,,,,,,,,,,,,,,,,,,,,,,,
1,Rates,Swap,Cross_Currency_Fixed_Fixed,UPI,QZ0H46NR741D,New,,2024-05-01T16:24:09,SRDYCC,Fixed - Fixed,Cross Currency,Cash,NA/Swap Fxd Fxd EUR HUF,N/A,EUR,,,,HUF,,,,Custom,CASH,,,,,,,,,,,,,,,,,,,,,,,
1,Rates,Swap,Cross_Currency_Fixed_Fixed,UPI,QZ90JW0GKJLX,New,,2024-05-14T16:31:51,SRDICP,Fixed - Fixed,Cross Currency,Physical,NA/Swap Fxd Fxd ILS USD,N/A,ILS,,,,USD,,,,Accreting,PHYS,,,,,,,,,,,,,,,,,,,,,,,
1,Rates,Swap,Cross_Currency_Fixed_Fixed,UPI,QZN27T7SRB8F,New,,2024-05-14T16:31:51,SRDICP,Fixed - Fixed,Cross Currency,Physical,NA/Swap Fxd Fxd JPY NOK,N/A,JPY,,,,NOK,,,,Accreting,PHYS,,,,,,,,,,,,,,,,,,,,,,,
1,Rates,Swap,Cross_Currency_Fixed_Fixed,UPI,QZ05VV3289V0,New,,2024-05-14T16:31:56,SRDICP,Fixed - Fixed,Cross Currency,Physical,NA/Swap Fxd Fxd DKK EUR,N/A,DKK,,,,EUR,,,,Accreting,PHYS,,,,,,,,,,,,,,,,,,,,,,,
1,Rates,Swap,Cross_Currency_Fixed_Fixed,UPI,QZ29LJPXW3HH,New,,2024-05-22T09:15:35,SRDYCC,Fixed - Fixed,Cross Currency,Cash,NA/Swap Fxd Fxd GBP KRW,N/A,GBP,,,,KRW,,,,Custom,CASH,,,,,,,,,,,,,,,,,,,,,,,
1,Rates,Swap,Cross_Currency_Fixed_Fixed,UPI,QZZ374SBQ55L,New,,2024-06-13T03:15:02,SRDCCP,Fixed - Fixed,Cross Currency,Physical,NA/Swap Fxd Fxd CHF CNY,N/A,CHF,,,,CNY,,,,Constant,PHYS,,,,,,,,,,,,,,,,,,,,,,,
1,Rates,Swap,Cross_Currency_Fixed_Fixed,UPI,QZJTQ5B62K4R,New,,2024-06-14T10:02:45,SRDYCC,Fixed - Fixed,Cross Currency,Cash,NA/Swap Fxd Fxd CLF EUR,N/A,CLF,,,,EUR,,,,Custom,CASH,,,,,,,,,,,,,,,,,,,,,,,
1,Rates,Swap,Cross_Currency_Fixed_Fixed,UPI,QZM364DZZ4PS,New,,2024-06-17T15:42:10,SRDCCP,Fixed - Fixed,Cross Currency,Physical,NA/Swap Fxd Fxd USD UZS,N/A,USD,,,,UZS,,,,Constant,PHYS,,,,,,,,,,,,,,,,,,,,,,,
1,Rates,Swap,Cross_Currency_Fixed_Fixed,UPI,QZ39RLNVXVV0,New,,2024-06-18T11:08:18,SRDCCC,Fixed - Fixed,Cross Currency,Cash,NA/Swap Fxd Fxd DKK NOK,N/A,DKK,,,,NOK,,,,Constant,CASH,,,,,,,,,,,,,,,,,,,,,,,
1,Rates,Swap,Cross_Currency_Fixed_Fixed,UPI,QZK35LV9DQSH,New,,2024-06-19T00:14:18,SRDDCC,Fixed - Fixed,Cross Currency,Cash,NA/Swap Fxd Fxd MYR USD,N/A,MYR,,,,USD,,,,Amortizing,CASH,,,,,,,,,,,,,,,,,,,,,,,
1,Rates,Swap,Cross_Currency_Fixed_Fixed,UPI,QZ0GQ5WWTPNN,New,,2024-06-19T00:22:49,SRDICC,Fixed - Fixed,Cross Currency,Cash,NA/Swap Fxd Fxd THB USD,N/A,THB,,,,USD,,,,Accreting,CASH,,,,,,,,,,,,,,,,,,,,,,,
1,Rates,Swap,Cross_Currency_Fixed_Fixed,UPI,QZ5FFXP1HQ2B,New,,2024-06-19T00:22:50,SRDICC,Fixed - Fixed,Cross Currency,Cash,NA/Swap Fxd Fxd MYR USD,N/A,MYR,,,,USD,,,,Accreting,CASH,,,,,,,,,,,,,,,,,,,,,,,
1,Rates,Swap,Cross_Currency_Fixed_Fixed,UPI,QZWR0XHJMCKZ,New,,2024-06-20T08:09:35,SRDCCP,Fixed - Fixed,Cross Currency,Physical,NA/Swap Fxd Fxd CNY IDR,N/A,CNY,,,,IDR,,,,Constant,PHYS,,,,,,,,,,,,,,,,,,,,,,,
1,Rates,Swap,Cross_Currency_Fixed_Fixed,UPI,QZBF3Z423VPF,New,,2024-06-24T16:25:37,SRDCCC,Fixed - Fixed,Cross Currency,Cash,NA/Swap Fxd Fxd CAD MXN,N/A,CAD,,,,MXN,,,,Constant,CASH,,,,,,,,,,,,,,,,,,,,,,,
1,Rates,Swap,Cross_Currency_Fixed_Fixed,UPI,QZFKRQSHT6R0,New,,2024-06-26T05:06:48,SRDDCC,Fixed - Fixed,Cross Currency,Cash,NA/Swap Fxd Fxd AUD KRW,N/A,AUD,,,,KRW,,,,Amortizing,CASH,,,,,,,,,,,,,,,,,,,,,,,
1,Rates,Swap,Cross_Currency_Fixed_Fixed,UPI,QZ2M5KJ2XQR4,New,,2024-07-02T07:57:47,SRDDCP,Fixed - Fixed,Cross Currency,Physical,NA/Swap Fxd Fxd CNY SGD,N/A,CNY,,,,SGD,,,,Amortizing,PHYS,,,,,,,,,,,,,,,,,,,,,,,
1,Rates,Swap,Cross_Currency_Fixed_Fixed,UPI,QZ4MPBG6CX1Q,New,,2024-07-02T21:26:45,SRDCCP,Fixed - Fixed,Cross Currency,Physical,NA/Swap Fxd Fxd AUD CLP,N/A,AUD,,,,CLP,,,,Constant,PHYS,,,,,,,,,,,,,,,,,,,,,,,
1,Rates,Swap,Cross_Currency_Fixed_Fixed,UPI,QZX2Z3HPL1JD,New,,2024-07-04T06:27:18,SRDYCC,Fixed - Fixed,Cross Currency,Cash,NA/Swap Fxd Fxd KRW SGD,N/A,KRW,,,,SGD,,,,Custom,CASH,,,,,,,,,,,,,,,,,,,,,,,
1,Rates,Swap,Cross_Currency_Fixed_Fixed,UPI,QZGS0DPXPFGV,New,,2024-07-15T16:55:38,SRDCCP,Fixed - Fixed,Cross Currency,Physical,NA/Swap Fxd Fxd CRC USD,N/A,CRC,,,,USD,,,,Constant,PHYS,,,,,,,,,,,,,,,,,,,,,,,
1,Rates,Swap,Cross_Currency_Fixed_Fixed,UPI,QZNS9597CR80,New,,2024-07-23T16:22:45,SRDICC,Fixed - Fixed,Cross Currency,Cash,NA/Swap Fxd Fxd CAD CHF,N/A,CAD,,,,CHF,,,,Accreting,CASH,,,,,,,,,,,,,,,,,,,,,,,
1,Rates,Swap,Cross_Currency_Fixed_Fixed,UPI,QZFNCHSXHLCJ,New,,2024-07-25T11:18:21,SRDDCC,Fixed - Fixed,Cross Currency,Cash,NA/Swap Fxd Fxd SEK USD,N/A,SEK,,,,USD,,,,Amortizing,CASH,,,,,,,,,,,,,,,,,,,,,,,
1,Rates,Swap,Cross_Currency_Fixed_Fixed,UPI,QZ1VSBKX8G2L,New,,2024-07-26T19:01:24,SRDDCP,Fixed - Fixed,Cross Currency,Physical,NA/Swap Fxd Fxd CAD SEK,N/A,CAD,,,,SEK,,,,Amortizing,PHYS,,,,,,,,,,,,,,,,,,,,,,,
1,Rates,Swap,Cross_Currency_Fixed_Fixed,UPI,QZVJDV4DMGCM,New,,2024-07-31T16:24:13,SRDYCC,Fixed - Fixed,Cross Currency,Cash,NA/Swap Fxd Fxd CRC USD,N/A,CRC,,,,USD,,,,Custom,CASH,,,,,,,,,,,,,,,,,,,,,,,
1,Rates,Swap,Cross_Currency_Fixed_Fixed,UPI,QZVR3Q628TJW,New,,2024-08-07T01:11:03,SRDCCC,Fixed - Fixed,Cross Currency,Cash,NA/Swap Fxd Fxd CLP MXN,N/A,CLP,,,,MXN,,,,Constant,CASH,,,,,,,,,,,,,,,,,,,,,,,
1,Rates,Swap,Cross_Currency_Fixed_Fixed,UPI,QZCGG1MLKKFQ,New,,2024-08-17T07:55:05,SRDCCP,Fixed - Fixed,Cross Currency,Physical,NA/Swap Fxd Fxd AZN EUR,N/A,AZN,,,,EUR,,,,Constant,PHYS,,,,,,,,,,,,,,,,,,,,,,,
1,Rates,Swap,Cross_Currency_Fixed_Fixed,UPI,QZ9JLRMJ7KLM,New,,2024-08-23T06:58:00,SRDCCP,Fixed - Fixed,Cross Currency,Physical,NA/Swap Fxd Fxd THB TWD,N/A,THB,,,,TWD,,,,Constant,PHYS,,,,,,,,,,,,,,,,,,,,,,,
1,Rates,Swap,Cross_Currency_Fixed_Fixed,UPI,QZWGN44JL97W,New,,2024-08-23T09:18:31,SRDCCC,Fixed - Fixed,Cross Currency,Cash,NA/Swap Fxd Fxd EUR GHS,N/A,EUR,,,,GHS,,,,Constant,CASH,,,,,,,,,,,,,,,,,,,,,,,
1,Rates,Swap,Cross_Currency_Fixed_Fixed,UPI,QZ8PW0VX2W6P,New,,2024-08-27T15:27:27,SRDYCC,Fixed - Fixed,Cross Currency,Cash,NA/Swap Fxd Fxd BRL MXN,N/A,BRL,,,,MXN,,,,Custom,CASH,,,,,,,,,,,,,,,,,,,,,,,
1,Rates,Swap,Cross_Currency_Fixed_Fixed,UPI,QZ8D38TLZ6LM,New,,2024-08-28T08:32:09,SRDDCC,Fixed - Fixed,Cross Currency,Cash,NA/Swap Fxd Fxd JPY NOK,N/A,JPY,,,,NOK,,,,Amortizing,CASH,,,,,,,,,,,,,,,,,,,,,,,
1,Rates,Swap,Cross_Currency_Fixed_Fixed,UPI,QZLHZDJ3KMD6,New,,2024-09-03T07:41:50,SRDICC,Fixed - Fixed,Cross Currency,Cash,NA/Swap Fxd Fxd AUD JPY,N/A,AUD,,,,JPY,,,,Accreting,CASH,,,,,,,,,,,,,,,,,,,,,,,
1,Rates,Swap,Cross_Currency_Fixed_Fixed,UPI,QZK03MQJ3TWS,New,,2024-09-03T07:44:20,SRDICC,Fixed - Fixed,Cross Currency,Cash,NA/Swap Fxd Fxd CHF JPY,N/A,CHF,,,,JPY,,,,Accreting,CASH,,,,,,,,,,,,,,,,,,,,,,,
1,Rates,Swap,Cross_Currency_Fixed_Fixed,UPI,QZWQ69FJQ6FL,New,,2024-09-03T07:45:20,SRDICC,Fixed - Fixed,Cross Currency,Cash,NA/Swap Fxd Fxd CNY HKD,N/A,CNY,,,,HKD,,,,Accreting,CASH,,,,,,,,,,,,,,,,,,,,,,,
1,Rates,Swap,Cross_Currency_Fixed_Fixed,UPI,QZV52SM6B509,New,,2024-09-03T07:46:47,SRDICC,Fixed - Fixed,Cross Currency,Cash,NA/Swap Fxd Fxd CNY SGD,N/A,CNY,,,,SGD,,,,Accreting,CASH,,,,,,,,,,,,,,,,,,,,,,,
1,Rates,Swap,Cross_Currency_Fixed_Fixed,UPI,QZF9Q3359VQZ,New,,2024-09-03T07:47:30,SRDICC,Fixed - Fixed,Cross Currency,Cash,NA/Swap Fxd Fxd EUR KRW,N/A,EUR,,,,KRW,,,,Accreting,CASH,,,,,,,,,,,,,,,,,,,,,,,
1,Rates,Swap,Cross_Currency_Fixed_Fixed,UPI,QZZ8NC1Z7G2D,New,,2024-09-03T07:48:33,SRDICC,Fixed - Fixed,Cross Currency,Cash,NA/Swap Fxd Fxd HKD USD,N/A,HKD,,,,USD,,,,Accreting,CASH,,,,,,,,,,,,,,,,,,,,,,,
1,Rates,Swap,Cross_Currency_Fixed_Fixed,UPI,QZLSDWTM8M0D,New,,2024-09-03T07:50:06,SRDICC,Fixed - Fixed,Cross Currency,Cash,NA/Swap Fxd Fxd INR JPY,N/A,INR,,,,JPY,,,,Accreting,CASH,,,,,,,,,,,,,,,,,,,,,,,
1,Rates,Swap,Cross_Currency_Fixed_Fixed,UPI,QZLCPM3QZK1K,New,,2024-09-03T07:50:48,SRDICC,Fixed - Fixed,Cross Currency,Cash,NA/Swap Fxd Fxd JPY KRW,N/A,JPY,,,,KRW,,,,Accreting,CASH,,,,,,,,,,,,,,,,,,,,,,,
1,Rates,Swap,Cross_Currency_Fixed_Fixed,UPI,QZHN322SP66T,New,,2024-09-03T07:52:12,SRDICC,Fixed - Fixed,Cross Currency,Cash,NA/Swap Fxd Fxd JPY NOK,N/A,JPY,,,,NOK,,,,Accreting,CASH,,,,,,,,,,,,,,,,,,,,,,,
1,Rates,Swap,Cross_Currency_Fixed_Fixed,UPI,QZTT3V7QPB50,New,,2024-09-03T07:54:00,SRDICC,Fixed - Fixed,Cross Currency,Cash,NA/Swap Fxd Fxd JPY SGD,N/A,JPY,,,,SGD,,,,Accreting,CASH,,,,,,,,,,,,,,,,,,,,,,,
1,Rates,Swap,Cross_Currency_Fixed_Fixed,UPI,QZ1GF50N7PQB,New,,2024-09-03T07:56:06,SRDICC,Fixed - Fixed,Cross Currency,Cash,NA/Swap Fxd Fxd JPY THB,N/A,JPY,,,,THB,,,,Accreting,CASH,,,,,,,,,,,,,,,,,,,,,,,
1,Rates,Swap,Cross_Currency_Fixed_Fixed,UPI,QZKSLP5X9QCW,New,,2024-09-03T07:56:51,SRDICC,Fixed - Fixed,Cross Currency,Cash,NA/Swap Fxd Fxd JPY VND,N/A,JPY,,,,VND,,,,Accreting,CASH,,,,,,,,,,,,,,,,,,,,,,,
1,Rates,Swap,Cross_Currency_Fixed_Fixed,UPI,QZL2P7TTBQNT,New,,2024-09-03T07:57:55,SRDICC,Fixed - Fixed,Cross Currency,Cash,NA/Swap Fxd Fxd JPY ZAR,N/A,JPY,,,,ZAR,,,,Accreting,CASH,,,,,,,,,,,,,,,,,,,,,,,
1,Rates,Swap,Cross_Currency_Fixed_Fixed,UPI,QZDXFR64GBQ8,New,,2024-09-03T07:59:53,SRDICC,Fixed - Fixed,Cross Currency,Cash,NA/Swap Fxd Fxd TWD USD,N/A,TWD,,,,USD,,,,Accreting,CASH,,,,,,,,,,,,,,,,,,,,,,,
1,Rates,Swap,Cross_Currency_Fixed_Fixed,UPI,QZNNTFNV4JWQ,New,,2024-09-03T08:02:08,SRDICC,Fixed - Fixed,Cross Currency,Cash,NA/Swap Fxd Fxd USD VND,N/A,USD,,,,VND,,,,Accreting,CASH,,,,,,,,,,,,,,,,,,,,,,,
1,Rates,Swap,Cross_Currency_Fixed_Fixed,UPI,QZ9FBLXH0C8J,New,,2024-09-03T08:04:14,SRDDCC,Fixed - Fixed,Cross Currency,Cash,NA/Swap Fxd Fxd CHF JPY,N/A,CHF,,,,JPY,,,,Amortizing,CASH,,,,,,,,,,,,,,,,,,,,,,,
1,Rates,Swap,Cross_Currency_Fixed_Fixed,UPI,QZMGL6K7GBB7,New,,2024-09-03T08:05:08,SRDDCC,Fixed - Fixed,Cross Currency,Cash,NA/Swap Fxd Fxd CNY SGD,N/A,CNY,,,,SGD,,,,Amortizing,CASH,,,,,,,,,,,,,,,,,,,,,,,
1,Rates,Swap,Cross_Currency_Fixed_Fixed,UPI,QZH6QTM64Q7L,New,,2024-09-03T08:05:54,SRDDCC,Fixed - Fixed,Cross Currency,Cash,NA/Swap Fxd Fxd EUR TWD,N/A,EUR,,,,TWD,,,,Amortizing,CASH,,,,,,,,,,,,,,,,,,,,,,,
1,Rates,Swap,Cross_Currency_Fixed_Fixed,UPI,QZQR1ZFCPWXH,New,,2024-09-03T08:06:34,SRDDCC,Fixed - Fixed,Cross Currency,Cash,NA/Swap Fxd Fxd JPY KRW,N/A,JPY,,,,KRW,,,,Amortizing,CASH,,,,,,,,,,,,,,,,,,,,,,,
1,Rates,Swap,Cross_Currency_Fixed_Fixed,UPI,QZHVP8KL56SH,New,,2024-09-03T08:08:20,SRDDCC,Fixed - Fixed,Cross Currency,Cash,NA/Swap Fxd Fxd JPY SGD,N/A,JPY,,,,SGD,,,,Amortizing,CASH,,,,,,,,,,,,,,,,,,,,,,,
1,Rates,Swap,Cross_Currency_Fixed_Fixed,UPI,QZH9HD3ZT55W,New,,2024-09-03T08:09:02,SRDDCC,Fixed - Fixed,Cross Currency,Cash,NA/Swap Fxd Fxd JPY VND,N/A,JPY,,,,VND,,,,Amortizing,CASH,,,,,,,,,,,,,,,,,,,,,,,
1,Rates,Swap,Cross_Currency_Fixed_Fixed,UPI,QZZ2DDHVGR6F,New,,2024-09-03T08:09:42,SRDDCC,Fixed - Fixed,Cross Currency,Cash,NA/Swap Fxd Fxd JPY ZAR,N/A,JPY,,,,ZAR,,,,Amortizing,CASH,,,,,,,,,,,,,,,,,,,,,,,
1,Rates,Swap,Cross_Currency_Fixed_Fixed,UPI,QZL8XGL1GRLT,New,,2024-09-03T08:10:15,SRDDCC,Fixed - Fixed,Cross Currency,Cash,NA/Swap Fxd Fxd SGD USD,N/A,SGD,,,,USD,,,,Amortizing,CASH,,,,,,,,,,,,,,,,,,,,,,,
1,Rates,Swap,Cross_Currency_Fixed_Fixed,UPI,QZH4CFL4KGTB,New,,2024-09-03T08:10:52,SRDDCC,Fixed - Fixed,Cross Currency,Cash,NA/Swap Fxd Fxd TWD USD,N/A,TWD,,,,USD,,,,Amortizing,CASH,,,,,,,,,,,,,,,,,,,,,,,
1,Rates,Swap,Cross_Currency_Fixed_Fixed,UPI,QZ4SW14H58G6,New,,2024-09-03T08:13:25,SRDCCC,Fixed - Fixed,Cross Currency,Cash,NA/Swap Fxd Fxd JPY VND,N/A,JPY,,,,VND,,,,Constant,CASH,,,,,,,,,,,,,,,,,,,,,,,
1,Rates,Swap,Cross_Currency_Fixed_Fixed,UPI,QZSF2PJ2BZ1M,New,,2024-09-16T08:38:51,SRDYCP,Fixed - Fixed,Cross Currency,Physical,NA/Swap Fxd Fxd GBP SGD,N/A,GBP,,,,SGD,,,,Custom,PHYS,,,,,,,,,,,,,,,,,,,,,,,
1,Rates,Swap,Cross_Currency_Fixed_Fixed,UPI,QZ9PDQ7ZCRRP,New,,2024-09-16T09:11:00,SRDDCC,Fixed - Fixed,Cross Currency,Cash,NA/Swap Fxd Fxd EUR GHS,N/A,EUR,,,,GHS,,,,Amortizing,CASH,,,,,,,,,,,,,,,,,,,,,,,
1,Rates,Swap,Cross_Currency_Fixed_Fixed,UPI,QZ035846Q7N8,New,,2024-09-19T13:09:47,SRDDCP,Fixed - Fixed,Cross Currency,Physical,NA/Swap Fxd Fxd AUD SGD,N/A,AUD,,,,SGD,,,,Amortizing,PHYS,,,,,,,,,,,,,,,,,,,,,,,
1,Rates,Swap,Cross_Currency_Fixed_Fixed,UPI,QZ212B8LHP9P,New,,2024-10-09T16:00:51,SRDCCC,Fixed - Fixed,Cross Currency,Cash,NA/Swap Fxd Fxd BDT USD,N/A,BDT,,,,USD,,,,Constant,CASH,,,,,,,,,,,,,,,,,,,,,,,
1,Rates,Swap,Cross_Currency_Fixed_Fixed,UPI,QZPDXQGLJQ0B,New,,2024-10-17T12:43:50,SRDYCP,Fixed - Fixed,Cross Currency,Physical,NA/Swap Fxd Fxd KES USD,N/A,KES,,,,USD,,,,Custom,PHYS,,,,,,,,,,,,,,,,,,,,,,,
1,Rates,Swap,Cross_Currency_Fixed_Fixed,UPI,QZB4RZXDG6H8,New,,2024-10-18T10:13:05,SRDCCP,Fixed - Fixed,Cross Currency,Physical,NA/Swap Fxd Fxd CNY NGN,N/A,CNY,,,,NGN,,,,Constant,PHYS,,,,,,,,,,,,,,,,,,,,,,,
1,Rates,Swap,Cross_Currency_Fixed_Fixed,UPI,QZ4B3RP750VZ,New,,2024-10-21T12:22:53,SRDICC,Fixed - Fixed,Cross Currency,Cash,NA/Swap Fxd Fxd CLF CLP,N/A,CLF,,,,CLP,,,,Accreting,CASH,,,,,,,,,,,,,,,,,,,,,,,
1,Rates,Swap,Cross_Currency_Fixed_Fixed,UPI,QZK041DXJ0TL,New,,2024-10-21T12:22:55,SRDICC,Fixed - Fixed,Cross Currency,Cash,NA/Swap Fxd Fxd CLF USD,N/A,CLF,,,,USD,,,,Accreting,CASH,,,,,,,,,,,,,,,,,,,,,,,
1,Rates,Swap,Cross_Currency_Fixed_Fixed,UPI,QZ6K3F0J5LWG,New,,2024-10-21T12:22:56,SRDDCC,Fixed - Fixed,Cross Currency,Cash,NA/Swap Fxd Fxd COU USD,N/A,COU,,,,USD,,,,Amortizing,CASH,,,,,,,,,,,,,,,,,,,,,,,
1,Rates,Swap,Cross_Currency_Fixed_Fixed,UPI,QZ1DQRWS4VN8,New,,2024-10-21T12:22:58,SRDICC,Fixed - Fixed,Cross Currency,Cash,NA/Swap Fxd Fxd PEN USD,N/A,PEN,,,,USD,,,,Accreting,CASH,,,,,,,,,,,,,,,,,,,,,,,
1,Rates,Swap,Cross_Currency_Fixed_Fixed,UPI,QZDX47WSHDH4,New,,2024-10-21T12:22:59,SRDDCC,Fixed - Fixed,Cross Currency,Cash,NA/Swap Fxd Fxd CLF EUR,N/A,CLF,,,,EUR,,,,Amortizing,CASH,,,,,,,,,,,,,,,,,,,,,,,
1,Rates,Swap,Cross_Currency_Fixed_Fixed,UPI,QZHZ88QCT86J,New,,2024-10-21T12:23:00,SRDICC,Fixed - Fixed,Cross Currency,Cash,NA/Swap Fxd Fxd CLP USD,N/A,CLP,,,,USD,,,,Accreting,CASH,,,,,,,,,,,,,,,,,,,,,,,
1,Rates,Swap,Cross_Currency_Fixed_Fixed,UPI,QZ3MLD9K72DG,New,,2024-10-21T12:23:06,SRDICC,Fixed - Fixed,Cross Currency,Cash,NA/Swap Fxd Fxd AUD CLP,N/A,AUD,,,,CLP,,,,Accreting,CASH,,,,,,,,,,,,,,,,,,,,,,,
1,Rates,Swap,Cross_Currency_Fixed_Fixed,UPI,QZ7QB3N634SN,New,,2024-10-21T12:23:06,SRDICC,Fixed - Fixed,Cross Currency,Cash,NA/Swap Fxd Fxd CLP EUR,N/A,CLP,,,,EUR,,,,Accreting,CASH,,,,,,,,,,,,,,,,,,,,,,,
1,Rates,Swap,Cross_Currency_Fixed_Fixed,UPI,QZ1HK29VKXNZ,New,,2024-10-21T12:23:09,SRDICC,Fixed - Fixed,Cross Currency,Cash,NA/Swap Fxd Fxd CLF EUR,N/A,CLF,,,,EUR,,,,Accreting,CASH,,,,,,,,,,,,,,,,,,,,,,,
1,Rates,Swap,Cross_Currency_Fixed_Fixed,UPI,QZX12XMFHZ84,New,,2024-10-21T12:23:11,SRDDCC,Fixed - Fixed,Cross Currency,Cash,NA/Swap Fxd Fxd CHF CLP,N/A,CHF,,,,CLP,,,,Amortizing,CASH,,,,,,,,,,,,,,,,,,,,,,,
1,Rates,Swap,Cross_Currency_Fixed_Fixed,UPI,QZCJ38FMJX8K,New,,2024-10-21T12:23:12,SRDICC,Fixed - Fixed,Cross Currency,Cash,NA/Swap Fxd Fxd MXN MXV,N/A,MXN,,,,MXV,,,,Accreting,CASH,,,,,,,,,,,,,,,,,,,,,,,
1,Rates,Swap,Cross_Currency_Fixed_Fixed,UPI,QZRJW84Q1KP3,New,,2024-10-23T15:38:34,SRDCCP,Fixed - Fixed,Cross Currency,Physical,NA/Swap Fxd Fxd EUR VND,N/A,EUR,,,,VND,,,,Constant,PHYS,,,,,,,,,,,,,,,,,,,,,,,
1,Rates,Swap,Cross_Currency_Fixed_Fixed,UPI,QZZS01HVNNGC,New,,2024-10-28T08:51:44,SRDCCP,Fixed - Fixed,Cross Currency,Physical,NA/Swap Fxd Fxd AED BDT,N/A,AED,,,,BDT,,,,Constant,PHYS,,,,,,,,,,,,,,,,,,,,,,,
1,Rates,Swap,Cross_Currency_Fixed_Fixed,UPI,QZ1K3N0TLSJ4,New,,2024-10-30T11:21:51,SRDICP,Fixed - Fixed,Cross Currency,Physical,NA/Swap Fxd Fxd GBP SEK,N/A,GBP,,,,SEK,,,,Accreting,PHYS,,,,,,,,,,,,,,,,,,,,,,,
1,Rates,Swap,Cross_Currency_Fixed_Fixed,UPI,QZRP0WSMP0VS,New,,2024-11-10T12:04:50,SRDYCP,Fixed - Fixed,Cross Currency,Physical,NA/Swap Fxd Fxd USD ZMW,N/A,USD,,,,ZMW,,,,Custom,PHYS,,,,,,,,,,,,,,,,,,,,,,,
1,Rates,Swap,Cross_Currency_Fixed_Fixed,UPI,QZPW0VF58C56,New,,2024-11-14T09:48:16,SRDYCC,Fixed - Fixed,Cross Currency,Cash,NA/Swap Fxd Fxd KZT USD,N/A,KZT,,,,USD,,,,Custom,CASH,,,,,,,,,,,,,,,,,,,,,,,
1,Rates,Swap,Cross_Currency_Fixed_Fixed,UPI,QZHQ29ZVK1LZ,New,,2024-11-14T11:36:16,SRDYCP,Fixed - Fixed,Cross Currency,Physical,NA/Swap Fxd Fxd SAR USD,N/A,SAR,,,,USD,,,,Custom,PHYS,,,,,,,,,,,,,,,,,,,,,,,
1,Rates,Swap,Cross_Currency_Fixed_Fixed,UPI,QZZJZ3VGGPLQ,New,,2024-11-14T16:35:34,SRDYCP,Fixed - Fixed,Cross Currency,Physical,NA/Swap Fxd Fxd JPY NOK,N/A,JPY,,,,NOK,,,,Custom,PHYS,,,,,,,,,,,,,,,,,,,,,,,
1,Rates,Swap,Cross_Currency_Fixed_Fixed,UPI,QZC7FMCKNK0V,New,,2024-11-25T03:24:39,SRDDCC,Fixed - Fixed,Cross Currency,Cash,NA/Swap Fxd Fxd CHF CNY,N/A,CHF,,,,CNY,,,,Amortizing,CASH,,,,,,,,,,,,,,,,,,,,,,,
1,Rates,Swap,Cross_Currency_Fixed_Fixed,UPI,QZX0NTR1D1TW,New,,2024-11-27T04:26:52,SRDCCP,Fixed - Fixed,Cross Currency,Physical,NA/Swap Fxd Fxd INR THB,N/A,INR,,,,THB,,,,Constant,PHYS,,,,,,,,,,,,,,,,,,,,,,,
1,Rates,Swap,Cross_Currency_Fixed_Fixed,UPI,QZ7BH7RW61JG,New,,2024-11-28T08:34:41,SRDYCC,Fixed - Fixed,Cross Currency,Cash,NA/Swap Fxd Fxd CHF CNY,N/A,CHF,,,,CNY,,,,Custom,CASH,,,,,,,,,,,,,,,,,,,,,,,
1,Rates,Swap,Cross_Currency_Fixed_Fixed,UPI,QZ6Z6GDJG4ST,New,,2024-11-29T07:46:13,SRDICC,Fixed - Fixed,Cross Currency,Cash,NA/Swap Fxd Fxd AUD KRW,N/A,AUD,,,,KRW,,,,Accreting,CASH,,,,,,,,,,,,,,,,,,,,,,,
1,Rates,Swap,Cross_Currency_Fixed_Fixed,UPI,QZ7VM76XL82V,New,,2024-12-26T08:15:42,SRDICC,Fixed - Fixed,Cross Currency,Cash,NA/Swap Fxd Fxd JPY TWD,N/A,JPY,,,,TWD,,,,Accreting,CASH,,,,,,,,,,,,,,,,,,,,,,,
1,Rates,Swap,Cross_Currency_Fixed_Fixed,UPI,QZ9429F4N4VF,New,,2024-12-26T08:16:18,SRDICC,Fixed - Fixed,Cross Currency,Cash,NA/Swap Fxd Fxd JPY PHP,N/A,JPY,,,,PHP,,,,Accreting,CASH,,,,,,,,,,,,,,,,,,,,,,,
1,Rates,Swap,Cross_Currency_Fixed_Fixed,UPI,QZLSJ61KKVC8,New,,2024-12-26T08:16:50,SRDDCC,Fixed - Fixed,Cross Currency,Cash,NA/Swap Fxd Fxd JPY PHP,N/A,JPY,,,,PHP,,,,Amortizing,CASH,,,,,,,,,,,,,,,,,,,,,,,
1,Rates,Swap,Cross_Currency_Fixed_Fixed,UPI,QZJFX1RVNMX3,New,,2025-01-06T18:10:36,SRDDCP,Fixed - Fixed,Cross Currency,Physical,NA/Swap Fxd Fxd BRL CNY,N/A,BRL,,,,CNY,,,,Amortizing,PHYS,,,,,,,,,,,,,,,,,,,,,,,
1,Rates,Swap,Cross_Currency_Fixed_Fixed,UPI,QZ19J828GJS9,New,,2025-01-20T09:06:19,SRDDCC,Fixed - Fixed,Cross Currency,Cash,NA/Swap Fxd Fxd CNY IDR,N/A,CNY,,,,IDR,,,,Amortizing,CASH,,,,,,,,,,,,,,,,,,,,,,,
1,Rates,Swap,Cross_Currency_Fixed_Fixed,UPI,QZ83KVG3889F,New,,2025-02-01T12:55:55,SRDDCP,Fixed - Fixed,Cross Currency,Physical,NA/Swap Fxd Fxd JPY SGD,N/A,JPY,,,,SGD,,,,Amortizing,PHYS,,,,,,,,,,,,,,,,,,,,,,,
1,Rates,Swap,Cross_Currency_Fixed_Fixed,UPI,QZDZ1BMNNHQ4,New,,2025-02-02T12:18:39,SRDYCP,Fixed - Fixed,Cross Currency,Physical,NA/Swap Fxd Fxd JOD USD,N/A,JOD,,,,USD,,,,Custom,PHYS,,,,,,,,,,,,,,,,,,,,,,,
1,Rates,Swap,Cross_Currency_Fixed_Fixed,UPI,QZL7SMZVXPNX,New,,2025-02-02T12:19:44,SRDYCP,Fixed - Fixed,Cross Currency,Physical,NA/Swap Fxd Fxd NGN USD,N/A,NGN,,,,USD,,,,Custom,PHYS,,,,,,,,,,,,,,,,,,,,,,,
1,Rates,Swap,Cross_Currency_Fixed_Fixed,UPI,QZ18083S64T1,New,,2025-02-19T09:50:00,SRDDCP,Fixed - Fixed,Cross Currency,Physical,NA/Swap Fxd Fxd EUR THB,N/A,EUR,,,,THB,,,,Amortizing,PHYS,,,,,,,,,,,,,,,,,,,,,,,
1,Rates,Swap,Cross_Currency_Fixed_Fixed,UPI,QZ2WPHMPZK8H,New,,2025-03-11T00:07:02,SRDCCP,Fixed - Fixed,Cross Currency,Physical,NA/Swap Fxd Fxd JPY TRY,N/A,JPY,,,,TRY,,,,Constant,PHYS,,,,,,,,,,,,,,,,,,,,,,,
1,Rates,Swap,Cross_Currency_Fixed_Fixed,UPI,QZLSPWKGZK12,New,,2025-03-11T17:22:53,SRDCCC,Fixed - Fixed,Cross Currency,Cash,NA/Swap Fxd Fxd CAD DKK,N/A,CAD,,,,DKK,,,,Constant,CASH,,,,,,,,,,,,,,,,,,,,,,,
1,Rates,Swap,Cross_Currency_Fixed_Fixed,UPI,QZQS1WQ8CRXZ,New,,2025-03-13T08:53:09,SRDYCP,Fixed - Fixed,Cross Currency,Physical,NA/Swap Fxd Fxd JPY SEK,N/A,JPY,,,,SEK,,,,Custom,PHYS,,,,,,,,,,,,,,,,,,,,,,,
1,Rates,Swap,Cross_Currency_Fixed_Fixed,UPI,QZW65K2JMCBZ,New,,2025-03-18T01:30:08,SRDCCP,Fixed - Fixed,Cross Currency,Physical,NA/Swap Fxd Fxd IDR THB,N/A,IDR,,,,THB,,,,Constant,PHYS,,,,,,,,,,,,,,,,,,,,,,,
1,Rates,Swap,Cross_Currency_Fixed_Fixed,UPI,QZRJ7SJL63J0,New,,2025-03-21T08:48:50,SRDICP,Fixed - Fixed,Cross Currency,Physical,NA/Swap Fxd Fxd CAD HKD,N/A,CAD,,,,HKD,,,,Accreting,PHYS,,,,,,,,,,,,,,,,,,,,,,,
1,Rates,Swap,Cross_Currency_Fixed_Fixed,UPI,QZ2W79Q329T4,New,,2025-03-21T17:09:11,SRDCCP,Fixed - Fixed,Cross Currency,Physical,NA/Swap Fxd Fxd BRL CNY,N/A,BRL,,,,CNY,,,,Constant,PHYS,,,,,,,,,,,,,,,,,,,,,,,
1,Rates,Swap,Cross_Currency_Fixed_Fixed,UPI,QZLWVRM6HP1S,New,,2025-03-29T09:59:16,SRDYCC,Fixed - Fixed,Cross Currency,Cash,NA/Swap Fxd Fxd GBP INR,N/A,GBP,,,,INR,,,,Custom,CASH,,,,,,,,,,,,,,,,,,,,,,,
