date,pnl_gross,pnl_net,realized_basis,realized_turn,policy,spread_reprice,residual,costs,position,sr3_symbol,signal_bp
2021-04-30,0.0,-36.46,0.0,0.0,0.0,0.0,0.0,-36.46,1,SR3H21,-1.6214564280191126
2021-05-03,31.2525000000604,31.2525000000604,5.9839942078399995,0.0,26.50084040533835,-1.2323346032357572,-9.882194007548861e-09,0.0,1,SR3H21,-2.026386183827549
2021-05-04,-10.420000000079348,-10.420000000079348,2.130667434793081,0.0,-34.096903733993955,21.546236318707344,-1.9585818716860715e-08,0.0,1,SR3H21,-1.2666840912284312
2021-05-05,10.417499999990525,10.417499999990525,1.453462008990723,0.0,-1.2121745391697762,10.17621250820913,2.196044864705149e-08,0.0,1,SR3H21,-1.240488525287563
2021-05-06,-31.252499999971576,-31.252499999971576,1.4880682609207758,0.0,-12.060403225795927,-20.68016504058651,5.490084505066495e-09,0.0,1,SR3H21,-1.2142929595869434
2021-05-07,-20.83499999998105,-20.83499999998105,1.5243626262361267,0.0,-11.322245657558408,-11.037116944502268,-2.4156500001704106e-08,0.0,1,SR3H21,-1.2050932559510892
2021-05-10,-31.24999999997158,-31.24999999997158,4.687409556107784,0.0,-1.5727064516129081,-34.36470311307206,8.605604465139471e-09,0.0,1,SR3H21,-1.3752219173048
2021-05-11,0.0,0.0,2.5337667030434634,0.0,-0.5957221407624709,-1.9380445666730957,4.392103125638869e-09,0.0,1,SR3H21,-1.3486014677805045
2021-05-12,62.49999999994316,62.49999999994316,2.6041491424805012,0.0,-0.6240898617511587,60.51994072105264,-1.8388271252889332e-09,0.0,1,SR3H21,-0.821999329248138
2021-05-13,31.24999999997158,31.24999999997158,0.8928160672311021,0.0,-0.6552943548387382,31.012478292890663,-5.311447982825346e-09,0.0,1,SR3H21,-0.5453857805675509
2021-05-14,0.0,0.0,-4.545045657108199e-05,0.0,-0.6897835314091723,0.689828970885587,1.0980156305018252e-08,0.0,1,SR3H21,-0.8960942217132191
2021-05-17,-20.83500000001066,-20.83500000001066,-0.0001404832294547506,0.0,-12.601814516149146,-8.233044994043869,-6.588188716794008e-09,0.0,1,SR3H21,-0.9617791177818388
2021-05-18,0.0,0.0,-5.1510444260688404e-05,0.0,-0.17922580645224795,0.17927732348459086,-6.588082218650371e-09,0.0,1,SR3H21,-0.9836740831007049
2021-05-19,-41.667499999962104,-41.667499999962104,-5.328814312553776e-05,0.0,-0.19202764977029457,-41.47541908273259,2.0683911902685814e-08,0.0,1,SR3H21,-1.1956124956542076
2021-05-20,41.667499999962104,41.667499999962104,1.1160201081953898,0.0,0.594547146400508,39.95693275506987,-9.703668618632477e-09,0.0,1,SR3H21,-0.9075647219041989
2021-05-21,-31.24999999997158,-31.24999999997158,-5.723333894487592e-05,0.0,-0.22403225806532437,-31.025910521564963,1.2997654529056657e-08,0.0,1,SR3H21,-1.0072734264924887
2021-05-24,31.24999999997158,31.24999999997158,3.605599781379568,0.0,-0.7331964809410458,28.377596708138658,-8.605599968736222e-09,0.0,1,SR3H21,-0.6560658620040954
2021-05-25,-20.83499999998105,-20.83499999998105,-6.71869153845081e-05,0.0,-10.753548387088497,-10.081384428173221,2.1960513199581477e-09,0.0,1,SR3H21,-0.6223277090933701
2021-05-26,20.83499999998105,20.83499999998105,-7.024161471653328e-05,0.0,11.521658986162938,9.313411252138703,3.294125992814312e-09,0.0,1,SR3H21,-0.5885895562594926
2021-05-27,0.0,0.0,-7.358729012425791e-05,0.0,-0.44806451613059095,0.44813810671481047,-3.2940952604532114e-09,0.0,1,SR3H21,-0.5548514033970801
2021-05-28,0.0,-36.46,-7.726676440594077e-05,0.0,-0.5376774193567149,0.5377546949053051,-8.784184331311895e-09,-36.46,0,SR3H21,-0.3036137891338355
2021-06-01,0.0,0.0,0.0,0.0,0.0,0.0,0.0,0.0,0,SR3H21,-0.37989957885667125
2021-06-02,0.0,0.0,0.0,0.0,0.0,0.0,0.0,0.0,0,SR3H21,-0.1929270702297875
2021-06-03,0.0,0.0,0.0,0.0,0.0,0.0,0.0,0.0,0,SR3M21,0.301297924137054
2021-06-04,0.0,0.0,0.0,0.0,0.0,0.0,0.0,0.0,0,SR3M21,0.3929610406208053
2021-06-07,0.0,0.0,0.0,0.0,0.0,0.0,0.0,0.0,0,SR3M21,0.057795998269004084
2021-06-08,0.0,0.0,0.0,0.0,0.0,0.0,0.0,0.0,0,SR3M21,0.30777823051885905
2021-06-09,0.0,0.0,0.0,0.0,0.0,0.0,0.0,0.0,0,SR3M21,-0.02738683114626182
2021-06-10,0.0,0.0,0.0,0.0,0.0,0.0,0.0,0.0,0,SR3M21,0.30777823051885905
2021-06-11,0.0,0.0,0.0,0.0,0.0,0.0,0.0,0.0,0,SR3M21,0.0712851712153021
2021-06-14,0.0,-59.550875,0.0,0.0,0.0,0.0,0.0,-59.550875,1,SR3M21,-2.4836246678377116
2021-06-15,0.0,0.0,0.0,0.0,0.0,0.0,0.0,0.0,1,SR3M21,-2.4836246678377116
2021-06-16,-110.75024999998809,-110.75024999998809,0.0,0.0,79.44969262204037,-190.19994268832068,6.629221143555908e-08,0.0,1,SR3M21,-5.7828505273524575
2021-06-17,0.6894999999993718,0.6894999999993718,5.438152878561343,0.0,-96.47877116130196,91.73011837791051,-9.517052218521727e-08,0.0,1,SR3M21,-3.2599786130610275
2021-06-18,-5.206249999995265,-5.206249999995265,1.6061831732770704,0.0,-59.58967508993379,52.7772418300964,8.656505615656229e-08,0.0,1,SR3M21,-1.755303701886367
2021-06-21,30.55799999997221,30.55799999997221,0.18392875244842635,0.0,9.08192307691509,21.292148171706803,-1.0981073980675924e-09,0.0,1,SR3M21,-1.6818343694449465
2021-06-22,37.84024999996558,37.84024999996558,0.06344846406516197,0.0,84.83639068434164,-47.05958911950921,-2.8932008289128675e-08,0.0,1,SR3M21,-3.382732218368225
2021-06-23,-31.941999999970946,-31.941999999970946,2.6017796982791968,0.0,9.993083333324382,-44.53686303341324,1.8387153119525657e-09,0.0,1,SR3M21,-3.858189919450668
2021-06-24,5.208749999995263,5.208749999995263,3.376838672422642,0.0,0.30384374999985087,1.528067585258838,-7.686067858558854e-09,0.0,1,SR3M21,-3.83370016389384
2021-06-25,-62.49999999994316,-62.49999999994316,3.4175234773982375,0.0,-0.3968571428566117,-65.520666352794,1.8309209599831622e-08,0.0,1,SR3M21,-4.565907933014864
2021-06-28,62.49999999994316,62.49999999994316,12.664275415166099,0.0,-1.38899999999817,51.22472457782992,6.9453136089525636e-09,0.0,1,SR3M21,-3.9831035281830633
2021-06-29,-46.184249999958,-46.184249999958,3.5905621838387343,0.0,41.631878567854,-91.40669073737624,-1.4274497320276858e-08,0.0,1,SR3M21,-5.318121841824682
2021-06-30,87.8517499999201,87.8517499999201,5.820552961588628,0.0,-93.6402796476584,175.67147669898753,-1.2997652357182865e-08,0.0,1,SR3M21,-1.1155045515501703
2021-07-01,-62.49999999994316,-62.49999999994316,1.065649430237025,0.0,-376.25614785503717,312.6904983450587,7.979828606230477e-08,0.0,1,SR3M21,7.627127994319354
2021-07-02,0.0,0.0,-16.02953078184569,0.0,378.75909405094535,-362.7295631988262,-7.027344750554221e-08,0.0,1,SR3M21,-1.4512347400010244
2021-07-06,-9.725499999991156,-9.725499999991156,7.709637408701356,0.0,42.558683168195174,-59.99382058145852,4.570835390738104e-09,0.0,1,SR3M21,-2.52409793647403
2021-07-07,0.0,0.0,3.995131369683401,0.0,0.0,-3.9951313608991947,-8.784206251277737e-09,0.0,1,SR3M21,-2.514147125142099
2021-07-08,9.725499999991156,9.725499999991156,4.052204660831387,0.0,-42.563453955257174,48.23674929020359,4.213352791659908e-09,0.0,1,SR3M21,-1.391529566563409
2021-07-09,-31.24999999997158,-31.24999999997158,2.095020897422903,0.0,4.934719299853896e-13,-33.345020915882785,1.848780968594088e-08,0.0,1,SR3M21,-1.725553906116983
2021-07-12,0.0,0.0,7.756182050468532,0.0,-4.934719299853896e-13,-7.756182021919347,-2.854869176616148e-08,0.0,1,SR3M21,-1.6915539872364487
2021-07-13,-40.975499999962736,-40.975499999962736,2.7047298982924883,0.0,42.559878355001715,-86.24010828290383,2.9646892538148784e-08,0.0,1,SR3M21,-3.042858658412677
2021-07-14,31.252499999971576,31.252499999971576,5.408721768265269,0.0,-52.28846655961712,78.13224480230386,-1.0980431114360201e-08,0.0,1,SR3M21,-1.6688875153861258
2021-07-15,41.664999999962106,41.664999999962106,2.7905943797515778,0.0,-3.431172013179662e-13,38.87440561546151,4.749361473543878e-09,0.0,1,SR3M21,-1.2140370764553354
2021-07-16,0.0,0.0,1.827509779769778,0.0,0.0,-1.8275097753776317,-4.392146202292224e-09,0.0,1,SR3M21,-1.2459044133600996
2021-07-19,-93.74999999991473,-93.74999999991473,5.572387253824883,0.0,0.0,-99.32238725539992,1.6603006885995697e-09,0.0,1,SR3M21,-2.1317365079292623
2021-07-20,31.252499999971576,31.252499999971576,3.5699764507207687,0.0,-52.289488488313225,79.97201206501472,-2.7450690512353937e-08,0.0,1,SR3M21,-0.7579826743417867
2021-07-21,62.49999999994316,21.17849999994315,0.643977929223969,0.0,-1.503547286674234e-13,61.85602201216683,5.85525082502647e-08,-41.32150000000001,0,SR3M21,-0.24692800514010735
2021-07-22,0.0,0.0,0.0,0.0,0.0,0.0,0.0,0.0,0,SR3M21,-0.23581151993968708
2021-07-23,0.0,0.0,0.0,0.0,0.0,0.0,0.0,0.0,0,SR3M21,-0.49395106536208117
2021-07-26,0.0,-36.112750000000005,0.0,0.0,0.0,0.0,0.0,-36.112750000000005,1,SR3M21,-2.07213576861043
2021-07-27,93.75249999991473,57.63974999991473,4.059972618537105,0.0,-52.289437883737605,141.98196523511135,3.000388726914771e-08,-36.112750000000005,0,SR3M21,-0.19808667995437323
2021-07-28,0.0,0.0,0.0,0.0,0.0,0.0,0.0,0.0,0,SR3M21,-0.18661304328308578
2021-07-29,0.0,0.0,0.0,0.0,0.0,0.0,0.0,0.0,0,SR3M21,0.07483197642318982
2021-07-30,0.0,0.0,0.0,0.0,0.0,0.0,0.0,0.0,0,SR3M21,0.018990584047790096
2021-08-02,0.0,-25.69525,0.0,0.0,0.0,0.0,0.0,-25.69525,1,SR3M21,-1.6431052371374997
2021-08-03,10.417499999990525,-15.277750000009476,-0.5862138543819353,0.0,-59.36951407573187,70.37322794108437,-1.0980034631513647e-08,-25.69525,0,SR3M21,-0.17974743540325366
2021-08-04,0.0,0.0,0.0,0.0,0.0,0.0,0.0,0.0,0,SR3M21,-0.16693908395070417
2021-08-05,0.0,0.0,0.0,0.0,0.0,0.0,0.0,0.0,0,SR3M21,-0.4041006060608475
2021-08-06,0.0,0.0,0.0,0.0,0.0,0.0,0.0,0.0,0,SR3M21,-0.4137897372424353
2021-08-09,0.0,0.0,0.0,0.0,0.0,0.0,0.0,0.0,0,SR3M21,-0.37367738487956786
2021-08-10,0.0,0.0,0.0,0.0,0.0,0.0,0.0,0.0,0,SR3M21,-0.6102749746534449
2021-08-11,0.0,0.0,0.0,0.0,0.0,0.0,0.0,0.0,0,SR3M21,-0.5969042063340436
2021-08-12,0.0,0.0,0.0,0.0,0.0,0.0,0.0,0.0,0,SR3M21,-0.08359516232903264
2021-08-13,0.0,0.0,0.0,0.0,0.0,0.0,0.0,0.0,0,SR3M21,-0.09857443931427937
2021-08-16,0.0,0.0,0.0,0.0,0.0,0.0,0.0,0.0,0,SR3M21,-0.3058546972550679
2021-08-17,0.0,0.0,0.0,0.0,0.0,0.0,0.0,0.0,0,SR3M21,-0.3465210435999293
2021-08-18,0.0,0.0,0.0,0.0,0.0,0.0,0.0,0.0,0,SR3M21,-0.13721751240839233
2021-08-19,0.0,0.0,0.0,0.0,0.0,0.0,0.0,0.0,0,SR3M21,-0.6696608137065813
2021-08-20,0.0,0.0,0.0,0.0,0.0,0.0,0.0,0.0,0,SR3M21,-0.39479769709221724
2021-08-23,0.0,0.0,0.0,0.0,0.0,0.0,0.0,0.0,0,SR3M21,-0.5690733556577068
2021-08-24,0.0,0.0,0.0,0.0,0.0,0.0,0.0,0.0,0,SR3M21,-0.5438419464295383
2021-08-25,0.0,0.0,0.0,0.0,0.0,0.0,0.0,0.0,0,SR3M21,-0.5186105375887055
2021-08-26,0.0,0.0,0.0,0.0,0.0,0.0,0.0,0.0,0,SR3M21,-0.24340922519837196
2021-08-27,0.0,0.0,0.0,0.0,0.0,0.0,0.0,0.0,0,SR3M21,-0.22652764394457825
2021-08-30,0.0,0.0,0.0,0.0,0.0,0.0,0.0,0.0,0,SR3M21,-0.3253392336491097
2021-08-31,0.0,0.0,0.0,0.0,0.0,0.0,0.0,0.0,0,SR3M21,-0.12850116866662267
2021-09-01,0.0,0.0,0.0,0.0,0.0,0.0,0.0,0.0,0,SR3U21,0.42796016604647896
2021-09-02,0.0,-59.56767741935484,0.0,0.0,0.0,0.0,0.0,-59.56767741935484,1,SR3U21,-1.909306821832973
2021-09-03,-62.19135483871233,-62.19135483871233,0.0,0.0,8.255556933029853,-70.44691182225154,5.050935286410319e-08,0.0,1,SR3U21,-2.9641965154906043
2021-09-07,-31.250000000149214,-31.250000000149214,0.0,0.0,1.7348622538548852e-13,-31.2500000184596,1.8310211941097168e-08,0.0,1,SR3U21,-3.2141632853092386
2021-09-08,0.0,0.0,0.0,0.0,0.0,0.0,0.0,0.0,1,SR3U21,-3.2141632853092386
2021-09-09,0.0,0.0,0.0,0.0,0.0,0.0,0.0,0.0,1,SR3U21,-3.2141632853092386
2021-09-10,124.69135483883312,124.69135483883312,0.0,0.0,-8.259573580483693,132.95092842976243,-1.0445609723422793e-08,0.0,1,SR3U21,-1.7295513607616404
2021-09-13,0.0,0.0,0.0,0.0,-2.3902546608667306e-13,2.3131496718065137e-13,7.710498904698223e-15,0.0,1,SR3U21,-1.7295513607616404
2021-09-14,-36.805999999966524,-36.805999999966524,0.0,0.0,3.6041236110434625,-40.41012359545917,-1.55508185679808e-08,0.0,1,SR3U21,-2.365279802496509
2021-09-15,-41.66500000013974,-41.66500000013974,0.0,0.0,-5.782874179516284e-14,-41.66500000180077,1.6610834190212656e-09,0.0,1,SR3U21,-2.8652117986668943
2021-09-16,-31.24999999997158,-31.24999999997158,1.5597725407969811,0.0,-5.782874179516284e-14,-32.80977250984523,-3.092326949129299e-08,0.0,1,SR3U21,-3.1421077933054344
2021-09-17,26.390999999975996,26.390999999975996,1.9243370468529504,0.0,-14.063935358574328,38.53059830510932,6.5880504357407326e-09,0.0,1,SR3U21,-2.339951160081932
2021-09-20,10.414999999990528,10.414999999990528,3.1574145408108656,0.0,10.457678906374573,-3.200093472628153,2.5433241896840702e-08,0.0,1,SR3U21,-2.4275959472025557
2021-09-21,0.0,0.0,1.0896786868434816,0.0,-5.782874179516284e-14,-1.0896786692750118,-1.756841196132175e-08,0.0,1,SR3U21,-2.403098352607227
2021-09-22,0.0,0.0,1.10249845187314,0.0,0.0,-1.1024984782257579,2.6352617865654793e-08,0.0,1,SR3U21,-2.378600758689362
2021-09-23,-31.24999999997158,-31.24999999997158,1.115623455155354,0.0,-5.782874179516284e-14,-32.36562341102743,-4.409944507245734e-08,0.0,1,SR3U21,-2.6040668660225523
2021-09-24,31.24999999997158,31.24999999997158,1.505579584081592,0.0,3.0839881455031974e-11,29.744420402504176,1.3354970097453452e-08,0.0,1,SR3U21,-2.3027976044805674
2021-09-27,0.0,0.0,3.428490363039695,0.0,1.6346257680766031e-12,-3.428490330100517,-3.294081223348399e-08,0.0,1,SR3U21,-2.230285520492989
2021-09-28,10.417499999990525,10.417499999990525,1.186232512218055,0.0,9.561018643466924e-13,9.231267424086141,6.368537243771299e-08,0.0,1,SR3U21,-2.206114854530691
2021-09-29,-10.417499999990525,-10.417499999990525,1.2014406436755207,0.0,1.2953638162116477e-12,-11.618940594256314,-4.941102795154351e-08,0.0,1,SR3U21,-2.1819441884435387
2021-09-30,21.838145161448097,21.838145161448097,1.2170437910212148,0.0,1.048146078184045,19.572955265355517,2.6887318829715845e-08,0.0,1,SR3U21,-1.3874932528764277
2021-10-01,-24.060545161458705,-24.060545161458705,0.8224178711672449,0.0,-4.967859945021193,-19.91510306730549,-2.0299266406675898e-08,0.0,1,SR3U21,-2.257170748835583
2021-10-04,-9.411854838701117,-9.411854838701117,-1.2583254262741108,0.0,3.6629803933324094,-11.816509813624185,7.86476818392945e-09,0.0,1,SR3U21,-1.559329544055297
2021-10-05,40.661854838672696,40.661854838672696,1.3021428473941437,0.0,-0.6760911924204525,40.035803186992986,-3.29398444810825e-09,0.0,1,SR3U21,-1.2920075194093714
2021-10-06,0.0,0.0,0.8797441687223746,0.0,2.891437089758142e-13,-0.879744199467139,3.074447525730495e-08,0.0,1,SR3U21,-1.2749907605903215
2021-10-07,-19.829354838514007,-19.829354838514007,0.8923119528983157,0.0,1.0479544995613974,-21.7696212726636,-1.8310121779885336e-08,0.0,1,SR3U21,-1.258312476460606
2021-10-08,10.417499999990525,10.417499999990525,0.9058515761670507,0.0,0.8333999999995613,8.678248420529847,3.294066047709876e-09,0.0,1,SR3U21,-1.1727720597267048
2021-10-11,40.661854838672696,40.661854838672696,3.6766743649607747,0.0,0.6883131906833686,36.296867268754184,1.4274368740782136e-08,0.0,1,SR3U21,-0.8584304517369166
2021-10-12,-31.250000000149214,-31.250000000149214,0.0,0.0,0.0,-31.249999961362096,-3.8787117269803885e-08,0.0,1,SR3U21,-1.1083972215891533
2021-10-13,0.0,0.0,0.9759660618131188,0.0,3.4697245077097705e-13,-0.9759660903620991,2.854863331847035e-08,0.0,1,SR3U21,-1.0923881640033228
2021-10-14,21.838145161448097,21.838145161448097,0.9914576138104862,0.0,1.047952629628659,19.798734925160375,-7.151423717099981e-09,0.0,1,SR3U21,-0.8267492585359941
2021-10-15,-31.24999999997158,-31.24999999997158,0.5040874025888549,0.0,0.5787499999999169,-32.3328374254402,2.2879846794943148e-08,0.0,1,SR3U21,-1.2180144340467662
2021-10-18,40.661854838672696,40.661854838672696,3.0739451522670063,0.0,0.7904430686812542,36.79746662650838,-8.783947362936865e-09,0.0,1,SR3U21,-1.0704302511266846
2021-10-19,21.83814516127046,21.83814516127046,0.5381291862665595,0.0,1.0477634425014397,20.25225254422364,-1.1721178139190158e-08,0.0,1,SR3U21,-0.803061568558426
2021-10-20,31.24999999997158,31.24999999997158,2.7476364524262573,0.0,0.8013461538459544,27.701017397912835,-4.213467519331715e-09,0.0,1,SR3U21,-0.5573324655195162
2021-10-21,-20.832499999981053,-20.832499999981053,2.2386495228993337,0.0,0.8681249999997888,-23.939274528191785,5.311608805569357e-09,0.0,1,SR3U21,-0.8115460985622561
2021-10-22,31.24999999997158,31.24999999997158,2.847550585437491,0.0,6.361161597467913e-13,28.402449403374725,1.1158727830640203e-08,0.0,1,SR3U21,-0.5470780354524187
2021-10-25,-31.24999999997158,-31.24999999997158,-1.2779940951655224,0.0,2.139663446421025e-12,-29.972005883767128,-2.1041065861870933e-08,0.0,1,SR3U21,-0.7448831052558941
2021-10-26,0.0,0.0,1.5354762867773701,0.0,1.0409173523129311e-12,-1.5354762922685508,5.4901397039675e-09,0.0,1,SR3U21,-0.738483361406881
2021-10-27,-10.417499999990525,-10.417499999990525,0.192396494340559,0.0,1.2144035776984197e-12,-10.60989651299876,1.866646266723837e-08,0.0,1,SR3U21,-0.7210945933082977
2021-10-28,41.667499999962104,0.15557258060727008,0.19632296008658887,0.0,2.0834999999995394,39.38767705506979,-1.5193808128310948e-08,-41.51192741935483,0,SR3U21,-0.45373444678235014
2021-10-29,0.0,0.0,0.0,0.0,0.0,0.0,0.0,0.0,0,SR3U21,-0.18157355835055838
2021-11-01,0.0,0.0,0.0,0.0,0.0,0.0,0.0,0.0,0,SR3U21,-0.7880267924390219
2021-11-02,0.0,0.0,0.0,0.0,0.0,0.0,0.0,0.0,0,SR3U21,-0.5396368456230792
2021-11-03,0.0,0.0,0.0,0.0,0.0,0.0,0.0,0.0,0,SR3U21,-0.02384616372839787
2021-11-04,0.0,0.0,0.0,0.0,0.0,0.0,0.0,0.0,0,SR3U21,-0.13348470466816925
2021-11-05,0.0,0.0,0.0,0.0,0.0,0.0,0.0,0.0,0,SR3U21,0.23167111550606626
2021-11-08,0.0,0.0,0.0,0.0,0.0,0.0,0.0,0.0,0,SR3U21,-0.21981965164580705
2021-11-09,0.0,0.0,0.0,0.0,0.0,0.0,0.0,0.0,0,SR3U21,0.046302871415875656
2021-11-10,0.0,0.0,0.0,0.0,0.0,0.0,0.0,0.0,0,SR3U21,-0.43748716732799636
2021-11-11,0.0,0.0,0.0,0.0,0.0,0.0,0.0,0.0,0,SR3U21,-0.40518483024355073
2021-11-12,0.0,0.0,0.0,0.0,0.0,0.0,0.0,0.0,0,SR3U21,-0.07545931219747601
2021-11-15,0.0,0.0,0.0,0.0,0.0,0.0,0.0,0.0,0,SR3U21,-0.0342563463886555
2021-11-16,0.0,0.0,0.0,0.0,0.0,0.0,0.0,0.0,0,SR3U21,-0.07162646525252442
2021-11-17,0.0,0.0,0.0,0.0,0.0,0.0,0.0,0.0,0,SR3U21,-0.10899658374809985
2021-11-18,0.0,0.0,0.0,0.0,0.0,0.0,0.0,0.0,0,SR3U21,-0.14636670176890335
2021-11-19,0.0,0.0,0.0,0.0,0.0,0.0,0.0,0.0,0,SR3U21,-0.35527941787047307
2021-11-22,0.0,0.0,0.0,0.0,0.0,0.0,0.0,0.0,0,SR3U21,-0.31722904505007227
2021-11-23,0.0,0.0,0.0,0.0,0.0,0.0,0.0,0.0,0,SR3U21,-0.30454559657852315
2021-11-24,0.0,0.0,0.0,0.0,0.0,0.0,0.0,0.0,0,SR3U21,-0.041892302629512795
2021-11-26,0.0,0.0,0.0,0.0,0.0,0.0,0.0,0.0,0,SR3U21,-0.07319217960719303
2021-11-29,0.0,0.0,0.0,0.0,0.0,0.0,0.0,0.0,0,SR3U21,-0.27616425511878295
2021-11-30,0.0,0.0,0.0,0.0,0.0,0.0,0.0,0.0,0,SR3U21,-0.23834656804487855
2021-12-01,0.0,0.0,0.0,0.0,0.0,0.0,0.0,0.0,0,SR3U21,-0.378087099278387
2021-12-02,0.0,0.0,0.0,0.0,0.0,0.0,0.0,0.0,0,SR3Z21,-1.2854179584101784
2021-12-03,0.0,0.0,0.0,0.0,0.0,0.0,0.0,0.0,0,SR3Z21,-1.0828789903968155
2021-12-06,0.0,-59.9821370967742,0.0,0.0,0.0,0.0,0.0,-59.9821370967742,1,SR3Z21,-1.582804880371388
2021-12-07,-37.30137096767936,-37.30137096767936,0.0,0.0,25.59162754325357,-62.89299854936347,3.843053979571499e-08,0.0,1,SR3Z21,-2.1129559755825262
2021-12-08,105.18064516119466,105.18064516119466,0.0,0.0,-31.02295576566489,136.20360100354236,-7.668281439850022e-08,0.0,1,SR3Z21,-0.8026916137344672
2021-12-09,-26.547822580621016,-26.547822580621016,0.0,0.0,15.509766297563555,-42.05758897371243,9.552785621228055e-08,0.0,1,SR3Z21,-1.3328427072722582
2021-12-10,26.547822580621016,26.547822580621016,0.0,0.0,-15.5106343306818,42.05845700683079,-9.5527976206349e-08,0.0,1,SR3Z21,-0.7526988280700679
2021-12-13,-47.04427419353425,-107.02641129030846,0.0,0.0,-48.98697783796925,1.9427036006925391,4.374245843677494e-08,-59.9821370967742,0,SR3Z21,0.10235221066460148
2021-12-14,0.0,0.0,0.0,0.0,0.0,0.0,0.0,0.0,0,SR3Z21,-1.2223871696797934
2021-12-15,0.0,0.0,0.0,0.0,0.0,0.0,0.0,0.0,0,SR3Z21,-1.2526216316950578
2021-12-16,0.0,0.0,0.0,0.0,0.0,0.0,0.0,0.0,0,SR3Z21,-0.7912202703721533
2021-12-17,0.0,0.0,0.0,0.0,0.0,0.0,0.0,0.0,0,SR3Z21,0.5183049820078953
2021-12-20,0.0,0.0,0.0,0.0,0.0,0.0,0.0,0.0,0,SR3Z21,0.39454843381138366
2021-12-21,0.0,0.0,0.0,0.0,0.0,0.0,0.0,0.0,0,SR3Z21,0.392159186288459
2021-12-22,0.0,0.0,0.0,0.0,0.0,0.0,0.0,0.0,0,SR3Z21,0.6507227011057038
2021-12-23,0.0,0.0,0.0,0.0,0.0,0.0,0.0,0.0,0,SR3Z21,-0.9758419356309164
2021-12-27,0.0,0.0,0.0,0.0,0.0,0.0,0.0,0.0,0,SR3Z21,-0.6520298276606779
2021-12-28,0.0,0.0,0.0,0.0,0.0,0.0,0.0,0.0,0,SR3Z21,0.991234910434711
2021-12-29,0.0,0.0,0.0,0.0,0.0,0.0,0.0,0.0,0,SR3Z21,-0.8857942007902757
2021-12-30,0.0,0.0,0.0,0.0,0.0,0.0,0.0,0.0,0,SR3Z21,-0.8776937634278511
2021-12-31,0.0,0.0,0.0,0.0,0.0,0.0,0.0,0.0,0,SR3Z21,-1.0013672775252331
2022-01-03,0.0,-36.29197580645162,0.0,0.0,0.0,0.0,0.0,-36.29197580645162,-1,SR3Z21,2.074344255951593
2022-01-04,30.916451612875107,-5.37552419357651,5.343455888751243,0.0,-74.82685979312049,100.39985551285238,4.391972813211353e-09,-36.29197580645162,0,SR3Z21,-0.18412444434035286
2022-01-05,0.0,0.0,0.0,0.0,0.0,0.0,0.0,0.0,0,SR3Z21,-0.1744640240614022
2022-01-06,0.0,0.0,0.0,0.0,0.0,0.0,0.0,0.0,0,SR3Z21,-0.41476582121179273
2022-01-07,0.0,0.0,0.0,0.0,0.0,0.0,0.0,0.0,0,SR3Z21,-0.4907758019562913
2022-01-10,0.0,0.0,0.0,0.0,0.0,0.0,0.0,0.0,0,SR3Z21,-0.14035269753073606
2022-01-11,0.0,0.0,0.0,0.0,0.0,0.0,0.0,0.0,0,SR3Z21,-0.19713246259939404
2022-01-12,0.0,0.0,0.0,0.0,0.0,0.0,0.0,0.0,0,SR3Z21,0.06375158296108346
2022-01-13,0.0,0.0,0.0,0.0,0.0,0.0,0.0,0.0,0,SR3Z21,0.07467187059560036
2022-01-14,0.0,0.0,0.0,0.0,0.0,0.0,0.0,0.0,0,SR3Z21,0.06138375822090614
2022-01-18,0.0,0.0,0.0,0.0,0.0,0.0,0.0,0.0,0,SR3Z21,-0.3368068587812518
2022-01-19,0.0,0.0,0.0,0.0,0.0,0.0,0.0,0.0,0,SR3Z21,-0.32548972087860806
2022-01-20,0.0,0.0,0.0,0.0,0.0,0.0,0.0,0.0,0,SR3Z21,0.1857564810421103
2022-01-21,0.0,0.0,0.0,0.0,0.0,0.0,0.0,0.0,0,SR3Z21,-0.26111582557509977
2022-01-24,0.0,0.0,0.0,0.0,0.0,0.0,0.0,0.0,0,SR3Z21,0.5837281903311559
2022-01-25,0.0,0.0,0.0,0.0,0.0,0.0,0.0,0.0,0,SR3Z21,0.33185959131477827
2022-01-26,0.0,0.0,0.0,0.0,0.0,0.0,0.0,0.0,0,SR3Z21,-0.22666871564326269
2022-01-27,0.0,0.0,0.0,0.0,0.0,0.0,0.0,0.0,0,SR3Z21,0.021397834631667653
2022-01-28,0.0,0.0,0.0,0.0,0.0,0.0,0.0,0.0,0,SR3Z21,0.06371013975197032
2022-01-31,0.0,0.0,0.0,0.0,0.0,0.0,0.0,0.0,0,SR3Z21,-0.13250186883529352
2022-02-01,0.0,0.0,0.0,0.0,0.0,0.0,0.0,0.0,0,SR3Z21,-0.11851820686693258
2022-02-02,0.0,0.0,0.0,0.0,0.0,0.0,0.0,0.0,0,SR3Z21,-0.10453454443292029
2022-02-03,0.0,0.0,0.0,0.0,0.0,0.0,0.0,0.0,0,SR3Z21,-0.3405207591697349
2022-02-04,0.0,0.0,0.0,0.0,0.0,0.0,0.0,0.0,0,SR3Z21,-1.082194766628199
2022-02-07,0.0,0.0,0.0,0.0,0.0,0.0,0.0,0.0,0,SR3Z21,-0.5398797126812004
2022-02-08,0.0,0.0,0.0,0.0,0.0,0.0,0.0,0.0,0,SR3Z21,-0.7757190277230244
2022-02-09,0.0,0.0,0.0,0.0,0.0,0.0,0.0,0.0,0,SR3Z21,-0.2616561908338074
2022-02-10,0.0,-25.874475806451613,0.0,0.0,0.0,0.0,0.0,-25.874475806451613,1,SR3Z21,-4.257834070717165
2022-02-11,-5.0607258062942435,-5.0607258062942435,14.947972917697673,0.0,-171.1724363327645,151.1637376256547,-1.6882115251895266e-08,0.0,1,SR3Z21,-2.2033720687914973
2022-02-14,93.74499999985552,93.74499999985552,23.473617478358097,0.0,-15.626250000004351,85.8976325162167,5.285080188452687e-09,0.0,1,SR3Z21,-0.9148863103227218
2022-02-15,10.75104838702778,10.75104838702778,3.398512306738554,0.0,-12.16495161289579,19.517487686418068,6.766947599490258e-09,0.0,1,SR3Z21,-0.699934968773756
2022-02-16,-19.493306451474844,-45.36778225792646,2.438096010795934,0.0,-41.81402073734604,19.882618280209066,-5.133802327694781e-09,-25.874475806451613,0,SR3Z21,-0.48498211122702245
2022-02-17,0.0,0.0,0.0,0.0,0.0,0.0,0.0,0.0,0,SR3Z21,-0.5199961946573978
2022-02-18,0.0,0.0,0.0,0.0,0.0,0.0,0.0,0.0,0,SR3Z21,-0.5444516533783348
2022-02-22,0.0,0.0,0.0,0.0,0.0,0.0,0.0,0.0,0,SR3Z21,-0.7444687152117844
2022-02-23,0.0,0.0,0.0,0.0,0.0,0.0,0.0,0.0,0,SR3Z21,-0.4820144183074454
2022-02-24,0.0,0.0,0.0,0.0,0.0,0.0,0.0,0.0,0,SR3Z21,-0.46952702296972687
2022-02-25,0.0,0.0,0.0,0.0,0.0,0.0,0.0,0.0,0,SR3Z21,-0.6966509578671238
2022-02-28,0.0,0.0,0.0,0.0,0.0,0.0,0.0,0.0,0,SR3Z21,-0.4095151547139528
2022-03-01,0.0,0.0,0.0,0.0,0.0,0.0,0.0,0.0,0,SR3Z21,-0.3978183349953332
2022-03-02,0.0,0.0,0.0,0.0,0.0,0.0,0.0,0.0,0,SR3Z21,-0.3861215209427212
2022-03-03,0.0,0.0,0.0,0.0,0.0,0.0,0.0,0.0,0,SR3H22,-0.5030080231231503
2022-03-04,0.0,-59.6348870967742,0.0,0.0,0.0,0.0,0.0,-59.6348870967742,1,SR3H22,-1.8472323547377232
2022-03-07,142.37000000004423,142.37000000004423,0.0,0.0,25.549927535976508,116.82007244082914,2.3238582391726936e-08,0.0,1,SR3H22,-1.0802217625543613
2022-03-08,81.9509999999531,81.9509999999531,0.0,0.0,7.913775590509051,74.0372244577576,-4.831354929959023e-08,0.0,1,SR3H22,-0.821575710329243
2022-03-09,27.775096774226476,-31.859790322547724,0.0,0.0,-13.703166692523766,41.47826341876704,4.798319852561406e-08,-59.6348870967742,0,SR3H22,-0.301456461865784
2022-03-10,0.0,0.0,0.0,0.0,0.0,0.0,0.0,0.0,0,SR3H22,-1.2674040444669021
2022-03-11,0.0,0.0,0.0,0.0,0.0,0.0,0.0,0.0,0,SR3H22,-1.0092332872000236
2022-03-14,0.0,-59.6348870967742,0.0,0.0,0.0,0.0,0.0,-59.6348870967742,1,SR3H22,-2.2009810851964104
2022-03-15,74.2989999999048,74.2989999999048,0.0,0.0,3.628472375701847,70.67052760574227,1.8460686201926535e-08,0.0,1,SR3H22,-1.4698652085487272
2022-03-16,-8.831870967677624,-8.831870967677624,0.0,0.0,68.41192783370573,-77.24379878105557,-2.03277823215741e-08,0.0,1,SR3H22,-2.447746697815713
2022-03-17,76.53422580638987,76.53422580638987,2.355502310784352,0.0,15.613151169175751,58.56557236054917,-3.411940818764947e-08,0.0,1,SR3H22,-1.8339311550724002
2022-03-18,63.03277419354636,63.03277419354636,1.2056822946623913,0.0,-2.2565557292138294,64.08364758744361,4.0654189165638536e-08,0.0,1,SR3H22,-1.4205996984404223
2022-03-21,-30.523000000011706,-30.523000000011706,2.8145957410886933,0.0,8.531401182852449,-41.86899696062619,3.6673343104245344e-08,0.0,1,SR3H22,-2.034829414915979
2022-03-22,-10.419999999990523,-10.419999999990523,3.2933143563881884,0.0,11.236884960600673,-24.95019927872625,-3.825313584173276e-08,0.0,1,SR3H22,-2.0426480623201533
2022-03-23,93.058000000093,93.058000000093,4.720618470846483,0.0,-2.1430121606857035,90.48039368720062,2.7316094225281156e-09,0.0,1,SR3H22,-1.2944758202906446
2022-03-24,81.25399999995373,81.25399999995373,5.022690851143318,0.0,17.26677867680607,58.96453049598286,-2.397850547510419e-08,0.0,1,SR3H22,-0.8069773067293918
2022-03-25,12.68522580652693,12.68522580652693,4.316644609890508,0.0,15.408147973417407,-7.03956681375643,3.697544566943149e-08,0.0,1,SR3H22,-0.7340026321302529
2022-03-28,-68.92222580647972,-68.92222580647972,8.89972326823113,0.0,-2.7346371815990906,-75.08731186678739,-2.632437201555149e-08,0.0,1,SR3H22,-1.4974455812665142
2022-03-29,86.79249999992498,86.79249999992498,4.237733823193867,0.0,-3.291944487845889,85.84671065748138,7.095624790241022e-09,0.0,1,SR3H22,-0.5453140740287139
2022-03-30,53.468999999951365,9.459112903177171,2.7467961806172667,0.0,-9.009013091173799,59.7312169967155,-8.620760583166742e-08,-44.00988709677419,0,SR3H22,-0.0656493715907626
2022-03-31,0.0,0.0,0.0,0.0,0.0,0.0,0.0,0.0,0,SR3H22,0.6276564063047111
2022-04-01,0.0,0.0,0.0,0.0,0.0,0.0,0.0,0.0,0,SR3H22,-0.17674433024868935
2022-04-04,0.0,0.0,0.0,0.0,0.0,0.0,0.0,0.0,0,SR3H22,-0.3623121006883434
2022-04-05,0.0,0.0,0.0,0.0,0.0,0.0,0.0,0.0,0,SR3H22,-0.5906204345674358
2022-04-06,0.0,0.0,0.0,0.0,0.0,0.0,0.0,0.0,0,SR3H22,-0.8278847503905331
2022-04-07,0.0,0.0,0.0,0.0,0.0,0.0,0.0,0.0,0,SR3H22,-0.5568176816148942
2022-04-08,0.0,0.0,0.0,0.0,0.0,0.0,0.0,0.0,0,SR3H22,-0.5185366492435596
2022-04-11,0.0,0.0,0.0,0.0,0.0,0.0,0.0,0.0,0,SR3H22,-0.9638495518409714
2022-04-12,0.0,0.0,0.0,0.0,0.0,0.0,0.0,0.0,0,SR3H22,-0.22068716998381724
2022-04-13,0.0,0.0,0.0,0.0,0.0,0.0,0.0,0.0,0,SR3H22,-0.21963547133581687
2022-04-14,0.0,0.0,0.0,0.0,0.0,0.0,0.0,0.0,0,SR3H22,0.04902301117682103
2022-04-18,0.0,0.0,0.0,0.0,0.0,0.0,0.0,0.0,0,SR3H22,-0.08762017040285888
2022-04-19,0.0,0.0,0.0,0.0,0.0,0.0,0.0,0.0,0,SR3H22,0.1713641988280941
2022-04-20,0.0,0.0,0.0,0.0,0.0,0.0,0.0,0.0,0,SR3H22,0.41935947726908607
2022-04-21,0.0,0.0,0.0,0.0,0.0,0.0,0.0,0.0,0,SR3H22,0.4246087349333997
2022-04-22,0.0,0.0,0.0,0.0,0.0,0.0,0.0,0.0,0,SR3H22,0.14727139654067745
2022-04-25,0.0,0.0,0.0,0.0,0.0,0.0,0.0,0.0,0,SR3H22,0.07801791434046285
2022-04-26,0.0,0.0,0.0,0.0,0.0,0.0,0.0,0.0,0,SR3H22,0.31059464626971267
2022-04-27,0.0,0.0,0.0,0.0,0.0,0.0,0.0,0.0,0,SR3H22,0.2845257305002503
2022-04-28,0.0,0.0,0.0,0.0,0.0,0.0,0.0,0.0,0,SR3H22,0.03768087607352141
2022-04-29,0.0,0.0,0.0,0.0,0.0,0.0,0.0,0.0,0,SR3H22,-0.26582230078489855
2022-05-02,0.0,0.0,0.0,0.0,0.0,0.0,0.0,0.0,0,SR3H22,-0.17073172686594223
2022-05-03,0.0,0.0,0.0,0.0,0.0,0.0,0.0,0.0,0,SR3H22,-0.270867140840045
2022-05-04,0.0,0.0,0.0,0.0,0.0,0.0,0.0,0.0,0,SR3H22,0.10147924399757265
2022-05-05,0.0,0.0,0.0,0.0,0.0,0.0,0.0,0.0,0,SR3H22,-0.12798501112405253
2022-05-06,0.0,0.0,0.0,0.0,0.0,0.0,0.0,0.0,0,SR3H22,0.15109398144181319
2022-05-09,0.0,0.0,0.0,0.0,0.0,0.0,0.0,0.0,0,SR3H22,0.14552410790788045
2022-05-10,0.0,0.0,0.0,0.0,0.0,0.0,0.0,0.0,0,SR3H22,-0.10602237913612662
2022-05-11,0.0,0.0,0.0,0.0,0.0,0.0,0.0,0.0,0,SR3H22,-0.10787923029093202
2022-05-12,0.0,0.0,0.0,0.0,0.0,0.0,0.0,0.0,0,SR3H22,0.13995402572082458
2022-05-13,0.0,0.0,0.0,0.0,0.0,0.0,0.0,0.0,0,SR3H22,-0.08781038875822798
2022-05-16,0.0,0.0,0.0,0.0,0.0,0.0,0.0,0.0,0,SR3H22,-0.061576766905802036
2022-05-17,0.0,0.0,0.0,0.0,0.0,0.0,0.0,0.0,0,SR3H22,-0.3368114396419368
2022-05-18,0.0,0.0,0.0,0.0,0.0,0.0,0.0,0.0,0,SR3H22,-0.11266908367078471
2022-05-19,0.0,0.0,0.0,0.0,0.0,0.0,0.0,0.0,0,SR3H22,0.14576594888577232
2022-05-20,0.0,0.0,0.0,0.0,0.0,0.0,0.0,0.0,0,SR3H22,0.2034231048281574
2022-05-23,0.0,0.0,0.0,0.0,0.0,0.0,0.0,0.0,0,SR3H22,-0.058644720143403654
2022-05-24,0.0,0.0,0.0,0.0,0.0,0.0,0.0,0.0,0,SR3H22,0.18691944025511786
2022-05-25,0.0,0.0,0.0,0.0,0.0,0.0,0.0,0.0,0,SR3H22,0.18279359858548128
2022-05-26,0.0,0.0,0.0,0.0,0.0,0.0,0.0,0.0,0,SR3H22,0.178667762579891
2022-05-27,0.0,0.0,0.0,0.0,0.0,0.0,0.0,0.0,0,SR3H22,0.17300009940226624
2022-05-31,0.0,0.0,0.0,0.0,0.0,0.0,0.0,0.0,0,SR3H22,-0.09195346222156757
2022-06-01,0.0,0.0,0.0,0.0,0.0,0.0,0.0,0.0,0,SR3H22,-0.08510198819845899
2022-06-02,0.0,0.0,0.0,0.0,0.0,0.0,0.0,0.0,0,SR3M22,0.9555671317601798
2022-06-03,0.0,0.0,0.0,0.0,0.0,0.0,0.0,0.0,0,SR3M22,1.1981048516782722
2022-06-06,0.0,0.0,0.0,0.0,0.0,0.0,0.0,0.0,0,SR3M22,0.44823258656460063
2022-06-07,0.0,0.0,0.0,0.0,0.0,0.0,0.0,0.0,0,SR3M22,0.6971832590567983
2022-06-08,0.0,-61.808,0.0,0.0,0.0,0.0,0.0,-61.808,-1,SR3M22,2.8719049541209856
2022-06-09,-78.48100000002731,-78.48100000002731,0.0,0.0,-117.44739720092397,38.96639716111053,3.978613554167509e-08,0.0,-1,SR3M22,0.9431302016316851
2022-06-10,-270.9099999998642,-270.9099999998642,0.0,0.0,90.16593793236609,-361.0759379731848,4.0954477409371745e-08,0.0,-1,SR3M22,6.756634471196371
2022-06-13,-25.046999999996927,-25.046999999996927,0.0,0.0,79.82479653089953,-104.87179648390055,-4.6995908231650676e-08,0.0,-1,SR3M22,9.790388944774692
2022-06-14,-75.92300000003002,-75.92300000003002,0.0,0.0,-103.47111043594305,27.54811037133582,6.457721681840667e-08,0.0,-1,SR3M22,8.327305142641936
2022-06-15,-24.992000000008858,-24.992000000008858,0.0,0.0,20.058573467413026,-45.05057333766832,-1.2975356580291476e-07,0.0,-1,SR3M22,8.437134773413854
2022-06-16,-93.75500000001342,-93.75500000001342,-1.0242153900497097,0.0,-132.56768068890418,39.8368960279812,5.095926578491117e-08,0.0,-1,SR3M22,6.382936304561349
2022-06-17,-27.785000000073424,-27.785000000073424,-4.17036062316245,0.0,139.74470788381217,-163.35934719347554,-6.724759815668335e-08,0.0,-1,SR3M22,9.5560089906823
2022-06-21,69.43500000001579,69.43500000001579,3.309129111545017,0.0,-53.97257142856541,120.09844229225881,2.4777366380845933e-08,0.0,-1,SR3M22,7.552988341274244
2022-06-22,-354.1599999999345,-354.1599999999345,-1.1748317196635938,0.0,42.22560000000226,-395.21076833671077,5.643759672935289e-08,0.0,-1,SR3M22,10.94937927980407
2022-06-23,104.1650000000829,104.1650000000829,3.6201558608006668,0.0,0.6173333333324429,99.92751064050991,1.654398812611646e-07,0.0,-1,SR3M22,9.868356201611705
2022-06-24,151.40599999982282,151.40599999982282,0.9894669920157417,0.0,-6.857629619088129,157.27416268115465,-5.425943614412176e-08,0.0,-1,SR3M22,8.108469314401125
2022-06-27,81.23400000014323,81.23400000014323,3.5905688086035337,0.0,21.454479686982893,56.18895157945747,-7.490067988058513e-08,0.0,-1,SR3M22,7.816581464644195
2022-06-28,76.40249999991079,76.40249999991079,6.273585458271835,0.0,-79.40281639902544,149.5317310551071,-1.1444269754079528e-07,0.0,-1,SR3M22,5.265586729895898
2022-06-29,-79.85999999988789,-79.85999999988789,5.192619571056656,0.0,15.74200000002294,-100.79461961984505,4.8877569991390146e-08,0.0,-1,SR3M22,5.997083412129847
2022-06-30,-11.794000000068209,-11.794000000068209,0.0,5.0884512674875815,-32.55652424034143,15.674072914954106,5.783153467220359e-08,0.0,-1,SR3M22,4.683256355652446
2022-07-01,13.882500000066315,13.882500000066315,0.0,2.4584548386857863,17.668618053879978,-6.24457288968225,-2.817198474502902e-09,0.0,-1,SR3M22,4.950008219705797
2022-07-05,93.75500000001342,93.75500000001342,22.29769485071753,0.0,41.67000000000034,29.787305146218074,3.0774802706190485e-09,0.0,-1,SR3M22,4.659911776786334
2022-07-06,118.04499999997157,118.04499999997157,8.0243891235815,0.0,-69.44999999997755,179.470610900482,-2.411438893012985e-08,0.0,-1,SR3M22,2.6800509578446223
2022-07-07,41.657500000041054,41.657500000041054,4.881984047636068,0.0,3.789484532022449,32.986031446608784,-2.6226247173966044e-08,0.0,-1,SR3M22,2.533826533342737
2022-07-08,6.927499999875238,6.927499999875238,4.687985201054512,0.0,-51.76605371205119,54.0055684891273,2.1744615663621403e-08,0.0,-1,SR3M22,1.8950067105422355
2022-07-11,0.0,0.0,7.11942494039941,0.0,-8.944178730985186e-12,-7.119424915922076,-2.4468389758780518e-08,0.0,-1,SR3M22,1.894423792317812
2022-07-12,-45.139999999958945,-45.139999999958945,2.472228821659428,0.0,-13.889999999981509,-33.72222887871343,5.707656258735483e-08,0.0,-1,SR3M22,2.142948669410162
2022-07-13,-232.75249999998584,-232.75249999998584,4.229381073933558,0.0,-187.90587730192226,-49.07600378612739,1.4130257408595526e-08,0.0,-1,SR3M22,2.489072738871125
2022-07-14,114.63499999995497,114.63499999995497,3.6118949341690243,0.0,68.0463243216513,42.97678075115559,-7.020934500445719e-09,0.0,-1,SR3M22,2.3668403174966315
2022-07-15,128.50250000004104,128.50250000004104,3.4415486195593648,0.0,44.129359803167546,80.93159159092392,-1.3609783078294413e-08,0.0,-1,SR3M22,1.105248903085941
2022-07-18,0.0,0.0,7.267104256117318,0.0,3.084199562408685e-12,-7.267104230631224,-2.5489178323567785e-08,0.0,-1,SR3M22,1.0171169542298206
2022-07-19,-24.31500000007658,-68.06725000007657,2.534382954519354,0.0,-55.55999999999388,28.710617021884964,2.3512980451556587e-08,-43.75225,0,SR3M22,0.2803091826788051
2022-07-20,0.0,0.0,0.0,0.0,0.0,0.0,0.0,0.0,0,SR3M22,0.2895873583180764
2022-07-21,0.0,0.0,0.0,0.0,0.0,0.0,0.0,0.0,0,SR3M22,0.19608245624042925
2022-07-22,0.0,0.0,0.0,0.0,0.0,0.0,0.0,0.0,0,SR3M22,-0.12768481002678764
2022-07-25,0.0,0.0,0.0,0.0,0.0,0.0,0.0,0.0,0,SR3M22,-1.4054894437774212
2022-07-26,0.0,0.0,0.0,0.0,0.0,0.0,0.0,0.0,0,SR3M22,-0.07065285204482696
2022-07-27,0.0,0.0,0.0,0.0,0.0,0.0,0.0,0.0,0,SR3M22,0.24045437338875664
2022-07-28,0.0,0.0,0.0,0.0,0.0,0.0,0.0,0.0,0,SR3M22,-0.35071099279666035
2022-07-29,0.0,0.0,0.0,0.0,0.0,0.0,0.0,0.0,0,SR3M22,0.15061621374502004
2022-08-01,0.0,0.0,0.0,0.0,0.0,0.0,0.0,0.0,0,SR3M22,-0.5800985380290532
2022-08-02,0.0,0.0,0.0,0.0,0.0,0.0,0.0,0.0,0,SR3M22,-0.3058682609477731
2022-08-03,0.0,0.0,0.0,0.0,0.0,0.0,0.0,0.0,0,SR3M22,-0.5316357261858783
2022-08-04,0.0,0.0,0.0,0.0,0.0,0.0,0.0,0.0,0,SR3M22,-0.2701769507968858
2022-08-05,0.0,0.0,0.0,0.0,0.0,0.0,0.0,0.0,0,SR3M22,-1.4650459097131896
2022-08-08,0.0,0.0,0.0,0.0,0.0,0.0,0.0,0.0,0,SR3M22,-1.2110075415737946
2022-08-09,0.0,-27.778750000000002,0.0,0.0,0.0,0.0,0.0,-27.778750000000002,1,SR3M22,-1.7066518185767732
2022-08-10,-31.26000000010974,-31.26000000010974,4.373355716344451,0.0,-86.05760869565654,50.42425299952836,-2.0326016425542548e-08,0.0,1,SR3M22,-0.9485475944960403
2022-08-11,38.19250000010342,10.41375000010342,3.5273356674303535,0.0,-14.837045454570205,49.502209778863865,8.379411831072048e-09,-27.778750000000002,0,SR3M22,-0.44934763173597264
2022-08-12,0.0,0.0,0.0,0.0,0.0,0.0,0.0,0.0,0,SR3M22,-0.4405793427936087
2022-08-15,0.0,0.0,0.0,0.0,0.0,0.0,0.0,0.0,0,SR3M22,-0.1870626287571419
2022-08-16,0.0,0.0,0.0,0.0,0.0,0.0,0.0,0.0,0,SR3M22,-0.46209640991378675
2022-08-17,0.0,0.0,0.0,0.0,0.0,0.0,0.0,0.0,0,SR3M22,-0.23969852211632378
2022-08-18,0.0,0.0,0.0,0.0,0.0,0.0,0.0,0.0,0,SR3M22,-0.2660164774179965
2022-08-19,0.0,0.0,0.0,0.0,0.0,0.0,0.0,0.0,0,SR3M22,-0.2765414753425874
2022-08-22,0.0,0.0,0.0,0.0,0.0,0.0,0.0,0.0,0,SR3M22,-0.5193549014317186
2022-08-23,0.0,0.0,0.0,0.0,0.0,0.0,0.0,0.0,0,SR3M22,-0.2686732067988483
2022-08-24,0.0,0.0,0.0,0.0,0.0,0.0,0.0,0.0,0,SR3M22,-0.5256292537845643
2022-08-25,0.0,0.0,0.0,0.0,0.0,0.0,0.0,0.0,0,SR3M22,-0.5338690442446051
2022-08-26,0.0,0.0,0.0,0.0,0.0,0.0,0.0,0.0,0,SR3M22,-0.30289167463651967
2022-08-29,0.0,0.0,0.0,0.0,0.0,0.0,0.0,0.0,0,SR3M22,-0.29471480861843136
2022-08-30,0.0,0.0,0.0,0.0,0.0,0.0,0.0,0.0,0,SR3M22,-0.04327251211406567
2022-08-31,0.0,0.0,0.0,0.0,0.0,0.0,0.0,0.0,0,SR3M22,-0.03227679557827422
2022-09-01,0.0,0.0,0.0,0.0,0.0,0.0,0.0,0.0,0,SR3M22,-0.2681257323717733
2022-09-02,0.0,0.0,0.0,0.0,0.0,0.0,0.0,0.0,0,SR3M22,-0.03425941107009318
2022-09-06,0.0,0.0,0.0,0.0,0.0,0.0,0.0,0.0,0,SR3M22,0.023066111472469356
2022-09-07,0.0,0.0,0.0,0.0,0.0,0.0,0.0,0.0,0,SR3M22,-0.21131721247653
2022-09-08,0.0,0.0,0.0,0.0,0.0,0.0,0.0,0.0,0,SR3U22,0.7245598712302873
2022-09-09,0.0,-60.54221774193549,0.0,0.0,0.0,0.0,0.0,-60.54221774193549,-1,SR3U22,1.6248234693471593
2022-09-12,52.97362903217168,52.97362903217168,0.0,0.0,8.802836415274435,44.17079263814082,-2.1243570114484834e-08,0.0,-1,SR3U22,1.5498711568531893
2022-09-13,-27.255403225683608,-27.255403225683608,0.0,0.0,44.55452368356282,-71.8099268457917,-6.345473558786166e-08,0.0,-1,SR3U22,1.8440321634865735
2022-09-14,39.984758064403366,39.984758064403366,0.0,0.0,-31.824226264066475,71.80898430834279,2.0127050692764215e-08,0.0,-1,SR3U22,0.9439042945350865
2022-09-15,-88.04467741937219,-88.04467741937219,0.0,0.0,-15.978054794923203,-72.06662261016915,-1.4279844761852425e-08,0.0,-1,SR3U22,1.6807953486060476
2022-09-16,69.80354838712945,69.80354838712945,0.0,0.0,-6.7661227185432296,76.5696710357218,6.995088163188898e-08,0.0,-1,SR3U22,1.0040607797203691
2022-09-19,-18.16161290316728,-18.16161290316728,0.0,0.0,-8.509021368488675,-9.652591520549072,-1.4129536651807939e-08,0.0,-1,SR3U22,0.7500956210857987
2022-09-20,29.915806451505482,29.915806451505482,0.0,0.0,-2.4146368406264216,32.33044330272528,-1.059337417785855e-08,0.0,-1,SR3U22,0.6589111692608833
2022-09-21,81.22669354839346,81.22669354839346,0.0,0.0,-93.76288845581774,174.98958202192722,-1.771601655340118e-08,0.0,-1,SR3U22,-0.7843121629848839
2022-09-22,-189.63830645159706,-189.63830645159706,-5.3657450548638685,0.0,9.645759257257716,-193.91832065802583,4.034930067484032e-09,0.0,-1,SR3U22,0.8785069488186655
2022-09-23,1.3341935484660965,-43.583024193469384,-5.596364745247273,0.0,-3.6699036333103763,10.600461968951919,-4.192817303385896e-08,-44.91721774193548,0,SR3U22,0.26740233088173676
2022-09-26,0.0,0.0,0.0,0.0,0.0,0.0,0.0,0.0,0,SR3U22,-1.1484235301910335
2022-09-27,0.0,0.0,0.0,0.0,0.0,0.0,0.0,0.0,0,SR3U22,0.27614122899658683
2022-09-28,0.0,-44.91721774193548,0.0,0.0,0.0,0.0,0.0,-44.91721774193548,-1,SR3U22,1.5703069375727283
2022-09-29,-55.10693548403669,-55.10693548403669,-4.6754999783849005,0.0,-11.371202507855047,-39.060233040081975,4.228523664551176e-08,0.0,-1,SR3U22,1.858562866925467
2022-09-30,32.58919354849689,32.58919354849689,0.0,-6.98933118195022,-9.193628757367112,48.77215355078607,-6.297184995673888e-08,0.0,-1,SR3U22,1.3666604788927734
2022-10-03,49.0555645160252,49.0555645160252,0.0,-14.50209316589679,8.808648054031579,54.749009621859514,6.030899235206968e-09,0.0,-1,SR3U22,0.973163005255385
2022-10-04,185.8122580646642,185.8122580646642,-2.64246984733596,0.0,-9.767853821536526,198.2225817030283,3.0508381154703557e-08,0.0,-1,SR3U22,-0.6079386467772626
2022-10-05,-47.71887096779596,-89.16358870973144,0.3528371638750194,0.0,-4.68930867322749,-43.382399450755194,-7.688295333707629e-09,-41.44471774193548,0,SR3U22,-0.2523246535675028
2022-10-06,0.0,0.0,0.0,0.0,0.0,0.0,0.0,0.0,0,SR3U22,-0.24124280543778093
2022-10-07,0.0,0.0,0.0,0.0,0.0,0.0,0.0,0.0,0,SR3U22,-0.4282924002911694
2022-10-10,0.0,0.0,0.0,0.0,0.0,0.0,0.0,0.0,0,SR3U22,6.293877534995863e-05
2022-10-11,0.0,0.0,0.0,0.0,0.0,0.0,0.0,0.0,0,SR3U22,-0.9610710905847739
2022-10-12,0.0,0.0,0.0,0.0,0.0,0.0,0.0,0.0,0,SR3U22,-0.7506372153308616
2022-10-13,0.0,0.0,0.0,0.0,0.0,0.0,0.0,0.0,0,SR3U22,-0.562535755652497
2022-10-14,0.0,0.0,0.0,0.0,0.0,0.0,0.0,0.0,0,SR3U22,-0.7158126592424681
2022-10-17,0.0,0.0,0.0,0.0,0.0,0.0,0.0,0.0,0,SR3U22,-0.5611103271056304
2022-10-18,0.0,0.0,0.0,0.0,0.0,0.0,0.0,0.0,0,SR3U22,-0.63114965180606
2022-10-19,0.0,0.0,0.0,0.0,0.0,0.0,0.0,0.0,0,SR3U22,-1.1755330822284629
2022-10-20,0.0,0.0,0.0,0.0,0.0,0.0,0.0,0.0,0,SR3U22,-1.1262521091530595
2022-10-21,0.0,0.0,0.0,0.0,0.0,0.0,0.0,0.0,0,SR3U22,-0.7080004433000935
2022-10-24,0.0,0.0,0.0,0.0,0.0,0.0,0.0,0.0,0,SR3U22,-1.308358709045431
2022-10-25,0.0,0.0,0.0,0.0,0.0,0.0,0.0,0.0,0,SR3U22,-0.8862029248172963
2022-10-26,0.0,0.0,0.0,0.0,0.0,0.0,0.0,0.0,0,SR3U22,-0.694203489339744
2022-10-27,0.0,0.0,0.0,0.0,0.0,0.0,0.0,0.0,0,SR3U22,-0.28044665736970154
2022-10-28,0.0,0.0,0.0,0.0,0.0,0.0,0.0,0.0,0,SR3U22,-0.6215972228048952
2022-10-31,0.0,0.0,0.0,0.0,0.0,0.0,0.0,0.0,0,SR3U22,-0.6291576618273516
2022-11-01,0.0,0.0,0.0,0.0,0.0,0.0,0.0,0.0,0,SR3U22,-0.7356670945460094
2022-11-02,0.0,0.0,0.0,0.0,0.0,0.0,0.0,0.0,0,SR3U22,-1.1805657585185594
2022-11-03,0.0,0.0,0.0,0.0,0.0,0.0,0.0,0.0,0,SR3U22,-1.2269551383155533
2022-11-04,0.0,0.0,0.0,0.0,0.0,0.0,0.0,0.0,0,SR3U22,-1.1833591176604972
2022-11-07,0.0,0.0,0.0,0.0,0.0,0.0,0.0,0.0,0,SR3U22,-1.1485456270642733
2022-11-08,0.0,0.0,0.0,0.0,0.0,0.0,0.0,0.0,0,SR3U22,-0.7608897518807595
2022-11-09,0.0,0.0,0.0,0.0,0.0,0.0,0.0,0.0,0,SR3U22,-0.6886396711398841
2022-11-10,0.0,0.0,0.0,0.0,0.0,0.0,0.0,0.0,0,SR3U22,-0.9095469184937143
2022-11-11,0.0,0.0,0.0,0.0,0.0,0.0,0.0,0.0,0,SR3U22,-0.8008696345967476
2022-11-14,0.0,0.0,0.0,0.0,0.0,0.0,0.0,0.0,0,SR3U22,-0.7875763932071503
2022-11-15,0.0,0.0,0.0,0.0,0.0,0.0,0.0,0.0,0,SR3U22,-1.051996284650137
2022-11-16,0.0,0.0,0.0,0.0,0.0,0.0,0.0,0.0,0,SR3U22,-1.0575522504137371
2022-11-17,0.0,0.0,0.0,0.0,0.0,0.0,0.0,0.0,0,SR3U22,-1.2398781083741668
2022-11-18,0.0,0.0,0.0,0.0,0.0,0.0,0.0,0.0,0,SR3U22,-1.179225089716298
2022-11-21,0.0,-27.554717741935484,0.0,0.0,0.0,0.0,0.0,-27.554717741935484,1,SR3U22,-1.5086728125018842
2022-11-22,13.441935483896946,13.441935483896946,2.704416567606005,0.0,4.821340986859971,5.916177949191329,-1.976035912676366e-08,0.0,1,SR3U22,-1.4131684058283507
2022-11-23,-13.441935483896946,-13.441935483896946,2.5363159012525838,0.0,-7.02060173429955,-8.957649649741846,-1.1081337281473957e-09,0.0,1,SR3U22,-1.4378924792071697
2022-11-25,4.3661290322540935,4.3661290322540935,8.565452584569089,0.0,-14.330598980704027,10.131275424917733,3.4712977725256856e-09,0.0,1,SR3U22,-1.2808514995810127
2022-11-28,20.832499999981053,20.832499999981053,7.822535913531992,0.0,-5.208749999998964,18.21871409175119,-5.303163385131102e-09,0.0,1,SR3U22,-0.9245575089814227
2022-11-29,17.808064516252266,17.808064516252266,1.5893735371808049,0.0,-5.863180855646718,22.081871829970364,4.74781636228272e-09,0.0,1,SR3U22,-0.7006615248954007
2022-11-30,-3.024435483868217,-3.024435483868217,0.0,-0.799996522882207,-5.863217813945142,3.6387788540423758,-1.0832439175047627e-09,0.0,1,SR3U22,-0.6685954108476055
2022-12-01,-17.138467741919897,-17.138467741919897,0.0,-1.8627138633708906,-13.349105714463397,-1.926648172867473,8.78186303605015e-09,0.0,1,SR3U22,-0.6428254118286724
2022-12-02,-44.691935484007956,-44.691935484007956,-1.7663713788362845,0.0,-5.863211863753488,-37.062352233367456,-8.050726651639882e-09,0.0,1,SR3U22,-0.9186535411118661
2022-12-05,6.720967741929371,6.720967741929371,4.709129008717561,0.0,2.9315852758720595,-0.919746548150302,5.490052512960398e-09,0.0,1,SR3U22,-0.7503267360915957
2022-12-06,55.77903225819142,26.37604838722368,1.6275322353542787,0.0,-2.9315859061472826,57.08308593064421,-1.6597819892687709e-09,-29.40298387096774,0,SR3U22,-0.23855011372381507
2022-12-07,0.0,0.0,0.0,0.0,0.0,0.0,0.0,0.0,0,SR3U22,-0.20344999661400132
2022-12-08,0.0,-58.6379435483871,0.0,0.0,0.0,0.0,0.0,-58.6379435483871,1,SR3Z22,-3.5558077259858094
2022-12-09,94.42959677421464,94.42959677421464,0.0,0.0,-10.8896702614935,105.31926702737442,8.33371616876423e-09,0.0,1,SR3Z22,-2.415943885600708
2022-12-12,-35.272580644984025,-35.272580644984025,0.0,0.0,4.257430347803478,-39.53001099336852,5.810190178441453e-10,0.0,1,SR3Z22,-2.8939353170079727
2022-12-13,-164.36016129035463,-164.36016129035463,0.0,0.0,29.870625945474075,-194.23078724086207,5.033361741738879e-09,0.0,1,SR3Z22,-4.373820513376934
2022-12-14,2.0112903225195993,2.0112903225195993,0.0,0.0,3.430918345264029,-1.4196280032498751,-1.949455452979288e-08,0.0,1,SR3Z22,-4.385062518438924
2022-12-15,40.6593548386727,40.6593548386727,0.0,0.0,9.40935483870076,31.249999990091904,9.880030585777383e-09,0.0,1,SR3Z22,-4.137593745715266
2022-12-16,-73.59459677415336,-73.59459677415336,0.0,0.0,-9.518581348170645,-64.07601544501992,1.9037205245900447e-08,0.0,1,SR3Z22,-4.630581343278929
2022-12-19,25.216129032170194,25.216129032170194,0.0,0.0,0.6079973878819587,24.608131649838636,-5.550402689429516e-09,0.0,1,SR3Z22,-4.602473167605264
2022-12-20,-43.35024193547119,-43.35024193547119,0.0,0.0,-7.785186541128116,-35.56505541336859,1.902551638813344e-08,0.0,1,SR3Z22,-4.855560711267499
2022-12-21,36.95782258072997,36.95782258072997,0.0,0.0,3.6402927048299034,33.317529913890574,-3.799050874603484e-08,0.0,1,SR3Z22,-4.619342142088395
2022-12-22,-13.436935483772789,-13.436935483772789,3.0317828426329463,0.0,16.994777676241988,-33.46349603879933,3.6151603832387715e-08,0.0,1,SR3Z22,-4.825705266174622
2022-12-23,29.238709677215127,29.238709677215127,3.4363594410447007,0.0,-3.551185849465135,29.35353610044833,-1.481276878934068e-08,0.0,1,SR3Z22,-4.658389121006862
2022-12-27,15.801774193646715,15.801774193646715,12.314811339719789,0.0,13.140204403421542,-9.653241527002816,-2.2491800765941837e-08,0.0,1,SR3Z22,-4.493360215594463
2022-12-28,-15.801774193646715,-15.801774193646715,3.2104367735708017,0.0,-13.908540325960935,-5.103670655421721,1.4165139283761619e-08,0.0,1,SR3Z22,-4.47321321224674
2022-12-29,9.735403225889275,9.735403225889275,3.2797696142283783,0.0,4.848967552553017,1.6066660717660994,-1.2658220135157931e-08,0.0,1,SR3Z22,-4.205587611768221
2022-12-30,101.148064516123,101.148064516123,0.0,2.9396452403185336,6.813183405728605,91.39523588041035,-1.0334487932084357e-08,0.0,1,SR3Z22,-3.11001681788467
2023-01-03,-20.832499999981053,-20.832499999981053,0.0,6.836460052828119,0.0,-27.668960082185677,2.937650567247374e-08,0.0,1,SR3Z22,-3.2260136892108875
2023-01-04,0.0,0.0,0.7427005736637682,0.0,-0.35922413793185637,-0.3834764178906278,-1.7841284005726266e-08,0.0,1,SR3Z22,-3.1812116563049053
2023-01-05,6.392419354945595,6.392419354945595,2.2568520195553887,0.0,3.8907431408976123,0.24482418011890972,1.4373684464885628e-08,0.0,1,SR3Z22,-3.131451742829091
2023-01-06,-34.625483871134904,-34.625483871134904,0.7551691986074083,0.0,0.4962913923334753,-35.87694446744257,5.366781255959047e-09,0.0,1,SR3Z22,-3.3924035939004646
2023-01-09,2.011290322697235,2.011290322697235,3.8645691396999027,0.0,2.22740881613354,-4.080687609064188,-2.4072019818326622e-08,0.0,1,SR3Z22,-3.2681386570094006
2023-01-10,30.244354838741387,30.244354838741387,1.3697670842804932,0.0,-2.167581253527377,31.042168991338624,1.6649647109041384e-08,0.0,1,SR3Z22,-2.969890981983964
2023-01-11,0.0,0.0,0.8917472129721382,0.0,-0.47352272726859557,-0.4182244916580391,5.9544964514657295e-09,0.0,1,SR3Z22,-2.9247278349932935
2023-01-12,-32.614193548437655,-32.614193548437655,2.4094091269799556,0.0,3.8052091858800026,-38.82881186995533,8.657719874349823e-09,0.0,1,SR3Z22,-3.183822046343055
2023-01-13,40.65935483869944,40.65935483869944,3.0436735096617262,0.0,8.888479838720361,28.72720151494043,-2.4623069919933245e-08,0.0,1,SR3Z22,-2.8645055670229005
2023-01-17,21.840645161243714,21.840645161243714,10.321062439222484,0.0,-11.602512733464238,23.122095430129647,2.535581966611744e-08,0.0,1,SR3Z22,-2.4864982633106187
2023-01-18,-61.49435483865375,-61.49435483865375,0.7105324388412271,0.0,1.018383632290913,-63.22327088562337,-2.4162520214034547e-08,0.0,1,SR3Z22,-2.9839192495713984
2023-01-19,-40.66185483873191,-40.66185483873191,3.355511996827598,0.0,0.9689410446382567,-44.986307881382366,1.1845999736692647e-09,0.0,1,SR3Z22,-3.20437996633598
2023-01-20,11.42314516125319,11.42314516125319,2.49421408883288,0.0,1.7130549142973042,7.215876137541143,2.0581862551189774e-08,0.0,1,SR3Z22,-3.227121501769699
2023-01-23,60.48620967739109,60.48620967739109,12.16784579879393,0.0,5.091978570772984,43.22638532410947,-1.6285297554929912e-08,0.0,1,SR3Z22,-2.6252382065940867
2023-01-24,31.24999999997158,31.24999999997158,3.056005672330553,0.0,0.0,28.193994357017527,-2.9376500343403222e-08,0.0,1,SR3Z22,-2.3439881419701067
2023-01-25,2.013790322729708,2.013790322729708,2.4920381092030652,0.0,-7.696835440081735,7.218587622146327,3.146205085705157e-08,0.0,1,SR3Z22,-2.3158199895391647
2023-01-26,-1.0081451612626626,-1.0081451612626626,1.053915037385611,0.0,7.921140553008944,-9.983200752846829,1.1896110763132128e-09,0.0,1,SR3Z22,-2.2701473536121535
2023-01-27,1.005645161262665,1.005645161262665,2.57927556336357,0.0,1.7123426923475478,-3.2859731221690502,2.772059726566335e-08,0.0,1,SR3Z22,-2.3772345081528
2023-01-30,81.32120967737214,81.32120967737214,7.945647558948998,0.0,2.136138655356138,71.23942350195645,-3.8889448994439135e-08,0.0,1,SR3Z22,-1.7300473660554072
2023-01-31,21.84064516127046,21.84064516127046,0.0,1.029895240511891,-3.84865666222011,24.65940658618722,-3.2085436529882827e-09,0.0,1,SR3Z22,-1.3605173557968089
2023-02-01,-29.238709677419504,-29.238709677419504,0.0,-0.8047361836460709,-12.554497172160211,-15.87947632793242,6.319195947874563e-09,0.0,1,SR3Z22,-1.4470872098932777
2023-02-02,0.0,0.0,-0.4265977452178049,0.0,0.0,0.4265977368874312,8.330373724163564e-09,0.0,1,SR3Z22,-1.4015064052887813
2023-02-03,18.81870967742898,18.81870967742898,-0.21428148897495447,0.0,21.77343977498336,-2.7404485966758023,-1.1903622976205952e-08,0.0,1,SR3Z22,-1.421346925658701
2023-02-06,29.236209677392765,29.236209677392765,3.850176135056227,0.0,18.13184154553486,7.254191993226758,3.574918139293004e-09,0.0,1,SR3Z22,-1.320833155395751
2023-02-07,1.0056451612301913,1.0056451612301913,1.3877886661295413,0.0,-10.121109497085222,9.738965991834302,3.5156944022673997e-10,0.0,1,SR3Z22,-1.039837088025945
2023-02-08,31.250000000149214,31.250000000149214,0.558172271492019,0.0,0.20293831168865584,30.488889408094156,8.874383894408311e-09,0.0,1,SR3Z22,-0.7588379595180591
2023-02-09,19.82685483875086,19.82685483875086,-0.3188518009067387,0.0,9.621956879522475,10.523749739917966,2.02171612784241e-08,0.0,1,SR3Z22,-0.725334349853904
2023-02-10,-19.82685483875086,-19.82685483875086,-0.32823104710866247,0.0,10.13187129381231,-29.630495078312073,-7.142435087814647e-09,0.0,1,SR3Z22,-1.0710777706455887
2023-02-13,0.0,0.0,-1.0142802110091331,0.0,-20.813278524663147,21.827558757069973,-2.139769250675272e-08,0.0,1,SR3Z22,-0.578949280773692
2023-02-14,19.82685483875086,19.82685483875086,-0.3719924225764615,0.0,9.595381624419552,10.603465622645107,1.4262663938779951e-08,0.0,1,SR3Z22,-0.545858108644061
2023-02-15,0.0,0.0,-0.38482142472595626,0.0,-0.49607142856939124,0.880892850908368,2.3869795029440866e-09,0.0,1,SR3Z22,-0.553438850422143
2023-02-16,0.0,0.0,-0.3985669044803686,0.0,-0.5315051020399553,0.9300720326882805,-2.616795669041494e-08,0.0,1,SR3Z22,-0.561019561570646
2023-02-17,9.409354838727863,9.409354838727863,-0.41333071369997754,0.0,8.836964728837009,0.9857208152661885,8.324643082395992e-09,0.0,1,SR3Z22,-0.5663049475948159
2023-02-21,9.40935483870112,9.40935483870112,-1.7162712025342586,0.0,6.928997695839001,4.196628337066003,8.330374497738317e-09,0.0,1,SR3Z22,-0.5969867260689766
2023-02-22,-21.840645161448094,-21.840645161448094,-0.5072507461623132,0.0,8.479220910121377,-29.812615317724415,-7.68274166865291e-09,0.0,1,SR3Z22,-0.8114749358156681
2023-02-23,21.840645161448094,21.840645161448094,0.9568494615641576,0.0,-10.472365042779717,31.35616073855583,4.107826852866252e-09,0.0,1,SR3Z22,-0.5309809461427124
2023-02-24,-51.076854838900076,-51.076854838900076,-0.5579815906986418,0.0,-10.64953341013385,-39.869339841098494,3.0309140716935286e-09,0.0,1,SR3Z22,-0.751508350914867
2023-02-27,10.417500000049742,10.417500000049742,3.1719446414668617,0.0,1.7858571428757157,5.459698214519225,1.18794029810209e-09,0.0,1,SR3Z22,-0.6515437066881506
2023-02-28,0.0,0.0,0.0,1.2558478970969844,15.850919618317626,-17.106767515414614,3.552713678800501e-15,0.0,1,SR3Z22,-0.7426453515502106
2023-03-01,-10.417500000049742,-10.417500000049742,0.0,1.339579561565607,-10.417500000023836,-1.3395795544527802,-7.138732386586584e-09,0.0,1,SR3Z22,-0.7010921451734526
2023-03-02,35.954677419499774,-68.44060483856475,1.4352741840251149,0.0,-14.836581503568247,49.35598473968517,-6.422633607745673e-10,-104.39528225806453,1,SR3H23,-2.0056904387138084
2023-03-03,-17.35999999998421,-17.35999999998421,0.0,0.0,-6.066215168164815,-11.293784813446429,-1.837296691847666e-08,0.0,1,SR3H23,-1.1253304253560614
2023-03-06,-31.24000000005053,-31.24000000005053,0.0,0.0,3.4781716661487962,-34.71817169649405,3.0294728618180726e-08,0.0,1,SR3H23,-1.5638854503949329
2023-03-07,-5.266774193530921,-5.266774193530921,0.0,0.0,54.178923196624055,-59.44569736146474,-2.8690237741102464e-08,0.0,1,SR3H23,-2.1609256262655747
2023-03-08,33.301290322543366,33.301290322543366,0.0,0.0,7.183644386861673,26.117645922036232,1.3645459099571385e-08,0.0,1,SR3H23,-1.6442630799665023
2023-03-09,-83.14346774189235,-83.14346774189235,0.0,0.0,-20.060793697190206,-63.08267403102385,-1.3678301272996636e-08,0.0,1,SR3H23,-2.1695133785713963
2023-03-10,-296.60669354845845,-296.60669354845845,0.0,0.0,-101.6455897473761,-194.96110381727448,1.619212841227812e-08,0.0,1,SR3H23,-4.7338449848757325
2023-03-13,-121.28491935470765,-121.28491935470765,0.0,0.0,-258.173936909845,136.8890175998827,-4.4745347756751864e-08,0.0,1,SR3H23,-4.082178056731095
2023-03-14,-199.95330645172146,-199.95330645172146,0.0,0.0,49.74963669338359,-249.70294316739412,2.2289063813268e-08,0.0,1,SR3H23,-4.052247695832028
2023-03-15,47.98741935494007,47.98741935494007,0.0,0.0,-123.85640551217625,171.8438248809481,-1.3831766184026609e-08,0.0,1,SR3H23,-3.4811260235504897
2023-03-16,203.26975806454152,203.26975806454152,-1.7192194178505815,0.0,139.46388894214255,65.5250885081143,3.2135247896383865e-08,0.0,1,SR3H23,-2.946911284945203
2023-03-17,-356.2912903226446,-356.2912903226446,-1.1149313951630546,0.0,-153.51934030742075,-201.65701861757216,-2.4886415222487165e-09,0.0,1,SR3H23,-4.037060491946685
2023-03-20,67.04064516132809,67.04064516132809,9.983987503070502,0.0,57.12140277165247,-0.06474511340996436,1.5083045923347527e-11,0.0,1,SR3H23,-4.253048190838158
2023-03-21,254.5456451613677,254.5456451613677,3.678575723620181,0.0,132.98632585613268,117.88074359579645,-1.4181601899978094e-08,0.0,1,SR3H23,-3.52751893784026
2023-03-22,-40.8708870968357,-40.8708870968357,2.749861686313082,0.0,-47.78852721558399,4.167778420505331,1.1929876756717535e-08,0.0,1,SR3H23,-3.186329327430269
2023-03-23,27.73999999991554,27.73999999991554,2.335238327200173,0.0,-46.01491221798534,71.41967388694819,3.752516634343069e-09,0.0,1,SR3H23,-2.4177860021464315
2023-03-24,48.59500000009393,48.59500000009393,0.6278182259844556,0.0,0.970384222521048,46.99679755718027,-5.591845982671144e-09,0.0,1,SR3H23,-1.3656251970381432
2023-03-27,33.547822580607715,33.547822580607715,0.08049380753050173,0.0,71.91896520129342,-38.45163644437158,1.6155378368409856e-08,0.0,1,SR3H23,-2.3011797946915618
2023-03-28,55.54500000002842,55.54500000002842,0.20214975612331543,0.0,2.6648030577115804,52.67804719200784,-5.8143098078102736e-09,0.0,1,SR3H23,-1.5276078846548882
2023-03-29,31.24999999997158,31.24999999997158,-4.779418944289571,0.0,-0.5528537981305075,36.58227276581939,-2.3427734419101398e-08,0.0,1,SR3H23,-1.2198445388468762
2023-03-30,45.15000000005763,45.15000000005763,-3.916165650952319,0.0,9.40447752809586,39.66168811584321,7.070879881609926e-09,0.0,1,SR3H23,-1.0571559633693992
2023-03-31,-59.025000000084475,-59.025000000084475,0.0,-2.841992676916316,0.06670433460278602,-56.24971166772964,9.958699642709234e-09,0.0,1,SR3H23,-1.2766076458844764
2023-04-03,-38.180000000004725,-38.180000000004725,0.0,-25.804409031993103,28.720374917573878,-41.09596585567981,-2.990569125671527e-08,0.0,1,SR3H23,-1.5055398005724465
2023-04-04,-93.7724999999542,-93.7724999999542,-4.259692161245887,0.0,-44.53216082454155,-44.98064704811739,3.395061387578835e-08,0.0,1,SR3H23,-1.9008242094871264
2023-04-05,-38.20250000006395,-38.20250000006395,-2.2855378640773694,0.0,5.0363302335605695,-40.95329235838447,-1.1162674340425838e-08,0.0,1,SR3H23,-2.0967724086496
2023-04-06,152.78999999999922,152.78999999999922,0.6705582589194847,0.0,19.165109645394317,132.95433212220615,-2.652073849418457e-08,0.0,1,SR3H23,-1.1594168172593635
2023-04-07,97.25999999999053,97.25999999999053,-3.3448130194124737,0.0,52.658630405523525,47.94618259001094,2.3868532927906472e-08,0.0,1,SR3H23,-0.8086407114789333
2023-04-10,-31.24249999987289,-31.24249999987289,0.0,0.0,8.961027957374412,-40.20352795409798,-3.149323468676357e-09,0.0,1,SR3H23,-1.232797358566998
2023-04-11,-38.19500000002448,-38.19500000002448,-0.6026761202315711,0.0,12.572156798565103,-50.16448068853875,1.0180739806742167e-08,0.0,1,SR3H23,-1.601816572902023
2023-04-12,-13.889999999987367,-13.889999999987367,1.389373230753499,0.0,-6.101473020786166,-9.177900226249072,1.6294372073843988e-08,0.0,1,SR3H23,-1.641458899118259
2023-04-13,34.719999999928945,34.719999999928945,1.513062993263592,0.0,-12.696402441630394,45.90333946454694,-1.6251190615435007e-08,0.0,1,SR3H23,-1.2449483716540402
2023-04-14,65.99250000003869,65.99250000003869,0.8397355035771881,0.0,39.53100429494803,25.621760204887316,-3.37385142046287e-09,0.0,1,SR3H23,-1.0832391126373813
2023-04-17,-13.880000000066318,-13.880000000066318,1.8224091185237157,0.0,22.2009047926498,-37.90331392626115,1.502131485864311e-08,0.0,1,SR3H23,-1.4163510116491187
2023-04-18,-45.139999999958945,-45.139999999958945,1.1908631356583044,0.0,-6.622003891975552,-39.7088592242461,-1.9395602457450423e-08,0.0,1,SR3H23,-1.7365686171258097
2023-04-19,31.25500000001105,31.25500000001105,1.8114161915327998,0.0,14.410180039707882,15.033403754511404,1.425896556384032e-08,0.0,1,SR3H23,-1.5859993025522972
2023-04-20,34.719999999928945,34.719999999928945,1.5727674479104614,0.0,-13.243839837721346,46.39107239886586,-9.126029709705108e-09,0.0,1,SR3H23,-1.1897055522527449
2023-04-21,17.365000000023684,17.365000000023684,0.824392874387847,0.0,7.788546992925156,8.752060157213304,-2.4502622153477205e-08,0.0,1,SR3H23,-1.1842617233062658
2023-04-24,3.475000000056056,3.475000000056056,2.0421545107951466,0.0,1.1663982188987987,0.26644724896440763,2.1397703164893755e-08,0.0,1,SR3H23,-1.109027869803145
2023-04-25,-31.275000000129467,-31.275000000129467,0.6763098397644107,0.0,-41.28104658770843,9.329736741329569,6.4849841052705415e-09,0.0,1,SR3H23,-1.0110142254572567
2023-04-26,-20.837499999803413,-20.837499999803413,0.5125649598758386,0.0,10.907870446244933,-32.257935413257826,7.333639473472431e-09,0.0,1,SR3H23,-1.1604338506407137
2023-04-27,76.4124999998121,76.4124999998121,0.9026296638681153,0.0,30.122942109788085,45.38692824195684,-1.5800941000065905e-08,0.0,1,SR3H23,-0.8417243207134728
2023-04-28,17.360000000161847,17.360000000161847,0.0,-1.0635767266897744,-6.622047415324675,25.045624117504673,2.4671624743177745e-08,0.0,1,SR3H23,-0.5722246406873704
2023-05-01,-3.4625000000363144,-3.4625000000363144,0.0,-4.581130887904017,19.471936329870836,-18.353305423390864,-1.86122690593038e-08,0.0,1,SR3H23,-0.701662926985121
2023-05-02,-138.90999999997237,-138.90999999997237,-1.1675663619592491,0.0,-64.2661932982643,-73.47624033798355,-1.765275037257652e-09,0.0,1,SR3H23,-1.2622712490203736
2023-05-03,104.184999999925,104.184999999925,0.3022310371414427,0.0,32.320010932375666,71.56275803272456,-2.3166686347053655e-09,0.0,1,SR3H23,-0.6660020136028417
2023-05-04,-72.93000000007184,-72.93000000007184,-1.158449745308765,0.0,-48.68705648828191,-23.084493753297885,-1.3183282021600462e-08,0.0,1,SR3H23,-0.8286210182428896
2023-05-05,52.09250000005132,8.183427419406158,-3.296929514096103,0.0,22.376872949925925,33.01255654897815,1.5243347029070264e-08,-43.90907258064516,0,SR3H23,-0.1782540241223029
2023-05-08,0.0,0.0,0.0,0.0,0.0,0.0,0.0,0.0,0,SR3H23,-0.4712381556840917
2023-05-09,0.0,0.0,0.0,0.0,0.0,0.0,0.0,0.0,0,SR3H23,-0.3278698820704723
2023-05-10,0.0,0.0,0.0,0.0,0.0,0.0,0.0,0.0,0,SR3H23,-0.5862381282536688
2023-05-11,0.0,0.0,0.0,0.0,0.0,0.0,0.0,0.0,0,SR3H23,-0.6896262171538579
2023-05-12,0.0,0.0,0.0,0.0,0.0,0.0,0.0,0.0,0,SR3H23,-0.5450131870869549
2023-05-15,0.0,0.0,0.0,0.0,0.0,0.0,0.0,0.0,0,SR3H23,-0.4333384118414856
2023-05-16,0.0,0.0,0.0,0.0,0.0,0.0,0.0,0.0,0,SR3H23,-0.3807000125113679
2023-05-17,0.0,0.0,0.0,0.0,0.0,0.0,0.0,0.0,0,SR3H23,-0.5276319422766608
2023-05-18,0.0,0.0,0.0,0.0,0.0,0.0,0.0,0.0,0,SR3H23,-0.5597808037089955
2023-05-19,0.0,0.0,0.0,0.0,0.0,0.0,0.0,0.0,0,SR3H23,-0.5126452973009842
2023-05-22,0.0,0.0,0.0,0.0,0.0,0.0,0.0,0.0,0,SR3H23,-0.8381656878768389
2023-05-23,0.0,0.0,0.0,0.0,0.0,0.0,0.0,0.0,0,SR3H23,-0.9524042145416827
2023-05-24,0.0,0.0,0.0,0.0,0.0,0.0,0.0,0.0,0,SR3H23,-1.009251510351423
2023-05-25,0.0,0.0,0.0,0.0,0.0,0.0,0.0,0.0,0,SR3H23,-1.1234910658804182
2023-05-26,0.0,0.0,0.0,0.0,0.0,0.0,0.0,0.0,0,SR3H23,-0.7319597830471123
2023-05-30,0.0,0.0,0.0,0.0,0.0,0.0,0.0,0.0,0,SR3H23,-0.28768088275790304
2023-05-31,0.0,0.0,0.0,0.0,0.0,0.0,0.0,0.0,0,SR3H23,-0.4526849792487555
2023-06-01,0.0,0.0,0.0,0.0,0.0,0.0,0.0,0.0,0,SR3H23,-0.49305274392184023
2023-06-02,0.0,0.0,0.0,0.0,0.0,0.0,0.0,0.0,0,SR3H23,-0.6119166388020928
2023-06-05,0.0,0.0,0.0,0.0,0.0,0.0,0.0,0.0,0,SR3H23,-0.34389623019386584
2023-06-06,0.0,0.0,0.0,0.0,0.0,0.0,0.0,0.0,0,SR3H23,-0.40440388427019663
2023-06-07,0.0,-60.419000000000004,0.0,0.0,0.0,0.0,0.0,-60.419000000000004,1,SR3M23,-2.503331936056296
2023-06-08,0.0,0.0,0.0,0.0,1.1473222372160308e-11,-1.4804157899561687e-11,3.3309355274012142e-12,0.0,1,SR3M23,-2.503331936056296
2023-06-09,90.98699999995279,90.98699999995279,0.0,0.0,8.241270402018273,82.74572960744138,-9.506864628860967e-09,0.0,1,SR3M23,-2.078476779491006
2023-06-12,-74.30399999995217,-74.30399999995217,0.0,0.0,70.93014703202829,-145.23414700179475,-3.018570460255887e-08,0.0,1,SR3M23,-3.9905345823762044
2023-06-13,126.34899999990881,126.34899999990881,0.0,0.0,20.819436514594315,105.52956345376799,3.1546510292912444e-08,0.0,1,SR3M23,-2.453613957512696
2023-06-14,63.87399999994386,63.87399999994386,0.0,0.0,62.65219964321312,1.221800341948743,1.4781992518919651e-08,0.0,1,SR3M23,-2.8224612852695024
2023-06-15,-28.469499999877385,-28.469499999877385,0.0,0.0,13.195500000020814,-41.664999987467404,-1.2430796836326863e-08,0.0,1,SR3M23,-3.3161091231745643
2023-06-16,-39.576500000082426,-99.99550000008243,0.0,0.0,-177.12546807805504,137.54896804485207,3.312053475923449e-08,-60.419000000000004,0,SR3M23,-0.31503639704920844
2023-06-20,0.0,-60.419000000000004,0.0,0.0,0.0,0.0,0.0,-60.419000000000004,1,SR3M23,-3.802694521852398
2023-06-21,-72.91500000011132,-117.70900000011132,0.0,0.0,-223.5362374770113,150.62123749300054,-1.6100559108167545e-08,-44.794,0,SR3M23,0.07769831696653459
2023-06-22,0.0,0.0,0.0,0.0,0.0,0.0,0.0,0.0,0,SR3M23,-1.2741543938907167
2023-06-23,0.0,0.0,0.0,0.0,0.0,0.0,0.0,0.0,0,SR3M23,-0.6476465750556933
2023-06-26,0.0,0.0,0.0,0.0,0.0,0.0,0.0,0.0,0,SR3M23,-0.5584305407756889
2023-06-27,0.0,-44.794,0.0,0.0,0.0,0.0,0.0,-44.794,1,SR3M23,-1.9086612649227805
2023-06-28,31.250000000089997,31.250000000089997,-0.2934448969593717,0.0,87.55027091277188,-56.00682601716707,1.4445635798665535e-09,0.0,1,SR3M23,-3.505712161701858
2023-06-29,30.570499999988016,30.570499999988016,0.7639008810067516,0.0,-7.576493312539753,37.38309243808365,-6.562632215434405e-09,0.0,1,SR3M23,-2.8254505056312915
2023-06-30,-19.448500000019816,-19.448500000019816,0.0,-0.20259877072659194,-27.432750000017116,8.18684877604063,-5.3167372726647955e-09,0.0,1,SR3M23,-2.441794350638326
2023-07-03,-7.634499999955553,-7.634499999955553,0.0,-14.27865421613772,73.82955236568006,-67.18539815792822,8.430328435338197e-09,0.0,1,SR3M23,-3.7263186938019226
2023-07-05,86.1129999999809,86.1129999999809,6.054262464993965,0.0,56.801893839837916,23.256843693683535,1.46548462254259e-09,0.0,1,SR3M23,-4.11254993615536
2023-07-06,-4.8564999999955845,-4.8564999999955845,3.834996350149389,0.0,-17.21673687434508,8.525240524547975,-3.4786751257342985e-10,0.0,1,SR3M23,-3.6408979962826544
2023-07-07,44.44799999999708,44.44799999999708,3.147072972553566,0.0,-30.413663912961937,71.71459094041656,-1.1107559316769766e-11,0.0,1,SR3M23,-2.713254219752874
2023-07-10,-31.250000000149214,-31.250000000149214,4.820530014726376,0.0,-2.6894220184203733e-11,-36.07052999802178,-1.6826911686251834e-08,0.0,1,SR3M23,-2.8731216573000515
2023-07-11,-31.24999999997158,-31.24999999997158,2.108356172059178,0.0,-96.25115739264385,62.89280118565624,3.4956849859213435e-08,0.0,1,SR3M23,-1.211859351073803
2023-07-12,-50.003999999992025,-50.003999999992025,-2.164846985186486,0.0,94.67915739441389,-142.51831040703232,-2.1871153776942265e-09,0.0,1,SR3M23,-3.8779052000590903
2023-07-13,41.667499999962104,41.667499999962104,5.482765756792407,0.0,-43.61053087780287,79.79526514935726,-2.8384690153870906e-08,0.0,1,SR3M23,-2.6763048316535256
2023-07-14,15.978500000044683,15.978500000044683,1.9983628257613795,0.0,-17.218870584024394,31.19900776415117,-5.843471484467955e-09,0.0,1,SR3M23,-2.249112513931364
2023-07-17,-18.05199999988686,-18.05199999988686,7.779896292026134,0.0,-30.415649505562,4.583753203035271,1.0613736556308595e-08,0.0,1,SR3M23,-1.8526818439368828
2023-07-18,13.195499999987998,13.195499999987998,0.4586940420936436,0.0,13.195499999987998,-0.45869408052956473,3.843592200070134e-08,0.0,1,SR3M23,-1.8572843210680992
2023-07-19,0.0,0.0,0.4658621565512,0.0,0.0,-0.4658621400754903,-1.6475709685437323e-08,0.0,1,SR3M23,-1.8276423236710146
2023-07-20,-41.66750000002132,-41.66750000002132,1.8648742736826485,0.0,43.60999523552046,-87.14236952221773,1.2993304210340284e-08,0.0,1,SR3M23,-2.992604789158385
2023-07-21,31.24999999997158,31.24999999997158,2.9209288833764724,0.0,-2.3439916674306004e-12,28.329071133983543,-1.738609256562995e-08,0.0,1,SR3M23,-2.730043772416186
2023-07-24,44.448000000018794,44.448000000018794,11.540887681771306,0.0,-30.416981235926873,63.3240935508807,3.2936613436618245e-09,0.0,1,SR3M23,-1.7365781201583281
2023-07-25,44.4480000000563,44.4480000000563,2.0016383704413165,0.0,-30.417192535467223,72.86355418373026,-1.8648054656011936e-08,0.0,1,SR3M23,-0.7808898162308242
2023-07-26,-31.24999999997158,-31.24999999997158,-1.436166931523264,0.0,9.746070617211445e-12,-29.81383305730032,-1.1157740509304404e-08,0.0,1,SR3M23,-0.9978207301096474
2023-07-27,13.195499999987998,13.195499999987998,-0.9037050931692825,0.0,13.195499999987998,0.903705076704675,1.646460834336949e-08,0.0,1,SR3M23,-0.967948245123067
2023-07-28,34.03049999996905,34.03049999996905,-0.9201321946150642,0.0,13.195499999851059,21.755132168372658,2.6360400084968205e-08,0.0,1,SR3M23,-0.9495546843371477
2023-07-31,-23.612999999978523,-23.612999999978523,0.0,1.36292338295263,-13.1954999999991,-11.780423351090857,-3.184119634624949e-08,0.0,1,SR3M23,-0.7194348666780938
2023-08-01,10.417499999990525,10.417499999990525,0.0,-0.9104464907205845,-1.4804157899561687e-11,11.327946486340533,4.385380947269368e-09,0.0,1,SR3M23,-0.6931078387062485
2023-08-02,0.0,0.0,-0.9286579988554422,0.0,0.0,0.9286579944700613,4.385380947269368e-09,0.0,1,SR3M23,-0.6665086793746886
2023-08-03,0.0,0.0,0.4440028784080674,0.0,0.0,-0.4440028795182904,1.1102230246251565e-09,0.0,1,SR3M23,-0.6509001048031816
2023-08-04,7.636999999993055,-33.68450000000695,0.4532543022239821,0.0,-13.195499999984296,20.37924569101432,6.739050206761021e-09,-41.3215,0,SR3M23,-0.3578040667199812
2023-08-07,0.0,0.0,0.0,0.0,0.0,0.0,0.0,0.0,0,SR3M23,-0.31294041926239374
2023-08-08,0.0,0.0,0.0,0.0,0.0,0.0,0.0,0.0,0,SR3M23,-0.2979853797391741
2023-08-09,0.0,0.0,0.0,0.0,0.0,0.0,0.0,0.0,0,SR3M23,-0.28303032840711856
2023-08-10,0.0,0.0,0.0,0.0,0.0,0.0,0.0,0.0,0,SR3M23,-0.2680752645298356
2023-08-11,0.0,0.0,0.0,0.0,0.0,0.0,0.0,0.0,0,SR3M23,-0.4914443191113729
2023-08-14,0.0,0.0,0.0,0.0,0.0,0.0,0.0,0.0,0,SR3M23,-0.44721675980064846
2023-08-15,0.0,0.0,0.0,0.0,0.0,0.0,0.0,0.0,0,SR3M23,-0.2193692205622977
2023-08-16,0.0,0.0,0.0,0.0,0.0,0.0,0.0,0.0,0,SR3M23,-0.48513237449642915
2023-08-17,0.0,0.0,0.0,0.0,0.0,0.0,0.0,0.0,0,SR3M23,-0.25728277871704913
2023-08-18,0.0,0.0,0.0,0.0,0.0,0.0,0.0,0.0,0,SR3M23,-0.26490971174309447
2023-08-21,0.0,0.0,0.0,0.0,0.0,0.0,0.0,0.0,0,SR3M23,-0.46852046259636965
2023-08-22,0.0,0.0,0.0,0.0,0.0,0.0,0.0,0.0,0,SR3M23,-0.45412280799728855
2023-08-23,0.0,0.0,0.0,0.0,0.0,0.0,0.0,0.0,0,SR3M23,-0.19291728920154858
2023-08-24,0.0,0.0,0.0,0.0,0.0,0.0,0.0,0.0,0,SR3M23,-0.4253276930999917
2023-08-25,0.0,0.0,0.0,0.0,0.0,0.0,0.0,0.0,0,SR3M23,-0.416895659968685
2023-08-28,0.0,0.0,0.0,0.0,0.0,0.0,0.0,0.0,0,SR3M23,-0.3730056743964484
2023-08-29,0.0,0.0,0.0,0.0,0.0,0.0,0.0,0.0,0,SR3M23,-0.11156917018954615
2023-08-30,0.0,0.0,0.0,0.0,0.0,0.0,0.0,0.0,0,SR3M23,-0.09693953164355178
2023-08-31,0.0,0.0,0.0,0.0,0.0,0.0,0.0,0.0,0,SR3M23,-0.056312756570205194
2023-09-01,0.0,0.0,0.0,0.0,0.0,0.0,0.0,0.0,0,SR3M23,-0.042520165701350754
2023-09-05,0.0,0.0,0.0,0.0,0.0,0.0,0.0,0.0,0,SR3M23,-0.19051404887164153
2023-09-06,0.0,0.0,0.0,0.0,0.0,0.0,0.0,0.0,0,SR3M23,-0.16580757288768874
2023-09-07,0.0,0.0,0.0,0.0,0.0,0.0,0.0,0.0,0,SR3U23,
2023-09-08,0.0,0.0,0.0,0.0,0.0,0.0,0.0,0.0,0,SR3U23,
2023-09-11,0.0,0.0,0.0,0.0,0.0,0.0,0.0,0.0,0,SR3U23,
2023-09-12,0.0,0.0,0.0,0.0,0.0,0.0,0.0,0.0,0,SR3U23,
2023-09-13,0.0,0.0,0.0,0.0,0.0,0.0,0.0,0.0,0,SR3U23,
2023-09-14,0.0,0.0,0.0,0.0,0.0,0.0,0.0,0.0,0,SR3U23,
2023-09-15,0.0,0.0,0.0,0.0,0.0,0.0,0.0,0.0,0,SR3U23,
2023-09-18,0.0,0.0,0.0,0.0,0.0,0.0,0.0,0.0,0,SR3U23,
2023-09-19,0.0,0.0,0.0,0.0,0.0,0.0,0.0,0.0,0,SR3U23,
2023-09-20,0.0,0.0,0.0,0.0,0.0,0.0,0.0,0.0,0,SR3U23,
2023-09-21,0.0,0.0,0.0,0.0,0.0,0.0,0.0,0.0,0,SR3U23,
2023-09-22,0.0,0.0,0.0,0.0,0.0,0.0,0.0,0.0,0,SR3U23,
2023-09-25,0.0,0.0,0.0,0.0,0.0,0.0,0.0,0.0,0,SR3U23,
2023-09-26,0.0,0.0,0.0,0.0,0.0,0.0,0.0,0.0,0,SR3U23,
2023-09-27,0.0,0.0,0.0,0.0,0.0,0.0,0.0,0.0,0,SR3U23,
2023-09-28,0.0,0.0,0.0,0.0,0.0,0.0,0.0,0.0,0,SR3U23,
2023-09-29,0.0,0.0,0.0,0.0,0.0,0.0,0.0,0.0,0,SR3U23,
2023-10-02,0.0,0.0,0.0,0.0,0.0,0.0,0.0,0.0,0,SR3U23,
2023-10-03,0.0,0.0,0.0,0.0,0.0,0.0,0.0,0.0,0,SR3U23,
2023-10-04,0.0,0.0,0.0,0.0,0.0,0.0,0.0,0.0,0,SR3U23,
2023-10-05,0.0,0.0,0.0,0.0,0.0,0.0,0.0,0.0,0,SR3U23,
2023-10-06,0.0,0.0,0.0,0.0,0.0,0.0,0.0,0.0,0,SR3U23,
2023-10-09,0.0,0.0,0.0,0.0,0.0,0.0,0.0,0.0,0,SR3U23,
2023-10-10,0.0,0.0,0.0,0.0,0.0,0.0,0.0,0.0,0,SR3U23,
2023-10-11,0.0,0.0,0.0,0.0,0.0,0.0,0.0,0.0,0,SR3U23,
2023-10-12,0.0,0.0,0.0,0.0,0.0,0.0,0.0,0.0,0,SR3U23,
2023-10-13,0.0,0.0,0.0,0.0,0.0,0.0,0.0,0.0,0,SR3U23,
2023-10-16,0.0,0.0,0.0,0.0,0.0,0.0,0.0,0.0,0,SR3U23,
2023-10-17,0.0,0.0,0.0,0.0,0.0,0.0,0.0,0.0,0,SR3U23,
2023-10-18,0.0,0.0,0.0,0.0,0.0,0.0,0.0,0.0,0,SR3U23,
2023-10-19,0.0,0.0,0.0,0.0,0.0,0.0,0.0,0.0,0,SR3U23,
2023-10-20,0.0,0.0,0.0,0.0,0.0,0.0,0.0,0.0,0,SR3U23,
2023-10-23,0.0,0.0,0.0,0.0,0.0,0.0,0.0,0.0,0,SR3U23,
2023-10-24,0.0,0.0,0.0,0.0,0.0,0.0,0.0,0.0,0,SR3U23,
2023-10-25,0.0,0.0,0.0,0.0,0.0,0.0,0.0,0.0,0,SR3U23,
2023-10-26,0.0,0.0,0.0,0.0,0.0,0.0,0.0,0.0,0,SR3U23,
2023-10-27,0.0,0.0,0.0,0.0,0.0,0.0,0.0,0.0,0,SR3U23,
2023-10-30,0.0,0.0,0.0,0.0,0.0,0.0,0.0,0.0,0,SR3U23,
2023-10-31,0.0,0.0,0.0,0.0,0.0,0.0,0.0,0.0,0,SR3U23,-0.5043435437338357
2023-11-01,0.0,0.0,0.0,0.0,0.0,0.0,0.0,0.0,0,SR3U23,-0.5637191591423127
2023-11-02,0.0,0.0,0.0,0.0,0.0,0.0,0.0,0.0,0,SR3U23,-0.4346555009922165
2023-11-03,0.0,0.0,0.0,0.0,0.0,0.0,0.0,0.0,0,SR3U23,-0.49956077460646287
2023-11-06,0.0,0.0,0.0,0.0,0.0,0.0,0.0,0.0,0,SR3U23,-0.4381462310565658
2023-11-07,0.0,0.0,0.0,0.0,0.0,0.0,0.0,0.0,0,SR3U23,-0.41767380754836486
2023-11-08,0.0,0.0,0.0,0.0,0.0,0.0,0.0,0.0,0,SR3U23,-0.39720136447884835
2023-11-09,0.0,0.0,0.0,0.0,0.0,0.0,0.0,0.0,0,SR3U23,-0.3199530147120334
2023-11-10,0.0,0.0,0.0,0.0,0.0,0.0,0.0,0.0,0,SR3U23,-0.06558075180687598
2023-11-13,0.0,0.0,0.0,0.0,0.0,0.0,0.0,0.0,0,SR3U23,0.05356973224059554
2023-11-14,0.0,0.0,0.0,0.0,0.0,0.0,0.0,0.0,0,SR3U23,-0.3994710338239105
2023-11-15,0.0,0.0,0.0,0.0,0.0,0.0,0.0,0.0,0,SR3U23,-0.4108818338364721
2023-11-16,0.0,0.0,0.0,0.0,0.0,0.0,0.0,0.0,0,SR3U23,-0.42229262809098517
2023-11-17,0.0,0.0,0.0,0.0,0.0,0.0,0.0,0.0,0,SR3U23,-0.12564550787638332
2023-11-20,0.0,0.0,0.0,0.0,0.0,0.0,0.0,0.0,0,SR3U23,-0.35542507926810296
2023-11-21,0.0,0.0,0.0,0.0,0.0,0.0,0.0,0.0,0,SR3U23,-0.29070769594417295
2023-11-22,0.0,0.0,0.0,0.0,0.0,0.0,0.0,0.0,0,SR3U23,-0.2259898743428346
2023-11-24,0.0,0.0,0.0,0.0,0.0,0.0,0.0,0.0,0,SR3U23,-0.2986983664672942
2023-11-27,0.0,0.0,0.0,0.0,0.0,0.0,0.0,0.0,0,SR3U23,-0.23822068037905594
2023-11-28,0.0,0.0,0.0,0.0,0.0,0.0,0.0,0.0,0,SR3U23,-0.27483529759746267
2023-11-29,0.0,0.0,0.0,0.0,0.0,0.0,0.0,0.0,0,SR3U23,-0.2830628635232432
2023-11-30,0.0,0.0,0.0,0.0,0.0,0.0,0.0,0.0,0,SR3U23,-0.31326929602059195
2023-12-01,0.0,0.0,0.0,0.0,0.0,0.0,0.0,0.0,0,SR3U23,-0.30405488399605696
2023-12-04,0.0,0.0,0.0,0.0,0.0,0.0,0.0,0.0,0,SR3U23,-0.5406405833804365
2023-12-05,0.0,0.0,0.0,0.0,0.0,0.0,0.0,0.0,0,SR3U23,-0.2018690191813976
2023-12-06,0.0,0.0,0.0,0.0,0.0,0.0,0.0,0.0,0,SR3U23,0.03617194875264197
2023-12-07,0.0,-60.48620967741936,0.0,0.0,0.0,0.0,0.0,-60.48620967741936,1,SR3Z23,-3.013825840416845
2023-12-08,10.773548386959021,10.773548386959021,0.0,0.0,39.50914370515443,-28.73559534383188,2.563647158359389e-08,0.0,1,SR3Z23,-3.3981056312682125
2023-12-11,-56.11758064511025,-56.11758064511025,0.0,0.0,3.7947989772851827,-59.912379605757486,-1.6637949627348434e-08,0.0,1,SR3Z23,-3.848270490738755
2023-12-12,6.387419354869195,6.387419354869195,0.0,0.0,8.974753864383135,-2.5873345433737125,3.385977181789801e-08,0.0,1,SR3Z23,-3.8915434397471973
2023-12-13,-66.8861290321877,-66.8861290321877,0.0,0.0,-60.85074448076975,-6.035384530536684,-2.0881270877278866e-08,0.0,1,SR3Z23,-3.916347272325343
2023-12-14,11.415645161148134,11.415645161148134,0.0,0.0,-13.369515024221776,24.785160195624673,-1.0254763203473401e-08,0.0,1,SR3Z23,-3.720659239277843
2023-12-15,51.08435483879502,51.08435483879502,0.0,0.0,13.36999969809068,37.71435512237825,1.8326092700707732e-08,0.0,1,SR3Z23,-3.4770461464690188
2023-12-18,2.3548387096752776,2.3548387096752776,0.0,0.0,0.19987278327108982,2.154965930967201,-4.563013021193881e-09,0.0,1,SR3Z23,-3.4600321651268793
2023-12-19,-8.737258064508183,-8.737258064508183,0.0,0.0,-12.769838709665805,4.032580645163353,-5.730584465738684e-12,0.0,1,SR3Z23,-3.4600321651268793
2023-12-20,-4.709677419446066,-4.709677419446066,0.0,0.0,-0.7101855351900319,-3.9994918780447586,-6.2112760239811435e-09,0.0,1,SR3Z23,-3.4940586579875905
2023-12-21,-19.157258064535,-19.157258064535,5.6437678300103045,0.0,-13.30621013639221,-11.494815763817261,5.66416694192823e-09,0.0,1,SR3Z23,-3.512864865983952
2023-12-22,-71.24225806445133,-71.24225806445133,5.730394707104125,0.0,-12.970362474405633,-64.00229029165136,-5.498461270521617e-09,0.0,1,SR3Z23,-3.6250686786423567
2023-12-26,45.69758064523815,45.69758064523815,19.103995723812606,0.0,14.18226145614664,12.411323432907905,3.2371001048151384e-08,0.0,1,SR3Z23,-3.365205379154262
2023-12-27,16.1253225805942,16.1253225805942,0.4843841723389808,0.0,-12.97072979709797,28.611668226960994,-2.160780265825224e-08,0.0,1,SR3Z23,-3.0949864422845046
2023-12-28,-28.8951612902963,-28.8951612902963,-5.4243772440787374,0.0,0.20104111463751906,-23.67182513634135,-2.4513730600972394e-08,0.0,1,SR3Z23,-3.240260315581803
2023-12-29,72.91749999993368,72.91749999993368,0.0,-6.53123483318474,1.4326604418930665e-12,79.44873480970239,2.3414597372095614e-08,0.0,1,SR3Z23,-1.6833197601546714
2024-01-02,74.27169354845135,74.27169354845135,0.0,-18.348165602244393,26.47795624165827,66.14190292585282,-1.6815346477246308e-08,0.0,1,SR3Z23,-1.1536450576537363
2024-01-03,-26.542822580703145,-26.542822580703145,-8.092047810948078,0.0,12.970465602989808,-31.421240383167596,1.0422719576297368e-08,0.0,1,SR3Z23,-1.2998397528610115
2024-01-04,121.64701612913555,79.97826612913556,-6.427274210651923,0.0,13.529318204177521,114.54497213523845,3.71495751723629e-10,-41.668749999999996,0,SR3Z23,-0.4531024160876833
2024-01-05,0.0,0.0,0.0,0.0,0.0,0.0,0.0,0.0,0,SR3Z23,-0.12370865446763034
2024-01-08,0.0,0.0,0.0,0.0,0.0,0.0,0.0,0.0,0,SR3Z23,-0.1831830765044088
2024-01-09,0.0,0.0,0.0,0.0,0.0,0.0,0.0,0.0,0,SR3Z23,-0.20301594568831555
2024-01-10,0.0,0.0,0.0,0.0,0.0,0.0,0.0,0.0,0,SR3Z23,0.2876182451774101
2024-01-11,0.0,0.0,0.0,0.0,0.0,0.0,0.0,0.0,0,SR3Z23,0.2677862612587549
2024-01-12,0.0,0.0,0.0,0.0,0.0,0.0,0.0,0.0,0,SR3Z23,0.07413882078491005
2024-01-16,0.0,0.0,0.0,0.0,0.0,0.0,0.0,0.0,0,SR3Z23,0.2677917789518112
2024-01-17,0.0,0.0,0.0,0.0,0.0,0.0,0.0,0.0,0,SR3Z23,-0.016657493471793468
2024-01-18,0.0,0.0,0.0,0.0,0.0,0.0,0.0,0.0,0,SR3Z23,-0.054378895735291845
2024-01-19,0.0,0.0,0.0,0.0,0.0,0.0,0.0,0.0,0,SR3Z23,0.05785496585999039
2024-01-22,0.0,0.0,0.0,0.0,0.0,0.0,0.0,0.0,0,SR3Z23,-0.000247187079627593
2024-01-23,0.0,0.0,0.0,0.0,0.0,0.0,0.0,0.0,0,SR3Z23,0.22710501856738402
2024-01-24,0.0,0.0,0.0,0.0,0.0,0.0,0.0,0.0,0,SR3Z23,-0.03899648909435363
2024-01-25,0.0,0.0,0.0,0.0,0.0,0.0,0.0,0.0,0,SR3Z23,0.18835673610888548
2024-01-26,0.0,0.0,0.0,0.0,0.0,0.0,0.0,0.0,0,SR3Z23,0.3303532666452362
2024-01-29,0.0,0.0,0.0,0.0,0.0,0.0,0.0,0.0,0,SR3Z23,0.80640070227054
2024-01-30,0.0,0.0,0.0,0.0,0.0,0.0,0.0,0.0,0,SR3Z23,0.708090231956436
2024-01-31,0.0,0.0,0.0,0.0,0.0,0.0,0.0,0.0,0,SR3Z23,0.3613617526897971
2024-02-01,0.0,0.0,0.0,0.0,0.0,0.0,0.0,0.0,0,SR3Z23,0.22683312203254588
2024-02-02,0.0,0.0,0.0,0.0,0.0,0.0,0.0,0.0,0,SR3Z23,0.8798115477159512
2024-02-05,0.0,0.0,0.0,0.0,0.0,0.0,0.0,0.0,0,SR3Z23,0.8687019008883917
2024-02-06,0.0,0.0,0.0,0.0,0.0,0.0,0.0,0.0,0,SR3Z23,1.1007444766038172
2024-02-07,0.0,0.0,0.0,0.0,0.0,0.0,0.0,0.0,0,SR3Z23,0.8393194281672236
2024-02-08,0.0,0.0,0.0,0.0,0.0,0.0,0.0,0.0,0,SR3Z23,0.8246281696604734
2024-02-09,0.0,0.0,0.0,0.0,0.0,0.0,0.0,0.0,0,SR3Z23,0.7247268163808277
2024-02-12,0.0,0.0,0.0,0.0,0.0,0.0,0.0,0.0,0,SR3Z23,0.687008723746107
2024-02-13,0.0,0.0,0.0,0.0,0.0,0.0,0.0,0.0,0,SR3Z23,0.6744353241082904
2024-02-14,0.0,0.0,0.0,0.0,0.0,0.0,0.0,0.0,0,SR3Z23,0.9085975918955644
2024-02-15,0.0,0.0,0.0,0.0,0.0,0.0,0.0,0.0,0,SR3Z23,0.6074242937270828
2024-02-16,0.0,0.0,0.0,0.0,0.0,0.0,0.0,0.0,0,SR3Z23,0.5571480404053829
2024-02-20,0.0,0.0,0.0,0.0,0.0,0.0,0.0,0.0,0,SR3Z23,0.5869775218446233
2024-02-21,0.0,0.0,0.0,0.0,0.0,0.0,0.0,0.0,0,SR3Z23,0.3168913111339086
2024-02-22,0.0,0.0,0.0,0.0,0.0,0.0,0.0,0.0,0,SR3Z23,0.2935333479345395
2024-02-23,0.0,0.0,0.0,0.0,0.0,0.0,0.0,0.0,0,SR3Z23,0.29119272628179166
2024-02-26,0.0,0.0,0.0,0.0,0.0,0.0,0.0,0.0,0,SR3Z23,0.2516807091537004
2024-02-27,0.0,0.0,0.0,0.0,0.0,0.0,0.0,0.0,0,SR3Z23,0.2385078698928738
2024-02-28,0.0,0.0,0.0,0.0,0.0,0.0,0.0,0.0,0,SR3Z23,0.472064436263862
2024-02-29,0.0,0.0,0.0,0.0,0.0,0.0,0.0,0.0,0,SR3Z23,0.22179847738882105
2024-03-01,0.0,0.0,0.0,0.0,0.0,0.0,0.0,0.0,0,SR3Z23,0.23295352011989662
2024-03-04,0.0,0.0,0.0,0.0,0.0,0.0,0.0,0.0,0,SR3Z23,-0.018914585266350314
2024-03-05,0.0,0.0,0.0,0.0,0.0,0.0,0.0,0.0,0,SR3Z23,0.22609819851829277
2024-03-06,0.0,0.0,0.0,0.0,0.0,0.0,0.0,0.0,0,SR3Z23,-0.022344031731857533
2024-03-07,0.0,0.0,0.0,0.0,0.0,0.0,0.0,0.0,0,SR3H24,0.2975085310357633
2024-03-08,0.0,0.0,0.0,0.0,0.0,0.0,0.0,0.0,0,SR3H24,-0.4486380611998211
2024-03-11,0.0,0.0,0.0,0.0,0.0,0.0,0.0,0.0,0,SR3H24,-0.7707410597959737
2024-03-12,0.0,0.0,0.0,0.0,0.0,0.0,0.0,0.0,0,SR3H24,-0.6063600514730737
2024-03-13,0.0,0.0,0.0,0.0,0.0,0.0,0.0,0.0,0,SR3H24,-0.5824135819447193
2024-03-14,0.0,0.0,0.0,0.0,0.0,0.0,0.0,0.0,0,SR3H24,-0.4485747919916459
2024-03-15,0.0,0.0,0.0,0.0,0.0,0.0,0.0,0.0,0,SR3H24,-0.6322763776082712
2024-03-18,0.0,0.0,0.0,0.0,0.0,0.0,0.0,0.0,0,SR3H24,-0.3615805758406489
2024-03-19,0.0,0.0,0.0,0.0,0.0,0.0,0.0,0.0,0,SR3H24,-0.4165259596704397
2024-03-20,0.0,0.0,0.0,0.0,0.0,0.0,0.0,0.0,0,SR3H24,-0.6771510950335682
2024-03-21,0.0,0.0,0.0,0.0,0.0,0.0,0.0,0.0,0,SR3H24,-0.901834176010372
2024-03-22,0.0,0.0,0.0,0.0,0.0,0.0,0.0,0.0,0,SR3H24,-1.046472937270518
2024-03-25,0.0,0.0,0.0,0.0,0.0,0.0,0.0,0.0,0,SR3H24,-0.6769404983005308
2024-03-26,0.0,0.0,0.0,0.0,0.0,0.0,0.0,0.0,0,SR3H24,-0.6712246041843692
2024-03-27,0.0,0.0,0.0,0.0,0.0,0.0,0.0,0.0,0,SR3H24,-0.39087581438526414
2024-03-28,0.0,0.0,0.0,0.0,0.0,0.0,0.0,0.0,0,SR3H24,-0.40947843491412134
2024-04-01,0.0,0.0,0.0,0.0,0.0,0.0,0.0,0.0,0,SR3H24,0.09093719023412616
2024-04-02,0.0,0.0,0.0,0.0,0.0,0.0,0.0,0.0,0,SR3H24,0.0012814692321478794
2024-04-03,0.0,0.0,0.0,0.0,0.0,0.0,0.0,0.0,0,SR3H24,0.36011100446981503
2024-04-04,0.0,0.0,0.0,0.0,0.0,0.0,0.0,0.0,0,SR3H24,-0.32784776242124486
2024-04-05,0.0,0.0,0.0,0.0,0.0,0.0,0.0,0.0,0,SR3H24,-0.003665860615213812
2024-04-08,0.0,0.0,0.0,0.0,0.0,0.0,0.0,0.0,0,SR3H24,-0.13873324254893865
2024-04-09,0.0,0.0,0.0,0.0,0.0,0.0,0.0,0.0,0,SR3H24,-0.001942426671309611
2024-04-10,0.0,0.0,0.0,0.0,0.0,0.0,0.0,0.0,0,SR3H24,0.40355155679055155
2024-04-11,0.0,0.0,0.0,0.0,0.0,0.0,0.0,0.0,0,SR3H24,0.5952862456332159
2024-04-12,0.0,0.0,0.0,0.0,0.0,0.0,0.0,0.0,0,SR3H24,-0.0011691583709493927
2024-04-15,0.0,0.0,0.0,0.0,0.0,0.0,0.0,0.0,0,SR3H24,0.3767424330828139
2024-04-16,0.0,0.0,0.0,0.0,0.0,0.0,0.0,0.0,0,SR3H24,0.16514873829787044
2024-04-17,0.0,0.0,0.0,0.0,0.0,0.0,0.0,0.0,0,SR3H24,0.38109987220652275
2024-04-18,0.0,0.0,0.0,0.0,0.0,0.0,0.0,0.0,0,SR3H24,0.3742647387707127
2024-04-19,0.0,0.0,0.0,0.0,0.0,0.0,0.0,0.0,0,SR3H24,0.14247556716293186
2024-04-22,0.0,0.0,0.0,0.0,0.0,0.0,0.0,0.0,0,SR3H24,0.17371594049317035
2024-04-23,0.0,0.0,0.0,0.0,0.0,0.0,0.0,0.0,0,SR3H24,0.17614481399141474
2024-04-24,0.0,0.0,0.0,0.0,0.0,0.0,0.0,0.0,0,SR3H24,-0.06816573372636354
2024-04-25,0.0,0.0,0.0,0.0,0.0,0.0,0.0,0.0,0,SR3H24,0.020197295382886536
2024-04-26,0.0,0.0,0.0,0.0,0.0,0.0,0.0,0.0,0,SR3H24,0.06676142209488983
2024-04-29,0.0,0.0,0.0,0.0,0.0,0.0,0.0,0.0,0,SR3H24,-0.0861015944413413
2024-04-30,0.0,0.0,0.0,0.0,0.0,0.0,0.0,0.0,0,SR3H24,0.29003612126820244
2024-05-01,0.0,0.0,0.0,0.0,0.0,0.0,0.0,0.0,0,SR3H24,0.3219869097985038
2024-05-02,0.0,0.0,0.0,0.0,0.0,0.0,0.0,0.0,0,SR3H24,0.27976600256616146
2024-05-03,0.0,0.0,0.0,0.0,0.0,0.0,0.0,0.0,0,SR3H24,0.40858958375434695
2024-05-06,0.0,0.0,0.0,0.0,0.0,0.0,0.0,0.0,0,SR3H24,0.41251364037078575
2024-05-07,0.0,0.0,0.0,0.0,0.0,0.0,0.0,0.0,0,SR3H24,0.22202933259439012
2024-05-08,0.0,0.0,0.0,0.0,0.0,0.0,0.0,0.0,0,SR3H24,0.223337805533266
2024-05-09,0.0,0.0,0.0,0.0,0.0,0.0,0.0,0.0,0,SR3H24,0.4713863574509482
2024-05-10,0.0,0.0,0.0,0.0,0.0,0.0,0.0,0.0,0,SR3H24,0.2558231185616545
2024-05-13,0.0,0.0,0.0,0.0,0.0,0.0,0.0,0.0,0,SR3H24,0.25742554540886864
2024-05-14,0.0,0.0,0.0,0.0,0.0,0.0,0.0,0.0,0,SR3H24,0.31290459125022385
2024-05-15,0.0,0.0,0.0,0.0,0.0,0.0,0.0,0.0,0,SR3H24,0.28401177592752774
2024-05-16,0.0,0.0,0.0,0.0,0.0,0.0,0.0,0.0,0,SR3H24,0.2551189677230473
2024-05-17,0.0,0.0,0.0,0.0,0.0,0.0,0.0,0.0,0,SR3H24,0.011963434948759809
2024-05-20,0.0,0.0,0.0,0.0,0.0,0.0,0.0,0.0,0,SR3H24,-0.07771327616113628
2024-05-21,0.0,0.0,0.0,0.0,0.0,0.0,0.0,0.0,0,SR3H24,0.22350373094807546
2024-05-22,0.0,0.0,0.0,0.0,0.0,0.0,0.0,0.0,0,SR3H24,-0.023702376399720133
2024-05-23,0.0,0.0,0.0,0.0,0.0,0.0,0.0,0.0,0,SR3H24,-0.024169564491762222
2024-05-24,0.0,0.0,0.0,0.0,0.0,0.0,0.0,0.0,0,SR3H24,0.02981390064877814
2024-05-28,0.0,0.0,0.0,0.0,0.0,0.0,0.0,0.0,0,SR3H24,-0.1747816585547673
2024-05-29,0.0,0.0,0.0,0.0,0.0,0.0,0.0,0.0,0,SR3H24,0.0824847748722908
2024-05-30,0.0,0.0,0.0,0.0,0.0,0.0,0.0,0.0,0,SR3H24,0.10401209376201381
2024-05-31,0.0,0.0,0.0,0.0,0.0,0.0,0.0,0.0,0,SR3H24,0.09372580108820533
2024-06-03,0.0,0.0,0.0,0.0,0.0,0.0,0.0,0.0,0,SR3H24,0.16138595881664247
2024-06-04,0.0,0.0,0.0,0.0,0.0,0.0,0.0,0.0,0,SR3H24,-0.04038200618259135
2024-06-05,0.0,0.0,0.0,0.0,0.0,0.0,0.0,0.0,0,SR3H24,-0.017403089701633852
2024-06-06,0.0,0.0,0.0,0.0,0.0,0.0,0.0,0.0,0,SR3M24,-0.8214962870967556
2024-06-07,0.0,0.0,0.0,0.0,0.0,0.0,0.0,0.0,0,SR3M24,-0.9976675110998817
2024-06-10,0.0,0.0,0.0,0.0,0.0,0.0,0.0,0.0,0,SR3M24,-1.047516674650008
2024-06-11,0.0,0.0,0.0,0.0,0.0,0.0,0.0,0.0,0,SR3M24,-1.0645136633120025
2024-06-12,0.0,0.0,0.0,0.0,0.0,0.0,0.0,0.0,0,SR3M24,-0.8007793845800728
2024-06-13,0.0,0.0,0.0,0.0,0.0,0.0,0.0,0.0,0,SR3M24,-1.328247975650395
2024-06-14,0.0,-60.07175000000001,0.0,0.0,0.0,0.0,0.0,-60.07175000000001,1,SR3M24,-1.7786937213888792
2024-06-17,-20.827500000065925,-20.827500000065925,0.0,0.0,10.28341090304545,-31.110910935349423,3.223804974084033e-08,0.0,1,SR3M24,-1.9914278988691072
2024-06-18,14.586999999986734,14.586999999986734,0.0,0.0,-12.270897318523744,26.857897332962622,-1.4452143659582361e-08,0.0,1,SR3M24,-1.9744248917035587
2024-06-20,-53.47650000004413,-53.47650000004413,0.3983268956453401,0.0,13.33033366175755,-67.20516057171177,1.426474947052725e-08,0.0,1,SR3M24,-2.4796194922157864
2024-06-21,56.25200000000805,56.25200000000805,2.5371832338416667,0.0,-12.568731179982187,66.28354796681722,-2.066865070204926e-08,0.0,1,SR3M24,-2.1075259061245957
2024-06-24,-36.80850000002574,-36.80850000002574,9.6905726289509,0.0,-0.48833808422202196,-46.010734563402664,1.8648044974867163e-08,0.0,1,SR3M24,-2.364924484974969
2024-06-25,43.056499999960835,43.056499999960835,3.7323092978769346,0.0,11.80649999999074,27.517690720579857,-1.848669368698097e-08,0.0,1,SR3M24,-2.116088269134077
2024-06-26,5.558500000087717,5.558500000087717,0.6244944243061212,0.0,-0.7618343270754817,5.695839890942778,1.1914299768989167e-08,0.0,1,SR3M24,-2.0750017257140474
2024-06-27,50.69350000009798,50.69350000009798,-0.7857185748250117,0.0,-12.639900000018777,64.11911858318864,-8.246870475403511e-09,0.0,1,SR3M24,-1.546457720123229
2024-06-28,43.056499999994394,43.056499999994394,0.0,-1.548290864750168,10.764750000025245,33.84004085904817,5.671143554764058e-09,0.0,1,SR3M24,-0.955640968991858
2024-07-01,-41.667499999962104,-41.667499999962104,0.0,-1.6684917557352463,0.0,-39.99900822098989,-2.3236964352690848e-08,0.0,1,SR3M24,-1.1735706902045129
2024-07-02,31.252499999971576,31.252499999971576,-9.925806787480784,0.0,-12.232149449223897,53.41045625205284,-1.537658178563106e-08,0.0,1,SR3M24,-0.8127825223275572
2024-07-03,7.6369999999594995,7.6369999999594995,-3.5213987835569505,0.0,-23.61300000000998,34.771398755890885,2.7635543897730486e-08,0.0,1,SR3M24,-0.523944409298671
2024-07-05,-10.417499999990525,-51.738999999990526,-2.377727379820893,0.0,3.701039474890422e-12,-8.039772601480877,-1.8692457093294478e-08,-41.3215,0,SR3M24,-0.483677809955142
2024-07-08,0.0,0.0,0.0,0.0,0.0,0.0,0.0,0.0,0,SR3M24,-0.43927378717371673
2024-07-09,0.0,0.0,0.0,0.0,0.0,0.0,0.0,0.0,0,SR3M24,-0.4131390477950534
2024-07-10,0.0,0.0,0.0,0.0,0.0,0.0,0.0,0.0,0,SR3M24,-0.6457572171144353
2024-07-11,0.0,0.0,0.0,0.0,0.0,0.0,0.0,0.0,0,SR3M24,-0.8783763852914017
2024-07-12,0.0,0.0,0.0,0.0,0.0,0.0,0.0,0.0,0,SR3M24,-1.0649128588179322
2024-07-15,0.0,0.0,0.0,0.0,0.0,0.0,0.0,0.0,0,SR3M24,-1.4655887614997352
2024-07-16,0.0,-37.1545,0.0,0.0,0.0,0.0,0.0,-37.1545,1,SR3M24,-1.7268581788484403
2024-07-17,2.782999999853388,2.782999999853388,-1.3498051346871875,0.0,-1.525515848104078,5.658320975481614,7.1630390507948505e-09,0.0,1,SR3M24,-1.6793873122210872
2024-07-18,0.0,0.0,-1.43964920203965,0.0,0.0,1.4396492053370125,-3.297362383136715e-09,0.0,1,SR3M24,-1.6659327254094498
2024-07-19,-31.24999999997158,-31.24999999997158,-0.0708156204010102,0.0,0.0,-31.179184388174797,8.604226664488124e-09,0.0,1,SR3M24,-1.9013851722196211
2024-07-22,23.61300000001208,23.61300000001208,1.320790065229005,0.0,23.613000000017877,-1.3207900663323202,1.097518786963292e-09,0.0,1,SR3M24,-1.8075673193767945
2024-07-23,-11.806500000022817,-11.806500000022817,1.8552349941969304,0.0,-11.806500000027011,-1.8552349909043784,-3.2883589184962148e-09,0.0,1,SR3M24,-1.787286319787634
2024-07-24,-56.254499999982386,-56.254499999982386,0.49572195359726123,0.0,-22.849974197368383,-33.90024775620917,-2.0981438808574404e-12,0.0,1,SR3M24,-2.0197497049422233
2024-07-25,0.0,0.0,1.101171687911684,0.0,0.0,-1.1011716977926689,9.880984919163893e-09,0.0,1,SR3M24,-1.9884789020616227
2024-07-26,0.0,0.0,-0.2708695103326164,0.0,0.0,0.27086951144283944,-1.1102230246251565e-09,0.0,1,SR3M24,-1.9431440134016105
2024-07-29,10.417499999990525,10.417499999990525,-0.8274132609953355,0.0,-6.284847827870351,17.529761097634378,-8.778166016298883e-09,0.0,1,SR3M24,-1.684577220831256
2024-07-30,19.44349999998232,19.44349999998232,2.1644766056483355,0.0,-11.806499999985558,29.085523405133113,-1.0813572526302551e-08,0.0,1,SR3M24,-1.4087397222221676
2024-07-31,2.78300000009024,2.78300000009024,0.0,1.5826720780043324,-1.5262780745621924,2.7266059750262595,2.162184076226481e-08,0.0,1,SR3M24,-0.9052957439820073
2024-08-01,-48.6200000000821,-48.6200000000821,0.0,-5.4333330461231455,-27.608488800254776,-15.578178117810667,-3.589351393884499e-08,0.0,1,SR3M24,-1.0085733449988719
2024-08-02,-95.1589999999628,-95.1589999999628,-3.020587089253013,0.0,-224.52520396669635,132.3867910318466,2.4139970911107866e-08,0.0,1,SR3M24,1.073087988618465
2024-08-05,-70.84150000000267,-70.84150000000267,-19.223403540424844,0.0,-58.3380000000027,6.719903554524701,-1.409982708366897e-08,0.0,1,SR3M24,1.4169028208550418
2024-08-06,42.37450000012133,5.220000000121331,-3.3809088429981315,0.0,100.23950000001406,-54.48409117484319,1.7948590169680756e-08,-37.1545,0,SR3M24,0.4293823771840333
2024-08-07,0.0,0.0,0.0,0.0,0.0,0.0,0.0,0.0,0,SR3M24,0.43977517167744806
2024-08-08,0.0,0.0,0.0,0.0,0.0,0.0,0.0,0.0,0,SR3M24,0.20343856984500003
2024-08-09,0.0,0.0,0.0,0.0,0.0,0.0,0.0,0.0,0,SR3M24,0.20722070981589194
2024-08-12,0.0,0.0,0.0,0.0,0.0,0.0,0.0,0.0,0,SR3M24,0.2725184718113318
2024-08-13,0.0,0.0,0.0,0.0,0.0,0.0,0.0,0.0,0,SR3M24,0.04756400552430404
2024-08-14,0.0,0.0,0.0,0.0,0.0,0.0,0.0,0.0,0,SR3M24,-0.17739089233006278
2024-08-15,0.0,0.0,0.0,0.0,0.0,0.0,0.0,0.0,0,SR3M24,-0.19487210597211968
2024-08-16,0.0,0.0,0.0,0.0,0.0,0.0,0.0,0.0,0,SR3M24,-0.19523783926415206
2024-08-19,0.0,0.0,0.0,0.0,0.0,0.0,0.0,0.0,0,SR3M24,-0.2802209733331206
2024-08-20,0.0,0.0,0.0,0.0,0.0,0.0,0.0,0.0,0,SR3M24,-0.28029069307109283
2024-08-21,0.0,0.0,0.0,0.0,0.0,0.0,0.0,0.0,0,SR3M24,-0.2803605704640224
2024-08-22,0.0,0.0,0.0,0.0,0.0,0.0,0.0,0.0,0,SR3M24,-0.5381497330215798
2024-08-23,0.0,0.0,0.0,0.0,0.0,0.0,0.0,0.0,0,SR3M24,-0.29577883290213736
2024-08-26,0.0,0.0,0.0,0.0,0.0,0.0,0.0,0.0,0,SR3M24,-0.51055452214626
2024-08-27,0.0,0.0,0.0,0.0,0.0,0.0,0.0,0.0,0,SR3M24,-0.4889165465163614
2024-08-28,0.0,0.0,0.0,0.0,0.0,0.0,0.0,0.0,0,SR3M24,-0.7030158697526199
2024-08-29,0.0,0.0,0.0,0.0,0.0,0.0,0.0,0.0,0,SR3M24,-0.6703890495392658
2024-08-30,0.0,0.0,0.0,0.0,0.0,0.0,0.0,0.0,0,SR3M24,-0.34926929861435213
2024-09-03,0.0,0.0,0.0,0.0,0.0,0.0,0.0,0.0,0,SR3M24,-0.1312318703001081
2024-09-04,0.0,0.0,0.0,0.0,0.0,0.0,0.0,0.0,0,SR3M24,-0.11311909675589438
2024-09-05,0.0,-60.05494758064517,0.0,0.0,0.0,0.0,0.0,-60.05494758064517,1,SR3U24,-2.835049968522933
2024-09-06,-160.55762096772114,-160.55762096772114,0.0,0.0,-80.09501023759951,-80.46261074407339,1.3951771915543531e-08,0.0,1,SR3U24,-3.217966708988807
2024-09-09,55.111935483820844,55.111935483820844,0.0,0.0,18.844496009136975,36.267439431866265,4.281760341839913e-08,0.0,1,SR3U24,-2.93129662751136
2024-09-10,-60.64183064519783,-60.64183064519783,0.0,0.0,2.9014808783735617,-63.5433114812961,-4.2275291863596236e-08,0.0,1,SR3U24,-3.31005929826229
2024-09-11,1.2249677419179932,1.2249677419179932,0.0,0.0,-55.77009571641764,56.99506345893142,-5.957830487022324e-10,0.0,1,SR3U24,-2.859609719496973
2024-09-12,41.23794354846332,41.23794354846332,0.0,0.0,47.64470823028839,-6.406764679702377,-2.122688069761125e-09,0.0,1,SR3U24,-2.786737827222986
2024-09-13,-7.602387096863538,-7.602387096863538,0.0,0.0,55.10071600095361,-62.70310310649547,8.67832017001268e-09,0.0,1,SR3U24,-3.1498889560353316
2024-09-16,0.11191935492563232,0.11191935492563232,0.0,0.0,29.83630457099092,-29.724385199364274,-1.6701012126030256e-08,0.0,1,SR3U24,-3.6319489758029366
2024-09-17,12.43129032260181,12.43129032260181,0.0,0.0,38.27793030564695,-25.846639990903483,7.858346125793274e-09,0.0,1,SR3U24,-3.6715691168875106
2024-09-18,98.59500806445635,98.59500806445635,0.0,0.0,117.91896810145289,-19.323960052382162,1.538562510369678e-08,0.0,1,SR3U24,-4.195048257584057
2024-09-19,122.97870967745267,122.97870967745267,5.3888782304611915,0.0,7.986974183183829,109.6028572801185,-1.6310846007172586e-08,0.0,1,SR3U24,-3.2788188684406414
2024-09-20,47.03177419353234,47.03177419353234,5.560679004079638,0.0,4.5420538929805545,36.929041273246206,2.3225945763065907e-08,0.0,1,SR3U24,-2.8230575445776447
2024-09-23,-43.686290322573385,-43.686290322573385,11.263935461280905,0.0,-7.434685324481158,-47.51554042424031,-3.5132826159411937e-08,0.0,1,SR3U24,-3.0926083608920445
2024-09-24,-51.232475806555925,-51.232475806555925,4.308235297079133,0.0,-10.87899002466078,-44.66172107071748,-8.256797138479273e-09,0.0,1,SR3U24,-3.205563376759949
2024-09-25,140.93989516133976,140.93989516133976,3.1455873411467827,0.0,12.070538018423347,125.72376980636596,-4.596329653800753e-09,0.0,1,SR3U24,-2.200376612513429
2024-09-26,58.143870967813214,58.143870967813214,1.6946955827656929,0.0,6.890762890928684,49.558412460617596,3.350124104436935e-08,0.0,1,SR3U24,-1.7783817095407433
2024-09-27,-56.12258064514272,-56.12258064514272,2.487357674785251,0.0,-14.871264877666604,-43.7386734248752,-1.7386162731725108e-08,0.0,1,SR3U24,-2.116344527520082
2024-09-30,1.7027419353428854,1.7027419353428854,0.0,4.891763769876434,29.191868848337947,-32.38089069079273,7.921237107104899e-09,0.0,1,SR3U24,-2.0406548264262154
2024-10-01,-95.76879032243433,-95.76879032243433,0.0,-14.637294107544552,-7.433656132316557,-73.6978400635514,-1.902181623683697e-08,0.0,1,SR3U24,-2.687683311124109
2024-10-02,-9.406854838760339,-9.406854838760339,-26.067841924604096,0.0,-2.9846257092894835,19.645612762377965,3.2755276598599666e-08,0.0,1,SR3U24,-2.403960582616317
2024-10-03,76.95508064518299,76.95508064518299,-8.403031370729508,0.0,31.673073849643288,53.685038179449236,-1.3180025071335422e-08,0.0,1,SR3U24,-2.016004326453547
2024-10-04,73.29354838713903,73.29354838713903,0.7385270153648094,0.0,40.557145634231716,31.99787573712261,4.1988534513114755e-10,0.0,1,SR3U24,-1.6082038713734472
2024-10-07,19.508306451455738,19.508306451455738,9.23015130150917,0.0,13.647328683664085,-3.3691735233426767,-1.0374843206761852e-08,0.0,1,SR3U24,-1.6151092675536736
2024-10-08,-32.26064516126098,-32.26064516126098,3.2226748500563396,0.0,4.830420394374077,-40.31374038921569,-1.6475712349972582e-08,0.0,1,SR3U24,-1.9009043766035345
2024-10-09,98.80072580645344,98.80072580645344,2.388740987424587,0.0,11.726826684417546,84.68515810074415,3.386716495776176e-08,0.0,1,SR3U24,-1.2761062118605875
2024-10-10,-20.83499999998105,-20.83499999998105,2.7053303103152793,0.0,15.875810793009554,-39.41614108572365,-1.7582231785191256e-08,0.0,1,SR3U24,-1.5619018787613417
2024-10-11,17.803064516198788,17.803064516198788,4.660173386750177,0.0,-2.957927571891261,16.100818675362326,2.597754367172911e-08,0.0,1,SR3U24,-1.4855279437026403
2024-10-14,56.12508064505677,56.12508064505677,23.216079439114523,0.0,1.4191189140555878,31.48988230888418,-1.6997518947903245e-08,0.0,1,SR3U24,-1.1994131176399572
2024-10-15,-37.31387096771374,-37.31387096771374,0.0,0.0,23.978414765939846,-61.292285714968536,-1.8685047287192447e-08,0.0,1,SR3U24,-1.6840276643336478
2024-10-16,-9.404354838641908,-9.404354838641908,-0.546358795561197,0.0,-19.41832141951949,10.560325358127495,1.831128493279266e-08,0.0,1,SR3U24,-1.5979640892308085
2024-10-17,15.463225806502493,15.463225806502493,-0.7140104562486371,0.0,41.70593796843751,-25.528701704218854,-1.4675257711547278e-09,0.0,1,SR3U24,-1.798561690081834
2024-10-18,18.813709677369772,18.813709677369772,1.0878490163568344,0.0,-7.428831713479084,25.1546923609584,1.353362299646909e-08,0.0,1,SR3U24,-1.5487636536236535
2024-10-21,24.87258064517114,24.87258064517114,6.194699039441254,0.0,14.857856212276694,3.820025392708981,7.442119178977595e-10,0.0,1,SR3U24,-1.432703289628706
2024-10-22,-44.69693548386279,-44.69693548386279,4.779736285887015,0.0,-3.432333645238934,-46.044338101625115,-2.2885752074792494e-08,0.0,1,SR3U24,-1.7686528073701302
2024-10-23,-30.23935483882734,-30.23935483882734,4.197550716900089,0.0,-3.9968222001572737,-30.440083357235487,1.6653326459772285e-09,0.0,1,SR3U24,-1.9748382602804622
2024-10-24,-23.864435483763316,-23.864435483763316,4.741245444606079,0.0,-3.431893847644652,-25.173787084551307,3.8265629518077145e-09,0.0,1,SR3U24,-2.0527254904264423
2024-10-25,41.667499999962104,41.667499999962104,5.009516668519343,0.0,1.3021874999951146,35.35579581808426,1.3363387615122006e-08,0.0,1,SR3U24,-1.803370009862798
2024-10-28,53.093145161242035,53.093145161242035,13.566803258835414,0.0,3.714585304705235,35.81175658216196,1.5539425631565733e-08,0.0,1,SR3U24,-1.4090878657333357
2024-10-29,29.231209677360297,29.231209677360297,5.211223563661438,0.0,-15.140373721749167,39.16035986363623,-2.818820276836908e-08,0.0,1,SR3U24,-1.0679687339763253
2024-10-30,11.425645161312405,11.425645161312405,4.427858331634837,0.0,3.7148804872996166,3.282906339088348,3.2896031418585477e-09,0.0,1,SR3U24,-0.8756971230311494
2024-10-31,20.835000000040267,20.835000000040267,0.0,5.538242536007321,-2.502009333194158,17.798766790639423,6.587681626008875e-09,0.0,1,SR3U24,-0.6867171389135314
2024-11-01,-34.27943548375384,-34.27943548375384,0.0,-7.234254089183434,-11.144896356849031,-15.900285030399278,-7.3221011476221065e-09,0.0,1,SR3U24,-0.739970758162829
2024-11-04,31.24999999997158,-10.228322580673584,-4.006376100107456,0.0,0.0,35.25637610211074,-2.031709911420876e-09,-41.47832258064516,0,SR3U24,-0.40165987318310015
2024-11-05,0.0,0.0,0.0,0.0,0.0,0.0,0.0,0.0,0,SR3U24,-0.6622935786904686
2024-11-06,0.0,0.0,0.0,0.0,0.0,0.0,0.0,0.0,0,SR3U24,-0.42875787471331006
2024-11-07,0.0,0.0,0.0,0.0,0.0,0.0,0.0,0.0,0,SR3U24,-0.6362131886430568
2024-11-08,0.0,0.0,0.0,0.0,0.0,0.0,0.0,0.0,0,SR3U24,-0.6347817571400403
2024-11-11,0.0,0.0,0.0,0.0,0.0,0.0,0.0,0.0,0,SR3U24,-0.3674357384634648
2024-11-12,0.0,0.0,0.0,0.0,0.0,0.0,0.0,0.0,0,SR3U24,-0.3674357384634648
2024-11-13,0.0,0.0,0.0,0.0,0.0,0.0,0.0,0.0,0,SR3U24,-0.34837629252422436
2024-11-14,0.0,0.0,0.0,0.0,0.0,0.0,0.0,0.0,0,SR3U24,-0.34030715437089937
2024-11-15,0.0,0.0,0.0,0.0,0.0,0.0,0.0,0.0,0,SR3U24,-0.35955223555169435
2024-11-18,0.0,0.0,0.0,0.0,0.0,0.0,0.0,0.0,0,SR3U24,-0.48656642036272907
2024-11-19,0.0,0.0,0.0,0.0,0.0,0.0,0.0,0.0,0,SR3U24,-0.2537466181867128
2024-11-20,0.0,0.0,0.0,0.0,0.0,0.0,0.0,0.0,0,SR3U24,-0.26800974330259547
2024-11-21,0.0,0.0,0.0,0.0,0.0,0.0,0.0,0.0,0,SR3U24,-0.293263466817344
2024-11-22,0.0,0.0,0.0,0.0,0.0,0.0,0.0,0.0,0,SR3U24,-0.3323420146463627
2024-11-25,0.0,0.0,0.0,0.0,0.0,0.0,0.0,0.0,0,SR3U24,0.1216618487224444
2024-11-26,0.0,0.0,0.0,0.0,0.0,0.0,0.0,0.0,0,SR3U24,-0.12782912357099754
2024-11-27,0.0,0.0,0.0,0.0,0.0,0.0,0.0,0.0,0,SR3U24,0.11685390736274302
2024-11-29,0.0,0.0,0.0,0.0,0.0,0.0,0.0,0.0,0,SR3U24,0.07123730834760213
2024-12-02,0.0,0.0,0.0,0.0,0.0,0.0,0.0,0.0,0,SR3U24,-0.16832860027527932
2024-12-03,0.0,0.0,0.0,0.0,0.0,0.0,0.0,0.0,0,SR3U24,0.1431453437273765
2024-12-04,0.0,0.0,0.0,0.0,0.0,0.0,0.0,0.0,0,SR3U24,0.2075382070882077
2024-12-05,0.0,0.0,0.0,0.0,0.0,0.0,0.0,0.0,0,SR3Z24,
2024-12-06,0.0,0.0,0.0,0.0,0.0,0.0,0.0,0.0,0,SR3Z24,
2024-12-09,0.0,0.0,0.0,0.0,0.0,0.0,0.0,0.0,0,SR3Z24,
2024-12-10,0.0,0.0,0.0,0.0,0.0,0.0,0.0,0.0,0,SR3Z24,
2024-12-11,0.0,0.0,0.0,0.0,0.0,0.0,0.0,0.0,0,SR3Z24,
2024-12-12,0.0,0.0,0.0,0.0,0.0,0.0,0.0,0.0,0,SR3Z24,
2024-12-13,0.0,0.0,0.0,0.0,0.0,0.0,0.0,0.0,0,SR3Z24,
2024-12-16,0.0,0.0,0.0,0.0,0.0,0.0,0.0,0.0,0,SR3Z24,
2024-12-17,0.0,0.0,0.0,0.0,0.0,0.0,0.0,0.0,0,SR3Z24,
2024-12-18,0.0,0.0,0.0,0.0,0.0,0.0,0.0,0.0,0,SR3Z24,
2024-12-19,0.0,0.0,0.0,0.0,0.0,0.0,0.0,0.0,0,SR3Z24,
2024-12-20,0.0,0.0,0.0,0.0,0.0,0.0,0.0,0.0,0,SR3Z24,
2024-12-23,0.0,0.0,0.0,0.0,0.0,0.0,0.0,0.0,0,SR3Z24,
2024-12-24,0.0,0.0,0.0,0.0,0.0,0.0,0.0,0.0,0,SR3Z24,
2024-12-26,0.0,0.0,0.0,0.0,0.0,0.0,0.0,0.0,0,SR3Z24,
2024-12-27,0.0,0.0,0.0,0.0,0.0,0.0,0.0,0.0,0,SR3Z24,
2024-12-30,0.0,0.0,0.0,0.0,0.0,0.0,0.0,0.0,0,SR3Z24,
2024-12-31,0.0,-44.86120967741935,0.0,0.0,0.0,0.0,0.0,-44.86120967741935,-1,SR3Z24,14.629250880218907
2025-01-02,-10.414999999931311,-10.414999999931311,0.0,44.34842854598165,-0.3035275754028122,-54.45990207605172,1.1055415734414594e-06,0.0,-1,SR3Z24,14.823035167212968
2025-01-03,-86.69798387094811,-86.69798387094811,10.674815384381642,0.0,62.1586705129352,-159.53146977247266,4.207715552328659e-09,0.0,-1,SR3Z24,1.7610762362168162
2025-01-06,-95.4327419356091,-95.4327419356091,6.540477980088166,0.0,-12.097741935483494,-89.87547797747462,-2.7391525033833883e-09,0.0,-1,SR3Z24,2.2559471243712843
2025-01-07,-13.780483870955209,-13.780483870955209,-2.4143618576943915,0.0,-24.195483870971643,12.829361857527335,1.8348966790426857e-10,0.0,-1,SR3Z24,1.964698040367649
2025-01-08,10.417499999990525,-31.587298387106244,-2.8885815069545906,0.0,-86.3373499348634,99.6434314440105,-2.2019897016889445e-09,-42.00479838709677,0,SR3Z24,-0.12316492917048162
2025-01-09,0.0,-37.30012096774194,0.0,0.0,0.0,0.0,0.0,-37.30012096774194,-1,SR3Z24,1.898880208134883
2025-01-10,-8.406209677268457,-8.406209677268457,1.233471701700406,0.0,-146.82626804225916,137.18658665177944,1.1510859333807935e-08,0.0,-1,SR3Z24,60.74164260839949
2025-01-13,-55.44798387101091,-55.44798387101091,-10.394524969337127,0.0,62.15755583759106,-107.21101472060042,-1.866442644882227e-08,0.0,-1,SR3Z24,60.043825150026244
2025-01-14,-19.15225806449871,-19.15225806449871,-1.0408014812668398,0.0,12.097741935446962,-30.20919850972303,-8.955802321963802e-09,0.0,-1,SR3Z24,59.36625375027477
2025-01-15,-19.152258064641963,-19.152258064641963,-1.9572411976809256,0.0,12.097741935542711,-29.292758798845263,-3.6584846693329135e-09,0.0,-1,SR3Z24,58.649815248988865
2025-01-16,74.59774193559366,74.59774193559366,-1.4922079912382813,0.0,12.097741935472868,63.99220797325134,1.810773793274914e-08,0.0,-1,SR3Z24,57.1913282400082
2025-01-17,-43.347741935444446,-43.347741935444446,-1.135966225473961,0.0,-12.09774193548827,-30.114033769905948,-4.576271003719329e-09,0.0,-1,SR3Z24,42.71818266538598
2025-01-21,62.49999999994316,62.49999999994316,-2.5679782102994153,0.0,-1.1103118424671266e-11,65.06797820440376,5.849914817790045e-09,0.0,-1,SR3Z24,39.315284666588354
2025-01-22,41.667499999962104,41.667499999962104,-1.7839120455609425,0.0,-86.34207675382558,129.79348877500576,2.4342873895844357e-08,0.0,-1,SR3Z24,36.32481827488957
2025-01-23,0.0,0.0,-5.597272758472993,0.0,0.0,5.597272795806092,-3.7333099278669124e-08,0.0,-1,SR3Z24,35.63662782000139
2025-01-24,-10.417499999990525,-10.417499999990525,1.2436755603362215,0.0,86.35663869452702,-98.01781427241377,1.756000451856901e-08,0.0,-1,SR3Z24,29.446756326415027
2025-01-27,43.347741935444446,43.347741935444446,13.979467769087428,0.0,12.097741935461167,17.270532235107297,-4.21144323715614e-09,0.0,-1,SR3Z24,27.68906577515479
2025-01-28,31.24999999997158,31.24999999997158,4.322289533975621,0.0,5.969418507887776e-13,26.927710487782235,-2.1786873323358415e-08,0.0,-1,SR3Z24,26.93828471485732
2025-01-29,-45.02798387096117,-45.02798387096117,5.172262751063084,0.0,-110.54262039389307,60.34237376435356,7.515256861267972e-09,0.0,-1,SR3Z24,24.649222506365966
2025-01-30,-24.197983870945734,-24.197983870945734,0.6447951491406201,0.0,62.16267622961945,-87.00545527842729,2.8721486522442774e-08,0.0,-1,SR3Z24,15.58305429586699
2025-01-31,43.350241935444444,43.350241935444444,0.0,6.776363875515834,12.097741935404699,24.476136149764535,-2.524062243801675e-08,0.0,-1,SR3Z24,3.3285255532449995
2025-02-03,0.0,0.0,0.0,29.08610048967253,-1.4882142857118748,-27.59788621383794,9.877284767867424e-09,0.0,-1,SR3Z24,3.3392862586210956
2025-02-04,31.250000000149214,31.250000000149214,6.193117342034871,0.0,-0.8013461538448556,25.8582287995284,1.2430796435214029e-08,0.0,-1,SR3Z24,3.070708072887717
2025-02-05,-10.417499999990525,-10.417499999990525,2.8332216320259285,0.0,-0.8333999999980577,-12.417321612260128,-1.9758268311787312e-08,0.0,-1,SR3Z24,3.0274874928380093
2025-02-06,8.734758064508185,8.734758064508185,2.900687385887224,0.0,-12.531804435470324,18.365875102939395,1.1151890966232259e-08,0.0,-1,SR3Z24,2.7369284759151613
2025-02-07,-12.097741935472868,-12.097741935472868,6.3749162421467,0.0,-12.097741935475018,-6.3749162487377244,6.593174493818219e-09,0.0,-1,SR3Z24,2.8796070615231257
2025-02-10,31.24999999997158,31.24999999997158,15.43348571249048,0.0,0.0,15.816514296089029,-8.607930769611108e-09,0.0,-1,SR3Z24,2.5570928233389965
2025-02-11,10.417499999990525,10.417499999990525,4.718235624179279,0.0,0.0,5.699264368124801,7.686445745124979e-09,0.0,-1,SR3Z24,2.5320427834040933
2025-02-12,-12.097741935507251,-12.097741935507251,3.4607233562300443,0.0,-12.676491935513491,-2.881973358418346,2.194541036348505e-09,0.0,-1,SR3Z24,2.4960026411674026
2025-02-13,-41.667499999962104,-41.667499999962104,0.782433048018838,0.0,-0.6127941176465015,-41.83713894223603,1.1901590422868842e-08,0.0,-1,SR3Z24,2.6853199307905418
2025-02-14,10.417499999990525,10.417499999990525,3.1132569324743287,0.0,0.0,7.304243060921472,6.594724365160594e-09,0.0,-1,SR3Z24,2.50553820819126
2025-02-18,62.49999999994316,62.49999999994316,12.82583882836752,0.0,-2.777999999999694,52.452161194286795,-2.271146244546865e-08,0.0,-1,SR3Z24,1.731005346907141
2025-02-19,-31.24999999997158,-31.24999999997158,7.048963920253115,0.0,-0.9470454545445932,-37.351918455632585,-1.0047516109435242e-08,0.0,-1,SR3Z24,1.9792700678881803
2025-02-20,0.0,0.0,5.639696621795309,0.0,-1.0417500000012732,-4.597946622878354,1.084317524657763e-09,0.0,-1,SR3Z24,1.9582252447082058
2025-02-21,20.832499999981053,20.832499999981053,3.0714157733591207,0.0,-1.157500000000181,18.91858423192528,-5.303165419346192e-09,0.0,-1,SR3Z24,1.4292167692438922
2025-02-24,31.24999999997158,31.24999999997158,10.125928508863957,0.0,0.0,21.12407147994988,1.115774010819157e-08,0.0,-1,SR3Z24,1.1131411920048115
2025-02-25,0.0,0.0,2.4576131975706517,0.0,0.0,-2.457613196475231,-1.0954206430824343e-09,0.0,-1,SR3Z24,1.0902307799741175
2025-02-26,0.0,0.0,1.1807266318664134,0.0,-3.701039474890422e-12,-1.180726627455127,-4.4075854077618715e-09,0.0,-1,SR3Z24,1.0563304120937107
2025-02-27,31.24999999997158,31.24999999997158,1.2369575034476554,0.0,-3.701039474890422e-12,30.013043034371467,-5.378438427531167e-07,0.0,-1,SR3Z24,0.775101240369324
2025-02-28,-31.24999999997158,-68.55012096771351,0.0,3.90199275307479,-3.701039474890422e-12,-35.15199330516768,5.521250119752237e-07,-37.30012096774193,0,SR3Z24,-0.009240902039279974
2025-03-03,0.0,0.0,0.0,0.0,0.0,0.0,0.0,0.0,0,SR3Z24,-0.02104841781081879
2025-03-04,0.0,0.0,0.0,0.0,0.0,0.0,0.0,0.0,0,SR3Z24,-0.0012729232571248577
2025-03-05,0.0,0.0,0.0,0.0,0.0,0.0,0.0,0.0,0,SR3Z24,-0.22882333671100225
2025-03-06,0.0,0.0,0.0,0.0,0.0,0.0,0.0,0.0,0,SR3H25,-1.0831120177676576
2025-03-07,0.0,0.0,0.0,0.0,0.0,0.0,0.0,0.0,0,SR3H25,-0.10022286043947909
2025-03-10,0.0,0.0,0.0,0.0,0.0,0.0,0.0,0.0,0,SR3H25,-0.6247202866161283
2025-03-11,0.0,0.0,0.0,0.0,0.0,0.0,0.0,0.0,0,SR3H25,-0.45031913809069324
2025-03-12,0.0,0.0,0.0,0.0,0.0,0.0,0.0,0.0,0,SR3H25,0.27797174787501167
2025-03-13,0.0,0.0,0.0,0.0,0.0,0.0,0.0,0.0,0,SR3H25,0.14715120900921744
2025-03-14,0.0,0.0,0.0,0.0,0.0,0.0,0.0,0.0,0,SR3H25,-1.2002587592990868
2025-03-17,0.0,-60.17256451612904,0.0,0.0,0.0,0.0,0.0,-60.17256451612904,1,SR3H25,-1.827040791392075
2025-03-18,39.79312903231464,39.79312903231464,0.0,0.0,1.6372648952912598,38.15586415714803,-2.0124650169972915e-08,0.0,1,SR3H25,-1.4769175930317486
2025-03-19,29.858499999880074,29.858499999880074,0.0,0.0,4.118992518075046,25.739507470477054,1.1327973446728287e-08,0.0,1,SR3H25,-1.2731742720009935
2025-03-20,-16.175129032184135,-16.175129032184135,3.5905453324769354,0.0,-25.8008924713456,6.03521812753557,-2.0851042317838346e-08,0.0,1,SR3H25,-1.2540282147808388
2025-03-21,-11.80649999998926,-11.80649999998926,2.6943118428657264,0.0,-12.840668544032596,-1.6601432834574483,-1.5364941989693922e-08,0.0,1,SR3H25,-1.4587150406562737
2025-03-24,5.561000000028493,5.561000000028493,5.607824018349916,0.0,32.49218647012089,-32.53901051443256,2.599024653414697e-08,0.0,1,SR3H25,-1.641003383326842
2025-03-25,19.157258064498706,19.157258064498706,0.845844514207883,0.0,-15.379655029188847,33.69106855660107,2.287860056816546e-08,0.0,1,SR3H25,-1.5792453758104652
2025-03-26,-83.04875806444059,-83.04875806444059,-1.9859575083325254,0.0,19.420582731113367,-100.48338325976563,-2.7455806296583864e-08,0.0,1,SR3H25,-2.1210854826089474
2025-03-27,90.48662903217576,90.48662903217576,-3.9111598992502827,0.0,-7.511151985771299,101.90894092597921,-8.781872785957126e-09,0.0,1,SR3H25,-1.4770273727452188
2025-03-28,-8.344000000118726,-8.344000000118726,-6.232658390492585,0.0,-23.0625292906955,20.951187657287896,2.3781463774585543e-08,0.0,1,SR3H25,-2.350550661164003
2025-03-31,50.208129032305166,5.660564516176137,0.0,-11.13088794760797,3.56891330556563,57.77010366793992,6.407588724843456e-09,-44.54756451612903,0,SR3H25,-0.24323552667345472
2025-04-01,0.0,0.0,0.0,0.0,0.0,0.0,0.0,0.0,0,SR3H25,-0.7251683936147847
2025-04-02,0.0,0.0,0.0,0.0,0.0,0.0,0.0,0.0,0,SR3H25,-0.4962796403516404
2025-04-03,0.0,0.0,0.0,0.0,0.0,0.0,0.0,0.0,0,SR3H25,-1.1766606149592587
2025-04-04,0.0,0.0,0.0,0.0,0.0,0.0,0.0,0.0,0,SR3H25,-0.2515822841013537
2025-04-07,0.0,-37.1545,0.0,0.0,0.0,0.0,0.0,-37.1545,1,SR3H25,-1.556352592630402
2025-04-08,-259.7405000000085,-259.7405000000085,-0.11645600088705521,0.0,1.308201152421475,-260.9322451799217,2.837877124406418e-08,0.0,1,SR3H25,-3.2305612653839053
2025-04-09,244.50650000016446,244.50650000016446,-6.807516212281595,0.0,42.57246343322498,208.74155281445837,-3.5237305517910045e-08,0.0,1,SR3H25,-2.3840577282494255
2025-04-10,-84.04700000016831,-84.04700000016831,-11.020998075683686,0.0,-13.398192333204193,-59.627809603148734,1.1868299232276058e-08,0.0,1,SR3H25,-2.4752093395683326
2025-04-11,40.98800000014826,40.98800000014826,-3.8386152794833706,0.0,22.411337272469268,22.415277999266575,7.8957874016794e-09,0.0,1,SR3H25,-2.4150026978486507
2025-04-14,-19.438500000100742,-19.438500000100742,5.38133630294535,0.0,-13.79787067206696,-11.021965613796585,-1.7182545786198488e-08,0.0,1,SR3H25,-2.493542982964289
2025-04-15,54.86550000004287,54.86550000004287,2.1882390767502535,0.0,8.910601074248344,43.76665985561839,-6.574122046743014e-09,0.0,1,SR3H25,-2.2014775239678066
2025-04-16,44.44799999995957,44.44799999995957,-2.517666585100109,0.0,8.336077284853499,38.62958927167024,2.853594249785374e-08,0.0,1,SR3H25,-1.8764399075250584
2025-04-17,88.89850000004547,88.89850000004547,3.801440947737156,0.0,0.13583122432913086,84.96122785890259,-3.092340605803656e-08,0.0,1,SR3H25,-1.271736141177219
2025-04-21,-78.48100000005495,-115.63550000005495,4.795287706482743,0.0,0.556957391888858,-83.83324511946898,2.1042438014262643e-08,-37.1545,0,SR3H25,0.3247682887856721
2025-04-22,0.0,0.0,0.0,0.0,0.0,0.0,0.0,0.0,0,SR3H25,0.6805868386765312
2025-04-23,0.0,0.0,0.0,0.0,0.0,0.0,0.0,0.0,0,SR3H25,0.8835183317327338
2025-04-24,0.0,0.0,0.0,0.0,0.0,0.0,0.0,0.0,0,SR3H25,0.5697861702094538
2025-04-25,0.0,0.0,0.0,0.0,0.0,0.0,0.0,0.0,0,SR3H25,-0.08204282809027577
2025-04-28,0.0,0.0,0.0,0.0,0.0,0.0,0.0,0.0,0,SR3H25,0.08952938478883797
2025-04-29,0.0,0.0,0.0,0.0,0.0,0.0,0.0,0.0,0,SR3H25,0.07300847597448752
2025-04-30,0.0,0.0,0.0,0.0,0.0,0.0,0.0,0.0,0,SR3H25,-0.1913776034726033
2025-05-01,0.0,0.0,0.0,0.0,0.0,0.0,0.0,0.0,0,SR3H25,-0.21351068918379643
2025-05-02,0.0,0.0,0.0,0.0,0.0,0.0,0.0,0.0,0,SR3H25,0.23224324026619783
2025-05-05,0.0,0.0,0.0,0.0,0.0,0.0,0.0,0.0,0,SR3H25,0.4764785197785337
2025-05-06,0.0,0.0,0.0,0.0,0.0,0.0,0.0,0.0,0,SR3H25,0.47643190777947625
2025-05-07,0.0,0.0,0.0,0.0,0.0,0.0,0.0,0.0,0,SR3H25,0.36354802380710577
2025-05-08,0.0,0.0,0.0,0.0,0.0,0.0,0.0,0.0,0,SR3H25,0.8252059349734524
2025-05-09,0.0,0.0,0.0,0.0,0.0,0.0,0.0,0.0,0,SR3H25,0.9967609859132128
2025-05-12,0.0,0.0,0.0,0.0,0.0,0.0,0.0,0.0,0,SR3H25,0.8336832809257211
2025-05-13,0.0,0.0,0.0,0.0,0.0,0.0,0.0,0.0,0,SR3H25,0.5319758037993414
2025-05-14,0.0,0.0,0.0,0.0,0.0,0.0,0.0,0.0,0,SR3H25,0.7469277869095624
2025-05-15,0.0,0.0,0.0,0.0,0.0,0.0,0.0,0.0,0,SR3H25,0.9256376164412942
2025-05-16,0.0,0.0,0.0,0.0,0.0,0.0,0.0,0.0,0,SR3H25,0.6199735844909005
2025-05-19,0.0,0.0,0.0,0.0,0.0,0.0,0.0,0.0,0,SR3H25,0.6952290716533521
2025-05-20,0.0,0.0,0.0,0.0,0.0,0.0,0.0,0.0,0,SR3H25,0.4047860595193109
2025-05-21,0.0,0.0,0.0,0.0,0.0,0.0,0.0,0.0,0,SR3H25,0.5870460093081752
2025-05-22,0.0,0.0,0.0,0.0,0.0,0.0,0.0,0.0,0,SR3H25,0.5109730199206177
2025-05-23,0.0,0.0,0.0,0.0,0.0,0.0,0.0,0.0,0,SR3H25,0.4372853233732311
2025-05-27,0.0,0.0,0.0,0.0,0.0,0.0,0.0,0.0,0,SR3H25,0.37968893762415157
2025-05-28,0.0,0.0,0.0,0.0,0.0,0.0,0.0,0.0,0,SR3H25,0.11104521818821228
2025-05-29,0.0,0.0,0.0,0.0,0.0,0.0,0.0,0.0,0,SR3H25,0.35905862190803156
2025-05-30,0.0,0.0,0.0,0.0,0.0,0.0,0.0,0.0,0,SR3H25,0.19816156161627588
2025-06-02,0.0,0.0,0.0,0.0,0.0,0.0,0.0,0.0,0,SR3H25,0.2640918306213163
2025-06-03,0.0,0.0,0.0,0.0,0.0,0.0,0.0,0.0,0,SR3H25,0.2949037689271528
2025-06-04,0.0,0.0,0.0,0.0,0.0,0.0,0.0,0.0,0,SR3H25,0.5400855518718741
2025-06-05,0.0,-59.89812500000001,0.0,0.0,0.0,0.0,0.0,-59.89812500000001,1,SR3M25,-1.7203542732237065
2025-06-06,115.64925000004877,115.64925000004877,0.0,0.0,221.35012086361291,-105.70087089744781,3.3883666183953666e-08,0.0,1,SR3M25,-5.310770999472116
2025-06-09,-11.111999999989894,-11.111999999989894,0.0,0.0,-11.111999999989894,0.0,5.329070514892029e-16,0.0,1,SR3M25,-5.310770999472116
2025-06-10,31.946999999970945,31.946999999970945,0.0,0.0,11.111999999871461,20.835000000095537,3.9483083469352676e-12,0.0,1,SR3M25,-5.310770999472116
2025-06-11,49.99400000004137,49.99400000004137,0.0,0.0,-33.33600000000324,83.33000002550942,-2.5464811237441155e-08,0.0,1,SR3M25,-4.321329538772716
2025-06-12,-86.81500000004343,-86.81500000004343,0.0,0.0,-55.560000000012636,-31.25499999690366,-3.1271328637672027e-09,0.0,1,SR3M25,-4.07396539341287
2025-06-13,-13.540249999956107,-13.540249999956107,0.0,0.0,-454.33454061675894,440.7942905884406,2.8362219772759546e-08,0.0,1,SR3M25,6.483760725147471
2025-06-16,-43.38874999995659,-43.38874999995659,0.0,0.0,542.8955580365174,-586.2843080164015,-2.007249282343082e-08,0.0,1,SR3M25,-5.729793090113338
2025-06-17,-31.946999999970945,-31.946999999970945,0.0,0.0,-11.111999999989894,-20.834999999969206,-1.1844925040804148e-11,0.0,1,SR3M25,-5.729793090113338
2025-06-18,1.3939999999987336,1.3939999999987336,0.0,0.0,22.22399999985901,-20.830000002806315,2.946038168971654e-09,0.0,1,SR3M25,-6.2244956753066605
2025-06-20,38.88199999993305,38.88199999993305,31.570432173999574,0.0,-44.447999999989186,51.759567817518274,8.404388829319487e-09,0.0,1,SR3M25,-5.667097027281548
2025-06-23,-66.6769999998841,-66.6769999998841,40.03541899978424,0.0,-66.67200000036054,-40.04041899324093,-6.066871716114975e-09,0.0,1,SR3M25,-5.2843171234048505
2025-06-24,-41.66500000013974,-41.66500000013974,13.086979656007358,0.0,0.0,-54.751979660010676,3.86357408288518e-09,0.0,1,SR3M25,-5.816366711380223
2025-06-25,-75.70300000002194,-75.70300000002194,12.588034536720194,0.0,-44.447999999985235,-43.8430345028877,-3.3869206372827425e-08,0.0,1,SR3M25,-5.595357372846427
2025-06-26,21.532000000039634,21.532000000039634,4.034969917532383,0.0,11.111999999991868,6.385030055241273,2.727410919334261e-08,0.0,1,SR3M25,-5.803118866180712
2025-06-27,0.6970000000309486,0.6970000000309486,-1.0937306060831986,0.0,11.11200000001753,-9.321269406902118,1.299873628735071e-08,0.0,1,SR3M25,-5.869091313122183
2025-06-30,-84.02699999995517,-84.02699999995517,0.0,1.9871653147207624,-377.40797892721633,291.39381363723567,-2.4695262901275327e-08,0.0,1,SR3M25,1.2619817732951983
2025-07-01,-20.13800000012774,-20.13800000012774,0.0,-19.533115753445074,11.11200000002271,-11.716884232080531,-1.4624845867672322e-08,0.0,1,SR3M25,1.1311702759989557
2025-07-02,-43.061499999874,-43.061499999874,-17.994481755201353,0.0,160.86024068693195,-185.92725897037727,3.877267342744517e-08,0.0,1,SR3M25,-2.5775108999396252
2025-07-03,72.25049999988298,72.25049999988298,-6.371772957614041,0.0,-27.56391370744126,106.18618669324532,-2.8307045241149355e-08,0.0,1,SR3M25,-0.6277481735796718
2025-07-07,-20.137999999950104,-20.137999999950104,-10.43076767267559,0.0,11.112000000017776,-20.819232366649448,3.93571562895545e-08,0.0,1,SR3M25,-0.8063516379752051
2025-07-08,-62.49999999994316,-62.49999999994316,0.4577355582568998,0.0,0.0,-62.95773550074601,-5.7454046320515316e-08,0.0,1,SR3M25,-1.2890578188581927
2025-07-09,20.137999999950104,20.137999999950104,-0.044040590951865966,0.0,-11.112000000019503,31.294040546819463,4.410200862281499e-08,0.0,1,SR3M25,-1.018782853468415
2025-07-10,-11.114499999989892,-11.114499999989892,2.28606590471081,0.0,172.0016806605568,-185.40224656213383,-3.123662573045749e-09,0.0,1,SR3M25,-4.858379372138231
2025-07-11,85.42099999995389,85.42099999995389,10.741140077374922,0.0,33.33600000006813,41.34385991903165,3.4791877823181496e-09,0.0,1,SR3M25,-4.543141018139188
2025-07-14,-20.832499999981053,-20.832499999981053,31.310688708796608,0.0,-183.1561863748727,131.01299767287335,-6.778309469268606e-09,0.0,1,SR3M25,-0.7363778324295007
2025-07-15,-18.74400000006979,-18.74400000006979,0.6779232087694709,0.0,33.33599999994377,-52.75792320697164,-1.811392458250793e-09,0.0,1,SR3M25,-1.4925233693017617
2025-07-16,-0.6969999998809477,-0.6969999998809477,-3.4009422849368143,0.0,-11.111999999985946,13.81594224844541,3.6596402330779655e-08,0.0,1,SR3M25,-1.215389453916797
2025-07-17,-51.3880000001309,-51.3880000001309,0.21484781536074138,0.0,11.111999999985946,-62.71484778090919,-3.456840200755096e-08,0.0,1,SR3M25,-1.7132126770915264
2025-07-18,39.57900000011006,39.57900000011006,1.2265046187565076,0.0,-33.33599999997338,71.68849539709184,-1.5764913641191925e-08,0.0,1,SR3M25,-0.9732661676325849
2025-07-21,0.6969999999993668,0.6969999999993668,15.78808675553045,0.0,11.112000000027152,-26.203086790526314,3.496807823299974e-08,0.0,1,SR3M25,-1.2874276404910294
2025-07-22,31.24999999997158,31.24999999997158,8.852322175290084,0.0,0.0,22.397677836583085,-1.190159046871031e-08,0.0,1,SR3M25,-1.084365654374581
2025-07-23,-11.111999999989894,-11.111999999989894,8.459281797024154,0.0,-11.11199999998792,-8.459281791524848,-5.501278543817989e-09,0.0,1,SR3M25,-1.1286339633624787
2025-07-24,-20.137999999981684,-20.137999999981684,8.61035783551456,0.0,11.111999999926729,-39.86035784184549,6.422519938098503e-09,0.0,1,SR3M25,-1.420234142746223
2025-07-25,-42.362000000139105,-42.362000000139105,6.558002996703838,0.0,-11.111999999976817,-37.808003004180776,7.314648442502403e-09,0.0,1,SR3M25,-1.7098941166122017
2025-07-28,10.417500000049742,10.417500000049742,-3.219607930815549,0.0,1.4557421934568993e-11,13.63710793961952,-8.768786230461955e-09,0.0,1,SR3M25,-1.577710556362562
2025-07-29,52.08250000013027,52.08250000013027,-1.1365988469069777,0.0,183.1200503938749,-129.90095154736852,5.308766759526407e-10,0.0,1,SR3M25,-5.126879417668345
2025-07-30,65.98000000000316,65.98000000000316,7.921709680536182,0.0,-310.81943200569424,368.8777223231518,2.009448607509512e-09,0.0,1,SR3M25,2.825188238532057
2025-07-31,21.526999999980422,21.526999999980422,0.0,-6.808483841547197,194.22950404274934,-165.8940201915147,-9.707023629346168e-09,0.0,1,SR3M25,-0.9822296717759307
2025-08-01,-101.39950000003411,-101.39950000003411,0.0,-6.559950692552885,-122.23199999983011,27.39245070973127,-1.7382385308906123e-08,0.0,1,SR3M25,-0.7263712574907741
2025-08-04,-11.111999999989894,-11.111999999989894,-1.2641472670882337,0.0,-8.087564516121677,-1.7602882288592099,1.2079226507921703e-08,0.0,1,SR3M25,-0.6568262524463307
2025-08-05,0.6969999999993668,0.6969999999993668,0.9383801186646501,0.0,12.22816071427195,-12.469540844835127,1.1897892449042047e-08,0.0,1,SR3M25,-0.8919669498063968
2025-08-06,-11.111999999989894,-11.111999999989894,0.2984368334901788,0.0,-10.726166666657734,-0.6842701613304358,-5.491903820598054e-09,0.0,1,SR3M25,-0.8687851459097143
2025-08-07,-61.80550000012143,-61.80550000012143,0.3055433291043741,0.0,11.512673076912321,-73.62371642976737,2.362924877985506e-08,0.0,1,SR3M25,-1.3402675884788509
2025-08-08,52.779500000161214,52.779500000161214,0.44896503548219613,0.0,11.945400000015587,40.385134986274295,-2.161086083418695e-08,0.0,1,SR3M25,-1.0801088210802499
2025-08-11,-9.720500000168794,-9.720500000168794,-0.963244187712764,0.0,12.41418749998871,-21.171443311002193,-1.4425472372181503e-09,0.0,1,SR3M25,-1.2231166311664439
2025-08-12,9.026000000137845,9.026000000137845,1.8861220794086364,0.0,-22.224000000009397,29.36387793246848,-1.1729873072852115e-08,0.0,1,SR3M25,-0.9520024651180057
2025-08-13,-22.22399999997979,-22.22399999997979,-1.7068787372509497,0.0,-22.22399999997979,1.706878726263442,1.0987508680670999e-08,0.0,1,SR3M25,-0.9062374518274463
2025-08-14,33.33600000000126,33.33600000000126,2.4101920404473454,0.0,33.33599999999732,-2.410192054707542,1.4264143466391489e-08,0.0,1,SR3M25,-0.8934435897281056
2025-08-15,0.6944999999993691,0.6944999999993691,1.09247416937297,0.0,11.111999999989894,-11.509974149613369,-1.9750126911688427e-08,0.0,1,SR3M25,-0.913843994682559
2025-08-18,21.52949999998042,21.52949999998042,-4.95374152905681,0.0,12.950382352933346,13.532859187091884,-1.0988001086786879e-08,0.0,1,SR3M25,-0.8490168718431463
2025-08-19,-11.111999999989894,-11.111999999989894,0.9604392687823093,0.0,-11.111999999993841,-0.9604392852508645,1.647250176262105e-08,0.0,1,SR3M25,-0.8245470598406245
2025-08-20,11.111999999989894,11.111999999989894,2.3821769403187254,0.0,11.111999999993841,-2.3821769392156567,-1.1070161676229872e-09,0.0,1,SR3M25,-0.8110677520549303
2025-08-21,-40.27600000010942,-40.27600000010942,5.244495508205382,0.0,22.224000000007422,-67.74449551438602,6.063790358723509e-09,0.0,1,SR3M25,-1.3142362165199564
2025-08-22,9.02599999996021,9.02599999996021,6.365335915503589,0.0,-22.224000000009397,24.88466409308332,-8.617301894275898e-09,0.0,1,SR3M25,-1.0732036420309083
2025-08-25,-40.97049999993116,-40.97049999993116,-0.4391815021542733,0.0,11.11200000002123,-51.643318504039534,6.241418937236176e-09,0.0,1,SR3M25,-1.4269260481477377
2025-08-26,-11.809000000020841,-11.809000000020841,1.1635832451450945,0.0,-23.712214285722997,10.739631046968228,-6.41116653099516e-09,0.0,1,SR3M25,-1.1216283943304253
2025-08-27,10.417499999990525,10.417499999990525,-1.5927968460727193,0.0,1.736250000002122,10.274046840565518,5.495604149530209e-09,0.0,1,SR3M25,-1.0526693707408252
2025-08-28,0.0,0.0,1.1086081547317939,0.0,0.0,-1.108608153632673,-1.099120794378905e-09,0.0,1,SR3M25,-1.005691392403651
2025-08-29,62.50000000012079,21.178500000120792,0.0,3.941309595179021,0.0,58.558690395626996,9.314771354240747e-09,-41.3215,0,SR3M25,-0.26175772278537235
2025-09-02,0.0,0.0,0.0,0.0,0.0,0.0,0.0,0.0,0,SR3M25,-0.5234954726423751
2025-09-03,0.0,0.0,0.0,0.0,0.0,0.0,0.0,0.0,0,SR3M25,-0.2081184186783362
2025-09-04,0.0,-59.8925241935484,0.0,0.0,0.0,0.0,0.0,-59.8925241935484,1,SR3U25,-6.730261096624552
2025-09-05,-67.19996774205671,-67.19996774205671,0.0,0.0,62.83024159786564,-130.03020929405346,-4.5868886466848835e-08,0.0,1,SR3U25,-8.546218824328072
2025-09-08,-27.404145161177546,-27.404145161177546,0.0,0.0,63.06829632148036,-90.47244138216516,-1.0049274910425395e-07,0.0,1,SR3U25,-11.529192611875228
2025-09-09,-39.633709677559025,-39.633709677559025,0.0,0.0,-126.52618370780822,86.89247390356077,1.266884184225603e-07,0.0,1,SR3U25,-6.5502701622054325
2025-09-10,-63.51564516132233,-63.51564516132233,0.0,0.0,63.22736317345103,-126.74300828005045,-5.472291553232367e-08,0.0,1,SR3U25,-9.782354598369656
2025-09-11,8.388709677440374,8.388709677440374,0.0,0.0,-104.74549128961507,113.1342009418153,2.5240154210409525e-08,0.0,1,SR3U25,-5.503031060602066
2025-09-12,-123.6458064515291,-123.6458064515291,0.0,0.0,18.4395457349892,-142.08535219148732,4.969015865441406e-09,0.0,1,SR3U25,-7.276706345993562
2025-09-15,6.554241935449248,6.554241935449248,0.0,0.0,22.903792819105217,-16.349550876005367,-7.650602325136627e-09,0.0,1,SR3U25,-8.269449452246599
2025-09-16,98.61150000008794,98.61150000008794,0.0,0.0,76.93226350393016,21.679236537168276,-4.101048434179688e-08,0.0,1,SR3U25,-10.858929889648271
2025-09-17,-16.98414516136466,-16.98414516136466,0.0,0.0,-91.07464479584675,74.09049957280374,6.167835514297108e-08,0.0,1,SR3U25,-7.422209854991032
2025-09-18,-57.63850000012521,-57.63850000012521,4.076632397598257,0.0,-0.14410357305272356,-61.571028772511454,-5.215929446062399e-08,0.0,1,SR3U25,-7.884841808585333
2025-09-19,-46.5315000000169,-46.5315000000169,4.49414715002483,0.0,-26.572919273865676,-24.45272794975539,7.357933542451179e-08,0.0,1,SR3U25,-6.378625012166097
2025-09-22,-9.737903225707818,-9.737903225707818,5.674305378322586,0.0,-68.29108573298399,52.878877148158736,-1.9205153467538594e-08,0.0,1,SR3U25,-3.5000101195626407
2025-09-23,15.276499999986108,15.276499999986108,-1.9891363029267417,0.0,137.49309821816908,-120.22746188688708,-2.83691472578684e-08,0.0,1,SR3U25,-9.01956506445607
2025-09-24,0.6770967742827096,0.6770967742827096,10.443239779545088,0.0,-67.97295034541797,58.206807340516356,-3.607638625112018e-10,0.0,1,SR3U25,-6.05321638204845
2025-09-25,85.69983870954218,85.69983870954218,4.767060612198559,0.0,-44.94524271987571,125.87802078609329,3.112603863542063e-08,0.0,1,SR3U25,-3.0800582761222195
2025-09-26,14.265854838871412,14.265854838871412,-6.573204097515273,0.0,-13.935709159107759,34.77476811142883,-1.5934382662087206e-08,0.0,1,SR3U25,-2.5867182026335627
2025-09-29,-5.200048387119677,-5.200048387119677,-13.243983844768437,0.0,-7.915099822841158,15.959035255052028,2.543789001663299e-08,0.0,1,SR3U25,-2.166349798692809
2025-09-30,-22.522741935583724,-22.522741935583724,0.0,-0.7385447912566789,-23.370800025112274,1.586602901113417,-2.0328187133600295e-08,0.0,1,SR3U25,2.5530250138039614
2025-10-01,-12.105241935415563,-12.105241935415563,0.0,-16.818688777930912,14.8444330114529,-10.130986144391485,-2.4546065309359912e-08,0.0,1,SR3U25,1.4426612012470292
2025-10-02,-51.74395161300324,-51.74395161300324,-9.572407014302176,0.0,-33.93623954209528,-8.235305070171762,1.3565976786367173e-08,0.0,1,SR3U25,2.4791682435573605
2025-10-03,-30.911451612815895,-30.911451612815895,-11.31487254001362,0.0,4.609402394036508,-24.205981470860472,4.021689146579518e-09,0.0,1,SR3U25,2.4784820169149953
2025-10-06,0.3385483870964645,0.3385483870964645,-23.81261321863226,0.0,4.609314151370402,19.541847439149997,1.5208327024253086e-08,0.0,1,SR3U25,2.3896375090554547
2025-10-07,31.24749999997158,31.24749999997158,-3.758852980517702,0.0,38.54440251438047,-3.5380495276498323,-6.241357079906882e-09,0.0,1,SR3U25,1.221591691907582
2025-10-08,52.759596774176124,52.759596774176124,-0.34042700856051766,0.0,-29.33206811865821,82.43209191566118,-1.4266319810084562e-08,0.0,1,SR3U25,2.9784548972512037
2025-10-09,83.67354838702067,83.67354838702067,-0.7523637405415506,0.0,37.37471756837511,47.05119454473207,1.4455036852077976e-08,0.0,1,SR3U25,2.0781856461175767
2025-10-10,-95.43774193542762,-95.43774193542762,0.8306013558279091,0.0,-23.04726445271891,-73.22107878143511,-5.710151906868077e-08,0.0,1,SR3U25,1.3364257487213824
2025-10-13,-10.753548387117556,-10.753548387117556,-5.919425288403168,0.0,-4.609423063235242,-0.22470004207106545,6.591920027753145e-09,0.0,1,SR3U25,1.2854522863964941
2025-10-14,-72.91749999993368,-72.91749999993368,0.0,0.0,38.54061385489243,-111.45811388411472,2.9288608427435747e-08,0.0,1,SR3U25,-0.8763806306002239
2025-10-15,-51.40290322584756,-51.40290322584756,-2.7619152591196183,0.0,-145.04116542343613,96.40017744900327,7.704920701456786e-09,0.0,1,SR3U25,4.668484868676668
2025-10-16,-127.70338709677839,-127.70338709677839,-27.758885351869544,0.0,40.21469662219998,-140.1591983608805,-6.228307203315353e-09,0.0,1,SR3U25,1.5684685943021182
2025-10-17,53.09564516127259,53.09564516127259,-23.02003317526946,0.0,84.24111560658469,-8.125437276629963,6.587328460483377e-09,0.0,1,SR3U25,-0.6452713731387183
2025-10-20,-20.157903225728905,-20.157903225728905,0.825796958281444,0.0,9.218475543692985,-30.202175743823773,1.6120438761646483e-08,0.0,1,SR3U25,-1.0726083288082195
2025-10-21,-82.99395161282774,-124.48347580637613,3.930493931425527,0.0,-33.94907306208655,-52.975372483638544,1.471828637461716e-09,-41.48952419354839,0,SR3U25,-0.35362574277474573
2025-10-22,0.0,-36.62802419354839,0.0,0.0,0.0,0.0,0.0,-36.62802419354839,1,SR3U25,-1.9012543070679757
2025-10-23,-10.078951613071697,-46.706975806620086,-1.0275500186951447,0.0,-33.95454755547467,24.90314597023049,-9.132373724624234e-09,-36.62802419354839,0,SR3U25,-0.38478591923522926
2025-10-24,0.0,0.0,0.0,0.0,0.0,0.0,0.0,0.0,0,SR3U25,0.005670645619471587
2025-10-27,0.0,0.0,0.0,0.0,0.0,0.0,0.0,0.0,0,SR3U25,-1.3436920634111889
2025-10-28,0.0,-36.62802419354839,0.0,0.0,0.0,0.0,0.0,-36.62802419354839,1,SR3U25,-3.527362939956716
2025-10-29,45.72258064530118,45.72258064530118,-7.730455270416048,0.0,-21.837282855025023,75.29031875588191,1.486033784914298e-08,0.0,1,SR3U25,-1.450469139687825
2025-10-30,-20.496451612884584,-20.496451612884584,-7.331298970103539,0.0,4.608698778818504,-17.773851396169892,-2.542965704677158e-08,0.0,1,SR3U25,-1.1242598275764257
2025-10-31,-72.2454032257694,-108.87342741931778,0.0,-6.267216457889191,30.63206757780325,-96.61025432446526,-2.1218195200845003e-08,-36.62802419354839,0,SR3U25,-0.24043102164533725
2025-11-03,0.0,0.0,0.0,0.0,0.0,0.0,0.0,0.0,0,SR3U25,-0.23685646335930557
2025-11-04,0.0,0.0,0.0,0.0,0.0,0.0,0.0,0.0,0,SR3U25,0.4593826100751207
2025-11-05,0.0,0.0,0.0,0.0,0.0,0.0,0.0,0.0,0,SR3U25,1.1173868482065075
2025-11-06,0.0,0.0,0.0,0.0,0.0,0.0,0.0,0.0,0,SR3U25,1.3358278033167459
2025-11-07,0.0,0.0,0.0,0.0,0.0,0.0,0.0,0.0,0,SR3U25,0.9377399613955288
2025-11-10,0.0,0.0,0.0,0.0,0.0,0.0,0.0,0.0,0,SR3U25,0.6172823974078488
2025-11-11,0.0,0.0,0.0,0.0,0.0,0.0,0.0,0.0,0,SR3U25,0.7465237143527681
2025-11-12,0.0,0.0,0.0,0.0,0.0,0.0,0.0,0.0,0,SR3U25,0.30020790403374964
2025-11-13,0.0,0.0,0.0,0.0,0.0,0.0,0.0,0.0,0,SR3U25,0.2455553932433543
2025-11-14,0.0,0.0,0.0,0.0,0.0,0.0,0.0,0.0,0,SR3U25,0.5106574927381557
2025-11-17,0.0,0.0,0.0,0.0,0.0,0.0,0.0,0.0,0,SR3U25,0.40694424755283914
2025-11-18,0.0,0.0,0.0,0.0,0.0,0.0,0.0,0.0,0,SR3U25,0.5450298424325514
2025-11-19,0.0,0.0,0.0,0.0,0.0,0.0,0.0,0.0,0,SR3U25,0.5376636237642622
2025-11-20,0.0,0.0,0.0,0.0,0.0,0.0,0.0,0.0,0,SR3U25,0.3554918220817286
2025-11-21,0.0,0.0,0.0,0.0,0.0,0.0,0.0,0.0,0,SR3U25,-0.3145960723371336
2025-11-24,0.0,0.0,0.0,0.0,0.0,0.0,0.0,0.0,0,SR3U25,-0.7300749780475111
2025-11-25,0.0,0.0,0.0,0.0,0.0,0.0,0.0,0.0,0,SR3U25,-0.8518391578544726
2025-11-26,0.0,0.0,0.0,0.0,0.0,0.0,0.0,0.0,0,SR3U25,-1.0688107496136539
2025-11-28,0.0,0.0,0.0,0.0,0.0,0.0,0.0,0.0,0,SR3U25,-1.1944775831432408
2025-12-01,0.0,0.0,0.0,0.0,0.0,0.0,0.0,0.0,0,SR3U25,-0.26829929809040537
2025-12-02,0.0,0.0,0.0,0.0,0.0,0.0,0.0,0.0,0,SR3U25,0.08279927210678287
2025-12-03,0.0,0.0,0.0,0.0,0.0,0.0,0.0,0.0,0,SR3U25,0.3130133271486379
2025-12-04,0.0,0.0,0.0,0.0,0.0,0.0,0.0,0.0,0,SR3Z25,0.43867333883272724
2025-12-05,0.0,0.0,0.0,0.0,0.0,0.0,0.0,0.0,0,SR3Z25,-0.30661737575967074
2025-12-08,0.0,0.0,0.0,0.0,0.0,0.0,0.0,0.0,0,SR3Z25,0.2530447846563896
2025-12-09,0.0,-60.31818548387097,0.0,0.0,0.0,0.0,0.0,-60.31818548387097,-1,SR3Z25,1.647804927056202
2025-12-10,-118.27153225801423,-118.27153225801423,0.0,0.0,13.646236084085341,-131.91776830553766,-3.656191755087346e-08,0.0,-1,SR3Z25,2.8586854991369313
2025-12-11,-30.23935483862296,-30.23935483862296,0.0,0.0,11.425645161279931,-41.66500002370333,2.3800440099039992e-08,0.0,-1,SR3Z25,3.3541372803594784
2025-12-12,33.27129032240522,33.27129032240522,0.0,0.0,-33.82768828433856,67.09897865102401,-4.428023693950792e-08,0.0,-1,SR3Z25,0.6061469421708172
2025-12-15,-31.24999999997158,-31.24999999997158,0.0,0.0,0.5609840010404307,-31.810984019504566,1.8492556504022852e-08,0.0,-1,SR3Z25,0.8538766262286718
2025-12-16,-46.71072580640913,-46.71072580640913,0.0,0.0,107.8832334422399,-154.59395948032858,2.3167955319077889e-07,0.0,-1,SR3Z25,3.5791624444460703
2025-12-17,-31.24999999997158,-31.24999999997158,0.0,0.0,0.5487886966696361,-31.798788451602995,-2.4503821975081284e-07,0.0,-1,SR3Z25,3.8268936367614774
2025-12-18,-13.772983870955215,-13.772983870955215,0.2575646520230901,0.0,23.436664932341102,-37.46721342641643,-2.890298038181068e-08,0.0,-1,SR3Z25,4.2633381897956895
2025-12-19,-38.31201612905663,-38.31201612905663,-3.204057343619837,0.0,-22.58415508397125,-12.523803736773614,3.5308072078979904e-08,0.0,-1,SR3Z25,4.445530995820451
2025-12-22,30.239354838649703,30.239354838649703,-10.771528173814104,0.0,-9.399348435146372,50.41023143297566,1.4634522353807986e-08,0.0,-1,SR3Z25,3.736138651981422
2025-12-23,-39.656209677442504,-39.656209677442504,-1.6706640115271565,0.0,-33.39887356916969,-4.586672093637932,-3.1077260764789116e-09,0.0,-1,SR3Z25,3.43907305890762
2025-12-24,-31.24999999997158,-31.24999999997158,-4.830750715928422,0.0,0.41554370447353084,-26.834792966366845,-2.2149841645423587e-08,0.0,-1,SR3Z25,3.6154865556354907
2025-12-26,-59.468064516193365,-59.468064516193365,-9.031419577038013,0.0,-72.42751393584231,21.99086899336375,3.323207171811484e-09,0.0,-1,SR3Z25,1.4390203332873206
2025-12-29,-20.832499999921836,-65.52568548379281,20.845229709387514,0.0,-51.94857728498601,10.270847561574863,1.410179401208123e-08,-44.69318548387097,0,SR3Z25,0.45924348876796484
2025-12-30,0.0,0.0,0.0,0.0,0.0,0.0,0.0,0.0,0,SR3Z25,1.0107675026802068
2025-12-31,0.0,0.0,0.0,0.0,0.0,0.0,0.0,0.0,0,SR3Z25,-1.3148763546363145
2026-01-02,0.0,0.0,0.0,0.0,0.0,0.0,0.0,0.0,0,SR3Z25,0.7775890736931476
2026-01-05,0.0,0.0,0.0,0.0,0.0,0.0,0.0,0.0,0,SR3Z25,0.41094450408453587
2026-01-06,0.0,-36.964072580645166,0.0,0.0,0.0,0.0,0.0,-36.964072580645166,-1,SR3Z25,4.486870183541976
2026-01-07,-3.029435483959901,-3.029435483959901,0.06184431209366181,0.0,-88.09257851449789,85.00129874664452,-2.8200197632252587e-08,0.0,-1,SR3Z25,2.5728002351949835
2026-01-08,-42.67814516125151,-42.67814516125151,-4.6723059915598775,0.0,42.39767588139604,-80.40351509062982,3.9542150944274936e-08,0.0,-1,SR3Z25,3.868501121555128
2026-01-09,-57.133225806346175,-57.133225806346175,-3.634984730793711,0.0,-57.1282258064646,3.6299847951607376,-6.424860637775598e-08,0.0,-1,SR3Z25,2.6508331098022038
2026-01-12,31.24999999997158,31.24999999997158,-13.82032241944997,0.0,1.5998041601139244e-11,45.070322356640105,6.27654475060524e-08,0.0,-1,SR3Z25,2.1968508591574167
2026-01-13,-32.2606451613202,-32.2606451613202,-5.301206878965958,0.0,-11.425645161301121,-15.533793067248547,-5.3804568012430585e-08,0.0,-1,SR3Z25,2.1280932662038565
2026-01-14,-30.23935483862296,-30.23935483862296,-3.9977063110430144,0.0,11.42564516130536,-37.66729371378522,2.4899916351017737e-08,0.0,-1,SR3Z25,2.5657962308634996
2026-01-15,-54.101290322709076,-54.101290322709076,-4.455278726162026,0.0,-22.85129032257502,-26.794721253848696,-2.012333223353193e-08,0.0,-1,SR3Z25,2.718718458625355
2026-01-16,11.425645161279931,11.425645161279931,-1.2504026495441245,0.0,11.425645161273842,1.2504026418603664,7.689847038708678e-09,0.0,-1,SR3Z25,2.3121658540811247
2026-01-20,42.67814516125151,42.67814516125151,-10.625624383653332,0.0,-42.39169035176587,95.69545989009282,6.577888398847761e-09,0.0,-1,SR3Z25,0.6354498828876718
2026-01-21,-54.10379032253144,-54.10379032253144,-7.245788345144888,0.0,30.97186037726655,-77.82986233929473,-1.535836490243201e-08,0.0,-1,SR3Z25,1.9346206322775652
2026-01-22,0.0,0.0,-5.691823050241185,0.0,0.0,5.691823026082732,2.4158453015843406e-08,0.0,-1,SR3Z25,1.8601709533558646
2026-01-23,0.0,0.0,-4.4090062073842695,0.0,0.0,4.409006181033126,2.635114348947809e-08,0.0,-1,SR3Z25,2.606333607191114
2026-01-26,0.0,0.0,-9.311144345658384,0.0,2.865320883786133e-12,9.311144392870618,-4.721509944306857e-08,0.0,-1,SR3Z25,2.4056747487705192
2026-01-27,-31.24999999997158,-31.24999999997158,-1.900622217848591,0.0,1.850519737445211e-12,-29.349377822559102,4.0434265813707546e-08,0.0,-1,SR3Z25,2.597510220964149
2026-01-28,-21.843145161362145,-21.843145161362145,-1.3135672165320855,0.0,-65.24222224366743,44.71264430652057,-7.683206128664582e-09,0.0,-1,SR3Z25,1.1789747326230873
2026-01-29,-41.667499999962104,-41.667499999962104,-7.621180787559245,0.0,53.82203572468154,-87.8683549094575,-2.7626907428413006e-08,0.0,-1,SR3Z25,2.7114673726831424
2026-01-30,0.0,0.0,0.0,-2.16125640460918,2.52506402883653e-11,2.161256407877591,-3.2936619596565348e-09,0.0,-1,SR3Z25,2.6594081112969956
2026-02-02,9.406854838701122,9.406854838701122,0.0,5.853751213430458,-12.169752304137898,15.722855917151703,1.225685863914805e-08,0.0,-1,SR3Z25,2.203658565213111
2026-02-03,10.417499999990525,10.417499999990525,2.760720947458939,0.0,-0.38583333333030945,8.04261237707448,8.787415239908114e-09,0.0,-1,SR3Z25,2.180401952725236
2026-02-04,-32.26064516126098,-32.26064516126098,2.8249301667171434,0.0,-12.22699131512395,-22.85858400296107,-9.893105503270164e-09,0.0,-1,SR3Z25,2.1571454434509136
2026-02-05,4.03758064519009,4.03758064519009,-2.653027759025317,0.0,45.70258064515423,-39.01197225486203,1.3923209252197921e-08,0.0,-1,SR3Z25,2.5854098261482847
2026-02-06,-21.843145161270456,-21.843145161270456,-1.1931694555433747,0.0,-12.293770161279141,-8.356205531271444,-1.3176496782563163e-08,0.0,-1,SR3Z25,2.2365921555174806
2026-02-09,-21.843145161302928,-21.843145161302928,-7.826282841577603,0.0,-12.784449509134904,-1.2324128204695566,9.879133955337238e-09,0.0,-1,SR3Z25,2.022408908964463
2026-02-10,21.843145161302928,21.843145161302928,-4.207122532773333,0.0,11.425645161310374,14.62462253715682,-4.390935615106173e-09,0.0,-1,SR3Z25,1.9400199360110892
2026-02-11,-65.52693548384384,-65.52693548384384,-1.5514204613265026,0.0,-34.82522495755728,-29.150290061491447,-3.4686130097193492e-09,0.0,-1,SR3Z25,2.1273541589350375
2026-02-12,0.0,0.0,-0.7027939614823175,0.0,-0.5787499999963894,1.281543963673248,-2.1945409933721294e-09,0.0,-1,SR3Z25,2.066946013737989
2026-02-13,-10.417499999990525,-10.417499999990525,-0.7234665888311564,0.0,-0.6127941176465015,-9.081239304481871,1.0969002981905503e-08,0.0,-1,SR3Z25,1.920615089625091
2026-02-17,31.24999999997158,31.24999999997158,2.562773450587308,0.0,1.850519737445211e-12,28.687226564566572,-1.5184150882877503e-08,0.0,-1,SR3Z25,1.485230123818023
2026-02-18,72.91749999993368,72.91749999993368,6.583037535978775,0.0,0.0,66.33446246031338,3.641536792539198e-09,0.0,-1,SR3Z25,0.972117315896674
2026-02-19,-21.843145161302928,-21.843145161302928,7.3585096444728215,0.0,-12.372690615854967,-16.82896418663739,-3.2833931129516714e-09,0.0,-1,SR3Z25,1.0021350223032686
2026-02-20,0.0,0.0,-0.6867642443730837,0.0,1.850519737445211e-12,0.6867642322994083,1.2071824873061132e-08,0.0,-1,SR3Z25,0.9663003536899953
2026-02-23,-31.24999999997158,-31.24999999997158,-6.297174715746978,0.0,0.0,-24.952825282947842,-1.2767578105865596e-09,0.0,-1,SR3Z25,1.0732750341982624
2026-02-24,41.667499999962104,41.667499999962104,-1.0144846622150983,0.0,0.0,42.68198467846047,-1.6283272064043786e-08,0.0,-1,SR3Z25,0.7786177134053713
2026-02-25,-41.667499999962104,-41.667499999962104,-1.094879189506015,0.0,-2.0834999999969948,-38.48912082455152,1.4092425004719189e-08,0.0,-1,SR3Z25,0.9904199828331748
2026-02-26,-20.832499999981053,-20.832499999981053,0.3412068946051505,0.0,0.0,-21.173706888912964,-5.67323965583455e-09,0.0,-1,SR3Z25,1.2022257495891664
2026-02-27,1.0081451613218793,1.0081451613218793,0.0,1.920905033936382,7.953145161314547,-8.865905035027156,1.098106437321774e-09,0.0,-1,SR3Z25,0.8805800281826025
2026-03-02,51.074354838630754,11.75794354830817,0.0,10.222837597317902,-11.425645161310374,52.27716240445963,-1.836406582356176e-09,-39.316411290322584,0,SR3Z25,0.2620191633115459
2026-03-03,0.0,0.0,0.0,0.0,0.0,0.0,0.0,0.0,0,SR3Z25,0.2829782425470632
2026-03-04,0.0,0.0,0.0,0.0,0.0,0.0,0.0,0.0,0,SR3Z25,0.29294775233075254
2026-03-05,0.0,-59.99333870967742,0.0,0.0,0.0,0.0,0.0,-59.99333870967742,1,SR3H26,-2.3736934175653763
2026-03-06,-55.56499999986263,-55.56499999986263,0.0,0.0,-55.55999999997711,-0.004999980661023784,-1.9224494942197025e-08,0.0,1,SR3H26,-1.9769456213528256
2026-03-09,7.492677419320408,7.492677419320408,0.0,0.0,92.17558564477295,-84.68290822016232,-5.29022520413858e-09,0.0,1,SR3H26,-3.899916972545231
2026-03-10,-16.5136774193714,-16.5136774193714,0.0,0.0,-422.18352256002527,405.6698451426635,-2.0096520576694567e-09,0.0,1,SR3H26,5.19187996007025
2026-03-11,16.5136774193714,16.5136774193714,0.0,0.0,421.93283325456656,-405.41915583720385,2.0086865504254092e-09,0.0,1,SR3H26,-3.899916972545231
2026-03-12,-5.541000000050218,-5.541000000050218,0.0,0.0,-274.42011000915386,268.8791100268173,-1.7713631450533285e-08,0.0,1,SR3H26,2.5257015351561183
2026-03-13,-99.84867741926402,-99.84867741926402,0.0,0.0,-69.9607402137247,-29.88793722073541,1.5196097212108012e-08,0.0,1,SR3H26,2.6355261403839765
2026-03-16,63.19699999994252,63.19699999994252,0.0,0.0,11.112000000050962,52.08500000082045,-9.288899112257533e-10,0.0,1,SR3H26,2.883266839495038
2026-03-17,42.05335483876223,42.05335483876223,0.0,0.0,469.6898804308984,-427.6365256073339,1.519771508640133e-08,0.0,1,SR3H26,-7.140477551639347
2026-03-18,7.104322580638701,7.104322580638701,0.0,0.0,-377.78424285607275,384.8885654599537,-2.3242272106926976e-08,0.0,1,SR3H26,1.4558359117441677
2026-03-19,-11.948322580689549,-11.948322580689549,7.7282541278533845,0.0,114.4074341022507,-134.08401081503382,4.240182484697045e-09,0.0,1,SR3H26,-1.0333034797159169
2026-03-20,61.28032258065261,61.28032258065261,12.03086108867435,0.0,-697.8130561033988,747.0625174764044,1.189726592798479e-07,0.0,1,SR3H26,15.603594912137279
2026-03-23,60.409000000031895,60.409000000031895,-34.09864950288943,0.0,-33.336000000005065,127.84364960836307,-1.0543667971109383e-07,0.0,1,SR3H26,16.607228284611733
2026-03-24,16.5136774193714,16.5136774193714,-13.581646740223885,0.0,22.224000000009397,7.8713241630588335,-3.4729444839667263e-09,0.0,1,SR3H26,16.281180339230186
2026-03-25,61.10600000003126,61.10600000003126,-14.76020108115983,0.0,-22.812084677428217,98.67828566000277,9.861653656265213e-08,0.0,1,SR3H26,17.20479105487107
2026-03-26,59.1843225805637,59.1843225805637,-17.81012463553111,0.0,373.6120114436258,-296.61756414334536,-8.4185643225002e-08,0.0,1,SR3H26,9.731879062374757
2026-03-27,-55.56500000001263,-55.56500000001263,-8.138158446041599,0.0,296.48957038309305,-343.9164119231402,-1.3923912689506324e-08,0.0,1,SR3H26,1.9466822054359278
2026-03-30,8.328999999901626,8.328999999901626,17.832025658276464,0.0,-33.336000000001114,23.832974361029244,-1.9402968241418844e-08,0.0,1,SR3H26,2.2515733546152017
2026-03-31,77.62217741946188,77.62217741946188,0.0,5.37967571698772,-176.0846614092678,248.32716308046014,3.1281812695738154e-08,0.0,1,SR3H26,6.012201177400406
2026-04-01,26.54532258062102,26.54532258062102,0.0,-8.68206489778589,-4.704677419351396,39.93206491185259,-1.409428662668688e-08,0.0,1,SR3H26,6.201750433603005
2026-04-02,-11.114499999989892,-11.114499999989892,-5.041944842953949,0.0,164.91596977438252,-170.98852490743275,-2.398571297135277e-08,0.0,1,SR3H26,2.4589085448818615
2026-04-03,11.114499999989892,11.114499999989892,-1.3569905770505208,0.0,-164.96114888648395,177.43263944612784,1.7396530438418267e-08,0.0,1,SR3H26,6.0729327825883495
2026-04-06,-31.24999999997158,-31.24999999997158,0.0,0.0,0.0,-31.249999943799843,-5.6171735707266635e-08,0.0,1,SR3H26,5.631511688726135
2026-04-07,31.944499999970947,31.944499999970947,-5.034989175034532,0.0,187.14309189340793,-150.1636027646883,4.6285856925010194e-08,0.0,1,SR3H26,1.8913143086324686
2026-04-08,72.91749999993368,72.91749999993368,5.641411013057596,0.0,-176.0754865341202,243.35157551076006,1.0236218983550316e-08,0.0,1,SR3H26,6.277927077138974
2026-04-09,40.970500000140376,40.970500000140376,1.8585794112513376,0.0,164.90931466933733,-125.79739405244193,-2.8006364516386387e-08,0.0,1,SR3H26,2.719539714331647
2026-04-10,-20.13800000015932,-20.13800000015932,10.984344872144725,0.0,11.112000000046027,-42.23434486978521,-2.5648616563955784e-09,0.0,1,SR3H26,1.6353204808145054
2026-04-13,-20.832499999981053,-20.832499999981053,18.178481813246883,0.0,-176.0650527737686,137.05407093215834,2.8382323158382405e-08,0.0,1,SR3H26,5.1466152900582705
2026-04-14,-31.24999999997158,-31.24999999997158,-3.6286328480406027,0.0,2.886810790414529e-11,-27.62136716385773,1.189788534361469e-08,0.0,1,SR3H26,4.855184739579559
2026-04-15,62.49999999994316,62.49999999994316,-7.355719974883046,0.0,0.0,69.85571998654461,-1.1718411130345885e-08,0.0,1,SR3H26,5.313793676529384
2026-04-16,-11.114499999812256,-11.114499999812256,-16.7818329287972,0.0,164.9081779215026,-159.24084501812396,2.560629468462139e-08,0.0,1,SR3H26,1.6345645920831269
2026-04-17,62.502499999943154,62.502499999943154,-2.576579375129784,0.0,-176.06406740146147,241.14314678184093,-5.306519668124565e-09,0.0,1,SR3H26,6.9303445822746275
2026-04-20,-31.252499999971576,-31.252499999971576,-25.61362833259917,0.0,176.01510456550557,-181.6539762284774,-4.400567199525084e-09,0.0,1,SR3H26,2.777516692628359
2026-04-21,-31.24999999997158,-31.24999999997158,2.3950713368636745,0.0,0.0,-33.645071327875755,-8.959498210003857e-09,0.0,1,SR3H26,2.468371124578371
2026-04-22,0.0,0.0,2.9854090968617353,0.0,-1.3940582022087256e-11,-2.9854090913605793,-5.487215393173983e-09,0.0,1,SR3H26,2.4069814701663717
2026-04-23,0.0024999998223620423,0.0024999998223620423,1.6525223980434767,0.0,-176.06363049160123,174.41360810800725,-1.4627136835088095e-08,0.0,1,SR3H26,6.064861726589439
2026-04-24,0.0,0.0,-8.208768366135821,0.0,0.0,8.20876845618046,-9.004463841222332e-08,0.0,1,SR3H26,6.357760791211745
2026-04-27,-11.114499999812256,-11.114499999812256,-29.23520715844008,0.0,164.9096792732889,-146.78897223689273,1.2223165386515688e-07,0.0,1,SR3H26,2.546526380563145
2026-04-28,63.19699999994252,63.19699999994252,-1.1481235742349938,0.0,-164.95191613016772,229.2970396953839,8.961341180224735e-09,0.0,1,SR3H26,6.715996800677847
2026-04-29,11.111999999989894,11.111999999989894,-9.004327360656594,0.0,11.111999999988043,9.004327394684436,-3.4025990203190307e-08,0.0,1,SR3H26,6.659711000959787
2026-04-30,-11.808999999989261,-11.808999999989261,0.0,-7.801910833865611,153.78973057446507,-157.79681976382176,2.3233040380432612e-08,0.0,1,SR3H26,2.708101729411864
2026-05-01,10.417499999990525,10.417499999990525,0.0,-2.3776718264589825,-6.489155879307872e-11,12.795171842984558,-1.6470158570314197e-08,0.0,1,SR3H26,2.63206582632161
2026-05-04,20.832499999981053,20.832499999981053,1.0321083207864845,0.0,-1.0081451612894057,20.808536832618046,7.865928353112395e-09,0.0,1,SR3H26,2.7214167325435112
2026-05-05,31.24999999997158,31.24999999997158,1.0434463919295478,0.0,0.0,30.206553608957964,-9.159339953157541e-10,0.0,1,SR3H26,2.90538533375966
2026-05-06,0.0,0.0,1.7270636294808295,0.0,0.0,-1.7270636140986895,-1.5382140006181544e-08,0.0,1,SR3H26,2.830602753884208
2026-05-07,-31.947000000002525,-31.947000000002525,3.154357113960282,0.0,-11.112000000019503,-23.989357130421116,1.647781049385344e-08,0.0,1,SR3H26,2.744829954090995
2026-05-08,40.97050000008116,40.97050000008116,4.617469345347125,0.0,11.557094648986283,24.79593601180636,-6.058606327741245e-09,0.0,1,SR3H26,2.2504098975790003
2026-05-11,-20.13800000015932,-20.13800000015932,9.508700423754846,0.0,10.817957661281348,-40.46465975383333,1.6686378171648642e-06,0.0,1,SR3H26,1.7779909209188027
2026-05-12,72.91750000017053,72.91750000017053,4.271922707882458,0.0,-0.11201612903215619,68.75759508538911,-1.6640688836666583e-06,0.0,1,SR3H26,2.198631976151683
2026-05-13,-41.66750000002132,-41.66750000002132,2.6542703068344053,0.0,-0.6384919354847707,-43.68327835362774,-1.77432149861545e-08,0.0,1,SR3H26,1.8759750219963935
2026-05-14,29.858499999972842,29.858499999972842,5.009234961994569,0.0,-22.347807300488842,47.19707232384585,1.4621262600655881e-08,0.0,1,SR3H26,2.2856321281038636
2026-05-15,52.08249999995263,52.08249999995263,7.476502918962735,0.0,0.44806451613047527,44.157932571072976,-6.213556158485289e-09,0.0,1,SR3H26,2.4488219669053084
2026-05-18,42.36199999996147,42.36199999996147,21.58061493793273,0.0,14.373646110049405,6.407738957302858,-5.3235218899772014e-09,0.0,1,SR3H26,2.244772544525601
2026-05-19,124.30550000006458,124.30550000006458,9.644806901482061,0.0,-9.791809907822554,124.45250298574382,2.0661249777731427e-08,0.0,1,SR3H26,3.0894827711305783
2026-05-20,31.24999999997158,31.24999999997158,8.438593799553473,0.0,21.951671756404302,0.8597344603098982,-1.6296093718892733e-08,0.0,1,SR3H26,2.8611967116388537
2026-05-21,-93.05549999991537,-93.05549999991537,9.009831798212353,0.0,10.327887096766775,-112.39321889436937,-5.251334478373331e-10,0.0,1,SR3H26,1.949476864562155
2026-05-22,0.0,0.0,11.430279684288003,0.0,0.0916495601172187,-11.521929260880931,1.6475709685437323e-08,0.0,1,SR3H26,1.772665202873804
2026-05-26,-20.832499999981053,-20.832499999981053,25.294771682721205,0.0,0.40325806452205404,-46.53052973385908,-1.3365227768957765e-08,0.0,1,SR3H26,1.0740401308818976
2026-05-27,-21.52949999998042,-21.52949999998042,-2.192735299932913,0.0,-12.680225806437242,-6.656538908977231,1.536696601078802e-08,0.0,1,SR3H26,1.049229474119094
2026-05-28,11.111999999989894,11.111999999989894,-2.297160270797738,0.0,11.31362903225197,2.0955312549998992,-1.646423726242574e-08,0.0,1,SR3H26,1.0244189662172771
2026-05-29,41.667499999962104,41.667499999962104,0.0,-1.0259285629865555,0.25203629032605246,42.44139226805404,4.568570233232094e-09,0.0,1,SR3H26,1.1184474404871885
2026-06-01,-31.24999999997158,-31.24999999997158,0.0,-12.330244374980648,0.0,-18.9197556303089,5.3179689984972354e-09,0.0,1,SR3H26,0.7387698405630141
2026-06-02,25.693999999976633,25.693999999976633,-5.700553166870792,0.0,-5.555999999992973,36.95055316886495,-2.0245529697149323e-09,0.0,1,SR3H26,0.988803696976622
2026-06-03,-36.805999999966524,-36.805999999966524,-5.391894464973346,0.0,-5.555999999996921,-25.858105532621366,-2.374890328837864e-09,0.0,1,SR3H26,0.7213167887334544
2026-06-04,25.693999999976633,-62.34692741937821,-0.772555186862034,0.0,-5.555999999992973,32.02255518116037,5.671268610285551e-09,-88.04092741935484,-1,SR3M26,5.967165142011746
2026-06-05,125.69200000006333,125.69200000006333,0.0,0.0,-560.8466207422299,686.538620717069,2.5224270938650762e-08,0.0,-1,SR3M26,0.6635771223312221
2026-06-08,98.61149999991031,98.61149999991031,0.0,0.0,527.8635754147043,-429.2520754087426,-6.0514092403707306e-09,0.0,-1,SR3M26,4.066574812672237
2026-06-09,-88.19649999991978,-88.19649999991978,0.0,0.0,-33.05380366737927,-55.14269629265563,-3.988488650463751e-08,0.0,-1,SR3M26,4.503752992930052
2026-06-10,-5.553499999994948,-5.553499999994948,0.0,0.0,33.05372358748285,-38.60722362243688,3.495907918704688e-08,0.0,-1,SR3M26,4.809838246811781
2026-06-11,0.0,0.0,0.0,0.0,2.714095614919643e-12,0.0,-2.714095614919684e-12,0.0,-1,SR3M26,4.809838246811781
2026-06-12,-31.250000000149214,-31.250000000149214,0.0,0.0,-8.01891886226258e-12,-31.250000007485937,7.344742325443576e-09,0.0,-1,SR3M26,4.659993041010919
2026-06-15,36.80350000014416,36.80350000014416,0.0,0.0,-33.05362215542134,69.8571221978666,-4.230110128844444e-08,0.0,-1,SR3M26,4.10615027642327
2026-06-16,0.0,0.0,0.0,0.0,210.58164099617127,-210.58164105546643,5.9295160781402956e-08,0.0,-1,SR3M26,5.775642350202062
2026-06-17,354.8569999999733,354.8569999999733,0.0,0.0,-66.10733903073819,420.9643390324221,-1.7105972638375995e-09,0.0,-1,SR3M26,2.4382944792997834
2026-06-18,192.36150000000268,192.36150000000268,-1.021346476620666,0.0,527.906911488992,-334.5240650223957,1.0027003938262166e-08,0.0,-1,SR3M26,5.044226078589663
2026-06-22,57.63849999994758,57.63849999994758,5.662700881836624,0.0,-70.812560282285,122.78835944176103,-4.136507110175103e-08,0.0,-1,SR3M26,4.828240567163017
2026-06-23,-62.49999999994316,-62.49999999994316,-1.5538656899682923,0.0,0.46814444444405706,-61.41427875845285,4.033932032854182e-09,0.0,-1,SR3M26,5.262853747088257
2026-06-24,-31.24999999997158,-31.24999999997158,0.5496236773483432,0.0,0.5266624999993483,-32.32628618042876,3.1094913310880656e-09,0.0,-1,SR3M26,5.460736943512802
2026-06-25,-99.30350000008733,-99.30350000008733,0.9282259038290164,0.0,-494.2140423344413,393.9823164456859,-1.5160973187988703e-08,0.0,-1,SR3M26,2.3139086209372826
2026-06-26,-161.1115000000311,-161.1115000000311,-0.9952408853042272,0.0,-0.10803333333317751,-160.0082257880115,6.6177978652604e-09,0.0,-1,SR3M26,3.4566830198247116
2026-06-29,93.75000000009237,93.75000000009237,-5.6217218890985965,0.0,2.5279799999984265,96.8437418994621,-1.0269561201425859e-08,0.0,-1,SR3M26,2.5662251670903014
2026-06-30,77.77899999998847,49.30574999998847,0.0,-3.132331291044732,-245.29849815391967,326.2098294292266,1.5726264734894357e-08,-28.47325,0,SR3M26,-0.44328076888301526
2026-07-01,0.0,0.0,0.0,0.0,0.0,0.0,0.0,0.0,0,SR3M26,-0.23240783807681623
2026-07-02,0.0,0.0,0.0,0.0,0.0,0.0,0.0,0.0,0,SR3M26,1.253679474728693
