trade_id,as_of_date,tenor_years,printed_pct,exec_et,diff_t1m,lag_t1m,served_t1m,diff_t30s,lag_t30s,served_t30s,diff_t5s,lag_t5s,served_t5s,err_t1m,err_t30s,err_t5s
919349674,2024-03-01,4.002739726027397,4.098,2024-03-01 08:49:11,0.018996362732881522,0.0,2024-03-01 13:48,0.018996362732881522,41.0,2024-03-01 13:48,0.05898890912483523,6.0,2024-03-01 13:49,,,
919741597,2024-03-01,5.002739726027397,3.9234999999999998,2024-03-01 15:00:36,0.4130315491773562,0.0,2024-03-01 19:59,0.23400401474846788,6.0,2024-03-01 20:00,0.23400401474846788,31.0,2024-03-01 20:00,,,
922935378,2024-03-05,10.005479452054795,3.75,2024-03-05 15:57:26,5.054577147610395,0.0,2024-03-05 20:56,5.054577147610395,56.0,2024-03-05 20:56,4.909883939721338,21.0,2024-03-05 20:57,,,
926091448,2024-03-07,30.019178082191782,3.5037,2024-03-07 09:25:52,7.52162596426369,0.0,2024-03-07 14:24,7.539880914342545,22.0,2024-03-07 14:25,7.539880914342545,47.0,2024-03-07 14:25,,,
926618173,2024-03-08,5.002739726027397,3.84365,2024-03-07 22:21:02,0.17430102403364067,0.0,2024-03-08 03:20,0.17430102403364067,32.0,2024-03-08 03:20,0.17430102403364067,57.0,2024-03-08 03:20,,,
927923590,2024-03-08,4.947945205479452,3.8089999999999997,2024-03-08 15:02:03,0.12157861513828472,0.0,2024-03-08 20:01,0.12157861513828472,33.0,2024-03-08 20:01,0.12157861513828472,58.0,2024-03-08 20:01,,,
929119199,2024-03-11,6.002739726027397,3.7885500000000003,2024-03-11 12:44:29,0.16097054526742482,0.0,2024-03-11 16:43,0.16097054526742482,59.0,2024-03-11 16:43,0.05393795324390993,24.0,2024-03-11 16:44,,,
937111867,2024-03-18,30.019178082191782,3.7150000000000003,2024-03-18 15:01:51,-0.278978290145826,0.0,2024-03-18 19:00,-0.13891350454255935,21.0,2024-03-18 19:01,-0.13891350454255935,46.0,2024-03-18 19:01,,,
939543892,2024-03-20,2.0,4.33,2024-03-20 06:21:07,-20.697062858714244,0.0,2024-03-20 10:20,-20.697062858714244,37.0,2024-03-20 10:20,-20.73171617790548,2.0,2024-03-20 10:21,,,
941511253,2024-03-21,10.005479452054795,3.88325,2024-03-21 16:05:07,-2.1829983445597723,0.0,2024-03-21 20:04,-2.1829983445597723,37.0,2024-03-21 20:04,-2.1930341437828016,2.0,2024-03-21 20:05,,,
944390476,2024-03-25,30.019178082191782,3.6887000000000003,2024-03-25 13:23:34,-0.07609834178023966,0.0,2024-03-25 17:22,-0.19104425205402897,4.0,2024-03-25 17:23,-0.19104425205402897,29.0,2024-03-25 17:23,,,
948243794,2024-03-28,15.008219178082191,3.8487,2024-03-28 04:09:59,0.16297626507491003,60.0,2024-03-28 08:07,-0.00195650333449926,29.0,2024-03-28 08:09,-0.00195650333449926,54.0,2024-03-28 08:09,,,
949887832,2024-04-01,0.5013698630136987,5.2275,2024-03-31 22:44:06,,,,,,,,,,NO_CURVE,NO_CURVE,NO_CURVE
951979770,2024-04-02,10.005479452054795,3.9865,2024-04-02 13:02:03,0.011961352723721674,0.0,2024-04-02 17:01,0.011961352723721674,33.0,2024-04-02 17:01,0.011961352723721674,58.0,2024-04-02 17:01,,,
954194722,2024-04-04,5.002739726027397,4.106,2024-04-04 08:03:26,-0.022000540835698246,0.0,2024-04-04 12:02,-0.022000540835698246,56.0,2024-04-04 12:02,-0.02897909106174268,21.0,2024-04-04 12:03,,,
954931955,2024-04-05,6.701369863013698,3.99319,2024-04-05 08:22:02,-0.15396113771370956,0.0,2024-04-05 12:21,-0.15396113771370956,32.0,2024-04-05 12:21,-0.15396113771370956,57.0,2024-04-05 12:21,,,
955227943,2024-04-05,30.019178082191782,3.7834100000000004,2024-04-05 15:00:33,0.35599025925980854,0.0,2024-04-05 18:59,0.004975930454564903,3.0,2024-04-05 19:00,0.004975930454564903,28.0,2024-04-05 19:00,,,
959683723,2024-04-10,10.005479452054795,4.1806,2024-04-10 15:13:44,0.11901638550178006,0.0,2024-04-10 19:12,-0.10300199681791966,14.0,2024-04-10 19:13,-0.10300199681791966,39.0,2024-04-10 19:13,,,
961319188,2024-04-11,15.008219178082191,4.162,2024-04-11 15:23:32,0.2469691095594584,0.0,2024-04-11 19:22,0.10602317925494376,2.0,2024-04-11 19:23,0.10602317925494376,27.0,2024-04-11 19:23,,,
963129549,2024-04-12,5.002739726027397,4.29406,2024-04-12 15:35:08,-0.05200462544436846,0.0,2024-04-12 19:34,-0.05200462544436846,38.0,2024-04-12 19:34,-0.10998798017265443,3.0,2024-04-12 19:35,,,
964775223,2024-04-15,7.002739726027397,4.282,2024-04-15 10:38:54,-1.2979989542285963,0.0,2024-04-15 14:37,-0.08189614392968281,24.0,2024-04-15 14:38,-0.08189614392968281,49.0,2024-04-15 14:38,,,
968690815,2024-04-17,3.0,4.64263,2024-04-17 09:50:43,0.020012231661681312,0.0,2024-04-17 13:49,,,,,,,,NO_CURVE,NO_CURVE
971049609,2024-04-19,5.002739726027397,4.348125,2024-04-19 02:03:58,0.4055005021830205,0.0,2024-04-19 06:02,,,,,,,,NO_CURVE,NO_CURVE
972538974,2024-04-19,7.002739726027397,4.3125,2024-04-19 13:57:12,0.24302474214037417,0.0,2024-04-19 17:56,0.24302474214037417,42.0,2024-04-19 17:56,0.1269588954336598,7.0,2024-04-19 17:57,,,
974061292,2024-04-22,9.717808219178082,4.151,2024-04-22 12:10:17,-7.680192550776077,0.0,2024-04-22 16:09,-7.680192550776077,47.0,2024-04-22 16:09,-7.640666311514099,12.0,2024-04-22 16:10,,,
975670149,2024-04-23,30.019178082191782,3.9985,2024-04-23 09:27:09,2.129671751347084,0.0,2024-04-23 13:26,2.129671751347084,39.0,2024-04-23 13:26,1.9136980440418672,4.0,2024-04-23 13:27,,,
977755991,2024-04-24,15.008219178082191,4.15,2024-04-24 15:36:35,-4.146201609592293,0.0,2024-04-24 19:35,-4.122407496402314,5.0,2024-04-24 19:36,-4.122407496402314,30.0,2024-04-24 19:36,,,
980894570,2024-04-26,10.005479452054795,4.25,2024-04-26 08:40:31,-0.831178843294822,0.0,2024-04-26 12:39,-1.3127298212325833,1.0,2024-04-26 12:40,-1.3127298212325833,26.0,2024-04-26 12:40,,,
983138670,2024-04-29,4.002739726027397,4.49,2024-04-29 14:56:19,-1.9060124325423367,0.0,2024-04-29 18:55,-1.9060124325423367,49.0,2024-04-29 18:55,-1.9069741579936128,14.0,2024-04-29 18:56,,,
985528092,2024-05-01,2.0,4.92815,2024-05-01 14:24:57,-0.6499997771307164,0.0,2024-05-01 18:23,-0.1390046419301072,27.0,2024-05-01 18:24,-0.1390046419301072,52.0,2024-05-01 18:24,,,
990294940,2024-05-07,4.898630136986301,4.251,2024-05-07 13:53:02,3.139504043212238,0.0,2024-05-07 17:52,3.139504043212238,32.0,2024-05-07 17:52,3.139504043212238,57.0,2024-05-07 17:52,,,
992056478,2024-05-08,10.005479452054795,4.1076,2024-05-08 13:30:29,-0.4710000180255136,0.0,2024-05-08 17:29,-0.4710000180255136,59.0,2024-05-08 17:29,-0.20399125894590142,24.0,2024-05-08 17:30,,,
998830569,2024-05-14,2.0,4.735,2024-05-14 16:37:45,0.07299644328657706,0.0,2024-05-14 20:36,0.0770153707586374,15.0,2024-05-14 20:37,0.0770153707586374,40.0,2024-05-14 20:37,,,
999428439,2024-05-15,5.002739726027397,4.04558,2024-05-15 08:28:03,-0.2660663024738774,0.0,2024-05-15 12:27,-0.2660663024738774,33.0,2024-05-15 12:27,-0.2660663024738774,58.0,2024-05-15 12:27,,,
1001237924,2024-05-16,30.019178082191782,3.7900000000000005,2024-05-16 09:15:43,2.729341932776874,0.0,2024-05-16 13:14,2.5040803453888927,13.0,2024-05-16 13:15,2.5040803453888927,38.0,2024-05-16 13:15,,,
1002868498,2024-05-17,30.019178082191782,3.8055,2024-05-17 07:50:46,-0.06993249055771145,0.0,2024-05-17 11:49,0.12211967448294558,16.0,2024-05-17 11:50,0.12211967448294558,41.0,2024-05-17 11:50,,,
1004893487,2024-05-21,1.5041095890410958,4.915159999999999,2024-05-20 22:33:16,-0.047613272912272464,0.0,2024-05-21 02:32,-0.047613272912272464,46.0,2024-05-21 02:32,-0.042609076037880556,11.0,2024-05-21 02:33,,,
1007668219,2024-05-22,3.0,4.503,2024-05-22 14:36:37,-0.1210129587567721,0.0,2024-05-22 18:35,-0.02999425866478944,7.0,2024-05-22 18:36,-0.02999425866478944,32.0,2024-05-22 18:36,,,
1009491225,2024-05-23,30.019178082191782,3.8505,2024-05-23 16:26:24,0.5227283834353891,0.0,2024-05-23 20:25,0.5227283834353891,54.0,2024-05-23 20:25,0.530450429296847,19.0,2024-05-23 20:26,,,
1010646115,2024-05-24,6.558904109589041,4.2,2024-05-24 10:01:42,1.0533488408205116,0.0,2024-05-24 14:00,0.9154101654585745,12.0,2024-05-24 14:01,0.9154101654585745,37.0,2024-05-24 14:01,,,
1016669438,2024-05-30,10.005479452054795,4.195,2024-05-30 09:33:29,-0.3050592944777719,0.0,2024-05-30 13:32,-0.3050592944777719,59.0,2024-05-30 13:32,-0.0789459395813985,24.0,2024-05-30 13:33,,,
1020631790,2024-06-03,5.002739726027397,4.188,2024-06-03 11:10:08,0.10301535620209634,0.0,2024-06-03 15:09,0.10301535620209634,38.0,2024-06-03 15:09,0.13501212259701134,3.0,2024-06-03 15:10,,,
1020972566,2024-06-03,10.005479452054795,4.031499999999999,2024-06-03 13:58:25,-0.09101726817544176,0.0,2024-06-03 17:57,-0.09101726817544176,55.0,2024-06-03 17:57,-0.1359970644027264,20.0,2024-06-03 17:58,,,
1024242518,2024-06-05,15.008219178082191,3.9078,2024-06-05 11:24:30,-0.5719989515776902,0.0,2024-06-05 15:23,-0.46299310525892423,0.0,2024-06-05 15:24,-0.46299310525892423,25.0,2024-06-05 15:24,,,
1027631089,2024-06-07,20.013698630136986,4.0,2024-06-07 10:04:26,0.3139386168648173,0.0,2024-06-07 14:03,0.3139386168648173,56.0,2024-06-07 14:03,0.12504083840485514,21.0,2024-06-07 14:04,,,
1030377585,2024-06-11,10.005479452054795,4.06847,2024-06-11 09:08:45,-0.26306285371484606,0.0,2024-06-11 13:07,-0.14595748839898448,15.0,2024-06-11 13:08,-0.14595748839898448,40.0,2024-06-11 13:08,,,
1030700072,2024-06-11,1.0876712328767124,5.0857,2024-06-11 15:58:55,0.6188392297147516,0.0,2024-06-11 19:57,0.6198463010554711,25.0,2024-06-11 19:58,0.6198463010554711,50.0,2024-06-11 19:58,,,
1032314672,2024-06-12,5.002739726027397,4.0778799999999995,2024-06-12 11:55:15,16.446718245313363,0.0,2024-06-12 15:54,16.446718245313363,45.0,2024-06-12 15:54,16.36091437731695,10.0,2024-06-12 15:55,,,
1034097331,2024-06-13,10.005479452054795,3.873,2024-06-13 11:46:20,-0.23228841284010926,0.0,2024-06-13 15:45,-0.23228841284010926,50.0,2024-06-13 15:45,-0.3269613188307652,15.0,2024-06-13 15:46,,,
1044173888,2024-06-20,10.005479452054795,3.862,2024-06-20 16:37:52,0.07995236138866879,0.0,2024-06-20 20:36,0.08201089227108938,22.0,2024-06-20 20:37,0.08201089227108938,47.0,2024-06-20 20:37,,,
1048074357,2024-06-25,5.002739726027397,3.9859999999999998,2024-06-25 03:04:52,0.2669899743548587,0.0,2024-06-25 07:03,0.2910856857363253,22.0,2024-06-25 07:04,0.2910856857363253,47.0,2024-06-25 07:04,,,
1049418422,2024-06-25,30.019178082191782,3.6060000000000003,2024-06-25 13:25:56,-0.034575932268587906,0.0,2024-06-25 17:24,0.002997866640974678,26.0,2024-06-25 17:25,0.002997866640974678,51.0,2024-06-25 17:25,,,
1051249683,2024-06-26,5.002739726027397,4.059,2024-06-26 14:58:15,-0.36100896472976984,0.0,2024-06-26 18:57,-0.36100896472976984,45.0,2024-06-26 18:57,-0.6400094089815234,10.0,2024-06-26 18:58,,,
1055901022,2024-07-01,10.005479452054795,3.9844999999999997,2024-07-01 07:49:03,-0.014999636357515556,0.0,2024-07-01 11:48,-0.014999636357515556,33.0,2024-07-01 11:48,-0.014999636357515556,58.0,2024-07-01 11:48,,,
1057684948,2024-07-02,1.0,4.494540000000001,2024-07-02 09:57:49,-0.16945304376561054,0.0,2024-07-02 13:56,-0.005838079339426372,19.0,2024-07-02 13:57,-0.005838079339426372,44.0,2024-07-02 13:57,,,
1059351076,2024-07-03,1.0,4.17,2024-07-03 07:45:56,0.3398091484690724,0.0,2024-07-03 11:44,0.23070054637717163,26.0,2024-07-03 11:45,0.23070054637717163,51.0,2024-07-03 11:45,,,
1064712768,2024-07-08,10.005479452054795,3.8757,2024-07-08 09:47:16,0.25800200993271183,0.0,2024-07-08 13:46,0.25800200993271183,46.0,2024-07-08 13:46,0.02594999939891096,11.0,2024-07-08 13:47,,,
1064788086,2024-07-08,9.643835616438356,3.804,2024-07-08 11:36:02,-6.284847022507956,0.0,2024-07-08 15:35,-6.284847022507956,32.0,2024-07-08 15:35,-6.284847022507956,57.0,2024-07-08 15:35,,,
1070539084,2024-07-11,5.002739726027397,3.75,2024-07-11 15:49:25,6.452022029530191,0.0,2024-07-11 19:48,6.452022029530191,55.0,2024-07-11 19:48,6.43954840330796,20.0,2024-07-11 19:49,,,
1075720212,2024-07-16,5.002739726027397,3.8225000000000002,2024-07-16 12:59:54,-0.2560070377755519,0.0,2024-07-16 16:58,-0.020976431327213163,24.0,2024-07-16 16:59,-0.020976431327213163,49.0,2024-07-16 16:59,,,
1075950649,2024-07-16,10.005479452054795,3.72257,2024-07-16 16:34:56,0.08799070938891873,0.0,2024-07-16 20:33,0.07716302143387921,26.0,2024-07-16 20:34,0.07716302143387921,51.0,2024-07-16 20:34,,,
1078108162,2024-07-17,10.005479452054795,3.7185,2024-07-17 16:29:35,-0.6310084988870646,0.0,2024-07-17 20:28,-0.6459910044690265,5.0,2024-07-17 20:29,-0.6459910044690265,30.0,2024-07-17 20:29,,,
1081545499,2024-07-19,10.005479452054795,3.75,2024-07-19 09:32:55,-0.5623779135970786,0.0,2024-07-19 13:31,-0.6030140871051248,25.0,2024-07-19 13:32,-0.6030140871051248,50.0,2024-07-19 13:32,,,
1084005286,2024-07-23,0.8328767123287671,4.9345,2024-07-23 02:50:24,0.06199999998770522,0.0,2024-07-23 06:49,0.06199999998770522,54.0,2024-07-23 06:49,0.050000000635197495,19.0,2024-07-23 06:50,,,
1087044736,2024-07-24,2.0,4.231,2024-07-24 12:28:45,-1.4690002715623152,0.0,2024-07-24 16:27,-1.6610074734654035,15.0,2024-07-24 16:28,-1.6610074734654035,40.0,2024-07-24 16:28,,,
1088964745,2024-07-25,5.002739726027397,3.82,2024-07-25 14:59:08,-2.929847117657758,0.0,2024-07-25 18:58,-2.929847117657758,38.0,2024-07-25 18:58,-2.9518476567175878,3.0,2024-07-25 18:59,,,
1090261823,2024-07-26,5.005479452054795,3.8296499999999996,2024-07-26 07:50:59,-0.2017412745834335,0.0,2024-07-26 11:49,-0.3437628529865844,29.0,2024-07-26 11:50,-0.3437628529865844,54.0,2024-07-26 11:50,,,
1090311943,2024-07-26,10.005479452054795,3.766,2024-07-26 09:11:19,0.1079984066823414,0.0,2024-07-26 13:10,0.1079984066823414,49.0,2024-07-26 13:10,0.08002398885160744,14.0,2024-07-26 13:11,,,
1092031327,2024-07-29,4.002739726027397,3.8288,2024-07-29 05:25:26,0.17098957257091207,0.0,2024-07-29 09:24,0.17098957257091207,56.0,2024-07-29 09:24,0.16299483083068722,21.0,2024-07-29 09:25,,,
1095899815,2024-07-31,1.0,4.71483,2024-07-31 09:48:40,0.08400204113732102,0.0,2024-07-31 13:47,0.08299786815726407,10.0,2024-07-31 13:48,0.08299786815726407,35.0,2024-07-31 13:48,,,
1097860615,2024-08-01,30.019178082191782,3.4715000000000003,2024-08-01 10:34:42,0.2030233055899,0.0,2024-08-01 14:33,-0.15903359651354698,12.0,2024-08-01 14:34,-0.15903359651354698,37.0,2024-08-01 14:34,,,
1098182978,2024-08-01,6.761643835616439,3.5900000000000003,2024-08-01 12:54:00,4.248814203858142,0.0,2024-08-01 16:53,4.248814203858142,30.0,2024-08-01 16:53,4.248814203858142,55.0,2024-08-01 16:53,,,
1099814143,2024-08-02,3.0,3.4825000000000004,2024-08-02 11:50:23,-0.08299761219787705,0.0,2024-08-02 15:49,-0.08299761219787705,53.0,2024-08-02 15:49,-0.7470080706918569,18.0,2024-08-02 15:50,,,
1101683931,2024-08-05,20.013698630136986,3.3274999999999997,2024-08-05 08:33:12,0.48002886406064427,0.0,2024-08-05 12:32,0.48002886406064427,42.0,2024-08-05 12:32,0.6620081009646839,7.0,2024-08-05 12:33,,,
1103738920,2024-08-06,10.01095890410959,3.5000000000000004,2024-08-06 09:23:38,13.35611581798708,0.0,2024-08-06 13:22,13.327323843727745,8.0,2024-08-06 13:23,13.327323843727745,33.0,2024-08-06 13:23,,,
1104195780,2024-08-06,1.4191780821917808,4.051,2024-08-06 13:07:14,0.01066432744867285,0.0,2024-08-06 17:06,0.01066432744867285,44.0,2024-08-06 17:06,0.041769432441896015,9.0,2024-08-06 17:07,,,
1105816632,2024-08-07,5.002739726027397,3.505,2024-08-07 11:37:14,-0.08899900498779978,0.0,2024-08-07 15:36,-0.08899900498779978,44.0,2024-08-07 15:36,0.10900060772374154,9.0,2024-08-07 15:37,,,
1107702893,2024-08-08,5.002739726027397,3.456,2024-08-08 08:33:47,-6.064001499228677,0.0,2024-08-08 12:32,-7.278001476964002,17.0,2024-08-08 12:33,-7.278001476964002,42.0,2024-08-08 12:33,,,
1108160812,2024-08-08,5.002739726027397,3.53,2024-08-08 14:38:08,-0.5765497701834654,0.0,2024-08-08 18:37,-0.5765497701834654,38.0,2024-08-08 18:37,-0.5725592367169963,3.0,2024-08-08 18:38,,,
1109951947,2024-08-09,30.019178082191782,3.47,2024-08-09 15:04:40,14.546416867528889,0.0,2024-08-09 19:03,14.545738211199,10.0,2024-08-09 19:04,14.545738211199,35.0,2024-08-09 19:04,,,
1112926221,2024-08-13,10.005479452054795,3.4145000000000003,2024-08-13 11:30:09,0.013934021402395302,0.0,2024-08-13 15:29,0.013934021402395302,39.0,2024-08-13 15:29,-0.103054943944203,4.0,2024-08-13 15:30,,,
1113256863,2024-08-13,5.002739726027397,3.3935,2024-08-13 14:13:07,-0.07901187577172841,0.0,2024-08-13 18:12,-0.07901187577172841,37.0,2024-08-13 18:12,0.09903015093661871,2.0,2024-08-13 18:13,,,
1115069336,2024-08-14,30.03287671232877,3.3178199999999998,2024-08-14 11:10:09,1.3203824379672824,0.0,2024-08-14 15:09,1.3203824379672824,39.0,2024-08-14 15:09,1.4483844234795207,4.0,2024-08-14 15:10,,,
1116740983,2024-08-15,4.002739726027397,3.5615,2024-08-15 14:30:09,0.019996655192899837,0.0,2024-08-15 18:29,0.019996655192899837,39.0,2024-08-15 18:29,-0.030013614537915956,4.0,2024-08-15 18:30,,,
1120338857,2024-08-19,4.002739726027397,3.51234,2024-08-19 14:02:38,0.02099187857429463,0.0,2024-08-19 18:01,0.006996901675471179,8.0,2024-08-19 18:02,0.006996901675471179,33.0,2024-08-19 18:02,,,
1122751906,2024-08-21,0.7479452054794521,4.53255,2024-08-21 03:35:05,41.11935581770236,0.0,2024-08-21 07:34,41.11935581770236,35.0,2024-08-21 07:34,41.11935581770236,60.0,2024-08-21 07:34,,,
1125158124,2024-08-22,4.002739726027397,3.431,2024-08-22 05:22:22,-0.034999568096205635,0.0,2024-08-22 09:21,-0.034999568096205635,52.0,2024-08-22 09:21,-0.01700339599617351,17.0,2024-08-22 09:22,,,
1125472179,2024-08-22,12.008219178082191,3.3745,2024-08-22 12:04:31,0.16652321616468235,0.0,2024-08-22 16:03,0.14801196842171294,1.0,2024-08-22 16:04,0.14801196842171294,26.0,2024-08-22 16:04,,,
1125924210,2024-08-23,2.0,3.7713000000000005,2024-08-22 21:19:23,-0.15249851808452064,0.0,2024-08-23 01:18,-0.15249851808452064,53.0,2024-08-23 01:18,-0.2235178190320486,18.0,2024-08-23 01:19,,,
1128872965,2024-08-26,10.005479452054795,3.4750000000000005,2024-08-26 10:02:02,10.089022648722157,0.0,2024-08-26 14:01,10.089022648722157,32.0,2024-08-26 14:01,10.089022648722157,57.0,2024-08-26 14:01,,,
1130587594,2024-08-27,6.578082191780822,3.3027300000000004,2024-08-27 10:30:00,0.9966452692780958,0.0,2024-08-27 14:29,0.9966452692780958,30.0,2024-08-27 14:29,0.9966452692780958,55.0,2024-08-27 14:29,,,
1132345337,2024-08-28,4.923287671232877,3.3489999999999998,2024-08-28 10:02:05,-0.876446575297507,0.0,2024-08-28 14:01,-0.876446575297507,35.0,2024-08-28 14:01,-0.7952577031072217,0.0,2024-08-28 14:02,,,
1136602233,2024-08-30,3.0,3.5326000000000004,2024-08-30 13:35:42,0.0719912721788063,0.0,2024-08-30 17:34,0.04801376778886812,12.0,2024-08-30 17:35,0.04801376778886812,37.0,2024-08-30 17:35,,,
1140196597,2024-09-03,30.019178082191782,3.319,2024-09-03 09:11:42,0.06897079972132403,0.0,2024-09-03 13:10,-0.112381164038311,12.0,2024-09-03 13:11,-0.112381164038311,37.0,2024-09-03 13:11,,,
1143810299,2024-09-05,15.01095890410959,0.0,2024-09-05 05:36:42,-353.00480822717077,0.0,2024-09-05 09:35,-352.89053813553124,12.0,2024-09-05 09:36,-352.89053813553124,37.0,2024-09-05 09:36,,,
1144329458,2024-09-05,1.2493150684931507,3.868,2024-09-05 13:43:46,-0.16099999854635172,0.0,2024-09-05 17:42,-0.09900011936485598,16.0,2024-09-05 17:43,-0.09900011936485598,41.0,2024-09-05 17:43,,,
1145387056,2024-09-06,4.975342465753425,3.18434,2024-09-06 11:39:53,0.35679846636180734,0.0,2024-09-06 15:38,-0.4618576610928127,23.0,2024-09-06 15:39,-0.4618576610928127,48.0,2024-09-06 15:39,,,
1146811714,2024-09-09,7.005479452054795,0.0,2024-09-09 06:30:28,-386.279805527232,0.0,2024-09-09 10:29,-386.279805527232,58.0,2024-09-09 10:29,-386.1383212314426,23.0,2024-09-09 10:30,,,
1147516999,2024-09-09,10.005479452054795,3.2335000000000003,2024-09-09 16:27:20,-0.105028439209498,0.0,2024-09-09 20:26,-0.105028439209498,50.0,2024-09-09 20:26,-0.07198661624552294,15.0,2024-09-09 20:27,,,
1149578502,2024-09-11,15.008219178082191,3.26678,2024-09-10 21:10:26,0.08532658701163598,0.0,2024-09-11 01:09,0.08532658701163598,56.0,2024-09-11 01:09,0.04331508827979391,21.0,2024-09-11 01:10,,,
1151167258,2024-09-11,10.005479452054795,3.23902,2024-09-11 13:33:54,4.444924424850338,0.0,2024-09-11 17:32,4.348852208802967,24.0,2024-09-11 17:33,4.348852208802967,49.0,2024-09-11 17:33,,,
1154406233,2024-09-13,30.019178082191782,3.0803000000000003,2024-09-13 10:58:23,-4.806331349782589,0.0,2024-09-13 14:57,-4.806331349782589,53.0,2024-09-13 14:57,-4.964052044978295,18.0,2024-09-13 14:58,,,
1155455408,2024-09-16,5.002739726027397,3.1365,2024-09-16 08:42:07,1.4629979487890576,0.0,2024-09-16 12:41,1.4629979487890576,37.0,2024-09-16 12:41,1.3520004543261965,2.0,2024-09-16 12:42,,,
1157438254,2024-09-18,6.002739726027397,3.189,2024-09-18 11:08:30,0.38300606612367005,0.0,2024-09-18 15:07,0.1549984611716848,0.0,2024-09-18 15:08,0.1549984611716848,25.0,2024-09-18 15:08,,,
1159362773,2024-09-19,30.019178082191782,3.17971,2024-09-19 10:23:17,-5.606961295973134,0.0,2024-09-19 14:22,-5.606961295973134,47.0,2024-09-19 14:22,-5.672670291232063,12.0,2024-09-19 14:23,,,
1163022997,2024-09-23,2.0,3.4117,2024-09-23 10:07:00,0.07398810412748702,0.0,2024-09-23 14:06,0.07398810412748702,30.0,2024-09-23 14:06,0.07398810412748702,55.0,2024-09-23 14:06,,,
1163642408,2024-09-24,20.013698630136986,3.4157,2024-09-24 01:45:16,-0.09503059393987101,0.0,2024-09-24 05:44,-0.09503059393987101,46.0,2024-09-24 05:44,-0.08498329189676745,11.0,2024-09-24 05:45,,,
1169266900,2024-09-26,2.0,3.4000000000000004,2024-09-26 10:40:19,0.09200017468895538,0.0,2024-09-26 14:39,0.09200017468895538,49.0,2024-09-26 14:39,0.16100028818208934,14.0,2024-09-26 14:40,,,
1170860008,2024-09-27,9.005479452054795,3.3006599999999997,2024-09-27 07:02:40,-0.02499840205527626,0.0,2024-09-27 11:01,0.009018073899635937,10.0,2024-09-27 11:02,0.009018073899635937,35.0,2024-09-27 11:02,,,
1171555591,2024-09-27,10.005479452054795,3.2870000000000004,2024-09-27 15:31:57,-0.04999980935038728,0.0,2024-09-27 19:30,-0.02802103611880824,27.0,2024-09-27 19:31,-0.02802103611880824,52.0,2024-09-27 19:31,,,
1174064785,2024-09-30,2.0,3.4479999999999995,2024-09-30 14:14:44,-0.45800466049290556,0.0,2024-09-30 18:13,-0.4820004378030429,14.0,2024-09-30 18:14,-0.4820004378030429,39.0,2024-09-30 18:14,,,
1174840810,2024-10-01,30.019178082191782,3.2306799999999996,2024-10-01 09:42:49,0.08802029546073342,0.0,2024-10-01 13:41,0.15908235075041688,19.0,2024-10-01 13:42,0.15908235075041688,44.0,2024-10-01 13:42,,,
1175615535,2024-10-02,2.0,3.4126999999999996,2024-10-02 03:55:36,0.11900466976144664,0.0,2024-10-02 07:54,-0.017998476848291034,6.0,2024-10-02 07:55,-0.017998476848291034,31.0,2024-10-02 07:55,,,
1176200510,2024-10-02,1.0,3.8445,2024-10-02 16:32:26,0.0459990080894368,0.0,2024-10-02 20:31,0.0459990080894368,56.0,2024-10-02 20:31,0.13400009724744422,21.0,2024-10-02 20:32,,,
1176634461,2024-10-03,2.0,3.357,2024-10-03 09:50:45,-13.061583886673178,0.0,2024-10-03 13:49,-13.194605608826393,15.0,2024-10-03 13:50,-13.194605608826393,40.0,2024-10-03 13:50,,,
1177513962,2024-10-04,10.005479452054795,3.4692,2024-10-04 08:43:28,0.4460353685390217,0.0,2024-10-04 12:42,0.4460353685390217,58.0,2024-10-04 12:42,0.07199745568264859,23.0,2024-10-04 12:43,,,
1177871910,2024-10-04,3.0,3.5881999999999996,2024-10-04 16:02:34,-0.10499968755546263,0.0,2024-10-04 20:01,-0.09299955747716915,4.0,2024-10-04 20:02,-0.09299955747716915,29.0,2024-10-04 20:02,,,
1178724892,2024-10-07,2.0027397260273974,3.6249999999999996,2024-10-07 12:42:07,25.136268667766394,0.0,2024-10-07 16:41,25.136268667766394,37.0,2024-10-07 16:41,25.068495214455933,2.0,2024-10-07 16:42,,,
1183468666,2024-10-09,25.016438356164382,3.5835,2024-10-09 11:30:09,0.0031721872600254386,0.0,2024-10-09 15:29,0.0031721872600254386,39.0,2024-10-09 15:29,,,,,,NO_CURVE
1184221941,2024-10-10,5.002739726027397,3.5884,2024-10-09 22:18:09,,,,,,,,,,NO_CURVE,NO_CURVE,NO_CURVE
1186200647,2024-10-10,5.002739726027397,3.57388,2024-10-10 10:15:58,0.20299920131026106,0.0,2024-10-10 14:14,-0.1010259470743069,28.0,2024-10-10 14:15,-0.1010259470743069,53.0,2024-10-10 14:15,,,
1187754447,2024-10-11,30.019178082191782,3.58335,2024-10-11 10:07:22,0.6980192726879775,0.0,2024-10-11 14:06,0.6980192726879775,52.0,2024-10-11 14:06,0.5198432444891932,17.0,2024-10-11 14:07,,,
1198865662,2024-10-18,5.002739726027397,3.588,2024-10-18 07:31:09,0.4820000635641364,0.0,2024-10-18 11:30,0.4820000635641364,39.0,2024-10-18 11:30,0.3809792662668343,4.0,2024-10-18 11:31,,,
1201334400,2024-10-21,2.0,3.8125,2024-10-21 10:52:26,0.022005966442684155,0.0,2024-10-21 14:51,0.022005966442684155,56.0,2024-10-21 14:51,0.0009962110872230312,21.0,2024-10-21 14:52,,,
1203476950,2024-10-22,1.0,4.1630899999999995,2024-10-22 09:18:07,0.10800335570619879,0.0,2024-10-22 13:17,0.10800335570619879,37.0,2024-10-22 13:17,0.02400746728072889,2.0,2024-10-22 13:18,,,
1204356665,2024-10-23,5.002739726027397,3.7212,2024-10-23 02:47:21,-10.216287846639505,0.0,2024-10-23 06:46,-10.216287846639505,51.0,2024-10-23 06:46,-10.218606608465297,16.0,2024-10-23 06:47,,,
1208331589,2024-10-24,2.0,3.75,2024-10-24 13:15:27,-0.2252474233017221,0.0,2024-10-24 17:14,-0.2252474233017221,57.0,2024-10-24 17:14,-0.3268977379132565,22.0,2024-10-24 17:15,,,
1212357079,2024-10-28,3.0,3.80543,2024-10-28 10:43:22,-0.023997890630855778,0.0,2024-10-28 14:42,-0.023997890630855778,52.0,2024-10-28 14:42,-0.027997226023357413,17.0,2024-10-28 14:43,,,
1214649158,2024-10-29,4.917808219178082,3.7515,2024-10-29 13:20:26,-0.9649882435774693,0.0,2024-10-29 17:19,-0.9649882435774693,56.0,2024-10-29 17:19,-1.0318893873339174,21.0,2024-10-29 17:20,,,
1219594548,2024-11-01,5.002739726027397,3.7805,2024-10-31 22:26:07,-0.11666882292389325,0.0,2024-11-01 02:25,-0.11666882292389325,37.0,2024-11-01 02:25,-0.08166811789949158,2.0,2024-11-01 02:26,,,
1221881025,2024-11-01,5.002739726027397,3.83784,2024-11-01 15:36:06,0.13401979042786394,0.0,2024-11-01 19:35,0.13401979042786394,36.0,2024-11-01 19:35,0.09400949309856799,1.0,2024-11-01 19:36,,,
1223465410,2024-11-04,30.019178082191782,3.6582999999999997,2024-11-04 04:05:44,-0.051950463639816036,0.0,2024-11-04 09:04,-0.06097890321856703,14.0,2024-11-04 09:05,-0.06097890321856703,39.0,2024-11-04 09:05,,,
1226286093,2024-11-05,10.005479452054795,3.8315,2024-11-05 12:36:57,-0.10600885471294674,0.0,2024-11-05 17:35,-0.09496094505414554,27.0,2024-11-05 17:36,-0.09496094505414554,52.0,2024-11-05 17:36,,,
1227206704,2024-11-06,5.002739726027397,3.8726700000000003,2024-11-06 02:37:06,0.15600060506564262,0.0,2024-11-06 07:36,0.15600060506564262,36.0,2024-11-06 07:36,0.12299873543795137,1.0,2024-11-06 07:37,,,
1228804592,2024-11-06,12.008219178082191,3.9520100000000005,2024-11-06 15:14:35,0.03999695474656839,0.0,2024-11-06 20:13,-0.28600198640069685,5.0,2024-11-06 20:14,-0.28600198640069685,30.0,2024-11-06 20:14,,,
1231233218,2024-11-07,10.005479452054795,3.8857000000000004,2024-11-07 14:42:50,0.5599960062645959,0.0,2024-11-07 19:41,-0.13000498237984992,20.0,2024-11-07 19:42,-0.13000498237984992,45.0,2024-11-07 19:42,,,
1233026082,2024-11-08,5.002739726027397,3.8205000000000005,2024-11-08 10:47:24,0.5879997004668347,0.0,2024-11-08 15:46,0.5879997004668347,54.0,2024-11-08 15:46,0.6129975674054045,19.0,2024-11-08 15:47,,,
1233556244,2024-11-08,5.002739726027397,3.8195,2024-11-08 16:12:17,2.741528150828687,0.0,2024-11-08 21:11,2.741528150828687,47.0,2024-11-08 21:11,2.7741350587795477,12.0,2024-11-08 21:12,,,
1240369071,2024-11-13,30.019178082191782,3.673,2024-11-13 12:07:21,-9.265724742771075,0.0,2024-11-13 17:06,-9.265724742771075,51.0,2024-11-13 17:06,-9.350948280826898,16.0,2024-11-13 17:07,,,
1242494703,2024-11-14,2.0,4.09768,2024-11-14 08:34:09,0.7739998652212421,0.0,2024-11-14 13:33,0.7739998652212421,39.0,2024-11-14 13:33,-0.38300019814974107,4.0,2024-11-14 13:34,,,
1247805879,2024-11-18,2.0,4.082800000000001,2024-11-18 13:55:01,0.05199985556512132,0.0,2024-11-18 18:54,0.05199985556512132,31.0,2024-11-18 18:54,0.05199985556512132,56.0,2024-11-18 18:54,,,
1249547589,2024-11-19,5.002739726027397,3.87115,2024-11-19 09:17:39,0.22204276570243486,0.0,2024-11-19 14:16,-0.23300054316295338,9.0,2024-11-19 14:17,-0.23300054316295338,34.0,2024-11-19 14:17,,,
1251690919,2024-11-20,30.019178082191782,3.7199999999999998,2024-11-20 07:15:11,-3.646175792885842,0.0,2024-11-20 12:14,-3.646175792885842,41.0,2024-11-20 12:14,-3.6610987718209476,6.0,2024-11-20 12:15,,,
1254108781,2024-11-21,9.846575342465753,3.9239999999999995,2024-11-21 12:37:22,1.2207740173483028,0.0,2024-11-21 17:36,1.2207740173483028,52.0,2024-11-21 17:36,1.368095744818909,17.0,2024-11-21 17:37,,,
1256324421,2024-11-22,3.0,3.9800000000000004,2024-11-22 13:40:01,-7.488001555634405,0.0,2024-11-22 18:39,-7.488001555634405,31.0,2024-11-22 18:39,-7.488001555634405,56.0,2024-11-22 18:39,,,
1261073873,2024-11-26,30.019178082191782,3.671,2024-11-26 13:19:02,-0.15703446490902273,0.0,2024-11-26 18:18,-0.15703446490902273,32.0,2024-11-26 18:18,-0.15703446490902273,57.0,2024-11-26 18:18,,,
1266847626,2024-11-29,1.0,4.096,2024-11-29 11:42:31,-13.631998594014405,0.0,2024-11-29 16:41,-13.653001016500443,1.0,2024-11-29 16:42,-13.653001016500443,26.0,2024-11-29 16:42,,,
1269316738,2024-12-02,10.005479452054795,3.7055,2024-12-02 11:16:18,0.046466823476354335,0.0,2024-12-02 16:15,0.046466823476354335,48.0,2024-12-02 16:15,0.26773733762448515,13.0,2024-12-02 16:16,,,
1273601067,2024-12-04,0.6493150684931507,4.2803,2024-12-04 10:49:17,-0.04365379744522002,0.0,2024-12-04 15:48,-0.04365379744522002,47.0,2024-12-04 15:48,0.1946443848823698,12.0,2024-12-04 15:49,,,
1279637487,2024-12-09,1.4986301369863013,3.9865999999999997,2024-12-09 03:04:29,-0.17500000000394422,0.0,2024-12-09 08:03,-0.17500000000394422,59.0,2024-12-09 08:03,-0.18399999999045846,24.0,2024-12-09 08:04,,,
1282916399,2024-12-10,10.005479452054795,3.74815,2024-12-10 12:15:46,0.8469288192711755,0.0,2024-12-10 17:14,0.7710061311889671,16.0,2024-12-10 17:15,0.7710061311889671,41.0,2024-12-10 17:15,,,
1283149006,2024-12-10,12.008219178082191,3.7475,2024-12-10 14:58:30,0.01400181467756667,0.0,2024-12-10 19:57,0.015035136298413576,0.0,2024-12-10 19:58,0.015035136298413576,25.0,2024-12-10 19:58,,,
1285166419,2024-12-11,2.0,3.849,2024-12-11 13:48:02,-2.0561033054539823,0.0,2024-12-11 18:47,-2.0561033054539823,32.0,2024-12-11 18:47,-2.0561033054539823,57.0,2024-12-11 18:47,,,
1285180449,2024-12-11,4.802739726027397,3.8033799999999998,2024-12-11 14:32:37,0.1691082704015745,0.0,2024-12-11 19:31,0.29060198343899835,7.0,2024-12-11 19:32,0.29060198343899835,32.0,2024-12-11 19:32,,,
1286814863,2024-12-12,30.019178082191782,3.6087000000000002,2024-12-12 08:46:01,-5.3197675728860805,0.0,2024-12-12 13:45,-5.3197675728860805,31.0,2024-12-12 13:45,-5.3197675728860805,56.0,2024-12-12 13:45,,,
1291200727,2024-12-16,5.002739726027397,3.944087,2024-12-16 09:51:59,-11.731829592713572,0.0,2024-12-16 14:50,-11.44172713259457,29.0,2024-12-16 14:51,-11.44172713259457,54.0,2024-12-16 14:51,,,
1297656254,2024-12-19,10.005479452054795,4.0705,2024-12-19 11:37:47,2.488885043868283,0.0,2024-12-19 16:36,2.5042002506592276,17.0,2024-12-19 16:37,2.5042002506592276,42.0,2024-12-19 16:37,,,
1299772854,2024-12-20,2.0,4.10788,2024-12-20 10:59:45,-0.038004990549911355,0.0,2024-12-20 15:58,-0.008000151299469849,15.0,2024-12-20 15:59,-0.008000151299469849,40.0,2024-12-20 15:59,,,
1301994524,2024-12-23,0.9972602739726028,4.22,2024-12-23 09:33:44,-1.5126808550287585,0.0,2024-12-23 14:32,-1.581927967762553,14.0,2024-12-23 14:33,-1.581927967762553,39.0,2024-12-23 14:33,,,
1307472319,2024-12-27,10.005479452054795,4.08814,2024-12-27 10:30:50,-0.31806798538545067,0.0,2024-12-27 15:29,-0.20593171781886355,20.0,2024-12-27 15:30,-0.20593171781886355,45.0,2024-12-27 15:30,,,
1311390639,2024-12-31,5.005479452054795,4.0,2024-12-31 09:28:20,0.5705873550549967,0.0,2024-12-31 14:27,0.5705873550549967,50.0,2024-12-31 14:27,0.5878767626150694,15.0,2024-12-31 14:28,,,
1313851410,2025-01-02,10.005479452054795,4.064,2025-01-02 15:35:28,0.046039872953329564,0.0,2025-01-02 20:34,0.046039872953329564,58.0,2025-01-02 20:34,-0.19805985868606157,23.0,2025-01-02 20:35,,,
1317801333,2025-01-06,5.002739726027397,4.1744,2025-01-06 11:09:40,-0.8222484576233313,0.0,2025-01-06 16:08,-0.7957516633686268,10.0,2025-01-06 16:09,-0.7957516633686268,35.0,2025-01-06 16:09,,,
1318448285,2025-01-07,6.002739726027397,4.11432,2025-01-06 20:16:16,0.007725566767202707,0.0,2025-01-07 01:15,0.007725566767202707,46.0,2025-01-07 01:15,0.009720467405127664,11.0,2025-01-07 01:16,,,
1322260742,2025-01-08,6.978082191780822,4.165,2025-01-08 10:13:09,0.9337161146770967,0.0,2025-01-08 15:12,0.9337161146770967,39.0,2025-01-08 15:12,0.9204709786137855,4.0,2025-01-08 15:13,,,
1325833976,2025-01-10,6.002739726027397,4.1554899999999995,2025-01-10 03:23:23,0.059032080146614874,0.0,2025-01-10 08:22,0.059032080146614874,53.0,2025-01-10 08:22,0.06897724751633305,18.0,2025-01-10 08:23,,,
1326419523,2025-01-10,9.841095890410958,4.264627,2025-01-10 09:28:13,0.42290214122946423,0.0,2025-01-10 14:27,0.42290214122946423,43.0,2025-01-10 14:27,0.34162537204389665,8.0,2025-01-10 14:28,,,
1326513758,2025-01-10,10.027397260273972,4.2700000000000005,2025-01-10 12:02:23,1.0610192370903881,0.0,2025-01-10 17:01,1.0610192370903881,53.0,2025-01-10 17:01,1.050840127503072,18.0,2025-01-10 17:02,,,
1328564291,2025-01-13,30.019178082191782,4.1075,2025-01-13 09:50:21,0.048205135595491555,0.0,2025-01-13 14:49,0.048205135595491555,51.0,2025-01-13 14:49,-0.039085377986314285,16.0,2025-01-13 14:50,,,
1330782492,2025-01-14,0.8027397260273973,4.2787,2025-01-14 08:20:15,0.050664959861190795,0.0,2025-01-14 13:19,0.050664959861190795,45.0,2025-01-14 13:19,-0.02547577969513881,10.0,2025-01-14 13:20,,,
1335401518,2025-01-16,10.008219178082191,4.2299999999999995,2025-01-16 08:13:43,0.32134569165549465,0.0,2025-01-16 13:12,0.15114030411380597,13.0,2025-01-16 13:13,0.15114030411380597,38.0,2025-01-16 13:13,,,
1338323412,2025-01-17,10.005479452054795,4.1674999999999995,2025-01-17 16:47:11,-0.022011071566030438,0.0,2025-01-17 21:46,-0.022011071566030438,41.0,2025-01-17 21:46,-0.016087709852641296,6.0,2025-01-17 21:47,,,
1342628638,2025-01-21,19.83013698630137,4.24834,2025-01-21 10:19:14,8.587883437322663,0.0,2025-01-21 15:18,8.587883437322663,44.0,2025-01-21 15:18,8.715208704500998,9.0,2025-01-21 15:19,,,
1344900586,2025-01-22,1.4904109589041097,4.131,2025-01-22 08:39:45,-0.07623834999090917,0.0,2025-01-22 13:38,-0.050568926742222686,15.0,2025-01-22 13:39,-0.050568926742222686,40.0,2025-01-22 13:39,,,
1347230024,2025-01-23,2.0,4.0803,2025-01-23 08:38:07,0.24160184247081773,0.0,2025-01-23 13:37,0.24160184247081773,37.0,2025-01-23 13:37,0.5233004048986523,2.0,2025-01-23 13:38,,,
1352263505,2025-01-27,5.005479452054795,4.0,2025-01-27 10:12:28,-3.136706645533227,0.0,2025-01-27 15:11,-3.136706645533227,58.0,2025-01-27 15:11,-3.102547921045229,23.0,2025-01-27 15:12,,,
1353517752,2025-01-28,10.01095890410959,4.0846,2025-01-28 09:42:40,-0.10042520962105783,0.0,2025-01-28 14:41,0.16785159016388107,10.0,2025-01-28 14:42,0.16785159016388107,35.0,2025-01-28 14:42,,,
1354750897,2025-01-29,10.005479452054795,4.08309,2025-01-29 12:30:58,-0.18399871979832838,0.0,2025-01-29 17:29,-0.12496876756014075,28.0,2025-01-29 17:30,-0.12496876756014075,53.0,2025-01-29 17:30,,,
1355766238,2025-01-30,4.890410958904109,3.9564000000000004,2025-01-30 12:36:32,-6.738547262611938,0.0,2025-01-30 17:35,-7.270123117625893,2.0,2025-01-30 17:36,-7.270123117625893,27.0,2025-01-30 17:36,,,
1356998238,2025-01-31,30.019178082191782,4.01393,2025-01-31 15:52:25,0.2330549508712032,0.0,2025-01-31 20:51,0.2330549508712032,55.0,2025-01-31 20:51,0.15991292604846663,20.0,2025-01-31 20:52,,,
1359682050,2025-02-04,30.019178082191782,4.0019,2025-02-04 09:15:20,1.8306826606886872,0.0,2025-02-04 14:14,1.8306826606886872,50.0,2025-02-04 14:14,1.7285617570264478,15.0,2025-02-04 14:15,,,
1361512766,2025-02-05,3.0,4.0132,2025-02-05 03:50:28,0.16399415829644326,0.0,2025-02-05 08:49,0.16399415829644326,58.0,2025-02-05 08:49,0.0700270252852242,23.0,2025-02-05 08:50,,,
1362592071,2025-02-05,4.161643835616438,3.9292300000000004,2025-02-05 15:08:54,-0.49368832772813676,0.0,2025-02-05 20:07,-0.554300119796336,24.0,2025-02-05 20:08,-0.554300119796336,49.0,2025-02-05 20:08,,,
1364477770,2025-02-06,10.005479452054795,4.02112,2025-02-06 08:23:02,1.3899510703972773,0.0,2025-02-06 13:22,1.3899510703972773,32.0,2025-02-06 13:22,1.3899510703972773,57.0,2025-02-06 13:22,,,
1367030404,2025-02-07,30.019178082191782,3.9311,2025-02-07 09:30:02,0.07010756557930264,0.0,2025-02-07 14:29,0.07010756557930264,32.0,2025-02-07 14:29,0.07010756557930264,57.0,2025-02-07 14:29,,,
1372282382,2025-02-11,27.723287671232878,4.01159,2025-02-11 09:59:22,-0.7081179174159402,0.0,2025-02-11 14:58,-0.7081179174159402,52.0,2025-02-11 14:58,-0.8004975579169127,17.0,2025-02-11 14:59,,,
1374730286,2025-02-12,10.005479452054795,4.2427,2025-02-12 10:59:22,0.1569799798247118,0.0,2025-02-12 15:58,0.1569799798247118,52.0,2025-02-12 15:58,0.23000672984796466,17.0,2025-02-12 15:59,,,
1377076838,2025-02-13,4.002739726027397,4.12175,2025-02-13 10:44:30,0.1660130823123218,0.0,2025-02-13 15:43,0.2390127104956008,0.0,2025-02-13 15:44,0.2390127104956008,25.0,2025-02-13 15:44,,,
1379353305,2025-02-14,10.005479452054795,4.1525,2025-02-14 08:18:04,-0.5940865464040712,0.0,2025-02-14 13:17,-0.5940865464040712,34.0,2025-02-14 13:17,-0.5940865464040712,59.0,2025-02-14 13:17,,,
1379839682,2025-02-14,2.243835616438356,4.02463,2025-02-14 13:38:21,-5.344343650759331,0.0,2025-02-14 18:37,-5.344343650759331,51.0,2025-02-14 18:37,-5.409492751862199,16.0,2025-02-14 18:38,,,
1384406229,2025-02-18,30.019178082191782,3.9871999999999996,2025-02-18 10:54:51,-2.970203336160182,0.0,2025-02-18 15:53,-2.819864411165085,21.0,2025-02-18 15:54,-2.819864411165085,46.0,2025-02-18 15:54,,,
1386612517,2025-02-19,5.002739726027397,4.11432,2025-02-19 11:39:01,0.737003126366087,0.0,2025-02-19 16:38,0.737003126366087,31.0,2025-02-19 16:38,0.737003126366087,56.0,2025-02-19 16:38,,,
1398346924,2025-02-20,3.0,4.0815,2025-02-20 15:02:30,0.5926175482033003,0.0,2025-02-20 20:01,0.5727152615909503,0.0,2025-02-20 20:02,0.5727152615909503,25.0,2025-02-20 20:02,,,
1390949586,2025-02-21,3.0,4.097110000000001,2025-02-21 08:49:37,1.8242373809036039,0.0,2025-02-21 13:48,1.848111340454217,7.0,2025-02-21 13:49,1.848111340454217,32.0,2025-02-21 13:49,,,
1393743894,2025-02-24,6.695890410958904,3.9704900000000003,2025-02-24 14:37:52,-0.07964101837152349,0.0,2025-02-24 19:36,-0.12448210666957671,22.0,2025-02-24 19:37,-0.12448210666957671,47.0,2025-02-24 19:37,,,
1395522979,2025-02-25,6.002739726027397,3.86575,2025-02-25 09:29:37,0.11000066677979703,0.0,2025-02-25 14:28,0.19401350087280278,7.0,2025-02-25 14:29,0.19401350087280278,32.0,2025-02-25 14:29,,,
1397845366,2025-02-26,1.9945205479452055,4.0,2025-02-26 10:47:53,13.754514331813361,0.0,2025-02-26 15:46,14.008227934684125,23.0,2025-02-26 15:47,14.008227934684125,48.0,2025-02-26 15:47,,,
1400880995,2025-02-28,5.002739726027397,3.7543,2025-02-27 20:57:42,0.03238849499189733,0.0,2025-02-28 01:56,0.018386844149942405,12.0,2025-02-28 01:57,0.018386844149942405,37.0,2025-02-28 01:57,,,
1402557093,2025-02-28,1.252054794520548,3.96792,2025-02-28 11:26:09,0.4510000006948456,0.0,2025-02-28 16:25,0.4510000006948456,39.0,2025-02-28 16:25,0.1760000078310231,4.0,2025-02-28 16:26,,,
1403004975,2025-02-28,10.005479452054795,3.7876,2025-02-28 16:20:34,-0.2849983796848754,0.0,2025-02-28 21:19,-0.238954436481853,4.0,2025-02-28 21:20,-0.238954436481853,29.0,2025-02-28 21:20,,,
1405298780,2025-03-03,5.002739726027397,3.71938,2025-03-03 14:37:28,-0.001965235753909056,0.0,2025-03-03 19:36,-0.001965235753909056,58.0,2025-03-03 19:36,0.01697705736320998,23.0,2025-03-03 19:37,,,
1407090740,2025-03-04,3.0027397260273974,3.6787,2025-03-04 07:50:20,0.4390009759065894,0.0,2025-03-04 12:49,0.4390009759065894,50.0,2025-03-04 12:49,0.12298613166761285,15.0,2025-03-04 12:50,,,
1407283012,2025-03-04,10.005479452054795,3.7150000000000003,2025-03-04 11:38:04,0.29697965931512194,0.0,2025-03-04 16:37,0.29697965931512194,34.0,2025-03-04 16:37,0.29697965931512194,59.0,2025-03-04 16:37,,,
1409919810,2025-03-05,0.9424657534246575,4.04,2025-03-05 12:51:57,-0.13039584189398212,0.0,2025-03-05 17:50,-0.21032328479302365,27.0,2025-03-05 17:51,-0.21032328479302365,52.0,2025-03-05 17:51,,,
1411823165,2025-03-06,19.983561643835618,3.91,2025-03-06 09:03:52,-2.139512811636024,0.0,2025-03-06 14:02,-1.8897018048913417,22.0,2025-03-06 14:03,-1.8897018048913417,47.0,2025-03-06 14:03,,,
1414676614,2025-03-07,6.254794520547946,3.7830000000000004,2025-03-07 13:50:17,-1.519463497764706,0.0,2025-03-07 18:49,-1.519463497764706,47.0,2025-03-07 18:49,-1.4230219233717811,12.0,2025-03-07 18:50,,,
1416934861,2025-03-10,2.0,3.7479999999999998,2025-03-10 15:07:13,3.1950141212412575,0.0,2025-03-10 19:06,3.1950141212412575,43.0,2025-03-10 19:06,3.218982461055253,8.0,2025-03-10 19:07,,,
1416953875,2025-03-10,30.019178082191782,3.7593300000000003,2025-03-10 16:12:07,-0.9532185391891268,0.0,2025-03-10 20:11,-0.9532185391891268,37.0,2025-03-10 20:11,-0.8905480199575155,2.0,2025-03-10 20:12,,,
1421112298,2025-03-12,4.002739726027397,3.72543,2025-03-12 06:48:06,0.10099351294110548,0.0,2025-03-12 10:47,0.10099351294110548,36.0,2025-03-12 10:47,0.06000117534088467,1.0,2025-03-12 10:48,,,
1423871229,2025-03-13,10.005479452054795,3.84776,2025-03-13 14:19:29,0.3470745596903413,60.0,2025-03-13 18:17,,,,0.44004368803656213,24.0,2025-03-13 18:19,,NO_CURVE,
1427977235,2025-03-17,5.002739726027397,3.8255,2025-03-17 11:17:01,4.94804460218452,0.0,2025-03-17 15:16,4.94804460218452,31.0,2025-03-17 15:16,4.94804460218452,56.0,2025-03-17 15:16,,,
1434548878,2025-03-20,1.0,3.9600000000000004,2025-03-20 11:54:35,0.09818732962778576,0.0,2025-03-20 15:53,0.03649410433994582,5.0,2025-03-20 15:54,0.03649410433994582,30.0,2025-03-20 15:54,,,
1436258803,2025-03-21,12.008219178082191,3.8218750000000004,2025-03-21 09:32:27,-0.7365156087201452,0.0,2025-03-21 13:31,-0.7365156087201452,57.0,2025-03-21 13:31,-0.26249673615286184,22.0,2025-03-21 13:32,,,
1438681655,2025-03-24,5.002739726027397,3.7657999999999996,2025-03-24 10:28:04,0.8196544794929927,0.0,2025-03-24 14:27,0.8196544794929927,34.0,2025-03-24 14:27,0.8196544794929927,59.0,2025-03-24 14:27,,,
1440909536,2025-03-25,20.013698630136986,4.0347,2025-03-25 07:28:44,0.14096500860363292,0.0,2025-03-25 11:27,0.0030245049570609694,14.0,2025-03-25 11:28,0.0030245049570609694,39.0,2025-03-25 11:28,,,
1443032515,2025-03-26,0.5041095890410959,4.227,2025-03-26 07:16:49,-0.06584007669827585,0.0,2025-03-26 11:15,-0.04591794456949572,19.0,2025-03-26 11:16,-0.04591794456949572,44.0,2025-03-26 11:16,,,
1443166109,2025-03-26,0.5041095890410959,4.189,2025-03-26 12:25:31,-3.266805846788934,0.0,2025-03-26 16:24,-3.2944080357235173,1.0,2025-03-26 16:25,-3.2944080357235173,26.0,2025-03-26 16:25,,,
1447393402,2025-03-28,7.002739726027397,3.81378,2025-03-28 08:46:17,2.0151888194805956,0.0,2025-03-28 12:45,2.0151888194805956,47.0,2025-03-28 12:45,1.86418543180773,12.0,2025-03-28 12:46,,,
1447411429,2025-03-28,10.005479452054795,3.85,2025-03-28 10:01:56,0.883620173253119,0.0,2025-03-28 14:00,0.6909316879264882,26.0,2025-03-28 14:01,0.6909316879264882,51.0,2025-03-28 14:01,,,
1447831569,2025-03-28,5.002739726027397,3.6799999999999997,2025-03-28 14:39:56,0.25995066225830143,0.0,2025-03-28 18:38,0.014976282010525921,26.0,2025-03-28 18:39,0.014976282010525921,51.0,2025-03-28 18:39,,,
1451930949,2025-04-01,2.0,3.71892,2025-04-01 10:07:14,2.587999846923106,0.0,2025-04-01 14:06,2.587999846923106,44.0,2025-04-01 14:06,3.3380004491374127,9.0,2025-04-01 14:07,,,
1454115163,2025-04-02,10.005479452054795,3.705,2025-04-02 11:11:10,-2.5862235983004744,0.0,2025-04-02 15:10,-2.5862235983004744,40.0,2025-04-02 15:10,-2.335145799282179,5.0,2025-04-02 15:11,,,
1454742263,2025-04-03,1.5013698630136987,3.71,2025-04-02 20:36:11,,,,,,,,,,NO_CURVE,NO_CURVE,NO_CURVE
1456290034,2025-04-03,30.019178082191782,3.5700000000000003,2025-04-03 09:30:08,-6.311959694206326,0.0,2025-04-03 13:29,-6.311959694206326,38.0,2025-04-03 13:29,-6.206688050678277,3.0,2025-04-03 13:30,,,
1456992463,2025-04-04,2.0,3.4627499999999998,2025-04-03 21:59:53,0.2187119528412218,0.0,2025-04-04 01:58,-0.004939669004588865,23.0,2025-04-04 01:59,-0.004939669004588865,48.0,2025-04-04 01:59,,,
1459758683,2025-04-07,10.005479452054795,3.6477000000000004,2025-04-07 11:06:46,-1.262303103433382,0.0,2025-04-07 15:05,0.47358473753575936,16.0,2025-04-07 15:06,0.47358473753575936,41.0,2025-04-07 15:06,,,
1460232589,2025-04-07,30.019178082191782,3.7823,2025-04-07 14:55:02,6.031140860539708,0.0,2025-04-07 18:54,6.031140860539708,32.0,2025-04-07 18:54,6.031140860539708,57.0,2025-04-07 18:54,,,
1462826166,2025-04-08,0.9424657534246575,3.8823000000000003,2025-04-08 12:07:10,2.1625440376834337,0.0,2025-04-08 16:06,2.1625440376834337,40.0,2025-04-08 16:06,2.74943571410593,5.0,2025-04-08 16:07,,,
1463084423,2025-04-08,10.008219178082191,3.7824999999999998,2025-04-08 12:59:05,1.6509792072749718,0.0,2025-04-08 16:58,1.6509792072749718,35.0,2025-04-08 16:58,1.6390400986503018,0.0,2025-04-08 16:59,,,
1465373289,2025-04-09,5.002739726027397,3.5355,2025-04-09 06:21:55,0.35000155632292085,0.0,2025-04-09 10:20,0.21400061876586385,25.0,2025-04-09 10:21,0.21400061876586385,50.0,2025-04-09 10:21,,,
1465957847,2025-04-09,5.002739726027397,3.5868499999999996,2025-04-09 12:49:12,0.007999025157356954,0.0,2025-04-09 16:48,0.007999025157356954,42.0,2025-04-09 16:48,0.03697670450959478,7.0,2025-04-09 16:49,,,
1466120042,2025-04-09,2.252054794520548,3.5610000000000004,2025-04-09 14:02:30,-11.944245844705037,0.0,2025-04-09 18:01,-13.791308081928388,0.0,2025-04-09 18:02,-13.791308081928388,25.0,2025-04-09 18:02,,,
1468370671,2025-04-10,20.013698630136986,4.0,2025-04-10 11:57:11,-14.389528531328999,0.0,2025-04-10 15:56,-14.389528531328999,41.0,2025-04-10 15:56,-14.5985448020169,6.0,2025-04-10 15:57,,,
1468873787,2025-04-10,10.005479452054795,3.8492699999999997,2025-04-10 16:56:38,-0.9729823206695354,0.0,2025-04-10 20:55,-1.0190011517182018,8.0,2025-04-10 20:56,-1.0190011517182018,33.0,2025-04-10 20:56,,,
1471911267,2025-04-14,10.005479452054795,3.8920000000000003,2025-04-14 02:41:06,0.34899842349869203,0.0,2025-04-14 06:40,0.34899842349869203,36.0,2025-04-14 06:40,-0.031069514752291028,1.0,2025-04-14 06:41,,,
1473425132,2025-04-14,10.005479452054795,3.8764399999999997,2025-04-14 09:23:57,0.5650047677854708,0.0,2025-04-14 13:22,0.143997446680455,27.0,2025-04-14 13:23,0.143997446680455,52.0,2025-04-14 13:23,,,
1473476837,2025-04-14,3.0027397260273974,3.6060000000000003,2025-04-14 11:02:14,-0.26599904890276527,0.0,2025-04-14 15:01,-0.26599904890276527,44.0,2025-04-14 15:01,0.4510039812282596,9.0,2025-04-14 15:02,,,
1473848017,2025-04-14,10.008219178082191,3.9050000000000002,2025-04-14 13:31:46,1.0563023306652042,0.0,2025-04-14 17:30,1.5163403744165915,16.0,2025-04-14 17:31,1.5163403744165915,41.0,2025-04-14 17:31,,,
1475532757,2025-04-15,4.002739726027397,3.6128,2025-04-15 06:04:45,-0.3659935971036976,0.0,2025-04-15 10:03,-0.19400031849006183,15.0,2025-04-15 10:04,-0.19400031849006183,40.0,2025-04-15 10:04,,,
1475984586,2025-04-15,6.293150684931507,3.727,2025-04-15 12:51:27,6.192850169043584,0.0,2025-04-15 16:50,6.192850169043584,57.0,2025-04-15 16:50,6.351860481856697,22.0,2025-04-15 16:51,,,
1478080340,2025-04-16,10.005479452054795,3.8072000000000004,2025-04-16 10:22:10,-0.636013455321871,0.0,2025-04-16 14:21,-0.636013455321871,40.0,2025-04-16 14:21,-0.6276866730646091,5.0,2025-04-16 14:22,,,
1480467821,2025-04-17,6.002739726027397,3.61075,2025-04-17 12:28:07,0.3129985108544009,0.0,2025-04-17 16:27,0.3129985108544009,37.0,2025-04-17 16:27,0.40299954359568346,2.0,2025-04-17 16:28,,,
1482652840,2025-04-21,7.005479452054795,3.685,2025-04-21 15:37:47,0.0850171130303945,0.0,2025-04-21 19:36,-0.12599270643294247,17.0,2025-04-21 19:37,-0.12599270643294247,42.0,2025-04-21 19:37,,,
1484792841,2025-04-22,9.865753424657534,3.79515,2025-04-22 13:56:59,-3.442435066358218,0.0,2025-04-22 17:55,-3.3785550494608074,29.0,2025-04-22 17:56,-3.3785550494608074,54.0,2025-04-22 17:56,,,
1486530778,2025-04-23,29.843835616438355,3.899224,2025-04-23 08:28:01,2.848121875678311,0.0,2025-04-23 12:27,2.848121875678311,31.0,2025-04-23 12:27,2.848121875678311,56.0,2025-04-23 12:27,,,
1486830927,2025-04-23,9.005479452054795,3.785,2025-04-23 12:44:42,-0.1659981648612252,60.0,2025-04-23 16:42,-0.3780507266272437,12.0,2025-04-23 16:44,-0.3780507266272437,37.0,2025-04-23 16:44,,,
1491592905,2025-04-25,13.01095890410959,3.7830000000000004,2025-04-25 16:21:12,-6.5651954793947365,0.0,2025-04-25 20:20,-6.5651954793947365,42.0,2025-04-25 20:20,-6.548540237664646,7.0,2025-04-25 20:21,,,
1495294207,2025-04-29,5.002739726027397,3.4709999999999996,2025-04-29 07:22:09,0.04401587257638617,0.0,2025-04-29 11:21,0.04401587257638617,39.0,2025-04-29 11:21,0.19404357426520136,4.0,2025-04-29 11:22,,,
1496814880,2025-04-30,2.0,3.4255,2025-04-30 04:17:18,0.0019998930223419364,0.0,2025-04-30 08:16,0.0019998930223419364,48.0,2025-04-30 08:16,0.1399957804351093,13.0,2025-04-30 08:17,,,
1498738643,2025-05-01,10.005479452054795,3.59402,2025-05-01 08:36:27,-0.2299976957293559,0.0,2025-05-01 12:35,-0.2299976957293559,57.0,2025-05-01 12:35,0.07899106348951968,22.0,2025-05-01 12:36,,,
1499757262,2025-05-02,5.002739726027397,3.5957000000000003,2025-05-02 12:10:35,5.874050541002385,0.0,2025-05-02 16:09,6.108676839114757,5.0,2025-05-02 16:10,6.108676839114757,30.0,2025-05-02 16:10,,,
1502274118,2025-05-05,7.723287671232876,3.69378,2025-05-05 12:37:09,-0.4877566841665182,0.0,2025-05-05 16:36,-0.4877566841665182,39.0,2025-05-05 16:36,-0.7337094866125771,4.0,2025-05-05 16:37,,,
1503921457,2025-05-06,10.005479452054795,3.8,2025-05-06 11:50:01,0.2080696895893297,60.0,2025-05-06 15:48,,,,,,,,NO_CURVE,NO_CURVE
1504301965,2025-05-06,30.019178082191782,3.91,2025-05-06 16:14:01,1.5923189151072936,0.0,2025-05-06 20:13,1.5923189151072936,31.0,2025-05-06 20:13,1.5923189151072936,56.0,2025-05-06 20:13,,,
1506179042,2025-05-07,10.005479452054795,3.7407000000000004,2025-05-07 10:12:58,-0.4620799700803868,0.0,2025-05-07 14:11,0.0410025438193351,28.0,2025-05-07 14:12,0.0410025438193351,53.0,2025-05-07 14:12,,,
1508363148,2025-05-08,30.019178082191782,3.9137999999999997,2025-05-08 06:26:56,-0.1809650277430741,0.0,2025-05-08 10:25,,,,,,,,NO_CURVE,NO_CURVE
1508525942,2025-05-08,30.019178082191782,3.8400999999999996,2025-05-08 11:56:16,-8.468270109507303,0.0,2025-05-08 15:55,-8.468270109507303,46.0,2025-05-08 15:55,-8.537031672292628,11.0,2025-05-08 15:56,,,
1508933951,2025-05-08,5.002739726027397,3.6327199999999995,2025-05-08 15:31:49,0.023012135530020572,60.0,2025-05-08 19:29,0.13302269521866528,19.0,2025-05-08 19:31,0.13302269521866528,44.0,2025-05-08 19:31,,,
1509192689,2025-05-09,2.0,3.6431999999999998,2025-05-09 01:40:22,0.16999669597552725,0.0,2025-05-09 05:39,0.16999669597552725,52.0,2025-05-09 05:39,0.14599956643688294,17.0,2025-05-09 05:40,,,
1510732925,2025-05-09,4.854794520547945,3.5185,2025-05-09 10:38:23,-3.550265074288017,0.0,2025-05-09 14:37,-3.550265074288017,53.0,2025-05-09 14:37,-3.5975460311511664,18.0,2025-05-09 14:38,,,
1512814399,2025-05-12,5.002739726027397,3.7355,2025-05-12 06:08:42,-0.21498943060054287,0.0,2025-05-12 10:07,-0.1960024150912787,12.0,2025-05-12 10:08,-0.1960024150912787,37.0,2025-05-12 10:08,,,
1515007624,2025-05-13,0.5917808219178082,4.223125,2025-05-13 05:27:24,0.057812057352801816,0.0,2025-05-13 09:26,0.057812057352801816,54.0,2025-05-13 09:26,0.007354355602817719,19.0,2025-05-13 09:27,,,
1515909636,2025-05-14,5.002739726027397,3.70928,2025-05-13 22:29:08,-0.2426887028662339,0.0,2025-05-14 02:28,-0.2426887028662339,38.0,2025-05-14 02:28,-0.2515678159059842,3.0,2025-05-14 02:29,,,
1517987055,2025-05-14,5.002739726027397,3.698,2025-05-14 15:52:09,-9.428700712659133,0.0,2025-05-14 19:51,-9.428700712659133,39.0,2025-05-14 19:51,-9.542198606418673,4.0,2025-05-14 19:52,,,
1519868593,2025-05-15,2.0,3.84079,2025-05-15 10:42:47,5.220995599667422,0.0,2025-05-15 14:41,5.3500129122493245,17.0,2025-05-15 14:42,5.3500129122493245,42.0,2025-05-15 14:42,,,
1522451189,2025-05-16,10.005479452054795,3.918,2025-05-16 14:18:21,-0.14995835183806427,0.0,2025-05-16 18:17,-0.14995835183806427,51.0,2025-05-16 18:17,-0.010969338363109316,16.0,2025-05-16 18:18,,,
1524417857,2025-05-19,25.753424657534246,4.13633,2025-05-19 12:19:38,0.2981149282208051,0.0,2025-05-19 16:18,0.3841522793237573,8.0,2025-05-19 16:19,0.3841522793237573,33.0,2025-05-19 16:19,,,
1528440688,2025-05-21,4.249315068493151,3.69234,2025-05-21 09:32:49,-2.2449650189108272,0.0,2025-05-21 13:31,-1.9027295236480501,19.0,2025-05-21 13:32,-1.9027295236480501,44.0,2025-05-21 13:32,,,
1530403570,2025-05-22,5.002739726027397,3.7216,2025-05-22 05:42:36,-35.170941359707044,0.0,2025-05-22 09:41,-35.000494277118534,6.0,2025-05-22 09:42,-35.000494277118534,31.0,2025-05-22 09:42,,,
1531003903,2025-05-22,2.0,3.7699999999999996,2025-05-22 15:11:31,0.0640016686995537,0.0,2025-05-22 19:10,0.12600147221943914,1.0,2025-05-22 19:11,0.12600147221943914,26.0,2025-05-22 19:11,,,
1532800379,2025-05-23,7.005479452054795,3.7904,2025-05-23 10:58:45,0.07999898093613567,0.0,2025-05-23 14:57,0.04998097357535869,15.0,2025-05-23 14:58,0.04998097357535869,40.0,2025-05-23 14:58,,,
1536724041,2025-05-27,10.005479452054795,4.0,2025-05-27 07:57:38,8.201577882116284,0.0,2025-05-27 11:56,8.30308999382563,8.0,2025-05-27 11:57,8.30308999382563,33.0,2025-05-27 11:57,,,
1536768547,2025-05-27,10.065753424657535,3.8985,2025-05-27 10:44:09,-1.0023641793167393,0.0,2025-05-27 14:43,-1.0023641793167393,39.0,2025-05-27 14:43,-1.3820001136986004,4.0,2025-05-27 14:44,,,
1537720838,2025-05-28,2.0,3.7458,2025-05-28 03:30:14,-0.10602278785825092,0.0,2025-05-28 07:29,-0.10602278785825092,44.0,2025-05-28 07:29,-0.07999790766168857,9.0,2025-05-28 07:30,,,
1538890413,2025-05-28,30.019178082191782,4.092,2025-05-28 11:30:09,0.13002796869381328,0.0,2025-05-28 15:29,0.13002796869381328,39.0,2025-05-28 15:29,,,,,,NO_CURVE
1543541259,2025-05-30,4.002739726027397,3.5860000000000003,2025-05-30 14:53:26,-0.05394378913461395,0.0,2025-05-30 18:52,-0.05394378913461395,56.0,2025-05-30 18:52,-0.013999735734238072,21.0,2025-05-30 18:53,,,
1546583632,2025-06-03,1.0,4.03125,2025-06-03 06:06:33,-0.011001073101457592,0.0,2025-06-03 10:05,-0.05500067423875876,3.0,2025-06-03 10:06,-0.05500067423875876,28.0,2025-06-03 10:06,,,
1546850641,2025-06-03,4.002739726027397,3.6540000000000004,2025-06-03 12:00:09,0.3129978151698243,0.0,2025-06-03 15:59,0.3129978151698243,39.0,2025-06-03 15:59,0.5570876593404162,4.0,2025-06-03 16:00,,,
1552794190,2025-06-06,0.7479452054794521,4.1114,2025-06-06 04:44:35,-0.006999999964918402,0.0,2025-06-06 08:43,-0.014000000031710869,5.0,2025-06-06 08:44,-0.014000000031710869,30.0,2025-06-06 08:44,,,
1553149097,2025-06-06,30.019178082191782,4.0676,2025-06-06 08:34:42,-0.03908000346610763,0.0,2025-06-06 12:33,0.07408236553079206,12.0,2025-06-06 12:34,0.07408236553079206,37.0,2025-06-06 12:34,,,
1554042543,2025-06-09,1.5013698630136987,3.8787000000000003,2025-06-09 03:15:32,0.010999999931415871,60.0,2025-06-09 07:13,-0.37499999947705476,2.0,2025-06-09 07:15,-0.37499999947705476,27.0,2025-06-09 07:15,,,
1557489885,2025-06-10,30.013698630136986,4.0,2025-06-10 08:27:56,-5.030798861629915,0.0,2025-06-10 12:26,-4.545880753707188,26.0,2025-06-10 12:27,-4.545880753707188,51.0,2025-06-10 12:27,,,
1557962338,2025-06-10,4.002739726027397,3.708,2025-06-10 16:12:57,5.350501456254353,0.0,2025-06-10 20:11,5.305451087882274,27.0,2025-06-10 20:12,5.305451087882274,52.0,2025-06-10 20:12,,,
1559718165,2025-06-11,4.2465753424657535,3.5721299999999996,2025-06-11 08:56:33,-3.5289276135863634,0.0,2025-06-11 12:55,,,,,,,,NO_CURVE,NO_CURVE
1559973183,2025-06-11,5.002739726027397,3.6394999999999995,2025-06-11 12:23:55,-0.5703428829737955,0.0,2025-06-11 16:22,-0.5992926371784169,25.0,2025-06-11 16:23,-0.5992926371784169,50.0,2025-06-11 16:23,,,
1564659277,2025-06-13,25.465753424657535,4.149570000000001,2025-06-13 10:15:06,7.081884600252675,0.0,2025-06-13 14:14,7.081884600252675,36.0,2025-06-13 14:14,7.259364564325921,1.0,2025-06-13 14:15,,,
1569355314,2025-06-17,30.02191780821918,4.0,2025-06-17 16:00:14,-2.9246332803450237,0.0,2025-06-17 19:59,-2.9246332803450237,44.0,2025-06-17 19:59,,,,,,NO_CURVE
1577356011,2025-06-23,1.0,3.82,2025-06-23 07:23:44,0.15675354955586585,0.0,2025-06-23 11:22,-0.0476465870435927,14.0,2025-06-23 11:23,-0.0476465870435927,39.0,2025-06-23 11:23,,,
1577803358,2025-06-23,5.002739726027397,3.53,2025-06-23 13:36:27,0.13396816977992998,0.0,2025-06-23 17:35,0.13396816977992998,57.0,2025-06-23 17:35,0.199868501077205,22.0,2025-06-23 17:36,,,
1578526108,2025-06-24,0.5013698630136987,4.1868,2025-06-24 03:45:11,-0.26999999999048896,0.0,2025-06-24 07:44,-0.26999999999048896,41.0,2025-06-24 07:44,-0.26099999999278367,6.0,2025-06-24 07:45,,,
1582032512,2025-06-25,10.005479452054795,3.7800000000000002,2025-06-25 10:18:37,0.1579551009608604,0.0,2025-06-25 14:17,-0.025052732138775013,7.0,2025-06-25 14:18,-0.025052732138775013,32.0,2025-06-25 14:18,,,
1582589677,2025-06-26,1.0,3.8932,2025-06-25 20:41:15,-0.18649978683988877,0.0,2025-06-26 00:40,-0.18649978683988877,45.0,2025-06-26 00:40,-0.12161754406818659,10.0,2025-06-26 00:41,,,
1586205995,2025-06-27,4.002739726027397,3.428,2025-06-27 05:05:51,-0.22696705006208795,0.0,2025-06-27 09:04,-0.23502556238685912,21.0,2025-06-27 09:05,-0.23502556238685912,46.0,2025-06-27 09:05,,,
1588678563,2025-06-30,10.005479452054795,3.7407000000000004,2025-06-30 08:33:31,2.3375374829059936,0.0,2025-06-30 12:32,2.1735861957340674,1.0,2025-06-30 12:33,2.1735861957340674,26.0,2025-06-30 12:33,,,
1589879458,2025-07-01,10.005479452054795,3.6637999999999997,2025-07-01 03:23:33,0.09001517911078061,0.0,2025-07-01 07:22,0.0029682168288580613,3.0,2025-07-01 07:23,0.0029682168288580613,28.0,2025-07-01 07:23,,,
1590970889,2025-07-01,5.002739726027397,3.4799999999999995,2025-07-01 14:17:33,0.20998918775116948,0.0,2025-07-01 18:16,-0.0630005588935667,3.0,2025-07-01 18:17,-0.0630005588935667,28.0,2025-07-01 18:17,,,
1592762701,2025-07-02,10.005479452054795,3.7581999999999995,2025-07-02 09:50:38,0.18099854327657816,0.0,2025-07-02 13:49,-6.884028107556617e-05,8.0,2025-07-02 13:50,-6.884028107556617e-05,33.0,2025-07-02 13:50,,,
1594343806,2025-07-03,5.002739726027397,3.4671,2025-07-03 04:33:07,0.023644455022830968,0.0,2025-07-03 08:32,0.023644455022830968,37.0,2025-07-03 08:32,-0.021402490490496362,2.0,2025-07-03 08:33,,,
1595333434,2025-07-03,1.0,3.9,2025-07-03 13:03:30,-1.3058622118817365,0.0,2025-07-03 17:02,-1.2364812362075206,0.0,2025-07-03 17:03,-1.2364812362075206,25.0,2025-07-03 17:03,,,
1599423099,2025-07-07,10.005479452054795,3.8175,2025-07-07 11:00:27,-1.712010687014942,0.0,2025-07-07 14:59,-1.712010687014942,57.0,2025-07-07 14:59,-1.6960092918121283,22.0,2025-07-07 15:00,,,
1601308753,2025-07-08,5.002739726027397,3.5925,2025-07-08 12:01:12,-0.6639931563663826,0.0,2025-07-08 16:00,-0.6639931563663826,42.0,2025-07-08 16:00,-0.642986301315096,7.0,2025-07-08 16:01,,,
1601800813,2025-07-09,30.019178082191782,4.06917,2025-07-08 22:19:34,0.06551002028443165,0.0,2025-07-09 02:18,0.045947036708682276,4.0,2025-07-09 02:19,0.045947036708682276,29.0,2025-07-09 02:19,,,
1603555373,2025-07-09,10.005479452054795,3.7895,2025-07-09 10:39:43,-3.8702125390364994,0.0,2025-07-09 14:38,-3.947115616210528,13.0,2025-07-09 14:39,-3.947115616210528,38.0,2025-07-09 14:39,,,
1603643244,2025-07-09,12.304109589041095,3.8541,2025-07-09 11:54:06,-7.161686359506891,0.0,2025-07-09 15:53,-7.161686359506891,36.0,2025-07-09 15:53,-7.286194105788502,1.0,2025-07-09 15:54,,,
1604676499,2025-07-10,2.0,3.6013,2025-07-10 04:26:04,-0.146000138747171,0.0,2025-07-10 08:25,-0.146000138747171,34.0,2025-07-10 08:25,-0.146000138747171,59.0,2025-07-10 08:25,,,
1610639118,2025-07-14,18.476712328767125,4.0885,2025-07-14 13:13:33,-4.652811633924614,0.0,2025-07-14 17:12,-4.681879898164709,3.0,2025-07-14 17:13,-4.681879898164709,28.0,2025-07-14 17:13,,,
1612563799,2025-07-15,10.005479452054795,3.878,2025-07-15 11:34:58,-4.598708767872717,0.0,2025-07-15 15:33,-4.605187717660675,28.0,2025-07-15 15:34,-4.605187717660675,53.0,2025-07-15 15:34,,,
1614752849,2025-07-16,5.002739726027397,3.5704,2025-07-16 11:09:51,-0.21840461473927597,0.0,2025-07-16 15:08,0.027406533955165457,21.0,2025-07-16 15:09,0.027406533955165457,46.0,2025-07-16 15:09,,,
1616912953,2025-07-17,0.5041095890410959,4.2299999999999995,2025-07-17 08:56:40,0.5860000000380339,0.0,2025-07-17 12:55,,,,,,,,NO_CURVE,NO_CURVE
1621286427,2025-07-21,2.0,3.5000000000000004,2025-07-21 07:42:34,-1.4785809205099198,0.0,2025-07-21 11:41,-1.4766147666402496,4.0,2025-07-21 11:42,-1.4766147666402496,29.0,2025-07-21 11:42,,,
1622389480,2025-07-22,12.008219178082191,3.9513,2025-07-22 03:42:07,0.04711507299099971,0.0,2025-07-22 07:41,0.04711507299099971,37.0,2025-07-22 07:41,0.054014159034432296,2.0,2025-07-22 07:42,,,
1628362050,2025-07-24,5.002739726027397,3.6045000000000003,2025-07-24 11:01:42,0.10499568661059833,0.0,2025-07-24 15:00,0.007995689751094659,12.0,2025-07-24 15:01,0.007995689751094659,37.0,2025-07-24 15:01,,,
1630699175,2025-07-25,4.342465753424658,3.57979,2025-07-25 10:22:58,0.18258474329591046,0.0,2025-07-25 14:21,-0.023563175300411743,28.0,2025-07-25 14:22,-0.023563175300411743,53.0,2025-07-25 14:22,,,
1632887169,2025-07-28,30.019178082191782,4.1125,2025-07-28 08:19:21,-0.2609773161402984,0.0,2025-07-28 12:18,-0.2609773161402984,51.0,2025-07-28 12:18,-0.14193595764924183,16.0,2025-07-28 12:19,,,
1633892719,2025-07-28,20.013698630136986,4.173,2025-07-28 15:05:43,0.07398751185654362,0.0,2025-07-28 19:04,0.10100740922043272,13.0,2025-07-28 19:05,0.10100740922043272,38.0,2025-07-28 19:05,,,
1636312604,2025-07-29,4.2465753424657535,3.5268,2025-07-29 13:22:26,2.9841792658669153,0.0,2025-07-29 17:21,2.9841792658669153,56.0,2025-07-29 17:21,2.9998119944608437,21.0,2025-07-29 17:22,,,
1638492236,2025-07-30,10.005479452054795,3.864,2025-07-30 11:00:00,3.1550382464572646,0.0,2025-07-30 14:59,3.1550382464572646,30.0,2025-07-30 14:59,3.1550382464572646,55.0,2025-07-30 14:59,,,
1639256321,2025-07-31,1.6986301369863013,3.4932,2025-07-31 03:10:32,-14.15555583758823,0.0,2025-07-31 07:09,-14.167052863863994,2.0,2025-07-31 07:10,-14.167052863863994,27.0,2025-07-31 07:10,,,
1641256474,2025-07-31,7.002739726027397,3.6854999999999998,2025-07-31 14:44:42,0.773666754412794,0.0,2025-07-31 18:43,0.9008453250854753,12.0,2025-07-31 18:44,0.9008453250854753,37.0,2025-07-31 18:44,,,
1645524421,2025-08-04,10.005479452054795,3.68104,2025-08-04 07:14:53,-2.346166561008367,0.0,2025-08-04 11:13,-2.2826409527614278,23.0,2025-08-04 11:14,-2.2826409527614278,48.0,2025-08-04 11:14,,,
1646127148,2025-08-04,10.005479452054795,3.7125,2025-08-04 15:12:51,4.198351185885452,0.0,2025-08-04 19:11,4.299395114045712,21.0,2025-08-04 19:12,4.299395114045712,46.0,2025-08-04 19:12,,,
1647912552,2025-08-05,30.019178082191782,3.966,2025-08-05 07:53:33,-0.09352754254194906,0.0,2025-08-05 11:52,-0.017316469749628638,3.0,2025-08-05 11:53,-0.017316469749628638,28.0,2025-08-05 11:53,,,
1652640441,2025-08-07,30.019178082191782,3.9695,2025-08-07 11:23:49,1.219822528254344,0.0,2025-08-07 15:22,1.3597579183914466,19.0,2025-08-07 15:23,1.3597579183914466,44.0,2025-08-07 15:23,,,
1655327306,2025-08-08,10.005479452054795,3.69945,2025-08-08 16:09:36,-5.37952742699459,0.0,2025-08-08 20:08,-5.401727980801008,6.0,2025-08-08 20:09,-5.401727980801008,31.0,2025-08-08 20:09,,,
1659280421,2025-08-12,9.005479452054795,3.7017,2025-08-12 06:40:53,0.13900499854480053,0.0,2025-08-12 10:39,0.07402213486114029,23.0,2025-08-12 10:40,0.07402213486114029,48.0,2025-08-12 10:40,,,
1659915178,2025-08-12,5.002739726027397,3.45919,2025-08-12 16:01:03,0.16500071084255552,0.0,2025-08-12 20:00,0.16500071084255552,33.0,2025-08-12 20:00,0.16500071084255552,58.0,2025-08-12 20:00,,,
1664818898,2025-08-14,7.024657534246575,3.5335699999999997,2025-08-14 14:29:08,-5.046950134462813,0.0,2025-08-14 18:28,-5.046950134462813,38.0,2025-08-14 18:28,-5.048510736584122,3.0,2025-08-14 18:29,,,
1669460575,2025-08-18,20.013698630136986,4.1748,2025-08-18 11:17:39,3.096558362056623,0.0,2025-08-18 15:16,3.1084501665874065,9.0,2025-08-18 15:17,3.1084501665874065,34.0,2025-08-18 15:17,,,
1672081366,2025-08-19,5.002739726027397,3.46299,2025-08-19 11:01:40,0.135811579956302,0.0,2025-08-19 15:00,-0.015012319931395623,10.0,2025-08-19 15:01,-0.015012319931395623,35.0,2025-08-19 15:01,,,
1674609175,2025-08-20,30.019178082191782,4.0985000000000005,2025-08-20 10:26:39,1.9846960319197748,0.0,2025-08-20 14:25,2.106622806546987,9.0,2025-08-20 14:26,2.106622806546987,34.0,2025-08-20 14:26,,,
1675024929,2025-08-20,3.6931506849315068,3.3840000000000003,2025-08-20 12:44:58,-0.37057656458316934,0.0,2025-08-20 16:43,-0.4747831912935041,28.0,2025-08-20 16:44,-0.4747831912935041,53.0,2025-08-20 16:44,,,
1677563494,2025-08-21,10.005479452054795,3.8073900000000003,2025-08-21 13:05:14,-0.09196263384199099,0.0,2025-08-21 17:04,-0.09196263384199099,44.0,2025-08-21 17:04,0.056068208240045436,9.0,2025-08-21 17:05,,,
1679148982,2025-08-22,30.02191780821918,4.1201,2025-08-22 05:02:24,0.2876840238778655,0.0,2025-08-22 09:01,0.2876840238778655,54.0,2025-08-22 09:01,0.07816936275286679,19.0,2025-08-22 09:02,,,
1680028784,2025-08-22,6.668493150684932,3.48946,2025-08-22 14:41:40,-0.8974302665292644,0.0,2025-08-22 18:40,-0.8692162025140338,10.0,2025-08-22 18:41,-0.8692162025140338,35.0,2025-08-22 18:41,,,
1682497466,2025-08-25,3.0027397260273974,3.3815,2025-08-25 12:59:48,-0.00597665229054023,0.0,2025-08-25 16:58,0.1680138972310008,18.0,2025-08-25 16:59,0.1680138972310008,43.0,2025-08-25 16:59,,,
1688041589,2025-08-27,1.5041095890410958,3.481,2025-08-27 13:16:03,-4.383771238216827,0.0,2025-08-27 17:15,-4.383771238216827,33.0,2025-08-27 17:15,-4.383771238216827,58.0,2025-08-27 17:15,,,
1690571618,2025-08-28,5.002739726027397,3.3238,2025-08-28 08:59:01,-0.19745843770948568,0.0,2025-08-28 12:58,-0.19745843770948568,31.0,2025-08-28 12:58,-0.19745843770948568,56.0,2025-08-28 12:58,,,
1691141354,2025-08-28,1.0,3.737,2025-08-28 11:08:11,-2.543005200104309,0.0,2025-08-28 15:07,-2.543005200104309,41.0,2025-08-28 15:07,-2.5610005338359,6.0,2025-08-28 15:08,,,
1699162858,2025-09-02,8.005479452054795,3.6125,2025-09-02 09:01:05,0.1420789292245317,0.0,2025-09-02 13:00,0.1420789292245317,35.0,2025-09-02 13:00,-0.028032928097632137,0.0,2025-09-02 13:01,,,
1702027713,2025-09-03,0.8301369863013699,3.897,2025-09-03 10:40:49,9.499153342282396,0.0,2025-09-03 14:39,9.496790135076205,19.0,2025-09-03 14:40,9.496790135076205,44.0,2025-09-03 14:40,,,
1705574193,2025-09-04,10.005479452054795,3.6999999999999997,2025-09-04 13:18:53,6.318229602504299,0.0,2025-09-04 17:17,6.374032789516182,23.0,2025-09-04 17:18,6.374032789516182,48.0,2025-09-04 17:18,,,
1710056280,2025-09-08,6.002739726027397,3.2837400000000003,2025-09-08 05:26:21,0.0519911313653143,0.0,2025-09-08 09:25,0.0519911313653143,51.0,2025-09-08 09:25,0.06199594028264421,16.0,2025-09-08 09:26,,,
1710964039,2025-09-08,30.019178082191782,3.8635,2025-09-08 15:30:59,0.09405805441526915,0.0,2025-09-08 19:29,0.20109197251203526,29.0,2025-09-08 19:30,0.20109197251203526,54.0,2025-09-08 19:30,,,
1713042737,2025-09-09,10.005479452054795,3.51524,2025-09-09 08:59:13,-1.5185662456964621,0.0,2025-09-09 12:58,-1.5185662456964621,43.0,2025-09-09 12:58,-1.5265175299367773,8.0,2025-09-09 12:59,,,
1713220955,2025-09-09,0.8027397260273973,3.936,2025-09-09 11:47:00,20.508398051665733,0.0,2025-09-09 15:46,20.508398051665733,30.0,2025-09-09 15:46,20.508398051665733,55.0,2025-09-09 15:46,,,
1713857954,2025-09-10,4.002739726027397,3.2174899999999997,2025-09-09 22:03:06,,,,,,,,,,NO_CURVE,NO_CURVE,NO_CURVE
1721058335,2025-09-12,10.005479452054795,3.535,2025-09-12 13:41:31,0.10410791279533704,0.0,2025-09-12 17:40,0.0960647918440305,1.0,2025-09-12 17:41,0.0960647918440305,26.0,2025-09-12 17:41,,,
1730575868,2025-09-18,5.002739726027397,3.2243,2025-09-18 05:43:08,1.0361405674628177,0.0,2025-09-18 09:42,1.0361405674628177,38.0,2025-09-18 09:42,0.9075699784019342,3.0,2025-09-18 09:43,,,
1731707262,2025-09-19,10.005479452054795,3.7074999999999996,2025-09-19 01:18:11,-14.956436486604652,0.0,2025-09-19 05:17,-14.956436486604652,41.0,2025-09-19 05:17,-15.042931959448191,6.0,2025-09-19 05:18,,,
1734033336,2025-09-19,0.8082191780821918,3.6947,2025-09-19 14:13:55,-0.04187507478423669,0.0,2025-09-19 18:12,-0.030628389365272568,25.0,2025-09-19 18:13,-0.030628389365272568,50.0,2025-09-19 18:13,,,
1736170300,2025-09-22,1.0,3.6220000000000003,2025-09-22 10:25:04,0.15699665620587666,0.0,2025-09-22 14:24,0.15699665620587666,34.0,2025-09-22 14:24,0.15699665620587666,59.0,2025-09-22 14:24,,,
1738612398,2025-09-23,30.019178082191782,3.9362,2025-09-23 11:01:11,-0.24410846171138978,0.0,2025-09-23 15:00,-0.24410846171138978,41.0,2025-09-23 15:00,-0.010877678667409185,6.0,2025-09-23 15:01,,,
1743571306,2025-09-25,7.005479452054795,3.51,2025-09-25 11:04:41,-0.17900093198819356,0.0,2025-09-25 15:03,-0.021940299919531725,11.0,2025-09-25 15:04,-0.021940299919531725,36.0,2025-09-25 15:04,,,
1744117514,2025-09-25,2.0,3.44304,2025-09-25 14:41:25,-0.019016105821378915,0.0,2025-09-25 18:40,-0.019016105821378915,55.0,2025-09-25 18:40,-0.02999792057973849,20.0,2025-09-25 18:41,,,
1745988507,2025-09-26,6.6657534246575345,3.4843699999999997,2025-09-26 05:40:08,-0.30012615548415944,0.0,2025-09-26 09:39,-0.30012615548415944,38.0,2025-09-26 09:39,-0.3125250153326764,3.0,2025-09-26 09:40,,,
1751235583,2025-09-30,2.0,3.3908,2025-09-30 09:47:38,0.018005318308889073,0.0,2025-09-30 13:46,-0.09900527309767426,8.0,2025-09-30 13:47,-0.09900527309767426,33.0,2025-09-30 13:47,,,
1752626748,2025-10-01,11.008219178082191,3.682,2025-10-01 11:14:59,0.019523176280644705,0.0,2025-10-01 15:13,-0.2459044385683562,29.0,2025-10-01 15:14,-0.2459044385683562,54.0,2025-10-01 15:14,,,
1752983836,2025-10-01,1.0,3.5735,2025-10-01 14:27:47,0.09634803359608313,0.0,2025-10-01 18:26,0.0963380110073686,17.0,2025-10-01 18:27,0.0963380110073686,42.0,2025-10-01 18:27,,,
1754120685,2025-10-02,30.02191780821918,4.0,2025-10-02 11:39:49,8.935099630457799,0.0,2025-10-02 15:38,8.74625387664687,19.0,2025-10-02 15:39,8.74625387664687,44.0,2025-10-02 15:39,,,
1756807092,2025-10-07,5.002739726027397,3.365766,2025-10-07 11:30:35,0.06063521083383705,0.0,2025-10-07 15:29,0.03157928733892312,5.0,2025-10-07 15:30,0.03157928733892312,30.0,2025-10-07 15:30,,,
1757415265,2025-10-08,10.005479452054795,3.649,2025-10-08 02:26:16,-0.1320213108277457,0.0,2025-10-08 06:25,-0.1320213108277457,46.0,2025-10-08 06:25,-0.017976863239965724,11.0,2025-10-08 06:26,,,
1760144055,2025-10-09,10.005479452054795,3.6624999999999996,2025-10-09 08:49:17,0.06094028477892088,0.0,2025-10-09 12:48,0.06094028477892088,47.0,2025-10-09 12:48,0.019950090139086996,12.0,2025-10-09 12:49,,,
1760851656,2025-10-09,7.005479452054795,3.4944999999999995,2025-10-09 16:59:55,-0.06004658979836819,0.0,2025-10-09 20:58,-0.007974051244108438,25.0,2025-10-09 20:59,-0.007974051244108438,50.0,2025-10-09 20:59,,,
1767942685,2025-10-14,6.002739726027397,3.2933499999999998,2025-10-14 06:28:59,-0.12502292621832112,0.0,2025-10-14 10:27,-0.013986618848305099,29.0,2025-10-14 10:28,-0.013986618848305099,54.0,2025-10-14 10:28,,,
1770004973,2025-10-15,4.958904109589041,3.24235,2025-10-15 04:30:38,-2.746988392723848,0.0,2025-10-15 08:29,,,,,,,,NO_CURVE,NO_CURVE
1771136729,2025-10-15,10.005479452054795,3.576,2025-10-15 12:24:00,-0.414955505556458,0.0,2025-10-15 16:23,-0.414955505556458,30.0,2025-10-15 16:23,-0.414955505556458,55.0,2025-10-15 16:23,,,
1773811802,2025-10-16,2.0,3.186,2025-10-16 14:11:50,-0.184003113880582,0.0,2025-10-16 18:10,-0.1899978542495795,20.0,2025-10-16 18:11,-0.1899978542495795,45.0,2025-10-16 18:11,,,
1777025293,2025-10-20,1.0,3.4802,2025-10-20 03:26:30,15.808452246994564,0.0,2025-10-20 07:25,15.7831401862075,0.0,2025-10-20 07:26,15.7831401862075,25.0,2025-10-20 07:26,,,
1778928420,2025-10-20,4.953424657534247,3.232719,2025-10-20 15:52:37,-0.27727752968185193,0.0,2025-10-20 19:51,-0.25950341839218183,7.0,2025-10-20 19:52,-0.25950341839218183,32.0,2025-10-20 19:52,,,
1780908619,2025-10-21,30.019178082191782,3.9050000000000002,2025-10-21 08:53:34,9.506913492865365,0.0,2025-10-21 12:52,9.520574141057159,4.0,2025-10-21 12:53,9.520574141057159,29.0,2025-10-21 12:53,,,
1786417038,2025-10-23,10.005479452054795,3.565,2025-10-23 12:53:04,0.823492461109776,0.0,2025-10-23 16:52,0.823492461109776,34.0,2025-10-23 16:52,0.823492461109776,59.0,2025-10-23 16:52,,,
1788689693,2025-10-24,9.961643835616439,3.5444999999999998,2025-10-24 11:30:57,-1.0251883369039039,0.0,2025-10-24 15:29,,,,,,,,NO_CURVE,NO_CURVE
1793487267,2025-10-28,2.0,3.19783,2025-10-28 08:33:58,-0.6346819306121798,0.0,2025-10-28 12:32,-0.6464250460873178,28.0,2025-10-28 12:33,-0.6464250460873178,53.0,2025-10-28 12:33,,,
1794150838,2025-10-28,20.013698630136986,3.8594999999999997,2025-10-28 16:54:52,0.0699913477657077,0.0,2025-10-28 20:53,0.07596037183832394,22.0,2025-10-28 20:54,0.07596037183832394,47.0,2025-10-28 20:54,,,
1796094316,2025-10-30,10.005479452054795,3.62945,2025-10-29 22:03:39,,,,,,,,,,NO_CURVE,NO_CURVE,NO_CURVE
1800494809,2025-10-31,8.005479452054795,3.5712,2025-10-31 05:30:27,0.1760324713927286,0.0,2025-10-31 09:29,0.1760324713927286,57.0,2025-10-31 09:29,,,,,,NO_CURVE
849965354000005601,2025-11-03,30.019178082191782,3.9800000000000004,2025-11-03 11:30:09,0.006915975783128303,0.0,2025-11-03 16:29,0.006915975783128303,39.0,2025-11-03 16:29,,,,,,NO_CURVE
888800082000002801,2025-11-05,10.005479452054795,3.6900000000000004,2025-11-05 09:03:21,1.5491036028012939,0.0,2025-11-05 14:02,1.5491036028012939,51.0,2025-11-05 14:02,1.625283798912669,16.0,2025-11-05 14:03,,,
889632784000001701,2025-11-05,5.002739726027397,3.42333,2025-11-05 10:13:03,0.15502672362419645,0.0,2025-11-05 15:12,0.15502672362419645,33.0,2025-11-05 15:12,0.15502672362419645,58.0,2025-11-05 15:12,,,
894971036000000801,2025-11-05,10.005479452054795,3.7155,2025-11-05 15:40:06,0.056990339207807494,0.0,2025-11-05 20:39,0.056990339207807494,36.0,2025-11-05 20:39,0.12099181548328453,1.0,2025-11-05 20:40,,,
911860720000001901,2025-11-06,2.452054794520548,3.32951,2025-11-06 11:29:26,0.1225242473829713,0.0,2025-11-06 16:28,0.1225242473829713,56.0,2025-11-06 16:28,-0.08559480319298984,21.0,2025-11-06 16:29,,,
998141498000000501,2025-11-12,2.0,3.3555,2025-11-12 14:57:19,0.09599599742711185,0.0,2025-11-12 19:56,0.09599599742711185,49.0,2025-11-12 19:56,-0.030000386296569204,14.0,2025-11-12 19:57,,,
1035987733000001201,2025-11-14,5.002739726027397,3.344,2025-11-14 08:19:52,1.0391365343379366,0.0,2025-11-14 13:18,1.3555622450508231,22.0,2025-11-14 13:19,1.3555622450508231,47.0,2025-11-14 13:19,,,
1039516661000001801,2025-11-14,10.005479452054795,3.707,2025-11-14 13:08:02,-0.10551924060262508,0.0,2025-11-14 18:07,-0.10551924060262508,32.0,2025-11-14 18:07,-0.10551924060262508,57.0,2025-11-14 18:07,,,
1079521583000005601,2025-11-18,2.0,3.3376200000000003,2025-11-18 09:53:18,-0.39499104868450097,0.0,2025-11-18 14:52,-0.39499104868450097,48.0,2025-11-18 14:52,-0.12698820650820508,13.0,2025-11-18 14:53,,,
1099026969000000601,2025-11-19,6.002739726027397,3.4250000000000003,2025-11-19 07:45:55,-0.08525180861349568,0.0,2025-11-19 12:44,-0.1947731149629206,25.0,2025-11-19 12:45,-0.1947731149629206,50.0,2025-11-19 12:45,,,
1104121651000000601,2025-11-19,6.005479452054795,3.5014999999999996,2025-11-19 15:55:12,1.6136778674413765,0.0,2025-11-19 20:54,1.6136778674413765,42.0,2025-11-19 20:54,1.5533106267619612,7.0,2025-11-19 20:55,,,
1121885494000002301,2025-11-20,8.005479452054795,3.5455,2025-11-20 11:30:09,0.02905407015556527,0.0,2025-11-20 16:29,0.02905407015556527,39.0,2025-11-20 16:29,0.05400545729998818,4.0,2025-11-20 16:30,,,
1141148393000004401,2025-11-21,2.0,3.2211,2025-11-21 07:45:47,-2.997281822161124,0.0,2025-11-21 12:44,-3.185754467039592,17.0,2025-11-21 12:45,-3.185754467039592,42.0,2025-11-21 12:45,,,
1146058746000000801,2025-11-21,10.005479452054795,3.5555299999999996,2025-11-21 13:58:14,-9.144440790811048,0.0,2025-11-21 18:57,-9.144440790811048,44.0,2025-11-21 18:57,-8.9926912510228,9.0,2025-11-21 18:58,,,
1174329930000001301,2025-11-25,3.0027397260273974,3.2573600000000003,2025-11-25 03:06:21,0.05700624714437552,0.0,2025-11-25 08:05,0.05700624714437552,51.0,2025-11-25 08:05,0.03499720180761834,16.0,2025-11-25 08:06,,,
1187938465000000401,2025-11-25,5.002739726027397,3.27173,2025-11-25 13:34:10,-0.04698926077089105,0.0,2025-11-25 18:33,-0.04698926077089105,40.0,2025-11-25 18:33,-0.011962076420424239,5.0,2025-11-25 18:34,,,
1206682449000009401,2025-11-26,6.506849315068493,3.3884,2025-11-26 11:25:13,1.2554282843401765,0.0,2025-11-26 16:24,1.2554282843401765,43.0,2025-11-26 16:24,1.094672133810315,8.0,2025-11-26 16:25,,,
1247133120000001901,2025-11-28,4.2465753424657535,3.3635400000000004,2025-11-28 09:55:28,10.277505291871636,0.0,2025-11-28 14:54,10.277505291871636,58.0,2025-11-28 14:54,10.430569774871845,23.0,2025-11-28 14:55,,,
1272704334000001101,2025-12-01,4.2465753424657535,3.258,2025-12-01 12:20:36,-7.640524478730937,0.0,2025-12-01 17:19,-7.61359532924506,6.0,2025-12-01 17:20,-7.61359532924506,31.0,2025-12-01 17:20,,,
1294678635000004301,2025-12-02,5.002739726027397,3.2981999999999996,2025-12-02 12:40:07,-6.889187895407645,0.0,2025-12-02 17:39,-6.889187895407645,37.0,2025-12-02 17:39,-6.8839075414442785,2.0,2025-12-02 17:40,,,
1313506293000003301,2025-12-03,26.646575342465752,4.04,2025-12-03 09:31:59,-0.45445213050427924,0.0,2025-12-03 14:30,-0.26677338704041986,29.0,2025-12-03 14:31,-0.26677338704041986,54.0,2025-12-03 14:31,,,
1313939101000007601,2025-12-03,4.2465753424657535,3.37949,2025-12-03 11:11:45,7.135553476613143,0.0,2025-12-03 16:10,7.1495330934775225,15.0,2025-12-03 16:11,7.1495330934775225,40.0,2025-12-03 16:11,,,
1335211738000000701,2025-12-04,2.0,3.32,2025-12-04 11:41:37,-0.05200211033407065,0.0,2025-12-04 16:40,-0.050995082774107914,7.0,2025-12-04 16:41,-0.050995082774107914,32.0,2025-12-04 16:41,,,
1358025622000002301,2025-12-05,25.016438356164382,4.111,2025-12-05 15:03:08,0.1947809687099955,0.0,2025-12-05 20:02,0.1947809687099955,38.0,2025-12-05 20:02,0.17020327582324413,3.0,2025-12-05 20:03,,,
1389651961000000201,2025-12-10,2.0,3.41625,2025-12-09 21:00:01,0.011819266943335904,0.0,2025-12-10 01:59,0.011819266943335904,31.0,2025-12-10 01:59,0.011819266943335904,56.0,2025-12-10 01:59,,,
1399813513000002701,2025-12-10,30.019178082191782,4.067,2025-12-10 11:30:09,-0.0018061528187729436,0.0,2025-12-10 16:29,-0.0018061528187729436,39.0,2025-12-10 16:29,,,,,,NO_CURVE
1416104663000000101,2025-12-11,3.0027397260273974,3.3085000000000004,2025-12-11 15:36:34,-4.161002165876226,0.0,2025-12-11 20:35,-4.275468203197841,4.0,2025-12-11 20:36,-4.275468203197841,29.0,2025-12-11 20:36,,,
1429878258000000101,2025-12-12,10.005479452054795,3.7677,2025-12-12 12:50:30,-1.0926532067529582,0.0,2025-12-12 17:49,-1.0537867411075208,0.0,2025-12-12 17:50,-1.0537867411075208,25.0,2025-12-12 17:50,,,
1465642015000003401,2025-12-17,10.005479452054795,3.7685000000000004,2025-12-17 03:03:55,0.6461432944844692,0.0,2025-12-17 08:02,0.6091931388269245,25.0,2025-12-17 08:03,0.6091931388269245,50.0,2025-12-17 08:03,,,
1487849146000001801,2025-12-18,5.002739726027397,3.406,2025-12-18 08:04:50,-0.12669316320015334,0.0,2025-12-18 13:03,-0.11161567513968684,20.0,2025-12-18 13:04,-0.11161567513968684,45.0,2025-12-18 13:04,,,
1502431504000000101,2025-12-19,10.005479452054795,3.7705,2025-12-19 08:55:50,0.24600075463365734,0.0,2025-12-19 13:54,0.1499676007042705,20.0,2025-12-19 13:55,0.1499676007042705,45.0,2025-12-19 13:55,,,
1531575720000000501,2025-12-23,5.002739726027397,3.46886,2025-12-23 12:47:28,0.11091701710874702,0.0,2025-12-23 17:46,0.11091701710874702,58.0,2025-12-23 17:46,0.08199546279659131,23.0,2025-12-23 17:47,,,
1584217470000000601,2025-12-30,5.002739726027397,3.41118,2025-12-30 09:05:20,-1.30128271889407,0.0,2025-12-30 14:04,-1.30128271889407,50.0,2025-12-30 14:04,-1.4370919430910956,15.0,2025-12-30 14:05,,,
1607374621000000201,2026-01-02,10.008219178082191,3.75,2026-01-02 03:47:13,-5.290101201814501,0.0,2026-01-02 08:46,-5.290101201814501,43.0,2026-01-02 08:46,-5.2293383937507265,8.0,2026-01-02 08:47,,,
1623242397000000201,2026-01-05,2.0,3.27,2026-01-05 11:31:31,-0.6079039747555637,60.0,2026-01-05 16:29,-0.7039876755491559,1.0,2026-01-05 16:31,-0.7039876755491559,26.0,2026-01-05 16:31,,,
1637741985000000201,2026-01-06,30.019178082191782,4.198,2026-01-06 11:43:28,0.9409606180430075,0.0,2026-01-06 16:42,0.9409606180430075,58.0,2026-01-06 16:42,0.8019148058895809,23.0,2026-01-06 16:43,,,
1650941534000003901,2026-01-07,10.005479452054795,3.7960000000000003,2026-01-07 08:01:32,2.85345248671951,0.0,2026-01-07 13:00,2.8901154467642076,2.0,2026-01-07 13:01,2.8901154467642076,27.0,2026-01-07 13:01,,,
1665750219000000801,2026-01-08,30.019178082191782,4.165,2026-01-08 07:53:17,-0.042072051885799766,0.0,2026-01-08 12:52,-0.042072051885799766,47.0,2026-01-08 12:52,0.04103782221518415,12.0,2026-01-08 12:53,,,
1667616675000006201,2026-01-08,25.016438356164382,4.192,2026-01-08 11:30:09,-0.037009424346923225,0.0,2026-01-08 16:29,-0.037009424346923225,39.0,2026-01-08 16:29,-0.01304413162896978,4.0,2026-01-08 16:30,,,
1682272620000000401,2026-01-09,10.005479452054795,3.8207199999999997,2026-01-09 10:28:19,0.196946554315236,0.0,2026-01-09 15:27,0.196946554315236,49.0,2026-01-09 15:27,0.09698540105933517,14.0,2026-01-09 15:28,,,
1696482204000000901,2026-01-12,2.0,3.395,2026-01-12 08:03:45,0.6260012750718857,0.0,2026-01-12 13:02,0.6880137768282779,15.0,2026-01-12 13:03,0.6880137768282779,40.0,2026-01-12 13:03,,,
1898488748000000101,2026-01-12,4.002739726027397,3.51,2026-01-12 14:41:03,6.233001329512655,0.0,2026-01-12 19:40,6.233001329512655,33.0,2026-01-12 19:40,6.233001329512655,58.0,2026-01-12 19:40,,,
1712240616000000201,2026-01-13,2.0027397260273974,3.29,2026-01-13 10:46:59,-1.5749078328327837,0.0,2026-01-13 15:45,-1.407273358221106,29.0,2026-01-13 15:46,-1.407273358221106,54.0,2026-01-13 15:46,,,
1727619585000000101,2026-01-14,10.005479452054795,3.80235,2026-01-14 09:33:21,-0.0279940731199968,0.0,2026-01-14 14:32,-0.0279940731199968,51.0,2026-01-14 14:32,0.17803001179141908,16.0,2026-01-14 14:33,,,
1744105230000001301,2026-01-15,5.002739726027397,3.5130000000000003,2026-01-15 11:54:15,0.05600455360799117,0.0,2026-01-15 16:53,0.05600455360799117,45.0,2026-01-15 16:53,0.0699950658111792,10.0,2026-01-15 16:54,,,
1758024972000001801,2026-01-16,10.005479452054795,3.7948700000000004,2026-01-16 08:22:55,-5.624354373283813,0.0,2026-01-16 13:21,-5.554470854647864,25.0,2026-01-16 13:22,-5.554470854647864,50.0,2026-01-16 13:22,,,
1761418859000000101,2026-01-16,6.002739726027397,3.6342100000000004,2026-01-16 14:49:50,-0.03902462709426402,0.0,2026-01-16 19:48,-0.22102918712914033,20.0,2026-01-16 19:49,-0.22102918712914033,45.0,2026-01-16 19:49,,,
1788592355000000801,2026-01-20,7.005479452054795,3.65,2026-01-20 10:55:09,-5.453038897799045,0.0,2026-01-20 15:54,-5.453038897799045,39.0,2026-01-20 15:54,-5.457931489218915,4.0,2026-01-20 15:55,,,
1790502918000000601,2026-01-20,1.7013698630136986,3.2874809999999997,2026-01-20 14:50:26,-9.272693130650955,0.0,2026-01-20 19:49,-9.272693130650955,56.0,2026-01-20 19:49,-9.260381003134555,21.0,2026-01-20 19:50,,,
1817685233000003001,2026-01-22,2.0,3.4475,2026-01-22 08:35:17,-0.45799166895315047,0.0,2026-01-22 13:34,-0.45799166895315047,47.0,2026-01-22 13:34,-0.1649769281128588,12.0,2026-01-22 13:35,,,
1832776699000000401,2026-01-23,30.019178082191782,4.218,2026-01-23 09:08:21,0.011936586466987364,0.0,2026-01-23 14:07,0.011936586466987364,51.0,2026-01-23 14:07,0.09303147758563668,16.0,2026-01-23 14:08,,,
1848751858000000601,2026-01-26,5.005479452054795,3.5000000000000004,2026-01-26 09:34:23,-7.607104400739617,0.0,2026-01-26 14:33,-7.607104400739617,53.0,2026-01-26 14:33,-7.656259422804057,18.0,2026-01-26 14:34,,,
1864816700000002501,2026-01-27,8.005479452054795,3.7506,2026-01-27 10:43:46,0.3140018595025218,0.0,2026-01-27 15:42,-0.028001313945980044,16.0,2026-01-27 15:43,-0.028001313945980044,41.0,2026-01-27 15:43,,,
1877856713000002101,2026-01-28,10.005479452054795,3.81,2026-01-28 07:36:31,-6.362703356276889,0.0,2026-01-28 12:35,-6.417644001691869,1.0,2026-01-28 12:36,-6.417644001691869,26.0,2026-01-28 12:36,,,
1882256125000000401,2026-01-28,30.019178082191782,4.2185,2026-01-28 13:58:48,-0.43108057297196467,0.0,2026-01-28 18:57,-0.32789639425212513,18.0,2026-01-28 18:58,-0.32789639425212513,43.0,2026-01-28 18:58,,,
1895008962000000201,2026-01-29,5.002739726027397,3.5000000000000004,2026-01-29 08:38:19,-6.33879899998715,0.0,2026-01-29 13:37,-6.33879899998715,49.0,2026-01-29 13:37,-6.168097766584335,14.0,2026-01-29 13:38,,,
1900527276000000501,2026-01-30,1.4958904109589042,3.4105000000000003,2026-01-29 21:20:07,-0.03910181166535409,0.0,2026-01-30 02:19,-0.03910181166535409,37.0,2026-01-30 02:19,0.16432150328795636,2.0,2026-01-30 02:20,,,
1933297484000000101,2026-02-02,1.7013698630136986,3.3574,2026-02-02 13:52:44,-1.0431405759097068,0.0,2026-02-02 18:51,-1.0903794599694372,14.0,2026-02-02 18:52,-1.0903794599694372,39.0,2026-02-02 18:52,,,
1947715374000000501,2026-02-03,5.002739726027397,3.524,2026-02-03 10:25:19,-4.26065536750615,0.0,2026-02-03 15:24,-4.26065536750615,49.0,2026-02-03 15:24,-4.296556117462158,14.0,2026-02-03 15:25,,,
1961792408000003501,2026-02-04,10.008219178082191,3.895,2026-02-04 07:59:42,1.433491994787417,0.0,2026-02-04 12:58,1.1998802254885366,12.0,2026-02-04 12:59,1.1998802254885366,37.0,2026-02-04 12:59,,,
1966193009000000901,2026-02-04,1.7013698630136986,3.32144,2026-02-04 13:10:40,-3.4473678981750577,0.0,2026-02-04 18:09,-3.3691641898963898,10.0,2026-02-04 18:10,-3.3691641898963898,35.0,2026-02-04 18:10,,,
1978890321000000601,2026-02-05,5.002739726027397,3.5037,2026-02-05 08:31:03,-0.07799910823997891,0.0,2026-02-05 13:30,-0.07799910823997891,33.0,2026-02-05 13:30,-0.07799910823997891,58.0,2026-02-05 13:30,,,
1991495489000000101,2026-02-06,1.0,3.3649999999999998,2026-02-06 06:06:31,0.05882394051432982,0.0,2026-02-06 11:05,0.0697649476524731,1.0,2026-02-06 11:06,0.0697649476524731,26.0,2026-02-06 11:06,,,
1995150688000000401,2026-02-06,6.632876712328767,3.6862399999999997,2026-02-06 09:03:29,9.585003732628827,0.0,2026-02-06 14:02,9.585003732628827,59.0,2026-02-06 14:02,9.471441468029651,24.0,2026-02-06 14:03,,,
1996142560000000701,2026-02-06,10.005479452054795,3.8,2026-02-06 11:08:42,-1.356053744793062,0.0,2026-02-06 16:07,-1.3239882065187114,12.0,2026-02-06 16:08,-1.3239882065187114,37.0,2026-02-06 16:08,,,
2027025450000000701,2026-02-10,3.0027397260273974,3.3157300000000003,2026-02-10 09:06:47,0.02500868295456371,0.0,2026-02-10 14:05,0.06900321960872091,17.0,2026-02-10 14:06,0.06900321960872091,42.0,2026-02-10 14:06,,,
2027993087000000701,2026-02-10,2.0027397260273974,3.2079999999999997,2026-02-10 11:20:47,-0.5978136516556098,0.0,2026-02-10 16:19,-0.7213275952558273,17.0,2026-02-10 16:20,-0.7213275952558273,42.0,2026-02-10 16:20,,,
2044239932000003101,2026-02-11,20.013698630136986,4.1375,2026-02-11 13:09:53,2.9071658875960082,0.0,2026-02-11 18:08,2.917922229088621,23.0,2026-02-11 18:09,2.917922229088621,48.0,2026-02-11 18:09,,,
2053695695000000901,2026-02-12,1.0,3.4595000000000002,2026-02-12 06:12:08,0.1589985065428401,0.0,2026-02-12 11:11,0.1589985065428401,38.0,2026-02-12 11:11,0.12199950038476182,3.0,2026-02-12 11:12,,,
2059853877000004201,2026-02-12,10.005479452054795,3.7018500000000003,2026-02-12 13:14:30,0.48802968414558556,0.0,2026-02-12 18:13,0.5430643960878889,0.0,2026-02-12 18:14,0.5430643960878889,25.0,2026-02-12 18:14,,,
2072168520000000101,2026-02-13,0.7479452054794521,3.5029999999999997,2026-02-13 07:51:57,-0.25099999983044796,0.0,2026-02-13 12:50,-0.17300000000015636,27.0,2026-02-13 12:51,-0.17300000000015636,52.0,2026-02-13 12:51,,,
2087572916000000101,2026-02-17,10.005479452054795,3.6431699999999996,2026-02-16 20:29:42,,,,,,,,,,NO_CURVE,NO_CURVE,NO_CURVE
2093070416000000701,2026-02-17,10.005479452054795,3.642,2026-02-17 11:02:09,0.11399837580250427,0.0,2026-02-17 16:01,0.11399837580250427,39.0,2026-02-17 16:01,-0.092067927105699,4.0,2026-02-17 16:02,,,
2101658927000002601,2026-02-18,8.005479452054795,3.533,2026-02-18 08:21:01,-1.7334898020949563,0.0,2026-02-18 13:20,-1.7334898020949563,31.0,2026-02-18 13:20,-1.7334898020949563,56.0,2026-02-18 13:20,,,
2111133083000000901,2026-02-19,10.008219178082191,3.707,2026-02-19 08:23:11,0.11310825388783918,0.0,2026-02-19 13:22,0.11310825388783918,41.0,2026-02-19 13:22,0.4424626784480079,6.0,2026-02-19 13:23,,,
2118116511000000701,2026-02-20,1.0,3.453,2026-02-20 04:02:46,-0.3510000063174257,0.0,2026-02-20 09:01,-0.5430073048339423,16.0,2026-02-20 09:02,-0.5430073048339423,41.0,2026-02-20 09:02,,,
2122659237000000201,2026-02-20,10.008219178082191,3.7577,2026-02-20 13:03:44,7.635478395735662,0.0,2026-02-20 18:02,7.654066527926329,14.0,2026-02-20 18:03,7.654066527926329,39.0,2026-02-20 18:03,,,
2132541039000000201,2026-02-23,2.4986301369863013,3.21708,2026-02-23 15:41:50,-0.8630159721274122,0.0,2026-02-23 20:40,-0.8585028995122812,20.0,2026-02-23 20:41,-0.8585028995122812,45.0,2026-02-23 20:41,,,
2146470072000004401,2026-02-24,5.002739726027397,3.3300000000000005,2026-02-24 11:25:36,2.9772479173760136,0.0,2026-02-24 16:24,2.815812792831629,6.0,2026-02-24 16:25,2.815812792831629,31.0,2026-02-24 16:25,,,
2165367374000000301,2026-02-25,6.501369863013698,3.42,2026-02-25 14:22:17,-0.5175335265863001,0.0,2026-02-25 19:21,-0.5175335265863001,47.0,2026-02-25 19:21,-0.529371475605922,12.0,2026-02-25 19:22,,,
2178916222000000401,2026-02-26,9.383561643835616,3.58765,2026-02-26 09:51:21,0.2433581834327736,0.0,2026-02-26 14:50,0.2433581834327736,51.0,2026-02-26 14:50,0.3433097633954496,16.0,2026-02-26 14:51,,,
2182147247000000101,2026-02-26,10.008219178082191,3.6075000000000004,2026-02-26 15:45:29,-0.41789880017732983,0.0,2026-02-26 20:44,-0.41789880017732983,59.0,2026-02-26 20:44,-0.4158218722262408,24.0,2026-02-26 20:45,,,
2193397389000000101,2026-02-27,0.9232876712328767,3.4564999999999997,2026-02-27 07:56:25,0.17299999998523496,0.0,2026-02-27 12:55,0.17299999998523496,55.0,2026-02-27 12:55,0.16600000093123235,20.0,2026-02-27 12:56,,,
2206271621000000501,2026-03-02,30.02191780821918,3.9055,2026-03-01 20:54:33,0.18108882555609718,0.0,2026-03-02 01:53,0.27916697596790385,3.0,2026-03-02 01:54,0.27916697596790385,28.0,2026-03-02 01:54,,,
2220672830000000401,2026-03-03,0.9698630136986301,3.4966700000000004,2026-03-03 01:55:06,0.11694736504010983,0.0,2026-03-03 06:54,0.11694736504010983,36.0,2026-03-03 06:54,0.09244854005565628,1.0,2026-03-03 06:55,,,
2231922394000000901,2026-03-03,6.594520547945206,3.434,2026-03-03 10:50:07,-0.9874328289780188,0.0,2026-03-03 15:49,-0.9874328289780188,37.0,2026-03-03 15:49,-0.7070076872508491,2.0,2026-03-03 15:50,,,
2268017401000001701,2026-03-05,10.008219178082191,3.6310000000000002,2026-03-05 11:11:46,-6.840033902190834,0.0,2026-03-05 16:10,-6.8278885564546865,16.0,2026-03-05 16:11,-6.8278885564546865,41.0,2026-03-05 16:11,,,
2274308639000000801,2026-03-06,10.008219178082191,3.6602999999999994,2026-03-06 02:36:00,-2.441044499519629,0.0,2026-03-06 07:35,-2.441044499519629,30.0,2026-03-06 07:35,-2.441044499519629,55.0,2026-03-06 07:35,,,
2285173299000002001,2026-03-06,5.005479452054795,3.5000000000000004,2026-03-06 12:12:37,9.816419996311332,0.0,2026-03-06 17:11,9.732180726055262,7.0,2026-03-06 17:12,9.732180726055262,32.0,2026-03-06 17:12,,,
2305589268000000101,2026-03-09,30.024657534246575,4.0075,2026-03-09 13:55:51,4.390882608131541,0.0,2026-03-09 17:54,4.456604716425394,21.0,2026-03-09 17:55,4.456604716425394,46.0,2026-03-09 17:55,,,
2320622491000000801,2026-03-10,2.0027397260273974,3.398,2026-03-10 14:16:14,0.5549821873529925,0.0,2026-03-10 18:15,0.5549821873529925,44.0,2026-03-10 18:15,0.10999646457632295,9.0,2026-03-10 18:16,,,
2336822764000000401,2026-03-11,6.304109589041096,3.547584,2026-03-11 13:54:58,0.9966767618092565,0.0,2026-03-11 17:53,0.7539164138260723,28.0,2026-03-11 17:54,0.7539164138260723,53.0,2026-03-11 17:54,,,
2350465032000000601,2026-03-12,10.008219178082191,3.766,2026-03-12 09:35:02,-0.27507771142456505,0.0,2026-03-12 13:34,-0.27507771142456505,32.0,2026-03-12 13:34,-0.27507771142456505,57.0,2026-03-12 13:34,,,
2354063683000000101,2026-03-12,30.03287671232877,4.0,2026-03-12 15:18:28,-6.423674826703785,0.0,2026-03-12 19:17,-6.423674826703785,58.0,2026-03-12 19:17,-6.411220954289298,23.0,2026-03-12 19:18,,,
2354959750000010401,2026-03-12,1.1123287671232878,3.62966,2026-03-12 16:18:57,0.22318772510590001,0.0,2026-03-12 20:17,0.05152975761593126,27.0,2026-03-12 20:18,0.05152975761593126,52.0,2026-03-12 20:18,,,
2388439278000000101,2026-03-16,11.397260273972602,3.846,2026-03-16 15:39:24,1.9250157734244766,0.0,2026-03-16 19:38,1.9250157734244766,54.0,2026-03-16 19:38,1.8850337082940705,19.0,2026-03-16 19:39,,,
2431885839000000901,2026-03-19,5.002739726027397,3.4840000000000004,2026-03-19 07:54:24,-9.333955317864007,0.0,2026-03-19 11:53,-9.333955317864007,54.0,2026-03-19 11:53,-9.339663599032377,19.0,2026-03-19 11:54,,,
2449911785000000801,2026-03-20,10.008219178082191,3.8289999999999997,2026-03-20 09:42:35,-1.8824021001211833,0.0,2026-03-20 13:41,-2.0478041788665635,5.0,2026-03-20 13:42,-2.0478041788665635,30.0,2026-03-20 13:42,,,
2454305868000000201,2026-03-20,26.397260273972602,4.16594,2026-03-20 16:36:24,2.2012641749793893,0.0,2026-03-20 20:35,2.2012641749793893,54.0,2026-03-20 20:35,2.1450389753844057,19.0,2026-03-20 20:36,,,
2466911231000000601,2026-03-23,2.0027397260273974,3.70483,2026-03-23 07:38:23,0.5399995682040526,0.0,2026-03-23 11:37,0.5399995682040526,53.0,2026-03-23 11:37,,,,,,NO_CURVE
2474624588000000201,2026-03-24,2.0027397260273974,3.74,2026-03-23 22:10:29,,,,,,,,,,NO_CURVE,NO_CURVE,NO_CURVE
2487158109000000101,2026-03-24,20.013698630136986,4.17626,2026-03-24 12:30:37,0.05205694530490135,0.0,2026-03-24 16:29,0.17693272431147378,7.0,2026-03-24 16:30,0.17693272431147378,32.0,2026-03-24 16:30,,,
2492551430000000301,2026-03-25,5.542465753424658,3.6952,2026-03-25 02:38:24,-0.23785380406691203,0.0,2026-03-25 06:37,-0.23785380406691203,54.0,2026-03-25 06:37,-0.22511812836842893,19.0,2026-03-25 06:38,,,
2505487206000000401,2026-03-25,10.008219178082191,3.85705,2026-03-25 15:17:17,-0.22598007391705366,0.0,2026-03-25 19:16,-0.22598007391705366,47.0,2026-03-25 19:16,-0.07393847218142291,12.0,2026-03-25 19:17,,,
2509289859000000101,2026-03-26,3.0027397260273974,3.6778199999999996,2026-03-26 02:59:40,-0.05100515720348753,0.0,2026-03-26 06:58,-0.02500112397143539,10.0,2026-03-26 06:59,-0.02500112397143539,35.0,2026-03-26 06:59,,,
2522873037000001001,2026-03-26,10.01095890410959,3.9370000000000003,2026-03-26 16:46:04,0.9499510388920385,0.0,2026-03-26 20:45,0.9499510388920385,34.0,2026-03-26 20:45,0.9499510388920385,59.0,2026-03-26 20:45,,,
2553258239000001401,2026-03-30,30.02191780821918,4.0384,2026-03-30 10:39:21,-8.145927626169058,0.0,2026-03-30 14:38,-8.145927626169058,51.0,2026-03-30 14:38,-8.208987519618738,16.0,2026-03-30 14:39,,,
2561020419000000301,2026-03-31,5.002739726027397,3.6162,2026-03-31 03:58:09,-0.10000243097634254,0.0,2026-03-31 07:57,-0.10000243097634254,39.0,2026-03-31 07:57,-0.12097695286046317,4.0,2026-03-31 07:58,,,
2571459835000000701,2026-03-31,5.002739726027397,3.6129700000000002,2026-03-31 13:37:15,-0.0120010045358665,0.0,2026-03-31 17:36,-0.0120010045358665,45.0,2026-03-31 17:36,-0.13599356506359683,10.0,2026-03-31 17:37,,,
2608707711000000501,2026-04-02,10.008219178082191,3.8593750000000004,2026-04-02 15:01:18,-0.27982596864144504,60.0,2026-04-02 18:59,,,,0.19112007565307287,13.0,2026-04-02 19:01,,NO_CURVE,
2637909338000000301,2026-04-07,4.821917808219178,3.6900000000000004,2026-04-07 10:26:41,2.6205507659865734,0.0,2026-04-07 14:25,,,,,,,,NO_CURVE,NO_CURVE
2651780944000000201,2026-04-08,6.005479452054795,3.6086600000000004,2026-04-08 09:02:30,0.13406466312684273,0.0,2026-04-08 13:01,0.13406466312684273,60.0,2026-04-08 13:01,,,,,,NO_CURVE
2655604201000000201,2026-04-08,5.002739726027397,3.5355,2026-04-08 13:44:28,-5.524676225408509,0.0,2026-04-08 17:43,-5.524676225408509,58.0,2026-04-08 17:43,-5.375984455612759,23.0,2026-04-08 17:44,,,
2675963875000000101,2026-04-10,3.0054794520547947,3.56205,2026-04-09 20:19:23,-0.2637054186145349,0.0,2026-04-10 00:18,-0.2637054186145349,53.0,2026-04-10 00:18,-0.29055730548943615,18.0,2026-04-10 00:19,,,
2703315822000000501,2026-04-13,30.02191780821918,4.14,2026-04-13 07:48:39,-2.074668401260471,0.0,2026-04-13 11:47,-2.074783132322189,9.0,2026-04-13 11:48,-2.074783132322189,34.0,2026-04-13 11:48,,,
2718964744000000601,2026-04-14,17.01095890410959,4.1259999999999994,2026-04-14 08:41:28,0.01198784064815328,0.0,2026-04-14 12:40,0.01198784064815328,58.0,2026-04-14 12:40,-0.05536858775361253,23.0,2026-04-14 12:41,,,
2723024490000000301,2026-04-14,3.0027397260273974,3.5443000000000002,2026-04-14 13:16:20,-0.06203540728040302,0.0,2026-04-14 17:15,-0.06203540728040302,50.0,2026-04-14 17:15,0.15301715030413554,15.0,2026-04-14 17:16,,,
2729399669000016701,2026-04-15,4.002739726027397,3.5454,2026-04-15 03:56:25,-0.0800074000166795,0.0,2026-04-15 07:55,-0.0800074000166795,55.0,2026-04-15 07:55,0.053006278924527805,20.0,2026-04-15 07:56,,,
2740127764000000301,2026-04-15,4.156164383561644,3.5589999999999997,2026-04-15 13:31:54,-0.3691362597469272,0.0,2026-04-15 17:30,-0.37426441206003247,24.0,2026-04-15 17:31,-0.37426441206003247,49.0,2026-04-15 17:31,,,
2740939760000001001,2026-04-15,0.5013698630136987,3.6859999999999995,2026-04-15 15:00:31,-0.1020000000155008,0.0,2026-04-15 18:59,-0.18499999999557204,1.0,2026-04-15 19:00,-0.18499999999557204,26.0,2026-04-15 19:00,,,
2757181098000000101,2026-04-16,25.794520547945204,4.196,2026-04-16 12:22:46,2.5217926937654234,0.0,2026-04-16 16:21,2.5043370406697463,16.0,2026-04-16 16:22,2.5043370406697463,41.0,2026-04-16 16:22,,,
2759060784000001001,2026-04-16,0.9863013698630136,3.6900000000000004,2026-04-16 16:13:08,0.1946643489341593,0.0,2026-04-16 20:12,0.1946643489341593,38.0,2026-04-16 20:12,0.2115303714350869,3.0,2026-04-16 20:13,,,
2774650202000004701,2026-04-17,9.830136986301369,3.8546400000000003,2026-04-17 13:18:08,4.657349484336493,0.0,2026-04-17 17:17,4.657349484336493,38.0,2026-04-17 17:17,4.494797323764255,3.0,2026-04-17 17:18,,,
2791299470000000501,2026-04-20,2.0136986301369864,3.5000000000000004,2026-04-20 12:33:04,0.544390694883079,0.0,2026-04-20 16:32,0.544390694883079,34.0,2026-04-20 16:32,0.544390694883079,59.0,2026-04-20 16:32,,,
2808657575000000101,2026-04-21,4.156164383561644,3.5770000000000004,2026-04-21 07:54:39,4.0052789381851195,0.0,2026-04-21 11:53,3.938017186386711,9.0,2026-04-21 11:54,3.938017186386711,34.0,2026-04-21 11:54,,,
2809543001000001901,2026-04-21,10.005479452054795,3.80881,2026-04-21 14:38:53,-2.6827323100011125,0.0,2026-04-21 18:37,-2.6585816000396445,23.0,2026-04-21 18:38,-2.6585816000396445,48.0,2026-04-21 18:38,,,
2821186783000000701,2026-04-22,5.002739726027397,3.5889499999999996,2026-04-22 08:36:56,-0.5300560515787645,0.0,2026-04-22 12:35,-0.48301407129534013,26.0,2026-04-22 12:36,-0.48301407129534013,51.0,2026-04-22 12:36,,,
2857225759000000601,2026-04-24,10.008219178082191,3.8645300000000002,2026-04-24 10:26:19,0.1189645267731354,0.0,2026-04-24 14:25,0.1189645267731354,49.0,2026-04-24 14:25,-0.07803738169283037,14.0,2026-04-24 14:26,,,
2877633482000006301,2026-04-27,3.0027397260273974,3.551,2026-04-27 13:53:02,-5.184996921538465,0.0,2026-04-27 17:52,-5.184996921538465,32.0,2026-04-27 17:52,-5.184996921538465,57.0,2026-04-27 17:52,,,
2881578722000002001,2026-04-28,7.005479452054795,3.7554999999999996,2026-04-28 02:29:51,-0.14799615380889364,0.0,2026-04-28 06:28,-0.0519736097729151,21.0,2026-04-28 06:29,-0.0519736097729151,46.0,2026-04-28 06:29,,,
2895039351000000301,2026-04-28,30.02191780821918,4.16784,2026-04-28 13:45:04,0.018668631887663878,0.0,2026-04-28 17:44,0.018668631887663878,34.0,2026-04-28 17:44,0.018668631887663878,59.0,2026-04-28 17:44,,,
2899796414000000401,2026-04-29,5.002739726027397,3.67129,2026-04-29 02:56:33,-0.07998583781430035,0.0,2026-04-29 06:55,-0.0899209199144213,3.0,2026-04-29 06:56,-0.0899209199144213,28.0,2026-04-29 06:56,,,
2911848269000000101,2026-04-29,4.002739726027397,3.73532,2026-04-29 14:53:59,-0.0010111413342617226,0.0,2026-04-29 18:52,-0.09307012440133988,29.0,2026-04-29 18:53,-0.09307012440133988,54.0,2026-04-29 18:53,,,
2955363868000000101,2026-05-04,6.989041095890411,3.8695899999999996,2026-05-04 15:44:05,-0.15208853017441015,0.0,2026-05-04 19:43,-0.15208853017441015,35.0,2026-05-04 19:43,-0.056319762458079126,0.0,2026-05-04 19:44,,,
2968664443000000401,2026-05-05,5.002739726027397,3.8289999999999997,2026-05-05 16:23:16,3.7893072562913854,0.0,2026-05-05 20:22,3.7893072562913854,46.0,2026-05-05 20:22,3.7667067524698616,11.0,2026-05-05 20:23,,,
2997605768000000601,2026-05-07,5.002739726027397,3.6898,2026-05-07 04:11:22,-0.08393972556453022,0.0,2026-05-07 08:10,-0.08393972556453022,52.0,2026-05-07 08:10,-0.07897995475847353,17.0,2026-05-07 08:11,,,
3009367995000001101,2026-05-07,10.01095890410959,4.0,2026-05-07 10:42:39,5.971157862131804,0.0,2026-05-07 14:41,6.019632074482217,9.0,2026-05-07 14:42,6.019632074482217,34.0,2026-05-07 14:42,,,
3031508755000000401,2026-05-08,10.01095890410959,3.972,2026-05-08 08:28:58,-0.20596114114042052,0.0,2026-05-08 12:27,-0.2588417773333962,28.0,2026-05-08 12:28,-0.2588417773333962,53.0,2026-05-08 12:28,,,
3035994283000000801,2026-05-08,18.273972602739725,4.2223,2026-05-08 14:20:03,0.48094379642353857,0.0,2026-05-08 18:19,0.48094379642353857,33.0,2026-05-08 18:19,0.48094379642353857,58.0,2026-05-08 18:19,,,
3092277908000000201,2026-05-13,1.0,3.7935000000000003,2026-05-12 21:40:22,,,,,,,,,,NO_CURVE,NO_CURVE,NO_CURVE
3111353991000000401,2026-05-13,5.002739726027397,3.7765,2026-05-13 13:22:38,-6.568435680072771,0.0,2026-05-13 17:21,-6.486259611254086,8.0,2026-05-13 17:22,-6.486259611254086,33.0,2026-05-13 17:22,,,
3136562900000000301,2026-05-14,9.227397260273973,3.991,2026-05-14 14:17:13,-1.2774300064478883,0.0,2026-05-14 18:16,-1.2774300064478883,43.0,2026-05-14 18:16,-1.2457177541266962,8.0,2026-05-14 18:17,,,
3162183598000000101,2026-05-15,4.002739726027397,3.94298,2026-05-15 15:07:00,0.0070318730165830345,0.0,2026-05-15 19:06,0.0070318730165830345,30.0,2026-05-15 19:06,0.0070318730165830345,55.0,2026-05-15 19:06,,,
3210216035000001901,2026-05-19,0.915068493150685,3.8795,2026-05-19 11:31:28,-0.23206336444032694,0.0,2026-05-19 15:30,-0.23206336444032694,58.0,2026-05-19 15:30,-0.17419408243362078,23.0,2026-05-19 15:31,,,
3235079963000002501,2026-05-20,10.008219178082191,4.16286,2026-05-20 11:28:33,-0.25801939141416597,0.0,2026-05-20 15:27,-0.0189727107411386,3.0,2026-05-20 15:28,-0.0189727107411386,28.0,2026-05-20 15:28,,,
3238749300000000201,2026-05-20,5.002739726027397,4.004,2026-05-20 15:14:03,5.256992874719835,0.0,2026-05-20 19:13,5.256992874719835,33.0,2026-05-20 19:13,5.256992874719835,58.0,2026-05-20 19:13,,,
3284036899000000401,2026-05-22,30.02191780821918,4.3408299999999995,2026-05-22 08:40:21,-0.09393457983790654,0.0,2026-05-22 12:39,-0.09393457983790654,51.0,2026-05-22 12:39,-0.12099742136255642,16.0,2026-05-22 12:40,,,
3325258688000000501,2026-05-26,1.0,3.8568,2026-05-26 07:53:10,-0.19900195246616015,0.0,2026-05-26 11:52,-0.19900195246616015,40.0,2026-05-26 11:52,-0.056999796764056754,5.0,2026-05-26 11:53,,,
3329325810000000201,2026-05-26,4.761643835616439,3.9120000000000004,2026-05-26 12:32:52,-0.22239117604194725,0.0,2026-05-26 16:31,0.01562788217830402,22.0,2026-05-26 16:32,0.01562788217830402,47.0,2026-05-26 16:32,,,
3334952261000000101,2026-05-27,5.002739726027397,3.891,2026-05-26 22:23:04,-0.052800571895916804,0.0,2026-05-27 02:22,-0.052800571895916804,34.0,2026-05-27 02:22,-0.052800571895916804,59.0,2026-05-27 02:22,,,
3354099235000000601,2026-05-27,5.002739726027397,3.8875,2026-05-27 13:18:48,-1.4345116058862128,0.0,2026-05-27 17:17,-1.32705504949433,18.0,2026-05-27 17:18,-1.32705504949433,43.0,2026-05-27 17:18,,,
3376569652000002201,2026-05-28,4.654794520547945,3.819,2026-05-28 10:40:59,-5.63363209078811,0.0,2026-05-28 14:39,-4.986400967337268,29.0,2026-05-28 14:40,-4.986400967337268,54.0,2026-05-28 14:40,,,
3379459335000000301,2026-05-28,2.0027397260273974,3.8754999999999997,2026-05-28 14:15:20,-0.01698596063923752,0.0,2026-05-28 18:14,-0.01698596063923752,50.0,2026-05-28 18:14,0.024001348092062003,15.0,2026-05-28 18:15,,,
3379961019000002101,2026-05-28,2.0027397260273974,3.88725,2026-05-28 15:55:08,0.8937880903901352,0.0,2026-05-28 19:54,0.8937880903901352,38.0,2026-05-28 19:54,0.8818543075804097,3.0,2026-05-28 19:55,,,
3401125270000000201,2026-05-29,30.02191780821918,4.202999999999999,2026-05-29 11:37:02,-3.8771402241472686,0.0,2026-05-29 15:36,-3.8771402241472686,32.0,2026-05-29 15:36,-3.8771402241472686,57.0,2026-05-29 15:36,,,
3434641124000000301,2026-06-01,5.005479452054795,4.0,2026-06-01 13:52:47,5.853043543376213,0.0,2026-06-01 17:51,5.849357029282221,17.0,2026-06-01 17:52,5.849357029282221,42.0,2026-06-01 17:52,,,
3438954073000000201,2026-06-02,10.008219178082191,4.05016,2026-06-01 22:47:24,,,,,,,,,,NO_CURVE,NO_CURVE,NO_CURVE
3467427182000000701,2026-06-03,1.0,3.8662,2026-06-03 03:47:31,0.09799249244366592,0.0,2026-06-03 07:46,0.019998622687511514,1.0,2026-06-03 07:47,0.019998622687511514,26.0,2026-06-03 07:47,,,
3507983429000000801,2026-06-04,9.997260273972604,4.071000000000001,2026-06-04 15:59:36,-0.08626833311016213,0.0,2026-06-04 19:58,-0.13423734352908667,6.0,2026-06-04 19:59,-0.13423734352908667,31.0,2026-06-04 19:59,,,
3531977323000001301,2026-06-05,2.0,4.07594,2026-06-05 15:52:47,-17.761070021068637,0.0,2026-06-05 19:51,-17.745183588062474,17.0,2026-06-05 19:52,-17.745183588062474,42.0,2026-06-05 19:52,,,
3533022565000000101,2026-06-05,6.671232876712328,4.0525199999999995,2026-06-05 16:59:48,0.5973843886292407,0.0,2026-06-05 20:58,0.6328045480636035,18.0,2026-06-05 20:59,0.6328045480636035,43.0,2026-06-05 20:59,,,
3581947720000000101,2026-06-09,3.0027397260273974,3.98011,2026-06-09 13:12:09,-0.16398861204485193,0.0,2026-06-09 17:11,-0.16398861204485193,39.0,2026-06-09 17:11,0.1210051166040671,4.0,2026-06-09 17:12,,,
3601952641000000501,2026-06-10,10.008219178082191,4.128251000000001,2026-06-10 07:20:57,0.5170932449607868,0.0,2026-06-10 11:19,0.5451087910703478,27.0,2026-06-10 11:20,0.5451087910703478,52.0,2026-06-10 11:20,,,
3621786464000001201,2026-06-11,1.7178082191780821,3.9747,2026-06-11 05:31:12,0.30605983997618047,60.0,2026-06-11 09:29,,,,0.3512681694134656,7.0,2026-06-11 09:31,,NO_CURVE,
3631908654000000901,2026-06-11,10.008219178082191,4.0625,2026-06-11 14:23:04,-0.015099871539447918,0.0,2026-06-11 18:22,-0.015099871539447918,34.0,2026-06-11 18:22,-0.015099871539447918,59.0,2026-06-11 18:22,,,
3633549432000000201,2026-06-11,4.463013698630137,3.891,2026-06-11 16:30:52,-0.25914330316760825,0.0,2026-06-11 20:29,-0.2050553310830594,22.0,2026-06-11 20:30,-0.2050553310830594,47.0,2026-06-11 20:30,,,
3658796713000002701,2026-06-12,30.02191780821918,4.27435,2026-06-12 16:27:40,1.02597162617446,0.0,2026-06-12 20:26,1.1420771029998278,10.0,2026-06-12 20:27,1.1420771029998278,35.0,2026-06-12 20:27,,,
3704655754000000401,2026-06-16,10.008219178082191,4.06,2026-06-16 08:51:09,0.9861825498616028,0.0,2026-06-16 12:50,0.9861825498616028,39.0,2026-06-16 12:50,0.9875528824452751,4.0,2026-06-16 12:51,,,
3722655702000000401,2026-06-17,3.0027397260273974,3.8832,2026-06-17 04:54:24,-0.135000442960731,0.0,2026-06-17 08:53,-0.135000442960731,54.0,2026-06-17 08:53,-0.040991052975059006,19.0,2026-06-17 08:54,,,
3735572075000000501,2026-06-17,10.008219178082191,4.0798000000000005,2026-06-17 15:58:58,0.009034680781283555,0.0,2026-06-17 19:57,0.007011975896542566,28.0,2026-06-17 19:58,0.007011975896542566,53.0,2026-06-17 19:58,,,
3752176795000000101,2026-06-18,1.0,4.04869,2026-06-18 06:54:12,0.009000447373086473,0.0,2026-06-18 10:53,0.009000447373086473,42.0,2026-06-18 10:53,0.05400120453860069,7.0,2026-06-18 10:54,,,
3793502411000003801,2026-06-22,2.0027397260273974,4.04,2026-06-22 09:09:50,-6.894697254540549,0.0,2026-06-22 13:08,-6.893940317934444,20.0,2026-06-22 13:09,-6.893940317934444,45.0,2026-06-22 13:09,,,
3797559177000000501,2026-06-22,4.835616438356165,4.005,2026-06-22 15:04:00,-1.5632416277123973,0.0,2026-06-22 19:03,-1.5632416277123973,30.0,2026-06-22 19:03,-1.5632416277123973,55.0,2026-06-22 19:03,,,
3822088803000000401,2026-06-23,10.008219178082191,4.08861,2026-06-23 16:43:24,-0.12701167071691444,0.0,2026-06-23 20:42,-0.12701167071691444,54.0,2026-06-23 20:42,-0.025982686205328065,19.0,2026-06-23 20:43,,,
3840641009000003901,2026-06-24,1.9342465753424658,4.04744,2026-06-24 09:50:42,3.4706601223571276,0.0,2026-06-24 13:49,3.452217671104396,12.0,2026-06-24 13:50,3.452217671104396,37.0,2026-06-24 13:50,,,
3845044731000000301,2026-06-24,7.005479452054795,3.9309999999999996,2026-06-24 15:18:08,-0.2666050703922451,0.0,2026-06-24 19:17,-0.2666050703922451,38.0,2026-06-24 19:17,-0.2790684020467893,3.0,2026-06-24 19:18,,,
3865150330000000701,2026-06-25,10.008219178082191,3.9605,2026-06-25 09:48:54,-0.5039638642188038,0.0,2026-06-25 13:47,-0.05392676880480174,24.0,2026-06-25 13:48,-0.05392676880480174,49.0,2026-06-25 13:48,,,
3873699653000000101,2026-06-26,1.0,3.9885900000000003,2026-06-25 22:51:55,-0.06598870321630201,0.0,2026-06-26 02:50,-0.06799937380521648,25.0,2026-06-26 02:51,-0.06799937380521648,50.0,2026-06-26 02:51,,,
3890781519000000901,2026-06-26,5.923287671232877,3.836,2026-06-26 11:35:33,-0.9708617297929933,0.0,2026-06-26 15:34,-1.0323877870733522,3.0,2026-06-26 15:35,-1.0323877870733522,28.0,2026-06-26 15:35,,,
3905302030000000101,2026-06-29,2.0027397260273974,3.9602,2026-06-28 21:04:07,0.1425840341788831,0.0,2026-06-29 01:03,0.1425840341788831,37.0,2026-06-29 01:03,0.11422370285236738,2.0,2026-06-29 01:04,,,
3921161016000001201,2026-06-29,1.4164383561643836,3.971869,2026-06-29 15:47:13,-1.7558525910644551,0.0,2026-06-29 19:46,-1.7558525910644551,43.0,2026-06-29 19:46,-1.7125653130869,8.0,2026-06-29 19:47,,,
3955214180000002001,2026-07-01,20.013698630136986,4.2592,2026-07-01 03:27:09,-0.2299978663248048,0.0,2026-07-01 07:26,-0.2299978663248048,39.0,2026-07-01 07:26,-0.1129819254758857,4.0,2026-07-01 07:27,,,
3969101921000000701,2026-07-01,1.1123287671232878,3.9419999999999997,2026-07-01 14:21:31,-7.600549885541907,0.0,2026-07-01 18:20,-7.5688280207091285,1.0,2026-07-01 18:21,-7.5688280207091285,26.0,2026-07-01 18:21,,,
3989605596000002701,2026-07-02,2.0027397260273974,3.98441,2026-07-02 09:47:07,1.3501397747395227,0.0,2026-07-02 13:46,1.3501397747395227,37.0,2026-07-02 13:46,1.1254983656225903,2.0,2026-07-02 13:47,,,
3989992893000001001,2026-07-02,5.002739726027397,4.03287,2026-07-02 10:08:46,10.781874181489925,0.0,2026-07-02 14:07,10.64749853824325,16.0,2026-07-02 14:08,10.64749853824325,41.0,2026-07-02 14:08,,,
3993011698000000301,2026-07-02,14.01095890410959,4.183859999999999,2026-07-02 13:43:22,-0.08220223686379313,0.0,2026-07-02 17:42,-0.08220223686379313,52.0,2026-07-02 17:42,-0.032714986999859974,17.0,2026-07-02 17:43,,,
4052626612000011901,2026-07-07,5.002739726027397,3.9399,2026-07-07 04:16:43,0.02991690837617078,0.0,2026-07-07 08:15,0.0329900896064661,13.0,2026-07-07 08:16,0.0329900896064661,38.0,2026-07-07 08:16,,,
4062404414000000901,2026-07-07,2.7534246575342465,3.981,2026-07-07 09:43:59,2.810686105508564,0.0,2026-07-07 13:42,2.751046062717899,29.0,2026-07-07 13:43,2.751046062717899,54.0,2026-07-07 13:43,,,
4066114947000000401,2026-07-07,5.002739726027397,3.9730000000000003,2026-07-07 15:06:02,0.10100574310039079,0.0,2026-07-07 19:05,0.10100574310039079,32.0,2026-07-07 19:05,0.10100574310039079,57.0,2026-07-07 19:05,,,
4078160878000001101,2026-07-08,1.0,4.0563,2026-07-08 04:57:27,0.2760024447709952,0.0,2026-07-08 08:56,0.2760024447709952,57.0,2026-07-08 08:56,-0.004002740863207066,22.0,2026-07-08 08:57,,,
4085553658000002801,2026-07-08,2.0027397260273974,3.981,2026-07-08 09:19:20,-6.917481536707104,0.0,2026-07-08 13:18,-6.917481536707104,50.0,2026-07-08 13:18,-6.936212648471152,15.0,2026-07-08 13:19,,,
4086474479000000901,2026-07-08,5.002739726027397,4.037,2026-07-08 10:51:46,0.4819938011724645,0.0,2026-07-08 14:50,0.5409933509121778,16.0,2026-07-08 14:51,0.5409933509121778,41.0,2026-07-08 14:51,,,
4109521892000000901,2026-07-09,10.008219178082191,4.1391,2026-07-09 09:32:31,0.06800800078821112,0.0,2026-07-09 13:31,0.03817896068385451,1.0,2026-07-09 13:32,0.03817896068385451,26.0,2026-07-09 13:32,,,
4136517926000000201,2026-07-10,3.0027397260273974,4.0355,2026-07-10 13:51:51,0.1489977893597505,60.0,2026-07-10 17:49,0.01803235170809714,21.0,2026-07-10 17:51,0.01803235170809714,46.0,2026-07-10 17:51,,,
4163352608000000301,2026-07-13,4.008219178082192,3.9919999999999995,2026-07-13 15:28:35,-7.8721567296824,0.0,2026-07-13 19:27,-7.923224330641565,5.0,2026-07-13 19:28,-7.923224330641565,30.0,2026-07-13 19:28,,,
4174564817000000101,2026-07-14,20.013698630136986,4.3932,2026-07-14 04:52:02,0.10308503736613517,0.0,2026-07-14 08:51,0.10308503736613517,32.0,2026-07-14 08:51,0.10308503736613517,57.0,2026-07-14 08:51,,,
4184771480000001101,2026-07-14,15.01095890410959,4.2858,2026-07-14 11:01:18,-2.2566025681882707,0.0,2026-07-14 15:00,-2.2566025681882707,48.0,2026-07-14 15:00,-2.4313104987468748,13.0,2026-07-14 15:01,,,
4209578747000000201,2026-07-15,5.002739726027397,3.993,2026-07-15 10:09:50,-0.34399543883423256,0.0,2026-07-15 14:08,,,,,,,,NO_CURVE,NO_CURVE
4237486047000000101,2026-07-16,2.0027397260273974,4.0,2026-07-16 10:04:44,-3.85414976750198,0.0,2026-07-16 14:03,-3.7721801282631695,14.0,2026-07-16 14:04,-3.7721801282631695,39.0,2026-07-16 14:04,,,
4263769086000002101,2026-07-17,8.005479452054795,4.043,2026-07-17 10:43:34,-0.08290994258670636,0.0,2026-07-17 14:42,-0.05898382263440638,4.0,2026-07-17 14:43,-0.05898382263440638,29.0,2026-07-17 14:43,,,
4300086498000000201,2026-07-21,4.002739726027397,4.02066,2026-07-21 03:29:28,-0.020996195809530604,0.0,2026-07-21 07:28,-0.020996195809530604,58.0,2026-07-21 07:28,-0.060002185974550315,23.0,2026-07-21 07:29,,,
4315811556000000101,2026-07-21,1.0,4.0755,2026-07-21 12:32:49,-0.07500076985609283,0.0,2026-07-21 16:31,-0.061999521574396255,19.0,2026-07-21 16:32,-0.061999521574396255,44.0,2026-07-21 16:32,,,
4322431683000000101,2026-07-22,0.5068493150684932,3.9093000000000004,2026-07-21 22:34:52,-0.139937720200356,0.0,2026-07-22 02:33,-0.14194832826959214,22.0,2026-07-22 02:34,-0.14194832826959214,47.0,2026-07-22 02:34,,,
4340791077000000901,2026-07-22,5.002739726027397,4.1129999999999995,2026-07-22 12:14:58,0.12696984184623616,0.0,2026-07-22 16:13,,,,,,,,NO_CURVE,NO_CURVE
4347380118000000301,2026-07-23,5.002739726027397,4.1235,2026-07-22 21:55:58,-0.13359855722656633,0.0,2026-07-23 01:54,-0.15212539446558537,28.0,2026-07-23 01:55,-0.15212539446558537,53.0,2026-07-23 01:55,,,
4364208099000004101,2026-07-23,10.008219178082191,4.216,2026-07-23 11:14:17,-7.251723836923407,0.0,2026-07-23 15:13,-7.251723836923407,47.0,2026-07-23 15:13,,,,,,NO_CURVE
4391339435000000201,2026-07-24,0.5095890410958904,3.9759999999999995,2026-07-24 15:41:56,-0.2396115992275405,0.0,2026-07-24 19:40,-0.20340448709328385,26.0,2026-07-24 19:41,-0.20340448709328385,51.0,2026-07-24 19:41,,,
4412267605000002701,2026-07-27,2.0027397260273974,4.04,2026-07-27 08:21:05,-13.562149490884945,0.0,2026-07-27 12:20,-13.562149490884945,35.0,2026-07-27 12:20,-13.543319873411619,0.0,2026-07-27 12:21,,,
4420214429000000201,2026-07-28,5.002739726027397,4.1072999999999995,2026-07-27 22:00:17,-0.03645669036620447,0.0,2026-07-28 01:59,-0.03645669036620447,47.0,2026-07-28 01:59,0.05060181275213793,12.0,2026-07-28 02:00,,,
4440072401000000401,2026-07-28,5.002739726027397,4.02,2026-07-28 15:08:30,-6.15467116387487,0.0,2026-07-28 19:07,-6.107816502114094,0.0,2026-07-28 19:08,-6.107816502114094,25.0,2026-07-28 19:08,,,
4458663205000000401,2026-07-29,5.002739726027397,4.117500000000001,2026-07-29 07:37:04,0.7338522037488637,0.0,2026-07-29 11:36,0.7338522037488637,34.0,2026-07-29 11:36,0.7338522037488637,59.0,2026-07-29 11:36,,,
4466927406000000501,2026-07-29,30.02191780821918,4.42289,2026-07-29 15:13:35,0.19438093407417867,0.0,2026-07-29 19:12,-0.19725599367310664,5.0,2026-07-29 19:13,-0.19725599367310664,30.0,2026-07-29 19:13,,,
4474063543000000101,2026-07-30,1.0,4.0702,2026-07-30 03:10:19,0.008998472221222187,0.0,2026-07-30 07:09,0.008998472221222187,49.0,2026-07-30 07:09,0.019002156175940144,14.0,2026-07-30 07:10,,,
4494592781000000101,2026-07-30,1.0,4.043,2026-07-30 13:14:24,0.5220058824610518,0.0,2026-07-30 17:13,0.5220058824610518,54.0,2026-07-30 17:13,0.5419879088289115,19.0,2026-07-30 17:14,,,
4499404716000000101,2026-07-31,1.0,4.05075,2026-07-31 02:42:42,-0.0419996190474059,0.0,2026-07-31 06:41,-0.03499701111824294,12.0,2026-07-31 06:42,-0.03499701111824294,37.0,2026-07-31 06:42,,,
4540300728000000101,2026-08-03,0.5041095890410959,3.891,2026-08-03 04:24:04,-0.29300000000218596,0.0,2026-08-03 08:23,-0.29300000000218596,34.0,2026-08-03 08:23,-0.29300000000218596,59.0,2026-08-03 08:23,,,
4550846278000000801,2026-08-03,30.02191780821918,4.503,2026-08-03 16:03:01,1.9009033278187815,0.0,2026-08-03 20:02,1.9009033278187815,31.0,2026-08-03 20:02,1.9009033278187815,56.0,2026-08-03 20:02,,,
4570793299000000101,2026-08-04,10.008219178082191,4.2565,2026-08-04 09:37:14,0.25663941646589805,0.0,2026-08-04 13:36,0.25663941646589805,44.0,2026-08-04 13:36,0.21254843175277927,9.0,2026-08-04 13:37,,,
4573047544000000301,2026-08-04,10.008219178082191,4.25,2026-08-04 12:41:46,-0.8933749702692673,0.0,2026-08-04 16:40,-0.935297071598562,16.0,2026-08-04 16:41,-0.935297071598562,41.0,2026-08-04 16:41,,,
4579410164000000101,2026-08-05,2.0027397260273974,4.0598,2026-08-04 22:02:49,-0.13251835614127572,0.0,2026-08-05 02:01,0.014691201090677453,19.0,2026-08-05 02:02,0.014691201090677453,44.0,2026-08-05 02:02,,,
4601218771000000101,2026-08-05,9.657534246575343,4.216,2026-08-05 15:48:18,1.5771391293424308,0.0,2026-08-05 19:47,1.5771391293424308,48.0,2026-08-05 19:47,1.4967826900255332,13.0,2026-08-05 19:48,,,
4624093866000000101,2026-08-06,30.02191780821918,4.4665,2026-08-06 14:30:39,0.06900001029919167,0.0,2026-08-06 18:29,0.023955189328805915,9.0,2026-08-06 18:30,0.023955189328805915,34.0,2026-08-06 18:30,,,
4646536600000000101,2026-08-07,2.0027397260273974,4.0247,2026-08-07 09:00:03,0.07199498282632888,0.0,2026-08-07 12:59,0.07199498282632888,33.0,2026-08-07 12:59,0.07199498282632888,58.0,2026-08-07 12:59,,,
4648914418000000301,2026-08-07,1.0,4.0120000000000005,2026-08-07 13:03:19,-0.08998272092188841,0.0,2026-08-07 17:02,-0.08998272092188841,49.0,2026-08-07 17:02,-0.0769980818921212,14.0,2026-08-07 17:03,,,
