trade_id,as_of_date,index,draw_stratum,start_class,is_capped,in_session,clock_field,policy,tenor_years,has_upfront,ok,reason,detail,mid_pct,pv01,npv_pay,lag_s
919443026,2024-03-01,SOFR,CAPPED,FORWARD_START,True,True,execution_timestamp,STRICT_1MIN_IN_SESSION,6.742465753424658,False,True,,,3.8033639150895406,98861.27300899409,,0.0
920993561,2024-03-04,SOFR,PAST_START,PAST_START,False,True,execution_timestamp,STRICT_1MIN_IN_SESSION,10.008219178082191,True,True,,,3.8291698703330197,3296.542474606381,-25920.756223100703,0.0
921103355,2024-03-04,SOFR,SPOT,SPOT,False,True,execution_timestamp,STRICT_1MIN_IN_SESSION,6.909589041095891,True,True,,,3.886918270501395,101856.36929630123,-832.4669992402196,0.0
922513130,2024-03-05,SOFR,CAPPED,SPOT,True,True,execution_timestamp,STRICT_1MIN_IN_SESSION,5.002739726027397,True,True,,,3.9098001795192703,107754.7788927984,-56030.5506183207,0.0
924061934,2024-03-06,SOFR,CAPPED,PAST_START,True,True,execution_timestamp,STRICT_1MIN_IN_SESSION,4.257534246575342,False,True,,,3.9586639493206945,93132.5754246747,,0.0
926446485,2024-03-07,SOFR,FORWARD_START,FORWARD_START,False,True,execution_timestamp,STRICT_1MIN_IN_SESSION,5.002739726027397,False,True,,,3.8651200765497955,44967.21635987798,,0.0
928991231,2024-03-11,FED_FUNDS,CAPPED,FORWARD_START,True,True,execution_timestamp,STRICT_1MIN_IN_SESSION,0.136986301369863,True,True,,,4.762519224903256,28175.004748767376,-202805.86801707,0.0
930500021,2024-03-12,FED_FUNDS,CAPPED,FORWARD_START,True,True,execution_timestamp,STRICT_1MIN_IN_SESSION,0.2493150684931507,False,True,,,5.069285615877122,51619.619047093816,,0.0
932196544,2024-03-13,SOFR,SPOT,SPOT,False,True,execution_timestamp,STRICT_1MIN_IN_SESSION,30.019178082191782,False,True,,,3.594771521399142,14408.795873397967,,0.0
932234705,2024-03-13,SOFR,CAPPED,FORWARD_START,True,True,execution_timestamp,STRICT_1MIN_IN_SESSION,11.008219178082191,True,True,,,3.8072830340972965,106819.88461737504,1955.1681154295802,0.0
933644339,2024-03-14,SOFR,CAPPED,FORWARD_START,True,True,execution_timestamp,STRICT_1MIN_IN_SESSION,10.005479452054795,True,True,,,3.8915576677771515,139329.71533645023,8938804.722330727,0.0
935198946,2024-03-15,SOFR,FORWARD_START,FORWARD_START,False,True,execution_timestamp,STRICT_1MIN_IN_SESSION,10.008219178082191,False,True,,,3.7492163219102217,3036.3770025922295,,0.0
935262421,2024-03-15,SOFR,PAST_START,PAST_START,False,True,execution_timestamp,STRICT_1MIN_IN_SESSION,7.002739726027397,True,True,,,3.985415585269009,78623.1052408269,1666224.7593829036,0.0
935574896,2024-03-15,SOFR,CAPPED,FORWARD_START,True,True,execution_timestamp,STRICT_1MIN_IN_SESSION,4.950684931506849,False,True,,,4.080220600747712,106243.29252465481,,0.0
937065023,2024-03-18,SOFR,SPOT,SPOT,False,True,execution_timestamp,STRICT_1MIN_IN_SESSION,30.019178082191782,False,True,,,3.719680507847652,49582.15671974827,,0.0
938335913,2024-03-19,SOFR,CAPPED,SPOT,True,True,execution_timestamp,STRICT_1MIN_IN_SESSION,6.002739726027397,False,True,,,4.013899806908947,89585.5109303179,,0.0
939646948,2024-03-20,SOFR,CAPPED,SPOT,True,True,execution_timestamp,STRICT_1MIN_IN_SESSION,5.002739726027397,False,True,,,4.055309867752851,107350.23287519762,,0.0
941141992,2024-03-21,SOFR,FORWARD_START,FORWARD_START,False,True,execution_timestamp,STRICT_1MIN_IN_SESSION,5.002739726027397,False,True,,,4.035199522648964,2238.834989209809,,0.0
941443878,2024-03-21,SOFR,SPOT,SPOT,False,True,execution_timestamp,STRICT_1MIN_IN_SESSION,9.912328767123288,True,True,,,3.91290717568765,31737.491768425236,-68054.14601049758,0.0
941688075,2024-03-22,SOFR,FORWARD_START,FORWARD_START,False,True,execution_timestamp,STRICT_1MIN_IN_SESSION,25.016438356164382,False,True,,,3.7717203391574734,1437.8176013851285,,0.0
942707564,2024-03-22,SOFR,FORWARD_START,FORWARD_START,False,True,execution_timestamp,STRICT_1MIN_IN_SESSION,30.019178082191782,True,True,,,3.646949039995198,17690.926569786123,128169.0646606544,0.0
944468432,2024-03-25,SOFR,CAPPED,PAST_START,True,True,execution_timestamp,STRICT_1MIN_IN_SESSION,2.989041095890411,True,True,,,4.268836538162072,66653.85401780886,-293633.3014324382,0.0
947306072,2024-03-27,SOFR,CAPPED,FORWARD_START,True,True,execution_timestamp,STRICT_1MIN_IN_SESSION,6.742465753424658,True,True,,,3.841337178011904,99051.09785193679,-85806.20284167677,0.0
947832831,2024-03-28,SOFR,FORWARD_START,FORWARD_START,False,True,execution_timestamp,STRICT_1MIN_IN_SESSION,5.002739726027397,False,True,,,3.991615324079016,2238.712523837737,,0.0
950319256,2024-04-01,SOFR,PAST_START,PAST_START,False,True,execution_timestamp,STRICT_1MIN_IN_SESSION,2.0,False,True,,,4.565139509482522,24601.095172639365,,0.0
950591236,2024-04-02,SOFR,SPOT,SPOT,False,False,execution_timestamp,ASOF_2H_OUT_OF_SESSION,3.0,False,True,,,4.324656274706284,44516.19188982468,,840.0
953255618,2024-04-03,SOFR,CAPPED,SPOT,True,True,execution_timestamp,STRICT_1MIN_IN_SESSION,3.0,False,True,,,4.355080162745824,66706.92608663146,,0.0
953271995,2024-04-03,SOFR,SPOT,SPOT,False,True,execution_timestamp,STRICT_1MIN_IN_SESSION,10.005479452054795,False,True,,,4.022260013287441,25267.01843191143,,0.0
953641779,2024-04-03,SOFR,SPOT,SPOT,False,True,execution_timestamp,STRICT_1MIN_IN_SESSION,2.0,False,True,,,4.596549969357751,34050.44874689974,,0.0
954934681,2024-04-05,SOFR,FORWARD_START,FORWARD_START,False,True,execution_timestamp,STRICT_1MIN_IN_SESSION,5.002739726027397,False,True,,,4.050329281215985,22156.48218931738,,0.0
955233012,2024-04-05,SOFR,FORWARD_START,FORWARD_START,False,True,execution_timestamp,STRICT_1MIN_IN_SESSION,29.873972602739727,False,True,,,3.794624668614367,59550.27155770055,,0.0
956335782,2024-04-08,SOFR,CAPPED,SPOT,True,True,execution_timestamp,STRICT_1MIN_IN_SESSION,10.005479452054795,False,True,,,4.040610611424778,138400.86867272653,,0.0
957802357,2024-04-09,SOFR,SPOT,SPOT,False,True,execution_timestamp,STRICT_1MIN_IN_SESSION,5.005479452054795,False,True,,,4.151325822839225,44636.01204922732,,0.0
959279452,2024-04-10,SOFR,SPOT,SPOT,False,True,execution_timestamp,STRICT_1MIN_IN_SESSION,10.005479452054795,False,True,,,4.110889963589915,75309.99430062795,,0.0
959280299,2024-04-10,SOFR,CAPPED,SPOT,True,True,execution_timestamp,STRICT_1MIN_IN_SESSION,5.002739726027397,False,True,,,4.308980004693896,106548.44390963919,,0.0
959571614,2024-04-10,SOFR,CAPPED,FORWARD_START,True,True,execution_timestamp,STRICT_1MIN_IN_SESSION,1.0,False,True,,,5.104458403621491,104881.60459831517,,0.0
959784491,2024-04-10,SOFR,SPOT,SPOT,False,True,execution_timestamp,STRICT_1MIN_IN_SESSION,10.005479452054795,True,True,,,4.172058503570518,88846.96811634106,2417157.319250934,0.0
960953809,2024-04-11,FED_FUNDS,CAPPED,FORWARD_START,True,True,execution_timestamp,STRICT_1MIN_IN_SESSION,0.13424657534246576,False,True,,,5.223725061488433,27913.867900274276,,0.0
965058638,2024-04-15,SOFR,SPOT,SPOT,False,True,execution_timestamp,STRICT_1MIN_IN_SESSION,2.0,False,True,,,4.871869909111568,3388.0339299694956,,0.0
965258618,2024-04-15,SOFR,FORWARD_START,FORWARD_START,False,True,execution_timestamp,STRICT_1MIN_IN_SESSION,5.002739726027397,False,True,,,4.066236319070699,24631.77173378691,,0.0
971473096,2024-04-19,SOFR,CAPPED,FORWARD_START,True,True,execution_timestamp,STRICT_1MIN_IN_SESSION,3.0,False,True,,,4.644000062085399,66354.37903468056,,0.0
974069809,2024-04-22,SOFR,FORWARD_START,FORWARD_START,False,True,execution_timestamp,STRICT_1MIN_IN_SESSION,5.002739726027397,False,True,,,4.346993062610903,3082.992166967514,,0.0
974093437,2024-04-22,SOFR,SPOT,SPOT,False,True,execution_timestamp,STRICT_1MIN_IN_SESSION,3.6876712328767125,False,True,,,4.526915793946801,18468.222203837933,,0.0
976659730,2024-04-24,SOFR,FORWARD_START,FORWARD_START,True,True,execution_timestamp,STRICT_1MIN_IN_SESSION,10.008219178082191,True,True,,,4.090203455401929,91022.47656334762,451502.9356783256,0.0
977676824,2024-04-24,SOFR,CAPPED,SPOT,True,True,execution_timestamp,STRICT_1MIN_IN_SESSION,6.684931506849315,False,True,,,4.3345255075567515,97493.5874736803,,0.0
979377335,2024-04-25,SOFR,CAPPED,FORWARD_START,True,True,execution_timestamp,STRICT_1MIN_IN_SESSION,10.005479452054795,False,True,,,4.207540116496019,130818.2265300579,,0.0
981349878,2024-04-26,SOFR,PAST_START,PAST_START,False,True,execution_timestamp,STRICT_1MIN_IN_SESSION,15.008219178082191,True,True,,,4.284939029663633,99775.14680982848,-2603.835362404585,0.0
985079138,2024-04-30,FED_FUNDS,CAPPED,FORWARD_START,True,True,execution_timestamp,STRICT_1MIN_IN_SESSION,0.13424657534246576,True,True,,,5.280932831465792,27988.286484730943,-2986.821866290644,0.0
985377417,2024-05-01,SOFR,SPOT,SPOT,False,True,execution_timestamp,STRICT_1MIN_IN_SESSION,4.002739726027397,False,True,,,4.584629824986293,5052.732123488267,,0.0
986125569,2024-05-02,SOFR,CAPPED,FORWARD_START,True,True,execution_timestamp,STRICT_1MIN_IN_SESSION,1.8246575342465754,False,True,,,4.858415898920528,79180.66822119204,,0.0
986437626,2024-05-02,SOFR,FORWARD_START,FORWARD_START,False,True,execution_timestamp,STRICT_1MIN_IN_SESSION,5.002739726027397,False,True,,,4.341740005047302,10212.330018476663,,0.0
986802296,2024-05-03,SOFR,CAPPED,FORWARD_START,True,True,execution_timestamp,STRICT_1MIN_IN_SESSION,2.0,False,True,,,4.706179970223472,86752.50842843474,,0.0
986836174,2024-05-03,SOFR,PAST_START,PAST_START,False,True,execution_timestamp,STRICT_1MIN_IN_SESSION,14.67945205479452,False,True,,,4.151034156121364,0.005455176448987474,,0.0
991786563,2024-05-08,SOFR,SPOT,SPOT,False,True,execution_timestamp,STRICT_1MIN_IN_SESSION,7.002739726027397,False,True,,,4.1529414987666975,25221.515595030665,,0.0
991810616,2024-05-08,SOFR,CAPPED,FORWARD_START,True,True,execution_timestamp,STRICT_1MIN_IN_SESSION,1.0027397260273974,True,True,,,3.825711584741992,92648.92777465605,7010851.696100634,0.0
993692064,2024-05-09,SOFR,FORWARD_START,FORWARD_START,False,True,execution_timestamp,STRICT_1MIN_IN_SESSION,2.0,True,True,,,4.653924662657314,2069.938321042774,135358.3718309343,0.0
995003009,2024-05-10,SOFR,FORWARD_START,FORWARD_START,False,True,execution_timestamp,STRICT_1MIN_IN_SESSION,2.0,True,True,,,4.672666206913049,4703.953873390665,316419.0809507645,0.0
997222369,2024-05-13,SOFR,SPOT,SPOT,False,True,execution_timestamp,STRICT_1MIN_IN_SESSION,3.0,False,True,,,4.5271799663268615,18039.664799889542,,0.0
998314577,2024-05-14,SOFR,CAPPED,SPOT,True,True,execution_timestamp,STRICT_1MIN_IN_SESSION,5.043835616438356,False,True,,,4.24864841311607,107587.93184232923,,0.0
999870152,2024-05-15,SOFR,FORWARD_START,FORWARD_START,False,True,execution_timestamp,STRICT_1MIN_IN_SESSION,4.002739726027397,False,True,,,4.123853134587584,57731.9731457255,,0.0
1001264609,2024-05-16,SOFR,FORWARD_START,FORWARD_START,True,True,execution_timestamp,STRICT_1MIN_IN_SESSION,1.9945205479452055,True,True,,,4.4150589125502515,85390.53819113894,-725316.5171874613,0.0
1002883913,2024-05-17,FED_FUNDS,CAPPED,FORWARD_START,True,True,execution_timestamp,STRICT_1MIN_IN_SESSION,0.136986301369863,False,True,,,5.141011509432476,28416.88758479723,,0.0
1004461921,2024-05-20,SOFR,FORWARD_START,FORWARD_START,False,True,execution_timestamp,STRICT_1MIN_IN_SESSION,5.331506849315068,False,True,,,4.0044887054368745,1840.4265640831904,,0.0
1007372000,2024-05-22,SOFR,CAPPED,FORWARD_START,True,True,execution_timestamp,STRICT_1MIN_IN_SESSION,0.2493150684931507,False,True,,,5.151397284213484,51478.346635234375,,0.0
1009247406,2024-05-23,FED_FUNDS,CAPPED,FORWARD_START,True,True,execution_timestamp,STRICT_1MIN_IN_SESSION,0.13424657534246576,True,True,,,5.343956357130959,28284.7038371107,124329.25432074629,0.0
1009444408,2024-05-23,SOFR,FORWARD_START,FORWARD_START,False,True,execution_timestamp,STRICT_1MIN_IN_SESSION,1.0,True,True,,,4.763816039036786,656.4466638664175,82962.78225665676,0.0
1013487671,2024-05-28,SOFR,FORWARD_START,FORWARD_START,False,True,execution_timestamp,STRICT_1MIN_IN_SESSION,2.0,False,True,,,3.8458962499143055,5726.839223572326,,0.0
1013516284,2024-05-28,SOFR,SPOT,SPOT,False,True,execution_timestamp,STRICT_1MIN_IN_SESSION,4.002739726027397,False,True,,,4.385660097214025,32608.980648696626,,0.0
1013847188,2024-05-28,FED_FUNDS,CAPPED,SPOT,True,True,execution_timestamp,STRICT_1MIN_IN_SESSION,0.16712328767123288,False,True,,,5.3515700000000335,35242.73916082179,,0.0
1015465566,2024-05-29,SOFR,SPOT,SPOT,False,True,execution_timestamp,STRICT_1MIN_IN_SESSION,5.002739726027397,False,True,,,4.390790330678798,39889.06519871211,,0.0
1016697500,2024-05-30,SOFR,CAPPED,FORWARD_START,True,True,execution_timestamp,STRICT_1MIN_IN_SESSION,8.005479452054795,False,True,,,4.202780461779522,114103.678453878,,0.0
1017124153,2024-05-30,SOFR,CAPPED,FORWARD_START,True,True,execution_timestamp,STRICT_1MIN_IN_SESSION,4.2465753424657535,True,True,,,4.3903613892668645,91857.69124032906,1989925.926823914,0.0
1020849996,2024-06-03,SOFR,SPOT,SPOT,False,True,execution_timestamp,STRICT_1MIN_IN_SESSION,10.005479452054795,False,True,,,4.041269987756304,4882.4624242803475,,0.0
1021237997,2024-06-04,SOFR,FORWARD_START,FORWARD_START,False,False,execution_timestamp,ASOF_2H_OUT_OF_SESSION,2.0,False,True,,,4.3303295964392134,15122.761816856675,,6720.0
1022391824,2024-06-04,SOFR,SPOT,SPOT,False,True,execution_timestamp,STRICT_1MIN_IN_SESSION,10.005479452054795,False,True,,,3.99898997523706,9785.608684716059,,0.0
1022730821,2024-06-04,SOFR,CAPPED,SPOT,True,True,execution_timestamp,STRICT_1MIN_IN_SESSION,25.016438356164382,False,True,,,3.832610082762469,190342.02457036581,,0.0
1026347857,2024-06-06,SOFR,CAPPED,FORWARD_START,True,True,execution_timestamp,STRICT_1MIN_IN_SESSION,5.002739726027397,False,True,,,4.05776083243045,107273.37068685933,,0.0
1027633700,2024-06-07,SOFR,FORWARD_START,FORWARD_START,False,True,execution_timestamp,STRICT_1MIN_IN_SESSION,15.008219178082191,True,True,,,4.022090036994114,14514.439426670666,166683.87607076764,0.0
1028359482,2024-06-10,SOFR,SPOT,SPOT,False,True,execution_timestamp,STRICT_1MIN_IN_SESSION,5.002739726027397,False,True,,,4.235550004220788,3115.170294202836,,0.0
1028484519,2024-06-10,SOFR,CAPPED,SPOT,True,True,execution_timestamp,STRICT_1MIN_IN_SESSION,0.5013698630136987,False,True,,,5.3102900000002276,59346.14646544945,,0.0
1028776217,2024-06-10,SOFR,FORWARD_START,FORWARD_START,False,True,execution_timestamp,STRICT_1MIN_IN_SESSION,10.005479452054795,True,True,,,4.075250776195024,89129.51596821993,1250048.3796429634,0.0
1030682043,2024-06-11,SOFR,FORWARD_START,FORWARD_START,False,True,execution_timestamp,STRICT_1MIN_IN_SESSION,7.002739726027397,True,True,,,4.068646519673568,30060.140090873872,53646.88815220073,0.0
1032326151,2024-06-12,SOFR,SPOT,SPOT,False,True,execution_timestamp,STRICT_1MIN_IN_SESSION,3.0,False,True,,,4.275299860033344,44526.41840142177,,0.0
1032584211,2024-06-12,SOFR,PAST_START,PAST_START,False,True,execution_timestamp,STRICT_1MIN_IN_SESSION,10.005479452054795,True,True,,,3.892081352675622,25450.557463700326,-174918.2388131488,0.0
1032611052,2024-06-12,SOFR,FORWARD_START,FORWARD_START,False,True,execution_timestamp,STRICT_1MIN_IN_SESSION,3.0,True,True,,,4.314558626272037,12512.487048414885,-24951.61804987304,0.0
1034077998,2024-06-13,SOFR,CAPPED,FORWARD_START,True,True,execution_timestamp,STRICT_1MIN_IN_SESSION,0.038356164383561646,False,True,,,5.331789999999741,24815.368066615105,,0.0
1034411204,2024-06-13,SOFR,CAPPED,FORWARD_START,True,True,execution_timestamp,STRICT_1MIN_IN_SESSION,10.005479452054795,False,True,,,3.8468298153619407,139761.3130718526,,0.0
1036027687,2024-06-14,SOFR,FORWARD_START,FORWARD_START,False,True,execution_timestamp,STRICT_1MIN_IN_SESSION,1.821917808219178,True,True,,,4.376732374207692,24032.572372154475,-680764.9717542008,0.0
1036501803,2024-06-14,SOFR,CAPPED,FORWARD_START,True,True,execution_timestamp,STRICT_1MIN_IN_SESSION,9.887671232876713,True,True,,,3.8101530359544835,138611.20649528567,639311.7950662896,0.0
1038531868,2024-06-17,SOFR,FORWARD_START,FORWARD_START,True,True,execution_timestamp,STRICT_1MIN_IN_SESSION,10.01095890410959,True,True,,,3.821352044334331,138298.89739156864,-2470681.528981991,0.0
1039002512,2024-06-17,SOFR,CAPPED,FORWARD_START,True,True,execution_timestamp,STRICT_1MIN_IN_SESSION,5.254794520547946,False,True,,,4.009788883911532,79552.44430049146,,0.0
1039228013,2024-06-18,SOFR,SPOT,FORWARD_START,False,True,execution_timestamp,STRICT_1MIN_IN_SESSION,20.013698630136986,False,True,,,3.820524352504215,9699.705747148444,,0.0
1042716982,2024-06-20,SOFR,FORWARD_START,FORWARD_START,False,False,execution_timestamp,ASOF_2H_OUT_OF_SESSION,5.002739726027397,True,True,,,3.659518795899085,25026.11751698183,10808.269370235503,720.0
1043808443,2024-06-20,SOFR,CAPPED,FORWARD_START,True,True,execution_timestamp,STRICT_1MIN_IN_SESSION,6.002739726027397,False,True,,,3.9544502102332193,89704.9683837745,,0.0
1047197351,2024-06-24,SOFR,SPOT,SPOT,False,True,execution_timestamp,STRICT_1MIN_IN_SESSION,10.005479452054795,False,True,,,3.8601800753281292,50086.937379141404,,0.0
1047641150,2024-06-24,SOFR,CAPPED,SPOT,True,True,execution_timestamp,STRICT_1MIN_IN_SESSION,2.96986301369863,False,True,,,4.269600102790773,66180.80663446337,,0.0
1049087442,2024-06-25,SOFR,CAPPED,SPOT,True,True,execution_timestamp,STRICT_1MIN_IN_SESSION,5.002739726027397,False,True,,,4.000019942239262,107477.92975982743,,0.0
1051250080,2024-06-26,SOFR,CAPPED,FORWARD_START,True,True,execution_timestamp,STRICT_1MIN_IN_SESSION,4.243835616438356,True,True,,,4.050672027751335,91717.2077184015,637820.0604427978,0.0
1052723517,2024-06-27,SOFR,FORWARD_START,FORWARD_START,True,True,execution_timestamp,STRICT_1MIN_IN_SESSION,3.0,False,True,,,4.29065025980278,66744.58226990003,,0.0
1052736953,2024-06-27,SOFR,CAPPED,FORWARD_START,True,True,execution_timestamp,STRICT_1MIN_IN_SESSION,3.0,True,True,,,4.011686508800375,65678.49786791245,1000194.9143557213,0.0
1052926065,2024-06-27,SOFR,CAPPED,FORWARD_START,True,True,execution_timestamp,STRICT_1MIN_IN_SESSION,4.002739726027397,False,True,,,4.1314600712822775,87545.55595438727,,0.0
1053278034,2024-06-28,SOFR,FORWARD_START,FORWARD_START,False,True,execution_timestamp,STRICT_1MIN_IN_SESSION,0.7479452054794521,False,True,,,4.888554468975292,15139.141777646619,,0.0
1055720297,2024-07-01,SOFR,SPOT,SPOT,False,True,execution_timestamp,STRICT_1MIN_IN_SESSION,6.002739726027397,False,True,,,4.057280148329855,5264.26207511655,,0.0
1057651699,2024-07-02,SOFR,CAPPED,FORWARD_START,True,True,execution_timestamp,STRICT_1MIN_IN_SESSION,2.0,False,True,,,4.010149542048202,83477.0153117867,,0.0
1059371225,2024-07-03,FED_FUNDS,CAPPED,FORWARD_START,True,True,execution_timestamp,STRICT_1MIN_IN_SESSION,0.11506849315068493,True,True,,,4.896197837370052,72443.95803836049,-386141.9632917717,0.0
1062278732,2024-07-05,SOFR,FORWARD_START,FORWARD_START,False,True,execution_timestamp,STRICT_1MIN_IN_SESSION,10.005479452054795,False,True,,,3.9214999388719076,20486.876481899388,,0.0
1062478263,2024-07-05,FED_FUNDS,CAPPED,FORWARD_START,True,True,execution_timestamp,STRICT_1MIN_IN_SESSION,0.13424657534246576,True,True,,,5.301631565425595,28261.431122275542,-57564.11107931286,0.0
1066101016,2024-07-09,SOFR,SPOT,SPOT,False,True,execution_timestamp,STRICT_1MIN_IN_SESSION,3.0,False,True,,,4.209840014710505,5020.163609367853,,0.0
1066466764,2024-07-09,SOFR,CAPPED,SPOT,True,True,execution_timestamp,STRICT_1MIN_IN_SESSION,10.008219178082191,False,True,,,3.875499129357847,139707.92463062055,,0.0
1068775285,2024-07-10,FED_FUNDS,CAPPED,SPOT,True,True,execution_timestamp,STRICT_1MIN_IN_SESSION,3.1424657534246574,False,True,,,4.1243078157663815,70031.37265561869,,0.0
1072075052,2024-07-12,SOFR,CAPPED,FORWARD_START,True,True,execution_timestamp,STRICT_1MIN_IN_SESSION,2.915068493150685,True,True,,,4.058047739555657,65303.42428024488,-8830.7237534374,0.0
1073605570,2024-07-15,SOFR,FORWARD_START,FORWARD_START,False,True,execution_timestamp,STRICT_1MIN_IN_SESSION,5.002739726027397,True,True,,,3.766974384563711,447.68764012950504,-15849.289232006762,0.0
1073641695,2024-07-15,SOFR,CAPPED,SPOT,True,True,execution_timestamp,STRICT_1MIN_IN_SESSION,5.002739726027397,False,True,,,3.8147904020480508,108167.65701406688,,0.0
1075501061,2024-07-16,SOFR,SPOT,SPOT,False,True,execution_timestamp,STRICT_1MIN_IN_SESSION,30.019178082191782,False,True,,,3.6115702343711034,19831.307349742903,,0.0
1075521722,2024-07-16,SOFR,CAPPED,SPOT,True,True,execution_timestamp,STRICT_1MIN_IN_SESSION,10.005479452054795,False,True,,,3.7479595292349774,140703.96949942675,,0.0
1083306077,2024-07-22,SOFR,SPOT,SPOT,False,True,execution_timestamp,STRICT_1MIN_IN_SESSION,30.019178082191782,False,True,,,3.6778102534541524,32173.80037323123,,0.0
1084979542,2024-07-23,SOFR,CAPPED,PAST_START,True,True,execution_timestamp,STRICT_1MIN_IN_SESSION,30.019178082191782,True,True,,,3.678839180310848,216642.05125015453,-4002696.2968117446,0.0
1088491626,2024-07-25,FED_FUNDS,CAPPED,FORWARD_START,True,True,execution_timestamp,STRICT_1MIN_IN_SESSION,0.07397260273972603,False,True,,,5.219914278292789,47518.935069965635,,0.0
1088516715,2024-07-25,SOFR,FORWARD_START,FORWARD_START,False,True,execution_timestamp,STRICT_1MIN_IN_SESSION,10.005479452054795,False,True,,,3.7214457819011204,20569.39216586443,,0.0
1088539976,2024-07-25,SOFR,SPOT,SPOT,False,True,execution_timestamp,STRICT_1MIN_IN_SESSION,7.5917808219178085,False,True,,,3.7653836590969174,2620.4361648340896,,0.0
1088969661,2024-07-25,SOFR,CAPPED,FORWARD_START,True,True,execution_timestamp,STRICT_1MIN_IN_SESSION,0.2465753424657534,True,True,,,3.9921827962837506,49766.17785166685,-69758.2653125897,0.0
1092302108,2024-07-29,FED_FUNDS,SPOT,SPOT,False,True,execution_timestamp,STRICT_1MIN_IN_SESSION,0.5808219178082191,False,True,,,4.996000000000575,1143.218687353755,,0.0
1093204034,2024-07-30,SOFR,CAPPED,SPOT,True,True,execution_timestamp,STRICT_1MIN_IN_SESSION,2.9534246575342467,False,True,,,4.001244440205703,66191.64265754816,,0.0
1094106014,2024-07-30,SOFR,SPOT,SPOT,False,True,execution_timestamp,STRICT_1MIN_IN_SESSION,0.08493150684931507,False,True,,,5.341839999999979,4558.327058816745,,0.0
1095783845,2024-07-31,SOFR,CAPPED,SPOT,True,True,execution_timestamp,STRICT_1MIN_IN_SESSION,15.008219178082191,False,True,,,3.7473598302082896,137204.44796219422,,0.0
1096367696,2024-07-31,SOFR,SPOT,SPOT,False,True,execution_timestamp,STRICT_1MIN_IN_SESSION,30.024657534246575,False,True,,,3.5679799505747956,90737.5991751691,,0.0
1096376123,2024-07-31,FED_FUNDS,CAPPED,SPOT,True,True,execution_timestamp,STRICT_1MIN_IN_SESSION,0.13424657534246576,True,True,,,5.303759756711978,28370.280703231685,-13448.20326827839,0.0
1097864531,2024-08-01,SOFR,PAST_START,PAST_START,False,True,execution_timestamp,STRICT_1MIN_IN_SESSION,10.005479452054795,True,True,,,3.616508647325261,8475.06415132276,-178816.52492927853,0.0
1097871183,2024-08-01,SOFR,FORWARD_START,FORWARD_START,False,True,execution_timestamp,STRICT_1MIN_IN_SESSION,5.33972602739726,False,True,,,3.490906857439701,62359.772839637015,,0.0
1099686987,2024-08-02,SOFR,FORWARD_START,FORWARD_START,False,True,execution_timestamp,STRICT_1MIN_IN_SESSION,5.002739726027397,False,True,,,3.375225935379518,24251.437624085596,,0.0
1099696341,2024-08-02,SOFR,CAPPED,FORWARD_START,True,True,execution_timestamp,STRICT_1MIN_IN_SESSION,10.005479452054795,True,True,,,3.375670412927124,142998.04595521194,-5352839.9494642615,0.0
1100232803,2024-08-02,SOFR,PAST_START,PAST_START,False,True,execution_timestamp,STRICT_1MIN_IN_SESSION,4.920547945205479,False,True,,,3.3597719246899334,446.7222031005839,,0.0
1100902356,2024-08-05,FED_FUNDS,CAPPED,FORWARD_START,True,True,execution_timestamp,STRICT_1MIN_IN_SESSION,0.021917808219178082,True,True,,,4.952132303761015,14130.285103035278,-533937.8279083995,0.0
1101734193,2024-08-05,SOFR,SPOT,SPOT,False,True,execution_timestamp,STRICT_1MIN_IN_SESSION,10.005479452054795,False,True,,,3.304230031545575,1697.985698493469,,0.0
1103715378,2024-08-06,SOFR,FORWARD_START,FORWARD_START,False,True,execution_timestamp,STRICT_1MIN_IN_SESSION,10.005479452054795,False,True,,,3.3238339394904974,25203.63238269002,,0.0
1104041561,2024-08-06,SOFR,PAST_START,PAST_START,False,True,execution_timestamp,STRICT_1MIN_IN_SESSION,9.463013698630137,True,True,,,3.531749860586054,653.1782414739238,-4984.412266903091,0.0
1104512278,2024-08-07,SOFR,SPOT,SPOT,False,False,execution_timestamp,ASOF_2H_OUT_OF_SESSION,30.019178082191782,False,True,,,3.376865363928741,35348.553172638654,,6180.0
1105753253,2024-08-07,SOFR,CAPPED,FORWARD_START,True,True,execution_timestamp,STRICT_1MIN_IN_SESSION,0.9972602739726028,False,True,,,4.132477304230853,106087.75067328333,,0.0
1105758352,2024-08-07,SOFR,SPOT,SPOT,False,True,execution_timestamp,STRICT_1MIN_IN_SESSION,3.0,False,True,,,3.6370201761545413,25089.256728146585,,0.0
1106129513,2024-08-07,SOFR,PAST_START,PAST_START,False,True,execution_timestamp,STRICT_1MIN_IN_SESSION,4.857534246575343,False,True,,,3.757469341724251,85825.26787665999,,0.0
1107685141,2024-08-08,FED_FUNDS,CAPPED,FORWARD_START,True,True,execution_timestamp,STRICT_1MIN_IN_SESSION,0.11232876712328767,False,True,,,4.545404088425252,71574.97229566406,,0.0
1111193709,2024-08-12,SOFR,FORWARD_START,FORWARD_START,False,True,execution_timestamp,STRICT_1MIN_IN_SESSION,10.01095890410959,True,True,,,3.4678360282268055,50275.3821988604,-161705.59739307314,0.0
1112812541,2024-08-13,SOFR,SPOT,SPOT,False,True,execution_timestamp,STRICT_1MIN_IN_SESSION,10.005479452054795,False,True,,,3.409439450999548,42203.97447386041,,0.0
1113240936,2024-08-13,SOFR,CAPPED,SPOT,True,True,execution_timestamp,STRICT_1MIN_IN_SESSION,4.002739726027397,False,True,,,3.4329700352638435,89061.56775775153,,0.0
1114544137,2024-08-14,SOFR,FORWARD_START,FORWARD_START,False,True,execution_timestamp,STRICT_1MIN_IN_SESSION,30.019178082191782,True,True,,,3.2855984340500557,3709.8275347603453,-49860.663007601164,0.0
1114681732,2024-08-14,SOFR,SPOT,SPOT,False,True,execution_timestamp,STRICT_1MIN_IN_SESSION,6.002739726027397,False,True,,,3.348949771416595,50221.37603653094,,0.0
1115047489,2024-08-14,SOFR,CAPPED,SPOT,True,True,execution_timestamp,STRICT_1MIN_IN_SESSION,2.0,False,True,,,3.7553999747059033,88048.93783451062,,0.0
1116347051,2024-08-15,SOFR,FORWARD_START,FORWARD_START,False,True,execution_timestamp,STRICT_1MIN_IN_SESSION,0.2493150684931507,False,True,,,4.939918816682035,4718.525277612687,,0.0
1118100686,2024-08-16,SOFR,CAPPED,PAST_START,True,True,execution_timestamp,STRICT_1MIN_IN_SESSION,2.0027397260273974,True,True,,,4.618957610821014,90257.3888795631,3330115.0559946746,0.0
1119931791,2024-08-19,SOFR,SPOT,SPOT,True,True,execution_timestamp,STRICT_1MIN_IN_SESSION,3.0,False,True,,,3.6200099971776147,67772.19177927649,,0.0
1120075947,2024-08-19,SOFR,CAPPED,FORWARD_START,True,True,execution_timestamp,STRICT_1MIN_IN_SESSION,4.243835616438356,True,True,,,3.468467412307716,93854.22124084909,-5371113.659755725,0.0
1121690796,2024-08-20,SOFR,FORWARD_START,FORWARD_START,False,True,execution_timestamp,STRICT_1MIN_IN_SESSION,3.0,True,True,,,3.567847468842876,30983.32430027252,625390.5586347971,0.0
1122173101,2024-08-20,SOFR,CAPPED,FORWARD_START,True,True,execution_timestamp,STRICT_1MIN_IN_SESSION,3.0,False,True,,,3.5582070641427723,67691.3313947361,,0.0
1123530181,2024-08-21,SOFR,SPOT,SPOT,False,True,execution_timestamp,STRICT_1MIN_IN_SESSION,10.005479452054795,False,True,,,3.3599199869029603,25368.197175148518,,0.0
1123615784,2024-08-21,SOFR,CAPPED,SPOT,True,True,execution_timestamp,STRICT_1MIN_IN_SESSION,12.008219178082191,False,True,,,3.3759598926590098,118130.96225321636,,0.0
1123916096,2024-08-21,SOFR,PAST_START,PAST_START,False,True,execution_timestamp,STRICT_1MIN_IN_SESSION,7.005479452054795,True,True,,,3.485486657648766,12011.089809892826,-513610.2258889121,0.0
1125395662,2024-08-22,SOFR,CAPPED,FORWARD_START,True,True,execution_timestamp,STRICT_1MIN_IN_SESSION,20.013698630136986,False,True,,,3.457970116796428,172359.02291630316,,0.0
1128860555,2024-08-26,SOFR,CAPPED,SPOT,True,True,execution_timestamp,STRICT_1MIN_IN_SESSION,4.002739726027397,False,True,,,3.3677901860407284,89191.75936515389,,0.0
1129146461,2024-08-26,SOFR,CAPPED,FORWARD_START,True,True,execution_timestamp,STRICT_1MIN_IN_SESSION,5.002739726027397,False,True,,,2.682556419396915,49576.28534280971,,0.0
1130553971,2024-08-27,SOFR,CAPPED,SPOT,True,True,execution_timestamp,STRICT_1MIN_IN_SESSION,0.08493150684931507,False,True,,,5.246609999999956,56592.184543849595,,0.0
1130648608,2024-08-27,SOFR,SPOT,SPOT,False,True,execution_timestamp,STRICT_1MIN_IN_SESSION,10.005479452054795,False,True,,,3.3940495845094114,63385.25769531686,,0.0
1132319231,2024-08-28,FED_FUNDS,CAPPED,FORWARD_START,True,True,execution_timestamp,STRICT_1MIN_IN_SESSION,0.11232876712328767,True,True,,,4.660363086713783,71764.97194581259,-282660.07270174474,0.0
1132745435,2024-08-28,SOFR,CAPPED,FORWARD_START,True,True,execution_timestamp,STRICT_1MIN_IN_SESSION,6.657534246575342,True,True,,,3.350389996767025,100840.1833521504,-8315382.392003059,0.0
1132769286,2024-08-28,SOFR,SPOT,SPOT,False,True,execution_timestamp,STRICT_1MIN_IN_SESSION,2.0,False,True,,,3.7002413865928325,1148.0700694344598,,0.0
1134306266,2024-08-29,SOFR,CAPPED,SPOT,True,True,event_timestamp,STRICT_1MIN_IN_SESSION,0.5589041095890411,False,True,,,4.670558978305204,60699.50442444589,,0.0
1135929424,2024-08-30,SOFR,CAPPED,FORWARD_START,True,True,execution_timestamp,STRICT_1MIN_IN_SESSION,10.005479452054795,False,True,,,3.394489971318862,143622.28119339564,,0.0
1136653181,2024-08-30,SOFR,PAST_START,PAST_START,False,True,execution_timestamp,STRICT_1MIN_IN_SESSION,4.657534246575342,True,True,,,3.951363331971805,41928.46825779347,-960659.5190996937,0.0
1140228372,2024-09-03,SOFR,CAPPED,PAST_START,True,True,event_timestamp,STRICT_1MIN_IN_SESSION,4.906849315068493,True,True,,,3.6699483470245156,110273.4128339693,457065.0682719946,0.0
1140293675,2024-09-03,SOFR,SPOT,SPOT,False,True,execution_timestamp,STRICT_1MIN_IN_SESSION,10.005479452054795,True,True,,,3.3826500191239712,49893.67468669987,69601.77160446718,0.0
1142119643,2024-09-04,SOFR,CAPPED,FORWARD_START,True,True,execution_timestamp,STRICT_1MIN_IN_SESSION,5.005479452054795,False,True,,,3.2477178286669273,99875.20161135132,,0.0
1142196319,2024-09-04,SOFR,PAST_START,PAST_START,False,True,execution_timestamp,STRICT_1MIN_IN_SESSION,5.005479452054795,True,True,,,3.559973433993809,8395.683738355747,-345916.078315136,0.0
1142589842,2024-09-04,SOFR,CAPPED,SPOT,True,True,execution_timestamp,STRICT_1MIN_IN_SESSION,4.8191780821917805,True,True,,,3.260505018437767,106353.42655316711,-1258172.7167220116,0.0
1143928457,2024-09-05,SOFR,FORWARD_START,FORWARD_START,False,True,execution_timestamp,STRICT_1MIN_IN_SESSION,2.0,False,True,,,3.510930001799782,24935.95124152224,,0.0
1143943790,2024-09-05,SOFR,CAPPED,PAST_START,True,True,event_timestamp,STRICT_1MIN_IN_SESSION,9.457534246575342,True,True,,,3.33821076839265,139054.18548432773,-13187749.212326758,0.0
1145204752,2024-09-06,SOFR,PAST_START,PAST_START,False,True,execution_timestamp,STRICT_1MIN_IN_SESSION,10.005479452054795,False,True,,,3.2778400271394026,27284.12384436593,,0.0
1145270174,2024-09-06,SOFR,FORWARD_START,FORWARD_START,False,True,execution_timestamp,STRICT_1MIN_IN_SESSION,10.005479452054795,False,True,,,3.2357700904831184,11935.475779539609,,0.0
1145320236,2024-09-06,SOFR,SPOT,SPOT,False,True,execution_timestamp,STRICT_1MIN_IN_SESSION,10.005479452054795,True,True,,,3.2285399373585744,10236.324264407536,-52676.18878643587,0.0
1145707418,2024-09-06,SOFR,PAST_START,PAST_START,False,True,execution_timestamp,STRICT_1MIN_IN_SESSION,19.8,True,True,,,3.3562036532609687,52360.045063273494,-2177124.7719025575,0.0
1146512443,2024-09-09,SOFR,CAPPED,PAST_START,True,True,execution_timestamp,STRICT_1MIN_IN_SESSION,7.005479452054795,False,True,,,3.4241359957590487,111594.69766938724,,0.0
1147112607,2024-09-09,SOFR,CAPPED,PAST_START,True,True,execution_timestamp,STRICT_1MIN_IN_SESSION,30.019178082191782,True,True,,,3.1932980208981885,229979.49463874658,-131133.82722753286,0.0
1149246421,2024-09-10,SOFR,CAPPED,FORWARD_START,True,True,execution_timestamp,STRICT_1MIN_IN_SESSION,5.002739726027397,False,True,,,3.0517182506660823,109965.40335964864,,0.0
1149426971,2024-09-10,FED_FUNDS,CAPPED,FORWARD_START,True,True,execution_timestamp,STRICT_1MIN_IN_SESSION,0.136986301369863,True,True,,,4.993041433519673,28911.62330546842,-86615.0788851045,0.0
1149428176,2024-09-10,SOFR,PAST_START,PAST_START,False,True,execution_timestamp,STRICT_1MIN_IN_SESSION,30.02191780821918,True,True,,,3.2173045502218214,3735.8505763262456,507068.698619643,0.0
1150767706,2024-09-11,SOFR,PAST_START,PAST_START,False,True,execution_timestamp,STRICT_1MIN_IN_SESSION,2.0,True,True,,,3.460335490885931,50158.873985535305,-1118364.8715899289,0.0
1151196120,2024-09-11,SOFR,CAPPED,PAST_START,True,True,execution_timestamp,STRICT_1MIN_IN_SESSION,4.243835616438356,True,True,,,3.1830926219068663,94879.69524767694,440570.2775464542,0.0
1151200569,2024-09-11,SOFR,SPOT,SPOT,False,True,execution_timestamp,STRICT_1MIN_IN_SESSION,10.005479452054795,False,True,,,3.185680091279449,10256.417776578124,,0.0
1151203654,2024-09-11,SOFR,CAPPED,FORWARD_START,True,True,execution_timestamp,STRICT_1MIN_IN_SESSION,12.008219178082191,True,True,,,3.2210088359626714,119335.93320127294,-7127829.84532693,0.0
1152924395,2024-09-12,SOFR,FORWARD_START,FORWARD_START,False,True,execution_timestamp,STRICT_1MIN_IN_SESSION,7.002739726027397,True,True,,,3.1068334161278135,3718.8716020301335,309.93675703997724,0.0
1152990652,2024-09-12,SOFR,PAST_START,PAST_START,False,True,execution_timestamp,STRICT_1MIN_IN_SESSION,5.002739726027397,True,True,,,3.5830760261699472,14453.504590581622,29016.893640795723,0.0
1154415096,2024-09-13,SOFR,CAPPED,FORWARD_START,True,True,execution_timestamp,STRICT_1MIN_IN_SESSION,10.756164383561643,False,True,,,3.213605221998267,108985.27947530158,,0.0
1155439801,2024-09-16,SOFR,PAST_START,PAST_START,False,True,execution_timestamp,STRICT_1MIN_IN_SESSION,5.002739726027397,True,True,,,3.116922883050529,3690.28433745664,-24753.363408037927,0.0
1155764107,2024-09-16,SOFR,CAPPED,PAST_START,True,True,execution_timestamp,STRICT_1MIN_IN_SESSION,10.005479452054795,True,True,,,3.1681761361748926,145597.57694859535,-417717.46559209377,0.0
1155805223,2024-09-16,SOFR,CAPPED,SPOT,True,True,execution_timestamp,STRICT_1MIN_IN_SESSION,4.002739726027397,False,True,,,3.134339825459684,89788.27670228328,,0.0
1156302943,2024-09-17,SOFR,SPOT,SPOT,False,True,execution_timestamp,STRICT_1MIN_IN_SESSION,5.002739726027397,False,True,,,3.1116700164705104,5070.299598691256,,0.0
1156329690,2024-09-17,SOFR,CAPPED,SPOT,True,True,execution_timestamp,STRICT_1MIN_IN_SESSION,2.904109589041096,False,True,,,3.2451505647849546,66220.40363579644,,0.0
1156976224,2024-09-18,SOFR,SPOT,SPOT,False,False,execution_timestamp,ASOF_2H_OUT_OF_SESSION,0.26575342465753427,False,True,,,4.791665972822731,10901.078781212285,,2100.0
1157411221,2024-09-18,SOFR,FORWARD_START,FORWARD_START,False,True,execution_timestamp,STRICT_1MIN_IN_SESSION,2.0,False,True,,,3.37561737783276,1151.352358347538,,0.0
1157500945,2024-09-18,SOFR,PAST_START,PAST_START,False,True,execution_timestamp,STRICT_1MIN_IN_SESSION,5.002739726027397,True,True,,,3.3824170572712275,3254.443778268048,-281048.2134982066,0.0
1157854365,2024-09-18,SOFR,CAPPED,SPOT,True,True,execution_timestamp,STRICT_1MIN_IN_SESSION,15.008219178082191,False,True,,,3.339359524483939,141839.0895307807,,0.0
1161394215,2024-09-20,SOFR,CAPPED,FORWARD_START,True,True,execution_timestamp,STRICT_1MIN_IN_SESSION,3.0,False,True,,,3.258150199329768,68201.23125445552,,0.0
1161408833,2024-09-20,SOFR,PAST_START,PAST_START,False,True,execution_timestamp,STRICT_1MIN_IN_SESSION,7.002739726027397,True,True,,,3.218894221490304,9999.595914257377,-8805.422680741642,0.0
1163303138,2024-09-23,SOFR,CAPPED,FORWARD_START,True,True,execution_timestamp,STRICT_1MIN_IN_SESSION,1.8273972602739725,False,True,,,3.20524737878777,80714.94540340066,,0.0
1165145953,2024-09-24,SOFR,FORWARD_START,FORWARD_START,False,False,execution_timestamp,ASOF_2H_OUT_OF_SESSION,4.994520547945205,False,True,,,3.132084434959376,1826.507010422557,,180.0
1164836549,2024-09-24,SOFR,CAPPED,PAST_START,True,True,execution_timestamp,STRICT_1MIN_IN_SESSION,30.019178082191782,True,True,,,3.3372918216277316,225550.72569624748,4339411.498615786,0.0
1165173001,2024-09-24,SOFR,PAST_START,PAST_START,False,True,execution_timestamp,STRICT_1MIN_IN_SESSION,10.008219178082191,True,True,,,3.3415929918825236,930.1864736096176,108328.86483096788,0.0
1169190817,2024-09-26,FED_FUNDS,CAPPED,FORWARD_START,True,True,event_timestamp,STRICT_1MIN_IN_SESSION,0.11232876712328767,False,True,,,4.4476033073055525,72101.26260858624,,0.0
1169253634,2024-09-26,SOFR,CAPPED,FORWARD_START,True,True,execution_timestamp,STRICT_1MIN_IN_SESSION,15.01095890410959,True,True,,,3.197810555629419,87147.2250940262,-3592116.628994461,0.0
1171173440,2024-09-27,SOFR,PAST_START,PAST_START,False,True,execution_timestamp,STRICT_1MIN_IN_SESSION,10.005479452054795,True,True,,,3.322843029964588,4258.8874142456,39455.6234333762,0.0
1171462685,2024-09-27,FED_FUNDS,CAPPED,FORWARD_START,True,True,execution_timestamp,STRICT_1MIN_IN_SESSION,0.019178082191780823,False,True,,,4.829830000001017,12422.769100383759,,0.0
1171464385,2024-09-27,SOFR,FORWARD_START,FORWARD_START,False,True,event_timestamp,STRICT_1MIN_IN_SESSION,3.0,False,True,,,3.2451201667505885,42644.82762397896,,0.0
1174574464,2024-10-01,SOFR,PAST_START,PAST_START,False,True,execution_timestamp,STRICT_1MIN_IN_SESSION,9.005479452054795,False,True,,,3.3905921049770895,10229.37819813265,,0.0
1174797227,2024-10-01,SOFR,SPOT,SPOT,False,True,execution_timestamp,STRICT_1MIN_IN_SESSION,10.005479452054795,True,True,,,3.27754991952359,34060.3114162454,-192372.91298411228,0.0
1174841420,2024-10-01,SOFR,CAPPED,SPOT,True,True,execution_timestamp,STRICT_1MIN_IN_SESSION,15.378082191780821,False,True,,,3.3360264565542472,144686.34035767984,,0.0
1175380455,2024-10-02,SOFR,FORWARD_START,FORWARD_START,False,True,execution_timestamp,STRICT_1MIN_IN_SESSION,3.0,True,True,,,3.2049532254061717,2769.770263329101,-22918.955565638375,0.0
1175828637,2024-10-02,FED_FUNDS,CAPPED,FORWARD_START,True,True,execution_timestamp,STRICT_1MIN_IN_SESSION,0.11232876712328767,False,True,,,4.455235149453459,72156.67041047526,,0.0
1176074361,2024-10-02,SOFR,CAPPED,PAST_START,True,True,execution_timestamp,STRICT_1MIN_IN_SESSION,1.9534246575342467,True,True,,,3.7066192698113025,87031.3847483912,-5148609.01387867,0.0
1176643351,2024-10-03,SOFR,CAPPED,PAST_START,True,True,execution_timestamp,STRICT_1MIN_IN_SESSION,3.0,True,True,,,3.3813287134112175,68316.85028659384,104720.94192003459,0.0
1177525880,2024-10-04,SOFR,CAPPED,FORWARD_START,True,True,execution_timestamp,STRICT_1MIN_IN_SESSION,3.0,False,True,,,3.533949949110318,67838.48499824027,,0.0
1177795379,2024-10-04,SOFR,CAPPED,FORWARD_START,True,True,execution_timestamp,STRICT_1MIN_IN_SESSION,5.002739726027397,False,True,,,3.4841899876195246,109485.68019216458,,0.0
1177868638,2024-10-04,SOFR,FORWARD_START,FORWARD_START,False,True,execution_timestamp,STRICT_1MIN_IN_SESSION,1.0,True,True,,,3.8134926329264385,7239.991167176265,299368.30100798653,0.0
1178476229,2024-10-07,SOFR,PAST_START,PAST_START,False,True,execution_timestamp,STRICT_1MIN_IN_SESSION,10.008219178082191,True,True,,,3.6223609144253377,100830.96091140324,1427019.3945371807,0.0
1186223456,2024-10-10,SOFR,SPOT,SPOT,False,True,execution_timestamp,STRICT_1MIN_IN_SESSION,0.8191780821917808,False,True,,,4.2372324416663245,802.0497879801003,,0.0
1219155406,2024-10-10,SOFR,FORWARD_START,SPOT,False,True,event_timestamp,STRICT_1MIN_IN_SESSION,0.0,False,False,PRICING_ERROR,ValueError: Schedule `termination` must be after `effective`.,,,,0.0
1187589192,2024-10-11,SOFR,PAST_START,PAST_START,False,True,execution_timestamp,STRICT_1MIN_IN_SESSION,2.0,True,True,,,4.025722810458803,966.6721913762874,-19901.57539681805,0.0
1191618799,2024-10-15,SOFR,SPOT,SPOT,False,True,execution_timestamp,STRICT_1MIN_IN_SESSION,5.002739726027397,False,True,,,3.5589513166791744,5008.259438777304,,0.0
1192575447,2024-10-15,SOFR,CAPPED,FORWARD_START,True,True,execution_timestamp,STRICT_1MIN_IN_SESSION,5.002739726027397,False,True,,,3.4638023225841588,293595.60188612464,,0.0
1194562806,2024-10-16,SOFR,PAST_START,PAST_START,False,True,execution_timestamp,STRICT_1MIN_IN_SESSION,10.005479452054795,True,True,,,3.639845858159405,44375.55733035514,-2828378.8396575935,0.0
1197023950,2024-10-17,SOFR,FORWARD_START,FORWARD_START,False,True,execution_timestamp,STRICT_1MIN_IN_SESSION,30.019178082191782,True,True,,,3.563740678524742,70492.43071988778,13680.31464549154,0.0
1199484823,2024-10-18,SOFR,PAST_START,PAST_START,False,True,execution_timestamp,STRICT_1MIN_IN_SESSION,5.002739726027397,True,True,,,3.5847524505709245,10046.607129225586,74196.65564166242,0.0
1199789336,2024-10-21,SOFR,SPOT,SPOT,False,False,execution_timestamp,ASOF_2H_OUT_OF_SESSION,30.019178082191782,False,True,,,3.575669286460635,20003.343153896374,,7080.0
1201323189,2024-10-21,SOFR,CAPPED,FORWARD_START,True,True,execution_timestamp,STRICT_1MIN_IN_SESSION,7.002739726027397,False,True,,,3.642198759038485,288669.70984915784,,0.0
1203962249,2024-10-22,SOFR,SPOT,SPOT,False,True,execution_timestamp,STRICT_1MIN_IN_SESSION,10.005479452054795,False,True,,,3.7200500572261803,49937.482676767584,,0.0
1204280840,2024-10-23,SOFR,PAST_START,PAST_START,False,True,execution_timestamp,STRICT_1MIN_IN_SESSION,4.002739726027397,True,True,,,3.8766854481632174,5977.711223596743,-146044.18386027357,0.0
1207883698,2024-10-24,SOFR,CAPPED,FORWARD_START,True,True,execution_timestamp,STRICT_1MIN_IN_SESSION,15.008219178082191,True,True,,,3.7987861088470805,283910.3931838602,25157.55111783743,0.0
1208407878,2024-10-24,SOFR,PAST_START,PAST_START,False,True,execution_timestamp,STRICT_1MIN_IN_SESSION,9.830136986301369,True,True,,,3.719759298835654,14772.867398825143,256662.76236639638,0.0
1210258579,2024-10-25,SOFR,FORWARD_START,FORWARD_START,False,True,execution_timestamp,STRICT_1MIN_IN_SESSION,30.019178082191782,True,True,,,3.6209568796344858,5240.6275599473765,79110.87837761408,0.0
1212209532,2024-10-28,SOFR,SPOT,SPOT,False,True,execution_timestamp,STRICT_1MIN_IN_SESSION,3.0,False,True,,,3.8043900282774246,4218.127905474897,,0.0
1212569412,2024-10-28,SOFR,PAST_START,PAST_START,False,True,execution_timestamp,STRICT_1MIN_IN_SESSION,7.002739726027397,True,True,,,3.894037819458614,14.940035026243532,-391.37241528394406,0.0
1214689350,2024-10-29,SOFR,SPOT,SPOT,False,True,execution_timestamp,STRICT_1MIN_IN_SESSION,5.002739726027397,False,True,,,3.76545999252142,19926.23593847973,,0.0
1218772694,2024-10-31,SOFR,FORWARD_START,FORWARD_START,False,True,execution_timestamp,STRICT_1MIN_IN_SESSION,1.0,False,True,,,3.6985479043292866,8146.41515318268,,0.0
1218882692,2024-10-31,SOFR,FORWARD_START,FORWARD_START,False,True,execution_timestamp,STRICT_1MIN_IN_SESSION,15.008219178082191,False,True,,,3.837659708571501,56861.880779846,,0.0
1221901366,2024-11-01,SOFR,CAPPED,FORWARD_START,True,True,execution_timestamp,STRICT_1MIN_IN_SESSION,6.989041095890411,True,True,,,3.843095404844052,286137.2409406135,396454.73141925037,0.0
1225914334,2024-11-05,SOFR,SPOT,SPOT,False,True,execution_timestamp,STRICT_1MIN_IN_SESSION,5.002739726027397,False,True,,,3.79907025685506,54286.3464169238,,0.0
1226420035,2024-11-05,SOFR,PAST_START,PAST_START,False,True,execution_timestamp,STRICT_1MIN_IN_SESSION,1.9972602739726026,True,True,,,4.096473025329821,5748.949539557178,550446.4108108296,0.0
1228276610,2024-11-06,SOFR,SPOT,SPOT,False,True,execution_timestamp,STRICT_1MIN_IN_SESSION,20.013698630136986,False,True,,,3.9695501226309515,41243.40190171203,,0.0
1230781220,2024-11-07,SOFR,FORWARD_START,FORWARD_START,False,True,execution_timestamp,STRICT_1MIN_IN_SESSION,4.243835616438356,False,True,,,3.8632234573440503,100834.00060158144,,0.0
1232979436,2024-11-08,SOFR,FORWARD_START,FORWARD_START,False,True,execution_timestamp,STRICT_1MIN_IN_SESSION,4.967123287671233,False,True,,,3.8333582060529956,94249.08870324853,,0.0
1232980173,2024-11-08,SOFR,PAST_START,PAST_START,False,True,execution_timestamp,STRICT_1MIN_IN_SESSION,30.02191780821918,True,True,,,3.7859677097054822,5495.392007172721,506107.85907796724,0.0
1238432526,2024-11-12,SOFR,SPOT,SPOT,False,True,execution_timestamp,STRICT_1MIN_IN_SESSION,10.005479452054795,False,True,,,3.927609988708202,41093.5492666855,,0.0
1238434236,2024-11-12,SOFR,PAST_START,PAST_START,False,True,execution_timestamp,STRICT_1MIN_IN_SESSION,10.008219178082191,False,True,,,4.078982043443682,16183.114471057263,,0.0
1240602968,2024-11-13,SOFR,SPOT,SPOT,False,True,execution_timestamp,STRICT_1MIN_IN_SESSION,5.002739726027397,False,True,,,3.932190120437428,19834.13477135084,,0.0
1244671783,2024-11-15,SOFR,CAPPED,FORWARD_START,True,True,execution_timestamp,STRICT_1MIN_IN_SESSION,6.446575342465754,False,True,,,3.949246790565973,265612.66202794,,0.0
1249556396,2024-11-19,SOFR,PAST_START,PAST_START,False,True,execution_timestamp,STRICT_1MIN_IN_SESSION,20.013698630136986,False,True,,,3.8969395952066033,44278.189944968064,,0.0
1251150571,2024-11-20,SOFR,FORWARD_START,FORWARD_START,False,True,execution_timestamp,STRICT_1MIN_IN_SESSION,2.0027397260273974,True,True,,,3.799905275175375,5451.043713058642,25731.80184679292,0.0
1251774776,2024-11-20,SOFR,SPOT,SPOT,False,True,execution_timestamp,STRICT_1MIN_IN_SESSION,3.0,False,True,,,4.012979857097322,42068.317553211076,,0.0
1253841850,2024-11-21,SOFR,CAPPED,FORWARD_START,True,True,execution_timestamp,STRICT_1MIN_IN_SESSION,9.005479452054795,False,True,,,3.887619815010951,354615.8541847498,,0.0
1253908002,2024-11-21,SOFR,PAST_START,PAST_START,False,True,execution_timestamp,STRICT_1MIN_IN_SESSION,29.786301369863015,True,True,,,3.763838709661884,3529.7843159763033,4781.301465353696,0.0
1256500163,2024-11-22,SOFR,PAST_START,PAST_START,False,True,execution_timestamp,STRICT_1MIN_IN_SESSION,5.002739726027397,True,True,,,3.961562530990751,33832.87123722669,508110.62330908887,0.0
1258681220,2024-11-25,SOFR,SPOT,SPOT,False,True,execution_timestamp,STRICT_1MIN_IN_SESSION,7.002739726027397,False,True,,,3.8223199974963347,3048.2536525387286,,0.0
1260689145,2024-11-26,SOFR,SPOT,SPOT,False,True,execution_timestamp,STRICT_1MIN_IN_SESSION,30.019178082191782,False,True,,,3.663070172230691,5372.775367721366,,0.0
1261154805,2024-11-26,SOFR,SPOT,SPOT,True,True,execution_timestamp,STRICT_1MIN_IN_SESSION,6.923287671232877,True,True,,,3.837744225033145,283495.77376691764,-34324.95860864222,0.0
1263340100,2024-11-27,SOFR,PAST_START,PAST_START,False,True,execution_timestamp,STRICT_1MIN_IN_SESSION,10.005479452054795,True,True,,,3.7615345580444597,41453.60695819556,176321.08513155766,0.0
1265395749,2024-11-29,SOFR,FORWARD_START,FORWARD_START,False,False,execution_timestamp,ASOF_2H_OUT_OF_SESSION,3.0,False,False,NO_CURVE,"citivelo_excel minute store (USD-SOFR-1D-CITIVELOEXCELMIN): no snapshot satisfies datetime.datetime(2024, 11, 28, 23, 58",,,,
1269354669,2024-12-02,SOFR,PAST_START,PAST_START,False,True,execution_timestamp,STRICT_1MIN_IN_SESSION,4.002739726027397,True,True,,,3.8633412856647493,9204.30538396164,-240838.6713116425,0.0
1271993644,2024-12-03,SOFR,SPOT,SPOT,False,True,execution_timestamp,STRICT_1MIN_IN_SESSION,1.5671232876712329,False,True,,,4.0530631711337755,30241.247085194365,,0.0
1275854059,2024-12-05,SOFR,CAPPED,FORWARD_START,True,True,execution_timestamp,STRICT_1MIN_IN_SESSION,10.005479452054795,True,True,,,3.7190310802478512,389729.6557261419,-1206950.643321544,0.0
1278291507,2024-12-06,SOFR,FORWARD_START,FORWARD_START,False,True,execution_timestamp,STRICT_1MIN_IN_SESSION,4.002739726027397,False,True,,,3.7554100821301506,184554.6030430279,,0.0
1286807242,2024-12-10,SOFR,SPOT,SPOT,False,True,execution_timestamp,STRICT_1MIN_IN_SESSION,5.002739726027397,False,True,,,3.73910201643664,22646.22860775492,,0.0
1282672830,2024-12-10,SOFR,PAST_START,PAST_START,False,True,execution_timestamp,STRICT_1MIN_IN_SESSION,7.002739726027397,False,True,,,3.742255848488725,7347.654374612494,,0.0
1282684772,2024-12-10,SOFR,FORWARD_START,FORWARD_START,False,True,execution_timestamp,STRICT_1MIN_IN_SESSION,0.5041095890410959,False,True,,,3.967563616622071,4921.856741958932,,0.0
1282705454,2024-12-10,SOFR,CAPPED,FORWARD_START,True,True,execution_timestamp,STRICT_1MIN_IN_SESSION,10.005479452054795,False,True,,,3.7317747772304317,386249.5138378832,,0.0
1289795436,2024-12-16,SOFR,SPOT,SPOT,False,True,execution_timestamp,STRICT_1MIN_IN_SESSION,9.005479452054795,False,True,,,3.8912402280480074,75475.77610860964,,0.0
1291651163,2024-12-16,SOFR,PAST_START,PAST_START,False,True,execution_timestamp,STRICT_1MIN_IN_SESSION,4.019178082191781,True,True,,,3.97417685174437,9966.429470086978,196684.34790539742,0.0
1293814069,2024-12-17,SOFR,SPOT,SPOT,False,True,execution_timestamp,STRICT_1MIN_IN_SESSION,10.07123287671233,False,True,,,3.8930594043916593,68760.2481218028,,0.0
1295934156,2024-12-18,SOFR,SPOT,SPOT,False,True,execution_timestamp,STRICT_1MIN_IN_SESSION,10.005479452054795,True,True,,,3.9640908877105927,50045.54174786106,168107.41732681543,0.0
1297480144,2024-12-19,SOFR,PAST_START,PAST_START,False,True,execution_timestamp,STRICT_1MIN_IN_SESSION,10.005479452054795,False,True,,,4.142026909085472,10117.197472666223,,0.0
1298000557,2024-12-19,SOFR,FORWARD_START,FORWARD_START,False,True,execution_timestamp,STRICT_1MIN_IN_SESSION,5.002739726027397,False,True,,,4.109349994954489,4939.576641791504,,0.0
1298096273,2024-12-19,SOFR,PAST_START,PAST_START,False,True,execution_timestamp,STRICT_1MIN_IN_SESSION,6.005479452054795,True,True,,,4.361811144005897,4915.197420683538,1353061.0234646688,0.0
1299426188,2024-12-20,SOFR,CAPPED,FORWARD_START,True,True,execution_timestamp,STRICT_1MIN_IN_SESSION,5.002739726027397,True,True,,,4.024170634505716,280868.2073892202,-51381.06070390344,0.0
1300100888,2024-12-20,SOFR,CAPPED,FORWARD_START,True,True,execution_timestamp,STRICT_1MIN_IN_SESSION,10.005479452054795,True,True,,,4.007932618856035,369534.9531159352,4709080.683440566,0.0
1302462529,2024-12-23,SOFR,SPOT,SPOT,False,True,execution_timestamp,STRICT_1MIN_IN_SESSION,30.019178082191782,False,True,,,3.941749720218942,43227.70552440925,,0.0
1303952069,2024-12-24,SOFR,PAST_START,PAST_START,False,True,execution_timestamp,STRICT_1MIN_IN_SESSION,10.005479452054795,True,True,,,4.125821132917394,3267.169011573802,136123.69984147116,0.0
1307567017,2024-12-27,SOFR,PAST_START,PAST_START,False,True,execution_timestamp,STRICT_1MIN_IN_SESSION,20.013698630136986,True,True,,,4.141107425473928,24448.74460293086,918313.0016376469,0.0
1309573033,2024-12-30,SOFR,FORWARD_START,FORWARD_START,False,True,execution_timestamp,STRICT_1MIN_IN_SESSION,5.005479452054795,True,True,,,4.010959882709613,101688.884856983,111449.82509037852,0.0
1309593883,2024-12-30,SOFR,PAST_START,PAST_START,False,True,execution_timestamp,STRICT_1MIN_IN_SESSION,30.019178082191782,True,True,,,3.9278658849841537,6949.657979727774,68986.39496948617,0.0
1311412878,2024-12-31,SOFR,PAST_START,PAST_START,False,True,execution_timestamp,STRICT_1MIN_IN_SESSION,2.9917808219178084,True,True,,,4.037288450812365,11214.56091355011,179195.73149170913,0.0
1315935055,2025-01-03,SOFR,FORWARD_START,FORWARD_START,False,True,event_timestamp,STRICT_1MIN_IN_SESSION,15.008219178082191,False,True,,,4.1412431242816705,5571.010960195762,,0.0
1317685891,2025-01-06,SOFR,PAST_START,PAST_START,False,True,execution_timestamp,STRICT_1MIN_IN_SESSION,10.005479452054795,True,True,,,4.097914200867789,25371.434063992456,228886.3648952879,0.0
1317758893,2025-01-06,SOFR,SPOT,SPOT,False,True,execution_timestamp,STRICT_1MIN_IN_SESSION,5.002739726027397,False,True,,,4.078880091071904,76406.6509039868,,0.0
1318386261,2025-01-06,FED_FUNDS,CAPPED,FORWARD_START,True,True,execution_timestamp,STRICT_1MIN_IN_SESSION,0.13424657534246576,True,True,,,4.241132233273061,100603.3433260383,655252.0425561294,0.0
1322194517,2025-01-08,SOFR,FORWARD_START,FORWARD_START,False,True,execution_timestamp,STRICT_1MIN_IN_SESSION,10.005479452054795,True,True,,,4.233969064793681,153005.58846172513,672751.2632868737,0.0
1322244066,2025-01-08,SOFR,PAST_START,PAST_START,False,True,execution_timestamp,STRICT_1MIN_IN_SESSION,15.008219178082191,False,True,,,4.314820890235077,26253.743190868758,,0.0
1322249900,2025-01-08,SOFR,SPOT,SPOT,False,True,execution_timestamp,STRICT_1MIN_IN_SESSION,5.002739726027397,False,True,,,4.129859776821992,58379.54705344047,,0.0
1324729083,2025-01-09,SOFR,CAPPED,PAST_START,True,True,execution_timestamp,STRICT_1MIN_IN_SESSION,6.923287671232877,True,True,,,4.191968524901251,285526.7801023902,23830022.949325874,0.0
1326351994,2025-01-10,SOFR,FORWARD_START,FORWARD_START,False,True,execution_timestamp,STRICT_1MIN_IN_SESSION,3.0027397260273974,True,True,,,4.180982843697538,14879.3644530921,52796.21632077731,0.0
1326851836,2025-01-10,SOFR,FORWARD_START,FORWARD_START,False,True,execution_timestamp,STRICT_1MIN_IN_SESSION,4.906849315068493,False,True,,,4.233229896343954,2200.359066996705,,0.0
1327944448,2025-01-13,SOFR,SPOT,SPOT,False,True,execution_timestamp,STRICT_1MIN_IN_SESSION,30.019178082191782,False,True,,,4.121917696674097,10146.760781131014,,0.0
1330773404,2025-01-14,SOFR,PAST_START,PAST_START,False,True,execution_timestamp,STRICT_1MIN_IN_SESSION,10.005479452054795,True,True,,,4.383060277867599,5012.490209075107,212810.42359735398,0.0
1331185237,2025-01-14,SOFR,SPOT,SPOT,True,True,execution_timestamp,STRICT_1MIN_IN_SESSION,2.0,False,True,,,4.226139967713891,210136.8859163692,,0.0
1331354374,2025-01-14,SOFR,SPOT,SPOT,False,True,execution_timestamp,STRICT_1MIN_IN_SESSION,4.964383561643835,True,True,,,4.2758341223317755,48877.65010076924,239129.61328198016,0.0
1335921790,2025-01-16,SOFR,PAST_START,PAST_START,False,True,execution_timestamp,STRICT_1MIN_IN_SESSION,5.005479452054795,False,True,,,4.090027434289848,4047.629841421719,,0.0
1337770626,2025-01-17,SOFR,FORWARD_START,FORWARD_START,False,True,execution_timestamp,STRICT_1MIN_IN_SESSION,10.005479452054795,False,True,,,4.164020028287921,4882.656921646077,,0.0
1342581881,2025-01-21,SOFR,SPOT,SPOT,False,True,execution_timestamp,STRICT_1MIN_IN_SESSION,30.019178082191782,False,True,,,3.98120112079853,49984.83516803684,,0.0
1342596408,2025-01-21,SOFR,PAST_START,PAST_START,False,True,execution_timestamp,STRICT_1MIN_IN_SESSION,2.0,True,True,,,4.114248962876297,49613.8981365548,-33990.66579851881,0.0
1343273352,2025-01-21,SOFR,CAPPED,FORWARD_START,True,True,execution_timestamp,STRICT_1MIN_IN_SESSION,10.005479452054795,False,True,,,4.124517511212071,383093.722928959,,0.0
1349601239,2025-01-24,SOFR,PAST_START,PAST_START,False,True,execution_timestamp,STRICT_1MIN_IN_SESSION,5.002739726027397,True,True,,,4.122125913981076,49625.424822671834,346017.8102460019,0.0
1353337894,2025-01-28,SOFR,FORWARD_START,FORWARD_START,False,True,execution_timestamp,STRICT_1MIN_IN_SESSION,5.002739726027397,True,True,,,4.035652099431632,25214.620857638,77237.67732420564,0.0
1354486450,2025-01-29,SOFR,SPOT,SPOT,False,True,execution_timestamp,STRICT_1MIN_IN_SESSION,20.013698630136986,False,True,,,4.10448138010294,19042.44182306451,,0.0
1355448471,2025-01-30,SOFR,SPOT,SPOT,False,True,execution_timestamp,STRICT_1MIN_IN_SESSION,10.005479452054795,False,True,,,4.0422661752248334,49957.00322381817,,0.0
1355574419,2025-01-30,SOFR,CAPPED,FORWARD_START,True,True,execution_timestamp,STRICT_1MIN_IN_SESSION,10.005479452054795,False,True,,,4.06828053087428,384525.90207366104,,0.0
1356446980,2025-01-31,SOFR,FORWARD_START,FORWARD_START,False,True,execution_timestamp,STRICT_1MIN_IN_SESSION,10.005479452054795,True,True,,,4.078233185419761,50430.02766233142,-747205.6557920948,0.0
1356985146,2025-01-31,SOFR,PAST_START,PAST_START,False,True,execution_timestamp,STRICT_1MIN_IN_SESSION,10.005479452054795,True,True,,,4.120367623024073,164.73203983954164,4190.249740989122,0.0
1357946892,2025-02-03,SOFR,FORWARD_START,FORWARD_START,False,True,execution_timestamp,STRICT_1MIN_IN_SESSION,5.002739726027397,False,True,,,4.100761128746467,9934.399957317117,,0.0
1360085606,2025-02-04,SOFR,SPOT,SPOT,False,True,execution_timestamp,STRICT_1MIN_IN_SESSION,10.005479452054795,False,True,,,4.065879985118559,40899.71672984595,,0.0
1367006785,2025-02-07,SOFR,FORWARD_START,FORWARD_START,False,True,execution_timestamp,STRICT_1MIN_IN_SESSION,0.7479452054794521,False,True,,,4.224169999999659,3537.0623415067394,,0.0
1369932913,2025-02-10,SOFR,PAST_START,PAST_START,False,True,execution_timestamp,STRICT_1MIN_IN_SESSION,10.005479452054795,True,True,,,4.068651069951274,204528.6203943112,13164506.535245627,0.0
1370004562,2025-02-10,SOFR,SPOT,SPOT,False,True,execution_timestamp,STRICT_1MIN_IN_SESSION,10.005479452054795,False,True,,,4.045970025049346,40917.89082188379,,0.0
1370521530,2025-02-10,SOFR,FORWARD_START,FORWARD_START,False,True,execution_timestamp,STRICT_1MIN_IN_SESSION,20.013698630136986,True,True,,,3.8377447481990914,33641.401775051156,799806.6594074033,0.0
1372236434,2025-02-11,SOFR,SPOT,SPOT,False,True,execution_timestamp,STRICT_1MIN_IN_SESSION,5.002739726027397,False,True,,,4.075569800719466,76397.25341468255,,0.0
1372272628,2025-02-11,SOFR,CAPPED,FORWARD_START,True,True,event_timestamp,STRICT_1MIN_IN_SESSION,1.83013698630137,False,True,,,4.130435112265712,192277.43934438936,,0.0
1372795863,2025-02-11,SOFR,PAST_START,PAST_START,False,True,execution_timestamp,STRICT_1MIN_IN_SESSION,30.019178082191782,False,True,,,4.020095135261813,26165.33612764692,,0.0
1374944231,2025-02-12,SOFR,CAPPED,FORWARD_START,True,True,execution_timestamp,STRICT_1MIN_IN_SESSION,5.002739726027397,False,True,,,4.205556825618727,290464.35805590934,,0.0
1378801746,2025-02-14,SOFR,FORWARD_START,FORWARD_START,False,True,execution_timestamp,STRICT_1MIN_IN_SESSION,30.019178082191782,False,True,,,4.055760398084302,25634.556587339943,,0.0
1383630058,2025-02-18,SOFR,FORWARD_START,FORWARD_START,False,True,execution_timestamp,STRICT_1MIN_IN_SESSION,3.0027397260273974,False,True,,,4.072108438752174,50383.11750575369,,0.0
1384871254,2025-02-18,SOFR,CAPPED,PAST_START,True,True,execution_timestamp,STRICT_1MIN_IN_SESSION,5.002739726027397,True,True,,,4.109226698750833,292106.3547419794,956551.8801939636,0.0
1384923274,2025-02-18,SOFR,PAST_START,PAST_START,False,True,execution_timestamp,STRICT_1MIN_IN_SESSION,30.019178082191782,True,True,,,4.051843042945359,23993.863959136877,463904.66698765196,0.0
1386514663,2025-02-19,SOFR,SPOT,SPOT,False,True,execution_timestamp,STRICT_1MIN_IN_SESSION,30.019178082191782,False,True,,,4.063850065859468,15382.591341171066,,0.0
1389133447,2025-02-20,SOFR,SPOT,SPOT,False,True,execution_timestamp,STRICT_1MIN_IN_SESSION,0.27671232876712326,False,True,,,4.321078451171106,1357.7738213802222,,0.0
1395492644,2025-02-25,SOFR,FORWARD_START,FORWARD_START,False,True,execution_timestamp,STRICT_1MIN_IN_SESSION,5.002739726027397,True,True,,,3.87441197865257,4518.686057800357,-56749.28410893679,0.0
1395552172,2025-02-25,SOFR,SPOT,SPOT,False,True,execution_timestamp,STRICT_1MIN_IN_SESSION,1.0,False,True,,,4.104076467553226,4864.345477701137,,0.0
1397853066,2025-02-26,SOFR,CAPPED,FORWARD_START,True,True,execution_timestamp,STRICT_1MIN_IN_SESSION,10.005479452054795,False,True,,,3.8829751894656117,387071.8650224361,,0.0
1397853089,2025-02-26,SOFR,FORWARD_START,FORWARD_START,False,True,execution_timestamp,STRICT_1MIN_IN_SESSION,10.005479452054795,False,True,,,3.8829751894656117,41177.857981110225,,0.0
1398545903,2025-02-27,SOFR,PAST_START,PAST_START,False,False,execution_timestamp,ASOF_2H_OUT_OF_SESSION,1.5041095890410958,True,False,NO_CURVE,"citivelo_excel minute store (USD-SOFR-1D-CITIVELOEXCELMIN): no snapshot satisfies datetime.datetime(2025, 2, 27, 0, 33, ",,,,
1402540814,2025-02-28,SOFR,SPOT,SPOT,False,True,execution_timestamp,STRICT_1MIN_IN_SESSION,6.747945205479452,True,True,,,3.7878901100531355,147971.10086807195,131453.19766443968,0.0
1402553106,2025-02-28,SOFR,FORWARD_START,FORWARD_START,False,True,execution_timestamp,STRICT_1MIN_IN_SESSION,1.0,False,True,,,3.6767510347773107,15125.132427626897,,0.0
1402805242,2025-02-28,SOFR,PAST_START,PAST_START,False,True,execution_timestamp,STRICT_1MIN_IN_SESSION,4.501369863013698,True,True,,,3.953411836030259,1513.8604490717312,51912.066608477966,0.0
1405211619,2025-03-03,SOFR,SPOT,SPOT,False,True,event_timestamp,STRICT_1MIN_IN_SESSION,6.747945205479452,False,True,,,3.7443641250266695,20161.75726724446,,0.0
1407258117,2025-03-04,SOFR,SPOT,SPOT,False,True,execution_timestamp,STRICT_1MIN_IN_SESSION,4.002739726027397,False,True,,,3.6312802362292707,4814.691902612476,,0.0
1407451573,2025-03-04,SOFR,CAPPED,PAST_START,True,True,execution_timestamp,STRICT_1MIN_IN_SESSION,16.38082191780822,False,True,,,3.805655099516926,300335.46804109134,,0.0
1407776654,2025-03-04,SOFR,SPOT,SPOT,False,True,execution_timestamp,STRICT_1MIN_IN_SESSION,5.002739726027397,False,True,,,3.7060196215089847,24972.024412697898,,0.0
1407967028,2025-03-05,SOFR,PAST_START,PAST_START,False,True,execution_timestamp,STRICT_1MIN_IN_SESSION,30.019178082191782,True,True,,,3.7947513497676812,8935.926802678685,525478.3817740404,0.0
1409480524,2025-03-05,SOFR,SPOT,SPOT,False,True,execution_timestamp,STRICT_1MIN_IN_SESSION,2.0,False,True,,,3.7487800021188145,191732.11161615845,,0.0
1409978168,2025-03-05,SOFR,FORWARD_START,FORWARD_START,False,True,execution_timestamp,STRICT_1MIN_IN_SESSION,7.005479452054795,False,True,,,3.813656805219702,53826.731527769574,,0.0
1410245913,2025-03-06,SOFR,PAST_START,PAST_START,False,True,execution_timestamp,STRICT_1MIN_IN_SESSION,29.986301369863014,False,True,,,3.836412335895604,15849.599825931402,,0.0
1414228589,2025-03-07,SOFR,FORWARD_START,FORWARD_START,False,True,execution_timestamp,STRICT_1MIN_IN_SESSION,10.005479452054795,False,True,,,3.808118462832435,16600.70732468502,,0.0
1416933963,2025-03-10,SOFR,PAST_START,PAST_START,False,True,execution_timestamp,STRICT_1MIN_IN_SESSION,5.002739726027397,True,True,,,3.8170187905190347,204388.1399743424,6048229.117764264,0.0
1416937499,2025-03-10,SOFR,SPOT,SPOT,False,True,execution_timestamp,STRICT_1MIN_IN_SESSION,10.005479452054795,False,True,,,3.7765300102246253,41564.198133319645,,0.0
1419394545,2025-03-11,FED_FUNDS,CAPPED,FORWARD_START,True,True,execution_timestamp,STRICT_1MIN_IN_SESSION,4.249315068493151,False,True,,,3.6300465701222606,252480.13347208124,,0.0
1419628532,2025-03-12,SOFR,PAST_START,PAST_START,False,False,execution_timestamp,ASOF_2H_OUT_OF_SESSION,25.016438356164382,True,True,,,3.8979651823477854,50945.83029479525,234173.43793595955,6300.0
1423442295,2025-03-13,SOFR,CAPPED,FORWARD_START,True,True,execution_timestamp,STRICT_1MIN_IN_SESSION,0.9972602739726028,False,True,,,3.6305017071442016,157733.89655389477,,0.0
1423464214,2025-03-13,SOFR,PAST_START,PAST_START,False,True,execution_timestamp,STRICT_1MIN_IN_SESSION,4.252054794520548,True,True,,,4.033672039326538,125461.7304194359,2048941.105223447,0.0
1423517543,2025-03-13,SOFR,FORWARD_START,FORWARD_START,False,True,execution_timestamp,STRICT_1MIN_IN_SESSION,2.0027397260273974,True,True,,,3.6674603010669835,724.6886938357229,-27722.219476007856,0.0
1423776749,2025-03-13,SOFR,SPOT,SPOT,False,True,execution_timestamp,STRICT_1MIN_IN_SESSION,10.005479452054795,False,True,,,3.8368750776427896,62192.44843679899,,0.0
1423890858,2025-03-13,SOFR,FORWARD_START,FORWARD_START,False,True,execution_timestamp,STRICT_1MIN_IN_SESSION,10.008219178082191,True,True,,,3.843641676204422,15954.115934129588,-214197.28629565518,60.0
1426095491,2025-03-14,SOFR,PAST_START,PAST_START,False,True,execution_timestamp,STRICT_1MIN_IN_SESSION,2.0,True,True,,,3.8560469554462484,49739.01083378955,579693.0279586129,0.0
1426096076,2025-03-14,SOFR,FORWARD_START,FORWARD_START,False,True,execution_timestamp,STRICT_1MIN_IN_SESSION,10.005479452054795,True,True,,,3.896271717760173,61114.52201968436,-607651.1944325306,0.0
1427967062,2025-03-17,SOFR,SPOT,SPOT,False,True,execution_timestamp,STRICT_1MIN_IN_SESSION,30.019178082191782,False,True,,,3.83762959161192,1761.690529463174,,0.0
1432239708,2025-03-19,SOFR,SPOT,SPOT,False,True,execution_timestamp,STRICT_1MIN_IN_SESSION,1.0,False,True,,,4.104469954228976,4890.337939326056,,0.0
1432242690,2025-03-19,SOFR,FORWARD_START,FORWARD_START,False,True,execution_timestamp,STRICT_1MIN_IN_SESSION,6.583561643835616,False,True,,,3.8171361028354083,25282.062449764704,,0.0
1434408652,2025-03-20,SOFR,CAPPED,FORWARD_START,True,True,execution_timestamp,STRICT_1MIN_IN_SESSION,5.002739726027397,True,True,,,3.704963431763041,292291.70379972405,-59527.199988499284,0.0
1436569348,2025-03-21,SOFR,PAST_START,PAST_START,False,True,execution_timestamp,STRICT_1MIN_IN_SESSION,3.0,True,True,,,3.7374365870659068,36811.533651492064,-1715650.900895264,0.0
1438054121,2025-03-24,SOFR,SPOT,SPOT,False,True,execution_timestamp,STRICT_1MIN_IN_SESSION,9.005479452054795,False,True,,,3.8284901228895536,1518.9001836766663,,0.0
1440971919,2025-03-25,SOFR,FORWARD_START,FORWARD_START,False,True,execution_timestamp,STRICT_1MIN_IN_SESSION,1.9945205479452055,True,True,,,3.6777648348940892,6937.084695651885,123316.9715568861,0.0
1441326971,2025-03-25,SOFR,SPOT,SPOT,False,True,execution_timestamp,STRICT_1MIN_IN_SESSION,20.013698630136986,False,True,,,3.988819569388645,17932.90910759682,,0.0
1443059452,2025-03-26,SOFR,PAST_START,PAST_START,False,True,execution_timestamp,STRICT_1MIN_IN_SESSION,2.0,True,True,,,3.8549279859247303,19135.53750323533,273309.0281174267,0.0
1445305545,2025-03-27,SOFR,PAST_START,PAST_START,False,True,execution_timestamp,STRICT_1MIN_IN_SESSION,5.002739726027397,True,True,,,3.7990907205096334,1815.5312769144548,28957.854677563068,0.0
1445704041,2025-03-27,SOFR,CAPPED,PAST_START,True,True,execution_timestamp,STRICT_1MIN_IN_SESSION,16.01095890410959,True,True,,,4.087591517001434,305867.15573213925,-8790881.522806019,0.0
1447377428,2025-03-28,SOFR,FORWARD_START,FORWARD_START,False,True,execution_timestamp,STRICT_1MIN_IN_SESSION,2.0,False,True,,,3.816919931812375,30591.08050336698,,0.0
1447831880,2025-03-28,SOFR,CAPPED,FORWARD_START,True,True,execution_timestamp,STRICT_1MIN_IN_SESSION,15.01095890410959,False,True,,,3.914362808849972,284245.5575130608,,0.0
1449702472,2025-03-31,SOFR,SPOT,SPOT,False,True,execution_timestamp,STRICT_1MIN_IN_SESSION,9.005479452054795,False,True,,,3.7458702185903463,9912.15117109214,,0.0
1449892982,2025-03-31,SOFR,PAST_START,PAST_START,False,True,execution_timestamp,STRICT_1MIN_IN_SESSION,6.975342465753425,False,True,,,3.7131716802620485,15326.791481227037,,0.0
1454120375,2025-04-02,SOFR,FORWARD_START,FORWARD_START,False,True,execution_timestamp,STRICT_1MIN_IN_SESSION,5.002739726027397,True,True,,,3.6181771434697385,67718.43851381744,2493238.12522484,0.0
1456298505,2025-04-03,SOFR,PAST_START,PAST_START,False,True,event_timestamp,STRICT_1MIN_IN_SESSION,6.956164383561644,True,True,,,3.4789840034052957,9865.52016266809,-352223.029716671,0.0
1456251137,2025-04-03,FED_FUNDS,CAPPED,SPOT,True,True,execution_timestamp,STRICT_1MIN_IN_SESSION,0.5726027397260274,False,True,,,4.125589435296106,96365.77624879852,,0.0
1456311110,2025-04-03,SOFR,FORWARD_START,FORWARD_START,False,True,execution_timestamp,STRICT_1MIN_IN_SESSION,30.019178082191782,False,True,,,3.6590997499106157,45239.32266517742,,0.0
1456335721,2025-04-03,SOFR,SPOT,SPOT,False,True,execution_timestamp,STRICT_1MIN_IN_SESSION,7.005479452054795,True,True,,,3.484789262559368,18607.363128702353,64733.644142190926,0.0
1456645078,2025-04-03,SOFR,PAST_START,PAST_START,False,True,execution_timestamp,STRICT_1MIN_IN_SESSION,5.002739726027397,True,True,,,3.4623840860148287,15112.712452871328,-404289.10846249387,0.0
1459758760,2025-04-07,SOFR,SPOT,SPOT,False,True,event_timestamp,STRICT_1MIN_IN_SESSION,2.0,False,True,,,3.5229200043630766,11521.6863008478,,0.0
1460232443,2025-04-07,SOFR,PAST_START,PAST_START,False,True,execution_timestamp,STRICT_1MIN_IN_SESSION,29.983561643835618,True,True,,,3.7284419250681355,10811.583661669449,-36429.35827113269,0.0
1461851782,2025-04-08,SOFR,FORWARD_START,FORWARD_START,False,True,execution_timestamp,STRICT_1MIN_IN_SESSION,30.019178082191782,True,True,,,3.7124426062864355,24959.507085871857,-71777.03721649386,0.0
1462699025,2025-04-08,FED_FUNDS,CAPPED,FORWARD_START,True,True,execution_timestamp,STRICT_1MIN_IN_SESSION,1.8273972602739725,False,True,,,3.456493413182497,192914.34329741154,,0.0
1463161507,2025-04-08,SOFR,SPOT,SPOT,False,True,execution_timestamp,STRICT_1MIN_IN_SESSION,10.005479452054795,False,True,,,3.683820655628965,20107.842361774834,,0.0
1463526821,2025-04-09,SOFR,PAST_START,PAST_START,False,False,execution_timestamp,ASOF_2H_OUT_OF_SESSION,9.767123287671232,True,True,,,3.7565777253786394,8247.42744484932,-183606.1057546991,3060.0
1465666569,2025-04-09,SOFR,PAST_START,PAST_START,False,True,execution_timestamp,STRICT_1MIN_IN_SESSION,20.013698630136986,True,True,,,4.012589515468665,1398.5433868853174,-12602.342223033193,0.0
1465715295,2025-04-09,SOFR,SPOT,SPOT,False,True,execution_timestamp,STRICT_1MIN_IN_SESSION,30.019178082191782,False,True,,,3.890792052074823,44018.73985633088,,0.0
1465927570,2025-04-09,SOFR,FORWARD_START,FORWARD_START,False,True,execution_timestamp,STRICT_1MIN_IN_SESSION,20.013698630136986,True,True,,,4.0057471762503845,100187.20232405585,3606210.057296984,0.0
1468026123,2025-04-10,SOFR,PAST_START,PAST_START,False,True,execution_timestamp,STRICT_1MIN_IN_SESSION,5.717808219178083,False,True,,,3.637355644075864,51774.141179528095,,0.0
1470883319,2025-04-11,SOFR,PAST_START,PAST_START,False,True,execution_timestamp,STRICT_1MIN_IN_SESSION,5.002739726027397,True,True,,,3.624314382383135,44781.84650435212,-742866.4265398085,0.0
1471458665,2025-04-11,SOFR,FORWARD_START,FORWARD_START,False,True,execution_timestamp,STRICT_1MIN_IN_SESSION,1.0,False,True,,,3.9105099980750078,9745.64727959828,,0.0
1471832535,2025-04-14,SOFR,SPOT,SPOT,False,True,execution_timestamp,STRICT_1MIN_IN_SESSION,30.019178082191782,False,True,,,3.996486346445734,20810.403037872915,,0.0
1473302749,2025-04-14,SOFR,FORWARD_START,FORWARD_START,False,True,execution_timestamp,STRICT_1MIN_IN_SESSION,2.0,False,True,,,3.5732681829512765,8003.233218336483,,0.0
1473859790,2025-04-14,SOFR,CAPPED,FORWARD_START,True,True,execution_timestamp,STRICT_1MIN_IN_SESSION,2.9972602739726026,False,True,,,3.5471946721613357,183689.6336390076,,0.0
1475547905,2025-04-15,SOFR,SPOT,SPOT,False,True,execution_timestamp,STRICT_1MIN_IN_SESSION,10.005479452054795,False,True,,,3.8742004691999266,116180.90585806871,,0.0
1475665470,2025-04-15,SOFR,PAST_START,PAST_START,False,True,execution_timestamp,STRICT_1MIN_IN_SESSION,20.013698630136986,False,True,,,4.067585334603192,5518.257085184616,,0.0
1475925593,2025-04-15,SOFR,SPOT,SPOT,False,True,execution_timestamp,STRICT_1MIN_IN_SESSION,15.01095890410959,False,True,,,3.971140000998551,20451.734092516494,,0.0
1476230438,2025-04-15,SOFR,CAPPED,FORWARD_START,True,True,execution_timestamp,STRICT_1MIN_IN_SESSION,1.8273972602739725,False,True,,,3.537296267050147,192840.80816452924,,0.0
1478533963,2025-04-16,SOFR,FORWARD_START,FORWARD_START,False,True,execution_timestamp,STRICT_1MIN_IN_SESSION,15.64109589041096,False,True,,,3.9305940202470775,50110.250956808726,,0.0
1480548421,2025-04-17,SOFR,PAST_START,PAST_START,False,True,execution_timestamp,STRICT_1MIN_IN_SESSION,7.857534246575343,True,True,,,3.759529903454569,31947.633821975887,966638.3499769382,0.0
1484353180,2025-04-22,SOFR,FORWARD_START,FORWARD_START,False,True,execution_timestamp,STRICT_1MIN_IN_SESSION,4.249315068493151,True,True,,,3.5009539825370672,101868.03425521888,136645.60325849056,0.0
1486547935,2025-04-23,SOFR,PAST_START,PAST_START,False,True,execution_timestamp,STRICT_1MIN_IN_SESSION,19.884931506849316,False,True,,,3.950796241236073,99893.07654106866,,0.0
1486901873,2025-04-23,FED_FUNDS,SPOT,SPOT,False,True,execution_timestamp,STRICT_1MIN_IN_SESSION,0.1643835616438356,False,True,,,4.315128648042508,5127.937276310699,,0.0
1489341263,2025-04-24,FED_FUNDS,FORWARD_START,FORWARD_START,False,True,event_timestamp,STRICT_1MIN_IN_SESSION,0.7479452054794521,True,True,,,3.781993818953741,20502.49822528263,9213.45151237864,0.0
1491064347,2025-04-25,SOFR,PAST_START,PAST_START,False,True,execution_timestamp,STRICT_1MIN_IN_SESSION,10.005479452054795,False,True,,,3.7739899584969434,51169.980418887426,,0.0
1491260700,2025-04-25,SOFR,FORWARD_START,FORWARD_START,False,True,execution_timestamp,STRICT_1MIN_IN_SESSION,10.005479452054795,False,True,,,3.7417705717794196,20051.177703107056,,0.0
1495357636,2025-04-29,SOFR,CAPPED,SPOT,True,True,execution_timestamp,STRICT_1MIN_IN_SESSION,5.002739726027397,False,True,,,3.4044302608808334,297925.1816009069,,0.0
1495657046,2025-04-29,SOFR,FORWARD_START,FORWARD_START,False,True,execution_timestamp,STRICT_1MIN_IN_SESSION,1.4164383561643836,False,True,,,3.468843502546316,3443.142590226352,,0.0
1495769360,2025-04-29,SOFR,SPOT,SPOT,False,True,execution_timestamp,STRICT_1MIN_IN_SESSION,1.5041095890410958,False,True,,,3.5269199999990812,1464.2246941153644,,0.0
1495783594,2025-04-29,SOFR,PAST_START,PAST_START,False,True,execution_timestamp,STRICT_1MIN_IN_SESSION,10.005479452054795,True,True,,,3.696202073148372,172.18393970337215,2431.2729248970427,0.0
1498134061,2025-04-30,SOFR,SPOT,SPOT,False,True,execution_timestamp,STRICT_1MIN_IN_SESSION,7.005479452054795,False,True,,,3.4935501148833725,40371.28121663318,,0.0
1499613665,2025-05-02,FED_FUNDS,CAPPED,FORWARD_START,True,True,execution_timestamp,STRICT_1MIN_IN_SESSION,0.11506849315068493,False,True,,,4.2283108033276715,196207.1417890124,,0.0
1499809414,2025-05-02,SOFR,FORWARD_START,FORWARD_START,False,True,execution_timestamp,STRICT_1MIN_IN_SESSION,3.0,True,True,,,4.152165459063329,4559.717437704044,42024.845084505854,0.0
1506109274,2025-05-07,FED_FUNDS,FORWARD_START,FORWARD_START,False,True,execution_timestamp,STRICT_1MIN_IN_SESSION,0.11506849315068493,False,True,,,4.247785227794231,25405.939589854,,0.0
1506144843,2025-05-07,SOFR,PAST_START,PAST_START,False,True,execution_timestamp,STRICT_1MIN_IN_SESSION,7.002739726027397,True,True,,,3.663035942507078,181.10774219839266,-9362.619325026302,60.0
1506565627,2025-05-07,SOFR,SPOT,SPOT,False,True,execution_timestamp,STRICT_1MIN_IN_SESSION,7.005479452054795,False,True,,,3.6090799706159817,92668.70066084558,,60.0
1510879778,2025-05-09,SOFR,PAST_START,PAST_START,True,True,execution_timestamp,STRICT_1MIN_IN_SESSION,5.002739726027397,True,True,,,3.6106081529858587,296422.9251501578,6409201.7378632575,0.0
1510879808,2025-05-09,SOFR,CAPPED,PAST_START,True,True,execution_timestamp,STRICT_1MIN_IN_SESSION,5.002739726027397,True,True,,,3.6089680701036073,296456.0419208228,5898528.65315403,0.0
1511108278,2025-05-09,SOFR,FORWARD_START,FORWARD_START,False,True,execution_timestamp,STRICT_1MIN_IN_SESSION,2.0,True,True,,,3.5411867864018722,34193.261929145665,38251.27175846137,0.0
1513192682,2025-05-12,SOFR,CAPPED,SPOT,True,True,execution_timestamp,STRICT_1MIN_IN_SESSION,2.0,False,True,,,3.76961976330001,210474.40443631136,,0.0
1515208853,2025-05-13,SOFR,SPOT,SPOT,False,True,execution_timestamp,STRICT_1MIN_IN_SESSION,10.005479452054795,False,True,,,3.9234797658739753,24819.96228463761,,0.0
1515281382,2025-05-13,SOFR,CAPPED,FORWARD_START,True,True,execution_timestamp,STRICT_1MIN_IN_SESSION,1.5506849315068494,False,True,,,3.5484253660749845,161278.70529037522,,0.0
1516925494,2025-05-14,SOFR,PAST_START,PAST_START,False,True,execution_timestamp,STRICT_1MIN_IN_SESSION,6.972602739726027,True,True,,,3.819476760639742,73238.62520899888,1329330.5615393594,0.0
1522045492,2025-05-16,SOFR,FORWARD_START,FORWARD_START,False,True,execution_timestamp,STRICT_1MIN_IN_SESSION,5.002739726027397,True,True,,,4.17910405985982,10418.525688805208,69391.61086282507,0.0
1522468195,2025-05-16,SOFR,FORWARD_START,FORWARD_START,False,True,execution_timestamp,STRICT_1MIN_IN_SESSION,7.005479452054795,True,True,,,3.7810984391116693,1815.5509935697687,-1616.1237715132302,0.0
1524240856,2025-05-19,SOFR,PAST_START,PAST_START,False,True,execution_timestamp,STRICT_1MIN_IN_SESSION,30.019178082191782,True,True,,,4.11081547162645,1716.4130897772654,38759.26313738653,0.0
1524264128,2025-05-19,SOFR,SPOT,SPOT,False,True,event_timestamp,STRICT_1MIN_IN_SESSION,1.0,False,True,,,4.071960113083045,9729.85810731464,,0.0
1528399370,2025-05-21,SOFR,FORWARD_START,FORWARD_START,False,True,execution_timestamp,STRICT_1MIN_IN_SESSION,5.002739726027397,True,True,,,4.623146066567436,902.6067779905825,34221.07834644563,0.0
1528441359,2025-05-21,SOFR,PAST_START,PAST_START,False,True,execution_timestamp,STRICT_1MIN_IN_SESSION,5.002739726027397,True,True,,,3.7738722412605794,457.981480574,-13836.891826998384,0.0
1530584387,2025-05-22,SOFR,FORWARD_START,FORWARD_START,False,True,execution_timestamp,STRICT_1MIN_IN_SESSION,10.008219178082191,True,True,,,4.445027153421192,3614.6406560721684,469913.10027540126,0.0
1530605580,2025-05-22,SOFR,CAPPED,SPOT,True,True,execution_timestamp,STRICT_1MIN_IN_SESSION,9.983561643835616,True,True,,,4.009312321349372,387136.5014332402,-413759.0521246195,60.0
1532780850,2025-05-23,SOFR,PAST_START,PAST_START,False,True,execution_timestamp,STRICT_1MIN_IN_SESSION,4.002739726027397,True,True,,,3.8204109210337305,30757.91414833026,770519.3402374592,0.0
1536518445,2025-05-27,SOFR,SPOT,SPOT,False,True,execution_timestamp,STRICT_1MIN_IN_SESSION,10.005479452054795,False,True,,,3.920430953331791,24840.93041582818,,0.0
1536782990,2025-05-27,SOFR,SPOT,SPOT,False,True,execution_timestamp,STRICT_1MIN_IN_SESSION,2.0,False,True,,,3.742910017012652,2293.1986357207525,,0.0
1537213519,2025-05-27,SOFR,PAST_START,PAST_START,False,True,execution_timestamp,STRICT_1MIN_IN_SESSION,10.005479452054795,True,True,,,3.9013019022328983,376.6896164319055,-3717.8548590448336,0.0
1538868155,2025-05-28,SOFR,SPOT,SPOT,False,True,execution_timestamp,STRICT_1MIN_IN_SESSION,5.002739726027397,False,True,,,3.6837699849079746,1363.113495477466,,0.0
1539010276,2025-05-28,SOFR,CAPPED,SPOT,True,True,execution_timestamp,STRICT_1MIN_IN_SESSION,4.06027397260274,False,True,,,3.674800320518116,243733.5293117551,,0.0
1541016505,2025-05-29,SOFR,PAST_START,PAST_START,False,True,execution_timestamp,STRICT_1MIN_IN_SESSION,4.243835616438356,True,True,,,3.672801776618112,27276.12783908438,-362413.06467163935,0.0
1543123485,2025-05-30,SOFR,FORWARD_START,FORWARD_START,False,True,execution_timestamp,STRICT_1MIN_IN_SESSION,20.013698630136986,False,True,,,4.1684498612859935,9970.617656867127,,0.0
1543124216,2025-05-30,SOFR,PAST_START,PAST_START,False,True,execution_timestamp,STRICT_1MIN_IN_SESSION,7.024657534246575,True,True,,,3.7285262087808855,43419.80166173518,-1612132.514056377,0.0
1544530578,2025-06-02,FED_FUNDS,SPOT,SPOT,False,True,execution_timestamp,STRICT_1MIN_IN_SESSION,0.4191780821917808,False,True,,,4.278930000000166,15019.835884595259,,0.0
1544638283,2025-06-02,SOFR,CAPPED,SPOT,True,True,execution_timestamp,STRICT_1MIN_IN_SESSION,6.583561643835616,True,True,,,3.732054968145103,273673.600807103,-10069684.176681414,0.0
1545295950,2025-06-03,SOFR,PAST_START,PAST_START,False,True,execution_timestamp,STRICT_1MIN_IN_SESSION,5.005479452054795,True,True,,,3.6705505119559168,1868.1023964529593,-61946.17982777266,0.0
1548966590,2025-06-04,SOFR,SPOT,SPOT,False,True,execution_timestamp,STRICT_1MIN_IN_SESSION,30.019178082191782,False,True,,,4.035760245560498,38151.32898852509,,0.0
1549341422,2025-06-04,SOFR,SPOT,SPOT,False,True,execution_timestamp,STRICT_1MIN_IN_SESSION,3.0027397260273974,False,True,,,3.5673599188957543,848.9552610728601,,0.0
1551299452,2025-06-05,SOFR,PAST_START,PAST_START,False,True,execution_timestamp,STRICT_1MIN_IN_SESSION,4.002739726027397,False,True,,,3.661794449839502,71079.85070147054,,0.0
1551556322,2025-06-05,SOFR,CAPPED,PAST_START,True,True,execution_timestamp,STRICT_1MIN_IN_SESSION,22.243835616438357,True,True,,,4.089592052340498,365188.8386583583,-2096474.1735533774,0.0
1551561458,2025-06-05,SOFR,FORWARD_START,FORWARD_START,False,True,execution_timestamp,STRICT_1MIN_IN_SESSION,10.005479452054795,False,True,,,3.876920088507195,4980.2680094781235,,0.0
1553857578,2025-06-09,SOFR,FORWARD_START,FORWARD_START,False,True,execution_timestamp,STRICT_1MIN_IN_SESSION,5.002739726027397,False,True,,,3.7110442698104777,10781.327151595335,,0.0
1555369561,2025-06-09,SOFR,SPOT,SPOT,False,True,event_timestamp,STRICT_1MIN_IN_SESSION,1.0547945205479452,False,True,,,4.047218329498077,12315.461221181784,,0.0
1557514123,2025-06-10,SOFR,SPOT,SPOT,False,True,execution_timestamp,STRICT_1MIN_IN_SESSION,2.0,False,True,,,3.7662399542895324,1726.5280399092978,,0.0
1559707123,2025-06-11,SOFR,CAPPED,PAST_START,True,True,execution_timestamp,STRICT_1MIN_IN_SESSION,2.0,True,True,,,4.049554508927934,214918.45976164378,-241256.5251276493,0.0
1559797060,2025-06-11,SOFR,SPOT,SPOT,False,True,execution_timestamp,STRICT_1MIN_IN_SESSION,30.019178082191782,True,True,,,4.080070753629837,34465.11554334576,1654569.3992833402,0.0
1560139925,2025-06-11,SOFR,PAST_START,PAST_START,False,True,execution_timestamp,STRICT_1MIN_IN_SESSION,5.002739726027397,True,True,,,3.6672262458447333,127512.27500969722,190455.46877661347,0.0
1564820268,2025-06-13,SOFR,FORWARD_START,FORWARD_START,False,True,execution_timestamp,STRICT_1MIN_IN_SESSION,30.019178082191782,True,True,,,4.047040820959993,34212.62566686583,-115156.88927497715,0.0
1569008814,2025-06-17,SOFR,SPOT,SPOT,False,True,execution_timestamp,STRICT_1MIN_IN_SESSION,20.013698630136986,False,True,,,4.12062913447417,24677.911792371317,,0.0
1571030462,2025-06-18,SOFR,FORWARD_START,FORWARD_START,False,True,execution_timestamp,STRICT_1MIN_IN_SESSION,5.002739726027397,False,True,,,3.5966439107017023,11277.169018908247,,0.0
1575700387,2025-06-20,SOFR,CAPPED,FORWARD_START,True,True,execution_timestamp,STRICT_1MIN_IN_SESSION,2.0,False,True,,,3.6786496759601937,210664.23108566183,,0.0
1577176027,2025-06-23,SOFR,PAST_START,PAST_START,False,True,execution_timestamp,STRICT_1MIN_IN_SESSION,30.019178082191782,True,True,,,4.075209580804809,50638.443677174604,2430693.81220885,0.0
1577485541,2025-06-23,SOFR,SPOT,SPOT,False,True,event_timestamp,STRICT_1MIN_IN_SESSION,29.90684931506849,False,True,,,3.952366103808585,50745.41501325251,,0.0
1579641058,2025-06-24,SOFR,SPOT,SPOT,False,True,execution_timestamp,STRICT_1MIN_IN_SESSION,5.002739726027397,False,True,,,3.5128534997593333,15985.132809106917,,0.0
1580030544,2025-06-24,SOFR,CAPPED,FORWARD_START,True,True,execution_timestamp,STRICT_1MIN_IN_SESSION,3.0027397260273974,False,True,,,3.7750304079088646,160291.60413749862,,0.0
1581990886,2025-06-25,SOFR,PAST_START,PAST_START,False,True,execution_timestamp,STRICT_1MIN_IN_SESSION,5.002739726027397,True,True,,,3.564425435742587,12895.307466960769,-289595.8055358082,0.0
1584686006,2025-06-26,SOFR,CAPPED,FORWARD_START,True,True,event_timestamp,STRICT_1MIN_IN_SESSION,7.005479452054795,False,True,,,3.542170092786197,290968.32009405794,,0.0
1586626266,2025-06-27,FED_FUNDS,FORWARD_START,FORWARD_START,False,True,execution_timestamp,STRICT_1MIN_IN_SESSION,0.13424657534246576,True,True,,,4.263164442895977,49860.725013007366,-146269.21458669752,0.0
1587228824,2025-06-30,SOFR,PAST_START,PAST_START,False,True,execution_timestamp,STRICT_1MIN_IN_SESSION,3.0027397260273974,True,True,,,3.4421396325289373,9955.56335508324,-214901.15642097313,0.0
1589227879,2025-06-30,SOFR,SPOT,SPOT,False,True,execution_timestamp,STRICT_1MIN_IN_SESSION,10.005479452054795,False,True,,,3.6972901300245837,41907.14139481792,,0.0
1590979256,2025-07-01,SOFR,FORWARD_START,FORWARD_START,False,True,execution_timestamp,STRICT_1MIN_IN_SESSION,30.019178082191782,True,True,,,3.9070709225103273,33193.36973177956,1351205.5637941863,0.0
1592736710,2025-07-02,SOFR,SPOT,SPOT,False,True,execution_timestamp,STRICT_1MIN_IN_SESSION,0.7452054794520548,False,True,,,3.9937088901203914,19057.48697399117,,0.0
1592803343,2025-07-02,SOFR,FORWARD_START,FORWARD_START,False,True,execution_timestamp,STRICT_1MIN_IN_SESSION,2.0,False,True,,,3.2893487045846688,755.4566345704386,,0.0
1593276514,2025-07-02,SOFR,CAPPED,FORWARD_START,True,True,execution_timestamp,STRICT_1MIN_IN_SESSION,2.0,False,True,,,3.5384599426894594,211092.42574904131,,0.0
1594929892,2025-07-03,SOFR,FORWARD_START,FORWARD_START,False,True,execution_timestamp,STRICT_1MIN_IN_SESSION,2.0027397260273974,False,True,,,3.2631723711564184,4965.801545672911,,0.0
1598980853,2025-07-07,SOFR,PAST_START,PAST_START,False,True,execution_timestamp,STRICT_1MIN_IN_SESSION,3.0027397260273974,True,True,,,3.586632184501299,1992.2670241064504,-29078.694272867637,0.0
1599011118,2025-07-07,SOFR,PAST_START,PAST_START,False,True,execution_timestamp,STRICT_1MIN_IN_SESSION,10.008219178082191,True,True,,,3.791839792018455,31.02374442365481,311.29160631031846,0.0
1601219855,2025-07-08,SOFR,SPOT,SPOT,False,True,execution_timestamp,STRICT_1MIN_IN_SESSION,4.002739726027397,False,True,,,3.564119973266168,16692.266598215458,,0.0
1603568002,2025-07-09,SOFR,CAPPED,SPOT,True,True,execution_timestamp,STRICT_1MIN_IN_SESSION,2.0,False,True,,,3.6329001685971996,211147.12010027334,,0.0
1603905487,2025-07-09,SOFR,FORWARD_START,FORWARD_START,False,True,execution_timestamp,STRICT_1MIN_IN_SESSION,4.2465753424657535,True,True,,,3.498239695873609,124990.14671859554,1076161.3619668707,0.0
1608264199,2025-07-11,SOFR,PAST_START,PAST_START,False,True,execution_timestamp,STRICT_1MIN_IN_SESSION,5.002739726027397,True,True,,,3.6640852146741025,3697.2389263709647,-195737.2952503236,0.0
1612566310,2025-07-15,SOFR,FORWARD_START,FORWARD_START,False,True,execution_timestamp,STRICT_1MIN_IN_SESSION,3.0027397260273974,True,True,,,3.56610518824819,7032.46210664958,-129323.329525406,0.0
1612910318,2025-07-15,SOFR,CAPPED,SPOT,True,True,execution_timestamp,STRICT_1MIN_IN_SESSION,2.956164383561644,False,True,,,3.6240927026746994,181101.30583303398,,0.0
1615112543,2025-07-16,SOFR,SPOT,SPOT,False,True,execution_timestamp,STRICT_1MIN_IN_SESSION,5.002739726027397,False,True,,,3.602779951351149,2278.543306940186,,0.0
1615161362,2025-07-16,SOFR,PAST_START,PAST_START,False,True,execution_timestamp,STRICT_1MIN_IN_SESSION,11.005479452054795,True,True,,,3.8921047310175307,124952.27288686964,-3413636.9801299274,0.0
1616863916,2025-07-17,SOFR,FORWARD_START,FORWARD_START,False,True,execution_timestamp,STRICT_1MIN_IN_SESSION,10.005479452054795,False,True,,,3.9077503463711567,9960.059042305353,,0.0
1617116702,2025-07-17,SOFR,PAST_START,PAST_START,False,True,execution_timestamp,STRICT_1MIN_IN_SESSION,5.002739726027397,True,True,,,3.663515853177516,32262.288617818904,-1327542.0306443963,0.0
1621669663,2025-07-21,SOFR,SPOT,SPOT,False,True,execution_timestamp,STRICT_1MIN_IN_SESSION,10.005479452054795,False,True,,,3.813970144640789,51682.56342869445,,0.0
1623551325,2025-07-22,SOFR,PAST_START,PAST_START,False,True,execution_timestamp,STRICT_1MIN_IN_SESSION,10.005479452054795,False,True,,,3.847418140868706,6663.734682362469,,0.0
1623720792,2025-07-22,SOFR,CAPPED,FORWARD_START,True,True,execution_timestamp,STRICT_1MIN_IN_SESSION,30.019178082191782,False,True,,,4.056363998469335,432069.2157589971,,0.0
1624013551,2025-07-22,SOFR,SPOT,SPOT,False,True,execution_timestamp,STRICT_1MIN_IN_SESSION,7.005479452054795,False,True,,,3.628120368583808,23477.245232363086,,0.0
1624155592,2025-07-22,SOFR,FORWARD_START,FORWARD_START,False,True,execution_timestamp,STRICT_1MIN_IN_SESSION,23.764383561643836,False,True,,,4.112169963905395,91426.95783746998,,0.0
1628328572,2025-07-24,SOFR,PAST_START,PAST_START,False,True,execution_timestamp,STRICT_1MIN_IN_SESSION,5.002739726027397,True,True,,,3.622579395092275,25142.44051316207,-321875.0443351511,0.0
1630925427,2025-07-25,SOFR,CAPPED,PAST_START,True,True,execution_timestamp,STRICT_1MIN_IN_SESSION,15.01095890410959,True,True,,,4.068914922256561,287070.07992683724,6967619.21316275,0.0
1633042281,2025-07-28,SOFR,FORWARD_START,FORWARD_START,False,True,execution_timestamp,STRICT_1MIN_IN_SESSION,2.0,True,True,,,3.7604569744234073,10275.38281336458,-77417.84301166236,0.0
1633045536,2025-07-28,SOFR,SPOT,SPOT,False,True,execution_timestamp,STRICT_1MIN_IN_SESSION,5.213698630136986,False,True,,,3.608466020755463,12779.159182710202,,0.0
1633610818,2025-07-28,SOFR,PAST_START,PAST_START,False,True,execution_timestamp,STRICT_1MIN_IN_SESSION,29.019178082191782,True,True,,,4.142425411062927,104489.73733449768,7117061.529381707,0.0
1638418353,2025-07-30,SOFR,SPOT,SPOT,False,True,execution_timestamp,STRICT_1MIN_IN_SESSION,1.0,False,True,,,3.995546116098761,97.40368049010824,,0.0
1638421464,2025-07-30,FED_FUNDS,CAPPED,FORWARD_START,True,True,execution_timestamp,STRICT_1MIN_IN_SESSION,0.11506849315068493,False,True,,,4.197732964568347,196169.58743650408,,0.0
1640877746,2025-07-31,SOFR,FORWARD_START,FORWARD_START,False,True,execution_timestamp,STRICT_1MIN_IN_SESSION,30.019178082191782,False,True,,,4.017830248098929,24361.003590476797,,0.0
1643285617,2025-08-01,SOFR,PAST_START,PAST_START,False,True,execution_timestamp,STRICT_1MIN_IN_SESSION,8.005479452054795,True,True,,,3.7018998861844863,100756.72249151551,-5933161.507403195,0.0
1648092621,2025-08-05,SOFR,SPOT,SPOT,False,True,execution_timestamp,STRICT_1MIN_IN_SESSION,1.0,False,True,,,3.845690007595871,14628.898003427741,,0.0
1650256504,2025-08-06,SOFR,SPOT,SPOT,False,True,execution_timestamp,STRICT_1MIN_IN_SESSION,30.019178082191782,False,True,,,3.9502675373846006,43962.28931675265,,0.0
1650318834,2025-08-06,FED_FUNDS,FORWARD_START,FORWARD_START,False,True,execution_timestamp,STRICT_1MIN_IN_SESSION,0.13424657534246576,False,True,,,3.723129787119984,25357.913477402777,,0.0
1650765455,2025-08-06,SOFR,SPOT,SPOT,False,True,event_timestamp,STRICT_1MIN_IN_SESSION,3.021917808219178,False,True,,,3.37895741545365,60016.43965061798,,0.0
1653005164,2025-08-07,SOFR,FORWARD_START,FORWARD_START,False,True,execution_timestamp,STRICT_1MIN_IN_SESSION,5.002739726027397,False,True,,,3.424620311139427,45802.82922271527,,0.0
1654835519,2025-08-08,SOFR,PAST_START,PAST_START,False,True,execution_timestamp,STRICT_1MIN_IN_SESSION,30.019178082191782,True,True,,,3.9958081834889922,24643.561173757145,-113093.77875639126,0.0
1657028910,2025-08-11,SOFR,FORWARD_START,FORWARD_START,False,True,execution_timestamp,STRICT_1MIN_IN_SESSION,5.002739726027397,False,True,,,4.035410066532621,9977.19247567956,,0.0
1657038021,2025-08-11,SOFR,PAST_START,PAST_START,False,True,execution_timestamp,STRICT_1MIN_IN_SESSION,30.019178082191782,True,True,,,3.9987933737301598,19245.921480668505,43867.94810901955,0.0
1659431914,2025-08-12,SOFR,CAPPED,SPOT,True,True,execution_timestamp,STRICT_1MIN_IN_SESSION,2.0,False,True,,,3.490809897525027,211873.3989104965,,0.0
1659433281,2025-08-12,SOFR,PAST_START,PAST_START,False,True,execution_timestamp,STRICT_1MIN_IN_SESSION,30.019178082191782,True,True,,,4.042379583044342,949.9644917236254,-3526.3078025848954,0.0
1659440682,2025-08-12,SOFR,PAST_START,PAST_START,False,True,execution_timestamp,STRICT_1MIN_IN_SESSION,5.005479452054795,True,True,,,3.654381717751215,49.670786228591055,-4560.365693014064,0.0
1662291489,2025-08-13,SOFR,PAST_START,PAST_START,True,True,execution_timestamp,STRICT_1MIN_IN_SESSION,4.002739726027397,True,True,,,3.510505425751599,246855.06416920797,-14905962.257367507,0.0
1664475658,2025-08-14,SOFR,FORWARD_START,FORWARD_START,False,True,execution_timestamp,STRICT_1MIN_IN_SESSION,12.008219178082191,False,True,,,3.862879540952295,37692.49803110457,,0.0
1665446907,2025-08-15,SOFR,FORWARD_START,FORWARD_START,False,True,execution_timestamp,STRICT_1MIN_IN_SESSION,2.0,False,True,,,3.482330076631668,4994.0705027673,,0.0
1667110769,2025-08-15,SOFR,PAST_START,PAST_START,False,True,execution_timestamp,STRICT_1MIN_IN_SESSION,10.005479452054795,True,True,,,3.808215420182623,25161.026441444676,146475.9726514779,0.0
1669342030,2025-08-18,SOFR,CAPPED,SPOT,True,True,execution_timestamp,STRICT_1MIN_IN_SESSION,5.002739726027397,False,True,,,3.479170211942085,297271.35900784296,,0.0
1669458991,2025-08-18,SOFR,SPOT,SPOT,False,True,execution_timestamp,STRICT_1MIN_IN_SESSION,5.002739726027397,False,True,,,3.4998801233404326,3199.5311374951393,,0.0
1672415107,2025-08-19,SOFR,SPOT,SPOT,False,True,execution_timestamp,STRICT_1MIN_IN_SESSION,3.0027397260273974,False,True,,,3.4184701111288733,7095.41086344697,,0.0
1674558756,2025-08-20,SOFR,FORWARD_START,FORWARD_START,False,True,execution_timestamp,STRICT_1MIN_IN_SESSION,4.161643835616438,False,True,,,3.394497740700242,250127.37145446936,,0.0
1677128589,2025-08-21,SOFR,PAST_START,PAST_START,False,True,execution_timestamp,STRICT_1MIN_IN_SESSION,3.0,True,True,,,3.778958703370425,2622.445942855409,39063.6147306771,0.0
1677137060,2025-08-21,SOFR,FORWARD_START,FORWARD_START,False,True,execution_timestamp,STRICT_1MIN_IN_SESSION,30.019178082191782,False,True,,,4.102530308990657,17285.697215453973,,0.0
1679578248,2025-08-22,SOFR,PAST_START,PAST_START,False,True,execution_timestamp,STRICT_1MIN_IN_SESSION,30.019178082191782,True,True,,,4.082801384548823,226.44387312899684,18.14686211012304,0.0
1679988146,2025-08-22,SOFR,CAPPED,FORWARD_START,True,True,event_timestamp,STRICT_1MIN_IN_SESSION,7.019178082191781,False,True,,,3.5348616245333213,291839.36241525493,,0.0
1684627433,2025-08-26,SOFR,PAST_START,PAST_START,False,True,execution_timestamp,STRICT_1MIN_IN_SESSION,6.5917808219178085,True,True,,,3.51888030418839,126085.71633926505,2381510.845597133,0.0
1684682985,2025-08-26,SOFR,FORWARD_START,FORWARD_START,False,True,execution_timestamp,STRICT_1MIN_IN_SESSION,2.1671232876712327,True,True,,,3.1478076292448893,46709.70372089859,1436.927088463679,0.0
1685131147,2025-08-26,SOFR,SPOT,SPOT,False,True,event_timestamp,STRICT_1MIN_IN_SESSION,1.9232876712328768,False,True,,,3.4350855590943272,36991.51201132254,,0.0
1687538240,2025-08-27,SOFR,CAPPED,FORWARD_START,True,True,execution_timestamp,STRICT_1MIN_IN_SESSION,8.515068493150684,False,True,,,3.6466690124847037,341132.19951015344,,0.0
1687861557,2025-08-27,SOFR,PAST_START,PAST_START,False,True,execution_timestamp,STRICT_1MIN_IN_SESSION,10.005479452054795,True,True,,,3.7403061366727726,3356.4692606774183,6077.269117178395,0.0
1693751400,2025-08-27,SOFR,SPOT,SPOT,False,True,execution_timestamp,STRICT_1MIN_IN_SESSION,10.005479452054795,False,True,,,3.736300422233587,3355.384074955495,,0.0
1688051004,2025-08-27,SOFR,FORWARD_START,FORWARD_START,False,True,execution_timestamp,STRICT_1MIN_IN_SESSION,3.0027397260273974,True,True,,,3.278199414226783,5683.589224392179,-268152.0725362571,0.0
1694065269,2025-08-29,SOFR,PAST_START,PAST_START,False,True,execution_timestamp,STRICT_1MIN_IN_SESSION,9.72054794520548,True,True,,,3.6191132204000063,123506.9165471801,-2502086.8481618464,0.0
1694345080,2025-08-29,SOFR,FORWARD_START,FORWARD_START,False,True,event_timestamp,STRICT_1MIN_IN_SESSION,9.956164383561644,False,True,,,3.687909267478276,200891.20595501593,,0.0
1699696096,2025-09-02,SOFR,SPOT,SPOT,False,True,execution_timestamp,STRICT_1MIN_IN_SESSION,4.002739726027397,False,True,,,3.333690018868047,20141.11476539716,,0.0
1702001880,2025-09-03,SOFR,PAST_START,PAST_START,False,True,execution_timestamp,STRICT_1MIN_IN_SESSION,6.002739726027397,False,True,,,3.3920019899242497,13797.865301753352,,0.0
1705402467,2025-09-04,SOFR,FORWARD_START,FORWARD_START,False,True,execution_timestamp,STRICT_1MIN_IN_SESSION,10.005479452054795,False,True,,,3.6378502813678137,49727.33744161102,,0.0
1707511421,2025-09-05,SOFR,FORWARD_START,FORWARD_START,False,True,execution_timestamp,STRICT_1MIN_IN_SESSION,10.005479452054795,False,True,,,3.6225998720040153,3372.791661513684,,0.0
1707908041,2025-09-05,SOFR,PAST_START,PAST_START,False,True,execution_timestamp,STRICT_1MIN_IN_SESSION,1.821917808219178,True,True,,,3.8380281539607557,45248.50598002688,-1662723.5283456407,0.0
1708020043,2025-09-05,SOFR,CAPPED,FORWARD_START,True,True,event_timestamp,STRICT_1MIN_IN_SESSION,10.01095890410959,True,True,,,3.5367525129541644,394413.6968301166,-18271115.391300946,0.0
1710457313,2025-09-08,SOFR,SPOT,SPOT,False,True,execution_timestamp,STRICT_1MIN_IN_SESSION,15.01095890410959,False,True,,,3.7702503406478773,49888.42552320947,,0.0
1713008439,2025-09-09,SOFR,PAST_START,PAST_START,False,True,execution_timestamp,STRICT_1MIN_IN_SESSION,30.019178082191782,True,True,,,3.892861474382288,3571.45575849903,-19513.90769532742,0.0
1713116519,2025-09-09,SOFR,SPOT,SPOT,False,True,execution_timestamp,STRICT_1MIN_IN_SESSION,30.019178082191782,False,True,,,3.8947614228820497,19552.88289752781,,0.0
1715535086,2025-09-10,SOFR,CAPPED,FORWARD_START,True,True,execution_timestamp,STRICT_1MIN_IN_SESSION,1.0164383561643835,False,True,,,3.012417477003286,159067.18225300303,,0.0
1718088214,2025-09-11,SOFR,FORWARD_START,FORWARD_START,False,True,execution_timestamp,STRICT_1MIN_IN_SESSION,10.005479452054795,False,True,,,3.481220146802042,78064.00450346035,,0.0
1718514179,2025-09-11,SOFR,SPOT,SPOT,False,True,execution_timestamp,STRICT_1MIN_IN_SESSION,4.975342465753425,False,True,,,3.2038579911992904,459.0187167001543,,0.0
1720579512,2025-09-12,SOFR,PAST_START,PAST_START,False,True,execution_timestamp,STRICT_1MIN_IN_SESSION,10.005479452054795,True,True,,,3.529005817077646,846.9689101698923,-10993.163765613863,0.0
1723787372,2025-09-16,SOFR,SPOT,SPOT,False,False,execution_timestamp,ASOF_2H_OUT_OF_SESSION,10.005479452054795,False,True,,,3.5107149489459517,42329.88996540382,,6840.0
1725716094,2025-09-16,SOFR,SPOT,SPOT,False,True,execution_timestamp,STRICT_1MIN_IN_SESSION,10.005479452054795,False,True,,,3.519310417754923,12699.206663765955,,0.0
1726090794,2025-09-16,FED_FUNDS,FORWARD_START,FORWARD_START,False,True,execution_timestamp,STRICT_1MIN_IN_SESSION,0.13424657534246576,False,True,,,3.6680818476250847,100610.93772196025,,0.0
1728162626,2025-09-17,SOFR,PAST_START,PAST_START,False,True,execution_timestamp,STRICT_1MIN_IN_SESSION,3.0,True,True,,,3.6399090693638962,585.8860678097346,580.5585685266997,0.0
1728169600,2025-09-17,SOFR,CAPPED,FORWARD_START,True,True,execution_timestamp,STRICT_1MIN_IN_SESSION,15.01095890410959,False,True,,,3.7391462065302368,287428.0451567936,,0.0
1728189580,2025-09-17,SOFR,SPOT,SPOT,False,True,execution_timestamp,STRICT_1MIN_IN_SESSION,5.002739726027397,False,True,,,3.241410174147097,5064.201665997696,,0.0
1730955810,2025-09-18,FED_FUNDS,PAST_START,PAST_START,False,True,execution_timestamp,STRICT_1MIN_IN_SESSION,0.11506849315068493,True,True,,,4.067419880289564,1509.3569886758605,402.9802473981399,0.0
1733826752,2025-09-19,SOFR,FORWARD_START,FORWARD_START,False,True,execution_timestamp,STRICT_1MIN_IN_SESSION,10.005479452054795,False,True,,,3.6198887469974426,39600.41070635392,,0.0
1734385210,2025-09-22,SOFR,SPOT,SPOT,False,False,execution_timestamp,ASOF_2H_OUT_OF_SESSION,4.002739726027397,False,True,,,3.28792405920625,7095.7822157289975,,6000.0
1738735095,2025-09-23,SOFR,SPOT,SPOT,False,True,execution_timestamp,STRICT_1MIN_IN_SESSION,0.3726027397260274,False,True,,,3.923965388472402,5581.657233106885,,0.0
1739005217,2025-09-23,SOFR,CAPPED,FORWARD_START,True,True,execution_timestamp,STRICT_1MIN_IN_SESSION,5.002739726027397,False,True,,,3.965974378071019,249015.6641377614,,0.0
1743455258,2025-09-25,SOFR,FORWARD_START,FORWARD_START,False,True,execution_timestamp,STRICT_1MIN_IN_SESSION,10.01095890410959,True,True,,,3.6752126176272215,833.075169763904,4557.972321802459,0.0
1751219078,2025-09-30,SOFR,PAST_START,PAST_START,False,True,execution_timestamp,STRICT_1MIN_IN_SESSION,2.0,True,True,,,3.460531093057298,48276.136070854554,-2338828.6873664074,0.0
1751228965,2025-09-30,SOFR,SPOT,SPOT,False,True,execution_timestamp,STRICT_1MIN_IN_SESSION,30.019178082191782,False,True,,,3.9146282117413294,30042.082316729942,,0.0
1751784815,2025-09-30,SOFR,FORWARD_START,FORWARD_START,False,True,execution_timestamp,STRICT_1MIN_IN_SESSION,30.013698630136986,False,True,,,3.9280845402318696,5248.459410064326,,0.0
1751795027,2025-09-30,SOFR,PAST_START,PAST_START,False,True,execution_timestamp,STRICT_1MIN_IN_SESSION,10.005479452054795,True,True,,,3.662521384864046,244.00114054525653,-2134.488186649207,0.0
1752982285,2025-10-01,SOFR,CAPPED,SPOT,True,True,execution_timestamp,STRICT_1MIN_IN_SESSION,1.0794520547945206,True,True,,,3.5462422840901398,115844.42409422559,-40183.98272641003,0.0
1754128856,2025-10-02,SOFR,PAST_START,PAST_START,False,True,execution_timestamp,STRICT_1MIN_IN_SESSION,9.876712328767123,True,True,,,3.551846040133892,232839.79714991126,5625317.297699735,0.0
1754705987,2025-10-03,SOFR,FORWARD_START,FORWARD_START,False,True,execution_timestamp,STRICT_1MIN_IN_SESSION,2.0,False,True,,,3.335519961113286,9628.116186589894,,0.0
1756767433,2025-10-07,SOFR,SPOT,SPOT,False,True,execution_timestamp,STRICT_1MIN_IN_SESSION,30.019178082191782,False,True,,,3.970837009223881,28112.676516101994,,0.0
1757819143,2025-10-08,SOFR,SPOT,SPOT,False,True,execution_timestamp,STRICT_1MIN_IN_SESSION,1.9863013698630136,False,True,,,3.3600534436544462,26786.57012762507,,0.0
1760235977,2025-10-09,SOFR,CAPPED,PAST_START,True,True,execution_timestamp,STRICT_1MIN_IN_SESSION,30.019178082191782,True,True,,,3.9570092979987823,440229.1798530721,2387772.1673809886,0.0
1760671605,2025-10-09,SOFR,PAST_START,PAST_START,False,True,execution_timestamp,STRICT_1MIN_IN_SESSION,4.2465753424657535,True,True,,,3.449421018163497,37787.29473892324,-1493508.747355733,0.0
1767705366,2025-10-14,SOFR,SPOT,SPOT,False,True,execution_timestamp,STRICT_1MIN_IN_SESSION,0.3589041095890411,False,True,,,3.8106480464489034,2331.930299523205,,0.0
1768467742,2025-10-14,SOFR,FORWARD_START,FORWARD_START,False,True,execution_timestamp,STRICT_1MIN_IN_SESSION,5.002739726027397,True,True,,,3.2646850541854295,9151.475720605089,-444134.7943468811,0.0
1770785796,2025-10-15,SOFR,SPOT,SPOT,False,True,execution_timestamp,STRICT_1MIN_IN_SESSION,2.0,False,True,,,3.2584500028704113,40549.74907992117,,0.0
1770894557,2025-10-15,SOFR,PAST_START,PAST_START,True,True,execution_timestamp,STRICT_1MIN_IN_SESSION,9.87945205479452,True,True,,,3.5847369327190277,396935.94578055065,-5499669.280196905,0.0
1776896906,2025-10-20,SOFR,PAST_START,PAST_START,False,True,execution_timestamp,STRICT_1MIN_IN_SESSION,10.005479452054795,True,True,,,3.5545365889464797,6775.410464010332,-67255.03539453773,0.0
1778872219,2025-10-20,SOFR,CAPPED,SPOT,True,True,execution_timestamp,STRICT_1MIN_IN_SESSION,1.5397260273972602,False,True,,,3.2940357148222916,164927.74799206562,,0.0
1780910525,2025-10-21,SOFR,PAST_START,PAST_START,False,True,execution_timestamp,STRICT_1MIN_IN_SESSION,5.002739726027397,False,True,,,3.2236697971854995,24907.58368952605,,0.0
1780994736,2025-10-21,SOFR,SPOT,SPOT,False,True,execution_timestamp,STRICT_1MIN_IN_SESSION,30.019178082191782,False,True,,,3.7960998050358774,7185.274766459214,,0.0
1782373867,2025-10-22,SOFR,SPOT,SPOT,False,True,execution_timestamp,STRICT_1MIN_IN_SESSION,5.002739726027397,False,True,,,3.221780056674559,19819.240069583404,,0.0
1783370189,2025-10-22,FED_FUNDS,CAPPED,PAST_START,True,True,execution_timestamp,STRICT_1MIN_IN_SESSION,5.002739726027397,True,True,,,3.616793695974283,216106.27089560713,52876746.128788225,0.0
1783722297,2025-10-22,SOFR,FORWARD_START,FORWARD_START,False,True,execution_timestamp,STRICT_1MIN_IN_SESSION,15.219178082191782,False,True,,,3.744748625889439,94593.33111888634,,0.0
1788904888,2025-10-24,SOFR,FORWARD_START,FORWARD_START,False,True,execution_timestamp,STRICT_1MIN_IN_SESSION,1.0,False,True,,,3.037810048555493,9441.578121036775,,0.0
1790911647,2025-10-27,SOFR,SPOT,SPOT,False,True,execution_timestamp,STRICT_1MIN_IN_SESSION,5.002739726027397,True,True,,,3.3035200479711446,34956.54654605989,-6921.228525569662,0.0
1790997073,2025-10-27,SOFR,PAST_START,PAST_START,False,True,execution_timestamp,STRICT_1MIN_IN_SESSION,10.005479452054795,True,True,,,3.5955363333730888,68.10213415847844,-1950.8787056155525,0.0
1791092294,2025-10-27,SOFR,SPOT,SPOT,False,True,execution_timestamp,STRICT_1MIN_IN_SESSION,7.005479452054795,True,True,,,3.423120216059098,622.5236885974421,256.4932098928839,0.0
1793446317,2025-10-28,SOFR,SPOT,SPOT,False,True,execution_timestamp,STRICT_1MIN_IN_SESSION,7.005479452054795,False,True,,,3.3926699103448588,9967.23781641086,,0.0
1795849960,2025-10-29,SOFR,FORWARD_START,FORWARD_START,False,True,execution_timestamp,STRICT_1MIN_IN_SESSION,15.016438356164384,False,True,,,3.8327373558803703,68757.36967011266,,0.0
1798099695,2025-10-30,SOFR,CAPPED,FORWARD_START,True,True,execution_timestamp,STRICT_1MIN_IN_SESSION,5.002739726027397,True,True,,,3.401859056863766,298140.3634651936,55425.98890656233,0.0
848092628000002401,2025-11-03,SOFR,FORWARD_START,FORWARD_START,False,True,execution_timestamp,STRICT_1MIN_IN_SESSION,5.002739726027397,True,True,,,3.374720676492208,274.19590704487194,2048.8103665787057,0.0
848973231000002201,2025-11-03,SOFR,PAST_START,PAST_START,False,True,execution_timestamp,STRICT_1MIN_IN_SESSION,30.019178082191782,True,True,,,3.9752175914670054,52776.7850859538,539471.585685797,0.0
849965356000005801,2025-11-03,SOFR,SPOT,SPOT,False,True,execution_timestamp,STRICT_1MIN_IN_SESSION,20.013698630136986,False,True,,,4.007479669011533,94606.33573230238,,0.0
868489771000001101,2025-11-04,SOFR,CAPPED,SPOT,True,True,execution_timestamp,STRICT_1MIN_IN_SESSION,2.9424657534246577,False,True,,,3.3328440274478996,181609.93249607168,,0.0
869520842000001001,2025-11-04,SOFR,SPOT,SPOT,False,True,execution_timestamp,STRICT_1MIN_IN_SESSION,2.0,False,True,,,3.3661300165756805,10038.644781905752,,0.0
887585787000001701,2025-11-05,SOFR,FORWARD_START,FORWARD_START,False,True,execution_timestamp,STRICT_1MIN_IN_SESSION,2.0027397260273974,True,True,,,3.2528048860645398,1720.0024007703234,17820.065276254434,0.0
912493454000000601,2025-11-06,SOFR,FORWARD_START,FORWARD_START,False,True,execution_timestamp,STRICT_1MIN_IN_SESSION,1.789041095890411,True,True,,,3.3306972032761597,129602.87615556299,1174036.2087478861,0.0
994601182000005701,2025-11-12,SOFR,CAPPED,SPOT,True,True,execution_timestamp,STRICT_1MIN_IN_SESSION,30.019178082191782,True,True,,,3.9489804451783272,440510.17147047014,78430.42107990384,0.0
994938650000000301,2025-11-12,SOFR,FORWARD_START,FORWARD_START,False,True,execution_timestamp,STRICT_1MIN_IN_SESSION,10.01095890410959,False,True,,,3.6590489182930375,83082.90359696324,,0.0
996793499000000501,2025-11-12,SOFR,PAST_START,PAST_START,False,True,execution_timestamp,STRICT_1MIN_IN_SESSION,7.005479452054795,True,True,,,3.4863031781499974,14991.728077088766,73913.98401610274,0.0
1019745411000000601,2025-11-13,SOFR,FORWARD_START,FORWARD_START,False,True,execution_timestamp,STRICT_1MIN_IN_SESSION,30.019178082191782,False,True,,,3.9891307474785966,43832.53715263266,,0.0
1038955309000001201,2025-11-14,SOFR,PAST_START,PAST_START,False,True,execution_timestamp,STRICT_1MIN_IN_SESSION,10.005479452054795,True,True,,,3.714088625034548,15184.823978783616,223351.48804309126,0.0
1057869529000001801,2025-11-17,SOFR,SPOT,SPOT,False,True,execution_timestamp,STRICT_1MIN_IN_SESSION,15.01095890410959,False,True,,,3.920260912713909,29788.135407358124,,0.0
1078844719000000901,2025-11-18,SOFR,PAST_START,PAST_START,False,True,execution_timestamp,STRICT_1MIN_IN_SESSION,3.96986301369863,True,True,,,3.6028107502535045,1362.624427422918,-67271.30312606692,0.0
1081453970000000301,2025-11-18,FED_FUNDS,SPOT,SPOT,False,True,execution_timestamp,STRICT_1MIN_IN_SESSION,6.002739726027397,False,True,,,3.3968102967816596,2168.720571746625,,0.0
1121040699000000801,2025-11-20,FED_FUNDS,FORWARD_START,FORWARD_START,False,True,execution_timestamp,STRICT_1MIN_IN_SESSION,0.13424657534246576,False,True,,,3.7897037410645256,4863.336192648062,,0.0
1121720060000003501,2025-11-20,SOFR,CAPPED,FORWARD_START,True,True,execution_timestamp,STRICT_1MIN_IN_SESSION,10.005479452054795,False,True,,,3.676792333535218,393724.9764638963,,0.0
1142774472000000201,2025-11-21,SOFR,FORWARD_START,FORWARD_START,False,True,execution_timestamp,STRICT_1MIN_IN_SESSION,2.0,True,True,,,3.2571180146801,1154.1137771064186,821.4998807948432,0.0
1146182848000000701,2025-11-21,FED_FUNDS,CAPPED,FORWARD_START,True,True,execution_timestamp,STRICT_1MIN_IN_SESSION,0.13424657534246576,True,True,,,3.723932631988121,101339.61502543036,-441510.0301995054,0.0
1163481441000000201,2025-11-24,SOFR,FORWARD_START,FORWARD_START,False,True,execution_timestamp,STRICT_1MIN_IN_SESSION,5.002739726027397,False,True,,,3.2967539730997713,22952.64886869787,,0.0
1167119790000001601,2025-11-24,SOFR,PAST_START,PAST_START,False,True,execution_timestamp,STRICT_1MIN_IN_SESSION,10.005479452054795,True,True,,,3.6206487511671743,317085.97091663495,-9206630.76430142,0.0
1174846711000000101,2025-11-25,SOFR,SPOT,SPOT,False,True,execution_timestamp,STRICT_1MIN_IN_SESSION,30.019178082191782,False,True,,,3.9570199076076507,3526.2777968782502,,0.0
1188238935000000401,2025-11-25,SOFR,SPOT,SPOT,False,True,execution_timestamp,STRICT_1MIN_IN_SESSION,10.005479452054795,False,True,,,3.5871395596782687,844.3466771459929,,0.0
1188253343000000901,2025-11-25,SOFR,CAPPED,PAST_START,True,True,execution_timestamp,STRICT_1MIN_IN_SESSION,5.589041095890411,True,True,,,3.3925869809649805,337511.0640132494,-3625803.4451381117,0.0
1247334486000000601,2025-11-28,SOFR,FORWARD_START,FORWARD_START,False,True,execution_timestamp,STRICT_1MIN_IN_SESSION,3.0027397260273974,True,True,,,3.236106680758278,68349.49009734299,-135969.82265153527,60.0
1249204648000003801,2025-11-28,SOFR,PAST_START,PAST_START,False,True,execution_timestamp,STRICT_1MIN_IN_SESSION,27.013698630136986,True,True,,,3.9736764534480233,68487.92925404134,2901672.2970351353,0.0
1271678234000003201,2025-12-01,SOFR,PAST_START,PAST_START,False,True,execution_timestamp,STRICT_1MIN_IN_SESSION,10.005479452054795,True,True,,,3.6953498912515275,36177.711635064145,-704199.5504036117,0.0
1292820075000000501,2025-12-02,SOFR,CAPPED,SPOT,True,True,execution_timestamp,STRICT_1MIN_IN_SESSION,0.021917808219178082,False,True,,,3.995010590896354,37736.16489932303,,0.0
1295182400000000301,2025-12-02,SOFR,FORWARD_START,FORWARD_START,False,True,execution_timestamp,STRICT_1MIN_IN_SESSION,2.0027397260273974,False,True,,,3.2330044501893203,9970.090077990517,,0.0
1295452771000002701,2025-12-02,SOFR,PAST_START,PAST_START,False,True,execution_timestamp,STRICT_1MIN_IN_SESSION,30.02191780821918,True,True,,,4.036022993002463,10271.940675182279,605040.9240439609,0.0
1311681875000000701,2025-12-03,SOFR,SPOT,SPOT,False,True,execution_timestamp,STRICT_1MIN_IN_SESSION,5.002739726027397,False,True,,,3.329591391643251,19766.656633714312,,0.0
1313939083000005801,2025-12-03,SOFR,PAST_START,PAST_START,False,True,execution_timestamp,STRICT_1MIN_IN_SESSION,1.9917808219178081,False,True,,,3.4147213904365077,32864.91372384141,,0.0
1338651638000000501,2025-12-04,SOFR,FORWARD_START,FORWARD_START,False,True,execution_timestamp,STRICT_1MIN_IN_SESSION,5.002739726027397,False,True,,,3.3693899356205974,18374.025935662667,,0.0
1355374112000000101,2025-12-05,SOFR,CAPPED,FORWARD_START,True,True,execution_timestamp,STRICT_1MIN_IN_SESSION,9.375342465753425,True,True,,,3.677554574849668,373125.2999163388,-837495.5990967155,0.0
1373270198000000201,2025-12-08,SOFR,SPOT,SPOT,False,True,execution_timestamp,STRICT_1MIN_IN_SESSION,5.002739726027397,False,True,,,3.453440114140347,5040.2893724823625,,0.0
1383808322000000901,2025-12-09,SOFR,PAST_START,PAST_START,False,True,execution_timestamp,STRICT_1MIN_IN_SESSION,3.0027397260273974,False,True,,,3.380595304094657,19914.331752839782,,0.0
1383837949000000101,2025-12-09,SOFR,SPOT,SPOT,False,True,execution_timestamp,STRICT_1MIN_IN_SESSION,10.005479452054795,False,True,,,3.754879863182164,5859.6415199474795,,0.0
1387144896000000601,2025-12-09,SOFR,FORWARD_START,FORWARD_START,False,True,execution_timestamp,STRICT_1MIN_IN_SESSION,10.005479452054795,True,True,,,3.7775498816776834,116961.47546167053,205266.0055199489,0.0
1387244112000000101,2025-12-09,SOFR,CAPPED,FORWARD_START,True,True,execution_timestamp,STRICT_1MIN_IN_SESSION,6.632876712328767,False,True,,,3.587026888739321,274346.47669569735,,0.0
1387640399000000201,2025-12-09,SOFR,SPOT,SPOT,False,True,execution_timestamp,STRICT_1MIN_IN_SESSION,4.002739726027397,False,True,,,3.4414500617918744,93150.21286672092,,0.0
1399447216000000201,2025-12-10,SOFR,SPOT,SPOT,False,True,execution_timestamp,STRICT_1MIN_IN_SESSION,4.002739726027397,False,True,,,3.452379954526759,63334.5046421032,,0.0
1413673975000001701,2025-12-11,SOFR,PAST_START,PAST_START,False,True,execution_timestamp,STRICT_1MIN_IN_SESSION,30.019178082191782,True,True,,,4.056809895650102,48930.38275661426,436996.73781127855,0.0
1414493612000000101,2025-12-11,SOFR,FORWARD_START,FORWARD_START,False,True,execution_timestamp,STRICT_1MIN_IN_SESSION,5.002739726027397,False,True,,,3.425562758738222,36672.389794985254,,0.0
1415742748000000401,2025-12-11,SOFR,CAPPED,FORWARD_START,True,True,execution_timestamp,STRICT_1MIN_IN_SESSION,2.0027397260273974,True,True,,,3.292993669281194,210970.05701109697,2805768.199036844,0.0
1443911367000000501,2025-12-15,SOFR,SPOT,SPOT,False,True,execution_timestamp,STRICT_1MIN_IN_SESSION,10.005479452054795,False,True,,,3.760780809465751,41873.29665138353,,0.0
1447771607000000301,2025-12-16,SOFR,SPOT,SPOT,False,True,execution_timestamp,STRICT_1MIN_IN_SESSION,0.2465753424657534,False,True,,,3.702969384588074,7427.429674295694,,0.0
1459577350000001201,2025-12-16,SOFR,PAST_START,PAST_START,False,True,execution_timestamp,STRICT_1MIN_IN_SESSION,10.005479452054795,True,True,,,3.770087982115639,1.723109529372737,-39.616358893385836,0.0
1467337296000001101,2025-12-17,SOFR,FORWARD_START,FORWARD_START,False,True,execution_timestamp,STRICT_1MIN_IN_SESSION,5.002739726027397,True,True,,,3.4477595443357725,16367.939561321007,5007.843677311204,0.0
1473324111000000301,2025-12-17,SOFR,SPOT,SPOT,False,True,execution_timestamp,STRICT_1MIN_IN_SESSION,9.0,True,True,,,3.707051378334852,6908.966795044875,-1577281.622187797,0.0
1490955274000000401,2025-12-18,SOFR,PAST_START,PAST_START,False,True,execution_timestamp,STRICT_1MIN_IN_SESSION,5.589041095890411,True,True,,,3.4017118022439092,20252.53819403141,-199063.05812184792,0.0
1502823238000000901,2025-12-19,SOFR,FORWARD_START,FORWARD_START,False,True,execution_timestamp,STRICT_1MIN_IN_SESSION,5.002739726027397,False,True,,,3.8921926852770685,20387.535937613742,,0.0
1520196440000000101,2025-12-23,SOFR,CAPPED,FORWARD_START,True,True,execution_timestamp,STRICT_1MIN_IN_SESSION,6.002739726027397,False,True,,,3.5165691930157164,254034.01046851027,,0.0
1530453173000001001,2025-12-23,SOFR,PAST_START,PAST_START,False,True,execution_timestamp,STRICT_1MIN_IN_SESSION,9.87945205479452,True,True,,,3.7878611908233286,10.957227545294934,76.08829288674588,0.0
1543348037000000101,2025-12-24,SOFR,SPOT,SPOT,False,True,execution_timestamp,STRICT_1MIN_IN_SESSION,5.002739726027397,True,True,,,3.46862116511376,1833.135611915365,-449737.6111749393,0.0
1543812789000002101,2025-12-24,SOFR,PAST_START,PAST_START,False,True,execution_timestamp,STRICT_1MIN_IN_SESSION,10.005479452054795,True,True,,,3.7619743159890557,251508.60374126091,1684461.6700933278,0.0
1609598241000000201,2026-01-02,SOFR,SPOT,SPOT,False,True,execution_timestamp,STRICT_1MIN_IN_SESSION,5.002739726027397,False,True,,,3.456425930596897,25226.092136643616,,0.0
1611698380000001001,2026-01-02,SOFR,FORWARD_START,FORWARD_START,False,True,execution_timestamp,STRICT_1MIN_IN_SESSION,18.161643835616438,True,True,,,4.1604849562232165,80062.64662224989,43914.01118379459,0.0
1622431104000001701,2026-01-05,SOFR,CAPPED,PAST_START,True,True,execution_timestamp,STRICT_1MIN_IN_SESSION,7.005479452054795,True,True,,,3.599229385753575,291776.1245619555,857.4061295688152,0.0
1623820589000000201,2026-01-05,SOFR,PAST_START,PAST_START,False,True,execution_timestamp,STRICT_1MIN_IN_SESSION,9.931506849315069,True,True,,,3.7710364746311766,25034.153424225646,80250.67041566595,0.0
1635851332000000701,2026-01-06,SOFR,SPOT,SPOT,False,True,execution_timestamp,STRICT_1MIN_IN_SESSION,5.002739726027397,False,True,,,3.4559101632030615,45858.007712296116,,0.0
1641797125000000101,2026-01-07,SOFR,FORWARD_START,FORWARD_START,False,True,event_timestamp,STRICT_1MIN_IN_SESSION,1.0,False,True,,,3.434290731549097,11748.063052807525,,0.0
1651984315000005001,2026-01-07,SOFR,PAST_START,PAST_START,False,True,execution_timestamp,STRICT_1MIN_IN_SESSION,2.0,True,True,,,3.3989989972616352,7016.263355601496,16487.515338019002,0.0
1654439168000000101,2026-01-07,SOFR,CAPPED,SPOT,True,True,execution_timestamp,STRICT_1MIN_IN_SESSION,2.947945205479452,False,True,,,3.3210626573822353,181970.32363416636,,0.0
1667177268000002201,2026-01-08,SOFR,FORWARD_START,FORWARD_START,False,True,execution_timestamp,STRICT_1MIN_IN_SESSION,29.86027397260274,False,True,,,4.176021323365608,25718.917187241168,,0.0
1669388957000001701,2026-01-08,SOFR,CAPPED,PAST_START,True,True,execution_timestamp,STRICT_1MIN_IN_SESSION,27.397260273972602,True,True,,,4.180523288215458,410265.1984134656,11043243.249731988,0.0
1698425893000000301,2026-01-12,SOFR,PAST_START,PAST_START,False,True,event_timestamp,STRICT_1MIN_IN_SESSION,4.504109589041096,True,True,,,3.396010679827724,28457.763400841035,-202019.72774491832,0.0
1714513220000000601,2026-01-13,SOFR,SPOT,SPOT,False,True,execution_timestamp,STRICT_1MIN_IN_SESSION,10.005479452054795,False,True,,,3.8181095272521963,41756.41923308341,,0.0
1743160457000000801,2026-01-15,SOFR,FORWARD_START,FORWARD_START,False,True,execution_timestamp,STRICT_1MIN_IN_SESSION,6.501369863013698,False,True,,,3.6111488803922556,257013.83401713666,,0.0
1743164601000001601,2026-01-15,SOFR,PAST_START,PAST_START,False,True,execution_timestamp,STRICT_1MIN_IN_SESSION,5.002739726027397,False,True,,,3.4993141460204407,82649.38624930067,,0.0
1757634356000003601,2026-01-16,SOFR,PAST_START,PAST_START,False,True,execution_timestamp,STRICT_1MIN_IN_SESSION,30.019178082191782,True,True,,,4.1849409407556015,660.3971482124234,16638.10787929545,0.0
1759712145000000101,2026-01-16,SOFR,FORWARD_START,FORWARD_START,False,True,execution_timestamp,STRICT_1MIN_IN_SESSION,1.0,True,True,,,3.461261758247781,14596.555836545747,264579.7375294175,0.0
1790624950000000201,2026-01-20,SOFR,SPOT,SPOT,False,True,execution_timestamp,STRICT_1MIN_IN_SESSION,2.0,False,True,,,3.429050384817986,5017.897541465416,,0.0
1805480175000000101,2026-01-21,SOFR,FORWARD_START,FORWARD_START,False,True,event_timestamp,STRICT_1MIN_IN_SESSION,1.726027397260274,False,True,,,3.4362827491531784,4178.28593175186,,0.0
1807555791000000501,2026-01-22,SOFR,CAPPED,FORWARD_START,True,True,execution_timestamp,STRICT_1MIN_IN_SESSION,15.01095890410959,True,True,,,4.12477419867622,281008.20254000556,-146849.3036826849,0.0
1817346580000000801,2026-01-22,SOFR,FORWARD_START,FORWARD_START,False,True,execution_timestamp,STRICT_1MIN_IN_SESSION,0.5095890410958904,False,True,,,3.6367736402205266,20269.412607522638,,0.0
1817559315000002801,2026-01-22,SOFR,PAST_START,PAST_START,False,True,execution_timestamp,STRICT_1MIN_IN_SESSION,5.002739726027397,True,True,,,3.607082080227284,4162.65180126553,-59491.75361750135,0.0
1831801207000000701,2026-01-23,SOFR,FORWARD_START,FORWARD_START,False,True,execution_timestamp,STRICT_1MIN_IN_SESSION,1.0,False,True,,,3.472275728437619,48684.229231976664,,0.0
1832122263000003501,2026-01-23,SOFR,PAST_START,PAST_START,False,True,execution_timestamp,STRICT_1MIN_IN_SESSION,5.002739726027397,True,True,,,3.611307378738172,2313.931886684135,93322.58037972508,0.0
1835348459000000801,2026-01-23,SOFR,PAST_START,PAST_START,False,True,execution_timestamp,STRICT_1MIN_IN_SESSION,7.002739726027397,True,True,,,3.639076988433047,162.12316146904948,-1798.3189314902338,0.0
1848781864000000201,2026-01-26,SOFR,FORWARD_START,FORWARD_START,False,True,execution_timestamp,STRICT_1MIN_IN_SESSION,5.002739726027397,True,True,,,4.566754789120025,103704.16060780398,277495.4481850937,0.0
1864949685000001001,2026-01-27,SOFR,SPOT,SPOT,False,True,execution_timestamp,STRICT_1MIN_IN_SESSION,30.019178082191782,False,True,,,4.190469590289051,342771.15276867565,,0.0
1864979405000000101,2026-01-27,SOFR,PAST_START,PAST_START,False,True,execution_timestamp,STRICT_1MIN_IN_SESSION,30.019178082191782,True,True,,,4.189574023667342,75439.31698765352,-95249.50308379531,0.0
1880255942000002601,2026-01-28,SOFR,PAST_START,PAST_START,False,True,execution_timestamp,STRICT_1MIN_IN_SESSION,10.005479452054795,True,True,,,3.8767648208354695,846.3276681156483,6031.338963636314,0.0
1882656092000001001,2026-01-28,SOFR,PAST_START,PAST_START,False,True,execution_timestamp,STRICT_1MIN_IN_SESSION,2.0,True,True,,,3.8243288766127996,10322.726675803971,8638.96258574538,0.0
1902329987000000201,2026-01-30,SOFR,FORWARD_START,FORWARD_START,False,True,execution_timestamp,STRICT_1MIN_IN_SESSION,2.0,False,True,,,3.4022199365114534,44281.79273225418,,0.0
1911525976000000301,2026-01-30,SOFR,SPOT,SPOT,False,True,event_timestamp,STRICT_1MIN_IN_SESSION,2.96986301369863,False,True,,,3.413241620458026,101341.72538077181,,0.0
1915625652000000301,2026-01-30,SOFR,CAPPED,FORWARD_START,True,True,execution_timestamp,STRICT_1MIN_IN_SESSION,4.161643835616438,False,True,,,3.4674739971414943,249308.5030998923,,0.0
1931140691000000101,2026-02-02,SOFR,PAST_START,PAST_START,False,True,execution_timestamp,STRICT_1MIN_IN_SESSION,7.005479452054795,True,True,,,3.670402972240621,9931.701687800132,32181.665409191046,0.0
1947498363000001701,2026-02-03,SOFR,SPOT,SPOT,False,True,execution_timestamp,STRICT_1MIN_IN_SESSION,2.0,False,True,,,3.4196999845838447,57907.12306158643,,0.0
1947543813000000101,2026-02-03,SOFR,PAST_START,PAST_START,False,True,execution_timestamp,STRICT_1MIN_IN_SESSION,30.019178082191782,True,True,,,4.222690874974316,10342.30361986443,260161.55248269346,0.0
1964064324000008601,2026-02-04,SOFR,PAST_START,PAST_START,False,True,execution_timestamp,STRICT_1MIN_IN_SESSION,29.994520547945207,True,True,,,4.222390643585453,337914.2475055235,6865474.603726268,0.0
1979444890000000301,2026-02-05,SOFR,FORWARD_START,FORWARD_START,False,True,execution_timestamp,STRICT_1MIN_IN_SESSION,5.002739726027397,False,True,,,3.492971648221901,4978.79053056963,,0.0
1980828014000001501,2026-02-05,SOFR,FORWARD_START,FORWARD_START,False,True,execution_timestamp,STRICT_1MIN_IN_SESSION,5.002739726027397,True,True,,,3.485453754064071,9587.248375739207,-13945.847272234969,0.0
1981056018000000601,2026-02-05,SOFR,SPOT,SPOT,False,True,execution_timestamp,STRICT_1MIN_IN_SESSION,10.005479452054795,True,True,,,3.806201040560347,50151.04450801485,-398896.18949792534,0.0
1993790517000004201,2026-02-06,SOFR,PAST_START,PAST_START,False,True,execution_timestamp,STRICT_1MIN_IN_SESSION,5.002739726027397,True,True,,,3.4982613343021107,7438.5317586779065,191736.58713654382,0.0
2025983553000001801,2026-02-10,SOFR,FORWARD_START,FORWARD_START,False,True,event_timestamp,STRICT_1MIN_IN_SESSION,0.5863013698630137,False,True,,,3.3344139040398977,28983.327996892676,,0.0
2028182916000005201,2026-02-10,SOFR,CAPPED,PAST_START,True,True,execution_timestamp,STRICT_1MIN_IN_SESSION,3.287671232876712,True,True,,,3.3214293649378184,202634.1224388403,-789475.409548521,0.0
2042717565000005501,2026-02-11,SOFR,PAST_START,PAST_START,False,True,execution_timestamp,STRICT_1MIN_IN_SESSION,2.947945205479452,True,True,,,3.353279478323162,154138.1687963275,-503553.8748809099,0.0
2044758234000000301,2026-02-11,SOFR,FORWARD_START,FORWARD_START,False,True,execution_timestamp,STRICT_1MIN_IN_SESSION,10.008219178082191,True,True,,,3.7741142657898874,208.8146908581052,-477.8877514145279,0.0
2056424187000000301,2026-02-12,SOFR,FORWARD_START,FORWARD_START,False,True,execution_timestamp,STRICT_1MIN_IN_SESSION,10.005479452054795,True,True,,,3.749029781137326,12564.17140513949,-339.50761075504124,0.0
2060670882000000801,2026-02-12,SOFR,FORWARD_START,FORWARD_START,False,True,execution_timestamp,STRICT_1MIN_IN_SESSION,10.008219178082191,True,True,,,3.6963344359528456,636.3888678475631,-3415.216754636931,0.0
2074004458000000301,2026-02-13,SOFR,CAPPED,FORWARD_START,True,True,execution_timestamp,STRICT_1MIN_IN_SESSION,4.008219178082192,False,True,,,3.2822199487704222,242770.84741570544,,0.0
2092343261000002501,2026-02-17,SOFR,PAST_START,PAST_START,False,True,execution_timestamp,STRICT_1MIN_IN_SESSION,20.013698630136986,True,True,,,3.9567906888512914,70.31361787720516,-1309.3050349287805,0.0
2093034331000001301,2026-02-17,SOFR,SPOT,SPOT,False,True,execution_timestamp,STRICT_1MIN_IN_SESSION,6.002739726027397,False,True,,,3.397100478676386,3255.0885318139453,,0.0
2103398407000000401,2026-02-18,SOFR,SPOT,SPOT,False,True,execution_timestamp,STRICT_1MIN_IN_SESSION,30.019178082191782,True,True,,,4.010140321519992,15778.153666039381,8899.385966829956,0.0
2104606427000000701,2026-02-18,SOFR,PAST_START,PAST_START,False,True,execution_timestamp,STRICT_1MIN_IN_SESSION,29.931506849315067,True,True,,,4.009399770913776,740.3614875287536,-7707.1800458361395,0.0
2121171772000002901,2026-02-20,SOFR,PAST_START,PAST_START,False,True,execution_timestamp,STRICT_1MIN_IN_SESSION,10.005479452054795,True,True,,,3.66043398802181,30304.513438682712,-255212.5266745314,0.0
2121174475000001001,2026-02-20,FED_FUNDS,FORWARD_START,FORWARD_START,False,True,execution_timestamp,STRICT_1MIN_IN_SESSION,0.13424657534246576,False,True,,,3.3945072873584716,29333.960324987616,,0.0
2130005632000000201,2026-02-23,SOFR,SPOT,SPOT,False,True,execution_timestamp,STRICT_1MIN_IN_SESSION,2.819178082191781,False,True,,,3.26772547775789,1342.878531991007,,0.0
2145343428000000701,2026-02-24,SOFR,PAST_START,PAST_START,False,True,execution_timestamp,STRICT_1MIN_IN_SESSION,6.504109589041096,True,True,,,3.3846367376156326,21153.170706095654,-392211.6421944583,0.0
2148473458000000201,2026-02-24,SOFR,CAPPED,PAST_START,True,True,execution_timestamp,STRICT_1MIN_IN_SESSION,2.1232876712328768,True,True,,,3.2981904600788132,225784.67646692254,-4556550.167904377,0.0
2163171673000001601,2026-02-25,SOFR,SPOT,SPOT,False,True,execution_timestamp,STRICT_1MIN_IN_SESSION,5.008219178082192,False,True,,,3.3301407159043657,2302.9766257465294,,0.0
2164297543000005301,2026-02-25,SOFR,PAST_START,PAST_START,False,True,execution_timestamp,STRICT_1MIN_IN_SESSION,5.002739726027397,True,True,,,3.3355059973524828,50904.070387500265,-661722.386072211,0.0
2179939671000001301,2026-02-26,SOFR,PAST_START,PAST_START,False,True,execution_timestamp,STRICT_1MIN_IN_SESSION,3.0027397260273974,True,True,,,3.294061085438221,4020.2898111534023,-4799.78965689498,0.0
2184590685000000201,2026-02-27,SOFR,FORWARD_START,FORWARD_START,False,False,execution_timestamp,ASOF_2H_OUT_OF_SESSION,10.008219178082191,False,False,NO_CURVE,"citivelo_excel minute store (USD-SOFR-1D-CITIVELOEXCELMIN): no snapshot satisfies datetime.datetime(2026, 2, 26, 23, 25,",,,,
2195837817000004001,2026-02-27,SOFR,PAST_START,PAST_START,False,True,execution_timestamp,STRICT_1MIN_IN_SESSION,30.019178082191782,False,True,,,3.9195328704453978,90570.1447309598,,0.0
2198005267000000301,2026-02-27,SOFR,CAPPED,PAST_START,True,True,execution_timestamp,STRICT_1MIN_IN_SESSION,5.123287671232877,True,True,,,3.2529749151167393,307457.62717432005,-7594974.6450742185,0.0
2214568691000001701,2026-03-02,SOFR,SPOT,SPOT,False,True,execution_timestamp,STRICT_1MIN_IN_SESSION,8.005479452054795,False,True,,,3.4930696664518903,4895.973186069206,,0.0
2216712314000000501,2026-03-02,SOFR,PAST_START,PAST_START,True,True,execution_timestamp,STRICT_1MIN_IN_SESSION,7.126027397260274,True,True,,,3.455976017474808,298182.528060301,-8767281.441971943,0.0
2229003744000000901,2026-03-03,FED_FUNDS,CAPPED,FORWARD_START,True,True,execution_timestamp,STRICT_1MIN_IN_SESSION,0.13424657534246576,False,True,,,3.6099344513706972,100950.67778666051,,0.0
2229224983000003601,2026-03-03,SOFR,SPOT,SPOT,False,True,execution_timestamp,STRICT_1MIN_IN_SESSION,4.002739726027397,False,True,,,3.3394400720079003,23147.98634468569,,0.0
2232330164000001001,2026-03-03,SOFR,PAST_START,PAST_START,False,True,execution_timestamp,STRICT_1MIN_IN_SESSION,29.78082191780822,True,True,,,3.949882505933328,3534.948548269166,-72331.23136014515,0.0
2243798983000001601,2026-03-04,SOFR,FORWARD_START,FORWARD_START,False,True,execution_timestamp,STRICT_1MIN_IN_SESSION,10.008219178082191,True,True,,,3.641322706495938,49593.09393065518,-965464.930291269,0.0
2268017401000001701,2026-03-05,SOFR,FORWARD_START,FORWARD_START,False,True,execution_timestamp,STRICT_1MIN_IN_SESSION,10.008219178082191,False,True,,,3.6994003390219086,167542.99240649183,,0.0
2268622630000001101,2026-03-05,SOFR,FORWARD_START,FORWARD_START,False,True,execution_timestamp,STRICT_1MIN_IN_SESSION,10.008219178082191,True,True,,,3.6946603648231053,6709.978181649054,7247.021231688559,0.0
2270195914000000101,2026-03-05,SOFR,FORWARD_START,FORWARD_START,False,True,execution_timestamp,STRICT_1MIN_IN_SESSION,3.0027397260273974,True,True,,,3.37914761870117,14214.096476076054,-171780.7407145109,0.0
2270728924000001001,2026-03-05,SOFR,PAST_START,PAST_START,False,True,execution_timestamp,STRICT_1MIN_IN_SESSION,10.008219178082191,True,True,,,3.675334131354444,1679.9108939375562,-12207.218435510411,0.0
2285077065000002901,2026-03-06,FED_FUNDS,CAPPED,PAST_START,True,True,execution_timestamp,STRICT_1MIN_IN_SESSION,2.452054794520548,True,True,,,3.3831349099517487,213605.34831213806,-787458.0400314927,0.0
2304225242000000401,2026-03-09,SOFR,SPOT,SPOT,False,True,execution_timestamp,STRICT_1MIN_IN_SESSION,9.93972602739726,False,True,,,3.678885492707123,60084.75163460355,,0.0
2317750347000000101,2026-03-10,SOFR,SPOT,SPOT,False,True,execution_timestamp,STRICT_1MIN_IN_SESSION,19.945205479452056,False,True,,,3.9934748244014564,75065.98309932744,,0.0
2317855950000003801,2026-03-10,SOFR,PAST_START,PAST_START,False,True,execution_timestamp,STRICT_1MIN_IN_SESSION,30.019178082191782,True,True,,,3.982996429969187,26465.342198460225,-562768.4847167712,0.0
2335356986000000401,2026-03-11,SOFR,FORWARD_START,FORWARD_START,False,True,execution_timestamp,STRICT_1MIN_IN_SESSION,5.002739726027397,False,True,,,3.474922539393218,24943.657192778504,,0.0
2335580389000000501,2026-03-11,SOFR,PAST_START,PAST_START,False,True,execution_timestamp,STRICT_1MIN_IN_SESSION,2.1232876712328768,True,True,,,3.467704449829406,34763.96779465471,322277.45082906634,0.0
2347910616000002001,2026-03-12,SOFR,PAST_START,PAST_START,False,True,execution_timestamp,STRICT_1MIN_IN_SESSION,19.95068493150685,True,True,,,4.077139084982121,49710.3259802978,329873.17462155595,0.0
2352151145000000901,2026-03-12,SOFR,PAST_START,PAST_START,False,True,execution_timestamp,STRICT_1MIN_IN_SESSION,4.002739726027397,True,True,,,3.5088649448543214,48575.752223200776,7116.079826422036,0.0
2368636489000000301,2026-03-13,SOFR,CAPPED,FORWARD_START,True,True,execution_timestamp,STRICT_1MIN_IN_SESSION,1.6931506849315068,True,True,,,3.4815658519986754,178432.4765880541,1432025.043280825,0.0
2370960414000000901,2026-03-13,SOFR,PAST_START,PAST_START,False,True,execution_timestamp,STRICT_1MIN_IN_SESSION,10.005479452054795,True,True,,,3.69715027279077,138.55145453355203,-492.54664131097525,0.0
2371023907000000201,2026-03-13,SOFR,SPOT,SPOT,False,True,execution_timestamp,STRICT_1MIN_IN_SESSION,3.0,True,True,,,3.5019741721478743,99199.68018869458,62834.78513292968,0.0
2385169856000000801,2026-03-16,SOFR,CAPPED,FORWARD_START,True,True,execution_timestamp,STRICT_1MIN_IN_SESSION,4.156164383561644,False,True,,,3.457934913405548,247917.37429684927,,0.0
2386373821000001001,2026-03-16,SOFR,FORWARD_START,FORWARD_START,False,True,execution_timestamp,STRICT_1MIN_IN_SESSION,2.0027397260273974,True,True,,,3.435038558156964,14989.088148141256,185922.4881983064,0.0
2387773011000004301,2026-03-16,SOFR,SPOT,SPOT,False,True,execution_timestamp,STRICT_1MIN_IN_SESSION,8.005479452054795,False,True,,,3.6567996040261828,9719.34808864506,,0.0
2400873649000005501,2026-03-17,SOFR,PAST_START,PAST_START,False,True,execution_timestamp,STRICT_1MIN_IN_SESSION,30.019178082191782,True,True,,,4.067897905384722,8724.36821645976,-62904.522260170896,0.0
2408403092000000101,2026-03-18,SOFR,SPOT,SPOT,False,True,execution_timestamp,STRICT_1MIN_IN_SESSION,5.002739726027397,False,True,,,3.4603688823975647,1830.978594363273,,0.0
2418988042000001601,2026-03-18,SOFR,PAST_START,PAST_START,False,True,execution_timestamp,STRICT_1MIN_IN_SESSION,10.005479452054795,True,True,,,3.742088260222453,194977.86742193814,50725213.088812396,0.0
2421570668000000201,2026-03-18,SOFR,SPOT,SPOT,False,True,execution_timestamp,STRICT_1MIN_IN_SESSION,2.0027397260273974,False,True,,,3.5860499304987306,28846.489874738712,,0.0
2422119537000000601,2026-03-18,FED_FUNDS,CAPPED,FORWARD_START,True,True,execution_timestamp,STRICT_1MIN_IN_SESSION,0.13424657534246576,False,True,,,3.6578759657170097,101095.26291972827,,0.0
2431560199000001001,2026-03-19,SOFR,FORWARD_START,FORWARD_START,False,True,execution_timestamp,STRICT_1MIN_IN_SESSION,10.005479452054795,True,True,,,3.953881691473494,20052.54179408103,53784.30892601609,0.0
2470021708000000301,2026-03-23,SOFR,FORWARD_START,FORWARD_START,False,True,execution_timestamp,STRICT_1MIN_IN_SESSION,1.0027397260273974,False,True,,,3.6021977625821355,6549.078315874825,,0.0
2472320440000000601,2026-03-23,SOFR,PAST_START,PAST_START,False,True,execution_timestamp,STRICT_1MIN_IN_SESSION,10.005479452054795,True,True,,,3.867056878121296,38003.8226067152,802096.8156048823,0.0
2474270734000000301,2026-03-24,SOFR,SPOT,SPOT,False,True,execution_timestamp,STRICT_1MIN_IN_SESSION,2.0027397260273974,False,False,NO_CURVE,"citivelo_excel minute store (USD-SOFR-1D-CITIVELOEXCELMIN): no snapshot satisfies datetime.datetime(2026, 3, 23, 20, 20,",,,,
2485271146000001601,2026-03-24,SOFR,PAST_START,PAST_START,False,True,execution_timestamp,STRICT_1MIN_IN_SESSION,2.0027397260273974,True,True,,,3.735995973124726,12515.926189838472,91361.22117844969,0.0
2488243183000000801,2026-03-24,SOFR,SPOT,SPOT,False,True,execution_timestamp,STRICT_1MIN_IN_SESSION,0.2493150684931507,False,True,,,3.714536038163035,12517.454147530736,,0.0
2489473177000000401,2026-03-24,SOFR,CAPPED,PAST_START,True,True,execution_timestamp,STRICT_1MIN_IN_SESSION,4.002739726027397,True,True,,,3.6870526349117956,241276.36950770052,12040960.79447703,0.0
2502468756000007301,2026-03-25,SOFR,SPOT,SPOT,False,True,execution_timestamp,STRICT_1MIN_IN_SESSION,10.008219178082191,False,True,,,3.8554898886644913,224315.87446304638,,0.0
2503574999000006101,2026-03-25,SOFR,PAST_START,PAST_START,False,True,execution_timestamp,STRICT_1MIN_IN_SESSION,10.005479452054795,True,True,,,3.8414670480812574,59802.25535591749,1104350.5965178795,0.0
2512833466000001601,2026-03-26,SOFR,FORWARD_START,FORWARD_START,False,True,execution_timestamp,STRICT_1MIN_IN_SESSION,5.002739726027397,False,True,,,3.701460058241236,20908.1966264504,,0.0
2517537064000001101,2026-03-26,SOFR,CAPPED,FORWARD_START,True,True,execution_timestamp,STRICT_1MIN_IN_SESSION,4.156164383561644,True,True,,,3.6793153947993034,246631.50052577397,-76170.95392793417,0.0
2521201531000000801,2026-03-26,SOFR,FORWARD_START,FORWARD_START,False,True,execution_timestamp,STRICT_1MIN_IN_SESSION,2.0027397260273974,True,True,,,3.769398292615589,9928.643816030282,145353.65026551578,0.0
2553572179000000701,2026-03-30,SOFR,SPOT,SPOT,False,True,execution_timestamp,STRICT_1MIN_IN_SESSION,4.789041095890411,False,True,,,3.622112748505235,7884.9740703059015,,0.0
2558071598000000401,2026-03-31,SOFR,PAST_START,PAST_START,False,True,execution_timestamp,STRICT_1MIN_IN_SESSION,5.002739726027397,True,True,,,3.6318128422801883,20072.467667055767,606214.3011704683,0.0
2570896138000000401,2026-03-31,SOFR,SPOT,SPOT,False,True,execution_timestamp,STRICT_1MIN_IN_SESSION,5.002739726027397,False,True,,,3.5966703638867026,25081.488318022326,,0.0
2588564465000001501,2026-04-01,SOFR,SPOT,SPOT,False,True,execution_timestamp,STRICT_1MIN_IN_SESSION,30.02191780821918,False,True,,,4.110721635886232,68964.27795325853,,0.0
2591503424000000301,2026-04-01,SOFR,PAST_START,PAST_START,False,True,event_timestamp,STRICT_1MIN_IN_SESSION,7.005479452054795,True,True,,,3.719531371466828,39509.54172780865,1163679.9511117302,0.0
2606341724000001801,2026-04-02,SOFR,CAPPED,FORWARD_START,True,True,execution_timestamp,STRICT_1MIN_IN_SESSION,4.572602739726028,False,True,,,3.6106392702085146,272974.1943742106,,60.0
2619935238000000101,2026-04-03,SOFR,FORWARD_START,FORWARD_START,False,True,execution_timestamp,STRICT_1MIN_IN_SESSION,5.002739726027397,True,True,,,3.676786652274152,9929.395849057008,26597.527390110306,0.0
2627674580000001201,2026-04-06,SOFR,PAST_START,PAST_START,False,True,execution_timestamp,STRICT_1MIN_IN_SESSION,2.989041095890411,True,True,,,3.641874522242706,50954.68402115122,1922288.497642748,0.0
2635174823000000201,2026-04-07,SOFR,SPOT,SPOT,True,True,execution_timestamp,STRICT_1MIN_IN_SESSION,1.5013698630136987,True,True,,,3.704190820503727,160324.17659043949,-113015.38983781636,0.0
2637930744000000501,2026-04-07,SOFR,CAPPED,SPOT,True,True,execution_timestamp,STRICT_1MIN_IN_SESSION,13.827397260273973,False,True,,,4.048118897973848,266268.9788542205,,0.0
2640425420000012201,2026-04-07,SOFR,PAST_START,PAST_START,False,True,execution_timestamp,STRICT_1MIN_IN_SESSION,10.005479452054795,True,True,,,3.84693784469903,46032.83705949705,-39414.02998476103,0.0
2665115739000002401,2026-04-09,SOFR,CAPPED,PAST_START,True,True,execution_timestamp,STRICT_1MIN_IN_SESSION,1.9342465753424658,True,True,,,3.6249710429505635,204914.45657482592,-4263633.72638759,0.0
2686280955000000601,2026-04-10,SOFR,FORWARD_START,FORWARD_START,False,True,execution_timestamp,STRICT_1MIN_IN_SESSION,2.0027397260273974,False,True,,,3.6092000609084596,13700.472155538224,,0.0
2698349621000001201,2026-04-13,SOFR,PAST_START,PAST_START,False,True,execution_timestamp,STRICT_1MIN_IN_SESSION,10.008219178082191,True,True,,,3.8760691130292164,831.7059470124306,-3928.220957627229,0.0
2717616195000000301,2026-04-14,SOFR,SPOT,SPOT,False,True,execution_timestamp,STRICT_1MIN_IN_SESSION,10.008219178082191,False,True,,,3.8514101802515133,24958.463362426755,,0.0
2721286199000001501,2026-04-14,SOFR,PAST_START,PAST_START,False,True,execution_timestamp,STRICT_1MIN_IN_SESSION,30.02191780821918,True,True,,,4.128433503506058,22420.330579886308,-42859.81709233858,0.0
2722106350000001701,2026-04-14,SOFR,FORWARD_START,FORWARD_START,False,True,execution_timestamp,STRICT_1MIN_IN_SESSION,1.0,True,True,,,3.6794348164876216,14560.549706927546,-2133.3877361752093,0.0
2738599071000002701,2026-04-15,SOFR,PAST_START,PAST_START,False,True,execution_timestamp,STRICT_1MIN_IN_SESSION,30.019178082191782,False,True,,,4.125788985767948,95392.79415199891,,0.0
2757711251000000101,2026-04-16,SOFR,CAPPED,SPOT,True,True,event_timestamp,STRICT_1MIN_IN_SESSION,19.945205479452056,False,True,,,4.176192622826086,341786.22287080606,,0.0
2758842932000000201,2026-04-16,SOFR,FORWARD_START,FORWARD_START,False,True,execution_timestamp,STRICT_1MIN_IN_SESSION,4.961643835616439,False,True,,,3.605606834794059,8136.24583903495,,0.0
2770417079000003401,2026-04-17,SOFR,PAST_START,PAST_START,False,True,execution_timestamp,STRICT_1MIN_IN_SESSION,10.008219178082191,True,True,,,3.852282013761674,125194.3740349495,-1849346.0820810571,0.0
2775030958000001901,2026-04-17,SOFR,PAST_START,PAST_START,False,True,execution_timestamp,STRICT_1MIN_IN_SESSION,3.0027397260273974,True,True,,,3.5049741537525723,3133.028072244929,1558.4163342469838,0.0
2775515624000000301,2026-04-17,FED_FUNDS,CAPPED,FORWARD_START,True,True,execution_timestamp,STRICT_1MIN_IN_SESSION,0.13424657534246576,True,True,,,3.649647971311365,101404.28524291619,-13710.150279901922,0.0
2809007351000000301,2026-04-21,SOFR,SPOT,SPOT,False,True,event_timestamp,STRICT_1MIN_IN_SESSION,10.008219178082191,False,True,,,3.8595649240836605,7484.110800893525,,0.0
2838783208000000101,2026-04-23,SOFR,FORWARD_START,FORWARD_START,False,True,execution_timestamp,STRICT_1MIN_IN_SESSION,0.7534246575342466,False,True,,,3.6893500000004935,2970.0020128028145,,0.0
2875720774000000601,2026-04-27,SOFR,SPOT,SPOT,False,True,execution_timestamp,STRICT_1MIN_IN_SESSION,0.2493150684931507,False,True,,,3.663609999997304,10014.282274855645,,0.0
2875943681000000601,2026-04-27,SOFR,FORWARD_START,FORWARD_START,False,True,execution_timestamp,STRICT_1MIN_IN_SESSION,7.879452054794521,False,True,,,3.7930405061497203,33821.69936527543,,0.0
2878035999000000701,2026-04-27,SOFR,CAPPED,SPOT,True,True,execution_timestamp,STRICT_1MIN_IN_SESSION,1.0684931506849316,False,True,,,3.680008576673259,114835.0888288487,,0.0
2878257659000000501,2026-04-27,SOFR,PAST_START,PAST_START,False,True,execution_timestamp,STRICT_1MIN_IN_SESSION,9.794520547945206,True,True,,,3.8576868112440916,20160.066181955273,87058.84926699474,0.0
2903702013000000601,2026-04-29,SOFR,SPOT,SPOT,False,True,execution_timestamp,STRICT_1MIN_IN_SESSION,3.673972602739726,True,True,,,3.648480807136998,102752.61798748703,70702.09471935779,0.0
2911719965000000301,2026-04-29,SOFR,CAPPED,SPOT,True,True,execution_timestamp,STRICT_1MIN_IN_SESSION,3.0027397260273974,False,True,,,3.7132102762188883,183728.41423607807,,0.0
2911746849000000801,2026-04-29,SOFR,FORWARD_START,FORWARD_START,False,True,execution_timestamp,STRICT_1MIN_IN_SESSION,5.002739726027397,True,True,,,3.7558130428052108,14909.293366859387,218887.8725264175,0.0
2941059902000000801,2026-05-01,SOFR,CAPPED,FORWARD_START,True,True,execution_timestamp,STRICT_1MIN_IN_SESSION,7.005479452054795,False,True,,,3.800369751981938,288261.71714707185,,0.0
2965196894000008601,2026-05-05,SOFR,PAST_START,PAST_START,False,True,execution_timestamp,STRICT_1MIN_IN_SESSION,30.019178082191782,False,True,,,4.228298652079424,5144.879798080396,,0.0
2965722631000000801,2026-05-05,SOFR,SPOT,SPOT,False,True,event_timestamp,STRICT_1MIN_IN_SESSION,3.0027397260273974,False,True,,,3.7413799793654867,1694.9680733830423,,0.0
2985741168000002301,2026-05-06,SOFR,FORWARD_START,FORWARD_START,False,True,execution_timestamp,STRICT_1MIN_IN_SESSION,5.002739726027397,True,True,,,3.72599515270123,13576.756982318935,646247.0512986388,0.0
2986354936000000801,2026-05-06,SOFR,PAST_START,PAST_START,False,True,execution_timestamp,STRICT_1MIN_IN_SESSION,30.019178082191782,True,True,,,4.1970200857075275,158398.22688018213,3196477.5760341138,0.0
2988884688000000201,2026-05-06,SOFR,SPOT,SPOT,False,True,execution_timestamp,STRICT_1MIN_IN_SESSION,1.0328767123287672,False,True,,,3.725349389798225,1411.8390320579292,,0.0
3007957640000000301,2026-05-07,SOFR,FORWARD_START,FORWARD_START,False,True,execution_timestamp,STRICT_1MIN_IN_SESSION,10.008219178082191,False,True,,,3.9140402950711466,24868.264542540208,,0.0
3009526331000000101,2026-05-07,SOFR,CAPPED,FORWARD_START,True,True,execution_timestamp,STRICT_1MIN_IN_SESSION,5.975342465753425,False,True,,,3.7574486774196862,250598.29493348408,,0.0
3032630614000000401,2026-05-08,SOFR,PAST_START,PAST_START,False,True,execution_timestamp,STRICT_1MIN_IN_SESSION,5.002739726027397,True,True,,,3.7173825479115705,50106.15028287924,643275.5239356086,0.0
3033406408000000901,2026-05-08,SOFR,FORWARD_START,FORWARD_START,False,True,execution_timestamp,STRICT_1MIN_IN_SESSION,10.008219178082191,False,True,,,3.9539612063762926,17300.441994852008,,0.0
3047498918000000201,2026-05-11,SOFR,SPOT,SPOT,False,True,execution_timestamp,STRICT_1MIN_IN_SESSION,9.180821917808219,False,True,,,3.9490161515536055,2309.4447374566425,,0.0
3062648898000000601,2026-05-11,SOFR,SPOT,SPOT,False,True,execution_timestamp,STRICT_1MIN_IN_SESSION,5.002739726027397,False,True,,,3.7761199463160455,41290.65630264638,,0.0
3084630219000001401,2026-05-12,SOFR,FORWARD_START,FORWARD_START,False,True,execution_timestamp,STRICT_1MIN_IN_SESSION,15.01095890410959,True,True,,,4.50978843310095,3713.233317620477,61932.43667841633,0.0
3088509889000000101,2026-05-12,SOFR,CAPPED,PAST_START,True,True,execution_timestamp,STRICT_1MIN_IN_SESSION,30.02191780821918,True,True,,,4.289630525077043,422211.7629431937,7119779.127881467,0.0
3092318585000000701,2026-05-13,SOFR,SPOT,SPOT,False,True,execution_timestamp,STRICT_1MIN_IN_SESSION,0.16712328767123288,False,False,NO_CURVE,"citivelo_excel minute store (USD-SOFR-1D-CITIVELOEXCELMIN): no snapshot satisfies datetime.datetime(2026, 5, 12, 21, 57,",,,,
3134129888000001101,2026-05-14,SOFR,FORWARD_START,FORWARD_START,False,True,execution_timestamp,STRICT_1MIN_IN_SESSION,5.002739726027397,False,True,,,3.831980068121063,45311.08798576002,,0.0
3137461668000000101,2026-05-14,SOFR,PAST_START,PAST_START,False,True,execution_timestamp,STRICT_1MIN_IN_SESSION,6.928767123287671,True,True,,,3.8869604667249034,40162.32279530663,2037115.211299166,0.0
3157814603000000201,2026-05-15,SOFR,CAPPED,FORWARD_START,True,True,execution_timestamp,STRICT_1MIN_IN_SESSION,2.621917808219178,False,True,,,3.9121691927332938,160960.59481468852,,0.0
3184651606000001401,2026-05-18,SOFR,PAST_START,PAST_START,False,True,execution_timestamp,STRICT_1MIN_IN_SESSION,3.0027397260273974,True,True,,,3.962508443457882,26083.175721311673,683792.4747537505,0.0
3208007646000000701,2026-05-19,SOFR,PAST_START,PAST_START,False,True,execution_timestamp,STRICT_1MIN_IN_SESSION,7.005479452054795,True,True,,,4.060585708269375,24322.840831308265,534970.4453765377,0.0
3213687902000000101,2026-05-19,SOFR,SPOT,SPOT,False,True,execution_timestamp,STRICT_1MIN_IN_SESSION,4.945205479452055,False,True,,,4.037230726838974,53527.02253917342,,0.0
3234300058000005501,2026-05-20,SOFR,PAST_START,PAST_START,False,True,execution_timestamp,STRICT_1MIN_IN_SESSION,2.0,True,True,,,3.946786894047652,93185.31073859899,5721232.306379996,0.0
3260219601000003301,2026-05-21,SOFR,CAPPED,FORWARD_START,True,True,execution_timestamp,STRICT_1MIN_IN_SESSION,3.0027397260273974,False,True,,,3.981140429487363,182029.34079388558,,0.0
3260388715000003501,2026-05-21,SOFR,FORWARD_START,FORWARD_START,False,True,execution_timestamp,STRICT_1MIN_IN_SESSION,4.997260273972603,False,True,,,4.008459908457486,6752.9321839446,,0.0
3327689231000001001,2026-05-26,SOFR,PAST_START,PAST_START,False,True,execution_timestamp,STRICT_1MIN_IN_SESSION,5.005479452054795,True,True,,,3.9116973233620733,14957.474475871799,300401.9137990624,0.0
3328769151000000101,2026-05-26,SOFR,FORWARD_START,FORWARD_START,False,True,execution_timestamp,STRICT_1MIN_IN_SESSION,24.84931506849315,False,True,,,4.382984462111985,34602.7402868902,,0.0
3338152227000001301,2026-05-27,SOFR,SPOT,SPOT,False,True,execution_timestamp,STRICT_1MIN_IN_SESSION,10.008219178082191,True,True,,,4.068480111182064,24642.9518218578,443.84711821749806,0.0
3351140168000001001,2026-05-27,SOFR,CAPPED,SPOT,True,True,execution_timestamp,STRICT_1MIN_IN_SESSION,9.728767123287671,True,True,,,4.054761483169919,377544.33481169253,-3705164.1056019366,0.0
3355659074000000401,2026-05-27,SOFR,FORWARD_START,FORWARD_START,True,True,execution_timestamp,STRICT_1MIN_IN_SESSION,2.0027397260273974,True,True,,,3.8875570652075844,211175.31192539516,60334.1636402905,0.0
3356252126000003401,2026-05-27,SOFR,PAST_START,PAST_START,False,True,execution_timestamp,STRICT_1MIN_IN_SESSION,9.819178082191781,True,True,,,4.036809511786628,50043.200127323114,681931.2406390756,0.0
3377303472000000401,2026-05-28,SOFR,FORWARD_START,FORWARD_START,False,True,execution_timestamp,STRICT_1MIN_IN_SESSION,10.008219178082191,True,True,,,4.057515837549564,50024.990931085056,-737789.3889061734,0.0
3379961020000002201,2026-05-28,SOFR,CAPPED,SPOT,True,True,execution_timestamp,STRICT_1MIN_IN_SESSION,2.0027397260273974,True,True,,,3.8783121190960985,211048.6942959106,-168583.18349596858,0.0
3399742718000002701,2026-05-29,SOFR,PAST_START,PAST_START,False,True,execution_timestamp,STRICT_1MIN_IN_SESSION,4.958904109589041,True,True,,,3.893285215313983,12600.659630068672,84075.42219776474,0.0
3401990519000001701,2026-05-29,SOFR,FORWARD_START,FORWARD_START,True,True,execution_timestamp,STRICT_1MIN_IN_SESSION,4.002739726027397,True,True,,,3.8568478341872674,237129.81587187244,-3489416.5984320343,0.0
3404519106000005701,2026-05-29,SOFR,CAPPED,FORWARD_START,True,True,execution_timestamp,STRICT_1MIN_IN_SESSION,5.002739726027397,True,True,,,3.890147211465055,288042.7722016628,8962370.535321176,0.0
3430537731000001601,2026-06-01,SOFR,SPOT,SPOT,False,True,execution_timestamp,STRICT_1MIN_IN_SESSION,10.008219178082191,False,True,,,4.057530017902142,4107.551347887006,,0.0
3432584376000000901,2026-06-01,SOFR,PAST_START,PAST_START,False,True,execution_timestamp,STRICT_1MIN_IN_SESSION,30.02191780821918,True,True,,,4.284071184186507,25287.48986462201,-7153.365121258423,0.0
3434766485000000401,2026-06-01,SOFR,FORWARD_START,FORWARD_START,False,True,execution_timestamp,STRICT_1MIN_IN_SESSION,5.002739726027397,True,True,,,3.9327768295532026,8047.896691446829,302421.3103283597,0.0
3456561669000000301,2026-06-02,SOFR,CAPPED,FORWARD_START,True,True,execution_timestamp,STRICT_1MIN_IN_SESSION,5.002739726027397,True,True,,,3.9787075610187292,271067.0244330424,236033.2655416131,0.0
3459158629000000301,2026-06-02,SOFR,SPOT,SPOT,False,True,execution_timestamp,STRICT_1MIN_IN_SESSION,1.906849315068493,False,True,,,3.90421592978727,58353.90945409247,,0.0
3479088288000001801,2026-06-03,SOFR,FORWARD_START,FORWARD_START,False,True,execution_timestamp,STRICT_1MIN_IN_SESSION,10.008219178082191,False,True,,,4.110040374543203,3241.9973798520036,,0.0
3528391817000003001,2026-06-05,FED_FUNDS,FORWARD_START,FORWARD_START,False,True,execution_timestamp,STRICT_1MIN_IN_SESSION,0.13424657534246576,False,True,,,3.666185873826881,49828.99835210945,,0.0
3528685852000000901,2026-06-05,SOFR,PAST_START,PAST_START,False,True,event_timestamp,STRICT_1MIN_IN_SESSION,20.01095890410959,False,True,,,4.324705703087248,43313.55618874631,,0.0
3531958312000000201,2026-06-05,SOFR,FORWARD_START,FORWARD_START,False,True,execution_timestamp,STRICT_1MIN_IN_SESSION,9.383561643835616,True,True,,,4.141402798465915,245221.64293614338,1708773.0324199796,0.0
3553589376000002501,2026-06-08,SOFR,FORWARD_START,FORWARD_START,False,True,execution_timestamp,STRICT_1MIN_IN_SESSION,10.008219178082191,True,True,,,4.145785888380095,10613.805417106265,54221.5678826347,0.0
3555503350000000801,2026-06-08,SOFR,SPOT,SPOT,False,True,execution_timestamp,STRICT_1MIN_IN_SESSION,1.0,False,True,,,3.9207300248205317,48724.5331440954,,0.0
3557387218000000501,2026-06-08,SOFR,CAPPED,FORWARD_START,True,True,execution_timestamp,STRICT_1MIN_IN_SESSION,10.008219178082191,True,True,,,4.162392777568553,379929.15189015155,90908.59522819519,0.0
3632484646000002401,2026-06-11,SOFR,FORWARD_START,FORWARD_START,False,True,execution_timestamp,STRICT_1MIN_IN_SESSION,30.02191780821918,True,True,,,4.232334903259999,25409.443078546887,-87853.3952550292,0.0
3651398853000009701,2026-06-12,SOFR,PAST_START,PAST_START,False,True,execution_timestamp,STRICT_1MIN_IN_SESSION,1.978082191780822,True,True,,,3.8255572312992174,18616.27749100282,459723.8183501093,0.0
3651836499000003301,2026-06-12,SOFR,CAPPED,FORWARD_START,True,True,execution_timestamp,STRICT_1MIN_IN_SESSION,7.517808219178082,True,True,,,3.991222528576046,304149.99047152785,-4290871.158934295,0.0
3680288386000000401,2026-06-15,SOFR,SPOT,SPOT,False,True,execution_timestamp,STRICT_1MIN_IN_SESSION,30.02191780821918,True,True,,,4.2514698945703735,10152.505013545182,-49270.21386821568,0.0
3686425969000001001,2026-06-15,SOFR,SPOT,SPOT,False,True,execution_timestamp,STRICT_1MIN_IN_SESSION,30.02191780821918,True,True,,,4.265193464140839,15206.798043153036,-1150.4488022681326,0.0
3703702426000003001,2026-06-16,SOFR,PAST_START,PAST_START,False,True,execution_timestamp,STRICT_1MIN_IN_SESSION,30.02191780821918,True,True,,,4.23177865438672,3410.6281983338185,23457.84180948022,0.0
3706227664000001101,2026-06-16,SOFR,FORWARD_START,FORWARD_START,False,True,execution_timestamp,STRICT_1MIN_IN_SESSION,5.002739726027397,True,True,,,3.913339898447679,15666.33657896155,1039210.6115335524,0.0
3734395021000000101,2026-06-17,SOFR,PAST_START,PAST_START,False,True,execution_timestamp,STRICT_1MIN_IN_SESSION,5.005479452054795,False,True,,,3.9364273901996683,40789.216685539126,,0.0
3735570448000000301,2026-06-17,FED_FUNDS,CAPPED,SPOT,True,True,execution_timestamp,STRICT_1MIN_IN_SESSION,0.3643835616438356,False,True,,,3.7621607980277147,72860.22241596137,,0.0
3741943064000000301,2026-06-18,SOFR,FORWARD_START,FORWARD_START,False,True,execution_timestamp,STRICT_1MIN_IN_SESSION,10.008219178082191,False,True,,,4.0316107109366675,76307.82113035253,,0.0
3756098067000001801,2026-06-18,SOFR,FORWARD_START,FORWARD_START,False,True,execution_timestamp,STRICT_1MIN_IN_SESSION,17.136986301369863,False,True,,,4.214134443936496,46033.75342283374,,0.0
3782263340000000201,2026-06-22,SOFR,SPOT,SPOT,False,True,execution_timestamp,STRICT_1MIN_IN_SESSION,10.008219178082191,False,True,,,4.066285280602843,7370.786116734272,,0.0
3792888129000001301,2026-06-22,SOFR,FORWARD_START,FORWARD_START,False,True,execution_timestamp,STRICT_1MIN_IN_SESSION,0.5041095890410959,True,True,,,3.9235690972083512,9801.450811774366,71128.24367425125,0.0
3815495563000001301,2026-06-23,SOFR,FORWARD_START,FORWARD_START,False,True,execution_timestamp,STRICT_1MIN_IN_SESSION,10.005479452054795,True,True,,,4.179967437847606,8184.50560957207,257785.2761896276,0.0
3842335535000000201,2026-06-24,SOFR,CAPPED,FORWARD_START,True,True,execution_timestamp,STRICT_1MIN_IN_SESSION,30.02191780821918,False,True,,,4.129416050657042,401975.52330233454,,0.0
3844864146000000701,2026-06-24,SOFR,SPOT,SPOT,False,True,execution_timestamp,STRICT_1MIN_IN_SESSION,4.002739726027397,False,True,,,3.905489378926167,22823.84051453284,,0.0
3845783573000000301,2026-06-24,SOFR,PAST_START,PAST_START,False,True,execution_timestamp,STRICT_1MIN_IN_SESSION,10.008219178082191,True,True,,,3.9949665345083116,24692.399927005838,-256883.59357131273,0.0
3865593661000001001,2026-06-25,SOFR,PAST_START,PAST_START,False,True,execution_timestamp,STRICT_1MIN_IN_SESSION,30.02191780821918,True,True,,,4.119290043165924,34.51893537763455,-371.8033039483289,0.0
3888958033000000301,2026-06-26,SOFR,CAPPED,FORWARD_START,True,True,execution_timestamp,STRICT_1MIN_IN_SESSION,0.4958904109589041,False,True,,,4.027636040417152,97234.0893489855,,0.0
3910125926000000301,2026-06-29,SOFR,SPOT,SPOT,False,True,execution_timestamp,STRICT_1MIN_IN_SESSION,6.005479452054795,False,True,,,3.8645099250622468,10123.150979720644,,0.0
3919875334000000301,2026-06-29,SOFR,PAST_START,PAST_START,False,True,execution_timestamp,STRICT_1MIN_IN_SESSION,30.02191780821918,True,True,,,4.115875789088606,49848.522542540915,-125240.47939801589,0.0
3939679753000012501,2026-06-30,SOFR,PAST_START,PAST_START,False,True,execution_timestamp,STRICT_1MIN_IN_SESSION,30.02191780821918,True,True,,,4.141326655073244,32894.23450092995,408305.12997953594,0.0
3940192501000002401,2026-06-30,SOFR,FORWARD_START,FORWARD_START,False,True,execution_timestamp,STRICT_1MIN_IN_SESSION,5.002739726027397,True,True,,,3.8880319016779916,13892.851517712035,886408.247357578,0.0
3941608821000000301,2026-06-30,SOFR,SPOT,SPOT,False,True,execution_timestamp,STRICT_1MIN_IN_SESSION,0.25205479452054796,False,True,,,3.7393700000000933,5059.531142925178,,0.0
3943268753000000501,2026-06-30,SOFR,PAST_START,PAST_START,False,True,execution_timestamp,STRICT_1MIN_IN_SESSION,30.02191780821918,True,True,,,4.176787952825113,25625.101651415018,-146606.45245420188,0.0
3968534775000000401,2026-07-01,SOFR,PAST_START,PAST_START,False,True,execution_timestamp,STRICT_1MIN_IN_SESSION,30.02191780821918,True,True,,,4.209222208052741,5117.2989192504765,-97882.56380083272,0.0
3987102819000000801,2026-07-02,SOFR,FORWARD_START,FORWARD_START,False,True,execution_timestamp,STRICT_1MIN_IN_SESSION,10.008219178082191,False,True,,,4.074878004537029,9832.667014391149,,0.0
3989709448000002801,2026-07-02,SOFR,PAST_START,PAST_START,False,True,execution_timestamp,STRICT_1MIN_IN_SESSION,10.008219178082191,False,True,,,4.0530690298200005,1643.3598163019153,,0.0
3990792170000000801,2026-07-02,SOFR,FORWARD_START,FORWARD_START,False,True,execution_timestamp,STRICT_1MIN_IN_SESSION,30.02191780821918,True,True,,,4.216676373189543,186020.87233421294,-60896.291497796774,0.0
4038148680000000101,2026-07-06,SOFR,SPOT,SPOT,False,True,execution_timestamp,STRICT_1MIN_IN_SESSION,1.0082191780821919,False,True,,,3.967464631936267,2455.644744210671,,0.0
4039245607000000301,2026-07-06,SOFR,CAPPED,FORWARD_START,True,True,execution_timestamp,STRICT_1MIN_IN_SESSION,0.9972602739726028,True,True,,,4.0635008744136885,162271.02566546758,9306257.511115171,0.0
4086522725000001501,2026-07-08,SOFR,FORWARD_START,FORWARD_START,False,True,execution_timestamp,STRICT_1MIN_IN_SESSION,10.01095890410959,False,True,,,4.1813522900953215,4050.2495360410167,,0.0
4110446231000000401,2026-07-09,SOFR,PAST_START,PAST_START,False,True,execution_timestamp,STRICT_1MIN_IN_SESSION,3.0027397260273974,True,False,NO_CURVE,"citivelo_excel minute store (USD-SOFR-1D-CITIVELOEXCELMIN): no snapshot satisfies datetime.datetime(2026, 7, 9, 11, 9, t",,,,
4117828357000000301,2026-07-10,SOFR,CAPPED,FORWARD_START,True,False,execution_timestamp,ASOF_2H_OUT_OF_SESSION,0.019178082191780823,True,True,,,3.710409201893836,32958.58439355074,62322.0526432693,1020.0
4166770182000000401,2026-07-14,SOFR,SPOT,SPOT,False,False,execution_timestamp,ASOF_2H_OUT_OF_SESSION,10.008219178082191,False,True,,,4.187210958693208,20368.081599592828,,4080.0
4187520291000000101,2026-07-14,SOFR,FORWARD_START,FORWARD_START,False,True,execution_timestamp,STRICT_1MIN_IN_SESSION,5.002739726027397,True,True,,,4.045278153982639,13413.774249825,1066768.1623340677,0.0
4206641593000001701,2026-07-15,SOFR,PAST_START,PAST_START,False,True,execution_timestamp,STRICT_1MIN_IN_SESSION,4.736986301369863,True,True,,,3.9618538705461113,1.1222125613018459,349.20492812064845,0.0
4209147532000001101,2026-07-15,SOFR,PAST_START,PAST_START,False,True,execution_timestamp,STRICT_1MIN_IN_SESSION,20.013698630136986,True,True,,,4.357437713535744,81.8692831413512,1464.9502334123827,0.0
4213830577000000201,2026-07-15,SOFR,SPOT,SPOT,False,True,execution_timestamp,STRICT_1MIN_IN_SESSION,30.02191780821918,False,True,,,4.3337995370112905,25141.67258080862,,0.0
4217193867000000101,2026-07-15,SOFR,CAPPED,SPOT,True,True,event_timestamp,STRICT_1MIN_IN_SESSION,9.835616438356164,False,False,NO_CURVE,"citivelo_excel minute store (USD-SOFR-1D-CITIVELOEXCELMIN): no snapshot satisfies datetime.datetime(2026, 7, 15, 16, 54,",,,,
4256642325000000101,2026-07-17,FED_FUNDS,FORWARD_START,FORWARD_START,False,True,execution_timestamp,STRICT_1MIN_IN_SESSION,0.13424657534246576,False,True,,,3.66736623306727,25696.314855039633,,60.0
4290370821000000301,2026-07-20,SOFR,PAST_START,PAST_START,False,True,execution_timestamp,STRICT_1MIN_IN_SESSION,2.0027397260273974,True,True,,,4.057083405047579,10011.459619785854,-36958.89996661432,0.0
4312997698000000201,2026-07-21,SOFR,FORWARD_START,FORWARD_START,False,True,execution_timestamp,STRICT_1MIN_IN_SESSION,2.0027397260273974,True,True,,,4.084503403456039,17896.13618305715,1940842.059923824,0.0
4314038690000001001,2026-07-21,FED_FUNDS,CAPPED,FORWARD_START,True,True,execution_timestamp,STRICT_1MIN_IN_SESSION,0.13424657534246576,False,True,,,3.69460489201916,101469.78761952984,,0.0
4344144948000007401,2026-07-22,SOFR,CAPPED,FORWARD_START,True,True,execution_timestamp,STRICT_1MIN_IN_SESSION,5.002739726027397,True,True,,,4.133322720609092,290100.42528569093,3345517.0293800533,0.0
4391199027000003201,2026-07-24,SOFR,CAPPED,FORWARD_START,True,True,execution_timestamp,STRICT_1MIN_IN_SESSION,26.145205479452056,True,True,,,4.438217709997317,383541.9572657961,7623115.403012365,0.0
4412219048000000601,2026-07-27,SOFR,FORWARD_START,FORWARD_START,False,True,execution_timestamp,STRICT_1MIN_IN_SESSION,5.002739726027397,False,True,,,4.114057249260301,22336.312465574385,,0.0
4412775732000000301,2026-07-27,SOFR,SPOT,SPOT,False,True,execution_timestamp,STRICT_1MIN_IN_SESSION,1.5041095890410958,False,True,,,4.162109999999769,1457.7544109682935,,0.0
4436794969000001101,2026-07-28,SOFR,PAST_START,PAST_START,False,True,execution_timestamp,STRICT_1MIN_IN_SESSION,3.2164383561643834,True,True,,,4.052602827605313,6510.815353558139,531251.8197751851,0.0
4464212998000000201,2026-07-29,SOFR,SPOT,SPOT,False,True,execution_timestamp,STRICT_1MIN_IN_SESSION,2.0027397260273974,True,True,,,4.180578640619145,9945.808642252592,34789.0866164132,0.0
4486788042000001501,2026-07-30,SOFR,FORWARD_START,FORWARD_START,False,True,execution_timestamp,STRICT_1MIN_IN_SESSION,5.005479452054795,False,True,,,4.4384994652851155,12663.234806134584,,0.0
4487613142000000501,2026-07-30,SOFR,CAPPED,FORWARD_START,True,True,execution_timestamp,STRICT_1MIN_IN_SESSION,2.0027397260273974,True,True,,,4.087113426824498,209638.9487717786,22790131.599517375,0.0
4491002539000005101,2026-07-30,SOFR,PAST_START,PAST_START,False,True,execution_timestamp,STRICT_1MIN_IN_SESSION,2.0465753424657533,True,True,,,4.077502825892614,6836.402134613292,-46485.60262153996,0.0
4516896123000000301,2026-07-31,SOFR,FORWARD_START,FORWARD_START,False,True,execution_timestamp,STRICT_1MIN_IN_SESSION,2.0027397260273974,False,True,,,4.1435899797167295,47708.156665291375,,0.0
4596948333000000201,2026-08-05,SOFR,SPOT,SPOT,False,True,execution_timestamp,STRICT_1MIN_IN_SESSION,30.02191780821918,False,True,,,4.42969116853462,99420.14371659253,,0.0
4597094742000001801,2026-08-05,SOFR,FORWARD_START,FORWARD_START,False,True,execution_timestamp,STRICT_1MIN_IN_SESSION,1.736986301369863,False,True,,,4.085604554202354,165885.4525297135,,0.0
4600184251000000101,2026-08-05,SOFR,SPOT,SPOT,False,True,execution_timestamp,STRICT_1MIN_IN_SESSION,30.02191780821918,False,True,,,4.431380985777604,4971.1994035788675,,0.0
4606126431000000101,2026-08-06,SOFR,PAST_START,PAST_START,False,True,execution_timestamp,STRICT_1MIN_IN_SESSION,5.019178082191781,True,True,,,4.025260514480013,2274.1883032657192,78905.35437255003,0.0
4622193175000000101,2026-08-06,SOFR,CAPPED,FORWARD_START,True,True,execution_timestamp,STRICT_1MIN_IN_SESSION,4.156164383561644,False,True,,,4.086098006375543,245323.79721025206,,0.0
