trade_id,as_of_date,rate_index_clean,tenor_years,tenor_label,notional,fixed_rate,other_payment_ufro,other_payment_uwin,pkg_ptp,is_capped,is_block,is_off_market,lifecycle_type,effective_date,expiration_date,curve,clock_field,snap,policy,mid_pct,npv_pay,pv01,lag_s,error,dev_bps,npv_implied_dev_bps,u_bps
1000026137,2024-05-16,SOFR,3.0,3Y,25000000.0,0.0435947,0.0,0.0,,False,False,False,NEW_TRADE,2024-05-20,2027-05-20,USD-SOFR-1D,execution_timestamp,2024-05-16 01:43:00-04:00,strict,4.35961002091604,97.24208172224462,6944.825421199223,0.0,,-0.014002091604048417,-0.014002091604118826,0.0
1001580556,2024-05-16,SOFR,4.7835616438356166,5Y,1000000.0,0.041715,0.0,0.0,,False,False,False,NEW_TRADE,2024-05-20,2029-03-01,USD-SOFR-1D,execution_timestamp,2024-05-16 13:10:00-04:00,strict,4.172175537557221,28.943446517223492,428.4505903162284,0.0,,-0.0675537557221162,-0.06755375572212674,0.0
1003404901,2024-05-20,SOFR,2.0,2Y,8000000.0,0.047245,0.0,0.0,,False,False,False,NEW_TRADE,2024-05-22,2026-05-22,USD-SOFR-1D,execution_timestamp,2024-05-20 00:14:00-04:00,asof2h,4.72519818531219,105.26588830142282,1507.7070007567731,4500.0,,-0.0698185312190347,-0.06981853121898753,0.0
1004452593,2024-05-20,SOFR,10.005479452054795,10Y,900000.0,0.03992,0.0,0.0,,False,False,False,NEW_TRADE,2024-12-03,2034-12-03,USD-SOFR-1D,execution_timestamp,2024-05-20 09:19:00-04:00,strict,3.99191637751945,-5.987491388979834,716.0145632685815,0.0,,0.008362248054938348,0.008362248054909868,0.0
1014943953,2024-05-29,SOFR,1.0,1Y,73000000.0,0.0523098,0.0,0.0,,False,False,False,NEW_TRADE,2024-05-31,2025-05-31,USD-SOFR-1D,execution_timestamp,2024-05-29 05:49:00-04:00,strict,5.22903000463457,-1365.9285242389888,7004.778311037061,0.0,,0.19499953654298352,0.19499953654304333,0.0
1015236221,2024-05-29,SOFR,1.0,1Y,52000000.0,0.0523674,0.0,0.0,,False,False,False,NEW_TRADE,2024-05-31,2025-05-31,USD-SOFR-1D,execution_timestamp,2024-05-29 12:35:00-04:00,strict,5.236819994000182,39.91149798873812,4989.311435594135,0.0,,-0.007999400018210423,-0.007999400018208203,0.0
1022466057,2024-06-04,SOFR,4.906849315068493,5Y,45000000.0,0.041275,0.0,0.0,,False,False,False,NEW_TRADE,2024-06-05,2029-05-01,USD-SOFR-1D,execution_timestamp,2024-06-04 11:47:00-04:00,strict,4.124845714459205,-5241.473469283432,19747.21027080878,0.0,,0.26542855407942767,0.2654285540794395,0.0
1022817059,2024-06-04,SOFR,5.002739726027397,5Y,65000000.0,0.04025,0.0,0.0,,False,False,False,NEW_TRADE,2024-09-06,2029-09-06,USD-SOFR-1D,execution_timestamp,2024-06-04 13:04:00-04:00,strict,4.010450319932215,-41823.42009287886,28745.250684568564,0.0,,1.4549680067785786,1.4549680067786332,0.0
1024558620,2024-06-05,SOFR,1.9808219178082191,2Y,180000000.0,0.0463157,0.0,0.0,9.9999999999,False,False,False,NEW_TRADE,2024-06-07,2026-05-31,USD-SOFR-1D,execution_timestamp,2024-06-05 15:36:00-04:00,strict,4.630711807020277,-2968.376879647374,33593.2566803852,0.0,,0.08581929797228938,0.08836228377287941,0.0
1024705501,2024-06-06,SOFR,4.002739726027397,4Y,9000000.0,0.041723,0.0,0.0,,False,False,False,NEW_TRADE,2024-06-10,2028-06-10,USD-SOFR-1D,execution_timestamp,2024-06-05 21:48:00-04:00,strict,4.16786170045696,-1455.6693734405562,3279.790738152108,0.0,,0.44382995430396477,0.44382995430394623,0.0
1025939121,2024-06-06,SOFR,4.126027397260274,4Y,14000000.0,0.041475,0.0,0.0,,False,False,False,NEW_TRADE,2024-06-10,2028-07-25,USD-SOFR-1D,execution_timestamp,2024-06-06 11:34:00-04:00,strict,4.147173686548099,-171.1974194748327,5246.410115104074,0.0,,0.03263134519011501,0.03263134519010751,0.0
1028079679,2024-06-07,SOFR,10.005479452054795,10Y,18000000.0,0.040515,0.0,0.0,,False,False,False,NEW_TRADE,2024-06-11,2034-06-11,USD-SOFR-1D,execution_timestamp,2024-06-07 16:20:00-04:00,strict,4.051690060127491,278.10799827985466,14632.632417499619,0.0,,-0.01900601274913427,-0.019006012749097467,0.0
1034113340,2024-06-13,SOFR,10.005479452054795,10Y,6000000.0,0.039,0.0,0.0,,False,False,False,NEW_TRADE,2024-06-17,2034-06-17,USD-SOFR-1D,execution_timestamp,2024-06-13 11:50:00-04:00,strict,3.8736999868725572,-12958.915313859005,4927.341766357072,0.0,,2.630001312744268,2.630001312744318,0.0
1034394066,2024-06-13,SOFR,5.002739726027397,5Y,11000000.0,0.039023,0.0,0.0,,False,False,False,NEW_TRADE,2024-08-26,2029-08-26,USD-SOFR-1D,execution_timestamp,2024-06-13 14:58:00-04:00,strict,3.9030905285145323,386.9966076181736,4895.416174167171,0.0,,-0.07905285145319851,-0.07905285145322932,0.0
1035865913000002501,2025-11-14,SOFR,30.019178082191782,30Y,7000000.0,0.0394943,0.0,0.0,,False,False,False,NEW_TRADE,2025-11-18,2055-11-18,USD-SOFR-1D,execution_timestamp,2025-11-14 08:11:00-05:00,strict,3.952590220189405,3897.4355095913634,12332.79732424491,0.0,,-0.3160220189404761,-0.3160220189404587,0.0
1049112136,2024-06-25,SOFR,5.002739726027397,5Y,170000000.0,0.039462,0.0,0.0,,False,False,False,NEW_TRADE,2024-07-02,2029-07-02,USD-SOFR-1D,execution_timestamp,2024-06-25 10:54:00-04:00,strict,3.9866980270159704,308144.8487169817,76088.8545497444,0.0,,-4.049802701597072,-4.049802701597074,0.0
1050700133,2024-06-26,SOFR,10.005479452054795,10Y,4000000.0,0.038648,0.0,0.0,,False,False,False,NEW_TRADE,2024-06-28,2034-06-28,USD-SOFR-1D,execution_timestamp,2024-06-26 05:14:00-04:00,strict,3.8637001162845936,-361.0386228382122,3282.516304048957,0.0,,0.1099883715406591,0.10998837154072137,0.0
1051457278,2024-06-27,SOFR,5.002739726027397,5Y,45000000.0,0.040775,0.0,0.0,,False,False,False,NEW_TRADE,2024-07-02,2029-07-02,USD-SOFR-1D,execution_timestamp,2024-06-26 22:26:00-04:00,strict,4.07360282750134,-7833.274172402918,20099.890818523505,0.0,,0.3897172498660062,0.38971724986605344,0.0
1051814808,2024-06-27,SOFR,10.005479452054795,10Y,6000000.0,0.039337,0.0,0.0,9.9999999999,False,False,False,NEW_TRADE,2024-07-01,2034-07-01,USD-SOFR-1D,execution_timestamp,2024-06-27 03:35:00-04:00,strict,3.9326971486585824,-492.2919312361628,4908.92229889338,0.0,,0.10028513414170881,0.10028513414179327,0.0
1052740834,2024-06-27,SOFR,1.5041095890410958,1Y6M,29000000.0,0.04751,0.0,0.0,,False,False,False,NEW_TRADE,2024-07-01,2026-01-01,USD-SOFR-1D,execution_timestamp,2024-06-27 10:56:00-04:00,strict,4.749499999996797,-627.7802176517434,4185.201442073021,0.0,,0.15000000032028282,0.15000000032036456,0.0
1054922321,2024-06-28,SOFR,2.0,2Y,15000000.0,0.044935,0.0,0.0,,False,False,False,NEW_TRADE,2024-06-28,2026-06-28,USD-SOFR-1D,execution_timestamp,2024-06-28 13:46:00-04:00,strict,4.591565617519792,27836.297788835596,2838.537959873398,0.0,,-9.806561751979181,-9.806561751979222,0.0
1056521848,2024-07-02,SOFR,10.005479452054795,10Y,5000000.0,0.0403245,0.0,0.0,,False,False,False,NEW_TRADE,2024-07-05,2034-07-05,USD-SOFR-1D,execution_timestamp,2024-07-01 21:13:00-04:00,strict,4.031972461757985,-194.55790762300603,4074.1848611324795,0.0,,0.04775382420145746,0.0477538242015179,0.0
1059354427,2024-07-03,SOFR,5.002739726027397,5Y,46000000.0,0.041257,0.0,0.0,,False,False,False,NEW_TRADE,2024-07-08,2029-07-08,USD-SOFR-1D,execution_timestamp,2024-07-03 08:17:00-04:00,strict,4.127759693058278,4231.53705400601,20544.50315787235,0.0,,-0.20596930582774675,-0.20596930582789721,0.0
1059383528,2024-07-03,SOFR,10.005479452054795,10Y,13000000.0,0.039462,0.0,0.0,,False,False,False,NEW_TRADE,2024-07-08,2034-07-08,USD-SOFR-1D,execution_timestamp,2024-07-03 10:01:00-04:00,strict,3.945630044231784,-606.545649481006,10641.977558714168,0.0,,0.05699557682157241,0.056995576821559535,0.0
1063597984,2024-07-08,SOFR,9.986301369863014,10Y,18000000.0,0.03878,0.0,0.0,,False,False,False,NEW_TRADE,2024-07-10,2034-07-03,USD-SOFR-1D,execution_timestamp,2024-07-07 21:53:00-04:00,strict,3.8773237837509327,-997.9742536349222,14758.21166694195,0.0,,0.06762162490674406,0.06762162490665188,0.0
1065093938,2024-07-08,SOFR,6.002739726027397,6Y,940000.0,0.039052,0.0,0.0,,False,False,False,NEW_TRADE,2024-07-10,2030-07-10,USD-SOFR-1D,execution_timestamp,2024-07-08 14:00:00-04:00,strict,3.903909954346706,-64.1588510342699,497.3378335136677,0.0,,0.12900456532940474,0.12900456532934712,0.0
1070141918,2024-07-11,FED_FUNDS,1.5041095890410958,1Y6M,28000000.0,0.04507,0.0,0.0,,False,False,False,NEW_TRADE,2024-07-15,2026-01-15,USD-FEDFUNDS-1D,execution_timestamp,2024-07-11 10:33:00-04:00,strict,4.508999999999956,808.8281344082206,4044.140672127212,0.0,,-0.1999999999956259,-0.19999999999574156,0.0
1070615727,2024-07-11,SOFR,7.002739726027397,7Y,30000000.0,0.03785,0.0,0.0,,False,False,False,NEW_TRADE,2024-07-15,2031-07-15,USD-SOFR-1D,execution_timestamp,2024-07-11 16:44:00-04:00,strict,3.7838496071770344,-2101.129822511226,18264.455241433956,0.0,,0.11503928229656957,0.11503928229650635,0.0
1080814808000000201,2025-11-18,FED_FUNDS,0.2493150684931507,3M,1000000000.0,0.037875,0.0,0.0,,False,False,False,NEW_TRADE,2025-11-20,2026-02-19,USD-FEDFUNDS-1D,execution_timestamp,2025-11-18 12:08:00-05:00,strict,3.784113971206504,-8472.751472799107,25022.6799284008,0.0,,0.3386028793495921,0.3386028793495662,0.0
1081971271,2024-07-19,SOFR,1.6657534246575343,1Y8M,2000000.0,0.0466,0.0,0.0,,False,False,False,NEW_TRADE,2024-07-15,2026-03-15,USD-SOFR-1D,execution_timestamp,2024-07-19 16:08:00-04:00,strict,4.4592835064483065,-6413.24372780291,319.5175251580024,0.0,,20.071649355169363,20.071649355169303,0.0
1085048390,2024-07-23,SOFR,10.005479452054795,10Y,2000000.0,0.037942,0.0,0.0,,False,False,False,NEW_TRADE,2024-07-25,2034-07-25,USD-SOFR-1D,execution_timestamp,2024-07-23 11:06:00-04:00,strict,3.794199981322064,-0.003085284261032939,1651.8337219999073,0.0,,1.8677935642585908e-06,1.867793483049568e-06,0.0
1086830667,2024-07-24,SOFR,15.46027397260274,15Y,86000000.0,0.0383155,0.0,0.0,,False,False,False,NEW_TRADE,2024-09-03,2040-02-15,USD-SOFR-1D,execution_timestamp,2024-07-24 10:16:00-04:00,strict,3.8361993905514264,46245.3887848258,99465.48536481927,0.0,,-0.46493905514264355,-0.4649390551426666,0.0
1089163197,2024-07-26,SOFR,5.002739726027397,5Y,10000000.0,0.0382755,0.0,0.0,,False,False,False,NEW_TRADE,2024-07-30,2029-07-30,USD-SOFR-1D,execution_timestamp,2024-07-25 20:09:00-04:00,strict,3.831397364940994,1732.891992986668,4504.100909487975,0.0,,-0.3847364940994247,-0.38473649409947674,0.0
1092276732,2024-07-29,SOFR,5.002739726027397,5Y,25000000.0,0.037735,0.0,0.0,,False,False,False,NEW_TRADE,2024-07-31,2029-07-31,USD-SOFR-1D,execution_timestamp,2024-07-29 09:50:00-04:00,strict,3.774420234523946,1038.148123562336,11281.342924530796,0.0,,-0.0920234523946295,-0.0920234523945662,0.0
1093052391,2024-07-30,SOFR,10.005479452054795,10Y,5000000.0,0.037482,0.0,0.0,,False,False,False,NEW_TRADE,2024-08-01,2034-08-01,USD-SOFR-1D,execution_timestamp,2024-07-30 02:27:00-04:00,strict,3.7457892353040148,-998.312300383579,4141.060726689883,0.0,,0.24107646959854456,0.2410764695985442,0.0
1096345234,2024-07-31,SOFR,2.0,2Y,25000000.0,0.0420504,0.0,0.0,,False,False,False,NEW_TRADE,2024-08-02,2026-08-02,USD-SOFR-1D,execution_timestamp,2024-07-31 13:50:00-04:00,strict,4.206129998093292,518.2428556098603,4754.5299280739455,0.0,,-0.10899980932919107,-0.10899980932916324,0.0
1096377847,2024-07-31,SOFR,10.005479452054795,10Y,6000000.0,0.0364818,0.0,0.0,,False,False,False,NEW_TRADE,2024-08-02,2034-08-02,USD-SOFR-1D,execution_timestamp,2024-07-31 15:31:00-04:00,strict,3.650899988205778,1358.7337398768868,4995.366292363561,0.0,,-0.2719988205778012,-0.2719988205777801,0.0
1096620817,2024-08-01,SOFR,3.0,3Y,36000000.0,0.038443,0.0,0.0,,False,False,False,NEW_TRADE,2024-08-05,2027-08-05,USD-SOFR-1D,execution_timestamp,2024-07-31 21:46:00-04:00,strict,3.845279163414031,988.6178864580579,10096.556634891804,0.0,,-0.09791634140312588,-0.09791634140312551,0.0
1096624445,2024-08-01,SOFR,2.0,2Y,130000000.0,0.041155,0.0,0.0,,False,False,False,NEW_TRADE,2024-08-05,2026-08-05,USD-SOFR-1D,execution_timestamp,2024-07-31 22:33:00-04:00,strict,4.114777293306303,-1785.8994011804461,24711.26138380507,0.0,,0.07227066936970061,0.0722706693698309,0.0
1098378790,2024-08-01,SOFR,30.019178082191782,30Y,4000000.0,0.0348225,0.0,0.0,,False,False,False,NEW_TRADE,2024-08-05,2054-08-05,USD-SOFR-1D,execution_timestamp,2024-08-01 16:41:00-04:00,strict,3.482990339696166,543.9458803222515,7347.247258772165,0.0,,-0.0740339696165826,-0.07403396961669056,0.0
1100993945000000501,2025-11-19,SOFR,5.002739726027397,5Y,4000000.0,0.033876,0.0,0.0,,False,False,False,NEW_TRADE,2025-11-21,2030-11-21,USD-SOFR-1D,execution_timestamp,2025-11-19 10:06:00-05:00,strict,3.3821101935364895,-1007.6907653044909,1835.567013158591,0.0,,0.5489806463510938,0.5489806463510616,0.0
1101630713,2024-08-05,SOFR,0.7479452054794521,9M,27000000.0,0.04328,0.0,0.0,,False,False,False,NEW_TRADE,2024-08-07,2025-05-07,USD-SOFR-1D,execution_timestamp,2024-08-05 06:57:00-04:00,strict,4.330500000000006,495.36393394425977,1981.455735773023,0.0,,-0.250000000000572,-0.2500000000005067,0.0
1101706173,2024-08-05,SOFR,30.019178082191782,30Y,10000000.0,0.03191,0.0,0.0,,False,False,False,NEW_TRADE,2024-08-07,2054-08-07,USD-SOFR-1D,execution_timestamp,2024-08-05 08:41:00-04:00,strict,3.1858009508149423,-9938.439637986012,19115.879239128895,0.0,,0.519904918505798,0.5199049185057995,0.0
1110368420,2024-08-12,SOFR,3.0,3Y,4000000.0,0.03665,0.0,0.0,,False,False,False,NEW_TRADE,2024-08-14,2027-08-14,USD-SOFR-1D,execution_timestamp,2024-08-12 03:03:00-04:00,strict,3.663820056216091,-133.1841753947083,1128.7332262004857,0.0,,0.11799437839088434,0.1179943783909238,0.0
1111598506,2024-08-12,SOFR,5.002739726027397,5Y,44000000.0,0.034435,0.0,0.0,,False,False,False,NEW_TRADE,2024-08-14,2029-08-14,USD-SOFR-1D,execution_timestamp,2024-08-12 14:11:00-04:00,strict,3.443899994465293,802.5107910744846,20063.04738456354,0.0,,-0.039999446529259686,-0.03999944652934102,0.0
1112675237,2024-08-13,SOFR,0.08493150684931507,1M,1700000000.0,0.0533786,0.0,0.0,,False,False,False,NEW_TRADE,2024-08-15,2024-09-15,USD-SOFR-1D,execution_timestamp,2024-08-13 08:38:00-04:00,strict,5.3380000000001475,210.43559181224555,15031.11368507403,0.0,,-0.01400000001474666,-0.014000000014716749,0.0
1112775925,2024-08-13,SOFR,1.5041095890410958,18M,27000000.0,0.039605,0.0,0.0,,False,False,False,NEW_TRADE,2024-08-15,2026-02-15,USD-SOFR-1D,execution_timestamp,2024-08-13 09:03:00-04:00,strict,3.963269999998484,1091.000147820916,3938.6286946512573,0.0,,-0.27699999984838186,-0.276999999848302,0.0
1114571221,2024-08-14,SOFR,10.005479452054795,10Y,12000000.0,0.0338714,0.0,0.0,,False,False,False,NEW_TRADE,2024-08-16,2034-08-16,USD-SOFR-1D,execution_timestamp,2024-08-14 08:17:00-04:00,strict,3.3865699842878323,-578.0689807096496,10141.28151853652,0.0,,0.05700157121681926,0.05700157121691562,0.0
1115188345,2024-08-15,SOFR,2.0,2Y,50000000.0,0.037575,0.0,0.0,,False,False,False,NEW_TRADE,2024-08-19,2026-08-19,USD-SOFR-1D,execution_timestamp,2024-08-14 23:48:00-04:00,asof2h,3.757861296979201,345.1867465181276,9554.099989509214,2940.0,,-0.03612969792010645,-0.03612969791996699,0.0
1118328422,2024-08-16,SOFR,30.019178082191782,30Y,25000000.0,0.03275,0.0,0.0,,False,False,False,NEW_TRADE,2026-02-02,2056-02-02,USD-SOFR-1D,execution_timestamp,2024-08-16 12:28:00-04:00,strict,3.258571629874579,-73029.36438428238,44453.201277270164,0.0,,1.642837012542131,1.642837012542082,0.0
1123921645,2024-08-21,SOFR,1.5178082191780822,18M,75000000.0,0.0388855,0.0,0.0,,False,False,False,NEW_TRADE,2024-08-23,2026-02-28,USD-SOFR-1D,execution_timestamp,2024-08-21 14:37:00-04:00,strict,3.8917414696049777,3606.4816408557817,10985.411143097179,0.0,,-0.3191469604977293,-0.32829737493457034,0.0
1124497817,2024-08-22,SOFR,10.005479452054795,10Y,10000000.0,0.033511,0.0,0.0,,False,False,False,NEW_TRADE,2024-08-26,2034-08-26,USD-SOFR-1D,execution_timestamp,2024-08-22 03:37:00-04:00,strict,3.3519500199210226,719.4525566082448,8463.949359477607,0.0,,-0.08500199210228487,-0.08500199210226007,0.0
1125653216,2024-08-22,SOFR,2.0,2Y,10000000.0,0.038017,0.0,0.0,,False,False,False,NEW_TRADE,2024-08-26,2026-08-26,USD-SOFR-1D,execution_timestamp,2024-08-22 12:55:00-04:00,strict,3.8015199679259,-34.38761930458713,1910.0829380787145,0.0,,0.018003207410011157,0.018003207410028192,0.0
1132334758,2024-08-28,SOFR,4.917808219178082,5Y,13000000.0,0.034095,0.0,0.0,,False,False,False,NEW_TRADE,2024-09-02,2029-08-02,USD-SOFR-1D,execution_timestamp,2024-08-28 08:53:00-04:00,strict,3.3414233073254667,-39820.36293685343,5849.338646228033,0.0,,6.807669267453331,6.807669267453293,0.0
1132421677,2024-08-28,SOFR,10.005479452054795,10Y,2000000.0,0.033765,0.0,0.0,,False,False,False,NEW_TRADE,2024-08-30,2034-08-30,USD-SOFR-1D,execution_timestamp,2024-08-28 11:33:00-04:00,strict,3.376790016822815,49.06911007978488,1691.9401296668168,0.0,,-0.029001682281437624,-0.02900168228142195,0.0
1134180625,2024-08-29,SOFR,10.005479452054795,10Y,24000000.0,0.03401,0.0,0.0,,False,False,False,NEW_TRADE,2024-09-03,2034-09-03,USD-SOFR-1D,execution_timestamp,2024-08-29 08:29:00-04:00,strict,3.3858296263055485,-30789.64475707058,20295.903962030392,0.0,,1.517037369445129,1.5170373694451793,0.0
1134192712,2024-08-29,SOFR,10.005479452054795,10Y,7000000.0,0.034255,0.0,0.0,,False,False,False,NEW_TRADE,2024-09-03,2034-09-03,USD-SOFR-1D,execution_timestamp,2024-08-29 09:22:00-04:00,strict,3.4220398705313264,-2044.6923381600063,5909.294310145798,0.0,,0.34601294686735784,0.3460129468673491,0.0
1140198945,2024-09-03,SOFR,1.0,1Y,250000000.0,0.0423,0.0,0.0,,False,False,False,NEW_TRADE,2025-09-05,2026-09-05,USD-SOFR-1D,execution_timestamp,2024-09-03 08:46:00-04:00,strict,3.187885621557606,-2472056.442664138,23721.546250604693,0.0,,104.21143784423936,104.21143784423927,0.0
1142012959,2024-09-04,SOFR,10.005479452054795,10Y,2000000.0,0.033523,0.0,0.0,,False,False,False,NEW_TRADE,2024-09-06,2034-09-06,USD-SOFR-1D,execution_timestamp,2024-09-04 05:53:00-04:00,strict,3.3505093745733108,-303.39212536264677,1694.3360729761384,0.0,,0.1790625426688841,0.17906254266884128,0.0
1142126592,2024-09-04,SOFR,3.5452054794520547,4Y,50000000.0,0.0332,0.0,0.0,,False,False,False,NEW_TRADE,2024-09-06,2028-03-23,USD-SOFR-1D,execution_timestamp,2024-09-04 10:00:00-04:00,strict,3.343651943506544,39312.80696488824,16621.385449364974,0.0,,-2.3651943506544093,-2.3651943506544573,0.0
1143138119000002401,2025-11-21,SOFR,2.0,2Y,78000000.0,0.0328134,0.0,0.0,,False,False,False,NEW_TRADE,2025-11-25,2027-11-25,USD-SOFR-1D,execution_timestamp,2025-11-21 10:11:00-05:00,strict,3.2813100416422714,-45.09048490226269,15051.053635954084,0.0,,0.0029958357728787632,0.002995835772889026,0.0
1144572527,2024-09-06,SOFR,5.002739726027397,5Y,10000000.0,0.03237,0.0,0.0,,False,False,False,NEW_TRADE,2024-09-10,2029-09-10,USD-SOFR-1D,execution_timestamp,2024-09-05 20:04:00-04:00,strict,3.2344926647724384,-1150.3493207318243,4587.9358614950725,0.0,,0.25073352275617466,0.25073352275612665,0.0
1145792661,2024-09-06,SOFR,4.002739726027397,4Y,27000000.0,0.0319842,0.0,0.0,,False,False,False,NEW_TRADE,2024-09-10,2028-09-10,USD-SOFR-1D,execution_timestamp,2024-09-06 16:57:00-04:00,strict,3.193629939520457,-4832.195055770222,10087.962514061535,0.0,,0.4790060479542557,0.47900604795414947,0.0
1145885825,2024-09-09,SOFR,1.4958904109589042,18M,35000000.0,0.0365471,0.0,0.0,,False,False,False,NEW_TRADE,2024-09-11,2026-03-11,USD-SOFR-1D,execution_timestamp,2024-09-08 22:31:00-04:00,strict,3.6540023688532983,-359.18290328327566,5075.849260706423,0.0,,0.07076311467013596,0.07076311467005365,0.0
1149409429,2024-09-10,SOFR,3.0,3Y,14000000.0,0.032162,0.0,0.0,,False,False,False,NEW_TRADE,2024-09-12,2027-09-12,USD-SOFR-1D,execution_timestamp,2024-09-10 14:06:00-04:00,strict,3.216339987033084,55.75202462100424,3982.656349840418,0.0,,-0.013998703308404359,-0.013998703308468525,0.0
1150768052,2024-09-11,SOFR,10.005479452054795,10Y,9000000.0,0.0319035,0.0,0.0,,False,False,False,NEW_TRADE,2024-09-13,2034-09-13,USD-SOFR-1D,execution_timestamp,2024-09-11 09:22:00-04:00,strict,3.1880906456444564,-1737.925241285935,7692.132210344252,0.0,,0.22593543555435858,0.225935435554371,0.0
1151598980,2024-09-12,SOFR,4.002739726027397,4Y,16000000.0,0.0318324,0.0,0.0,,False,False,False,NEW_TRADE,2024-09-16,2028-09-16,USD-SOFR-1D,execution_timestamp,2024-09-12 03:05:00-04:00,strict,3.181779992320424,-873.3299310109578,5981.680392701187,0.0,,0.1460007679575437,0.1460007679575442,0.0
1159625874,2024-09-19,SOFR,5.002739726027397,5Y,50000000.0,0.0321103,0.0,0.0,,False,False,False,NEW_TRADE,2024-09-23,2029-09-23,USD-SOFR-1D,execution_timestamp,2024-09-19 12:41:00-04:00,strict,3.2100100094419903,-2346.1775713134557,23001.953820944866,0.0,,0.10199905580097202,0.1019990558009511,0.0
1161174546,2024-09-20,SOFR,9.005479452054795,9Y,13000000.0,0.03261,0.0,0.0,,False,False,False,NEW_TRADE,2024-09-24,2033-09-24,USD-SOFR-1D,execution_timestamp,2024-09-20 07:22:00-04:00,strict,3.259180029118064,-1842.2555807759054,10122.445359214424,0.0,,0.18199708819359728,0.18199708819360602,0.0
1161214341,2024-09-20,FED_FUNDS,1.4958904109589042,18M,10000000.0,0.034965,0.0,0.0,,False,False,False,NEW_TRADE,2024-09-24,2026-03-24,USD-FEDFUNDS-1D,execution_timestamp,2024-09-20 08:46:00-04:00,strict,3.4986699999998523,315.3842456524726,1453.3836206172869,0.0,,-0.21699999998521236,-0.21699999998522163,0.0
1163085033,2024-09-23,SOFR,5.002739726027397,5Y,7000000.0,0.03239,0.0,0.0,,False,False,False,NEW_TRADE,2024-09-25,2029-09-25,USD-SOFR-1D,execution_timestamp,2024-09-23 10:58:00-04:00,strict,3.238879996996306,-38.61488466372248,3217.826510564192,0.0,,0.012000300369452432,0.012000300369503763,0.0
1164487080000001501,2025-11-24,SOFR,3.0027397260273974,3Y,4000000.0,0.03259,0.0,0.0,,False,False,False,NEW_TRADE,2025-11-26,2028-11-26,USD-SOFR-1D,execution_timestamp,2025-11-24 10:12:00-05:00,strict,3.257579910721024,-161.97228678601095,1140.5781959206086,0.0,,0.14200892789757447,0.14200892789755315,0.0
1164896260,2024-09-24,SOFR,1.4958904109589042,18M,2000000.0,0.03441,0.0,0.0,,False,False,False,NEW_TRADE,2024-09-24,2026-03-24,USD-SOFR-1D,execution_timestamp,2024-09-24 10:54:00-04:00,strict,3.4801299216952435,1138.2448271880858,290.8886033693369,0.0,,-3.912992169524321,-3.912992169524336,0.0
1169757401,2024-09-26,SOFR,5.002739726027397,5Y,5000000.0,0.03218,0.0,0.0,,False,False,False,NEW_TRADE,2024-09-26,2029-09-26,USD-SOFR-1D,execution_timestamp,2024-09-26 15:32:00-04:00,strict,3.255534925755811,8624.090299340081,2297.617519066193,0.0,,-3.7534925755811077,-3.753492575581126,0.0
1171166375,2024-09-27,SOFR,2.0,2Y,130000000.0,0.033814,0.0,0.0,,False,False,False,NEW_TRADE,2024-10-01,2026-10-01,USD-SOFR-1D,execution_timestamp,2024-09-27 11:26:00-04:00,strict,3.3800099955958918,-3474.6380024384707,24997.31649894354,0.0,,0.13900044041079695,0.13900044041068646,0.0
1171658360,2024-09-27,SOFR,7.002739726027397,7Y,4000000.0,0.0322444,0.0,0.0,,False,False,False,NEW_TRADE,2024-10-01,2031-10-01,USD-SOFR-1D,execution_timestamp,2024-09-27 16:40:00-04:00,strict,3.225149902979483,177.37633297720458,2498.5996411305414,0.0,,-0.07099029794828127,-0.07099029794823276,0.0
1173701537,2024-09-30,SOFR,5.002739726027397,5Y,87000000.0,0.03218,0.0,0.0,,False,False,False,NEW_TRADE,2024-10-02,2029-10-02,USD-SOFR-1D,execution_timestamp,2024-09-30 12:31:00-04:00,strict,3.2244099881109425,25641.71692380868,40002.75270407406,0.0,,-0.640998811094251,-0.6409988110942478,0.0
1173921802,2024-09-30,SOFR,10.005479452054795,10Y,75000000.0,0.033945,0.0,0.0,,False,False,False,NEW_TRADE,2024-10-02,2034-10-02,USD-SOFR-1D,execution_timestamp,2024-09-30 13:05:00-04:00,strict,3.3008706019117735,-597559.2224271223,63821.75199546205,0.0,,9.362939808822679,9.362939808822716,0.0
1174100252,2024-09-30,SOFR,7.002739726027397,7Y,2000000.0,0.03268,0.0,0.0,,False,False,False,NEW_TRADE,2024-10-02,2031-10-02,USD-SOFR-1D,execution_timestamp,2024-09-30 16:02:00-04:00,strict,3.2639800222807116,-501.3008942035376,1247.02406134792,0.0,,0.40199777192886366,0.4019977719288566,0.0
1175004684,2024-10-01,SOFR,12.008219178082191,12Y,5000000.0,0.0328658,0.0,0.0,,False,False,False,NEW_TRADE,2024-10-03,2036-10-03,USD-SOFR-1D,execution_timestamp,2024-10-01 12:27:00-04:00,strict,3.2866799856713897,49.609856366878375,4961.696578919143,0.0,,-0.009998567138991277,-0.00999856713884052,0.0
1180808690,2024-10-08,SOFR,5.002739726027397,5Y,7000000.0,0.0355679,0.0,0.0,,False,False,False,NEW_TRADE,2024-10-10,2029-10-10,USD-SOFR-1D,execution_timestamp,2024-10-08 08:49:00-04:00,strict,3.5565700563672706,-70.07377780997194,3185.9880161131105,0.0,,0.02199436327292581,0.021994363273048843,0.0
1180832266,2024-10-08,SOFR,0.7561643835616438,9M,10000000.0,0.0425,0.0,0.0,,False,False,False,NEW_TRADE,2024-10-08,2025-07-11,USD-SOFR-1D,execution_timestamp,2024-10-08 09:48:00-04:00,strict,4.281891818223212,2366.3660977319814,741.9978632669053,0.0,,-3.1891818223211743,-3.1891818223211947,0.0
1181318149,2024-10-08,SOFR,3.989041095890411,4Y,210000.0,0.035682,0.0,0.0,,False,False,False,NEW_TRADE,2024-10-10,2028-10-05,USD-SOFR-1D,execution_timestamp,2024-10-08 15:58:00-04:00,strict,3.5678710940898064,-2.550248882835149,77.53733830249294,0.0,,0.03289059101936331,0.03289059101933545,0.0
1183428621,2024-10-09,SOFR,1.4986301369863013,18M,27000000.0,0.03906,0.0,0.0,,False,False,False,NEW_TRADE,2024-10-11,2026-04-11,USD-SOFR-1D,execution_timestamp,2024-10-09 09:16:00-04:00,strict,3.9001699999999846,-2406.5827651931904,3929.032095052584,0.0,,0.5830000000015101,0.6125128802647213,0.0
1183896799000002601,2025-11-25,SOFR,5.002739726027397,5Y,11000000.0,0.0328728,0.0,0.0,,False,False,False,NEW_TRADE,2025-11-28,2030-11-28,USD-SOFR-1D,execution_timestamp,2025-11-25 08:30:00-05:00,strict,3.2875402363839323,131.75873282458633,5063.040410918007,60.0,,-0.026023638393235515,-0.02602363839333774,0.0
1187059740,2024-10-11,SOFR,1.0,1Y,50000000.0,0.041353,0.0,0.0,,False,False,False,NEW_TRADE,2024-10-16,2025-10-16,USD-SOFR-1D,execution_timestamp,2024-10-11 01:39:00-04:00,strict,4.136239860521873,456.79748502280563,4860.268884495839,0.0,,-0.09398605218731149,-0.09398605218735541,0.0
1187740959,2024-10-11,SOFR,15.008219178082191,15Y,13000000.0,0.0371207,0.0,0.0,,False,False,False,NEW_TRADE,2024-10-16,2039-10-16,USD-SOFR-1D,execution_timestamp,2024-10-11 08:48:00-04:00,strict,3.7173991972600224,7962.744161678478,14941.732822338672,0.0,,-0.5329197260022678,-0.5329197260021782,0.0
1188159649,2024-10-11,SOFR,1.0,1Y,600000000.0,0.041,0.0,0.0,,False,False,False,NEW_TRADE,2024-10-17,2025-10-17,USD-SOFR-1D,execution_timestamp,2024-10-11 14:00:00-04:00,strict,4.093564163643609,-37546.64567618817,58339.96328837367,0.0,,0.6435836356391889,0.6435836356391861,0.0
1191545768000000501,2025-11-26,SOFR,1.2465753424657535,15M,17000000.0,0.0340119,0.0,0.0,,False,False,False,NEW_TRADE,2025-12-01,2027-03-01,USD-SOFR-1D,execution_timestamp,2025-11-25 20:26:00-05:00,strict,3.4002574248328794,-193.18065945850685,2071.47548283064,0.0,,0.09325751671203086,0.09325751671196629,0.0
1192581179,2024-10-15,SOFR,0.7479452054794521,9M,82000000.0,0.042655,0.0,0.0,,False,False,False,NEW_TRADE,2024-10-17,2025-07-17,USD-SOFR-1D,execution_timestamp,2024-10-15 12:30:00-04:00,strict,4.265170000000042,-198.64266907749698,6019.474821305727,0.0,,0.03299999999573089,0.032999999995748465,0.0
1193378783,2024-10-16,SOFR,3.0,3Y,15000000.0,0.0360429,0.0,0.0,,False,False,False,NEW_TRADE,2024-10-18,2027-10-18,USD-SOFR-1D,execution_timestamp,2024-10-16 03:05:00-04:00,strict,3.604990249640184,296.63474904047325,4236.128546422072,0.0,,-0.0700249640183781,-0.07002496401838833,0.0
1194610301,2024-10-16,SOFR,5.002739726027397,5Y,220000000.0,0.03513,0.0,0.0,,False,False,False,NEW_TRADE,2024-10-18,2029-10-18,USD-SOFR-1D,execution_timestamp,2024-10-16 11:28:00-04:00,strict,3.498400091173267,-146459.09594117105,100315.07571676924,0.0,,1.4599908826733454,1.4599908826733619,0.0
1196740914,2024-10-17,FED_FUNDS,0.32602739726027397,4M,13000000.0,0.045483,0.0,0.0,,False,False,False,NEW_TRADE,2024-10-18,2025-02-14,USD-FEDFUNDS-1D,execution_timestamp,2024-10-17 11:31:00-04:00,strict,,,,,"SnapshotMiss: citivelo_excel minute store (USD-FEDFUNDS-1D-CITIVELOEXCELMIN): no snapshot satisfies datetime.datetime(2024, 10, 17, 11, 31, tzinfo=zoneinfo.Zone",,,
1201617937,2024-10-21,SOFR,2.0,2Y,63000000.0,0.038305,0.0,0.0,,False,False,False,NEW_TRADE,2024-10-23,2026-10-23,USD-SOFR-1D,execution_timestamp,2024-10-21 12:25:00-04:00,strict,3.8304999439517062,-0.06748277228325605,12040.111729502058,0.0,,5.604829356187224e-06,5.604829406848614e-06,0.0
1204078284,2024-10-22,SOFR,30.019178082191782,30Y,28000000.0,0.03651,0.0,0.0,,False,False,False,NEW_TRADE,2025-03-14,2055-03-14,USD-SOFR-1D,execution_timestamp,2024-10-22 16:48:00-04:00,strict,3.6472638360321654,-18523.600662712008,49579.196261694364,0.0,,0.3736163967834827,0.373616396783415,0.0
1205076021,2024-10-23,SOFR,2.0,2Y,8000000.0,0.038715,0.0,0.0,,False,False,False,NEW_TRADE,2024-10-25,2026-10-25,USD-SOFR-1D,execution_timestamp,2024-10-23 04:41:00-04:00,strict,3.8724400083012056,143.85981006757356,1530.4099961989723,0.0,,-0.09400083012054417,-0.09400083012060384,0.0
1206300492,2024-10-23,SOFR,3.0,3Y,50000000.0,0.037101,0.0,0.0,,False,False,False,NEW_TRADE,2024-12-31,2027-12-31,USD-SOFR-1D,execution_timestamp,2024-10-23 12:07:00-04:00,strict,3.6997863670365256,-14424.261014135554,13985.625690984583,0.0,,1.031363296347454,1.031363296347458,0.0
1207406284000002101,2025-11-26,SOFR,2.0,2Y,120000000.0,0.032785,0.0,0.0,,False,False,False,NEW_TRADE,2025-12-01,2027-12-01,USD-SOFR-1D,execution_timestamp,2025-11-26 12:11:00-05:00,strict,3.277760415143792,-1710.5793686825782,23128.912853255286,0.0,,0.07395848562081753,0.0739584856208156,0.0
1212284337,2024-10-28,SOFR,10.005479452054795,10Y,18000000.0,0.0376395,0.0,0.0,,False,False,False,NEW_TRADE,2024-10-30,2034-10-30,USD-SOFR-1D,execution_timestamp,2024-10-28 08:20:00-04:00,strict,3.7643099811805603,537.8560299547389,14941.226347397402,0.0,,-0.035998118056035366,-0.03599811805598056,0.0
1216683842,2024-10-30,SOFR,10.005479452054795,10Y,12000000.0,0.0376121,0.0,0.0,,False,False,False,NEW_TRADE,2024-11-01,2034-11-01,USD-SOFR-1D,execution_timestamp,2024-10-30 11:33:00-04:00,strict,3.761339968651682,129.3931547109969,9955.720324595222,0.0,,-0.012996865168179994,-0.012996865168192411,0.0
1217091196,2024-10-30,SOFR,5.002739726027397,5Y,66000000.0,0.0377,0.0,0.0,,False,False,False,NEW_TRADE,2029-11-01,2034-11-01,USD-SOFR-1D,execution_timestamp,2024-10-30 14:41:00-04:00,strict,3.767419108108601,-6413.563513256609,24850.182739665728,0.0,,0.258089189139854,0.2580891891398172,0.0
1218636672,2024-10-31,SOFR,1.4958904109589042,18M,45000000.0,0.040283,0.0,0.0,,False,False,False,NEW_TRADE,2024-11-04,2026-05-04,USD-SOFR-1D,execution_timestamp,2024-10-31 05:44:00-04:00,strict,4.029150000000408,552.9447661195882,6505.232539456878,0.0,,-0.08500000004083574,-0.08500000004085227,0.0
1220259560,2024-11-01,SOFR,0.3287671232876712,4M,100000000.0,0.045033,0.0,0.0,,False,False,False,NEW_TRADE,2024-11-05,2025-03-05,USD-SOFR-1D,execution_timestamp,2024-11-01 03:51:00-04:00,strict,4.505870000000046,843.3385998418089,3281.4731510755037,0.0,,-0.25700000000465906,-0.25700000000469436,0.0
1221271935,2024-11-01,SOFR,0.4136986301369863,5M,72000000.0,0.04411,0.0,0.0,,False,False,False,NEW_TRADE,2024-11-05,2025-04-05,USD-SOFR-1D,execution_timestamp,2024-11-01 08:58:00-04:00,strict,4.415809999999982,1443.6437098432798,3001.3382741141813,0.0,,-0.4809999999981329,-0.4809999999981204,0.0
1221463176,2024-11-01,SOFR,5.002739726027397,5Y,550000000.0,0.03796,0.0,0.0,,False,False,False,NEW_TRADE,2024-11-05,2029-11-05,USD-SOFR-1D,execution_timestamp,2024-11-01 12:08:00-04:00,strict,3.818960659390669,570929.1859883666,248655.39629076316,0.0,,-2.2960659390668603,-2.2960659390667524,0.0
1224065385,2024-11-04,SOFR,0.7479452054794521,9M,20000000.0,0.042665,0.0,0.0,,False,False,False,NEW_TRADE,2024-11-06,2025-08-06,USD-SOFR-1D,execution_timestamp,2024-11-04 12:27:00-05:00,strict,4.264019999999994,-364.1771144011291,1468.4561064527704,0.0,,0.24800000000055888,0.2480000000005734,0.0
1226613550,2024-11-05,SOFR,10.005479452054795,10Y,17000000.0,0.037675,0.0,0.0,,False,False,False,NEW_TRADE,2024-11-07,2034-11-07,USD-SOFR-1D,execution_timestamp,2024-11-05 16:24:00-05:00,strict,3.7698398884168762,3295.9243016680703,14085.818271918184,0.0,,-0.2339888416876157,-0.2339888416875931,0.0
1228387100,2024-11-06,SOFR,4.2684931506849315,4Y,100000000.0,0.03951,0.0,0.0,,False,False,False,NEW_TRADE,2024-11-08,2029-02-13,USD-SOFR-1D,execution_timestamp,2024-11-06 09:09:00-05:00,strict,3.93339608287673,-68723.62711781636,39038.82677734919,0.0,,1.7603917123270474,1.7603917123270378,0.0
1228470525,2024-11-06,SOFR,5.002739726027397,5Y,5000000.0,0.039573,0.0,0.0,,False,False,False,NEW_TRADE,2029-11-08,2034-11-08,USD-SOFR-1D,execution_timestamp,2024-11-06 11:55:00-05:00,strict,3.9554344140813864,-346.1625752047403,1855.5166596775211,0.0,,0.18655859186131885,0.1865585918613641,0.0
1230400488,2024-11-07,SOFR,0.4958904109589041,6M,41000000.0,0.044043,0.0,0.0,,False,False,False,NEW_TRADE,2024-11-12,2025-05-12,USD-SOFR-1D,execution_timestamp,2024-11-07 04:15:00-05:00,strict,4.404469999999968,34.254791015177034,2014.9877071540013,0.0,,-0.0169999999967807,-0.01699999999680346,0.0
1231445184,2024-11-08,SOFR,5.002739726027397,5Y,8000000.0,0.0387184,0.0,0.0,,False,False,False,NEW_TRADE,2029-11-09,2034-11-09,USD-SOFR-1D,execution_timestamp,2024-11-07 19:47:00-05:00,strict,3.874946930472431,929.0189966445323,2990.150583954009,0.0,,-0.31069304724309355,-0.31069304724314223,0.0
1232948588,2024-11-08,SOFR,20.013698630136986,20Y,14000000.0,0.038735,0.0,0.0,,False,False,False,NEW_TRADE,2024-11-13,2044-11-13,USD-SOFR-1D,execution_timestamp,2024-11-08 07:08:00-05:00,strict,3.871959558857021,-2991.7872384609655,19421.626409405526,0.0,,0.154044114297891,0.15404411429786846,0.0
1237365656,2024-11-12,SOFR,3.0,3Y,50000000.0,0.0403125,0.0,0.0,,False,False,False,NEW_TRADE,2024-11-14,2027-11-14,USD-SOFR-1D,execution_timestamp,2024-11-12 03:45:00-05:00,strict,4.0352798889367225,5653.053551098332,14027.814760810019,0.0,,-0.40298889367225144,-0.4029888936722674,0.0
1240976114,2024-11-14,SOFR,4.002739726027397,4Y,800000.0,0.0398888,0.0,0.0,,False,False,False,NEW_TRADE,2024-11-18,2028-11-18,USD-SOFR-1D,execution_timestamp,2024-11-13 21:23:00-05:00,strict,,,,,"SnapshotMiss: citivelo_excel minute store (USD-SOFR-1D-CITIVELOEXCELMIN): no snapshot satisfies datetime.datetime(2024, 11, 13, 21, 23, tzinfo=zoneinfo.ZoneInfo",,,
1242569323,2024-11-14,SOFR,10.005479452054795,10Y,6000000.0,0.039037,0.0,0.0,,False,False,False,NEW_TRADE,2024-11-18,2034-11-18,USD-SOFR-1D,execution_timestamp,2024-11-14 11:43:00-05:00,strict,3.9038452972944975,71.79836960649118,4941.480146261256,0.0,,-0.01452972944973041,-0.014529729449750823,0.0
1249534295,2024-11-19,SOFR,30.019178082191782,30Y,3000000.0,0.036945,0.0,0.0,,False,False,False,NEW_TRADE,2024-11-21,2054-11-21,USD-SOFR-1D,execution_timestamp,2024-11-19 08:59:00-05:00,strict,3.6938781637560454,-332.9268556837924,5353.931343191014,0.0,,0.062183624395428794,0.06218362439540802,0.0
1249669867,2024-11-19,SOFR,20.695890410958903,21Y,34000000.0,0.03883,0.0,0.0,,False,False,False,NEW_TRADE,2024-11-21,2045-07-28,USD-SOFR-1D,execution_timestamp,2024-11-19 11:51:00-05:00,strict,3.8797686296965916,-15544.487302090973,48104.9395227024,0.0,,0.3231370303408809,0.32313703034082364,0.0
1251781925,2024-11-20,SOFR,0.2821917808219178,3M,450000000.0,0.045195,0.0,0.0,,False,False,False,NEW_TRADE,2024-11-22,2025-03-05,USD-SOFR-1D,execution_timestamp,2024-11-20 11:22:00-05:00,strict,4.516625283584989,-3652.1561825666577,12704.405079734988,0.0,,0.2874716415011136,0.28747164150112575,0.0
1252481337,2024-11-21,SOFR,3.0,3Y,90000000.0,0.040085,0.0,0.0,,False,False,False,NEW_TRADE,2024-11-25,2027-11-25,USD-SOFR-1D,execution_timestamp,2024-11-21 01:12:00-05:00,strict,4.01104986689744,6438.783599302173,25251.44981398378,0.0,,-0.25498668974393013,-0.25498668974390903,0.0
1253885413,2024-11-21,SOFR,0.5013698630136987,6M,100000000.0,0.044305,0.0,0.0,,False,False,False,NEW_TRADE,2024-11-25,2025-05-27,USD-SOFR-1D,execution_timestamp,2024-11-21 10:05:00-05:00,strict,4.430249999999933,-124.19242592994124,4967.697035903012,0.0,,0.025000000006603074,0.02500000000651528,0.0
1253904424,2024-11-21,SOFR,1.9972602739726026,2Y,250000000.0,0.040399,0.0,0.0,,False,False,False,NEW_TRADE,2024-11-26,2026-11-25,USD-SOFR-1D,execution_timestamp,2024-11-21 10:50:00-05:00,strict,4.103346522181555,301640.358379513,47542.457491421286,0.0,,-6.3446522181555665,-6.344652218155572,0.0
1254549074,2024-11-22,SOFR,10.005479452054795,10Y,37000000.0,0.03916875,0.0,0.0,,False,False,False,NEW_TRADE,2024-11-26,2034-11-26,USD-SOFR-1D,execution_timestamp,2024-11-21 21:04:00-05:00,strict,3.9173827166931434,1544.4259361121804,30419.049776526408,0.0,,-0.05077166931433119,-0.050771669314403564,0.0
1261028762000000401,2025-12-01,SOFR,20.013698630136986,20Y,22000000.0,0.039998,0.0,0.0,,False,False,False,NEW_TRADE,2025-12-03,2045-12-03,USD-SOFR-1D,execution_timestamp,2025-12-01 00:41:00-05:00,asof2h,3.9927715532356216,-21586.16955062002,30712.57459048512,6120.0,,0.7028446764378415,0.7028446764377579,0.0
1261219342,2024-11-26,SOFR,25.016438356164382,25Y,600000.0,0.0377516,0.0,0.0,,False,False,False,NEW_TRADE,2024-11-29,2049-11-29,USD-SOFR-1D,execution_timestamp,2024-11-26 14:46:00-05:00,strict,3.775827011973588,64.06653234362602,960.5004839581786,0.0,,-0.0667011973587428,-0.06670119735870488,0.0
1263042120,2024-11-27,SOFR,10.005479452054795,10Y,6000000.0,0.0376135,0.0,0.0,,False,False,False,NEW_TRADE,2024-12-02,2034-12-02,USD-SOFR-1D,execution_timestamp,2024-11-27 11:44:00-05:00,strict,3.7631498356003648,894.8275400500279,4971.718193979108,0.0,,-0.17998356003645632,-0.1799835600363853,0.0
1273660651,2024-12-04,SOFR,12.008219178082191,12Y,5000000.0,0.0374242,0.0,0.0,,False,False,False,NEW_TRADE,2024-12-06,2036-12-06,USD-SOFR-1D,execution_timestamp,2024-12-04 11:21:00-05:00,strict,3.740519987083616,-915.1436167943757,4816.5126084301055,0.0,,0.1900012916383531,0.19000129163840343,0.0
1274058899,2024-12-04,SOFR,8.128767123287671,8Y,9000000.0,0.037127,0.0,0.0,,False,False,False,NEW_TRADE,2024-12-06,2033-01-20,USD-SOFR-1D,execution_timestamp,2024-12-04 15:46:00-05:00,strict,3.7047788106345894,-4971.959052714985,6276.783477019737,0.0,,0.792118936541053,0.7921189365409985,0.0
1278189250,2024-12-06,SOFR,5.002739726027397,5Y,16000000.0,0.03715,0.0,0.0,,False,False,False,NEW_TRADE,2024-12-10,2029-12-10,USD-SOFR-1D,execution_timestamp,2024-12-06 12:33:00-05:00,strict,3.709430131453211,-4038.748715005815,7251.066485821981,0.0,,0.5569868546789092,0.5569868546789338,0.0
1283170409,2024-12-10,SOFR,10.005479452054795,10Y,6000000.0,0.037362,0.0,0.0,,False,False,False,NEW_TRADE,2024-12-12,2034-12-12,USD-SOFR-1D,execution_timestamp,2024-12-10 16:10:00-05:00,strict,3.736310251513988,54.902141679544,4979.7177103534295,0.0,,-0.011025151398813549,-0.011025151398722035,0.0
1287068302000000101,2025-12-02,SOFR,1.0,1Y,20000000.0,0.0352632,0.0,0.0,,False,False,False,NEW_TRADE,2025-12-04,2026-12-04,USD-SOFR-1D,execution_timestamp,2025-12-02 04:53:00-05:00,strict,3.524509960820315,-354.1722835942637,1956.7105926178947,0.0,,0.18100391796851412,0.1810039179684792,0.0
1294250387,2024-12-18,SOFR,8.005479452054795,8Y,2000000.0,0.0389128,0.0,0.0,,False,False,False,NEW_TRADE,2024-12-20,2032-12-20,USD-SOFR-1D,execution_timestamp,2024-12-18 02:01:00-05:00,strict,3.8921903395025486,124.38322270824574,1366.3388478679585,0.0,,-0.09103395025489291,-0.09103395025497071,0.0
1294580499000000101,2025-12-02,SOFR,2.0,2Y,10000000.0,0.032735,0.0,0.0,,False,False,False,NEW_TRADE,2025-12-05,2027-12-05,USD-SOFR-1D,execution_timestamp,2025-12-02 12:24:00-05:00,strict,3.3229364156853785,9538.353828656022,1929.418566540015,0.0,,-4.94364156853786,-4.943641568537897,0.0
1297603550,2024-12-19,SOFR,5.002739726027397,5Y,34000000.0,0.040283,0.0,0.0,,False,False,False,NEW_TRADE,2029-12-24,2034-12-24,USD-SOFR-1D,execution_timestamp,2024-12-19 09:14:00-05:00,strict,4.031125227621509,3539.5322607038543,12528.308281276712,0.0,,-0.282522762150883,-0.28252276215086514,0.0
1297641188,2024-12-19,SOFR,2.0027397260273974,2Y,300000000.0,0.03983,0.0,0.0,,False,False,False,NEW_TRADE,2028-01-26,2030-01-26,USD-SOFR-1D,execution_timestamp,2024-12-19 10:49:00-05:00,strict,4.017621584811539,175496.94130758196,50690.03694166316,0.0,,-3.4621584811539208,-3.4621584811538675,0.0
1302011343,2024-12-23,SOFR,2.0,2Y,26000000.0,0.041613,0.0,0.0,,False,False,False,NEW_TRADE,2024-12-26,2026-12-26,USD-SOFR-1D,execution_timestamp,2024-12-23 10:34:00-05:00,strict,4.164169926688862,1424.4708450501785,4963.439834817995,0.0,,-0.2869926688862101,-0.286992668886136,0.0
1309588626,2024-12-30,SOFR,30.019178082191782,30Y,12000000.0,0.0392685,0.0,0.0,,False,False,False,NEW_TRADE,2025-01-02,2055-01-02,USD-SOFR-1D,execution_timestamp,2024-12-30 10:36:00-05:00,strict,3.925690295127386,-2414.557090193033,20820.444470068884,0.0,,0.11597048726139647,0.11597048726141074,0.0
1313604753,2025-01-02,SOFR,0.15616438356164383,2M,480000000.0,0.043075,0.0,0.0,,False,False,False,NEW_TRADE,2025-01-06,2025-03-04,USD-SOFR-1D,execution_timestamp,2025-01-02 12:20:00-05:00,strict,4.311423659777834,2959.6400290848687,7543.059787713428,0.0,,-0.3923659777833599,-0.3923659777834058,0.0
1319886920,2025-01-07,SOFR,0.24383561643835616,3M,550000000.0,0.042567,0.0,0.0,,False,False,False,NEW_TRADE,2025-01-31,2025-04-30,USD-SOFR-1D,execution_timestamp,2025-01-07 06:44:00-05:00,strict,4.260737842289175,5416.322129377164,13413.90213257925,0.0,,-0.4037842289174698,-0.4037842289174137,0.0
1324720129,2025-01-09,SOFR,5.002739726027397,5Y,37000000.0,0.041285,0.0,0.0,,False,False,False,NEW_TRADE,2025-01-13,2030-01-13,USD-SOFR-1D,execution_timestamp,2025-01-09 12:47:00-05:00,strict,4.128499842261242,-0.2621761793270707,16620.91058174891,0.0,,1.577387580553591e-05,1.5773875807680545e-05,0.0
1328782185,2025-01-13,SOFR,0.16164383561643836,2M,100000000.0,0.04312,0.0,0.0,,False,False,False,NEW_TRADE,2025-01-15,2025-03-15,USD-SOFR-1D,execution_timestamp,2025-01-13 12:25:00-05:00,strict,4.311539999999912,-77.34231662761886,1681.3547089734454,0.0,,0.04600000000882787,0.04600000000882643,0.0
1329074949,2025-01-13,FED_FUNDS,0.6657534246575343,8M,600000.0,0.0430012,0.0,0.0,,False,False,False,NEW_TRADE,2025-01-15,2025-09-15,USD-FEDFUNDS-1D,execution_timestamp,2025-01-13 13:26:00-05:00,strict,4.300050000263399,-0.2753734051948413,39.33920591169297,0.0,,0.006999973660182235,0.006999973660195079,0.0
1329667681,2025-01-14,SOFR,2.0,2Y,260000000.0,0.0422739,0.0,0.0,,False,False,False,NEW_TRADE,2025-01-16,2027-01-16,USD-SOFR-1D,execution_timestamp,2025-01-14 02:30:00-05:00,strict,4.225260050567675,-10579.094408132136,49668.28905687794,0.0,,0.2129949432325695,0.2129949432326413,0.0
1334189721,2025-01-16,SOFR,1.0,1Y,220000000.0,0.0421652,0.0,0.0,,False,False,False,NEW_TRADE,2025-01-21,2026-01-21,USD-SOFR-1D,execution_timestamp,2025-01-16 02:08:00-05:00,strict,4.215859967649401,-1410.735545899719,21373.733342328494,0.0,,0.06600323505994155,0.06600323505982464,0.0
1334935492,2025-01-16,SOFR,5.002739726027397,5Y,33000000.0,0.041664,0.0,0.0,,False,False,False,NEW_TRADE,2025-01-21,2030-01-21,USD-SOFR-1D,execution_timestamp,2025-01-16 03:44:00-05:00,strict,4.164849994254738,-2294.665579249151,14804.239185979899,0.0,,0.15500057452619842,0.15500057452613134,0.0
1335069151000000901,2025-12-04,SOFR,2.0,2Y,40000000.0,0.033155,0.0,0.0,,False,False,False,NEW_TRADE,2025-12-08,2027-12-08,USD-SOFR-1D,execution_timestamp,2025-12-04 10:50:00-05:00,strict,3.3152201019481504,-215.7458918550983,7708.016916538064,0.0,,0.027989805184924776,0.02798980518480715,0.0
1335473311,2025-01-16,SOFR,20.013698630136986,20Y,5000000.0,0.0420878,0.0,0.0,,False,False,False,NEW_TRADE,2025-01-21,2045-01-21,USD-SOFR-1D,execution_timestamp,2025-01-16 11:07:00-05:00,strict,4.211339963946958,1724.108972044196,6734.895521057184,0.0,,-0.25599639469584545,-0.2559963946958988,0.0
1337540579,2025-01-17,SOFR,2.0,2Y,52000000.0,0.040965,0.0,0.0,,False,False,False,NEW_TRADE,2025-01-22,2027-01-22,USD-SOFR-1D,execution_timestamp,2025-01-17 04:55:00-05:00,strict,4.097190041503313,683.6814530664124,9907.830902692524,0.0,,-0.069004150331331,-0.06900415033129169,0.0
1340849346000000801,2025-12-05,SOFR,1.0,1Y,100000000.0,0.034977,0.0,0.0,,False,False,False,NEW_TRADE,2025-12-09,2026-12-09,USD-SOFR-1D,execution_timestamp,2025-12-04 22:00:00-05:00,strict,3.4976262845192343,-72.1278564017266,9784.628093368723,0.0,,0.007371548076573475,0.007371548076580385,0.0
1341870294,2025-01-21,SOFR,10.005479452054795,10Y,6000000.0,0.04118,0.0,0.0,,False,False,False,NEW_TRADE,2025-01-23,2035-01-23,USD-SOFR-1D,execution_timestamp,2025-01-21 03:12:00-05:00,strict,4.117999679903273,-0.15668394253589213,4894.893608689699,0.0,,3.200967269023636e-05,3.2009672745029163e-05,0.0
1342806680,2025-01-21,SOFR,4.632876712328767,5Y,5000000.0,0.0406399,0.0,0.0,,False,False,False,NEW_TRADE,2025-01-23,2029-09-10,USD-SOFR-1D,execution_timestamp,2025-01-21 12:16:00-05:00,strict,4.093944296220804,6282.235998459044,2097.2737774075317,0.0,,-2.9954296220804366,-2.9954296220804326,0.0
1344982705,2025-01-22,SOFR,10.005479452054795,10Y,6000000.0,0.0413825,0.0,0.0,,False,False,False,NEW_TRADE,2025-01-24,2035-01-24,USD-SOFR-1D,execution_timestamp,2025-01-22 11:30:00-05:00,strict,4.13798998804965,-127.11363981757313,4888.761445262931,0.0,,0.026001195034996982,0.026001195034939285,0.0
1347807037,2025-01-23,SOFR,5.002739726027397,5Y,350000.0,0.041312,0.0,0.0,,False,False,False,NEW_TRADE,2025-01-27,2030-01-27,USD-SOFR-1D,execution_timestamp,2025-01-23 15:55:00-05:00,strict,4.131839881736621,10.057885855618224,157.1835118896862,0.0,,-0.06398817366211063,-0.06398817366211415,0.0
1353375714,2025-01-28,SOFR,10.005479452054795,10Y,20000000.0,0.041,0.0,0.0,,False,False,False,NEW_TRADE,2025-01-30,2035-01-30,USD-SOFR-1D,execution_timestamp,2025-01-28 03:52:00-05:00,strict,4.102270229129883,3708.2645052541047,16334.318225607502,0.0,,-0.2270229129882395,-0.22702291298822716,0.0
1354879296,2025-01-29,FED_FUNDS,2.7424657534246575,3Y,130000000.0,0.0399245,0.0,0.0,,False,False,False,NEW_TRADE,2025-03-24,2027-12-20,USD-FEDFUNDS-1D,execution_timestamp,2025-01-29 13:34:00-05:00,strict,3.989908706924893,-8484.003476560116,33384.59290532747,0.0,,0.2541293075107198,0.25412930751077845,0.0
1356828337,2025-01-31,SOFR,6.002739726027397,6Y,8000000.0,0.040268,0.0,0.0,,False,False,False,NEW_TRADE,2025-02-04,2031-02-04,USD-SOFR-1D,execution_timestamp,2025-01-31 12:32:00-05:00,strict,4.024969708820861,-775.7646245127544,4238.47655146501,0.0,,0.18302911791385768,0.18302911791375015,0.0
1358016444,2025-02-03,SOFR,0.5808219178082191,7M,250000000.0,0.042599,0.0,0.0,,False,False,False,NEW_TRADE,2025-02-05,2025-09-05,USD-SOFR-1D,execution_timestamp,2025-02-03 02:49:00-05:00,strict,4.260519999999972,889.8206022689119,14351.945198515123,0.0,,-0.06199999999720873,-0.06199999999728081,0.0
1362569039,2025-02-05,SOFR,30.019178082191782,30Y,19000000.0,0.0383429,0.0,0.0,,False,False,False,NEW_TRADE,2025-02-25,2055-02-25,USD-SOFR-1D,execution_timestamp,2025-02-05 14:59:00-05:00,strict,3.8328403657292167,-4824.085884274915,33277.951421970916,0.0,,0.144963427078304,0.14496342707832477,0.0
1364589446,2025-02-06,SOFR,2.0,2Y,500000000.0,0.0395,0.0,0.0,,False,False,False,NEW_TRADE,2025-02-10,2027-02-10,USD-SOFR-1D,execution_timestamp,2025-02-06 11:12:00-05:00,strict,4.055160016100823,1002583.2413514256,95338.82539445447,0.0,,-10.51600161008226,-10.516001610082165,0.0
1367216965,2025-02-07,SOFR,10.005479452054795,10Y,6000000.0,0.040775,0.0,0.0,,False,False,False,NEW_TRADE,2025-02-11,2035-02-11,USD-SOFR-1D,execution_timestamp,2025-02-07 12:04:00-05:00,strict,4.0795907299356395,1024.8128585200757,4901.698880618257,0.0,,-0.20907299356398568,-0.2090729935639814,0.0
1368222489000001201,2025-12-08,SOFR,3.0027397260273974,3Y,21000000.0,0.033523,0.0,0.0,,False,False,False,NEW_TRADE,2025-12-10,2028-12-10,USD-SOFR-1D,execution_timestamp,2025-12-08 04:09:00-05:00,strict,3.352890031520941,352.83565747225657,5979.94590032801,0.0,,-0.0590031520941281,-0.059003152094219274,0.0
1371335489000000101,2025-12-02,SOFR,16.764383561643836,17Y,14000000.0,0.04075,0.0,0.0,,False,False,False,NEW_TRADE,2028-12-29,2045-09-30,USD-SOFR-1D,execution_timestamp,2025-12-02 12:50:00-05:00,strict,4.229595349828444,236342.61384296324,15287.641416384326,0.0,,-15.459534982844403,-15.459717258259747,0.0
1372062659,2025-02-11,SOFR,0.4958904109589041,6M,150000000.0,0.042888,0.0,0.0,,False,False,False,NEW_TRADE,2025-02-13,2025-08-13,USD-SOFR-1D,execution_timestamp,2025-02-11 04:25:00-05:00,strict,4.289939999999845,841.2033542208374,7378.976792413811,0.0,,-0.11399999998449317,-0.11399999998450501,0.0
1372322626,2025-02-11,SOFR,5.002739726027397,5Y,69000000.0,0.041512,0.0,0.0,,False,False,False,NEW_TRADE,2030-02-13,2035-02-13,USD-SOFR-1D,execution_timestamp,2025-02-11 11:08:00-05:00,strict,4.150958241556799,-611.3960538357496,25289.54297278302,0.0,,0.024175844320151185,0.024175844320071072,0.0
1372867224,2025-02-11,SOFR,2.0,2Y,200000000.0,0.041362,0.0,0.0,,False,False,False,NEW_TRADE,2025-02-13,2027-02-13,USD-SOFR-1D,execution_timestamp,2025-02-11 16:32:00-05:00,strict,4.134890063959685,-5009.720231804997,38244.00640659541,0.0,,0.13099360403154847,0.1309936040315337,0.0
1373003818,2025-02-12,SOFR,10.005479452054795,10Y,6000000.0,0.041153,0.0,0.0,,False,False,False,NEW_TRADE,2025-02-14,2035-02-14,USD-SOFR-1D,execution_timestamp,2025-02-11 21:31:00-05:00,strict,,,,,"SnapshotMiss: citivelo_excel minute store (USD-SOFR-1D-CITIVELOEXCELMIN): no snapshot satisfies datetime.datetime(2025, 2, 11, 21, 31, tzinfo=zoneinfo.ZoneInfo(",,,
1374687212,2025-02-12,SOFR,0.4958904109589041,6M,200000000.0,0.043165,0.0,0.0,,False,False,False,NEW_TRADE,2025-02-14,2025-08-14,USD-SOFR-1D,execution_timestamp,2025-02-12 09:41:00-05:00,strict,4.319249999999901,2704.591018497944,9834.876431257875,0.0,,-0.2749999999900332,-0.2749999999900383,0.0
1377011910,2025-02-13,SOFR,30.019178082191782,30Y,24000000.0,0.040752,0.0,0.0,,False,False,False,NEW_TRADE,2025-02-18,2055-02-18,USD-SOFR-1D,execution_timestamp,2025-02-13 06:54:00-05:00,strict,4.074019009294286,-4829.879334131256,40896.84457941788,0.0,,0.1180990705713647,0.1180990705713757,0.0
1377437624,2025-02-13,SOFR,7.005479452054795,7Y,3000000.0,0.04175,0.0,0.0,,False,False,False,NEW_TRADE,2026-02-18,2033-02-18,USD-SOFR-1D,execution_timestamp,2025-02-13 08:14:00-05:00,strict,4.178100982823097,538.0406866178382,1735.0650336093413,0.0,,-0.31009828230974534,-0.31009828230967673,0.0
1377724856,2025-02-14,SOFR,2.0,2Y,120000000.0,0.041658,0.0,0.0,,False,False,False,NEW_TRADE,2025-02-19,2027-02-19,USD-SOFR-1D,execution_timestamp,2025-02-13 20:08:00-05:00,strict,4.165731530855271,-156.3611122313887,22836.726360414847,0.0,,0.006846914472902199,0.0068469144729265945,0.0
1377951201,2025-02-14,SOFR,2.0,2Y,26000000.0,0.0415998,0.0,0.0,,False,False,False,NEW_TRADE,2025-02-19,2027-02-19,USD-SOFR-1D,execution_timestamp,2025-02-14 01:52:00-05:00,strict,4.159220331559741,-375.9569095643237,4948.960489083437,0.0,,0.07596684402590981,0.07596684402585564,0.0
1378047201,2025-02-14,SOFR,1.4958904109589042,18M,42000000.0,0.04183,0.0,0.0,,False,False,False,NEW_TRADE,2025-02-19,2026-08-19,USD-SOFR-1D,execution_timestamp,2025-02-14 02:23:00-05:00,strict,4.182870000000852,-78.81814188463613,6062.934030865731,0.0,,0.012999999914775628,0.0129999999147907,0.0
1378337964000000301,2025-12-09,SOFR,10.005479452054795,10Y,25000000.0,0.0376519,0.0,0.0,,False,False,False,NEW_TRADE,2025-12-11,2035-12-11,USD-SOFR-1D,execution_timestamp,2025-12-09 03:02:00-05:00,strict,3.7656094458369314,877.4029844915494,20918.147403949755,0.0,,-0.04194458369313203,-0.04194458369319448,0.0
1388956479,2025-02-20,SOFR,2.0027397260273974,2Y,25000000.0,0.04108,0.0,0.0,,False,False,False,NEW_TRADE,2028-01-28,2030-01-28,USD-SOFR-1D,execution_timestamp,2025-02-20 12:18:00-05:00,strict,4.04719389098967,-25807.477520782966,4244.224460473004,0.0,,6.080610901033001,6.08061090103298,0.0
1390948945,2025-02-21,SOFR,3.0,3Y,5000000.0,0.0407765,0.0,0.0,,False,False,False,NEW_TRADE,2025-02-25,2028-02-25,USD-SOFR-1D,execution_timestamp,2025-02-21 08:40:00-05:00,strict,4.074199971458813,-483.40239098411985,1401.1547591942706,0.0,,0.34500285411871445,0.345002854118769,0.0
1390973716,2025-02-21,SOFR,9.92876712328767,10Y,5000000.0,0.04085,0.0,0.0,,False,False,False,NEW_TRADE,2025-02-28,2035-01-31,USD-SOFR-1D,execution_timestamp,2025-02-21 10:14:00-05:00,strict,4.0625822547355925,-9108.414864317747,4063.0379000599423,0.0,,2.241774526440743,2.2417745264407625,0.0
1393357707,2025-02-24,SOFR,5.002739726027397,5Y,60000000.0,0.039075,0.0,0.0,,False,False,False,NEW_TRADE,2025-02-26,2030-02-26,USD-SOFR-1D,execution_timestamp,2025-02-24 11:35:00-05:00,strict,3.962519743663526,148821.41463962197,27048.729188877576,0.0,,-5.501974366352647,-5.501974366352755,0.0
1395539885,2025-02-25,SOFR,8.005479452054795,8Y,7000000.0,0.038575,0.0,0.0,,False,False,False,NEW_TRADE,2025-02-27,2033-02-27,USD-SOFR-1D,execution_timestamp,2025-02-25 10:20:00-05:00,strict,3.8626196982484697,2455.7577588453423,4796.684569407094,0.0,,-0.5119698248469806,-0.5119698248469342,0.0
1395591595,2025-02-25,SOFR,8.934246575342465,9Y,10000000.0,0.03919,0.0,0.0,,False,False,False,NEW_TRADE,2025-02-26,2034-01-31,USD-SOFR-1D,execution_timestamp,2025-02-25 11:23:00-05:00,strict,3.881577777679346,-28124.885168949608,7515.557180960437,0.0,,3.742222232065462,3.7422222320654925,0.0
1395783445,2025-02-25,SOFR,3.0027397260273974,3Y,380000000.0,0.038695,0.0,0.0,9.9999999999,False,False,False,NEW_TRADE,2025-03-31,2028-03-31,USD-SOFR-1D,execution_timestamp,2025-02-25 10:58:00-05:00,strict,3.8497274196897595,-210851.08329112828,106638.12207753073,0.0,,1.9772580310240429,1.9772580310241212,0.0
1403428270,2025-03-03,SOFR,10.005479452054795,10Y,5000000.0,0.0381783,0.0,0.0,,False,False,False,NEW_TRADE,2025-03-05,2035-03-05,USD-SOFR-1D,execution_timestamp,2025-03-03 01:24:00-05:00,strict,3.8181502220796104,132.65997928241268,4142.749289627516,0.0,,-0.0320222079610577,-0.03202220796092163,0.0
1405137406,2025-03-03,SOFR,10.005479452054795,10Y,3000000.0,0.03789,0.0,0.0,,False,False,False,NEW_TRADE,2025-03-05,2035-03-05,USD-SOFR-1D,execution_timestamp,2025-03-03 12:15:00-05:00,strict,3.7832100125559576,-1441.2761691675987,2489.2561220503094,0.0,,0.5789987444042577,0.5789987444042006,0.0
1411850370,2025-03-06,SOFR,0.9232876712328767,11M,120000000.0,0.040363,0.0,0.0,,False,False,False,NEW_TRADE,2025-03-10,2026-02-10,USD-SOFR-1D,execution_timestamp,2025-03-06 10:35:00-05:00,strict,4.033579999999987,-2942.282798025757,10817.216169158652,0.0,,0.27200000000133784,0.27200000000135005,0.0
1412224690,2025-03-06,SOFR,2.0,2Y,5000000.0,0.037827,0.0,0.0,,False,False,False,NEW_TRADE,2025-04-07,2027-04-07,USD-SOFR-1D,execution_timestamp,2025-03-06 13:16:00-05:00,strict,3.782857701800347,15.04149760492146,953.7936518088613,0.0,,-0.015770180034690995,-0.01577018003463893,0.0
1412385853,2025-03-06,SOFR,10.005479452054795,10Y,65000000.0,0.038535,0.0,0.0,,False,False,False,NEW_TRADE,2025-03-10,2035-03-10,USD-SOFR-1D,execution_timestamp,2025-03-06 14:21:00-05:00,strict,3.8542505895264987,4039.0204617232084,53811.30856660255,0.0,,-0.07505895264987572,-0.0750589526497779,0.0
1412401030,2025-03-06,SOFR,6.002739726027397,6Y,6000000.0,0.0379995,0.0,0.0,,False,False,False,NEW_TRADE,2025-03-10,2031-03-10,USD-SOFR-1D,execution_timestamp,2025-03-06 15:59:00-05:00,strict,3.7971490077980197,-897.5002492002677,3204.2225914288692,0.0,,0.2800992201980268,0.28009922019807076,0.0
1412586751,2025-03-07,SOFR,5.002739726027397,5Y,700000.0,0.0374175,0.0,0.0,,False,False,False,NEW_TRADE,2025-03-11,2030-03-11,USD-SOFR-1D,execution_timestamp,2025-03-06 23:20:00-05:00,asof2h,3.739200235210848,-80.9773769017338,317.58763493110695,1260.0,,0.25497647891521424,0.25497647891518166,0.0
1414183911,2025-03-07,SOFR,30.019178082191782,30Y,11000000.0,0.03787,0.0,0.0,,False,False,False,NEW_TRADE,2025-03-11,2055-03-11,USD-SOFR-1D,execution_timestamp,2025-03-07 07:56:00-05:00,strict,3.787631372620502,1230.4643527539447,19488.718908562612,0.0,,-0.06313726205022796,-0.06313726205026872,0.0
1416953115,2025-03-10,SOFR,3.0027397260273974,3Y,7000000.0,0.0367771,0.0,0.0,,False,False,False,NEW_TRADE,2025-03-12,2028-03-12,USD-SOFR-1D,execution_timestamp,2025-03-10 16:09:00-04:00,strict,3.678020023954044,61.371877881581895,1979.5850314458266,0.0,,-0.031002395404433614,-0.031002395404433728,0.0
1417257809,2025-03-11,SOFR,4.002739726027397,4Y,5000000.0,0.036173,0.0,0.0,,False,False,False,NEW_TRADE,2025-03-13,2029-03-13,USD-SOFR-1D,execution_timestamp,2025-03-10 22:15:00-04:00,strict,3.617060538242057,-44.36679150152486,1852.771477276768,0.0,,0.023946175794264946,0.023946175794294852,0.0
1418823660,2025-03-11,SOFR,5.002739726027397,5Y,22000000.0,0.03688,0.0,0.0,,False,False,False,NEW_TRADE,2025-03-13,2030-03-13,USD-SOFR-1D,execution_timestamp,2025-03-11 07:47:00-04:00,strict,3.6879999952763587,-0.004722537472844124,9997.66277955404,0.0,,4.723641477966112e-07,4.72364149199157e-07,0.0
1419347701,2025-03-11,SOFR,3.0027397260273974,3Y,180000000.0,0.03625,0.0,0.0,,False,False,False,NEW_TRADE,2025-03-12,2028-03-12,USD-SOFR-1D,execution_timestamp,2025-03-11 14:00:00-04:00,strict,3.6646168408370343,201735.1706995368,50921.56932183831,60.0,,-3.961684083703476,-3.961684083703609,0.0
1419539574,2025-03-11,SOFR,2.0,2Y,130000000.0,0.03775,0.0,0.0,,False,False,False,NEW_TRADE,2025-03-13,2027-03-13,USD-SOFR-1D,execution_timestamp,2025-03-11 16:57:00-04:00,strict,3.776100062181281,2744.2643958628178,24946.44796049068,0.0,,-0.1100062181281114,-0.11000621812809136,0.0
1421185809,2025-03-12,SOFR,5.002739726027397,5Y,11000000.0,0.0378645,0.0,0.0,,False,False,False,NEW_TRADE,2025-03-14,2030-03-14,USD-SOFR-1D,execution_timestamp,2025-03-12 09:15:00-04:00,strict,3.788019727809856,782.5654354540166,4985.357528483113,0.0,,-0.15697278098558698,-0.15697278098570525,0.0
1421343700,2025-03-12,FED_FUNDS,1.0,1Y,37000000.0,0.039952,0.0,0.0,,False,False,False,NEW_TRADE,2025-03-14,2026-03-14,USD-FEDFUNDS-1D,execution_timestamp,2025-03-12 13:05:00-04:00,strict,4.003709999086953,3082.701334738871,3622.4461404054655,0.0,,-0.8509999086953268,-0.8509999086953491,0.0
1421816663,2025-03-12,SOFR,10.005479452054795,10Y,12000000.0,0.038815,0.0,0.0,,False,False,False,NEW_TRADE,2025-03-14,2035-03-14,USD-SOFR-1D,execution_timestamp,2025-03-12 16:34:00-04:00,strict,3.8819895475660045,485.81693604774773,9923.794331429579,0.0,,-0.0489547566004056,-0.04895475660041849,0.0
1422061204,2025-03-13,SOFR,2.852054794520548,3Y,120000000.0,0.0375113,0.0,0.0,,False,False,False,NEW_TRADE,2025-03-17,2028-01-22,USD-SOFR-1D,execution_timestamp,2025-03-13 02:14:00-04:00,strict,3.753873377203791,8726.828001977876,32324.35533363866,0.0,,-0.2743377203791031,-0.2699768614687952,0.0
1434732763,2025-03-21,SOFR,10.005479452054795,10Y,16000000.0,0.0381117,0.0,0.0,,False,False,False,NEW_TRADE,2025-03-25,2035-03-25,USD-SOFR-1D,execution_timestamp,2025-03-20 20:39:00-04:00,strict,3.810710379270206,-609.9786424776539,13271.347503212808,0.0,,0.045962072979355284,0.045962072979400664,0.0
1436242685,2025-03-21,SOFR,10.005479452054795,10Y,6000000.0,0.03775,0.0,0.0,,False,False,False,NEW_TRADE,2025-03-25,2035-03-25,USD-SOFR-1D,execution_timestamp,2025-03-21 08:26:00-04:00,strict,3.773110465509476,-942.3086312357336,4986.988255368311,0.0,,0.18895344905240918,0.1889534490524161,0.0
1440970695,2025-03-25,SOFR,3.506849315068493,4Y,10000000.0,0.036995,0.0,0.0,,False,False,False,NEW_TRADE,2025-03-25,2028-09-25,USD-SOFR-1D,execution_timestamp,2025-03-25 11:03:00-04:00,strict,3.7583479858853304,19241.760603425093,3269.7398753662064,0.0,,-5.884798588533036,-5.884798588532992,0.0
1443087375,2025-03-26,SOFR,0.5506849315068493,7M,1000000000.0,0.04,0.0,0.0,,False,False,False,NEW_TRADE,2025-03-28,2025-10-15,USD-SOFR-1D,execution_timestamp,2025-03-26 08:59:00-04:00,strict,4.209030463745099,1139766.6993681453,54526.3441006393,0.0,,-20.90304637450986,-20.90304637450986,0.0
1443972392000000301,2025-12-15,FED_FUNDS,1.7452054794520548,21M,50000000.0,0.03228,0.0,0.0,,False,False,False,NEW_TRADE,2026-03-23,2027-12-20,USD-FEDFUNDS-1D,execution_timestamp,2025-12-15 12:27:00-05:00,strict,3.229307723139674,1097.5887680603191,8393.127985286392,0.0,,-0.13077231396736444,-0.1307723139673852,0.0
1444108693,2025-03-27,SOFR,30.019178082191782,30Y,2000000.0,0.039309,0.0,0.0,,False,False,False,NEW_TRADE,2025-03-31,2055-03-31,USD-SOFR-1D,execution_timestamp,2025-03-27 03:26:00-04:00,strict,3.9313591088977735,160.19011241896078,3489.1528610281566,0.0,,-0.04591088977736746,-0.04591088977734188,0.0
1447833521,2025-03-28,SOFR,4.002739726027397,4Y,54000000.0,0.0366494,0.0,0.0,,False,False,False,NEW_TRADE,2025-04-01,2029-04-01,USD-SOFR-1D,execution_timestamp,2025-03-28 14:43:00-04:00,strict,3.6661896665014244,2498.3601438160986,19992.215050692525,0.0,,-0.12496665014247732,-0.1249666501426292,0.0
1456304846,2025-04-03,SOFR,0.4191780821917808,5M,28000000.0,0.0415685,0.0,0.0,,False,False,False,NEW_TRADE,2025-04-07,2025-09-07,USD-SOFR-1D,execution_timestamp,2025-04-03 10:09:00-04:00,strict,4.156509999999475,-39.985372903058305,1176.0403776865753,0.0,,0.03400000005253645,0.03400000005247672,0.0
1456312108,2025-04-03,SOFR,10.005479452054795,10Y,32000000.0,0.0356066,0.0,0.0,,False,False,False,NEW_TRADE,2025-04-07,2035-04-07,USD-SOFR-1D,execution_timestamp,2025-04-03 09:24:00-04:00,strict,3.5567200223000612,-10610.482858572155,26930.311962769996,0.0,,0.39399776999391456,0.39399776999392705,0.0
1457503888,2025-04-04,SOFR,10.005479452054795,10Y,100000000.0,0.034415,0.0,0.0,,False,False,False,NEW_TRADE,2025-07-09,2035-07-09,USD-SOFR-1D,execution_timestamp,2025-04-04 09:01:00-04:00,strict,3.4364117077084035,-42697.07535763085,83912.38732126525,0.0,,0.5088292291596463,0.5088292291597151,0.0
1459708192,2025-04-07,SOFR,5.002739726027397,5Y,5000000.0,0.0336081,0.0,0.0,,False,False,False,NEW_TRADE,2025-04-09,2030-04-09,USD-SOFR-1D,execution_timestamp,2025-04-07 09:28:00-04:00,strict,3.3645099932663616,848.6073679563124,2293.5376009233473,0.0,,-0.3699993266361279,-0.36999932663614254,0.0
1460232332,2025-04-07,SOFR,15.01095890410959,15Y,45000000.0,0.03769,0.0,0.0,,False,False,False,NEW_TRADE,2025-04-09,2040-04-09,USD-SOFR-1D,execution_timestamp,2025-04-07 14:52:00-04:00,strict,3.7730907605541946,21181.83592028171,51779.70120632788,0.0,,-0.4090760554194439,-0.40907605541943765,0.0
1461442248,2025-04-08,SOFR,5.002739726027397,5Y,14000000.0,0.034363,0.0,0.0,,False,False,False,NEW_TRADE,2025-04-10,2030-04-10,USD-SOFR-1D,execution_timestamp,2025-04-08 04:17:00-04:00,strict,3.444260009934478,5100.43177594617,6407.569611004777,0.0,,-0.7960009934478318,-0.7960009934478678,0.0
1462630658,2025-04-08,SOFR,10.005479452054795,10Y,1000000.0,0.0369812,0.0,0.0,,False,False,False,NEW_TRADE,2025-04-10,2035-04-10,USD-SOFR-1D,execution_timestamp,2025-04-08 07:43:00-04:00,strict,3.6948292788721284,-275.18450081534684,836.2437597175236,0.0,,0.3290721127871432,0.32907211278718773,0.0
1462976981,2025-04-08,SOFR,10.005479452054795,10Y,60000000.0,0.036425,0.0,0.0,,False,False,False,NEW_TRADE,2025-04-10,2035-04-10,USD-SOFR-1D,execution_timestamp,2025-04-08 12:38:00-04:00,strict,3.6483799676125783,29571.840436134487,50292.522654161934,0.0,,-0.5879967612578252,-0.5879967612578544,0.0
1465972306,2025-04-09,SOFR,10.005479452054795,10Y,6000000.0,0.0383596,0.0,0.0,,False,False,False,NEW_TRADE,2025-04-11,2035-04-11,USD-SOFR-1D,execution_timestamp,2025-04-09 12:51:00-04:00,strict,3.835980283351122,10.130193636519834,4994.339237102832,0.0,,-0.0020283351121808124,-0.002028335112133124,0.0
1466707097,2025-04-10,SOFR,7.005479452054795,7Y,24000000.0,0.037192,0.0,0.0,,False,False,False,NEW_TRADE,2025-04-14,2032-04-14,USD-SOFR-1D,execution_timestamp,2025-04-10 02:41:00-04:00,strict,3.713560011435442,-8321.739517447539,14754.887216865984,0.0,,0.5639988564558163,0.5639988564558558,0.0
1468252098,2025-04-10,SOFR,5.002739726027397,5Y,11000000.0,0.036285,0.0,0.0,,False,False,False,NEW_TRADE,2025-04-14,2030-04-14,USD-SOFR-1D,execution_timestamp,2025-04-10 08:21:00-04:00,strict,3.6350101537062627,3261.9147211206146,5010.503389470474,0.0,,-0.6510153706262845,-0.6510153706263323,0.0
1468255006,2025-04-10,SOFR,2.0,2Y,28000000.0,0.034773,0.0,0.0,,False,False,False,NEW_TRADE,2025-07-14,2027-07-14,USD-SOFR-1D,execution_timestamp,2025-04-10 08:32:00-04:00,strict,3.5016889727277323,12985.306982819457,5324.253353259809,0.0,,-2.438897272773266,-2.438897272773302,0.0
1468256884,2025-04-10,SOFR,30.019178082191782,30Y,17000000.0,0.03878,0.0,0.0,,False,False,False,NEW_TRADE,2025-04-14,2055-04-14,USD-SOFR-1D,execution_timestamp,2025-04-10 08:40:00-04:00,strict,3.891220251826892,39534.69329183921,29904.64463877925,0.0,,-1.3220251826891793,-1.322025182689249,0.0
1468954677,2025-04-11,SOFR,0.038356164383561646,2W,1000000000.0,0.043335,0.0,0.0,,False,False,False,NEW_TRADE,2025-04-15,2025-04-29,USD-SOFR-1D,execution_timestamp,2025-04-10 21:37:00-04:00,strict,4.313618127955214,-7712.427921000402,3879.1256193719205,0.0,,1.9881872044785531,1.9881872044786066,0.0
1471254456,2025-04-11,SOFR,10.005479452054795,10Y,12000000.0,0.039502,0.0,0.0,,False,False,False,NEW_TRADE,2025-04-15,2035-04-15,USD-SOFR-1D,execution_timestamp,2025-04-11 12:21:00-04:00,strict,3.9559402681953277,5691.664343238343,9915.32825569289,0.0,,-0.574026819532758,-0.574026819532724,0.0
1475258612000000301,2025-12-17,FED_FUNDS,3.758904109589041,4Y,15000000.0,0.032965,0.0,0.0,,False,False,False,NEW_TRADE,2026-03-23,2029-12-24,USD-FEDFUNDS-1D,execution_timestamp,2025-12-17 15:37:00-05:00,strict,3.2974904550701014,519.5738425252493,5245.809307354315,60.0,,-0.09904550701014259,-0.09904550701010757,0.0
1478086391,2025-04-16,SOFR,0.2493150684931507,3M,2000000.0,0.042675,0.0,0.0,,False,False,False,NEW_TRADE,2025-04-21,2025-07-21,USD-SOFR-1D,execution_timestamp,2025-04-16 10:40:00-04:00,strict,4.275790000001203,41.428253875114024,49.973768237756595,0.0,,-0.8290000001203168,-0.8290000001203393,0.0
1480018113,2025-04-17,SOFR,5.002739726027397,5Y,10000000.0,0.035497,0.0,0.0,,False,False,False,NEW_TRADE,2025-07-22,2030-07-22,USD-SOFR-1D,execution_timestamp,2025-04-17 05:19:00-04:00,strict,3.554830225659512,2318.4763085001614,4519.248201493329,0.0,,-0.5130225659511822,-0.5130225659511354,0.0
1480600867,2025-04-17,SOFR,30.019178082191782,30Y,4000000.0,0.039148,0.0,0.0,,False,False,False,NEW_TRADE,2025-04-22,2055-04-22,USD-SOFR-1D,execution_timestamp,2025-04-17 13:19:00-04:00,strict,3.911902487929931,-2034.537978503853,7021.67214252747,0.0,,0.28975120700689416,0.2897512070068705,0.0
1482557366,2025-04-21,SOFR,7.005479452054795,7Y,16000000.0,0.03673,0.0,0.0,,False,False,False,NEW_TRADE,2025-04-23,2032-04-23,USD-SOFR-1D,execution_timestamp,2025-04-21 09:44:00-04:00,strict,3.6685893974118158,-4354.860004650895,9873.616852984662,0.0,,0.4410602588184265,0.44106025881837607,0.0
1482798338,2025-04-22,SOFR,30.019178082191782,30Y,5000000.0,0.039828,0.0,0.0,,False,False,False,NEW_TRADE,2025-04-24,2055-04-24,USD-SOFR-1D,execution_timestamp,2025-04-22 01:15:00-04:00,strict,3.9885405341275804,4997.771025485359,8706.108028298897,0.0,,-0.5740534127580244,-0.5740534127580638,0.0
1486598719,2025-04-23,SOFR,5.002739726027397,5Y,70000000.0,0.035895,0.0,0.0,0.0,False,False,False,NEW_TRADE,2025-04-25,2030-04-25,USD-SOFR-1D,execution_timestamp,2025-04-23 11:47:00-04:00,strict,3.586220005700227,-10471.631282113492,31925.760611344846,0.0,,0.32799942997732145,0.32799942997732023,0.0
1487244655,2025-04-24,SOFR,1.0,1Y,3000000.0,0.0389021,0.0,0.0,,False,False,False,NEW_TRADE,2025-04-28,2026-04-28,USD-SOFR-1D,execution_timestamp,2025-04-23 23:42:00-04:00,asof2h,3.885969579065143,-123.9933287853346,292.4080667702383,2580.0,,0.4240420934856992,0.4240420934856193,0.0
1488910750,2025-04-24,SOFR,4.641095890410959,5Y,14000000.0,0.03563,0.0,0.0,,False,False,False,NEW_TRADE,2025-04-28,2029-12-17,USD-SOFR-1D,execution_timestamp,2025-04-24 11:59:00-04:00,strict,3.5699533506222783,4147.970205327496,5965.426498179864,0.0,,-0.6953350622278087,-0.695335062227839,0.0
1491566292,2025-04-25,SOFR,7.005479452054795,7Y,5000000.0,0.036195,0.0,0.0,,False,False,False,NEW_TRADE,2025-04-29,2032-04-29,USD-SOFR-1D,execution_timestamp,2025-04-25 15:01:00-04:00,strict,3.614549869016442,-1528.6270133689977,3088.0536665523446,0.0,,0.4950130983557788,0.49501309835577834,0.0
1493109050,2025-04-28,SOFR,0.16712328767123288,2M,120000000.0,0.0431097,0.0,0.0,,False,False,False,NEW_TRADE,2025-04-30,2025-06-30,USD-SOFR-1D,execution_timestamp,2025-04-28 05:38:00-04:00,strict,4.3128600000002315,381.32942567265127,2017.6160086019895,0.0,,-0.18900000002313178,-0.189000000023233,0.0
1495361982,2025-04-29,SOFR,4.002739726027397,4Y,22000000.0,0.0336669,0.0,0.0,,False,False,False,NEW_TRADE,2025-05-01,2029-05-01,USD-SOFR-1D,execution_timestamp,2025-04-29 11:34:00-04:00,strict,3.3686101860890485,1574.8270049998537,8201.42909055205,0.0,,-0.19201860890483147,-0.19201860890488412,0.0
1498867476,2025-05-01,SOFR,9.756164383561643,10Y,50000000.0,0.03629,0.0,0.0,,False,False,False,NEW_TRADE,2025-07-07,2035-04-07,USD-SOFR-1D,execution_timestamp,2025-05-01 14:42:00-04:00,strict,3.683873485588364,223804.22709326446,40804.33200243018,0.0,,-5.487348558836347,-5.4848153642102355,0.0
1503828738,2025-05-06,SOFR,1.0,1Y,150000000.0,0.039015,0.0,0.0,,False,False,False,NEW_TRADE,2025-05-08,2026-05-08,USD-SOFR-1D,execution_timestamp,2025-05-06 10:08:00-04:00,strict,3.900890036630691,-891.8255792148411,14620.969456320587,0.0,,0.06099633693090745,0.060996336930948754,0.0
1504294591,2025-05-06,SOFR,2.989041095890411,3Y,2000000.0,0.03455,0.0,0.0,,False,False,False,NEW_TRADE,2025-05-06,2028-05-01,USD-SOFR-1D,execution_timestamp,2025-05-06 15:07:00-04:00,strict,3.4727271308450685,1001.1704649942694,564.7673465854323,0.0,,-1.7727130845068828,-1.7727130845069536,0.0
1508932076,2025-05-08,SOFR,12.008219178082191,12Y,52000000.0,0.039135,0.0,0.0,,False,False,False,NEW_TRADE,2025-05-12,2037-05-12,USD-SOFR-1D,execution_timestamp,2025-05-08 15:00:00-04:00,strict,3.9139998804037166,2496.270242549479,49937.34949387984,0.0,,-0.04998804037161797,-0.04998804037157426,0.0
1510713313,2025-05-09,SOFR,0.9616438356164384,12M,4000000.0,0.03988,0.0,0.0,,False,False,False,NEW_TRADE,2025-05-12,2026-04-28,USD-SOFR-1D,execution_timestamp,2025-05-09 09:15:00-04:00,strict,3.986111100879055,-70.87222800546442,375.20388050154645,0.0,,0.18888991209449202,0.18888991209453207,0.0
1512899418,2025-05-12,FED_FUNDS,1.5041095890410958,18M,65000000.0,0.038175,0.0,0.0,,False,False,False,NEW_TRADE,2025-05-14,2026-11-14,USD-FEDFUNDS-1D,execution_timestamp,2025-05-12 07:56:00-04:00,strict,3.814769999999585,-2876.260350153316,9503.759405772053,0.0,,0.27300000004149005,0.3026444828144993,0.0
1515210080,2025-05-13,SOFR,0.14520547945205478,2M,170000000.0,0.042823,0.0,0.0,,False,False,False,NEW_TRADE,2025-07-03,2025-08-25,USD-SOFR-1D,execution_timestamp,2025-05-13 08:22:00-04:00,strict,4.289265674931301,1721.4506585181225,2471.3336115968573,0.0,,-0.696567493130118,-0.6965674931300772,0.0
1515721612,2025-05-13,SOFR,5.002739726027397,5Y,5000000.0,0.03705,0.0,0.0,,False,False,False,NEW_TRADE,2025-05-15,2030-05-15,USD-SOFR-1D,execution_timestamp,2025-05-13 15:20:00-04:00,strict,3.7646100664653357,13516.890739689698,2267.5516974217876,0.0,,-5.961006646533562,-5.961006646533545,0.0
1522042452,2025-05-16,SOFR,30.019178082191782,30Y,3000000.0,0.0404013,0.0,0.0,,False,False,False,NEW_TRADE,2025-05-20,2055-05-20,USD-SOFR-1D,execution_timestamp,2025-05-16 10:48:00-04:00,strict,4.039662956112167,-242.26238382514566,5187.143866691928,0.0,,0.04670438878333627,0.04670438878334931,0.0
1523666568,2025-05-19,SOFR,10.005479452054795,10Y,3000000.0,0.039946,0.0,0.0,,False,False,False,NEW_TRADE,2025-05-21,2035-05-21,USD-SOFR-1D,execution_timestamp,2025-05-19 04:31:00-04:00,strict,3.9980800167095274,861.3432791163214,2475.112480805817,0.0,,-0.3480016709527245,-0.34800167095270584,0.0
1524239534,2025-05-19,SOFR,0.4904109589041096,6M,98000000.0,0.04278,0.0,0.0,,False,False,False,NEW_TRADE,2025-05-19,2025-11-14,USD-SOFR-1D,execution_timestamp,2025-05-19 09:47:00-04:00,strict,4.275983574548061,-961.6707709210459,4769.185838220243,0.0,,0.2016425451938808,0.2016425451938188,0.0
1524242543,2025-05-19,SOFR,1.0684931506849316,~13M,1000000000.0,0.0403,0.0,0.0,,False,False,False,NEW_TRADE,2025-05-21,2026-06-15,USD-SOFR-1D,execution_timestamp,2025-05-19 09:46:00-04:00,strict,4.036234420373718,64849.50956654549,104018.50641951077,0.0,,-0.623442037371813,-0.6234420373717426,0.0
1526378457,2025-05-20,SOFR,20.594520547945205,21Y,2000000.0,0.03969,0.0,0.0,,False,False,False,NEW_TRADE,2025-08-31,2046-03-31,USD-SOFR-1D,execution_timestamp,2025-05-20 10:34:00-04:00,strict,4.159084798073653,52240.64288167888,2747.9978147362417,0.0,,-19.00847980736531,-19.010438291303025,0.0
1532042077,2025-05-23,SOFR,0.08493150684931507,1M,230000000.0,0.042828,0.0,0.0,,False,False,False,NEW_TRADE,2025-07-28,2025-08-28,USD-SOFR-1D,execution_timestamp,2025-05-23 04:12:00-04:00,strict,4.282859713713765,11.683585779974237,1956.6000912493153,0.0,,-0.005971371376478629,-0.005971371376413517,0.0
1532800089,2025-05-23,SOFR,10.005479452054795,10Y,12000000.0,0.0393665,0.0,0.0,,False,False,False,NEW_TRADE,2025-05-28,2035-05-28,USD-SOFR-1D,execution_timestamp,2025-05-23 10:55:00-04:00,strict,3.939930689310599,3258.736149444245,9933.083693465673,0.0,,-0.32806893105994384,-0.3280689310599441,0.0
1536763424,2025-05-27,SOFR,10.005479452054795,10Y,48000000.0,0.03897,0.0,0.0,,False,False,False,NEW_TRADE,2025-05-29,2035-05-29,USD-SOFR-1D,execution_timestamp,2025-05-27 10:29:00-04:00,strict,3.8980300151467104,4098.366308785975,39789.379038516796,0.0,,-0.10300151467106389,-0.10300151467100521,0.0
1539454636,2025-05-29,SOFR,10.005479452054795,10Y,15000000.0,0.03947,0.0,0.0,,False,False,False,NEW_TRADE,2025-06-02,2035-06-02,USD-SOFR-1D,execution_timestamp,2025-05-28 22:35:00-04:00,strict,3.943644837381789,-4162.194600237533,12405.343865145105,0.0,,0.335516261821045,0.33551626182099775,0.0
1541249468,2025-05-29,SOFR,2.0,2Y,130000000.0,0.0372414,0.0,0.0,,False,False,False,NEW_TRADE,2025-06-02,2027-06-02,USD-SOFR-1D,execution_timestamp,2025-05-29 13:23:00-04:00,strict,3.722579991472561,-3881.812810331583,24883.279431197698,0.0,,0.1560008527439205,0.1560008527438998,0.0
1548947723,2025-06-04,SOFR,7.005479452054795,7Y,120000000.0,0.0372614,0.0,0.0,,False,False,False,NEW_TRADE,2025-06-06,2032-06-06,USD-SOFR-1D,execution_timestamp,2025-06-04 10:01:00-04:00,strict,3.7280100133178173,13802.176093321294,73807.90265939619,0.0,,-0.18700133178173317,-0.18700133178170175,0.0
1551131498,2025-06-05,SOFR,5.002739726027397,5Y,55000000.0,0.035715,0.0,0.0,,False,False,False,NEW_TRADE,2025-06-09,2030-06-09,USD-SOFR-1D,execution_timestamp,2025-06-05 08:01:00-04:00,strict,3.5731201961857613,4063.5633044410497,25080.686772078727,0.0,,-0.1620196185761813,-0.16201961857618843,0.0
1551530764,2025-06-05,SOFR,20.013698630136986,20Y,8000000.0,0.04086,0.0,0.0,,False,False,False,NEW_TRADE,2025-06-09,2045-06-09,USD-SOFR-1D,execution_timestamp,2025-06-05 13:04:00-04:00,strict,4.082039835102387,-4356.530218194239,11000.880849227271,0.0,,0.3960164897613083,0.396016489761386,0.0
1552188317000000101,2025-12-26,SOFR,10.005479452054795,10Y,10000000.0,0.037693,0.0,0.0,,False,False,False,NEW_TRADE,2025-12-30,2035-12-30,USD-SOFR-1D,execution_timestamp,2025-12-25 19:23:00-05:00,strict,3.7688072884986905,-412.28718919912353,8367.720016757426,0.0,,0.04927115013093619,0.049271150130915695,0.0
1558998087000000101,2025-12-26,SOFR,2.0,2Y,150000000.0,0.033229,0.0,0.0,,False,False,False,NEW_TRADE,2025-12-30,2027-12-30,USD-SOFR-1D,execution_timestamp,2025-12-26 11:38:00-05:00,strict,3.3246103071552917,4943.35830514133,28903.33639690371,0.0,,-0.1710307155291524,-0.17103071552912108,0.0
1559687362,2025-06-11,SOFR,5.002739726027397,5Y,20000000.0,0.0374526,0.0,0.0,,False,False,False,NEW_TRADE,2025-06-13,2030-06-13,USD-SOFR-1D,execution_timestamp,2025-06-11 07:27:00-04:00,strict,3.7464399078607045,1070.6612324891612,9074.108819392137,0.0,,-0.11799078607044322,-0.11799078607048086,0.0
1564489583,2025-06-13,SOFR,0.4684931506849315,6M,98000000.0,0.0425375,0.0,0.0,,False,False,False,NEW_TRADE,2025-06-13,2025-12-01,USD-SOFR-1D,execution_timestamp,2025-06-13 10:51:00-04:00,strict,4.250646343610451,-1415.8432089630514,4561.855538295658,0.0,,0.31036563895492364,0.31036563895489344,0.0
1569541039,2025-06-18,SOFR,5.002739726027397,5Y,53000000.0,0.036395,0.0,0.0,,False,False,False,NEW_TRADE,2025-06-23,2030-06-23,USD-SOFR-1D,execution_timestamp,2025-06-17 21:54:00-04:00,strict,3.6395198829003035,47.94319982454181,24112.779871546707,0.0,,-0.001988290030396911,-0.001988290030429681,0.0
1571021128000000501,2025-12-29,SOFR,5.002739726027397,5Y,110000000.0,0.03423,0.0,0.0,,False,False,False,NEW_TRADE,2025-12-31,2030-12-31,USD-SOFR-1D,execution_timestamp,2025-12-29 11:22:00-05:00,strict,3.421200094826239,-9084.69771271944,50473.20183950233,0.0,,0.17999051737604965,0.17999051737608204,0.0
1572858232000000501,2025-12-29,SOFR,5.002739726027397,5Y,84000000.0,0.034915,0.0,0.0,,False,False,False,NEW_TRADE,2026-02-11,2031-02-11,USD-SOFR-1D,execution_timestamp,2025-12-29 14:50:00-05:00,strict,3.4169304740641713,-286326.81014111824,38397.295215141596,0.0,,7.4569525935828995,7.456952593582896,0.0
1572950860000000101,2025-12-29,SOFR,30.019178082191782,30Y,4000000.0,0.0412185,0.0,0.0,,False,False,False,NEW_TRADE,2025-12-31,2055-12-31,USD-SOFR-1D,execution_timestamp,2025-12-29 15:12:00-05:00,strict,4.121199559279023,-450.2758419341408,6922.6268806962635,0.0,,0.06504407209773078,0.0650440720977949,0.0
1577412913,2025-06-23,SOFR,2.0,2Y,26000000.0,0.0362853,0.0,0.0,,False,False,False,NEW_TRADE,2025-06-25,2027-06-25,USD-SOFR-1D,execution_timestamp,2025-06-23 10:06:00-04:00,strict,3.6266199611754217,-951.9133339680266,4983.738140392114,0.0,,0.19100388245782973,0.19100388245782338,0.0
1579624495,2025-06-24,SOFR,10.005479452054795,10Y,20000000.0,0.037855,0.0,0.0,,False,False,False,NEW_TRADE,2025-06-26,2035-06-26,USD-SOFR-1D,execution_timestamp,2025-06-24 10:09:00-04:00,strict,3.7870404785402036,2569.7758421115577,16681.67244816484,0.0,,-0.15404785402037824,-0.15404785402043186,0.0
1580195398,2025-06-25,SOFR,15.01095890410959,15Y,13000000.0,0.039307,0.0,0.0,,False,False,False,NEW_TRADE,2025-06-27,2040-06-27,USD-SOFR-1D,execution_timestamp,2025-06-24 21:31:00-04:00,strict,3.931084730964381,570.9328021332622,14839.793387922504,0.0,,-0.03847309643805197,-0.03847309643798146,0.0
1582404305,2025-06-25,SOFR,4.0,4Y,20000000.0,0.0346,0.0,0.0,,False,False,False,NEW_TRADE,2025-09-22,2029-09-21,USD-SOFR-1D,execution_timestamp,2025-06-25 15:02:00-04:00,strict,3.409038670483481,-37565.69790753443,7371.412454095616,0.0,,5.096132951651899,5.096132951651976,0.0
1584749555000000701,2025-12-30,SOFR,0.08493150684931507,1M,950000000.0,0.036847,0.0,0.0,,False,False,False,NEW_TRADE,2026-01-02,2026-02-02,USD-SOFR-1D,execution_timestamp,2025-12-30 11:01:00-05:00,strict,3.687570000000134,2339.1964303497225,8150.510209895805,0.0,,-0.2870000000134265,-0.2870000000134503,0.0
1584848637000000201,2025-12-30,SOFR,10.005479452054795,10Y,75000000.0,0.03752,0.0,0.0,,False,False,False,NEW_TRADE,2026-01-02,2036-01-02,USD-SOFR-1D,execution_timestamp,2025-12-30 11:47:00-05:00,strict,3.7526400014570203,4023.3142757713795,62864.14244275609,0.0,,-0.06400014570204782,-0.06400014570205897,0.0
1586953721,2025-06-27,SOFR,10.005479452054795,10Y,120000000.0,0.037415,0.0,0.0,,False,False,False,NEW_TRADE,2025-07-01,2035-07-01,USD-SOFR-1D,execution_timestamp,2025-06-27 14:38:00-04:00,strict,3.741779829170332,2808.608086965978,100368.66719895542,0.0,,-0.027982917033231303,-0.02798291703324729,0.0
1589808279,2025-07-01,SOFR,3.0027397260273974,3Y,7000000.0,0.03384,0.0,0.0,9.9999999999,False,False,False,NEW_TRADE,2025-07-03,2028-07-03,USD-SOFR-1D,execution_timestamp,2025-07-01 03:12:00-04:00,strict,3.3858999899799387,377.6344358760398,1987.5601443343503,0.0,,-0.18999899799383435,-0.18999899799385067,0.0
1591074631,2025-07-01,SOFR,6.6219178082191785,7Y,200000000.0,0.035555,0.0,0.0,,False,False,False,NEW_TRADE,2025-07-25,2032-03-07,USD-SOFR-1D,execution_timestamp,2025-07-01 16:52:00-04:00,strict,3.5385736992349983,-198970.32601300627,117598.97555740995,0.0,,1.6926300765002011,1.6919392798270774,0.0
1592743444,2025-07-02,SOFR,1.7506849315068493,21M,18000000.0,0.035615,0.0,0.0,,False,False,False,NEW_TRADE,2025-07-07,2027-04-07,USD-SOFR-1D,execution_timestamp,2025-07-02 08:57:00-04:00,strict,3.562169999987436,203.83841773867607,3042.3645009133334,0.0,,-0.06699999874357765,-0.06699999874357025,0.0
1592760065,2025-07-02,SOFR,12.008219178082191,12Y,8000000.0,0.038495,0.0,0.0,,False,False,False,NEW_TRADE,2025-07-07,2037-07-07,USD-SOFR-1D,execution_timestamp,2025-07-02 09:37:00-04:00,strict,3.8498999834769734,309.00654290337116,7725.4826934753455,0.0,,-0.03999834769734534,-0.03999834769733502,0.0
1603576925,2025-07-09,SOFR,30.019178082191782,30Y,12000000.0,0.040397,0.0,0.0,,False,False,False,NEW_TRADE,2025-07-11,2055-07-11,USD-SOFR-1D,execution_timestamp,2025-07-09 11:40:00-04:00,strict,4.040778772520179,2247.14625941962,20830.584922994112,0.0,,-0.10787725201790721,-0.10787725201797278,0.0
1607929573,2025-07-11,SOFR,0.536986301369863,6M,150000000.0,0.041945,0.0,0.0,,False,False,False,NEW_TRADE,2025-07-11,2026-01-23,USD-SOFR-1D,execution_timestamp,2025-07-11 11:18:00-04:00,strict,4.1921626384830715,-1865.4585978789255,7981.044371476134,0.0,,0.2337361516929093,0.2337361516928767,0.0
1614826514,2025-07-16,SOFR,10.005479452054795,10Y,12000000.0,0.039172,0.0,0.0,,False,False,False,NEW_TRADE,2025-07-18,2035-07-18,USD-SOFR-1D,execution_timestamp,2025-07-16 12:01:00-04:00,strict,3.9137500587310177,-3434.0865349834785,9954.043466939425,0.0,,0.3449941268982126,0.344994126898198,0.0
1621299101,2025-07-21,FED_FUNDS,0.5041095890410959,6M,200000000.0,0.0415301,0.0,0.0,,False,False,False,NEW_TRADE,2025-07-23,2026-01-23,USD-FEDFUNDS-1D,execution_timestamp,2025-07-21 08:10:00-04:00,strict,4.154350000000202,1340.4134422801435,10003.085388646748,0.0,,-0.13400000002015133,-0.1340000000201417,0.0
1623599130,2025-07-22,SOFR,5.002739726027397,5Y,65000000.0,0.035155,0.0,0.0,,False,False,False,NEW_TRADE,2025-07-24,2030-07-24,USD-SOFR-1D,execution_timestamp,2025-07-22 10:02:00-04:00,strict,3.5153999865453143,-296.8847851436585,29684.484560239143,0.0,,0.010001345468557687,0.010001345468579252,0.0
1625875315,2025-07-23,SOFR,10.005479452054795,10Y,40000000.0,0.038275,0.0,0.0,,False,False,False,NEW_TRADE,2025-07-25,2035-07-25,USD-SOFR-1D,execution_timestamp,2025-07-23 07:59:00-04:00,strict,3.8287503535555683,4167.441604103893,33330.10559729987,0.0,,-0.12503535555676848,-0.1250353555567944,0.0
1628924155,2025-07-25,SOFR,5.002739726027397,5Y,13000000.0,0.0359277,0.0,0.0,,False,False,False,NEW_TRADE,2025-07-29,2030-07-29,USD-SOFR-1D,execution_timestamp,2025-07-24 22:06:00-04:00,strict,3.592572552918255,-116.91540398821235,5921.353861240426,0.0,,0.01974470817449614,0.01974470817451205,0.0
1638311436,2025-07-30,SOFR,4.002739726027397,4Y,300000000.0,0.03488,0.0,0.0,,False,False,False,NEW_TRADE,2025-07-30,2029-07-30,USD-SOFR-1D,execution_timestamp,2025-07-30 09:34:00-04:00,strict,3.551818051741634,710317.5833246186,111303.55188533709,0.0,,-6.381805174163402,-6.38180517416349,0.0
1640873226,2025-07-31,SOFR,10.005479452054795,10Y,18000000.0,0.037928,0.0,0.0,,False,False,False,NEW_TRADE,2025-08-12,2035-08-12,USD-SOFR-1D,execution_timestamp,2025-07-31 11:17:00-04:00,strict,3.795677332897106,4312.247282343917,14986.959926259522,0.0,,-0.2877332897105678,-0.28773328971062223,0.0
1640914323,2025-07-31,SOFR,2.7534246575342465,3Y,5000000.0,0.035919,0.0,0.0,,False,False,False,NEW_TRADE,2025-07-31,2028-05-01,USD-SOFR-1D,execution_timestamp,2025-07-31 11:55:00-04:00,strict,3.5898098118050337,-272.5866258223541,1304.1247983257376,0.0,,0.20901881949662027,0.20901881949665127,0.0
1650323649,2025-08-06,SOFR,30.019178082191782,30Y,6000000.0,0.0399312,0.0,0.0,,False,False,False,NEW_TRADE,2025-08-08,2055-08-08,USD-SOFR-1D,execution_timestamp,2025-08-06 11:40:00-04:00,strict,4.0225109688383585,30748.783769370057,10461.983726524724,0.0,,-2.9390968838358233,-2.939096883835837,0.0
1652514481,2025-08-07,SOFR,4.161643835616438,4Y,71000000.0,0.0334803,0.0,0.0,0.0,False,False,False,NEW_TRADE,2025-10-03,2029-11-30,USD-SOFR-1D,execution_timestamp,2025-08-07 09:00:00-04:00,strict,3.360577231100155,34256.424306677654,27301.979244052687,0.0,,-1.2547231100155543,-1.2547231100155454,0.0
1652593339,2025-08-07,SOFR,2.0,2Y,26000000.0,0.0347188,0.0,0.0,,False,False,False,NEW_TRADE,2025-08-11,2027-08-11,USD-SOFR-1D,execution_timestamp,2025-08-07 10:31:00-04:00,strict,3.4753799731830055,1748.144440030679,4994.736669752234,0.0,,-0.34999731830054337,-0.3499973183005455,0.0
1660193641,2025-08-13,SOFR,5.002739726027397,5Y,5000000.0,0.034548,0.0,0.0,,False,False,False,NEW_TRADE,2025-08-15,2030-08-15,USD-SOFR-1D,execution_timestamp,2025-08-13 01:49:00-04:00,strict,3.4542602497068704,-123.50844593287911,2288.2515767932778,0.0,,0.05397502931296927,0.0539750293129753,0.0
1662344403,2025-08-13,SOFR,10.005479452054795,10Y,47000000.0,0.03703,0.0,0.0,,False,False,False,NEW_TRADE,2025-08-15,2035-08-15,USD-SOFR-1D,execution_timestamp,2025-08-13 15:16:00-04:00,strict,3.7138405704303046,42722.5148885306,39409.84025075015,0.0,,-1.084057043030473,-1.0840570430304495,0.0
1664148316,2025-08-14,SOFR,1.0,1Y,120000000.0,0.037578,0.0,0.0,,False,False,False,NEW_TRADE,2025-08-18,2026-08-18,USD-SOFR-1D,execution_timestamp,2025-08-14 05:49:00-04:00,strict,3.756249669574321,-1815.8444920945913,11712.628882319135,0.0,,0.15503304256792028,0.15503304256789946,0.0
1664322530,2025-08-14,SOFR,10.005479452054795,10Y,40000000.0,0.037265,0.0,0.0,,False,False,False,NEW_TRADE,2025-08-18,2035-08-18,USD-SOFR-1D,execution_timestamp,2025-08-14 08:32:00-04:00,strict,3.720060611499975,-21590.696467114612,33529.109894563866,0.0,,0.6439388500025345,0.6439388500025511,0.0
1664353771,2025-08-14,SOFR,10.005479452054795,10Y,7000000.0,0.037415,0.0,0.0,,False,False,False,NEW_TRADE,2025-08-18,2035-08-18,USD-SOFR-1D,execution_timestamp,2025-08-14 09:56:00-04:00,strict,3.7430404884729587,902.9205576675013,5861.261369476258,0.0,,-0.15404884729588453,-0.15404884729584806,0.0
1669810565,2025-08-18,SOFR,12.008219178082191,12Y,170000000.0,0.039175,0.0,0.0,,False,True,False,NEW_TRADE,2025-08-20,2037-08-20,USD-SOFR-1D,execution_timestamp,2025-08-18 14:58:00-04:00,strict,3.917589652814625,1469.236092440784,163880.64318915395,0.0,,-0.008965281462502972,-0.008965281462466348,0.0
1672476136000000301,2026-01-09,SOFR,15.01095890410959,15Y,9000000.0,0.0405909,0.0,0.0,,False,False,False,NEW_TRADE,2026-01-13,2041-01-13,USD-SOFR-1D,execution_timestamp,2026-01-09 01:44:00-05:00,strict,4.058353868686676,-753.0153446956538,10229.361678618194,0.0,,0.07361313133245062,0.07361313133248924,0.0
1674878650,2025-08-20,SOFR,5.32054794520548,5Y,4000000.0,0.03446,0.0,0.0,,False,False,False,NEW_TRADE,2025-08-22,2030-12-16,USD-SOFR-1D,execution_timestamp,2025-08-20 12:17:00-04:00,strict,3.4510688397164575,982.8771585226059,1939.0574835718558,0.0,,-0.5068839716457774,-0.5068839716458996,0.0
1674980748,2025-08-20,SOFR,20.013698630136986,20Y,1000000.0,0.0409961,0.0,0.0,,False,False,False,NEW_TRADE,2025-08-22,2045-08-22,USD-SOFR-1D,execution_timestamp,2025-08-20 12:46:00-04:00,strict,4.097310225223492,-317.697071907809,1381.4268908113816,0.0,,0.22997747765085563,0.22997747765081475,0.0
1685425072,2025-08-27,SOFR,30.019178082191782,30Y,7000000.0,0.04089,0.0,0.0,,False,False,False,NEW_TRADE,2025-08-29,2055-08-29,USD-SOFR-1D,execution_timestamp,2025-08-26 20:17:00-04:00,strict,4.088306229248225,-842.7670780159533,12147.63055171542,0.0,,0.06937707517753466,0.06937707517759029,0.0
1687003317,2025-08-27,SOFR,2.0,2Y,52000000.0,0.034165,0.0,0.0,9.9999999999,False,False,False,NEW_TRADE,2025-09-02,2027-09-02,USD-SOFR-1D,execution_timestamp,2025-08-27 05:16:00-04:00,strict,3.4169264008354365,426.1321246656589,9993.698165007994,0.0,,-0.04264008354364357,-0.04264008354361962,0.0
1696731492000000901,2026-01-12,SOFR,30.019178082191782,30Y,18000000.0,0.041645,0.0,0.0,,False,False,False,NEW_TRADE,2026-01-14,2056-01-14,USD-SOFR-1D,execution_timestamp,2026-01-12 09:16:00-05:00,strict,4.166511703332162,6227.331950163469,30955.51839380499,0.0,,-0.20117033321618294,-0.2011703332162488,0.0
1699137842,2025-09-02,SOFR,10.005479452054795,10Y,28000000.0,0.03753,0.0,0.0,,False,False,False,NEW_TRADE,2025-09-04,2035-09-04,USD-SOFR-1D,execution_timestamp,2025-09-02 08:18:00-04:00,strict,3.7523403654144802,-1547.9353760387748,23466.558758730174,0.0,,0.06596345855198749,0.0659634585519661,0.0
1699173985,2025-09-02,SOFR,5.002739726027397,5Y,65000000.0,0.03383,0.0,0.0,,False,False,False,NEW_TRADE,2025-09-04,2030-09-04,USD-SOFR-1D,execution_timestamp,2025-09-02 09:29:00-04:00,strict,3.385200147760395,6557.055097438395,29802.794228058618,0.0,,-0.22001477603947883,-0.22001477603952602,0.0
1705610869,2025-09-04,SOFR,3.0027397260273974,3Y,11000000.0,0.032575,0.0,0.0,,False,False,False,NEW_TRADE,2025-09-08,2028-09-08,USD-SOFR-1D,execution_timestamp,2025-09-04 15:36:00-04:00,strict,3.2572800224398843,-68.86288808111567,3130.450580733628,0.0,,0.021997756011549185,0.021997756011525184,0.0
1705614687,2025-09-04,SOFR,3.0027397260273974,3Y,120000000.0,0.03221,0.0,0.0,,False,False,False,NEW_TRADE,2025-10-08,2028-10-08,USD-SOFR-1D,execution_timestamp,2025-09-04 15:59:00-04:00,strict,3.2236936246362173,9190.624714395031,34119.916304677885,0.0,,-0.2693624636217251,-0.26936246362172306,0.0
1708237765,2025-09-05,SOFR,10.005479452054795,10Y,10000000.0,0.0355774,0.0,0.0,,False,False,False,NEW_TRADE,2025-09-09,2035-09-09,USD-SOFR-1D,execution_timestamp,2025-09-05 15:49:00-04:00,strict,3.5605300854219064,2359.51241624821,8456.77482747433,0.0,,-0.27900854219060633,-0.27900854219065135,0.0
1710388842,2025-09-08,SOFR,6.810958904109589,7Y,4000000.0,0.0333414,0.0,0.0,,False,False,False,NEW_TRADE,2025-09-10,2032-07-01,USD-SOFR-1D,execution_timestamp,2025-09-08 07:09:00-04:00,strict,3.3364715195164796,568.0187814400997,2436.2600331035733,0.0,,-0.23315195164794744,-0.233151951647992,0.0
1714096334000000101,2026-01-13,SOFR,0.08493150684931507,1M,3000000000.0,0.0367711,0.0,0.0,,False,False,False,NEW_TRADE,2026-01-15,2026-02-15,USD-SOFR-1D,execution_timestamp,2026-01-13 14:22:00-05:00,strict,3.682540000000032,14876.11976040341,27396.16898769377,0.0,,-0.543000000003202,-0.5430000000031279,0.0
1726334997000000201,2026-01-14,SOFR,3.0027397260273974,3Y,9000000.0,0.033672,0.0,0.0,,False,False,False,NEW_TRADE,2026-01-16,2029-01-16,USD-SOFR-1D,execution_timestamp,2026-01-14 08:11:00-05:00,strict,3.369799907756747,665.8460714175599,2561.0372894555394,0.0,,-0.2599907756747122,-0.25999077567477147,0.0
1726987114000000101,2026-01-14,SOFR,3.010958904109589,3Y,24000000.0,0.033726,0.0,0.0,,False,False,False,NEW_TRADE,2026-01-15,2029-01-18,USD-SOFR-1D,execution_timestamp,2026-01-14 07:13:00-05:00,strict,3.3639124273813326,-5950.082598801237,6848.958690734857,0.0,,0.8687572618667261,0.8687572618667415,0.0
1728140176000000401,2026-01-14,SOFR,8.005479452054795,8Y,10000000.0,0.0366844,0.0,0.0,,False,False,False,NEW_TRADE,2026-01-16,2034-01-16,USD-SOFR-1D,execution_timestamp,2026-01-14 11:31:00-05:00,strict,3.668660214915013,153.01884212484583,6948.613908205741,0.0,,-0.022021491501300616,-0.022021491501224896,0.0
1730897971,2025-09-18,SOFR,12.008219178082191,12Y,8000000.0,0.037115,0.0,0.0,,False,False,False,NEW_TRADE,2025-09-22,2037-09-22,USD-SOFR-1D,execution_timestamp,2025-09-18 10:40:00-04:00,strict,3.7108101933535886,-538.1097604241222,7800.878162359107,0.0,,0.06898066464113839,0.06898066464114463,0.0
1731357468,2025-09-18,SOFR,1.4958904109589042,18M,270000000.0,0.034138,0.0,0.0,,False,False,False,NEW_TRADE,2025-09-22,2027-03-22,USD-SOFR-1D,execution_timestamp,2025-09-18 14:23:00-04:00,strict,3.4123399999983857,-5738.958281803876,39307.93339355471,0.0,,0.14600000016145032,0.14600000016141496,0.0
1731719395,2025-09-19,SOFR,0.4958904109589041,6M,100000000.0,0.0384774,0.0,0.0,,False,False,False,NEW_TRADE,2025-09-23,2026-03-23,USD-SOFR-1D,execution_timestamp,2025-09-19 02:23:00-04:00,strict,3.8490999999989173,670.3550317268819,4929.081119566409,0.0,,-0.13599999989168943,-0.135999999891633,0.0
1731769729000000101,2026-01-15,SOFR,15.01095890410959,15Y,210000000.0,0.0403375,0.0,0.0,,False,False,False,NEW_TRADE,2026-01-20,2041-01-20,USD-SOFR-1D,execution_timestamp,2026-01-14 19:02:00-05:00,strict,4.033818270709136,1631.6227504462004,238993.08664841295,0.0,,-0.00682707091366197,-0.006827070913756221,0.0
1736565099,2025-09-22,SOFR,5.002739726027397,5Y,500000000.0,0.033023,0.0,0.0,,False,False,False,NEW_TRADE,2025-12-01,2030-12-01,USD-SOFR-1D,execution_timestamp,2025-09-22 14:12:00-04:00,strict,3.3085572542336497,142898.55981455743,228372.62875799363,0.0,,-0.6257254233649867,-0.6257254233649294,0.0
1738517910,2025-09-23,SOFR,2.0,2Y,160000000.0,0.033543,0.0,0.0,,False,False,False,NEW_TRADE,2025-09-25,2027-09-25,USD-SOFR-1D,execution_timestamp,2025-09-23 07:22:00-04:00,strict,3.3565495970670796,6947.777964742854,30884.544020878915,0.0,,-0.22495970670792786,-0.22495970670785814,0.0
1741466165,2025-09-24,SOFR,4.750684931506849,5Y,18000000.0,0.033375,0.0,0.0,,False,False,False,NEW_TRADE,2025-09-26,2030-06-26,USD-SOFR-1D,execution_timestamp,2025-09-24 15:42:00-04:00,strict,3.3383216189099905,647.8174505685456,7884.646308545745,0.0,,-0.08216189099901072,-0.08216189099901805,0.0
1746157331,2025-09-26,SOFR,30.019178082191782,30Y,14000000.0,0.0393418,0.0,0.0,,False,False,False,NEW_TRADE,2025-09-30,2055-09-30,USD-SOFR-1D,execution_timestamp,2025-09-26 07:49:00-04:00,strict,3.934499311904162,787.7899333946407,24671.48650356499,0.0,,-0.03193119041613457,-0.0319311904161432,0.0
1748820518,2025-09-29,SOFR,10.005479452054795,10Y,14000000.0,0.036517,0.0,0.0,,False,False,False,NEW_TRADE,2025-10-01,2035-10-01,USD-SOFR-1D,execution_timestamp,2025-09-29 11:11:00-04:00,strict,3.6503904101654125,-1540.8229612316936,11765.691215189972,0.0,,0.1309589834587399,0.13095898345882392,0.0
1748890625,2025-09-29,SOFR,30.019178082191782,30Y,11000000.0,0.0390899,0.0,0.0,,False,False,False,NEW_TRADE,2025-10-01,2055-10-01,USD-SOFR-1D,execution_timestamp,2025-09-29 12:00:00-04:00,strict,3.9080002978197705,-1924.5084463041276,19445.328956010835,0.0,,0.09897021802292016,0.09897021802293728,0.0
1749106024,2025-09-29,SOFR,25.016438356164382,25Y,19000000.0,0.03946,0.0,0.0,,False,False,False,NEW_TRADE,2025-10-01,2050-10-01,USD-SOFR-1D,execution_timestamp,2025-09-29 12:42:00-04:00,strict,3.9449511989683343,-3188.4739501029253,30401.132853956402,0.0,,0.10488010316658247,0.10488010316654951,0.0
1754718507,2025-10-03,SOFR,1.7315068493150685,21M,300000000.0,0.03233066,0.0,0.0,,False,False,False,NEW_TRADE,2026-01-06,2027-09-30,USD-SOFR-1D,execution_timestamp,2025-10-03 03:44:00-04:00,strict,3.231313184293073,-8751.29574893415,49927.07284828386,0.0,,0.1752815706926647,0.17528157069266193,0.0
1755172099,2025-10-03,SOFR,0.23835616438356164,3M,10000000.0,0.0395691,0.0,0.0,,False,False,False,NEW_TRADE,2025-10-07,2026-01-02,USD-SOFR-1D,execution_timestamp,2025-10-03 14:16:00-04:00,strict,3.9563173919073567,-14.173284862466971,239.16792629752226,0.0,,0.059260809264349845,0.05926080926434744,0.0
1756768262,2025-10-07,SOFR,0.4136986301369863,5M,120000000.0,0.038435,0.0,0.0,,False,False,False,NEW_TRADE,2025-10-09,2026-03-09,USD-SOFR-1D,execution_timestamp,2025-10-07 09:02:00-04:00,strict,3.8452100000001233,846.6765094853472,4951.324616515772,0.0,,-0.1710000000123557,-0.17100000001235027,0.0
1756793981,2025-10-07,SOFR,5.002739726027397,5Y,82000000.0,0.033765,0.0,0.0,,False,False,False,NEW_TRADE,2025-10-15,2030-10-15,USD-SOFR-1D,execution_timestamp,2025-10-07 10:43:00-04:00,strict,3.3759675446746753,-2002.2896518986672,37604.83850313177,0.0,,0.053245532532519846,0.05324553253252011,0.0
1757684859,2025-10-08,SOFR,10.005479452054795,10Y,5000000.0,0.0363765,0.0,0.0,,False,False,False,NEW_TRADE,2025-10-10,2035-10-10,USD-SOFR-1D,execution_timestamp,2025-10-08 04:51:00-04:00,strict,3.6371998319563117,-189.41902649914846,4207.740401718758,0.0,,0.04501680436881372,0.045016804368866355,0.0
1757691196,2025-10-08,SOFR,15.01095890410959,15Y,6000000.0,0.0386315,0.0,0.0,,False,False,False,NEW_TRADE,2025-10-10,2040-10-10,USD-SOFR-1D,execution_timestamp,2025-10-08 05:08:00-04:00,strict,3.8631399910717774,-6.9082704316824675,6902.108075735506,0.0,,0.0010008928222671187,0.0010008928222912975,0.0
1757699052,2025-10-08,SOFR,7.005479452054795,7Y,13000000.0,0.0346759,0.0,0.0,,False,False,False,NEW_TRADE,2025-10-10,2032-10-10,USD-SOFR-1D,execution_timestamp,2025-10-08 05:24:00-04:00,strict,3.466779694791957,-655.0671767354943,8084.202967382247,0.0,,0.08103052080432604,0.08103052080440432,0.0
1758969322000000201,2026-01-16,SOFR,10.005479452054795,10Y,14000000.0,0.0383939,0.0,0.0,,False,False,False,NEW_TRADE,2026-01-21,2036-01-21,USD-SOFR-1D,execution_timestamp,2026-01-16 09:49:00-05:00,strict,3.8417795364550886,2788.817313093692,11670.955289909292,0.0,,-0.23895364550883258,-0.23895364550877027,0.0
1760245596,2025-10-09,SOFR,2.9095890410958902,3Y,200000000.0,0.0338,0.0,0.0,,False,False,False,NEW_TRADE,2027-11-03,2030-09-30,USD-SOFR-1D,execution_timestamp,2025-10-09 11:17:00-04:00,strict,3.4024564266557555,115816.41066345945,51573.837832198464,0.0,,-2.2456426655755646,-2.245642665575553,0.0
1760922549000000301,2026-01-16,SOFR,5.002739726027397,5Y,100000000.0,0.0356,0.0,0.0,,False,False,False,NEW_TRADE,2026-01-21,2031-01-21,USD-SOFR-1D,execution_timestamp,2026-01-16 13:16:00-05:00,strict,3.5613306596774725,6080.267073592171,45693.62983283854,0.0,,-0.13306596774724788,-0.13306596774726964,0.0
1761875490,2025-10-10,FED_FUNDS,0.25205479452054796,3M,100000000.0,0.03839,0.0,0.0,,False,False,False,NEW_TRADE,2025-10-15,2026-01-15,USD-FEDFUNDS-1D,execution_timestamp,2025-10-10 04:12:00-04:00,strict,3.840850000000172,467.68241678143386,2528.013063449477,0.0,,-0.18500000001719918,-0.1850000000171204,0.0
1763243338,2025-10-10,SOFR,5.002739726027397,5Y,7000000.0,0.03295,0.0,0.0,,False,False,False,NEW_TRADE,2025-10-15,2030-10-15,USD-SOFR-1D,execution_timestamp,2025-10-10 15:30:00-04:00,strict,3.2952598340502792,83.62068073195405,3218.234124511003,60.0,,-0.025983405027929507,-0.025983405027954536,0.0
1771256978,2025-10-15,SOFR,21.257534246575343,21Y,260000.0,0.037235,0.0,0.0,,False,False,False,NEW_TRADE,2026-01-31,2047-04-30,USD-SOFR-1D,execution_timestamp,2025-10-15 14:15:00-04:00,strict,3.917324919879067,7268.078872073733,374.98165233905354,0.0,,-19.382491987906736,-19.382491987906732,0.0
1775848328,2025-10-17,SOFR,0.25205479452054796,3M,420000.0,0.038575,0.0,0.0,,False,False,False,NEW_TRADE,2025-10-21,2026-01-21,USD-SOFR-1D,execution_timestamp,2025-10-17 08:03:00-04:00,strict,3.8606599999996134,3.3563702768042276,10.621424927897221,0.0,,-0.3159999999613472,-0.3159999999612769,0.0
1782550119,2025-10-22,SOFR,0.038356164383561646,2W,320000000.0,0.0408598,0.0,0.0,,False,False,False,NEW_TRADE,2025-10-24,2025-11-07,USD-SOFR-1D,execution_timestamp,2025-10-22 04:14:00-04:00,strict,4.075479999999893,-1303.5761042363592,1241.5010516410887,0.0,,1.050000000010698,1.0500000000106453,0.0
1783334343,2025-10-22,SOFR,10.005479452054795,10Y,12000000.0,0.03487,0.0,0.0,,False,False,False,NEW_TRADE,2025-10-24,2035-10-24,USD-SOFR-1D,execution_timestamp,2025-10-22 07:52:00-04:00,strict,3.4838902734195654,-3164.634656610433,10176.568822872383,0.0,,0.3109726580434291,0.310972658043421,0.0
1786485320,2025-10-23,SOFR,30.019178082191782,30Y,8000000.0,0.038467,0.0,0.0,,False,False,False,NEW_TRADE,2025-11-25,2055-11-25,USD-SOFR-1D,execution_timestamp,2025-10-23 15:01:00-04:00,strict,3.8445267915134647,-3092.1067866738886,14228.302557402112,0.0,,0.21732084865355716,0.21732084865353493,0.0
1790049067,2025-10-27,SOFR,10.005479452054795,10Y,2000000.0,0.0359118,0.0,0.0,,False,False,False,NEW_TRADE,2025-10-29,2035-10-29,USD-SOFR-1D,execution_timestamp,2025-10-27 04:11:00-04:00,strict,3.590169801340278,-170.45490107533988,1687.3404001756628,0.0,,0.10101986597219614,0.10101986597226881,0.0
1791013054,2025-10-27,SOFR,10.005479452054795,10Y,7000000.0,0.03593,0.0,0.0,,False,False,False,NEW_TRADE,2025-10-29,2035-10-29,USD-SOFR-1D,execution_timestamp,2025-10-27 09:52:00-04:00,strict,3.590790517458968,-1304.4838858419098,5904.024411221295,0.0,,0.22094825410317043,0.22094825410318158,0.0
1791075712,2025-10-27,SOFR,0.00821917808219178,3D,2500000000.0,0.04075,0.0,0.0,,False,False,False,NEW_TRADE,2025-10-31,2025-11-03,USD-SOFR-1D,execution_timestamp,2025-10-27 10:19:00-04:00,strict,3.980412132002619,-19685.775586225907,2081.2156995410005,0.0,,9.458786799738128,9.458786799738002,0.0
1791082949,2025-10-27,SOFR,5.002739726027397,5Y,22000000.0,0.0331196,0.0,0.0,,False,False,False,NEW_TRADE,2025-10-29,2030-10-29,USD-SOFR-1D,execution_timestamp,2025-10-27 10:54:00-04:00,strict,3.311430999470362,-535.1463288641535,10116.177562820136,0.0,,0.05290005296378908,0.05290005296377658,0.0
1791098874,2025-10-27,SOFR,1.0,1Y,15000000.0,0.03504,0.0,0.0,,False,False,False,NEW_TRADE,2025-10-29,2026-10-29,USD-SOFR-1D,execution_timestamp,2025-10-27 11:37:00-04:00,strict,3.5017499992307877,-330.26574240700575,1467.8472422143284,0.0,,0.22500007692123347,0.22500007692134347,0.0
1791619736,2025-10-27,SOFR,2.0,2Y,130000000.0,0.032795,0.0,0.0,,False,False,False,NEW_TRADE,2025-10-30,2027-10-30,USD-SOFR-1D,execution_timestamp,2025-10-27 02:04:00-04:00,strict,3.2793516235047844,-371.3276350116357,25026.041656553425,0.0,,0.01483764952152633,0.014837649521549418,0.0
1792570984000000401,2026-01-21,SOFR,10.005479452054795,10Y,10000000.0,0.039,0.0,0.0,9.9999999999,False,False,False,NEW_TRADE,2026-01-23,2036-01-23,USD-SOFR-1D,execution_timestamp,2026-01-20 20:37:00-05:00,strict,3.9005065499375267,421.23211046215147,8315.707480272451,0.0,,-0.05065499375267457,-0.05065499375266029,0.0
1794884935000000101,2026-01-21,SOFR,3.0027397260273974,3Y,35000000.0,0.034482,0.0,0.0,,False,False,False,NEW_TRADE,2026-01-23,2029-01-23,USD-SOFR-1D,execution_timestamp,2026-01-21 02:47:00-05:00,strict,3.448590010692334,387.94811136927456,9947.11475852262,0.0,,-0.039001069233401964,-0.039001069233355654,0.0
1795840591,2025-10-29,SOFR,1.4986301369863013,18M,50000000.0,0.03394,0.0,0.0,,False,False,False,NEW_TRADE,2025-10-29,2027-04-29,USD-SOFR-1D,execution_timestamp,2025-10-29 15:02:00-04:00,strict,3.4290503996292054,25565.852751410566,7294.026037325741,0.0,,-3.5050399629205753,-3.505039962920663,0.0
1798609555,2025-10-30,SOFR,10.005479452054795,10Y,65000000.0,0.03658,0.0,0.0,,False,False,False,NEW_TRADE,2025-11-05,2035-11-05,USD-SOFR-1D,execution_timestamp,2025-10-30 14:55:00-04:00,strict,3.6552535323443816,-14994.913989845663,54597.08931640491,0.0,,0.27464676556188117,0.27464676556191625,0.0
1801236332,2025-10-31,SOFR,10.005479452054795,10Y,300000.0,0.0367533,0.0,0.0,,False,False,False,NEW_TRADE,2025-11-04,2035-11-04,USD-SOFR-1D,execution_timestamp,2025-10-31 14:11:00-04:00,strict,3.673490248387294,-46.34525709308218,251.9104034099629,0.0,,0.18397516127062197,0.18397516127056965,0.0
1803245275000000501,2026-01-21,SOFR,0.08493150684931507,1M,2000000000.0,0.036685,0.0,0.0,,False,False,False,NEW_TRADE,2026-01-23,2026-02-23,USD-SOFR-1D,execution_timestamp,2026-01-21 10:18:00-05:00,strict,3.672499999999723,6864.386992246844,17160.9674818084,0.0,,-0.3999999999722892,-0.39999999997223257,0.0
1806340644000000101,2026-01-21,SOFR,3.0027397260273974,3Y,8000000.0,0.034546,0.0,0.0,,False,False,False,NEW_TRADE,2026-01-23,2029-01-23,USD-SOFR-1D,execution_timestamp,2026-01-21 16:38:00-05:00,strict,3.454250015998391,-79.56005494494457,2273.2483364731916,0.0,,0.03499840016090161,0.034998400160880454,0.0
1818263047000001201,2026-01-22,SOFR,9.005479452054795,9Y,66000000.0,0.03849,0.0,0.0,,False,False,False,NEW_TRADE,2026-01-26,2035-01-26,USD-SOFR-1D,execution_timestamp,2026-01-22 10:29:00-05:00,strict,3.8429698377453794,-30352.74859597534,50334.87875507392,0.0,,0.603016225462083,0.6030162254620646,0.0
1834628326000000101,2026-01-23,SOFR,21.446575342465753,21Y,6000000.0,0.040952,0.0,0.0,,False,False,False,NEW_TRADE,2026-01-23,2047-06-30,USD-SOFR-1D,execution_timestamp,2026-01-23 13:15:00-05:00,strict,4.236640234777159,120800.39411509968,8539.089348298754,0.0,,-14.144023477715884,-14.146753733074217,0.0
1865380227000001101,2026-01-27,SOFR,25.016438356164382,25Y,8000000.0,0.0422698,0.0,0.0,,False,False,False,NEW_TRADE,2026-01-29,2051-01-29,USD-SOFR-1D,execution_timestamp,2026-01-27 12:11:00-05:00,strict,4.22762992533487,809.7469145357609,12459.076005980422,0.0,,-0.06499253348701828,-0.06499253348700001,0.0
1912211995000001601,2026-01-30,SOFR,2.0,2Y,260000000.0,0.033775,0.0,0.0,,False,False,False,NEW_TRADE,2026-02-03,2028-02-03,USD-SOFR-1D,execution_timestamp,2026-01-30 10:07:00-05:00,strict,3.377150128639302,-1751.9461201690137,50074.00767737793,0.0,,0.034987136069775104,0.034987136069807634,0.0
1913294172000001201,2026-01-30,SOFR,10.005479452054795,10Y,50000000.0,0.038695,0.0,0.0,,False,False,False,NEW_TRADE,2026-02-03,2036-02-03,USD-SOFR-1D,execution_timestamp,2026-01-30 12:13:00-05:00,strict,3.863971870305179,-23031.474283521995,41662.32623865626,0.0,,0.5528129694821082,0.552812969482062,0.0
1930672978000000201,2026-02-02,SOFR,30.019178082191782,30Y,6000000.0,0.04196,0.0,0.0,,False,False,False,NEW_TRADE,2026-02-04,2056-02-04,USD-SOFR-1D,execution_timestamp,2026-02-02 08:04:00-05:00,strict,4.199252165665498,3343.700902924873,10281.459331541675,0.0,,-0.3252165665498019,-0.3252165665497502,0.0
1949719870000000601,2026-02-03,SOFR,0.24383561643835616,3M,800000000.0,0.0366535,0.0,0.0,,False,False,False,NEW_TRADE,2026-02-05,2026-05-05,USD-SOFR-1D,execution_timestamp,2026-02-03 13:46:00-05:00,strict,3.6659700000001494,1214.7183941453695,19592.232158900286,0.0,,-0.0620000000149723,-0.06200000001498307,0.0
1949760440000000301,2026-02-03,SOFR,5.002739726027397,5Y,36000000.0,0.0355164,0.0,0.0,,False,False,False,NEW_TRADE,2026-02-05,2031-02-05,USD-SOFR-1D,execution_timestamp,2026-02-03 13:53:00-05:00,strict,3.547749631729238,-6405.910642855801,16466.07775155362,0.0,,0.3890368270761613,0.38903682707628323,0.0
1995471971000000101,2026-02-06,SOFR,30.019178082191782,30Y,1000000.0,0.0416017,0.0,0.0,,False,False,False,NEW_TRADE,2026-02-10,2056-02-10,USD-SOFR-1D,execution_timestamp,2026-02-06 09:32:00-05:00,strict,4.148688457535618,-1979.9619750293205,1724.473851115025,0.0,,1.148154246438171,1.1481542464381815,0.0
2028046027000000801,2026-02-10,SOFR,6.002739726027397,6Y,46000000.0,0.0348655,0.0,0.0,,False,False,False,NEW_TRADE,2026-02-12,2032-02-12,USD-SOFR-1D,execution_timestamp,2026-02-10 11:35:00-05:00,strict,3.4859599578524074,-1469.0606476534158,24897.554414478764,0.0,,0.05900421475928397,0.059004214759306145,0.0
2030152620000000301,2026-02-10,SOFR,10.005479452054795,10Y,24000000.0,0.0374,0.0,0.0,,False,False,False,NEW_TRADE,2026-02-12,2036-02-12,USD-SOFR-1D,execution_timestamp,2026-02-10 15:02:00-05:00,strict,3.741830633002658,3682.9499960830435,20118.450780331008,0.0,,-0.18306330026578443,-0.18306330026582932,0.0
2042501716000000101,2026-02-11,SOFR,30.019178082191782,30Y,1000000.0,0.0412487,0.0,0.0,,False,False,False,NEW_TRADE,2026-02-13,2056-02-13,USD-SOFR-1D,execution_timestamp,2026-02-11 09:46:00-05:00,strict,4.117370865765792,-1297.4603187482571,1730.1468119211233,0.0,,0.7499134234207894,0.7499134234207449,0.0
2043730880000000601,2026-02-11,SOFR,1.0,1Y,150000000.0,0.033315,0.0,0.0,,False,False,False,NEW_TRADE,2026-05-13,2027-05-13,USD-SOFR-1D,execution_timestamp,2026-02-11 12:35:00-05:00,strict,3.3304821223506913,-1483.2320419577882,14571.810698130355,0.0,,0.10178776493083852,0.101787764930826,0.0
2044928018000000101,2026-02-11,SOFR,5.002739726027397,5Y,5000000.0,0.03465,0.0,0.0,0.0,False,False,False,NEW_TRADE,2026-11-16,2031-11-16,USD-SOFR-1D,execution_timestamp,2026-02-11 08:01:00-05:00,strict,3.470215793912723,1166.4225420029834,2236.3278947000285,0.0,,-0.521579391272331,-0.521579391272335,0.0
2105637334000000101,2026-02-19,SOFR,2.0,2Y,78000000.0,0.032898,0.0,0.0,,False,False,False,NEW_TRADE,2026-02-23,2028-02-23,USD-SOFR-1D,execution_timestamp,2026-02-18 21:20:00-05:00,strict,3.2895725556327964,-342.0178679646924,15037.429687536915,0.0,,0.022744436720323336,0.022744436720336474,0.0
2108434430000000901,2026-02-19,SOFR,5.002739726027397,5Y,60000000.0,0.0338169,0.0,0.0,,False,False,False,NEW_TRADE,2026-02-23,2031-02-23,USD-SOFR-1D,execution_timestamp,2026-02-19 04:45:00-05:00,strict,3.3829501343348785,3473.3891017157584,27563.64147518538,0.0,,-0.12601343348785932,-0.12601343348783337,0.0
2111497401000000201,2026-02-19,SOFR,0.4958904109589041,6M,10000000.0,0.03606,0.0,0.0,,False,False,False,NEW_TRADE,2026-02-23,2026-08-23,USD-SOFR-1D,execution_timestamp,2026-02-19 09:34:00-05:00,strict,3.607230000000493,61.03335147220059,496.20610933103984,0.0,,-0.12300000004925593,-0.12300000004933977,0.0
2112938108000000601,2026-02-19,SOFR,10.005479452054795,10Y,6000000.0,0.036625,0.0,0.0,,False,False,False,NEW_TRADE,2026-02-23,2036-02-23,USD-SOFR-1D,execution_timestamp,2026-02-19 13:30:00-05:00,strict,3.66311022944793,308.0280635417439,5047.741707417953,0.0,,-0.061022944793043266,-0.06102294479312968,0.0
2132100866000000201,2026-02-23,SOFR,10.005479452054795,10Y,6000000.0,0.035942,0.0,0.0,,False,False,False,NEW_TRADE,2026-02-25,2036-02-25,USD-SOFR-1D,execution_timestamp,2026-02-23 12:56:00-05:00,strict,3.5927805794763312,-718.8975110182073,5064.725351160119,0.0,,0.1419420523669057,0.14194205236687465,0.0
2150881260000000101,2026-02-25,SOFR,5.002739726027397,5Y,5000000.0,0.03332,0.0,0.0,,False,False,False,NEW_TRADE,2026-03-04,2031-03-04,USD-SOFR-1D,execution_timestamp,2026-02-24 21:02:00-05:00,strict,3.311332836424838,-4749.80721940205,2298.2385570849538,0.0,,2.0667163575162295,2.0667163575162637,0.0
2195676837000000701,2026-02-27,SOFR,4.002739726027397,4Y,21000000.0,0.032117,0.0,0.0,,False,False,False,NEW_TRADE,2026-03-03,2030-03-03,USD-SOFR-1D,execution_timestamp,2026-02-27 10:36:00-05:00,strict,3.208780219531665,-2297.1871690619737,7867.670853938689,0.0,,0.2919780468335187,0.29197804683351275,0.0
2232462461000003201,2026-03-03,SOFR,30.02191780821918,30Y,6000000.0,0.03935,0.0,0.0,,False,False,False,NEW_TRADE,2026-05-06,2056-05-06,USD-SOFR-1D,execution_timestamp,2026-03-03 11:22:00-05:00,strict,3.947260239476196,12907.6329957759,10528.043127409961,0.0,,-1.22602394761957,-1.2260239476195374,0.0
2232514235000001201,2026-03-03,SOFR,1.0,1Y,15000000.0,0.03505,0.0,0.0,,False,False,False,NEW_TRADE,2026-03-03,2027-03-03,USD-SOFR-1D,execution_timestamp,2026-03-03 11:40:00-05:00,strict,3.5037674179671825,-180.99235139711527,1468.4000462302051,0.0,,0.12325820328173975,0.1232582032817102,0.0
2237691617000000101,2026-03-04,SOFR,20.013698630136986,20Y,3000000.0,0.039395,0.0,0.0,,False,False,False,NEW_TRADE,2026-03-06,2046-03-06,USD-SOFR-1D,execution_timestamp,2026-03-03 19:35:00-05:00,strict,,,,,"SnapshotMiss: citivelo_excel minute store (USD-SOFR-1D-CITIVELOEXCELMIN): no snapshot satisfies datetime.datetime(2026, 3, 3, 19, 35, tzinfo=zoneinfo.ZoneInfo(k",,,
2283080196000000101,2026-03-06,SOFR,2.0027397260273974,2Y,130000000.0,0.0338356,0.0,0.0,,False,False,False,NEW_TRADE,2026-03-10,2028-03-10,USD-SOFR-1D,execution_timestamp,2026-03-06 08:45:00-05:00,strict,3.37494013073062,-21607.38600967452,25066.95326161237,0.0,,0.8619869269379965,0.861986926937952,0.0
2302134751000000501,2026-03-09,SOFR,2.0027397260273974,2Y,140000000.0,0.03416,0.0,0.0,,False,False,False,NEW_TRADE,2026-03-11,2028-03-11,USD-SOFR-1D,execution_timestamp,2026-03-09 10:45:00-04:00,strict,3.4201199427340305,11145.32521208562,27052.136234877,0.0,,-0.41199427340301575,-0.4119942734029446,0.0
2302235062000000301,2026-03-09,SOFR,5.002739726027397,5Y,110000000.0,0.03447,0.0,0.0,,False,False,False,NEW_TRADE,2026-03-11,2031-03-11,USD-SOFR-1D,execution_timestamp,2026-03-09 11:19:00-04:00,strict,3.432210181398239,-74557.86553947628,50411.61595491106,0.0,,1.4789818601760985,1.4789818601760754,0.0
2310637247000004101,2026-03-10,SOFR,2.0027397260273974,2Y,52000000.0,0.0336281,0.0,0.0,,False,False,False,NEW_TRADE,2026-03-12,2028-03-12,USD-SOFR-1D,execution_timestamp,2026-03-10 04:20:00-04:00,strict,3.3626300235746567,-180.7454725941643,10042.73044366809,0.0,,0.017997642534339775,0.017997642534369102,0.0
2312949741000000101,2026-03-10,SOFR,7.005479452054795,7Y,48000000.0,0.035083,0.0,0.0,,False,False,False,NEW_TRADE,2026-03-12,2033-03-12,USD-SOFR-1D,execution_timestamp,2026-03-10 05:52:00-04:00,strict,3.509050426219227,2237.2506042215973,29813.06552061237,0.0,,-0.07504262192266076,-0.07504262192275367,0.0
2329595936000000301,2026-03-11,SOFR,2.0027397260273974,2Y,18000000.0,0.034283,0.0,0.0,,False,False,False,NEW_TRADE,2026-03-13,2028-03-13,USD-SOFR-1D,execution_timestamp,2026-03-11 05:51:00-04:00,strict,3.425510019954061,-967.9246549489908,3469.2888085625013,0.0,,0.2789980045939,0.27899800459393004,0.0
2332508192000001501,2026-03-11,SOFR,0.5041095890410959,6M,400000000.0,0.0364158,0.0,0.0,,False,False,False,NEW_TRADE,2026-03-13,2026-09-13,USD-SOFR-1D,execution_timestamp,2026-03-11 08:12:00-04:00,strict,3.6426899999998277,2238.8527051731944,20169.844193880523,0.0,,-0.11099999998278598,-0.11099999998276915,0.0
2337715616000000101,2026-03-11,SOFR,9.005479452054795,9Y,35000000.0,0.03692,0.0,0.0,,False,False,False,NEW_TRADE,2026-03-13,2035-03-13,USD-SOFR-1D,execution_timestamp,2026-03-11 15:17:00-04:00,strict,3.69411918983708,5690.273495933041,26851.17395510497,0.0,,-0.21191898370798157,-0.21191898370801776,0.0
2340436073000000101,2026-03-12,SOFR,10.008219178082191,10Y,25000000.0,0.037623,0.0,0.0,,False,False,False,NEW_TRADE,2026-03-16,2036-03-16,USD-SOFR-1D,execution_timestamp,2026-03-11 23:02:00-04:00,asof2h,3.7650347217060767,5714.123167687096,20894.71537447568,180.0,,-0.27347217060769147,-0.2734721706076593,0.0
2432256742000001801,2026-03-19,SOFR,5.002739726027397,5Y,33000000.0,0.0359798,0.0,0.0,,False,False,False,NEW_TRADE,2026-03-23,2031-03-23,USD-SOFR-1D,execution_timestamp,2026-03-19 08:09:00-04:00,strict,3.592639898548596,-8034.718320048414,15046.003139016655,0.0,,0.5340101451403623,0.534010145140348,0.0
2437619530000000601,2026-03-19,SOFR,5.002739726027397,5Y,71000000.0,0.03607,0.0,0.0,,False,False,False,NEW_TRADE,2026-03-23,2031-03-23,USD-SOFR-1D,execution_timestamp,2026-03-19 14:55:00-04:00,strict,3.6089902602005832,6439.550343090668,32355.318873374497,0.0,,-0.19902602005834602,-0.1990260200584775,0.0
2450113454000000301,2026-03-20,SOFR,10.008219178082191,10Y,55000000.0,0.03866,0.0,0.0,,False,False,False,NEW_TRADE,2026-03-24,2036-03-24,USD-SOFR-1D,execution_timestamp,2026-03-20 10:02:00-04:00,strict,3.864469592209795,-6981.776302721351,45620.36567904866,0.0,,0.15304077902049684,0.15304077902049262,0.0
2483918281000000201,2026-03-24,SOFR,0.13150684931506848,2M,130000000.0,0.0369552,0.0,0.0,,False,False,False,NEW_TRADE,2026-04-08,2026-05-26,USD-SOFR-1D,execution_timestamp,2026-03-24 08:33:00-04:00,strict,3.693584353724023,-333.2880267207511,1721.8436594383243,0.0,,0.19356462759771986,0.19356462759776438,0.0
2488815759000003701,2026-03-24,SOFR,1.0,1Y,150000000.0,0.038345,0.0,0.0,,False,False,False,NEW_TRADE,2026-03-30,2027-03-30,USD-SOFR-1D,execution_timestamp,2026-03-24 14:29:00-04:00,strict,3.8308931988324044,-5275.910339578055,14627.67170804422,0.0,,0.3606801167595375,0.36068011675957046,0.0
2509374412000000601,2026-03-26,SOFR,8.005479452054795,8Y,4000000.0,0.0381318,0.0,0.0,,False,False,False,NEW_TRADE,2026-03-30,2034-03-30,USD-SOFR-1D,execution_timestamp,2026-03-26 03:06:00-04:00,strict,3.8122010432674602,-269.5069220471196,2753.001364503143,0.0,,0.09789567325397819,0.09789567325396503,0.0
2520269925000002001,2026-03-26,SOFR,0.2602739726027397,3M,500000000.0,0.036968,0.0,0.0,,False,False,False,NEW_TRADE,2026-03-27,2026-06-30,USD-SOFR-1D,execution_timestamp,2026-03-26 12:51:00-04:00,strict,3.7016669653264542,6357.606888103299,13062.774155274703,0.0,,-0.48669653264541424,-0.48669653264548857,0.0
2568897845000002501,2026-03-31,SOFR,30.02191780821918,30Y,4000000.0,0.0411882,0.0,0.0,,False,False,False,NEW_TRADE,2026-04-02,2056-04-02,USD-SOFR-1D,execution_timestamp,2026-03-31 10:26:00-04:00,strict,4.117464631363034,-934.3421431109309,6893.638510051075,0.0,,0.1355368636966503,0.13553686369667334,0.0
2587132066000000101,2026-04-01,SOFR,4.994520547945205,5Y,55000000.0,0.0364442,0.0,0.0,,False,False,False,NEW_TRADE,2026-04-03,2031-03-31,USD-SOFR-1D,execution_timestamp,2026-04-01 09:31:00-04:00,strict,3.6360387421969476,-20931.722089754418,24974.4400919513,0.0,,0.8381257803052655,0.8381257803052906,0.0
2588599517000001301,2026-04-01,SOFR,10.008219178082191,10Y,50000000.0,0.0383,0.0,0.0,,False,False,False,NEW_TRADE,2026-04-03,2036-04-03,USD-SOFR-1D,execution_timestamp,2026-04-01 11:08:00-04:00,strict,3.84625158261262,67534.62960613519,41555.72488902945,0.0,,-1.6251582612619941,-1.6251582612619535,0.0
2633203596000000401,2026-04-07,SOFR,9.005479452054795,9Y,10000000.0,0.0383676,0.0,0.0,,False,False,False,NEW_TRADE,2026-04-09,2035-04-09,USD-SOFR-1D,execution_timestamp,2026-04-07 06:32:00-04:00,strict,3.8373595974949724,456.32747458387166,7610.563393124297,0.0,,-0.05995974949724037,-0.059959749497144596,0.0
2638041627000001701,2026-04-06,SOFR,10.008219178082191,10Y,50000000.0,0.03807,0.0,0.0,,False,False,False,NEW_TRADE,2026-04-08,2036-04-08,USD-SOFR-1D,execution_timestamp,2026-04-06 12:17:00-04:00,strict,3.8742609839075124,279191.80313161016,41508.73016004518,0.0,,-6.726098390751245,-6.726098390751307,0.0
2686248883000000801,2026-04-10,SOFR,10.008219178082191,10Y,18000000.0,0.0389,0.0,0.0,,False,False,False,NEW_TRADE,2026-10-15,2036-10-15,USD-SOFR-1D,execution_timestamp,2026-04-10 09:12:00-04:00,strict,3.894081249915494,5988.214554356411,14672.501508968395,0.0,,-0.40812499154943005,-0.4081249915494086,0.0
2740348696000000801,2026-04-15,SOFR,5.002739726027397,5Y,160000000.0,0.03595,0.0,0.0,,False,False,False,NEW_TRADE,2026-04-20,2031-04-20,USD-SOFR-1D,execution_timestamp,2026-04-15 13:45:00-04:00,strict,3.594910774309662,-651.1804695539176,72981.27558167909,0.0,,0.008922569033797956,0.008922569033821975,0.0
2756547110000000201,2026-04-16,SOFR,10.008219178082191,10Y,24000000.0,0.03851,0.0,0.0,,False,False,False,NEW_TRADE,2026-04-20,2036-04-20,USD-SOFR-1D,execution_timestamp,2026-04-16 11:59:00-04:00,strict,3.850299844738144,-1397.9971493817866,19966.959123820932,60.0,,0.07001552618564055,0.07001552618565496,0.0
2770700441000000701,2026-04-17,SOFR,0.2493150684931507,3M,2000000000.0,0.0366611,0.0,0.0,,False,False,False,NEW_TRADE,2026-04-21,2026-07-21,USD-SOFR-1D,execution_timestamp,2026-04-17 08:32:00-04:00,strict,3.6667199999997973,3053.713872104883,50060.88316585879,0.0,,-0.060999999979705066,-0.06099999997977457,0.0
2775650850000000501,2026-04-16,SOFR,10.008219178082191,10Y,18000000.0,0.03816,0.0,0.0,,False,False,False,NEW_TRADE,2026-04-20,2036-04-20,USD-SOFR-1D,execution_timestamp,2026-04-16 14:04:00-04:00,strict,3.863369816280053,70902.826444339,14967.933594075479,0.0,,-4.73698162800531,-4.736981628005308,0.0
2792779915000000101,2026-04-20,SOFR,3.0027397260273974,3Y,7000000.0,0.0351165,0.0,0.0,,False,False,False,NEW_TRADE,2026-04-22,2029-04-22,USD-SOFR-1D,execution_timestamp,2026-04-20 16:00:00-04:00,strict,3.511670100327085,3.9943180949194357,1987.1905955054276,0.0,,-0.002010032708454901,-0.0020100327084647406,0.0
2793193481000000201,2026-04-20,SOFR,10.008219178082191,10Y,14000000.0,0.038301,0.0,0.0,,False,False,False,NEW_TRADE,2026-04-22,2036-04-22,USD-SOFR-1D,execution_timestamp,2026-04-20 16:24:00-04:00,strict,3.823830118104457,-7315.4947256706655,11667.675480251393,0.0,,0.6269881895543339,0.626988189554364,0.0
2823231098000000401,2026-04-22,FED_FUNDS,0.16164383561643836,2M,320000000.0,0.036504,0.0,0.0,,False,False,False,NEW_TRADE,2026-04-24,2026-06-22,USD-FEDFUNDS-1D,execution_timestamp,2026-04-22 11:02:00-04:00,strict,3.6511051995381245,367.4894762809854,5211.141760790508,0.0,,-0.07051995381242016,-0.07051995381243262,0.0
2843770791000000501,2026-04-23,SOFR,20.013698630136986,20Y,4000000.0,0.0416876,0.0,0.0,,False,False,False,NEW_TRADE,2026-04-27,2046-04-27,USD-SOFR-1D,execution_timestamp,2026-04-23 15:28:00-04:00,strict,4.169430564032502,367.1341281272471,5475.004777060116,0.0,,-0.06705640325019857,-0.06705640325018769,0.0
2857544642000001101,2026-04-24,SOFR,10.008219178082191,10Y,6000000.0,0.0386,0.0,0.0,,False,False,False,NEW_TRADE,2026-04-28,2036-04-28,USD-SOFR-1D,execution_timestamp,2026-04-24 10:47:00-04:00,strict,3.857910313315683,-1042.2434757535812,4987.558582706407,0.0,,0.20896866843171935,0.20896866843176545,0.0
2859551339000000201,2026-04-24,SOFR,2.0027397260273974,2Y,200000000.0,0.0361,0.0,0.0,,False,False,False,NEW_TRADE,2026-04-28,2028-04-28,USD-SOFR-1D,execution_timestamp,2026-04-24 12:00:00-04:00,strict,3.604899937839306,-19608.029522517696,38446.648108787704,0.0,,0.510006216069403,0.5100062160694813,0.0
2877185608000000201,2026-04-27,FED_FUNDS,2.643835616438356,3Y,100000000.0,0.03559,0.0,0.0,,False,False,False,NEW_TRADE,2026-04-28,2028-12-18,USD-FEDFUNDS-1D,execution_timestamp,2026-04-27 13:08:00-04:00,strict,3.561556147498199,6429.380766822025,25152.62038420737,0.0,,-0.25561474981992127,-0.25561474981981813,0.0
2893194104000000301,2026-04-28,SOFR,3.0027397260273974,3Y,180000000.0,0.03642,0.0,0.0,,False,False,False,NEW_TRADE,2026-04-30,2029-04-30,USD-SOFR-1D,execution_timestamp,2026-04-28 10:33:00-04:00,strict,3.6404799750833536,-7742.9928923770785,50939.907679030046,0.0,,0.15200249166462676,0.15200249166459648,0.0
2903858791000000101,2026-04-29,SOFR,10.008219178082191,10Y,8000000.0,0.0390639,0.0,0.0,,False,False,False,NEW_TRADE,2026-05-01,2036-05-01,USD-SOFR-1D,execution_timestamp,2026-04-29 04:58:00-04:00,strict,3.9082086710964177,1206.1746799848042,6632.176001260075,0.0,,-0.18186710964176456,-0.18186710964178845,0.0
2909637787000000101,2026-04-29,SOFR,5.002739726027397,5Y,180000000.0,0.037237,0.0,0.0,,False,False,False,NEW_TRADE,2026-05-01,2031-05-01,USD-SOFR-1D,execution_timestamp,2026-04-29 10:41:00-04:00,strict,3.7195094702053377,-34281.2175350748,81806.40447598405,0.0,,0.4190529794662279,0.4190529794661585,0.0
2912536900000000101,2026-04-29,SOFR,2.4273972602739726,2Y,43000000.0,0.0377,0.0,0.0,,False,False,False,NEW_TRADE,2026-04-29,2028-10-01,USD-SOFR-1D,execution_timestamp,2026-04-29 14:14:00-04:00,strict,3.738376361448338,-31548.683616542723,9955.36833008529,0.0,,3.1623638551661504,3.1690121922663645,0.0
2924394979000000201,2026-04-30,SOFR,5.002739726027397,5Y,11000000.0,0.037205,0.0,0.0,,False,False,False,NEW_TRADE,2026-05-04,2031-05-04,USD-SOFR-1D,execution_timestamp,2026-04-30 07:11:00-04:00,strict,3.7203902261046946,-54.888775423169136,5000.166503178077,0.0,,0.010977389530575365,0.01097738953058506,0.0
2941801489000000201,2026-05-01,SOFR,25.016438356164382,25Y,3000000.0,0.0422504,0.0,0.0,,False,False,False,NEW_TRADE,2026-05-05,2051-05-05,USD-SOFR-1D,execution_timestamp,2026-05-01 13:25:00-04:00,strict,4.224939459758349,-46.81172358430922,4656.018606588275,0.0,,0.010054024165118136,0.01005402416521071,0.0
2954917530000001001,2026-05-04,SOFR,1.0,1Y,50000000.0,0.037095,0.0,0.0,,False,False,False,NEW_TRADE,2028-05-08,2029-05-08,USD-SOFR-1D,execution_timestamp,2026-05-04 13:28:00-04:00,strict,3.6969346037794346,-5688.331358446041,4526.981289405087,0.0,,1.2565396220565628,1.2565396220565277,0.0
2986164360000000101,2026-05-06,SOFR,2.0027397260273974,2Y,270000000.0,0.0364,0.0,0.0,,False,False,False,NEW_TRADE,2027-11-05,2029-11-05,USD-SOFR-1D,execution_timestamp,2026-05-06 11:05:00-04:00,strict,3.643586797027818,17610.7506429255,49098.82133375705,0.0,,-0.3586797027817834,-0.3586797027817353,0.0
3010435400000000401,2026-05-07,SOFR,10.008219178082191,10Y,24000000.0,0.039605,0.0,0.0,,False,False,False,NEW_TRADE,2026-05-11,2036-05-11,USD-SOFR-1D,execution_timestamp,2026-05-07 12:22:00-04:00,strict,3.9631798785738708,5316.94480878301,19840.245228368713,0.0,,-0.2679878573870642,-0.2679878573869913,0.0
3085266907000005501,2026-05-12,SOFR,1.0027397260273974,1Y,53000000.0,0.03867,0.0,0.0,,False,False,False,NEW_TRADE,2027-05-13,2028-05-13,USD-SOFR-1D,execution_timestamp,2026-05-12 11:17:00-04:00,strict,3.8675237969097136,262.80340661178343,5017.276767741598,0.0,,-0.052379690971315895,-0.052379690971299124,0.0
3106139015000001101,2026-05-13,SOFR,0.08493150684931507,1M,290000000.0,0.036298,0.0,0.0,,False,False,False,NEW_TRADE,2026-05-15,2026-06-15,USD-SOFR-1D,execution_timestamp,2026-05-13 06:50:00-04:00,strict,3.6304200000001265,154.28275772184134,2488.431575647378,0.0,,-0.062000000012707446,-0.06200000001274052,0.0
3109365374000002001,2026-05-13,SOFR,30.02191780821918,30Y,29000000.0,0.042925,0.0,0.0,,False,False,False,NEW_TRADE,2026-05-15,2056-05-15,USD-SOFR-1D,execution_timestamp,2026-05-13 10:59:00-04:00,strict,4.298120298862621,27468.086576554924,48872.99990261643,0.0,,-0.5620298862621276,-0.5620298862620957,0.0
3110990389000000401,2026-05-13,FED_FUNDS,2.493150684931507,2Y,25000000.0,0.03783,0.0,0.0,,False,False,False,NEW_TRADE,2026-06-22,2028-12-18,USD-FEDFUNDS-1D,execution_timestamp,2026-05-13 13:08:00-04:00,strict,3.7834309389125775,254.4400664777495,5904.318664464567,0.0,,-0.04309389125771723,-0.043093891257785524,0.0
3133932052000000501,2026-05-14,SOFR,30.02191780821918,30Y,15000.0,0.042685,0.0,0.0,9.9999999999,False,False,False,NEW_TRADE,2026-05-18,2056-05-18,USD-SOFR-1D,execution_timestamp,2026-05-14 10:57:00-04:00,strict,4.266353931006898,-5.444513791251666,25.369705301874944,0.0,,0.21460689931025456,0.2146068993103081,0.0
3156328206000002701,2026-05-15,SOFR,7.005479452054795,7Y,30000000.0,0.040032,0.0,0.0,,False,False,False,NEW_TRADE,2026-05-19,2033-05-19,USD-SOFR-1D,execution_timestamp,2026-05-15 08:34:00-04:00,strict,4.001019253696097,-3981.3690894832835,18256.910867439583,0.0,,0.21807463039023034,0.2180746303901765,0.0
3161994683000000401,2026-05-15,SOFR,5.002739726027397,5Y,110000000.0,0.0396906,0.0,0.0,,False,False,False,NEW_TRADE,2026-05-19,2031-05-19,USD-SOFR-1D,execution_timestamp,2026-05-15 14:34:00-04:00,strict,3.9698503238872562,3923.8691513836384,49648.8745266735,0.0,,-0.07903238872564167,-0.0790323887256612,0.0
3185538163000000701,2026-05-18,SOFR,1.0,1Y,30000000.0,0.03824,0.0,0.0,,False,False,False,NEW_TRADE,2026-05-18,2027-05-18,USD-SOFR-1D,execution_timestamp,2026-05-18 11:36:00-04:00,strict,3.8255350552686065,449.3803208968602,2927.4536890450618,0.0,,-0.15350552686062002,-0.1535055268605969,0.0
3186874636000006801,2026-05-12,SOFR,2.03013698630137,2Y,130000000.0,0.038,0.0,0.0,,False,False,False,NEW_TRADE,2026-05-14,2028-05-24,USD-SOFR-1D,execution_timestamp,2026-05-12 07:43:00-04:00,strict,3.8042702229497265,10791.739388369024,25272.074820025668,0.0,,-0.42702229497266764,-0.4270222949726952,0.0
3194029723000000101,2026-05-19,SOFR,5.002739726027397,5Y,11000000.0,0.0398437,0.0,0.0,,False,False,False,NEW_TRADE,2026-05-21,2031-05-21,USD-SOFR-1D,execution_timestamp,2026-05-19 02:29:00-04:00,strict,3.9817601898392008,-1295.7242709812708,4964.821926298837,0.0,,0.26098101607994195,0.26098101607990687,0.0
3245696515000000601,2026-05-21,SOFR,30.02191780821918,30Y,7000000.0,0.044005,0.0,0.0,,False,False,False,NEW_TRADE,2026-05-26,2056-05-26,USD-SOFR-1D,execution_timestamp,2026-05-21 03:14:00-04:00,strict,4.400195476398603,-354.38031959347427,11637.20374931532,0.0,,0.03045236013967667,0.030452360139722086,0.0
3327973451000000101,2026-05-26,SOFR,7.005479452054795,7Y,10000000.0,0.03989,0.0,0.0,,False,False,False,NEW_TRADE,2026-05-28,2033-05-28,USD-SOFR-1D,execution_timestamp,2026-05-26 11:18:00-04:00,strict,3.9890696785165187,42.45297722239047,6092.692460132896,0.0,,-0.006967851651840107,-0.006967851651823647,0.0
3355990251000000301,2026-05-27,SOFR,1.736986301369863,21M,900000000.0,0.0391331,0.0,0.0,,False,False,False,NEW_TRADE,2026-10-05,2028-06-30,USD-SOFR-1D,execution_timestamp,2026-05-27 15:46:00-04:00,strict,3.912877823358506,-6421.019194379449,148573.95282196632,0.0,,0.04321766414934203,0.043217664149204194,0.0
3377913847000000201,2026-05-28,SOFR,0.2493150684931507,3M,50000000.0,0.0373433,0.0,0.0,,False,False,False,NEW_TRADE,2026-09-10,2026-12-10,USD-SOFR-1D,execution_timestamp,2026-05-28 12:52:00-04:00,strict,3.7371057388930846,343.7229645809857,1238.3115913296376,0.0,,-0.2775738893084245,-0.27757388930835497,0.0
3379243359000000801,2026-05-28,SOFR,2.893150684931507,3Y,480000000.0,0.038628,0.0,0.0,,False,False,False,NEW_TRADE,2026-06-02,2029-04-23,USD-SOFR-1D,execution_timestamp,2026-05-28 14:02:00-04:00,strict,3.863976805669588,15380.7912934497,130699.50027383221,0.0,,-0.1176805669587555,-0.11768056695874866,0.0
3402750530000000501,2026-05-29,SOFR,10.032876712328767,10Y,15000000.0,0.0401415,0.0,0.0,,False,False,False,NEW_TRADE,2026-06-01,2036-06-10,USD-SOFR-1D,execution_timestamp,2026-05-29 13:05:00-04:00,strict,4.028955430737118,18311.78972540982,12368.292453324004,0.0,,-1.480543073711793,-1.4805430737117224,0.0
3478530110000000701,2026-06-03,SOFR,20.013698630136986,20Y,18000000.0,0.043137,0.0,0.0,,False,False,False,NEW_TRADE,2026-06-05,2046-06-05,USD-SOFR-1D,execution_timestamp,2026-06-03 08:56:00-04:00,strict,4.313800078350169,242.63676384277642,24244.680636054978,0.0,,-0.01000783501687863,-0.010007835016887958,0.0
3514033697000000101,2026-06-05,SOFR,10.008219178082191,10Y,12000000.0,0.0406694,0.0,0.0,,False,False,False,NEW_TRADE,2026-06-09,2036-06-09,USD-SOFR-1D,execution_timestamp,2026-06-05 02:49:00-04:00,strict,4.064449721003533,-2453.418870475143,9851.983950214992,0.0,,0.24902789964666994,0.24902789964671068,0.0
3555618343000000401,2026-06-08,SOFR,0.5561643835616439,7M,20000000.0,0.037655,0.0,0.0,,False,False,False,NEW_TRADE,2026-06-08,2026-12-28,USD-SOFR-1D,execution_timestamp,2026-06-08 10:01:00-04:00,strict,3.765527668969076,3.0548993260599673,1104.0885974551702,0.0,,-0.002766896907591132,-0.0027668969076406085,0.0
3636076711000000201,2026-06-12,SOFR,0.4986301369863014,6M,68000000.0,0.037281,0.0,0.0,,False,False,False,NEW_TRADE,2026-06-15,2026-12-14,USD-SOFR-1D,execution_timestamp,2026-06-11 22:09:00-04:00,strict,3.727981197725743,-40.06119785015471,3372.090147321282,0.0,,0.01188022742568684,0.011880227425704645,0.0
3731512737000000501,2026-06-17,SOFR,0.0821917808219178,1M,950000000.0,0.0363661,0.0,0.0,,False,False,False,NEW_TRADE,2026-06-22,2026-07-22,USD-SOFR-1D,execution_timestamp,2026-06-17 11:09:00-04:00,strict,3.638470000000104,1467.0085343322717,7887.142657257685,0.0,,-0.18600000001041117,-0.18600000001044006,0.0
3756274877000000201,2026-06-18,SOFR,4.257534246575342,4Y,45000000.0,0.03947,0.0,0.0,,False,False,False,NEW_TRADE,2026-09-18,2030-12-20,USD-SOFR-1D,execution_timestamp,2026-06-18 12:08:00-04:00,strict,3.946685411383248,-546.4013159275055,17368.756745596103,0.0,,0.03145886167517098,0.031458861675061865,0.0
3759191130000000101,2026-06-18,SOFR,2.0027397260273974,2Y,45000000.0,0.04085,0.0,0.0,,False,False,False,NEW_TRADE,2027-01-04,2029-01-04,USD-SOFR-1D,execution_timestamp,2026-06-18 14:42:00-04:00,strict,4.02135001496057,-53584.3423925573,8418.594656285099,0.0,,6.364998503943031,6.3649985039430135,0.0
3795370745000000201,2026-06-22,SOFR,10.008219178082191,10Y,6000000.0,0.0410302,0.0,0.0,,False,False,False,NEW_TRADE,2026-06-24,2036-06-24,USD-SOFR-1D,execution_timestamp,2026-06-22 12:46:00-04:00,strict,4.103550097291087,260.14649454457685,4907.523560655848,0.0,,-0.05300972910875501,-0.05300972910862817,0.0
3801641432000000201,2026-06-23,SOFR,5.002739726027397,5Y,22000000.0,0.0399,0.0,0.0,,False,False,False,NEW_TRADE,2026-06-25,2031-06-25,USD-SOFR-1D,execution_timestamp,2026-06-23 02:08:00-04:00,strict,3.9883298946093113,-1655.2880336479284,9911.278910161924,0.0,,0.1670105390688459,0.16701053906885618,0.0
3822159763000000101,2026-06-23,SOFR,10.008219178082191,10Y,3000000.0,0.040895,0.0,0.0,,False,False,False,NEW_TRADE,2026-06-25,2036-06-25,USD-SOFR-1D,execution_timestamp,2026-06-23 16:46:00-04:00,strict,4.090050400671037,135.18039859377313,2456.036224283176,0.0,,-0.055040067103728774,-0.055040067103744435,0.0
3866248230000000101,2026-06-25,SOFR,15.01095890410959,15Y,45000000.0,0.04118,0.0,0.0,,False,False,False,NEW_TRADE,2026-06-29,2041-06-29,USD-SOFR-1D,execution_timestamp,2026-06-25 11:40:00-04:00,strict,,,,,"SnapshotMiss: citivelo_excel minute store (USD-SOFR-1D-CITIVELOEXCELMIN): no snapshot satisfies datetime.datetime(2026, 6, 25, 11, 40, tzinfo=zoneinfo.ZoneInfo(",,,
3887067381000000401,2026-06-26,SOFR,1.0,1Y,100000000.0,0.039647,0.0,0.0,,False,False,False,NEW_TRADE,2026-06-30,2027-06-30,USD-SOFR-1D,execution_timestamp,2026-06-26 07:01:00-04:00,strict,3.964220000670126,-467.5666103460826,9740.984648238122,0.0,,0.04799993298743033,0.04799993298733436,0.0
3891192184000000801,2026-06-26,SOFR,2.0027397260273974,2Y,52000000.0,0.039375,0.0,0.0,,False,False,False,NEW_TRADE,2026-06-30,2028-06-30,USD-SOFR-1D,execution_timestamp,2026-06-26 12:05:00-04:00,strict,3.938520000436627,1014.792913842015,9948.945876897862,60.0,,-0.10200004366271997,-0.10200004366275969,0.0
3894439909000000101,2026-06-26,SOFR,1.010958904109589,1Y,25000000.0,0.0391124,0.0,0.0,,False,False,False,NEW_TRADE,2027-07-02,2028-07-05,USD-SOFR-1D,execution_timestamp,2026-06-26 15:17:00-04:00,strict,3.910675458584917,-133.6588918621419,2367.5657496744348,0.0,,0.056454141508277544,0.0564541415082227,0.0
3940379054000000101,2026-06-30,SOFR,10.008219178082191,10Y,61000000.0,0.03995,0.0,0.0,,False,False,False,NEW_TRADE,2026-08-11,2036-08-11,USD-SOFR-1D,execution_timestamp,2026-06-30 11:28:00-04:00,strict,3.993910016087696,-5447.021366767585,49973.41066488304,0.0,,0.10899839123039712,0.10899839123038438,0.0
3988092393000000201,2026-07-02,SOFR,0.915068493150685,11M,28000000.0,0.0404991,0.0,0.0,,False,False,False,NEW_TRADE,2026-08-07,2027-07-07,USD-SOFR-1D,execution_timestamp,2026-07-02 08:09:00-04:00,strict,4.049994462642665,21.06486631836742,2493.986175900374,0.0,,-0.008446264266481762,-0.00844626426638577,0.0
4028148304000000301,2026-07-06,SOFR,6.912328767123288,7Y,35000000.0,0.0396746,0.0,0.0,,False,False,False,NEW_TRADE,2026-07-06,2033-06-02,USD-SOFR-1D,execution_timestamp,2026-07-06 02:38:00-04:00,strict,3.9604298689014286,-14810.404904007912,21067.039428354146,0.0,,0.703013109857098,0.7030131098570298,0.0
4153046106000000101,2026-07-13,SOFR,2.0027397260273974,2Y,29000000.0,0.040728,0.0,0.0,,False,False,False,NEW_TRADE,2026-07-15,2028-07-15,USD-SOFR-1D,execution_timestamp,2026-07-13 04:31:00-04:00,strict,4.0750300096907806,1238.548911132384,5554.006855902534,0.0,,-0.22300096907805766,-0.22300096907804737,0.0
4166621731000000101,2026-07-14,SOFR,1.0,1Y,27000000.0,0.041158,0.0,0.0,9.9999999999,False,False,False,NEW_TRADE,2026-07-16,2027-07-16,USD-SOFR-1D,execution_timestamp,2026-07-13 22:52:00-04:00,strict,4.116658563505982,225.4420675081201,2625.8053823334085,0.0,,-0.08585635059814578,-0.08585635059814758,0.0
4187082692000000101,2026-07-14,SOFR,3.0027397260273974,3Y,18000000.0,0.0404,0.0,0.0,,False,False,False,NEW_TRADE,2026-07-16,2029-07-16,USD-SOFR-1D,execution_timestamp,2026-07-14 13:35:00-04:00,strict,4.039440027338874,-283.1564196511172,5056.611497459651,0.0,,0.05599726611258404,0.055997266112567626,0.0
4210122975000000701,2026-07-15,SOFR,1.0027397260273974,1Y,110000000.0,0.040397,0.0,0.0,,False,False,False,NEW_TRADE,2027-07-19,2028-07-19,USD-SOFR-1D,execution_timestamp,2026-07-15 11:02:00-04:00,strict,4.035786010716575,-4039.2244513495825,10319.968091011904,0.0,,0.391398928342479,0.3913989283423767,0.0
4312248322000000401,2026-07-21,SOFR,10.008219178082191,10Y,35000000.0,0.04182,0.0,0.0,,False,False,False,NEW_TRADE,2026-07-23,2036-07-23,USD-SOFR-1D,execution_timestamp,2026-07-21 08:04:00-04:00,strict,4.182150093110251,428.59516941569746,28555.28602877787,0.0,,-0.015009311025071526,-0.015009311025067704,0.0
4312572928000000901,2026-07-21,SOFR,0.336986301369863,4M,440000000.0,0.03797,0.0,0.0,,False,False,False,NEW_TRADE,2026-07-23,2026-11-23,USD-SOFR-1D,execution_timestamp,2026-07-21 08:22:00-04:00,strict,3.798950000000017,2892.722207627259,14834.47285949395,0.0,,-0.19500000000172157,-0.19500000000174855,0.0
4362995070000000601,2026-07-23,SOFR,1.0,1Y,100000000.0,0.04159,0.0,0.0,,False,False,False,NEW_TRADE,2026-07-27,2027-07-27,USD-SOFR-1D,execution_timestamp,2026-07-23 09:13:00-04:00,strict,4.15835000655256,-631.9540726891719,9722.468359912957,0.0,,0.06499934474399893,0.06499934474405733,0.0
4363465522000000101,2026-07-23,SOFR,5.005479452054795,5Y,87000000.0,0.04182,0.0,0.0,,False,False,False,NEW_TRADE,2027-12-06,2032-12-06,USD-SOFR-1D,execution_timestamp,2026-07-23 09:51:00-04:00,strict,4.1836517305313885,6090.592024549842,36874.00522551129,60.0,,-0.1651730531388118,-0.1651730531386936,0.0
4366736132000000101,2026-07-23,SOFR,10.008219178082191,10Y,570000.0,0.0429,0.0,0.0,,False,False,False,NEW_TRADE,2026-07-27,2036-07-27,USD-SOFR-1D,execution_timestamp,2026-07-23 13:55:00-04:00,strict,4.269520040984622,-947.1992910012777,462.50057936640644,0.0,,2.0479959015378135,2.047995901537842,0.0
4367423110000000101,2026-07-23,SOFR,3.0027397260273974,3Y,11000000.0,0.0418139,0.0,0.0,,False,False,False,NEW_TRADE,2026-07-27,2029-07-27,USD-SOFR-1D,execution_timestamp,2026-07-23 14:36:00-04:00,strict,4.181299975994322,-27.73537868470885,3080.8869784898966,0.0,,0.009002400567847957,0.009002400567872633,0.0
4367453670000000101,2026-07-23,SOFR,0.13424657534246576,2M,15000000.0,0.0375,0.0,0.0,0.0,False,False,False,NEW_TRADE,2026-07-24,2026-09-11,USD-SOFR-1D,execution_timestamp,2026-07-23 13:28:00-04:00,strict,3.7597119717815803,197.1732458397455,203.02081829943694,0.0,,-0.9711971781580342,-0.9711971781580212,0.0
4387896988000000501,2026-07-24,SOFR,5.002739726027397,5Y,63000000.0,0.0415,0.0,0.0,,False,False,False,NEW_TRADE,2028-06-06,2033-06-06,USD-SOFR-1D,execution_timestamp,2026-07-24 10:33:00-04:00,strict,4.151757822406228,4603.491714248434,26188.60527627776,0.0,,-0.17578224062280157,-0.17578224062273304,0.0
4420558002000000201,2026-07-28,SOFR,0.25205479452054796,3M,500000000.0,0.0384618,0.0,0.0,,False,False,False,NEW_TRADE,2026-07-30,2026-10-30,USD-SOFR-1D,execution_timestamp,2026-07-27 23:30:00-04:00,asof2h,3.846367819513125,237.47716025076807,12643.902451881992,1860.0,,-0.01878195131248539,-0.018781951312462127,0.0
4466967506000000401,2026-07-29,SOFR,25.016438356164382,25Y,33000000.0,0.04463,0.0,0.0,,False,False,False,NEW_TRADE,2026-07-31,2051-07-31,USD-SOFR-1D,execution_timestamp,2026-07-29 15:13:00-04:00,strict,4.4630836879542795,417.05498660728335,49834.529974661855,0.0,,-0.00836879542793767,-0.008368795427976005,0.0
4514318042000000601,2026-07-31,SOFR,30.02191780821918,30Y,2000000.0,0.04498,0.0,0.0,,False,False,False,NEW_TRADE,2026-08-04,2056-08-04,USD-SOFR-1D,execution_timestamp,2026-07-31 10:00:00-04:00,strict,4.498329558811519,108.19543235632591,3283.038673967697,0.0,,-0.032955881151863764,-0.03295588115188633,0.0
4547554044000000101,2026-08-03,SOFR,2.9397260273972603,3Y,500000000.0,0.041827,0.0,0.0,,False,False,False,NEW_TRADE,2026-08-05,2029-07-13,USD-SOFR-1D,execution_timestamp,2026-08-03 11:58:00-04:00,strict,4.110915876196608,-987511.9538262933,137566.90219287894,0.0,,7.17841238033925,7.17841238033934,0.0
4570720668000000201,2026-08-04,SOFR,2.0,2Y,3000000.0,0.04075,0.0,0.0,,False,False,False,NEW_TRADE,2028-08-08,2030-08-08,USD-SOFR-1D,execution_timestamp,2026-08-04 08:09:00-04:00,strict,4.074660813446309,-17.893378557113465,527.5379687772624,0.0,,0.03391865536910288,0.0339186553691805,0.0
4624574412000000101,2026-08-06,SOFR,30.02191780821918,30Y,25000000.0,0.04461,0.0,0.0,,False,False,False,NEW_TRADE,2026-08-10,2056-08-10,USD-SOFR-1D,execution_timestamp,2026-08-06 15:22:00-04:00,strict,4.460650131372759,-1443.4386235401034,41256.58922124474,0.0,,0.034986862724029066,0.03498686272390197,0.0
4624743187000000101,2026-08-06,SOFR,2.0027397260273974,2Y,10000000.0,0.041067,0.0,0.0,,False,False,False,NEW_TRADE,2026-08-10,2028-08-10,USD-SOFR-1D,execution_timestamp,2026-08-06 15:30:00-04:00,strict,4.105970010255996,-139.37552558421157,1909.2805991975404,0.0,,0.0729989744003845,0.07299897440050997,0.0
4626708019000000101,2026-08-06,SOFR,2.0027397260273974,2Y,21000000.0,0.040995,0.0,0.0,,False,False,False,NEW_TRADE,2026-08-10,2028-08-10,USD-SOFR-1D,execution_timestamp,2026-08-06 16:36:00-04:00,strict,4.100080416395273,232.7370061937254,4009.828255873912,0.0,,-0.05804163952731756,-0.058041639527277485,0.0
4639210312000000201,2026-08-07,SOFR,5.002739726027397,5Y,33000000.0,0.0410209,0.0,0.0,,False,False,False,NEW_TRADE,2026-08-11,2031-08-11,USD-SOFR-1D,execution_timestamp,2026-08-07 05:24:00-04:00,strict,4.101329926350385,-1127.2431288929656,14830.709227496,0.0,,0.07600736496149452,0.07600736496155336,0.0
4647256366000000101,2026-08-07,FED_FUNDS,2.0027397260273974,2Y,20000000.0,0.039892,0.0,0.0,,False,False,False,NEW_TRADE,2026-08-11,2028-08-11,USD-FEDFUNDS-1D,execution_timestamp,2026-08-07 08:59:00-04:00,strict,3.990040051569113,321.2844253119547,3824.5797892038286,0.0,,-0.08400515691131538,-0.08400515691132625,0.0
4647538294000000101,2026-08-07,SOFR,2.0027397260273974,2Y,52000000.0,0.040445,0.0,0.0,,False,False,False,NEW_TRADE,2026-08-11,2028-08-11,USD-SOFR-1D,execution_timestamp,2026-08-07 10:36:00-04:00,strict,4.044240092261151,-258.2699004271999,9936.983853207797,0.0,,0.02599077388492077,0.025990773884957734,0.0
849965368000007001,2025-11-03,SOFR,2.1890410958904107,2Y,10000000.0,0.0337626,0.0,0.0,,False,False,False,NEW_TRADE,2025-11-05,2028-01-13,USD-SOFR-1D,execution_timestamp,2025-11-03 11:29:00-05:00,strict,3.38138978507855,1078.8094831107883,2103.030568711092,0.0,,-0.5129785078550331,-0.512978507854962,0.0
852164966000000501,2025-11-03,SOFR,2.9945205479452053,3Y,300000000.0,0.033501,0.0,0.0,0.033501,False,False,False,NEW_TRADE,2025-11-03,2028-10-31,USD-SOFR-1D,execution_timestamp,2025-11-03 14:03:00-05:00,strict,3.3575839831090843,63695.808336474,85109.50306550135,0.0,,-0.7483983109084047,-0.748398310908394,0.0
852590028000000901,2025-11-03,SOFR,7.005479452054795,7Y,10000000.0,0.0353099,0.0,0.0,,False,False,False,NEW_TRADE,2025-11-10,2032-11-10,USD-SOFR-1D,execution_timestamp,2025-11-03 15:02:00-05:00,strict,3.5104140989741843,-12758.20542647224,6200.557346414728,0.0,,2.05759010258153,2.057590102581546,0.0
910989428000001301,2025-11-06,SOFR,1.747945205479452,21M,210000000.0,0.033797,0.0,0.0,,False,False,False,NEW_TRADE,2025-11-10,2027-08-10,USD-SOFR-1D,execution_timestamp,2025-11-06 10:44:00-05:00,strict,3.3805400000138928,2985.799481149763,35545.23133056198,0.0,,-0.08400000138926167,-0.0840000013892878,0.0
914442141000000201,2025-11-06,SOFR,15.01095890410959,15Y,9000000.0,0.0387186,0.0,0.0,,False,False,False,NEW_TRADE,2025-11-10,2040-11-10,USD-SOFR-1D,execution_timestamp,2025-11-06 12:42:00-05:00,strict,3.8725998943102775,765.4924051733688,10345.969614045613,0.0,,-0.07398943102776556,-0.07398943102772522,0.0
922601817,2024-03-05,SOFR,10.005479452054795,10Y,130000000.0,0.0376,0.0,0.0,,False,False,False,NEW_TRADE,2024-03-22,2034-03-22,USD-SOFR-1D,execution_timestamp,2024-03-05 11:15:00-05:00,strict,3.7610864678192737,11634.999447107315,107090.14331312166,0.0,,-0.10864678192734623,-0.10864678192733064,0.0
927926284,2024-03-08,SOFR,7.065753424657534,7Y,30000000.0,0.03755,0.0,0.0,,False,False,False,NEW_TRADE,2024-03-28,2031-04-20,USD-SOFR-1D,execution_timestamp,2024-03-08 15:47:00-05:00,strict,3.7313066597326703,-43601.884216020815,18399.82403819686,0.0,,2.369334026732961,2.3696902821193335,0.0
928402917,2024-03-11,SOFR,10.005479452054795,10Y,18000000.0,0.0369357,0.0,0.0,,False,False,False,NEW_TRADE,2024-03-13,2034-03-13,USD-SOFR-1D,execution_timestamp,2024-03-11 03:47:00-04:00,strict,3.6953495256633992,2653.6409410415217,14912.068960963732,0.0,,-0.17795256633990064,-0.1779525663399308,0.0
929020170,2024-03-11,SOFR,10.005479452054795,10Y,50000000.0,0.03721,0.0,0.0,,False,False,False,NEW_TRADE,2024-03-13,2034-03-13,USD-SOFR-1D,execution_timestamp,2024-03-11 10:56:00-04:00,strict,3.7231897216081693,9057.263670742512,41362.62635832096,0.0,,-0.2189721608169215,-0.2189721608168736,0.0
930500240,2024-03-12,SOFR,7.523287671232877,8Y,4000000.0,0.0374329,0.0,0.0,,False,False,False,NEW_TRADE,2024-03-14,2031-09-20,USD-SOFR-1D,execution_timestamp,2024-03-12 08:17:00-04:00,strict,3.7430360129971274,-77.23233452846762,2597.200969025966,0.0,,0.025398700287260212,0.02973675716647843,0.0
933699512,2024-03-14,SOFR,9.676712328767124,9Y8M,27000000.0,0.03907,0.0,0.0,,False,False,False,NEW_TRADE,2024-03-18,2033-11-18,USD-SOFR-1D,execution_timestamp,2024-03-14 11:11:00-04:00,strict,3.9052503581673124,-3766.910741230473,21529.6106371943,0.0,,0.1749641832687665,0.1749641832687305,0.0
936515363000000101,2025-11-07,SOFR,30.02191780821918,30Y,2000000.0,0.039568,0.0,0.0,,False,False,False,NEW_TRADE,2026-06-09,2056-06-09,USD-SOFR-1D,execution_timestamp,2025-11-07 16:28:00-05:00,strict,3.955619753940895,-406.1855507497676,3441.532785609864,0.0,,0.1180246059104828,0.1180246059105285,0.0
938343254,2024-03-19,SOFR,9.005479452054795,9Y,100000000.0,0.03743,0.0,0.0,,False,False,False,NEW_TRADE,2025-04-15,2034-04-15,USD-SOFR-1D,execution_timestamp,2024-03-19 10:12:00-04:00,strict,3.780522664921171,270296.29358640313,72035.47353426152,0.0,,-3.7522664921171067,-3.752266492117176,0.0
939355368,2024-03-20,SOFR,7.002739726027397,7Y,5000000.0,0.03964,0.0,0.0,,False,False,False,NEW_TRADE,2024-03-26,2031-03-26,USD-SOFR-1D,execution_timestamp,2024-03-20 04:49:00-04:00,strict,3.9482437109421067,-4760.74602336972,3021.489391237581,0.0,,1.575628905789328,1.575628905789324,0.0
945670556,2024-03-26,SOFR,0.25205479452054796,3M,400000000.0,0.0531,0.0,0.0,,False,False,False,NEW_TRADE,2024-03-28,2024-06-28,USD-SOFR-1D,execution_timestamp,2024-03-26 09:09:00-04:00,strict,5.3121600000001115,2176.539270458743,10076.570696051853,0.0,,-0.2160000000110962,-0.2160000000110695,0.0
945885917,2024-03-26,SOFR,0.25205479452054796,3M,800000000.0,0.05308,0.0,0.0,,False,False,False,NEW_TRADE,2024-03-28,2024-06-28,USD-SOFR-1D,execution_timestamp,2024-03-26 13:10:00-04:00,strict,5.307459999999879,-1088.2831092067063,20153.390906698838,0.0,,0.05400000001207772,0.05400000001215523,0.0
946294840,2024-03-27,SOFR,30.019178082191782,30Y,5000000.0,0.036693,0.0,0.0,,False,False,False,NEW_TRADE,2024-04-01,2054-04-01,USD-SOFR-1D,execution_timestamp,2024-03-27 01:47:00-04:00,strict,3.670199190031493,802.016266385559,8919.318923653847,0.0,,-0.0899190031492747,-0.08991900314929076,0.0
948818484,2024-03-28,SOFR,5.002739726027397,5Y,45000000.0,0.039805,0.0,0.0,,False,False,False,NEW_TRADE,2024-04-02,2029-04-02,USD-SOFR-1D,execution_timestamp,2024-03-28 09:44:00-04:00,strict,3.990240008268722,19628.60734141618,20152.55716409262,60.0,,-0.9740008268722011,-0.9740008268722342,0.0
948833757,2024-03-28,SOFR,0.4986301369863014,6M,25000000.0,0.05235,0.0,0.0,,False,False,False,NEW_TRADE,2024-04-01,2024-09-30,USD-SOFR-1D,execution_timestamp,2024-03-28 10:51:00-04:00,strict,5.234025135806295,-119.93171663174871,1230.2402468579319,0.0,,0.09748641937052938,0.09748641937057229,0.0
949018518,2024-03-28,SOFR,4.997260273972603,5Y,170000000.0,0.03974337,0.0,0.0,,False,False,False,NEW_TRADE,2024-04-02,2029-03-31,USD-SOFR-1D,execution_timestamp,2024-03-28 13:00:00-04:00,strict,3.972505060836393,-14156.203981719911,76006.65817243236,0.0,,0.18319391636070215,0.18624952500351305,0.0
950443536,2024-04-01,FED_FUNDS,5.504109589041096,5Y6M,3000000.0,0.03956,0.0,0.0,,False,False,False,NEW_TRADE,2024-06-24,2029-12-24,USD-FEDFUNDS-1D,execution_timestamp,2024-04-01 12:34:00-04:00,strict,3.9559959097883053,-0.5937253593001515,1451.5761133297215,0.0,,0.000409021169467394,0.0004090211693675676,0.0
950451998,2024-04-01,SOFR,5.002739726027397,5Y,34000000.0,0.040935,0.0,0.0,,False,False,False,NEW_TRADE,2024-04-03,2029-04-03,USD-SOFR-1D,execution_timestamp,2024-04-01 14:10:00-04:00,strict,4.093470400324243,-44.96724218595773,15191.802287173901,0.0,,0.0029599675756664112,0.0029599675756656315,0.0
952366777,2024-04-03,SOFR,10.005479452054795,10Y,2000000.0,0.0398266,0.0,0.0,,False,False,False,NEW_TRADE,2024-04-05,2034-04-05,USD-SOFR-1D,execution_timestamp,2024-04-03 02:52:00-04:00,strict,3.9832936173165696,103.48581886966713,1633.2542713634691,0.0,,-0.06336173165699677,-0.06336173165693017,0.0
953491868,2024-04-03,SOFR,7.002739726027397,7Y,76000000.0,0.040485,0.0,0.0,,False,False,False,NEW_TRADE,2024-04-10,2031-04-10,USD-SOFR-1D,execution_timestamp,2024-04-03 12:17:00-04:00,strict,4.030875667470012,-80727.63857692108,45804.65015600494,0.0,,1.7624332529988074,1.7624332529988285,0.0
954506761,2024-04-04,SOFR,10.005479452054795,10Y,12000000.0,0.03945,0.0,0.0,,False,False,False,NEW_TRADE,2024-04-08,2034-04-08,USD-SOFR-1D,execution_timestamp,2024-04-04 14:53:00-04:00,strict,3.943529542005144,-1444.3860921543092,9822.695358905285,0.0,,0.14704579948556784,0.14704579948565996,0.0
954586915,2024-04-04,SOFR,30.019178082191782,30Y,3000000.0,0.037245,0.0,0.0,,False,False,False,NEW_TRADE,2024-04-08,2054-04-08,USD-SOFR-1D,execution_timestamp,2024-04-04 16:34:00-04:00,strict,3.7239194435601077,-308.5774905080907,5315.202266390556,0.0,,0.05805564398921881,0.058055643989187125,0.0
954653695000001301,2025-11-10,SOFR,2.0,2Y,200000000.0,0.033645,0.0,0.0,,False,False,False,NEW_TRADE,2025-11-13,2027-11-13,USD-SOFR-1D,execution_timestamp,2025-11-10 10:01:00-05:00,strict,3.3650900354460083,2278.039659116417,38608.52215792801,0.0,,-0.05900354460082191,-0.05900354460080354,0.0
962547480,2024-04-12,SOFR,10.005479452054795,10Y,37000000.0,0.041355,0.0,0.0,,False,False,False,NEW_TRADE,2024-04-16,2034-04-16,USD-SOFR-1D,execution_timestamp,2024-04-12 08:12:00-04:00,strict,4.14057001134811,15178.77190840803,29938.33912041591,0.0,,-0.5070011348109915,-0.5070011348110204,0.0
967207111,2024-04-16,SOFR,30.019178082191782,30Y,25000000.0,0.04012,0.0,0.0,,False,False,False,NEW_TRADE,2024-04-18,2054-04-18,USD-SOFR-1D,execution_timestamp,2024-04-16 13:30:00-04:00,strict,4.008890335707415,-13263.735831305385,42653.27245430181,0.0,,0.31096642925856344,0.31096642925852847,0.0
969092999,2024-04-16,SOFR,1.0,1Y,31000000.0,0.04798,0.0,0.0,,False,False,False,NEW_TRADE,2024-10-21,2025-10-21,USD-SOFR-1D,execution_timestamp,2024-04-16 17:43:00-04:00,strict,4.877513636478943,23165.8079605503,2913.4383718804265,0.0,,-7.951363647894283,-7.951363647894273,0.0
969102981,2024-04-17,SOFR,7.002739726027397,7Y,30000000.0,0.042615,0.0,0.0,,False,False,False,NEW_TRADE,2024-04-19,2031-04-19,USD-SOFR-1D,execution_timestamp,2024-04-17 15:00:00-04:00,strict,4.261649885733728,268.9440208058804,17943.270124263647,0.0,,-0.014988573372853864,-0.014988573372821433,0.0
969116897,2024-04-16,SOFR,1.0,1Y,17000000.0,0.04965,0.0,0.0,,False,False,False,NEW_TRADE,2024-07-22,2025-07-22,USD-SOFR-1D,execution_timestamp,2024-04-16 17:43:00-04:00,strict,5.05114580826539,13921.335022382555,1616.0200133586216,0.0,,-8.614580826538987,-8.614580826539047,0.0
972212132,2024-04-19,SOFR,10.005479452054795,10Y,6000000.0,0.0422553,0.0,0.0,,False,False,False,NEW_TRADE,2024-04-23,2034-04-23,USD-SOFR-1D,execution_timestamp,2024-04-19 08:50:00-04:00,strict,4.225920675482407,188.83769092033617,4833.620214841889,0.0,,-0.03906754824072323,-0.03906754824065407,0.0
975633173,2024-04-23,SOFR,20.013698630136986,20Y,5000000.0,0.0419049,0.0,0.0,,False,False,False,NEW_TRADE,2024-04-25,2044-04-25,USD-SOFR-1D,execution_timestamp,2024-04-23 07:49:00-04:00,strict,4.1896801571799624,-542.3232089523226,6696.647738715863,0.0,,0.08098428200380425,0.0809842820038071,0.0
979248474,2024-04-25,SOFR,10.005479452054795,10Y,13000000.0,0.043228,0.0,0.0,,False,False,False,NEW_TRADE,2024-04-29,2034-04-29,USD-SOFR-1D,execution_timestamp,2024-04-25 12:48:00-04:00,strict,4.321360158571656,-1501.5766307776794,10428.763898705243,0.0,,0.14398414283443017,0.14398414283442584,0.0
980908269,2024-04-26,SOFR,5.002739726027397,5Y,32000000.0,0.04443,0.0,0.0,,False,False,False,NEW_TRADE,2024-04-30,2029-04-30,USD-SOFR-1D,execution_timestamp,2024-04-26 09:12:00-04:00,strict,4.442650151768925,-495.5048825889826,14163.423981492639,0.0,,0.034984823107464535,0.03498482310749571,0.0
984851397,2024-04-30,SOFR,5.002739726027397,5Y,10000000.0,0.044597,0.0,0.0,,False,False,False,NEW_TRADE,2024-05-02,2029-05-02,USD-SOFR-1D,execution_timestamp,2024-04-30 14:06:00-04:00,strict,4.459869881910529,75.1573825548403,4424.0956745070025,0.0,,-0.016988191052913493,-0.016988191052901547,0.0
985427533,2024-05-01,SOFR,9.101369863013698,9Y,59000000.0,0.04226,0.0,0.0,,False,False,False,NEW_TRADE,2024-05-08,2033-06-12,USD-SOFR-1D,execution_timestamp,2024-05-01 09:52:00-04:00,strict,4.289907374414111,280177.6961366497,43873.70776253055,0.0,,-6.390737441411076,-6.386004521275719,0.0
989947242,2024-05-07,SOFR,30.019178082191782,30Y,5000000.0,0.0381,0.0,0.0,,False,False,False,NEW_TRADE,2024-05-09,2054-05-09,USD-SOFR-1D,execution_timestamp,2024-05-07 10:53:00-04:00,strict,3.81068050573183,595.8198171923868,8755.544432966444,0.0,,-0.06805057318297614,-0.06805057318297665,0.0
993453355,2024-05-09,SOFR,5.002739726027397,5Y,83000000.0,0.042513,0.0,0.0,,False,False,False,NEW_TRADE,2024-05-13,2029-05-13,USD-SOFR-1D,execution_timestamp,2024-05-09 11:31:00-04:00,strict,4.2513101691337845,37.568232376128435,36943.394762210635,0.0,,-0.0010169133783932693,-0.0010169133783708732,0.0
993462617,2024-05-09,SOFR,1.9972602739726026,2Y,2000000.0,0.046615,0.0,0.0,,False,False,False,NEW_TRADE,2024-05-09,2026-05-08,USD-SOFR-1D,execution_timestamp,2024-05-09 11:45:00-04:00,strict,4.741333206407673,3007.2750396772753,376.694758359125,0.0,,-7.9833206407673885,-7.983320640767359,0.0
993661025,2024-05-09,SOFR,5.002739726027397,5Y,34000000.0,0.042291,0.0,0.0,,False,False,False,NEW_TRADE,2024-05-13,2029-05-13,USD-SOFR-1D,execution_timestamp,2024-05-09 13:29:00-04:00,strict,4.228549995645041,-832.7492765374482,15140.776050769171,0.0,,0.05500043549586664,0.05500043549585052,0.0
994999916,2024-05-10,SOFR,30.019178082191782,30Y,2000000.0,0.0388455,0.0,0.0,,False,False,False,NEW_TRADE,2024-05-14,2054-05-14,USD-SOFR-1D,execution_timestamp,2024-05-10 08:52:00-04:00,strict,3.884390185858321,-55.451679348247126,3469.760483381876,0.0,,0.015981414167898222,0.015981414167873617,0.0
997101417000001101,2025-11-12,SOFR,1.0,1Y,31000000.0,0.035712,0.0,0.0,,False,False,False,NEW_TRADE,2025-11-14,2026-11-14,USD-SOFR-1D,execution_timestamp,2025-11-12 13:55:00-05:00,strict,3.571179948078761,-6.111957557499409,3048.0658110860686,0.0,,0.0020051921238994908,0.0020051921238936872,0.0
