trade_id,as_of_date,rate_index_clean,tenor_years,tenor_label,notional,fixed_rate,other_payment_ufro,other_payment_uwin,pkg_ptp,is_capped,is_block,is_off_market,lifecycle_type,effective_date,expiration_date,curve,clock_field,snap,policy,mid_pct,npv_pay,pv01,lag_s,error,dev_bps,npv_implied_dev_bps,u_bps
1007385782,2024-05-22,SOFR,1.0,1Y,1100000000.0,0.05162,41545.965,0.0,,True,True,True,NEW_TRADE,2024-05-30,2025-05-30,USD-SOFR-1D,execution_timestamp,2024-05-22 09:49:00-04:00,strict,5.157851618396132,-43892.9539424628,105807.41632235226,0.0,,0.4148381603868323,0.4148381603869693,0.39265645494476775
1007460892,2024-05-22,SOFR,1.6904109589041096,~20M,460000000.0,0.048598,813.12875,0.0,9.9999999999,True,False,False,NEW_TRADE,2024-05-24,2026-01-31,USD-SOFR-1D,execution_timestamp,2024-05-22 11:35:00-04:00,strict,4.856416423737312,-24388.654086485505,73878.71739487766,0.0,,0.3383576262687704,0.33011745393642256,0.011006265114943344
1009106484,2024-05-23,SOFR,1.0,1Y,1100000000.0,0.0517,300025.88928,0.0,,True,True,True,NEW_TRADE,2024-05-30,2025-05-30,USD-SOFR-1D,execution_timestamp,2024-05-23 09:49:00-04:00,strict,5.199093513488297,307751.4239663854,105780.08190389046,0.0,,-2.9093513488296807,-2.9093513488295635,2.8363174227128805
1009118438,2024-05-23,SOFR,10.005479452054795,10Y,170000000.0,0.03127,231473.70008,0.0,,True,True,True,NEW_TRADE,2044-05-17,2054-05-17,USD-SOFR-1D,execution_timestamp,2024-05-23 10:30:00-04:00,strict,3.16488096391742,246610.9883315377,65101.561002814786,0.0,,-3.788096391742002,-3.7880963917420507,3.5555783381291244
1010644724,2024-05-24,SOFR,6.742465753424658,7Y,170000000.0,0.038,3907456.715,0.0,9.9999999999,True,False,True,NEW_TRADE,2024-06-03,2031-02-28,USD-SOFR-1D,execution_timestamp,2024-05-24 09:51:00-04:00,strict,4.190577326118218,3846663.573050715,98486.60728161236,0.0,,-39.05773261182182,-39.05773261182178,39.675005798778585
1010650276,2024-05-24,SOFR,4.2465753424657535,4Y,240000000.0,0.0393797,4078435.065,0.0,,True,False,True,NEW_TRADE,2024-06-03,2028-08-31,USD-SOFR-1D,execution_timestamp,2024-05-24 09:46:00-04:00,strict,4.364886220434835,3919378.51733049,91806.73700658175,0.0,,-42.691622043483555,-42.69162204348363,44.424137029373036
1013543400,2024-05-28,SOFR,1.0,1Y,1100000000.0,0.051,577634.90184,0.0,,True,True,True,NEW_TRADE,2024-06-28,2025-06-28,USD-SOFR-1D,execution_timestamp,2024-05-28 11:47:00-04:00,strict,5.149453372413874,524365.079376109,106032.21858920294,0.0,,-4.94533724138746,-4.945337241387346,5.447730034565357
1013788767,2024-05-28,SOFR,0.2493150684931507,3M,2100000000.0,0.053125,455224.224,0.0,0.75,True,False,False,NEW_TRADE,2024-06-20,2024-09-19,USD-SOFR-1D,execution_timestamp,2024-05-28 13:02:00-04:00,strict,5.333086800550991,107399.8434045203,52169.27377253336,0.0,,-2.0586800550990603,-2.058680055099125,8.72590686205165
1013844647,2024-05-28,SOFR,2.9808219178082194,3Y,240000000.0,0.044854,884526.58,0.0,,True,False,True,NEW_TRADE,2024-05-22,2027-05-15,USD-SOFR-1D,execution_timestamp,2024-05-28 14:10:00-04:00,strict,4.619004919550133,885339.0870031044,66182.20424780503,0.0,,-13.360491955013387,-13.377298279279769,13.365021459365126
1013949235,2024-05-28,SOFR,4.2465753424657535,4Y,240000000.0,0.039927,3252568.95,0.0,,True,False,True,NEW_TRADE,2024-06-03,2028-08-31,USD-SOFR-1D,execution_timestamp,2024-05-28 11:45:00-04:00,strict,4.35932352347276,3368562.2980217785,91880.69183651448,0.0,,-36.66235234727604,-36.66235234727599,35.3999179260358
1015265657,2024-05-29,SOFR,7.002739726027397,7Y,170000000.0,0.043062,2545.41212,0.0,,True,True,False,NEW_TRADE,2024-05-31,2031-05-31,USD-SOFR-1D,execution_timestamp,2024-05-29 12:53:00-04:00,strict,4.304639678789087,-15823.36524015665,101410.94749904913,0.0,,0.1560321210913429,0.15603212109131528,0.02509997374813865
1015311519,2024-05-29,SOFR,1.0,1Y,1100000000.0,0.051,971664.9,0.0,9.9999999999,True,False,True,NEW_TRADE,2024-06-28,2025-06-28,USD-SOFR-1D,execution_timestamp,2024-05-29 13:37:00-04:00,strict,5.178261557920881,829709.8712936714,106017.55106031446,0.0,,-7.826155792088141,-7.826155792088057,9.165132473652498
1015578298,2024-05-29,SOFR,5.161643835616438,5Y,170000000.0,0.0545,341700.0,0.0,,True,False,True,NEW_TRADE,2024-06-04,2029-08-01,USD-SOFR-1D,execution_timestamp,2024-05-29 16:58:00-04:00,strict,4.3751985722763855,-8333879.377858192,77538.78216843278,0.0,,107.48014277236146,107.48014277236148,4.40682701538626
1022441349,2024-06-04,SOFR,7.556164383561644,IMM_Z2031,170000000.0,0.041425,1398695.00562,0.0,22330583.0,True,True,True,NEW_TRADE,2024-05-29,2031-12-17,USD-SOFR-1D,execution_timestamp,2024-06-04 11:03:00-04:00,strict,4.014541351364282,-1403326.9927671328,109670.35114306574,0.0,,12.795864863571804,12.795864863571769,12.75362931769401
1022938276,2024-06-04,SOFR,10.005479452054795,10Y,170000000.0,0.039072,14180.688,0.0,9.9999999999,True,False,False,NEW_TRADE,2024-06-11,2034-06-11,USD-SOFR-1D,execution_timestamp,2024-06-04 16:44:00-04:00,strict,3.954161318828565,652117.7999689505,138862.75263042742,0.0,,-4.696131882856447,-4.696131882856392,0.10212017068206054
1023209795,2024-06-04,SOFR,1.7753424657534247,~21M,460000000.0,0.04625,2924872.16239,0.0,,True,False,False,NEW_TRADE,2024-06-05,2026-03-15,USD-SOFR-1D,execution_timestamp,2024-06-04 14:13:00-04:00,strict,4.730626669138306,821151.3451713324,77740.91068763437,0.0,,-10.562666913830565,-10.562666913830563,37.623332895368776
1025872378,2024-06-06,SOFR,1.821917808219178,~22M,460000000.0,0.047,1748842.68,0.0,,True,False,False,NEW_TRADE,2024-09-03,2026-06-30,USD-SOFR-1D,execution_timestamp,2024-06-06 09:58:00-04:00,strict,4.475667741766205,-1767426.5875424147,78786.10956166772,0.0,,22.433225823379477,22.433225823379548,22.197347853953115
1028459626,2024-06-10,SOFR,5.002739726027397,5Y,240000000.0,0.03953,1750298.64495,0.0,-263204.0,True,True,True,NEW_TRADE,2024-09-27,2029-09-27,USD-SOFR-1D,execution_timestamp,2024-06-10 08:24:00-04:00,strict,4.120042540359904,1764364.8997521326,105623.68699318734,0.0,,-16.704254035990385,-16.704254035990363,16.57108073743812
1028459627,2024-06-10,SOFR,2.0,2Y,460000000.0,0.04525,87965.0,0.0,-263204.0,True,True,False,NEW_TRADE,2024-09-27,2026-09-27,USD-SOFR-1D,execution_timestamp,2024-06-10 08:24:00-04:00,strict,4.521114023822317,-33336.610379859805,85786.96537391236,0.0,,0.388597617768216,0.38859761776813473,1.025388875997588
1028459630,2024-06-10,SOFR,2.0,2Y,460000000.0,0.04373,1392367.284,0.0,-263204.0,True,True,True,NEW_TRADE,2024-09-27,2026-09-27,USD-SOFR-1D,execution_timestamp,2024-06-10 08:24:00-04:00,strict,4.521114023822317,1270625.2633035928,85786.96537391236,0.0,,-14.811402382231709,-14.811402382231687,16.230522643285106
1028462734,2024-06-10,SOFR,3.0,3Y,240000000.0,0.043886,742811.50566,0.0,,True,True,True,NEW_TRADE,2024-06-07,2027-06-07,USD-SOFR-1D,execution_timestamp,2024-06-10 08:38:00-04:00,strict,4.49406356828643,702231.6756527573,66585.23763823016,0.0,,-10.546356828642978,-10.546356828642876,11.155798672610159
1028489994,2024-06-10,FED_FUNDS,0.13424657534246576,FOMC_20240918,2100000000.0,0.05312,28843.5,0.0,-965587.0,True,True,False,NEW_TRADE,2024-07-31,2024-09-18,USD-FEDFUNDS-1D,execution_timestamp,2024-06-10 10:56:00-04:00,strict,5.317160765814061,14530.968383824453,28156.612617907787,0.0,,-0.5160765814061108,-0.5160765814060553,1.0243952421199753
1028489995,2024-06-10,FED_FUNDS,0.13424657534246576,FOMC_20240918,2100000000.0,0.05302,57015.55179,0.0,-965587.0,True,True,False,NEW_TRADE,2024-07-31,2024-09-18,USD-FEDFUNDS-1D,execution_timestamp,2024-06-10 10:56:00-04:00,strict,5.317160765814061,42687.58100173436,28156.612617907787,0.0,,-1.5160765814061783,-1.5160765814061306,2.0249435741335495
1028490000,2024-06-10,FED_FUNDS,0.136986301369863,FOMC_20241107,2100000000.0,0.05167,145219.82616,0.0,-965587.0,True,True,False,NEW_TRADE,2024-09-18,2024-11-07,USD-FEDFUNDS-1D,execution_timestamp,2024-06-10 10:56:00-04:00,strict,5.219716443178922,150306.10675726272,28512.186652486496,0.0,,-5.271644317892221,-5.271644317892216,5.093254611790206
1028490009,2024-06-10,FED_FUNDS,0.136986301369863,FOMC_20241107,2100000000.0,0.0521,22496.73495,0.0,-965587.0,True,True,False,NEW_TRADE,2024-09-18,2024-11-07,USD-FEDFUNDS-1D,execution_timestamp,2024-06-10 10:56:00-04:00,strict,5.219716443178922,27703.70415157266,28512.186652486496,0.0,,-0.9716443178922063,-0.9716443178922817,0.7890217339061261
1028490010,2024-06-10,FED_FUNDS,0.136986301369863,FOMC_20241107,2100000000.0,0.05202,45329.3784,0.0,-965587.0,True,True,False,NEW_TRADE,2024-09-18,2024-11-07,USD-FEDFUNDS-1D,execution_timestamp,2024-06-10 10:56:00-04:00,strict,5.219716443178922,50513.453473562375,28512.186652486496,0.0,,-1.771644317892207,-1.7716443178922998,1.5898246932964333
1028490013,2024-06-10,FED_FUNDS,0.136986301369863,FOMC_20241107,2100000000.0,0.05184,96711.19278,0.0,-965587.0,True,True,False,NEW_TRADE,2024-09-18,2024-11-07,USD-FEDFUNDS-1D,execution_timestamp,2024-06-10 10:56:00-04:00,strict,5.219716443178922,101835.38944803923,28512.186652486496,0.0,,-3.571644317892275,-3.571644317892341,3.3919247919754336
1028490020,2024-06-10,SOFR,0.25205479452054796,3M,2100000000.0,0.0418,2711530.0,0.0,-965587.0,True,True,True,NEW_TRADE,2025-03-19,2025-06-19,USD-SOFR-1D,execution_timestamp,2024-06-10 10:56:00-04:00,strict,4.697386058502615,2662605.0177718364,51462.63556999916,0.0,,-51.738605850261536,-51.73860585026154,52.68929525212119
1030396350,2024-06-11,SOFR,10.005479452054795,10Y,170000000.0,0.0405,968183.15,0.0,1139039.0,True,True,False,NEW_TRADE,2024-06-12,2034-06-12,USD-SOFR-1D,execution_timestamp,2024-06-11 09:53:00-04:00,strict,4.0663929156018535,226551.7814412564,138201.02960552933,0.0,,-1.639291560185363,-1.6392915601852522,7.005614594648893
1032450111000003901,2025-11-14,FED_FUNDS,0.019178082191780823,1W,17000000000.0,0.037526,170187.76855,0.0,729429.0,True,True,False,NEW_TRADE,2025-12-17,2025-12-24,USD-FEDFUNDS-1D,execution_timestamp,2025-11-14 05:20:00-05:00,strict,3.7548325557578615,7344.556257348508,32897.52666414597,0.0,,-0.22325557578617428,-0.22325557578628305,5.1732694158884165
1032863653000000801,2025-11-14,FED_FUNDS,0.019178082191780823,1W,17000000000.0,0.037526,130745.03993,0.0,-274794.0,True,True,False,NEW_TRADE,2025-12-11,2025-12-18,USD-FEDFUNDS-1D,execution_timestamp,2025-11-14 05:41:00-05:00,strict,3.7870135137191454,113294.47696564533,32921.50807100421,0.0,,-3.4413513719145694,-3.4413513719145215,3.9714170945028604
1034284648,2024-06-13,SOFR,1.821917808219178,~22M,460000000.0,0.0463395,1739239.66656,0.0,-6745054.0,True,True,True,NEW_TRADE,2024-09-03,2026-06-30,USD-SOFR-1D,execution_timestamp,2024-06-13 12:57:00-04:00,strict,4.410644334034733,-1762377.4539313242,78922.20048753457,0.0,,22.33056659652668,22.33056659652672,22.037394495034455
1034284649,2024-06-13,SOFR,1.821917808219178,~22M,460000000.0,0.0441184,15687.30494,0.0,-6745054.0,True,True,False,NEW_TRADE,2024-09-03,2026-06-30,USD-SOFR-1D,execution_timestamp,2024-06-13 12:57:00-04:00,strict,4.410644334034733,-9436.458902701735,78922.20048753457,0.0,,0.11956659652669899,0.11956659652681864,0.19876922897604385
1034284655,2024-06-13,SOFR,1.821917808219178,~22M,460000000.0,0.0440965,32984.61215,0.0,-6745054.0,True,True,False,NEW_TRADE,2024-09-03,2026-06-30,USD-SOFR-1D,execution_timestamp,2024-06-13 12:57:00-04:00,strict,4.410644334034733,7847.503004074097,78922.20048753457,0.0,,-0.09943340347327023,-0.09943340347325436,0.41793832338987785
1035517758000000501,2025-11-14,FED_FUNDS,0.019178082191780823,1W,17000000000.0,0.037525,148067.45877,0.0,-2602.0,True,True,False,NEW_TRADE,2025-12-17,2025-12-24,USD-FEDFUNDS-1D,execution_timestamp,2025-11-14 07:42:00-05:00,strict,3.743755583753077,-28767.222968503833,32897.819769987414,0.0,,0.8744416246923237,0.8744416246923478,4.500828924386093
1036030649,2024-06-14,SOFR,5.002739726027397,5Y,240000000.0,0.037564,1001184.6,0.0,,True,False,True,NEW_TRADE,2029-06-14,2034-06-14,USD-SOFR-1D,execution_timestamp,2024-06-14 09:21:00-04:00,strict,3.6386707438747856,-1058616.1350129582,89919.54675115214,0.0,,11.772925612521457,11.77292561252144,11.134226496611781
1036579733,2024-06-14,SOFR,10.005479452054795,10Y,170000000.0,0.0415,6798390.83,0.0,,True,False,True,NEW_TRADE,2025-04-21,2035-04-21,USD-SOFR-1D,execution_timestamp,2024-06-14 16:17:00-04:00,strict,3.6659662184998596,-6568747.262543276,135708.44667463278,0.0,,48.40337815001408,48.40337815001411,50.09556145240873
1038565510,2024-06-17,FED_FUNDS,0.16986301369863013,2M,2100000000.0,0.053431,6778.81032,0.0,,True,True,False,NEW_TRADE,2024-06-18,2024-08-19,USD-FEDFUNDS-1D,execution_timestamp,2024-06-17 10:34:00-04:00,strict,5.345859051692631,9883.161465197802,35820.86371050574,0.0,,-0.27590516926316866,-0.27590516926310776,0.1892419561623209
1040574232,2024-06-18,SOFR,1.0,1Y,1100000000.0,0.05032,424819.92786,0.0,29871.0,True,True,False,NEW_TRADE,2024-07-10,2025-07-10,USD-SOFR-1D,execution_timestamp,2024-06-18 11:25:00-04:00,strict,4.991478154800604,-428560.13214647025,105760.27079656588,0.0,,4.052184519939583,4.052184519939655,4.016819592653636
1040574236,2024-06-18,SOFR,1.0,1Y,1100000000.0,0.05118,1431431.5008,0.0,29871.0,True,True,False,NEW_TRADE,2024-07-12,2025-07-12,USD-SOFR-1D,execution_timestamp,2024-06-18 11:25:00-04:00,strict,4.981943835822417,-1446479.9245491251,106314.91291060856,0.0,,13.605616417758348,13.605616417758352,13.464070670909289
1040847818,2024-06-18,SOFR,3.0,3Y,240000000.0,0.042599,7635.53736,0.0,,True,True,False,NEW_TRADE,2024-06-21,2027-06-21,USD-SOFR-1D,execution_timestamp,2024-06-18 14:36:00-04:00,strict,4.25974994491406,-1002.2088475860655,66789.39546145257,0.0,,0.015005508593990413,0.015005508594017582,0.11432260027577046
1040858424,2024-06-18,SOFR,3.0,3Y,240000000.0,0.042505,9782.12423,0.0,,True,True,False,NEW_TRADE,2024-06-21,2027-06-21,USD-SOFR-1D,execution_timestamp,2024-06-18 15:06:00-04:00,strict,4.2503096362133075,-1271.6235046386719,66799.6537965855,0.0,,0.019036378669223808,0.019036378669131243,0.14643974443023264
1043806807,2024-06-20,SOFR,30.019178082191782,30Y,120000000.0,0.03965,7494636.03432,0.0,,True,False,True,NEW_TRADE,2024-10-30,2054-10-30,USD-SOFR-1D,execution_timestamp,2024-06-20 11:03:00-04:00,strict,3.605642816856573,-7610190.358541876,211772.31778067726,0.0,,35.93571831434268,35.93571831434265,35.390064730187476
1044094302,2024-06-20,SOFR,22.265753424657536,22Y3M,120000000.0,0.0336272,72546.50871,0.0,,True,False,False,NEW_TRADE,2024-06-28,2046-09-28,USD-SOFR-1D,execution_timestamp,2024-06-20 14:19:00-04:00,strict,3.7650233882580397,7187043.66232191,178647.35600268224,0.0,,-40.23033882580393,-40.230338825803855,0.40608778284359703
1044187211,2024-06-20,SOFR,30.02191780821918,30Y,120000000.0,0.03473,192693.09558,0.0,-922456.0,True,True,True,NEW_TRADE,2026-06-08,2056-06-08,USD-SOFR-1D,execution_timestamp,2024-06-20 16:52:00-04:00,strict,3.4790194245797594,120781.41316005588,200652.75602284662,0.0,,-0.6019424579759569,-0.6019424579760246,0.9603311681303778
1044195151,2024-06-20,SOFR,30.02191780821918,30Y,120000000.0,0.03473,192693.09558,0.0,-922456.0,True,False,True,NEW_TRADE,2026-06-08,2056-06-08,USD-SOFR-1D,execution_timestamp,2024-06-20 16:52:00-04:00,strict,3.4790194245797594,120781.41316005588,200652.75602284662,0.0,,-0.6019424579759569,-0.6019424579760246,0.9603311681303778
1044239673,2024-06-20,SOFR,22.265753424657536,22Y3M,120000000.0,0.03365,98533.88,0.0,,True,False,False,NEW_TRADE,2024-06-28,2046-09-28,USD-SOFR-1D,execution_timestamp,2024-06-20 18:32:00-04:00,strict,3.7707899304393675,7245592.6241572425,178555.2592769393,0.0,,-40.57899304393678,-40.57899304393675,0.5518396960079115
1044240386,2024-06-20,SOFR,22.265753424657536,22Y3M,120000000.0,0.0336272,72546.50871,0.0,,True,False,False,NEW_TRADE,2024-06-28,2046-09-28,USD-SOFR-1D,execution_timestamp,2024-06-20 18:39:00-04:00,strict,3.770794104388149,7286353.140337631,178554.65617605246,0.0,,-40.807410438814884,-40.8074104388148,0.40629861054124583
1044255820,2024-06-20,SOFR,22.265753424657536,22Y3M,120000000.0,0.033895,86378.4688,0.0,,True,False,False,NEW_TRADE,2024-06-28,2046-09-28,USD-SOFR-1D,execution_timestamp,2024-06-20 18:54:00-04:00,strict,3.770791523450957,6808117.898449771,178554.13718174244,0.0,,-38.12915234509568,-38.12915234509568,0.4837662692300383
1049379567,2024-06-25,SOFR,2.0,2Y,460000000.0,0.04569,12541.76448,0.0,,True,True,False,NEW_TRADE,2024-06-27,2026-06-27,USD-SOFR-1D,execution_timestamp,2024-06-25 12:48:00-04:00,strict,4.567279998653363,-14989.43904646486,87147.83320239531,0.0,,0.172000134663719,0.17200013466373673,0.1439136696706222
1049445401,2024-06-25,SOFR,3.0,3Y,240000000.0,0.042649,12617.97158,0.0,,True,True,False,NEW_TRADE,2024-06-27,2027-06-27,USD-SOFR-1D,execution_timestamp,2024-06-25 15:22:00-04:00,strict,4.26478993501036,-735.784070353955,66849.964985336,0.0,,0.011006498963972433,0.011006498963991295,0.18875060866176727
1050872611,2024-06-26,SOFR,0.09041095890410959,1M,6400000000.0,0.05345,1464.62225,0.0,,True,False,False,NEW_TRADE,2024-06-28,2024-07-31,USD-SOFR-1D,execution_timestamp,2024-06-26 08:10:00-04:00,strict,5.346562230642619,9114.982448749244,58345.945855137994,0.0,,-0.1562230642619511,-0.1562230642619117,0.025102382496915578
1050873434,2024-06-26,SOFR,0.09041095890410959,1M,6400000000.0,0.05345,1459.2,0.0,,True,False,False,NEW_TRADE,2024-06-28,2024-07-31,USD-SOFR-1D,execution_timestamp,2024-06-26 07:57:00-04:00,strict,5.346720783997066,10040.075295154005,58345.935993572195,0.0,,-0.17207839970660999,-0.17207839970653813,0.025009453960268217
1051192672,2024-06-26,SOFR,5.002739726027397,5Y,240000000.0,0.040589,18589.26216,0.0,,True,True,False,NEW_TRADE,2024-06-28,2029-06-28,USD-SOFR-1D,execution_timestamp,2024-06-26 12:54:00-04:00,strict,4.059370049171393,5044.317981392145,107314.68723698075,0.0,,-0.047004917139226166,-0.0470049171391879,0.17322197584147755
1054581932,2024-06-28,SOFR,2.0,2Y,460000000.0,0.0459,313132.12,0.0,-333358.0,True,True,True,NEW_TRADE,2024-06-25,2026-06-25,USD-SOFR-1D,execution_timestamp,2024-06-28 09:58:00-04:00,strict,4.552294945120076,-328062.59795380384,87007.590626389,0.0,,3.7705054879924482,3.7705054879924917,3.5989057706998318
1054648089,2024-06-28,SOFR,3.0,3Y,240000000.0,0.043124,14465.502,0.0,,True,True,False,NEW_TRADE,2024-07-02,2027-07-02,USD-SOFR-1D,execution_timestamp,2024-06-28 11:07:00-04:00,strict,4.310490002595899,-12743.433768808842,66719.6392070998,0.0,,0.1909997404101027,0.1909997404100588,0.21681025514989133
1054655944,2024-06-28,SOFR,3.0,3Y,240000000.0,0.043124,83609.38852,0.0,,True,True,False,NEW_TRADE,2024-07-02,2027-07-02,USD-SOFR-1D,execution_timestamp,2024-06-28 11:34:00-04:00,strict,4.30060000411388,-78742.29406446218,66730.78094636142,0.0,,1.179999588612013,1.1799995886119732,1.2529358615959505
1054681496,2024-06-28,SOFR,10.005479452054795,10Y,170000000.0,0.039232,7711.77204,0.0,,True,True,False,NEW_TRADE,2024-07-02,2034-07-02,USD-SOFR-1D,execution_timestamp,2024-06-28 11:52:00-04:00,strict,3.927819972359772,64286.67824552208,139149.48670538617,0.0,,-0.461997235977174,-0.4619972359771104,0.055420772455508416
1054687535,2024-06-28,FED_FUNDS,0.13972602739726028,2M,2100000000.0,0.053373,98.80812,0.0,,True,True,False,NEW_TRADE,2024-07-01,2024-08-21,USD-FEDFUNDS-1D,execution_timestamp,2024-06-28 11:55:00-04:00,strict,5.338313692620338,2990.889972092584,29504.90032268611,0.0,,-0.10136926203383467,-0.1013692620338361,0.003348871506745174
1054842714,2024-06-28,SOFR,3.0,3Y,240000000.0,0.043124,54351.47024,0.0,,True,True,False,NEW_TRADE,2024-07-02,2027-07-02,USD-SOFR-1D,execution_timestamp,2024-06-28 12:38:00-04:00,strict,4.322260004708279,65772.58576043323,66706.44457725511,0.0,,-0.9860004708278858,-0.986000470827967,0.814785896391969
1054865638,2024-06-28,SOFR,10.005479452054795,10Y,170000000.0,0.039232,283485.6089,0.0,,True,True,False,NEW_TRADE,2024-07-02,2034-07-02,USD-SOFR-1D,execution_timestamp,2024-06-28 12:51:00-04:00,strict,3.9454095398749054,308788.47787356377,139034.16262237332,0.0,,-2.2209539874904927,-2.220953987490508,2.038963687435347
1054921091,2024-06-28,SOFR,10.005479452054795,10Y,170000000.0,0.039232,45567.7672,0.0,,True,True,False,NEW_TRADE,2024-07-02,2034-07-02,USD-SOFR-1D,execution_timestamp,2024-06-28 13:57:00-04:00,strict,3.9291498967890393,82789.63409399241,139144.65583085374,0.0,,-0.5949896789038789,-0.5949896789038933,0.3274848532838576
1054926074,2024-06-28,SOFR,10.005479452054795,10Y,170000000.0,0.039232,33207.41163,0.0,,True,True,False,NEW_TRADE,2024-07-02,2034-07-02,USD-SOFR-1D,execution_timestamp,2024-06-28 14:22:00-04:00,strict,3.9231898325540584,-141.5202343314886,139189.56160524287,0.0,,0.0010167445942066422,0.0010167445942020838,0.238576882109737
1054928168,2024-06-28,SOFR,2.9534246575342467,IMM_M2027,240000000.0,0.0427696,228626.145,0.0,55729.0,True,True,False,NEW_TRADE,2024-07-02,2027-06-15,USD-SOFR-1D,execution_timestamp,2024-06-28 14:32:00-04:00,strict,4.309872172627625,216538.25109730288,65792.75502327281,0.0,,-3.291217262762469,-3.291217262762549,3.4749440864594936
1054936281,2024-06-28,SOFR,10.005479452054795,10Y,170000000.0,0.039232,5434.37085,0.0,,True,True,False,NEW_TRADE,2024-07-02,2034-07-02,USD-SOFR-1D,execution_timestamp,2024-06-28 14:50:00-04:00,strict,3.925138223648159,26975.395450614393,139175.86588235147,0.0,,-0.19382236481586546,-0.1938223648158748,0.039046790300509414
1056408231,2024-07-01,SOFR,5.002739726027397,5Y,240000000.0,0.027683,891828.50526,0.0,-95225.0,True,True,True,NEW_TRADE,2049-06-24,2054-06-24,USD-SOFR-1D,execution_timestamp,2024-07-01 16:19:00-04:00,strict,2.9729321472124908,872830.0014371108,42653.61104434689,0.0,,-20.46321472124908,-20.46321472124906,20.908628447255435
1056419485,2024-07-01,SOFR,0.07397260273972603,27D,6400000000.0,0.05258,31991.15808,0.0,40042.0,True,True,False,NEW_TRADE,2024-09-03,2024-09-30,USD-SOFR-1D,execution_timestamp,2024-07-01 16:24:00-04:00,strict,5.245325539688633,-60011.960744898766,47348.73065251781,0.0,,1.267446031136732,1.267446031136794,0.6756497510942006
1056419486,2024-07-01,FED_FUNDS,0.07397260273972603,27D,6400000000.0,0.05253,11150.25471,0.0,40042.0,True,True,False,NEW_TRADE,2024-09-03,2024-09-30,USD-FEDFUNDS-1D,execution_timestamp,2024-07-01 16:24:00-04:00,strict,5.244715478698463,-39225.7616754435,47348.25374661297,0.0,,0.8284521301536785,0.828452130153786,0.23549452889374248
1056419487,2024-07-01,FED_FUNDS,0.07397260273972603,27D,6400000000.0,0.05247,17273.03004,0.0,40042.0,True,True,False,NEW_TRADE,2024-09-03,2024-09-30,USD-FEDFUNDS-1D,execution_timestamp,2024-07-01 16:24:00-04:00,strict,5.244715478698463,-10816.809427473694,47348.25374661297,0.0,,0.22845213015365573,0.22845213015374338,0.36480817502663687
1057768866,2024-07-02,SOFR,7.254794520547946,7Y3M,170000000.0,0.04375,1229104.338,0.0,,True,False,False,NEW_TRADE,2024-07-10,2031-10-10,USD-SOFR-1D,execution_timestamp,2024-07-02 10:16:00-04:00,strict,4.041293711999737,-3526783.4991321936,105685.25754388569,0.0,,33.3706288000263,33.370628800026346,11.629856108261984
1057793594000000401,2025-11-17,SOFR,2.0,2Y,1100000000.0,0.03742,1187746.5,0.0,,True,True,True,NEW_TRADE,2025-05-27,2027-05-27,USD-SOFR-1D,execution_timestamp,2025-11-17 10:07:00-05:00,strict,3.687077677196539,-1181221.749256432,215071.3387493502,0.0,,5.492232280346121,5.4922322803461,5.522569891956785
1057820788,2024-07-02,SOFR,5.002739726027397,5Y,240000000.0,0.038678,41057.35088,0.0,1498553.0,True,True,True,NEW_TRADE,2028-11-30,2033-11-30,USD-SOFR-1D,execution_timestamp,2024-07-02 12:02:00-04:00,strict,3.87371924061846,53621.88178355247,90589.12323368443,0.0,,-0.5919240618460275,-0.5919240618460235,0.4532260542370868
1057820800,2024-07-02,SOFR,10.005479452054795,10Y,170000000.0,0.03822,1750470.94506,0.0,1498553.0,True,True,True,NEW_TRADE,2033-09-13,2043-09-13,USD-SOFR-1D,execution_timestamp,2024-07-02 12:02:00-04:00,strict,4.0030964145655705,1748245.1147993132,96536.70499182178,0.0,,-18.109641456557092,-18.109641456557046,18.13269828515789
1057820922,2024-07-02,SOFR,10.005479452054795,10Y,170000000.0,0.03995,31676.77163,0.0,1498553.0,True,True,False,NEW_TRADE,2033-11-30,2043-11-30,USD-SOFR-1D,execution_timestamp,2024-07-02 12:02:00-04:00,strict,3.9975758795853205,24650.224722400308,95696.33946743973,0.0,,-0.2575879585320351,-0.25758795853197125,0.3310134097739223
1057839807,2024-07-02,SOFR,10.005479452054795,10Y,170000000.0,0.03995,31676.77163,0.0,1498553.0,True,False,False,NEW_TRADE,2033-11-30,2043-11-30,USD-SOFR-1D,execution_timestamp,2024-07-02 12:03:00-04:00,strict,3.9981505656467617,30148.379814840853,95691.95882595365,0.0,,-0.31505656467616383,-0.315056564676195,0.331028563096031
1057857971,2024-07-02,SOFR,5.002739726027397,5Y,240000000.0,0.038678,41057.35088,0.0,1498553.0,True,False,True,NEW_TRADE,2028-11-30,2033-11-30,USD-SOFR-1D,execution_timestamp,2024-07-02 12:03:00-04:00,strict,3.8740506095765084,56622.84846013039,90587.72231260683,0.0,,-0.625060957650847,-0.6250609576508842,0.4532330632877185
1057858010,2024-07-02,SOFR,10.005479452054795,10Y,170000000.0,0.04085,830252.03426,0.0,1498553.0,True,False,False,NEW_TRADE,2033-11-30,2043-11-30,USD-SOFR-1D,execution_timestamp,2024-07-02 12:03:00-04:00,strict,3.9981505656467617,-831079.2496187463,95691.95882595365,0.0,,8.684943435323822,8.68494343532385,8.676298870316556
1065117477,2024-07-08,SOFR,10.005479452054795,10Y,170000000.0,0.0388,383424.1458,0.0,,True,True,False,NEW_TRADE,2024-07-10,2034-07-10,USD-SOFR-1D,execution_timestamp,2024-07-08 14:16:00-04:00,strict,3.8540706963614912,-362527.871236369,139813.9634949359,0.0,,2.592930363850865,2.5929303638509604,2.742388072089007
1066559651,2024-07-09,SOFR,10.005479452054795,10Y,170000000.0,0.04375,1453500.0,0.0,,True,False,True,NEW_TRADE,2024-07-17,2034-07-17,USD-SOFR-1D,execution_timestamp,2024-07-09 10:48:00-04:00,strict,3.8852908524087875,-6831731.899402775,139505.907394354,0.0,,48.97091475912126,48.970914759121264,10.418913629881349
1066708743,2024-07-09,SOFR,1.0,1Y,1100000000.0,0.04842,54985.55722,0.0,,True,True,True,NEW_TRADE,2024-08-20,2025-08-20,USD-SOFR-1D,execution_timestamp,2024-07-09 12:12:00-04:00,strict,4.828492402461671,-142695.68660851568,105641.05586030513,0.0,,1.3507597538328753,1.3507597538329217,0.5204942034346038
1066803335,2024-07-09,SOFR,3.0,3Y,240000000.0,0.042101,14678.4069,0.0,,True,True,False,NEW_TRADE,2024-07-11,2027-07-11,USD-SOFR-1D,execution_timestamp,2024-07-09 12:49:00-04:00,strict,4.211860030133694,11780.116523444653,66931.33428751327,0.0,,-0.17600301336946345,-0.17600301336951465,0.21930545769410142
1066810244,2024-07-09,SOFR,3.0,3Y,240000000.0,0.042112,22332.86677,0.0,,True,True,False,NEW_TRADE,2024-07-11,2027-07-11,USD-SOFR-1D,execution_timestamp,2024-07-09 12:53:00-04:00,strict,4.210560032706855,-4283.483688607812,66932.85320184976,0.0,,0.06399672931447498,0.0639967293145279,0.33366076151946866
1066823348,2024-07-09,SOFR,3.0,3Y,240000000.0,0.042067,7288.66104,0.0,,True,True,False,NEW_TRADE,2024-07-11,2027-07-11,USD-SOFR-1D,execution_timestamp,2024-07-09 13:04:00-04:00,strict,4.206589979112426,-736.4490920044482,66937.20694778398,0.0,,0.011002088757372519,0.01100208875728761,0.10888803659952079
1068289684,2024-07-10,SOFR,1.821917808219178,~22M,460000000.0,0.04402573,256782.8906,0.0,252630.0,True,True,False,NEW_TRADE,2024-09-03,2026-06-30,USD-SOFR-1D,execution_timestamp,2024-07-10 08:19:00-04:00,strict,4.368603711330155,-269294.24588397145,79275.79776582474,0.0,,3.3969288669845277,3.3969288669847026,3.239108250395903
1068337288,2024-07-10,SOFR,10.005479452054795,10Y,170000000.0,0.03885,128712.01508,0.0,,True,True,False,NEW_TRADE,2024-07-12,2034-07-12,USD-SOFR-1D,execution_timestamp,2024-07-10 11:21:00-04:00,strict,3.8784897643943834,-90943.82953932136,139693.6071881255,0.0,,0.651023560561681,0.651023560561703,0.9213880124568866
1068338200,2024-07-10,SOFR,0.07397260273972603,27D,6400000000.0,0.05256,9485.3346,0.0,,True,False,False,NEW_TRADE,2024-09-03,2024-09-30,USD-SOFR-1D,execution_timestamp,2024-07-10 11:23:00-04:00,strict,5.233250166979767,-107861.64937012643,47412.062002477076,0.0,,2.2749833020233368,2.2749833020232515,0.20006163409438787
1068571001,2024-07-10,SOFR,10.005479452054795,10Y,170000000.0,0.038609,4973.25872,0.0,,True,True,False,NEW_TRADE,2024-07-12,2034-07-12,USD-SOFR-1D,execution_timestamp,2024-07-10 12:44:00-04:00,strict,3.8612694907192013,5165.402943536639,139797.90763591768,0.0,,-0.036949071920178156,-0.036949071920226034,0.035574629149329566
1070147606,2024-07-11,SOFR,3.0027397260273974,3Y,240000000.0,0.039,2744629.01739,0.0,,True,True,True,NEW_TRADE,2026-08-31,2029-08-31,USD-SOFR-1D,execution_timestamp,2024-07-11 11:01:00-04:00,strict,3.460879836870327,-2734840.7676071264,62280.00891864141,0.0,,43.91201631296728,43.91201631296723,44.06918150855448
1070498872,2024-07-11,SOFR,10.008219178082191,10Y,170000000.0,0.0,170000000.0,0.0,,True,False,True,NEW_TRADE,2030-08-01,2040-08-01,USD-SOFR-1D,execution_timestamp,2024-07-11 14:17:00-04:00,strict,3.8026942524764955,-7.450580596923828e-09,112439.79297318739,0.0,,-380.26942524764956,6.626284520730582e-14,1511.920250871847
1070498895,2024-07-11,SOFR,4.873972602739726,5Y,240000000.0,0.0419271,3166566.925,0.0,,True,False,True,NEW_TRADE,2024-07-11,2029-05-25,USD-SOFR-1D,execution_timestamp,2024-07-11 14:06:00-04:00,strict,3.8441317188103517,-3680379.556640446,105582.5837478982,0.0,,34.85782811896483,34.85782811896484,29.991375590512916
1072353115,2024-07-12,FED_FUNDS,0.13424657534246576,FOMC_20240918,2100000000.0,0.05328,15922.04845,0.0,-213080.0,True,True,False,NEW_TRADE,2024-07-31,2024-09-18,USD-FEDFUNDS-1D,execution_timestamp,2024-07-12 14:48:00-04:00,strict,5.323975347898645,-11385.734470080584,28289.984285219016,0.0,,0.4024652101355386,0.4024652101354972,0.5628157403508693
1072353116,2024-07-12,FED_FUNDS,0.136986301369863,FOMC_20241107,2100000000.0,0.0510675,57331.28787,0.0,-213080.0,True,True,False,NEW_TRADE,2024-09-18,2024-11-07,USD-FEDFUNDS-1D,execution_timestamp,2024-07-12 14:48:00-04:00,strict,5.087172101755561,-56096.35781654902,28652.900896797488,0.0,,1.9577898244438785,1.957789824443879,2.0008894763045744
1073986965,2024-07-15,SOFR,1.0,1Y,1100000000.0,0.04668,14770.73286,0.0,,True,True,True,NEW_TRADE,2024-08-19,2025-08-19,USD-SOFR-1D,execution_timestamp,2024-07-15 14:54:00-04:00,strict,4.659630835072836,-88649.10093390197,105923.47230028492,0.0,,0.8369164927164441,0.836916492716445,0.13944721164470614
1075950648,2024-07-16,SOFR,10.005479452054795,10Y,170000000.0,0.037165,1109.85,0.0,,True,False,False,NEW_TRADE,2024-07-23,2034-07-23,USD-SOFR-1D,execution_timestamp,2024-07-16 16:25:00-04:00,strict,3.722699699119933,87315.31841302663,140837.99346373498,0.0,,-0.6199699119933566,-0.6199699119933134,0.007880330958320421
1077263220,2024-07-17,SOFR,3.0,3Y,240000000.0,0.055,84000.0,0.0,,True,False,True,NEW_TRADE,2024-07-22,2027-07-22,USD-SOFR-1D,execution_timestamp,2024-07-17 09:12:00-04:00,strict,4.017530466867185,-9946190.746188223,67092.04151514356,0.0,,148.24695331328152,148.24695331328138,1.2520113876850818
1078056012,2024-07-17,SOFR,1.0,1Y,1100000000.0,0.04668,596.19729,0.0,,True,True,True,NEW_TRADE,2024-08-21,2025-08-21,USD-SOFR-1D,execution_timestamp,2024-07-17 15:05:00-04:00,strict,4.660666663038526,-77659.42620719224,105899.1651620221,0.0,,0.7333336961473869,0.7333336961474246,0.005629858262695825
1079092956000002101,2025-11-18,SOFR,10.005479452054795,10Y,470000000.0,0.037,1429447.66,0.0,,True,True,False,NEW_TRADE,2025-11-19,2035-11-19,USD-SOFR-1D,execution_timestamp,2025-11-18 09:14:00-05:00,strict,3.6572974046933,-1688126.52242741,395321.7621324736,0.0,,4.270259530669973,4.270259530669889,3.615909360236504
1085445791,2024-07-23,SOFR,2.0,2Y,460000000.0,0.043024,32694.3239,0.0,,True,True,False,NEW_TRADE,2024-07-25,2026-07-25,USD-SOFR-1D,execution_timestamp,2024-07-23 14:34:00-04:00,strict,4.305249973985577,24927.475013688207,87465.62298405878,0.0,,-0.2849973985577847,-0.28499739855773293,0.37379627314789454
1085453251,2024-07-23,SOFR,2.0,2Y,460000000.0,0.042995,19712.72128,0.0,,True,True,False,NEW_TRADE,2024-07-25,2026-07-25,USD-SOFR-1D,execution_timestamp,2024-07-23 15:21:00-04:00,strict,4.299090197163747,-3584.7043282166123,87473.87795051698,0.0,,0.04098028362529149,0.040980283625294864,0.2253555203206067
1086808258,2024-07-24,SOFR,10.005479452054795,10Y,170000000.0,0.03129408,36067.96191,0.0,,True,True,True,NEW_TRADE,2044-07-26,2054-07-26,USD-SOFR-1D,execution_timestamp,2024-07-24 09:04:00-04:00,strict,3.1205737227791492,-60094.536396149546,68024.28188953946,0.0,,0.883427722085095,0.883427722085085,0.5302218694284578
1087168945,2024-07-24,SOFR,12.183561643835617,12Y,120000000.0,0.03967,3231455.5,0.0,,True,False,True,NEW_TRADE,2024-05-29,2036-08-01,USD-SOFR-1D,execution_timestamp,2024-07-24 13:08:00-04:00,strict,3.846037572053354,-1414972.1568517685,116976.17027626974,0.0,,12.096242794664569,12.096242794664441,27.62490422081758
1088823963,2024-07-25,SOFR,7.002739726027397,7Y,170000000.0,0.037905,24790.00858,0.0,,True,True,False,NEW_TRADE,2024-07-29,2031-07-29,USD-SOFR-1D,execution_timestamp,2024-07-25 12:43:00-04:00,strict,3.791259626676355,7866.663998134434,103559.60688327887,0.0,,-0.07596266763547632,-0.0759626676354699,0.23937912981787005
1088836275,2024-07-25,SOFR,7.002739726027397,7Y,170000000.0,0.037893,11173.151,0.0,,True,True,False,NEW_TRADE,2024-07-29,2031-07-29,USD-SOFR-1D,execution_timestamp,2024-07-25 12:49:00-04:00,strict,3.7895405710222865,2491.490166693926,103565.68064654582,0.0,,-0.024057102228614013,-0.024057102228652455,0.1078846866089964
1090641378,2024-07-26,SOFR,5.002739726027397,5Y,240000000.0,0.0399,2029320.65,0.0,,True,False,True,NEW_TRADE,2024-07-25,2029-07-25,USD-SOFR-1D,execution_timestamp,2024-07-26 12:40:00-04:00,strict,3.8044002264866394,-2009472.3104817346,108269.11436597625,0.0,,18.55997735133603,18.559977351336077,18.74330146583075
1090721974,2024-07-26,FED_FUNDS,0.0273972602739726,10D,6400000000.0,0.05331,1403.6486,0.0,,True,True,True,NEW_TRADE,2024-07-22,2024-08-01,USD-FEDFUNDS-1D,execution_timestamp,2024-07-26 14:09:00-04:00,strict,5.331923667362748,1639.6490815989673,17751.510421690287,0.0,,-0.09236673627475156,-0.09236673627476263,0.07907206579361856
1092700384,2024-07-29,SOFR,2.0,2Y,460000000.0,0.0445,1917510.92,0.0,-2179875.0,True,True,True,NEW_TRADE,2024-07-31,2026-07-31,USD-SOFR-1D,execution_timestamp,2024-07-29 15:02:00-04:00,strict,4.230009723393817,-1921083.8595925197,87325.85317993599,0.0,,21.999027660618342,21.999027660618474,21.95811263416969
1092701009,2024-07-29,SOFR,6.742465753424658,7Y,170000000.0,0.0376178,622184.30128,0.0,961135.0,True,True,False,NEW_TRADE,2024-09-03,2031-05-31,USD-SOFR-1D,execution_timestamp,2024-07-29 15:07:00-04:00,strict,3.7000355284838036,-618037.6482881531,100081.90372217367,0.0,,6.174447151619633,6.175318667037143,6.216751262118047
1092701011,2024-07-29,SOFR,6.742465753424658,7Y,170000000.0,0.0373768,381048.8634,0.0,961135.0,True,True,False,NEW_TRADE,2024-09-03,2031-05-31,USD-SOFR-1D,execution_timestamp,2024-07-29 15:07:00-04:00,strict,3.7000355284838036,-376833.65824213624,100081.90372217367,0.0,,3.7644471516196543,3.7652527003105636,3.807370256043367
1094019857,2024-07-30,SOFR,5.002739726027397,5Y,240000000.0,0.03818,526111.38006,0.0,,True,True,True,NEW_TRADE,2024-07-26,2029-07-26,USD-SOFR-1D,execution_timestamp,2024-07-30 09:32:00-04:00,strict,3.7747618625346426,-468638.80889264494,108385.52175567645,0.0,,4.323813746535743,4.323813746535763,4.854074340722044
1094448153,2024-07-30,SOFR,6.413698630136986,6Y,170000000.0,0.041358,4405720.73424,0.0,-4466407.0,True,True,True,NEW_TRADE,2024-09-03,2031-01-31,USD-SOFR-1D,execution_timestamp,2024-07-30 15:29:00-04:00,strict,3.678606368691374,-4384132.792869143,95892.25423635995,0.0,,45.719363130862554,45.719363130862654,45.9444901918831
1095893068,2024-07-31,SOFR,10.005479452054795,10Y,170000000.0,0.0429,8058517.48,0.0,,True,True,True,NEW_TRADE,2024-05-02,2034-05-02,USD-SOFR-1D,execution_timestamp,2024-07-31 09:29:00-04:00,strict,3.7235179242221506,-8077350.632721163,142587.92957623536,0.0,,56.648207577784945,56.64820757778496,56.516126603068976
1096019695,2024-07-31,SOFR,2.0027397260273974,2Y,460000000.0,0.0345,644451.72,0.0,,True,True,True,NEW_TRADE,2027-01-15,2029-01-15,USD-SOFR-1D,execution_timestamp,2024-07-31 11:16:00-04:00,strict,3.381532997737663,-551435.5389413051,80540.33632558254,0.0,,6.846700226233704,6.846700226233711,8.00160204689012
1096065633,2024-07-31,SOFR,2.0027397260273974,2Y,460000000.0,0.0345,710683.44,0.0,,True,True,True,NEW_TRADE,2027-01-15,2029-01-15,USD-SOFR-1D,execution_timestamp,2024-07-31 11:57:00-04:00,strict,3.373369132659448,-617317.2332989164,80557.25515353115,0.0,,7.663086734055202,7.6630867340551,8.822091053692608
1096350125,2024-07-31,SOFR,3.0,3Y,240000000.0,0.04,316278.73488,0.0,,True,True,False,NEW_TRADE,2024-08-15,2027-08-15,USD-SOFR-1D,execution_timestamp,2024-07-31 14:01:00-04:00,strict,3.9456427724429197,-365023.1978072822,67152.65185737726,0.0,,5.435722755708028,5.435722755707993,4.709847282751117
1097828359,2024-08-01,SOFR,2.5013698630136987,3Y,240000000.0,0.03703,1571274.72,0.0,,True,True,True,NEW_TRADE,2024-06-01,2026-12-01,USD-SOFR-1D,execution_timestamp,2024-08-01 08:39:00-04:00,strict,4.079033453111816,2142932.6484464817,56987.819320672585,0.0,,-37.603345311181656,-37.60334531118167,27.572115212171543
1097884829,2024-08-01,SOFR,2.0,2Y,460000000.0,0.0409,2442297.1907,0.0,,True,True,False,NEW_TRADE,2024-10-23,2026-10-23,USD-SOFR-1D,execution_timestamp,2024-08-01 11:38:00-04:00,strict,3.801339439511685,-2508008.8426214755,86884.36128505997,0.0,,28.866056048831503,28.8660560488316,28.10974443015167
1098267439,2024-08-01,SOFR,1.0,1Y,1100000000.0,0.0315,19032755.38913,0.0,,True,True,True,NEW_TRADE,2024-05-13,2025-05-13,USD-SOFR-1D,execution_timestamp,2024-08-01 15:11:00-04:00,strict,4.922206036445503,19045662.594227538,107468.67013514553,0.0,,-177.22060364455027,-177.22060364455024,177.10050161777994
1098295427,2024-08-01,SOFR,1.0,1Y,1100000000.0,0.0475,1211110.94268,0.0,,True,True,True,NEW_TRADE,2024-07-12,2025-07-12,USD-SOFR-1D,execution_timestamp,2024-08-01 16:09:00-04:00,strict,4.6400978396576535,-1180023.5035297126,107370.36468199753,0.0,,10.990216034234646,10.990216034234665,11.279750667393081
1099703682,2024-08-02,SOFR,3.0027397260273974,3Y,240000000.0,0.0405545,169779.9,0.0,,True,True,True,NEW_TRADE,2023-12-08,2026-12-08,USD-SOFR-1D,execution_timestamp,2024-08-02 09:15:00-04:00,strict,4.106606662488954,354556.059305802,69307.89501413712,0.0,,-5.115666248895323,-5.1156662488953275,2.4496473304429323
1099710137,2024-08-02,SOFR,1.6986301369863013,~20M,460000000.0,0.042915,2076213.951,0.0,,True,True,True,NEW_TRADE,2024-07-03,2026-03-15,USD-SOFR-1D,execution_timestamp,2024-08-02 09:40:00-04:00,strict,4.014059383940151,-2095546.1723338887,75531.34079985795,0.0,,27.744061605984882,27.744061605984754,27.4881119415254
1100044415,2024-08-02,SOFR,30.02191780821918,30Y,120000000.0,0.0435,21408000.0,0.0,,True,False,True,NEW_TRADE,2023-11-08,2053-11-08,USD-SOFR-1D,execution_timestamp,2024-08-02 12:41:00-04:00,strict,3.413837070047792,-21595444.86257775,230680.41012562014,0.0,,93.61629299522076,93.61629299522079,92.8037191729544
1100051324,2024-08-02,SOFR,20.013698630136986,20Y,120000000.0,0.0285,10118400.0,0.0,,True,False,True,NEW_TRADE,2022-07-14,2042-07-14,USD-SOFR-1D,execution_timestamp,2024-08-02 12:42:00-04:00,strict,3.4752432799939568,10062221.919347115,160932.90789857626,0.0,,-62.524327999395666,-62.52432799939566,62.873405645393895
1101730391,2024-08-05,SOFR,2.0,2Y,460000000.0,0.04884,7313639.82,0.0,,True,True,True,NEW_TRADE,2024-04-19,2026-04-19,USD-SOFR-1D,execution_timestamp,2024-08-05 10:01:00-04:00,strict,4.059857614426533,-7335966.787366882,89013.34181789789,0.0,,82.41423855734675,82.4142385573467,82.16341135649228
1101733658,2024-08-05,SOFR,7.002739726027397,7Y,170000000.0,0.038719,6113705.73868,0.0,-385488.0,True,True,True,NEW_TRADE,2024-07-12,2031-07-12,USD-SOFR-1D,execution_timestamp,2024-08-05 10:06:00-04:00,strict,3.2949024778914793,-6121848.957408838,106098.35784108363,0.0,,57.69975221085208,57.699752210852054,57.62300061078455
1101733663,2024-08-05,SOFR,6.96986301369863,7Y,170000000.0,0.0387651,6136891.19625,0.0,-385488.0,True,True,True,NEW_TRADE,2024-07-12,2031-06-30,USD-SOFR-1D,execution_timestamp,2024-08-05 10:06:00-04:00,strict,3.294740420157099,-6142647.228551641,105585.56929378083,0.0,,58.17695798429008,58.17695798429013,58.12244265288508
1101733664,2024-08-05,SOFR,9.846575342465753,10Y,170000000.0,0.038733,7913349.74376,0.0,-385488.0,True,True,True,NEW_TRADE,2024-07-12,2034-05-15,USD-SOFR-1D,execution_timestamp,2024-08-05 10:06:00-04:00,strict,3.3188424124884492,-7913862.650210522,142731.61425616994,0.0,,55.445758751155026,55.445758751155054,55.44216524838978
1101733669,2024-08-05,SOFR,9.775342465753425,10Y,170000000.0,0.032485,737044.182,0.0,-385488.0,True,True,False,NEW_TRADE,2024-08-07,2034-05-15,USD-SOFR-1D,execution_timestamp,2024-08-05 10:06:00-04:00,strict,3.300277971029455,732892.042323254,141545.1451170875,0.0,,-5.177797102945503,-5.177797102945486,5.207131487203677
1101733670,2024-08-05,SOFR,9.098630136986301,9Y,170000000.0,0.03875,7530919.48406,0.0,-385488.0,True,True,True,NEW_TRADE,2024-07-12,2033-08-15,USD-SOFR-1D,execution_timestamp,2024-08-05 10:06:00-04:00,strict,3.3093052722414495,-7548026.956495948,133429.33186603058,0.0,,56.56947277585505,56.56947277585507,56.44125904506066
1101733671,2024-08-05,SOFR,6.96986301369863,7Y,170000000.0,0.0388334,6209103.5136,0.0,-385488.0,True,True,True,NEW_TRADE,2024-07-12,2031-06-30,USD-SOFR-1D,execution_timestamp,2024-08-05 10:06:00-04:00,strict,3.294740420157099,-6214762.172379293,105585.56929378083,0.0,,58.85995798429007,58.85995798429012,58.80636487666053
1101733675,2024-08-05,SOFR,4.983561643835617,5Y,240000000.0,0.031963,959911.8606,0.0,-385488.0,True,True,True,NEW_TRADE,2024-08-07,2029-07-31,USD-SOFR-1D,execution_timestamp,2024-08-05 10:06:00-04:00,strict,3.282424659129843,943772.5298884213,109582.14980747573,0.0,,-8.612465912984302,-8.612465912984277,8.75974656717781
1101733676,2024-08-05,SOFR,6.983561643835617,7Y,170000000.0,0.032001,744361.7745,0.0,-385488.0,True,True,True,NEW_TRADE,2024-08-07,2031-07-31,USD-SOFR-1D,execution_timestamp,2024-08-05 10:06:00-04:00,strict,3.269680732132018,734292.2610015571,105530.97653648723,0.0,,-6.9580732132017875,-6.958073213201778,7.053490822598782
1101979213,2024-08-05,SOFR,2.0,2Y,460000000.0,0.046,7054754.30884,0.0,,True,True,True,NEW_TRADE,2033-10-26,2035-10-26,USD-SOFR-1D,execution_timestamp,2024-08-05 12:13:00-04:00,strict,3.5221272137987696,-7003217.979790002,64972.58368004252,0.0,,107.787278620123,107.78727862012305,108.5804797848449
1102250502,2024-08-05,SOFR,10.005479452054795,10Y,170000000.0,0.03238,577028.9765,0.0,0.0,True,True,False,NEW_TRADE,2024-12-13,2034-12-13,USD-SOFR-1D,execution_timestamp,2024-08-05 14:36:00-04:00,strict,3.2795254425356033,590771.7203263864,142267.41107451916,0.0,,-4.152544253560331,-4.152544253560236,4.055946278503334
1103689678,2024-08-06,SOFR,2.0,2Y,460000000.0,0.044,4890507.48,0.0,-1389696.0,True,True,True,NEW_TRADE,2024-07-26,2026-07-26,USD-SOFR-1D,execution_timestamp,2024-08-06 07:19:00-04:00,strict,3.8447379183663157,-4892345.399254493,88108.7609090883,0.0,,55.52620816336837,55.526208163368395,55.50534849815997
1104213898,2024-08-06,FED_FUNDS,6.994520547945205,7Y,240000000.0,0.01115048,22346251.65,0.0,,True,False,True,NEW_TRADE,2021-05-04,2028-04-30,USD-FEDFUNDS-1D,execution_timestamp,2024-08-06 13:17:00-04:00,strict,3.6164246356836274,22464086.368364275,89685.46397079481,0.0,,-250.1376635683627,-250.4763355595672,249.16246915193344
1105720141,2024-08-07,SOFR,5.005479452054795,5Y,240000000.0,0.0437,6300000.0,0.0,,True,False,True,NEW_TRADE,2023-11-06,2028-11-06,USD-SOFR-1D,execution_timestamp,2024-08-07 08:52:00-04:00,strict,3.817059068817215,-6209001.900062934,112290.50970745432,0.0,,55.29409311827851,55.29409311827849,56.104474157371996
1105752070,2024-08-07,SOFR,2.0,2Y,460000000.0,0.038305,37406.33949,0.0,0.0,True,True,False,NEW_TRADE,2024-08-09,2026-08-09,USD-SOFR-1D,execution_timestamp,2024-08-07 10:35:00-04:00,strict,3.824040048055516,-56829.19730435312,87971.54807455509,0.0,,0.6459951944483677,0.645995194448447,0.4252095172668607
1105752071,2024-08-07,SOFR,2.0,2Y,460000000.0,0.0383,37406.33949,0.0,0.0,True,True,False,NEW_TRADE,2024-08-09,2026-08-09,USD-SOFR-1D,execution_timestamp,2024-08-07 10:35:00-04:00,strict,3.824040048055516,-52430.619900621474,87971.54807455509,0.0,,0.5959951944483954,0.5959951944484028,0.4252095172668607
1106014652,2024-08-07,SOFR,12.504109589041096,13Y,120000000.0,0.03696,2304238.2,0.0,,True,False,True,NEW_TRADE,2025-09-30,2038-03-30,USD-SOFR-1D,execution_timestamp,2024-08-07 12:16:00-04:00,strict,3.4573766926813363,-2775655.014697753,116319.52661652896,0.0,,23.862330731866386,23.862330731866418,19.809556202858282
1106129940,2024-08-07,SOFR,2.0,2Y,460000000.0,0.0383,13200.86088,0.0,0.0,True,True,False,NEW_TRADE,2024-08-09,2026-08-09,USD-SOFR-1D,execution_timestamp,2024-08-07 13:27:00-04:00,strict,3.830540007614273,4750.251470386982,87966.37945155366,0.0,,-0.05400076142727528,-0.05400076142730327,0.15006711612213394
1106161670,2024-08-07,SOFR,3.734246575342466,4Y,240000000.0,0.0339,4319224.0,0.0,,True,True,True,NEW_TRADE,2023-05-10,2027-02-01,USD-SOFR-1D,execution_timestamp,2024-08-07 15:09:00-04:00,strict,4.025213881134953,4379730.142822616,68948.90481607923,0.0,,-63.52138811349533,-63.52138811349533,62.64383765806727
1106528780,2024-08-08,SOFR,5.005479452054795,5Y,240000000.0,0.031275,70071.21771,0.0,9.9999999999,True,False,True,NEW_TRADE,2043-12-08,2048-12-08,USD-SOFR-1D,execution_timestamp,2024-08-08 02:18:00-04:00,strict,3.1026068148461277,-139443.40667087585,56016.69927288742,0.0,,2.4893185153871844,2.489318515387209,1.250898725193455
1107723608,2024-08-08,SOFR,2.0,2Y,460000000.0,0.0465,699200.0,0.0,,True,False,True,NEW_TRADE,2024-08-13,2026-08-13,USD-SOFR-1D,execution_timestamp,2024-08-08 09:51:00-04:00,strict,3.8541829162929675,-6985699.877019286,87780.22010383164,0.0,,79.58170837070328,79.58170837070341,7.96534799266788
1107745246,2024-08-08,SOFR,5.002739726027397,5Y,240000000.0,0.0465,1101600.0,0.0,,True,False,True,NEW_TRADE,2024-08-13,2029-08-13,USD-SOFR-1D,execution_timestamp,2024-08-08 10:57:00-04:00,strict,3.5290628125718806,-12237181.376268096,109169.1980024778,0.0,,112.09371874281197,112.09371874281196,10.09075838383458
1107807258,2024-08-08,SOFR,3.0,3Y,240000000.0,0.046,499200.0,0.0,,True,False,True,NEW_TRADE,2024-08-13,2027-08-13,USD-SOFR-1D,execution_timestamp,2024-08-08 08:07:00-04:00,strict,3.56919025171201,-6980104.544904843,67714.77041711802,0.0,,103.08097482879894,103.08097482879896,7.372099128815834
1107967786,2024-08-08,SOFR,3.0027397260273974,3Y,240000000.0,0.03249753,255257.3624,0.0,,True,True,True,NEW_TRADE,2026-08-12,2029-08-12,USD-SOFR-1D,execution_timestamp,2024-08-08 12:18:00-04:00,strict,3.2896404374515886,253043.7914528884,63439.47057516596,0.0,,-3.988743745158896,-3.988743745158949,4.023636390495402
1108035992,2024-08-08,SOFR,1.536986301369863,~18M,460000000.0,0.04756514,1359086.92,0.0,,True,False,True,NEW_TRADE,2024-03-18,2025-09-30,USD-SOFR-1D,execution_timestamp,2024-08-08 12:44:00-04:00,strict,4.564363413039052,-1330963.9245700017,69266.71136531563,0.0,,19.21505869609481,19.215058696094875,19.621068955217417
1109634366,2024-08-09,SOFR,10.01095890410959,10Y,170000000.0,0.0349207,94234.55022,0.0,0.0,True,True,False,NEW_TRADE,2024-08-13,2034-08-15,USD-SOFR-1D,execution_timestamp,2024-08-09 11:15:00-04:00,strict,3.485105611614713,-99541.94625653327,142929.91824928025,0.0,,0.6964388385287013,0.6964388385287174,0.6593059827799527
1111215813,2024-08-12,SOFR,10.008219178082191,10Y,170000000.0,0.045625,13373448.4944,0.0,,True,True,True,NEW_TRADE,2023-10-30,2033-10-30,USD-SOFR-1D,execution_timestamp,2024-08-12 10:01:00-04:00,strict,3.6557795290419572,-13323848.75498046,146945.49402753045,0.0,,90.67204709580427,90.67204709580423,91.00958544461707
1112927455,2024-08-13,SOFR,30.02191780821918,30Y,120000000.0,0.0435,20768502.2,0.0,,True,False,True,NEW_TRADE,2023-11-08,2053-11-08,USD-SOFR-1D,execution_timestamp,2024-08-13 11:30:00-04:00,strict,3.4415957453385952,-20909962.303573906,230183.44747149834,0.0,,90.84042546614045,90.84042546614047,90.22587170422663
1115021247,2024-08-14,SOFR,30.02191780821918,30Y,120000000.0,0.034027,1942904.11,0.0,-2129000.0,True,False,False,NEW_TRADE,2024-08-14,2054-08-15,USD-SOFR-1D,execution_timestamp,2024-08-14 14:57:00-04:00,strict,3.3021608873133586,-2269511.3535429835,225600.43362256783,0.0,,10.053911268664173,10.059871415583814,8.612147054870034
1115026176,2024-08-14,SOFR,6.657534246575342,7Y,170000000.0,0.0381189,4710900.23742,0.0,-297053.0,True,True,True,NEW_TRADE,2024-09-03,2031-04-30,USD-SOFR-1D,execution_timestamp,2024-08-14 15:33:00-04:00,strict,3.3443756472963577,-4704481.089406386,100627.52217552916,0.0,,46.75143527036418,46.75143527036416,46.815226446722626
1115026179,2024-08-14,SOFR,5.706849315068493,6Y,170000000.0,0.0336852,1791.66771,0.0,-297053.0,True,True,False,NEW_TRADE,2024-08-16,2030-04-30,USD-SOFR-1D,execution_timestamp,2024-08-14 15:33:00-04:00,strict,3.368253573260215,-2336.043965924531,87680.53716390347,0.0,,0.026642673978471976,0.02664267397857867,0.020434041213169003
1116341134,2024-08-15,SOFR,5.002739726027397,5Y,240000000.0,0.04,4827729.6,0.0,,True,True,True,NEW_TRADE,2029-05-02,2034-05-02,USD-SOFR-1D,execution_timestamp,2024-08-15 09:38:00-04:00,strict,3.4777191317502796,-4867339.77150628,93193.91284267836,0.0,,52.22808682497204,52.22808682497202,51.80305722488272
1116358036,2024-08-15,SOFR,4.161643835616438,4Y,240000000.0,0.0349268,11004.96,0.0,,True,False,False,NEW_TRADE,2024-10-03,2028-11-30,USD-SOFR-1D,execution_timestamp,2024-08-15 10:47:00-04:00,strict,3.468583532923323,-221136.14376148582,91771.1891364871,0.0,,2.409646707667701,2.4096467076676986,0.1199173738898907
1118074063,2024-08-16,SOFR,7.005479452054795,7Y,170000000.0,0.03415,984872.20328,0.0,,True,True,True,NEW_TRADE,2023-05-23,2030-05-23,USD-SOFR-1D,execution_timestamp,2024-08-16 08:28:00-04:00,strict,3.524166626286964,1006842.5921887271,92229.88988796427,0.0,,-10.916662628696416,-10.91666262869644,10.678449301808426
1118484448,2024-08-16,FED_FUNDS,0.16986301369863013,2M,2100000000.0,0.051897,27405.0,0.0,,True,True,True,NEW_TRADE,2024-08-20,2024-10-21,USD-FEDFUNDS-1D,execution_timestamp,2024-08-16 14:06:00-04:00,strict,5.184359999999902,-19125.56860715151,35815.671548319326,0.0,,0.5340000000098044,0.534000000009744,0.7651678389731603
1118612311,2024-08-16,SOFR,8.860273972602739,9Y,170000000.0,0.03375,343400.0,0.0,,True,False,True,NEW_TRADE,2021-05-24,2030-04-01,USD-SOFR-1D,execution_timestamp,2024-08-16 16:37:00-04:00,strict,3.5921555472082387,2011436.9365240186,92626.55098537159,0.0,,-21.71555472082387,-21.715554720823867,3.7073603232212844
1120292682,2024-08-19,SOFR,3.0,3Y,240000000.0,0.0363739,6886.34716,0.0,,True,True,True,NEW_TRADE,2024-08-13,2027-08-13,USD-SOFR-1D,execution_timestamp,2024-08-19 13:03:00-04:00,strict,3.6383892785412044,6765.334426879883,67702.1886082041,0.0,,-0.0999278541204518,-0.09992785412051014,0.1017152813161127
1120342568,2024-08-19,SOFR,4.953424657534247,5Y,240000000.0,0.03452,116000.0,0.0,,True,False,True,NEW_TRADE,2024-08-14,2029-07-27,USD-SOFR-1D,execution_timestamp,2024-08-19 14:14:00-04:00,strict,3.4644220722807817,134711.6896880567,108445.42411532522,0.0,,-1.2422072280781293,-1.2422072280781427,1.0696624679768962
1122013320,2024-08-20,SOFR,3.0,3Y,240000000.0,0.055,24000.0,0.0,,True,False,True,NEW_TRADE,2024-08-26,2027-08-26,USD-SOFR-1D,execution_timestamp,2024-08-20 12:08:00-04:00,strict,3.5638992385384825,-13106335.97531116,67694.49315963026,0.0,,193.61007614615175,193.6100761461517,0.3545340083041266
1123512404,2024-08-21,SOFR,25.016438356164382,25Y,120000000.0,0.04027,446999.04,0.0,0.0,True,False,True,NEW_TRADE,2024-09-03,2049-09-03,USD-SOFR-1D,execution_timestamp,2024-08-21 08:36:00-04:00,strict,3.334671257283835,-13963941.674600065,201695.24696918263,0.0,,69.23287427161652,69.23287427161652,2.2162100828697158
1123546057,2024-08-21,SOFR,25.016438356164382,25Y,120000000.0,0.04027,443197.44,0.0,,True,False,True,NEW_TRADE,2024-09-03,2049-09-03,USD-SOFR-1D,execution_timestamp,2024-08-21 09:52:00-04:00,strict,3.3426800995619033,-13793987.40921788,201572.20914351696,0.0,,68.43199004380969,68.4319900438097,2.1987030944550936
1123672043,2024-08-21,SOFR,5.0,5Y,240000000.0,0.03625,1591166.85,0.0,,True,False,True,NEW_TRADE,2024-08-29,2029-08-28,USD-SOFR-1D,execution_timestamp,2024-08-21 11:05:00-04:00,strict,3.3459440706334775,-3058092.0325589627,109587.06519876026,0.0,,27.9055929366522,27.90559293665215,14.519659296597357
1123756979000000101,2025-11-20,SOFR,30.019178082191782,30Y,250000000.0,0.0385,5908657.93749,0.0,,True,True,True,NEW_TRADE,2026-01-20,2056-01-20,USD-SOFR-1D,execution_timestamp,2025-11-20 12:57:00-05:00,strict,3.9862117186768584,5941089.209601134,436165.79155685235,0.0,,-13.621171867685833,-13.621171867685865,13.546816490123188
1123916278,2024-08-21,FED_FUNDS,0.2493150684931507,3M,2100000000.0,0.049861,12924.18645,0.0,,True,True,False,NEW_TRADE,2024-09-01,2024-12-01,USD-FEDFUNDS-1D,execution_timestamp,2024-08-21 14:11:00-04:00,strict,4.973744459731667,-63930.59808749333,51742.454558094105,0.0,,1.235554026833352,1.2355540268333216,0.24977915254270172
1124999967,2024-08-22,FED_FUNDS,0.2493150684931507,3M,2100000000.0,0.050026,4009.67464,0.0,,True,True,False,NEW_TRADE,2024-09-01,2024-12-01,USD-FEDFUNDS-1D,execution_timestamp,2024-08-22 04:51:00-04:00,strict,4.989091912420296,-69901.83746925741,51748.13759298196,0.0,,1.350808757970423,1.3508087579704016,0.07748442410696127
1125311352,2024-08-22,FED_FUNDS,0.2493150684931507,3M,2100000000.0,0.050132,18599.47228,0.0,,True,True,False,NEW_TRADE,2024-09-01,2024-12-01,USD-FEDFUNDS-1D,execution_timestamp,2024-08-22 09:55:00-04:00,strict,4.99944062437976,-71200.31445171311,51746.76265613342,0.0,,1.37593756202401,1.3759375620239678,0.35943257752367724
1125720005,2024-08-22,SOFR,0.005479452054794521,spot,6400000000.0,0.0533,2240.79414,0.0,,True,True,True,NEW_TRADE,2024-08-26,2024-08-28,USD-SOFR-1D,execution_timestamp,2024-08-22 14:26:00-04:00,strict,5.334272860468393,1517.4399548869114,3551.34450589196,0.0,,-0.4272860468392814,-0.427286046839263,0.6309706468303331
1125720304,2024-08-22,FED_FUNDS,0.2493150684931507,3M,2100000000.0,0.05015,10147.752,0.0,,True,True,False,NEW_TRADE,2024-09-03,2024-12-03,USD-FEDFUNDS-1D,execution_timestamp,2024-08-22 14:29:00-04:00,strict,5.008744868956694,-32722.619410220534,52313.243613401486,0.0,,0.625513104330544,0.6255131043305777,0.19398055442695533
1125725416,2024-08-22,SOFR,1.7452054794520548,21M,460000000.0,0.04463,5118267.68244,0.0,97869865.0,True,True,True,NEW_TRADE,2024-09-18,2026-06-17,USD-SOFR-1D,execution_timestamp,2024-08-22 15:04:00-04:00,strict,3.7946457623122014,-5143741.155654803,76961.30084324456,0.0,,66.83542376877986,66.83542376877983,66.50443308988412
1125725417,2024-08-22,FED_FUNDS,1.821917808219178,~22M,460000000.0,0.0448162,5639214.28932,0.0,97869865.0,True,True,True,NEW_TRADE,2024-09-03,2026-06-30,USD-FEDFUNDS-1D,execution_timestamp,2024-08-22 15:04:00-04:00,strict,3.7791590097272336,-5646284.353390731,80378.61791013149,0.0,,70.24609902727667,70.24609902727667,70.15813951447893
1125725422,2024-08-22,FED_FUNDS,1.821917808219178,~22M,460000000.0,0.0377259,64983.22285,0.0,97869865.0,True,True,False,NEW_TRADE,2024-09-03,2026-06-30,USD-FEDFUNDS-1D,execution_timestamp,2024-08-22 15:04:00-04:00,strict,3.7791590097272336,52800.79229132831,80378.61791013149,0.0,,-0.656900972723351,-0.6569009727234054,0.8084640485191653
1125725425,2024-08-22,FED_FUNDS,1.821917808219178,~22M,460000000.0,0.0457433,6380612.1876,0.0,97869865.0,True,True,True,NEW_TRADE,2024-09-03,2026-06-30,USD-FEDFUNDS-1D,execution_timestamp,2024-08-22 15:04:00-04:00,strict,3.7791590097272336,-6391474.52003555,80378.61791013149,0.0,,79.51709902727661,79.51709902727654,79.38195945013558
1125725426,2024-08-22,FED_FUNDS,1.821917808219178,~22M,460000000.0,0.0434237,4515821.2077,0.0,97869865.0,True,True,True,NEW_TRADE,2024-09-03,2026-06-30,USD-FEDFUNDS-1D,execution_timestamp,2024-08-22 15:04:00-04:00,strict,3.7791590097272336,-4527012.098992147,80378.61791013149,0.0,,56.321099027276624,56.32109902727663,56.18187181009981
1125725427,2024-08-22,FED_FUNDS,1.8273972602739725,~22M,460000000.0,0.03775,84102.18456,0.0,97869865.0,True,True,False,NEW_TRADE,2024-09-01,2026-06-30,USD-FEDFUNDS-1D,execution_timestamp,2024-08-22 15:04:00-04:00,strict,3.7791590097272336,33429.54537498206,80378.61791013149,0.0,,-0.4159009727233709,-0.41590097272334864,1.0463253380896855
1125725430,2024-08-22,FED_FUNDS,1.8273972602739725,~22M,460000000.0,0.03764,172809.6024,0.0,97869865.0,True,True,False,NEW_TRADE,2024-09-01,2026-06-30,USD-FEDFUNDS-1D,execution_timestamp,2024-08-22 15:04:00-04:00,strict,3.7791590097272336,121846.02507612854,80378.61791013149,0.0,,-1.515900972723383,-1.5159009727233717,2.1499449342760824
1125725431,2024-08-22,FED_FUNDS,1.821917808219178,~22M,460000000.0,0.0417321,3155821.65888,0.0,97869865.0,True,True,True,NEW_TRADE,2024-09-03,2026-06-30,USD-FEDFUNDS-1D,execution_timestamp,2024-08-22 15:04:00-04:00,strict,3.7791590097272336,-3167327.398424357,80378.61791013149,0.0,,39.40509902727665,39.40509902727656,39.26195474533306
1125725433,2024-08-22,FED_FUNDS,1.8273972602739725,~22M,460000000.0,0.037707,118779.36609,0.0,97869865.0,True,True,False,NEW_TRADE,2024-09-01,2026-06-30,USD-FEDFUNDS-1D,execution_timestamp,2024-08-22 15:04:00-04:00,strict,3.7791590097272336,67992.35107634962,80378.61791013149,0.0,,-0.8459009727233902,-0.8459009727234856,1.477748301455034
1125725434,2024-08-22,FED_FUNDS,1.8273972602739725,~22M,460000000.0,0.037808,37331.4375,0.0,97869865.0,True,True,False,NEW_TRADE,2024-09-01,2026-06-30,USD-FEDFUNDS-1D,execution_timestamp,2024-08-22 15:04:00-04:00,strict,3.7791590097272336,-13190.053012892604,80378.61791013149,0.0,,0.16409902727665404,0.16409902727663145,0.46444487937997353
1125725438,2024-08-22,FED_FUNDS,1.8273972602739725,~22M,460000000.0,0.037965,89278.3305,0.0,97869865.0,True,True,False,NEW_TRADE,2024-09-01,2026-06-30,USD-FEDFUNDS-1D,execution_timestamp,2024-08-22 15:04:00-04:00,strict,3.7791590097272336,-139384.48313179612,80378.61791013149,0.0,,1.7340990272766366,1.734099027276595,1.1107223888798257
1127074430,2024-08-23,FED_FUNDS,0.2493150684931507,3M,2100000000.0,0.05006,34136.5815,0.0,,True,True,False,NEW_TRADE,2024-09-03,2024-12-03,USD-FEDFUNDS-1D,execution_timestamp,2024-08-23 10:06:00-04:00,strict,4.990604097451505,-80556.68436617032,52323.45691486857,0.0,,1.5395902548495322,1.5395902548495188,0.6524144907998143
1127456714,2024-08-23,FED_FUNDS,0.2493150684931507,3M,2100000000.0,0.049846,19585.8176,0.0,,True,True,False,NEW_TRADE,2024-09-03,2024-12-03,USD-FEDFUNDS-1D,execution_timestamp,2024-08-23 16:09:00-04:00,strict,4.979518926438478,-26586.689471598715,52324.945013455705,0.0,,0.5081073561522764,0.5081073561522477,0.37431128871637376
1129156900,2024-08-26,FED_FUNDS,0.2465753424657534,3M,2100000000.0,0.05004,2509.875,0.0,,True,True,False,NEW_TRADE,2024-09-03,2024-12-02,USD-FEDFUNDS-1D,execution_timestamp,2024-08-26 14:39:00-04:00,strict,4.9996917351898595,-22307.06370126456,51777.37368594625,0.0,,0.4308264810140905,0.4308264810140281,0.04847435899749482
1129222275,2024-08-26,SOFR,5.986301369863014,6Y,170000000.0,0.034919,109691.68,0.0,,True,False,True,NEW_TRADE,2024-08-06,2030-07-31,USD-SOFR-1D,execution_timestamp,2024-08-26 16:10:00-04:00,strict,3.371694782612278,-1102983.4676425532,91758.36886387964,0.0,,12.020521738772194,12.020521738772306,1.1954406051258801
1130553772,2024-08-27,SOFR,0.136986301369863,2M,2100000000.0,0.048833,540341.32617,0.0,-164677.0,True,True,True,NEW_TRADE,2024-09-18,2024-11-07,USD-SOFR-1D,execution_timestamp,2024-08-27 07:45:00-04:00,strict,5.023948944207907,405785.6612049714,28850.95679105399,0.0,,-14.064894420790708,-14.064894420790788,18.728714270493352
1130553773,2024-08-27,FED_FUNDS,0.136986301369863,2M,2100000000.0,0.048833,445324.34394,0.0,-164677.0,True,True,True,NEW_TRADE,2024-09-18,2024-11-07,USD-FEDFUNDS-1D,execution_timestamp,2024-08-27 07:45:00-04:00,strict,4.990747490411887,310013.155476911,28852.526409738693,0.0,,-10.744749041188673,-10.744749041188683,15.434500868862843
1130566153,2024-08-27,SOFR,0.136986301369863,2M,2100000000.0,0.048833,543443.14476,0.0,-517476.0,True,True,True,NEW_TRADE,2024-09-18,2024-11-07,USD-SOFR-1D,execution_timestamp,2024-08-27 08:57:00-04:00,strict,5.024486502130243,407333.8587135393,28850.764950446843,0.0,,-14.118650213024253,-14.118650213024265,18.836351330489876
1130652262,2024-08-27,SOFR,4.249315068493151,4Y,240000000.0,0.04266,8354066.95799,0.0,14468762.0,True,True,True,NEW_TRADE,2024-09-01,2028-11-30,USD-SOFR-1D,execution_timestamp,2024-08-27 11:28:00-04:00,strict,3.3792183540037173,-8353942.817888077,94205.18405635889,0.0,,88.67816459962827,88.67816459962835,88.6794823625855
1130652266,2024-08-27,SOFR,6.6657534246575345,7Y,170000000.0,0.0374821,3194340.72145,0.0,14468762.0,True,True,True,NEW_TRADE,2024-06-03,2031-01-31,USD-SOFR-1D,execution_timestamp,2024-08-27 11:28:00-04:00,strict,3.43480826989897,-3189273.564249553,101763.11289734884,0.0,,31.340173010102966,31.340173010102962,31.38996666377744
1130652269,2024-08-27,SOFR,6.6657534246575345,7Y,170000000.0,0.0377878,3505566.75688,0.0,14468762.0,True,True,True,NEW_TRADE,2024-06-03,2031-01-31,USD-SOFR-1D,execution_timestamp,2024-08-27 11:28:00-04:00,strict,3.43480826989897,-3500363.400376752,101763.11289734884,0.0,,34.39717301010301,34.397173010103,34.44830505938
1130652273,2024-08-27,FED_FUNDS,6.657534246575342,7Y,170000000.0,0.0330146,161944.4526,0.0,14468762.0,True,True,False,NEW_TRADE,2024-09-03,2031-04-30,USD-FEDFUNDS-1D,execution_timestamp,2024-08-27 11:28:00-04:00,strict,3.285709904863888,-159126.24313133582,101031.92504944914,0.0,,1.5750095136111586,1.5750095136111972,1.6029037605760532
1130652277,2024-08-27,SOFR,25.216438356164385,25Y,120000000.0,0.033693,709002.92925,0.0,14468762.0,True,True,False,NEW_TRADE,2024-09-03,2049-11-15,USD-SOFR-1D,execution_timestamp,2024-08-27 11:28:00-04:00,strict,3.4023350526250598,666381.2831813991,201719.45561724462,0.0,,-3.303505262505979,-3.3035052625059307,3.5147969593736534
1130652278,2024-08-27,SOFR,6.657534246575342,7Y,170000000.0,0.0333015,169567.43503,0.0,14468762.0,True,True,False,NEW_TRADE,2024-09-03,2031-04-30,USD-SOFR-1D,execution_timestamp,2024-08-27 11:28:00-04:00,strict,3.34677808743017,167650.95899257064,100823.95807493338,0.0,,-1.662808743017008,-1.6628087430169203,1.6818168842764114
1130881976,2024-08-27,SOFR,2.0,2Y,460000000.0,0.037009,28479.43891,0.0,,True,True,False,NEW_TRADE,2024-08-29,2026-08-29,USD-SOFR-1D,execution_timestamp,2024-08-27 12:43:00-04:00,strict,3.7003500205779964,-4852.478912670165,88230.19041314462,0.0,,0.05499794220034104,0.05499794220037451,0.32278564487555617
1130989129,2024-08-27,SOFR,2.0,2Y,460000000.0,0.036831,9515.63339,0.0,,True,True,False,NEW_TRADE,2024-08-29,2026-08-29,USD-SOFR-1D,execution_timestamp,2024-08-27 14:51:00-04:00,strict,3.6821800482711007,-8118.77423530817,88252.17650295194,0.0,,0.09199517288998038,0.09199517289000352,0.10782321487200616
1130990937,2024-08-27,SOFR,2.0,2Y,460000000.0,0.036832,32260.30292,0.0,,True,True,False,NEW_TRADE,2024-08-29,2026-08-29,USD-SOFR-1D,execution_timestamp,2024-08-27 15:07:00-04:00,strict,3.6829200456096367,-2470.6330198943615,88251.26895462355,0.0,,0.027995439036310188,0.02799543903628961,0.36555058416879405
1132333086,2024-08-28,FED_FUNDS,4.243835616438356,4Y,240000000.0,0.0391712,5746547.27373,0.0,-14584640.0,True,True,True,NEW_TRADE,2024-09-03,2028-11-30,USD-FEDFUNDS-1D,execution_timestamp,2024-08-28 09:03:00-04:00,strict,3.3111365895936875,-5718515.304882903,94367.52238891544,0.0,,60.59834104063127,60.59834104063125,60.89539206133696
1132333087,2024-08-28,FED_FUNDS,4.249315068493151,4Y,240000000.0,0.042188,8566622.29436,0.0,-14584640.0,True,True,True,NEW_TRADE,2024-09-01,2028-11-30,USD-FEDFUNDS-1D,execution_timestamp,2024-08-28 09:03:00-04:00,strict,3.3111365895936875,-8565394.720311705,94367.52238891544,0.0,,90.76634104063123,90.76634104063126,90.77934947846262
1132333088,2024-08-28,FED_FUNDS,4.243835616438356,4Y,240000000.0,0.03950461,6061063.4805,0.0,-14584640.0,True,True,True,NEW_TRADE,2024-09-03,2028-11-30,USD-FEDFUNDS-1D,execution_timestamp,2024-08-28 09:03:00-04:00,strict,3.3111365895936875,-6033146.061279785,94367.52238891544,0.0,,63.932441040631275,63.93244104063124,64.22827819427779
1132662368,2024-08-28,SOFR,5.002739726027397,5Y,240000000.0,0.033532,26099.04386,0.0,,True,True,False,NEW_TRADE,2024-08-30,2029-08-30,USD-SOFR-1D,execution_timestamp,2024-08-28 12:49:00-04:00,strict,3.35422980622698,11301.802762046456,109746.8869963255,0.0,,-0.10298062269802344,-0.10298062269798011,0.23781124525995748
1132747077,2024-08-28,SOFR,3.0,3Y,240000000.0,0.034845,16556.8052,0.0,,True,True,False,NEW_TRADE,2024-08-30,2027-08-30,USD-SOFR-1D,execution_timestamp,2024-08-28 14:53:00-04:00,strict,3.4846100245974587,746.471321105957,67845.85795809752,0.0,,-0.011002459745856896,-0.011002459745840156,0.24403560804295077
1134193052,2024-08-29,SOFR,3.0027397260273974,3Y,240000000.0,0.0311949,215729.44546,0.0,,True,True,True,NEW_TRADE,2026-09-03,2029-09-03,USD-SOFR-1D,execution_timestamp,2024-08-29 09:22:00-04:00,strict,3.154679791743736,224458.50941962376,63785.12014342254,0.0,,-3.518979174373582,-3.5189791743736287,3.3821280727374443
1134485093,2024-08-29,SOFR,7.002739726027397,7Y,170000000.0,0.033717,1692.66368,0.0,,True,True,False,NEW_TRADE,2024-09-03,2031-09-03,USD-SOFR-1D,execution_timestamp,2024-08-29 12:43:00-04:00,strict,3.371369939332354,-3477.980672888458,105373.98162854812,0.0,,0.033006066764551534,0.033006066764646166,0.01606339301068434
1134522784,2024-08-29,SOFR,7.002739726027397,7Y,170000000.0,0.033735,11624.81268,0.0,,True,True,False,NEW_TRADE,2024-09-03,2031-09-03,USD-SOFR-1D,execution_timestamp,2024-08-29 13:06:00-04:00,strict,3.3709899871737496,-26447.79712767154,105369.17122921105,0.0,,0.25100128262502963,0.25100128262506,0.11032460960248401
1136602233,2024-08-30,SOFR,3.0,3Y,240000000.0,0.035326,14752.343,0.0,,True,True,False,NEW_TRADE,2024-09-04,2027-09-04,USD-SOFR-1D,execution_timestamp,2024-08-30 13:34:00-04:00,strict,3.5318800872782123,-4890.721485655755,67934.92235427993,0.0,,0.0719912721788063,0.07199127217884628,0.21715404226219148
1136651081,2024-08-30,SOFR,2.0,2Y,460000000.0,0.037273,11137.09443,0.0,,True,True,False,NEW_TRADE,2024-09-04,2026-09-04,USD-SOFR-1D,execution_timestamp,2024-08-30 14:07:00-04:00,strict,3.726930002530946,-3253.427852410823,87931.08398079597,0.0,,0.036999746905408415,0.03699974690544435,0.12665708104351728
1136660247,2024-08-30,SOFR,3.0,3Y,240000000.0,0.03522,7457.99148,0.0,,True,True,False,NEW_TRADE,2024-09-04,2027-09-04,USD-SOFR-1D,execution_timestamp,2024-08-30 14:40:00-04:00,strict,3.5208999897606468,-7474.22699143365,67946.88562016541,0.0,,0.11000102393534661,0.11000102393531094,0.10976207977642174
1140223733,2024-09-03,SOFR,2.0027397260273974,2Y,460000000.0,0.0345,2864142.16,0.0,,True,True,True,NEW_TRADE,2027-01-15,2029-01-15,USD-SOFR-1D,execution_timestamp,2024-09-03 10:28:00-04:00,strict,3.1013545931429665,-2861424.377017487,82072.62510103425,0.0,,34.864540685703375,34.86454068570335,34.89765505214609
1140598758,2024-09-03,FED_FUNDS,5.336986301369863,5Y,460000000.0,0.0018719,25100737.2,0.0,,True,False,True,NEW_TRADE,2020-10-16,2026-02-15,USD-FEDFUNDS-1D,execution_timestamp,2024-09-03 13:19:00-04:00,strict,4.324973467088558,36939382.457475975,90092.1938269824,0.0,,-413.7783467088558,-410.01757076108316,278.6116769251365
1142094451,2024-09-04,SOFR,4.243835616438356,4Y,240000000.0,0.042788,8720253.95422,0.0,-1515240.0,True,True,True,NEW_TRADE,2024-09-03,2028-11-30,USD-SOFR-1D,execution_timestamp,2024-09-04 08:12:00-04:00,strict,3.358227499263226,-8686714.781544946,94362.09287799259,0.0,,92.05725007367742,92.0572500736775,92.41268064597755
1142094454,2024-09-04,SOFR,4.243835616438356,4Y,240000000.0,0.0323902,22921.53226,0.0,-1515240.0,True,True,True,NEW_TRADE,2024-12-02,2029-02-28,USD-SOFR-1D,execution_timestamp,2024-09-04 08:12:00-04:00,strict,3.2400896810143633,10015.126432277262,93627.22435750076,0.0,,-0.10696810143633328,-0.10696810143635237,0.244816958072769
1142094456,2024-09-04,SOFR,4.328767123287672,4Y,240000000.0,0.0323716,21332.09887,0.0,-1515240.0,True,True,True,NEW_TRADE,2024-12-02,2029-03-31,USD-SOFR-1D,execution_timestamp,2024-09-04 08:12:00-04:00,strict,3.238250210262803,10297.813082121313,95279.70431647834,0.0,,-0.10902102628027599,-0.10807981779536585,0.22388922198104133
1142094458,2024-09-04,SOFR,4.575342465753424,5Y,240000000.0,0.0432384,9945228.54336,0.0,-1515240.0,True,True,True,NEW_TRADE,2024-09-03,2029-03-31,USD-SOFR-1D,execution_timestamp,2024-09-04 08:12:00-04:00,strict,3.344633434730218,-9902542.152918786,101123.21289100242,0.0,,97.92065652697826,97.92550958198322,98.34763215128118
1142094459,2024-09-04,SOFR,3.9972602739726026,4Y,240000000.0,0.032291,134399.98082,0.0,-1515240.0,True,True,True,NEW_TRADE,2024-12-02,2028-11-30,USD-SOFR-1D,execution_timestamp,2024-09-04 08:12:00-04:00,strict,3.24747539088861,162518.17958703265,88443.38635961647,0.0,,-1.8375390888610177,-1.8375390888610181,1.5196159526674053
1142114632,2024-09-04,SOFR,10.005479452054795,10Y,170000000.0,0.042705,11821800.0,0.0,,True,True,True,NEW_TRADE,2024-04-18,2034-04-18,USD-SOFR-1D,execution_timestamp,2024-09-04 09:20:00-04:00,strict,3.459806607533223,-11812515.012972534,145708.786117393,0.0,,81.0693392466777,81.06933924667769,81.13306215093678
1143943931000000401,2025-11-21,SOFR,3.0027397260273974,3Y,650000000.0,0.0337547,26737.71,0.0,0.0,True,False,True,NEW_TRADE,2025-11-15,2028-11-15,USD-SOFR-1D,execution_timestamp,2025-11-21 11:43:00-05:00,strict,3.2629901120602085,-2080683.2011176944,184982.6879478623,0.0,,11.247988793979147,11.247988793979136,0.14454168817968563
1143953854,2024-09-05,SOFR,1.8273972602739725,~22M,460000000.0,0.03330025,213166.09773,0.0,166282.0,True,True,False,NEW_TRADE,2024-12-02,2026-09-30,USD-SOFR-1D,execution_timestamp,2024-09-05 10:40:00-04:00,strict,3.351773715944241,174639.29331410676,80298.6685567335,0.0,,-2.1748715944240438,-2.1748715944239936,2.6546654080495937
1144038228,2024-09-05,SOFR,2.0,2Y,460000000.0,0.04,3944295.76,0.0,783798.0,True,True,True,NEW_TRADE,2024-09-09,2026-09-09,USD-SOFR-1D,execution_timestamp,2024-09-05 11:48:00-04:00,strict,3.5540100031620336,-3932792.147600338,88181.17391608594,0.0,,44.598999683796634,44.59899968379669,44.7294539734006
1144038229,2024-09-05,SOFR,2.0,2Y,460000000.0,0.04,3945215.3,0.0,783798.0,True,True,True,NEW_TRADE,2024-09-09,2026-09-09,USD-SOFR-1D,execution_timestamp,2024-09-05 11:48:00-04:00,strict,3.5540100031620336,-3932792.147600338,88181.17391608594,0.0,,44.598999683796634,44.59899968379669,44.73988182278345
1144159316,2024-09-05,SOFR,7.0,7Y,170000000.0,0.0375,523600.0,0.0,,True,False,True,NEW_TRADE,2024-09-13,2031-09-12,USD-SOFR-1D,execution_timestamp,2024-09-05 11:44:00-04:00,strict,3.241404518307281,-5382791.587991171,105836.40204738051,0.0,,50.85954816927192,50.85954816927185,4.947258125475546
1144335742,2024-09-05,SOFR,5.657534246575342,6Y,170000000.0,0.0426662,8992590.12756,0.0,-13012792.0,True,True,True,NEW_TRADE,2024-09-03,2030-04-30,USD-SOFR-1D,execution_timestamp,2024-09-05 13:54:00-04:00,strict,3.239396052442569,-8982888.886870287,87448.2035609674,0.0,,102.72239475574314,102.72239475574327,102.83333174809611
1144335747,2024-09-05,SOFR,5.410958904109589,5Y,170000000.0,0.0314311,36425.11748,0.0,-13012792.0,True,True,True,NEW_TRADE,2024-12-02,2030-04-30,USD-SOFR-1D,execution_timestamp,2024-09-05 13:54:00-04:00,strict,3.148075451718239,41372.11791576445,83319.9480397547,0.0,,-0.49654517182395885,-0.4965451718239724,0.43717162980731067
1144335748,2024-09-05,SOFR,5.495890410958904,5Y,170000000.0,0.0314394,36828.94089,0.0,-13012792.0,True,True,True,NEW_TRADE,2024-12-02,2030-05-31,USD-SOFR-1D,execution_timestamp,2024-09-05 13:54:00-04:00,strict,3.1486832100268543,40086.97656554356,84514.44557289543,0.0,,-0.47432100268545163,-0.47432100268548444,0.4357709577380388
1144335749,2024-09-05,SOFR,5.243835616438356,5Y,170000000.0,0.0314209,36431.51784,0.0,-13012792.0,True,True,True,NEW_TRADE,2024-12-02,2030-02-28,USD-SOFR-1D,execution_timestamp,2024-09-05 13:54:00-04:00,strict,3.1472748738099123,41964.15534712374,80935.73129377594,0.0,,-0.5184873809912283,-0.5184873809912784,0.4501289758878305
1144336768,2024-09-05,SOFR,5.005479452054795,5Y,240000000.0,0.03393,23477.9656,0.0,6695832.0,True,True,True,NEW_TRADE,2039-05-03,2044-05-03,USD-SOFR-1D,execution_timestamp,2024-09-05 13:56:00-04:00,strict,3.3864838939937423,-43912.52249872312,67390.742962972,0.0,,0.651610600625796,0.6516106006258301,0.3483856174860696
1144371588,2024-09-05,SOFR,5.005479452054795,5Y,240000000.0,0.03235,1666772.19394,0.0,-11560666.0,True,True,False,NEW_TRADE,2044-02-16,2049-02-16,USD-SOFR-1D,execution_timestamp,2024-09-05 15:35:00-04:00,strict,2.933116534572182,-1753258.4390751384,58077.325851234855,0.0,,30.188346542781773,30.18834654278181,28.69918973558526
1144371590,2024-09-05,SOFR,5.002739726027397,5Y,240000000.0,0.02926,14837.75496,0.0,-11560666.0,True,True,True,NEW_TRADE,2044-05-03,2049-05-03,USD-SOFR-1D,execution_timestamp,2024-09-05 15:35:00-04:00,strict,2.9203757985579997,-32449.773615207523,57696.67738583729,0.0,,0.5624201442000487,0.5624201442000699,0.2571682743665617
1144371591,2024-09-05,SOFR,5.005479452054795,5Y,240000000.0,0.033,2015986.36096,0.0,-11560666.0,True,True,False,NEW_TRADE,2044-01-25,2049-01-25,USD-SOFR-1D,execution_timestamp,2024-09-05 15:35:00-04:00,strict,2.9367599944542144,-2113363.5328894444,58180.91346282221,0.0,,36.32400055457858,36.32400055457862,34.650304386303965
1144375105,2024-09-05,SOFR,5.002739726027397,5Y,240000000.0,0.02585,2988.21152,0.0,6337800.0,True,True,True,NEW_TRADE,2049-05-03,2054-05-03,USD-SOFR-1D,execution_timestamp,2024-09-05 15:47:00-04:00,strict,2.5830121441054774,-10032.392006088048,50468.406858525144,0.0,,0.198785589452255,0.198785589452253,0.05920954723965553
1144440146,2024-09-05,SOFR,4.506849315068493,5Y,240000000.0,0.0360149,2560000.0,0.0,,True,False,True,NEW_TRADE,2024-07-24,2029-01-24,USD-SOFR-1D,execution_timestamp,2024-09-05 16:28:00-04:00,strict,3.318508684254403,-2842601.781257689,100451.92467099888,0.0,,28.298131574559715,28.29813157455973,25.484827775919047
1144460707,2024-09-05,SOFR,4.254794520547946,4Y,240000000.0,0.0326,913280.0,0.0,,True,False,True,NEW_TRADE,2024-07-28,2028-10-28,USD-SOFR-1D,execution_timestamp,2024-09-05 16:46:00-04:00,strict,3.31959488536123,566296.1766752563,95201.5840630659,0.0,,-5.959488536123025,-5.948390273633638,9.593117687989324
1144462693,2024-09-05,SOFR,4.254794520547946,4Y,240000000.0,0.0327,814080.0,0.0,,True,False,True,NEW_TRADE,2024-07-28,2028-10-28,USD-SOFR-1D,execution_timestamp,2024-09-05 16:48:00-04:00,strict,3.3199934434480367,474887.9901727326,95200.57892738417,0.0,,-4.999344344803669,-4.988288889870737,8.551208502849054
1144465810,2024-09-05,SOFR,2.249315068493151,2Y,240000000.0,0.02843,3513216.0,0.0,,True,False,True,NEW_TRADE,2024-09-11,2026-12-11,USD-SOFR-1D,execution_timestamp,2024-09-05 16:52:00-04:00,strict,3.4621536587895547,3197391.392275503,51641.322745736536,0.0,,-61.91536587895548,-61.91536587895547,68.03110015786821
1145026911,2024-09-06,FED_FUNDS,0.136986301369863,2M,2100000000.0,0.05034,30998.0088,0.0,1347313.0,True,True,False,NEW_TRADE,2024-09-18,2024-11-07,USD-FEDFUNDS-1D,execution_timestamp,2024-09-06 04:17:00-04:00,strict,4.974220342304537,-172736.55598917976,28895.541167055813,0.0,,5.977965769546412,5.9779657695464445,1.0727609710020325
1145026972,2024-09-06,FED_FUNDS,0.136986301369863,2M,2100000000.0,0.050278,13070.29745,0.0,1347313.0,True,True,False,NEW_TRADE,2024-09-18,2024-11-07,USD-FEDFUNDS-1D,execution_timestamp,2024-09-06 04:17:00-04:00,strict,4.974220342304537,-154821.32046560384,28895.541167055813,0.0,,5.357965769546347,5.357965769546398,0.45232921489290595
1145026977,2024-09-06,FED_FUNDS,0.136986301369863,2M,2100000000.0,0.05019,12388.85838,0.0,1347313.0,True,True,False,NEW_TRADE,2024-09-18,2024-11-07,USD-FEDFUNDS-1D,execution_timestamp,2024-09-06 04:17:00-04:00,strict,4.974220342304537,-129393.24423859268,28895.541167055813,0.0,,4.477965769546355,4.477965769546328,0.42874636984216447
1145026981,2024-09-06,FED_FUNDS,0.136986301369863,2M,2100000000.0,0.050143,25992.6243,0.0,1347313.0,True,True,False,NEW_TRADE,2024-09-18,2024-11-07,USD-FEDFUNDS-1D,execution_timestamp,2024-09-06 04:17:00-04:00,strict,4.974220342304537,-115812.33989007771,28895.541167055813,0.0,,4.007965769546384,4.007965769546371,0.8995375497460671
1145026984,2024-09-06,FED_FUNDS,0.136986301369863,2M,2100000000.0,0.04989,99082.823,0.0,1347313.0,True,True,False,NEW_TRADE,2024-09-18,2024-11-07,USD-FEDFUNDS-1D,execution_timestamp,2024-09-06 04:17:00-04:00,strict,4.974220342304537,-42706.62073742598,28895.541167055813,0.0,,1.47796576954633,1.4779657695463535,3.4290004269920242
1145315761,2024-09-06,SOFR,2.0027397260273974,2Y,460000000.0,0.0477,1895250.0,0.0,,True,False,True,NEW_TRADE,2023-11-10,2025-11-10,USD-SOFR-1D,execution_timestamp,2024-09-06 10:23:00-04:00,strict,4.558700742209926,-1920192.5623084903,90875.4996298287,0.0,,21.12992577900732,21.129925779007348,20.855456175978027
1145317677,2024-09-06,SOFR,5.005479452054795,5Y,240000000.0,0.0424,6746320.0,0.0,,True,False,True,NEW_TRADE,2023-11-10,2028-11-10,USD-SOFR-1D,execution_timestamp,2024-09-06 10:23:00-04:00,strict,3.637171338791249,-6824479.51076559,113207.61519668983,0.0,,60.2828661208751,60.28286612087502,59.592457523981665
1145317855,2024-09-06,SOFR,5.005479452054795,5Y,240000000.0,0.042435,6785970.0,0.0,,True,False,True,NEW_TRADE,2023-11-10,2028-11-10,USD-SOFR-1D,execution_timestamp,2024-09-06 10:23:00-04:00,strict,3.637171338791249,-6864102.1760844365,113207.61519668983,0.0,,60.632866120875086,60.63286612087507,59.942698980186805
1145644647,2024-09-06,SOFR,25.016438356164382,25Y,120000000.0,0.0331,50556.825,0.0,,True,False,False,NEW_TRADE,2024-12-02,2049-12-02,USD-SOFR-1D,execution_timestamp,2024-09-06 12:35:00-04:00,strict,3.2530264547844,-1151465.1059780344,202105.22298036152,0.0,,5.69735452155995,5.6973545215599,0.25015100676004093
1148992493,2024-09-10,SOFR,1.0,1Y,1100000000.0,0.0323,25604.88,0.0,,True,False,True,NEW_TRADE,2029-08-28,2030-08-28,USD-SOFR-1D,execution_timestamp,2024-09-10 08:32:00-04:00,strict,3.1786956835749924,-473704.4968176484,92332.28894298976,0.0,,5.130431642500799,5.130431642500875,0.2773123063786455
1149070747,2024-09-10,SOFR,2.0,2Y,460000000.0,0.0299,514684.21422,0.0,-2644580.0,True,True,True,NEW_TRADE,2025-06-18,2027-06-18,USD-SOFR-1D,execution_timestamp,2024-09-10 11:39:00-04:00,strict,2.887242907342795,-888240.4231213294,86440.78964791975,0.0,,10.275709265720456,10.275709265720543,5.954182236376484
1149113031,2024-09-10,SOFR,2.0,2Y,460000000.0,0.03,845698.0146,0.0,,True,True,True,NEW_TRADE,2025-04-16,2027-04-16,USD-SOFR-1D,execution_timestamp,2024-09-10 11:59:00-04:00,strict,2.9115732544850386,-768527.32218251,86911.18481257223,0.0,,8.842674551496144,8.842674551496136,9.730600456359959
1149368736,2024-09-10,SOFR,3.0,3Y,240000000.0,0.032167,3713.06234,0.0,,True,True,False,NEW_TRADE,2024-09-12,2027-09-12,USD-SOFR-1D,execution_timestamp,2024-09-10 13:05:00-04:00,strict,3.218930003802601,15225.153842117637,68274.11605470168,0.0,,-0.2230003802600855,-0.22300038026005556,0.05438462706752687
1149416256,2024-09-10,SOFR,2.0,2Y,460000000.0,0.045668,7516626.64751,0.0,,True,True,True,NEW_TRADE,2024-06-14,2026-06-14,USD-SOFR-1D,execution_timestamp,2024-09-10 14:16:00-04:00,strict,3.72643788613781,-7492944.038515471,89163.27753138372,0.0,,84.03621138621898,84.03621138621898,84.30182083497654
1149426900,2024-09-10,FED_FUNDS,1.0,1Y,1100000000.0,0.0378775,221191.932,0.0,,True,False,True,NEW_TRADE,2026-06-08,2027-06-08,USD-FEDFUNDS-1D,execution_timestamp,2024-09-10 09:06:00-04:00,strict,2.8038464028790897,-10041343.404784374,102056.17129734307,0.0,,98.39035971209103,98.39035971209113,2.1673547928380743
1150771672,2024-09-11,SOFR,0.14246575342465753,2M,2100000000.0,0.049825,213193.2,0.0,,True,True,False,NEW_TRADE,2024-09-20,2024-11-11,USD-SOFR-1D,execution_timestamp,2024-09-11 09:38:00-04:00,strict,5.051550062291031,211565.40263381042,30639.42241530632,0.0,,-6.905006229103083,-6.905006229103072,6.958133776487138
1150798851,2024-09-11,SOFR,4.835616438356165,5Y,240000000.0,0.0309217,103585.3506,0.0,-578366.0,True,True,True,NEW_TRADE,2024-09-13,2029-07-14,USD-SOFR-1D,execution_timestamp,2024-09-11 10:50:00-04:00,strict,3.090636713190004,-16474.334161490202,107365.5734364005,0.0,,0.15332868099959818,0.15344149557631714,0.9647911084027343
1151121117,2024-09-11,SOFR,10.005479452054795,10Y,170000000.0,0.031872,17487.33344,0.0,,True,True,False,NEW_TRADE,2024-09-13,2034-09-13,USD-SOFR-1D,execution_timestamp,2024-09-11 12:50:00-04:00,strict,3.1865999169794197,-8719.73790807277,145308.85909170055,0.0,,0.06000830205801222,0.06000830205796314,0.12034595515586705
1151205365,2024-09-11,FED_FUNDS,0.13424657534246576,2M,2100000000.0,0.050803,4272.3,0.0,,True,True,False,NEW_TRADE,2024-09-16,2024-11-04,USD-FEDFUNDS-1D,execution_timestamp,2024-09-11 15:18:00-04:00,strict,5.054779212285072,-72374.71778472699,28359.123782999515,0.0,,2.552078771492816,2.5520787714927065,0.15064992954969653
1151209185,2024-09-11,FED_FUNDS,0.1643835616438356,2M,2100000000.0,0.050376,5966.1,0.0,,True,True,False,NEW_TRADE,2024-09-16,2024-11-15,USD-FEDFUNDS-1D,execution_timestamp,2024-09-11 15:43:00-04:00,strict,5.037865116830398,919.0224201194942,34664.80867086763,0.0,,-0.026511683039842637,-0.02651168303986176,0.17210826278161237
1157350707,2024-09-18,FED_FUNDS,1.83013698630137,~22M,460000000.0,0.035011,2521616.10796,0.0,12875447.0,True,True,True,NEW_TRADE,2024-12-01,2026-09-30,USD-FEDFUNDS-1D,execution_timestamp,2024-09-18 05:50:00-04:00,strict,3.1881182770414083,-2524304.5312619098,80653.41667238114,0.0,,31.29817229585918,31.298172295859224,31.26483925910977
1157375146,2024-09-18,SOFR,0.010958904109589041,4D,6400000000.0,0.049475,6636.501,0.0,,True,True,False,NEW_TRADE,2024-09-30,2024-10-04,USD-SOFR-1D,execution_timestamp,2024-09-18 06:41:00-04:00,strict,4.965370906673928,12673.221742043737,7091.538204121079,0.0,,-1.787090667392821,-1.7870906673927238,0.9358337794955903
1157430664,2024-09-18,SOFR,2.0,2Y,460000000.0,0.03,1767997.05588,0.0,,True,True,True,NEW_TRADE,2024-12-24,2026-12-24,USD-SOFR-1D,execution_timestamp,2024-09-18 10:32:00-04:00,strict,3.2049960133704203,1796664.096168287,87643.85544033875,0.0,,-20.49960133704203,-20.499601337042034,20.172515768472984
1157965683,2024-09-18,FED_FUNDS,0.07945205479452055,1M,6400000000.0,0.04651,358512.444,0.0,,True,False,False,NEW_TRADE,2024-11-01,2024-11-30,USD-FEDFUNDS-1D,execution_timestamp,2024-09-18 16:57:00-04:00,strict,4.62901054360297,-108375.3553512767,49285.14529622852,0.0,,2.198945639703087,2.1989456397031253,7.2742495095664195
1158091296,2024-09-19,SOFR,5.002739726027397,5Y,240000000.0,0.04318,5719451.98743,0.0,9.9999999999,True,False,True,NEW_TRADE,2038-05-10,2043-05-10,USD-SOFR-1D,execution_timestamp,2024-09-19 01:29:00-04:00,strict,3.4959667503870557,-5724143.812133696,69633.96936594613,0.0,,82.20332496129447,82.2033249612945,82.13594657189033
1158091391,2024-09-19,SOFR,5.002739726027397,5Y,240000000.0,0.02913865,1073164.8366,0.0,9.9999999999,True,False,True,NEW_TRADE,2048-05-08,2053-05-08,USD-SOFR-1D,execution_timestamp,2024-09-19 01:29:00-04:00,strict,2.711512610942174,-1039297.6885915939,51360.78172492428,0.0,,20.23523890578258,20.235238905782563,20.894635956820267
1159371051,2024-09-19,SOFR,11.512328767123288,12Y,120000000.0,0.03622,3894000.0,0.0,,True,False,True,NEW_TRADE,2023-08-01,2035-02-01,USD-SOFR-1D,execution_timestamp,2024-09-19 09:45:00-04:00,strict,3.443495145663101,-2015986.7790792212,112937.36445252992,0.0,,17.850485433689922,17.850485433689975,34.479288753340214
1161176435,2024-09-20,FED_FUNDS,0.136986301369863,2M,2100000000.0,0.05026,31874.83,0.0,-2014460.0,True,True,True,NEW_TRADE,2024-09-18,2024-11-07,USD-FEDFUNDS-1D,execution_timestamp,2024-09-20 07:39:00-04:00,strict,4.796242966554802,-665449.6733316202,28963.190521448876,0.0,,22.975703344519793,22.975703344519907,1.1005289619731256
1164884040,2024-09-24,SOFR,8.005479452054795,8Y,170000000.0,0.051585,872924.84,0.0,,True,False,True,NEW_TRADE,2024-09-27,2032-09-27,USD-SOFR-1D,execution_timestamp,2024-09-24 08:57:00-04:00,strict,3.2948246558512437,-22233706.08958585,119300.3178337438,0.0,,186.36753441487565,186.36753441487562,7.317037002504073
1164954484,2024-09-24,SOFR,8.005479452054795,8Y,170000000.0,0.051585,872924.84,0.0,,True,False,True,NEW_TRADE,2024-09-27,2032-09-27,USD-SOFR-1D,execution_timestamp,2024-09-24 08:57:00-04:00,strict,3.2948246558512437,-22233706.08958585,119300.3178337438,0.0,,186.36753441487565,186.36753441487562,7.317037002504073
1165177526,2024-09-24,SOFR,3.0,3Y,240000000.0,0.04,5376.96,0.0,,True,True,True,NEW_TRADE,2024-10-01,2027-10-01,USD-SOFR-1D,execution_timestamp,2024-09-24 14:00:00-04:00,strict,3.2144975560578546,-5360787.324007157,68246.60273624808,0.0,,78.55024439421454,78.55024439421453,0.07878721847562552
1165193514,2024-09-24,SOFR,14.416438356164383,14Y,120000000.0,0.0386,5960097.3019,0.0,,True,True,True,NEW_TRADE,2023-12-07,2038-05-04,USD-SOFR-1D,execution_timestamp,2024-09-24 14:30:00-04:00,strict,3.4231219002952886,-5946051.0164623335,136103.20637453112,0.0,,43.68780997047117,43.68780997047115,43.79101316319399
1166954633,2024-09-25,SOFR,5.002739726027397,5Y,240000000.0,0.03205,120000.0,0.0,,True,False,True,NEW_TRADE,2024-09-23,2029-09-23,USD-SOFR-1D,execution_timestamp,2024-09-25 08:32:00-04:00,strict,3.212129377840648,78809.79184643924,110542.3132395998,0.0,,-0.7129377840648043,-0.7129377840648178,1.0855571634356949
1166991298,2024-09-25,SOFR,15.01095890410959,15Y,120000000.0,0.04334,11248942.72712,0.0,,True,True,True,NEW_TRADE,2023-10-17,2038-10-17,USD-SOFR-1D,execution_timestamp,2024-09-25 11:30:00-04:00,strict,3.565658981227439,-11211078.635917895,145912.7960372049,0.0,,76.83410187725607,76.83410187725612,77.09359996262248
1169176191,2024-09-26,SOFR,0.2493150684931507,3M,2100000000.0,0.051282,837843.84189,0.0,-6401350.0,True,True,True,NEW_TRADE,2024-08-22,2024-11-21,USD-SOFR-1D,execution_timestamp,2024-09-26 08:23:00-04:00,strict,4.959882736962119,-886473.685218446,52666.831031997805,0.0,,16.83172630378813,16.831726303788198,15.908377729827087
1169176267,2024-09-26,SOFR,0.32602739726027397,4M,1200000000.0,0.046927,589442.8122,0.0,-6401350.0,True,True,True,NEW_TRADE,2024-09-24,2025-01-21,USD-SOFR-1D,execution_timestamp,2024-09-26 08:23:00-04:00,strict,4.530143017174257,-635322.5334095918,39083.066280249586,0.0,,16.255698282574294,16.255698282574325,15.08179547565007
1169176276,2024-09-26,SOFR,0.4986301369863014,6M,1200000000.0,0.048262,1052136.6,0.0,-6401350.0,True,True,True,NEW_TRADE,2024-08-15,2025-02-13,USD-SOFR-1D,execution_timestamp,2024-09-26 08:23:00-04:00,strict,4.642158771627443,-1097044.6260243058,59608.63420252454,0.0,,18.4041228372557,18.404122837255745,17.65074160943349
1169176316,2024-09-26,SOFR,0.4986301369863014,6M,1200000000.0,0.048442,1545684.77605,0.0,-6401350.0,True,True,True,NEW_TRADE,2024-08-22,2025-02-20,USD-SOFR-1D,execution_timestamp,2024-09-26 08:23:00-04:00,strict,4.580119396435383,-1573165.9627637714,59571.43165869964,0.0,,26.408060356461682,26.408060356461664,25.946745495485715
1169176339,2024-09-26,SOFR,0.4986301369863014,6M,1200000000.0,0.046912,1411337.72655,0.0,-6401350.0,True,True,True,NEW_TRADE,2024-09-05,2025-03-06,USD-SOFR-1D,execution_timestamp,2024-09-26 08:23:00-04:00,strict,4.451720690682281,-1424579.4940591268,59486.537610191925,0.0,,23.94793093177192,23.947930931771886,23.725329851912463
1169176367,2024-09-26,SOFR,0.4986301369863014,6M,1200000000.0,0.045792,1136246.67288,0.0,-6401350.0,True,True,True,NEW_TRADE,2024-09-12,2025-03-13,USD-SOFR-1D,execution_timestamp,2024-09-26 08:23:00-04:00,strict,4.384844092444457,-1155338.9753494263,59444.500035032586,0.0,,19.435590755554344,19.435590755554294,19.114412135864086
1169176385,2024-09-26,SOFR,0.4986301369863014,6M,1200000000.0,0.044317,654353.60112,0.0,-6401350.0,True,True,True,NEW_TRADE,2024-09-19,2025-03-20,USD-SOFR-1D,execution_timestamp,2024-09-26 08:23:00-04:00,strict,4.317708877093151,-677135.6785550229,59402.492166724514,0.0,,11.399112290684954,11.3991122906849,11.015591724391475
1169345706,2024-09-26,SOFR,2.408219178082192,2Y,240000000.0,0.02,536722.8,0.0,,True,False,True,NEW_TRADE,2024-09-30,2027-02-26,USD-SOFR-1D,execution_timestamp,2024-09-26 11:59:00-04:00,strict,3.3431836727912527,7429203.887024574,55310.40942141621,0.0,,-134.31836727912528,-134.31836727912528,9.703829814577015
1169467543,2024-09-26,SOFR,7.002739726027397,7Y,170000000.0,0.032754,14338.0116,0.0,,True,True,False,NEW_TRADE,2024-09-30,2031-09-30,USD-SOFR-1D,execution_timestamp,2024-09-26 12:48:00-04:00,strict,3.275410060366661,106.61237323284149,105972.65171341193,0.0,,-0.0010060366661068798,-0.0010060366661500517,0.13529916792848712
1169764558,2024-09-26,SOFR,2.0,2Y,460000000.0,0.035,725054.25,0.0,,True,False,True,NEW_TRADE,2024-09-30,2026-09-30,USD-SOFR-1D,execution_timestamp,2024-09-26 16:05:00-04:00,strict,3.4143299984778634,-757453.4374982007,88415.24734915246,0.0,,8.5670001522137,8.567000152213696,8.200556710956826
1171444745,2024-09-27,SOFR,7.005479452054795,7Y,170000000.0,0.04023,4504975.17875,0.0,,True,True,True,NEW_TRADE,2030-09-25,2037-09-25,USD-SOFR-1D,execution_timestamp,2024-09-27 14:06:00-04:00,strict,3.509525992599507,-4467986.501985647,87014.8525064629,0.0,,51.34740074004935,51.347400740049444,51.772485374441096
1171475022,2024-09-27,SOFR,2.8465753424657536,3Y,240000000.0,0.04182,219191.50376,0.0,,True,False,True,NEW_TRADE,2024-08-26,2027-07-01,USD-SOFR-1D,execution_timestamp,2024-09-27 14:50:00-04:00,strict,3.3361286041380036,-5508816.342323169,65125.932491301835,0.0,,84.58713958619968,84.58713958619974,3.365656281225225
1173474748,2024-09-30,SOFR,5.002739726027397,5Y,240000000.0,0.04102,7640925.4994,0.0,,True,True,True,NEW_TRADE,2028-10-03,2033-10-03,USD-SOFR-1D,execution_timestamp,2024-09-30 10:25:00-04:00,strict,3.3145401941510015,-7646139.171621896,97098.7866914453,0.0,,78.74598058489988,78.74598058489998,78.69228607027681
1173862153,2024-09-30,SOFR,3.0027397260273974,3Y,240000000.0,0.0429334,5386103.65076,0.0,-36171.0,True,True,True,NEW_TRADE,2024-06-14,2027-06-15,USD-SOFR-1D,execution_timestamp,2024-09-30 12:57:00-04:00,strict,3.5117496712194924,-5370396.749928635,68711.14639184324,0.0,,78.15903287805072,78.15903287805075,78.38762607807965
1173862154,2024-09-30,SOFR,3.0027397260273974,3Y,240000000.0,0.0429334,5361854.97407,0.0,-36171.0,True,True,True,NEW_TRADE,2024-06-14,2027-06-15,USD-SOFR-1D,execution_timestamp,2024-09-30 12:57:00-04:00,strict,3.5117496712194924,-5370396.749928635,68711.14639184324,0.0,,78.15903287805072,78.15903287805075,78.0347186101746
1174531102,2024-10-01,SOFR,3.0027397260273974,3Y,240000000.0,0.0426262,3295806.82965,0.0,,True,True,True,NEW_TRADE,2024-02-26,2027-02-26,USD-SOFR-1D,execution_timestamp,2024-10-01 03:47:00-04:00,strict,3.7903126300054093,-3284046.3909056745,69531.97429342012,0.0,,47.230736999459076,47.23073699945907,47.39987413189108
1174811101,2024-10-01,SOFR,1.9123287671232876,~23M,460000000.0,0.031725,86588.8,0.0,,True,False,True,NEW_TRADE,2025-01-27,2026-12-26,USD-SOFR-1D,execution_timestamp,2024-10-01 08:00:00-04:00,strict,3.1680641679214414,-37348.98099737987,84129.29599251007,0.0,,0.443583207855891,0.443947385470871,1.0292348102818891
1174911955,2024-10-01,SOFR,2.0027397260273974,2Y,460000000.0,0.035435,922300.0,0.0,,True,True,True,NEW_TRADE,2024-02-01,2026-02-01,USD-SOFR-1D,execution_timestamp,2024-10-01 11:59:00-04:00,strict,4.247687132942073,6379428.892048288,90592.80684944105,0.0,,-70.41871329420731,-70.4187132942073,10.180719993948289
1175818257,2024-10-02,SOFR,0.13424657534246576,2M,2100000000.0,0.036011,104654.75241,0.0,-560.0,True,True,True,NEW_TRADE,2025-03-19,2025-05-07,USD-SOFR-1D,execution_timestamp,2024-10-02 11:53:00-04:00,strict,3.6318374277959182,85669.99820540659,27871.55736459582,0.0,,-3.0737427795918038,-3.073742779591855,3.754894318999876
1175818262,2024-10-02,SOFR,0.13150684931506848,2M,2100000000.0,0.0360105,102202.86375,0.0,-560.0,True,True,True,NEW_TRADE,2025-03-19,2025-05-06,USD-SOFR-1D,execution_timestamp,2024-10-02 11:53:00-04:00,strict,3.636131653318553,95791.63183695637,27305.335631459027,0.0,,-3.508165331855295,-3.5081653318552473,3.742963101770118
1175884333,2024-10-02,SOFR,0.8136986301369863,10M,1100000000.0,0.040036,100867.34151,0.0,0.0,True,True,False,NEW_TRADE,2024-10-04,2025-07-28,USD-SOFR-1D,execution_timestamp,2024-10-02 12:08:00-04:00,strict,3.979327596239659,-213174.8504965976,87826.0153388284,0.0,,2.4272403760341454,2.4272403760341357,1.1484904685799397
1175884334,2024-10-02,SOFR,1.4082191780821918,~17M,460000000.0,0.036366,92247.296,0.0,0.0,True,True,True,NEW_TRADE,2024-10-04,2026-03-02,USD-SOFR-1D,execution_timestamp,2024-10-02 12:08:00-04:00,strict,3.5993121801255064,-234952.61618947983,63010.55330676591,0.0,,3.72878198744937,3.728781987449255,1.463997555312607
1175884342,2024-10-02,SOFR,1.5698630136986302,~19M,460000000.0,0.035747,148575.4,0.0,0.0,True,True,False,NEW_TRADE,2024-10-04,2026-04-30,USD-SOFR-1D,execution_timestamp,2024-10-02 12:08:00-04:00,strict,3.537883726360781,-257835.90222673118,70033.13392153467,0.0,,3.68162736392188,3.68162736392193,2.121501519073305
1175884343,2024-10-02,SOFR,1.0657534246575342,~13M,460000000.0,0.038239,60370.0719,0.0,0.0,True,True,False,NEW_TRADE,2024-10-04,2025-10-28,USD-SOFR-1D,execution_timestamp,2024-10-02 12:08:00-04:00,strict,3.789588847037172,-164129.6767506972,47835.66350233544,0.0,,3.431115296282794,3.4311152962827416,1.2620306164887334
1175884345,2024-10-02,SOFR,1.115068493150685,~13M,460000000.0,0.038015,95646.36018,0.0,0.0,True,True,False,NEW_TRADE,2024-10-04,2025-11-15,USD-SOFR-1D,execution_timestamp,2024-10-02 12:08:00-04:00,strict,3.751801460683138,-254112.74373620003,50283.370022536394,0.0,,4.969853931686208,5.05361402034728,1.9021469749766666
1175900753,2024-10-02,SOFR,1.810958904109589,~22M,460000000.0,0.048586,7116200.0,0.0,,True,False,True,NEW_TRADE,2024-04-12,2026-02-02,USD-SOFR-1D,execution_timestamp,2024-10-02 12:03:00-04:00,strict,4.120478866886246,-6027491.226471357,81659.91943686089,0.0,,73.81211331137543,73.81211331137534,87.14434264783002
1176113876,2024-10-02,SOFR,2.989041095890411,3Y,240000000.0,0.033083,82392.32,0.0,0.0,True,True,False,NEW_TRADE,2024-10-04,2027-09-30,USD-SOFR-1D,execution_timestamp,2024-10-02 14:22:00-04:00,strict,3.3034337023656013,-33056.34918844327,67929.15615101646,0.0,,0.48662976343987197,0.486629763439931,1.2129154058211737
1176113881,2024-10-02,SOFR,2.9917808219178084,3Y,240000000.0,0.032893,81718.4473,0.0,0.0,True,True,False,NEW_TRADE,2024-10-04,2027-10-01,USD-SOFR-1D,execution_timestamp,2024-10-02 14:22:00-04:00,strict,3.303258159824787,94893.00667919591,67983.89463249859,0.0,,-1.395815982478732,-1.3958159824787952,1.2020265644053854
1176642387,2024-10-03,SOFR,5.002739726027397,5Y,240000000.0,0.03177,114945.04,0.0,,True,False,True,NEW_TRADE,2026-07-01,2031-07-01,USD-SOFR-1D,execution_timestamp,2024-10-03 10:11:00-04:00,strict,3.2119723769326693,364357.2193679027,104184.28809382494,0.0,,-3.4972376932669302,-3.4972376932669023,1.103285745893702
1176643158,2024-10-03,FED_FUNDS,0.1643835616438356,2M,2100000000.0,0.046871,17818.25715,0.0,,True,True,False,NEW_TRADE,2024-10-07,2024-12-06,USD-FEDFUNDS-1D,execution_timestamp,2024-10-03 10:20:00-04:00,strict,4.6835959472429245,-12156.678085682914,34693.19364879562,0.0,,0.35040527570755486,0.3504052757075864,0.5135951832620795
1176649100,2024-10-03,FED_FUNDS,0.0821917808219178,1M,6400000000.0,0.048338,3641.6406,0.0,,True,True,True,NEW_TRADE,2024-10-07,2024-11-06,USD-FEDFUNDS-1D,execution_timestamp,2024-10-03 10:46:00-04:00,strict,4.8339658714663605,880.3983136452734,53077.1405691971,0.0,,-0.016587146636037886,-0.01658714663608321,0.06861033885675065
1176880284,2024-10-03,SOFR,3.0,3Y,240000000.0,0.033544,14919.68552,0.0,,True,True,False,NEW_TRADE,2024-10-07,2027-10-07,USD-SOFR-1D,execution_timestamp,2024-10-03 12:45:00-04:00,strict,3.3548299331027676,2927.021701756865,68080.86381148633,0.0,,-0.04299331027679543,-0.04299331027675694,0.2191465367024737
1177520956,2024-10-04,SOFR,10.005479452054795,10Y,170000000.0,0.03372,1411053.6,0.0,,True,True,False,NEW_TRADE,2024-10-21,2034-10-21,USD-SOFR-1D,execution_timestamp,2024-10-04 09:08:00-04:00,strict,3.475463134894036,1479388.6459788457,142987.0308389556,0.0,,-10.346313489403602,-10.346313489403535,9.868402691634678
1177533328,2024-10-04,SOFR,15.01095890410959,15Y,120000000.0,0.03193,219700.0,0.0,,True,False,True,NEW_TRADE,2039-10-11,2054-10-11,USD-SOFR-1D,execution_timestamp,2024-10-04 10:06:00-04:00,strict,3.2188162213014118,213370.0453125015,82649.60344945145,0.0,,-2.58162213014117,-2.5816221301412385,2.6582099711388048
1177806202,2024-10-04,SOFR,1.0164383561643835,1Y,1100000000.0,0.0407646,7241.9872,0.0,-66808.0,True,True,True,NEW_TRADE,2024-10-08,2025-10-14,USD-SOFR-1D,execution_timestamp,2024-10-04 13:09:00-04:00,strict,4.069632686026997,-74281.09134021401,108799.87595991752,0.0,,0.6827313973002624,0.6827313973003019,0.06656245823908832
1177814925,2024-10-04,SOFR,1.0,1Y,1100000000.0,0.0386,1473.12,0.0,,True,True,True,NEW_TRADE,2024-12-06,2025-12-06,USD-SOFR-1D,execution_timestamp,2024-10-04 13:16:00-04:00,strict,3.854138962836802,-62706.57358909398,106988.86876681272,0.0,,0.5861037163198191,0.5861037163199277,0.013768909018102942
1177862971,2024-10-04,SOFR,5.002739726027397,5Y,240000000.0,0.034852,13468.2342,0.0,,True,True,False,NEW_TRADE,2024-10-08,2029-10-08,USD-SOFR-1D,execution_timestamp,2024-10-04 14:45:00-04:00,strict,3.4847401187109925,-5034.66851888597,109477.56821647316,0.0,,0.04598812890077575,0.04598812890080619,0.12302277461414628
1177864925,2024-10-04,SOFR,5.002739726027397,5Y,240000000.0,0.02585,1079711.52896,0.0,-848147.0,True,True,True,NEW_TRADE,2049-05-03,2054-05-03,USD-SOFR-1D,execution_timestamp,2024-10-04 14:59:00-04:00,strict,2.8162493031500304,1096521.0068226513,47417.267506801785,0.0,,-23.124930315003045,-23.124930315003084,22.77042912278993
1177864928,2024-10-04,SOFR,5.002739726027397,5Y,240000000.0,0.0343,1422859.08975,0.0,-848147.0,True,True,False,NEW_TRADE,2044-05-03,2049-05-03,USD-SOFR-1D,execution_timestamp,2024-10-04 14:59:00-04:00,strict,3.1617656571911565,-1473760.2183657996,54943.01001628534,0.0,,26.823434280884317,26.823434280884335,25.896999260292777
1177864932,2024-10-04,SOFR,5.002739726027397,5Y,240000000.0,0.030055,704217.91431,0.0,-848147.0,True,True,True,NEW_TRADE,2044-09-24,2049-09-24,USD-SOFR-1D,execution_timestamp,2024-10-04 14:59:00-04:00,strict,3.1373621330839,714771.1737354659,54205.94654575137,0.0,,-13.186213308390027,-13.18621330839004,12.991525085086742
1177867707,2024-10-04,SOFR,0.726027397260274,9M,1100000000.0,0.0425823,30981.47492,0.0,-124234.0,True,True,True,NEW_TRADE,2024-10-08,2025-06-30,USD-SOFR-1D,execution_timestamp,2024-10-04 15:34:00-04:00,strict,4.256429064295952,-14129.063642662019,78454.01482637724,0.0,,0.18009357040469354,0.180093570404655,0.39489980198672553
1181195242,2024-10-08,SOFR,5.002739726027397,5Y,650000000.0,0.03875,2509000.0,0.0,,True,False,True,NEW_TRADE,2024-10-16,2029-10-16,USD-SOFR-1D,execution_timestamp,2024-10-08 12:47:00-04:00,strict,3.530314918150721,-10197699.527689174,295855.55234874814,0.0,,34.468508184927906,34.46850818492784,8.480489820391963
1183430481,2024-10-09,FED_FUNDS,1.8273972602739725,~22M,1100000000.0,0.0368348,479174.59356,0.0,-907675.0,True,True,False,NEW_TRADE,2024-12-02,2026-09-30,USD-FEDFUNDS-1D,execution_timestamp,2024-10-09 09:27:00-04:00,strict,3.658753347545519,-475329.71948704123,192233.7527742731,0.0,,2.4726652454481357,2.472665245448276,2.492666280737191
1183930119,2024-10-09,SOFR,5.002739726027397,5Y,650000000.0,0.045,1625006.25,0.0,,True,False,True,NEW_TRADE,2024-10-17,2029-10-17,USD-SOFR-1D,execution_timestamp,2024-10-09 13:22:00-04:00,strict,3.580425400298557,-27166938.68767333,295429.41591137444,0.0,,91.9574599701443,91.95745997014431,5.5004889915480994
1192159768000000401,2025-11-26,SOFR,9.61917808219178,10Y,470000000.0,0.05502,24513742.45,0.0,,True,False,True,NEW_TRADE,2025-12-01,2035-07-13,USD-SOFR-1D,execution_timestamp,2025-11-25 21:31:00-05:00,strict,,,,,"SnapshotMiss: citivelo_excel minute store (USD-SOFR-1D-CITIVELOEXCELMIN): no snapshot satisfies datetime.datetime(2025, 11, 25, 21, 31, tzinfo=zoneinfo.ZoneInfo",,,
1195204408,2024-10-16,SOFR,10.005479452054795,10Y,470000000.0,0.035434,1115.475,0.0,,True,False,False,NEW_TRADE,2024-10-23,2034-10-23,USD-SOFR-1D,execution_timestamp,2024-10-16 16:25:00-04:00,strict,3.5476626084543437,167992.3175355494,394106.8463944139,0.0,,-0.4262608454343564,-0.4262608454343526,0.0028303872673240897
1206035439,2024-10-23,SOFR,10.005479452054795,10Y,470000000.0,0.037,2580589.52,0.0,,True,True,False,NEW_TRADE,2024-11-01,2034-11-01,USD-SOFR-1D,execution_timestamp,2024-10-23 14:15:00-04:00,strict,3.7679134555972422,2647010.9272716045,389762.3680010555,0.0,,-6.791345559724249,-6.79134555972432,6.620930422900683
1206185935,2024-10-23,SOFR,2.0027397260273974,2Y,1100000000.0,0.0345,2957519.89,0.0,,True,False,True,NEW_TRADE,2027-01-15,2029-01-15,USD-SOFR-1D,execution_timestamp,2024-10-23 16:00:00-04:00,strict,3.5986672857495954,2892996.7346965373,194595.38257591403,0.0,,-14.86672857495952,-14.866728574959604,15.198304558157929
1214423028,2024-10-29,FED_FUNDS,0.13424657534246576,2M,7500000000.0,0.034265,8132694.77496,0.0,7922974.0,True,True,True,NEW_TRADE,2025-03-19,2025-05-07,USD-FEDFUNDS-1D,execution_timestamp,2024-10-29 09:22:00-04:00,strict,4.093728016631357,6655633.63777405,99750.51214690342,0.0,,-66.72280166313573,-66.72280166313575,81.53035608461751
1214775153,2024-10-29,SOFR,11.838356164383562,12Y,250000000.0,0.036685,2535722.4,0.0,,True,False,True,NEW_TRADE,2024-02-01,2035-12-01,USD-SOFR-1D,execution_timestamp,2024-10-29 11:10:00-04:00,strict,3.963525104723306,7194698.286191791,243852.90744501963,0.0,,-29.50251047233059,-29.5042546819498,10.3985735768671
1214808709,2024-10-29,SOFR,7.002739726027397,7Y,470000000.0,0.037692,27463.98,0.0,0.0,True,True,False,NEW_TRADE,2024-10-31,2031-10-31,USD-SOFR-1D,execution_timestamp,2024-10-29 15:47:00-04:00,strict,3.748199992085007,-604215.4125237316,287721.516567779,0.0,,2.1000007914993457,2.100000791499358,0.09545334088189497
1216578166,2024-10-30,SOFR,2.0027397260273974,2Y,1100000000.0,0.0345,2691307.16673,0.0,,True,True,True,NEW_TRADE,2027-01-15,2029-01-15,USD-SOFR-1D,execution_timestamp,2024-10-30 08:12:00-04:00,strict,3.5894171870968794,2715856.7745963484,194800.7151162164,0.0,,-13.941718709687922,-13.94171870968796,13.815694491287621
1226074226,2024-11-05,SOFR,1.8,~22M,1100000000.0,0.0394439,37931.0,0.0,-207925.0,True,True,True,NEW_TRADE,2025-01-02,2026-10-21,USD-SOFR-1D,execution_timestamp,2024-11-05 10:50:00-05:00,strict,3.9399739402436693,-83388.21053248644,188829.44329035422,0.0,,0.4416059756330526,0.4416059756330705,0.20087439405133062
1226076292,2024-11-05,SOFR,5.983561643835617,6Y,470000000.0,0.0384372,81030.09,0.0,-207925.0,True,False,False,NEW_TRADE,2024-11-07,2030-10-31,USD-SOFR-1D,execution_timestamp,2024-11-05 10:50:00-05:00,strict,3.841047185746528,-66682.36053198576,249483.7059678231,0.0,,0.2672814253471767,0.26728142534721705,0.32479111084894163
1226404143,2024-11-05,SOFR,30.019178082191782,30Y,250000000.0,0.04215,4244754.18,0.0,,True,False,True,NEW_TRADE,2024-06-04,2054-06-04,USD-SOFR-1D,execution_timestamp,2024-11-05 12:41:00-05:00,strict,3.7081103569615546,-23031768.43677339,454374.4137030341,0.0,,50.68896430384453,50.68896430384454,9.34197448620918
1226785569,2024-11-06,FED_FUNDS,0.2273972602739726,3M,7500000000.0,0.0441,121107.0,0.0,,True,False,False,NEW_TRADE,2024-11-07,2025-01-29,USD-FEDFUNDS-1D,execution_timestamp,2024-11-05 23:00:00-05:00,asof2h,4.515238206464857,1800074.6081540138,171047.63266325052,60.0,,-10.523820646485671,-10.523820646485678,0.7080308456442015
1237822076,2024-11-12,SOFR,4.243835616438356,4Y,650000000.0,0.038287,2741125.16062,0.0,-280232.0,True,True,True,NEW_TRADE,2024-12-02,2029-02-28,USD-SOFR-1D,execution_timestamp,2024-11-12 07:35:00-05:00,strict,3.9384574299278614,2762580.6044662297,251698.73294973624,0.0,,-10.975742992786142,-10.975742992786188,10.890500434769363
1237822078,2024-11-12,SOFR,4.967123287671233,5Y,650000000.0,0.038281,2895215.9607,0.0,-280232.0,True,True,False,NEW_TRADE,2024-11-13,2029-10-31,USD-SOFR-1D,execution_timestamp,2024-11-12 07:35:00-05:00,strict,3.927613836063108,2896240.89266026,291039.01600412256,0.0,,-9.951383606310804,-9.951383606310829,9.947861975519425
1242849623,2024-11-14,SOFR,2.334246575342466,2Y,650000000.0,0.039901,674612.84176,0.0,-7482500.0,True,True,True,NEW_TRADE,2024-11-13,2027-03-15,USD-SOFR-1D,execution_timestamp,2024-11-14 13:23:00-05:00,strict,4.034483005568058,639387.07993339,144061.2396005836,0.0,,-4.438300556805785,-4.438300556805704,4.6828199148528435
1242849628,2024-11-14,SOFR,1.7452054794520548,21M,1100000000.0,0.03197,15692086.218,0.0,-7482500.0,True,True,True,NEW_TRADE,2024-12-18,2026-09-16,USD-SOFR-1D,execution_timestamp,2024-11-14 13:23:00-05:00,strict,4.051006007411886,15683619.318288863,183647.64629488907,0.0,,-85.40060074118863,-85.4006007411887,85.44670478816103
1242849632,2024-11-14,SOFR,2.243835616438356,2Y,650000000.0,0.03127,12187754.19234,0.0,-7482500.0,True,True,True,NEW_TRADE,2024-12-18,2027-03-17,USD-SOFR-1D,execution_timestamp,2024-11-14 13:23:00-05:00,strict,4.006023369798318,12144988.227743275,138164.56586961728,0.0,,-87.90233697983183,-87.90233697983187,88.21186615851494
1242849659,2024-11-14,FED_FUNDS,2.243835616438356,2Y,650000000.0,0.039618,9335.9276,0.0,-7482500.0,True,True,False,NEW_TRADE,2024-12-18,2027-03-17,USD-FEDFUNDS-1D,execution_timestamp,2024-11-14 13:23:00-05:00,strict,3.959602158039192,-30387.260973587632,138259.53601511533,0.0,,0.2197841960808411,0.21978419608080793,0.06752465594112325
1244693586,2024-11-15,SOFR,25.016438356164382,25Y,250000000.0,0.0331,775583.25,0.0,0.0,True,False,True,NEW_TRADE,2024-12-02,2049-12-02,USD-SOFR-1D,execution_timestamp,2024-11-15 10:53:00-05:00,strict,3.898473613316542,23217886.645943508,394544.22629234346,0.0,,-58.84736133165425,-58.84736133165428,1.9657701173031992
1244700644,2024-11-15,SOFR,25.016438356164382,25Y,250000000.0,0.0331,775583.25,0.0,0.0,True,False,True,NEW_TRADE,2024-12-02,2049-12-02,USD-SOFR-1D,execution_timestamp,2024-11-15 11:22:00-05:00,strict,3.8910490532389383,22942993.326281115,394854.67187994055,0.0,,-58.104905323893874,-58.104905323893846,1.964224574847689
1251990733,2024-11-20,SOFR,5.002739726027397,5Y,650000000.0,0.04376,1416967.3,0.0,,True,False,True,NEW_TRADE,2024-11-27,2029-11-27,USD-SOFR-1D,execution_timestamp,2024-11-20 12:02:00-05:00,strict,3.9180250193705293,-13409940.700488687,292809.4605093314,0.0,,45.797498062947106,45.79749806294709,4.839212836686483
1254190612,2024-11-21,SOFR,2.0,2Y,1100000000.0,0.04072,1388751.42862,0.0,,True,True,True,NEW_TRADE,2024-11-08,2026-11-08,USD-SOFR-1D,execution_timestamp,2024-11-21 13:15:00-05:00,strict,,,,,"SnapshotMiss: citivelo_excel minute store (USD-SOFR-1D-CITIVELOEXCELMIN): no snapshot satisfies datetime.datetime(2024, 11, 21, 13, 15, tzinfo=zoneinfo.ZoneInfo",,,
1258614843,2024-11-25,SOFR,2.0027397260273974,2Y,1100000000.0,0.0345,4851145.0,0.0,,True,True,True,NEW_TRADE,2027-01-15,2029-01-15,USD-SOFR-1D,execution_timestamp,2024-11-25 09:55:00-05:00,strict,,,,,"SnapshotMiss: citivelo_excel minute store (USD-SOFR-1D-CITIVELOEXCELMIN): no snapshot satisfies datetime.datetime(2024, 11, 25, 9, 55, tzinfo=zoneinfo.ZoneInfo(",,,
1258969745,2024-11-25,SOFR,1.8273972602739725,~22M,1100000000.0,0.03290523,15343052.81998,0.0,-52043965.0,True,True,True,NEW_TRADE,2024-12-02,2026-09-30,USD-SOFR-1D,execution_timestamp,2024-11-25 14:48:00-05:00,strict,4.086228220612178,15308130.077484086,192384.43686101172,0.0,,-79.57052206121777,-79.57052206121774,79.75204788038337
1258969746,2024-11-25,SOFR,1.8273972602739725,~22M,1100000000.0,0.0410669,361651.50285,0.0,-52043965.0,True,True,True,NEW_TRADE,2024-12-02,2026-09-30,USD-SOFR-1D,execution_timestamp,2024-11-25 14:48:00-05:00,strict,4.086228220612178,-393652.7904700488,192384.43686101172,0.0,,2.0461779387822787,2.0461779387822494,1.8798376248660664
1258969748,2024-11-25,SOFR,1.8273972602739725,~22M,1100000000.0,0.0420033,2163929.999,0.0,-52043965.0,True,True,True,NEW_TRADE,2024-12-02,2026-09-30,USD-SOFR-1D,execution_timestamp,2024-11-25 14:48:00-05:00,strict,4.086228220612178,-2195140.657236576,192384.43686101172,0.0,,11.410177938782251,11.41017793878232,11.247947257622156
1269278946,2024-12-02,SOFR,3.9945205479452053,4Y,650000000.0,0.0386075,1770952.39935,0.0,-3509666.0,True,True,False,NEW_TRADE,2025-03-03,2029-02-28,USD-SOFR-1D,execution_timestamp,2024-12-02 09:26:00-05:00,strict,3.789787189060223,-1679136.536869228,236622.04394555863,0.0,,7.09628109397773,7.096281093977699,7.484308603797945
1269765874,2024-12-02,SOFR,5.002739726027397,5Y,650000000.0,0.038,54912.0,0.0,,True,True,False,NEW_TRADE,2024-12-05,2029-12-05,USD-SOFR-1D,execution_timestamp,2024-12-02 14:39:00-05:00,strict,3.7733492522110437,-783406.1512461305,293952.7841581811,0.0,,2.6650747788956153,2.6650747788956677,0.18680551081445412
1271866984,2024-12-03,SOFR,5.219178082191781,5Y,470000000.0,0.0371766,100000.0,0.0,,True,False,False,NEW_TRADE,2024-12-05,2030-02-22,USD-SOFR-1D,execution_timestamp,2024-12-03 14:28:00-05:00,strict,3.7586436373216623,906709.9412748367,221237.05959977608,0.0,,-4.098363732166277,-4.098363732166301,0.45200383778785863
1277987489,2024-12-06,SOFR,7.005479452054795,7Y,650000000.0,0.01526,60732389.5848,0.0,143160510.0,True,True,True,NEW_TRADE,2022-02-23,2029-02-23,USD-SOFR-1D,execution_timestamp,2024-12-06 11:41:00-05:00,strict,3.9991154176068857,75071024.25398165,303548.40586705925,0.0,,-247.31154176068858,-247.31154176068853,200.0748098522319
1277987494,2024-12-06,SOFR,7.005479452054795,7Y,650000000.0,0.01526,60732796.57908,0.0,143160510.0,True,True,True,NEW_TRADE,2022-02-23,2029-02-23,USD-SOFR-1D,execution_timestamp,2024-12-06 11:41:00-05:00,strict,3.9991154176068857,75071024.25398165,303548.40586705925,0.0,,-247.31154176068858,-247.31154176068853,200.07615064095666
1286861491,2024-12-12,SOFR,7.005479452054795,7Y,470000000.0,0.033795,16129201.71282,0.0,66764180.0,True,True,True,NEW_TRADE,2023-03-24,2030-03-24,USD-SOFR-1D,execution_timestamp,2024-12-12 10:51:00-05:00,strict,4.005706266400822,16117770.386753052,257387.56144028052,0.0,,-62.62062664008226,-62.62062664008231,62.665039532465215
1289074738,2024-12-13,SOFR,29.7013698630137,30Y,250000000.0,0.038087,4058758.13,0.0,,True,False,False,NEW_TRADE,2024-12-13,2054-08-19,USD-SOFR-1D,execution_timestamp,2024-12-13 10:54:00-05:00,strict,3.7602039399777762,-2136507.6404721737,440552.8283108074,0.0,,4.8496060022224174,4.849606002222463,9.212874981559692
1289519847,2024-12-13,SOFR,30.02191780821918,30Y,250000000.0,0.034105,9016853.0,0.0,,True,True,True,NEW_TRADE,2027-12-02,2057-12-02,USD-SOFR-1D,execution_timestamp,2024-12-13 15:30:00-05:00,strict,3.669119604052979,10242516.83038652,396045.646573967,0.0,,-25.861960405297868,-25.861960405297847,22.76720645208753
1289613358,2024-12-13,SOFR,1.0,1Y,1700000000.0,0.033925,7867185.2,0.0,,True,False,True,NEW_TRADE,2025-10-17,2026-10-17,USD-SOFR-1D,execution_timestamp,2024-12-13 15:06:00-05:00,strict,3.9199646984450798,8482059.692864232,160808.1018098199,0.0,,-52.74646984450801,-52.74646984450796,48.92281614830667
1295946094,2024-12-18,SOFR,15.01095890410959,15Y,250000000.0,0.01691,15999936.0,0.0,,True,False,True,NEW_TRADE,2046-04-09,2061-04-09,USD-SOFR-1D,execution_timestamp,2024-12-18 14:59:00-05:00,strict,2.937150599339645,16154396.551694691,129634.38416075204,0.0,,-124.61505993396449,-124.61505993396447,123.42355080855255
1297609710,2024-12-19,SOFR,1.0,1Y,1700000000.0,0.0415,1339350.95,0.0,,True,True,False,NEW_TRADE,2024-12-23,2025-12-23,USD-SOFR-1D,execution_timestamp,2024-12-19 09:40:00-05:00,strict,4.2331200099022475,1372591.4391483665,165133.69533552768,0.0,,-8.31200099022471,-8.312000990224679,8.110706584011417
1302458950,2024-12-23,SOFR,0.08493150684931507,1M,17000000000.0,0.04566,1002833.12,0.0,,True,False,True,NEW_TRADE,2024-12-02,2025-01-02,USD-SOFR-1D,execution_timestamp,2024-12-23 13:57:00-05:00,strict,4.5052353925451225,-888015.1965129822,146140.20129602603,0.0,,6.076460745487733,6.076460745487764,6.86213041385259
1319972048,2025-01-07,SOFR,2.0027397260273974,2Y,1100000000.0,0.0415,94438.09341,0.0,,True,True,False,NEW_TRADE,2027-01-12,2029-01-12,USD-SOFR-1D,execution_timestamp,2025-01-07 10:30:00-05:00,strict,4.1525625424379715,49507.41299465299,193196.46090953803,0.0,,-0.25625424379711603,-0.25625424379711725,0.4888189616176226
1320481407,2025-01-07,SOFR,7.002739726027397,7Y,470000000.0,0.04626,3064269.6,0.0,,True,False,True,NEW_TRADE,2025-01-15,2032-01-15,USD-SOFR-1D,execution_timestamp,2025-01-07 13:20:00-05:00,strict,4.159600702106012,-13226412.07119973,283585.5913789573,0.0,,46.63992978939886,46.63992978939888,10.805448842092954
1324467056,2025-01-09,SOFR,2.9616438356164383,3Y,650000000.0,0.0349936,12773622.51181,0.0,-46872800.0,True,True,True,NEW_TRADE,2024-08-29,2027-08-15,USD-SOFR-1D,execution_timestamp,2025-01-09 11:36:00-05:00,strict,4.196734352713258,12758130.369649515,182925.17109678354,0.0,,-69.73743527132581,-69.74507823693295,69.8297693817743
1324467061,2025-01-09,SOFR,4.7315068493150685,5Y,650000000.0,0.03204,26614148.82854,0.0,-46872800.0,True,True,True,NEW_TRADE,2024-09-27,2029-06-20,USD-SOFR-1D,execution_timestamp,2025-01-09 11:36:00-05:00,strict,4.147508264406837,26534068.931868955,281227.7319960766,0.0,,-94.35082644068373,-94.35082644068378,94.63557750738215
1324467071,2025-01-09,SOFR,4.205479452054795,4Y,650000000.0,0.03316,18992153.3598,0.0,-46872800.0,True,True,True,NEW_TRADE,2024-10-07,2028-12-20,USD-SOFR-1D,execution_timestamp,2025-01-09 11:36:00-05:00,strict,4.108693114325681,18938723.588056177,238916.2116560927,0.0,,-79.26931143256807,-79.26931143256813,79.49294536420243
1324467076,2025-01-09,SOFR,5.2027397260273975,5Y,650000000.0,0.033078,23819039.36178,0.0,-46872800.0,True,True,True,NEW_TRADE,2024-10-07,2029-12-19,USD-SOFR-1D,execution_timestamp,2025-01-09 11:36:00-05:00,strict,4.118348989784927,23729633.837097928,292760.01988966024,0.0,,-81.05489897849267,-81.05489897849272,81.36028741478182
1324467084,2025-01-09,SOFR,5.068493150684931,5Y,650000000.0,0.039207,5863157.142,0.0,-46872800.0,True,True,True,NEW_TRADE,2024-11-25,2029-12-19,USD-SOFR-1D,execution_timestamp,2025-01-09 11:36:00-05:00,strict,4.118348989784927,5786372.218060657,292760.01988966024,0.0,,-19.764898978492695,-19.76489897849273,20.027178383885182
1324467085,2025-01-09,SOFR,4.071232876712329,4Y,650000000.0,0.0393653,4156544.03616,0.0,-46872800.0,True,True,True,NEW_TRADE,2024-11-25,2028-12-20,USD-SOFR-1D,execution_timestamp,2025-01-09 11:36:00-05:00,strict,4.108693114325681,4113255.9061606526,238916.2116560927,0.0,,-17.21631143256812,-17.216311432568116,17.397496835179716
1324467086,2025-01-09,SOFR,4.065753424657534,4Y,650000000.0,0.03875,5627584.92686,0.0,-46872800.0,True,True,True,NEW_TRADE,2024-11-27,2028-12-20,USD-SOFR-1D,execution_timestamp,2025-01-09 11:36:00-05:00,strict,4.108693114325681,5583307.356480584,238916.2116560927,0.0,,-23.369311432568107,-23.369311432568086,23.554638204964558
1324467110,2025-01-09,SOFR,3.8876712328767122,4Y,650000000.0,0.0452,5170765.10864,0.0,-46872800.0,True,True,True,NEW_TRADE,2024-04-26,2028-03-15,USD-SOFR-1D,execution_timestamp,2025-01-09 11:36:00-05:00,strict,4.301696832797549,-5216705.245038301,238966.08152278425,0.0,,21.83031672024507,21.830316720245143,21.638071293172178
1324467115,2025-01-09,SOFR,4.046575342465753,4Y,650000000.0,0.04098,6031209.19419,0.0,-46872800.0,True,True,True,NEW_TRADE,2024-02-28,2028-03-15,USD-SOFR-1D,execution_timestamp,2025-01-09 11:36:00-05:00,strict,4.340475705897948,5976719.206956431,246487.34127087684,0.0,,-24.247570589794787,-24.247570589794815,24.468636657336546
1324467125,2025-01-09,SOFR,3.797260273972603,4Y,650000000.0,0.04433,3742123.09576,0.0,-46872800.0,True,True,True,NEW_TRADE,2024-05-29,2028-03-15,USD-SOFR-1D,execution_timestamp,2025-01-09 11:36:00-05:00,strict,4.270318698513638,-3791393.8041008115,233056.52029214008,0.0,,16.268130148636217,16.268130148636214,16.05671916438634
1324467136,2025-01-09,SOFR,4.813698630136987,5Y,650000000.0,0.03419,21616943.34498,0.0,-46872800.0,True,True,True,NEW_TRADE,2024-08-28,2029-06-20,USD-SOFR-1D,execution_timestamp,2025-01-09 11:36:00-05:00,strict,4.1704451008679095,21531910.369397447,286540.0325922456,0.0,,-75.144510086791,-75.14451008679109,75.44126783757825
1324467147,2025-01-09,SOFR,2.9616438356164383,3Y,650000000.0,0.0349836,12792072.81744,0.0,-46872800.0,True,True,True,NEW_TRADE,2024-08-29,2027-08-15,USD-SOFR-1D,execution_timestamp,2025-01-09 11:36:00-05:00,strict,4.196734352713258,12776424.259253062,182925.17109678354,0.0,,-69.83743527132584,-69.84508573996746,69.93063196683777
1324467148,2025-01-09,SOFR,4.243835616438356,4Y,650000000.0,0.0326319,21566072.15178,0.0,-46872800.0,True,True,True,NEW_TRADE,2024-12-02,2029-02-28,USD-SOFR-1D,execution_timestamp,2025-01-09 11:36:00-05:00,strict,4.113697436087347,21502962.96012917,252825.10237712736,0.0,,-85.0507436087347,-85.05074360873473,85.30035961227814
1324467150,2025-01-09,SOFR,4.243835616438356,4Y,650000000.0,0.0326,21646787.8666,0.0,-46872800.0,True,True,True,NEW_TRADE,2024-12-02,2029-02-28,USD-SOFR-1D,execution_timestamp,2025-01-09 11:36:00-05:00,strict,4.113697436087347,21583614.167787477,252825.10237712736,0.0,,-85.36974360873471,-85.36974360873475,85.61961475767743
1324728808,2025-01-09,SOFR,6.802739726027397,7Y,470000000.0,0.039375,5158969.00414,0.0,19785090.0,True,True,True,NEW_TRADE,2024-03-01,2030-12-18,USD-SOFR-1D,execution_timestamp,2025-01-09 12:50:00-05:00,strict,4.144781090071684,5160219.79652223,248947.92837772475,0.0,,-20.728109007168438,-20.7281090071684,20.723084693889792
1324728999,2025-01-09,SOFR,4.931506849315069,5Y,650000000.0,0.0396781,10037555.13983,0.0,19785090.0,True,True,True,NEW_TRADE,2024-03-26,2029-02-28,USD-SOFR-1D,execution_timestamp,2025-01-09 12:50:00-05:00,strict,4.304017332170641,10012224.478909552,297799.1114669645,0.0,,-33.620733217064114,-33.620733217064114,33.70579277548815
1324729085,2025-01-09,SOFR,6.923287671232877,7Y,470000000.0,0.0335368,23967573.49342,0.0,19785090.0,True,True,True,NEW_TRADE,2024-08-29,2031-07-31,USD-SOFR-1D,execution_timestamp,2025-01-09 12:50:00-05:00,strict,4.191968524901251,23935382.331183657,285526.7801023902,0.0,,-83.82885249012509,-83.8288524901251,83.94159554779837
1324729089,2025-01-09,SOFR,6.30958904109589,6Y,470000000.0,0.0339,18797722.18121,0.0,19785090.0,True,True,True,NEW_TRADE,2024-08-28,2030-12-18,USD-SOFR-1D,execution_timestamp,2025-01-09 12:50:00-05:00,strict,4.144781090071684,18790118.875202656,248947.92837772475,0.0,,-75.47810900716843,-75.47810900716838,75.50865075964205
1324729156,2025-01-09,SOFR,6.112328767123287,6Y,470000000.0,0.0392,5592964.27424,0.0,19785090.0,True,True,True,NEW_TRADE,2024-11-08,2030-12-18,USD-SOFR-1D,execution_timestamp,2025-01-09 12:50:00-05:00,strict,4.144781090071684,5595878.6711832285,248947.92837772475,0.0,,-22.478109007168445,-22.47810900716832,22.466402153601713
1324729304,2025-01-09,SOFR,6.923287671232877,7Y,470000000.0,0.0383506,9165465.72884,0.0,19785090.0,True,True,True,NEW_TRADE,2024-11-29,2031-10-31,USD-SOFR-1D,execution_timestamp,2025-01-09 12:50:00-05:00,strict,4.159282280014154,9161676.51349105,282573.9339409703,0.0,,-32.422228001415434,-32.42222800141546,32.4356376436146
1324729305,2025-01-09,SOFR,4.2465753424657535,4Y,650000000.0,0.0384456,6539638.62312,0.0,19785090.0,True,True,True,NEW_TRADE,2025-03-03,2029-05-31,USD-SOFR-1D,execution_timestamp,2025-01-09 12:50:00-05:00,strict,4.106753990589306,6563498.429570615,250329.85747760817,0.0,,-26.21939905893056,-26.219399058930538,26.124085592566463
1324729308,2025-01-09,SOFR,4.923287671232877,5Y,650000000.0,0.0387792,7458748.15347,0.0,19785090.0,True,True,True,NEW_TRADE,2024-11-29,2029-10-31,USD-SOFR-1D,execution_timestamp,2025-01-09 12:50:00-05:00,strict,4.136132879872707,7467383.056776762,289194.83259154233,0.0,,-25.8212879872707,-25.82128798727073,25.791429558510497
1335483381,2025-01-16,SOFR,3.043835616438356,3Y,650000000.0,0.04375,1625000.0,0.0,,True,False,True,NEW_TRADE,2025-01-24,2028-02-09,USD-SOFR-1D,execution_timestamp,2025-01-16 11:28:00-05:00,strict,4.080636204224895,-5436812.479401797,184697.05029743322,0.0,,29.436379577510507,29.43637957751052,8.798191402532556
1343275305,2025-01-21,SOFR,30.019178082191782,30Y,250000000.0,0.039869,16906.074,0.0,,True,False,False,NEW_TRADE,2025-01-28,2055-01-28,USD-SOFR-1D,execution_timestamp,2025-01-21 17:27:00-05:00,strict,3.9971114597814155,438887.98780307174,429799.4578618963,0.0,,-1.0211459781415133,-1.0211459781414982,0.03933479600952005
1345423616,2025-01-22,SOFR,0.3698630136986301,4M,2000000000.0,0.040649,9192.5828,0.0,1092.0,True,True,True,NEW_TRADE,2025-07-30,2025-12-12,USD-SOFR-1D,execution_timestamp,2025-01-22 13:42:00-05:00,strict,4.065358857186871,3313.958655305207,72222.00610820297,0.0,,-0.045885718687088684,-0.04588571868718567,0.12728229656522802
1352350207,2025-01-27,FED_FUNDS,0.07671232876712329,1M,17000000000.0,0.043317,8930.95,0.0,,True,True,True,NEW_TRADE,2025-02-03,2025-03-03,USD-FEDFUNDS-1D,execution_timestamp,2025-01-27 11:23:00-05:00,strict,4.328715132159123,-39291.69960291684,131636.3125523229,0.0,,0.2984867840877925,0.29848678408778084,0.06784564096969915
1353921721,2025-01-28,SOFR,5.002739726027397,5Y,650000000.0,0.040433,3813.224,0.0,9.9999999999,True,False,False,NEW_TRADE,2025-01-30,2030-01-30,USD-SOFR-1D,execution_timestamp,2025-01-28 15:13:00-05:00,strict,4.035989929673242,-213862.3958723545,292558.6024658766,0.0,,0.7310070326757234,0.7310070326757832,0.013034051871521249
1353991783,2025-01-28,SOFR,3.0,3Y,650000000.0,0.04861,125061.56,0.0,0.0,True,True,True,NEW_TRADE,2025-01-31,2028-01-31,USD-SOFR-1D,execution_timestamp,2025-01-28 16:30:00-05:00,strict,4.0225659132663,-15292531.534859091,182393.962469184,0.0,,83.84340867336996,83.84340867336992,0.6856672134700156
1355932009,2025-01-30,SOFR,4.986301369863014,5Y,650000000.0,0.0374397,8417074.0,0.0,,True,False,True,NEW_TRADE,2024-12-06,2029-11-30,USD-SOFR-1D,execution_timestamp,2025-01-30 15:13:00-05:00,strict,4.03348349246691,8500284.394497648,293605.8116693539,0.0,,-28.951349246691027,-28.951349246690995,28.667940706429007
1358309196,2025-02-03,SOFR,9.791780821917808,10Y,470000000.0,0.0410612,1553910.405,0.0,,True,False,False,NEW_TRADE,2025-02-03,2034-11-17,USD-SOFR-1D,execution_timestamp,2025-02-03 08:56:00-05:00,strict,4.062812429390344,-1636514.911935538,377881.9474049772,0.0,,4.330757060965595,4.330757060965603,4.112158349111792
1362041412,2025-02-05,SOFR,5.002739726027397,5Y,650000000.0,0.0428118,8560277.15796,0.0,8902674.0,True,False,True,NEW_TRADE,2025-02-05,2030-02-05,USD-SOFR-1D,execution_timestamp,2025-02-05 08:58:00-05:00,strict,3.9851153599182982,-8671574.417728603,292894.6332576428,0.0,,29.606464008170175,29.606464008170168,29.226473229470233
1370466659,2025-02-10,SOFR,2.0,2Y,1100000000.0,0.04072,2602726.20608,0.0,,True,True,True,NEW_TRADE,2024-11-08,2026-11-08,USD-SOFR-1D,execution_timestamp,2025-02-10 13:47:00-05:00,strict,4.190605730504611,2515549.9702690244,212093.45952902513,0.0,,-11.86057305046111,-11.860573050461133,12.271600509792313
1375231354,2025-02-12,SOFR,6.967123287671233,7Y,470000000.0,0.042254,188762.951,0.0,7290153.0,True,True,False,NEW_TRADE,2025-02-13,2032-01-31,USD-SOFR-1D,execution_timestamp,2025-02-12 14:55:00-05:00,strict,4.2185504492792765,-193116.6087230742,281794.35501020006,0.0,,0.684955072072313,0.6853104233265567,0.6698606542106472
1379371522,2025-02-14,SOFR,29.019178082191782,29Y,250000000.0,0.078,7431815.3,0.0,,True,False,True,NEW_TRADE,2024-11-28,2053-11-28,USD-SOFR-1D,execution_timestamp,2025-02-14 09:38:00-05:00,strict,4.034955205822961,-160301917.54180795,425777.6331864084,0.0,,376.50447941770386,376.492105379398,17.4546869556821
1379371676,2025-02-14,SOFR,29.019178082191782,29Y,250000000.0,0.078,7431815.3,0.0,,True,False,True,NEW_TRADE,2024-11-28,2053-11-28,USD-SOFR-1D,execution_timestamp,2025-02-14 09:38:00-05:00,strict,4.034955205822961,-160301917.54180795,425777.6331864084,0.0,,376.50447941770386,376.492105379398,17.4546869556821
1387065573,2025-02-19,SOFR,4.249315068493151,4Y,650000000.0,0.04008,1516870.86,0.0,,True,False,False,NEW_TRADE,2025-06-02,2029-08-31,USD-SOFR-1D,execution_timestamp,2025-02-19 15:59:00-05:00,strict,4.0656350526547955,1436045.2334107459,249161.7804206615,0.0,,-5.7635052654795516,-5.763505265479566,6.087895412526981
1389143245,2025-02-20,SOFR,9.26027397260274,9Y,470000000.0,0.00795,109992449.36,0.0,117013244.0,True,False,True,NEW_TRADE,2023-08-09,2032-11-09,USD-SOFR-1D,execution_timestamp,2025-02-20 12:37:00-05:00,strict,4.100685041399701,106572443.06936133,322391.4006769265,0.0,,-330.5685041399701,-330.5685041399701,341.1767470504748
1400119758,2025-02-27,SOFR,2.0,2Y,1100000000.0,0.037795,6630902.96,0.0,,True,True,True,NEW_TRADE,2024-10-22,2026-10-22,USD-SOFR-1D,execution_timestamp,2025-02-27 08:17:00-05:00,strict,4.086676244020851,6541122.689106703,212943.63794169907,0.0,,-30.71762440208512,-30.717624402085068,31.139239585149976
1400698297,2025-02-27,SOFR,3.0027397260273974,3Y,650000000.0,0.038665,267126.0,0.0,-1439806.0,True,True,False,NEW_TRADE,2030-06-11,2033-06-11,USD-SOFR-1D,execution_timestamp,2025-02-27 15:58:00-05:00,strict,3.8988501464499525,486134.86459621787,150272.84817652652,0.0,,-3.235014644995271,-3.2350146449952955,1.777606555285392
1400698298,2025-02-27,SOFR,3.0027397260273974,3Y,650000000.0,0.038496,280320.0,0.0,-1439806.0,True,True,False,NEW_TRADE,2030-01-24,2033-01-24,USD-SOFR-1D,execution_timestamp,2025-02-27 15:58:00-05:00,strict,3.8822518558733914,497109.6825641021,152245.46025551163,0.0,,-3.2651855873391256,-3.265185587339085,1.8412371674632695
1400698299,2025-02-27,SOFR,3.4986301369863013,3Y,650000000.0,0.038484,30440.04626,0.0,-1439806.0,True,True,False,NEW_TRADE,2029-11-03,2033-05-03,USD-SOFR-1D,execution_timestamp,2025-02-27 15:58:00-05:00,strict,3.8751643724925,474322.03510281444,177221.4294341247,0.0,,-2.6764372492499966,-2.676437249249959,0.17176278487988905
1402540811,2025-02-28,SOFR,4.2465753424657535,4Y,650000000.0,0.038455,2119242.65,0.0,-374928.0,True,True,False,NEW_TRADE,2025-03-03,2029-05-31,USD-SOFR-1D,execution_timestamp,2025-02-28 10:30:00-05:00,strict,3.7802598245084202,-1653824.1404119432,253497.80682692988,0.0,,6.524017549158012,6.524017549157953,8.360003885346696
1403000050,2025-02-28,SOFR,1.0,1Y,1700000000.0,0.04,6208269.1,0.0,,True,True,False,NEW_TRADE,2026-03-30,2027-03-30,USD-SOFR-1D,execution_timestamp,2025-02-28 16:16:00-05:00,strict,3.6094364541788235,-6217697.875952035,159198.11110069288,0.0,,39.05635458211765,39.056354582117734,38.99712789979817
1404532515000000701,2025-12-11,SOFR,5.002739726027397,5Y,650000000.0,0.0325,5544825.18776,0.0,49114575.0,True,False,True,NEW_TRADE,2025-12-15,2030-12-15,USD-SOFR-1D,execution_timestamp,2025-12-11 01:13:00-05:00,strict,3.436619776257633,5562905.89775461,298087.69516875304,0.0,,-18.661977625763313,-18.661977625763264,18.601321951987888
1404554372000000201,2025-12-11,SOFR,5.002739726027397,5Y,650000000.0,0.0425,24277066.0776,0.0,,True,False,True,NEW_TRADE,2025-12-15,2030-12-15,USD-SOFR-1D,execution_timestamp,2025-12-11 01:13:00-05:00,strict,3.436619776257633,-24245863.619120702,298087.69516875304,0.0,,81.33802237423669,81.33802237423676,81.4426978069534
1407232816,2025-03-04,SOFR,1.0,1Y,1700000000.0,0.04,537017.08,0.0,,True,True,False,NEW_TRADE,2025-03-07,2026-03-07,USD-SOFR-1D,execution_timestamp,2025-03-04 09:34:00-05:00,strict,3.9651105472209,-580841.0443383083,166480.41114770385,0.0,,3.488945277910016,3.48894527791007,3.2257073147395734
1407233193,2025-03-04,SOFR,1.0,1Y,1700000000.0,0.04,429314.6,0.0,,True,True,False,NEW_TRADE,2025-03-07,2026-03-07,USD-SOFR-1D,execution_timestamp,2025-03-04 09:37:00-05:00,strict,3.968916090877143,-517466.7480320111,166474.15419558316,0.0,,3.108390912285719,3.1083909122857722,2.5788663836406527
1407250136,2025-03-04,SOFR,1.0,1Y,1700000000.0,0.04,888457.06,0.0,,True,True,False,NEW_TRADE,2025-03-07,2026-03-07,USD-SOFR-1D,execution_timestamp,2025-03-04 10:23:00-05:00,strict,3.940024949172604,-998714.5797036514,166521.67291660796,0.0,,5.997505082739618,5.997505082739564,5.335383943956224
1407733714,2025-03-04,SOFR,12.013698630136986,12Y,250000000.0,0.0201,46076877.0,0.0,,True,False,True,NEW_TRADE,2024-06-03,2036-06-05,USD-SOFR-1D,execution_timestamp,2025-03-04 12:49:00-05:00,strict,3.863333048397454,45918475.10554185,247761.59441632338,0.0,,-185.3333048397454,-185.3333048397455,185.97263675408564
1407759858,2025-03-04,SOFR,5.002739726027397,5Y,650000000.0,0.037,2888880.0,0.0,,True,False,False,NEW_TRADE,2025-06-13,2030-06-13,USD-SOFR-1D,execution_timestamp,2025-03-04 11:39:00-05:00,strict,3.606896700698878,-2725768.3224191815,292768.17716236773,0.0,,9.310329930112182,9.310329930112193,9.867465883759087
1409480004,2025-03-05,SOFR,1.0,1Y,1700000000.0,0.041765,2171613.92448,0.0,,True,True,True,NEW_TRADE,2025-02-04,2026-02-04,USD-SOFR-1D,execution_timestamp,2025-03-05 09:46:00-05:00,strict,4.048056790524347,-2133612.016376838,166113.25932191603,0.0,,12.844320947565269,12.84432094756533,13.073092017727268
1409484790,2025-03-05,SOFR,1.0,1Y,1700000000.0,0.04,490565.6,0.0,,True,True,False,NEW_TRADE,2025-03-07,2026-03-07,USD-SOFR-1D,execution_timestamp,2025-03-05 09:58:00-05:00,strict,3.9673799801649445,-543112.3463113159,166496.632760363,0.0,,3.262001983505547,3.2620019835056504,2.9463995269265677
1409506986,2025-03-05,SOFR,1.0,1Y,1700000000.0,0.04,248241.31,0.0,,True,True,False,NEW_TRADE,2025-03-07,2026-03-07,USD-SOFR-1D,execution_timestamp,2025-03-05 10:59:00-05:00,strict,4.019829999361587,329991.7845135033,166410.38584840272,0.0,,-1.9829999361586914,-1.9829999361585564,1.4917416886836858
1412176618,2025-03-06,SOFR,15.01095890410959,15Y,250000000.0,0.026867,32630736.6,0.0,,True,False,True,NEW_TRADE,2022-09-19,2037-09-19,USD-SOFR-1D,execution_timestamp,2025-03-06 12:49:00-05:00,strict,3.938591233594301,32461588.402617082,259300.38913537795,0.0,,-125.18912335943013,-125.1891233594302,125.84144863339887
1413878824000000501,2025-12-11,SOFR,1.789041095890411,~21M,1100000000.0,0.0328015,7165.375,0.0,9500.0,True,False,True,NEW_TRADE,2025-12-01,2027-09-15,USD-SOFR-1D,execution_timestamp,2025-12-11 10:58:00-05:00,strict,3.368629766786012,1687679.584768854,190741.86631283813,0.0,,-8.8479766786012,-8.84797667860117,0.037565822011240986
1413927096000000501,2025-12-11,SOFR,3.0164383561643837,3Y,650000000.0,0.0330728,1148029.59,0.0,,True,False,True,NEW_TRADE,2025-10-10,2028-10-15,USD-SOFR-1D,execution_timestamp,2025-12-11 11:02:00-05:00,strict,3.3856718808720694,1439039.519943811,186136.9388920412,0.0,,-7.839188087206939,-7.731079755096054,6.167661275797887
1416045020000000301,2025-12-11,FED_FUNDS,0.0273972602739726,10D,17000000000.0,0.03647,15092.65134,0.0,-36137.0,True,True,False,NEW_TRADE,2026-01-06,2026-01-16,USD-FEDFUNDS-1D,execution_timestamp,2025-12-11 15:18:00-05:00,strict,,,,,"SnapshotMiss: citivelo_excel minute store (USD-FEDFUNDS-1D-CITIVELOEXCELMIN): no snapshot satisfies datetime.datetime(2025, 12, 11, 15, 18, tzinfo=zoneinfo.Zone",,,
1416527618,2025-03-10,SOFR,14.134246575342466,14Y,250000000.0,0.03865,1645788.0,0.0,,True,False,False,NEW_TRADE,2025-06-30,2039-08-15,USD-SOFR-1D,execution_timestamp,2025-03-10 10:32:00-04:00,strict,3.8487653074229926,-437222.48006540537,269313.67994282313,0.0,,1.623469257700716,1.6234692577006495,6.111044935962445
1423490339,2025-03-13,SOFR,5.002739726027397,5Y,650000000.0,0.03674,4355000.0,0.0,,True,False,False,NEW_TRADE,2025-03-13,2030-03-13,USD-SOFR-1D,execution_timestamp,2025-03-13 10:30:00-04:00,strict,3.8049280253287012,3856318.2282801867,294537.2634009194,0.0,,-13.092802532870085,-13.092802532870104,14.785905014918415
1426697234000000801,2025-12-12,SOFR,1.0,1Y,1700000000.0,0.03129,1489600.0,0.0,,True,False,True,NEW_TRADE,2026-12-18,2027-12-18,USD-SOFR-1D,execution_timestamp,2025-12-12 07:22:00-05:00,strict,3.2244612147222287,1545690.898771949,161918.20974304248,0.0,,-9.546121472222868,-9.5461214722229,9.199706458982803
1430608385000000501,2025-12-12,FED_FUNDS,0.13424657534246576,2M,7500000000.0,0.03550313,1268212.07144,0.0,7269466.0,True,True,True,NEW_TRADE,2025-12-10,2026-01-28,USD-FEDFUNDS-1D,execution_timestamp,2025-12-12 15:17:00-05:00,strict,3.6517029268632086,1029911.8628753349,101579.30819546261,0.0,,-10.138992686320858,-10.138992686320927,12.484944955518502
1432206503,2025-03-19,SOFR,3.0027397260273974,3Y,650000000.0,0.04858,2600.01,0.0,,True,False,True,NEW_TRADE,2025-03-25,2028-03-25,USD-SOFR-1D,execution_timestamp,2025-03-19 07:16:00-04:00,strict,3.814008795375532,-19145811.120249555,183390.54041299562,0.0,,104.39912046244677,104.39912046244685,0.01417744881576103
1432209883,2025-03-19,SOFR,5.002739726027397,5Y,650000000.0,0.05066,1950.0,0.0,,True,False,True,NEW_TRADE,2025-03-25,2030-03-25,USD-SOFR-1D,execution_timestamp,2025-03-19 07:30:00-04:00,strict,3.8070982193683496,-37031976.6236836,294160.96786441037,0.0,,125.89017806316502,125.89017806316508,0.006629023606214223
1432279554,2025-03-19,SOFR,2.9917808219178084,3Y,650000000.0,0.0382669,286128.94926,0.0,5851.0,True,True,False,NEW_TRADE,2025-03-19,2028-03-15,USD-SOFR-1D,execution_timestamp,2025-03-19 11:45:00-04:00,strict,3.843900749260185,314113.0841038674,182509.82531627428,0.0,,-1.7210749260184954,-1.7210749260185618,1.56774545569896
1432279556,2025-03-19,SOFR,2.9863013698630136,3Y,650000000.0,0.0382209,346981.0916,0.0,5851.0,True,True,False,NEW_TRADE,2025-03-21,2028-03-15,USD-SOFR-1D,execution_timestamp,2025-03-19 11:45:00-04:00,strict,3.8426624155871822,374755.0426238924,182163.8499551757,0.0,,-2.0572415587182036,-2.0572415587181916,1.9047746942402686
1441333341,2025-03-25,SOFR,0.9808219178082191,12M,1700000000.0,0.0399,3286.95,0.0,,True,False,False,NEW_TRADE,2025-03-27,2026-03-20,USD-SOFR-1D,execution_timestamp,2025-03-25 15:01:00-04:00,strict,4.062347911448487,1174830.710952729,162386.26484597672,0.0,,-7.234791144848751,-7.234791144848705,0.020241551852416027
1444767224000000901,2025-12-15,SOFR,1.0,1Y,1700000000.0,0.03129,1100722.5,0.0,,True,False,True,NEW_TRADE,2026-12-18,2027-12-18,USD-SOFR-1D,execution_timestamp,2025-12-15 12:37:00-05:00,strict,3.2047267806584676,1227013.5120127946,162031.64869066555,0.0,,-7.572678065846761,-7.572678065846783,6.793256187261219
1452342931,2025-04-01,SOFR,1.5041095890410958,18M,1100000000.0,0.03472607,884821.428,0.0,,True,False,True,NEW_TRADE,2026-03-27,2027-09-27,USD-SOFR-1D,execution_timestamp,2025-04-01 14:34:00-04:00,strict,3.421737933155592,-788625.7163525373,155030.50582089368,0.0,,5.086906684440784,5.086906684440767,5.707402058161583
1457468183,2025-04-04,SOFR,1.0,1Y,1700000000.0,0.034,2282687.75,0.0,,True,True,True,NEW_TRADE,2025-07-16,2026-07-16,USD-SOFR-1D,execution_timestamp,2025-04-04 07:29:00-04:00,strict,3.2582206186833025,-2337035.748751968,164836.080327621,0.0,,14.177938131669787,14.177938131669826,13.848228770442912
1457491313,2025-04-04,SOFR,1.0,1Y,1700000000.0,0.035,117108.75,0.0,,True,True,True,NEW_TRADE,2025-05-23,2026-05-23,USD-SOFR-1D,execution_timestamp,2025-04-04 08:15:00-04:00,strict,3.4955226279572185,-74676.61722445488,166786.71441842642,0.0,,0.44773720427819796,0.4477372042782125,0.7021467531652626
1457637472000001401,2025-12-16,FED_FUNDS,0.13424657534246576,2M,7500000000.0,0.03687,895067.6096,0.0,6246610.0,True,True,False,NEW_TRADE,2026-01-28,2026-03-18,USD-FEDFUNDS-1D,execution_timestamp,2025-12-16 09:25:00-05:00,strict,3.6020925113128883,-858631.1741270944,101125.49404107264,0.0,,8.490748868711151,8.490748868711158,8.851057966020553
1457637473000001501,2025-12-16,FED_FUNDS,0.13424657534246576,2M,7500000000.0,0.03661,632087.92808,0.0,6246610.0,True,True,False,NEW_TRADE,2026-01-28,2026-03-18,USD-FEDFUNDS-1D,execution_timestamp,2025-12-16 09:25:00-05:00,strict,3.6020925113128883,-595704.8896202967,101125.49404107264,0.0,,5.8907488687111265,5.89074886871107,6.250529938803307
1457637476000001801,2025-12-16,FED_FUNDS,0.13424657534246576,2M,7500000000.0,0.03692,945640.83132,0.0,6246610.0,True,True,False,NEW_TRADE,2026-01-28,2026-03-18,USD-FEDFUNDS-1D,execution_timestamp,2025-12-16 09:25:00-05:00,strict,3.6020925113128883,-909193.9211476296,101125.49404107264,0.0,,8.990748868711185,8.990748868711146,9.35116154721502
1457913663,2025-04-04,SOFR,3.0,3Y,1100000000.0,0.042575,17584165.65,0.0,,True,False,True,NEW_TRADE,2024-03-25,2027-03-25,USD-SOFR-1D,execution_timestamp,2025-04-04 12:41:00-04:00,strict,3.4248721783733442,-17633555.94841054,211781.96897097293,0.0,,83.2627821626656,83.26278216266567,83.02956920950199
1457962143,2025-04-04,SOFR,3.0027397260273974,3Y,650000000.0,0.04235,19337500.0,0.0,,True,False,True,NEW_TRADE,2026-01-14,2029-01-14,USD-SOFR-1D,execution_timestamp,2025-04-04 14:49:00-04:00,strict,3.2072452515439873,-18542313.40748377,180415.7405776014,0.0,,102.77547484560121,102.77547484560114,107.18299821340949
1458034795000001301,2025-12-16,SOFR,5.002739726027397,5Y,1100000000.0,0.037435,2864150.0,0.0,,True,False,True,NEW_TRADE,2022-12-30,2027-12-30,USD-SOFR-1D,execution_timestamp,2025-12-16 10:06:00-05:00,strict,3.6599797106589635,-2698779.870849371,323128.6543835423,0.0,,8.352028934103695,8.352028934103796,8.863806911411686
1463168077,2025-04-08,SOFR,3.0,3Y,650000000.0,0.0366054,588915.255,0.0,,True,True,True,NEW_TRADE,2024-10-16,2027-10-16,USD-SOFR-1D,execution_timestamp,2025-04-08 15:05:00-04:00,strict,3.606280662179347,-1018709.6605957896,187748.26629159943,0.0,,5.425933782065329,5.425933782065345,3.1367280595035263
1465653294,2025-04-09,SOFR,3.0,3Y,650000000.0,0.0366054,349527.96,0.0,,True,True,True,NEW_TRADE,2024-10-16,2027-10-16,USD-SOFR-1D,execution_timestamp,2025-04-09 08:42:00-04:00,strict,3.6239765098352374,-686465.8946360499,187746.2713605017,0.0,,3.656349016476268,3.6563490164762302,1.8617038701602366
1465689733,2025-04-09,SOFR,3.0027397260273974,3Y,650000000.0,0.04245,15785775.0,0.0,,True,False,True,NEW_TRADE,2025-07-14,2028-07-14,USD-SOFR-1D,execution_timestamp,2025-04-09 10:01:00-04:00,strict,3.3896718482537795,-15643279.557722643,182892.13941790236,0.0,,85.53281517462206,85.532815174622,86.31193801025006
1471503034,2025-04-11,SOFR,3.0027397260273974,3Y,650000000.0,0.036453,8091.1125,0.0,,True,False,False,NEW_TRADE,2025-04-15,2028-04-15,USD-SOFR-1D,execution_timestamp,2025-04-11 15:55:00-04:00,strict,3.6797600950181057,633979.2618465573,183974.90242364333,0.0,,-3.4460095018105985,-3.446009501810624,0.04397943628945868
1476184183,2025-04-15,SOFR,5.002739726027397,5Y,650000000.0,0.035907,1267.75,0.0,,True,False,False,NEW_TRADE,2025-04-17,2030-04-17,USD-SOFR-1D,execution_timestamp,2025-04-15 15:57:00-04:00,strict,3.6118000932990486,625018.9107309133,296216.1834417467,0.0,,-2.1100093299048606,-2.110009329904922,0.004279813429738937
1484791193,2025-04-22,SOFR,3.0027397260273974,3Y,650000000.0,0.034704,366.2,0.0,4000.0,True,False,False,NEW_TRADE,2025-04-24,2028-04-24,USD-SOFR-1D,execution_timestamp,2025-04-22 13:44:00-04:00,strict,3.4956699537888865,465675.6480256319,184280.37182657502,0.0,,-2.5269953788886745,-2.526995378888621,0.0019871893917417765
1484936950,2025-04-22,SOFR,25.186301369863013,25Y,250000000.0,0.038623,730590.64,0.0,,True,False,True,NEW_TRADE,2025-04-22,2050-06-23,USD-SOFR-1D,execution_timestamp,2025-04-22 13:28:00-04:00,strict,4.034212345972336,6804742.66996038,395826.29342138174,0.0,,-17.19123459723364,-17.191234597233557,1.845735495954638
1488902044,2025-04-24,SOFR,5.002739726027397,5Y,650000000.0,0.035862,889.59,0.0,-3000.0,True,False,False,NEW_TRADE,2025-04-28,2030-04-28,USD-SOFR-1D,execution_timestamp,2025-04-24 11:51:00-04:00,strict,3.5923500611838284,182365.6834743023,296526.6166031594,0.0,,-0.6150061183828548,-0.6150061183828286,0.0030000342302847482
1489057707,2025-04-24,FED_FUNDS,2.1616438356164385,2Y,650000000.0,0.041888,96534.6,0.0,,True,False,True,NEW_TRADE,2025-04-24,2027-06-22,USD-FEDFUNDS-1D,execution_timestamp,2025-04-24 12:22:00-04:00,strict,3.5130895852244395,-9105597.353743672,134755.91251273092,0.0,,67.57104147755611,67.57104147755618,0.716366341186551
1491568367,2025-04-25,SOFR,5.002739726027397,5Y,650000000.0,0.035207,2965.3,0.0,10000.0,True,False,False,NEW_TRADE,2025-04-29,2030-04-29,USD-SOFR-1D,execution_timestamp,2025-04-25 15:31:00-04:00,strict,3.515510077266985,-154104.8680214733,296930.9485884694,0.0,,0.5189922733014996,0.5189922733014082,0.009986496908106905
1495710411,2025-04-29,SOFR,7.005479452054795,7Y,470000000.0,0.04,2721300.0,0.0,,True,False,True,NEW_TRADE,2025-05-06,2032-05-06,USD-SOFR-1D,execution_timestamp,2025-04-29 13:19:00-04:00,strict,3.506064077905429,-14393376.37193349,291401.6925697025,0.0,,49.3935922094571,49.39359220945717,9.338655434710875
1495936357,2025-04-29,SOFR,3.0,3Y,650000000.0,0.03626,2093000.0,0.0,9.9999999999,True,False,True,NEW_TRADE,2025-05-06,2028-05-05,USD-SOFR-1D,execution_timestamp,2025-04-29 14:04:00-04:00,strict,3.34122355246633,-5254529.851786494,184514.20042962753,0.0,,28.477644753367002,28.477644753367027,11.343300380819503
1497681871,2025-04-30,SOFR,30.019178082191782,30Y,250000000.0,0.0398061,8331997.2,0.0,,True,False,True,NEW_TRADE,2025-04-24,2055-04-24,USD-SOFR-1D,execution_timestamp,2025-04-30 09:02:00-04:00,strict,3.803974329069184,-7877369.210237414,445967.06705537444,0.0,,17.663567093081546,17.663567093081568,18.682987636316742
1497713828,2025-04-29,SOFR,7.005479452054795,7Y,470000000.0,0.04,2721300.0,0.0,9.9999999999,True,False,True,NEW_TRADE,2025-05-06,2032-05-06,USD-SOFR-1D,execution_timestamp,2025-04-29 14:04:00-04:00,strict,3.506620751110841,-14377133.107472986,291401.2524815955,0.0,,49.33792488891591,49.337924888915936,9.33866953839491
1499996669,2025-05-02,SOFR,2.0,2Y,1100000000.0,0.0347,18644.1,0.0,,True,False,True,NEW_TRADE,2025-05-01,2027-05-01,USD-SOFR-1D,execution_timestamp,2025-05-02 14:23:00-04:00,strict,3.6082064437290757,2924065.295732558,211572.28395693144,0.0,,-13.820644372907553,-13.820644372907527,0.08812165587717184
1503837226,2025-05-06,SOFR,3.021917808219178,3Y,650000000.0,0.03499,26247.7395,0.0,37215.0,True,False,False,NEW_TRADE,2025-05-08,2028-05-15,USD-SOFR-1D,execution_timestamp,2025-05-06 10:29:00-04:00,strict,3.498304984791872,-12883.019561611116,185363.13178412922,0.0,,0.06950152081279803,0.06950152081274967,0.14160172655351808
1508527290,2025-05-08,SOFR,2.0027397260273974,2Y,1700000000.0,0.01855,38564220.6,0.0,,True,False,True,NEW_TRADE,2024-02-13,2026-02-13,USD-SOFR-1D,execution_timestamp,2025-05-08 11:30:00-04:00,strict,4.1693510045892275,38642862.07240138,166970.6193908131,60.0,,-231.43510045892276,-231.43510045892273,230.96411057646137
1508924648,2025-05-08,SOFR,8.112328767123287,8Y,470000000.0,0.04184,11841829.025,0.0,9.9999999999,True,False,True,NEW_TRADE,2024-05-30,2032-07-08,USD-SOFR-1D,execution_timestamp,2025-05-08 13:22:00-04:00,strict,3.846850569015503,-11284753.92855312,334710.7511230542,0.0,,33.71494309844971,33.714943098449666,35.37929088105817
1511093396,2025-05-09,SOFR,9.843835616438357,10Y,470000000.0,0.02482,46346302.672,0.0,,True,False,True,NEW_TRADE,2022-08-12,2032-06-13,USD-SOFR-1D,execution_timestamp,2025-05-09 11:54:00-04:00,strict,3.86395682516266,46358250.24873254,335718.1335694593,0.0,,-138.195682516266,-138.08682228700977,138.05123416847263
1511093415,2025-05-09,SOFR,9.923287671232877,10Y,470000000.0,0.024475,46898290.672,0.0,,True,False,True,NEW_TRADE,2022-08-08,2032-07-08,USD-SOFR-1D,execution_timestamp,2025-05-09 11:54:00-04:00,strict,3.8501937337717744,46956521.8756416,334759.6181910489,0.0,,-140.26937337717743,-140.26937337717743,140.09542407004096
1520296243,2025-05-15,SOFR,30.02191780821918,30Y,250000000.0,0.01525,118831050.0,0.0,,True,False,True,NEW_TRADE,2023-12-27,2053-12-27,USD-SOFR-1D,execution_timestamp,2025-05-15 13:38:00-04:00,strict,4.073650963147958,109805397.09796047,430837.3280048309,0.0,,-254.86509631479578,-254.86509631479572,275.8141931440712
1520306539,2025-05-15,SOFR,4.983561643835617,5Y,650000000.0,0.0382,885397.216,0.0,,True,False,True,NEW_TRADE,2024-11-06,2029-10-30,USD-SOFR-1D,execution_timestamp,2025-05-15 14:14:00-04:00,strict,3.7957687741963486,-726542.1709915102,299837.15098806686,0.0,,2.4231225803651224,2.423122580365052,2.9529269908092135
1520306618,2025-05-15,SOFR,4.989041095890411,5Y,650000000.0,0.03785,231781.464,0.0,,True,False,True,NEW_TRADE,2024-11-04,2029-10-30,USD-SOFR-1D,execution_timestamp,2025-05-15 14:14:00-04:00,strict,3.7972261478819993,367017.9951109588,300191.0320840498,0.0,,-1.222614788199916,-1.2226147881999296,0.7721132186757134
1528479283,2025-05-21,SOFR,5.002739726027397,5Y,650000000.0,0.04167,812500.0,0.0,,True,False,True,NEW_TRADE,2025-05-30,2030-05-30,USD-SOFR-1D,execution_timestamp,2025-05-21 11:28:00-04:00,strict,3.7404694767157047,-12572485.579093322,294761.6851025077,0.0,,42.65305232842951,42.65305232842951,2.756464089684659
1530963772,2025-05-22,SOFR,6.454794520547945,6Y,470000000.0,0.0381001,264.04,0.0,1000.0,True,False,False,NEW_TRADE,2025-05-27,2031-11-08,USD-SOFR-1D,execution_timestamp,2025-05-22 13:14:00-04:00,strict,3.80202506200251,-213481.97030177712,268349.42284038,0.0,,0.7984937997489894,0.7955372813630414,0.0009839410020160793
1536754187,2025-05-27,SOFR,6.693150684931507,7Y,470000000.0,0.0386105,2981619.3,0.0,,True,False,True,NEW_TRADE,2025-05-27,2032-02-03,USD-SOFR-1D,execution_timestamp,2025-05-27 09:57:00-04:00,strict,3.75828018725023,-2850864.457715407,277402.90474760684,0.0,,10.276981274977004,10.276981274977084,10.74833481903445
1537175320,2025-05-27,SOFR,1.0,1Y,1700000000.0,0.0333,831457.48,0.0,,True,False,True,NEW_TRADE,2026-06-01,2027-06-01,USD-SOFR-1D,execution_timestamp,2025-05-27 13:06:00-04:00,strict,3.3810425288331265,816175.9370770454,159901.15610168295,0.0,,-5.104252883312599,-5.104252883312675,5.19982156646364
1537328351,2025-05-27,SOFR,3.0,3Y,650000000.0,0.03659,99055.36188,0.0,,True,False,False,NEW_TRADE,2025-06-04,2028-06-03,USD-SOFR-1D,execution_timestamp,2025-05-27 16:33:00-04:00,strict,3.633520769166957,-468443.0692330301,183711.27985989844,0.0,,2.547923083304271,2.549887353625065,0.5391904185499193
1538927676,2025-05-28,SOFR,10.005479452054795,10Y,470000000.0,0.039045,1267027.88,0.0,,True,True,False,NEW_TRADE,2025-05-30,2035-05-30,USD-SOFR-1D,execution_timestamp,2025-05-28 11:55:00-04:00,strict,3.9351285107496246,1191131.9732946157,388896.4706876183,0.0,,-3.0628510749624027,-3.0628510749622984,3.2580081731257007
1543140531,2025-05-30,SOFR,10.005479452054795,10Y,470000000.0,0.0384,936320.17796,0.0,,True,True,False,NEW_TRADE,2025-06-03,2035-06-03,USD-SOFR-1D,execution_timestamp,2025-05-30 11:14:00-04:00,strict,3.8648295524385508,969169.7904327214,390329.1421910497,0.0,,-2.4829552438550895,-2.4829552438550784,2.3987964944254934
1546670681,2025-06-03,SOFR,6.668493150684932,7Y,470000000.0,0.0367,773276.0945,0.0,9.9999999999,True,False,True,NEW_TRADE,2025-06-02,2032-01-31,USD-SOFR-1D,execution_timestamp,2025-06-03 08:07:00-04:00,strict,3.701032581098571,859582.130163148,276978.54876898706,0.0,,-3.1032581098570766,-3.103424918584866,2.791826652052207
1546897573,2025-06-03,SOFR,10.005479452054795,10Y,470000000.0,0.045,2209000.0,0.0,,True,False,True,NEW_TRADE,2025-06-12,2035-06-12,USD-SOFR-1D,execution_timestamp,2025-06-03 12:00:00-04:00,strict,3.9238712482397164,-22409160.91446367,388960.9891191071,0.0,,57.61287517602835,57.61287517602843,5.679232781166039
1560139927,2025-06-11,SOFR,5.002739726027397,5Y,650000000.0,0.0365229,381366.20319,0.0,-498970.0,True,True,True,NEW_TRADE,2025-05-29,2030-05-29,USD-SOFR-1D,execution_timestamp,2025-06-11 14:59:00-04:00,strict,3.6672262458447333,442128.7668028325,296010.6384153685,0.0,,-1.493624584473352,-1.493624584473305,1.2883530309301205
1560140345,2025-06-11,SOFR,10.005479452054795,10Y,470000000.0,0.0388358,532539.99918,0.0,858237.0,True,True,True,NEW_TRADE,2025-05-29,2035-05-29,USD-SOFR-1D,execution_timestamp,2025-06-11 15:03:00-04:00,strict,3.8976157934081823,547717.0310937762,390228.76382213953,0.0,,-1.4035793408182506,-1.4035793408181911,1.3646866877878943
1562062807,2025-06-12,SOFR,10.008219178082191,10Y,470000000.0,0.07125,52451452.2484,0.0,,True,False,True,NEW_TRADE,2022-07-15,2032-07-15,USD-SOFR-1D,execution_timestamp,2025-06-12 09:19:00-04:00,strict,3.839019484922651,-110339264.55853242,335787.94534006895,0.0,,328.5980515077348,328.5980515077348,156.20409540098242
1562123893,2025-06-12,SOFR,10.008219178082191,10Y,470000000.0,0.07125,52476777.4484,0.0,,True,False,True,NEW_TRADE,2022-07-15,2032-07-15,USD-SOFR-1D,execution_timestamp,2025-06-12 10:46:00-04:00,strict,3.860872218553,-109520815.32444435,335528.57809963974,0.0,,326.4127781446999,326.4127781447,156.40032138429743
1564781936,2025-06-13,SOFR,15.008219178082191,15Y,250000000.0,0.0375,10020734.77009,0.0,-40538010.0,True,True,True,NEW_TRADE,2024-09-18,2039-09-18,USD-SOFR-1D,execution_timestamp,2025-06-13 13:10:00-04:00,strict,4.094886125888397,10025151.055192694,290680.0332825442,0.0,,-34.48861258883973,-34.48861258883969,34.47341964609498
1564781960,2025-06-13,SOFR,15.01095890410959,15Y,250000000.0,0.0408,3423.13286,0.0,-40538010.0,True,True,False,NEW_TRADE,2025-06-17,2040-06-17,USD-SOFR-1D,execution_timestamp,2025-06-13 13:10:00-04:00,strict,4.079850579745227,-4214.6249138861895,282065.1671545099,0.0,,0.014942025477271415,0.014942025477316375,0.012135964516756062
1564894691,2025-06-13,SOFR,3.734246575342466,4Y,650000000.0,0.03212,14001701.28217,0.0,4162824.0,True,True,True,NEW_TRADE,2024-09-27,2028-06-21,USD-SOFR-1D,execution_timestamp,2025-06-13 16:34:00-04:00,strict,3.8137852775859016,13948306.71875517,231782.11960767256,0.0,,-60.178527758590135,-60.178527758590086,60.4088930840311
1564894710,2025-06-13,SOFR,2.967123287671233,3Y,650000000.0,0.0387751,2743741.42616,0.0,4162824.0,True,True,True,NEW_TRADE,2025-02-27,2028-02-15,USD-SOFR-1D,execution_timestamp,2025-06-13 16:34:00-04:00,strict,3.733330919158193,-2647010.250990987,183591.83839542358,0.0,,14.417908084180686,14.417908084180768,14.944789758303294
1564894760,2025-06-13,SOFR,2.9616438356164383,3Y,650000000.0,0.0368388,665209.34008,0.0,4162824.0,True,True,True,NEW_TRADE,2025-05-30,2028-05-15,USD-SOFR-1D,execution_timestamp,2025-06-13 16:34:00-04:00,strict,3.6486488921770697,-639992.2013661936,181655.42922543184,0.0,,3.523110782293015,3.5231107822930645,3.6619293071306145
1564894762,2025-06-13,SOFR,2.9616438356164383,3Y,650000000.0,0.0368288,647024.41872,0.0,4162824.0,True,True,True,NEW_TRADE,2025-05-30,2028-05-15,USD-SOFR-1D,execution_timestamp,2025-06-13 16:34:00-04:00,strict,3.6486488921770697,-621826.6584436595,181655.42922543184,0.0,,3.4231107822930706,3.4231107822931146,3.5618226302339235
1567193048,2025-06-16,SOFR,7.002739726027397,7Y,470000000.0,0.035,10021894.85976,0.0,-50573645.0,True,True,True,NEW_TRADE,2024-09-18,2031-09-18,USD-SOFR-1D,execution_timestamp,2025-06-16 14:22:00-04:00,strict,3.838739037825899,10043389.247643441,296493.41015148704,0.0,,-33.87390378258988,-33.87390378258992,33.801408451673595
1567193169,2025-06-16,SOFR,10.005479452054795,10Y,470000000.0,0.03918,7688.44736,0.0,-50573645.0,True,True,False,NEW_TRADE,2025-06-18,2035-06-18,USD-SOFR-1D,execution_timestamp,2025-06-16 14:22:00-04:00,strict,3.916660057013846,-52159.06242623925,389263.2967611474,0.0,,0.13399429861542522,0.13399429861542828,0.019751277410358172
1579637150,2025-06-24,SOFR,5.008219178082192,5Y,650000000.0,0.03875,3620500.0,0.0,,True,False,True,NEW_TRADE,2025-06-30,2030-07-02,USD-SOFR-1D,execution_timestamp,2025-06-24 09:59:00-04:00,strict,3.5546074629135322,-9503345.693655849,296615.7008548266,0.0,,32.039253708646775,32.03925370864672,12.20602951754058
1584316296,2025-06-26,SOFR,3.0027397260273974,3Y,650000000.0,0.03021,7565472.2,0.0,,True,True,True,NEW_TRADE,2025-07-01,2028-07-01,USD-SOFR-1D,execution_timestamp,2025-06-26 08:54:00-04:00,strict,3.431036902379123,7570239.033132523,184623.35924421315,0.0,,-41.00369023791232,-41.00369023791233,40.9778710070629
1586939659,2025-06-27,SOFR,20.013698630136986,20Y,250000000.0,0.0397,250000.0,0.0,,True,False,False,NEW_TRADE,2025-07-08,2045-07-08,USD-SOFR-1D,execution_timestamp,2025-06-27 13:29:00-04:00,strict,3.970767117602827,26681.45307198167,347814.37648718816,0.0,,-0.07671176028272164,-0.07671176028275671,0.7187741994017571
1588656925,2025-06-30,SOFR,3.0027397260273974,3Y,650000000.0,0.0383227,7961255.9,0.0,,True,True,True,NEW_TRADE,2025-05-01,2028-05-01,USD-SOFR-1D,execution_timestamp,2025-06-30 07:54:00-04:00,strict,3.4786121912092294,-6560147.442419395,185494.20596281788,0.0,,35.36578087907709,35.36578087907699,42.91916213057256
1593038730,2025-07-02,SOFR,20.013698630136986,20Y,250000000.0,0.0383,7027732.8,0.0,,True,False,True,NEW_TRADE,2024-11-27,2044-11-27,USD-SOFR-1D,execution_timestamp,2025-07-02 11:36:00-04:00,strict,4.03309034747934,7209921.039453536,355010.52260432875,0.0,,-20.309034747933996,-20.309034747934042,19.795843651182828
1593176269,2025-07-02,SOFR,20.013698630136986,20Y,250000000.0,0.038445,6584375.0,0.0,,True,False,True,NEW_TRADE,2024-11-29,2044-11-29,USD-SOFR-1D,execution_timestamp,2025-07-02 14:40:00-04:00,strict,4.03140979745017,6632144.317551315,354831.2826843345,0.0,,-18.69097974501699,-18.69097974501705,18.556354305033473
1594976957,2025-07-03,SOFR,20.013698630136986,20Y,250000000.0,0.038065,8453125.0,0.0,,True,False,True,NEW_TRADE,2024-12-02,2044-12-02,USD-SOFR-1D,execution_timestamp,2025-07-03 09:29:00-04:00,strict,4.054925967659305,8790173.68906194,353834.7368386596,0.0,,-24.842596765930438,-24.842596765930455,23.890037127288686
1601249617,2025-07-08,SOFR,20.013698630136986,20Y,250000000.0,0.0372668,14662670.88,0.0,,True,False,True,NEW_TRADE,2024-12-04,2044-12-04,USD-SOFR-1D,execution_timestamp,2025-07-08 11:17:00-04:00,strict,4.148982178732174,14839245.677670836,351389.2758550492,0.0,,-42.23021787321737,-42.230217873217455,41.7277130735443
1601457875,2025-07-08,SOFR,10.005479452054795,10Y,470000000.0,0.04375,4991400.0,0.0,,True,False,True,NEW_TRADE,2025-07-16,2035-07-16,USD-SOFR-1D,execution_timestamp,2025-07-08 12:08:00-04:00,strict,3.861719186027965,-20038954.842085034,390409.1931084105,0.0,,51.328081397203505,51.3280813972035,12.785047299370245
1601549859,2025-07-08,SOFR,10.005479452054795,10Y,470000000.0,0.04375,4991400.0,0.0,,True,False,True,NEW_TRADE,2025-07-16,2035-07-16,USD-SOFR-1D,execution_timestamp,2025-07-08 12:20:00-04:00,strict,3.858857144546802,-20153268.358314276,390459.11699424207,0.0,,51.614285545319795,51.61428554531989,12.78341261032357
1608263975,2025-07-11,SOFR,0.30684931506849317,4M,2000000000.0,0.041105,147388.06,0.0,,True,False,False,NEW_TRADE,2025-07-11,2025-10-31,USD-SOFR-1D,execution_timestamp,2025-07-11 14:50:00-04:00,strict,4.302064147815295,1175673.6179546975,61372.3199963425,0.0,,-19.156414781529474,-19.156414781529556,2.40153965189492
1608627301,2025-07-14,SOFR,3.0027397260273974,3Y,650000000.0,0.03541,170580.0525,0.0,-185250.0,True,False,False,NEW_TRADE,2025-07-15,2028-07-15,USD-SOFR-1D,execution_timestamp,2025-07-14 02:26:00-04:00,strict,3.5534406912749006,229319.6575267464,184330.31771264528,0.0,,-1.2440691274901106,-1.2440691274901154,0.9254042124851065
1609659790000000101,2026-01-02,SOFR,2.9534246575342467,3Y,650000000.0,0.03285,1103008.46669,0.0,1248637.0,True,True,True,NEW_TRADE,2025-12-03,2028-11-15,USD-SOFR-1D,execution_timestamp,2026-01-02 10:46:00-05:00,strict,3.3491795439942047,1173110.397029817,182785.71707143023,0.0,,-6.4179543994205,-6.417954399420504,6.03443466131962
1609696978000000401,2026-01-02,SOFR,4.068493150684931,4Y,650000000.0,0.040265,11849312.601,0.0,-17710642.0,True,True,True,NEW_TRADE,2025-02-25,2029-03-21,USD-SOFR-1D,execution_timestamp,2026-01-02 11:17:00-05:00,strict,3.5541641394816312,-11769421.191803977,249174.83882946178,0.0,,47.233586051836916,47.233586051836916,47.55420995419931
1609696985000001101,2026-01-02,SOFR,3.8164383561643835,4Y,650000000.0,0.03375,1589343.87268,0.0,-17710642.0,True,True,True,NEW_TRADE,2025-08-27,2029-06-20,USD-SOFR-1D,execution_timestamp,2026-01-02 11:17:00-05:00,strict,3.4475559703163556,1705022.7400836498,234994.13385961993,0.0,,-7.255597031635563,-7.255597031635653,6.763334244034523
1615095267,2025-07-16,SOFR,3.0027397260273974,3Y,650000000.0,0.03547,27614.80392,0.0,0.0,True,True,False,NEW_TRADE,2025-07-18,2028-07-18,USD-SOFR-1D,execution_timestamp,2025-07-16 13:29:00-04:00,strict,3.5496799896151203,49316.003973677754,184015.6532526341,0.0,,-0.2679989615120171,-0.2679989615121061,0.15006768952469376
1615245582,2025-07-16,SOFR,4.912328767123288,5Y,650000000.0,0.035684,390976.0,0.0,,True,False,False,NEW_TRADE,2025-07-18,2030-06-15,USD-SOFR-1D,execution_timestamp,2025-07-16 16:48:00-04:00,strict,3.605449351767661,1079077.5474243164,291593.017855305,0.0,,-3.7049351767660887,-3.7006288948927404,1.3408277155456825
1617443110,2025-07-17,SOFR,3.0027397260273974,3Y,650000000.0,0.035705,41401.2615,0.0,0.0,True,True,False,NEW_TRADE,2025-07-21,2028-07-21,USD-SOFR-1D,execution_timestamp,2025-07-17 16:37:00-04:00,strict,3.572520392050286,37149.13454659283,183870.9202074721,0.0,,-0.2020392050285924,-0.20203920502858924,0.22516481373609584
1619688557,2025-07-18,SOFR,3.0027397260273974,3Y,650000000.0,0.035365,16138.0059,0.0,0.0,True,True,False,NEW_TRADE,2025-07-22,2028-07-22,USD-SOFR-1D,execution_timestamp,2025-07-18 16:41:00-04:00,strict,3.5360900754287403,-7555.091678597033,184304.4357012793,0.0,,0.04099245712598787,0.04099245712589538,0.08756167934100342
1619688558,2025-07-18,SOFR,3.0027397260273974,3Y,650000000.0,0.0353725,16138.0059,0.0,0.0,True,True,False,NEW_TRADE,2025-07-22,2028-07-22,USD-SOFR-1D,execution_timestamp,2025-07-18 16:41:00-04:00,strict,3.5360900754287403,-21377.92435619235,184304.4357012793,0.0,,0.11599245712599071,0.11599245712589197,0.08756167934100342
1625994017,2025-07-23,SOFR,7.005479452054795,7Y,470000000.0,0.03525,4148792.86,0.0,,True,False,True,NEW_TRADE,2025-07-10,2032-07-10,USD-SOFR-1D,execution_timestamp,2025-07-23 11:51:00-04:00,strict,3.6694270309715007,4194515.723382726,290424.5621590332,0.0,,-14.442703097150122,-14.442703097150085,14.285268536371824
1628156878,2025-07-24,FED_FUNDS,0.13424657534246576,2M,7500000000.0,0.038704,240885.56952,0.0,-127988.0,True,True,True,NEW_TRADE,2025-12-10,2026-01-28,USD-FEDFUNDS-1D,execution_timestamp,2025-07-24 06:25:00-04:00,strict,3.920316968112071,498628.98753305525,99891.68140451911,0.0,,-4.9916968112071025,-4.991696811207116,2.411467763211585
1637690008000002901,2026-01-06,SOFR,1.2931506849315069,~16M,1100000000.0,0.011947,54382.24,0.0,,True,False,True,NEW_TRADE,2026-01-08,2027-04-25,USD-SOFR-1D,execution_timestamp,2026-01-06 11:17:00-05:00,strict,3.3692448698515483,30304900.344522182,139362.0373839011,0.0,,-217.4544869851548,-217.45448698515483,0.39022276812869094
1637918793000000401,2026-01-06,SOFR,10.005479452054795,10Y,470000000.0,0.0425,794325.35,0.0,,True,False,True,NEW_TRADE,2026-01-14,2036-01-14,USD-SOFR-1D,execution_timestamp,2026-01-06 11:56:00-05:00,strict,3.808439865299498,-17338086.468556494,392655.1585168904,0.0,,44.15601347005018,44.156013470050155,2.022959160909206
1640887200000000101,2026-01-06,SOFR,2.9178082191780823,3Y,650000000.0,0.0385,1209000.0,0.0,9.9999999999,True,False,True,NEW_TRADE,2026-01-13,2028-12-13,USD-SOFR-1D,execution_timestamp,2026-01-06 12:25:00-05:00,strict,3.339341145463194,-9196503.807586908,180090.9496796761,0.0,,51.06588545368061,51.065885453680664,6.7132746101368355
1643195984,2025-08-01,SOFR,0.2493150684931507,3M,7500000000.0,0.03999,1134032.94,0.0,,True,False,True,NEW_TRADE,2025-08-01,2025-10-31,USD-SOFR-1D,execution_timestamp,2025-08-01 09:08:00-04:00,strict,4.2728771620501425,5134412.419288322,187471.36054916045,0.0,,-27.38771620501428,-27.38771620501431,6.049099642089723
1643225084,2025-08-01,SOFR,3.0,3Y,650000000.0,0.0306,5769744.5,0.0,,True,True,True,NEW_TRADE,2025-09-02,2028-09-01,USD-SOFR-1D,execution_timestamp,2025-08-01 10:08:00-04:00,strict,3.3681580728251976,5666406.387792572,183879.86191122286,0.0,,-30.815807282519756,-30.815807282519668,31.377794392654213
1650464371,2025-08-06,SOFR,20.013698630136986,20Y,250000000.0,0.0397,2065959.0,0.0,,True,True,False,NEW_TRADE,2025-08-08,2045-08-08,USD-SOFR-1D,execution_timestamp,2025-08-06 12:15:00-04:00,strict,4.017949443921805,1664885.9853690565,347216.953774078,0.0,,-4.794944392180511,-4.79494439218063,5.950052200919451
1650673077,2025-08-06,SOFR,5.002739726027397,5Y,650000000.0,0.045,2151500.0,0.0,,True,False,True,NEW_TRADE,2025-08-11,2030-08-11,USD-SOFR-1D,execution_timestamp,2025-08-06 15:54:00-04:00,strict,3.409293374135801,-32485893.421846837,297842.6338623119,0.0,,109.07066258641991,109.07066258641994,7.2236132621450215
1652815711,2025-08-07,SOFR,5.002739726027397,5Y,650000000.0,0.037752,8802807.0,0.0,,True,True,True,NEW_TRADE,2025-04-15,2030-04-15,USD-SOFR-1D,execution_timestamp,2025-08-07 12:21:00-04:00,strict,3.4847372079704217,-8736953.99353087,300794.2577595675,0.0,,29.046279202957813,29.04627920295785,29.265209600631096
1662344521,2025-08-13,SOFR,30.126027397260273,30Y,160000000.0,0.040807,1764646.31,0.0,,True,False,False,NEW_TRADE,2025-08-13,2055-09-21,USD-SOFR-1D,execution_timestamp,2025-08-13 15:23:00-04:00,strict,4.003823913019592,-2155684.646315515,280410.2980507966,0.0,,7.687608698040815,7.687608698040792,6.293086674300145
1666830493,2025-08-15,SOFR,10.002739726027396,10Y,470000000.0,0.0475,1504000.0,0.0,,True,False,True,NEW_TRADE,2025-08-22,2035-08-21,USD-SOFR-1D,execution_timestamp,2025-08-15 10:40:00-04:00,strict,3.7710953628565527,-38449485.49710879,392780.70649770985,0.0,,97.89046371434473,97.89046371434482,3.8291086479543495
1672400343,2025-08-19,SOFR,3.021917808219178,3Y,650000000.0,0.0336876,141335.35374,0.0,6458507.0,True,True,True,NEW_TRADE,2025-08-08,2028-08-15,USD-SOFR-1D,execution_timestamp,2025-08-19 13:08:00-04:00,strict,3.432351288998667,1181859.8581261486,185852.47708234246,0.0,,-6.359128899866695,-6.35912889986676,0.7604706483270651
1677593344,2025-08-21,SOFR,4.252054794520548,4Y,650000000.0,0.040845,8459753.86604,0.0,12749993.0,True,True,True,NEW_TRADE,2023-11-30,2028-02-29,USD-SOFR-1D,execution_timestamp,2025-08-21 13:53:00-04:00,strict,3.6444634080111733,-8242727.923688486,187319.14740167288,0.0,,44.003659198882694,44.003659198882694,45.16224840538886
1682387580000000201,2026-01-09,SOFR,30.02191780821918,30Y,250000000.0,0.036765,21712067.4075,0.0,,True,True,True,NEW_TRADE,2024-02-20,2054-02-20,USD-SOFR-1D,execution_timestamp,2026-01-09 11:04:00-05:00,strict,4.171624237093055,21749751.022949815,439278.6576283498,0.0,,-49.51242370930551,-49.51242370930554,49.42663849120897
1685012559,2025-08-26,SOFR,9.383561643835616,9Y,470000000.0,0.03862628,5606657.73,0.0,9.9999999999,True,False,True,NEW_TRADE,2025-09-30,2035-02-15,USD-SOFR-1D,execution_timestamp,2025-08-26 12:38:00-04:00,strict,3.6880918538087455,-6508573.736418217,372906.9237776218,0.0,,17.453614619125446,17.453614619125496,15.035005714571977
1687677733,2025-08-27,SOFR,3.0027397260273974,3Y,650000000.0,0.0346149,639291.25,0.0,,True,True,True,NEW_TRADE,2025-04-01,2028-04-01,USD-SOFR-1D,execution_timestamp,2025-08-27 11:27:00-04:00,strict,3.5010791793036593,742483.0584420189,187546.96902074182,0.0,,-3.9589179303659794,-3.9589179303660393,3.4086994491992955
1696213712000000101,2026-01-12,SOFR,1.0,1Y,1700000000.0,0.0325,96101.6,0.0,,True,True,True,NEW_TRADE,2027-01-14,2028-01-14,USD-SOFR-1D,execution_timestamp,2026-01-12 07:37:00-05:00,strict,3.2578246120366727,125994.6898020953,161023.56156649065,0.0,,-0.7824612036672729,-0.7824612036671971,0.5968170065615972
1699728335,2025-09-02,SOFR,3.0082191780821916,3Y,650000000.0,0.03435346,1625993.46,0.0,,True,False,True,NEW_TRADE,2025-08-13,2028-08-15,USD-SOFR-1D,execution_timestamp,2025-09-02 13:36:00-04:00,strict,3.3539336222364593,-1507049.059466213,185113.01363085007,0.0,,8.141237776354071,8.14123777635402,8.783787958001346
1699807101,2025-09-02,SOFR,10.002739726027396,10Y,470000000.0,0.0370786,1396849.57974,0.0,,True,False,False,NEW_TRADE,2025-09-11,2035-09-10,USD-SOFR-1D,execution_timestamp,2025-09-02 16:19:00-04:00,strict,3.7275821147204438,777098.4043180346,394023.8738762138,0.0,,-1.9722114720443606,-1.9722114720443746,3.545088692211663
1699807322,2025-09-02,SOFR,10.005479452054795,10Y,470000000.0,0.0370786,1406198.72028,0.0,,True,False,False,NEW_TRADE,2025-09-10,2035-09-10,USD-SOFR-1D,execution_timestamp,2025-09-02 16:19:00-04:00,strict,3.7278366993055414,787380.5953307152,394149.49551366945,0.0,,-1.9976699305541246,-1.9976699305540735,3.567678599835305
1701985171,2025-09-03,SOFR,7.191780821917808,7Y,470000000.0,0.07,939.99,0.0,,True,False,True,NEW_TRADE,2025-09-09,2032-11-16,USD-SOFR-1D,execution_timestamp,2025-09-03 08:10:00-04:00,strict,3.5239072726767273,-103747620.77906469,298460.4523451662,0.0,,347.6092727323274,347.60927273232744,0.0031494624919783747
1707703252,2025-09-05,FED_FUNDS,0.3095890410958904,4M,2000000000.0,0.04014,2793.10629,0.0,,True,True,False,NEW_TRADE,2025-09-09,2025-12-31,USD-FEDFUNDS-1D,execution_timestamp,2025-09-05 07:56:00-04:00,strict,4.013303234776957,-4315.394598737359,61934.70133142956,0.0,,0.06967652230436272,0.06967652230442672,0.045097598437640364
1707733491,2025-09-05,SOFR,2.495890410958904,2Y,1100000000.0,0.04171,17239086.15,0.0,,True,True,True,NEW_TRADE,2025-02-01,2027-08-01,USD-SOFR-1D,execution_timestamp,2025-09-05 09:40:00-04:00,strict,3.332290033541705,-17891022.41079642,212964.28774090883,0.0,,83.87099664582945,84.00949567921236,80.94824880203846
1713048608,2025-09-09,SOFR,7.002739726027397,7Y,470000000.0,0.032475,6498567.9,0.0,,True,False,True,NEW_TRADE,2024-09-27,2031-09-27,USD-SOFR-1D,execution_timestamp,2025-09-09 08:55:00-04:00,strict,3.4679834689137907,6680393.99837485,302988.42953105393,0.0,,-22.04834689137911,-22.048346891379104,21.448237842144888
1714510399000000401,2026-01-13,FED_FUNDS,0.13424657534246576,2M,7500000000.0,0.034665,720756.35712,0.0,3399121.0,True,True,True,NEW_TRADE,2026-04-29,2026-06-17,USD-FEDFUNDS-1D,execution_timestamp,2026-01-13 15:55:00-05:00,strict,3.537638588533986,714755.2718830928,100473.63696872024,0.0,,-7.113858853398591,-7.113858853398654,7.173586812074774
1714510406000001101,2026-01-13,FED_FUNDS,0.13424657534246576,2M,7500000000.0,0.03537,12373.27386,0.0,3399121.0,True,True,False,NEW_TRADE,2026-04-29,2026-06-17,USD-FEDFUNDS-1D,execution_timestamp,2026-01-13 15:55:00-05:00,strict,3.537638588533986,6416.131253615022,100473.63696872024,0.0,,-0.06385885339859065,-0.06385885339865334,0.12314945724371543
1732586762000000201,2026-01-15,SOFR,5.002739726027397,5Y,650000000.0,0.0325,6615737.19408,0.0,,True,False,True,NEW_TRADE,2026-01-20,2031-01-20,USD-SOFR-1D,execution_timestamp,2026-01-14 23:46:00-05:00,asof2h,3.4681542974035535,6498599.040418491,297890.0309443379,2820.0,,-21.815429740355352,-21.81542974035537,22.208655902674973
1732614383000000501,2026-01-15,SOFR,5.002739726027397,5Y,650000000.0,0.0425,23159959.02038,0.0,,True,False,True,NEW_TRADE,2026-01-20,2031-01-20,USD-SOFR-1D,execution_timestamp,2026-01-14 23:57:00-05:00,asof2h,3.4681542974035535,-23290404.05401531,297890.0309443379,3480.0,,78.18457025964464,78.18457025964466,77.74667365322992
1732616407000000301,2026-01-15,SOFR,5.002739726027397,5Y,650000000.0,0.0325,6644663.66952,0.0,,True,False,True,NEW_TRADE,2026-01-20,2031-01-20,USD-SOFR-1D,execution_timestamp,2026-01-14 23:57:00-05:00,asof2h,3.4681542974035535,6498599.040418491,297890.0309443379,3480.0,,-21.815429740355352,-21.81542974035537,22.305760446080807
1734041456,2025-09-19,SOFR,1.9534246575342467,~23M,1100000000.0,0.0331134,688862.0,0.0,5395349.0,True,True,True,NEW_TRADE,2025-09-17,2027-08-31,USD-SOFR-1D,execution_timestamp,2025-09-19 15:45:00-04:00,strict,3.345801602318744,714135.8378921747,207226.53325488736,0.0,,-3.4461602318744067,-3.446160231874323,3.324197867812149
1736227117,2025-09-22,SOFR,10.005479452054795,10Y,470000000.0,0.0365,1065674.1294,0.0,,True,True,False,NEW_TRADE,2025-09-24,2035-09-24,USD-SOFR-1D,execution_timestamp,2025-09-22 11:34:00-04:00,strict,3.6258198058513167,-957219.92763713,395869.41351718333,0.0,,2.418019414868322,2.4180194148684344,2.6919840053612596
1743976396,2025-09-25,SOFR,4.2465753424657535,4Y,650000000.0,0.03346,1534950.06,0.0,,True,False,False,NEW_TRADE,2025-12-01,2030-02-28,USD-SOFR-1D,execution_timestamp,2025-09-25 09:59:00-04:00,strict,3.3595258521415454,344499.0396208614,254696.73630594581,0.0,,-1.352585214154578,-1.3525852141546235,6.026579226190764
1746167294,2025-09-26,FED_FUNDS,4.2465753424657535,4Y,650000000.0,0.0328,285392.51,0.0,,True,True,True,NEW_TRADE,2025-12-01,2030-02-28,USD-FEDFUNDS-1D,execution_timestamp,2025-09-26 08:26:00-04:00,strict,3.3019151146350305,559089.2955383956,255115.84349403228,0.0,,-2.1915114635030264,-2.191511463502948,1.1186781114465592
1746169703,2025-09-26,SOFR,1.789041095890411,~21M,1100000000.0,0.032674,1827015.83379,0.0,-1477990.0,True,True,False,NEW_TRADE,2025-12-01,2027-09-15,USD-SOFR-1D,execution_timestamp,2025-09-26 08:40:00-04:00,strict,3.3662003190488092,1868500.5212309062,189118.87524450617,0.0,,-9.880031904880893,-9.880031904880871,9.660674173468436
1751258002,2025-09-30,SOFR,30.019178082191782,30Y,250000000.0,0.03364,23814251.8218,0.0,,True,True,True,NEW_TRADE,2024-08-20,2054-08-20,USD-SOFR-1D,execution_timestamp,2025-09-30 10:41:00-04:00,strict,3.9093575142270005,23821073.088209897,436797.37542397977,0.0,,-54.53575142270002,-54.535751422699924,54.52013487646204
1752607682,2025-10-01,SOFR,7.005479452054795,7Y,470000000.0,0.035779,3745380.93161,0.0,3746.0,True,True,True,NEW_TRADE,2025-08-18,2032-08-18,USD-SOFR-1D,execution_timestamp,2025-10-01 10:11:00-04:00,strict,3.4505536067073797,-3739280.567217171,293630.6612645844,0.0,,12.734639329261999,12.734639329261954,12.755414967495906
1752607684,2025-10-01,SOFR,7.005479452054795,7Y,470000000.0,0.0349884,1422959.11466,0.0,3746.0,True,True,True,NEW_TRADE,2025-08-18,2032-08-18,USD-SOFR-1D,execution_timestamp,2025-10-01 10:11:00-04:00,strict,3.4505536067073797,-1417836.5592593998,293630.6612645844,0.0,,4.828639329262074,4.828639329262066,4.846084903162757
1754963587,2025-10-03,SOFR,4.2465753424657535,4Y,650000000.0,0.03346,1111982.53,0.0,,True,False,False,NEW_TRADE,2025-12-01,2030-02-28,USD-SOFR-1D,execution_timestamp,2025-10-03 11:13:00-04:00,strict,3.298784321083889,-1205735.9574068189,255367.70519578262,0.0,,4.721567891611045,4.72156789161111,4.354436788110998
1755828517,2025-10-06,SOFR,2.9643835616438357,3Y,650000000.0,0.0333162,740030.8788,0.0,41079308.0,True,True,True,NEW_TRADE,2025-08-29,2028-08-15,USD-SOFR-1D,execution_timestamp,2025-10-06 11:28:00-04:00,strict,3.3755071636226366,804765.558253713,183371.51272145874,0.0,,-4.3887163622637,-4.388716362263704,4.035691628525236
1755828524,2025-10-06,SOFR,2.9643835616438357,3Y,650000000.0,0.0333312,712504.99719,0.0,41079308.0,True,True,True,NEW_TRADE,2025-08-29,2028-08-15,USD-SOFR-1D,execution_timestamp,2025-10-06 11:28:00-04:00,strict,3.3755071636226366,777259.8313454911,183371.51272145874,0.0,,-4.238716362263695,-4.238716362263688,3.8855817166775237
1755828527,2025-10-06,SOFR,4.271232876712329,4Y,650000000.0,0.0319,4613265.34377,0.0,41079308.0,True,True,True,NEW_TRADE,2025-09-12,2029-12-19,USD-SOFR-1D,execution_timestamp,2025-10-06 11:28:00-04:00,strict,3.3706004679167476,4669270.414291933,258541.4350335101,0.0,,-18.060046791674765,-18.060046791674765,17.84342746907112
1755828548,2025-10-06,SOFR,5.065753424657534,5Y,650000000.0,0.04025,16329270.90384,0.0,41079308.0,True,True,True,NEW_TRADE,2025-02-25,2030-03-20,USD-SOFR-1D,execution_timestamp,2025-10-06 11:28:00-04:00,strict,3.491183986302405,-16214985.477304846,303756.07065415947,0.0,,53.38160136975954,53.38160136975951,53.757842168137735
1755828549,2025-10-06,SOFR,5.065753424657534,5Y,650000000.0,0.03974,14779275.76746,0.0,41079308.0,True,True,True,NEW_TRADE,2025-02-25,2030-03-20,USD-SOFR-1D,execution_timestamp,2025-10-06 11:28:00-04:00,strict,3.491183986302405,-14665829.516968638,303756.07065415947,0.0,,48.28160136975947,48.28160136975953,48.65507950386578
1755828563,2025-10-06,SOFR,4.063013698630137,4Y,650000000.0,0.0365,5485357.51003,0.0,41079308.0,True,True,True,NEW_TRADE,2025-05-29,2029-06-20,USD-SOFR-1D,execution_timestamp,2025-10-06 11:28:00-04:00,strict,3.4293126940696355,-5406335.04875654,244977.16467944245,0.0,,22.068730593036445,22.06873059303645,22.391301316625572
1755828566,2025-10-06,SOFR,5.06027397260274,5Y,650000000.0,0.03677,7143619.90705,0.0,41079308.0,True,True,True,NEW_TRADE,2025-05-29,2030-06-19,USD-SOFR-1D,execution_timestamp,2025-10-06 11:28:00-04:00,strict,3.4431476964802656,-7043655.867141485,301201.04703382205,0.0,,23.385230351973398,23.38523035197334,23.717115120943912
1755828571,2025-10-06,SOFR,4.920547945205479,5Y,650000000.0,0.0369854,7462010.724,0.0,41079308.0,True,True,True,NEW_TRADE,2025-05-30,2030-04-30,USD-SOFR-1D,execution_timestamp,2025-10-06 11:28:00-04:00,strict,3.4514182462145797,-7346672.924118742,297289.6077169311,0.0,,24.712175378542067,24.71217537854196,25.10013983100637
1755828573,2025-10-06,SOFR,4.06027397260274,4Y,650000000.0,0.03671,6000057.316,0.0,41079308.0,True,True,True,NEW_TRADE,2025-05-30,2029-06-20,USD-SOFR-1D,execution_timestamp,2025-10-06 11:28:00-04:00,strict,3.4293126940696355,-5920787.094583347,244977.16467944245,0.0,,24.168730593036436,24.16873059303636,24.492312676780283
1755828575,2025-10-06,SOFR,4.06027397260274,4Y,650000000.0,0.036712,6004952.10368,0.0,41079308.0,True,True,True,NEW_TRADE,2025-05-30,2029-06-20,USD-SOFR-1D,execution_timestamp,2025-10-06 11:28:00-04:00,strict,3.4293126940696355,-5925686.637876943,244977.16467944245,0.0,,24.188730593036478,24.18873059303639,24.512293264303228
1755828576,2025-10-06,SOFR,4.043835616438356,4Y,650000000.0,0.03641,5264795.88768,0.0,41079308.0,True,True,True,NEW_TRADE,2025-06-05,2029-06-20,USD-SOFR-1D,execution_timestamp,2025-10-06 11:28:00-04:00,strict,3.4293126940696355,-5185855.600545034,244977.16467944245,0.0,,21.168730593036457,21.16873059303642,21.490965880714192
1756147166,2025-10-06,SOFR,0.4191780821917808,5M,2000000000.0,0.0316,1885.7124,0.0,,True,False,True,NEW_TRADE,2026-07-20,2026-12-20,USD-SOFR-1D,execution_timestamp,2025-10-06 13:03:00-04:00,strict,3.176639982122479,136418.70339448005,81982.48194641568,0.0,,-1.663998212247897,-1.6639982122478834,0.023001406583817684
1756172635,2025-10-06,SOFR,7.306849315068493,7Y,470000000.0,0.03386,5726463.08065,0.0,-31368497.0,True,True,True,NEW_TRADE,2024-08-28,2031-12-17,USD-SOFR-1D,execution_timestamp,2025-10-06 14:30:00-04:00,strict,3.578667119069968,5778916.491710275,299943.05824501667,0.0,,-19.266711906996782,-19.266711906996726,19.091834010614715
1756172656,2025-10-06,SOFR,7.057534246575343,7Y,470000000.0,0.03797,6608043.41964,0.0,-31368497.0,True,True,True,NEW_TRADE,2024-11-27,2031-12-17,USD-SOFR-1D,execution_timestamp,2025-10-06 14:30:00-04:00,strict,3.578667119069968,-6548743.202159882,299943.05824501667,0.0,,21.833288093003176,21.83328809300318,22.030993010153413
1756172657,2025-10-06,SOFR,7.057534246575343,7Y,470000000.0,0.037973,6617046.83172,0.0,-31368497.0,True,True,True,NEW_TRADE,2024-11-27,2031-12-17,USD-SOFR-1D,execution_timestamp,2025-10-06 14:30:00-04:00,strict,3.578667119069968,-6557741.493907273,299943.05824501667,0.0,,21.8632880930032,21.863288093003316,22.06101008116909
1756172659,2025-10-06,SOFR,7.109589041095891,7Y,470000000.0,0.039145,10134325.5558,0.0,-31368497.0,True,True,True,NEW_TRADE,2024-11-08,2031-12-17,USD-SOFR-1D,execution_timestamp,2025-10-06 14:30:00-04:00,strict,3.578667119069968,-10073074.136538863,299943.05824501667,0.0,,33.58328809300319,33.5832880930033,33.78749825082299
1756172666,2025-10-06,SOFR,6.961643835616439,7Y,470000000.0,0.0426196,20721985.68378,0.0,-31368497.0,True,True,True,NEW_TRADE,2025-01-15,2031-12-31,USD-SOFR-1D,execution_timestamp,2025-10-06 14:30:00-04:00,strict,3.5682968635743126,-20639810.64780228,297548.03973230085,0.0,,69.36631364256876,69.36631364256871,69.64248765484469
1756172670,2025-10-06,SOFR,6.810958904109589,7Y,470000000.0,0.04032,14108612.20794,0.0,-31368497.0,True,True,True,NEW_TRADE,2025-02-25,2031-12-17,USD-SOFR-1D,execution_timestamp,2025-10-06 14:30:00-04:00,strict,3.5493035123518264,-14040607.31156613,290878.5887375257,0.0,,48.26964876481736,48.26964876481738,48.503440109409034
1756172673,2025-10-06,SOFR,6.810958904109589,7Y,470000000.0,0.040323,14117343.58479,0.0,-31368497.0,True,True,True,NEW_TRADE,2025-02-25,2031-12-17,USD-SOFR-1D,execution_timestamp,2025-10-06 14:30:00-04:00,strict,3.5493035123518264,-14049333.669228226,290878.5887375257,0.0,,48.29964876481729,48.29964876481728,48.53345736467659
1756172677,2025-10-06,SOFR,6.926027397260274,7Y,470000000.0,0.0380549,7486343.9847,0.0,-31368497.0,True,True,True,NEW_TRADE,2025-02-28,2032-01-31,USD-SOFR-1D,execution_timestamp,2025-10-06 14:30:00-04:00,strict,3.5544047971481856,-7405099.402002871,294911.7278259288,0.0,,25.10852028518147,25.10954534291603,25.385033141573814
1756172685,2025-10-06,SOFR,6.8054794520547945,7Y,470000000.0,0.0384311,8628792.2398,0.0,-31368497.0,True,True,True,NEW_TRADE,2025-02-27,2031-12-17,USD-SOFR-1D,execution_timestamp,2025-10-06 14:30:00-04:00,strict,3.5484721274710465,-8562754.180666953,290619.6038944545,0.0,,29.46378725289538,29.46378725289545,29.691019202316973
1756172692,2025-10-06,SOFR,6.67945205479452,7Y,470000000.0,0.03665,3937119.3612,0.0,-31368497.0,True,True,True,NEW_TRADE,2025-04-14,2031-12-17,USD-SOFR-1D,execution_timestamp,2025-10-06 14:30:00-04:00,strict,3.5289833641251467,-3871889.715777278,284662.95250381756,0.0,,13.601663587485335,13.601663587485458,13.830810530735292
1756172718,2025-10-06,SOFR,6.383561643835616,6Y,470000000.0,0.03598,3175987.056,0.0,-31368497.0,True,True,True,NEW_TRADE,2025-07-31,2031-12-17,USD-SOFR-1D,execution_timestamp,2025-10-06 14:30:00-04:00,strict,3.483106271403903,-3109917.835574001,270677.77097797435,0.0,,11.48937285960967,11.489372859609746,11.733460950727412
1756172773,2025-10-06,SOFR,6.30958904109589,6Y,470000000.0,0.0349,571042.73353,0.0,-31368497.0,True,True,True,NEW_TRADE,2025-08-27,2031-12-17,USD-SOFR-1D,execution_timestamp,2025-10-06 14:30:00-04:00,strict,3.47096986339388,-508449.997922644,267181.47559651354,0.0,,1.9030136606120074,1.9030136606120263,2.1372841521107744
1756172791,2025-10-06,SOFR,7.304109589041096,7Y,470000000.0,0.03535,348823.248,0.0,-31368497.0,True,True,True,NEW_TRADE,2025-08-28,2032-12-15,USD-SOFR-1D,execution_timestamp,2025-10-06 14:30:00-04:00,strict,3.5250008182957675,-303929.05093969405,303953.9233605766,0.0,,0.999918170423264,0.9999181704233077,1.1476188369057356
1756172805,2025-10-06,SOFR,6.273972602739726,6Y,470000000.0,0.032845,4729374.2254,0.0,-31368497.0,True,True,True,NEW_TRADE,2025-09-09,2031-12-17,USD-SOFR-1D,execution_timestamp,2025-10-06 14:30:00-04:00,strict,3.4648913264017747,4789354.974700138,265498.07411655097,0.0,,-18.03913264017747,-18.039132640177495,17.81321480819425
1756172808,2025-10-06,SOFR,6.7534246575342465,7Y,470000000.0,0.0327976,5551670.34825,0.0,-31368497.0,True,True,True,NEW_TRADE,2025-12-01,2032-08-31,USD-SOFR-1D,execution_timestamp,2025-10-06 14:30:00-04:00,strict,3.4782831599340964,5581256.271130264,281138.7987670095,0.0,,-19.852315993409597,-19.85231599340959,19.7470799925089
1756172821,2025-10-06,SOFR,6.7534246575342465,7Y,470000000.0,0.0349231,426741.62064,0.0,-31368497.0,True,True,False,NEW_TRADE,2025-12-01,2032-08-31,USD-SOFR-1D,execution_timestamp,2025-10-06 14:30:00-04:00,strict,3.4782831599340964,-394348.8966625184,281138.7987670095,0.0,,1.4026840065903379,1.4026840065903903,1.5179036920964335
1756172822,2025-10-06,SOFR,7.263013698630137,7Y,470000000.0,0.03334,5551197.18666,0.0,-31368497.0,True,True,True,NEW_TRADE,2025-09-12,2032-12-15,USD-SOFR-1D,execution_timestamp,2025-10-06 14:30:00-04:00,strict,3.519157231581648,5591954.506169438,302011.13175012975,0.0,,-18.51572315816479,-18.515723158164803,18.380770120926563
1756173823,2025-10-06,SOFR,5.619178082191781,6Y,470000000.0,0.035884,2642075.36478,0.0,-29062601.0,True,True,True,NEW_TRADE,2025-05-07,2030-12-18,USD-SOFR-1D,execution_timestamp,2025-10-06 14:43:00-04:00,strict,3.482231999420099,-2583181.870453432,243310.77691430686,0.0,,10.616800057990083,10.616800057990112,10.858850554369521
1756173869,2025-10-06,SOFR,5.295890410958904,5Y,470000000.0,0.03347,1612644.70848,0.0,-29062601.0,True,True,True,NEW_TRADE,2025-09-02,2030-12-18,USD-SOFR-1D,execution_timestamp,2025-10-06 14:43:00-04:00,strict,3.420264663983825,1670694.1163042337,228035.45740318706,0.0,,-7.326466398382481,-7.326466398382499,7.071903320844969
1756177768,2025-10-06,SOFR,18.594520547945205,19Y,250000000.0,0.0397802,671.136,0.0,,True,False,False,NEW_TRADE,2025-10-08,2044-05-08,USD-SOFR-1D,execution_timestamp,2025-10-06 14:59:00-04:00,strict,3.9788662175048812,27625.258986979723,332266.9979236196,0.0,,-0.08462175048808973,-0.08314174793047044,0.002019869575353609
1759426138000000101,2026-01-16,SOFR,4.161643835616438,4Y,650000000.0,0.03473,827028.366,0.0,,True,False,False,NEW_TRADE,2026-04-03,2030-05-31,USD-SOFR-1D,execution_timestamp,2026-01-16 11:16:00-05:00,strict,3.511361673755034,953777.6482538134,248627.7461052225,0.0,,-3.8361673755034076,-3.8361673755034658,3.326371971573884
1762910777,2025-10-10,SOFR,1.0,1Y,1700000000.0,0.04,12984498.0,0.0,,True,True,True,NEW_TRADE,2026-03-30,2027-03-30,USD-SOFR-1D,execution_timestamp,2025-10-10 11:50:00-04:00,strict,3.203122008706009,-13065513.51423113,163958.76981136092,0.0,,79.68779912939911,79.6877991293992,79.19367786754574
1768237119,2025-10-14,SOFR,28.96712328767123,29Y,250000000.0,0.0404,1684976.769,0.0,,True,False,True,NEW_TRADE,2025-02-24,2054-02-05,USD-SOFR-1D,execution_timestamp,2025-10-14 11:28:00-04:00,strict,3.8956678924880426,-6461591.670317501,447689.13734472985,0.0,,14.433210751195746,14.43321075119574,3.76372046682592
1776345662,2025-10-17,SOFR,8.150684931506849,8Y,470000000.0,0.034377,2321.19,0.0,,True,False,False,NEW_TRADE,2026-05-31,2034-07-23,USD-SOFR-1D,execution_timestamp,2025-10-17 13:57:00-04:00,strict,3.4432318646713087,180091.81702944636,328112.94292999915,0.0,,-0.5531864671308728,-0.5488714203751109,0.0070743628071240445
1778928856,2025-10-20,SOFR,8.547945205479452,9Y,470000000.0,0.0343503,1047.12108,0.0,,True,False,False,NEW_TRADE,2025-10-22,2034-05-08,USD-SOFR-1D,execution_timestamp,2025-10-20 15:46:00-04:00,strict,3.4368393351234294,63125.16806127131,348885.9926713949,0.0,,-0.18093351234291788,-0.18093351234289015,0.0030013273733985974
1783370139,2025-10-22,SOFR,1.0383561643835617,1Y,1700000000.0,0.033079,35103.176,0.0,-12223905.0,True,True,False,NEW_TRADE,2025-12-17,2026-12-31,USD-SOFR-1D,execution_timestamp,2025-10-22 10:05:00-04:00,strict,3.3099053921922685,34496.57280819118,172019.08405333626,0.0,,-0.20053921922689177,-0.20053921922695023,0.2040655907057144
1783370145,2025-10-22,SOFR,3.2465753424657535,3Y,650000000.0,0.031451,5946.65166,0.0,-12223905.0,True,True,True,NEW_TRADE,2025-12-17,2029-03-16,USD-SOFR-1D,execution_timestamp,2025-10-22 10:05:00-04:00,strict,3.1538836172036366,174803.09618394822,199010.37594346955,0.0,,-0.8783617203636851,-0.8783617203637785,0.029881113644492554
1783370147,2025-10-22,SOFR,3.9972602739726026,4Y,650000000.0,0.031749,16395.29324,0.0,-12223905.0,True,True,False,NEW_TRADE,2025-12-17,2029-12-15,USD-SOFR-1D,execution_timestamp,2025-10-22 10:05:00-04:00,strict,3.1821728767580866,176283.55577290058,242257.46468086314,0.0,,-0.7272876758086522,-0.7276702742890792,0.06767714366035436
1783370159,2025-10-22,SOFR,6.7095890410958905,7Y,470000000.0,0.033251,13959.33084,0.0,-12223905.0,True,True,False,NEW_TRADE,2025-12-17,2032-08-31,USD-SOFR-1D,execution_timestamp,2025-10-22 10:05:00-04:00,strict,3.3319352411825083,192104.77107824385,281050.4647149091,0.0,,-0.683524118250789,-0.6835241182508286,0.04966841401297811
1783370177,2025-10-22,FED_FUNDS,1.83013698630137,~22M,2000000000.0,0.04375,5714880.58378,0.0,-12223905.0,True,True,True,NEW_TRADE,2024-06-01,2026-03-31,USD-FEDFUNDS-1D,execution_timestamp,2025-10-22 10:05:00-04:00,strict,4.088423641267358,-5716781.426722929,199485.4513472388,0.0,,28.657635873264198,28.65763587326419,28.648107143574425
1783370186,2025-10-22,FED_FUNDS,1.83013698630137,~22M,1100000000.0,0.040246,6319314.8395,0.0,-12223905.0,True,True,True,NEW_TRADE,2025-03-03,2026-12-31,USD-FEDFUNDS-1D,execution_timestamp,2025-10-22 10:05:00-04:00,strict,3.7057711838013025,-6344676.173434317,198999.4583638974,0.0,,31.882881619869696,31.882881619869636,31.755437383876085
1783370194,2025-10-22,FED_FUNDS,7.005479452054795,7Y,650000000.0,0.0117,56114222.4565,0.0,-12223905.0,True,True,True,NEW_TRADE,2021-12-15,2028-12-15,USD-FEDFUNDS-1D,execution_timestamp,2025-10-22 10:05:00-04:00,strict,3.4173487307460824,56224634.937874034,250182.0663996744,0.0,,-224.73487307460823,-224.73487307460823,224.29354455349176
1783370197,2025-10-22,FED_FUNDS,7.005479452054795,7Y,650000000.0,0.0166,41446268.84928,0.0,-12223905.0,True,True,True,NEW_TRADE,2022-03-16,2029-03-16,USD-FEDFUNDS-1D,execution_timestamp,2025-10-22 10:05:00-04:00,strict,3.3374978570596623,41633503.40626274,248188.11678983856,0.0,,-167.74978570596625,-167.74978570596625,166.99537989716077
1783370211,2025-10-22,FED_FUNDS,10.005479452054795,10Y,470000000.0,0.01267,64459459.26176,0.0,-12223905.0,True,True,True,NEW_TRADE,2021-12-15,2031-12-15,USD-FEDFUNDS-1D,execution_timestamp,2025-10-22 10:05:00-04:00,strict,3.408312041190789,64693047.93913556,302118.7323224484,0.0,,-214.13120411907886,-214.13120411907892,213.35803565123874
1783370217,2025-10-22,FED_FUNDS,6.7534246575342465,7Y,470000000.0,0.0342201,4144537.42092,0.0,-12223905.0,True,True,False,NEW_TRADE,2025-12-01,2032-08-31,USD-FEDFUNDS-1D,execution_timestamp,2025-10-22 10:05:00-04:00,strict,3.2821535077599924,-3967514.792654112,283684.70630919695,0.0,,13.985649224000785,13.985649224000788,14.609661108775942
1783435742,2025-10-22,SOFR,2.2465753424657535,2Y,650000000.0,0.031374,23653.53766,0.0,-12223905.0,True,True,False,NEW_TRADE,2025-12-17,2028-03-16,USD-SOFR-1D,execution_timestamp,2025-10-22 10:05:00-04:00,strict,3.149432629231975,168334.354208529,139898.23085482352,0.0,,-1.2032629231975012,-1.2032629231974667,0.16907674611372298
1791079888,2025-10-27,SOFR,9.282191780821918,9Y,470000000.0,0.045,21312150.0,0.0,,True,False,True,NEW_TRADE,2025-11-03,2035-02-12,USD-SOFR-1D,execution_timestamp,2025-10-27 05:42:00-04:00,strict,3.5427649913996446,-35675427.94639498,372692.4697265167,0.0,,95.72350086003554,95.72350086003551,57.18427854375203
1791436253,2025-10-27,SOFR,2.0,2Y,1100000000.0,0.034,4674966.0,0.0,,True,False,True,NEW_TRADE,2026-01-20,2028-01-20,USD-SOFR-1D,execution_timestamp,2025-10-27 13:47:00-04:00,strict,3.1911636020700676,-4397723.692454144,210582.24217837965,0.0,,20.88363979299328,20.88363979299322,22.20019101154758
1800719586,2025-10-31,SOFR,0.0821917808219178,1M,17000000000.0,0.039881,105376.84209,0.0,,True,True,False,NEW_TRADE,2025-11-04,2025-12-04,USD-SOFR-1D,execution_timestamp,2025-10-31 07:20:00-04:00,strict,3.9965800000000926,119629.05201292038,141071.99529670618,0.0,,-0.8480000000092414,-0.8480000000093111,0.7469720823638226
1800737810,2025-10-31,SOFR,0.0821917808219178,1M,17000000000.0,0.039882,110210.85789,0.0,,True,True,False,NEW_TRADE,2025-11-04,2025-12-04,USD-SOFR-1D,execution_timestamp,2025-10-31 07:40:00-04:00,strict,3.996800000000179,121321.85701674223,141071.92676073068,0.0,,-0.8600000000178909,-0.8600000000178196,0.7812387653634764
1800845955,2025-10-31,SOFR,2.0,2Y,1100000000.0,0.034,1440660.65,0.0,,True,True,False,NEW_TRADE,2025-12-19,2027-12-19,USD-SOFR-1D,execution_timestamp,2025-10-31 10:13:00-04:00,strict,3.339765719612111,-1271744.5376843065,211133.01752668025,0.0,,6.023428038788925,6.023428038788864,6.823473973311389
1804547837000000401,2026-01-21,SOFR,27.18082191780822,27Y,250000000.0,0.04225,21347.6,0.0,,True,False,False,NEW_TRADE,2026-01-21,2053-03-21,USD-SOFR-1D,execution_timestamp,2026-01-21 12:43:00-05:00,strict,4.253470904470787,1154120.3886754513,405368.36118419026,0.0,,-2.8470904470786706,-2.847090447078688,0.05266222538344607
1851335141000000201,2026-01-26,SOFR,10.005479452054795,10Y,470000000.0,0.0385998,22655.6,0.0,,True,False,False,NEW_TRADE,2026-02-02,2036-02-02,USD-SOFR-1D,execution_timestamp,2026-01-26 15:51:00-05:00,strict,3.8615357838016986,60875.903228759766,391287.67867545976,0.0,,-0.15557838016988512,-0.15557838016987804,0.05790011092782432
1868041030000000101,2026-01-27,SOFR,4.756164383561644,5Y,650000000.0,0.0351312,284447.75794,0.0,,True,False,False,NEW_TRADE,2026-04-23,2031-01-23,USD-SOFR-1D,execution_timestamp,2026-01-27 17:00:00-05:00,strict,3.5509718602218494,1066166.4159029424,281668.1689233082,0.0,,-3.7851860221849165,-3.7851860221849747,1.0098683107406736
1869142601000000201,2026-01-28,SOFR,5.002739726027397,5Y,650000000.0,0.043,22164837.85188,0.0,,True,False,True,NEW_TRADE,2026-01-30,2031-01-30,USD-SOFR-1D,execution_timestamp,2026-01-27 21:54:00-05:00,strict,,,,,"SnapshotMiss: citivelo_excel minute store (USD-SOFR-1D-CITIVELOEXCELMIN): no snapshot satisfies datetime.datetime(2026, 1, 27, 21, 54, tzinfo=zoneinfo.ZoneInfo(",,,
1880534706000000101,2026-01-28,SOFR,4.161643835616438,4Y,650000000.0,0.03300158,2173644.0,0.0,,True,False,True,NEW_TRADE,2026-04-03,2030-05-31,USD-SOFR-1D,execution_timestamp,2026-01-28 11:49:00-05:00,strict,3.527747727651952,5664532.854565367,248892.29021917912,0.0,,-22.758972765195207,-22.75897276519524,8.733271722020193
1915647889000000201,2026-01-30,SOFR,3.1616438356164385,3Y,650000000.0,0.031355,5012826.9,0.0,,True,False,True,NEW_TRADE,2026-04-03,2029-05-31,USD-SOFR-1D,execution_timestamp,2026-01-30 15:22:00-05:00,strict,3.398767884183835,5071239.1522517875,192626.57760073143,0.0,,-26.326788418383494,-26.326788418383504,26.023547541764383
1931187633000000601,2026-02-02,SOFR,4.161643835616438,4Y,650000000.0,0.03481307,522400.0,0.0,,True,False,False,NEW_TRADE,2026-04-03,2030-05-31,USD-SOFR-1D,execution_timestamp,2026-02-02 09:41:00-05:00,strict,3.483170331982434,46448.06012162566,249274.2064189205,0.0,,-0.18633319824337136,-0.18633319824341096,2.095684136376609
1931250372000000201,2026-02-02,SOFR,4.161643835616438,4Y,650000000.0,0.0347931,129880.4,0.0,,True,False,False,NEW_TRADE,2026-04-03,2030-05-31,USD-SOFR-1D,execution_timestamp,2026-02-02 09:28:00-05:00,strict,3.4792780047355727,-797.6330032944679,249297.20619047098,0.0,,0.0031995264427209236,0.0031995264426872517,0.5209861834583387
1932303355000000601,2026-02-02,SOFR,4.161643835616438,4Y,650000000.0,0.0346422,119944.8,0.0,0.0,True,False,False,NEW_TRADE,2026-04-03,2030-05-31,USD-SOFR-1D,execution_timestamp,2026-02-02 12:37:00-05:00,strict,3.4988719093215415,863475.5503287762,249185.56213350248,0.0,,-3.465190932154183,-3.465190932154266,0.48134730990449176
1950124122000000101,2026-02-03,SOFR,4.161643835616438,4Y,650000000.0,0.03515344,134813.7,0.0,,True,False,False,NEW_TRADE,2026-04-03,2030-05-31,USD-SOFR-1D,execution_timestamp,2026-02-03 14:48:00-05:00,strict,3.4962877057756714,-474884.90636762977,249201.07801513613,0.0,,1.9056294224328862,1.9056294224328594,0.5409836148133019
1961788227000000401,2026-02-04,SOFR,7.76986301369863,8Y,470000000.0,0.065,626.66,0.0,,True,False,True,NEW_TRADE,2026-02-10,2033-11-16,USD-SOFR-1D,execution_timestamp,2026-02-04 07:57:00-05:00,strict,3.7439298842377977,-87394705.02831577,317098.99007466435,0.0,,275.6070115762202,275.60701157622026,0.0019762283060329082
1964198843000001601,2026-02-04,SOFR,0.5643835616438356,7M,1700000000.0,0.0360561,22308.61724,0.0,23621.0,True,True,False,NEW_TRADE,2026-02-06,2026-08-31,USD-SOFR-1D,execution_timestamp,2026-02-04 11:46:00-05:00,strict,3.6050604469720553,-5235.821552209556,95274.18258054997,0.0,,0.05495530279446825,0.054955302794468044,0.23415175691629875
1966159451000000201,2026-02-04,SOFR,2.0,2Y,1100000000.0,0.0377,23672.55,0.0,,True,True,True,NEW_TRADE,2025-04-16,2027-04-16,USD-SOFR-1D,execution_timestamp,2026-02-04 14:35:00-05:00,strict,3.771839010631159,40031.944670662284,217681.9643801303,0.0,,-0.18390106311594323,-0.18390106311589471,0.10874832955228879
1966241320000000201,2026-02-04,SOFR,2.0,2Y,1100000000.0,0.0377,27500.0,0.0,,True,False,True,NEW_TRADE,2025-04-16,2027-04-16,USD-SOFR-1D,execution_timestamp,2026-02-04 14:27:00-05:00,strict,3.7722878456298097,49802.051180779934,217680.99443370855,0.0,,-0.22878456298101035,-0.2287845629809744,0.12633165367302981
1980547727000000901,2026-02-05,SOFR,1.0,1Y,1700000000.0,0.034,107088.44,0.0,,True,True,False,NEW_TRADE,2026-02-26,2027-02-26,USD-SOFR-1D,execution_timestamp,2026-02-05 12:36:00-05:00,strict,3.4058631712504726,97443.02130752802,166195.07966730063,0.0,,-0.5863171250472199,-0.5863171250472358,0.6443538534015335
1982756707000000301,2026-02-05,SOFR,4.161643835616438,4Y,650000000.0,0.0329004,2530614.42,0.0,,True,False,True,NEW_TRADE,2026-04-03,2030-05-31,USD-SOFR-1D,execution_timestamp,2026-02-05 16:10:00-05:00,strict,3.39316869799843,2577351.934905112,249916.07427685903,0.0,,-10.31286979984296,-10.31286979984289,10.125856959470982
2122610202000000301,2026-02-20,SOFR,4.161643835616438,4Y,650000000.0,0.0340536,2345563.2,0.0,,True,False,False,NEW_TRADE,2026-04-03,2030-05-31,USD-SOFR-1D,execution_timestamp,2026-02-20 09:59:00-05:00,strict,3.318411175604483,-2178244.7972476482,250520.3276054809,0.0,,8.694882439551721,8.694882439551753,9.362765977592804
2122954747000000401,2026-02-20,SOFR,10.005479452054795,10Y,470000000.0,0.03905,9250000.0,0.0,,True,False,True,NEW_TRADE,2026-01-23,2036-01-23,USD-SOFR-1D,execution_timestamp,2026-02-20 14:15:00-05:00,strict,3.6660209205230077,-9471679.128084183,396339.2590185313,0.0,,23.89790794769926,23.89790794769923,23.338591344461047
2130090616000000101,2026-02-23,FED_FUNDS,0.019178082191780823,1W,17000000000.0,0.03638,3294.55,0.0,,True,False,False,NEW_TRADE,2026-02-26,2026-03-05,USD-FEDFUNDS-1D,execution_timestamp,2026-02-23 04:08:00-05:00,strict,3.642868799416174,16071.305001409724,33008.76381972893,0.0,,-0.4868799416173797,-0.48687994161732606,0.09980834235394447
2146295772000000601,2026-02-24,SOFR,2.4904109589041097,2Y,650000000.0,0.035,809250.0,0.0,,True,False,True,NEW_TRADE,2026-03-03,2028-08-28,USD-SOFR-1D,execution_timestamp,2026-02-24 10:45:00-05:00,strict,3.2506631276159,-3867123.4992563054,155096.33462069882,0.0,,24.93368723841005,24.93368723841013,5.217724854549846
2163901223000003601,2026-02-25,SOFR,6.383561643835616,6Y,470000000.0,0.0346,1511185.86528,0.0,-3383000.0,True,True,False,NEW_TRADE,2026-06-30,2032-11-15,USD-SOFR-1D,execution_timestamp,2026-02-25 12:26:00-05:00,strict,3.4047301390992852,-1472891.4821276367,266490.8972312228,0.0,,5.526986090071473,5.526986090071479,5.670684743759965
2163901224000003701,2026-02-25,SOFR,6.383561643835616,6Y,470000000.0,0.034418,1025900.5491,0.0,-3383000.0,True,True,False,NEW_TRADE,2026-06-30,2032-11-15,USD-SOFR-1D,execution_timestamp,2026-02-25 12:26:00-05:00,strict,3.4047301390992852,-987878.0491668135,266490.8972312228,0.0,,3.7069860900714513,3.706986090071488,3.8496645092153736
2195427768000000901,2026-02-27,SOFR,5.002739726027397,5Y,650000000.0,0.03578,9423201.32,0.0,,True,True,True,NEW_TRADE,2026-01-26,2031-01-26,USD-SOFR-1D,execution_timestamp,2026-02-27 10:15:00-05:00,strict,3.2628321994093095,-9468452.257080883,300425.74905605917,0.0,,31.51678005906904,31.51678005906903,31.36615736037206
2220893409000000101,2026-03-03,SOFR,5.002739726027397,5Y,650000000.0,0.0425,26990148.03446,0.0,,True,False,True,NEW_TRADE,2026-03-05,2031-03-05,USD-SOFR-1D,execution_timestamp,2026-03-03 02:03:00-05:00,strict,3.3472302600631236,-26961155.285652816,298649.3021746387,0.0,,90.27697399368763,90.27697399368762,90.37405357363664
2231478756000001801,2026-03-03,SOFR,1.0,1Y,1700000000.0,0.04,8686179.75,0.0,,True,True,True,NEW_TRADE,2026-03-30,2027-03-30,USD-SOFR-1D,execution_timestamp,2026-03-03 10:10:00-05:00,strict,3.4778028475117795,-8668686.317468643,166004.09014417542,0.0,,52.219715248822055,52.21971524882214,52.325094776014296
2249607147000005401,2026-03-04,SOFR,4.071232876712329,4Y,650000000.0,0.03366,885522.68881,0.0,6543849.0,True,True,True,NEW_TRADE,2025-11-24,2029-12-19,USD-SOFR-1D,execution_timestamp,2026-03-04 09:55:00-05:00,strict,3.336536172270632,-720373.7417892367,244494.28241504604,0.0,,2.9463827729367953,2.946382772936801,3.621854384744931
2249607157000006401,2026-03-04,SOFR,2.958904109589041,3Y,650000000.0,0.032191,2209425.86844,0.0,6543849.0,True,True,True,NEW_TRADE,2025-12-01,2028-11-15,USD-SOFR-1D,execution_timestamp,2026-03-04 09:55:00-05:00,strict,3.346539899897518,2346323.9233669788,184112.19133519338,0.0,,-12.743989989751858,-12.743989989751833,12.000432195266932
2249607169000007601,2026-03-04,SOFR,2.9726027397260273,3Y,650000000.0,0.033693,841492.5865,0.0,6543849.0,True,True,True,NEW_TRADE,2025-12-26,2028-12-15,USD-SOFR-1D,execution_timestamp,2026-03-04 09:55:00-05:00,strict,3.33082236840888,-709883.6442141458,184492.55186953128,0.0,,3.8477631591120165,3.8477631591120196,4.561119557254991
2249607172000007901,2026-03-04,SOFR,2.9726027397260273,3Y,650000000.0,0.033,391474.34228,0.0,6543849.0,True,True,True,NEW_TRADE,2025-12-31,2028-12-20,USD-SOFR-1D,execution_timestamp,2026-03-04 09:55:00-05:00,strict,3.3279058936246337,514645.8991140276,184421.93826028967,0.0,,-2.790589362463347,-2.790589362463299,2.122710269574764
2249607173000008001,2026-03-04,SOFR,2.947945205479452,3Y,650000000.0,0.0332,66868.15196,0.0,6543849.0,True,True,True,NEW_TRADE,2026-01-09,2028-12-20,USD-SOFR-1D,execution_timestamp,2026-03-04 09:55:00-05:00,strict,3.3232392473924155,59227.307729274035,182842.80437472768,0.0,,-0.3239247392415656,-0.3239247392415316,0.3657138829644993
2249607174000008101,2026-03-04,SOFR,2.947945205479452,3Y,650000000.0,0.03316,6301.82826,0.0,6543849.0,True,True,True,NEW_TRADE,2026-01-09,2028-12-20,USD-SOFR-1D,execution_timestamp,2026-03-04 09:55:00-05:00,strict,3.3232392473924155,132364.42947915941,182842.80437472768,0.0,,-0.7239247392415216,-0.7239247392415005,0.03446582588552241
2249607182000008901,2026-03-04,SOFR,2.9232876712328766,3Y,650000000.0,0.0338841,1337599.3973,0.0,6543849.0,True,True,True,NEW_TRADE,2026-01-13,2028-12-15,USD-SOFR-1D,execution_timestamp,2026-03-04 09:55:00-05:00,strict,3.3218107354126882,-1207661.6199062169,181332.57587596477,0.0,,6.659926458731169,6.659926458731179,7.376498077294979
2249607208000011501,2026-03-04,SOFR,4.065753424657534,4Y,650000000.0,0.03293,548723.78256,0.0,6543849.0,True,True,True,NEW_TRADE,2026-02-25,2030-03-20,USD-SOFR-1D,execution_timestamp,2026-03-04 09:55:00-05:00,strict,3.319470603268932,652933.7051410526,246663.70407484192,0.0,,-2.6470603268931914,-2.6470603268932567,2.22458259360894
2253137035000001401,2026-03-04,SOFR,4.953424657534247,5Y,650000000.0,0.033384,883912.67814,0.0,-35495005.0,True,True,True,NEW_TRADE,2026-02-18,2031-01-31,USD-SOFR-1D,execution_timestamp,2026-03-04 14:37:00-05:00,strict,3.3707351911322005,957579.4673859477,296141.58254729665,0.0,,-3.2335191132200958,-3.233519113220154,2.98476380971872
2253137053000003201,2026-03-04,SOFR,6.934246575342466,7Y,470000000.0,0.0341628,1674460.24295,0.0,-35495005.0,True,True,True,NEW_TRADE,2026-02-26,2033-01-31,USD-SOFR-1D,execution_timestamp,2026-03-04 14:37:00-05:00,strict,3.4738838363297164,1668331.595104918,289621.6122752008,0.0,,-5.760383632971644,-5.7603836329716165,5.781544511805682
2253137063000004201,2026-03-04,SOFR,3.8109589041095893,4Y,650000000.0,0.03808,8583330.62327,0.0,-35495005.0,True,True,True,NEW_TRADE,2025-02-28,2028-12-20,USD-SOFR-1D,execution_timestamp,2026-03-04 14:37:00-05:00,strict,3.3510699581713426,-8495903.872405812,185934.45592688053,0.0,,45.69300418286577,45.69300418286571,46.16320617113284
2253137086000006501,2026-03-04,SOFR,6.7534246575342465,7Y,470000000.0,0.0331345,4257717.33944,0.0,-35495005.0,True,True,True,NEW_TRADE,2025-12-01,2032-08-31,USD-SOFR-1D,execution_timestamp,2026-03-04 14:37:00-05:00,strict,3.463955455888765,4294760.517332315,285355.8026830907,0.0,,-15.05054558887653,-15.050545588876542,14.920731589847918
2253137100000007901,2026-03-04,SOFR,6.073972602739726,6Y,470000000.0,0.03429,125218.55886,0.0,-35495005.0,True,True,True,NEW_TRADE,2025-11-21,2031-12-17,USD-SOFR-1D,execution_timestamp,2026-03-04 14:37:00-05:00,strict,3.425963218297681,-77866.89141249657,256412.54145144866,0.0,,0.30367817023191357,0.3036781702319368,0.4883480275620994
2253137107000008601,2026-03-04,SOFR,7.301369863013699,7Y,470000000.0,0.0343,1865944.84872,0.0,-35495005.0,True,True,True,NEW_TRADE,2025-11-28,2033-03-16,USD-SOFR-1D,execution_timestamp,2026-03-04 14:37:00-05:00,strict,3.4902680918968843,1842918.1999118924,305786.71763244626,0.0,,-6.0268091896884535,-6.026809189688444,6.1021121622517756
2268183939000002401,2026-03-05,SOFR,7.071232876712329,7Y,470000000.0,0.03489,1564484.36036,0.0,71708474.0,True,True,True,NEW_TRADE,2025-11-21,2032-12-15,USD-SOFR-1D,execution_timestamp,2026-03-05 11:48:00-05:00,strict,3.5414182233695866,1538749.9145700485,293552.47386405215,0.0,,-5.241822336958668,-5.241822336958615,5.329487909832886
2268183946000003101,2026-03-05,SOFR,6.632876712328767,7Y,470000000.0,0.0341502,3067714.299,0.0,71708474.0,True,True,True,NEW_TRADE,2026-03-31,2032-11-15,USD-SOFR-1D,execution_timestamp,2026-03-05 11:48:00-05:00,strict,3.5252089305512846,3053162.6710737646,277084.33649355976,0.0,,-11.018893055128487,-11.018893055128466,11.07141001841258
2268183952000003701,2026-03-05,SOFR,6.632876712328767,7Y,470000000.0,0.0355374,778631.01381,0.0,71708474.0,True,True,False,NEW_TRADE,2026-03-31,2032-11-15,USD-SOFR-1D,execution_timestamp,2026-03-05 11:48:00-05:00,strict,3.5252089305512846,-790551.2447648942,277084.33649355976,0.0,,2.8531069448714863,2.8531069448715263,2.810086718229551
2268183953000003801,2026-03-05,SOFR,6.632876712328767,7Y,470000000.0,0.0355281,752844.16794,0.0,71708474.0,True,True,False,NEW_TRADE,2026-03-31,2032-11-15,USD-SOFR-1D,execution_timestamp,2026-03-05 11:48:00-05:00,strict,3.5252089305512846,-764782.4014710039,277084.33649355976,0.0,,2.760106944871543,2.760106944871565,2.7170217467615614
2268183955000004001,2026-03-05,SOFR,6.632876712328767,7Y,470000000.0,0.036163,2513246.83584,0.0,71708474.0,True,True,False,NEW_TRADE,2026-03-31,2032-11-15,USD-SOFR-1D,execution_timestamp,2026-03-05 11:48:00-05:00,strict,3.5252089305512846,-2523990.8538686186,277084.33649355976,0.0,,9.109106944871526,9.109106944871579,9.070331681843065
2268183956000004101,2026-03-05,SOFR,6.632876712328767,7Y,470000000.0,0.0360946,2323592.79735,0.0,71708474.0,True,True,False,NEW_TRADE,2026-03-31,2032-11-15,USD-SOFR-1D,execution_timestamp,2026-03-05 11:48:00-05:00,strict,3.5252089305512846,-2334465.167707026,277084.33649355976,0.0,,8.42510694487153,8.425106944871587,8.385868457071759
2268183961000004601,2026-03-05,SOFR,6.632876712328767,7Y,470000000.0,0.03675,4140843.86727,0.0,71708474.0,True,True,True,NEW_TRADE,2026-03-31,2032-11-15,USD-SOFR-1D,execution_timestamp,2026-03-05 11:48:00-05:00,strict,3.5252089305512846,-4150475.90908581,277084.33649355976,0.0,,14.979106944871523,14.979106944871564,14.94434481454799
2268183962000004701,2026-03-05,SOFR,6.632876712328767,7Y,470000000.0,0.0367314,4089271.131,0.0,71708474.0,True,True,True,NEW_TRADE,2026-03-31,2032-11-15,USD-SOFR-1D,execution_timestamp,2026-03-05 11:48:00-05:00,strict,3.5252089305512846,-4098938.2224979997,277084.33649355976,0.0,,14.793106944871504,14.793106944871534,14.758218319912308
2268183964000004901,2026-03-05,SOFR,6.632876712328767,7Y,470000000.0,0.0349199,935353.7513,0.0,71708474.0,True,True,False,NEW_TRADE,2026-03-31,2032-11-15,USD-SOFR-1D,execution_timestamp,2026-03-05 11:48:00-05:00,strict,3.5252089305512846,920444.5330828279,277084.33649355976,0.0,,-3.321893055128511,-3.32189305512844,3.3757005651661594
2268183965000005001,2026-03-05,SOFR,6.632876712328767,7Y,470000000.0,0.0349298,907905.52965,0.0,71708474.0,True,True,False,NEW_TRADE,2026-03-31,2032-11-15,USD-SOFR-1D,execution_timestamp,2026-03-05 11:48:00-05:00,strict,3.5252089305512846,893013.1837699562,277084.33649355976,0.0,,-3.222893055128484,-3.2228930551284063,3.276639672741308
2268183966000005101,2026-03-05,SOFR,6.632876712328767,7Y,470000000.0,0.0345329,2008404.03528,0.0,71708474.0,True,True,False,NEW_TRADE,2026-03-31,2032-11-15,USD-SOFR-1D,execution_timestamp,2026-03-05 11:48:00-05:00,strict,3.5252089305512846,1992760.9153128862,277084.33649355976,0.0,,-7.191893055128462,-7.191893055128375,7.2483492235465325
2268183967000005201,2026-03-05,SOFR,6.632876712328767,7Y,470000000.0,0.0343831,2423762.30373,0.0,71708474.0,True,True,False,NEW_TRADE,2026-03-31,2032-11-15,USD-SOFR-1D,execution_timestamp,2026-03-05 11:48:00-05:00,strict,3.5252089305512846,2407833.25138025,277084.33649355976,0.0,,-8.689893055128461,-8.689893055128415,8.747381156229071
2268183971000005601,2026-03-05,SOFR,6.810958904109589,7Y,470000000.0,0.0348,1542294.23436,0.0,71708474.0,True,True,True,NEW_TRADE,2026-02-24,2032-12-15,USD-SOFR-1D,execution_timestamp,2026-03-05 11:48:00-05:00,strict,3.533294198453843,1516441.554040283,284541.58201734436,0.0,,-5.329419845384331,-5.3294198453843125,5.420277146930281
2270275141000000301,2026-03-05,SOFR,10.008219178082191,10Y,470000000.0,0.03866,7106871.88,0.0,,True,True,True,NEW_TRADE,2026-03-12,2036-03-12,USD-SOFR-1D,execution_timestamp,2026-03-05 15:01:00-05:00,strict,3.690113852514661,-6931478.531327605,394088.9393751352,0.0,,17.588614748533928,17.588614748533953,18.033675066518256
2270506706000001101,2026-03-05,SOFR,2.663013698630137,3Y,1100000000.0,0.03568,2354459.1306,0.0,-44048140.0,True,True,True,NEW_TRADE,2025-04-17,2027-12-15,USD-SOFR-1D,execution_timestamp,2026-03-05 15:37:00-05:00,strict,3.4576311092238585,-2354925.3028493524,213368.57571811188,0.0,,11.036889077614198,11.036889077614317,11.0347042561251
2270506708000001301,2026-03-05,SOFR,2.663013698630137,3Y,1100000000.0,0.0352,1329689.785,0.0,-44048140.0,True,True,True,NEW_TRADE,2025-04-17,2027-12-15,USD-SOFR-1D,execution_timestamp,2026-03-05 15:37:00-05:00,strict,3.4576311092238585,-1330756.1394023895,213368.57571811188,0.0,,6.2368890776141495,6.236889077614196,6.231891366968189
2270506711000001601,2026-03-05,SOFR,2.7013698630136984,3Y,1100000000.0,0.03453125,3566100.73664,0.0,-44048140.0,True,True,True,NEW_TRADE,2025-07-03,2028-03-15,USD-SOFR-1D,execution_timestamp,2026-03-05 15:37:00-05:00,strict,3.575569129991206,3547837.259067729,289751.518453562,0.0,,-12.244412999120602,-12.244412999120607,12.307444515468632
2270506713000001801,2026-03-05,SOFR,2.452054794520548,2Y,1100000000.0,0.034625,101649.59532,0.0,-44048140.0,True,True,True,NEW_TRADE,2025-07-03,2027-12-15,USD-SOFR-1D,execution_timestamp,2026-03-05 15:37:00-05:00,strict,3.4576311092238585,-103886.8290232718,213368.57571811188,0.0,,0.4868890776141832,0.4868890776143158,0.476403776788071
2270506715000002001,2026-03-05,SOFR,2.441095890410959,2Y,1100000000.0,0.03481,496609.8894,0.0,-44048140.0,True,True,True,NEW_TRADE,2025-07-07,2027-12-15,USD-SOFR-1D,execution_timestamp,2026-03-05 15:37:00-05:00,strict,3.4576311092238585,-498618.69410175085,213368.57571811188,0.0,,2.336889077614135,2.336889077614185,2.3274743608734934
2270506716000002101,2026-03-05,SOFR,2.6904109589041094,3Y,1100000000.0,0.03468,3005711.5783,0.0,-44048140.0,True,True,True,NEW_TRADE,2025-07-07,2028-03-15,USD-SOFR-1D,execution_timestamp,2026-03-05 15:37:00-05:00,strict,3.5717691747759046,2994061.469647765,288530.9125868672,0.0,,-10.37691747759042,-10.376917477590382,10.417294810292047
2270506721000002601,2026-03-05,SOFR,1.789041095890411,~21M,1100000000.0,0.0320509,5571710.21805,0.0,-44048140.0,True,True,True,NEW_TRADE,2025-12-01,2027-09-15,USD-SOFR-1D,execution_timestamp,2026-03-05 15:37:00-05:00,strict,3.4942362460073406,5553889.823480055,192078.91854625923,0.0,,-28.91462460073404,-28.91462460073403,29.007401021513665
2270506723000002801,2026-03-05,SOFR,1.789041095890411,~21M,1100000000.0,0.0336923,2417070.2793,0.0,-44048140.0,True,True,True,NEW_TRADE,2025-12-01,2027-09-15,USD-SOFR-1D,execution_timestamp,2026-03-05 15:37:00-05:00,strict,3.4942362460073406,2401106.4544617534,192078.91854625923,0.0,,-12.500624600734067,-12.500624600734016,12.583735360410655
2270506726000003101,2026-03-05,SOFR,1.789041095890411,~21M,1100000000.0,0.033005,3738437.80398,0.0,-44048140.0,True,True,True,NEW_TRADE,2025-12-01,2027-09-15,USD-SOFR-1D,execution_timestamp,2026-03-05 15:37:00-05:00,strict,3.4942362460073406,3721264.8616302013,192078.91854625923,0.0,,-19.37362460073406,-19.373624600734058,19.463030260031662
2270506735000004001,2026-03-05,SOFR,1.7013698630136986,~20M,1100000000.0,0.0328322,2094185.59905,0.0,-44048140.0,True,True,False,NEW_TRADE,2026-04-03,2027-12-15,USD-SOFR-1D,execution_timestamp,2026-03-05 15:37:00-05:00,strict,3.3967611464556984,2044855.985103786,180098.23301384703,0.0,,-11.354114645569835,-11.354114645569927,11.62801857633432
2270506740000004501,2026-03-05,SOFR,1.7013698630136986,~20M,1100000000.0,0.03246313,2762549.5581,0.0,-44048140.0,True,True,False,NEW_TRADE,2026-04-03,2027-12-15,USD-SOFR-1D,execution_timestamp,2026-03-05 15:37:00-05:00,strict,3.3967611464556984,2709544.5336880013,180098.23301384703,0.0,,-15.04481464556986,-15.044814645569984,15.339126386029555
2270506741000004601,2026-03-05,SOFR,1.7013698630136986,~20M,1100000000.0,0.0325239,2652526.96401,0.0,-44048140.0,True,True,False,NEW_TRADE,2026-04-03,2027-12-15,USD-SOFR-1D,execution_timestamp,2026-03-05 15:37:00-05:00,strict,3.3967611464556984,2600098.8374854773,180098.23301384703,0.0,,-14.437114645569826,-14.437114645569933,14.728223145898706
2270506744000004901,2026-03-05,SOFR,1.7013698630136986,~20M,1100000000.0,0.0335067,872705.78448,0.0,-44048140.0,True,True,False,NEW_TRADE,2026-04-03,2027-12-15,USD-SOFR-1D,execution_timestamp,2026-03-05 15:37:00-05:00,strict,3.3967611464556984,830093.4034253955,180098.23301384703,0.0,,-4.609114645569834,-4.609114645569971,4.845720970582211
2270506748000005301,2026-03-05,SOFR,1.7013698630136986,~20M,1100000000.0,0.03265,2424577.95034,0.0,-44048140.0,True,True,False,NEW_TRADE,2026-04-03,2027-12-15,USD-SOFR-1D,execution_timestamp,2026-03-05 15:37:00-05:00,strict,3.3967611464556984,2372994.965655029,180098.23301384703,0.0,,-13.17611464556987,-13.176114645570003,13.462530474430496
2270506753000005801,2026-03-05,SOFR,1.6931506849315068,~20M,1100000000.0,0.03143,3279984.77972,0.0,-44048140.0,True,True,True,NEW_TRADE,2026-07-06,2028-03-15,USD-SOFR-1D,execution_timestamp,2026-03-05 15:37:00-05:00,strict,3.326388124723243,3275951.3241494223,178634.8668482899,0.0,,-18.338812472324317,-18.33881247232437,18.36139180211447
2270506756000006101,2026-03-05,SOFR,1.7013698630136986,~20M,1100000000.0,0.032665,2397394.23671,0.0,-44048140.0,True,True,False,NEW_TRADE,2026-04-03,2027-12-15,USD-SOFR-1D,execution_timestamp,2026-03-05 15:37:00-05:00,strict,3.3967611464556984,2345980.2307029516,180098.23301384703,0.0,,-13.026114645569864,-13.026114645570003,13.311592216041753
2270506757000006201,2026-03-05,SOFR,1.7013698630136986,~20M,1100000000.0,0.0327,2333990.94524,0.0,-44048140.0,True,True,False,NEW_TRADE,2026-04-03,2027-12-15,USD-SOFR-1D,execution_timestamp,2026-03-05 15:37:00-05:00,strict,3.3967611464556984,2282945.8491480947,180098.23301384703,0.0,,-12.676114645569836,-12.676114645569944,12.959543834394802
2270506758000006301,2026-03-05,SOFR,1.6931506849315068,~20M,1100000000.0,0.03207323,2130712.43472,0.0,-44048140.0,True,True,False,NEW_TRADE,2026-07-06,2028-03-15,USD-SOFR-1D,execution_timestamp,2026-03-05 15:37:00-05:00,strict,3.326388124723243,2126918.270121172,178634.8668482899,0.0,,-11.906512472324282,-11.9065124723244,11.927752248554926
2270506761000006601,2026-03-05,SOFR,1.6931506849315068,~20M,1100000000.0,0.0319864,2285891.8068,0.0,-44048140.0,True,True,False,NEW_TRADE,2026-07-06,2028-03-15,USD-SOFR-1D,execution_timestamp,2026-03-05 15:37:00-05:00,strict,3.326388124723243,2282026.925005555,178634.8668482899,0.0,,-12.774812472324326,-12.774812472324472,12.796448124213905
2285077068000003201,2026-03-06,FED_FUNDS,2.441095890410959,2Y,1100000000.0,0.03436,1173226.6908,0.0,-10469188.0,True,True,True,NEW_TRADE,2025-07-07,2027-12-15,USD-FEDFUNDS-1D,execution_timestamp,2026-03-06 12:05:00-05:00,strict,3.3831349099517487,-1129226.5973309278,213605.34831213806,0.0,,5.286509004825124,5.286509004825137,5.492496794067079
2332802215000006501,2026-03-11,SOFR,10.008219178082191,10Y,470000000.0,0.03866,5574497.04,0.0,,True,True,True,NEW_TRADE,2026-03-12,2036-03-12,USD-SOFR-1D,execution_timestamp,2026-03-11 08:25:00-04:00,strict,3.732137791685381,-5269745.187069595,393669.37490557414,0.0,,13.386220831461904,13.386220831461936,14.160352304105707
2350512506000000901,2026-03-12,SOFR,9.758904109589041,10Y,470000000.0,0.039335,8759069.46,0.0,,True,True,True,NEW_TRADE,2023-12-01,2033-09-01,USD-SOFR-1D,execution_timestamp,2026-03-12 09:37:00-04:00,strict,3.666145674009605,-8883289.594901696,332266.53662678576,0.0,,26.73543259903952,26.735432599039427,26.361575706429072
2384421188000002201,2026-03-16,FED_FUNDS,0.019178082191780823,1W,17000000000.0,0.0364,19346.0,0.0,36672.0,True,True,False,NEW_TRADE,2026-03-18,2026-03-25,USD-FEDFUNDS-1D,execution_timestamp,2026-03-16 08:31:00-04:00,strict,3.643130000000764,10334.880555192009,33018.7877082102,0.0,,-0.31300000007639106,-0.3130000000763873,0.5859088519833686
2387785801000003701,2026-03-16,SOFR,4.161643835616438,4Y,650000000.0,0.03308,4064589.21768,0.0,4872217.0,True,False,True,NEW_TRADE,2026-04-03,2030-05-31,USD-SOFR-1D,execution_timestamp,2026-03-16 14:24:00-04:00,strict,3.4729716201046568,4124313.501745373,250001.39412639118,0.0,,-16.497162010465694,-16.49716201046574,16.258266206408027
2388831099000001601,2026-03-16,SOFR,5.002739726027397,5Y,650000000.0,0.032405,2215.4,0.0,,True,False,True,NEW_TRADE,2026-03-03,2031-03-03,USD-SOFR-1D,execution_timestamp,2026-03-16 16:23:00-04:00,strict,3.494994672217613,7576722.919270188,297716.3668397545,0.0,,-25.449467221761246,-25.449467221761275,0.007441310746588671
2399718496000000301,2026-03-17,SOFR,5.002739726027397,5Y,650000000.0,0.04803,866.66,0.0,,True,False,True,NEW_TRADE,2026-03-23,2031-03-23,USD-SOFR-1D,execution_timestamp,2026-03-17 07:32:00-04:00,strict,3.4825490778433292,-39272713.19733551,297418.9539221347,0.0,,132.04509221566707,132.04509221566707,0.0029139366828211445
2403903463000000801,2026-03-17,SOFR,10.008219178082191,10Y,470000000.0,0.03866,5070902.38,0.0,,True,True,True,NEW_TRADE,2026-03-12,2036-03-12,USD-SOFR-1D,execution_timestamp,2026-03-17 13:34:00-04:00,strict,3.7345020525024903,-5177589.674301505,393739.2007125872,0.0,,13.149794749750976,13.149794749750924,12.878835459671546
2421113018000000201,2026-03-18,SOFR,10.008219178082191,10Y,470000000.0,0.03866,4041967.1,0.0,,True,True,True,NEW_TRADE,2026-03-12,2036-03-12,USD-SOFR-1D,execution_timestamp,2026-03-18 14:47:00-04:00,strict,3.771756453317021,-3702044.0933291614,392816.72046811704,0.0,,9.424354668297896,9.424354668297878,10.289702269249677
2421309744000000201,2026-03-18,SOFR,10.008219178082191,10Y,470000000.0,0.03866,3720437.28,0.0,,True,True,True,NEW_TRADE,2026-03-12,2036-03-12,USD-SOFR-1D,execution_timestamp,2026-03-18 15:07:00-04:00,strict,3.775364934276664,-3559247.9839644134,392700.98780851974,0.0,,9.06350657233359,9.063506572333594,9.473969751800263
2437023661000000101,2026-03-19,SOFR,1.0,1Y,1700000000.0,0.035,3690438.375,0.0,,True,False,True,NEW_TRADE,2026-09-25,2027-09-25,USD-SOFR-1D,execution_timestamp,2026-03-19 14:01:00-04:00,strict,3.731856322170648,3795278.8197769076,163690.97828540398,0.0,,-23.185632217064757,-23.185632217064743,22.545154373538676
2437883948000000101,2026-03-19,SOFR,1.0,1Y,1700000000.0,0.035,2714370.83346,0.0,,True,True,True,NEW_TRADE,2026-09-25,2027-09-25,USD-SOFR-1D,execution_timestamp,2026-03-19 15:36:00-04:00,strict,3.6609002109237636,2635895.7662857473,163821.7719636601,0.0,,-16.09002109237632,-16.090021092376276,16.56904818525658
2449363872000001301,2026-03-20,SOFR,1.0,1Y,1700000000.0,0.035,4433767.7475,0.0,,True,True,True,NEW_TRADE,2026-09-25,2027-09-25,USD-SOFR-1D,execution_timestamp,2026-03-20 09:14:00-04:00,strict,3.776825377472199,4529598.868741505,163626.57607850325,0.0,,-27.682537747219847,-27.68253774721984,27.09686808683699
2450413132000000501,2026-03-20,SOFR,1.2931506849315069,~16M,1100000000.0,0.011947,3410631.62,0.0,,True,False,True,NEW_TRADE,2026-01-08,2027-04-25,USD-SOFR-1D,execution_timestamp,2026-03-20 10:13:00-04:00,strict,3.812593176960023,36594173.32616478,139784.8225749954,0.0,,-261.7893176960023,-261.7893176960023,24.39915548177754
2450565060000001701,2026-03-20,SOFR,1.0,1Y,1700000000.0,0.0375,1639019.64,0.0,,True,True,False,NEW_TRADE,2026-09-10,2027-09-10,USD-SOFR-1D,execution_timestamp,2026-03-20 10:34:00-04:00,strict,3.8595374878645754,1783791.9175494984,162847.61978062298,0.0,,-10.95374878645754,-10.953748786457544,10.064744220443464
2451305281000000801,2026-03-20,SOFR,10.008219178082191,10Y,470000000.0,0.03866,1300592.46,0.0,,True,True,True,NEW_TRADE,2026-03-12,2036-03-12,USD-SOFR-1D,execution_timestamp,2026-03-20 11:34:00-04:00,strict,3.903687837789041,1468891.1777409315,389752.0430763641,0.0,,-3.7687837789040834,-3.7687837789040963,3.3369740662146445
2454756247000000201,2026-03-20,SOFR,1.0,1Y,1700000000.0,0.0365,2734781.0,0.0,,True,False,False,NEW_TRADE,2026-09-11,2027-09-11,USD-SOFR-1D,execution_timestamp,2026-03-20 17:04:00-04:00,strict,3.8133529087325964,2675654.096425399,163795.92608328527,0.0,,-16.335290873259645,-16.33529087325963,16.696269958566898
2469478816000001201,2026-03-23,SOFR,1.0,1Y,1700000000.0,0.0375,767056.15,0.0,,True,True,False,NEW_TRADE,2026-09-10,2027-09-10,USD-SOFR-1D,execution_timestamp,2026-03-23 11:15:00-04:00,strict,3.6842504961196285,-1073074.2357468754,163206.4384393373,0.0,,6.5749503880371485,6.574950388037109,4.699913541003528
2469486853000000601,2026-03-23,SOFR,1.0,1Y,1700000000.0,0.0375,671675.1,0.0,,True,True,False,NEW_TRADE,2026-09-10,2027-09-10,USD-SOFR-1D,execution_timestamp,2026-03-23 11:16:00-04:00,strict,3.6903203374762246,-973946.4755843878,163195.70761586766,0.0,,5.967966252377543,5.9679662523776456,4.115764500258782
2469565527000001901,2026-03-23,SOFR,10.008219178082191,10Y,470000000.0,0.03866,104872.04,0.0,,True,True,True,NEW_TRADE,2026-03-12,2036-03-12,USD-SOFR-1D,execution_timestamp,2026-03-23 11:24:00-04:00,strict,3.8498844033182418,-630503.5541768968,391238.1071751333,0.0,,1.6115596681758326,1.611559668175828,0.26805170068225287
2471273531000000701,2026-03-23,SOFR,3.0027397260273974,3Y,650000000.0,0.036,1548549.7344,0.0,,True,False,False,NEW_TRADE,2026-03-24,2029-03-24,USD-SOFR-1D,execution_timestamp,2026-03-23 14:07:00-04:00,strict,3.603760372685063,69311.65341629088,184321.23414687486,0.0,,-0.3760372685063462,-0.37603726850624525,8.40136374719611
2471632132000000401,2026-03-23,SOFR,1.0,1Y,1700000000.0,0.0375,343941.875,0.0,,True,True,False,NEW_TRADE,2026-09-10,2027-09-10,USD-SOFR-1D,execution_timestamp,2026-03-23 14:43:00-04:00,strict,3.7077194078981224,-689862.8214357346,163162.99917784412,0.0,,4.228059210187762,4.228059210187716,2.107964898494608
2485099466000004501,2026-03-24,SOFR,1.0,1Y,1700000000.0,0.0375,843153.08,0.0,,True,True,False,NEW_TRADE,2026-09-10,2027-09-10,USD-SOFR-1D,execution_timestamp,2026-03-24 09:36:00-04:00,strict,3.8042086500917014,883668.3874850124,163012.43177798475,0.0,,-5.420865009170139,-5.420865009170142,5.172323796434954
2485174738000000501,2026-03-24,SOFR,1.0,1Y,1700000000.0,0.0375,890189.36,0.0,,True,True,False,NEW_TRADE,2026-09-10,2027-09-10,USD-SOFR-1D,execution_timestamp,2026-03-24 09:41:00-04:00,strict,3.8023279226651727,853027.5813733041,163015.7548640951,0.0,,-5.232792266517272,-5.232792266517222,5.460756604428471
2485816125000000701,2026-03-24,SOFR,10.008219178082191,10Y,470000000.0,0.03866,1595678.2,0.0,,True,True,True,NEW_TRADE,2026-03-12,2036-03-12,USD-SOFR-1D,execution_timestamp,2026-03-24 10:29:00-04:00,strict,3.9066451348058298,1585292.2318468988,390032.4699180282,0.0,,-4.064513480582965,-4.064513480582973,4.091141951169753
2486154575000000401,2026-03-24,SOFR,10.008219178082191,10Y,470000000.0,0.03866,1422029.18,0.0,,True,True,True,NEW_TRADE,2026-03-12,2036-03-12,USD-SOFR-1D,execution_timestamp,2026-03-24 10:55:00-04:00,strict,3.8999480170989966,1324552.3863292933,390170.76681290066,0.0,,-3.394801709899653,-3.3948017098996512,3.6446328145386357
2489967362000001501,2026-03-24,SOFR,1.0,1Y,1700000000.0,0.0375,842018.925,0.0,,True,True,False,NEW_TRADE,2026-09-10,2027-09-10,USD-SOFR-1D,execution_timestamp,2026-03-24 16:42:00-04:00,strict,3.782750518141308,534010.8936666697,163054.18172701294,60.0,,-3.275051814130814,-3.2750518141308174,5.164043731240927
2505066865000000801,2026-03-25,SOFR,3.0027397260273974,3Y,650000000.0,0.04322,975003.75,0.0,9.9999999999,True,False,True,NEW_TRADE,2026-04-01,2029-04-01,USD-SOFR-1D,execution_timestamp,2026-03-25 13:29:00-04:00,strict,3.634411633685252,-12648292.343756929,183951.51755617553,0.0,,68.75883663147482,68.75883663147474,5.3003300160448585
2517403946000000401,2026-03-26,SOFR,1.0,1Y,1700000000.0,0.0375,1221872.45,0.0,,True,True,False,NEW_TRADE,2026-09-10,2027-09-10,USD-SOFR-1D,execution_timestamp,2026-03-26 08:44:00-04:00,strict,3.829918638573062,1302741.594129689,163008.48179974148,0.0,,-7.991863857306214,-7.9918638573060745,7.495759953773999
2518203855000001601,2026-03-26,SOFR,1.0,1Y,1700000000.0,0.0375,1241098.6,0.0,,True,True,False,NEW_TRADE,2026-09-10,2027-09-10,USD-SOFR-1D,execution_timestamp,2026-03-26 09:36:00-04:00,strict,3.8266027618128904,1248749.2483054027,163016.21752954487,0.0,,-7.6602761812890385,-7.660276181289023,7.613344358054835
2521615875000001001,2026-03-26,SOFR,10.008219178082191,10Y,470000000.0,0.03866,2675761.7,0.0,,True,True,True,NEW_TRADE,2026-03-12,2036-03-12,USD-SOFR-1D,execution_timestamp,2026-03-26 14:25:00-04:00,strict,3.9366594150186125,2750539.4612731338,389267.2279481221,0.0,,-7.065941501861239,-7.065941501861287,6.873842717518981
2535960550000000201,2026-03-27,SOFR,2.6931506849315068,3Y,650000000.0,0.03533505,2685645.0,0.0,,True,False,True,NEW_TRADE,2026-07-06,2029-03-15,USD-SOFR-1D,execution_timestamp,2026-03-27 11:37:00-04:00,strict,3.6704546033140475,2250834.013764009,164354.91299689858,0.0,,-13.69496033140476,-13.694960331404774,16.340521564151107
2538048162000000301,2026-03-27,SOFR,10.008219178082191,10Y,470000000.0,0.03866,3055074.26,0.0,,True,True,True,NEW_TRADE,2026-03-12,2036-03-12,USD-SOFR-1D,execution_timestamp,2026-03-27 14:23:00-04:00,strict,3.9410293990313052,2923419.2419187725,389636.499780444,0.0,,-7.502939903130512,-7.502939903130451,7.840831805340366
2538551243000000201,2026-03-27,SOFR,2.6931506849315068,3Y,650000000.0,0.03533505,2441926.9,0.0,0.0,True,False,True,NEW_TRADE,2026-07-06,2029-03-15,USD-SOFR-1D,execution_timestamp,2026-03-27 15:03:00-04:00,strict,3.674212381682105,2312558.902640283,164352.35131195618,0.0,,-14.070738168210495,-14.070738168210502,14.857876267100028
2555653378000000301,2026-03-30,SOFR,7.005479452054795,7Y,470000000.0,0.03473,7505475.46624,0.0,,True,True,True,NEW_TRADE,2025-10-02,2032-10-02,USD-SOFR-1D,execution_timestamp,2026-03-30 14:54:00-04:00,strict,3.7340109280673626,7688453.796229929,294564.44039177056,0.0,,-26.10109280673627,-26.10109280673624,25.479910121729972
2569505853000001301,2026-03-31,SOFR,1.0,1Y,1700000000.0,0.035,3437810.55,0.0,0.0,True,True,True,NEW_TRADE,2026-04-02,2027-04-02,USD-SOFR-1D,execution_timestamp,2026-03-31 11:13:00-04:00,strict,3.709480098679701,3477659.5583446473,166013.8399906942,0.0,,-20.94800986797005,-20.948009867969958,20.707975613314556
2605702818000000501,2026-04-02,SOFR,4.002739726027397,4Y,650000000.0,0.035768,149465.04153,0.0,,True,True,False,NEW_TRADE,2027-07-24,2031-07-24,USD-SOFR-1D,execution_timestamp,2026-04-02 10:44:00-04:00,strict,3.6077256419174906,710961.6484511346,229893.90174922452,0.0,,-3.0925641917490587,-3.092564191749087,0.6501479177687851
2651863515000001601,2026-04-08,SOFR,10.008219178082191,10Y,470000000.0,0.03866,2350015.04,0.0,,True,True,True,NEW_TRADE,2026-03-12,2036-03-12,USD-SOFR-1D,execution_timestamp,2026-04-08 09:06:00-04:00,strict,3.8014773612329473,-2535751.8677822053,393001.8852665133,0.0,,6.452263876705278,6.452263876705302,5.979653350533784
2651875271000000301,2026-04-08,SOFR,1.0,1Y,1700000000.0,0.0375,2514738.6,0.0,,True,True,False,NEW_TRADE,2026-09-10,2027-09-10,USD-SOFR-1D,execution_timestamp,2026-04-08 09:07:00-04:00,strict,3.591490189468534,-2594057.682463646,163652.81579518918,0.0,,15.850981053146596,15.850981053146672,15.366302057076641
2654453069000000701,2026-04-08,SOFR,1.0,1Y,1700000000.0,0.0375,1994122.95,0.0,,True,True,False,NEW_TRADE,2026-09-10,2027-09-10,USD-SOFR-1D,execution_timestamp,2026-04-08 12:21:00-04:00,strict,3.630234855183222,-1959179.3408819586,163585.10181565705,0.0,,11.97651448167778,11.976514481677828,12.190125676891798
2655107078000000401,2026-04-08,SOFR,10.008219178082191,10Y,470000000.0,0.03866,1368134.28,0.0,,True,True,True,NEW_TRADE,2026-03-12,2036-03-12,USD-SOFR-1D,execution_timestamp,2026-04-08 13:04:00-04:00,strict,3.8333433812557716,-1281453.5380347967,392402.3941582371,0.0,,3.265661874422854,3.265661874422835,3.4865594613275905
2674087161000000201,2026-04-09,SOFR,4.2465753424657535,4Y,650000000.0,0.0372046,3521592.05475,0.0,428390.0,True,True,True,NEW_TRADE,2025-09-02,2029-11-30,USD-SOFR-1D,execution_timestamp,2026-04-09 16:29:00-04:00,strict,3.5808005731073416,-3418686.1469946355,244787.3532820826,0.0,,13.965942689265809,13.96594268926584,14.386331677404373
2674087162000000301,2026-04-09,SOFR,4.2465753424657535,4Y,650000000.0,0.0323469,8378582.9484,0.0,428390.0,True,True,True,NEW_TRADE,2025-09-02,2029-11-30,USD-SOFR-1D,execution_timestamp,2026-04-09 16:29:00-04:00,strict,3.5808005731073416,8472349.113389075,244787.3532820826,0.0,,-34.611057310734196,-34.6110573107341,34.22800580201901
2674087166000000701,2026-04-09,SOFR,4.249315068493151,4Y,650000000.0,0.03059525,12946574.19546,0.0,428390.0,True,True,True,NEW_TRADE,2026-03-02,2030-05-31,USD-SOFR-1D,execution_timestamp,2026-04-09 16:29:00-04:00,strict,3.5668734077973974,13003181.979456231,256296.8914381392,0.0,,-50.73484077973971,-50.73484077973973,50.51397277124149
2688150702000005201,2026-04-10,SOFR,9.46027397260274,9Y,470000000.0,0.0344863,8299569.63694,0.0,-113675307.0,True,True,True,NEW_TRADE,2022-12-01,2032-05-15,USD-SOFR-1D,execution_timestamp,2026-04-10 11:44:00-04:00,strict,3.7338502179088193,8486477.478898272,299385.06629877415,0.0,,-28.52202179088197,-28.34636204074759,27.722056211906594
2707989924000000101,2026-04-13,SOFR,3.0027397260273974,3Y,650000000.0,0.03560152,5553.75,0.0,,True,False,False,NEW_TRADE,2026-04-20,2029-04-20,USD-SOFR-1D,execution_timestamp,2026-04-13 16:42:00-04:00,strict,3.5621103485520154,36049.422438688576,184080.72659779407,0.0,,-0.19583485520158206,-0.19583485520162314,0.030170187301219363
2719497642000003801,2026-04-14,SOFR,4.156164383561644,4Y,650000000.0,0.0357924,213764.66,0.0,,True,False,False,NEW_TRADE,2026-07-06,2030-08-31,USD-SOFR-1D,execution_timestamp,2026-04-14 09:04:00-04:00,strict,3.5756683219660634,-88820.37725999951,247865.2126795238,0.0,,0.3571678033936987,0.35834144009082636,0.8624229987303061
2736094192000000501,2026-04-15,SOFR,10.008219178082191,10Y,470000000.0,0.03866,1667017.62,0.0,,True,True,True,NEW_TRADE,2026-03-12,2036-03-12,USD-SOFR-1D,execution_timestamp,2026-04-15 09:02:00-04:00,strict,3.822643568248849,-1703536.3274987042,392914.3286690053,0.0,,4.3356431751151,4.3356431751151,4.24269999428886
2776541145000000301,2026-04-17,SOFR,1.0,1Y,1700000000.0,0.0375,3029394.05,0.0,,True,True,True,NEW_TRADE,2026-09-10,2027-09-10,USD-SOFR-1D,execution_timestamp,2026-04-17 16:58:00-04:00,strict,3.557996682311035,-3146193.818388596,163861.42990952116,0.0,,19.200331768896504,19.20033176889656,18.487535789677477
2808604904000000201,2026-04-21,SOFR,1.0,1Y,1700000000.0,0.0375,1860760.5,0.0,,True,True,False,NEW_TRADE,2026-09-10,2027-09-10,USD-SOFR-1D,execution_timestamp,2026-04-21 12:55:00-04:00,strict,3.636976117766861,-1851236.3342124,163791.60736965088,0.0,,11.302388223313908,11.302388223313923,11.360536292928414
2858438501000000101,2026-04-24,FED_FUNDS,0.019178082191780823,1W,17000000000.0,0.0365,21493.408,0.0,,True,False,True,NEW_TRADE,2026-04-23,2026-04-30,USD-FEDFUNDS-1D,execution_timestamp,2026-04-24 11:43:00-04:00,strict,3.641257880093665,-28868.355831129476,33022.14581867427,0.0,,0.8742119906334889,0.8742119906333952,0.650878598805209
2941367741000001301,2026-05-01,SOFR,4.156164383561644,4Y,650000000.0,0.03577,2758486.8,0.0,,True,False,True,NEW_TRADE,2026-07-06,2030-08-31,USD-SOFR-1D,execution_timestamp,2026-05-01 11:27:00-04:00,strict,3.69488416703391,2918468.8956350237,247571.53807586752,0.0,,-11.788416703390947,-11.788386170387115,11.14218064580053
2953766137000000101,2026-05-04,SOFR,4.002739726027397,4Y,650000000.0,0.037293,66636.06945,0.0,,True,True,False,NEW_TRADE,2026-05-06,2030-05-06,USD-SOFR-1D,execution_timestamp,2026-05-04 10:30:00-04:00,strict,3.7307600803025096,35108.791271716356,240457.94749356958,0.0,,-0.14600803025097697,-0.14600803025092465,0.27712150978824274
2954383687000000201,2026-05-04,SOFR,10.008219178082191,10Y,470000000.0,0.03866,5114022.06,0.0,,True,True,True,NEW_TRADE,2026-03-12,2036-03-12,USD-SOFR-1D,execution_timestamp,2026-05-04 12:21:00-04:00,strict,4.000635336781726,5247633.0450075865,389766.3994048739,0.0,,-13.46353367817259,-13.463533678172585,13.120736081428497
2985318886000004201,2026-05-06,SOFR,10.008219178082191,10Y,470000000.0,0.03866,2567200.16,0.0,,True,True,True,NEW_TRADE,2026-03-12,2036-03-12,USD-SOFR-1D,execution_timestamp,2026-05-06 09:31:00-04:00,strict,3.93352804008815,2642170.902986586,391270.189322475,0.0,,-6.752804008814994,-6.752804008814931,6.561195383796997
2985325218000000401,2026-05-06,SOFR,10.008219178082191,10Y,470000000.0,0.03866,2680875.3,0.0,,True,True,True,NEW_TRADE,2026-03-12,2036-03-12,USD-SOFR-1D,execution_timestamp,2026-05-06 09:31:00-04:00,strict,3.93352804008815,2642170.902986586,391270.189322475,0.0,,-6.752804008814994,-6.752804008814931,6.851723880733705
3089341552000000201,2026-05-12,SOFR,1.0,1Y,1700000000.0,0.04,3983862.28,0.0,,True,True,True,NEW_TRADE,2026-03-30,2027-03-30,USD-SOFR-1D,execution_timestamp,2026-05-12 16:12:00-04:00,strict,3.7635666053041104,-3941652.3044364005,166713.0106348262,0.0,,23.643339469588966,23.64333946958902,23.896528920147606
3089345765000000101,2026-05-12,SOFR,1.0,1Y,1700000000.0,0.04,3983862.28,0.0,,True,False,True,NEW_TRADE,2026-03-30,2027-03-30,USD-SOFR-1D,execution_timestamp,2026-05-12 16:12:00-04:00,strict,3.7635666053041104,-3941652.3044364005,166713.0106348262,0.0,,23.643339469588966,23.64333946958902,23.896528920147606
3089380958000000201,2026-05-12,SOFR,1.0,1Y,1700000000.0,0.04,3999010.64,0.0,,True,True,True,NEW_TRADE,2026-03-30,2027-03-30,USD-SOFR-1D,execution_timestamp,2026-05-12 16:16:00-04:00,strict,3.7628750463557465,-3953208.3299869373,166714.14244819313,0.0,,23.712495364425344,23.71249536442541,23.987230964779748
3090147042000000101,2026-05-12,SOFR,10.008219178082191,10Y,470000000.0,0.03866,6224472.26,0.0,,True,True,True,NEW_TRADE,2026-03-12,2036-03-12,USD-SOFR-1D,execution_timestamp,2026-05-12 16:49:00-04:00,strict,4.0309022616858385,6422842.592924207,389493.9054966162,0.0,,-16.490226168583845,-16.490226168583803,15.980923378155595
3108225364000000101,2026-05-13,SOFR,10.008219178082191,10Y,470000000.0,0.03866,6389862.44,0.0,,True,True,True,NEW_TRADE,2026-03-12,2036-03-12,USD-SOFR-1D,execution_timestamp,2026-05-13 09:11:00-04:00,strict,4.032701249244755,6492519.808631301,389470.3751799026,0.0,,-16.67012492447548,-16.670124924475456,16.40654295477139
3109593274000000701,2026-05-13,SOFR,10.008219178082191,10Y,470000000.0,0.045,1273700.0,0.0,,True,False,True,NEW_TRADE,2026-05-20,2036-05-20,USD-SOFR-1D,execution_timestamp,2026-05-13 11:16:00-04:00,strict,4.058745531135698,-17044951.16347739,386283.9328822563,0.0,,44.12544688643018,44.12544688643026,3.2973155018286464
3113379759000000101,2026-05-13,SOFR,10.008219178082191,10Y,470000000.0,0.03866,6408793.1,0.0,,True,True,True,NEW_TRADE,2026-03-12,2036-03-12,USD-SOFR-1D,execution_timestamp,2026-05-13 16:08:00-04:00,strict,4.031745800796681,6456949.017303675,389569.38795839244,0.0,,-16.574580079668124,-16.574580079668127,16.45096688316918
3156128413000001201,2026-05-15,SOFR,7.005479452054795,7Y,470000000.0,0.039,2740261.06978,0.0,,True,True,False,NEW_TRADE,2026-05-22,2033-05-22,USD-SOFR-1D,execution_timestamp,2026-05-15 08:23:00-04:00,strict,3.9960049144473797,2746543.8209334165,286083.66943952534,0.0,,-9.60049144473798,-9.600491444737997,9.578530208132898
3162842956000001801,2026-05-15,SOFR,1.0,1Y,1700000000.0,0.036715,4370240.30124,0.0,,True,True,True,NEW_TRADE,2026-09-10,2027-09-10,USD-SOFR-1D,execution_timestamp,2026-05-15 16:03:00-04:00,strict,3.9387839375602915,4375701.524345413,163709.85717607412,0.0,,-26.728393756029156,-26.72839375602921,26.695034597334573
3234799663000000601,2026-05-20,SOFR,10.008219178082191,10Y,470000000.0,0.03866,12126485.04,0.0,,True,True,True,NEW_TRADE,2026-03-12,2036-03-12,USD-SOFR-1D,execution_timestamp,2026-05-20 10:40:00-04:00,strict,4.17408444151585,11925803.052111149,387095.27145977627,0.0,,-30.808444151585014,-30.808444151584993,31.326874632877253
3234982069000000201,2026-05-20,SOFR,10.008219178082191,10Y,470000000.0,0.03866,11504704.18,0.0,,True,True,True,NEW_TRADE,2026-03-12,2036-03-12,USD-SOFR-1D,execution_timestamp,2026-05-20 11:10:00-04:00,strict,4.160996269853607,11424434.20656839,387273.85306389903,0.0,,-29.499626985360685,-29.499626985360646,29.70689626728236
3236875704000001101,2026-05-20,SOFR,3.9424657534246577,4Y,650000000.0,0.0388682,58500.0,0.0,-171240.0,True,True,False,NEW_TRADE,2026-05-22,2030-04-30,USD-SOFR-1D,execution_timestamp,2026-05-20 13:14:00-04:00,strict,3.9281255721060346,975591.9568585753,236188.94670049904,0.0,,-4.130557210603492,-4.130557210603429,0.24768305552495357
3260538996000000301,2026-05-21,SOFR,4.156164383561644,4Y,650000000.0,0.033222,16515250.72,0.0,,True,False,True,NEW_TRADE,2026-07-06,2030-08-31,USD-SOFR-1D,execution_timestamp,2026-05-21 11:17:00-04:00,strict,3.989198310150411,16434692.276941493,246379.99739247607,0.0,,-66.69983101504111,-66.70465318157103,67.03162145785599
3263466427000000401,2026-05-21,SOFR,4.002739726027397,4Y,650000000.0,0.03934,14988.37724,0.0,0.0,True,True,False,NEW_TRADE,2026-05-26,2030-05-26,USD-SOFR-1D,execution_timestamp,2026-05-21 14:40:00-04:00,strict,3.9322900049240985,-40977.285439521074,239633.9382318445,0.0,,0.1709995075901638,0.17099950759009677,0.06254697206327606
3285303807000001701,2026-05-20,SOFR,5.002739726027397,5Y,650000000.0,0.04375,1391000.0,0.0,,True,False,True,NEW_TRADE,2026-05-28,2031-05-28,USD-SOFR-1D,execution_timestamp,2026-05-20 09:58:00-04:00,strict,4.030766262365253,-10079499.512395218,292809.7513524424,0.0,,34.42337376347471,34.4233737634747,4.75052484958301
3327562368000001301,2026-05-26,SOFR,2.926027397260274,3Y,650000000.0,0.0386376,2810.88024,0.0,-3892.0,True,True,False,NEW_TRADE,2026-05-28,2029-04-30,USD-SOFR-1D,execution_timestamp,2026-05-26 10:04:00-04:00,strict,3.899573330203415,640262.6568898261,178777.74930541817,0.0,,-3.581333020341493,-3.581333020341485,0.01572276332441115
3327984793000000801,2026-05-26,SOFR,30.02191780821918,30Y,250000000.0,0.0415,6568144.0,0.0,0.0,True,True,True,NEW_TRADE,2026-05-19,2056-05-19,USD-SOFR-1D,execution_timestamp,2026-05-26 11:21:00-04:00,strict,4.305983763203899,6563367.605825543,420772.4875342354,0.0,,-15.598376320389828,-15.598376320389832,15.609727809177626
3328042197000001201,2026-05-26,FED_FUNDS,0.13424657534246576,2M,7500000000.0,0.03669,1513174.18125,0.0,953392.0,True,True,False,NEW_TRADE,2026-12-09,2027-01-27,USD-FEDFUNDS-1D,execution_timestamp,2026-05-26 11:41:00-04:00,strict,3.819943756046244,1501998.832532309,99507.18544940272,0.0,,-15.09437560462441,-15.094375604624485,15.206682556803063
3328042200000001501,2026-05-26,FED_FUNDS,0.13424657534246576,2M,7500000000.0,0.03648,294786.55416,0.0,953392.0,True,True,False,NEW_TRADE,2026-07-29,2026-09-16,USD-FEDFUNDS-1D,execution_timestamp,2026-05-26 11:41:00-04:00,strict,3.6795479754339424,318322.30596268177,100901.02505284098,0.0,,-3.154797543394272,-3.154797543394422,2.92154171878455
3328328548000001701,2026-05-26,SOFR,1.736986301369863,21M,1100000000.0,0.04,1229835.8226,0.0,9.9999999999,True,False,False,NEW_TRADE,2026-10-05,2028-06-30,USD-SOFR-1D,execution_timestamp,2026-05-26 12:02:00-04:00,strict,3.946002635857614,-979974.8056117594,181485.67456508824,0.0,,5.399736414238587,5.39973641423858,6.776489800350221
3353644634000000301,2026-05-27,SOFR,6.594520547945206,7Y,470000000.0,0.034563,13322616.55704,0.0,-2901040.0,True,True,True,NEW_TRADE,2026-06-30,2033-01-31,USD-SOFR-1D,execution_timestamp,2026-05-27 12:54:00-04:00,strict,3.949465145270575,13365855.185929075,271021.89427024283,0.0,,-49.3165145270575,-49.31651452705751,49.156975280217324
3353644652000002101,2026-05-27,SOFR,6.342465753424658,6Y,470000000.0,0.0407596,3076946.03238,0.0,-2901040.0,True,True,True,NEW_TRADE,2026-09-30,2033-01-31,USD-SOFR-1D,execution_timestamp,2026-05-27 12:54:00-04:00,strict,3.9595279479324716,-3019285.687506959,259317.3987654049,0.0,,11.64320520675286,11.643205206752816,11.865559530633739
3353644654000002301,2026-05-27,SOFR,6.342465753424658,6Y,470000000.0,0.0405,2403353.02176,0.0,-2901040.0,True,True,True,NEW_TRADE,2026-09-30,2033-01-31,USD-SOFR-1D,execution_timestamp,2026-05-27 12:54:00-04:00,strict,3.9595279479324716,-2346097.7203119844,259317.3987654049,0.0,,9.047205206752817,9.047205206752881,9.2679975705534
3355659074000000401,2026-05-27,SOFR,2.0027397260273974,2Y,1100000000.0,0.038847,295.032,0.0,,True,False,False,NEW_TRADE,2026-06-03,2028-06-03,USD-SOFR-1D,execution_timestamp,2026-05-27 15:25:00-04:00,strict,3.8875570652075844,60334.1636402905,211175.31192539516,0.0,,-0.28570652075843306,-0.28570652075847575,0.001397095130628859
3356607229000000101,2026-05-27,SOFR,2.0027397260273974,2Y,1100000000.0,0.03887,50141.00874,0.0,0.0,True,True,False,NEW_TRADE,2026-05-29,2028-05-29,USD-SOFR-1D,execution_timestamp,2026-05-27 16:28:00-04:00,strict,3.889249988593715,47474.00658753514,210996.65447254668,0.0,,-0.22499885937148356,-0.22499885937154568,0.2376388804142104
3356632011000000101,2026-05-27,SOFR,2.0027397260273974,2Y,1100000000.0,0.03886,70725.20646,0.0,0.0,True,True,False,NEW_TRADE,2026-05-29,2028-05-29,USD-SOFR-1D,execution_timestamp,2026-05-27 16:30:00-04:00,strict,3.8898799890067655,81865.74445529282,210994.78455355315,0.0,,-0.3879989006765783,-0.38799890067668596,0.3351988373060901
3400738841000006901,2026-05-29,FED_FUNDS,6.002739726027397,6Y,1100000000.0,0.00819526,64156055.3907,0.0,-170199160.0,True,True,True,NEW_TRADE,2022-01-31,2028-01-31,USD-FEDFUNDS-1D,execution_timestamp,2026-05-29 10:34:00-04:00,strict,3.82101872994612,64103636.81539684,213572.52068555757,0.0,,-300.14927299461203,-300.14927299461203,300.39470988478354
3400764078000000301,2026-05-29,SOFR,10.008219178082191,10Y,470000000.0,0.03866,6398992.66,0.0,,True,True,True,NEW_TRADE,2026-03-12,2036-03-12,USD-SOFR-1D,execution_timestamp,2026-05-29 10:37:00-04:00,strict,4.025689504722152,6226256.892784864,389897.68949550606,0.0,,-15.968950472215182,-15.968950472215166,16.411978917545635
3400936651000001401,2026-05-29,SOFR,10.008219178082191,10Y,470000000.0,0.03866,5999785.94,0.0,,True,True,True,NEW_TRADE,2026-03-12,2036-03-12,USD-SOFR-1D,execution_timestamp,2026-05-29 11:04:00-04:00,strict,4.018530289163477,5949848.780419201,390076.54237397644,0.0,,-15.253028916347722,-15.253028916347724,15.381047789969003
3430828595000000801,2026-06-01,SOFR,10.008219178082191,10Y,470000000.0,0.03866,8154750.98,0.0,,True,True,True,NEW_TRADE,2026-03-12,2036-03-12,USD-SOFR-1D,execution_timestamp,2026-06-01 09:32:00-04:00,strict,4.080789327451655,8353244.909461886,388904.09540213423,0.0,,-21.478932745165523,-21.478932745165544,20.968539741315485
3430857500000000301,2026-06-01,SOFR,10.008219178082191,10Y,470000000.0,0.03866,8119582.76,0.0,,True,True,True,NEW_TRADE,2026-03-12,2036-03-12,USD-SOFR-1D,execution_timestamp,2026-06-01 09:36:00-04:00,strict,4.0746204024323145,8115691.828743249,389017.16870076186,0.0,,-20.86204024323144,-20.862040243231444,20.872042195766713
3480069822000000401,2026-06-03,SOFR,2.0027397260273974,2Y,1100000000.0,0.0394,7901.90129,0.0,0.0,True,True,False,NEW_TRADE,2026-06-05,2028-06-05,USD-SOFR-1D,execution_timestamp,2026-06-03 11:08:00-04:00,strict,3.941810033787822,38123.13950556517,210621.1484120079,0.0,,-0.1810033787822185,-0.18100337878222156,0.037517131349709694
3481416170000000301,2026-06-03,SOFR,5.1726027397260275,5Y,470000000.0,0.0425,1066905.675,0.0,,True,False,True,NEW_TRADE,2026-06-10,2031-08-11,USD-SOFR-1D,execution_timestamp,2026-06-03 12:28:00-04:00,strict,3.9515339276372345,-6526509.573531583,218668.3907442269,0.0,,29.846607236276547,29.846607236276515,4.879103337107115
3504122247000000701,2026-06-04,SOFR,10.008219178082191,10Y,470000000.0,0.03866,6497629.68,0.0,,True,True,True,NEW_TRADE,2026-03-12,2036-03-12,USD-SOFR-1D,execution_timestamp,2026-06-04 10:16:00-04:00,strict,4.031845768939303,6466557.59846434,389913.9326750638,0.0,,-16.58457689393029,-16.584576893930254,16.66426648420082
3504142571000000401,2026-06-04,SOFR,10.008219178082191,10Y,470000000.0,0.03866,6572770.46,0.0,,True,True,True,NEW_TRADE,2026-03-12,2036-03-12,USD-SOFR-1D,execution_timestamp,2026-06-04 10:19:00-04:00,strict,4.034128047174628,6555092.226895988,389886.8949621178,0.0,,-16.81280471746276,-16.812804717462726,16.858146670045485
3508669976000000701,2026-06-04,SOFR,1.0,1Y,1700000000.0,0.03658,4244178.32466,0.0,,True,True,True,NEW_TRADE,2026-09-10,2027-09-10,USD-SOFR-1D,execution_timestamp,2026-06-04 16:39:00-04:00,strict,3.9196298618746703,4292565.450445056,164070.16460916688,0.0,,-26.162986187467,-26.162986187466913,25.868068912895275
3526233222000007001,2026-06-05,SOFR,1.0027397260273974,1Y,1700000000.0,0.0345573,8614444.16898,0.0,,True,True,True,NEW_TRADE,2027-03-22,2028-03-22,USD-SOFR-1D,execution_timestamp,2026-06-05 07:40:00-04:00,strict,3.987770943002654,8573977.528324775,161152.58874507365,0.0,,-53.2040943002654,-53.204094300265325,53.455201905612206
3529575866000000201,2026-06-05,SOFR,8.315068493150685,8Y,470000000.0,0.040724,138650.0,0.0,,True,False,False,NEW_TRADE,2026-06-09,2034-09-30,USD-SOFR-1D,execution_timestamp,2026-06-05 12:41:00-04:00,strict,4.079526124283374,236577.44490641356,330062.2094624084,0.0,,-0.7126124283374224,-0.7167662280748258,0.4200723258376879
3531955987000000201,2026-06-05,SOFR,2.0027397260273974,2Y,1100000000.0,0.040202,54728.78528,0.0,0.0,True,True,False,NEW_TRADE,2026-06-09,2028-06-09,USD-SOFR-1D,execution_timestamp,2026-06-05 15:26:00-04:00,strict,4.017980020643896,-46695.31928379834,210341.23202730075,0.0,,0.22199793561039627,0.2219979356103497,0.26019047598283823
3532883374000000101,2026-06-05,SOFR,4.002739726027397,4Y,650000000.0,0.03984,59820.42967,0.0,0.0,True,True,False,NEW_TRADE,2026-06-09,2030-06-09,USD-SOFR-1D,execution_timestamp,2026-06-05 16:50:00-04:00,strict,3.9814201004562317,-61696.78420162201,239144.1339282116,0.0,,0.2579899543768249,0.257989954376814,0.25014383036448395
3532883375000000201,2026-06-05,SOFR,4.002739726027397,4Y,650000000.0,0.03982,59822.30584,0.0,0.0,True,True,False,NEW_TRADE,2026-06-09,2030-06-09,USD-SOFR-1D,execution_timestamp,2026-06-05 16:50:00-04:00,strict,3.9814201004562317,-13867.95741596818,239144.1339282116,0.0,,0.05798995437684695,0.05798995437676588,0.2501516757168628
3557990420000000801,2026-06-08,SOFR,30.02191780821918,30Y,250000000.0,0.041125,8010598.64698,0.0,,True,True,True,NEW_TRADE,2026-04-07,2056-04-07,USD-SOFR-1D,execution_timestamp,2026-06-08 13:52:00-04:00,strict,4.2868520791748725,7382723.855926186,423437.67225863616,0.0,,-17.435207917487272,-17.435207917487347,18.918011248860065
3580910972000002501,2026-06-09,SOFR,4.997260273972603,5Y,650000000.0,0.038388,2818799.06048,0.0,-4486282.0,True,True,True,NEW_TRADE,2025-06-02,2030-05-31,USD-SOFR-1D,execution_timestamp,2026-06-09 12:15:00-04:00,strict,3.956262488866763,2816386.676730439,239769.0278745108,0.0,,-11.74624888667628,-11.746248886676334,11.756310168447987
3603129445000000101,2026-06-10,SOFR,1.736986301369863,21M,1100000000.0,0.03927357,1755603.16,0.0,,True,False,False,NEW_TRADE,2026-10-05,2028-06-30,USD-SOFR-1D,execution_timestamp,2026-06-10 08:10:00-04:00,strict,4.030883532146287,1879819.7110507488,181578.54533314137,0.0,,-10.352653214628704,-10.352653214628699,9.668560549259839
3628508829000000801,2026-06-11,SOFR,10.008219178082191,10Y,470000000.0,0.03866,8831404.34,0.0,,True,True,True,NEW_TRADE,2026-03-12,2036-03-12,USD-SOFR-1D,execution_timestamp,2026-06-11 10:27:00-04:00,strict,4.0919882961012535,8787418.416865587,388843.9608805399,0.0,,-22.598829610125335,-22.5988296101254,22.711949338241546
3628546221000001601,2026-06-11,SOFR,10.008219178082191,10Y,470000000.0,0.03866,8856224.1,0.0,,True,True,True,NEW_TRADE,2026-03-12,2036-03-12,USD-SOFR-1D,execution_timestamp,2026-06-11 10:32:00-04:00,strict,4.092756119278618,8817064.570479244,388834.69158535154,60.0,,-22.67561192786176,-22.675611927861755,22.776321896309
3629880895000000801,2026-06-11,SOFR,1.9589041095890412,2Y,1100000000.0,0.036699,6935500.0,0.0,,True,False,True,NEW_TRADE,2025-07-21,2027-07-06,USD-SOFR-1D,execution_timestamp,2026-06-11 12:26:00-04:00,strict,3.951402684090868,6012493.565389782,213585.65673387994,60.0,,-28.150268409086763,-28.150268409086728,32.4717497703574
3651398847000009101,2026-06-12,SOFR,0.9972602739726028,1Y,1700000000.0,0.04,4514600.91564,0.0,-22133663.0,True,True,True,NEW_TRADE,2026-03-18,2027-03-17,USD-SOFR-1D,execution_timestamp,2026-06-12 08:00:00-04:00,strict,3.7883724026998267,-3533083.0917181894,166948.1266522553,0.0,,21.162759730017335,21.162759730017378,27.04193815270351
3655279625000000801,2026-06-12,SOFR,1.0027397260273974,1Y,1700000000.0,0.043,4545221.15,0.0,,True,True,True,NEW_TRADE,2027-05-17,2028-05-17,USD-SOFR-1D,execution_timestamp,2026-06-12 12:49:00-04:00,strict,4.012945181277674,-4598773.377091348,160205.40597647402,0.0,,28.705481872232586,28.705481872232657,28.37120958744339
3685157616000000101,2026-06-15,SOFR,5.002739726027397,5Y,650000000.0,0.04,2633615.0828,0.0,,True,True,False,NEW_TRADE,2026-07-02,2031-07-02,USD-SOFR-1D,execution_timestamp,2026-06-15 14:26:00-04:00,strict,3.9099885917051056,-2639356.094378546,293224.619453962,0.0,,9.00114082948944,9.001140829489389,8.981561942869169
3710449892000000801,2026-06-16,SOFR,5.002739726027397,5Y,650000000.0,0.04,3945491.94439,0.0,,True,True,True,NEW_TRADE,2026-07-02,2031-07-02,USD-SOFR-1D,execution_timestamp,2026-06-16 13:42:00-04:00,strict,3.868595427355398,-3857132.058269128,293531.0378202131,0.0,,13.140457264460181,13.140457264460087,13.44148126102631
3753035688000000101,2026-06-18,SOFR,0.019178082191780823,1W,17000000000.0,0.03647,36305.941,0.0,,True,False,False,NEW_TRADE,2026-06-26,2026-07-03,USD-SOFR-1D,execution_timestamp,2026-06-18 07:24:00-04:00,strict,3.653086206065036,28682.211841885,47126.58680201615,0.0,,-0.608620606503596,-0.6086206065035444,0.770391905370214
3755776190000000501,2026-06-18,SOFR,10.008219178082191,10Y,470000000.0,0.03866,5334031.88,0.0,,True,True,True,NEW_TRADE,2026-03-12,2036-03-12,USD-SOFR-1D,execution_timestamp,2026-06-18 11:24:00-04:00,strict,4.00251512763907,5328470.73770833,390320.89921903674,0.0,,-13.65151276390697,-13.65151276390698,13.66576037991421
3755789630000001201,2026-06-18,SOFR,10.008219178082191,10Y,470000000.0,0.03866,5530787.04,0.0,,True,True,True,NEW_TRADE,2026-03-12,2036-03-12,USD-SOFR-1D,execution_timestamp,2026-06-18 11:27:00-04:00,strict,4.005152070202447,5430515.826471508,390257.6381774892,0.0,,-13.915207020244713,-13.915207020244683,14.172142961323917
3792751149000000101,2026-06-22,SOFR,0.3561643835616438,4M,2000000000.0,0.03799,125507.766,0.0,,True,False,False,NEW_TRADE,2026-06-22,2026-10-30,USD-SOFR-1D,execution_timestamp,2026-06-22 07:58:00-04:00,strict,3.791888277694625,-50646.30595332384,71215.24685382657,0.0,,0.7111722305375157,0.7111722305376309,1.7623721259804377
3794401069000000301,2026-06-22,SOFR,10.008219178082191,10Y,470000000.0,0.03866,8370353.14,0.0,,True,True,True,NEW_TRADE,2026-03-12,2036-03-12,USD-SOFR-1D,execution_timestamp,2026-06-22 11:48:00-04:00,strict,4.074861050877726,8126521.079125464,389087.43611957616,0.0,,-20.88610508777262,-20.88610508777257,21.51278186589295
3803681693000000401,2026-06-23,FED_FUNDS,0.11506849315068493,1M,17000000000.0,0.03744,1879335.5854,0.0,1443085.0,True,True,True,NEW_TRADE,2026-09-16,2026-10-28,USD-FEDFUNDS-1D,execution_timestamp,2026-06-23 03:48:00-04:00,strict,3.8347397922643562,1775724.9953107834,195694.18785282978,0.0,,-9.073979226435602,-9.073979226435702,9.603430771348911
3845019041000001001,2026-06-24,SOFR,10.008219178082191,10Y,470000000.0,0.03866,4348103.48,0.0,,True,True,True,NEW_TRADE,2026-03-12,2036-03-12,USD-SOFR-1D,execution_timestamp,2026-06-24 15:09:00-04:00,strict,3.97652092970061,4322105.079616755,391066.6596204774,0.0,,-11.052092970061,-11.0520929700611,11.118573708686265
3845032655000000401,2026-06-24,SOFR,10.008219178082191,10Y,470000000.0,0.03866,4346405.84,0.0,,True,True,True,NEW_TRADE,2026-03-12,2036-03-12,USD-SOFR-1D,execution_timestamp,2026-06-24 15:13:00-04:00,strict,3.977309416870246,4352829.374797881,391056.70456184685,0.0,,-11.130941687024576,-11.130941687024489,11.114515591466102
3845876806000000101,2026-06-24,SOFR,1.9945205479452055,2Y,1100000000.0,0.034052,9748442.34,0.0,,True,False,True,NEW_TRADE,2025-11-19,2027-11-17,USD-SOFR-1D,execution_timestamp,2026-06-24 16:08:00-04:00,strict,3.9440351814430494,11564930.165570289,214628.34209522774,0.0,,-53.883518144304965,-53.88351814430493,45.420107357837885
3864732601000007901,2026-06-25,FED_FUNDS,6.624657534246575,7Y,1100000000.0,0.0320066,15962097.81374,0.0,-58490186.0,True,True,True,NEW_TRADE,2020-12-31,2027-08-15,USD-FEDFUNDS-1D,execution_timestamp,2026-06-25 09:11:00-04:00,strict,3.93098259709289,15788602.515063375,217806.8120389615,0.0,,-73.03225970928895,-72.48902073934718,73.28557662780851
3864732630000010801,2026-06-25,SOFR,0.9972602739726028,1Y,1700000000.0,0.03865,855086.33187,0.0,-58490186.0,True,True,True,NEW_TRADE,2026-06-17,2027-06-16,USD-SOFR-1D,execution_timestamp,2026-06-25 09:11:00-04:00,strict,3.9763467380674133,1841020.1256861165,165341.1817570716,0.0,,-11.134673806741358,-11.134673806741294,5.1716476366205
3917363943000000101,2026-06-29,SOFR,1.0,1Y,1700000000.0,0.04082,547329.5529,0.0,,True,True,True,NEW_TRADE,2026-09-25,2027-09-25,USD-SOFR-1D,execution_timestamp,2026-06-29 09:25:00-04:00,strict,4.0451891143421905,-607031.2438914999,164905.36237959593,0.0,,3.6810885657809322,3.6810885657809824,3.319052485631736
3917536913000001501,2026-06-29,SOFR,10.008219178082191,10Y,470000000.0,0.045,61723.22,0.0,,True,True,True,NEW_TRADE,2035-12-06,2045-12-06,USD-SOFR-1D,execution_timestamp,2026-06-29 10:13:00-04:00,strict,4.492738963477282,-188570.13823530078,259701.40440046103,0.0,,0.7261036522717923,0.7261036522718397,0.2376699507747846
3937775906000000401,2026-06-29,SOFR,5.002739726027397,5Y,650000000.0,0.04711,1300.0,0.0,,True,False,True,NEW_TRADE,2026-07-07,2031-07-07,USD-SOFR-1D,execution_timestamp,2026-06-29 19:01:00-04:00,strict,3.852869874553202,-25205020.83540213,293720.2655865131,0.0,,85.81301254467984,85.81301254467981,0.004425979928229007
3937783290000000301,2026-06-29,SOFR,3.0027397260273974,3Y,650000000.0,0.04555,1300.0,0.0,,True,False,True,NEW_TRADE,2026-07-07,2029-07-07,USD-SOFR-1D,execution_timestamp,2026-06-29 18:57:00-04:00,strict,3.892995954645153,-12128098.749359652,183202.78908354355,0.0,,66.20040453548467,66.20040453548464,0.00709596183826207
3941349116000000201,2026-06-30,SOFR,10.005479452054795,10Y,470000000.0,0.0336272,271047.0,0.0,,True,False,True,NEW_TRADE,2026-06-29,2036-06-28,USD-SOFR-1D,execution_timestamp,2026-06-30 12:32:00-04:00,strict,3.9863248861089153,24133900.208211303,387022.22265790415,0.0,,-62.360488610891494,-62.357918474215595,0.7003396294366881
3941366792000000801,2026-06-30,SOFR,10.005479452054795,10Y,470000000.0,0.0336272,404763.52,0.0,,True,False,True,NEW_TRADE,2026-06-29,2036-06-28,USD-SOFR-1D,execution_timestamp,2026-06-30 12:38:00-04:00,strict,3.98498550790264,24083836.57023561,387050.6770675665,0.0,,-62.22655079026396,-62.22398770285927,1.0457636273023272
3967643836000003501,2026-07-01,FED_FUNDS,6.002739726027397,6Y,1100000000.0,0.01067308,61161713.91429,0.0,87110803.0,True,True,True,NEW_TRADE,2022-02-15,2028-02-15,USD-FEDFUNDS-1D,execution_timestamp,2026-07-01 13:00:00-04:00,strict,3.9390868503454612,61097722.21103548,212752.1839074959,0.0,,-287.17788503454614,-287.1778850345462,287.4786655110575
3969243624000000101,2026-07-01,SOFR,30.02191780821918,30Y,250000000.0,0.0408,6087804.81535,0.0,,True,True,True,NEW_TRADE,2026-09-02,2056-09-02,USD-SOFR-1D,execution_timestamp,2026-07-01 14:57:00-04:00,strict,4.226661526772931,6174529.161631614,421005.3786765316,0.0,,-14.666152677293098,-14.66615267729311,14.460159237127952
3969586551000000301,2026-07-01,SOFR,10.008219178082191,10Y,470000000.0,0.03866,6558978.78,0.0,,True,True,True,NEW_TRADE,2026-03-12,2036-03-12,USD-SOFR-1D,execution_timestamp,2026-07-01 15:53:00-04:00,strict,4.037215376353789,6683369.856043279,390348.6940468023,0.0,,-17.12153763537887,-17.121537635378772,16.802871074069962
3988268578000000101,2026-07-02,SOFR,10.008219178082191,10Y,470000000.0,0.03866,7434102.8,0.0,,True,True,True,NEW_TRADE,2026-03-12,2036-03-12,USD-SOFR-1D,execution_timestamp,2026-07-02 08:21:00-04:00,strict,4.06056673592242,7586911.148552805,389938.7586775354,0.0,,-19.45667359224195,-19.456673592241938,19.06479577770755
3989415858000001101,2026-07-02,SOFR,1.736986301369863,21M,1100000000.0,0.0406636,1306494.579,0.0,,True,False,False,NEW_TRADE,2026-10-05,2028-06-30,USD-SOFR-1D,execution_timestamp,2026-07-02 08:48:00-04:00,strict,3.994508491067377,-1307817.7200799882,182016.73694930796,0.0,,7.1851508932623265,7.185150893262185,7.177881555825612
4063324139000000201,2026-07-07,SOFR,1.0356164383561643,1Y,1700000000.0,0.011965,14571.45,0.0,,True,False,True,NEW_TRADE,2026-07-09,2027-07-22,USD-SOFR-1D,execution_timestamp,2026-07-07 11:48:00-04:00,strict,3.995163336180697,47978580.87818623,171433.9136755979,0.0,,-279.8663336180697,-279.86633361806963,0.08499747621449838
4086537862000001301,2026-07-08,SOFR,10.008219178082191,10Y,470000000.0,0.041,2603495.44,0.0,,True,True,False,NEW_TRADE,2026-07-10,2036-07-10,USD-SOFR-1D,execution_timestamp,2026-07-08 11:04:00-04:00,strict,4.16809133055132,2611767.444056064,383568.2785031804,0.0,,-6.809133055131955,-6.809133055131951,6.787567131880048
4086554282000001201,2026-07-08,SOFR,10.008219178082191,10Y,470000000.0,0.041,2516963.74,0.0,,True,True,False,NEW_TRADE,2026-07-10,2036-07-10,USD-SOFR-1D,execution_timestamp,2026-07-08 11:09:00-04:00,strict,4.16854013666638,2628958.269036174,383564.7836292915,0.0,,-6.854013666637915,-6.8540136666379015,6.562030320365909
4087080599000000801,2026-07-08,SOFR,10.008219178082191,10Y,470000000.0,0.041,2360379.48,0.0,,True,True,False,NEW_TRADE,2026-07-10,2036-07-10,USD-SOFR-1D,execution_timestamp,2026-07-08 12:04:00-04:00,strict,4.167519851087693,2589491.62204805,383515.60027656524,0.0,,-6.751985108769265,-6.751985108769202,6.154585310996099
4111741699000000201,2026-07-09,SOFR,10.008219178082191,10Y,470000000.0,0.03866,8793700.0,0.0,,True,True,True,NEW_TRADE,2026-03-12,2036-03-12,USD-SOFR-1D,execution_timestamp,2026-07-09 12:57:00-04:00,strict,4.088910846189224,8691416.089214414,389905.4818461584,0.0,,-22.291084618922376,-22.291084618922365,22.55341463362563
4111748283000000101,2026-07-09,SOFR,10.008219178082191,10Y,470000000.0,0.03866,8775371.88,0.0,,True,True,True,NEW_TRADE,2026-03-12,2036-03-12,USD-SOFR-1D,execution_timestamp,2026-07-09 12:58:00-04:00,strict,4.0898838521736005,8729031.722703546,389891.0813779915,0.0,,-22.38838521736004,-22.388385217360042,22.50723932690437
4113699903000000101,2026-07-09,SOFR,10.008219178082191,10Y,470000000.0,0.03866,8706967.14,0.0,,True,True,True,NEW_TRADE,2026-03-12,2036-03-12,USD-SOFR-1D,execution_timestamp,2026-07-09 14:39:00-04:00,strict,4.090849274583273,8766736.49397701,389893.9193922215,0.0,,-22.484927458327284,-22.484927458327295,22.331631007666612
4159492970000000901,2026-07-13,SOFR,14.424657534246576,14Y,250000000.0,0.0432474,40229.75924,0.0,-54391.0,True,True,False,NEW_TRADE,2026-11-30,2041-04-30,USD-SOFR-1D,execution_timestamp,2026-07-13 11:48:00-04:00,strict,4.324229234319955,-13528.797758445144,264872.8817733997,0.0,,0.05107656800449334,0.05107656800449322,0.15188326932772525
4160329441000000201,2026-07-13,SOFR,1.736986301369863,21M,1100000000.0,0.0396,3273451.272,0.0,,True,False,True,NEW_TRADE,2026-10-05,2028-06-30,USD-SOFR-1D,execution_timestamp,2026-07-13 12:37:00-04:00,strict,4.156677679465656,3576020.3656107783,181821.36251181515,0.0,,-19.667767946565597,-19.66776794656569,18.003667043179725
4160506230000000201,2026-07-13,SOFR,10.008219178082191,10Y,470000000.0,0.03866,11268857.24,0.0,,True,True,True,NEW_TRADE,2026-03-12,2036-03-12,USD-SOFR-1D,execution_timestamp,2026-07-13 12:56:00-04:00,strict,4.160393575146924,11436111.081226736,388463.33774503367,0.0,,-29.439357514692375,-29.439357514692368,29.00880506617144
4183418416000001601,2026-07-14,SOFR,10.008219178082191,10Y,470000000.0,0.03866,9747964.5,0.0,,True,True,True,NEW_TRADE,2026-03-12,2036-03-12,USD-SOFR-1D,execution_timestamp,2026-07-14 09:02:00-04:00,strict,4.114202357190693,9671481.321171105,389661.1390253854,0.0,,-24.82023571906926,-24.820235719069316,25.016516977755245
4183430654000000301,2026-07-14,SOFR,10.008219178082191,10Y,470000000.0,0.03866,9747964.5,0.0,,True,False,True,NEW_TRADE,2026-03-12,2036-03-12,USD-SOFR-1D,execution_timestamp,2026-07-14 09:02:00-04:00,strict,4.114202357190693,9671481.321171105,389661.1390253854,0.0,,-24.82023571906926,-24.820235719069316,25.016516977755245
4183498707000000701,2026-07-14,SOFR,10.008219178082191,10Y,470000000.0,0.03866,9739130.38,0.0,,True,True,True,NEW_TRADE,2026-03-12,2036-03-12,USD-SOFR-1D,execution_timestamp,2026-07-14 09:06:00-04:00,strict,4.115796956461108,9732932.51739803,389633.7511587492,0.0,,-24.979695646110798,-24.97969564611081,24.99560253965773
4184650004000001301,2026-07-14,SOFR,0.6109589041095891,7M,1700000000.0,0.0389423,54400.0,0.0,-171023.0,True,True,False,NEW_TRADE,2026-07-16,2027-02-24,USD-SOFR-1D,execution_timestamp,2026-07-14 10:40:00-04:00,strict,3.8959091415426625,17258.28079047054,102780.38123636776,0.0,,-0.16791415426626877,-0.16791415426628015,0.5292838900343672
4190302707000000101,2026-07-14,SOFR,5.002739726027397,5Y,650000000.0,0.040246,3115.68,0.0,,True,False,False,NEW_TRADE,2026-07-21,2031-07-21,USD-SOFR-1D,execution_timestamp,2026-07-14 17:09:00-04:00,strict,4.035651762184415,323253.4312810451,292490.39735659416,0.0,,-1.1051762184415281,-1.1051762184416116,0.010652247144378797
4190489454000000101,2026-07-14,SOFR,30.02191780821918,30Y,250000000.0,0.061251,4.564,0.0,,True,False,True,NEW_TRADE,2026-07-21,2056-07-21,USD-SOFR-1D,execution_timestamp,2026-07-14 17:40:00-04:00,strict,4.357074564088178,-73778030.55116561,417290.5494038672,0.0,,176.8025435911822,176.80254359118223,1.0937223492168796e-05
4213004524000001101,2026-07-15,SOFR,1.9753424657534246,2Y,1100000000.0,0.0404573,1412624.49072,0.0,1483700.0,True,True,True,NEW_TRADE,2026-07-10,2028-06-30,USD-SOFR-1D,execution_timestamp,2026-07-15 13:49:00-04:00,strict,3.978321780082286,-1401187.1152904779,207865.9126440272,0.0,,6.740821991771373,6.740821991771336,6.795844844167094
4242163421000000101,2026-07-16,SOFR,2.9972602739726026,3Y,650000000.0,0.0396656,551526.2,0.0,,True,False,False,NEW_TRADE,2026-07-17,2029-07-15,USD-SOFR-1D,execution_timestamp,2026-07-16 15:19:00-04:00,strict,3.994441776971757,509302.8418495804,182633.1706663721,0.0,,-2.7881776971756533,-2.7886656076291696,3.019857772756455
4268148954000000401,2026-07-17,SOFR,10.008219178082191,10Y,470000000.0,0.03866,9199589.18,0.0,,True,True,True,NEW_TRADE,2026-03-12,2036-03-12,USD-SOFR-1D,execution_timestamp,2026-07-17 16:32:00-04:00,strict,4.105197631043417,9327461.563567966,389947.9072129673,0.0,,-23.919763104341698,-23.919763104341623,23.591841396845115
4270755090000001201,2026-07-17,SOFR,1.736986301369863,21M,1100000000.0,0.0396,708939.165,0.0,,True,False,False,NEW_TRADE,2026-10-05,2028-06-30,USD-SOFR-1D,execution_timestamp,2026-07-17 10:31:00-04:00,strict,4.006060364498502,839632.132735163,182289.51113976788,0.0,,-4.606036449850182,-4.606036449850299,3.889083692020168
4288623359000000301,2026-07-20,SOFR,10.008219178082191,10Y,470000000.0,0.03866,9665889.34,0.0,,True,True,True,NEW_TRADE,2026-03-12,2036-03-12,USD-SOFR-1D,execution_timestamp,2026-07-20 08:43:00-04:00,strict,4.116695255008473,9773086.621725291,389839.3139269822,0.0,,-25.06952550084729,-25.069525500847284,24.794547380643202
4288884811000000201,2026-07-20,SOFR,10.008219178082191,10Y,470000000.0,0.03866,9779076.62,0.0,,True,True,True,NEW_TRADE,2026-03-12,2036-03-12,USD-SOFR-1D,execution_timestamp,2026-07-20 09:08:00-04:00,strict,4.118762638640087,9852599.80482909,389796.5244324881,0.0,,-25.276263864008676,-25.276263864008722,25.08764446845065
4290839037000002301,2026-07-20,SOFR,10.008219178082191,10Y,470000000.0,0.03866,11096021.32,0.0,,True,True,True,NEW_TRADE,2026-03-12,2036-03-12,USD-SOFR-1D,execution_timestamp,2026-07-20 13:00:00-04:00,strict,4.1528661658544905,11163258.658037364,389145.1829038561,0.0,,-28.686616585449045,-28.686616585449055,28.513834443998327
4317986125000000301,2026-07-21,SOFR,2.9972602739726026,3Y,650000000.0,0.0398608,1868580.0,0.0,,True,False,True,NEW_TRADE,2026-07-17,2029-07-15,USD-SOFR-1D,execution_timestamp,2026-07-21 14:29:00-04:00,strict,4.088535352372881,1868771.050064087,182388.79972928783,0.0,,-10.245535237288106,-10.246084479078906,10.24503699116095
4318450345000000301,2026-07-21,SOFR,1.0,1Y,1700000000.0,0.04082,1351481.64,0.0,,True,True,False,NEW_TRADE,2026-09-25,2027-09-25,USD-SOFR-1D,execution_timestamp,2026-07-21 15:22:00-04:00,strict,4.163233645141916,1341025.7016085833,165082.54667949525,0.0,,-8.1233645141916,-8.12336451419156,8.18670215103888
4318477444000000301,2026-07-21,SOFR,1.0,1Y,1700000000.0,0.04082,1351481.64,0.0,,True,False,False,NEW_TRADE,2026-09-25,2027-09-25,USD-SOFR-1D,execution_timestamp,2026-07-21 15:22:00-04:00,strict,4.163233645141916,1341025.7016085833,165082.54667949525,0.0,,-8.1233645141916,-8.12336451419156,8.18670215103888
4340246196000000201,2026-07-22,SOFR,2.9972602739726026,3Y,650000000.0,0.0398608,2450536.1,0.0,,True,False,True,NEW_TRADE,2026-07-17,2029-07-15,USD-SOFR-1D,execution_timestamp,2026-07-22 11:33:00-04:00,strict,4.126862659255113,2566093.362238914,182265.94293587343,0.0,,-14.078265925511246,-14.078841723830664,13.444838133376193
4344038740000001401,2026-07-22,SOFR,10.008219178082191,10Y,470000000.0,0.04105,4870306.4617,0.0,,True,True,True,NEW_TRADE,2026-07-06,2036-07-06,USD-SOFR-1D,execution_timestamp,2026-07-22 15:55:00-04:00,strict,4.235438890678053,4994945.018343508,382933.72416605114,0.0,,-13.043889067805292,-13.043889067805257,12.718405704032728
4344562525000000101,2026-07-22,SOFR,10.008219178082191,10Y,470000000.0,0.04105,4733711.22,0.0,,True,True,True,NEW_TRADE,2026-07-06,2036-07-06,USD-SOFR-1D,execution_timestamp,2026-07-22 16:28:00-04:00,strict,4.231716852057873,4853351.727140248,383007.5990937426,0.0,,-12.671685205787231,-12.671685205787186,12.359314100296494
4371049694000000101,2026-07-24,SOFR,3.0027397260273974,3Y,650000000.0,0.03822,5927231.85875,0.0,4484735.0,True,True,True,NEW_TRADE,2026-05-15,2029-05-15,USD-SOFR-1D,execution_timestamp,2026-07-23 20:21:00-04:00,strict,4.142457398483716,5884540.167884767,183629.40583454107,0.0,,-32.0457398483716,-32.045739848371674,32.27822816183765
4388570451000000301,2026-07-24,SOFR,0.9972602739726028,1Y,2000000000.0,0.0381225,175918.1127,0.0,-10491491.0,True,True,True,NEW_TRADE,2025-12-17,2026-12-16,USD-SOFR-1D,execution_timestamp,2026-07-24 12:06:00-04:00,strict,3.801452324154777,-214931.23043826222,199053.23471380523,0.0,,1.079767584522262,1.0797675845222312,0.8837741971534979
4436563578000001301,2026-07-28,SOFR,2.9972602739726026,3Y,650000000.0,0.0396756,2366979.69825,0.0,-446525.0,True,True,True,NEW_TRADE,2026-07-17,2029-07-15,USD-SOFR-1D,execution_timestamp,2026-07-28 10:53:00-04:00,strict,4.097702524899644,2374710.839603156,182461.96692930363,0.0,,-13.014252489964395,-13.01482648448735,12.97245523592928
4438773097000001801,2026-07-28,SOFR,2.1397260273972605,2Y,650000000.0,0.0375,4836025.74,0.0,,True,False,True,NEW_TRADE,2026-07-28,2028-09-16,USD-SOFR-1D,execution_timestamp,2026-07-28 10:55:00-04:00,strict,4.121491133086533,4925553.997769065,132686.60892080414,0.0,,-37.14911330865327,-37.12171136055599,36.44697667182413
4466726152000000101,2026-07-29,SOFR,10.008219178082191,10Y,470000000.0,0.04126,3132550.0,0.0,,True,True,True,NEW_TRADE,2026-07-28,2036-07-28,USD-SOFR-1D,execution_timestamp,2026-07-29 14:55:00-04:00,strict,4.200547993164592,2856553.743398398,383183.18470243906,0.0,,-7.454799316459226,-7.45479931645919,8.175071676051187
4467136316000001101,2026-07-29,SOFR,10.008219178082191,10Y,470000000.0,0.045,8603650.8,0.0,,True,True,True,NEW_TRADE,2035-12-06,2045-12-06,USD-SOFR-1D,execution_timestamp,2026-07-29 15:22:00-04:00,strict,4.833403758159328,8328276.571611285,249795.52172988222,0.0,,-33.34037581593279,-33.340375815932816,34.44277439570597
4467738329000000101,2026-07-29,SOFR,10.008219178082191,10Y,470000000.0,0.04126,5526408.99,0.0,,True,True,True,NEW_TRADE,2026-07-28,2036-07-28,USD-SOFR-1D,execution_timestamp,2026-07-29 16:20:00-04:00,strict,4.2763126807413325,5740094.911751121,381876.9569833584,0.0,,-15.031268074133308,-15.031268074133274,14.47170060654074
4468056337000000101,2026-07-29,SOFR,4.156164383561644,4Y,650000000.0,0.0402,2128483.17,0.0,,True,False,False,NEW_TRADE,2026-10-05,2030-11-30,USD-SOFR-1D,execution_timestamp,2026-07-29 16:31:00-04:00,strict,4.135575124325666,2829904.692890376,244856.71282582122,0.0,,-11.557512432566686,-11.557390688747128,8.692770336723813
4468215064000000201,2026-07-29,SOFR,10.008219178082191,10Y,470000000.0,0.04126,5219567.14,0.0,,True,False,True,NEW_TRADE,2026-07-28,2036-07-28,USD-SOFR-1D,execution_timestamp,2026-07-29 16:39:00-04:00,strict,4.268468613349126,5441477.288584977,381942.180854274,0.0,,-14.24686133491262,-14.246861334912666,13.665856775299375
4486505542000001301,2026-07-30,SOFR,2.9972602739726026,3Y,650000000.0,0.0396756,2132344.97055,0.0,-613084.0,True,True,True,NEW_TRADE,2026-07-17,2029-07-15,USD-SOFR-1D,execution_timestamp,2026-07-30 08:05:00-04:00,strict,4.08605683331222,2163894.0956956297,182605.4623353805,0.0,,-11.84968333122205,-11.850106059375898,11.677333981574167
4486505546000001701,2026-07-30,SOFR,2.9972602739726026,3Y,650000000.0,0.0396756,2132180.45955,0.0,-613084.0,True,True,True,NEW_TRADE,2026-07-17,2029-07-15,USD-SOFR-1D,execution_timestamp,2026-07-30 08:05:00-04:00,strict,4.08605683331222,2163894.0956956297,182605.4623353805,0.0,,-11.84968333122205,-11.850106059375898,11.676433072051
4488682948000003601,2026-07-30,SOFR,2.0027397260273974,2Y,1100000000.0,0.042,1649992.5,0.0,,True,False,True,NEW_TRADE,2026-11-20,2028-11-20,USD-SOFR-1D,execution_timestamp,2026-07-30 11:06:00-04:00,strict,4.123089887117114,-1596229.7793164551,207544.84936813067,0.0,,7.691011288288596,7.691011288288625,7.950052747747749
4516861102000000301,2026-07-31,SOFR,1.736986301369863,21M,1100000000.0,0.04,3179296.54,0.0,,True,True,True,NEW_TRADE,2026-10-05,2028-06-30,USD-SOFR-1D,execution_timestamp,2026-07-31 13:23:00-04:00,strict,4.172758968565413,3147481.0525247753,182189.15513686018,0.0,,-17.275896856541273,-17.275896856541173,17.450525733058686
4517064836000000101,2026-07-31,SOFR,10.008219178082191,10Y,470000000.0,0.04194,4927965.98,0.0,,True,True,True,NEW_TRADE,2026-07-29,2036-07-29,USD-SOFR-1D,execution_timestamp,2026-07-31 13:58:00-04:00,strict,4.327024452047012,5068903.240063369,381050.48824196646,0.0,,-13.302445204701208,-13.302445204701126,12.93258014898737
4517381676000000401,2026-07-31,SOFR,10.008219178082191,10Y,470000000.0,0.04105,8064442.36,0.0,,True,True,True,NEW_TRADE,2026-07-06,2036-07-06,USD-SOFR-1D,execution_timestamp,2026-07-31 14:23:00-04:00,strict,4.319200784128899,8185974.3206039965,382163.60196319275,0.0,,-21.420078412889865,-21.420078412889804,21.10206811578228
4519147493000001301,2026-07-31,SOFR,10.008219178082191,10Y,470000000.0,0.04105,7384004.56,0.0,,True,True,True,NEW_TRADE,2026-07-06,2036-07-06,USD-SOFR-1D,execution_timestamp,2026-07-31 15:52:00-04:00,strict,4.299249730126832,7430923.442285538,382544.8528259813,0.0,,-19.4249730126832,-19.42497301268316,19.302323650290926
4546849186000000201,2026-08-03,SOFR,1.736986301369863,21M,1100000000.0,0.04,2443620.1,0.0,,True,False,True,NEW_TRADE,2026-10-05,2028-06-30,USD-SOFR-1D,execution_timestamp,2026-08-03 11:10:00-04:00,strict,4.141697774333554,2583290.7816091776,182309.9052726219,0.0,,-14.169777433355435,-14.169777433355506,13.403660631307272
4571927066000000401,2026-08-04,SOFR,10.008219178082191,10Y,470000000.0,0.04105,4740842.06,0.0,,True,True,True,NEW_TRADE,2026-07-06,2036-07-06,USD-SOFR-1D,execution_timestamp,2026-08-04 11:30:00-04:00,strict,4.2259606291938105,4647096.909497738,384182.60060898843,0.0,,-12.096062919381012,-12.09606291938098,12.340074882321678
4571991446000000501,2026-08-04,SOFR,10.008219178082191,10Y,470000000.0,0.04105,4451210.2,0.0,,True,True,True,NEW_TRADE,2026-07-06,2036-07-06,USD-SOFR-1D,execution_timestamp,2026-08-04 11:39:00-04:00,strict,4.2182372194591595,4352128.120039403,384337.24713711004,0.0,,-11.32372194591591,-11.323721945915919,11.58152178368509
4595261570000001801,2026-08-05,SOFR,10.008219178082191,10Y,470000000.0,0.04105,3940038.2,0.0,,True,True,True,NEW_TRADE,2026-07-06,2036-07-06,USD-SOFR-1D,execution_timestamp,2026-08-05 08:39:00-04:00,strict,4.205076118033349,3847816.6533949673,384488.99987435114,0.0,,-10.007611803334893,-10.007611803334848,10.24746664088591
4624227294000000501,2026-08-06,SOFR,10.008219178082191,10Y,470000000.0,0.04105,5602256.18,0.0,,True,True,True,NEW_TRADE,2026-07-06,2036-07-06,USD-SOFR-1D,execution_timestamp,2026-08-06 14:41:00-04:00,strict,4.2523260844224815,5651387.119077444,383597.1845196957,0.0,,-14.732608442248107,-14.73260844224803,14.604528933168833
4624392839000000201,2026-08-06,SOFR,10.008219178082191,10Y,470000000.0,0.04105,5370103.44,0.0,,True,True,True,NEW_TRADE,2026-07-06,2036-07-06,USD-SOFR-1D,execution_timestamp,2026-08-06 15:13:00-04:00,strict,4.247044351686852,5450332.774152815,383706.4064446939,0.0,,-14.204435168685148,-14.204435168685167,13.995344747453489
887684120000000401,2025-11-05,SOFR,0.0821917808219178,1M,17000000000.0,0.039882,232281.04248,0.0,,True,True,True,NEW_TRADE,2025-11-04,2025-12-04,USD-SOFR-1D,execution_timestamp,2025-11-05 08:03:00-05:00,strict,3.969851912895982,-258988.68098270893,141152.96025927246,0.0,,1.8348087104017807,1.8348087104017767,1.6455980948138937
890477254000002701,2025-11-05,SOFR,5.471232876712329,5Y,650000000.0,0.043099,19229865.85,0.0,,True,True,True,NEW_TRADE,2023-10-13,2029-04-01,USD-SOFR-1D,execution_timestamp,2025-11-05 11:07:00-05:00,strict,3.5585945319536836,-18586029.205505595,247323.97733084115,0.0,,75.13054680463162,75.14851332284445,77.75172491374151
913232913000001601,2025-11-06,SOFR,30.02191780821918,30Y,250000000.0,0.03285,31173186.09951,0.0,-26048556.0,True,True,True,NEW_TRADE,2022-11-18,2052-11-18,USD-SOFR-1D,execution_timestamp,2025-11-06 12:08:00-05:00,strict,3.9854432925524303,30941452.430847317,441741.0054437949,0.0,,-70.04432925524307,-70.04432925524313,70.56892096352222
921317456,2024-03-04,SOFR,5.454794520547945,5Y,170000000.0,0.039249,556185.012,0.0,,True,False,False,NEW_TRADE,2024-06-03,2029-11-15,USD-SOFR-1D,execution_timestamp,2024-03-04 12:32:00-05:00,strict,3.852032363435134,-596048.0429375693,81798.73412073267,0.0,,7.286763656486617,7.2867636564866505,6.7994329983039385
924064554,2024-03-06,SOFR,1.0,1Y,1100000000.0,0.03883,90402.1992,0.0,,True,True,False,NEW_TRADE,2025-03-07,2026-03-07,USD-SOFR-1D,execution_timestamp,2024-03-06 08:44:00-05:00,strict,3.895331682448423,126520.44042634964,102597.87417939672,0.0,,-1.2331682448422754,-1.2331682448422205,0.88113130923091
924071577,2024-03-06,SOFR,5.002739726027397,5Y,240000000.0,0.02942,8667171.46108,0.0,8544422.0,True,True,True,NEW_TRADE,2026-10-01,2031-10-01,USD-SOFR-1D,execution_timestamp,2024-03-06 09:08:00-05:00,strict,3.4997132639984705,5497496.593049914,98572.0969524044,0.0,,-55.771326399847034,-55.77132639984704,87.92723021064418
924442671,2024-03-06,SOFR,5.454794520547945,5Y,170000000.0,0.039249,1518261.4,0.0,,True,False,False,NEW_TRADE,2024-06-03,2029-11-15,USD-SOFR-1D,execution_timestamp,2024-03-06 09:31:00-05:00,strict,3.7488779984757206,-1444543.6674323902,82066.08576900761,0.0,,17.602200152427947,17.60220015242794,18.50047295143902
929002586,2024-03-11,SOFR,1.0,1Y,1100000000.0,0.04978,23071.0,0.0,,True,True,True,NEW_TRADE,2024-03-13,2025-03-13,USD-SOFR-1D,execution_timestamp,2024-03-11 09:38:00-04:00,strict,4.977429999389993,-6047.1753476038575,106090.6820349649,0.0,,0.05700006100068933,0.05700006100074704,0.21746490415054887
930449969000003201,2025-11-07,SOFR,4.002739726027397,4Y,650000000.0,0.034927,1018714.32,0.0,,True,True,True,NEW_TRADE,2025-05-08,2029-05-08,USD-SOFR-1D,execution_timestamp,2025-11-07 09:00:00-05:00,strict,3.4704131690877333,-549840.6776409447,246711.01952782803,0.0,,2.2286830912266797,2.2286830912265954,4.1291804555373455
930575336,2024-03-12,SOFR,1.9698630136986301,2Y,460000000.0,0.0444694,454296.59,0.0,,True,False,True,NEW_TRADE,2024-03-11,2026-02-28,USD-SOFR-1D,execution_timestamp,2024-03-12 10:21:00-04:00,strict,4.4858275799729315,333007.6020668,85695.6033708041,0.0,,-3.8887579972931796,-3.885935671937323,5.3012823544081105
931830945000001701,2025-11-07,SOFR,4.002739726027397,4Y,650000000.0,0.033071,60739.01439,0.0,,True,True,False,NEW_TRADE,2025-11-12,2029-11-12,USD-SOFR-1D,execution_timestamp,2025-11-07 11:05:00-05:00,strict,3.3070997501720765,-6.068195015192032,242894.98645329426,0.0,,2.4982792368177797e-05,2.4982792373768784e-05,0.25006285752085444
932127429,2024-03-13,SOFR,3.0027397260273974,3Y,240000000.0,0.0409771,672270.0,0.0,-1000000.0,True,False,False,NEW_TRADE,2024-03-14,2027-03-15,USD-SOFR-1D,execution_timestamp,2024-03-13 09:48:00-04:00,strict,4.19896890450148,677651.7500291914,66922.68234239933,0.0,,-10.125890450147956,-10.125890450148027,10.045473021545023
932136925,2024-03-13,SOFR,3.0027397260273974,3Y,240000000.0,0.0409771,669580.92,0.0,,True,False,False,NEW_TRADE,2024-03-14,2027-03-15,USD-SOFR-1D,execution_timestamp,2024-03-13 10:43:00-04:00,strict,4.193453972539958,640801.8437947296,66928.68770692608,0.0,,-9.574397253995759,-9.574397253995711,10.004393376604467
934232943000000301,2025-11-07,SOFR,3.0027397260273974,3Y,650000000.0,0.0336481,675105.145,0.0,,True,False,True,NEW_TRADE,2025-08-15,2028-08-15,USD-SOFR-1D,execution_timestamp,2025-11-07 12:40:00-05:00,strict,3.3842743192528246,362975.7834555879,186482.649991946,0.0,,-1.9464319252824769,-1.946431925282403,3.620203515067794
935447694,2024-03-15,SOFR,1.8246575342465754,~22M,460000000.0,0.0428744,1521370.048,0.0,,True,False,True,NEW_TRADE,2024-06-03,2026-03-31,USD-SOFR-1D,execution_timestamp,2024-03-15 12:27:00-04:00,strict,4.477194799559416,1498916.6234912947,78992.29041750582,0.0,,-18.975479955941577,-18.97547995594154,19.259728259035803
937042873,2024-03-18,SOFR,1.0,1Y,1100000000.0,0.042625,3492702.0,0.0,,True,False,True,NEW_TRADE,2024-09-09,2025-09-09,USD-SOFR-1D,execution_timestamp,2024-03-18 11:00:00-04:00,strict,4.600502695972477,3510653.9974100366,103864.67443135148,0.0,,-33.80026959724765,-33.80026959724767,33.62742933651107
937118163,2024-03-18,SOFR,1.83013698630137,~22M,460000000.0,0.04399696,3548881.14964,0.0,-6803054.0,True,True,True,NEW_TRADE,2024-06-01,2026-03-31,USD-SOFR-1D,execution_timestamp,2024-03-18 15:24:00-04:00,strict,4.516207098859358,920315.8300182596,78989.54168556826,0.0,,-11.651109885935718,-11.651109885935766,44.92849399945811
937198652,2024-03-18,FED_FUNDS,1.8246575342465754,~22M,460000000.0,0.04615,24413.86244,0.0,85396.0,True,True,False,NEW_TRADE,2024-06-03,2026-03-31,USD-FEDFUNDS-1D,execution_timestamp,2024-03-18 16:42:00-04:00,strict,4.496938730877877,-932769.7819227949,79007.26367408002,0.0,,11.80612691221219,11.806126912212116,0.3090078216189314
938277378,2024-03-19,SOFR,10.005479452054795,10Y,170000000.0,0.03725,2741669.9,0.0,,True,True,True,NEW_TRADE,2024-04-01,2034-04-01,USD-SOFR-1D,execution_timestamp,2024-03-19 10:52:00-04:00,strict,3.925615471212237,2789286.2067002133,139036.44568615308,0.0,,-20.06154712122372,-20.061547121223654,19.719073559955426
939969554,2024-03-20,SOFR,5.454794520547945,5Y,170000000.0,0.039249,844701.64,0.0,,True,False,False,NEW_TRADE,2024-06-03,2029-11-15,USD-SOFR-1D,execution_timestamp,2024-03-20 14:17:00-04:00,strict,3.940433131033463,127016.40367883816,81771.28191683436,0.0,,-1.5533131033462766,-1.5533131033462388,10.33005255878348
941335256,2024-03-21,SOFR,3.0,3Y,240000000.0,0.0425,81120.0,0.0,,True,True,False,NEW_TRADE,2024-03-25,2027-03-25,USD-SOFR-1D,execution_timestamp,2024-03-21 13:21:00-04:00,strict,4.264710004826399,98244.95387086645,66787.84611582904,0.0,,-1.4710004826398837,-1.4710004826399383,1.2145922457106184
941462979,2024-03-21,SOFR,3.0,3Y,240000000.0,0.042575,6681.668,0.0,,True,False,False,NEW_TRADE,2024-03-25,2027-03-25,USD-SOFR-1D,execution_timestamp,2024-03-21 14:39:00-04:00,strict,4.258239976977368,4942.6212203502655,66794.25673389088,0.0,,-0.07399769773677178,-0.0739976977368238,0.10003357064994142
944206180,2024-03-25,SOFR,10.005479452054795,10Y,170000000.0,0.051,510003.0,0.0,,True,False,True,NEW_TRADE,2024-04-05,2034-04-05,USD-SOFR-1D,execution_timestamp,2024-03-25 11:10:00-04:00,strict,3.8820074942558653,-16974132.40977498,139361.550499891,0.0,,121.79925057441343,121.79925057441334,3.6595674931185482
944539855,2024-03-25,SOFR,2.0,2Y,460000000.0,0.0505,887803.86,0.0,,True,False,True,NEW_TRADE,2024-04-02,2026-04-02,USD-SOFR-1D,execution_timestamp,2024-03-25 15:49:00-04:00,strict,4.506220598344186,-4726412.5519176945,86917.82986861395,0.0,,54.37794016558151,54.37794016558165,10.214289304530672
944540167,2024-03-25,SOFR,5.002739726027397,5Y,240000000.0,0.049,1056000.0,0.0,,True,False,True,NEW_TRADE,2024-04-02,2029-04-02,USD-SOFR-1D,execution_timestamp,2024-03-25 15:49:00-04:00,strict,4.0000180503297535,-9669936.519258395,107445.89402933537,0.0,,89.99819496702469,89.99819496702466,9.828202459850965
945741996,2024-03-26,SOFR,10.005479452054795,10Y,170000000.0,0.0385,693697.58055,0.0,,True,True,False,NEW_TRADE,2024-04-01,2034-04-01,USD-SOFR-1D,execution_timestamp,2024-03-26 10:46:00-04:00,strict,3.9021189176543696,726442.0662108362,139381.6485269878,0.0,,-5.211891765436949,-5.21189176543696,4.976964958307856
945752277,2024-03-26,SOFR,3.0,3Y,240000000.0,0.049,765600.0,0.0,,True,False,True,NEW_TRADE,2024-04-02,2027-04-02,USD-SOFR-1D,execution_timestamp,2024-03-26 11:27:00-04:00,strict,4.253946926071004,-4313310.434383482,66764.02618366826,0.0,,64.60530739289965,64.60530739289955,11.467253306351381
945814145,2024-03-26,SOFR,5.002739726027397,5Y,240000000.0,0.040156,18642.87552,0.0,,True,True,False,NEW_TRADE,2024-03-28,2029-03-28,USD-SOFR-1D,execution_timestamp,2024-03-26 12:49:00-04:00,strict,4.014850208144327,-8058.631328910589,107478.2457016088,0.0,,0.07497918556733651,0.07497918556731674,0.17345719962491854
945941037,2024-03-26,SOFR,2.0,2Y,460000000.0,0.03802,6394636.2,0.0,,True,False,True,NEW_TRADE,2024-03-29,2026-03-29,USD-SOFR-1D,execution_timestamp,2024-03-26 13:15:00-04:00,strict,4.522848510239029,6284516.072889596,87206.75315784282,0.0,,-72.0848510239029,-72.06455744906273,73.32730515062076
947275668,2024-03-27,SOFR,1.8246575342465754,~22M,460000000.0,0.0441848,67523.48,0.0,-952280.0,True,True,False,NEW_TRADE,2024-06-03,2026-03-31,USD-SOFR-1D,execution_timestamp,2024-03-27 08:27:00-04:00,strict,4.405816587836664,-100293.44754714519,79199.38658990336,0.0,,1.2663412163336218,1.266341216333751,0.852575795184355
950324193,2024-04-01,SOFR,1.8246575342465754,~22M,460000000.0,0.0438094,542158.848,0.0,,True,False,True,NEW_TRADE,2024-06-03,2026-03-31,USD-SOFR-1D,execution_timestamp,2024-04-01 08:44:00-04:00,strict,4.4496527828320875,544306.1084234267,79214.67971302239,0.0,,-6.87127828320877,-6.871278283208741,6.844171433427793
950331850,2024-04-01,SOFR,15.008219178082191,15Y,120000000.0,0.03936,12663.95074,0.0,,True,True,False,NEW_TRADE,2024-04-03,2039-04-03,USD-SOFR-1D,execution_timestamp,2024-04-01 10:03:00-04:00,strict,3.9362796123375574,3772.886851169169,134932.7745743421,0.0,,-0.02796123375574666,-0.027961233755631937,0.09385377852007863
950441175,2024-04-01,SOFR,1.0794520547945206,~13M,460000000.0,0.05195,36800.0,0.0,,True,False,True,NEW_TRADE,2024-04-03,2025-05-02,USD-SOFR-1D,execution_timestamp,2024-04-01 12:20:00-04:00,strict,5.0355903351214115,-762715.1064923108,47846.227333406685,0.0,,15.940966487858876,15.940966487858823,0.7691306514841117
950455690,2024-04-01,SOFR,0.019178082191780823,1W,6400000000.0,0.0534,20328.99855,0.0,,True,True,False,NEW_TRADE,2024-04-01,2024-04-08,USD-SOFR-1D,execution_timestamp,2024-04-01 14:46:00-04:00,strict,5.319008712451405,-26087.79574133549,12427.91595367516,0.0,,2.099128754859514,2.0991287548594064,1.6357528185559018
951700366,2024-04-02,SOFR,2.6684931506849314,2Y8M,240000000.0,0.043445,456356.16,0.0,,True,True,True,NEW_TRADE,2024-04-01,2026-12-01,USD-SOFR-1D,execution_timestamp,2024-04-02 10:56:00-04:00,strict,4.415707934512624,426249.0651019104,59859.77096784635,0.0,,-7.120793451262397,-7.12079345126245,7.623753860420407
953298216,2024-04-03,SOFR,6.742465753424658,7Y,170000000.0,0.03848,1808840.7974,0.0,-1822730.0,True,True,True,NEW_TRADE,2024-06-03,2031-02-28,USD-SOFR-1D,execution_timestamp,2024-04-03 10:50:00-04:00,strict,4.015488248405188,1650498.6851164475,98544.14866907924,0.0,,-16.74882484051885,-16.748824840518754,18.35563878555856
954226053,2024-04-04,SOFR,10.005479452054795,10Y,170000000.0,0.0575,600103.53,0.0,,True,False,True,NEW_TRADE,2024-04-05,2034-04-05,USD-SOFR-1D,execution_timestamp,2024-04-04 10:30:00-04:00,strict,3.9617344062875572,-24855280.97994931,138990.99254238684,0.0,,178.8265593712443,178.8265593712443,4.317571369360441
954227125,2024-04-04,SOFR,6.6657534246575345,7Y,170000000.0,0.038912,742678.05954,0.0,-1415260.0,True,True,False,NEW_TRADE,2024-06-03,2031-01-31,USD-SOFR-1D,execution_timestamp,2024-04-04 11:16:00-04:00,strict,3.9689024756173428,759432.2233113348,97735.91089314516,0.0,,-7.770247561734234,-7.770247561734227,7.598824759017913
954227128,2024-04-04,SOFR,6.6657534246575345,7Y,170000000.0,0.0370076,2605789.5228,0.0,-1415260.0,True,True,True,NEW_TRADE,2024-06-03,2031-01-31,USD-SOFR-1D,execution_timestamp,2024-04-04 11:16:00-04:00,strict,3.9689024756173428,2620714.910360396,97735.91089314516,0.0,,-26.81424756173425,-26.814247561734273,26.6615361640095
954227136,2024-04-04,SOFR,9.457534246575342,9Y,170000000.0,0.0367231,3439394.71956,0.0,-1415260.0,True,True,True,NEW_TRADE,2024-06-03,2033-11-15,USD-SOFR-1D,execution_timestamp,2024-04-04 11:16:00-04:00,strict,3.93585845598021,3476599.4054359496,131914.99804108153,0.0,,-26.354845598021015,-26.354845598021022,26.072810299317815
954232874,2024-04-04,SOFR,0.5013698630136987,6M,1200000000.0,0.0525,114800.0,0.0,,True,False,False,NEW_TRADE,2024-04-08,2024-10-08,USD-SOFR-1D,execution_timestamp,2024-04-04 11:18:00-04:00,strict,5.229930000002373,-119153.60892981291,59369.01292670887,0.0,,2.0069999997627264,2.0069999997626407,1.9336686655329904
954238296,2024-04-04,SOFR,10.005479452054795,10Y,170000000.0,0.0575,600103.53,0.0,,True,False,True,NEW_TRADE,2024-04-05,2034-04-05,USD-SOFR-1D,execution_timestamp,2024-04-04 11:41:00-04:00,strict,3.9733914811217454,-24679068.266008697,138911.12197070286,0.0,,177.66085188782546,177.66085188782546,4.32005386959991
954353600,2024-04-04,SOFR,30.019178082191782,30Y,120000000.0,0.06,1659600.0,0.0,,True,False,True,NEW_TRADE,2024-04-05,2054-04-05,USD-SOFR-1D,execution_timestamp,2024-04-04 12:24:00-04:00,strict,3.7533717974700123,-47596425.51891008,211857.15315649682,0.0,,224.66282025299878,224.66282025299878,7.833580199079092
954881468,2024-04-05,FED_FUNDS,0.2493150684931507,3M,2100000000.0,0.052875,81234.771,0.0,,True,False,False,NEW_TRADE,2024-04-08,2024-07-08,USD-FEDFUNDS-1D,execution_timestamp,2024-04-05 05:13:00-04:00,strict,5.30364551324506,84510.19689455256,52342.83705438421,0.0,,-1.6145513245060528,-1.6145513245059007,1.5519749324171532
954957234,2024-04-05,SOFR,1.0,1Y,1100000000.0,0.0489,87550.80204,0.0,,True,True,True,NEW_TRADE,2024-06-07,2025-06-07,USD-SOFR-1D,execution_timestamp,2024-04-05 11:17:00-04:00,strict,4.891389347034832,14699.391350775957,105800.71776343281,0.0,,-0.1389347034832511,-0.13893470348323486,0.8275066926838902
956709438,2024-04-08,SOFR,1.0,1Y,1100000000.0,0.04965,32436.8,0.0,,True,True,True,NEW_TRADE,2024-05-30,2025-05-30,USD-SOFR-1D,execution_timestamp,2024-04-08 14:54:00-04:00,strict,4.961948874282771,-32135.39737303555,105323.08515369405,0.0,,0.3051125717228764,0.3051125717229187,0.3079742674900397
957827265,2024-04-09,SOFR,1.978082191780822,2Y,460000000.0,0.0460623,23175.31874,0.0,,True,False,True,NEW_TRADE,2024-04-08,2026-03-31,USD-SOFR-1D,execution_timestamp,2024-04-09 10:18:00-04:00,strict,4.651728624513842,391323.15733629465,86007.68957690956,0.0,,-4.549862451384179,-4.549862451384265,0.2694563573792577
958564602000000801,2025-11-10,SOFR,3.0027397260273974,3Y,650000000.0,0.0325,1945592.0,0.0,,True,False,True,NEW_TRADE,2025-10-30,2028-10-30,USD-SOFR-1D,execution_timestamp,2025-11-10 16:32:00-05:00,strict,3.363032321704308,2092045.1258164272,185083.79676471654,0.0,,-11.30323217043081,-11.303232170430839,10.511952067167114
959266692,2024-04-10,SOFR,1.0,1Y,1100000000.0,0.0492,2061596.9,0.0,,True,True,True,NEW_TRADE,2024-05-30,2025-05-30,USD-SOFR-1D,execution_timestamp,2024-04-10 08:57:00-04:00,strict,5.104682754572153,1942987.2086484581,105206.7483588116,0.0,,-18.468275457215277,-18.46827545721522,19.595671686086575
959280338,2024-04-10,SOFR,1.0,1Y,1100000000.0,0.0437,6271055.12,0.0,,True,True,True,NEW_TRADE,2024-08-06,2025-08-06,USD-SOFR-1D,execution_timestamp,2024-04-10 09:25:00-04:00,strict,4.974963006205419,6311185.979696982,104323.50267636009,0.0,,-60.4963006205419,-60.496300620541845,60.11162354713607
959281835,2024-04-10,SOFR,1.0,1Y,1100000000.0,0.0437,6174821.84,0.0,,True,True,True,NEW_TRADE,2024-08-06,2025-08-06,USD-SOFR-1D,execution_timestamp,2024-04-10 09:29:00-04:00,strict,4.9677397959678515,6236259.1592536345,104330.66697786078,0.0,,-59.77397959678514,-59.77397959678513,59.18510845243913
959294858,2024-04-10,SOFR,1.8246575342465754,~22M,460000000.0,0.0455089,1960053.312,0.0,,True,False,True,NEW_TRADE,2024-06-03,2026-03-31,USD-SOFR-1D,execution_timestamp,2024-04-10 10:10:00-04:00,strict,4.821559023890192,2137272.8967878222,78962.59668246708,0.0,,-27.066902389019187,-27.06690238901913,24.822553897030236
959295929,2024-04-10,SOFR,1.9753424657534246,2Y,460000000.0,0.0461516,2217540.0,0.0,,True,False,True,NEW_TRADE,2024-04-09,2026-03-31,USD-SOFR-1D,execution_timestamp,2024-04-10 10:00:00-04:00,strict,4.8723470656426295,2202848.5457476303,85651.60694389575,0.0,,-25.718706564262916,-25.718706564262817,25.89023229246069
959306863,2024-04-10,SOFR,2.0,2Y,460000000.0,0.04325,3308477.0698,0.0,,True,True,True,NEW_TRADE,2024-06-28,2026-06-28,USD-SOFR-1D,execution_timestamp,2024-04-10 11:01:00-04:00,strict,4.697442050987463,3201196.229744129,85951.52510992606,0.0,,-37.24420509874635,-37.2442050987463,38.492360264331396
959619825,2024-04-10,SOFR,10.005479452054795,10Y,170000000.0,0.04102,1039349.66828,0.0,,True,True,False,NEW_TRADE,2024-04-26,2034-04-26,USD-SOFR-1D,execution_timestamp,2024-04-10 13:17:00-04:00,strict,4.178951780042862,1054239.0514509976,136999.95644854158,0.0,,-7.695178004286163,-7.695178004286296,7.586496340751679
959644964,2024-04-10,SOFR,10.008219178082191,10Y,170000000.0,0.018,25769045.4,0.0,,True,False,True,NEW_TRADE,2027-10-05,2037-10-05,USD-SOFR-1D,execution_timestamp,2024-04-10 13:34:00-04:00,strict,3.958696444671958,25850638.11626,119751.1497277161,0.0,,-215.86964446719583,-215.86964446719577,215.18829220923814
959688396,2024-04-10,SOFR,10.005479452054795,10Y,170000000.0,0.04102,887652.11376,0.0,,True,True,False,NEW_TRADE,2024-04-26,2034-04-26,USD-SOFR-1D,execution_timestamp,2024-04-10 15:48:00-04:00,strict,4.168582413363486,912597.1286400929,137062.7891869945,0.0,,-6.658241336348603,-6.65824133634869,6.476244347756399
959689745,2024-04-10,SOFR,1.0,1Y,1100000000.0,0.05182,56956.03381,0.0,,True,True,True,NEW_TRADE,2024-05-14,2025-05-14,USD-SOFR-1D,execution_timestamp,2024-04-10 15:54:00-04:00,strict,5.172309075509213,-102155.06542827189,105413.1270193964,0.0,,0.9690924490786124,0.969092449078709,0.5403125343157678
960736830,2024-04-11,SOFR,5.002739726027397,5Y,240000000.0,0.03305,24603.6846,0.0,90680.0,True,True,True,NEW_TRADE,2044-04-12,2049-04-12,USD-SOFR-1D,execution_timestamp,2024-04-11 07:09:00-04:00,strict,3.312478454409953,36867.56968460791,49298.38127453916,0.0,,-0.7478454409952651,-0.7478454409952133,0.4990769263393019
960901800,2024-04-11,SOFR,1.0,1Y,1100000000.0,0.0437,6248251.73206,0.0,,True,True,True,NEW_TRADE,2024-08-06,2025-08-06,USD-SOFR-1D,execution_timestamp,2024-04-11 09:31:00-04:00,strict,4.963838182591146,6196814.45625101,104351.9032274401,0.0,,-59.38381825911456,-59.383818259114534,59.87673955923572
960957161,2024-04-11,SOFR,5.917808219178082,5Y11M,170000000.0,0.045489,108895.68403,0.0,,True,False,False,NEW_TRADE,2024-04-15,2030-03-15,USD-SOFR-1D,execution_timestamp,2024-04-11 09:58:00-04:00,strict,4.288872994518094,-2280007.293822542,87683.48078296789,0.0,,26.00270054819056,26.00270054819063,1.241917896707774
960961280,2024-04-11,SOFR,5.002739726027397,5Y,240000000.0,0.0428,729382.19,0.0,,True,False,False,NEW_TRADE,2024-04-15,2029-04-15,USD-SOFR-1D,execution_timestamp,2024-04-11 08:59:00-04:00,strict,4.326399576985259,494443.8207191527,106562.13975317689,0.0,,-4.639957698525965,-4.639957698525963,6.844665391380293
962582101,2024-04-12,SOFR,10.008219178082191,10Y,170000000.0,0.039639,5338.31543,0.0,,True,True,True,NEW_TRADE,2034-04-17,2044-04-17,USD-SOFR-1D,execution_timestamp,2024-04-12 09:23:00-04:00,strict,3.9644240706268126,4855.946433097124,92658.24460786606,0.0,,-0.05240706268123674,-0.05240706268122942,0.057612956651531606
962681514,2024-04-12,SOFR,10.005479452054795,10Y,170000000.0,0.04102,144510.2,0.0,,True,True,False,NEW_TRADE,2024-04-26,2034-04-26,USD-SOFR-1D,execution_timestamp,2024-04-12 10:56:00-04:00,strict,4.109156695088415,98457.09567878395,137573.4112777291,0.0,,-0.7156695088414544,-0.7156695088415138,1.0504224519683323
964679793,2024-04-15,SOFR,10.005479452054795,10Y,170000000.0,0.04113,1012879.94667,0.0,,True,True,False,NEW_TRADE,2024-04-16,2034-04-16,USD-SOFR-1D,execution_timestamp,2024-04-15 07:31:00-04:00,strict,4.190737832081746,1067074.3276940882,137265.76868930197,0.0,,-7.773783208174656,-7.7737832081747005,7.378969690270203
964743227,2024-04-15,SOFR,10.005479452054795,10Y,170000000.0,0.04102,1886379.54897,0.0,,True,True,False,NEW_TRADE,2024-04-26,2034-04-26,USD-SOFR-1D,execution_timestamp,2024-04-15 09:48:00-04:00,strict,4.2408287593192195,1898002.4080439284,136715.36195751105,0.0,,-13.882875931921923,-13.882875931921953,13.797860913071762
964859176,2024-04-15,SOFR,10.005479452054795,10Y,170000000.0,0.042,137065.38404,0.0,,True,True,False,NEW_TRADE,2024-06-28,2034-06-28,USD-SOFR-1D,execution_timestamp,2024-04-15 11:20:00-04:00,strict,4.2160753790631675,218307.7486910522,135802.55111448598,0.0,,-1.607537906316736,-1.6075379063167352,1.0092990368380446
965169684,2024-04-15,SOFR,15.208219178082192,15Y,120000000.0,0.0396836,3340694.3024,0.0,-340649.0,True,True,True,NEW_TRADE,2024-06-03,2039-08-15,USD-SOFR-1D,execution_timestamp,2024-04-15 13:00:00-04:00,strict,4.2191509472110535,3325752.3529841155,132610.54236480562,0.0,,-25.079094721105342,-25.079094721105363,25.191770147579224
965392277,2024-04-15,SOFR,1.0,1Y,1100000000.0,0.0492,2166144.0,0.0,,True,False,True,NEW_TRADE,2024-05-30,2025-05-30,USD-SOFR-1D,execution_timestamp,2024-04-15 15:12:00-04:00,strict,5.119365084126187,2098716.05138582,105269.99050934362,0.0,,-19.936508412618714,-19.9365084126187,20.57703234814803
966830122,2024-04-16,SOFR,1.0,1Y,1100000000.0,0.05116,51230.0,0.0,,True,True,True,NEW_TRADE,2024-06-05,2025-06-05,USD-SOFR-1D,execution_timestamp,2024-04-16 08:32:00-04:00,strict,5.10421026201319,-124037.41030991077,105207.9447810233,0.0,,1.1789737986809712,1.178973798681065,0.48694041221533796
966879473,2024-04-16,SOFR,2.0,2Y,460000000.0,0.0467,24605.61441,0.0,-30329.0,True,True,False,NEW_TRADE,2024-08-22,2026-08-22,USD-SOFR-1D,execution_timestamp,2024-04-16 11:03:00-04:00,strict,4.650774146280476,-164423.17123314738,85521.90900431761,0.0,,1.922585371952401,1.9225853719524246,0.28771123910199164
967405489,2024-04-16,SOFR,1.0,1Y,1100000000.0,0.0437,6575273.91,0.0,,True,False,True,NEW_TRADE,2024-08-06,2025-08-06,USD-SOFR-1D,execution_timestamp,2024-04-16 16:24:00-04:00,strict,5.01544258618715,6736799.9777264595,104374.89130556211,0.0,,-64.54425861871496,-64.54425861871492,62.996701867220104
967413336,2024-04-16,SOFR,1.0,1Y,1100000000.0,0.0437,6576190.58,0.0,,True,False,True,NEW_TRADE,2024-08-06,2025-08-06,USD-SOFR-1D,execution_timestamp,2024-04-16 16:41:00-04:00,strict,5.020073765707245,6784790.419335872,104369.54661528888,0.0,,-65.0073765707245,-65.00737657072453,63.00871080948691
968758347,2024-04-17,SOFR,10.005479452054795,10Y,170000000.0,0.04222,20173.17689,0.0,,True,True,False,NEW_TRADE,2024-04-19,2034-04-19,USD-SOFR-1D,execution_timestamp,2024-04-17 12:00:00-04:00,strict,4.221140072619092,-11789.284524448216,137096.28029269268,0.0,,0.0859927380908232,0.08599273809091516,0.14714605565469338
970865616,2024-04-18,SOFR,10.005479452054795,10Y,170000000.0,0.039762,2159187.90816,0.0,,True,True,True,NEW_TRADE,2025-04-14,2035-04-14,USD-SOFR-1D,execution_timestamp,2024-04-18 15:34:00-04:00,strict,4.12432086376668,1947453.1102635115,131477.29906106487,0.0,,-14.812086376668043,-14.812086376668063,16.422514940447336
970870522,2024-04-18,SOFR,1.0,1Y,1100000000.0,0.0516,46619.09,0.0,9.9999999999,True,False,False,NEW_TRADE,2024-05-31,2025-05-31,USD-SOFR-1D,execution_timestamp,2024-04-18 15:54:00-04:00,strict,5.152515848941865,-78578.0778015256,104992.64003512218,0.0,,0.7484151058134714,0.7484151058135087,0.4440224570446553
970942393,2024-04-18,SOFR,5.002739726027397,5Y,240000000.0,0.04418,2118.48,0.0,,True,False,False,NEW_TRADE,2024-04-25,2029-04-25,USD-SOFR-1D,execution_timestamp,2024-04-18 16:39:00-04:00,strict,4.422435803781253,47120.45769815147,106227.55203303638,0.0,,-0.44358037812539663,-0.44358037812541495,0.019942848719145485
972251289,2024-04-19,SOFR,1.0,1Y,1100000000.0,0.0507925,226427.345,0.0,,True,True,False,NEW_TRADE,2024-06-28,2025-06-28,USD-SOFR-1D,execution_timestamp,2024-04-19 10:39:00-04:00,strict,5.093945296882836,155010.9825558737,105483.39634902195,0.0,,-1.4695296882836217,-1.4695296882836004,2.146568586498679
973065850,2024-04-22,SOFR,1.0,1Y,1100000000.0,0.0452,393380.1888,0.0,,True,True,False,NEW_TRADE,2025-04-18,2026-04-18,USD-SOFR-1D,execution_timestamp,2024-04-22 03:35:00-04:00,strict,4.555866033454836,362132.05897316337,100967.9699956692,0.0,,-3.586603345483663,-3.5866033454836836,3.8960889162857604
973916893,2024-04-22,FED_FUNDS,0.13424657534246576,FOMC_20240731,2100000000.0,0.051085,540577.96992,0.0,2080068.0,True,True,True,NEW_TRADE,2024-06-12,2024-07-31,USD-FEDFUNDS-1D,execution_timestamp,2024-04-22 07:54:00-04:00,strict,5.301294007587751,542858.6051687468,28157.441818914584,0.0,,-19.2794007587751,-19.279400758775072,19.198404933109728
973916907,2024-04-22,FED_FUNDS,0.13424657534246576,FOMC_20240918,2100000000.0,0.046984,1502886.2316,0.0,2080068.0,True,True,True,NEW_TRADE,2024-07-31,2024-09-18,USD-FEDFUNDS-1D,execution_timestamp,2024-04-22 07:54:00-04:00,strict,5.231610659522903,1490772.244275814,27958.410389051434,0.0,,-53.32106595229034,-53.321065952290446,53.75435193513481
973916916,2024-04-22,FED_FUNDS,0.136986301369863,FOMC_20241107,2100000000.0,0.04845,789644.9308,0.0,2080068.0,True,True,False,NEW_TRADE,2024-09-18,2024-11-07,USD-FEDFUNDS-1D,execution_timestamp,2024-04-22 07:54:00-04:00,strict,5.129555346103772,805729.2241477612,28315.37819197838,0.0,,-28.455534610377242,-28.455534610377224,27.887493694988077
973916919,2024-04-22,FED_FUNDS,0.13424657534246576,FOMC_20240918,2100000000.0,0.052105,70125.69032,0.0,2080068.0,True,True,True,NEW_TRADE,2024-07-31,2024-09-18,USD-FEDFUNDS-1D,execution_timestamp,2024-04-22 07:54:00-04:00,strict,5.231610659522903,59022.048252487555,27958.410389051434,0.0,,-2.111065952290314,-2.11106595229036,2.508214499471735
973916926,2024-04-22,FED_FUNDS,0.13424657534246576,FOMC_20240731,2100000000.0,0.052935,19400.99304,0.0,2080068.0,True,True,False,NEW_TRADE,2024-06-12,2024-07-31,USD-FEDFUNDS-1D,execution_timestamp,2024-04-22 07:54:00-04:00,strict,5.301294007587751,21945.931518826634,28157.441818914584,0.0,,-0.7794007587751395,-0.7794007587750601,0.6890183122732232
974324704,2024-04-22,SOFR,1.7808219178082192,~21M,460000000.0,0.0441126,3482666.36,0.0,,True,False,False,NEW_TRADE,2024-06-03,2026-03-15,USD-SOFR-1D,execution_timestamp,2024-04-22 13:47:00-04:00,strict,4.854816239102982,3433240.8765017763,77402.60588927648,0.0,,-44.35562391029819,-44.35562391029815,44.99417454991003
975994790,2024-04-23,SOFR,2.0,2Y,460000000.0,0.048283,876.79038,0.0,,True,True,False,NEW_TRADE,2024-04-25,2026-04-25,USD-SOFR-1D,execution_timestamp,2024-04-23 12:55:00-04:00,strict,4.828630018839652,2866.859110929072,86869.55914219923,0.0,,-0.033001883965244616,-0.033001883965316656,0.010093183258415727
976077479,2024-04-23,SOFR,1.0,1Y,1100000000.0,0.0437,6311255.53327,0.0,,True,True,True,NEW_TRADE,2024-08-06,2025-08-06,USD-SOFR-1D,execution_timestamp,2024-04-23 16:05:00-04:00,strict,4.970473245828,6276700.610299572,104529.23013488401,0.0,,-60.04732458279997,-60.04732458279993,60.3779012351472
977433422,2024-04-24,SOFR,1.0,1Y,1100000000.0,0.0444952,549152.96895,0.0,,True,True,True,NEW_TRADE,2025-04-28,2026-04-28,USD-SOFR-1D,execution_timestamp,2024-04-24 11:30:00-04:00,strict,4.5041189805592,552763.3491246253,101240.59890189418,0.0,,-5.459898055920043,-5.459898055919969,5.424236668948879
977617400,2024-04-24,SOFR,1.8246575342465754,~22M,460000000.0,0.0426263,4593466.6,0.0,9.9999999999,True,False,True,NEW_TRADE,2024-06-03,2026-03-31,USD-SOFR-1D,execution_timestamp,2024-04-24 10:36:00-04:00,strict,4.845832139780419,4613518.770806372,79106.68456297857,0.0,,-58.32021397804192,-58.32021397804188,58.066731343582475
978996794,2024-04-25,FED_FUNDS,0.13424657534246576,FOMC_20240918,2100000000.0,0.050895,2666.62405,0.0,-1339288.0,True,True,True,NEW_TRADE,2024-07-31,2024-09-18,USD-FEDFUNDS-1D,execution_timestamp,2024-04-25 11:34:00-04:00,strict,5.249511712461815,447540.74039580673,27969.248844993574,0.0,,-16.001171246181478,-16.001171246181514,0.09534128230538158
979266140,2024-04-25,SOFR,7.002739726027397,7Y,170000000.0,0.043779,27116.46384,0.0,,True,True,False,NEW_TRADE,2024-04-29,2031-04-29,USD-SOFR-1D,execution_timestamp,2024-04-25 12:54:00-04:00,strict,4.377380363587232,-5258.500474743545,101195.76583807319,0.0,,0.051963641276753236,0.05196364127682824,0.26796045877443114
980927154,2024-04-26,SOFR,2.0,2Y,460000000.0,0.039075,7256440.0,0.0,,True,False,True,NEW_TRADE,2024-08-07,2026-08-07,USD-SOFR-1D,execution_timestamp,2024-04-26 10:08:00-04:00,strict,4.7370360150197754,7091616.805845894,85488.95620495555,0.0,,-82.95360150197757,-82.95360150197754,84.881607193835
980927453,2024-04-26,SOFR,5.002739726027397,5Y,240000000.0,0.037825,6408855.0,0.0,,True,False,True,NEW_TRADE,2024-08-27,2029-08-27,USD-SOFR-1D,execution_timestamp,2024-04-26 10:09:00-04:00,strict,4.340470837106983,5847233.765010007,104794.61248059603,0.0,,-55.79708371069829,-55.79708371069831,61.156340467279996
981158749,2024-04-26,SOFR,1.0,1Y,1100000000.0,0.051872,22709.58258,0.0,,True,True,False,NEW_TRADE,2024-05-30,2025-05-30,USD-SOFR-1D,execution_timestamp,2024-04-26 12:26:00-04:00,strict,5.1796720654007355,-79328.31764678657,105378.59568351961,0.0,,0.7527934599264263,0.7527934599264441,0.21550469934333732
981268228,2024-04-26,SOFR,7.002739726027397,7Y,170000000.0,0.043584,15010.55352,0.0,,True,True,False,NEW_TRADE,2024-04-30,2031-04-30,USD-SOFR-1D,execution_timestamp,2024-04-26 13:09:00-04:00,strict,4.358389911649959,-102.13685728609562,101242.38043932608,0.0,,0.0010088350040682315,0.0010088350041048827,0.14826353800517098
981289986,2024-04-26,SOFR,5.002739726027397,5Y,240000000.0,0.044549,3274.54784,0.0,,True,True,False,NEW_TRADE,2024-04-30,2029-04-30,USD-SOFR-1D,execution_timestamp,2024-04-26 13:23:00-04:00,strict,4.454769850281466,-1381.9512188211083,106181.65251545516,0.0,,0.01301497185330902,0.013014971853258357,0.03083911167725871
985341273,2024-05-01,SOFR,9.457534246575342,9Y,170000000.0,0.038127,7210394.80145,0.0,-3342800.0,True,True,True,NEW_TRADE,2024-06-03,2033-11-15,USD-SOFR-1D,execution_timestamp,2024-05-01 05:02:00-04:00,strict,4.305574670557668,6404200.678297408,129935.68265643105,0.0,,-49.28746705576681,-49.28746705576675,55.49203001084266
985341290,2024-05-01,SOFR,1.8246575342465754,~22M,460000000.0,0.0485444,155856.12855,0.0,-3342800.0,True,True,False,NEW_TRADE,2024-06-03,2026-03-31,USD-SOFR-1D,execution_timestamp,2024-05-01 05:02:00-04:00,strict,4.95862628550668,823852.7679806277,79074.97267745427,0.0,,-10.418628550667997,-10.418628550668135,1.9709918735695935
986451225,2024-05-02,SOFR,5.002739726027397,5Y,240000000.0,0.030615,115888.65156,0.0,0.0,True,True,True,NEW_TRADE,2049-05-06,2054-05-06,USD-SOFR-1D,execution_timestamp,2024-05-02 16:10:00-04:00,strict,3.0667984863167486,21835.775076277554,41211.3456012072,0.0,,-0.5298486316748452,-0.5298486316748153,2.812056968035649
988614233,2024-05-06,SOFR,5.002739726027397,5Y,240000000.0,0.0605,12000.0,0.0,,True,False,True,NEW_TRADE,2024-05-21,2029-05-21,USD-SOFR-1D,execution_timestamp,2024-05-06 14:48:00-04:00,strict,4.2368855521446855,-19335661.44629056,106643.35871992087,0.0,,181.31144478553142,181.31144478553148,0.1125245879728506
988617110,2024-05-06,SOFR,7.002739726027397,7Y,170000000.0,0.04073,838049.56979,0.0,,True,True,False,NEW_TRADE,2024-05-08,2031-05-08,USD-SOFR-1D,execution_timestamp,2024-05-06 15:39:00-04:00,strict,4.154890145342044,835398.9850951731,102014.59303873904,0.0,,-8.189014534204375,-8.189014534204322,8.214996941386207
990052286,2024-05-07,SOFR,10.005479452054795,10Y,170000000.0,0.042,2492199.63296,0.0,,True,True,True,NEW_TRADE,2024-06-28,2034-06-28,USD-SOFR-1D,execution_timestamp,2024-05-07 11:57:00-04:00,strict,4.017421864779325,-2511789.142301671,137573.3813507169,0.0,,18.2578135220675,18.257813522067526,18.11542035596709
990242753,2024-05-07,SOFR,3.0,3Y,240000000.0,0.044699,17809.09448,0.0,,True,True,False,NEW_TRADE,2024-05-09,2027-05-09,USD-SOFR-1D,execution_timestamp,2024-05-07 12:57:00-04:00,strict,4.469200045746581,-4663.183129914105,66621.25570554174,0.0,,0.06999542534193992,0.06999542534179835,0.26731850505361443
992234641,2024-05-08,SOFR,6.1287671232876715,6Y,170000000.0,0.042551,734753.175,0.0,,True,False,False,NEW_TRADE,2024-05-09,2030-06-24,USD-SOFR-1D,execution_timestamp,2024-05-08 18:13:00-04:00,strict,4.197606996720886,-521874.52292072773,90771.83190224835,0.0,,5.749300327911389,5.749300327911541,8.094506408014894
993684421,2024-05-09,SOFR,7.002739726027397,7Y,170000000.0,0.041278,17963.42164,0.0,,True,True,False,NEW_TRADE,2024-05-13,2031-05-13,USD-SOFR-1D,execution_timestamp,2024-05-09 14:52:00-04:00,strict,4.129800814182037,20424.086235523224,102078.87578418331,0.0,,-0.20008141820362368,-0.20008141820354813,0.17597589610977432
994401829000001101,2025-11-12,SOFR,3.0027397260273974,3Y,650000000.0,0.0336481,973135.12,0.0,,True,False,True,NEW_TRADE,2025-08-15,2028-08-15,USD-SOFR-1D,execution_timestamp,2025-11-12 09:18:00-05:00,strict,3.4129039403800867,896891.304126218,186487.38220201456,0.0,,-4.809394038008685,-4.809394038008697,5.218235724633854
995004682,2024-05-10,SOFR,5.035616438356165,5Y,240000000.0,0.03915,3471442.92,0.0,,True,False,True,NEW_TRADE,2024-06-03,2029-06-15,USD-SOFR-1D,execution_timestamp,2024-05-10 09:17:00-04:00,strict,4.2382062040451265,3463415.4203819484,107158.073608586,0.0,,-32.32062040451269,-32.320620404512795,32.39553309515497
995024344,2024-05-10,SOFR,1.0,1Y,1100000000.0,0.051525,73275.083,0.0,,True,True,True,NEW_TRADE,2024-05-14,2025-05-14,USD-SOFR-1D,execution_timestamp,2024-05-10 11:27:00-04:00,strict,5.160129975510498,80796.88058339804,105894.02347652361,0.0,,-0.7629975510497822,-0.7629975510498047,0.6919661808510361
995034164,2024-05-10,SOFR,8.791780821917808,9Y,170000000.0,0.041,325690.2,0.0,,True,False,False,NEW_TRADE,2024-05-14,2033-02-25,USD-SOFR-1D,execution_timestamp,2024-05-10 11:20:00-04:00,strict,4.141126632603163,509160.8047037944,123803.18360045877,0.0,,-4.112663260316207,-4.112663260316253,2.630709409307897
995188209,2024-05-10,SOFR,5.076712328767123,5Y,170000000.0,0.039246,2486913.96,0.0,,True,False,True,NEW_TRADE,2024-06-03,2029-06-30,USD-SOFR-1D,execution_timestamp,2024-05-10 11:58:00-04:00,strict,4.250468657438559,2489547.836571388,76398.74558933567,0.0,,-32.586865743855896,-32.58623970023532,32.55176430995148
995232351,2024-05-10,SOFR,1.0,1Y,1100000000.0,0.0516,78927.55653,0.0,,True,True,True,NEW_TRADE,2024-05-14,2025-05-14,USD-SOFR-1D,execution_timestamp,2024-05-10 13:05:00-04:00,strict,5.168120016213054,85979.42583885789,105885.78099220632,0.0,,-0.8120016213053916,-0.8120016213053798,0.7454027895946618
998304515,2024-05-14,SOFR,10.005479452054795,10Y,170000000.0,0.032615,496655.493,0.0,,True,False,True,NEW_TRADE,2044-05-06,2054-05-06,USD-SOFR-1D,execution_timestamp,2024-05-14 07:06:00-04:00,strict,3.1817222859265986,-518660.6550159566,65013.22594161431,0.0,,7.9777714073401285,7.977771407340166,7.639299324202521
998342129,2024-05-14,SOFR,5.002739726027397,5Y,240000000.0,0.06,19200.0,0.0,,True,False,True,NEW_TRADE,2024-05-23,2029-05-23,USD-SOFR-1D,execution_timestamp,2024-05-14 09:25:00-04:00,strict,4.221536519444629,-18986735.219449475,106759.20774892932,0.0,,177.8463480555371,177.84634805553708,0.17984397228905585
998371249,2024-05-14,SOFR,4.758904109589041,4Y9M,240000000.0,0.05965,12000.0,0.0,,True,False,False,NEW_TRADE,2024-05-23,2029-02-23,USD-SOFR-1D,execution_timestamp,2024-05-14 10:36:00-04:00,strict,4.244583351724624,-17567736.7065835,102113.26845851091,0.0,,172.04166482753757,172.0416648275376,0.11751655961218845
998490293,2024-05-14,SOFR,2.0,2Y,460000000.0,0.04875,441604.8,0.0,,True,False,True,NEW_TRADE,2024-05-21,2026-05-21,USD-SOFR-1D,execution_timestamp,2024-05-14 12:00:00-04:00,strict,4.741763841747459,-1154735.0402819365,86668.29300895949,0.0,,13.323615825254098,13.323615825254153,5.095344383376148
998656481,2024-05-14,SOFR,1.8246575342465754,~22M,460000000.0,0.0483375,587043.762,0.0,190570.0,True,True,False,NEW_TRADE,2024-06-03,2026-03-31,USD-SOFR-1D,execution_timestamp,2024-05-14 12:43:00-04:00,strict,4.757757336247273,-603444.2311160862,79408.2219672742,0.0,,7.599266375272684,7.5992663752725536,7.392732735433026
998656482,2024-05-14,SOFR,1.8246575342465754,~22M,460000000.0,0.0475718,21261.75056,0.0,190570.0,True,True,False,NEW_TRADE,2024-06-03,2026-03-31,USD-SOFR-1D,execution_timestamp,2024-05-14 12:43:00-04:00,strict,4.757757336247273,4584.52448733151,79408.2219672742,0.0,,-0.05773362472734078,-0.057733624727435505,0.2677525076529533
998656483,2024-05-14,SOFR,1.8246575342465754,~22M,460000000.0,0.0472953,240902.98116,0.0,190570.0,True,True,False,NEW_TRADE,2024-06-03,2026-03-31,USD-SOFR-1D,execution_timestamp,2024-05-14 12:43:00-04:00,strict,4.757757336247273,224148.2582268417,79408.2219672742,0.0,,-2.8227336247273804,-2.8227336247273977,3.0337284375827123
998656485,2024-05-14,SOFR,1.8246575342465754,~22M,460000000.0,0.0484242,656023.01056,0.0,190570.0,True,True,False,NEW_TRADE,2024-06-03,2026-03-31,USD-SOFR-1D,execution_timestamp,2024-05-14 12:43:00-04:00,strict,4.757757336247273,-672291.159561716,79408.2219672742,0.0,,8.466266375272635,8.466266375272593,8.261399063063783
999471533,2024-05-15,SOFR,1.8821917808219177,~23M,460000000.0,0.0454683,1051481.045,0.0,,True,False,True,NEW_TRADE,2024-05-15,2026-04-02,USD-SOFR-1D,execution_timestamp,2024-05-15 10:36:00-04:00,strict,4.702164211338199,1274081.7317679226,82021.96546348394,0.0,,-15.533421133819925,-15.533421133819843,12.819505592902646
999532505,2024-05-15,SOFR,10.005479452054795,10Y,170000000.0,0.042,3040565.30865,0.0,,True,True,True,NEW_TRADE,2024-06-28,2034-06-28,USD-SOFR-1D,execution_timestamp,2024-05-15 11:30:00-04:00,strict,3.9801223486195614,-3035295.388067737,138044.74302010733,0.0,,21.98776513804388,21.987765138043844,22.025940590922158
