trade_id,as_of_date,rate_index_clean,tenor_years,tenor_label,notional,fixed_rate,other_payment_ufro,other_payment_uwin,pkg_ptp,is_capped,is_block,is_off_market,lifecycle_type,effective_date,expiration_date,curve,clock_field,snap,policy,mid_pct,npv_pay,pv01,lag_s,error,dev_bps,npv_implied_dev_bps,u_bps
1001238741,2024-05-16,SOFR,30.019178082191782,30Y,5000000.0,0.039,128837.60392,0.0,,False,False,True,NEW_TRADE,2024-07-11,2054-07-11,USD-SOFR-1D,execution_timestamp,2024-05-16 09:18:00-04:00,strict,3.7496443143537603,-131685.27557336353,8758.250478348766,0.0,,15.035568564623958,15.035568564623967,14.71042695553169
1001629184,2024-05-16,FED_FUNDS,1.9945205479452055,2Y,2000000.0,0.04118,17704.98,0.0,,False,False,True,NEW_TRADE,2024-05-17,2026-05-15,USD-FEDFUNDS-1D,execution_timestamp,2024-05-16 14:24:00-04:00,strict,4.696704552309046,21778.90850531531,376.3389871121101,0.0,,-57.87045523090457,-57.8704552309045,47.04529853752768
1001635806,2024-05-16,SOFR,4.361643835616438,4Y,25000000.0,0.04875,26250.0,0.0,,False,False,True,NEW_TRADE,2024-05-20,2028-09-28,USD-SOFR-1D,execution_timestamp,2024-05-16 14:54:00-04:00,strict,4.216756634087128,-648149.6194825568,9846.656313560923,0.0,,65.82433659128722,65.82433659128714,2.665879580243723
1004758062,2024-05-20,SOFR,2.0,2Y,2000000.0,0.0625,54411.52,0.0,,False,False,True,NEW_TRADE,2024-05-21,2026-05-21,USD-SOFR-1D,execution_timestamp,2024-05-20 14:03:00-04:00,strict,4.746249409033866,-56708.06512938574,377.11084185145216,0.0,,150.3750590966134,150.37505909661337,144.28521792919773
1004772342,2024-05-20,SOFR,30.02191780821918,30Y,36000000.0,0.03993,1800013.03515,0.0,,False,False,True,NEW_TRADE,2026-10-20,2056-10-20,USD-SOFR-1D,execution_timestamp,2024-05-20 15:48:00-04:00,strict,3.6744678389782672,-1829818.9145591594,57445.34268344452,0.0,,31.853216102173263,31.853216102173324,31.33435977689372
1004805655,2024-05-20,FED_FUNDS,1.0,1Y,220000000.0,0.037162,1106120.57712,0.0,18920.0,False,False,True,NEW_TRADE,2025-06-18,2026-06-18,USD-FEDFUNDS-1D,execution_timestamp,2024-05-20 16:24:00-04:00,strict,4.258057379388632,1096383.351757586,20233.79939929242,0.0,,-54.18573793886314,-54.18573793886316,54.666973576830124
1004830268,2024-05-20,FED_FUNDS,1.0,1Y,330000000.0,0.036857,1752761.00552,0.0,28220.0,False,False,True,NEW_TRADE,2025-06-18,2026-06-18,USD-FEDFUNDS-1D,execution_timestamp,2024-05-20 16:35:00-04:00,strict,4.2593351658741305,1740987.2750157174,30350.079259222657,0.0,,-57.36351658741303,-57.363516587412974,57.751447386661376
1006861682000001201,2025-11-13,SOFR,20.013698630136986,20Y,5000000.0,0.0372,301500.0,0.0,,False,False,True,NEW_TRADE,2032-05-26,2052-05-26,USD-SOFR-1D,execution_timestamp,2025-11-13 02:31:00-05:00,strict,4.27597141181888,295391.1899651254,5313.064371398937,0.0,,-55.59714118188799,-55.59714118188794,56.74691268997644
1007696332,2024-05-22,SOFR,4.93972602739726,5Y,2000000.0,0.0599,13190.606,0.0,,False,False,True,NEW_TRADE,2024-05-22,2029-04-29,USD-SOFR-1D,execution_timestamp,2024-05-22 15:34:00-04:00,strict,4.235513936950516,-154520.71003822907,880.7658770835897,0.0,,175.44860630494838,175.43902875742788,14.976290911356614
1013841492,2024-05-28,SOFR,10.013698630136986,10Y,8000000.0,0.0355,87949.61775,0.0,,False,False,True,NEW_TRADE,2024-05-29,2034-06-01,USD-SOFR-1D,execution_timestamp,2024-05-28 14:09:00-04:00,strict,4.171565037538963,402166.4941819296,6470.223868676327,0.0,,-62.156503753896345,-62.15650375389631,13.59297908929891
1015073262,2024-05-29,SOFR,10.005479452054795,10Y,13000000.0,0.03968,177461.0,0.0,,False,False,True,NEW_TRADE,2024-11-24,2034-11-24,USD-SOFR-1D,execution_timestamp,2024-05-29 09:54:00-04:00,strict,4.146405613103943,183349.73234957317,10277.128009573871,0.0,,-17.84056131039433,-17.8405613103943,17.26756734319963
1015080414,2024-05-29,SOFR,10.008219178082191,10Y,37000000.0,0.039517,277641.0,0.0,480.0,False,False,True,NEW_TRADE,2034-06-21,2044-06-21,USD-SOFR-1D,execution_timestamp,2024-05-29 10:22:00-04:00,strict,4.091510866993999,277032.9514275659,19814.836813754824,0.0,,-13.981086699399903,-13.98108669939984,14.011773228799468
1015094542,2024-05-29,SOFR,30.019178082191782,30Y,57000000.0,0.0409,974390.82496,0.0,,False,False,True,NEW_TRADE,2024-05-28,2054-05-28,USD-SOFR-1D,execution_timestamp,2024-05-29 11:29:00-04:00,strict,3.990780948156774,-968901.6931085959,97652.78695058876,0.0,,9.921905184322588,9.921905184322588,9.97811588780391
1015359702000001201,2025-11-13,SOFR,2.0,2Y,52000000.0,0.0342573,24737.6517,0.0,,False,False,True,NEW_TRADE,2025-11-07,2027-11-07,USD-SOFR-1D,execution_timestamp,2025-11-13 08:53:00-05:00,strict,3.400468373093562,-25336.917055469938,10029.804156838476,0.0,,2.526162690643785,2.526162690643848,2.4664142303450145
1018379474,2024-05-31,SOFR,5.002739726027397,5Y,28000000.0,0.0401041,45243.84648,0.0,-140.0,False,False,True,NEW_TRADE,2029-06-20,2034-06-20,USD-SOFR-1D,execution_timestamp,2024-05-31 08:52:00-04:00,strict,3.967140523896136,-44132.65020348178,10199.487994156922,0.0,,4.326947610386345,4.326947610386372,4.435893890548161
1018393075,2024-05-31,SOFR,1.0,1Y,110000000.0,0.039802,3851.13119,0.0,,False,False,True,NEW_TRADE,2026-06-04,2027-06-04,USD-SOFR-1D,execution_timestamp,2024-05-31 10:00:00-04:00,strict,3.9797930061992384,-396.50415409496054,9742.26519800877,0.0,,0.04069938007611462,0.040699380076001455,0.3953014121179062
1021007802,2024-06-03,SOFR,4.958904109589041,5Y,6000000.0,0.0805,61864.8407,0.0,,False,False,True,NEW_TRADE,2024-06-03,2029-05-18,USD-SOFR-1D,execution_timestamp,2024-06-03 15:09:00-04:00,strict,4.187398730367184,-1024987.5435726154,2653.619858800625,0.0,,386.2601269632817,386.26012696328183,23.31337719486373
1022391052,2024-06-04,SOFR,1.0,1Y,16000000.0,0.04182,27126.281,0.0,,False,False,True,NEW_TRADE,2025-04-07,2026-04-07,USD-SOFR-1D,execution_timestamp,2024-06-04 08:10:00-04:00,strict,4.363512405156342,26998.05911390949,1487.3947095051303,0.0,,-18.151240515634193,-18.151240515634203,18.237446204864582
1022828110,2024-06-04,SOFR,2.334246575342466,2Y,42000000.0,0.0,249418.992,0.0,,False,False,True,NEW_TRADE,2025-03-01,2027-07-01,USD-SOFR-1D,execution_timestamp,2024-06-04 15:37:00-04:00,strict,4.066160998673661,-4.656612873077393e-10,8923.430401263413,0.0,,-406.61609986736613,5.218411153201903e-14,27.95102116386612
1022926502,2024-06-04,SOFR,2.0,2Y,4000000.0,0.031,120617.74,0.0,,False,False,True,NEW_TRADE,2024-06-11,2026-06-11,USD-SOFR-1D,execution_timestamp,2024-06-04 15:44:00-04:00,strict,4.649844293754515,116943.78979258164,754.5518621698703,0.0,,-154.98442937545147,-154.98442937545144,159.85347866366493
1027580928,2024-06-07,SOFR,1.0,1Y,15000000.0,0.0411941,3076.84377,0.0,,False,False,True,NEW_TRADE,2025-06-10,2026-06-10,USD-SOFR-1D,execution_timestamp,2024-06-07 07:00:00-04:00,strict,4.144738332037407,3513.69262630085,1387.2578032818565,0.0,,-2.5328332037407364,-2.5328332037408297,2.217932213263508
1027617448,2024-06-07,SOFR,0.4958904109589041,6M,150000000.0,0.050858,3664.0,0.0,58783.0,False,False,True,NEW_TRADE,2024-09-18,2025-03-18,USD-SOFR-1D,execution_timestamp,2024-06-07 09:17:00-04:00,strict,5.08005563956136,-4159.6142707224935,7241.2139091099325,0.0,,0.5744360438639795,0.5744360438640571,0.5059925098180628
1027791333,2024-06-07,SOFR,2.0,2Y,85000000.0,0.047443,916.1895,0.0,,False,False,True,NEW_TRADE,2024-06-11,2026-06-11,USD-SOFR-1D,execution_timestamp,2024-06-07 12:36:00-04:00,strict,4.744170007842488,-208.2668357975781,16021.492356440896,0.0,,0.012999215751197113,0.012999215751200074,0.05718502868627448
1028067991,2024-06-07,SOFR,30.019178082191782,30Y,22000000.0,0.0345,1194617.29636,0.0,,False,False,True,NEW_TRADE,2024-09-20,2054-09-20,USD-SOFR-1D,execution_timestamp,2024-06-07 16:15:00-04:00,strict,3.7628238027374525,1194259.9510171786,38176.76086558846,0.0,,-31.282380273745236,-31.282380273745368,31.291740558240942
1030440501,2024-06-11,SOFR,1.0,1Y,20000000.0,0.0493648,1806.0,0.0,,False,False,True,NEW_TRADE,2024-09-11,2025-09-11,USD-SOFR-1D,execution_timestamp,2024-06-11 11:15:00-04:00,strict,4.926583658803373,-1884.6042649963638,1904.3444719129452,0.0,,0.9896341196627745,0.9896341196628402,0.9483578347492161
1035947509,2024-06-14,SOFR,5.002739726027397,5Y,15000000.0,0.036,2037.0,0.0,,False,False,True,NEW_TRADE,2028-10-20,2033-10-20,USD-SOFR-1D,execution_timestamp,2024-06-14 06:35:00-04:00,strict,3.5948136815143146,-2988.1483251978643,5761.598200044575,0.0,,0.5186318485685071,0.518631848568466,0.35354773610978996
1036016929,2024-06-14,SOFR,30.019178082191782,30Y,15000000.0,0.0374,415227.8196,0.0,,False,False,True,NEW_TRADE,2024-06-10,2054-06-10,USD-SOFR-1D,execution_timestamp,2024-06-14 08:31:00-04:00,strict,3.580948257302606,-430308.5475537367,27054.626391137623,0.0,,15.905174269739408,15.905174269739478,15.347756557304285
1036524416,2024-06-14,SOFR,4.967123287671233,5Y,4000000.0,0.0425,58439.625,0.0,,False,False,True,NEW_TRADE,2024-06-14,2029-06-01,USD-SOFR-1D,execution_timestamp,2024-06-14 15:01:00-04:00,strict,3.963438233323969,-51069.32366996282,1782.1401739087764,0.0,,28.656176667603095,28.656176667603106,32.79182291919501
1040498135,2024-06-18,SOFR,20.013698630136986,20Y,3000000.0,0.03435,71434.8535,0.0,,False,False,True,NEW_TRADE,2028-02-03,2048-02-03,USD-SOFR-1D,execution_timestamp,2024-06-18 09:45:00-04:00,strict,3.6248538330039546,69296.58235009527,3649.996486963307,0.0,,-18.985383300395455,-18.985383300395462,19.57121157654367
1040574227,2024-06-18,SOFR,1.0,1Y,360000000.0,0.051532,559094.63164,0.0,29871.0,False,False,True,NEW_TRADE,2024-07-10,2025-07-10,USD-SOFR-1D,execution_timestamp,2024-06-18 11:25:00-04:00,strict,4.991478154800604,-559758.9646475501,34612.45226069429,0.0,,16.17218451993958,16.172184519939645,16.152991051573217
1044203750,2024-06-20,SOFR,0.7479452054794521,9M,42000000.0,0.054,30240.0,0.0,,False,False,True,NEW_TRADE,2024-06-26,2025-03-26,USD-SOFR-1D,execution_timestamp,2024-06-20 16:56:00-04:00,strict,5.167797858435376,-71086.00292329374,3061.384466323263,0.0,,23.220214156462404,23.220214156462472,9.877883791681475
1045514401,2024-06-21,SOFR,9.95068493150685,10Y,4000000.0,0.0405,39699.9603,0.0,,False,False,True,NEW_TRADE,2024-06-21,2034-06-01,USD-SOFR-1D,execution_timestamp,2024-06-21 11:35:00-04:00,strict,3.8751500641590186,-57148.52647169493,3268.432796204679,0.0,,17.48499358409812,17.48499358409819,12.146482052835779
1048000229000000201,2025-11-17,SOFR,0.4958904109589041,6M,100000000.0,0.037463,29515.7757,0.0,,False,False,True,NEW_TRADE,2025-11-14,2026-05-14,USD-SOFR-1D,execution_timestamp,2025-11-16 22:18:00-05:00,strict,3.804637527212314,28768.749106524978,4931.431015549267,0.0,,-5.833752721231367,-5.833752721231302,5.985235443207859
1048656853,2024-06-25,SOFR,1.0,1Y,50000000.0,0.050425,147.0,0.0,,False,False,True,NEW_TRADE,2024-06-27,2025-06-27,USD-SOFR-1D,execution_timestamp,2024-06-25 04:38:00-04:00,strict,5.041760004286215,-356.61973498994485,4819.213521744879,0.0,,0.07399957137845803,0.0739995713783656,0.03050290246255288
1049068432,2024-06-25,SOFR,30.019178082191782,30Y,3000000.0,0.03375,38611.2,0.0,,False,False,True,NEW_TRADE,2025-12-23,2055-12-23,USD-SOFR-1D,execution_timestamp,2024-06-25 08:37:00-04:00,strict,3.443764838118001,35307.04203092051,5134.461593632091,0.0,,-6.876483811800105,-6.876483811800118,7.520009507498651
1049427299,2024-06-25,SOFR,10.005479452054795,10Y,100000.0,0.04095,3036.0,0.0,,False,False,True,NEW_TRADE,2025-02-18,2035-02-18,USD-SOFR-1D,execution_timestamp,2024-06-25 13:44:00-04:00,strict,3.7182900451059533,-3025.033845252754,80.3014044612539,0.0,,37.670995489404646,37.67099548940465,37.807557917183075
1049430184,2024-06-25,SOFR,2.9972602739726026,3Y,2000000.0,0.0685,12933.301,0.0,,False,False,True,NEW_TRADE,2024-06-25,2027-06-24,USD-SOFR-1D,execution_timestamp,2024-06-25 12:43:00-04:00,strict,4.287309978994989,-142511.5130582118,556.1012525515,0.0,,256.2690021005012,256.2690021005014,23.257097409256886
1051149933,2024-06-26,SOFR,20.112328767123287,20Y,670000.0,0.0443,34297.488,0.0,,False,False,True,NEW_TRADE,2024-06-26,2044-08-01,USD-SOFR-1D,execution_timestamp,2024-06-26 12:28:00-04:00,strict,3.8529012693018303,-53619.186838847236,929.1163536953056,0.0,,57.70987306981694,57.70987306981694,36.91409355092195
1054886693,2024-06-28,SOFR,4.997260273972603,5Y,2000000.0,0.0449,36302.688,0.0,,False,False,True,NEW_TRADE,2024-07-01,2029-06-29,USD-SOFR-1D,execution_timestamp,2024-06-28 01:05:00-04:00,strict,4.04959863678762,-39352.806252379436,893.5668583160559,0.0,,44.04013632123798,44.040136321237966,40.62671714169561
1054922733,2024-06-28,SOFR,10.013698630136986,10Y,9000000.0,0.0434,308100.0,0.0,,False,False,True,NEW_TRADE,2024-06-28,2034-07-01,USD-SOFR-1D,execution_timestamp,2024-06-28 13:59:00-04:00,strict,3.9307352687627093,-302025.2561687804,7376.832660007858,0.0,,40.92647312372905,40.94240307309054,41.765892517842715
1057590849000001501,2025-11-17,SOFR,10.005479452054795,10Y,7000000.0,0.035258,102038.40135,0.0,,False,False,True,NEW_TRADE,2025-10-24,2035-10-24,USD-SOFR-1D,execution_timestamp,2025-11-17 08:48:00-05:00,strict,3.6989655654974958,101978.13138776761,5889.053698106192,0.0,,-17.316556549749595,-17.316556549749553,17.326790785217938
1060518596000000801,2025-11-17,SOFR,0.9972602739726028,1Y,3000000.0,0.0365,2879.98825,0.0,,False,False,True,NEW_TRADE,2025-11-20,2026-11-19,USD-SOFR-1D,execution_timestamp,2025-11-17 15:30:00-05:00,strict,3.6117056494425404,-1119.9139514635608,292.44886913101993,60.0,,3.8294350557459556,3.829435055745859,9.847835139720567
1064930178,2024-07-08,SOFR,5.002739726027397,5Y,4000000.0,0.0,68000.0,0.0,,False,False,True,NEW_TRADE,2024-07-08,2029-07-08,USD-SOFR-1D,execution_timestamp,2024-07-08 12:09:00-04:00,strict,3.969181809993852,-1.1641532182693481e-10,1795.3400203086737,0.0,,-396.9181809993852,6.484304951154571e-14,37.875833675399676
1066548807,2024-07-09,SOFR,10.005479452054795,10Y,18000000.0,0.04098,1890383.04576,0.0,1897632.0,False,False,True,NEW_TRADE,2025-03-19,2035-03-19,USD-SOFR-1D,execution_timestamp,2024-07-09 11:10:00-04:00,strict,3.7935365087042863,-438402.3250789419,14399.175520625498,0.0,,30.44634912957136,30.446349129571395,131.28411713935978
1066937401,2024-07-09,SOFR,20.03013698630137,20Y,390000.0,0.0449,23371.997,0.0,,False,False,True,NEW_TRADE,2024-07-09,2044-07-15,USD-SOFR-1D,execution_timestamp,2024-07-09 15:51:00-04:00,strict,3.873259723121462,-33293.223005309206,539.825664926794,0.0,,61.67402768785384,61.674027687853844,43.29545354826634
1077650110,2024-07-17,SOFR,6.002739726027397,6Y,1000000.0,0.0,6429.555,0.0,,False,False,True,NEW_TRADE,2024-07-15,2030-07-15,USD-SOFR-1D,execution_timestamp,2024-07-17 10:21:00-04:00,strict,3.7925474196741247,0.0,531.6274223221274,0.0,,-379.2547419674125,-0.0,12.094099608172883
1079721693,2024-07-18,SOFR,5.002739726027397,5Y,25000000.0,0.05,62500.0,0.0,,False,False,True,NEW_TRADE,2024-07-24,2029-07-24,USD-SOFR-1D,execution_timestamp,2024-07-18 10:39:00-04:00,strict,3.7919762427595085,-1361122.4043954248,11267.347982498786,0.0,,120.80237572404914,120.80237572404909,5.547001840812875
1079724256,2024-07-18,SOFR,10.008219178082191,10Y,26000000.0,0.032356,124945.91292,0.0,517695.0,False,False,True,NEW_TRADE,2043-10-16,2053-10-16,USD-SOFR-1D,execution_timestamp,2024-07-18 10:56:00-04:00,strict,3.111564597402871,-133979.7355517191,10801.73343629072,0.0,,12.403540259712909,12.403540259712916,11.567209435128037
1080119269,2024-07-18,SOFR,4.994520547945205,5Y,2000000.0,0.0,24449.24605,0.0,,False,False,True,NEW_TRADE,2024-07-18,2029-07-15,USD-SOFR-1D,execution_timestamp,2024-07-18 13:44:00-04:00,strict,3.8090696075304202,1.4378171062562615,900.89688524637,0.0,,-380.90696075304203,-0.001595984101846527,27.13878408327921
1083305018,2024-07-22,SOFR,10.008219178082191,10Y,3000000.0,0.033617,132488.0,0.0,,False,False,True,NEW_TRADE,2023-01-10,2033-01-10,USD-SOFR-1D,execution_timestamp,2024-07-22 11:40:00-04:00,strict,3.9363590595595723,132859.8469348048,2311.9768969905504,0.0,,-57.46590595595724,-57.46590595595724,57.305070899478594
1088485519,2024-07-25,SOFR,20.013698630136986,20Y,4000000.0,0.039197,67984.21585,0.0,,False,False,True,NEW_TRADE,2024-07-08,2044-07-08,USD-SOFR-1D,execution_timestamp,2024-07-25 08:15:00-04:00,strict,3.802932660875552,-65322.802008903585,5594.269981547169,0.0,,11.676733912444837,11.676733912444767,12.152473168840176
1088593404,2024-07-25,SOFR,30.02191780821918,30Y,20000000.0,0.03217,1104493.25448,0.0,,False,False,True,NEW_TRADE,2026-08-05,2056-08-05,USD-SOFR-1D,execution_timestamp,2024-07-25 12:01:00-04:00,strict,3.5413021427970035,1083148.597212961,33399.36603166247,0.0,,-32.43021427970039,-32.43021427970041,33.069288004836515
1090675241,2024-07-26,SOFR,10.005479452054795,10Y,6000000.0,0.03842,25937.0,0.0,-693660.0,False,False,True,NEW_TRADE,2024-06-05,2034-06-05,USD-SOFR-1D,execution_timestamp,2024-07-26 13:03:00-04:00,strict,3.7894503882556876,-26239.298850044142,4993.243142825783,0.0,,5.25496117443125,5.254961174431165,5.194419590254861
1092697763,2024-07-29,SOFR,1.0,1Y,130000000.0,0.0461,917160.62,0.0,,False,False,True,NEW_TRADE,2025-04-29,2026-04-29,USD-SOFR-1D,execution_timestamp,2024-07-29 14:46:00-04:00,strict,3.85821423467282,-918960.8503481848,12223.706443128114,0.0,,75.17857653271803,75.17857653271798,75.03130284314105
1092698076,2024-07-29,SOFR,9.095890410958905,9Y,1000000.0,0.04468,43846.11,0.0,,False,False,True,NEW_TRADE,2023-10-13,2032-11-14,USD-SOFR-1D,execution_timestamp,2024-07-29 14:47:00-04:00,strict,3.892288011588105,-44886.43290181813,779.1613305964108,0.0,,57.571198841189506,57.60865065962617,56.273467737981676
1094374830,2024-07-30,SOFR,2.0,2Y,13000000.0,0.0446256,50568.1081,0.0,,False,False,True,NEW_TRADE,2024-07-11,2026-07-11,USD-SOFR-1D,execution_timestamp,2024-07-30 13:13:00-04:00,strict,4.259628501303728,-50342.11191329593,2480.7441051151372,0.0,,20.293149869627225,20.293149869627296,20.384250030356522
1096193891,2024-07-31,SOFR,3.0082191780821916,3Y,10000000.0,0.0402472,16428.0,0.0,,False,False,True,NEW_TRADE,2024-07-19,2027-07-22,USD-SOFR-1D,execution_timestamp,2024-07-31 12:21:00-04:00,strict,3.961465127438233,-17736.532266752794,2803.9788159297404,0.0,,6.325487256176654,6.325487256176625,5.858817444222673
1098233764,2024-08-01,SOFR,25.016438356164382,25Y,19000000.0,0.05598,315349.5615,0.0,,False,False,True,NEW_TRADE,2025-08-15,2050-08-15,USD-SOFR-1D,execution_timestamp,2024-08-01 13:24:00-04:00,strict,3.471979464926883,-6408602.537332749,30143.653043842045,0.0,,212.6020535073117,212.6020535073118,10.461557563754596
1098653180,2024-08-02,SOFR,20.013698630136986,20Y,40000000.0,0.039812,2156078.28275,0.0,,False,False,True,NEW_TRADE,2024-08-06,2044-08-06,USD-SOFR-1D,execution_timestamp,2024-08-02 02:12:00-04:00,strict,3.60325915667833,-2150293.3451357707,56894.97134623343,0.0,,37.794084332167,37.79408433216699,37.895761817493856
1100016124,2024-08-02,SOFR,18.013698630136986,18Y,7000000.0,0.01592,1576891.49632,0.0,,False,False,True,NEW_TRADE,2019-09-09,2037-09-09,USD-SOFR-1D,execution_timestamp,2024-08-02 12:36:00-04:00,strict,3.595684834070882,1604499.2807592528,8007.742802042349,0.0,,-200.3684834070882,-200.36848340708826,196.92084714781535
1100465648000003501,2025-11-19,SOFR,15.01095890410959,15Y,20000000.0,0.041101,518026.0,0.0,-518026.0,False,False,True,NEW_TRADE,2023-11-27,2038-11-27,USD-SOFR-1D,execution_timestamp,2025-11-19 09:13:00-05:00,strict,3.879341239863766,-523382.5892245956,22680.94129625252,0.0,,23.07587601362342,23.07587601362347,22.839704632787498
1101653157,2024-08-05,SOFR,2.0,2Y,200000000.0,0.0314,61068.6,0.0,,False,False,True,NEW_TRADE,2025-01-13,2027-01-13,USD-SOFR-1D,execution_timestamp,2024-08-05 07:26:00-04:00,strict,3.1425015515576535,9468.83582758531,37851.85157833567,0.0,,-0.25015515576538583,-0.2501551557653458,1.613358328683512
1101711541,2024-08-05,SOFR,0.3726027397260274,4M,110000000.0,0.050723,121308.78756,0.0,,False,False,True,NEW_TRADE,2024-08-06,2024-12-20,USD-SOFR-1D,execution_timestamp,2024-08-05 08:52:00-04:00,strict,4.753281349805545,-130154.07352842763,4079.826475633764,0.0,,31.901865019445452,31.901865019445314,29.73381056388085
1101732526,2024-08-05,SOFR,1.0027397260273974,1Y,1000000000.0,0.034653,3962196.056,0.0,,False,False,True,NEW_TRADE,2027-07-26,2028-07-26,USD-SOFR-1D,execution_timestamp,2024-08-05 10:04:00-04:00,strict,3.01482911109116,-4013799.5400720164,89102.30691697962,0.0,,45.04708889088405,45.047088890884076,44.46794020374517
1101733665,2024-08-05,SOFR,4.96986301369863,5Y,220000000.0,0.0395764,6410156.59603,0.0,-385488.0,False,False,True,NEW_TRADE,2024-07-12,2029-06-30,USD-SOFR-1D,execution_timestamp,2024-08-05 10:06:00-04:00,strict,3.318729836595983,-6412989.939049445,100371.42068301208,0.0,,63.89101634040166,63.89258909966637,63.86436051626917
1101751307,2024-08-05,SOFR,10.005479452054795,10Y,700000.0,0.04078,43317.0,0.0,,False,False,True,NEW_TRADE,2024-04-29,2034-04-29,USD-SOFR-1D,execution_timestamp,2024-08-05 10:58:00-04:00,strict,3.360712130185275,-42978.75304273615,599.1841609399798,0.0,,71.72878698147245,71.7287869814725,72.29329949584408
1102253737,2024-08-05,FED_FUNDS,5.0,5Y,3000000.0,0.01101,31800.0,0.0,,False,False,True,NEW_TRADE,2019-08-28,2024-08-26,USD-FEDFUNDS-1D,execution_timestamp,2024-08-05 14:08:00-04:00,strict,5.473077265786427,132172.12589003748,302.3096753672376,0.0,,-437.2077265786427,-437.2077265786428,105.1901496747341
1102320131000000601,2025-11-19,SOFR,5.005479452054795,5Y,1000000.0,0.0328,15635.725,0.0,,False,False,True,NEW_TRADE,2023-08-01,2028-08-01,USD-SOFR-1D,execution_timestamp,2025-11-19 12:05:00-05:00,strict,3.417478124500522,3952.4595948917267,287.4973461597324,0.0,,-13.747812450052166,-13.747812450052168,54.385632454891784
1102340149,2024-08-05,SOFR,1.663013698630137,~20M,3000000.0,0.0627,14415.9003,0.0,,False,False,True,NEW_TRADE,2024-09-01,2026-05-01,USD-SOFR-1D,execution_timestamp,2024-08-05 16:32:00-04:00,strict,3.7290492307113605,-121486.81518975209,478.11558042804313,0.0,,254.095076928864,254.09507692886402,30.151496604845754
1103590806,2024-08-06,SOFR,5.002739726027397,5Y,20000000.0,0.0427962,693436.0,0.0,,False,False,True,NEW_TRADE,2024-05-14,2029-05-14,USD-SOFR-1D,execution_timestamp,2024-08-06 06:03:00-04:00,strict,3.5289398265900314,-690487.7182390578,9198.161117037562,0.0,,75.06801734099682,75.06801734099676,75.3885468167722
1103599066,2024-08-06,SOFR,50.032876712328765,50Y,350000.0,0.0340656,42498.0,0.0,,False,False,True,NEW_TRADE,2024-05-23,2074-05-23,USD-SOFR-1D,execution_timestamp,2024-08-06 06:07:00-04:00,strict,2.911304927648291,-43876.40202078066,885.935439538951,0.0,,49.52550723517093,49.525507235170934,47.969635374465156
1103666940,2024-08-06,SOFR,5.002739726027397,5Y,10000000.0,0.04322,347825.0,0.0,,False,False,True,NEW_TRADE,2024-04-23,2029-04-23,USD-SOFR-1D,execution_timestamp,2024-08-06 06:54:00-04:00,strict,3.569868296144732,-346394.0233984685,4605.496904636858,0.0,,75.21317038552682,75.21317038552685,75.52388096272662
1104212540,2024-08-06,SOFR,30.019178082191782,30Y,3000000.0,0.0367,187761.0,0.0,,False,False,True,NEW_TRADE,2024-10-17,2054-10-17,USD-SOFR-1D,execution_timestamp,2024-08-06 13:17:00-04:00,strict,3.3285823217396864,-189875.03586774785,5561.370952882454,0.0,,34.1417678260314,34.14176782603142,33.76163927757483
1104234321,2024-08-06,SOFR,30.019178082191782,30Y,12000000.0,0.03602,529638.79552,0.0,,False,False,True,NEW_TRADE,2024-07-22,2054-07-22,USD-SOFR-1D,execution_timestamp,2024-08-06 13:35:00-04:00,strict,3.362301934671194,-537263.9963456793,22414.198279351396,0.0,,23.96980653288061,23.969806532880646,23.629611415007357
1105748017,2024-08-07,SOFR,30.02191780821918,30Y,3000000.0,0.0325,35924.4,0.0,,False,False,True,NEW_TRADE,2026-06-23,2056-06-23,USD-SOFR-1D,execution_timestamp,2024-08-07 10:19:00-04:00,strict,3.3091856376103603,30962.388534852304,5231.402378173021,0.0,,-5.918563761036033,-5.918563761035983,6.867068790175148
1105904690,2024-08-07,SOFR,5.002739726027397,5Y,3000000.0,0.0375,37999.864,0.0,,False,False,True,NEW_TRADE,2024-10-01,2029-10-01,USD-SOFR-1D,execution_timestamp,2024-08-07 12:04:00-04:00,strict,3.433106434661711,-43092.220487964456,1359.8326126301333,0.0,,31.689356533828892,31.689356533828985,27.94451585221375
1107208680000000201,2025-11-20,SOFR,0.915068493150685,11M,900000000.0,0.040152,323725.0,0.0,,False,False,True,NEW_TRADE,2025-06-26,2026-05-26,USD-SOFR-1D,execution_timestamp,2025-11-19 22:27:00-05:00,strict,4.055383673206823,328937.0331635773,81858.37851869749,0.0,,-4.018367320682259,-4.018367320682317,3.954695974414606
1107691211,2024-08-08,SOFR,5.002739726027397,5Y,44000000.0,0.03285,176723.2467,0.0,,False,False,True,NEW_TRADE,2024-11-05,2029-11-05,USD-SOFR-1D,execution_timestamp,2024-08-08 07:47:00-04:00,strict,3.371809251866763,172779.77812688053,19903.38292421484,0.0,,-8.680925186676314,-8.680925186676347,8.87905575513975
1107731155,2024-08-08,SOFR,2.0027397260273974,2Y,100000000.0,0.030915,302042.0,0.0,,False,False,True,NEW_TRADE,2026-10-06,2028-10-06,USD-SOFR-1D,execution_timestamp,2024-08-08 10:10:00-04:00,strict,3.267259762372654,313065.37350992113,17812.118614847976,0.0,,-17.575976237265365,-17.575976237265422,16.957106929897787
1108144332,2024-08-08,SOFR,30.019178082191782,30Y,9000000.0,0.04625,1875092.0,0.0,,False,False,True,NEW_TRADE,2024-05-15,2054-05-15,USD-SOFR-1D,execution_timestamp,2024-08-08 14:16:00-04:00,strict,3.499066817031783,-1878965.1515158461,16688.06977126711,0.0,,112.59331829682169,112.59331829682169,112.3612272540029
1109134421,2024-08-09,SOFR,1.0,1Y,10000.0,0.05,52.0,0.0,,False,False,True,NEW_TRADE,2024-07-23,2025-07-23,USD-SOFR-1D,execution_timestamp,2024-08-09 04:27:00-04:00,strict,4.4683864459984575,-51.683842809585656,0.972207018059508,0.0,,53.16135540015425,53.161355400154214,53.48655073874104
1109229777,2024-08-09,SOFR,5.002739726027397,5Y,2000000.0,0.0434,85976.86608,0.0,3794.0,False,False,True,NEW_TRADE,2024-12-18,2029-12-18,USD-SOFR-1D,execution_timestamp,2024-08-09 04:44:00-04:00,strict,3.3875619852939938,-85693.08737666364,899.7235101238057,0.0,,95.2438014706006,95.24380147060057,95.55920803733275
1112677071,2024-08-13,SOFR,5.002739726027397,5Y,36000000.0,0.040757,896392.8246,0.0,,False,False,True,NEW_TRADE,2029-04-19,2034-04-19,USD-SOFR-1D,execution_timestamp,2024-08-13 08:45:00-04:00,strict,3.439670083641047,-895172.3347794879,14074.374675707619,0.0,,63.602991635895336,63.60299163589527,63.68970879730627
1113263709,2024-08-13,SOFR,3.0027397260273974,3Y,20000000.0,0.047,398118.0,0.0,,False,False,True,NEW_TRADE,2024-01-12,2027-01-12,USD-SOFR-1D,execution_timestamp,2024-08-13 14:44:00-04:00,strict,4.010462127480441,-397600.42938622925,5766.186967126318,0.0,,68.95378725195593,68.95378725195594,69.04354684815382
1114602394,2024-08-14,SOFR,5.002739726027397,5Y,45000000.0,0.03265,8257.0,0.0,,False,False,True,NEW_TRADE,2024-11-18,2029-11-18,USD-SOFR-1D,execution_timestamp,2024-08-14 09:51:00-04:00,strict,3.272176883023091,14640.690821206197,20399.790234981523,0.0,,-0.7176883023091385,-0.7176883023091271,0.4047590639359081
1115025162,2024-08-14,SOFR,0.9972602739726028,1Y,100000000.0,0.0425,96000.0,0.0,,False,False,True,NEW_TRADE,2024-08-16,2025-08-15,USD-SOFR-1D,execution_timestamp,2024-08-14 15:21:00-04:00,strict,4.301752934067411,50113.29334765021,9683.179176348442,0.0,,-5.175293406741144,-5.175293406741245,9.914099310945717
1115170662,2024-08-15,SOFR,10.005479452054795,10Y,4000000.0,0.0387,175863.27132,0.0,2635.0,False,False,True,NEW_TRADE,2024-12-13,2034-12-13,USD-SOFR-1D,execution_timestamp,2024-08-14 21:47:00-04:00,strict,3.3414299565175103,-176571.15234470274,3340.544068319913,0.0,,52.857004348248935,52.85700434824891,52.645098440041934
1115170663,2024-08-15,SOFR,10.008219178082191,10Y,9000000.0,0.040998,419275.0,0.0,2635.0,False,False,True,NEW_TRADE,2023-12-13,2033-12-13,USD-SOFR-1D,execution_timestamp,2024-08-14 21:47:00-04:00,strict,3.5584320243430585,-420807.54627669556,7773.040985035216,0.0,,54.13679756569416,54.136797565694174,53.93963582685271
1115268255,2024-08-15,SOFR,10.008219178082191,10Y,56000000.0,0.02876,2285606.0,0.0,2277584.0,False,False,True,NEW_TRADE,2022-05-10,2032-05-10,USD-SOFR-1D,execution_timestamp,2024-08-15 01:24:00-04:00,strict,3.4557523373049355,2284008.617232306,39396.28131298022,0.0,,-57.97523373049356,-57.975233730493606,58.015780267234064
1116924601,2024-08-16,SOFR,10.008219178082191,10Y,48000000.0,0.02657,2903147.65629,0.0,-1520696.0,False,False,True,NEW_TRADE,2022-05-20,2032-05-20,USD-SOFR-1D,execution_timestamp,2024-08-15 23:59:00-04:00,asof2h,3.518327474520553,2895840.32024765,33620.66584326225,3600.0,,-86.13274745205528,-86.13274745205533,86.35009401135359
1118075695,2024-08-16,SOFR,26.016438356164382,26Y,28000000.0,0.025625,4610480.0,0.0,,False,False,True,NEW_TRADE,2023-12-04,2049-12-03,USD-SOFR-1D,execution_timestamp,2024-08-16 08:37:00-04:00,strict,3.5038523037642757,4614387.03255019,49018.704411708575,0.0,,-94.13523037642757,-94.1352303764275,94.05552544344162
1118489959,2024-08-16,SOFR,6.501369863013698,7Y,9000000.0,0.0335,114100.0,0.0,,False,False,True,NEW_TRADE,2026-01-15,2032-07-15,USD-SOFR-1D,execution_timestamp,2024-08-16 14:07:00-04:00,strict,3.276716355795015,-36419.07530005532,4969.60484090912,0.0,,7.32836442049849,7.328364420498464,22.959571968528387
1118499764,2024-08-16,SOFR,9.997260273972604,10Y,1000000.0,0.06299,11594.41965,0.0,,False,False,True,NEW_TRADE,2024-08-16,2034-08-13,USD-SOFR-1D,execution_timestamp,2024-08-16 15:34:00-04:00,strict,3.452717166348541,-239387.6693643622,841.0527298234268,0.0,,284.62828336514593,284.6286099263003,13.78560373073656
1119940861,2024-08-19,SOFR,4.002739726027397,4Y,5000000.0,0.038995,72115.5,0.0,,False,False,True,NEW_TRADE,2024-08-23,2028-08-23,USD-SOFR-1D,execution_timestamp,2024-08-19 08:57:00-04:00,strict,3.521425915912082,-69971.45751116471,1850.7340348378198,0.0,,37.80740840879182,37.80740840879188,38.965890637181424
1122157743,2024-08-20,SOFR,0.25205479452054796,3M,130000000.0,0.0448,9556.43843,0.0,,False,False,True,NEW_TRADE,2024-11-22,2025-02-22,USD-SOFR-1D,execution_timestamp,2024-08-20 13:55:00-04:00,strict,4.4504956308021715,-9767.234525945038,3310.4366544681843,0.0,,2.950436919782806,2.9504369197827547,2.886760698804317
1123922511,2024-08-21,SOFR,10.005479452054795,10Y,3000000.0,0.0614,65000.0,0.0,,False,False,True,NEW_TRADE,2024-08-21,2034-08-21,USD-SOFR-1D,execution_timestamp,2024-08-21 14:37:00-04:00,strict,3.3364610725291155,-712412.6641088185,2541.1192158886724,0.0,,280.3538927470885,280.3538927470885,25.579280024950894
1127145710,2024-08-23,SOFR,5.005479452054795,5Y,112366070.0,0.04625,120000397.89666,0.0,,False,False,True,NEW_TRADE,2024-08-21,2029-08-22,USD-SOFR-1D,execution_timestamp,2024-08-23 11:31:00-04:00,strict,3.36579233392743,-6472871.983306691,51404.324780640694,0.0,,125.920766607257,125.92076660725694,2334.4416721499892
1127391310,2024-08-23,SOFR,2.9397260273972603,3Y,35000000.0,0.053,920305.27776,0.0,,False,False,True,NEW_TRADE,2024-08-23,2027-08-01,USD-SOFR-1D,execution_timestamp,2024-08-23 12:15:00-04:00,strict,3.5155487206245595,-1733317.1006754576,9713.18371868864,0.0,,178.44512793754404,178.44994503094497,94.7480562927362
1128845821,2024-08-26,SOFR,2.0027397260273974,2Y,3000000.0,0.04,26426.82608,0.0,,False,False,True,NEW_TRADE,2023-04-24,2025-04-24,USD-SOFR-1D,execution_timestamp,2024-08-26 07:59:00-04:00,strict,4.895564856786299,26421.47768995652,295.02584307259434,0.0,,-89.55648567862991,-89.55648567862994,89.57461422624387
1130579559,2024-08-27,SOFR,5.002739726027397,5Y,50000000.0,0.037,1069302.0,0.0,,False,False,True,NEW_TRADE,2025-03-04,2030-03-04,USD-SOFR-1D,execution_timestamp,2024-08-27 09:59:00-04:00,strict,3.228186492422727,-1060045.004248539,22467.457739643596,0.0,,47.18135075772727,47.18135075772728,47.59336870202398
1130580914,2024-08-27,SOFR,6.416438356164384,6Y,60000000.0,0.0589,825588.0,0.0,,False,False,True,NEW_TRADE,2024-08-27,2031-01-25,USD-SOFR-1D,execution_timestamp,2024-08-27 09:59:00-04:00,strict,3.3787322297965328,-8650156.15483882,34444.570124666374,0.0,,251.12677702034668,251.1326494576946,23.968596414817256
1130590304,2024-08-27,SOFR,30.019178082191782,30Y,14000000.0,0.0408,2047352.40366,0.0,,False,False,True,NEW_TRADE,2025-10-15,2055-10-15,USD-SOFR-1D,execution_timestamp,2024-08-27 10:37:00-04:00,strict,3.2649488929538952,-2058226.5086884797,25252.729441076048,0.0,,81.50511070461049,81.50511070461049,81.07449962734643
1130949186,2024-08-27,SOFR,30.019178082191782,30Y,14000000.0,0.039,1576756.96656,0.0,,False,False,True,NEW_TRADE,2030-02-21,2060-02-21,USD-SOFR-1D,execution_timestamp,2024-08-27 13:45:00-04:00,strict,3.180704971216707,-1582921.3084722925,22006.565388750794,0.0,,71.92950287832929,71.92950287832932,71.64938911212373
1132634671,2024-08-28,SOFR,30.02191780821918,30Y,90000000.0,0.0435,16150000.0,0.0,9.9999999999,False,False,True,NEW_TRADE,2023-11-08,2053-11-08,USD-SOFR-1D,execution_timestamp,2024-08-28 12:36:00-04:00,strict,3.426530281380676,-16007922.443689734,173345.39639938748,0.0,,92.34697186193235,92.34697186193229,93.16659303019752
1134290320,2024-08-29,SOFR,1.9945205479452055,2Y,80000000.0,0.046265,665776.0,0.0,431667.0,False,False,True,NEW_TRADE,2024-04-08,2026-04-06,USD-SOFR-1D,execution_timestamp,2024-08-29 11:47:00-04:00,strict,4.195734964886807,-666310.7801497951,15468.079482697729,0.0,,43.07650351131933,43.07650351131932,43.04193036664462
1134315872,2024-08-29,SOFR,1.9945205479452055,2Y,110000000.0,0.046115,882890.13596,0.0,431667.0,False,False,True,NEW_TRADE,2024-04-08,2026-04-06,USD-SOFR-1D,execution_timestamp,2024-08-29 11:48:00-04:00,strict,4.1956316924183135,-884495.229768578,21268.63753845534,0.0,,41.58683075816869,41.586830758168794,41.51136312157591
1136676166,2024-08-30,SOFR,10.005479452054795,10Y,9000000.0,0.040375,424712.1301,0.0,,False,False,True,NEW_TRADE,2024-07-03,2034-07-03,USD-SOFR-1D,execution_timestamp,2024-08-30 16:04:00-04:00,strict,3.4880795368963957,-419052.263668654,7627.168840808775,0.0,,54.94204631036048,54.94204631036046,55.68411280311504
1140519149,2024-09-03,SOFR,7.002739726027397,7Y,35000000.0,0.040075,1270000.0,0.0,,False,False,True,NEW_TRADE,2024-06-06,2031-06-06,USD-SOFR-1D,execution_timestamp,2024-09-03 12:16:00-04:00,strict,3.4315119892016686,-1261199.275497946,21896.276517108352,0.0,,57.59880107983317,57.59880107983316,58.00072898274294
1140610951,2024-09-03,SOFR,1.2547945205479452,15M,150000000.0,0.05133,189400.0,0.0,,False,False,True,NEW_TRADE,2023-10-26,2025-01-26,USD-SOFR-1D,execution_timestamp,2024-09-03 12:56:00-04:00,strict,5.241002473574169,156198.77454663254,14994.508566661363,0.0,,-10.800247357416914,-10.417065277745968,12.631290926140121
1144019050,2024-09-05,SOFR,2.0,2Y,22000000.0,0.043388,342401.42184,0.0,7551899.0,False,False,True,NEW_TRADE,2024-09-18,2026-09-18,USD-SOFR-1D,execution_timestamp,2024-09-05 11:35:00-04:00,strict,3.5247995956467717,-342969.91552091436,4213.387532570387,0.0,,81.40004043532284,81.40004043532278,81.26511487328517
1144333241,2024-09-05,SOFR,29.912328767123288,30Y,18000000.0,0.05,1682000.0,0.0,,False,False,True,NEW_TRADE,2024-09-09,2054-08-01,USD-SOFR-1D,execution_timestamp,2024-09-05 13:49:00-04:00,strict,3.2063299513101247,-6132304.287090983,34188.811423489424,0.0,,179.36700486898752,179.3658226702138,49.1973815399848
1144345985,2024-09-05,SOFR,5.328767123287672,5Y,100000000.0,0.0315013,69167.763,0.0,3129851.0,False,False,True,NEW_TRADE,2024-12-02,2030-03-31,USD-SOFR-1D,execution_timestamp,2024-09-05 14:11:00-04:00,strict,3.138003350366318,-58596.296515740454,48293.25161479994,0.0,,1.2126649633682263,1.2133433669598475,1.43224489317267
1144365464000001201,2025-11-21,SOFR,4.2684931506849315,4Y,2000000.0,0.0592,23200.0,0.0,,False,False,True,NEW_TRADE,2025-11-21,2030-02-26,USD-SOFR-1D,execution_timestamp,2025-11-21 12:02:00-05:00,strict,3.3014213412747573,-208035.17794596707,794.4583877699561,0.0,,261.85786587252426,261.8578658725243,29.202284672356946
1144810917,2024-09-06,SOFR,2.0,2Y,10000000.0,0.03738,28258.69906,0.0,,False,False,True,NEW_TRADE,2024-08-16,2026-08-16,USD-SOFR-1D,execution_timestamp,2024-09-06 03:23:00-04:00,strict,3.58980104836785,-28526.15011833585,1924.8550549225033,0.0,,14.819895163214936,14.819895163214948,14.680949086391195
1145268963,2024-09-06,SOFR,2.0,2Y,15000000.0,0.036,58261.0,0.0,,False,False,True,NEW_TRADE,2024-09-25,2026-09-25,USD-SOFR-1D,execution_timestamp,2024-09-06 08:39:00-04:00,strict,3.4075100070821382,-55355.05046225805,2875.736531710454,0.0,,19.24899929178614,19.248999291786134,20.259505471924108
1145269527,2024-09-06,SOFR,4.002739726027397,4Y,8000000.0,0.04244,118020.0,0.0,115075.0,False,False,True,NEW_TRADE,2023-03-03,2027-03-03,USD-SOFR-1D,execution_timestamp,2024-09-06 08:42:00-04:00,strict,3.729569922589878,-118608.48983504449,2305.6289871730355,0.0,,51.44300774101218,51.44300774101216,51.18776726723323
1145315837,2024-09-06,SOFR,10.005479452054795,10Y,6000000.0,0.0335,62473.28168,0.0,,False,False,True,NEW_TRADE,2024-10-02,2034-10-02,USD-SOFR-1D,execution_timestamp,2024-09-06 10:30:00-04:00,strict,3.2310799993764885,-60663.43985844101,5101.197405009694,0.0,,11.89200006235116,11.892000062351189,12.24678770883231
1145705090,2024-09-06,SOFR,30.019178082191782,30Y,2000000.0,0.023925,370750.0,0.0,,False,False,True,NEW_TRADE,2016-11-14,2046-11-14,USD-SOFR-1D,execution_timestamp,2024-09-06 14:52:00-04:00,strict,3.420195170921253,339301.60598174285,3301.5782849070274,0.0,,-102.76951709212531,-102.76951709212541,112.294777832427
1146888898,2024-09-09,SOFR,3.671232876712329,4Y,13000000.0,0.032735,73026.68176,0.0,,False,False,True,NEW_TRADE,2024-08-30,2028-05-01,USD-SOFR-1D,execution_timestamp,2024-09-09 10:33:00-04:00,strict,3.2427482896022575,-13784.045395209221,4482.367067368419,0.0,,3.0751710397742382,3.0751710397742555,16.291990518053154
1150754908,2024-09-11,SOFR,10.005479452054795,10Y,18000000.0,0.0335,227067.1132,0.0,,False,False,True,NEW_TRADE,2024-10-02,2034-10-02,USD-SOFR-1D,execution_timestamp,2024-09-11 08:38:00-04:00,strict,3.2003750866579987,-229495.01798166055,15338.021780978324,0.0,,14.962491334200134,14.962491334200099,14.804198119056046
1150867562,2024-09-11,SOFR,2.0,2Y,54000000.0,0.02824,2433.77133,0.0,,False,False,True,NEW_TRADE,2025-12-12,2027-12-12,USD-SOFR-1D,execution_timestamp,2024-09-11 11:42:00-04:00,strict,2.8281069088374577,4118.207431834191,10027.51118864127,0.0,,-0.4106908837457457,-0.41069088374582097,0.24270941056210144
1151163578,2024-09-11,SOFR,6.917808219178082,7Y,4000000.0,0.0541,48150.59016,0.0,,False,False,True,NEW_TRADE,2024-08-25,2031-07-25,USD-SOFR-1D,execution_timestamp,2024-09-11 12:44:00-04:00,strict,3.1596902770485666,-557855.505117462,2479.016552378384,0.0,,225.03097229514336,225.03097229514339,19.423262871643203
1151303725,2024-09-11,SOFR,1.7671232876712328,21M,300000000.0,0.0416,196151.0,0.0,,False,False,True,NEW_TRADE,2024-09-13,2026-06-20,USD-SOFR-1D,execution_timestamp,2024-09-11 15:12:00-04:00,strict,3.513923906546676,-3314950.6029317155,51303.30773085101,0.0,,64.6076093453324,64.61475389311565,3.8233597145247127
1152955772,2024-09-12,SOFR,0.07945205479452055,1M,600000000.0,0.05085,571.0,0.0,,False,False,True,NEW_TRADE,2024-09-16,2024-10-15,USD-SOFR-1D,execution_timestamp,2024-09-12 13:25:00-04:00,strict,5.097658392821555,6087.891932579689,4809.371946660164,0.0,,-1.2658392821554898,-1.265839282155622,0.11872652112019057
1154312898,2024-09-13,SOFR,5.002739726027397,5Y,33000000.0,0.032105,115857.0,0.0,,False,False,True,NEW_TRADE,2024-09-11,2029-09-11,USD-SOFR-1D,execution_timestamp,2024-09-13 08:29:00-04:00,strict,3.1426173569005322,-103189.22889921349,15201.12125687441,0.0,,6.78826430994679,6.788264309946753,7.6216088301779665
1154409492,2024-09-13,SOFR,5.002739726027397,5Y,13000000.0,0.032952,12092.77027,0.0,,False,False,True,NEW_TRADE,2029-09-10,2034-09-10,USD-SOFR-1D,execution_timestamp,2024-09-13 11:12:00-04:00,strict,3.272266693382822,-11758.572145774495,5127.290338919935,0.0,,2.2933306617178406,2.2933306617177918,2.358510923051677
1156645515,2024-09-17,SOFR,0.07671232876712329,1M,500000000.0,0.049547,1632.0,0.0,,False,False,True,NEW_TRADE,2024-09-23,2024-10-21,USD-SOFR-1D,execution_timestamp,2024-09-17 14:59:00-04:00,strict,4.969493297887746,5724.531357817585,3869.6789595234864,0.0,,-1.4793297887746526,-1.4793297887746495,0.4217404123366774
1157426321,2024-09-18,SOFR,10.005479452054795,10Y,59000000.0,0.03385,42782.42,0.0,,False,False,True,NEW_TRADE,2024-09-25,2034-09-25,USD-SOFR-1D,execution_timestamp,2024-09-18 10:10:00-04:00,strict,3.222177589540921,-819171.4359391164,50310.73017709627,0.0,,16.282241045907895,16.282241045907945,0.850363726572915
1157432065,2024-09-18,SOFR,5.002739726027397,5Y,220000000.0,0.031175,948373.4442,0.0,,False,False,True,NEW_TRADE,2024-09-10,2029-09-10,USD-SOFR-1D,execution_timestamp,2024-09-18 10:39:00-04:00,strict,3.2121166504026006,957681.9651232325,101217.0649719916,0.0,,-9.461665040260048,-9.461665040260144,9.369699116077218
1157717105,2024-09-18,SOFR,10.005479452054795,10Y,23000000.0,0.03372,314056.29606,0.0,,False,False,True,NEW_TRADE,2024-10-21,2034-10-21,USD-SOFR-1D,execution_timestamp,2024-09-18 12:47:00-04:00,strict,3.2103531488047157,-316429.7388725709,19575.372890517596,0.0,,16.16468511952842,16.164685119528475,16.04343875421808
1157785186,2024-09-18,SOFR,30.019178082191782,30Y,9000000.0,0.03443,523460.45968,0.0,,False,False,True,NEW_TRADE,2025-08-06,2055-08-06,USD-SOFR-1D,execution_timestamp,2024-09-18 13:22:00-04:00,strict,3.126054624339397,-530616.2818428101,16741.56881881798,0.0,,31.694537566060312,31.69453756606029,31.267109154765482
1157833949,2024-09-18,SOFR,10.005479452054795,10Y,2000000.0,0.03079,8226.0,0.0,,False,False,True,NEW_TRADE,2025-03-15,2035-03-15,USD-SOFR-1D,execution_timestamp,2024-09-18 14:33:00-04:00,strict,3.1286137319597533,8355.34172002849,1684.0784577153781,0.0,,-4.961373195975316,-4.961373195975294,4.884570527170923
1157834829,2024-09-18,SOFR,10.008219178082191,10Y,10000000.0,0.027131,358030.0,0.0,,False,False,True,NEW_TRADE,2022-07-15,2032-07-15,USD-SOFR-1D,execution_timestamp,2024-09-18 14:38:00-04:00,strict,3.2271495163428856,364312.5463349507,7087.109991402932,0.0,,-51.40495163428858,-51.40495163428853,50.518476562987
1159311398,2024-09-19,SOFR,30.019178082191782,30Y,8000000.0,0.0373785,738524.38968,0.0,720062.0,False,False,True,NEW_TRADE,2025-07-28,2055-07-28,USD-SOFR-1D,execution_timestamp,2024-09-19 08:44:00-04:00,strict,3.235659732001405,-738354.6476915712,14702.687302845883,0.0,,50.21902679985955,50.219026799859485,50.23057176337075
1159354033,2024-09-19,SOFR,0.11506849315068493,1M,440000000.0,0.04102,34440.6006,0.0,-2198.0,False,False,True,NEW_TRADE,2024-12-18,2025-01-29,USD-SOFR-1D,execution_timestamp,2024-09-19 10:07:00-04:00,strict,4.167332527851224,32978.74081635475,5047.828685192635,0.0,,-6.533252785122379,-6.533252785122246,6.822854488114562
1159354037,2024-09-19,SOFR,0.11506849315068493,1M,10000000.0,0.041077,717.495,0.0,-2198.0,False,False,True,NEW_TRADE,2024-12-18,2025-01-29,USD-SOFR-1D,execution_timestamp,2024-09-19 10:07:00-04:00,strict,4.167332527851222,684.1245105862545,114.72337920892352,0.0,,-5.963252785122197,-5.963252785122296,6.2541306309794535
1159354085,2024-09-19,SOFR,0.11506849315068493,1M,1000000000.0,0.0462,516638.78156,0.0,-2198.0,False,False,True,NEW_TRADE,2024-12-18,2025-01-29,USD-SOFR-1D,execution_timestamp,2024-09-19 10:07:00-04:00,strict,4.167332527851223,-519315.42062869016,11472.33792089235,0.0,,45.26674721487769,45.266747214877746,45.033434782211714
1159743942,2024-09-19,SOFR,30.02191780821918,30Y,75000000.0,0.0435,14205000.0,0.0,,False,False,True,NEW_TRADE,2023-11-08,2053-11-08,USD-SOFR-1D,execution_timestamp,2024-09-19 13:28:00-04:00,strict,3.3797219886552416,-14170295.107465453,146043.65905217314,0.0,,97.0278011344758,97.02780113447588,97.265434817169
1160015983,2024-09-20,SOFR,0.7479452054794521,9M,100000000.0,0.0452794,547006.63972,0.0,,False,False,True,NEW_TRADE,2024-11-01,2025-08-01,USD-SOFR-1D,execution_timestamp,2024-09-19 21:50:00-04:00,strict,,,,,"SnapshotMiss: citivelo_excel minute store (USD-SOFR-1D-CITIVELOEXCELMIN): no snapshot satisfies datetime.datetime(2024, 9, 19, 21, 50, tzinfo=zoneinfo.ZoneInfo(",,,
1163349192,2024-09-23,SOFR,6.002739726027397,6Y,32000000.0,0.0318866,30710.0,0.0,,False,False,True,NEW_TRADE,2024-09-20,2030-09-20,USD-SOFR-1D,execution_timestamp,2024-09-23 13:08:00-04:00,strict,3.20748879698098,32785.07635701168,17412.199191552783,0.0,,-1.8828796980979945,-1.882879698097916,1.7637059892410607
1165138536,2024-09-24,FED_FUNDS,1.2465753424657535,15M,200000000.0,0.0391702,867744.77328,0.0,23948.0,False,False,True,NEW_TRADE,2024-09-23,2025-12-22,USD-FEDFUNDS-1D,execution_timestamp,2024-09-24 13:11:00-04:00,strict,3.5601052969366638,-868781.3463292904,24341.42776614943,0.0,,35.69147030633366,35.691470306333756,35.648885579618096
1165335080,2024-09-24,SOFR,10.008219178082191,10Y,12000000.0,0.034075,61245.0,0.0,,False,False,True,NEW_TRADE,2022-11-18,2032-11-18,USD-SOFR-1D,execution_timestamp,2024-09-24 15:39:00-04:00,strict,3.4718234904451433,61826.789257690776,9611.852346604051,0.0,,-6.432349044514307,-6.432349044514266,6.371820726276384
1165626961000000701,2025-11-24,SOFR,5.021917808219178,5Y,6000000.0,0.0584,79296.0,0.0,,False,False,True,NEW_TRADE,2025-11-24,2030-12-01,USD-SOFR-1D,execution_timestamp,2025-11-24 12:16:00-05:00,strict,3.3157995758000878,-699336.1740486445,2770.4086315374075,0.0,,252.4200424199912,252.43069418988767,28.622492399612387
1166738565,2024-09-25,SOFR,1.0,1Y,25000000.0,0.03,12394.0,0.0,,False,False,True,NEW_TRADE,2026-03-24,2027-03-24,USD-SOFR-1D,execution_timestamp,2024-09-25 05:10:00-04:00,strict,2.9615927550309333,-8970.00608596881,2335.4984438986485,0.0,,3.8407244969066667,3.8407244969066108,5.306790091159595
1167771544000000101,2025-11-24,SOFR,3.0,3Y,6000000.0,0.0363,35471.45237,0.0,,False,False,True,NEW_TRADE,2024-10-29,2027-10-29,USD-SOFR-1D,execution_timestamp,2025-11-24 16:17:00-05:00,strict,3.3243755805657536,-35430.00762583397,1159.266255341109,0.0,,30.562441943424634,30.562441943424677,30.598192784937645
1169176202,2024-09-26,SOFR,0.2493150684931507,3M,950000000.0,0.050017,407219.6484,0.0,-6401350.0,False,False,True,NEW_TRADE,2024-09-05,2024-12-05,USD-SOFR-1D,execution_timestamp,2024-09-26 08:23:00-04:00,strict,4.82317757640793,-424613.8966066614,23784.90545125681,0.0,,17.852242359206993,17.852242359207043,17.120927776422263
1169176272,2024-09-26,SOFR,0.3232876712328767,4M,460000000.0,0.047088,171600.61489,0.0,-6401350.0,False,False,True,NEW_TRADE,2024-09-18,2025-01-14,USD-SOFR-1D,execution_timestamp,2024-09-26 08:23:00-04:00,strict,4.575789375757502,-197757.01010972075,14867.760469207304,0.0,,13.301062424249821,13.301062424249862,11.541793079421943
1169176378,2024-09-26,SOFR,0.4657534246575342,6M,240000000.0,0.043688,48010.87122,0.0,-6401350.0,False,False,True,NEW_TRADE,2024-09-24,2025-03-13,USD-SOFR-1D,execution_timestamp,2024-09-26 08:23:00-04:00,strict,4.324646062148883,-49033.02079377696,11105.016490061034,0.0,,4.415393785111643,4.415393785111567,4.323349835902507
1169919290,2024-09-27,SOFR,5.002739726027397,5Y,26000000.0,0.034153,25.37075,0.0,,False,False,True,NEW_TRADE,2029-10-01,2034-10-01,USD-SOFR-1D,execution_timestamp,2024-09-26 20:29:00-04:00,strict,3.415366257794359,67.2352536264807,10147.523665296882,0.0,,-0.0066257794358648425,-0.006625779435865314,0.002500191262107073
1171101060,2024-09-27,SOFR,2.0027397260273974,2Y,68000000.0,0.031008,14545.28768,0.0,1603525.0,False,False,True,NEW_TRADE,2027-03-30,2029-03-30,USD-SOFR-1D,execution_timestamp,2024-09-27 08:14:00-04:00,strict,3.1109982103478315,12349.22898069024,12109.211870998222,0.0,,-1.0198210347831527,-1.0198210347831855,1.2011754220632824
1171918864,2024-09-30,SOFR,0.4986301369863014,6M,100000000.0,0.0468686,506168.0,0.0,,False,False,True,NEW_TRADE,2024-12-26,2025-06-26,USD-SOFR-1D,execution_timestamp,2024-09-30 02:35:00-04:00,strict,3.658297518735418,-504736.9720375985,4907.20769259483,0.0,,102.85624812645824,102.85624812645824,103.14786569230144
1174824818,2024-10-01,SOFR,1.0,1Y,50000000.0,0.03,16807.0,0.0,,False,False,True,NEW_TRADE,2025-12-23,2026-12-23,USD-SOFR-1D,execution_timestamp,2024-10-01 08:41:00-04:00,strict,2.9769427468127634,-10839.41184538952,4701.0854924340065,0.0,,2.3057253187236615,2.3057253187236486,3.5751317492628933
1175182909,2024-10-01,SOFR,0.25205479452054796,3M,550000000.0,0.044966,6248.0,0.0,,False,False,True,NEW_TRADE,2024-10-18,2025-01-18,USD-SOFR-1D,execution_timestamp,2024-10-01 14:37:00-04:00,strict,4.486130529349835,-14979.667098350823,14307.950801805011,0.0,,1.046947065016468,1.0469470650165411,0.43668028263081443
1176962834,2024-10-03,SOFR,4.641095890410959,5Y,55000000.0,0.0036475,1571784.1482,0.0,,False,False,True,NEW_TRADE,2020-11-09,2025-06-30,USD-SOFR-1D,execution_timestamp,2024-10-03 14:08:00-04:00,strict,4.4578583088493495,2226184.9009592626,5438.861454377408,0.0,,-409.31083088493494,-409.31083088493494,288.99139303042307
1176972140,2024-10-03,SOFR,1.0,1Y,11000000.0,0.03254,15566.1,0.0,,False,False,True,NEW_TRADE,2025-08-08,2026-08-08,USD-SOFR-1D,execution_timestamp,2024-10-03 14:39:00-04:00,strict,3.124708609227893,-13580.85514423711,1050.4067643742142,0.0,,12.929139077210694,12.929139077210705,14.819116296603053
1177556367,2024-10-04,SOFR,10.005479452054795,10Y,12000000.0,0.033115,188070.37856,0.0,,False,False,True,NEW_TRADE,2024-09-27,2034-09-27,USD-SOFR-1D,execution_timestamp,2024-10-04 11:38:00-04:00,strict,3.4952237307816825,185614.78076408524,10102.92899966471,0.0,,-18.37237307816828,-18.372373078168255,18.61543108599908
1178342344,2024-10-07,SOFR,9.336986301369864,9Y,5000000.0,0.0339929,63718.61611,0.0,,False,False,True,NEW_TRADE,2024-08-08,2033-12-07,USD-SOFR-1D,execution_timestamp,2024-10-07 04:11:00-04:00,strict,3.5616039022077115,64653.84678501147,3983.2599614464707,0.0,,-16.231390220771136,-16.23139022077114,15.996599952482486
1178462895,2024-10-07,FED_FUNDS,4.717808219178083,5Y,25000000.0,0.044766,886665.51,0.0,,False,False,True,NEW_TRADE,2024-05-02,2029-01-18,USD-FEDFUNDS-1D,execution_timestamp,2024-10-07 08:16:00-04:00,strict,3.6865342446590987,-866969.6058316175,10973.385442551333,0.0,,79.00657553409016,79.00657553409019,80.80145499690464
1178934399,2024-10-07,SOFR,4.997260273972603,5Y,1000000.0,0.0638,11334.61835,0.0,,False,False,True,NEW_TRADE,2024-10-07,2029-10-05,USD-SOFR-1D,execution_timestamp,2024-10-07 16:48:00-04:00,strict,3.5527596051511803,-128575.19204494028,454.7727610259176,0.0,,282.724039484882,282.72403948488187,24.92369667090514
1183430142,2024-10-09,SOFR,10.005479452054795,10Y,31000000.0,0.03288,734576.23409,0.0,,False,False,True,NEW_TRADE,2024-10-21,2034-10-21,USD-SOFR-1D,execution_timestamp,2024-10-09 09:24:00-04:00,strict,3.570047173873678,731941.9823845308,25951.048270824005,0.0,,-28.204717387367808,-28.204717387367797,28.30622587665803
1184137863,2024-10-09,SOFR,5.002739726027397,5Y,18000000.0,0.03653,29801.1645,0.0,,False,False,True,NEW_TRADE,2024-10-21,2029-10-21,USD-SOFR-1D,execution_timestamp,2024-10-09 16:29:00-04:00,strict,3.586663592133082,-54260.9745214046,8179.667284707559,0.0,,6.633640786691819,6.633640786691796,3.64332233362539
1186208801,2024-10-10,SOFR,30.019178082191782,30Y,4000000.0,0.0425,496845.0,0.0,,False,False,True,NEW_TRADE,2030-02-22,2060-02-22,USD-SOFR-1D,execution_timestamp,2024-10-10 10:33:00-04:00,strict,3.425441707596396,-498733.4092544599,6048.491827068311,0.0,,82.45582924036042,82.45582924036036,82.14361764969426
1186233667,2024-10-10,SOFR,3.2958904109589042,3Y,120000000.0,0.03067,4109256.22718,0.0,,False,False,True,NEW_TRADE,2022-06-30,2025-10-15,USD-SOFR-1D,execution_timestamp,2024-10-10 11:38:00-04:00,strict,4.789489938447986,4103675.0028492557,23824.08692933665,0.0,,-172.2489938447986,-172.24899384479863,172.48326197634543
1186427891,2024-10-10,SOFR,20.013698630136986,20Y,7000000.0,0.03435,211721.32162,0.0,,False,False,True,NEW_TRADE,2028-02-03,2048-02-03,USD-SOFR-1D,execution_timestamp,2024-10-10 12:46:00-04:00,strict,3.6685069258667,204371.85690873908,8752.282449446799,0.0,,-23.350692586669997,-23.350692586669975,24.19041236876241
1187736507,2024-10-11,SOFR,1.0,1Y,25000000.0,0.03,94000.0,0.0,,False,False,True,NEW_TRADE,2025-12-23,2026-12-23,USD-SOFR-1D,execution_timestamp,2024-10-11 08:23:00-04:00,strict,3.4072300431841165,95038.28106219671,2333.7738129312825,0.0,,-40.72300431841165,-40.72300431841168,40.27811070599574
1188055345,2024-10-11,SOFR,1.0,1Y,25000000.0,0.02875,120963.0,0.0,,False,False,True,NEW_TRADE,2025-09-23,2026-09-23,USD-SOFR-1D,execution_timestamp,2024-10-11 13:11:00-04:00,strict,3.388399131704772,120948.06466139934,2355.8291627760277,0.0,,-51.33991317047722,-51.33991317047724,51.34625290802555
1191571758,2024-10-15,SOFR,0.25205479452054796,3M,100000000.0,0.050437,97800.0,0.0,,False,False,True,NEW_TRADE,2024-10-15,2025-01-15,USD-SOFR-1D,execution_timestamp,2024-10-15 03:42:00-04:00,strict,4.657090622917391,-97614.01937105623,2524.8745932563925,0.0,,38.66093770826096,38.660937708261,38.73459706126036
1194575308,2024-10-16,SOFR,30.019178082191782,30Y,3000000.0,0.034432,27368.86152,0.0,,False,False,True,NEW_TRADE,2024-10-09,2054-10-09,USD-SOFR-1D,execution_timestamp,2024-10-16 09:04:00-04:00,strict,3.493018938351986,27481.502023170935,5516.276125558032,0.0,,-4.9818938351986475,-4.981893835198629,4.961474171532945
1194930202,2024-10-16,SOFR,11.364383561643836,11Y,150000000.0,0.0327,3438000.0,0.0,,False,False,True,NEW_TRADE,2024-09-23,2036-02-01,USD-SOFR-1D,execution_timestamp,2024-10-16 00:24:00-04:00,asof2h,3.5924890719424125,4514941.49269525,140002.92988227165,5100.0,,-32.24890719424125,-32.24890719424129,24.556628942630066
1199484520,2024-10-18,FED_FUNDS,0.0821917808219178,1M,650000000.0,0.03266,1205.55281,0.0,-802.0,False,False,True,NEW_TRADE,2026-04-01,2026-05-01,USD-FEDFUNDS-1D,execution_timestamp,2024-10-18 14:51:00-04:00,strict,3.277534379741808,5889.772202383494,5106.275616221315,0.0,,-1.1534379741807932,-1.1534379741808711,0.23609238917113498
1201325945,2024-10-21,SOFR,10.005479452054795,10Y,2000000.0,0.03827,29057.26069,0.0,,False,False,True,NEW_TRADE,2025-06-06,2035-06-06,USD-SOFR-1D,execution_timestamp,2024-10-21 10:42:00-04:00,strict,3.6511638524518766,-28662.581192833255,1630.0733149871148,0.0,,17.583614754812338,17.583614754812317,17.825738525282027
1201589771,2024-10-21,SOFR,6.002739726027397,6Y,290000.0,0.0139,29442.21364,0.0,,False,False,True,NEW_TRADE,2022-01-10,2028-01-10,USD-SOFR-1D,execution_timestamp,2024-10-21 12:16:00-04:00,strict,4.059555042356657,29441.430671354152,110.28590983972947,0.0,,-266.9555042356658,-266.9555042356657,266.9626036797107
1201837947,2024-10-21,SOFR,10.008219178082191,10Y,6000000.0,0.03493,41513.14278,0.0,,False,False,True,NEW_TRADE,2039-10-21,2049-10-21,USD-SOFR-1D,execution_timestamp,2024-10-21 16:10:00-04:00,strict,3.6428264797505876,42197.84700082929,2816.4478716362532,0.0,,-14.982647975058727,-14.982647975058699,14.739538834738804
1201997673,2024-10-22,SOFR,10.005479452054795,10Y,10000000.0,0.027218,203337.88335,0.0,,False,False,True,NEW_TRADE,2044-09-12,2054-09-12,USD-SOFR-1D,execution_timestamp,2024-10-22 00:08:00-04:00,asof2h,3.231992896862624,202694.61449731234,3972.9015386878323,4140.0,,-51.01928968626241,-51.019289686262454,51.18120380530707
1203501991,2024-10-22,SOFR,5.002739726027397,5Y,9000000.0,0.0616,97000.0,0.0,,False,False,True,NEW_TRADE,2024-10-22,2029-10-22,USD-SOFR-1D,execution_timestamp,2024-10-22 10:39:00-04:00,strict,3.6681756698151697,-1018427.1920858982,4087.0745973106236,0.0,,249.18243301848304,249.1824330184831,23.733356876781237
1203508038,2024-10-22,SOFR,5.005479452054795,5Y,3000000.0,0.04,27000.0,0.0,,False,False,True,NEW_TRADE,2023-04-20,2028-04-20,USD-SOFR-1D,execution_timestamp,2024-10-22 10:55:00-04:00,strict,3.92963785081068,-7933.735166656144,1127.5572531630914,0.0,,7.036214918931982,7.0362149189320125,23.945568993732227
1206294669000001601,2025-11-26,SOFR,25.016438356164382,25Y,31000000.0,0.04165,4254.205,0.0,,False,False,True,NEW_TRADE,2025-09-30,2050-09-30,USD-SOFR-1D,execution_timestamp,2025-11-26 09:54:00-05:00,strict,3.996646271363614,-838797.8544742353,49823.538882580324,0.0,,16.83537286363861,16.835372863638597,0.08538544421796154
1206682435000008001,2025-11-26,SOFR,6.835616438356165,7Y,290000000.0,0.0352025,2160590.79652,0.0,-704403.0,False,False,True,NEW_TRADE,2025-12-01,2032-09-30,USD-SOFR-1D,execution_timestamp,2025-11-26 11:24:00-05:00,strict,3.3997351569878687,-2130232.0819239467,176760.97223223568,0.0,,12.051484301213122,12.051484301213064,12.223234400868359
1207895334,2024-10-24,SOFR,1.0,1Y,25000000.0,0.03375,45403.0,0.0,,False,False,True,NEW_TRADE,2025-09-23,2026-09-23,USD-SOFR-1D,execution_timestamp,2024-10-24 09:46:00-04:00,strict,3.564050434530309,44497.17014712002,2353.7195382635414,0.0,,-18.9050434530309,-18.905043453030878,19.289893830552174
1208591924,2024-10-25,SOFR,1.0,1Y,24000000.0,0.04183,2727.0,0.0,,False,False,True,NEW_TRADE,2024-10-24,2025-10-24,USD-SOFR-1D,execution_timestamp,2024-10-24 23:06:00-04:00,asof2h,,,,,"SnapshotMiss: citivelo_excel minute store (USD-SOFR-1D-CITIVELOEXCELMIN): no snapshot satisfies datetime.datetime(2024, 10, 24, 23, 6, tzinfo=zoneinfo.ZoneInfo(",,,
1214389407,2024-10-29,SOFR,5.002739726027397,5Y,55000000.0,0.037603,39593.08296,0.0,-1609420.0,False,False,True,NEW_TRADE,2024-10-28,2029-10-28,USD-SOFR-1D,execution_timestamp,2024-10-29 07:46:00-04:00,strict,3.776188437627529,39598.28082123585,24922.70275374661,0.0,,-1.5888437627529228,-1.588843762752941,1.5886352034611497
1214422384,2024-10-29,SOFR,2.0027397260273974,2Y,500000000.0,0.0345,2147168.0,0.0,,False,False,True,NEW_TRADE,2027-01-15,2029-01-15,USD-SOFR-1D,execution_timestamp,2024-10-29 09:17:00-04:00,strict,3.695144809175192,2163390.603859864,88249.49674189472,0.0,,-24.5144809175192,-24.51448091751935,24.33065432973369
1214459528,2024-10-28,SOFR,3.0027397260273974,3Y,3000000.0,0.04329,5538.22167,0.0,,False,False,True,NEW_TRADE,2023-11-21,2026-11-21,USD-SOFR-1D,execution_timestamp,2024-10-28 11:45:00-04:00,strict,4.395943177886007,5870.731127331674,876.9722789868979,0.0,,-6.694317788600657,-6.694317788600685,6.315161610807018
1214733980,2024-10-29,SOFR,11.126027397260273,11Y,150000000.0,0.03503,3650000.0,0.0,,False,False,True,NEW_TRADE,2024-10-18,2035-12-01,USD-SOFR-1D,execution_timestamp,2024-10-29 11:10:00-04:00,strict,3.8490129893518175,4689235.129059352,135528.9267237019,0.0,,-34.60129893518178,-34.599514970107684,26.931519995293165
1216681746,2024-10-30,SOFR,30.019178082191782,30Y,33000000.0,0.0335,1913985.0,0.0,,False,False,True,NEW_TRADE,2024-10-30,2054-10-30,USD-SOFR-1D,execution_timestamp,2024-10-30 11:27:00-04:00,strict,3.6766280818949086,1931093.3313214742,59122.08528177909,0.0,,-32.66280818949085,-32.66280818949091,32.3734352548264
1217092765,2024-10-30,SOFR,28.268493150684932,28Y,1000000.0,0.02,333545.8203,0.0,,False,False,True,NEW_TRADE,2023-09-15,2051-12-15,USD-SOFR-1D,execution_timestamp,2024-10-30 14:43:00-04:00,strict,3.780988344906664,317382.2917701366,1782.0570958692583,0.0,,-178.09883449066638,-178.09883449066638,187.1689863771182
1217125255,2024-10-30,SOFR,5.002739726027397,5Y,4000000.0,0.0628,10871.784,0.0,,False,False,True,NEW_TRADE,2024-10-30,2029-10-30,USD-SOFR-1D,execution_timestamp,2024-10-30 15:58:00-04:00,strict,3.7891219970634604,-450893.8082494966,1810.180216445487,0.0,,249.08780029365388,249.08780029365386,6.0059125059647895
1218848326,2024-10-31,SOFR,10.005479452054795,10Y,30000000.0,0.0360706,533557.63433,0.0,,False,False,True,NEW_TRADE,2024-10-15,2034-10-15,USD-SOFR-1D,execution_timestamp,2024-10-31 10:56:00-04:00,strict,3.818365942985871,525379.675274292,24863.45948676984,0.0,,-21.130594298587102,-21.130594298587177,21.459509068475075
1219274483,2024-10-31,SOFR,10.008219178082191,10Y,92000000.0,0.04014,1945825.0,0.0,24835660.0,False,False,True,NEW_TRADE,2026-03-06,2036-03-06,USD-SOFR-1D,execution_timestamp,2024-10-31 16:25:00-04:00,strict,3.7463220489146534,-1941639.4886159971,72536.39983208483,0.0,,26.767795108534685,26.767795108534692,26.825497329677347
1222020309,2024-11-01,SOFR,30.019178082191782,30Y,5000000.0,0.033,257858.56221,0.0,,False,False,True,NEW_TRADE,2028-03-08,2058-03-08,USD-SOFR-1D,execution_timestamp,2024-11-01 16:48:00-04:00,strict,3.6280703784597064,257922.49402096216,7861.803776126066,0.0,,-32.80703784597061,-32.80703784597057,32.79890589396786
1223818503,2024-11-04,SOFR,2.0,2Y,4000000.0,0.0427625,10146.344,0.0,,False,False,True,NEW_TRADE,2024-07-23,2026-07-23,USD-SOFR-1D,execution_timestamp,2024-11-04 08:55:00-05:00,strict,4.1455196573494675,-10095.857356428809,772.2658069838427,0.0,,13.073034265053263,13.073034265053293,13.138408962618074
1223862275,2024-11-04,SOFR,10.005479452054795,10Y,100000000.0,0.0349,1160934.0,0.0,,False,False,True,NEW_TRADE,2024-11-06,2034-11-06,USD-SOFR-1D,execution_timestamp,2024-11-04 10:40:00-05:00,strict,3.7727599855495537,2344482.910411056,82914.23929218535,0.0,,-28.27599855495535,-28.275998554955365,14.00162396604678
1224145938,2024-11-04,SOFR,2.0027397260273974,2Y,500000000.0,0.0345,2138670.0,0.0,,False,False,True,NEW_TRADE,2027-01-15,2029-01-15,USD-SOFR-1D,execution_timestamp,2024-11-04 13:02:00-05:00,strict,3.694130801367409,2155196.2657412738,88280.39123575304,0.0,,-24.41308013674086,-24.413080136740852,24.225878137407385
1226084486,2024-11-05,SOFR,7.002739726027397,7Y,3000000.0,0.024385,307408.14576,0.0,,False,False,True,NEW_TRADE,2024-11-15,2031-11-15,USD-SOFR-1D,execution_timestamp,2024-11-05 11:20:00-05:00,strict,3.837539392707251,255909.19391319144,1829.1779005449373,0.0,,-139.90393927072512,-139.90393927072515,168.0580908332748
1226403031,2024-11-05,SOFR,2.0027397260273974,2Y,12000000.0,0.030232,147174.5268,0.0,,False,False,True,NEW_TRADE,2026-09-25,2028-09-25,USD-SOFR-1D,execution_timestamp,2024-11-05 13:47:00-05:00,strict,3.704085175853223,145589.31889072107,2138.2359912342326,0.0,,-68.08851758532235,-68.08851758532228,68.82988005222376
1228759357,2024-11-06,SOFR,2.0027397260273974,2Y,500000000.0,0.0345,3074503.0,0.0,,False,False,True,NEW_TRADE,2027-01-15,2029-01-15,USD-SOFR-1D,execution_timestamp,2024-11-06 13:25:00-05:00,strict,3.7859383309844397,2956411.413011372,88004.58716181177,0.0,,-33.59383309844395,-33.593833098444,34.93571300263009
1230702620,2024-11-07,SOFR,0.5013698630136987,6M,48000000.0,0.044328,2125.0,0.0,,False,False,True,NEW_TRADE,2024-10-30,2025-05-01,USD-SOFR-1D,execution_timestamp,2024-11-07 10:29:00-05:00,strict,4.440146127351221,1753.9733825915027,2387.616357208776,0.0,,-0.7346127351220311,-0.7346127351221413,0.8900089805399952
1232991572,2024-11-08,SOFR,10.005479452054795,10Y,32000000.0,0.03144,8376.72352,0.0,8272.0,False,False,True,NEW_TRADE,2044-11-14,2054-11-14,USD-SOFR-1D,execution_timestamp,2024-11-08 09:00:00-05:00,strict,3.1363511710385734,-9667.717266317923,12639.473722151683,0.0,,0.7648828961426712,0.7648828961426202,0.6627430622620881
1233092330,2024-11-08,SOFR,5.2027397260273975,5Y,6000000.0,0.0528,138869.49,0.0,,False,False,True,NEW_TRADE,2023-07-15,2028-09-25,USD-SOFR-1D,execution_timestamp,2024-11-08 11:22:00-05:00,strict,3.913240059395487,-303176.2031483534,2218.2110708794953,0.0,,136.67599406045133,136.67599406045136,62.60427234498466
1233517191,2024-11-08,SOFR,3.221917808219178,3Y,5000000.0,0.03343,80800.0,0.0,,False,False,True,NEW_TRADE,2024-11-12,2028-02-01,USD-SOFR-1D,execution_timestamp,2024-11-08 14:33:00-05:00,strict,3.9315152170279117,88458.56626775034,1503.0803572842053,0.0,,-58.851521702791175,-58.851521702791054,53.75627431256636
1236234601,2024-11-12,SOFR,1.0,1Y,25000000.0,0.042073,21298.0,0.0,,False,False,True,NEW_TRADE,2024-11-08,2025-11-08,USD-SOFR-1D,execution_timestamp,2024-11-11 20:22:00-05:00,strict,4.294469401567248,21277.31968164316,2440.9161126600698,0.0,,-8.716940156724817,-8.716940156724801,8.725412516036773
1237901127,2024-11-12,SOFR,2.0027397260273974,2Y,430000000.0,0.038395,362732.81688,0.0,,False,False,True,NEW_TRADE,2026-11-09,2028-11-09,USD-SOFR-1D,execution_timestamp,2024-11-12 10:32:00-05:00,strict,3.7978820859195865,-316352.3344216421,76013.50077526511,0.0,,4.161791408041315,4.16179140804134,4.771952523965765
1240237141,2024-11-13,SOFR,4.260273972602739,4Y,38000000.0,0.038675,185360.9229,0.0,3649164.0,False,False,True,NEW_TRADE,2023-06-28,2027-09-30,USD-SOFR-1D,execution_timestamp,2024-11-13 09:56:00-05:00,strict,4.038054571630402,182747.5744405063,10714.903311799033,0.0,,-17.055457163040224,-17.055457163040227,17.299355627025054
1240441280,2024-11-13,SOFR,7.005479452054795,7Y,100000.0,0.03275,4355.0,0.0,3870.0,False,False,True,NEW_TRADE,2023-04-18,2030-04-18,USD-SOFR-1D,execution_timestamp,2024-11-13 12:27:00-05:00,strict,4.07806316447284,4360.197166676244,54.29457307431653,0.0,,-80.30631644728396,-80.3063164472839,80.21059478705223
1242849636,2024-11-14,SOFR,1.7452054794520548,21M,84000000.0,0.03197,1198568.74929,0.0,-7482500.0,False,False,True,NEW_TRADE,2024-12-18,2026-09-16,USD-SOFR-1D,execution_timestamp,2024-11-14 13:23:00-05:00,strict,4.051006007411887,1197658.2024875125,14024.002080700619,0.0,,-85.40060074118871,-85.40060074118865,85.4655284841573
1243071417,2024-11-14,SOFR,10.008219178082191,10Y,3000000.0,0.0325,149924.4,0.0,,False,False,True,NEW_TRADE,2026-12-22,2036-12-22,USD-SOFR-1D,execution_timestamp,2024-11-14 16:05:00-05:00,strict,3.912988112618861,150584.32772664726,2271.2975521058133,0.0,,-66.29881126188609,-66.29881126188612,66.00826028320196
1244678818,2024-11-15,SOFR,30.02191780821918,30Y,3000000.0,0.03625,48322.8,0.0,,False,False,True,NEW_TRADE,2026-12-22,2056-12-22,USD-SOFR-1D,execution_timestamp,2024-11-15 09:52:00-05:00,strict,3.7222313402197624,47389.65926833823,4873.9078532938365,0.0,,-9.723134021976287,-9.72313402197619,9.914590397383686
1244697849,2024-11-15,SOFR,10.008219178082191,10Y,3000000.0,0.0375,40008.0,0.0,,False,False,True,NEW_TRADE,2026-12-22,2036-12-22,USD-SOFR-1D,execution_timestamp,2024-11-15 11:13:00-05:00,strict,3.9313654637433824,41195.985558543936,2271.434963871235,0.0,,-18.136546374338238,-18.13654637433823,17.613535336188477
1244699463,2024-11-15,SOFR,5.002739726027397,5Y,79000000.0,0.03792,400501.04342,0.0,3604992.0,False,False,True,NEW_TRADE,2029-06-20,2034-06-20,USD-SOFR-1D,execution_timestamp,2024-11-15 11:20:00-05:00,strict,3.9282072697683184,405742.52148509026,29788.609827892185,0.0,,-13.62072697683181,-13.620726976831877,13.444771197244524
1245163803,2024-11-15,SOFR,30.019178082191782,30Y,7000000.0,0.033,383507.72491,0.0,,False,False,True,NEW_TRADE,2028-03-08,2058-03-08,USD-SOFR-1D,execution_timestamp,2024-11-15 15:34:00-05:00,strict,3.645267193190812,378400.5357586853,10959.643523083385,0.0,,-34.52671931908115,-34.52671931908112,34.992718887457386
1247305010,2024-11-18,FED_FUNDS,0.25205479452054796,3M,800000000.0,0.046537,20784.39544,0.0,-224421.0,False,False,True,NEW_TRADE,2024-10-09,2025-01-09,USD-FEDFUNDS-1D,execution_timestamp,2024-11-18 08:16:00-05:00,strict,4.656045652930589,4761.9861559886485,20301.324607268205,0.0,,-0.23456529305887486,-0.23456529305894552,1.0237950400812195
1247345140,2024-11-18,SOFR,10.005479452054795,10Y,15000000.0,0.037412,230034.08753,0.0,168430.0,False,False,True,NEW_TRADE,2025-02-20,2035-02-20,USD-SOFR-1D,execution_timestamp,2024-11-18 10:10:00-05:00,strict,3.929030261455125,229256.34333068132,12205.506266915043,0.0,,-18.783026145512505,-18.78302614551245,18.846746910740098
1247432431,2024-11-18,SOFR,10.005479452054795,10Y,5000000.0,0.0377642,66507.0,0.0,66507.0,False,False,True,NEW_TRADE,2024-11-20,2034-11-20,USD-SOFR-1D,execution_timestamp,2024-11-18 11:39:00-05:00,strict,3.9384995024618314,66603.39741266891,4109.304162526903,0.0,,-16.207950246183156,-16.20795024618304,16.184491916291577
1247849759,2024-11-18,SOFR,5.002739726027397,5Y,4000000.0,0.041,381867.86,0.0,,False,False,True,NEW_TRADE,2032-05-05,2037-05-05,USD-SOFR-1D,execution_timestamp,2024-11-18 14:45:00-05:00,strict,3.9977990300380712,-13813.906302847783,1351.6414088822785,0.0,,10.220096996192929,10.220096996192952,282.52157524219416
1248304836000000601,2025-11-28,SOFR,20.013698630136986,20Y,2000000.0,0.0439,13190.0,0.0,,False,False,True,NEW_TRADE,2034-03-01,2054-03-01,USD-SOFR-1D,execution_timestamp,2025-11-28 12:13:00-05:00,strict,4.3138786307247985,-15071.833467160352,1979.974034974466,0.0,,7.612136927520208,7.612136927520224,6.661703520859606
1248998113,2024-11-19,SOFR,3.4328767123287673,3Y,18000000.0,0.0425,104949.90454,0.0,,False,False,True,NEW_TRADE,2024-11-19,2028-04-25,USD-SOFR-1D,execution_timestamp,2024-11-19 03:42:00-05:00,strict,3.917262455491614,-191271.7999693239,5748.428547548625,0.0,,33.273754450838624,33.27375445083863,18.257146917961627
1250327026,2024-11-20,SOFR,0.5013698630136987,6M,110000000.0,0.038067,149866.05132,0.0,,False,False,True,NEW_TRADE,2025-04-24,2025-10-24,USD-SOFR-1D,execution_timestamp,2024-11-19 22:09:00-05:00,strict,4.0860481124084025,150055.07742985454,5371.615943138237,0.0,,-27.934811240840276,-27.93481124084022,27.899621437277286
1251716696,2024-11-20,SOFR,5.002739726027397,5Y,67000000.0,0.03516,1354688.96266,0.0,,False,False,True,NEW_TRADE,2024-10-18,2029-10-18,USD-SOFR-1D,execution_timestamp,2024-11-20 08:39:00-05:00,strict,3.9659780113757757,1363222.5756771024,30295.315353502356,0.0,,-44.99780113757761,-44.99780113757767,44.7161201939226
1253888845,2024-11-21,SOFR,30.019178082191782,30Y,6000000.0,0.0425,621974.75787,0.0,,False,False,True,NEW_TRADE,2030-02-22,2060-02-22,USD-SOFR-1D,execution_timestamp,2024-11-21 10:14:00-05:00,strict,3.547109043671115,-619469.1925360998,8813.16208379622,0.0,,70.2890956328885,70.28909563288855,70.5733937440633
1254214980,2024-11-21,SOFR,2.0027397260273974,2Y,1000000000.0,0.0345,6541121.0,0.0,,False,True,True,NEW_TRADE,2027-01-15,2029-01-15,USD-SOFR-1D,execution_timestamp,2024-11-21 13:38:00-05:00,strict,3.8236151476078755,6570568.500579372,175864.61744520706,0.0,,-37.36151476078753,-37.36151476078762,37.19407061535828
1254238833,2024-11-21,SOFR,7.03013698630137,7Y,2000000.0,0.0639,37714.248,0.0,,False,False,True,NEW_TRADE,2024-11-21,2031-12-01,USD-SOFR-1D,execution_timestamp,2024-11-21 14:36:00-05:00,strict,3.9272136766019683,-300419.97186680755,1219.8377464282119,0.0,,246.27863233980315,246.2786323398031,30.91742988805725
1260727402,2024-11-26,SOFR,1.0,1Y,25000000.0,0.03,204270.0,0.0,,False,False,True,NEW_TRADE,2025-12-23,2026-12-23,USD-SOFR-1D,execution_timestamp,2024-11-26 10:21:00-05:00,strict,3.8741388755955697,203545.08048860892,2328.5210871090635,0.0,,-87.41388755955697,-87.41388755955691,87.72520941762568
1260958258,2024-11-26,SOFR,0.4876712328767123,6M,250000000.0,0.0440041,70790.0,0.0,,False,False,True,NEW_TRADE,2024-11-18,2025-05-15,USD-SOFR-1D,execution_timestamp,2024-11-26 12:35:00-05:00,strict,4.457877346250316,69541.96900235489,12101.127603742847,0.0,,-5.746734625031635,-5.746734625031616,5.849868071641922
1261363358,2024-11-26,SOFR,8.923287671232877,9Y,17000000.0,0.0613,233810.4936,0.0,,False,False,True,NEW_TRADE,2025-12-15,2034-11-15,USD-SOFR-1D,execution_timestamp,2024-11-26 16:48:00-05:00,strict,3.7725515611855207,-2892567.592287153,12269.908196769624,0.0,,235.7448438814479,235.7448438814479,19.05560252370566
1262990304,2024-11-27,SOFR,30.019178082191782,30Y,6000000.0,0.035505,95955.35269,0.0,,False,False,True,NEW_TRADE,2024-10-21,2054-10-21,USD-SOFR-1D,execution_timestamp,2024-11-27 09:57:00-05:00,strict,3.6410321092704625,98001.09752388671,10825.00985712273,0.0,,-9.053210927046251,-9.053210927046235,8.864227742653046
1263360345,2024-11-27,SOFR,1.7534246575342465,21M,10000000.0,0.0047625,212400.0,0.0,,False,False,True,NEW_TRADE,2023-07-22,2025-04-22,USD-SOFR-1D,execution_timestamp,2024-11-27 15:08:00-05:00,strict,4.969860647705546,447450.50061077223,995.748265015444,0.0,,-449.36106477055455,-449.36106477055455,213.3069245134017
1265367062,2024-11-29,SOFR,5.002739726027397,5Y,23000000.0,0.041756,388339.0,0.0,,False,False,True,NEW_TRADE,2024-12-06,2029-12-06,USD-SOFR-1D,execution_timestamp,2024-11-28 21:52:00-05:00,strict,,,,,"SnapshotMiss: citivelo_excel minute store (USD-SOFR-1D-CITIVELOEXCELMIN): no snapshot satisfies datetime.datetime(2024, 11, 28, 21, 52, tzinfo=zoneinfo.ZoneInfo",,,
1269319975,2024-12-02,SOFR,1.0,1Y,25000000.0,0.03,165080.0,0.0,,False,False,True,NEW_TRADE,2026-03-24,2027-03-24,USD-SOFR-1D,execution_timestamp,2024-12-02 11:25:00-05:00,strict,3.7039446732040124,162840.85549351736,2313.2621311323387,0.0,,-70.39446732040125,-70.39446732040133,71.36242701521836
1269777465,2024-12-02,SOFR,2.9945205479452053,3Y,200.0,0.045819,2.47,0.0,,False,False,True,NEW_TRADE,2024-06-03,2027-06-01,USD-SOFR-1D,execution_timestamp,2024-12-02 15:31:00-05:00,strict,4.149033223734393,-2.476176111094677,0.05720411560473507,0.0,,43.28667762656071,43.286677626560696,43.178711424664456
1269787554,2024-12-02,SOFR,25.016438356164382,25Y,150000.0,0.037172,1194.0,0.0,,False,False,True,NEW_TRADE,2024-11-06,2049-11-06,USD-SOFR-1D,execution_timestamp,2024-12-02 15:58:00-05:00,strict,3.668536319380472,-1187.0912270130939,243.93782219110162,0.0,,4.866368061952775,4.866368061952784,4.894689922518931
1271300308000002901,2025-12-01,SOFR,20.013698630136986,20Y,6000000.0,0.043288,5707.3185,0.0,,False,False,True,NEW_TRADE,2035-06-01,2055-06-01,USD-SOFR-1D,execution_timestamp,2025-12-01 08:12:00-05:00,strict,4.330759152254459,1098.6376635497436,5607.719670839649,0.0,,-0.19591522544590845,-0.1959152254458618,1.0177610214145099
1271374074000001501,2025-12-01,SOFR,10.005479452054795,10Y,9000000.0,0.03939,209559.6132,0.0,,False,False,True,NEW_TRADE,2025-05-14,2035-05-14,USD-SOFR-1D,execution_timestamp,2025-12-01 08:54:00-05:00,strict,3.6709177400417623,-207170.25401328458,7727.861367833812,0.0,,26.808225995823776,26.80822599582376,27.117413631702014
1271512742000000701,2025-12-01,SOFR,1.0,1Y,110000000.0,0.0338,6271.59104,0.0,,False,False,True,NEW_TRADE,2028-10-02,2029-10-02,USD-SOFR-1D,execution_timestamp,2025-12-01 09:56:00-05:00,strict,3.3689484902656277,-10855.978129525669,9823.072494576441,0.0,,1.105150973437219,1.1051509734372336,0.6384551313718492
1273592153,2024-12-04,SOFR,6.838356164383562,7Y,2000000.0,0.0497,157671.158,0.0,,False,False,True,NEW_TRADE,2023-07-07,2030-05-07,USD-SOFR-1D,execution_timestamp,2024-12-04 10:18:00-05:00,strict,3.9278978822077786,-113612.60596041463,1090.2252669931454,0.0,,104.21021177922212,104.21021177922209,144.62254982849458
1273606185,2024-12-04,SOFR,1.5205479452054795,18M,50000000.0,0.04725,205478.5824,0.0,,False,False,True,NEW_TRADE,2024-06-24,2025-12-31,USD-SOFR-1D,execution_timestamp,2024-12-04 11:07:00-05:00,strict,4.450659426655965,-205097.25560406316,7476.008856585087,0.0,,27.434057334403494,27.434057334403434,27.48506406851143
1275843400,2024-12-05,SOFR,1.0,1Y,25000000.0,0.03,175768.0,0.0,,False,False,True,NEW_TRADE,2025-12-23,2026-12-23,USD-SOFR-1D,execution_timestamp,2024-12-05 09:15:00-05:00,strict,3.7503860500461617,175353.17667913274,2336.83950638935,0.0,,-75.03860500461616,-75.0386050046162,75.21611968619064
1276271914,2024-12-05,SOFR,10.008219178082191,10Y,6000000.0,0.040575,144000.0,0.0,,False,False,True,NEW_TRADE,2023-08-24,2033-08-24,USD-SOFR-1D,execution_timestamp,2024-12-05 16:20:00-05:00,strict,3.746375240868263,-143431.97905346588,4610.111373127122,0.0,,31.112475913173697,31.11247591317374,31.235687892356104
1278332114,2024-12-06,SOFR,3.0,3Y,3000000.0,0.0411,25680.0,0.0,,False,False,True,NEW_TRADE,2024-12-06,2027-12-06,USD-SOFR-1D,execution_timestamp,2024-12-06 14:58:00-05:00,strict,3.8168000745377113,-24764.448930033657,844.6267130180074,0.0,,29.31999254622881,29.31999254622874,30.403963791579137
1278395462,2024-12-06,SOFR,4.994520547945205,5Y,14000000.0,0.0383,94733.604,0.0,,False,False,True,NEW_TRADE,2024-12-06,2029-12-03,USD-SOFR-1D,execution_timestamp,2024-12-06 16:02:00-05:00,strict,3.7040328173340153,-79849.43317454588,6338.90760153579,0.0,,12.596718266598472,12.596718266598486,14.944783857876073
1280538970,2024-12-09,SOFR,5.002739726027397,5Y,11000000.0,0.03557,40278.44065,0.0,,False,False,True,NEW_TRADE,2025-08-07,2030-08-07,USD-SOFR-1D,execution_timestamp,2024-12-09 10:16:00-05:00,strict,3.639483497422403,40148.14390191715,4867.415320220477,0.0,,-8.248349742240313,-8.248349742240318,8.275118928658737
1280539564,2024-12-09,SOFR,5.002739726027397,5Y,99000000.0,0.032,25837.0,0.0,,False,False,True,NEW_TRADE,2044-12-05,2049-12-05,USD-SOFR-1D,execution_timestamp,2024-12-09 10:17:00-05:00,strict,3.190736075373865,-20114.922223626636,21713.175609049315,0.0,,0.9263924626135012,0.9263924626135027,1.1899226748404326
1285196491,2024-12-11,SOFR,2.0,2Y,5000000.0,0.04339,24592.0,0.0,,False,False,True,NEW_TRADE,2024-09-30,2026-09-30,USD-SOFR-1D,execution_timestamp,2024-12-11 15:53:00-05:00,strict,4.083154635281283,-24610.85698830249,961.9426568607325,0.0,,25.584536471871644,25.584536471871612,25.564933444427098
1286863362,2024-12-12,SOFR,4.624657534246575,5Y,40000000.0,0.00858596,2090590.8387,0.0,,False,False,True,NEW_TRADE,2021-08-16,2026-03-31,USD-SOFR-1D,execution_timestamp,2024-12-12 10:59:00-05:00,strict,4.510633800663359,2878435.637331457,7881.72465468078,0.0,,-365.2037800663359,-365.2037800663359,265.24535305333774
1287109618,2024-12-12,SOFR,10.005479452054795,10Y,31000000.0,0.03046,195700.0,0.0,,False,False,True,NEW_TRADE,2044-12-02,2054-12-02,USD-SOFR-1D,execution_timestamp,2024-12-12 11:52:00-05:00,strict,3.1536987438269035,132208.38335014787,12275.75908987735,0.0,,-10.769874382690325,-10.769874382690316,15.941987665868675
1287289788,2024-12-12,SOFR,2.580821917808219,3Y,300000000.0,0.03952,86000.0,0.0,,False,False,True,NEW_TRADE,2024-11-12,2027-06-12,USD-SOFR-1D,execution_timestamp,2024-12-12 14:55:00-05:00,strict,3.974052987480937,160779.20045166835,73615.09167305264,0.0,,-2.205298748093698,-2.1840521664462287,1.1682387136316092
1290697909,2024-12-16,SOFR,8.005479452054795,8Y,50000000.0,0.035653,897011.0,0.0,,False,False,True,NEW_TRADE,2022-11-17,2030-11-17,USD-SOFR-1D,execution_timestamp,2024-12-16 03:46:00-05:00,strict,3.9025868480662242,899260.2697985526,26661.5871610264,0.0,,-33.728684806622454,-33.728684806622496,33.64432111945835
1291200717,2024-12-16,SOFR,5.1287671232876715,5Y,38000000.0,0.04224,367968.88,0.0,,False,False,True,NEW_TRADE,2024-07-15,2029-08-30,USD-SOFR-1D,execution_timestamp,2024-12-16 09:40:00-05:00,strict,3.968935417052578,-442446.5476216264,17346.451730338078,0.0,,25.50645829474223,25.506458294742174,21.212919259818467
1291661934,2024-12-16,SOFR,30.019178082191782,30Y,38000000.0,0.031,4663559.41051,0.0,,False,False,True,NEW_TRADE,2024-10-23,2054-10-23,USD-SOFR-1D,execution_timestamp,2024-12-16 14:34:00-05:00,strict,3.7889124990955274,4652274.634285692,67530.70441302288,0.0,,-68.89124990955273,-68.8912499095527,69.05835576639804
1293267520,2024-12-17,SOFR,30.019178082191782,30Y,10000000.0,0.0565,67000.0,0.0,,False,False,True,NEW_TRADE,2024-12-23,2054-12-23,USD-SOFR-1D,execution_timestamp,2024-12-17 10:17:00-05:00,strict,3.7393751630340484,-3387061.778556386,17727.50836807396,0.0,,191.0624836965952,191.06248369659522,3.7794369411023636
1295461937,2024-12-18,SOFR,10.005479452054795,10Y,5000000.0,0.03625,101403.0,0.0,,False,False,True,NEW_TRADE,2025-12-23,2035-12-23,USD-SOFR-1D,execution_timestamp,2024-12-18 09:45:00-05:00,strict,3.8803873941989844,101162.88817607611,3961.1543276586017,0.0,,-25.538739419898484,-25.538739419898462,25.59935604931058
1295507854000000101,2025-12-02,SOFR,5.002739726027397,5Y,3000000.0,0.0565,34289.3195,0.0,,False,False,True,NEW_TRADE,2025-12-02,2030-12-02,USD-SOFR-1D,execution_timestamp,2025-12-02 15:13:00-05:00,strict,3.3560832979086546,-316198.61619043705,1378.4223982595413,0.0,,229.3916702091346,229.3916702091346,24.87577069503169
1295899097,2024-12-18,SOFR,5.002739726027397,5Y,2000000.0,0.041425,447.85135,0.0,,False,False,True,NEW_TRADE,2024-05-17,2029-05-17,USD-SOFR-1D,execution_timestamp,2024-12-18 14:01:00-05:00,strict,4.146350473899742,354.9464471558458,921.8253555220354,0.0,,-0.385047389974158,-0.3850473899742511,0.48583101703291626
1295941210,2024-12-18,SOFR,2.0,2Y,300000000.0,0.034,3234000.0,0.0,,False,False,True,NEW_TRADE,2026-01-22,2028-01-22,USD-SOFR-1D,execution_timestamp,2024-12-18 14:39:00-05:00,strict,3.989167976446071,3232385.969764378,54863.57200305594,0.0,,-58.916797644607044,-58.916797644607094,58.94621662293268
1297588440,2024-12-19,SOFR,5.002739726027397,5Y,53000000.0,0.037,649954.0,0.0,,False,False,True,NEW_TRADE,2029-12-04,2034-12-04,USD-SOFR-1D,execution_timestamp,2024-12-19 08:42:00-05:00,strict,4.028818508507199,643081.16095726,19557.32856635046,0.0,,-32.88185085071995,-32.88185085071993,33.23327098560303
1298111395,2024-12-19,SOFR,30.019178082191782,30Y,25000000.0,0.02424,6986697.0,0.0,,False,False,True,NEW_TRADE,2026-02-05,2056-02-05,USD-SOFR-1D,execution_timestamp,2024-12-19 14:17:00-05:00,strict,3.8189914907707836,5827305.595843025,41773.05477772646,0.0,,-139.49914907707836,-139.49914907707839,167.25367673434627
1298118838,2024-12-19,SOFR,10.008219178082191,10Y,12000000.0,0.0344,557961.0,0.0,,False,False,True,NEW_TRADE,2027-08-20,2037-08-20,USD-SOFR-1D,execution_timestamp,2024-12-19 14:53:00-05:00,strict,4.070361461622697,555015.8028557654,8804.722950972062,0.0,,-63.03614616226967,-63.036146162269695,63.3706481290703
1298134114,2024-12-19,SOFR,30.019178082191782,30Y,2000000.0,0.03375,166250.0,0.0,9.9999999999,False,False,True,NEW_TRADE,2025-08-13,2055-08-13,USD-SOFR-1D,execution_timestamp,2024-12-19 16:08:00-05:00,strict,3.870802259970232,168057.4638699612,3389.6066524596217,0.0,,-49.580225997023184,-49.58022599702317,49.04698894172955
1298191283,2024-12-19,SOFR,10.005479452054795,10Y,41000000.0,0.036875,1261795.68204,0.0,,False,False,True,NEW_TRADE,2025-02-26,2035-02-26,USD-SOFR-1D,execution_timestamp,2024-12-19 16:29:00-05:00,strict,4.068042081516111,1264562.3918919507,33230.55329002849,0.0,,-38.054208151611135,-38.05420815161115,37.97095013818587
1300088110,2024-12-20,SOFR,4.008219178082192,4Y,10000000.0,0.0341406,178914.0,0.0,,False,False,True,NEW_TRADE,2023-04-03,2027-04-05,USD-SOFR-1D,execution_timestamp,2024-12-20 13:33:00-05:00,strict,4.396137180754971,283820.3580712358,2890.0005379724757,0.0,,-98.20771807549713,-98.2077180754971,61.90794695336626
1302636494,2024-12-24,SOFR,10.005479452054795,10Y,1000000.0,0.040953,3.25204,0.0,,False,False,True,NEW_TRADE,2024-12-27,2034-12-27,USD-SOFR-1D,execution_timestamp,2024-12-23 20:37:00-05:00,strict,,,,,"SnapshotMiss: citivelo_excel minute store (USD-SOFR-1D-CITIVELOEXCELMIN): no snapshot satisfies datetime.datetime(2024, 12, 23, 20, 37, tzinfo=zoneinfo.ZoneInfo",,,
1307481414,2024-12-27,SOFR,3.0027397260273974,3Y,1000000.0,0.039,4068.31706,0.0,,False,False,True,NEW_TRADE,2025-08-19,2028-08-19,USD-SOFR-1D,execution_timestamp,2024-12-27 11:02:00-05:00,strict,4.0462535842151155,4005.0141824389866,273.84041245432053,0.0,,-14.625358421511558,-14.625358421511526,14.85652546144422
1311430325,2024-12-31,SOFR,5.002739726027397,5Y,40000000.0,0.04121,277339.47296,0.0,,False,False,True,NEW_TRADE,2024-12-30,2029-12-30,USD-SOFR-1D,execution_timestamp,2024-12-31 09:35:00-05:00,strict,4.009600885554079,-200760.05327481218,18021.692028106132,0.0,,11.139911444592077,11.139911444592014,15.389202774493596
1311742870000004501,2025-12-03,SOFR,10.008219178082191,10Y,19000000.0,0.038567,312953.50051,0.0,-626462.0,False,False,True,NEW_TRADE,2026-03-18,2036-03-18,USD-SOFR-1D,execution_timestamp,2025-12-03 07:20:00-05:00,strict,3.65969931010752,-311986.2883986989,15836.811971012721,0.0,,19.700068989247967,19.70006898924798,19.76114265186843
1313939141000011601,2025-12-03,SOFR,5.002739726027397,5Y,26000000.0,0.033977,62230.84416,0.0,,False,False,True,NEW_TRADE,2025-11-19,2030-11-19,USD-SOFR-1D,execution_timestamp,2025-12-03 11:10:00-05:00,strict,3.3476195530958472,-59921.627016385086,11965.074339505487,0.0,,5.00804469041527,5.008044690415323,5.201041163156867
1315940874,2025-01-03,SOFR,5.002739726027397,5Y,15000000.0,0.045,156000.0,0.0,,False,False,True,NEW_TRADE,2025-01-14,2030-01-14,USD-SOFR-1D,execution_timestamp,2025-01-03 15:53:00-05:00,strict,4.071067382002746,-288880.0963518047,6734.859608034141,0.0,,42.893261799725394,42.89326179972544,23.163066356113
1317756913,2025-01-06,SOFR,30.02191780821918,30Y,4000000.0,0.031127,644823.531,0.0,,False,False,True,NEW_TRADE,2023-05-19,2053-05-19,USD-SOFR-1D,execution_timestamp,2025-01-06 09:04:00-05:00,strict,4.03573571831561,641677.943245918,6951.821370649399,0.0,,-92.30357183156106,-92.30357183156106,92.75605580466235
1317758709,2025-01-06,SOFR,1.9945205479452055,2Y,500000000.0,0.0405109,906681.36,0.0,,False,False,True,NEW_TRADE,2024-12-02,2026-11-30,USD-SOFR-1D,execution_timestamp,2025-01-06 08:23:00-05:00,strict,4.122049475141529,677365.2312809303,95458.03853959302,0.0,,-7.0959475141529005,-7.095947514152832,9.498219048613038
1318184438,2025-01-06,SOFR,4.994520547945205,5Y,45000000.0,0.04004319,190719.864,0.0,,False,False,True,NEW_TRADE,2025-01-03,2029-12-31,USD-SOFR-1D,execution_timestamp,2025-01-06 12:34:00-05:00,strict,4.096168370295957,185500.98079773132,20196.216936491768,0.0,,-9.18493702959573,-9.184937029595712,9.44334597908758
1319953021,2025-01-07,SOFR,20.013698630136986,20Y,25000000.0,0.0332,1422997.0,0.0,,False,False,True,NEW_TRADE,2034-09-28,2054-09-28,USD-SOFR-1D,execution_timestamp,2025-01-07 09:39:00-05:00,strict,3.9436946497617114,1415895.686180666,22701.74494396611,0.0,,-62.36946497617115,-62.36946497617121,62.68227413850044
1319980726,2025-01-07,SOFR,2.0027397260273974,2Y,1000000000.0,0.0345,12642982.0,0.0,,False,True,True,NEW_TRADE,2027-01-15,2029-01-15,USD-SOFR-1D,execution_timestamp,2025-01-07 10:43:00-05:00,strict,4.17226005062274,12694612.4340083,175762.35073589993,0.0,,-72.22600506227401,-72.22600506227407,71.93225367699658
1322255828,2025-01-08,SOFR,3.0027397260273974,3Y,2000000.0,0.039,10095.77433,0.0,,False,False,True,NEW_TRADE,2025-08-19,2028-08-19,USD-SOFR-1D,execution_timestamp,2025-01-08 10:25:00-05:00,strict,4.083619342844949,10067.29958764679,548.2701022488545,0.0,,-18.36193428449495,-18.361934284494943,18.413869894765163
1322256169,2025-01-08,SOFR,20.013698630136986,20Y,50000000.0,0.04055,5140.0,0.0,,False,False,True,NEW_TRADE,2033-10-26,2053-10-26,USD-SOFR-1D,execution_timestamp,2025-01-08 10:26:00-05:00,strict,4.051799272244093,-14926.290658067912,46634.05261668686,0.0,,0.32007277559076286,0.32007277559074726,0.11021988679064054
1322736673,2025-01-08,SOFR,1.9972602739726026,2Y,140000000.0,0.03633,1251195.9504,0.0,126735.0,False,False,True,NEW_TRADE,2026-12-14,2028-12-12,USD-SOFR-1D,execution_timestamp,2025-01-08 14:36:00-05:00,strict,4.139355700009357,1247155.355361484,24630.02500689608,0.0,,-50.63557000093573,-50.63557000093573,50.79962160207639
1322817142,2025-01-08,SOFR,5.002739726027397,5Y,8000000.0,0.06604,70246.4256,0.0,,False,False,True,NEW_TRADE,2025-01-08,2030-01-08,USD-SOFR-1D,execution_timestamp,2025-01-08 16:00:00-05:00,strict,4.130393655442705,-888754.7387169949,3592.9514034136123,0.0,,247.3606344557295,247.3606344557295,19.551176098084674
1324425163,2025-01-09,SOFR,7.002739726027397,7Y,57000000.0,0.0365,1865724.99657,0.0,,False,False,True,NEW_TRADE,2024-08-30,2031-08-30,USD-SOFR-1D,execution_timestamp,2025-01-09 10:08:00-05:00,strict,4.183603529641324,1865090.3002053332,34952.73544121803,0.0,,-53.36035296413244,-53.360352964132375,53.378511667783314
1324467093,2025-01-09,SOFR,4.972602739726027,5Y,550000000.0,0.040995,452453.23734,0.0,-46872800.0,False,True,True,NEW_TRADE,2024-12-30,2029-12-19,USD-SOFR-1D,execution_timestamp,2025-01-09 11:36:00-05:00,strict,4.1154047798333275,391424.28804294765,246104.8138640428,0.0,,-1.590477983332761,-1.590477983332681,1.8384574858009544
1324467134,2025-01-09,SOFR,3.7945205479452055,4Y,410000000.0,0.04449,2608043.2928,0.0,-46872800.0,False,False,True,NEW_TRADE,2024-05-30,2028-03-15,USD-SOFR-1D,execution_timestamp,2025-01-09 11:36:00-05:00,strict,4.269340480769323,-2639053.2693033814,146891.9253821954,0.0,,17.965951923067713,17.965951923067774,17.75484449546277
1324467141,2025-01-09,SOFR,4.926027397260274,5Y,180000000.0,0.0382,3150812.0,0.0,-46872800.0,False,False,True,NEW_TRADE,2024-07-18,2029-06-20,USD-SOFR-1D,execution_timestamp,2025-01-09 11:36:00-05:00,strict,4.204604179889646,3129141.4899688438,81360.04894347966,0.0,,-38.46041798896462,-38.46041798896458,38.72677119686654
1324728908,2025-01-09,SOFR,4.934246575342466,5Y,91000000.0,0.0403386,1133770.05392,0.0,19785090.0,False,False,True,NEW_TRADE,2024-03-25,2029-02-28,USD-SOFR-1D,execution_timestamp,2025-01-09 12:50:00-05:00,strict,4.304775679209218,1130178.6953393482,41716.99100761748,0.0,,-27.091567920921733,-27.091567920921687,27.17765655037236
1324729073,2025-01-09,SOFR,6.978082191780822,7Y,360000000.0,0.0347536,16104521.6586,0.0,19785090.0,False,True,True,NEW_TRADE,2024-08-09,2031-07-31,USD-SOFR-1D,execution_timestamp,2025-01-09 12:50:00-05:00,strict,4.204104637503719,16080022.719795331,220653.736470387,0.0,,-72.8744637503719,-72.8744637503719,72.9854926375168
1324729194,2025-01-09,SOFR,4.980821917808219,5Y,350000000.0,0.0344332,11313273.6142,0.0,19785090.0,False,False,True,NEW_TRADE,2024-10-08,2029-09-30,USD-SOFR-1D,execution_timestamp,2025-01-09 12:50:00-05:00,strict,4.1582767107463425,11302973.2033607,158087.75094309135,0.0,,-71.49567107463426,-71.49809606330322,71.5632523500987
1324986529,2025-01-10,SOFR,8.073972602739726,8Y,6000000.0,0.0355002,322411.50131,0.0,,False,False,True,NEW_TRADE,2023-12-18,2032-01-12,USD-SOFR-1D,execution_timestamp,2025-01-09 20:09:00-05:00,strict,4.310477949771698,322009.11841531727,4234.410574733156,0.0,,-76.04579497716979,-76.04579497716979,76.14082187349482
1324993664,2025-01-10,SOFR,5.002739726027397,5Y,4000000.0,0.03333,154494.20448,0.0,,False,False,True,NEW_TRADE,2024-09-03,2029-09-03,USD-SOFR-1D,execution_timestamp,2025-01-09 20:59:00-05:00,strict,4.1826003967292555,154915.47086520377,1823.3921672069441,0.0,,-84.96003967292557,-84.9600396729256,84.72900523459681
1326929140,2025-01-10,SOFR,10.008219178082191,10Y,2000000.0,0.0362,103333.23,0.0,,False,False,True,NEW_TRADE,2026-07-15,2036-07-15,USD-SOFR-1D,execution_timestamp,2025-01-10 14:29:00-05:00,strict,4.300567970457706,103303.82271483226,1517.9060314189733,0.0,,-68.05679704577061,-68.05679704577067,68.07617063317268
1328467168,2025-01-13,SOFR,0.16986301369863013,2M,9000000.0,0.00875,3113.75,0.0,,False,False,True,NEW_TRADE,2025-01-09,2025-03-12,USD-SOFR-1D,execution_timestamp,2025-01-13 06:15:00-05:00,strict,4.316270076830901,52958.76789276861,153.89308804712837,0.0,,-344.1270076830901,-344.1270076830901,20.233202410276167
1328593533,2025-01-13,SOFR,1.0,1Y,54000000.0,0.04045,81513.5886,0.0,,False,False,True,NEW_TRADE,2025-12-23,2026-12-23,USD-SOFR-1D,execution_timestamp,2025-01-13 11:00:00-05:00,strict,4.210067299438108,83225.93593135872,5041.939633995437,0.0,,-16.50672994381077,-16.506729943810754,16.167109191548438
1328603865,2025-01-13,SOFR,3.5534246575342467,4Y,5000000.0,0.045,214217.64,0.0,,False,False,True,NEW_TRADE,2023-07-05,2027-01-22,USD-SOFR-1D,execution_timestamp,2025-01-13 11:05:00-05:00,strict,4.5851146100091364,12410.25326957414,1458.0638116349305,0.0,,-8.511461000913645,-8.511461000913597,146.91924886318745
1331113409000001101,2025-12-04,SOFR,1.0,1Y,8000000.0,0.040895,4122.09908,0.0,,False,False,True,NEW_TRADE,2025-05-29,2026-05-29,USD-SOFR-1D,execution_timestamp,2025-12-04 06:40:00-05:00,strict,4.037787938465059,-4118.695822387468,796.4671490817657,0.0,,5.17120615349409,5.171206153494023,5.175479095091747
1333156807,2025-01-15,SOFR,10.005479452054795,10Y,20000000.0,0.0407,203670.0,0.0,,False,False,True,NEW_TRADE,2025-01-15,2035-01-15,USD-SOFR-1D,execution_timestamp,2025-01-15 10:55:00-05:00,strict,4.197726198220586,207722.84656172805,16263.135476950934,0.0,,-12.772619822058573,-12.772619822058607,12.523415321027917
1337701770,2025-01-17,SOFR,1.0,1Y,500000000.0,0.04,213680.0,0.0,,False,False,True,NEW_TRADE,2026-03-30,2027-03-30,USD-SOFR-1D,execution_timestamp,2025-01-17 09:59:00-05:00,strict,4.052520390274437,243297.34814452007,46324.36028620643,0.0,,-5.252039027443711,-5.252039027443719,4.612691868378062
1337716911,2025-01-17,SOFR,4.2465753424657535,4Y,500000000.0,0.0377697,6020257.84037,0.0,7178196.0,False,True,True,NEW_TRADE,2025-03-03,2029-05-31,USD-SOFR-1D,execution_timestamp,2025-01-17 10:33:00-05:00,strict,4.090333056725028,6040382.243300557,192759.87113570113,0.0,,-31.336305672502718,-31.33630567250268,31.23190425942854
1341547859,2025-01-21,SOFR,0.2273972602739726,3M,18000000.0,0.04294206,76.02316,0.0,,False,False,True,NEW_TRADE,2025-01-23,2025-04-16,USD-SOFR-1D,execution_timestamp,2025-01-21 02:44:00-05:00,strict,4.292487471398338,-70.56180507078534,410.594301442034,0.0,,0.1718528601662328,0.17185286016627038,0.18515395789225933
1342662374,2025-01-21,SOFR,2.0027397260273974,2Y,27000000.0,0.049845,157978.79552,0.0,,False,False,True,NEW_TRADE,2023-10-06,2025-10-06,USD-SOFR-1D,execution_timestamp,2025-01-21 11:24:00-05:00,strict,4.388381849849701,-157909.2602858881,2648.9591072856056,0.0,,59.611815015029904,59.61181501502984,59.638065036753716
1344806157,2025-01-22,SOFR,10.008219178082191,10Y,79000000.0,0.03925,1240274.28286,0.0,35450.0,False,False,True,NEW_TRADE,2034-11-06,2044-11-06,USD-SOFR-1D,execution_timestamp,2025-01-22 05:37:00-05:00,strict,4.212163257319962,1230798.7639929876,42860.59349931424,0.0,,-28.71632573199623,-28.716325731996225,28.937403372163853
1350730968,2025-01-27,SOFR,10.005479452054795,10Y,12000000.0,0.0426,125073.202,0.0,,False,False,True,NEW_TRADE,2025-02-12,2035-02-12,USD-SOFR-1D,execution_timestamp,2025-01-26 19:04:00-05:00,strict,4.132055383524168,-124927.82927824091,9764.211478318704,0.0,,12.794461647583155,12.79446164758326,12.809349969295862
1352180645,2025-01-27,SOFR,1.0,1Y,50000000.0,0.035,186670.0,0.0,,False,False,True,NEW_TRADE,2026-03-24,2027-03-24,USD-SOFR-1D,execution_timestamp,2025-01-27 06:40:00-05:00,strict,3.9045784569948063,188158.43663277966,4650.728020231573,0.0,,-40.457845699480586,-40.45784569948055,40.13780190713134
1352291025,2025-01-27,SOFR,1.0,1Y,100000000.0,0.046622,52.0,0.0,,False,False,True,NEW_TRADE,2024-07-15,2025-07-15,USD-SOFR-1D,execution_timestamp,2025-01-27 10:46:00-05:00,strict,4.663346841369152,1139.762265860103,9938.273038600883,0.0,,-0.11468413691524404,-0.11468413691525622,0.005232297381851827
1352721722,2025-01-27,SOFR,6.736986301369863,7Y,2000000.0,0.01537,226310.0,0.0,,False,False,True,NEW_TRADE,2023-03-21,2029-12-13,USD-SOFR-1D,execution_timestamp,2025-01-27 13:28:00-05:00,strict,4.0275414846832565,225482.3627245397,905.3547757033898,0.0,,-249.05414846832565,-249.05414846832565,249.9683064290182
1353488846,2025-01-28,SOFR,23.016438356164382,23Y,6000000.0,0.03,1087994.0,0.0,,False,False,True,NEW_TRADE,2024-02-15,2047-02-15,USD-SOFR-1D,execution_timestamp,2025-01-28 08:34:00-05:00,strict,4.170238409167775,1080779.4926795787,9235.549647085882,0.0,,-117.02384091677746,-117.02384091677749,117.80500799357381
1353492010,2025-01-28,SOFR,24.016438356164382,24Y,12000000.0,0.033495,1357645.82184,0.0,,False,False,True,NEW_TRADE,2024-11-15,2048-11-15,USD-SOFR-1D,execution_timestamp,2025-01-28 08:37:00-05:00,strict,4.084205345908238,1350724.4035758208,18384.572959736193,0.0,,-73.4705345908238,-73.47053459082375,73.8470142773162
1353548150,2025-01-28,SOFR,10.005479452054795,10Y,31000000.0,0.041475,104665.29,0.0,112470.0,False,False,True,NEW_TRADE,2024-12-30,2034-12-30,USD-SOFR-1D,execution_timestamp,2025-01-28 10:50:00-05:00,strict,4.1051229720236,-107628.9921825882,25397.95670487522,0.0,,4.237702797639997,4.237702797639956,4.121012222211921
1353548175,2025-01-28,SOFR,5.002739726027397,5Y,110000000.0,0.040949,165668.52039,0.0,112470.0,False,False,True,NEW_TRADE,2025-01-08,2030-01-08,USD-SOFR-1D,execution_timestamp,2025-01-28 10:50:00-05:00,strict,4.0599332521760685,-173465.10803652555,49608.59068449128,0.0,,3.49667478239315,3.496674782393173,3.3395127356801035
1353548191,2025-01-28,SOFR,10.005479452054795,10Y,31000000.0,0.04196,231016.41112,0.0,112470.0,False,False,True,NEW_TRADE,2025-01-17,2035-01-17,USD-SOFR-1D,execution_timestamp,2025-01-28 10:50:00-05:00,strict,4.103739056711269,-233941.8106540814,25356.537914636334,0.0,,9.226094328873113,9.226094328873076,9.110723707539444
1353887659,2025-01-28,SOFR,5.002739726027397,5Y,100000000.0,0.0372815,1542096.0,0.0,,False,False,True,NEW_TRADE,2024-11-01,2029-11-01,USD-SOFR-1D,execution_timestamp,2025-01-28 13:27:00-05:00,strict,4.0679829597458586,1544602.8454972766,45451.82570438115,0.0,,-33.98329597458583,-33.983295974585914,33.92814207353954
1354495086,2025-01-29,SOFR,30.019178082191782,30Y,2000000.0,0.0406,42251.89437,0.0,,False,False,True,NEW_TRADE,2025-02-20,2055-02-20,USD-SOFR-1D,execution_timestamp,2025-01-29 08:38:00-05:00,strict,3.938456317061952,-42051.52196078538,3459.7867157127184,0.0,,12.15436829380474,12.154368293804705,12.212282964759602
1354531228,2025-01-29,SOFR,1.0,1Y,50000000.0,0.0375,84005.0,0.0,,False,False,True,NEW_TRADE,2025-12-23,2026-12-23,USD-SOFR-1D,execution_timestamp,2025-01-29 10:09:00-05:00,strict,3.9313705753861847,85143.46770362929,4694.44768107158,0.0,,-18.13705753861847,-18.13705753861847,17.894543875462805
1354552052,2025-01-29,SOFR,4.013698630136986,4Y,14000000.0,0.0645,112966.25392,0.0,,False,False,True,NEW_TRADE,2025-01-28,2029-02-01,USD-SOFR-1D,execution_timestamp,2025-01-29 10:51:00-05:00,strict,4.02328872143136,-1251373.6190973944,5156.664619103344,0.0,,242.67112785686402,242.67112785686396,21.906845270003792
1354798682,2025-01-29,SOFR,10.005479452054795,10Y,11000000.0,0.038,247740.70794,0.0,,False,False,True,NEW_TRADE,2025-12-15,2035-12-15,USD-SOFR-1D,execution_timestamp,2025-01-29 12:43:00-05:00,strict,4.084825872639429,247295.47515409254,8682.338892266032,0.0,,-28.482587263942882,-28.482587263942893,28.53386754583837
1355901700,2025-01-30,SOFR,20.013698630136986,20Y,4000000.0,0.0388,104907.0,0.0,,False,False,True,NEW_TRADE,2026-12-21,2046-12-21,USD-SOFR-1D,execution_timestamp,2025-01-30 14:22:00-05:00,strict,4.078682230717562,100105.88261292386,5038.491980454476,0.0,,-19.86822307175622,-19.86822307175613,20.821110841688252
1358555048,2025-02-03,SOFR,10.005479452054795,10Y,4000000.0,0.03955,43069.0,0.0,9.9999999999,False,False,True,NEW_TRADE,2024-11-04,2034-11-04,USD-SOFR-1D,execution_timestamp,2025-02-03 12:25:00-05:00,strict,4.088407713040148,44087.76204121811,3304.738611923453,0.0,,-13.340771304014787,-13.340771304014803,13.032498196561635
1358718441,2025-02-03,SOFR,3.0027397260273974,3Y,5000000.0,0.039,16291.7188,0.0,,False,False,True,NEW_TRADE,2025-08-19,2028-08-19,USD-SOFR-1D,execution_timestamp,2025-02-03 13:39:00-05:00,strict,4.018201903961264,16261.474888466764,1375.737136501271,0.0,,-11.820190396126451,-11.820190396126405,11.842174182658585
1359685421,2025-02-04,SOFR,10.005479452054795,10Y,6000000.0,0.038,145835.0,0.0,,False,False,True,NEW_TRADE,2025-09-25,2035-09-25,USD-SOFR-1D,execution_timestamp,2025-02-04 09:25:00-05:00,strict,4.109213920057949,147518.92173916893,4770.772341410846,0.0,,-30.921392005794957,-30.92139200579494,30.568425731434644
1364429679,2025-02-06,SOFR,10.005479452054795,10Y,31000000.0,0.04125,315794.0,0.0,,False,False,True,NEW_TRADE,2025-02-24,2035-02-24,USD-SOFR-1D,execution_timestamp,2025-02-06 06:31:00-05:00,strict,4.001689064960782,-313090.1627163086,25390.299945153547,0.0,,12.331093503921764,12.331093503921787,12.43758445871681
1364969285,2025-02-06,SOFR,10.005479452054795,10Y,31000000.0,0.0421,548138.35934,0.0,193530.0,False,False,True,NEW_TRADE,2025-04-10,2035-04-10,USD-SOFR-1D,execution_timestamp,2025-02-06 13:36:00-05:00,strict,3.993181489797725,-547674.4124891609,25259.578251793268,0.0,,21.681851020227505,21.681851020227526,21.70021818559404
1367064988,2025-02-07,SOFR,1.0,1Y,200000000.0,0.036,835031.0,0.0,,False,False,True,NEW_TRADE,2025-10-21,2026-10-21,USD-SOFR-1D,execution_timestamp,2025-02-07 10:33:00-05:00,strict,4.045989198624836,842961.3856549086,18900.937248123846,0.0,,-44.598919862483655,-44.5989198624837,44.179343544611115
1367067644,2025-02-07,SOFR,30.019178082191782,30Y,10000000.0,0.04032,137703.0,0.0,,False,False,True,NEW_TRADE,2025-02-26,2055-02-26,USD-SOFR-1D,execution_timestamp,2025-02-07 10:39:00-05:00,strict,3.948332384909163,-144461.11275850516,17266.072733358862,0.0,,8.366761509083709,8.366761509083622,7.975351553683157
1367580337,2025-02-07,SOFR,5.002739726027397,5Y,6000000.0,0.0638,61000.0,0.0,,False,False,True,NEW_TRADE,2025-02-07,2030-02-07,USD-SOFR-1D,execution_timestamp,2025-02-07 14:37:00-05:00,strict,4.049944434944973,-628792.6844784284,2698.616693561893,0.0,,233.00555650550265,233.00555650550268,22.604173518057635
1369994641,2025-02-10,SOFR,20.013698630136986,20Y,2000000.0,0.042,38034.0,0.0,,False,False,True,NEW_TRADE,2029-01-11,2049-01-11,USD-SOFR-1D,execution_timestamp,2025-02-10 10:30:00-05:00,strict,4.028945586703206,-39802.155781853595,2326.8710239468405,0.0,,17.105441329679394,17.10544132967935,16.345555730668174
1371379046000000401,2025-12-08,SOFR,30.02191780821918,30Y,12000000.0,0.039433,383138.112,0.0,,False,False,True,NEW_TRADE,2026-07-21,2056-07-21,USD-SOFR-1D,execution_timestamp,2025-12-08 10:53:00-05:00,strict,4.130351407031594,378289.7493415689,20223.838748118687,0.0,,-18.705140703159408,-18.70514070315949,18.94487573659285
1371389245000000401,2025-12-08,SOFR,10.008219178082191,10Y,13000000.0,0.0344,533022.0,0.0,,False,False,True,NEW_TRADE,2027-08-20,2037-08-20,USD-SOFR-1D,execution_timestamp,2025-12-08 11:00:00-05:00,strict,3.9661215628557365,535560.4740581056,10179.405518966676,0.0,,-52.612156285573654,-52.61215628557364,52.36278277811529
1372967506000000301,2025-12-08,SOFR,7.002739726027397,7Y,32000000.0,0.035375,17569.01312,0.0,,False,False,True,NEW_TRADE,2024-10-09,2031-10-09,USD-SOFR-1D,execution_timestamp,2025-12-08 13:42:00-05:00,strict,3.5270163667939123,-18231.13933684677,17390.09652327629,0.0,,1.0483633206087362,1.0483633206086442,1.0102884188413925
1375212123,2025-02-12,SOFR,1.0,1Y,50000000.0,0.04,62353.0,0.0,,False,False,True,NEW_TRADE,2026-09-22,2027-09-22,USD-SOFR-1D,execution_timestamp,2025-02-12 13:53:00-05:00,strict,4.1389332812767075,63158.3780068378,4545.950216280301,0.0,,-13.893328127670745,-13.893328127670697,13.716164285454935
1379358923,2025-02-14,SOFR,3.0082191780821916,3Y,100000000.0,0.04010607,195762.67098,0.0,,False,False,True,NEW_TRADE,2025-02-12,2028-02-15,USD-SOFR-1D,execution_timestamp,2025-02-14 08:51:00-05:00,strict,4.07676382516783,186037.96892274357,28120.75223543359,0.0,,-6.61568251678295,-6.615682516782969,6.961501930710409
1379369757,2025-02-14,SOFR,1.0,1Y,280000000.0,0.04,39270.0,0.0,,False,False,True,NEW_TRADE,2027-02-12,2028-02-12,USD-SOFR-1D,execution_timestamp,2025-02-14 09:37:00-05:00,strict,3.9825641093805175,-44076.64687884599,25279.263239697222,0.0,,1.7435890619482475,1.7435890619482275,1.5534471723975112
1385325380000000701,2025-12-09,SOFR,30.019178082191782,30Y,1000000.0,0.03915,31222.0,0.0,,False,False,True,NEW_TRADE,2026-01-06,2056-01-06,USD-SOFR-1D,execution_timestamp,2025-12-09 11:00:00-05:00,strict,4.094646106051451,31035.1296511658,1727.570406801758,0.0,,-17.96461060514516,-17.96461060514516,18.072780059830453
1386545057,2025-02-19,SOFR,5.002739726027397,5Y,11000000.0,0.0338023,416080.03437,0.0,587105.0,False,False,True,NEW_TRADE,2024-08-06,2029-08-06,USD-SOFR-1D,execution_timestamp,2025-02-19 08:43:00-05:00,strict,4.203384111923928,415631.1467181621,5049.250689481742,0.0,,-82.31541119239276,-82.31541119239274,82.404313027426
1386563434,2025-02-19,SOFR,2.9945205479452053,3Y,5000000.0,0.049,3209.25,0.0,,False,False,True,NEW_TRADE,2025-01-09,2028-01-07,USD-SOFR-1D,execution_timestamp,2025-02-19 09:29:00-05:00,strict,4.133627944221561,-107653.63328685216,1404.7176234460098,0.0,,76.63720557784393,76.63720557784389,2.284622864008189
1387704527,2025-02-20,SOFR,15.01095890410959,15Y,50000000.0,0.038193,2012089.0,0.0,,False,False,True,NEW_TRADE,2023-09-05,2038-09-05,USD-SOFR-1D,execution_timestamp,2025-02-20 02:51:00-05:00,strict,4.191660786112044,2008530.3520729318,53940.43698974683,0.0,,-37.23607861120439,-37.23607861120443,37.30205226892145
1388769457,2025-02-20,SOFR,10.008219178082191,10Y,9000000.0,0.032735,265284.12016,0.0,-9891.0,False,False,True,NEW_TRADE,2018-10-12,2028-10-12,USD-SOFR-1D,execution_timestamp,2025-02-20 09:47:00-05:00,strict,4.1173289096665115,282046.14295742754,3342.456506602679,0.0,,-84.38289096665117,-84.38289096665115,79.36800961686667
1395882743,2025-02-25,SOFR,2.0547945205479454,2Y,25000000.0,0.05,818611.11,0.0,,False,False,True,NEW_TRADE,2025-02-27,2027-03-19,USD-SOFR-1D,execution_timestamp,2025-02-25 12:46:00-05:00,strict,3.9174377971669583,-530840.8197000399,4903.5595212066455,0.0,,108.25622028330417,108.25622028330413,166.9422195161934
1398216937,2025-02-26,SOFR,5.008219178082192,5Y,53000000.0,0.041,652138.21612,0.0,,False,False,True,NEW_TRADE,2025-02-26,2030-02-28,USD-SOFR-1D,execution_timestamp,2025-02-26 12:51:00-05:00,strict,3.8297790142704597,-648477.6733388472,23998.05002517073,0.0,,27.02209857295408,27.022098572954107,27.174633582144992
1398229897,2025-02-26,SOFR,10.008219178082191,10Y,9000000.0,0.02619,32767.30254,0.0,,False,False,True,NEW_TRADE,2055-02-18,2065-02-18,USD-SOFR-1D,execution_timestamp,2025-02-26 12:55:00-05:00,strict,2.506845931075455,-29447.56859224115,2625.63533134521,0.0,,11.215406892454505,11.21540689245451,12.479761431002721
1398310539,2025-02-26,SOFR,2.0,2Y,5000000.0,0.0684,11970.53,0.0,,False,False,True,NEW_TRADE,2025-09-01,2027-09-01,USD-SOFR-1D,execution_timestamp,2025-02-26 13:12:00-05:00,strict,3.781876939641565,-286175.9792746614,935.7896122110906,0.0,,305.8123060358435,305.81230603584356,12.791903055769067
1398342926,2025-02-26,SOFR,30.02191780821918,30Y,800000.0,0.019588,268077.0,0.0,,False,False,True,NEW_TRADE,2023-07-05,2053-07-05,USD-SOFR-1D,execution_timestamp,2025-02-26 15:57:00-05:00,strict,3.834661025309872,267632.6491466512,1426.71896017692,0.0,,-187.5861025309872,-187.58610253098723,187.89755199353147
1399560386000000101,2025-12-10,SOFR,2.6684931506849314,3Y,15000000.0,0.0399,16868.336,0.0,,False,False,True,NEW_TRADE,2025-12-10,2028-08-10,USD-SOFR-1D,execution_timestamp,2025-12-10 10:41:00-05:00,strict,3.3987931171080543,-225669.42994417995,3817.097474242796,0.0,,59.12068828919455,59.12068828919449,4.419152540333332
1400178458,2025-02-27,FED_FUNDS,1.7095890410958905,~21M,95000000.0,0.048625,252961.0,0.0,-52490000.0,False,False,True,NEW_TRADE,2023-11-09,2025-07-25,USD-FEDFUNDS-1D,execution_timestamp,2025-02-27 10:30:00-05:00,strict,4.656871075929409,-194534.95270164125,9460.485852411452,0.0,,20.562892407059064,20.562892407059074,26.7386901630978
1400180252,2025-02-27,SOFR,3.254794520547945,3Y,15000000.0,0.0473,12000.0,0.0,,False,False,True,NEW_TRADE,2025-03-13,2028-06-13,USD-SOFR-1D,execution_timestamp,2025-02-27 10:22:00-05:00,strict,3.8494232441721747,-401212.9537367509,4556.251923315565,0.0,,88.05767558278257,88.05767558278251,2.633743744193067
1402479934,2025-02-28,SOFR,30.019178082191782,30Y,5000000.0,0.0408,293853.0,0.0,,False,False,True,NEW_TRADE,2026-01-22,2056-01-22,USD-SOFR-1D,execution_timestamp,2025-02-28 07:22:00-05:00,strict,3.737003316774722,-294251.8339486886,8578.853625690212,0.0,,34.2996683225278,34.299668322527715,34.253177967744854
1402554765,2025-02-28,SOFR,10.005479452054795,10Y,130000000.0,0.0406218,2780146.72,0.0,,False,False,True,NEW_TRADE,2025-02-25,2035-02-25,USD-SOFR-1D,execution_timestamp,2025-02-28 11:17:00-05:00,strict,3.797811404940163,-2852992.1791882515,107917.2122748741,0.0,,26.43685950598367,26.436859505983566,25.761847080693077
1404951101,2025-03-03,SOFR,5.002739726027397,5Y,350000000.0,0.03631,3085000.0,0.0,,False,False,True,NEW_TRADE,2022-10-05,2027-10-05,USD-SOFR-1D,execution_timestamp,2025-03-03 09:18:00-05:00,strict,3.9441852684556284,3128590.722843848,99895.845621075,0.0,,-31.318526845562822,-31.318526845562936,30.882165127286918
1404952697,2025-03-03,SOFR,10.005479452054795,10Y,33000000.0,0.03956,312168.11488,0.0,,False,False,True,NEW_TRADE,2025-03-07,2035-03-07,USD-SOFR-1D,execution_timestamp,2025-03-03 09:23:00-05:00,strict,3.839759119878168,-317378.686229771,27303.5343415436,0.0,,11.624088012183176,11.624088012183263,11.433249299341503
1407113873,2025-03-04,SOFR,14.008219178082191,14Y,3000000.0,0.041,73727.3502,0.0,,False,False,True,NEW_TRADE,2021-05-11,2035-05-11,USD-SOFR-1D,execution_timestamp,2025-03-04 08:09:00-05:00,strict,3.8358017292852398,-73506.07685252186,2782.2315662270885,0.0,,26.419827071476078,26.419827071476128,26.49935795961791
1407876169,2025-03-04,SOFR,30.02191780821918,30Y,12000000.0,0.041,761315.2107,0.0,,False,False,True,NEW_TRADE,2026-10-22,2056-10-22,USD-SOFR-1D,execution_timestamp,2025-03-04 16:48:00-05:00,strict,3.7193218238061565,-763861.3948478438,20065.80473000058,0.0,,38.0678176193844,38.06781761938445,37.94092591570725
1407881999,2025-03-04,SOFR,30.019178082191782,30Y,18000000.0,0.03375,1157310.01797,0.0,,False,False,True,NEW_TRADE,2025-08-13,2055-08-13,USD-SOFR-1D,execution_timestamp,2025-03-04 16:52:00-05:00,strict,3.743970344484784,1160558.02007927,31453.964727160706,0.0,,-36.89703444847838,-36.8970344484783,36.793772359344416
1409277145,2025-03-05,SOFR,0.24383561643835616,3M,200000000.0,0.043237,3532.0,0.0,,False,False,True,NEW_TRADE,2025-02-18,2025-05-18,USD-SOFR-1D,execution_timestamp,2025-03-05 04:54:00-05:00,strict,4.327492607024831,1878.9710453241132,4954.299332943404,0.0,,-0.3792607024831085,-0.37926070248318966,0.712916148710296
1409448154,2025-03-05,SOFR,5.002739726027397,5Y,200000.0,0.03842,953.0,0.0,,False,False,True,NEW_TRADE,2025-03-04,2030-03-04,USD-SOFR-1D,execution_timestamp,2025-03-05 07:53:00-05:00,strict,3.7361660892211863,-960.7855501298181,90.78239130157382,0.0,,10.583391077881377,10.58339107788144,10.497630502309521
1409639675,2025-03-05,SOFR,30.019178082191782,30Y,6000000.0,0.0408,348471.56312,0.0,,False,False,True,NEW_TRADE,2025-10-15,2055-10-15,USD-SOFR-1D,execution_timestamp,2025-03-05 12:03:00-05:00,strict,3.7469557104970077,-346775.3077864703,10412.288056461473,0.0,,33.30442895029924,33.30442895029922,33.46733794055493
1410038217,2025-03-05,SOFR,10.005479452054795,10Y,20000000.0,0.04235,637002.0,0.0,,False,False,True,NEW_TRADE,2025-02-20,2035-02-20,USD-SOFR-1D,execution_timestamp,2025-03-05 15:18:00-05:00,strict,3.851585065535886,-635579.4034677669,16576.803518519573,0.0,,38.341493446411334,38.341493446411356,38.42731195361896
1415615701000000301,2025-12-11,SOFR,1.0027397260273974,1Y,100000000.0,0.0322,32497.0,0.0,,False,False,True,NEW_TRADE,2027-07-02,2028-07-02,USD-SOFR-1D,execution_timestamp,2025-12-11 14:01:00-05:00,strict,3.2774703783791095,53782.52182496758,9358.3030670488,0.0,,-5.747037837910973,-5.747037837910954,3.4725312663172954
1416902361,2025-03-10,SOFR,5.005479452054795,5Y,2000000.0,0.03175,57549.25176,0.0,6093942.0,False,False,True,NEW_TRADE,2023-06-21,2028-06-21,USD-SOFR-1D,execution_timestamp,2025-03-10 14:18:00-04:00,strict,3.9321267382697043,57517.290044861176,759.6784942017505,0.0,,-75.71267382697044,-75.71267382697043,75.75474651348554
1416966854,2025-03-10,SOFR,3.0027397260273974,3Y,100000000.0,0.04235,1827512.0,0.0,,False,False,True,NEW_TRADE,2026-01-14,2029-01-14,USD-SOFR-1D,execution_timestamp,2025-03-10 16:19:00-04:00,strict,3.5725140847524846,-1819461.441247549,27464.15281248315,0.0,,66.24859152475149,66.24859152475142,66.54172122030103
1423986025,2025-03-13,SOFR,5.002739726027397,5Y,10000000.0,0.03209,200000.0,0.0,,False,False,True,NEW_TRADE,2024-10-02,2029-10-02,USD-SOFR-1D,execution_timestamp,2025-03-13 16:34:00-04:00,strict,3.8202290104023393,281966.45135825174,4613.106488068172,0.0,,-61.12290104023393,-61.12290104023388,43.354732980324904
1426096887,2025-03-14,SOFR,10.005479452054795,10Y,12000000.0,0.04,108800.0,0.0,,False,False,True,NEW_TRADE,2025-04-16,2035-04-16,USD-SOFR-1D,execution_timestamp,2025-03-14 15:03:00-04:00,strict,3.8902370723623263,-108476.87745574256,9882.833830182022,0.0,,10.97629276376737,10.976292763767397,11.008988096888412
1427929271,2025-03-17,SOFR,10.005479452054795,10Y,62000000.0,0.042109,1723454.09309,0.0,1712341.0,False,False,True,NEW_TRADE,2025-01-21,2035-01-21,USD-SOFR-1D,execution_timestamp,2025-03-17 08:08:00-04:00,strict,3.8774604985350436,-1720486.8207072318,51598.17037718478,0.0,,33.3439501464956,33.34395014649553,33.401457464314696
1428722730000000301,2025-12-12,SOFR,10.008219178082191,10Y,5000000.0,0.0354,102187.0,0.0,,False,False,True,NEW_TRADE,2026-03-11,2036-03-11,USD-SOFR-1D,execution_timestamp,2025-12-12 10:59:00-05:00,strict,3.7856639028847034,101867.12213032716,4146.605216890009,0.0,,-24.56639028847034,-24.56639028847034,24.64353239700045
1430110198,2025-03-18,SOFR,30.02191780821918,30Y,300000.0,0.0375,4896.0,0.0,,False,False,True,NEW_TRADE,2027-03-02,2057-03-02,USD-SOFR-1D,execution_timestamp,2025-03-18 08:50:00-04:00,strict,3.8492686454834084,4839.827742330439,487.5484820772911,0.0,,-9.926864548340841,-9.926864548340816,10.042078234229507
1430163886,2025-03-18,SOFR,2.0,2Y,750000000.0,0.0379,1947595.0,0.0,,False,False,True,NEW_TRADE,2025-02-03,2027-02-03,USD-SOFR-1D,execution_timestamp,2025-03-18 12:10:00-04:00,strict,3.924780893760724,1941025.2819950804,144013.38556494415,0.0,,-13.478089376072333,-13.478089376072319,13.523708177263247
1430318707000000101,2025-12-12,SOFR,4.504109589041096,5Y,8000000.0,0.0373,97320.0,0.0,,False,False,True,NEW_TRADE,2025-12-12,2030-06-13,USD-SOFR-1D,execution_timestamp,2025-12-12 14:08:00-05:00,strict,3.4365549887852604,-97805.87149162637,3333.0221252271717,0.0,,29.344501121473954,29.344501121473993,29.19872606407222
1432265804,2025-03-19,SOFR,30.019178082191782,30Y,15000000.0,0.04072,622110.0,0.0,-44478.0,False,False,True,NEW_TRADE,2026-01-09,2056-01-09,USD-SOFR-1D,execution_timestamp,2025-03-19 11:02:00-04:00,strict,3.8256314011232364,-629914.4978254233,25567.97013488374,0.0,,24.636859887676366,24.636859887676316,24.331614778883925
1432592091,2025-03-19,SOFR,30.019178082191782,30Y,6000000.0,0.0347,385247.0,0.0,,False,False,True,NEW_TRADE,2025-08-07,2055-08-07,USD-SOFR-1D,execution_timestamp,2025-03-19 14:06:00-04:00,strict,3.834322202590832,378938.8413241459,10401.200877392846,0.0,,-36.43222025908317,-36.43222025908323,37.03870394786237
1432652753,2025-03-19,SOFR,10.005479452054795,10Y,6000000.0,0.0377,28291.0,0.0,,False,False,True,NEW_TRADE,2025-06-12,2035-06-12,USD-SOFR-1D,execution_timestamp,2025-03-19 16:02:00-04:00,strict,3.826683481934067,27935.931722404668,4928.407848145066,0.0,,-5.668348193406736,-5.668348193406737,5.740393423536985
1434169074,2025-03-20,SOFR,2.0,2Y,260000000.0,0.038005,86745.8464,0.0,255331.0,False,False,True,NEW_TRADE,2025-03-19,2027-03-19,USD-SOFR-1D,execution_timestamp,2025-03-20 09:47:00-04:00,strict,3.782088411747664,-91624.81496422738,49764.75343055074,0.0,,1.8411588252335687,1.8411588252334956,1.7431181794371444
1434196724,2025-03-20,SOFR,0.4958904109589041,6M,50000000.0,0.0429234,7276.0,0.0,,False,False,True,NEW_TRADE,2025-02-25,2025-08-25,USD-SOFR-1D,execution_timestamp,2025-03-20 11:26:00-04:00,strict,4.263312428255398,-7162.283536382252,2467.4070567800645,0.0,,2.902757174460202,2.9027571744602785,2.9488446099749304
1434196984,2025-03-20,SOFR,20.008219178082193,20Y,34000000.0,0.0405,691333.07594,0.0,,False,False,True,NEW_TRADE,2033-08-31,2053-08-29,USD-SOFR-1D,execution_timestamp,2025-03-20 11:27:00-04:00,strict,3.8369522038650836,-724308.6171807703,33997.4705357707,0.0,,21.30477961349162,21.30477961349164,20.334838593730336
1434199942,2025-03-20,SOFR,30.02191780821918,30Y,150000000.0,0.0435,13880000.0,0.0,,False,False,True,NEW_TRADE,2023-11-08,2053-11-08,USD-SOFR-1D,execution_timestamp,2025-03-20 11:28:00-04:00,strict,3.8221787870947357,-13969896.09764734,264670.98623705166,0.0,,52.7821212905264,52.78212129052653,52.44246903424626
1438558024,2025-03-24,SOFR,9.73972602739726,10Y,2000000.0,0.03525,62180.0,0.0,,False,False,True,NEW_TRADE,2024-08-06,2034-05-01,USD-SOFR-1D,execution_timestamp,2025-03-24 06:08:00-04:00,strict,3.898751303381661,62088.837708225125,1661.2340116663643,60.0,,-37.37513033816615,-37.37513033816623,37.43000658746926
1438700461,2025-03-24,SOFR,5.002739726027397,5Y,100000000.0,0.04104,1345560.0,0.0,,False,False,True,NEW_TRADE,2025-02-03,2030-02-03,USD-SOFR-1D,execution_timestamp,2025-03-24 11:44:00-04:00,strict,3.812411790561185,-1328605.7232680432,45564.45289146117,0.0,,29.158820943881516,29.158820943881572,29.53091532131969
1439043026,2025-03-24,SOFR,1.0,1Y,5000000.0,0.0265,67557.678,0.0,,False,False,True,NEW_TRADE,2025-03-28,2026-03-28,USD-SOFR-1D,execution_timestamp,2025-03-24 14:04:00-04:00,strict,4.059804940083271,68958.0391368048,489.1317740220977,0.0,,-140.98049400832716,-140.9804940083272,138.11754130073734
1439051197,2025-03-24,SOFR,1.0,1Y,5000000.0,0.0265,72488.559,0.0,,False,False,True,NEW_TRADE,2025-03-28,2026-03-28,USD-SOFR-1D,execution_timestamp,2025-03-24 14:04:00-04:00,strict,4.059804940083271,68958.0391368048,489.1317740220977,0.0,,-140.98049400832716,-140.9804940083272,148.19842596593438
1440074569000000501,2025-12-15,SOFR,5.002739726027397,5Y,5000000.0,0.032822,36939.94459,0.0,,False,False,True,NEW_TRADE,2025-12-01,2030-12-01,USD-SOFR-1D,execution_timestamp,2025-12-15 04:09:00-05:00,strict,3.446349829820308,37709.15565041278,2297.240008819515,0.0,,-16.414982982030857,-16.414982982030867,16.080141582151168
1443067265,2025-03-26,FED_FUNDS,0.08767123287671233,1M,10000000000.0,0.04045,52770.0,0.0,,False,False,True,NEW_TRADE,2025-08-01,2025-09-02,USD-FEDFUNDS-1D,execution_timestamp,2025-03-26 09:11:00-04:00,strict,4.051452958501815,56284.22931481153,87222.36366308581,60.0,,-0.6452958501815154,-0.6452958501815068,0.6050053883409409
1443098445,2025-03-26,SOFR,5.002739726027397,5Y,1000000.0,0.0408007,11560.0,0.0,,False,False,True,NEW_TRADE,2025-02-27,2030-02-27,USD-SOFR-1D,execution_timestamp,2025-03-26 10:38:00-04:00,strict,3.8045141384303567,-12521.088708105963,454.39384365777244,0.0,,27.55558615696434,27.555586156964406,25.440485520104087
1443380169,2025-03-26,SOFR,2.9616438356164383,3Y,550000000.0,0.0403713,3418321.45909,0.0,169710.0,False,True,True,NEW_TRADE,2025-01-29,2028-01-15,USD-SOFR-1D,execution_timestamp,2025-03-26 13:34:00-04:00,strict,3.8176329325473555,-3389191.4756388143,154407.04823211106,0.0,,21.949706745264397,21.949720005941966,22.13837708982972
1443754286,2025-03-27,SOFR,0.25205479452054796,3M,600000000.0,0.040787,29893.3605,0.0,,False,False,True,NEW_TRADE,2025-06-25,2025-09-25,USD-SOFR-1D,execution_timestamp,2025-03-26 23:42:00-04:00,asof2h,4.102645590061731,35928.767427653074,15004.335802554386,2580.0,,-2.394559006173136,-2.3945590061731656,1.9923148144225657
1444190536000000401,2025-12-15,SOFR,20.013698630136986,20Y,6000000.0,0.0616,691968.75,0.0,,False,False,True,NEW_TRADE,2026-01-01,2046-01-01,USD-SOFR-1D,execution_timestamp,2025-12-15 12:38:00-05:00,strict,4.14075381928385,-1666346.259399022,8252.318490497444,0.0,,201.92461807161504,201.9246180716149,83.85143530230964
1445337623,2025-03-27,SOFR,1.0,1Y,93000000.0,0.0378,2706.72648,0.0,,False,False,True,NEW_TRADE,2028-03-31,2029-03-31,USD-SOFR-1D,execution_timestamp,2025-03-27 12:25:00-04:00,strict,3.7782062138066674,-1446.2704111603089,8062.6688762355125,0.0,,0.17937861933328136,0.17937861933325203,0.33571098125807936
1447394284,2025-03-28,SOFR,10.005479452054795,10Y,12000000.0,0.0381986,48429.79648,0.0,,False,False,True,NEW_TRADE,2025-03-05,2035-03-05,USD-SOFR-1D,execution_timestamp,2025-03-28 08:48:00-04:00,strict,3.8689531211654367,48895.22576999571,9959.689791412287,0.0,,-4.909312116543685,-4.9093121165435765,4.862580812683388
1447421871,2025-03-28,SOFR,2.0,2Y,26000000.0,0.041271,135121.0992,0.0,,False,False,True,NEW_TRADE,2025-01-24,2027-01-24,USD-SOFR-1D,execution_timestamp,2025-03-28 10:39:00-04:00,strict,3.855311089343786,-136296.76938809827,5014.802445729649,0.0,,27.178891065621436,27.178891065621475,26.944451085019764
1447772853,2025-03-28,SOFR,4.852054794520548,5Y,28000000.0,0.0671,291754.7505,0.0,,False,False,True,NEW_TRADE,2025-03-28,2030-02-01,USD-SOFR-1D,execution_timestamp,2025-03-28 13:47:00-04:00,strict,3.678648999362711,-3753940.9759071562,12383.722555118013,0.0,,303.13510006372894,303.135100063729,23.559535446748363
1448135184,2025-03-31,SOFR,0.7534246575342466,9M,140000000.0,0.0411612,68455.9962,0.0,,False,False,True,NEW_TRADE,2025-03-26,2025-12-26,USD-SOFR-1D,execution_timestamp,2025-03-30 20:15:00-04:00,strict,4.04889029775861,-69730.43341682386,10371.968206322574,0.0,,6.722970224139058,6.722970224139077,6.600096995888436
1448442821,2025-03-31,SOFR,30.019178082191782,30Y,2000000.0,0.035915,72418.81647,0.0,,False,False,True,NEW_TRADE,2024-12-12,2054-12-12,USD-SOFR-1D,execution_timestamp,2025-03-31 03:31:00-04:00,strict,3.7952691803033116,73382.51765942224,3601.256949171229,0.0,,-20.376918030331126,-20.376918030331062,20.109316689181544
1454545415,2025-04-02,SOFR,4.986301369863014,5Y,100000000.0,0.0408396,1733994.0,0.0,,False,False,True,NEW_TRADE,2025-02-06,2030-01-31,USD-SOFR-1D,execution_timestamp,2025-04-02 13:28:00-04:00,strict,3.704329258071552,-1729559.2671314515,45558.98867266761,0.0,,37.96307419284473,37.963074192844694,38.060414651835366
1457081696000000401,2025-12-16,SOFR,1.0,1Y,50000000.0,0.03,87280.0,0.0,,False,False,True,NEW_TRADE,2026-09-22,2027-09-22,USD-SOFR-1D,execution_timestamp,2025-12-16 08:24:00-05:00,strict,3.1836972911320665,87776.7518642554,4778.33675844189,0.0,,-18.369729113206645,-18.369729113206635,18.2657699555818
1457372754,2025-04-04,SOFR,6.986301369863014,7Y,82000000.0,0.03557158,952805.11,0.0,-947000.0,False,False,True,NEW_TRADE,2025-04-07,2032-03-31,USD-SOFR-1D,execution_timestamp,2025-04-04 04:17:00-04:00,strict,3.372696664243425,-938624.6211707443,50884.62670623857,0.0,,18.446133575657477,18.446133575657477,18.72481281037253
1457458938,2025-04-04,SOFR,5.002739726027397,5Y,71000000.0,0.035869,1242071.338,0.0,,False,False,True,NEW_TRADE,2025-04-04,2030-04-04,USD-SOFR-1D,execution_timestamp,2025-04-04 07:09:00-04:00,strict,3.216523446207881,-1211134.4418149833,32700.08399329595,0.0,,37.03765537921191,37.03765537921204,37.98373540124988
1457514494,2025-04-04,SOFR,9.865753424657534,10Y,62000000.0,0.0358538,737979.1753,0.0,-2142091.0,False,False,True,NEW_TRADE,2025-04-07,2035-02-15,USD-SOFR-1D,execution_timestamp,2025-04-04 09:40:00-04:00,strict,3.4492116400399535,-706517.0601261742,51885.552586039266,0.0,,13.616835996004628,13.616835996004701,14.22321125088232
1457524131,2025-04-04,SOFR,5.002739726027397,5Y,8000000.0,0.038325,205809.70982,0.0,,False,False,True,NEW_TRADE,2025-03-27,2030-03-27,USD-SOFR-1D,execution_timestamp,2025-04-04 10:12:00-04:00,strict,3.28664088462101,-200919.35129599785,3680.791355045885,0.0,,54.58591153789896,54.58591153789894,55.91452760229446
1457544308,2025-04-04,SOFR,5.002739726027397,5Y,62000000.0,0.04032,901472.96918,0.0,985630.0,False,False,True,NEW_TRADE,2030-03-18,2035-03-18,USD-SOFR-1D,execution_timestamp,2025-04-04 11:19:00-04:00,strict,3.6592639171937718,-894373.4748356827,23994.818749561047,0.0,,37.273608280622824,37.27360828062283,37.5694844203185
1457548797,2025-04-04,SOFR,7.027397260273973,7Y,1000000.0,0.037,21666.58,0.0,,False,False,True,NEW_TRADE,2025-04-04,2032-04-12,USD-SOFR-1D,execution_timestamp,2025-04-04 11:34:00-04:00,strict,3.359257351900736,-21280.770179105777,624.5408462314458,0.0,,34.07426480992637,34.07426480992635,34.69201435060451
1457968991,2025-04-04,SOFR,10.005479452054795,10Y,59000000.0,0.03645,620254.40439,0.0,,False,False,True,NEW_TRADE,2025-04-23,2035-04-23,USD-SOFR-1D,execution_timestamp,2025-04-04 15:39:00-04:00,strict,3.516533876178636,-637809.4506143369,49648.06531418561,0.0,,12.846612382136424,12.846612382136467,12.493022647808573
1458200763,2025-04-07,SOFR,30.019178082191782,30Y,8000000.0,0.0347,7574.97574,0.0,,False,False,True,NEW_TRADE,2025-08-07,2055-08-07,USD-SOFR-1D,execution_timestamp,2025-04-06 20:25:00-04:00,strict,3.482612446454017,18430.900496726856,14613.26362329715,0.0,,-1.2612446454016712,-1.2612446454016917,0.5183630388986905
1459683580,2025-04-07,SOFR,5.002739726027397,5Y,13000000.0,0.037013,806.85955,0.0,,False,False,True,NEW_TRADE,2030-04-09,2035-04-09,USD-SOFR-1D,execution_timestamp,2025-04-07 08:27:00-04:00,strict,3.6940441292277573,-3638.3290143134072,5014.32443950293,0.0,,0.7255870772242545,0.72558707722432,0.16091091825721274
1459769289,2025-04-07,SOFR,5.002739726027397,5Y,18000000.0,0.033082,44531.0,0.0,,False,False,True,NEW_TRADE,2026-01-14,2031-01-14,USD-SOFR-1D,execution_timestamp,2025-04-07 11:25:00-04:00,strict,3.361093683479278,42515.06560644973,8037.834162770399,0.0,,-5.28936834792777,-5.289368347927704,5.540174019297196
1459863710000000101,2025-12-16,SOFR,30.02191780821918,30Y,190000000.0,0.03839,9987390.4,0.0,,False,True,True,NEW_TRADE,2023-09-26,2053-09-26,USD-SOFR-1D,execution_timestamp,2025-12-16 13:46:00-05:00,strict,4.135903347892764,9506851.735819235,320200.2201488461,0.0,,-29.690334789276427,-29.690334789276363,31.19107911717653
1460232562,2025-04-07,SOFR,30.019178082191782,30Y,7000000.0,0.038643,178861.53418,0.0,2004414.0,False,False,True,NEW_TRADE,2025-04-09,2055-04-09,USD-SOFR-1D,execution_timestamp,2025-04-07 14:54:00-04:00,strict,3.721988591394604,-178915.32884577662,12572.100199069579,0.0,,14.23114086053956,14.23114086053956,14.226861967997754
1460379150,2025-04-07,SOFR,1.0,1Y,170000000.0,0.040032,365595.11352,0.0,-1904104.0,False,False,True,NEW_TRADE,2025-04-09,2026-04-09,USD-SOFR-1D,execution_timestamp,2025-04-07 15:39:00-04:00,strict,3.789200005209266,-354994.63018130977,16588.53452442606,0.0,,21.39999947907336,21.399999479073458,22.039024181531737
1460381735,2025-04-07,SOFR,3.967123287671233,4Y,50000000.0,0.0469,40000.0,0.0,,False,False,True,NEW_TRADE,2025-04-23,2029-04-10,USD-SOFR-1D,execution_timestamp,2025-04-07 15:53:00-04:00,strict,3.4588877665484614,-2268116.080060603,18423.308764479818,0.0,,123.1112233451538,123.11122334515373,2.171162656575571
1461309275000000501,2025-12-16,SOFR,5.0,5Y,2000000.0,0.0383,38880.1215,0.0,,False,False,True,NEW_TRADE,2025-12-15,2030-12-14,USD-SOFR-1D,execution_timestamp,2025-12-16 15:46:00-05:00,strict,3.4236362326338003,-37321.399674542714,918.3768000763157,0.0,,40.63637673661997,40.63843911501397,42.33569652104574
1462648361,2025-04-08,SOFR,30.02191780821918,30Y,600000.0,0.019588,202468.0,0.0,,False,False,True,NEW_TRADE,2023-07-05,2053-07-05,USD-SOFR-1D,execution_timestamp,2025-04-08 08:11:00-04:00,strict,3.8197292787996626,201484.23907850817,1082.707663176054,0.0,,-186.09292787996625,-186.09292787996623,187.0015396455891
1462678023,2025-04-08,SOFR,5.002739726027397,5Y,22000000.0,0.03783,218578.56372,0.0,,False,False,True,NEW_TRADE,2025-04-10,2030-04-10,USD-SOFR-1D,execution_timestamp,2025-04-08 09:12:00-04:00,strict,3.5610198865819225,-222785.91660102084,10036.300692460014,0.0,,22.19801134180779,22.1980113418078,21.778797827790456
1462698425,2025-04-08,SOFR,0.09863013698630137,1M,700000000.0,0.043176,662.0,0.0,,False,False,True,NEW_TRADE,2025-04-09,2025-05-15,USD-SOFR-1D,execution_timestamp,2025-04-08 09:55:00-04:00,strict,4.323823425933293,4335.072099324316,6965.732613821844,0.0,,-0.6223425933293392,-0.6223425933292922,0.09503666544512748
1462745601,2025-04-08,SOFR,2.0,2Y,8000000.0,0.04269,9732.0,0.0,,False,False,True,NEW_TRADE,2024-05-15,2026-05-15,USD-SOFR-1D,execution_timestamp,2025-04-08 11:40:00-04:00,strict,4.327769814063174,9314.44155113236,1584.9023345760124,0.0,,-5.876981406317405,-5.876981406317461,6.14044145666772
1463163735,2025-04-08,SOFR,3.0,3Y,100000000.0,0.0468,132700.0,0.0,,False,False,True,NEW_TRADE,2022-10-25,2025-10-24,USD-SOFR-1D,execution_timestamp,2025-04-08 14:17:00-04:00,strict,4.264249259713834,-412263.23878421634,9916.115567237499,0.0,,41.57507402861658,41.575074028616584,13.382256297862863
1463330802,2025-04-08,SOFR,20.013698630136986,20Y,20000000.0,0.022274,3265000.0,0.0,,False,False,True,NEW_TRADE,2016-01-28,2036-01-28,USD-SOFR-1D,execution_timestamp,2025-04-08 17:26:00-04:00,strict,3.7383896267989805,2754277.848637602,18228.304151051772,0.0,,-151.09896267989805,-151.09896267989802,179.1170463771096
1463488235,2025-04-09,SOFR,2.0,2Y,52000000.0,0.04144,674462.6802,0.0,,False,False,True,NEW_TRADE,2025-02-21,2027-02-21,USD-SOFR-1D,execution_timestamp,2025-04-08 21:48:00-04:00,strict,3.4555641266479324,-692889.2700987277,10064.688621250594,0.0,,68.84358733520676,68.84358733520682,67.01277163964504
1465706715,2025-04-09,SOFR,10.005479452054795,10Y,11000000.0,0.037407,12831.87895,0.0,906679.0,False,False,True,NEW_TRADE,2025-04-07,2035-04-07,USD-SOFR-1D,execution_timestamp,2025-04-09 10:38:00-04:00,strict,3.7564937734262798,14520.27406460559,9193.669981643512,0.0,,-1.5793773426279412,-1.5793773426278528,1.395729776642048
1465707210,2025-04-09,SOFR,2.0,2Y,26000000.0,0.037403,133486.4718,0.0,-971078.0,False,False,True,NEW_TRADE,2025-04-07,2027-04-07,USD-SOFR-1D,execution_timestamp,2025-04-09 10:39:00-04:00,strict,3.472100410754144,-134095.37366632628,4999.835161693777,0.0,,26.819958924585574,26.819958924585677,26.698174536373966
1465707215,2025-04-09,SOFR,2.0,2Y,21000000.0,0.037088,95090.49984,0.0,-971078.0,False,False,True,NEW_TRADE,2025-04-07,2027-04-07,USD-SOFR-1D,execution_timestamp,2025-04-09 10:39:00-04:00,strict,3.4721004107541433,-95587.06734795426,4038.328399829589,0.0,,23.66995892458568,23.669958924585696,23.54699529736429
1465726829,2025-04-09,SOFR,30.019178082191782,30Y,170000000.0,0.039495,250000.0,0.0,,False,True,True,NEW_TRADE,2025-01-06,2055-01-06,USD-SOFR-1D,execution_timestamp,2025-04-09 11:40:00-04:00,strict,3.939477903455605,-301595.7517135143,300930.79863829457,0.0,,1.0022096544395342,1.0022096544395875,0.8307557788409982
1466007067,2025-04-09,SOFR,2.0,2Y,36000000.0,0.0427625,99533.0,0.0,,False,False,True,NEW_TRADE,2024-07-23,2026-07-23,USD-SOFR-1D,execution_timestamp,2025-04-09 12:51:00-04:00,strict,4.075220952414549,-142466.0760465064,7086.8403227124745,0.0,,20.102904758545126,20.102904758545172,14.044764022833794
1466054611,2025-04-09,SOFR,2.495890410958904,2Y,55000000.0,0.04814,1510651.39,0.0,,False,False,True,NEW_TRADE,2025-01-16,2027-07-16,USD-SOFR-1D,execution_timestamp,2025-04-09 13:26:00-04:00,strict,3.670133735526224,-1508451.0893717613,13187.302888644139,0.0,,114.38662644737762,114.38662644737765,114.55347638225957
1466505180,2025-04-10,SOFR,5.002739726027397,5Y,10000000.0,0.039017,12937.0,0.0,,False,False,True,NEW_TRADE,2030-04-02,2035-04-02,USD-SOFR-1D,execution_timestamp,2025-04-09 23:27:00-04:00,asof2h,3.9450432694624475,16369.407409726875,3776.6895789689706,1680.0,,-4.334326946244715,-4.3343269462447305,3.4254867204446753
1468744834,2025-04-10,SOFR,10.008219178082191,10Y,64000000.0,0.03667,1369802.571,0.0,,False,False,True,NEW_TRADE,2027-04-09,2037-04-09,USD-SOFR-1D,execution_timestamp,2025-04-10 14:03:00-04:00,strict,3.938218769892125,1337829.4170531668,49326.579336130795,0.0,,-27.12187698921249,-27.12187698921242,27.770070202225543
1473860214,2025-04-14,SOFR,20.013698630136986,20Y,100000000.0,0.0285,16250000.0,0.0,,False,False,True,NEW_TRADE,2022-07-14,2042-07-14,USD-SOFR-1D,execution_timestamp,2025-04-14 14:43:00-04:00,strict,4.063584292568625,16105545.950697668,132710.56694882968,0.0,,-121.3584292568625,-121.35842925686255,122.44691868632923
1476158370,2025-04-15,SOFR,4.802739726027397,5Y,12000000.0,0.0385,135762.825,0.0,,False,False,True,NEW_TRADE,2025-04-15,2030-02-01,USD-SOFR-1D,execution_timestamp,2025-04-15 14:15:00-04:00,strict,3.586885112797858,-138799.93551781005,5275.259678148696,0.0,,26.31148872021423,26.311488720214168,25.735761513762053
1481793133,2025-04-21,SOFR,1.0027397260273974,1Y,25000000.0,0.034375,18887.0,0.0,,False,False,True,NEW_TRADE,2027-04-20,2028-04-20,USD-SOFR-1D,execution_timestamp,2025-04-20 21:55:00-04:00,strict,3.3555631952472,-18766.26448698365,2290.3339401140547,0.0,,8.193680475280063,8.193680475280004,8.246395719507811
1482544217,2025-04-21,SOFR,5.002739726027397,5Y,8000000.0,0.0407,32811.52973,0.0,,False,False,True,NEW_TRADE,2030-05-13,2035-05-13,USD-SOFR-1D,execution_timestamp,2025-04-21 07:43:00-04:00,strict,4.1823080630847445,33695.48383404501,3000.2729019214958,0.0,,-11.230806308474417,-11.230806308474493,10.936181741662958
1482754297,2025-04-21,SOFR,10.008219178082191,10Y,46000000.0,0.042265,395172.58,0.0,,False,False,True,NEW_TRADE,2035-02-20,2045-02-20,USD-SOFR-1D,execution_timestamp,2025-04-21 16:56:00-04:00,strict,4.400210734247876,439199.63413444534,25283.39057664285,0.0,,-17.371073424787653,-17.37107342478758,15.62973046680954
1484356148,2025-04-22,SOFR,5.002739726027397,5Y,7000000.0,0.03691,40283.13267,0.0,,False,False,True,NEW_TRADE,2025-04-24,2030-04-24,USD-SOFR-1D,execution_timestamp,2025-04-22 10:59:00-04:00,strict,3.5649300790943457,-40294.70255007921,3196.218595253517,0.0,,12.606992090565416,12.60699209056542,12.603372225485982
1484366617,2025-04-22,SOFR,1.5041095890410958,18M,280000000.0,0.03472607,1037310.41882,0.0,,False,False,True,NEW_TRADE,2026-03-27,2027-09-27,USD-SOFR-1D,execution_timestamp,2025-04-22 11:33:00-04:00,strict,3.2340958272577494,-946139.7992629558,39668.57352571115,0.0,,23.851117274225064,23.85111727422505,26.14942577019232
1484633672,2025-04-22,SOFR,10.005479452054795,10Y,14000000.0,0.0382845,38746.91392,0.0,,False,False,True,NEW_TRADE,2024-03-05,2034-03-05,USD-SOFR-1D,execution_timestamp,2025-04-22 12:51:00-04:00,strict,3.7974365658841736,-33315.863782526925,10742.397522989915,0.0,,3.1013434115826577,3.101343411582685,3.606914921652949
1485095244,2025-04-23,SOFR,2.0,2Y,260000000.0,0.03443,353315.09432,0.0,-565922.0,False,False,True,NEW_TRADE,2025-06-18,2027-06-18,USD-SOFR-1D,execution_timestamp,2025-04-23 02:09:00-04:00,strict,3.520684019735396,385478.18879360706,49621.297933166614,0.0,,-7.768401973539607,-7.768401973539581,7.120230808873019
1488302720,2025-04-24,SOFR,0.7561643835616438,9M,100000000.0,0.03495,195008.9482,0.0,,False,False,True,NEW_TRADE,2025-07-11,2026-04-13,USD-SOFR-1D,execution_timestamp,2025-04-24 04:45:00-04:00,strict,3.7571275904900574,193498.43898368767,7381.841744393821,0.0,,-26.21275904900573,-26.212759049005772,26.41738402859972
1489313591,2025-04-24,SOFR,2.0,2Y,300000000.0,0.034,613427.0,0.0,,False,False,True,NEW_TRADE,2026-01-22,2028-01-22,USD-SOFR-1D,execution_timestamp,2025-04-24 16:25:00-04:00,strict,3.303447097620794,-543986.9712685049,56340.82019948204,60.0,,9.655290237920644,9.65529023792071,10.887789667031496
1491117572,2025-04-25,SOFR,30.019178082191782,30Y,24000000.0,0.0374,640651.14738,0.0,,False,False,True,NEW_TRADE,2025-02-14,2055-02-14,USD-SOFR-1D,execution_timestamp,2025-04-25 09:45:00-04:00,strict,3.8866071860775633,624948.9603216983,42627.443922910126,0.0,,-14.660718607756307,-14.660718607756339,15.029077242787292
1491137343,2025-04-25,SOFR,5.002739726027397,5Y,26000000.0,0.0336,314000.0,0.0,6085948.0,False,False,True,NEW_TRADE,2027-01-27,2032-01-27,USD-SOFR-1D,execution_timestamp,2025-04-25 10:55:00-04:00,strict,3.6468298539167625,319764.33928965917,11148.223761340227,0.0,,-28.68298539167626,-28.682985391676194,28.165921919228797
1491217436,2025-04-25,SOFR,2.0027397260273974,2Y,55000000.0,0.034225,159227.0,0.0,36940.0,False,False,True,NEW_TRADE,2026-04-06,2028-04-06,USD-SOFR-1D,execution_timestamp,2025-04-25 12:04:00-04:00,strict,3.269492882312372,-156864.87117326213,10252.129021442666,0.0,,15.300711768762776,15.300711768762769,15.531115504591433
1491566400,2025-04-25,SOFR,14.983561643835616,15Y,4000000.0,0.0665,105168.08288,0.0,,False,False,True,NEW_TRADE,2025-04-25,2040-04-15,USD-SOFR-1D,execution_timestamp,2025-04-25 14:53:00-04:00,strict,3.9066853108961004,-1252138.6674319918,4564.408367891406,0.0,,274.33146891039,274.3266085129967,23.040901339987666
1491823563,2025-04-28,SOFR,0.25205479452054796,3M,45000000.0,0.0370443,17939.0,0.0,,False,False,True,NEW_TRADE,2025-08-18,2025-11-18,USD-SOFR-1D,execution_timestamp,2025-04-27 22:21:00-04:00,strict,,,,,"SnapshotMiss: citivelo_excel minute store (USD-SOFR-1D-CITIVELOEXCELMIN): no snapshot satisfies datetime.datetime(2025, 4, 27, 22, 21, tzinfo=zoneinfo.ZoneInfo(",,,
1495396258,2025-04-29,SOFR,5.019178082191781,5Y,1000000.0,0.0373,14516.1,0.0,,False,False,True,NEW_TRADE,2025-04-29,2030-05-05,USD-SOFR-1D,execution_timestamp,2025-04-29 11:21:00-04:00,strict,3.411588308733516,-14650.50851676386,460.01265889168036,0.0,,31.84116912664838,31.848055121051853,31.555870734022825
1497268048,2025-04-30,FED_FUNDS,5.002739726027397,5Y,120000000.0,0.0325125,35094.49284,0.0,42165.0,False,False,True,NEW_TRADE,2050-04-29,2055-04-29,USD-FEDFUNDS-1D,execution_timestamp,2025-04-30 05:12:00-04:00,strict,3.203643146212177,-101957.82459828164,21416.62733115983,0.0,,4.76068537878227,4.760685378782283,1.6386563718620506
1497649185,2025-04-30,SOFR,5.002739726027397,5Y,17000000.0,0.0357,159177.47886,0.0,,False,False,True,NEW_TRADE,2025-06-23,2030-06-23,USD-SOFR-1D,execution_timestamp,2025-04-30 08:00:00-04:00,strict,3.367027219197738,-157540.82402121602,7761.6724468436605,0.0,,20.297278080226235,20.297278080226267,20.50814176327818
1497680200,2025-04-30,SOFR,10.257534246575343,10Y,550000.0,0.0417,24700.0,0.0,,False,False,True,NEW_TRADE,2025-05-10,2035-08-10,USD-SOFR-1D,execution_timestamp,2025-04-30 09:42:00-04:00,strict,3.6319790349904886,-25381.734948892088,471.76107623321764,0.0,,53.80209650095114,53.80209650095102,52.35701130160518
1497870132,2025-04-30,SOFR,5.002739726027397,5Y,22000000.0,0.039712,593489.74346,0.0,-572273.0,False,False,True,NEW_TRADE,2025-04-30,2030-04-30,USD-SOFR-1D,execution_timestamp,2025-04-30 12:17:00-04:00,strict,3.382898073108383,-593753.6998161706,10092.669642497334,0.0,,58.83019268916168,58.83019268916167,58.80403941500127
1498193859,2025-04-30,SOFR,2.0,2Y,35000000.0,0.03761,3030000.0,0.0,,False,False,True,NEW_TRADE,2024-10-22,2026-10-22,USD-SOFR-1D,execution_timestamp,2025-04-30 16:19:00-04:00,strict,3.7885391056585465,18855.979164050426,6846.983122053001,0.0,,-2.753910565854678,-2.7539105658546803,442.53066584038606
1498742078,2025-05-01,SOFR,5.002739726027397,5Y,4000000.0,0.03632,62909.87156,0.0,,False,False,True,NEW_TRADE,2025-09-24,2030-09-24,USD-SOFR-1D,execution_timestamp,2025-05-01 08:51:00-04:00,strict,3.2916235043407016,-61720.322907873895,1813.2956797831673,0.0,,34.037649565929804,34.03764956592979,34.693664282883375
1498809938,2025-05-01,SOFR,5.002739726027397,5Y,55000000.0,0.038475,1184023.912,0.0,,False,False,True,NEW_TRADE,2025-03-04,2030-03-04,USD-SOFR-1D,execution_timestamp,2025-05-01 12:11:00-04:00,strict,3.4541971124504354,-996435.422362674,25335.065007299312,0.0,,39.33028875495648,39.33028875495642,46.73459143123847
1502119567,2025-05-05,SOFR,5.002739726027397,5Y,7000000.0,0.03842,78973.4306,0.0,,False,False,True,NEW_TRADE,2025-03-04,2030-03-04,USD-SOFR-1D,execution_timestamp,2025-05-05 10:35:00-04:00,strict,3.600655066241978,-77517.41911581671,3211.8933639409775,0.0,,24.134493375802222,24.134493375802244,24.587812125586883
1502446697,2025-05-05,SOFR,30.019178082191782,30Y,15000000.0,0.0374,573289.54242,0.0,,False,False,True,NEW_TRADE,2025-02-14,2055-02-14,USD-SOFR-1D,execution_timestamp,2025-05-05 16:39:00-04:00,strict,3.956610689945142,573566.9661352318,26479.162514116448,0.0,,-21.661068994514167,-21.66106899451425,21.65059193674915
1506095940,2025-05-07,SOFR,1.0,1Y,50000000.0,0.035,70898.0,0.0,,False,False,True,NEW_TRADE,2025-12-23,2026-12-23,USD-SOFR-1D,execution_timestamp,2025-05-07 06:55:00-04:00,strict,3.3523036441523573,-70527.74469017028,4775.185161841363,0.0,,14.769635584764318,14.769635584764218,14.847172957092404
1506100159,2025-05-07,SOFR,10.005479452054795,10Y,81000000.0,0.0335,2871202.0,0.0,93609302.0,False,False,True,NEW_TRADE,2025-04-04,2035-04-04,USD-SOFR-1D,execution_timestamp,2025-05-07 06:57:00-04:00,strict,3.7734393335722904,2872163.351885885,67829.3942996569,0.0,,-42.343933357229034,-42.34393335722907,42.329760270533974
1506100296,2025-05-07,SOFR,10.005479452054795,10Y,66000000.0,0.037923,97717.79204,0.0,93609302.0,False,False,True,NEW_TRADE,2025-03-24,2035-03-24,USD-SOFR-1D,execution_timestamp,2025-05-07 06:57:00-04:00,strict,3.7750175603038976,-95658.20470026135,55349.94270619876,0.0,,1.7282439696102436,1.7282439696102592,1.7654542581677573
1506591137,2025-05-07,SOFR,7.005479452054795,7Y,450000.0,0.03632,532.0,0.0,,False,False,True,NEW_TRADE,2025-05-06,2032-05-06,USD-SOFR-1D,execution_timestamp,2025-05-07 13:19:00-04:00,strict,3.6120077891052302,-555.7151889329689,277.96584972919777,60.0,,1.9992210894769435,1.9992210894768634,1.9139041739058575
1506631825,2025-05-07,SOFR,0.14794520547945206,2M,250000000.0,0.04284,22400.0,0.0,,False,False,True,NEW_TRADE,2025-04-09,2025-06-02,USD-SOFR-1D,execution_timestamp,2025-05-07 15:27:00-04:00,strict,4.340356695423876,21062.944706393173,3737.4343097963147,0.0,,-5.6356695423875,-5.635669542387509,5.993416376921089
1506831678,2025-05-08,SOFR,2.0,2Y,52000000.0,0.035318,46086.06636,0.0,,False,False,True,NEW_TRADE,2025-05-06,2027-05-06,USD-SOFR-1D,execution_timestamp,2025-05-07 23:38:00-04:00,asof2h,,,,,"SnapshotMiss: citivelo_excel minute store (USD-SOFR-1D-CITIVELOEXCELMIN): no snapshot satisfies datetime.datetime(2025, 5, 7, 23, 38, tzinfo=zoneinfo.ZoneInfo(k",,,
1508418241,2025-05-08,SOFR,4.997260273972603,5Y,15000000.0,0.0415,5000.0,0.0,,False,False,True,NEW_TRADE,2025-05-09,2030-05-07,USD-SOFR-1D,execution_timestamp,2025-05-08 08:11:00-04:00,strict,3.536875899972912,-419388.0340989744,6840.181850304778,0.0,,61.31241000270884,61.31241000270888,0.7309747181322694
1508475342,2025-05-08,SOFR,1.0,1Y,52000000.0,0.0424555,41130.0,0.0,,False,False,True,NEW_TRADE,2025-02-13,2026-02-13,USD-SOFR-1D,execution_timestamp,2025-05-08 10:46:00-04:00,strict,4.165688481357879,-40789.475846312474,5107.5256944587345,0.0,,7.986151864212054,7.986151864212031,8.052822924537184
1510833696000000201,2025-12-22,SOFR,1.0,1Y,200000000.0,0.0393464,448380.0,0.0,,False,False,True,NEW_TRADE,2025-04-02,2026-04-02,USD-SOFR-1D,execution_timestamp,2025-12-22 01:53:00-05:00,strict,4.159255559305122,450587.8572172569,20060.402699225604,0.0,,-22.46155593051227,-22.461555930512354,22.351495467102907
1512888729,2025-05-12,SOFR,30.019178082191782,30Y,5000000.0,0.0395854,68522.57232,0.0,,False,False,True,NEW_TRADE,2025-04-16,2055-04-16,USD-SOFR-1D,execution_timestamp,2025-05-12 07:25:00-04:00,strict,4.033699641896097,65184.544217078015,8672.811973637603,0.0,,-7.515964189609647,-7.51596418960965,7.900848367090778
1512920734,2025-05-12,SOFR,2.0054794520547947,2Y,38000000.0,0.0351,144019.51488,0.0,,False,False,True,NEW_TRADE,2025-07-15,2027-07-17,USD-SOFR-1D,execution_timestamp,2025-05-12 08:58:00-04:00,strict,3.7150476857610393,148443.55204129498,7264.415902122524,0.0,,-20.50476857610395,-20.4343410456335,19.825339961320253
1513403380,2025-05-12,SOFR,30.019178082191782,30Y,3000000.0,0.03965,37423.59894,0.0,,False,False,True,NEW_TRADE,2025-04-24,2055-04-24,USD-SOFR-1D,execution_timestamp,2025-05-12 13:44:00-04:00,strict,4.034952881626604,36366.22361175204,5198.674131234282,0.0,,-6.99528816266044,-6.995288162660405,7.1986814320894545
1513421656,2025-05-12,SOFR,30.019178082191782,30Y,37000000.0,0.03743,2035481.0,0.0,,False,False,True,NEW_TRADE,2025-05-05,2055-05-05,USD-SOFR-1D,execution_timestamp,2025-05-12 15:41:00-04:00,strict,4.061834266291688,2035620.5287233815,63845.726257700066,0.0,,-31.883426629168852,-31.883426629168888,31.881241224889543
1515213963,2025-05-13,SOFR,5.002739726027397,5Y,30000000.0,0.041,384352.0,0.0,,False,False,True,NEW_TRADE,2027-02-18,2032-02-18,USD-SOFR-1D,execution_timestamp,2025-05-13 08:26:00-04:00,strict,3.7980565435734888,-384934.1925156452,12748.552231312624,0.0,,30.19434564265118,30.19434564265117,30.14867829901232
1515261872,2025-05-13,SOFR,10.005479452054795,10Y,68000000.0,0.0305,1927001.0,0.0,,False,False,True,NEW_TRADE,2044-07-20,2054-07-20,USD-SOFR-1D,execution_timestamp,2025-05-13 10:40:00-04:00,strict,3.813209454517107,1910017.6400572127,25026.12656005034,0.0,,-76.32094545171073,-76.3209454517108,76.99957064374902
1515287435,2025-05-13,SOFR,5.002739726027397,5Y,1000000.0,0.0691,15655.744,0.0,,False,False,True,NEW_TRADE,2025-05-13,2030-05-13,USD-SOFR-1D,execution_timestamp,2025-05-13 11:37:00-04:00,strict,3.754993894082586,-143159.8745434074,453.754667145975,0.0,,315.50061059174135,315.5006105917412,34.50266219512729
1515740861,2025-05-13,SOFR,30.019178082191782,30Y,18000000.0,0.03795,807568.47848,0.0,,False,False,True,NEW_TRADE,2025-06-03,2055-06-03,USD-SOFR-1D,execution_timestamp,2025-05-13 16:17:00-04:00,strict,4.057645410371757,813333.3891309723,30966.9751312141,0.0,,-26.264541037175704,-26.264541037175707,26.078377854412615
1515808265,2025-05-13,SOFR,30.02191780821918,30Y,350000.0,0.0375,17111.0,0.0,,False,False,True,NEW_TRADE,2027-03-02,2057-03-02,USD-SOFR-1D,execution_timestamp,2025-05-13 16:37:00-04:00,strict,4.0520294874194684,16953.46699888009,561.3182720578069,0.0,,-30.202948741946845,-30.2029487419468,30.48359701042805
1517110756000000101,2025-12-22,SOFR,5.002739726027397,5Y,2000000.0,0.0604,23157.86,0.0,,False,False,True,NEW_TRADE,2026-01-10,2031-01-10,USD-SOFR-1D,execution_timestamp,2025-12-22 11:49:00-05:00,strict,3.445196148778255,-237308.4841144766,914.5526896098203,0.0,,259.4803851221745,259.4803851221744,25.321515384619275
1517580292,2025-05-14,SOFR,3.0082191780821916,3Y,140000000.0,0.0356502,725420.51502,0.0,8045212.0,False,False,True,NEW_TRADE,2025-05-13,2028-05-15,USD-SOFR-1D,execution_timestamp,2025-05-14 11:00:00-04:00,strict,3.7485529693611443,726345.8783627935,39575.77109394112,0.0,,-18.353296936114425,-18.353296936114376,18.329914868823842
1518010372,2025-05-14,SOFR,2.0027397260273974,2Y,3000000.0,0.0245,27299.94,0.0,,False,False,True,NEW_TRADE,2023-07-15,2025-07-15,USD-SOFR-1D,execution_timestamp,2025-05-14 16:14:00-04:00,strict,4.720991973443332,68548.44451785492,301.84362304865465,0.0,,-227.09919734433316,-227.09919734433313,90.44398461782139
1518183311,2025-05-14,SOFR,5.002739726027397,5Y,50000000.0,0.04277,216230.0,0.0,,False,False,True,NEW_TRADE,2025-05-21,2030-05-21,USD-SOFR-1D,execution_timestamp,2025-05-14 16:29:00-04:00,strict,3.815610170584617,-1044267.2199808508,22633.078438335284,0.0,,46.13898294153831,46.13898294153834,9.553715840694283
1518418491000000401,2025-12-22,SOFR,0.08493150684931507,1M,650000.0,0.0401,198.912,0.0,,False,False,True,NEW_TRADE,2025-12-20,2026-01-20,USD-SOFR-1D,execution_timestamp,2025-12-22 12:24:00-05:00,strict,3.749604868560329,-135.90726475104043,5.219270575438087,0.0,,26.039513143967064,26.039513143967028,38.11107263457098
1519839164,2025-05-15,SOFR,5.005479452054795,5Y,7000000.0,0.0408,121523.731,0.0,,False,False,True,NEW_TRADE,2025-05-14,2030-05-15,USD-SOFR-1D,execution_timestamp,2025-05-15 09:28:00-04:00,strict,3.734162690600412,-109985.98971901694,3180.281211126853,0.0,,34.58373093995881,34.583730939958656,38.21163064914662
1522054239,2025-05-16,SOFR,5.002739726027397,5Y,8000000.0,0.0551,132186.0,0.0,,False,False,True,NEW_TRADE,2025-05-15,2030-05-15,USD-SOFR-1D,execution_timestamp,2025-05-16 11:20:00-04:00,strict,3.70206406272379,-657187.1106179913,3635.0132605256604,0.0,,180.79359372762104,180.79359372762104,36.364654136333066
1522057364,2025-05-16,SOFR,3.0027397260273974,3Y,11000000.0,0.03576,35896.0,0.0,,False,False,True,NEW_TRADE,2025-05-12,2028-05-12,USD-SOFR-1D,execution_timestamp,2025-05-16 11:36:00-04:00,strict,3.6930877447973307,36388.73767750012,3107.8177942948623,0.0,,-11.708774479733064,-11.708774479733107,11.550226678634646
1522461192,2025-05-16,SOFR,5.0,5Y,5000000.0,0.06255,53937.332,0.0,,False,False,True,NEW_TRADE,2025-05-16,2030-05-15,USD-SOFR-1D,execution_timestamp,2025-05-16 14:31:00-04:00,strict,3.7091022513656915,-577914.4085255337,2269.982794224724,0.0,,254.58977486343076,254.58977486343068,23.761119307700053
1524655231,2025-05-19,SOFR,5.786301369863014,6Y,820000.0,0.017,14635.32,0.0,,False,False,True,NEW_TRADE,2025-05-19,2031-03-01,USD-SOFR-1D,execution_timestamp,2025-05-19 13:36:00-04:00,strict,3.7528880551635604,87296.06641868428,425.22111200509164,0.0,,-205.28880551635604,-205.29570135181572,34.418140555130186
1525032249000000701,2025-12-23,SOFR,0.08767123287671233,1M,130000000.0,0.034472,491.92,0.0,,False,False,True,NEW_TRADE,2026-05-22,2026-06-23,USD-SOFR-1D,execution_timestamp,2025-12-23 04:09:00-05:00,strict,3.4355525425215077,-1321.5121398116462,1134.5928004045397,0.0,,1.1647457478492829,1.1647457478493255,0.43356524016775505
1526300965,2025-05-20,SOFR,30.019178082191782,30Y,1000000.0,0.0388,32552.0,0.0,,False,False,True,NEW_TRADE,2025-07-14,2055-07-14,USD-SOFR-1D,execution_timestamp,2025-05-20 08:48:00-04:00,strict,4.070650273009383,32643.2249080959,1712.204466997507,0.0,,-19.065027300938286,-19.06502730093825,19.011748087004257
1526371804,2025-05-20,SOFR,30.019178082191782,30Y,4000000.0,0.0391,111412.0,0.0,,False,False,True,NEW_TRADE,2025-10-16,2055-10-16,USD-SOFR-1D,execution_timestamp,2025-05-20 10:49:00-04:00,strict,4.077646782902635,113470.82743423898,6768.446460445358,0.0,,-16.76467829026347,-16.76467829026348,16.460498084913446
1526878775,2025-05-20,SOFR,7.005479452054795,7Y,6000000.0,0.0655,110979.345,0.0,,False,False,True,NEW_TRADE,2025-05-20,2032-05-20,USD-SOFR-1D,execution_timestamp,2025-05-20 16:35:00-04:00,strict,3.7963755616368173,-1013505.1524411014,3680.6223039026754,0.0,,275.36244383631833,275.36244383631845,30.15233181691184
1528737330,2025-05-21,SOFR,10.005479452054795,10Y,25000000.0,0.0382,331205.0,0.0,,False,False,True,NEW_TRADE,2025-06-04,2035-06-04,USD-SOFR-1D,execution_timestamp,2025-05-21 12:51:00-04:00,strict,3.9805852245612323,331014.4836177267,20613.00997785808,0.0,,-16.05852245612325,-16.058522456123256,16.067764987052893
1530484919000000901,2025-12-23,SOFR,0.9178082191780822,11M,50000000.0,0.035264,7592.0,0.0,,False,False,True,NEW_TRADE,2025-12-22,2026-11-22,USD-SOFR-1D,execution_timestamp,2025-12-23 10:37:00-05:00,strict,3.511350111795947,-6799.9069729405455,4518.24417613231,0.0,,1.5049888204052841,1.5049888204053141,1.680298740848237
1530609806,2025-05-22,SOFR,1.0,1Y,50000000.0,0.034375,2935.0,0.0,,False,False,True,NEW_TRADE,2026-06-23,2027-06-23,USD-SOFR-1D,execution_timestamp,2025-05-22 10:40:00-04:00,strict,3.4550961824686484,8248.64714960847,4687.748131906277,0.0,,-1.7596182468647914,-1.7596182468647585,0.6261001908407736
1530632804000000101,2025-12-23,SOFR,7.838356164383562,8Y,650000.0,0.0185,42911.832,0.0,,False,False,True,NEW_TRADE,2023-08-07,2031-06-07,USD-SOFR-1D,execution_timestamp,2025-12-23 11:42:00-05:00,strict,3.5803315020322817,61920.26131853498,357.839139546342,0.0,,-173.0331502032282,-173.03937572909345,119.91933597426589
1531150486,2025-05-22,SOFR,2.0,2Y,23000000.0,0.038983,31236.36616,0.0,,False,False,True,NEW_TRADE,2025-03-11,2027-03-11,USD-SOFR-1D,execution_timestamp,2025-05-22 17:16:00-04:00,strict,3.8768021439539813,-9528.173528166022,4432.150586444477,0.0,,2.1497856046018615,2.1497856046018584,7.047677092816961
1531302809,2025-05-23,SOFR,1.0,1Y,50000000.0,0.036368,37150.0,0.0,,False,False,True,NEW_TRADE,2025-10-31,2026-10-31,USD-SOFR-1D,execution_timestamp,2025-05-23 01:56:00-04:00,strict,3.71066234631669,35298.990509791765,4779.023720481926,0.0,,-7.386234631669053,-7.386234631669112,7.773554217942597
1531314356,2025-05-23,SOFR,5.002739726027397,5Y,11000000.0,0.03849,25030.83303,0.0,253288.0,False,False,True,NEW_TRADE,2024-07-16,2029-07-16,USD-SOFR-1D,execution_timestamp,2025-05-23 02:16:00-04:00,strict,3.896357286127752,24412.755278072087,5155.015684854904,0.0,,-4.7357286127751586,-4.735728612775156,4.855626938932298
1531917460000000101,2025-12-23,SOFR,1.7506849315068493,21M,52000000.0,0.0532,373007.0682,0.0,,False,False,True,NEW_TRADE,2025-12-23,2027-09-23,USD-SOFR-1D,execution_timestamp,2025-12-23 13:09:00-05:00,strict,3.3699630447281588,-1720253.8568298575,8821.647467650426,0.0,,195.00369552718405,195.003695527184,42.28315284280425
1531918732000000101,2025-12-23,SOFR,3.0027397260273974,3Y,290000.0,0.0405,5372.504,0.0,,False,False,True,NEW_TRADE,2025-12-23,2028-12-23,USD-SOFR-1D,execution_timestamp,2025-12-23 13:17:00-05:00,strict,3.375716989711914,-5577.976404914676,82.72455808328164,0.0,,67.42830102880859,67.4283010288086,64.94448715690106
1532755315,2025-05-23,SOFR,20.013698630136986,20Y,3000000.0,0.03685,156530.4,0.0,,False,False,True,NEW_TRADE,2035-03-06,2055-03-06,USD-SOFR-1D,execution_timestamp,2025-05-23 08:03:00-04:00,strict,4.251550336036591,153706.24344395264,2713.0200737190185,0.0,,-56.655033603659135,-56.655033603659085,57.69599772456807
1536726592,2025-05-27,SOFR,3.0,3Y,8000000.0,0.0363,51930.82895,0.0,,False,False,True,NEW_TRADE,2024-10-29,2027-10-29,USD-SOFR-1D,execution_timestamp,2025-05-27 08:08:00-04:00,strict,3.864946955241407,54152.707740627695,2304.890807586168,0.0,,-23.494695524140717,-23.49469552414066,22.530711120491365
1536857543,2025-05-27,SOFR,5.002739726027397,5Y,22000000.0,0.039462,175084.13352,0.0,,False,False,True,NEW_TRADE,2030-03-25,2035-03-25,USD-SOFR-1D,execution_timestamp,2025-05-27 12:02:00-04:00,strict,4.154698670118417,173132.20750773605,8303.755962059848,0.0,,-20.849867011841773,-20.84986701184177,21.08493244743289
1539154182,2025-05-28,SOFR,14.92876712328767,15Y,12000000.0,0.03966,52309.209,0.0,,False,False,True,NEW_TRADE,2025-05-30,2040-04-30,USD-SOFR-1D,execution_timestamp,2025-05-28 12:46:00-04:00,strict,4.103690196070678,185415.6520036012,13466.1477211075,0.0,,-13.7690196070678,-13.769019607067849,3.884496894238579
1543160102000000101,2025-12-24,SOFR,2.0,2Y,40000000.0,0.0331121,44900.0,0.0,,False,False,True,NEW_TRADE,2025-12-08,2027-12-08,USD-SOFR-1D,execution_timestamp,2025-12-24 09:14:00-05:00,strict,3.3714731838201657,46520.730651936494,7719.593905088193,0.0,,-6.026318382016571,-6.026318382016626,5.816368134391784
1544582288,2025-06-02,SOFR,10.016438356164384,10Y,1000000.0,0.0375,5441.146,0.0,,False,False,True,NEW_TRADE,2022-12-02,2032-12-05,USD-SOFR-1D,execution_timestamp,2025-06-02 10:32:00-04:00,strict,3.802394040816008,3658.257026536681,702.975212404768,0.0,,-5.239404081600796,-5.203963044475434,7.740167653119222
1546607425,2025-06-03,SOFR,10.005479452054795,10Y,100000000.0,0.0402685,1286059.36992,0.0,,False,False,True,NEW_TRADE,2025-05-27,2035-05-27,USD-SOFR-1D,execution_timestamp,2025-06-03 06:22:00-04:00,strict,3.8688348275315763,-1314276.1099985652,83174.04521779067,0.0,,15.801517246842334,15.801517246842355,15.462267905239697
1546680135,2025-06-03,SOFR,7.2164383561643834,7Y,130000000.0,0.03745,174838.4927,0.0,9.9999999999,False,False,True,NEW_TRADE,2025-05-30,2032-08-15,USD-SOFR-1D,execution_timestamp,2025-06-03 08:21:00-04:00,strict,3.7253679047053323,-162296.02698659897,82168.23120517195,0.0,,1.9632095294667362,1.9751675873531946,2.127811322400659
1547117043,2025-06-03,SOFR,5.002739726027397,5Y,110000000.0,0.0414634,2209923.0,0.0,,False,False,True,NEW_TRADE,2025-03-03,2030-03-03,USD-SOFR-1D,execution_timestamp,2025-06-03 13:32:00-04:00,strict,3.7109542476057045,-2198431.901108805,50493.88706495505,0.0,,43.5385752394295,43.53857523942957,43.76614929956111
1547217716,2025-06-03,SOFR,9.967123287671233,10Y,130000000.0,0.0341681,5948380.24705,0.0,-3110015.0,False,False,True,NEW_TRADE,2024-08-29,2034-08-15,USD-SOFR-1D,execution_timestamp,2025-06-03 16:40:00-04:00,strict,3.9550421761700436,5952537.266414665,110594.22921854613,0.0,,-53.823217617004374,-53.82321761700431,53.78562958556689
1547217740,2025-06-03,SOFR,6.978082191780822,7Y,240000000.0,0.0357333,3085238.07956,0.0,-3110015.0,False,False,True,NEW_TRADE,2025-04-10,2032-03-31,USD-SOFR-1D,execution_timestamp,2025-06-03 16:40:00-04:00,strict,3.783786721135714,3107137.6681862622,147637.84456105018,0.0,,-21.045672113571356,-21.04567211357126,20.897338949460302
1547217765,2025-06-03,SOFR,6.923287671232877,7Y,330000000.0,0.0375539,323538.85634,0.0,-3110015.0,False,True,True,NEW_TRADE,2025-05-30,2032-04-30,USD-SOFR-1D,execution_timestamp,2025-06-03 16:40:00-04:00,strict,3.7726992275167714,347253.07732106745,200617.31639069002,0.0,,-1.730922751677122,-1.7309227516771943,1.6127165000548993
1548958962,2025-06-04,SOFR,30.019178082191782,30Y,9000000.0,0.038402,320756.71089,0.0,2388550.0,False,False,True,NEW_TRADE,2025-04-29,2055-04-29,USD-SOFR-1D,execution_timestamp,2025-06-04 10:37:00-04:00,strict,4.044037934510934,319284.23793367017,15663.631928950143,0.0,,-20.383793451093403,-20.38379345109332,20.477799296162264
1549100504,2025-06-04,SOFR,30.019178082191782,30Y,570000.0,0.0405828,3820.0,0.0,,False,False,True,NEW_TRADE,2025-05-19,2055-05-19,USD-SOFR-1D,execution_timestamp,2025-06-04 12:04:00-04:00,strict,4.020818181629729,-3717.826189440093,992.4307871799793,0.0,,3.7461818370270628,3.7461818370270468,3.849134921392997
1549293155,2025-06-04,SOFR,30.019178082191782,30Y,22000000.0,0.040755,231670.55982,0.0,35961.0,False,False,True,NEW_TRADE,2025-05-20,2055-05-20,USD-SOFR-1D,execution_timestamp,2025-06-04 12:54:00-04:00,strict,4.013533631256099,-237534.01881723478,38332.73171112114,0.0,,6.196636874390116,6.1966368743900695,6.043674673798097
1549293230,2025-06-04,SOFR,10.005479452054795,10Y,60000000.0,0.038774,209234.14632,0.0,35961.0,False,False,True,NEW_TRADE,2025-06-02,2035-06-02,USD-SOFR-1D,execution_timestamp,2025-06-04 12:54:00-04:00,strict,3.8334423888249125,-219643.55214545876,49967.1265735068,0.0,,4.395761117508767,4.395761117508737,4.187436033813051
1549481096,2025-06-04,SOFR,7.079452054794521,7Y,18000000.0,0.058,358100.0,0.0,,False,False,True,NEW_TRADE,2025-06-04,2032-07-01,USD-SOFR-1D,execution_timestamp,2025-06-04 16:42:00-04:00,strict,3.69007892052066,-2361168.7484970316,11190.791785822106,0.0,,210.99210794793407,210.99210794793407,31.999523076971716
1549810073,2025-06-05,SOFR,0.7479452054794521,9M,100000000.0,0.0393474,20511.71958,0.0,,False,False,True,NEW_TRADE,2025-08-22,2026-05-22,USD-SOFR-1D,execution_timestamp,2025-06-05 03:04:00-04:00,strict,3.9055368112662503,-21299.414188186638,7293.523451283984,0.0,,2.9203188733749386,2.9203188733748426,2.812319685677987
1553150055,2025-06-06,SOFR,1.0027397260273974,1Y,25000000.0,0.03543,13405.0,0.0,,False,False,True,NEW_TRADE,2027-05-19,2028-05-19,USD-SOFR-1D,execution_timestamp,2025-06-06 08:36:00-04:00,strict,3.4919607149435388,-11643.802125278162,2281.341149743237,0.0,,5.103928505646138,5.1039285056461905,5.8759296046138125
1553513593,2025-06-06,SOFR,0.6657534246575343,8M,16000000.0,0.03283,19362.525,0.0,,False,False,True,NEW_TRADE,2026-07-01,2027-03-01,USD-SOFR-1D,execution_timestamp,2025-06-06 13:29:00-04:00,strict,3.512199019600637,23153.086324290256,1010.1738813993582,0.0,,-22.919901960063704,-22.91990196006365,19.16751695577179
1553528216,2025-06-06,SOFR,4.087671232876712,4Y,12000000.0,0.052,364196.78,0.0,,False,False,True,NEW_TRADE,2023-08-01,2027-09-01,USD-SOFR-1D,execution_timestamp,2025-06-06 15:24:00-04:00,strict,4.013593859736538,-412043.735527921,3473.041158033957,0.0,,118.6406140263462,118.64061402634617,104.863940111256
1555630432,2025-06-09,SOFR,11.926027397260274,12Y,24000000.0,0.029372,1168156.1,0.0,,False,False,True,NEW_TRADE,2018-10-31,2030-10-01,USD-SOFR-1D,execution_timestamp,2025-06-09 12:50:00-04:00,strict,3.8425896291283466,1192644.105715664,13172.716666346943,0.0,,-90.53896291283468,-90.53896291283459,88.67996857355568
1555664948,2025-06-09,SOFR,4.980821917808219,5Y,4000000.0,0.061525,62720.1568,0.0,,False,False,True,NEW_TRADE,2025-06-09,2030-06-01,USD-SOFR-1D,execution_timestamp,2025-06-09 15:21:00-04:00,strict,3.7363468782808424,-437453.3273131334,1810.4616230376366,0.0,,241.61531217191583,241.62529696661758,34.643184921405066
1556804687,2025-06-10,SOFR,5.002739726027397,5Y,37000000.0,0.0341,409938.0,0.0,,False,False,True,NEW_TRADE,2026-01-15,2031-01-15,USD-SOFR-1D,execution_timestamp,2025-06-10 04:30:00-04:00,strict,3.6615477265283713,413652.9493941637,16444.312779249438,60.0,,-25.154772652837167,-25.154772652837117,24.928861759263537
1557529465,2025-06-10,SOFR,10.005479452054795,10Y,24000000.0,0.0369788,478056.79665,0.0,5709280.0,False,False,True,NEW_TRADE,2024-12-05,2034-12-05,USD-SOFR-1D,execution_timestamp,2025-06-10 10:07:00-04:00,strict,3.93700386177427,484569.6231824113,20264.37761530631,0.0,,-23.912386177426992,-23.912386177426978,23.590993304867595
1557529468,2025-06-10,SOFR,4.501369863013698,5Y,49000000.0,0.0375993,140472.00992,0.0,5709280.0,False,False,True,NEW_TRADE,2024-12-05,2029-06-05,USD-SOFR-1D,execution_timestamp,2025-06-10 10:07:00-04:00,strict,3.6849679741936647,-135966.9442839045,18138.109639029335,0.0,,7.496202580633549,7.49620258063347,7.744578278308246
1557948837,2025-06-10,FED_FUNDS,1.0082191780821919,1Y,300000000.0,0.04203,212000.0,0.0,,False,False,True,NEW_TRADE,2025-06-12,2026-06-15,USD-FEDFUNDS-1D,execution_timestamp,2025-06-10 16:09:00-04:00,strict,4.062438780715178,-413864.799636852,29443.74001183282,0.0,,14.056121928482135,14.056121928482199,7.200172257831433
1558989556000000601,2025-12-26,SOFR,1.0027397260273974,1Y,150000000.0,0.0434,225970.0018,0.0,,False,False,True,NEW_TRADE,2035-10-01,2036-10-01,USD-SOFR-1D,execution_timestamp,2025-12-26 11:26:00-05:00,strict,4.544657788605539,206289.17632326484,10079.712955409186,0.0,,-20.465778860553918,-20.465778860553925,22.418297306644558
1559700307,2025-06-11,SOFR,30.02191780821918,30Y,250000.0,0.0375,14393.0,0.0,,False,False,True,NEW_TRADE,2027-03-02,2057-03-02,USD-SOFR-1D,execution_timestamp,2025-06-11 08:17:00-04:00,strict,4.106453984510082,14251.119634745934,399.8025061869614,0.0,,-35.64539845100816,-35.645398451008255,36.00027457874248
1559793891,2025-06-11,SOFR,2.0027397260273974,2Y,32000000.0,0.03746,16100.0,0.0,-16100.0,False,False,True,NEW_TRADE,2025-05-30,2027-05-31,USD-SOFR-1D,execution_timestamp,2025-06-11 10:17:00-04:00,strict,3.772295234670238,16081.434128011577,6115.721852147295,0.0,,-2.629523467023809,-2.629523467023801,2.6325592283676404
1559804154,2025-06-11,SOFR,12.175342465753424,12Y,13000000.0,0.03897,50086.78612,0.0,,False,False,True,NEW_TRADE,2025-06-13,2037-08-13,USD-SOFR-1D,execution_timestamp,2025-06-11 11:24:00-04:00,strict,4.009719833500771,141622.101086515,12564.080045908342,0.0,,-11.27198335007713,-11.27198335007712,3.9865064483023107
1560313862,2025-06-12,SOFR,0.7315068493150685,9M,100000000.0,0.039822,15042.0,0.0,,False,False,True,NEW_TRADE,2025-08-18,2026-05-12,USD-SOFR-1D,execution_timestamp,2025-06-11 21:46:00-04:00,strict,,,,,"SnapshotMiss: citivelo_excel minute store (USD-SOFR-1D-CITIVELOEXCELMIN): no snapshot satisfies datetime.datetime(2025, 6, 11, 21, 46, tzinfo=zoneinfo.ZoneInfo(",,,
1562443631,2025-06-12,SOFR,1.0027397260273974,1Y,25000000.0,0.03543,30527.0,0.0,,False,False,True,NEW_TRADE,2027-05-19,2028-05-19,USD-SOFR-1D,execution_timestamp,2025-06-12 13:34:00-04:00,strict,3.4195594940173124,-28219.180527071934,2286.0551568890537,0.0,,12.344050598268774,12.34405059826886,13.35357106673762
1562459755,2025-06-12,SOFR,5.002739726027397,5Y,44000000.0,0.0342946,445021.04454,0.0,1129200.0,False,False,True,NEW_TRADE,2025-04-07,2030-04-07,USD-SOFR-1D,execution_timestamp,2025-06-12 14:53:00-04:00,strict,3.649440297189435,443758.9076560987,20172.666067177706,0.0,,-21.998029718943492,-21.99802971894352,22.0605964059495
1564429676,2025-06-13,SOFR,5.008219178082192,5Y,3000000.0,0.0405,60041.484,0.0,,False,False,True,NEW_TRADE,2025-06-13,2030-06-15,USD-SOFR-1D,execution_timestamp,2025-06-13 09:07:00-04:00,strict,3.6366888770986274,-56556.39397295122,1367.9819032053592,0.0,,41.33111229013724,41.34294016641027,43.89055429703785
1567189883,2025-06-16,SOFR,10.002739726027396,10Y,2000000.0,0.0414,45599.886,0.0,,False,False,True,NEW_TRADE,2025-06-16,2035-06-15,USD-SOFR-1D,execution_timestamp,2025-06-16 13:51:00-04:00,strict,3.912491288136035,-37691.54499876127,1656.7077669227222,0.0,,22.75087118639645,22.75087118639639,27.524399239523227
1567192978,2025-06-16,SOFR,10.005479452054795,10Y,11000000.0,0.03325,539084.3363,0.0,-50573645.0,False,False,True,NEW_TRADE,2025-07-08,2035-07-08,USD-SOFR-1D,execution_timestamp,2025-06-16 14:22:00-04:00,strict,3.916300640506353,537697.1536111603,9093.464758480724,0.0,,-59.130064050635276,-59.130064050635326,59.282611261812
1567197120,2025-06-16,SOFR,9.005479452054795,9Y,8000000.0,0.0415,169501.59744,0.0,,False,False,True,NEW_TRADE,2021-05-11,2030-05-11,USD-SOFR-1D,execution_timestamp,2025-06-16 14:52:00-04:00,strict,3.6881728077088582,-168643.7738860338,3651.6640141821317,0.0,,46.18271922911421,46.182719229114284,46.41763228536334
1570990764000000101,2025-12-29,SOFR,4.495890410958904,4Y,10000000.0,0.03417,19300.0,0.0,,False,False,True,NEW_TRADE,2023-01-31,2027-07-30,USD-SOFR-1D,execution_timestamp,2025-12-29 10:27:00-05:00,strict,3.517356532585078,19612.391034133616,1954.2714887550624,0.0,,-10.035653258507837,-10.035653258507793,9.875802881561128
1571128515,2025-06-18,SOFR,10.005479452054795,10Y,200000.0,0.039075,1426.0,0.0,,False,False,True,NEW_TRADE,2025-03-04,2035-03-04,USD-SOFR-1D,execution_timestamp,2025-06-18 11:12:00-04:00,strict,3.8232640985566864,-1417.9526414552238,168.33115300718154,0.0,,8.423590144331339,8.423590144331332,8.471396853909521
1575278288,2025-06-20,SOFR,15.008219178082191,15Y,4000000.0,0.03917116,76367.7212,0.0,0.0,False,False,True,NEW_TRADE,2024-11-21,2039-11-21,USD-SOFR-1D,execution_timestamp,2025-06-20 10:52:00-04:00,strict,4.051393551306868,62214.69123508851,4633.290570879385,0.0,,-13.427755130686814,-13.427755130686815,16.48239410668035
1579987125,2025-06-24,SOFR,30.019178082191782,30Y,24000000.0,0.0411495,743577.05,0.0,9.9999999999,False,False,True,NEW_TRADE,2025-06-04,2055-06-04,USD-SOFR-1D,execution_timestamp,2025-06-24 13:22:00-04:00,strict,3.9367571334391527,-753023.1806466542,42258.88472306038,0.0,,17.819286656084678,17.819286656084767,17.59575660533784
1582052481,2025-06-25,SOFR,20.013698630136986,20Y,3000000.0,0.0,1672311.7775,0.0,,False,False,True,NEW_TRADE,2025-06-27,2045-06-27,USD-SOFR-1D,execution_timestamp,2025-06-25 11:07:00-04:00,strict,4.026369390513616,-2.3283064365386963e-10,4153.126804267655,0.0,,-402.6369390513616,5.606153017399285e-14,402.66330798798924
1582425784,2025-06-25,SOFR,5.0,5Y,100000000.0,0.0341351,449067.0,0.0,,False,False,True,NEW_TRADE,2025-05-01,2030-04-30,USD-SOFR-1D,execution_timestamp,2025-06-25 16:18:00-04:00,strict,3.5158066540499937,469689.93129327893,45914.495997467726,0.0,,-10.229665404999366,-10.229665404999398,9.780505921806633
1582452139,2025-06-25,SOFR,10.008219178082191,10Y,9000000.0,0.039,24189.80172,0.0,,False,False,True,NEW_TRADE,2027-04-07,2037-04-07,USD-SOFR-1D,execution_timestamp,2025-06-25 16:26:00-04:00,strict,3.8643642314413125,-25065.512388222385,7033.8071555672295,0.0,,3.563576855868744,3.5635768558686083,3.439076617398285
1583361922000000101,2025-12-30,SOFR,5.002739726027397,5Y,110000000.0,0.0346801,184736.52288,0.0,,False,False,True,NEW_TRADE,2025-12-26,2030-12-26,USD-SOFR-1D,execution_timestamp,2025-12-30 07:37:00-05:00,strict,3.4324848052564882,-179395.09376348928,50497.990245711306,0.0,,3.552519474351179,3.552519474351258,3.658294557488638
1584327841000001001,2025-12-30,SOFR,0.9972602739726028,1Y,18000000.0,0.0355,17280.01408,0.0,,False,False,True,NEW_TRADE,2026-01-07,2027-01-06,USD-SOFR-1D,execution_timestamp,2025-12-30 09:08:00-05:00,strict,3.4152499106139116,-23682.44835445832,1757.5089161241938,0.0,,13.475008938608823,13.475008938608882,9.832106068689164
1586622052,2025-06-27,SOFR,1.9698630136986301,2Y,780000.0,0.048215,800.0,0.0,,False,False,True,NEW_TRADE,2023-07-27,2025-07-15,USD-SOFR-1D,execution_timestamp,2025-06-27 10:36:00-04:00,strict,4.719807845611795,-802.2854026399873,78.89353976879069,0.0,,10.169215438820522,10.169215438820524,10.140247254014962
1587040236,2025-06-27,SOFR,5.835616438356165,6Y,5000000.0,0.0379,79266.984,0.0,,False,False,True,NEW_TRADE,2026-09-05,2032-07-05,USD-SOFR-1D,execution_timestamp,2025-06-27 16:36:00-04:00,strict,3.5100130174324016,-70614.21361499943,2522.2140409671024,0.0,,27.99869825675989,27.996915594016578,31.427540530860874
1589226170,2025-06-30,SOFR,5.005479452054795,5Y,35000000.0,0.0393,587060.0,0.0,,False,False,True,NEW_TRADE,2027-05-25,2032-05-25,USD-SOFR-1D,execution_timestamp,2025-06-30 14:25:00-04:00,strict,3.5406130366654684,-584477.237516039,15010.190184870175,0.0,,38.93869633345317,38.93869633345317,39.110763605896146
1593173217,2025-07-02,SOFR,6.586301369863014,7Y,5000000.0,0.0373005,50693.5905,0.0,9.9999999999,False,False,True,NEW_TRADE,2025-09-30,2032-04-30,USD-SOFR-1D,execution_timestamp,2025-07-02 14:23:00-04:00,strict,3.5575815120756684,-50074.00318517629,2903.3711484236865,0.0,,17.246848792433145,17.246848792433145,17.460251517455088
1593239908,2025-07-02,SOFR,2.0,2Y,5000000.0,0.048275,41716.00677,0.0,,False,False,True,NEW_TRADE,2024-06-03,2026-06-03,USD-SOFR-1D,execution_timestamp,2025-07-02 16:28:00-04:00,strict,3.9737765404106318,-41739.87768780891,488.91566957625105,0.0,,85.37234595893679,85.37234595893675,85.32352175612566
1595176487,2025-07-03,SOFR,3.0027397260273974,3Y,2000000.0,0.06067,14369.095,0.0,,False,False,True,NEW_TRADE,2025-07-03,2028-07-03,USD-SOFR-1D,execution_timestamp,2025-07-03 12:05:00-04:00,strict,3.5350724269869356,-143411.0371861335,566.4105036601436,0.0,,253.19275730130647,253.19275730130647,25.36869444889693
1595193590,2025-07-03,SOFR,11.008219178082191,11Y,4000000.0,0.037872,19155.21894,0.0,,False,False,True,NEW_TRADE,2025-06-27,2036-06-27,USD-SOFR-1D,execution_timestamp,2025-07-03 12:15:00-04:00,strict,3.839537887026917,18862.332165525295,3603.953701039714,0.0,,-5.233788702691644,-5.233788702691617,5.315056887238551
1599410001,2025-07-07,SOFR,9.906849315068493,10Y,61000000.0,0.0387591,183404.56482,0.0,-301035.0,False,False,True,NEW_TRADE,2025-06-20,2035-05-15,USD-SOFR-1D,execution_timestamp,2025-07-07 14:52:00-04:00,strict,3.8399478473343343,-181452.6700569056,50456.56519615079,0.0,,3.596215266566549,3.596215266566504,3.634899920496203
1603517636,2025-07-09,SOFR,30.019178082191782,30Y,2000000.0,0.0391,45834.0,0.0,,False,False,True,NEW_TRADE,2025-10-16,2055-10-16,USD-SOFR-1D,execution_timestamp,2025-07-09 10:07:00-04:00,strict,4.041668756094649,45177.62664512149,3431.1577009693774,0.0,,-13.166875609464856,-13.16687560946494,13.358173536311341
1606335349,2025-07-11,SOFR,30.019178082191782,30Y,10000000.0,0.0391,183360.0,0.0,,False,False,True,NEW_TRADE,2025-12-08,2055-12-08,USD-SOFR-1D,execution_timestamp,2025-07-11 01:16:00-04:00,strict,4.014557878699093,178896.70863919333,17109.825760145726,0.0,,-10.455787869909283,-10.4557878699093,10.716649168170038
1608260804,2025-07-11,SOFR,5.013698630136986,5Y,900000.0,0.0389,12800.0,0.0,,False,False,True,NEW_TRADE,2025-07-11,2030-07-15,USD-SOFR-1D,execution_timestamp,2025-07-11 14:16:00-04:00,strict,3.5947330308789645,-12136.757659126451,411.04352766771535,0.0,,29.526696912103525,29.52669691210348,31.14025434879838
1608524362,2025-07-14,SOFR,2.0027397260273974,2Y,42000000.0,0.034612,1349.41954,0.0,,False,False,True,NEW_TRADE,2027-07-16,2029-07-16,USD-SOFR-1D,execution_timestamp,2025-07-13 20:12:00-04:00,strict,3.458776220880678,-1825.6863533877768,7532.395748579296,0.0,,0.24237791193217895,0.24237791193221944,0.1791487841374396
1610271084,2025-07-14,FED_FUNDS,0.07671232876712329,1M,2800000000.0,0.043219,868.50754,0.0,,False,False,True,NEW_TRADE,2025-08-18,2025-09-15,USD-FEDFUNDS-1D,execution_timestamp,2025-07-14 09:55:00-04:00,strict,4.321430147391409,-1015.2908119447529,21608.70863287601,0.0,,0.046985260859155886,0.04698526085913644,0.04019247770681825
1612503052,2025-07-15,SOFR,1.0,1Y,50000000.0,0.035,82636.0,0.0,,False,False,True,NEW_TRADE,2026-09-22,2027-09-22,USD-SOFR-1D,execution_timestamp,2025-07-15 10:02:00-04:00,strict,3.3402978784858033,-74736.48894135025,4679.743026125447,0.0,,15.970212151419716,15.97021215141971,17.65823455233989
1612576218,2025-07-15,SOFR,2.0027397260273974,2Y,46000000.0,0.03358,32803.18286,0.0,,False,False,True,NEW_TRADE,2026-07-02,2028-07-02,USD-SOFR-1D,execution_timestamp,2025-07-15 11:41:00-04:00,strict,3.4041990871839847,39496.0231939042,8549.091681533499,0.0,,-4.619908718398502,-4.619908718398441,3.837037206052738
1612907421,2025-07-15,SOFR,10.005479452054795,10Y,110000000.0,0.01845,13317288.36328,0.0,,False,False,True,NEW_TRADE,2022-02-18,2032-02-18,USD-SOFR-1D,execution_timestamp,2025-07-15 14:30:00-04:00,strict,3.790041549555498,13335668.688482745,68562.3846520418,0.0,,-194.50415495554978,-194.50415495554975,194.23607318890723
1614738306,2025-07-16,SOFR,10.005479452054795,10Y,15000000.0,0.038133,117524.0,0.0,117524.0,False,False,True,NEW_TRADE,2025-03-13,2035-03-13,USD-SOFR-1D,execution_timestamp,2025-07-16 10:05:00-04:00,strict,3.897106298260686,105743.72343095951,12617.63442910185,0.0,,-8.380629826068597,-8.38062982606848,9.314265733435551
1614738966,2025-07-16,SOFR,2.0,2Y,180000.0,0.0427625,285.0,0.0,,False,False,True,NEW_TRADE,2024-07-23,2026-07-23,USD-SOFR-1D,execution_timestamp,2025-07-16 10:20:00-04:00,strict,4.355676918602864,283.9337385863055,35.74779729350735,0.0,,-7.942691860286377,-7.942691860286302,7.972519192161885
1614740707,2025-07-16,SOFR,10.005479452054795,10Y,43000000.0,0.0385846,113299.0,0.0,,False,False,True,NEW_TRADE,2025-03-27,2035-03-27,USD-SOFR-1D,execution_timestamp,2025-07-16 10:29:00-04:00,strict,3.8918933323011204,120783.18367110938,36126.57649057108,0.0,,-3.343333230112089,-3.3433332301120036,3.1361676362987416
1615556391,2025-07-17,SOFR,10.005479452054795,10Y,6000000.0,0.0372,102586.0,0.0,,False,False,True,NEW_TRADE,2025-07-02,2035-07-02,USD-SOFR-1D,execution_timestamp,2025-07-17 03:02:00-04:00,strict,3.920833801951811,100113.00288776611,4984.8681802970395,0.0,,-20.083380195181142,-20.08338019518112,20.579480999212116
1617018054,2025-07-17,SOFR,5.002739726027397,5Y,100000000.0,0.0338514,1188077.0,0.0,,False,False,True,NEW_TRADE,2025-05-02,2030-05-02,USD-SOFR-1D,execution_timestamp,2025-07-17 11:50:00-04:00,strict,3.647624586954267,1204446.5831717607,45886.37363997344,0.0,,-26.248458695426713,-26.248458695426727,25.891716990357654
1617536595,2025-07-18,SOFR,0.4986301369863014,6M,220000000.0,0.036872,87585.9397,0.0,,False,False,True,NEW_TRADE,2025-12-26,2026-06-26,USD-SOFR-1D,execution_timestamp,2025-07-17 22:14:00-04:00,strict,3.7690786349649787,87652.1033025356,10705.125133073545,0.0,,-8.18786349649785,-8.187863496497947,8.181682942631165
1617872582,2025-07-18,SOFR,10.002739726027396,10Y,19000000.0,0.0415,460398.2052,0.0,810.0,False,False,True,NEW_TRADE,2024-06-20,2034-06-19,USD-SOFR-1D,execution_timestamp,2025-07-18 03:17:00-04:00,strict,3.833588770169336,-459563.4386203438,14524.245516389923,0.0,,31.641122983066428,31.641122983066364,31.698596989458935
1619222856,2025-07-18,SOFR,0.5452054794520548,7M,55000000.0,0.041157,37577.0,0.0,,False,False,True,NEW_TRADE,2025-06-30,2026-01-15,USD-SOFR-1D,execution_timestamp,2025-07-18 10:51:00-04:00,strict,4.241573147349091,37453.09109988529,2975.463145925372,0.0,,-12.58731473490906,-12.587314734909057,12.628958302326247
1619660760,2025-07-18,SOFR,2.0,2Y,3000000.0,0.0427625,4322.75202,0.0,,False,False,True,NEW_TRADE,2024-07-23,2026-07-23,USD-SOFR-1D,execution_timestamp,2025-07-18 16:29:00-04:00,strict,4.347049992675849,4219.621327496192,595.9917745776147,0.0,,-7.079999267584913,-7.079999267584992,7.253039730394899
1621318502,2025-07-21,SOFR,30.019178082191782,30Y,2000000.0,0.0388,67129.0,0.0,,False,False,True,NEW_TRADE,2025-07-21,2055-07-21,USD-SOFR-1D,execution_timestamp,2025-07-21 09:13:00-04:00,strict,4.071704854253571,66397.93670072593,3463.550099409588,0.0,,-19.170485425357153,-19.170485425357185,19.38155882643162
1621408114,2025-07-21,SOFR,4.701369863013698,5Y,380000000.0,0.03692,3191366.605,0.0,,False,False,True,NEW_TRADE,2025-09-02,2030-05-15,USD-SOFR-1D,execution_timestamp,2025-07-21 11:19:00-04:00,strict,3.5059593501500887,-3038506.474813834,163324.86890715314,0.0,,18.60406498499114,18.604064984991126,19.539991835623187
1621571496,2025-07-21,SOFR,10.005479452054795,10Y,5000000.0,0.042614,2848.0,0.0,,False,False,True,NEW_TRADE,2029-07-23,2039-07-23,USD-SOFR-1D,execution_timestamp,2025-07-21 12:45:00-04:00,strict,4.251863479543681,-3384.5419232395943,3549.032310833117,0.0,,0.9536520456318698,0.953652045631867,0.8024722658361616
1623992905,2025-07-22,SOFR,30.019178082191782,30Y,9000000.0,0.0377,472165.80456,0.0,,False,False,True,NEW_TRADE,2025-04-09,2055-04-09,USD-SOFR-1D,execution_timestamp,2025-07-22 13:55:00-04:00,strict,4.06933997591231,472709.8908097651,15791.73945508173,0.0,,-29.933997591231076,-29.933997591231066,29.899543739499745
1624008502,2025-07-22,SOFR,9.986301369863014,10Y,34000000.0,0.0619,539060.0,0.0,,False,False,True,NEW_TRADE,2025-07-22,2035-07-15,USD-SOFR-1D,execution_timestamp,2025-07-22 14:54:00-04:00,strict,3.8002248367615428,-6771529.946063576,28335.471376154695,0.0,,238.97751632384566,238.97714127184273,19.02421148545417
1625116802000000201,2026-01-05,SOFR,2.0,2Y,50000000.0,0.03588375,115385.7432,0.0,,False,False,True,NEW_TRADE,2025-04-14,2027-04-14,USD-SOFR-1D,execution_timestamp,2026-01-05 14:51:00-05:00,strict,3.70463070976131,114808.85683414247,9875.54564587516,0.0,,-11.625570976130994,-11.625570976130934,11.683986620850117
1626320204,2025-07-23,SOFR,10.005479452054795,10Y,25000000.0,0.037218,269842.4676,0.0,-285747.0,False,False,True,NEW_TRADE,2025-07-29,2035-07-29,USD-SOFR-1D,execution_timestamp,2025-07-23 16:00:00-04:00,strict,3.856415651410519,279915.84007039946,20793.706908328015,0.0,,-13.461565141051901,-13.461565141051947,12.97712181813654
1628449201,2025-07-24,SOFR,5.024657534246575,5Y,1000000.0,0.06694,13380.939,0.0,,False,False,True,NEW_TRADE,2025-07-24,2030-08-01,USD-SOFR-1D,execution_timestamp,2025-07-24 11:56:00-04:00,strict,3.598430826604345,-141642.29756806826,457.56463394644516,0.0,,309.5569173395655,309.5569173395655,29.243822636795283
1630670737,2025-07-25,SOFR,15.01095890410959,15Y,22000000.0,0.0385,583572.27656,0.0,,False,False,True,NEW_TRADE,2025-12-15,2040-12-15,USD-SOFR-1D,execution_timestamp,2025-07-25 08:28:00-04:00,strict,4.088788011721716,584897.7884389274,24494.436894954644,0.0,,-23.878801172171606,-23.878801172171645,23.824686358893356
1630712310,2025-07-25,SOFR,6.002739726027397,6Y,8000000.0,0.036977,5888.0184,0.0,,False,False,True,NEW_TRADE,2025-06-02,2031-06-02,USD-SOFR-1D,execution_timestamp,2025-07-25 10:26:00-04:00,strict,3.675852262289969,-9434.731499217683,4318.402035230436,0.0,,2.184773771003101,2.1847737710030586,1.3634715693361346
1630958000,2025-07-25,SOFR,20.013698630136986,20Y,600000.0,0.03814,28110.0,0.0,,False,False,True,NEW_TRADE,2035-03-13,2055-03-13,USD-SOFR-1D,execution_timestamp,2025-07-25 12:47:00-04:00,strict,4.324316176209413,27832.79768415683,545.4030066398565,0.0,,-51.03161762094128,-51.03161762094124,51.53986989030618
1638277159,2025-07-30,SOFR,30.02191780821918,30Y,4000000.0,0.038,171691.0,0.0,,False,False,True,NEW_TRADE,2026-09-10,2056-09-10,USD-SOFR-1D,execution_timestamp,2025-07-30 08:40:00-04:00,strict,4.057727691846662,170659.50202381378,6621.698304943895,0.0,,-25.772769184666178,-25.772769184666103,25.92854462605341
1639616586000000701,2026-01-06,SOFR,10.005479452054795,10Y,20000000.0,0.0475,4417.0,0.0,,False,False,True,NEW_TRADE,2036-03-06,2046-03-06,USD-SOFR-1D,execution_timestamp,2026-01-06 14:40:00-05:00,strict,4.750748162583127,799.888255443424,10691.3694093018,0.0,,-0.07481625831271543,-0.07481625831275628,0.41313697346918743
1639747704,2025-07-31,SOFR,5.002739726027397,5Y,18000000.0,0.0409594,426777.2127,0.0,,False,False,True,NEW_TRADE,2025-08-08,2030-08-08,USD-SOFR-1D,execution_timestamp,2025-07-31 04:00:00-04:00,strict,3.576778644150944,-425503.21974518104,8195.972503563884,0.0,,51.916135584905554,51.91613558490563,52.07157692566964
1641104231,2025-07-31,SOFR,10.043835616438356,10Y,6000000.0,0.0421,193600.44,0.0,,False,False,True,NEW_TRADE,2025-07-31,2035-08-14,USD-SOFR-1D,execution_timestamp,2025-07-31 12:37:00-04:00,strict,3.8144187528201567,-198288.53609412536,5012.586858142378,0.0,,39.55812471798432,39.55812471798431,38.622859908256366
1641333728,2025-07-31,SOFR,10.005479452054795,10Y,8000000.0,0.04,101306.56536,0.0,,False,False,True,NEW_TRADE,2025-08-20,2035-08-20,USD-SOFR-1D,execution_timestamp,2025-07-31 16:33:00-04:00,strict,3.8474629180783855,-101226.95631830674,6636.219537117213,0.0,,15.253708192161453,15.253708192161456,15.265704335635613
1641357397,2025-07-31,SOFR,3.0027397260273974,3Y,5000000.0,0.0644,48824.0,0.0,,False,False,True,NEW_TRADE,2025-07-31,2028-07-31,USD-SOFR-1D,execution_timestamp,2025-07-31 16:47:00-04:00,strict,3.61612164096074,-399123.92759628996,1413.3892358312487,0.0,,282.3878359039259,282.387835903926,34.543916680733325
1643196821,2025-08-01,SOFR,30.019178082191782,30Y,9000000.0,0.042,355962.57816,0.0,,False,False,True,NEW_TRADE,2025-08-07,2055-08-07,USD-SOFR-1D,execution_timestamp,2025-08-01 09:11:00-04:00,strict,3.970920576719007,-361194.91661385726,15767.235286375273,0.0,,22.907942328099338,22.907942328099317,22.576093506233974
1643353849,2025-08-01,SOFR,5.594520547945206,6Y,1000000.0,0.0405,51575.808,0.0,,False,False,True,NEW_TRADE,2023-07-10,2029-02-10,USD-SOFR-1D,execution_timestamp,2025-08-01 11:35:00-04:00,strict,3.5310955467069056,-19678.887177676283,378.7403618764074,0.0,,51.89044532930942,51.958780099856384,136.17721582267086
1643645261,2025-08-01,SOFR,1.0027397260273974,1Y,54000000.0,0.0335,76533.315,0.0,,False,False,True,NEW_TRADE,2027-07-14,2028-07-14,USD-SOFR-1D,execution_timestamp,2025-08-01 13:48:00-04:00,strict,3.1895961975799714,-79666.667591671,4966.632111566675,0.0,,16.040380242002872,16.04038024200285,15.409499491972301
1645748964,2025-08-04,SOFR,1.0,1Y,300000000.0,0.03183,251236.0,0.0,,False,False,True,NEW_TRADE,2027-01-13,2028-01-13,USD-SOFR-1D,execution_timestamp,2025-08-04 10:27:00-04:00,strict,3.118517914975481,-180407.121206047,27977.867207216837,0.0,,6.448208502451891,6.448208502451943,8.979812440284732
1647912863,2025-08-05,SOFR,1.0,1Y,2000000.0,0.0425,6093.30896,0.0,,False,False,True,NEW_TRADE,2024-09-12,2025-09-12,USD-SOFR-1D,execution_timestamp,2025-08-05 07:55:00-04:00,strict,4.550719877139565,6067.301844834656,201.75925524267151,0.0,,-30.07198771395654,-30.07198771395662,30.200889434643802
1647984762,2025-08-05,SOFR,1.0,1Y,85000000.0,0.0335,861319.0,0.0,,False,False,True,NEW_TRADE,2025-11-05,2026-11-05,USD-SOFR-1D,execution_timestamp,2025-08-05 10:34:00-04:00,strict,3.5622288644488838,174568.76383404108,8225.495824395119,0.0,,-21.222886444888367,-21.222886444888374,104.71332286687279
1647990113,2025-08-05,SOFR,30.019178082191782,30Y,4000000.0,0.042,134742.05114,0.0,,False,False,True,NEW_TRADE,2028-06-13,2058-06-13,USD-SOFR-1D,execution_timestamp,2025-08-05 11:08:00-04:00,strict,3.98060876412074,-138229.64364065323,6300.600071222859,0.0,,21.939123587926,21.93912358792593,21.38559020043442
1650668335,2025-08-06,SOFR,10.005479452054795,10Y,8000000.0,0.04,201786.23058,0.0,,False,False,True,NEW_TRADE,2025-08-20,2035-08-20,USD-SOFR-1D,execution_timestamp,2025-08-06 14:49:00-04:00,strict,3.6982630980052806,-202237.1933253929,6702.434869200462,0.0,,30.173690199471935,30.173690199471928,30.106406778716106
1650846954,2025-08-06,SOFR,3.0136986301369864,3Y,260000000.0,0.04075,3785000.0,0.0,,False,False,True,NEW_TRADE,2025-02-24,2028-02-29,USD-SOFR-1D,execution_timestamp,2025-08-06 08:33:00-04:00,strict,3.577783520892589,-3723360.971183408,74884.10235049893,0.0,,49.7216479107411,49.721647910741105,50.544773606073434
1652808119000002301,2026-01-07,FED_FUNDS,2.9726027397260273,3Y,25000000.0,0.0349091,113015.0,0.0,,False,False,True,NEW_TRADE,2025-04-24,2028-04-13,USD-FEDFUNDS-1D,execution_timestamp,2026-01-07 11:09:00-05:00,strict,3.5128614642400096,15856.359594764188,7223.372172988668,0.0,,-2.19514642400096,-2.1951464240009697,15.645739592736515
1652935551000000901,2026-01-07,SOFR,3.0027397260273974,3Y,11000000.0,0.0576,64965.0,0.0,,False,False,True,NEW_TRADE,2026-01-07,2029-01-07,USD-SOFR-1D,execution_timestamp,2026-01-07 11:32:00-05:00,strict,3.322924683323414,-764250.4536935906,3135.932847310567,0.0,,243.7075316676586,243.70753166765854,20.716323710730975
1653016881,2025-08-07,SOFR,3.0027397260273974,3Y,10000000.0,0.03445,59.0,0.0,,False,False,True,NEW_TRADE,2025-06-30,2028-06-30,USD-SOFR-1D,execution_timestamp,2025-08-07 14:30:00-04:00,strict,3.4500068244491957,1426.3342794812052,2848.78028769347,0.0,,-0.5006824449195424,-0.500682444919627,0.02071061789316496
1653191845000000101,2026-01-07,SOFR,1.0,1Y,50000000.0,0.032,18885.0,0.0,,False,False,True,NEW_TRADE,2026-09-29,2027-09-29,USD-SOFR-1D,execution_timestamp,2026-01-07 12:02:00-05:00,strict,3.164695817133039,-16899.6778674284,4786.876934983222,0.0,,3.530418286696113,3.5304182866960696,3.945160959118368
1653204234,2025-08-08,SOFR,0.25205479452054796,3M,200000000.0,0.0429021,11096.0,0.0,,False,False,True,NEW_TRADE,2025-07-14,2025-10-14,USD-SOFR-1D,execution_timestamp,2025-08-07 22:34:00-04:00,strict,4.313064256481597,11584.50685914373,5068.861841325864,0.0,,-2.2854256481596558,-2.2854256481596207,2.1890515755500677
1654919022,2025-08-08,SOFR,5.002739726027397,5Y,14000000.0,0.0365,146672.0,0.0,,False,False,True,NEW_TRADE,2026-03-03,2031-03-03,USD-SOFR-1D,execution_timestamp,2025-08-08 10:43:00-04:00,strict,3.4218284238794383,-143337.33377286047,6281.997793499195,0.0,,22.81715761205616,22.81715761205621,23.347986551631823
1655302290,2025-08-08,SOFR,5.021917808219178,5Y,2000000.0,0.06318,26199.8952,0.0,,False,False,True,NEW_TRADE,2025-08-08,2030-08-15,USD-SOFR-1D,execution_timestamp,2025-08-08 14:03:00-04:00,strict,3.4662042491596172,-261877.97542542394,918.2914847539564,0.0,,285.1795750840382,285.17957508403833,28.531131601443413
1657495128,2025-08-11,SOFR,3.0027397260273974,3Y,7000000.0,0.058,47638.78,0.0,,False,False,True,NEW_TRADE,2025-08-11,2028-08-11,USD-SOFR-1D,execution_timestamp,2025-08-11 15:44:00-04:00,strict,3.4399700968017415,-468799.4107682924,1986.4130116867832,0.0,,236.00299031982593,236.00299031982604,23.982313708037502
1661990123,2025-08-13,SOFR,5.002739726027397,5Y,100000000.0,0.035931,781543.0,0.0,,False,False,True,NEW_TRADE,2025-06-24,2030-06-24,USD-SOFR-1D,execution_timestamp,2025-08-13 11:23:00-04:00,strict,3.425804137510313,-770462.0805379525,46053.863441210284,0.0,,16.72958624896865,16.72958624896867,16.970194064123913
1664296798,2025-08-12,SOFR,10.005479452054795,10Y,20000000.0,0.03698,102196.82088,0.0,,False,False,True,NEW_TRADE,2025-08-11,2035-08-11,USD-SOFR-1D,execution_timestamp,2025-08-12 03:22:00-04:00,strict,3.7576740426326762,99867.70120709203,16735.53471512361,0.0,,-5.967404263267628,-5.967404263267629,6.106576372946514
1664296911,2025-08-12,SOFR,10.005479452054795,10Y,22000000.0,0.038825,226074.0,0.0,,False,False,True,NEW_TRADE,2025-07-29,2035-07-29,USD-SOFR-1D,execution_timestamp,2025-08-12 03:22:00-04:00,strict,3.758707271084151,-228140.70794641878,18429.24943528006,0.0,,12.379272891584892,12.3792728915849,12.267130074609273
1664325455,2025-08-14,SOFR,1.0,1Y,33000000.0,0.0335289,71239.0,0.0,,False,False,True,NEW_TRADE,2026-07-20,2027-07-20,USD-SOFR-1D,execution_timestamp,2025-08-14 08:38:00-04:00,strict,3.1255661783354607,-71141.18418681866,3129.5085427431104,0.0,,22.732382166453924,22.732382166453913,22.7636381326369
1664336565,2025-08-14,SOFR,10.008219178082191,10Y,8000000.0,0.035,160013.0,0.0,,False,False,True,NEW_TRADE,2026-04-08,2036-04-08,USD-SOFR-1D,execution_timestamp,2025-08-14 09:05:00-04:00,strict,3.7444879537098417,159952.39280433813,6542.342490794886,0.0,,-24.448795370984122,-24.44879537098403,24.45805920817188
1667125763,2025-08-15,SOFR,0.9123287671232877,11M,40000000.0,0.040935,75000.0,0.0,,False,False,True,NEW_TRADE,2025-07-21,2026-06-19,USD-SOFR-1D,execution_timestamp,2025-08-15 14:03:00-04:00,strict,3.9545349466128448,-50175.14719839301,3610.630584842492,0.0,,13.896505338715492,13.896505338715459,20.771994873929135
1674705788,2025-08-20,SOFR,1.0,1Y,25000000.0,0.035,91194.0,0.0,,False,False,True,NEW_TRADE,2026-09-22,2027-09-22,USD-SOFR-1D,execution_timestamp,2025-08-20 10:58:00-04:00,strict,3.127611270917427,-87816.84427369642,2358.203603262752,0.0,,37.238872908257335,37.23887290825746,38.67096118156475
1675057024,2025-08-20,SOFR,5.002739726027397,5Y,27000000.0,0.0354884,106416.89602,0.0,,False,False,True,NEW_TRADE,2025-07-08,2030-07-08,USD-SOFR-1D,execution_timestamp,2025-08-20 14:44:00-04:00,strict,3.4660463496883245,-102743.51708940137,12409.588984496391,0.0,,8.279365031167574,8.279365031167544,8.575376360405592
1677603475,2025-08-21,SOFR,5.002739726027397,5Y,10000000.0,0.05528,92960.0,0.0,,False,False,True,NEW_TRADE,2025-08-21,2030-08-21,USD-SOFR-1D,execution_timestamp,2025-08-21 15:04:00-04:00,strict,3.496759407706565,-928602.7705473155,4571.604043708321,0.0,,203.12405922934354,203.12405922934354,20.334219479908015
1679756051,2025-08-22,SOFR,1.0,1Y,38000000.0,0.0345,25867.27491,0.0,,False,False,True,NEW_TRADE,2026-01-01,2027-01-01,USD-SOFR-1D,execution_timestamp,2025-08-22 11:54:00-04:00,strict,3.4117897465805442,-14086.921464724699,3686.6862174622433,0.0,,3.821025341945594,3.821025341945573,7.016402640256681
1681805204000000501,2026-01-09,SOFR,30.02191780821918,30Y,40000000.0,0.03846,2259381.0,0.0,,False,False,True,NEW_TRADE,2026-08-28,2056-08-28,USD-SOFR-1D,execution_timestamp,2026-01-09 09:15:00-05:00,strict,4.184242329863443,2267031.443650387,67023.8832781707,0.0,,-33.82423298634425,-33.824232986344235,33.71008794913958
1682524026,2025-08-25,SOFR,4.2465753424657535,4Y,130000000.0,0.03552,883233.11688,0.0,-3378076.0,False,False,True,NEW_TRADE,2025-09-02,2029-11-30,USD-SOFR-1D,execution_timestamp,2025-08-25 14:21:00-04:00,strict,3.38415070079131,-859230.0316699818,51190.56413823243,0.0,,16.78492992086906,16.78492992086901,17.25382659380275
1682575197,2025-08-25,SOFR,10.008219178082191,10Y,500000.0,0.039325,19000.0,0.0,9.9999999999,False,False,True,NEW_TRADE,2034-11-22,2044-11-22,USD-SOFR-1D,execution_timestamp,2025-08-25 15:49:00-04:00,strict,4.616971056773764,19293.57872505914,281.87574235788554,0.0,,-68.44710567737637,-68.44710567737648,67.40558744454326
1682808568,2025-08-26,SOFR,0.24383561643835616,3M,100000000.0,0.036088,3640.0,0.0,,False,False,True,NEW_TRADE,2026-02-20,2026-05-20,USD-SOFR-1D,execution_timestamp,2025-08-25 21:00:00-04:00,strict,,,,,"SnapshotMiss: citivelo_excel minute store (USD-SOFR-1D-CITIVELOEXCELMIN): no snapshot satisfies datetime.datetime(2025, 8, 25, 21, 0, tzinfo=zoneinfo.ZoneInfo(k",,,
1683206940,2025-08-26,SOFR,10.005479452054795,10Y,130000000.0,0.035,2977148.72,0.0,,False,False,True,NEW_TRADE,2025-09-15,2035-09-15,USD-SOFR-1D,execution_timestamp,2025-08-26 03:37:00-04:00,strict,3.7773088911289285,3012155.7450113595,108620.95812178383,0.0,,-27.73088911289281,-27.730889112892797,27.408603012524303
1684770637,2025-08-26,SOFR,10.005479452054795,10Y,26000000.0,0.03772,54864.3326,0.0,,False,False,True,NEW_TRADE,2025-05-21,2035-05-21,USD-SOFR-1D,execution_timestamp,2025-08-26 11:40:00-04:00,strict,3.748127106306735,-52553.572172072716,22013.909519020188,0.0,,2.387289369326462,2.387289369326517,2.492257567997942
1684979438,2025-08-26,SOFR,10.008219178082191,10Y,4000000.0,0.0626,111694.43376,0.0,,False,False,True,NEW_TRADE,2025-08-26,2035-08-27,USD-SOFR-1D,execution_timestamp,2025-08-26 12:32:00-04:00,strict,3.73131408559524,-848701.1748713625,3356.293361847361,0.0,,252.86859144047605,252.86859144047614,33.27910337924736
1685135502,2025-08-26,SOFR,5.002739726027397,5Y,7000000.0,0.0577,57750.264,0.0,,False,False,True,NEW_TRADE,2025-10-01,2030-10-01,USD-SOFR-1D,execution_timestamp,2025-08-26 16:05:00-04:00,strict,3.3675690173722934,-768770.9231644487,3199.970899158111,0.0,,240.2430982627707,240.24309826277067,18.04712162076026
1687544686,2025-08-27,SOFR,3.0,3Y,30000000.0,0.036,83170.0,0.0,,False,False,True,NEW_TRADE,2024-08-09,2027-08-09,USD-SOFR-1D,execution_timestamp,2025-08-27 09:46:00-04:00,strict,3.457145377381425,-82320.83368944866,5762.560019443499,0.0,,14.285462261857473,14.285462261857452,14.432821475069318
1688048541,2025-08-27,SOFR,5.002739726027397,5Y,200000000.0,0.041477,6327.52752,0.0,,False,False,True,NEW_TRADE,2030-08-29,2035-08-29,USD-SOFR-1D,execution_timestamp,2025-08-27 13:47:00-04:00,strict,4.144033818726937,-27934.559405300766,76195.2487471015,0.0,,0.3666181273063174,0.3666181273063093,0.08304359686522712
1690696578,2025-08-28,SOFR,1.0,1Y,81000000.0,0.0316,70081.0,0.0,,False,False,True,NEW_TRADE,2026-07-20,2027-07-20,USD-SOFR-1D,execution_timestamp,2025-08-28 08:40:00-04:00,strict,3.0786891634294746,-62569.63737172773,7695.1166671932515,0.0,,8.131083657052551,8.13108365705255,9.107204351920714
1690701881,2025-08-28,SOFR,3.0027397260273974,3Y,38000000.0,0.0425,125000.0,0.0,,False,False,True,NEW_TRADE,2025-08-21,2028-08-21,USD-SOFR-1D,execution_timestamp,2025-08-28 11:06:00-04:00,strict,3.3206578732230168,-1004957.4144207868,10813.643172574584,0.0,,92.93421267769833,92.93421267769831,11.559471494031106
1691708388,2025-08-29,SOFR,5.002739726027397,5Y,4000000.0,0.040807,2532.222,0.0,,False,False,True,NEW_TRADE,2030-09-03,2035-09-03,USD-SOFR-1D,execution_timestamp,2025-08-29 03:15:00-04:00,strict,4.095868756887377,2315.4420155241387,1526.4546941555418,0.0,,-1.5168756887376844,-1.5168756887377366,1.6588910301074244
1693617436,2025-08-29,SOFR,5.002739726027397,5Y,140000000.0,0.045,7142611.7385,0.0,,False,False,True,NEW_TRADE,2026-09-25,2031-09-25,USD-SOFR-1D,execution_timestamp,2025-08-29 09:55:00-04:00,strict,3.3509765335915183,-7122415.136790276,61986.68125597901,0.0,,114.90234664084818,114.90234664084832,115.22816827382655
1693751783,2025-08-29,SOFR,9.838356164383562,10Y,240000000.0,0.0386025,3395787.02168,0.0,-1643250.0,False,False,True,NEW_TRADE,2025-07-15,2035-05-15,USD-SOFR-1D,execution_timestamp,2025-08-29 11:33:00-04:00,strict,3.6924443840351975,-3353732.836346537,199858.20004081342,0.0,,16.780561596480226,16.78056159648023,16.990981710965773
1693756439,2025-08-29,SOFR,1.0,1Y,25000000.0,0.039157,238.0,0.0,,False,False,True,NEW_TRADE,2025-07-15,2026-07-15,USD-SOFR-1D,execution_timestamp,2025-08-29 11:43:00-04:00,strict,3.9172337524040297,375.8798457487719,2450.7204993520986,0.0,,-0.15337524040299755,-0.1533752404030341,0.09711429763733583
1694137868,2025-08-29,SOFR,1.0,1Y,25000000.0,0.035,115975.0,0.0,,False,False,True,NEW_TRADE,2026-09-22,2027-09-22,USD-SOFR-1D,execution_timestamp,2025-08-29 14:50:00-04:00,strict,3.0167310069765336,-114229.94087970105,2363.692736938209,0.0,,48.32689930234668,48.32689930234669,49.06517593747287
1694145920,2025-08-29,SOFR,1.0,1Y,25000000.0,0.035,117976.0,0.0,,False,False,True,NEW_TRADE,2026-09-22,2027-09-22,USD-SOFR-1D,execution_timestamp,2025-08-29 15:41:00-04:00,strict,3.009640303033211,-115924.01261259429,2364.0607768065697,0.0,,49.03596969667894,49.03596969667897,49.90396235047934
1696727890000000301,2026-01-12,SOFR,10.005479452054795,10Y,6000000.0,0.042614,1473.0,0.0,,False,False,True,NEW_TRADE,2029-07-23,2039-07-23,USD-SOFR-1D,execution_timestamp,2026-01-12 09:14:00-05:00,strict,4.262377009313639,424.1689937370829,4341.504096390272,0.0,,-0.09770093136385327,-0.09770093136380009,0.3392833375936972
1696733473000001301,2026-01-12,SOFR,10.005479452054795,10Y,40000000.0,0.01839,6637318.0,0.0,,False,False,True,NEW_TRADE,2026-01-12,2036-01-12,USD-SOFR-1D,execution_timestamp,2026-01-12 09:18:00-05:00,strict,3.8186743681560187,6614898.209544379,33414.07211179823,0.0,,-197.96743681560187,-197.96743681560181,198.63840533391374
1697052490000000801,2026-01-12,SOFR,5.043835616438356,5Y,4000000.0,0.0419,99084.8125,0.0,,False,False,True,NEW_TRADE,2024-01-18,2029-02-01,USD-SOFR-1D,execution_timestamp,2026-01-12 11:48:00-05:00,strict,3.625294265312357,-86860.03359807131,1538.1468305101662,0.0,,56.470573468764314,56.470573468764314,64.4183055444297
1699155371,2025-09-02,SOFR,0.25205479452054796,3M,79000000.0,0.0431079,4473.1176,0.0,-4490.0,False,False,True,NEW_TRADE,2025-07-28,2025-10-28,USD-SOFR-1D,execution_timestamp,2025-09-02 08:32:00-04:00,strict,4.283125830593383,-5547.410967165371,2005.2693018277969,0.0,,2.766416940661731,2.766416940661747,2.230681732335286
1699617226,2025-09-02,SOFR,1.0,1Y,180000000.0,0.038568,1343554.57852,0.0,,False,False,True,NEW_TRADE,2026-09-28,2027-09-28,USD-SOFR-1D,execution_timestamp,2025-09-02 12:38:00-04:00,strict,3.0761064013522366,-1327452.3614705391,17003.500012934845,0.0,,78.06935986477632,78.06935986477632,79.01635413285122
1699727792,2025-09-02,SOFR,5.002739726027397,5Y,32000000.0,0.035,148090.0,0.0,-148090.0,False,False,True,NEW_TRADE,2025-07-16,2030-07-16,USD-SOFR-1D,execution_timestamp,2025-09-02 13:43:00-04:00,strict,3.4022706123780915,-144067.06344088446,14741.427010496069,0.0,,9.772938762190897,9.772938762190867,10.045838838706604
1701998244,2025-09-03,SOFR,1.0,1Y,26000000.0,0.030707,769.44112,0.0,,False,False,True,NEW_TRADE,2026-09-08,2027-09-08,USD-SOFR-1D,execution_timestamp,2025-09-03 09:05:00-04:00,strict,3.074932669966158,1041.5644764816388,2460.7741326617765,0.0,,-0.423266996615812,-0.4232669966158156,0.31268254562140935
1707725782,2025-09-05,SOFR,0.4821917808219178,6M,50000000.0,0.0349719,49103.0,0.0,,False,False,True,NEW_TRADE,2026-02-24,2026-08-19,USD-SOFR-1D,execution_timestamp,2025-09-05 09:08:00-04:00,strict,3.28876092808441,-49216.28523635655,2361.2965688533186,0.0,,20.842907191558968,20.84290719155905,20.794931330394114
1707944031,2025-09-05,SOFR,10.005479452054795,10Y,1000000.0,0.0393,35243.716,0.0,,False,False,True,NEW_TRADE,2025-09-05,2035-09-05,USD-SOFR-1D,execution_timestamp,2025-09-05 11:51:00-04:00,strict,3.5318906892398894,-33740.25901069038,847.5124318562204,0.0,,39.81093107601108,39.81093107601091,41.5848956018371
1708364082,2025-09-05,SOFR,30.02191780821918,30Y,11000000.0,0.0335,1180926.26575,0.0,,False,False,True,NEW_TRADE,2031-03-31,2061-03-31,USD-SOFR-1D,execution_timestamp,2025-09-05 16:25:00-04:00,strict,4.105856327176157,1176905.4690279923,15570.491728565088,0.0,,-75.58563271761565,-75.5856327176156,75.84386455718115
1710782330000002001,2026-01-13,SOFR,1.0,1Y,50000000.0,0.0325,2713.0,0.0,,False,False,True,NEW_TRADE,2026-09-22,2027-09-22,USD-SOFR-1D,execution_timestamp,2026-01-13 08:06:00-05:00,strict,3.2459021865481197,-1961.6141591821797,4786.977694854347,0.0,,0.40978134518803166,0.40978134518796117,0.5667459037706146
1710947922,2025-09-08,SOFR,10.008219178082191,10Y,5000000.0,0.0635,127342.0,0.0,,False,False,True,NEW_TRADE,2026-11-01,2036-11-01,USD-SOFR-1D,execution_timestamp,2025-09-08 13:59:00-04:00,strict,3.606023190805838,-1115533.901016351,4065.4774325579283,0.0,,274.39768091941613,274.39185668151066,31.322766418575004
1713584029,2025-09-09,SOFR,5.002739726027397,5Y,73000000.0,0.04052,19708.96434,0.0,0.0,False,False,True,NEW_TRADE,2045-09-11,2050-09-11,USD-SOFR-1D,execution_timestamp,2025-09-09 16:09:00-04:00,strict,4.030919122626605,-31200.775892860256,14800.511069921868,0.0,,2.1080877373394813,2.10808773733953,1.3316407958407104
1715968272,2025-09-10,SOFR,5.002739726027397,5Y,140000000.0,0.0391,268746.38588,0.0,,False,False,True,NEW_TRADE,2030-09-11,2035-09-11,USD-SOFR-1D,execution_timestamp,2025-09-10 13:05:00-04:00,strict,3.86258405271734,-256700.52565380186,54138.01481673152,0.0,,4.74159472826603,4.74159472826602,4.964097534602305
1718080492,2025-09-11,SOFR,0.136986301369863,2M,1700000000.0,0.041385,134133.09,0.0,,False,False,True,NEW_TRADE,2025-09-11,2025-10-31,USD-SOFR-1D,execution_timestamp,2025-09-11 09:55:00-04:00,strict,4.126805621070028,-27442.19880675152,23466.144693174825,0.0,,1.1694378929971272,1.169437892997103,5.716025864232094
1718097881,2025-09-11,SOFR,5.002739726027397,5Y,7000000.0,0.03854,41018.0,0.0,,False,False,True,NEW_TRADE,2029-12-31,2034-12-31,USD-SOFR-1D,execution_timestamp,2025-09-11 10:46:00-04:00,strict,3.7057907731015485,-41243.00345248822,2782.755454270527,0.0,,14.820922689845117,14.820922689845085,14.740066338582555
1720382204,2025-09-12,SOFR,6.991780821917808,7Y,81000000.0,0.0346533,612121.136,0.0,9.9999999999,False,False,True,NEW_TRADE,2025-09-05,2032-08-31,USD-SOFR-1D,execution_timestamp,2025-09-12 05:04:00-04:00,strict,3.3429060926225036,-618033.2978651412,50483.056055335896,0.0,,12.24239073774962,12.242390737749663,12.12527893178727
1720845397,2025-09-12,SOFR,5.010958904109589,5Y,5000000.0,0.05745,48702.4857,0.0,,False,False,True,NEW_TRADE,2025-09-12,2030-09-15,USD-SOFR-1D,execution_timestamp,2025-09-12 12:07:00-04:00,strict,3.267812857987666,-571064.1869199681,2305.1852605029444,0.0,,247.7187142012334,247.730278648135,21.12736296490726
1721012996,2025-09-12,SOFR,10.005479452054795,10Y,10000000.0,0.03693,132394.0,0.0,,False,False,True,NEW_TRADE,2025-09-24,2035-09-24,USD-SOFR-1D,execution_timestamp,2025-09-12 12:57:00-04:00,strict,3.5366340053620737,-132092.32999984547,8447.637883525262,0.0,,15.636599463792589,15.636599463792637,15.672310038075521
1723427211,2025-09-15,SOFR,10.005479452054795,10Y,60000000.0,0.0381796,1576705.70859,0.0,,False,False,True,NEW_TRADE,2025-08-25,2035-08-25,USD-SOFR-1D,execution_timestamp,2025-09-15 13:21:00-04:00,strict,3.508596163814303,-1576161.1806766987,50948.46250001241,0.0,,30.936383618569742,30.936383618569742,30.947071436937197
1725566983,2025-09-16,SOFR,2.0,2Y,5000000.0,0.03525,25374.0,0.0,,False,False,True,NEW_TRADE,2025-09-24,2027-09-24,USD-SOFR-1D,execution_timestamp,2025-09-16 09:44:00-04:00,strict,3.261509899231816,-25376.319217420416,963.0843490301114,0.0,,26.34901007681836,26.349010076818317,26.34660196228219
1725568555,2025-09-16,SOFR,2.7424657534246575,3Y,1000000.0,0.036875,1970.628,0.0,,False,False,True,NEW_TRADE,2025-09-19,2028-06-16,USD-SOFR-1D,execution_timestamp,2025-09-16 09:49:00-04:00,strict,3.1987921577559266,-12788.665802383955,261.6832532021655,0.0,,48.87078422440734,48.870784224407245,7.530585071401476
1727906309000000901,2026-01-14,SOFR,4.991780821917808,5Y,980000.0,0.0393,21164.988,0.0,,False,False,True,NEW_TRADE,2026-01-14,2031-01-10,USD-SOFR-1D,execution_timestamp,2026-01-14 10:11:00-05:00,strict,3.4780911795208835,-20253.116457674827,448.168204289581,0.0,,45.190882047911664,45.19088204791165,47.22554567107215
1728001790000000101,2026-01-14,SOFR,2.0,2Y,140000000.0,0.03654,48550.52415,0.0,,False,False,True,NEW_TRADE,2029-01-16,2031-01-16,USD-SOFR-1D,execution_timestamp,2026-01-14 10:50:00-05:00,strict,3.634075105200381,-48452.37073771283,24317.503919084644,0.0,,1.9924894799619342,1.9924894799620811,1.9965258075643617
1729006784,2025-09-18,SOFR,0.4986301369863014,6M,110000000.0,0.033453,215971.33558,0.0,,False,False,True,NEW_TRADE,2025-10-14,2026-04-14,USD-SOFR-1D,execution_timestamp,2025-09-18 02:54:00-04:00,strict,3.7399494845334154,214710.29601042205,5440.531520376078,0.0,,-39.464948453341584,-39.464948453341584,39.6967345508681
1731351710,2025-09-18,SOFR,3.580821917808219,4Y,2000000.0,0.03128,12868.02,0.0,,False,False,True,NEW_TRADE,2025-09-02,2029-04-01,USD-SOFR-1D,execution_timestamp,2025-09-18 12:27:00-04:00,strict,3.2841193413763103,10541.907187872828,675.3715494449542,0.0,,-15.611934137631023,-15.609048377202985,19.053245595813777
1733537708,2025-09-19,FED_FUNDS,2.0027397260273974,2Y,150000000.0,0.0433,8709.13256,0.0,34732.0,False,False,True,NEW_TRADE,2035-09-24,2037-09-24,USD-FEDFUNDS-1D,execution_timestamp,2025-09-19 10:27:00-04:00,strict,4.34394478606688,27853.908117191866,19974.424837788687,0.0,,-1.3944786066879544,-1.3944786066879058,0.43601418467497477
1734149029,2025-09-19,SOFR,30.019178082191782,30Y,2000000.0,0.04031,37375.90656,0.0,,False,False,True,NEW_TRADE,2025-11-18,2055-11-18,USD-SOFR-1D,execution_timestamp,2025-09-19 16:26:00-04:00,strict,3.9236257946498663,-37728.55745517276,3513.744975540892,0.0,,10.737420535013342,10.737420535013351,10.637057276544807
1738695061,2025-09-23,SOFR,0.3561643835616438,4M,96000000.0,0.040517,211100.4,0.0,,False,False,True,NEW_TRADE,2025-09-23,2026-01-31,USD-SOFR-1D,execution_timestamp,2025-09-23 11:50:00-04:00,strict,3.9381968462775143,-38486.35820582649,3390.7743479908704,0.0,,11.35031537224851,11.350315372248449,62.257283539107505
1740973891,2025-09-24,SOFR,4.991780821917808,5Y,50000000.0,0.0336419,62234.0,0.0,,False,False,True,NEW_TRADE,2025-09-04,2030-08-31,USD-SOFR-1D,execution_timestamp,2025-09-24 09:21:00-04:00,strict,3.3401451962671214,-55203.30770523753,22951.47722243901,0.0,,2.404480373287887,2.4052180681105275,2.711546598802607
1742850968,2025-09-25,SOFR,15.01095890410959,15Y,3000000.0,0.038987,17040.0568,0.0,,False,False,True,NEW_TRADE,2025-07-01,2040-07-01,USD-SOFR-1D,execution_timestamp,2025-09-25 04:50:00-04:00,strict,3.849386891494635,-17190.38374338532,3485.9663615638756,0.0,,4.93131085053653,4.931310850536539,4.888187386970505
1743416049,2025-09-25,SOFR,1.0,1Y,50000000.0,0.03125,26832.0,0.0,,False,False,True,NEW_TRADE,2026-09-22,2027-09-22,USD-SOFR-1D,execution_timestamp,2025-09-25 08:53:00-04:00,strict,3.184309746643095,28073.566895482363,4733.3816926278405,0.0,,-5.9309746643095185,-5.930974664309547,5.668674478922833
1743420041,2025-09-25,SOFR,1.0,1Y,50000000.0,0.03,72843.0,0.0,,False,False,True,NEW_TRADE,2026-12-22,2027-12-22,USD-SOFR-1D,execution_timestamp,2025-09-25 09:00:00-04:00,strict,3.173671319396434,81542.02046745713,4695.192087607974,0.0,,-17.367131939643386,-17.36713193964334,15.514381231016005
1744097785,2025-09-25,SOFR,5.002739726027397,5Y,580000.0,0.0376,9007.65,0.0,,False,False,True,NEW_TRADE,2026-03-15,2031-03-15,USD-SOFR-1D,execution_timestamp,2025-09-25 13:31:00-04:00,strict,3.3864442896820064,-9775.473936669223,261.69270838425786,0.0,,37.355571031799386,37.35478148025185,34.42071449225696
1744177916,2025-09-25,SOFR,10.008219178082191,10Y,100000000.0,0.0381142,650000.0,0.0,,False,False,True,NEW_TRADE,2028-01-26,2038-01-26,USD-SOFR-1D,execution_timestamp,2025-09-25 16:22:00-04:00,strict,3.8915278281310015,615619.731142398,76848.8854966424,0.0,,-8.010782813100148,-8.010782813100068,8.4581577962949
1744485402,2025-09-26,SOFR,1.0,1Y,100000000.0,0.032112,246475.0,0.0,,False,False,True,NEW_TRADE,2026-01-08,2027-01-08,USD-SOFR-1D,execution_timestamp,2025-09-26 02:34:00-04:00,strict,3.463505872691269,244226.02362184506,9679.759770026816,0.0,,-25.23058726912688,-25.23058726912687,25.462925305564394
1746181124,2025-09-26,SOFR,10.008219178082191,10Y,21000000.0,0.020925,625154.0,0.0,93777.0,False,False,True,NEW_TRADE,2054-08-10,2064-08-10,USD-SOFR-1D,execution_timestamp,2025-09-26 09:29:00-04:00,strict,3.1710273130309727,612027.1181075315,5674.65571537135,0.0,,-107.8527313030973,-107.85273130309727,110.165978582031
1746192880,2025-09-26,SOFR,30.02191780821918,30Y,10000000.0,0.041112,229625.27896,0.0,,False,False,True,NEW_TRADE,2027-06-02,2057-06-02,USD-SOFR-1D,execution_timestamp,2025-09-26 10:02:00-04:00,strict,3.969883128207357,-232706.13326368015,16466.974559494454,0.0,,14.131687179264318,14.13168717926436,13.944594262314183
1746245159,2025-09-26,SOFR,5.005479452054795,5Y,63000000.0,0.033,603785.49493,0.0,,False,False,True,NEW_TRADE,2027-06-02,2032-06-02,USD-SOFR-1D,execution_timestamp,2025-09-26 10:14:00-04:00,strict,3.5253792015713077,613746.325893715,27231.719768939503,0.0,,-22.537920157130742,-22.537920157130657,22.17213969786358
1746251012,2025-09-26,SOFR,5.002739726027397,5Y,20000000.0,0.039905,1393.91079,0.0,,False,False,True,NEW_TRADE,2030-09-30,2035-09-30,USD-SOFR-1D,execution_timestamp,2025-09-26 10:34:00-04:00,strict,3.9930541875468366,1943.089159204159,7607.464696988507,0.0,,-0.25541875468362285,-0.2554187546835874,0.18322934716368697
1748817559,2025-09-29,SOFR,9.857534246575343,10Y,43000000.0,0.0364923,54279.1591,0.0,-111060.0,False,False,True,NEW_TRADE,2025-04-10,2035-02-15,USD-SOFR-1D,execution_timestamp,2025-09-29 10:57:00-04:00,strict,3.665773756633132,60087.621028292924,36320.42126874463,0.0,,-1.6543756633132123,-1.6543756633131634,1.4944529056635607
1748817574,2025-09-29,SOFR,10.008219178082191,10Y,21000000.0,0.0213,574198.4157,0.0,-111060.0,False,False,True,NEW_TRADE,2054-10-05,2064-10-05,USD-SOFR-1D,execution_timestamp,2025-09-29 10:57:00-04:00,strict,3.125948865053281,570883.6566825048,5732.057906928424,0.0,,-99.59488650532813,-99.59488650532808,100.17317079193457
1748820521,2025-09-29,SOFR,5.002739726027397,5Y,20000000.0,0.0385,86500.0,0.0,,False,False,True,NEW_TRADE,2030-09-16,2035-09-16,USD-SOFR-1D,execution_timestamp,2025-09-29 10:22:00-04:00,strict,3.961362039619968,85194.71310601011,7650.247193455185,0.0,,-11.136203961996793,-11.136203961996745,11.306824186544073
1749196129,2025-09-29,SOFR,20.013698630136986,20Y,4000000.0,0.0414,23622.0,0.0,,False,False,True,NEW_TRADE,2032-03-01,2052-03-01,USD-SOFR-1D,execution_timestamp,2025-09-29 14:55:00-04:00,strict,4.189304806781226,21203.413877035957,4300.4760106086715,0.0,,-4.930480678122606,-4.930480678122633,5.49288030946524
1751215319,2025-09-30,SOFR,30.02191780821918,30Y,6000000.0,0.0425,215646.0,0.0,,False,False,True,NEW_TRADE,2030-08-20,2060-08-20,USD-SOFR-1D,execution_timestamp,2025-09-30 08:44:00-04:00,strict,4.005585272789993,-213934.26628003828,8752.920444774216,0.0,,24.44147272100068,24.441472721000697,24.637034160266797
1751343044,2025-09-30,SOFR,0.9972602739726028,1Y,300000000.0,0.03635,1043.0,0.0,,False,False,True,NEW_TRADE,2025-10-02,2026-10-01,USD-SOFR-1D,execution_timestamp,2025-09-30 11:28:00-04:00,strict,3.634066864212819,-2728.608226902783,29241.277254469234,0.0,,0.09331357871813495,0.09331357871810277,0.03566875656365482
1751904584,2025-09-30,SOFR,5.002739726027397,5Y,35000000.0,0.03642,236523.27105,0.0,,False,False,True,NEW_TRADE,2025-09-30,2030-09-30,USD-SOFR-1D,execution_timestamp,2025-09-30 16:35:00-04:00,strict,3.391844247284057,-401583.1995749036,16053.326586133313,0.0,,25.01557527159428,25.015575271594283,14.733598658256053
1751950567,2025-09-30,SOFR,8.005479452054795,8Y,5000000.0,0.0617,75047.31,0.0,,False,False,True,NEW_TRADE,2025-05-21,2033-05-21,USD-SOFR-1D,execution_timestamp,2025-09-30 14:57:00-04:00,strict,3.568776325062248,-919046.6193424894,3533.1318417455304,0.0,,260.1223674937752,260.12236749377513,21.24101600548344
1752552916,2025-10-01,SOFR,5.002739726027397,5Y,13000000.0,0.039927,19191.84925,0.0,,False,False,True,NEW_TRADE,2030-10-03,2035-10-03,USD-SOFR-1D,execution_timestamp,2025-10-01 08:52:00-04:00,strict,3.956353732627265,-18102.60231462121,4980.59460383564,0.0,,3.634626737273461,3.634626737273516,3.8533249092829265
1752553462,2025-10-01,SOFR,0.9972602739726028,1Y,10000000.0,0.0375,9600.0,0.0,,False,False,True,NEW_TRADE,2025-10-02,2026-10-01,USD-SOFR-1D,execution_timestamp,2025-10-01 08:44:00-04:00,strict,3.5862029485599836,-15974.782836748403,975.2790234199334,0.0,,16.379705144001644,16.379705144001665,9.84333690099931
1753946740,2025-10-02,FED_FUNDS,0.08493150684931507,1M,8800000000.0,0.04044,7542.825,0.0,,False,False,True,NEW_TRADE,2025-10-06,2025-11-06,USD-FEDFUNDS-1D,execution_timestamp,2025-10-02 12:08:00-04:00,strict,4.046179999999909,16447.67891435325,75448.06841759295,0.0,,-0.21799999999094766,-0.2179999999909605,0.09997373237246678
1754769084,2025-10-03,SOFR,5.002739726027397,5Y,13000000.0,0.039438,6521.8204,0.0,,False,False,True,NEW_TRADE,2030-10-07,2035-10-07,USD-SOFR-1D,execution_timestamp,2025-10-03 05:58:00-04:00,strict,3.930429213368565,-6669.0343835349195,4987.765168472374,0.0,,1.3370786631434761,1.3370786631435327,1.3075636441796372
1755828598,2025-10-06,SOFR,2.9123287671232876,3Y,220000000.0,0.03482,427173.3102,0.0,41079308.0,False,False,True,NEW_TRADE,2025-07-24,2028-06-21,USD-SOFR-1D,execution_timestamp,2025-10-06 11:28:00-04:00,strict,3.418328410991664,-389903.09803688154,61236.58983692565,0.0,,6.367158900833569,6.367158900833666,6.975785414203693
1756143051,2025-10-06,SOFR,4.668493150684932,5Y,7000000.0,0.0408895,197875.0,0.0,,False,False,True,NEW_TRADE,2025-01-10,2029-09-10,USD-SOFR-1D,execution_timestamp,2025-10-06 13:14:00-04:00,strict,3.3677934273231984,-188851.82210032898,2618.735365599528,0.0,,72.1156572676802,72.11565726768028,75.56128144880302
1756172676,2025-10-06,SOFR,6.717808219178083,7Y,340000000.0,0.03832,6200072.7679,0.0,-31368497.0,False,True,True,NEW_TRADE,2025-03-31,2031-12-17,USD-SOFR-1D,execution_timestamp,2025-10-06 14:30:00-04:00,strict,3.53511088497212,-6152666.079890758,207237.84633576035,0.0,,29.688911502787985,29.688911502787953,29.917666476107044
1756172786,2025-10-06,SOFR,7.304109589041096,7Y,390000000.0,0.03578,1375459.07598,0.0,-31368497.0,False,True,True,NEW_TRADE,2025-08-28,2032-12-15,USD-SOFR-1D,execution_timestamp,2025-10-06 14:30:00-04:00,strict,3.5250008182957675,-1336729.9134939462,252217.08534175507,0.0,,5.2999181704232345,5.299918170423198,5.453473043335855
1756172829,2025-10-06,SOFR,6.293150684931507,6Y,210000000.0,0.03412,641686.97793,0.0,-31368497.0,False,False,True,NEW_TRADE,2025-09-02,2031-12-17,USD-SOFR-1D,execution_timestamp,2025-10-06 14:30:00-04:00,strict,3.4682702986637124,669795.5346430317,119031.80728538938,0.0,,-5.627029866371247,-5.627029866371239,5.390886625719277
1756173830,2025-10-06,SOFR,4.980821917808219,5Y,330000000.0,0.035257,924243.29673,0.0,-29062601.0,False,False,True,NEW_TRADE,2025-05-08,2030-04-30,USD-SOFR-1D,execution_timestamp,2025-10-06 14:43:00-04:00,strict,3.4692415573287496,-863210.5983082876,152893.09401158264,0.0,,5.645844267125,5.645844267124935,6.04502971638459
1756180473,2025-10-06,SOFR,5.0,5Y,3000000.0,0.0627,41290.8678,0.0,,False,False,True,NEW_TRADE,2025-10-06,2030-10-05,USD-SOFR-1D,execution_timestamp,2025-10-06 15:52:00-04:00,strict,3.3933059432326504,-396138.2047004145,1376.9840720960312,0.0,,287.669405676735,287.68539355536404,29.986452738808705
1756188070,2025-10-06,SOFR,9.92876712328767,10Y,360000000.0,0.0353776,3989216.14647,0.0,36568809.0,False,True,True,NEW_TRADE,2025-09-12,2035-08-15,USD-SOFR-1D,execution_timestamp,2025-10-06 16:14:00-04:00,strict,3.670385084078072,3996429.987785518,301332.8900461209,0.0,,-13.262508407807205,-13.26250840780719,13.238568633710795
1757595202,2025-10-08,SOFR,3.0027397260273974,3Y,230000000.0,0.0452,39195.0972,0.0,-6545.0,False,False,True,NEW_TRADE,2037-09-23,2040-09-23,USD-SOFR-1D,execution_timestamp,2025-10-08 03:51:00-04:00,strict,4.530471112903353,42717.74963842332,40795.80655150763,0.0,,-1.047111290335323,-1.0471112903354196,0.9607628948459047
1757797822,2025-10-08,SOFR,30.019178082191782,30Y,2000000.0,0.0383,35172.0,0.0,,False,False,True,NEW_TRADE,2025-10-17,2055-10-17,USD-SOFR-1D,execution_timestamp,2025-10-08 09:10:00-04:00,strict,3.9294064304044816,35085.41592728929,3529.4915816339203,0.0,,-9.94064304044815,-9.940643040448071,9.965174639605657
1757826571,2025-10-08,SOFR,10.005479452054795,10Y,15000000.0,0.037,65741.0,0.0,,False,False,True,NEW_TRADE,2025-09-26,2035-09-26,USD-SOFR-1D,execution_timestamp,2025-10-08 11:15:00-04:00,strict,3.64827631727799,-65340.051925769076,12632.521214110477,0.0,,5.172368272200956,5.172368272200841,5.204107627111488
1762872009,2025-10-10,SOFR,5.0,5Y,20000000.0,0.0312,160472.0,0.0,,False,False,True,NEW_TRADE,2026-02-23,2031-02-22,USD-SOFR-1D,execution_timestamp,2025-10-10 11:12:00-04:00,strict,3.2995589874710545,163111.03252852382,9083.508923464138,0.0,,-17.95589874710548,-17.956830769129567,17.666300694159663
1762881668,2025-10-10,SOFR,20.013698630136986,20Y,11000000.0,0.02878,7370259.0,0.0,7370259.0,False,False,True,NEW_TRADE,2024-11-15,2044-11-15,USD-SOFR-1D,execution_timestamp,2025-10-10 11:16:00-04:00,strict,3.939821737889273,1697262.989119202,15984.443796499052,0.0,,-106.18217378892729,-106.18217378892722,461.08948761884665
1763230899,2025-10-10,SOFR,10.005479452054795,10Y,10000000.0,0.0376,155130.0,0.0,,False,False,True,NEW_TRADE,2026-02-04,2036-02-04,USD-SOFR-1D,execution_timestamp,2025-10-10 14:17:00-04:00,strict,3.5780454071616967,-151867.7068120106,8346.461853093726,0.0,,18.195459283830353,18.19545928383041,18.586318697724476
1763304232,2025-10-10,SOFR,5.002739726027397,5Y,4000000.0,0.0595,58048.795,0.0,,False,False,True,NEW_TRADE,2025-10-10,2030-10-10,USD-SOFR-1D,execution_timestamp,2025-10-10 16:22:00-04:00,strict,3.3088993464622547,-485780.45000969304,1839.310627404494,0.0,,264.1100653537745,264.1100653537746,31.56008242170295
1768167638,2025-10-14,SOFR,7.005479452054795,7Y,7000000.0,0.0573,146643.66288,0.0,,False,False,True,NEW_TRADE,2026-10-15,2033-10-15,USD-SOFR-1D,execution_timestamp,2025-10-14 10:22:00-04:00,strict,3.431269975797016,-970305.2133255629,4221.049027547231,0.0,,229.87300242029835,229.8730024202984,34.741047053227845
1771018088,2025-10-15,SOFR,20.013698630136986,20Y,15000000.0,0.039148,7622.0,0.0,,False,False,True,NEW_TRADE,2025-04-30,2045-04-30,USD-SOFR-1D,execution_timestamp,2025-10-15 12:13:00-04:00,strict,3.911561680831673,-6949.036575065926,21458.776031201018,0.0,,0.3238319168326953,0.3238319168326302,0.3551926721690756
1774165245,2025-10-17,SOFR,12.008219178082191,12Y,11000000.0,0.037068,136851.0,0.0,,False,False,True,NEW_TRADE,2025-10-07,2037-10-07,USD-SOFR-1D,execution_timestamp,2025-10-17 00:05:00-04:00,asof2h,3.592098073107263,-124136.88551925588,10822.563219477739,3960.0,,11.470192689273695,11.47019268927369,12.644971179628183
1775950388,2025-10-17,SOFR,13.008219178082191,13Y,36000000.0,0.03286,5400000.0,0.0,,False,False,True,NEW_TRADE,2022-12-05,2035-12-05,USD-SOFR-1D,execution_timestamp,2025-10-17 11:11:00-04:00,strict,3.627429992480602,1159029.6232244745,33946.33303312755,0.0,,-34.14299924806019,-34.142999248060185,159.07461918582626
1776896878,2025-10-20,SOFR,10.005479452054795,10Y,26000000.0,0.036555,222111.05202,0.0,,False,False,True,NEW_TRADE,2025-10-01,2035-10-01,USD-SOFR-1D,execution_timestamp,2025-10-20 03:09:00-04:00,strict,3.5560097322869333,-219103.9339122316,22022.64994844875,0.0,,9.949026771306624,9.949026771306649,10.085573377405712
1776902187,2025-10-20,SOFR,10.005479452054795,10Y,12000000.0,0.03623,69005.3324,0.0,,False,False,True,NEW_TRADE,2025-09-26,2035-09-26,USD-SOFR-1D,execution_timestamp,2025-10-20 03:09:00-04:00,strict,3.556457857080544,-67669.03415757744,10169.350007180423,0.0,,6.654214291945593,6.654214291945637,6.785618781070214
1778525086,2025-10-20,SOFR,30.02191780821918,30Y,20000000.0,0.041,880514.271,0.0,,False,False,True,NEW_TRADE,2026-10-22,2056-10-22,USD-SOFR-1D,execution_timestamp,2025-10-20 10:56:00-04:00,strict,3.8410111052225653,-891481.6172120608,34421.61556688215,0.0,,25.898889477743523,25.89888947774364,25.580271480550827
1783353138,2025-10-22,SOFR,10.005479452054795,10Y,12000000.0,0.042614,284834.0,0.0,,False,False,True,NEW_TRADE,2029-07-23,2039-07-23,USD-SOFR-1D,execution_timestamp,2025-10-22 09:02:00-04:00,strict,3.9380081927245505,-285614.67688752385,8831.846400000206,0.0,,32.33918072754496,32.33918072754494,32.25078733253257
1783357139,2025-10-22,SOFR,29.301369863013697,29Y,3000000.0,0.03907,44432.4,0.0,,False,False,True,NEW_TRADE,2025-10-02,2055-01-13,USD-SOFR-1D,execution_timestamp,2025-10-22 09:22:00-04:00,strict,3.819758898174687,-46409.898348178016,5319.728588607995,0.0,,8.72411018253132,8.724110182531327,8.352381002134274
1783370178,2025-10-22,FED_FUNDS,1.8246575342465754,~22M,1500000000.0,0.04418,4931935.87824,0.0,-12223905.0,False,True,True,NEW_TRADE,2024-06-03,2026-03-31,USD-FEDFUNDS-1D,execution_timestamp,2025-10-22 10:05:00-04:00,strict,4.088423641267358,-4930926.650637031,149614.08851042908,0.0,,32.957635873264124,32.95763587326412,32.96438141182281
1783630849,2025-10-22,SOFR,4.983561643835617,5Y,2000000.0,0.05741,26139.8235,0.0,,False,False,True,NEW_TRADE,2025-10-22,2030-10-15,USD-SOFR-1D,execution_timestamp,2025-10-22 12:09:00-04:00,strict,3.24064125946592,-229613.9255074223,918.323926023417,0.0,,250.03587405340807,250.03587405340804,28.46470919383782
1783854855,2025-10-22,SOFR,5.002739726027397,5Y,12000000.0,0.0537,148755.123,0.0,,False,False,True,NEW_TRADE,2025-11-01,2030-11-01,USD-SOFR-1D,execution_timestamp,2025-10-22 14:44:00-04:00,strict,3.218393494303714,-1187804.5532226958,5520.547321631691,0.0,,215.16065056962864,215.16065056962867,26.94572011313416
1787757501000000401,2026-01-20,SOFR,6.424657534246576,6Y,1000000.0,0.0464,47773.726,0.0,,False,False,True,NEW_TRADE,2023-08-01,2030-01-01,USD-SOFR-1D,execution_timestamp,2026-01-20 08:57:00-05:00,strict,3.5178867029640264,-41848.09919209263,372.9400525119261,0.0,,112.21132970359733,112.2113297035973,128.10028227920697
1788425290,2025-10-24,SOFR,30.024657534246575,30Y,25000000.0,0.04136,1173953.0,0.0,0.0,False,False,True,NEW_TRADE,2025-10-20,2055-10-22,USD-SOFR-1D,execution_timestamp,2025-10-24 08:21:00-04:00,strict,3.8731628488251726,-1169654.2877123542,44501.10201256722,0.0,,26.283715117482753,26.28371511748273,26.380313001427982
1788560345,2025-10-24,SOFR,5.002739726027397,5Y,12000000.0,0.05296,80317.5813,0.0,,False,False,True,NEW_TRADE,2026-03-01,2031-03-01,USD-SOFR-1D,execution_timestamp,2025-10-24 11:19:00-04:00,strict,3.2591285063682363,-1112736.7462415705,5462.992726945524,0.0,,203.6871493631764,203.68629464819466,14.702121220817968
1788571402,2025-10-24,SOFR,5.002739726027397,5Y,8000000.0,0.03669,22907.20758,0.0,,False,False,True,NEW_TRADE,2025-10-29,2030-10-29,USD-SOFR-1D,execution_timestamp,2025-10-24 11:43:00-04:00,strict,3.282366702038656,-142298.7248025972,3680.4570520158495,0.0,,38.663329796134384,38.66332979613435,6.224011652969385
1789034831000000401,2026-01-20,SOFR,5.3342465753424655,5Y,250000000.0,0.029125,5990000.0,0.0,,False,False,True,NEW_TRADE,2024-12-01,2030-04-01,USD-SOFR-1D,execution_timestamp,2026-01-20 12:01:00-05:00,strict,3.6530537399914533,8707973.331206828,117587.32501043509,0.0,,-74.05537399914533,-74.05537399914535,50.9408645827127
1791557319,2025-10-27,SOFR,4.980821917808219,5Y,25000000.0,0.03726,343900.0,0.0,,False,False,True,NEW_TRADE,2024-02-29,2029-02-20,USD-SOFR-1D,execution_timestamp,2025-10-27 16:14:00-04:00,strict,3.4550995192319247,-258965.9904239066,9559.45111982338,0.0,,27.090048076807527,27.090048076807495,35.97486881719145
1798245516,2025-10-30,SOFR,3.0027397260273974,3Y,380000.0,0.04,7100.0,0.0,,False,False,True,NEW_TRADE,2025-10-30,2028-10-30,USD-SOFR-1D,execution_timestamp,2025-10-30 12:00:00-04:00,strict,3.337128509009234,-7166.661419673037,108.11539668060439,0.0,,66.28714909907659,66.28714909907663,65.67057253625858
1798599800,2025-10-30,SOFR,10.008219178082191,10Y,21000000.0,0.01668,2767200.3443,0.0,,False,False,True,NEW_TRADE,2023-09-27,2033-09-27,USD-SOFR-1D,execution_timestamp,2025-10-30 14:51:00-04:00,strict,3.55383906474587,2767125.0094797956,14673.176843182453,0.0,,-188.58390647458697,-188.583906474587,188.58904066066066
1798608914,2025-10-30,SOFR,10.005479452054795,10Y,800000.0,0.03915,2605.0,0.0,9.9999999999,False,False,True,NEW_TRADE,2028-10-12,2038-10-12,USD-SOFR-1D,execution_timestamp,2025-10-30 15:16:00-04:00,strict,3.966789567476269,3109.440893355495,600.3990851594272,0.0,,-5.178956747626939,-5.178956747627003,4.338780761646698
1798610571,2025-10-30,SOFR,2.9972602739726026,3Y,47000000.0,0.0322682,188707.025,0.0,,False,False,True,NEW_TRADE,2025-10-17,2028-10-15,USD-SOFR-1D,execution_timestamp,2025-10-30 15:20:00-04:00,strict,3.362836744968214,181892.8923653718,13373.161413191523,0.0,,-13.601674496821436,-13.601338288338422,14.11087619221107
1800795523,2025-10-31,SOFR,6.7534246575342465,7Y,170000000.0,0.033284,1605271.6295,0.0,15922.0,False,False,True,NEW_TRADE,2025-12-01,2032-08-31,USD-SOFR-1D,execution_timestamp,2025-10-31 09:52:00-04:00,strict,3.48685781490087,1614439.2417333946,101884.48217232963,0.0,,-15.845781490086974,-15.845781490086948,15.75580103341752
1833179499000000201,2026-01-23,SOFR,2.7534246575342465,3Y,250000000.0,0.01468,1905000.0,0.0,,False,False,True,NEW_TRADE,2023-07-31,2026-05-01,USD-SOFR-1D,execution_timestamp,2026-01-23 09:25:00-05:00,strict,4.101888482617288,6607463.029838281,25086.34315175129,0.0,,-263.3888482617288,-263.3888482617288,75.93773187572023
1850705600000000501,2026-01-26,SOFR,10.008219178082191,10Y,2000000.0,0.0474,5051.73721,0.0,-5759.0,False,False,True,NEW_TRADE,2036-01-11,2046-01-11,USD-SOFR-1D,execution_timestamp,2026-01-26 14:10:00-05:00,strict,4.693316367382641,-5029.064706543635,1077.2650765556723,0.0,,4.668363261735919,4.668363261735921,4.689409616945778
1884646629000000101,2026-01-29,SOFR,0.23835616438356164,3M,67000000.0,0.036985,3907.0,0.0,,False,False,True,NEW_TRADE,2026-01-05,2026-04-02,USD-SOFR-1D,execution_timestamp,2026-01-28 21:34:00-05:00,strict,3.672276952402273,-4216.295457423665,1607.8586753544964,0.0,,2.6223047597726534,2.6223047597725384,2.4299399318404618
1897531591000000301,2026-01-29,SOFR,4.002739726027397,4Y,120000000.0,0.033265,625000.0,0.0,,False,False,True,NEW_TRADE,2026-01-01,2030-01-01,USD-SOFR-1D,execution_timestamp,2026-01-29 12:30:00-05:00,strict,3.4742597636247217,662470.2832990568,44834.281474731564,0.0,,-14.775976362472143,-14.775976362472155,13.940225636319113
1898546146000000101,2026-01-29,SOFR,0.9972602739726028,1Y,150000000.0,0.0351622,14575.8232,0.0,,False,False,True,NEW_TRADE,2026-01-22,2027-01-21,USD-SOFR-1D,execution_timestamp,2026-01-29 15:31:00-05:00,strict,3.506530546741381,-14197.511560837738,14652.541461212675,0.0,,0.9689453258618475,0.9689453258617651,0.9947641669251878
1910729087000000301,2026-01-30,SOFR,10.005479452054795,10Y,5000000.0,0.039112,23173.6032,0.0,,False,False,True,NEW_TRADE,2025-03-31,2035-03-31,USD-SOFR-1D,execution_timestamp,2026-01-30 08:07:00-05:00,strict,3.858333976826838,-22742.16914776084,4301.849804981426,0.0,,5.286602317316191,5.286602317316151,5.386892674208568
1912664011000000101,2026-01-30,SOFR,5.0,5Y,3000000.0,0.0578,13686.4593,0.0,,False,False,True,NEW_TRADE,2026-02-02,2031-02-01,USD-SOFR-1D,execution_timestamp,2026-01-30 11:02:00-05:00,strict,3.534664554542689,-308378.33162875543,1373.362323542615,0.0,,224.53354454573105,224.5425889020222,9.965658053510243
1915529122000000501,2026-01-30,SOFR,30.02191780821918,30Y,3000000.0,0.01975,1140228.85977,0.0,,False,False,True,NEW_TRADE,2023-06-30,2053-06-30,USD-SOFR-1D,execution_timestamp,2026-01-30 15:20:00-05:00,strict,4.209518039620531,1137192.6390024489,5089.207689706406,0.0,,-223.45180396205308,-223.45180396205308,224.04840385592107
1933415027000000101,2026-02-02,SOFR,0.915068493150685,11M,3000000.0,0.0365,2669.99172,0.0,,False,False,True,NEW_TRADE,2026-02-06,2027-01-06,USD-SOFR-1D,execution_timestamp,2026-02-02 14:15:00-05:00,strict,3.5129942807549073,-3690.802792757342,269.39041764780484,0.0,,13.700571924509264,13.700571924509273,9.911234940400474
1949151323000000401,2026-02-03,SOFR,10.005479452054795,10Y,10000000.0,0.03758,113098.0,0.0,,False,False,True,NEW_TRADE,2026-02-11,2036-02-11,USD-SOFR-1D,execution_timestamp,2026-02-03 12:55:00-05:00,strict,3.8955760141790647,114365.20602830406,8312.873919973445,0.0,,-13.757601417906473,-13.757601417906432,13.605162437055379
1979322956000000301,2026-02-05,SOFR,2.0027397260273974,2Y,56000000.0,0.035055,21189.21,0.0,,False,False,True,NEW_TRADE,2028-01-18,2030-01-18,USD-SOFR-1D,execution_timestamp,2026-02-05 09:48:00-05:00,strict,3.532956926880311,27748.773514302447,10106.292534217293,0.0,,-2.745692688031065,-2.7456926880309744,2.0966353317261315
1981759432000001101,2026-02-05,SOFR,3.0027397260273974,3Y,22000000.0,0.0677,196781.15,0.0,,False,False,True,NEW_TRADE,2026-03-01,2029-03-01,USD-SOFR-1D,execution_timestamp,2026-02-05 14:37:00-05:00,strict,3.3381624867991415,-2143525.592196721,6245.999654562504,0.0,,343.18375132008583,343.18375132008595,31.50514903667304
2027988510000000701,2026-02-10,SOFR,30.019178082191782,30Y,5000000.0,0.0397435,98910.0,0.0,,False,False,True,NEW_TRADE,2025-11-17,2055-11-17,USD-SOFR-1D,execution_timestamp,2026-02-10 11:19:00-05:00,strict,4.085175774752592,97206.30875415914,8771.092191429523,0.0,,-11.082577475259203,-11.082577475259251,11.276816825235025
2029837835000001601,2026-02-10,SOFR,5.002739726027397,5Y,30000000.0,0.0516,2384279.612,0.0,,False,False,True,NEW_TRADE,2026-02-12,2031-02-12,USD-SOFR-1D,execution_timestamp,2026-02-10 13:40:00-05:00,strict,3.42835993075964,-2383997.2899667015,13767.279542177133,0.0,,173.16400692403602,173.1640069240361,173.18451366485107
2030044311000000201,2026-02-10,SOFR,3.0,3Y,57000000.0,0.04025,1401.6387,0.0,,False,False,True,NEW_TRADE,2025-02-04,2028-02-04,USD-SOFR-1D,execution_timestamp,2026-02-10 12:46:00-05:00,strict,3.2875724221178877,-811263.3446531338,11001.261262605301,0.0,,73.74275778821126,73.74275778821125,0.12740709147271592
2030321454000000201,2026-02-10,SOFR,1.0027397260273974,1Y,25000000.0,0.0315,33867.0,0.0,,False,False,True,NEW_TRADE,2027-11-30,2028-11-30,USD-SOFR-1D,execution_timestamp,2026-02-10 15:59:00-05:00,strict,3.312024709293642,37537.82386296685,2316.796248338638,0.0,,-16.20247092936422,-16.20247092936421,14.618031268086625
2040660199000000101,2026-02-11,SOFR,20.013698630136986,20Y,610000.0,0.0395,10540.56474,0.0,,False,False,True,NEW_TRADE,2025-10-10,2045-10-10,USD-SOFR-1D,execution_timestamp,2026-02-11 07:17:00-05:00,strict,4.073101058659509,10545.531491358415,856.6564419666631,0.0,,-12.310105865950849,-12.310105865950863,12.304308032519513
2042703499000000901,2026-02-11,SOFR,5.002739726027397,5Y,36000000.0,0.0355164,136743.6176,0.0,,False,False,True,NEW_TRADE,2026-02-05,2031-02-05,USD-SOFR-1D,execution_timestamp,2026-02-11 10:40:00-05:00,strict,3.4656233418726208,-142041.28332823887,16513.229695333583,0.0,,8.601665812737869,8.601665812737883,8.280852390652685
2042792336000000201,2026-02-11,SOFR,5.002739726027397,5Y,3000000.0,0.035945,18386.14136,0.0,,False,False,True,NEW_TRADE,2024-10-15,2029-10-15,USD-SOFR-1D,execution_timestamp,2026-02-11 11:08:00-05:00,strict,3.437370035578783,-17783.38725134608,1131.7629528429352,0.0,,15.712996442121652,15.712996442121604,16.245576261190458
2045523727000000101,2026-02-11,SOFR,5.002739726027397,5Y,260000000.0,0.04263,1265691.004,0.0,,False,False,True,NEW_TRADE,2031-01-27,2036-01-27,USD-SOFR-1D,execution_timestamp,2026-02-11 16:30:00-05:00,strict,4.132262645039261,-1289392.235562317,98624.62308110241,0.0,,13.07373549607389,13.073735496073892,12.833417907809684
2047410570000000401,2026-02-12,SOFR,5.002739726027397,5Y,26000000.0,0.042082,70213.0,0.0,,False,False,True,NEW_TRADE,2031-02-11,2036-02-11,USD-SOFR-1D,execution_timestamp,2026-02-11 23:00:00-05:00,asof2h,,,,,"SnapshotMiss: citivelo_excel minute store (USD-SOFR-1D-CITIVELOEXCELMIN): no snapshot satisfies datetime.datetime(2026, 2, 11, 23, 0, tzinfo=zoneinfo.ZoneInfo(k",,,
2056784946000001201,2026-02-12,SOFR,1.0,1Y,35000000.0,0.03168,8470.0,0.0,,False,False,True,NEW_TRADE,2027-01-07,2028-01-07,USD-SOFR-1D,execution_timestamp,2026-02-12 08:15:00-05:00,strict,3.1935313074229983,8501.678223982686,3329.9031981122207,0.0,,-2.553130742299814,-2.5531307422997864,2.5436174855778955
2058598847000002101,2026-02-12,SOFR,5.002739726027397,5Y,4000000.0,0.062,56631.494,0.0,,False,False,True,NEW_TRADE,2026-03-01,2031-03-01,USD-SOFR-1D,execution_timestamp,2026-02-12 11:50:00-05:00,strict,3.403857766876754,-512897.38476469263,1834.3168030608538,0.0,,279.6142233123246,279.61221524484785,30.873344182150657
2058730863000000101,2026-02-12,SOFR,30.019178082191782,30Y,1000000.0,0.036292,81335.9032,0.0,,False,False,True,NEW_TRADE,2024-03-04,2054-03-04,USD-SOFR-1D,execution_timestamp,2026-02-12 12:00:00-05:00,strict,4.084820645314768,81063.55472248956,1779.18967360415,0.0,,-45.56206453147684,-45.56206453147688,45.71513897966583
2060554812000000401,2026-02-12,SOFR,1.0027397260273974,1Y,220000000.0,0.0298,475315.06932,0.0,,False,False,True,NEW_TRADE,2027-09-10,2028-09-10,USD-SOFR-1D,execution_timestamp,2026-02-12 15:11:00-05:00,strict,3.2346186732976165,524567.9004287776,20602.098567045156,0.0,,-25.461867329761656,-25.46186732976171,23.0711967411081
2060568690000000601,2026-02-12,SOFR,5.002739726027397,5Y,5000000.0,0.0565,62419.48,0.0,,False,False,True,NEW_TRADE,2026-02-12,2031-02-12,USD-SOFR-1D,execution_timestamp,2026-02-12 15:14:00-05:00,strict,3.3919674041125503,-518502.9359179521,2296.259747810109,0.0,,225.80325958874502,225.803259588745,27.18310942807235
2093094387000000301,2026-02-17,SOFR,1.0,1Y,130000000.0,0.0399,10507.37454,0.0,,False,False,True,NEW_TRADE,2032-10-01,2033-10-01,USD-SOFR-1D,execution_timestamp,2026-02-17 11:34:00-05:00,strict,3.9882915322929784,-1730.9491677810438,10131.588444243474,0.0,,0.17084677070213772,0.17084677070203416,1.0370905409180966
2103624194000001701,2026-02-18,SOFR,1.0,1Y,3000000.0,0.037455,634.991,0.0,,False,False,True,NEW_TRADE,2025-04-21,2026-04-21,USD-SOFR-1D,execution_timestamp,2026-02-18 14:01:00-05:00,strict,4.123177212580338,11413.150174718161,302.19324318621426,0.0,,-37.7677212580338,-37.767721258033795,2.1012746456700646
2147112588000000201,2026-02-24,SOFR,1.9917808219178081,2Y,650000000.0,0.0354,3063710.86,0.0,,False,False,True,NEW_TRADE,2026-02-03,2028-01-31,USD-SOFR-1D,execution_timestamp,2026-02-24 11:40:00-05:00,strict,3.2966159451492385,-3044701.095373489,125098.62641743085,0.0,,24.33840548507615,24.338405485076134,24.49036370532932
2181797678000000201,2026-02-26,SOFR,5.002739726027397,5Y,3000000.0,0.0559,22805.91638,0.0,,False,False,True,NEW_TRADE,2026-03-01,2031-03-01,USD-SOFR-1D,execution_timestamp,2026-02-26 14:38:00-05:00,strict,3.315846334021667,-313836.2728099263,1380.016784478369,0.0,,227.4153665978333,227.41482302228152,16.525825364233075
2182435479000000101,2026-02-26,SOFR,0.9917808219178083,1Y,50000000.0,0.0721,141800.0,0.0,,False,False,True,NEW_TRADE,2026-02-28,2027-02-25,USD-SOFR-1D,execution_timestamp,2026-02-26 16:20:00-05:00,strict,3.461275697601096,-1825433.337792998,4869.478762748322,0.0,,374.8724302398904,374.8724302398904,29.120159858746035
2193652103000000901,2026-02-27,SOFR,10.008219178082191,10Y,10000000.0,0.038,197680.0,0.0,,False,False,True,NEW_TRADE,2026-03-06,2036-03-06,USD-SOFR-1D,execution_timestamp,2026-02-27 08:11:00-05:00,strict,3.5671012315199224,-196772.24327024305,8448.83141952189,0.0,,23.28987684800774,23.28987684800772,23.397318538424155
2195954088000001501,2026-02-27,SOFR,30.02191780821918,30Y,1000000.0,0.042525,44887.0,0.0,,False,False,True,NEW_TRADE,2028-01-18,2058-01-18,USD-SOFR-1D,execution_timestamp,2026-02-27 11:10:00-05:00,strict,3.9768476546365514,-45435.86652358761,1648.3032808474848,0.0,,27.565234536344896,27.56523453634485,27.232245741160625
2197023411000000101,2026-02-27,SOFR,11.276712328767124,11Y,3000000.0,0.0318,7600.311,0.0,,False,False,True,NEW_TRADE,2026-02-25,2037-06-03,USD-SOFR-1D,execution_timestamp,2026-02-27 12:30:00-05:00,strict,3.614996215953978,121677.50195158191,2797.208285702779,0.0,,-43.49962159539778,-43.49962159539768,2.7171058511613393
2199574093000000101,2026-02-27,SOFR,10.005479452054795,10Y,48000000.0,0.03205,1297799.0,0.0,,False,False,True,NEW_TRADE,2026-01-07,2036-01-07,USD-SOFR-1D,execution_timestamp,2026-02-27 16:18:00-05:00,strict,3.5236639306842066,1301526.7613655273,40843.24066959839,0.0,,-31.86639306842065,-31.86639306842067,31.77512309805561
2214492430000001401,2026-03-02,SOFR,30.019178082191782,30Y,31000000.0,0.014665,12823510.07358,0.0,,False,False,True,NEW_TRADE,2021-11-23,2051-11-23,USD-SOFR-1D,execution_timestamp,2026-03-02 10:13:00-05:00,strict,3.9582805020629475,12788586.135913169,51323.084538648116,0.0,,-249.17805020629476,-249.17805020629473,249.85852251190084
2217097217000000601,2026-03-02,SOFR,3.506849315068493,4Y,7000000.0,0.06396,34063.03095,0.0,,False,False,True,NEW_TRADE,2026-03-21,2029-09-21,USD-SOFR-1D,execution_timestamp,2026-03-02 15:06:00-05:00,strict,3.2679115155201317,-721398.6143966293,2306.1963175782153,0.0,,312.8088484479868,312.80884844798686,14.770221724128975
2231506653000000801,2026-03-03,SOFR,2.0027397260273974,2Y,300000000.0,0.0321,95406.0,0.0,,False,False,True,NEW_TRADE,2027-09-22,2029-09-22,USD-SOFR-1D,execution_timestamp,2026-03-03 10:12:00-05:00,strict,3.2361096587309515,144148.69198522344,55208.95292834208,0.0,,-2.6109658730951946,-2.6109658730952536,1.7280892851532845
2236393532000000301,2026-03-03,SOFR,10.005479452054795,10Y,2000000.0,0.0376951,24476.452,0.0,,False,False,True,NEW_TRADE,2026-02-13,2036-02-13,USD-SOFR-1D,execution_timestamp,2026-03-03 16:42:00-05:00,strict,3.6254610791510293,-24301.39977327315,1687.0240769628692,0.0,,14.404892084897103,14.404892084897028,14.508656002150655
2247988812000000301,2026-03-04,SOFR,1.0,1Y,26000000.0,0.0350828,63.21582,0.0,,False,False,True,NEW_TRADE,2026-03-05,2027-03-05,USD-SOFR-1D,execution_timestamp,2026-03-04 08:08:00-05:00,strict,3.508126778160626,-38.985915313940495,2544.409822591404,0.0,,0.015322183937360734,0.015322183937426608,0.02484498347660701
2249607131000003801,2026-03-04,SOFR,5.145205479452055,5Y,110000000.0,0.03282,410224.80576,0.0,6543849.0,False,False,True,NEW_TRADE,2025-10-27,2030-12-18,USD-SOFR-1D,execution_timestamp,2026-03-04 09:55:00-05:00,strict,3.369180847600954,443552.19078907,50877.251482952546,0.0,,-8.71808476009539,-8.718084760095406,8.063030014454577
2253137042000002101,2026-03-04,SOFR,9.994520547945205,10Y,180000000.0,0.03642373,94053.87198,0.0,-35495005.0,False,False,True,NEW_TRADE,2026-02-19,2036-02-15,USD-SOFR-1D,execution_timestamp,2026-03-04 14:37:00-05:00,strict,3.6366409061357587,-86841.68529199064,151500.8081666858,0.0,,0.5732093864241339,0.573209386424162,0.6208143251389066
2253137055000003401,2026-03-04,SOFR,7.8191780821917805,8Y,230000000.0,0.0350105,326447.22066,0.0,-35495005.0,False,False,True,NEW_TRADE,2026-02-27,2033-12-21,USD-SOFR-1D,execution_timestamp,2026-03-04 14:37:00-05:00,strict,3.522512619502592,337772.49423237145,157377.10589873255,0.0,,-2.1462619502591984,-2.1462619502592575,2.0742993003700234
2253182763000000101,2026-03-04,SOFR,10.008219178082191,10Y,3000000.0,0.0406,57232.8,0.0,,False,False,True,NEW_TRADE,2028-01-07,2038-01-07,USD-SOFR-1D,execution_timestamp,2026-03-04 14:51:00-05:00,strict,3.816734306871386,-57287.471840786166,2354.9342738804708,0.0,,24.326569312861366,24.326569312861384,24.30335344590809
2266437246000001601,2026-03-05,SOFR,0.2136986301369863,3M,100000000.0,0.0365972,3359.0,0.0,,False,False,True,NEW_TRADE,2026-02-24,2026-05-13,USD-SOFR-1D,execution_timestamp,2026-03-05 08:52:00-05:00,strict,3.677897725141626,3910.1762066202937,2151.081159031503,0.0,,-1.8177725141625523,-1.8177725141625065,1.561540337935156
2267226629000003901,2026-03-05,SOFR,1.0,1Y,160000000.0,0.0322378,130290.138,0.0,,False,False,True,NEW_TRADE,2028-03-06,2029-03-06,USD-SOFR-1D,execution_timestamp,2026-03-05 09:50:00-05:00,strict,3.3132446676774565,131134.74465329573,14657.713269116524,0.0,,-8.946466767745687,-8.94646676774567,8.88884477461559
2267526465000000301,2026-03-05,SOFR,2.0027397260273974,2Y,75000000.0,0.03,400107.0,0.0,,False,False,True,NEW_TRADE,2026-09-29,2028-09-29,USD-SOFR-1D,execution_timestamp,2026-03-05 10:18:00-05:00,strict,3.2933047237769757,416318.9955107393,14194.077413744686,0.0,,-29.330472377697568,-29.330472377697557,28.188306174275237
2268183927000001201,2026-03-05,SOFR,7.53972602739726,8Y,380000000.0,0.03724,4316141.00502,0.0,71708474.0,False,True,True,NEW_TRADE,2025-06-03,2032-12-15,USD-SOFR-1D,execution_timestamp,2026-03-05 11:48:00-05:00,strict,3.5414182233695866,-4333401.327807158,237340.29801774432,0.0,,18.258177663041366,18.258177663041355,18.185453718008358
2270506703000000801,2026-03-05,SOFR,2.9178082191780823,3Y,180000000.0,0.03683,199996.61319,0.0,-44048140.0,False,False,True,NEW_TRADE,2025-04-15,2028-03-15,USD-SOFR-1D,execution_timestamp,2026-03-05 15:37:00-05:00,strict,3.643636083516846,-202167.80450725183,51358.66107067361,0.0,,3.936391648315407,3.936391648315224,3.8941165719797235
2270506738000004301,2026-03-05,SOFR,0.9178082191780822,11M,1100000000.0,0.03905,2619420.44364,0.0,-44048140.0,False,True,True,NEW_TRADE,2025-04-17,2026-03-18,USD-SOFR-1D,execution_timestamp,2026-03-05 15:37:00-05:00,strict,4.160172557076715,2607989.5592858195,102204.9388524863,0.0,,-25.51725570767145,-25.517255707671467,25.629098486332868
2270506786000009101,2026-03-05,SOFR,2.915068493150685,3Y,370000000.0,0.046235,5553391.38683,0.0,-44048140.0,False,False,True,NEW_TRADE,2024-04-17,2027-03-17,USD-SOFR-1D,execution_timestamp,2026-03-05 15:37:00-05:00,strict,3.8688611500057544,-5556084.389564835,73625.74017501486,0.0,,75.46388499942455,75.46388499942456,75.4273080804227
2282402627000001501,2026-03-06,SOFR,10.01095890410959,10Y,3000000.0,0.03895,50028.28099,0.0,,False,False,True,NEW_TRADE,2026-01-23,2036-01-25,USD-SOFR-1D,execution_timestamp,2026-03-06 08:04:00-05:00,strict,3.697322653010583,-49898.2033631996,2524.224658168393,0.0,,19.767734698941688,19.7677346989417,19.819266414385282
2283279483000000701,2026-03-06,SOFR,30.019178082191782,30Y,1000000.0,0.040478,14890.0,0.0,,False,False,True,NEW_TRADE,2025-08-19,2055-08-19,USD-SOFR-1D,execution_timestamp,2026-03-06 08:58:00-05:00,strict,3.96686785393861,-14551.56026506261,1797.9951074107023,0.0,,8.093214606138943,8.093214606138918,8.281446339107747
2285077072000003601,2026-03-06,FED_FUNDS,1.6931506849315068,~20M,150000000.0,0.03551,329810.1212,0.0,-10469188.0,False,False,True,NEW_TRADE,2025-07-07,2027-03-17,USD-FEDFUNDS-1D,execution_timestamp,2026-03-06 12:05:00-05:00,strict,3.6816727006107755,329344.6808537543,25203.78620127764,0.0,,-13.06727006107753,-13.067270061077531,13.085737141480797
2318258358000000801,2026-03-10,SOFR,5.002739726027397,5Y,3000000.0,0.0357,19090.0,0.0,,False,False,True,NEW_TRADE,2027-01-15,2032-01-15,USD-SOFR-1D,execution_timestamp,2026-03-10 10:42:00-04:00,strict,3.4298199503646774,-18737.696801949758,1336.68784186449,0.0,,14.018004963532293,14.018004963532343,14.281569265545317
2318271752000001001,2026-03-10,SOFR,30.02191780821918,30Y,1000000.0,0.04184,34044.0,0.0,,False,False,True,NEW_TRADE,2026-04-08,2056-04-08,USD-SOFR-1D,execution_timestamp,2026-03-10 10:40:00-04:00,strict,3.9855717694556834,-34750.77668707096,1751.302049700524,0.0,,19.84282305443168,19.842823054431648,19.439250930941117
2337082462000000101,2026-03-11,SOFR,4.986301369863014,5Y,110000000.0,0.03363203,553686.315,0.0,,False,False,True,NEW_TRADE,2026-03-06,2031-02-28,USD-SOFR-1D,execution_timestamp,2026-03-11 14:13:00-04:00,strict,3.4654869290679264,513899.91630151495,50242.488823463485,0.0,,-10.22839290679265,-10.228392906792491,11.020280403414764
2342972011000000101,2026-03-12,SOFR,4.580821917808219,5Y,5000000.0,0.0355,16127.0,0.0,9.9999999999,False,False,True,NEW_TRADE,2025-07-22,2030-02-18,USD-SOFR-1D,execution_timestamp,2026-03-12 04:03:00-04:00,strict,3.443972753923194,-19844.274003285565,1867.462518757381,0.0,,10.60272460768057,10.626330544234989,8.635782425625862
2353350371000001701,2026-03-12,SOFR,5.002739726027397,5Y,21000000.0,0.0562,243395.064,0.0,,False,False,True,NEW_TRADE,2026-03-12,2031-03-12,USD-SOFR-1D,execution_timestamp,2026-03-12 14:02:00-04:00,strict,3.545163909078281,-1989962.1125311814,9590.936465960385,0.0,,207.4836090921719,207.48360909217192,25.377611963528707
2364365581000000601,2026-03-13,SOFR,1.0,1Y,550000000.0,0.0359,5606.30577,0.0,,False,False,True,NEW_TRADE,2026-06-08,2027-06-08,USD-SOFR-1D,execution_timestamp,2026-03-13 07:02:00-04:00,strict,3.58875320542389,-6647.975351527333,53320.53474489751,0.0,,0.12467945761103216,0.12467945761109436,0.10514346483624668
2368542027000000201,2026-03-13,SOFR,5.013698630136986,5Y,2000000.0,0.0394,37368.365,0.0,,False,False,True,NEW_TRADE,2026-03-11,2031-03-15,USD-SOFR-1D,execution_timestamp,2026-03-13 11:03:00-04:00,strict,3.5492921654463903,-35817.720417341916,916.504946898193,0.0,,39.07078345536097,39.08077150981337,40.772682271349424
2380942472000002801,2026-03-16,SOFR,10.008219178082191,10Y,26000000.0,0.03892,180245.20926,0.0,-178078.0,False,False,True,NEW_TRADE,2027-06-30,2037-06-30,USD-SOFR-1D,execution_timestamp,2026-03-16 04:42:00-04:00,strict,3.8919038129518255,-198.60799799114466,20648.10198024921,0.0,,0.009618704817482282,0.009618704817572177,8.729383912982039
2387785798000003401,2026-03-16,SOFR,4.161643835616438,4Y,550000000.0,0.03314,3311985.2562,0.0,4872217.0,False,False,True,NEW_TRADE,2026-04-03,2030-05-31,USD-SOFR-1D,execution_timestamp,2026-03-16 14:24:00-04:00,strict,3.4729716201046563,3362879.9475357383,211539.64118386945,0.0,,-15.897162010465626,-15.897162010465623,15.656570265812427
2391498497000000101,2026-03-17,SOFR,20.013698630136986,20Y,50000000.0,0.038648,1545503.0,0.0,,False,False,True,NEW_TRADE,2025-10-30,2045-10-30,USD-SOFR-1D,execution_timestamp,2026-03-16 22:55:00-04:00,strict,4.082100959327748,1523429.9017187841,70106.91100636359,0.0,,-21.730095932774816,-21.73009593277477,22.04494503915192
2399566023000000601,2026-03-17,SOFR,5.002739726027397,5Y,110000000.0,0.0354743,305944.5936,0.0,-303999.0,False,False,True,NEW_TRADE,2026-02-02,2031-02-02,USD-SOFR-1D,execution_timestamp,2026-03-17 07:55:00-04:00,strict,3.4886007765398173,-297455.6703226976,50562.56955763206,0.0,,5.88292234601826,5.882922346018287,6.050811821406333
2408731823000000101,2026-03-18,SOFR,0.7479452054794521,9M,100000000.0,0.034712,65769.336,0.0,,False,False,True,NEW_TRADE,2026-06-05,2027-03-05,USD-SOFR-1D,execution_timestamp,2026-03-18 02:41:00-04:00,strict,3.5611526258631363,65862.54523660755,7321.914686161358,0.0,,-8.995262586313624,-8.995262586313627,8.982532413865194
2420162675000000501,2026-03-18,SOFR,2.0,2Y,6000000.0,0.03304,31142.8144,0.0,29840.0,False,False,True,NEW_TRADE,2026-01-07,2028-01-07,USD-SOFR-1D,execution_timestamp,2026-03-18 13:27:00-04:00,strict,3.5690087944027815,30763.11752069299,1160.8338353457298,0.0,,-26.50087944027817,-26.500879440278243,26.82796921639071
2434703390000000901,2026-03-19,SOFR,15.92876712328767,16Y,6000000.0,0.0201,554332.315,0.0,,False,False,True,NEW_TRADE,2023-05-05,2039-04-05,USD-SOFR-1D,execution_timestamp,2026-03-19 10:36:00-04:00,strict,3.931778220159955,1295094.694703926,6739.043460468251,0.0,,-192.17782201599553,-192.1778220159955,82.256824466522
2436622408000000701,2026-03-19,SOFR,1.0027397260273974,1Y,71000000.0,0.04606,124627.69241,0.0,,False,False,True,NEW_TRADE,2036-01-29,2037-01-29,USD-SOFR-1D,execution_timestamp,2026-03-19 13:36:00-04:00,strict,4.337244022010983,-127670.3400535055,4750.418614268851,0.0,,26.87559779890165,26.875597798901676,26.23509684718212
2436702084000000701,2026-03-19,SOFR,4.156164383561644,4Y,2000000.0,0.03325,19608.86928,0.0,,False,False,True,NEW_TRADE,2026-07-06,2030-08-31,USD-SOFR-1D,execution_timestamp,2026-03-19 13:40:00-04:00,strict,3.5843296137413834,19710.764332066727,760.0495466142679,0.0,,-25.93296137413832,-25.933525544315756,25.79946184738885
2437899632000000101,2026-03-19,SOFR,3.4986301369863013,3Y,10000000.0,0.03892,12598.0,0.0,,False,False,True,NEW_TRADE,2024-01-25,2027-07-25,USD-SOFR-1D,execution_timestamp,2026-03-19 15:43:00-04:00,strict,3.8256332778159,-13584.979966396699,1967.4096763286557,0.0,,6.636672218410045,6.905008209447948,6.403343518930373
2446560351000000101,2026-03-20,SOFR,10.005479452054795,10Y,1000000.0,0.0384,3913.065,0.0,,False,False,True,NEW_TRADE,2026-02-04,2036-02-04,USD-SOFR-1D,execution_timestamp,2026-03-20 06:04:00-04:00,strict,3.8195875156570547,-1704.9677260818426,835.2573344023767,0.0,,2.041248434294518,2.0412484342944923,4.684861585561272
2450413137000001001,2026-03-20,SOFR,30.02191780821918,30Y,1000000.0,0.04235,20324.0,0.0,,False,False,True,NEW_TRADE,2028-01-20,2058-01-20,USD-SOFR-1D,execution_timestamp,2026-03-20 10:24:00-04:00,strict,4.100126857230784,-21602.09915166127,1601.6605462085943,0.0,,13.48731427692158,13.48731427692163,12.689330487730624
2450703274000000101,2026-03-20,SOFR,3.0082191780821916,3Y,100000000.0,0.03398,816000.0,0.0,,False,False,True,NEW_TRADE,2026-03-13,2029-03-15,USD-SOFR-1D,execution_timestamp,2026-03-20 10:43:00-04:00,strict,3.6991255239350784,850612.8887453824,28247.784433204375,0.0,,-30.11255239350783,-30.11255239350786,28.88722129445373
2472000559000000601,2026-03-23,SOFR,26.515068493150686,27Y,3000000.0,0.008066,4583195.8,0.0,,False,False,True,NEW_TRADE,2023-09-18,2050-03-18,USD-SOFR-1D,execution_timestamp,2026-03-23 15:14:00-04:00,strict,4.139705854979989,1530380.0010618628,4591.4533400591645,0.0,,-333.31058549799894,-333.3105854979989,998.2015411139823
2475367553000000101,2026-03-24,SOFR,10.008219178082191,10Y,50000000.0,0.037603,221943.0,0.0,,False,False,True,NEW_TRADE,2024-02-08,2034-02-08,USD-SOFR-1D,execution_timestamp,2026-03-24 02:00:00-04:00,strict,3.82332861018507,217830.09997728094,34560.51138326984,0.0,,-6.302861018507011,-6.302861018507059,6.42186678138793
2476109677000000901,2026-03-24,SOFR,10.008219178082191,10Y,6000000.0,0.03799,51581.7379,0.0,,False,False,True,NEW_TRADE,2026-03-23,2036-03-23,USD-SOFR-1D,execution_timestamp,2026-03-24 03:05:00-04:00,strict,3.898185796679124,49366.805331839714,4977.205102414672,0.0,,-9.918579667912342,-9.918579667912338,10.363594997315927
2492496343000000201,2026-03-25,SOFR,30.019178082191782,30Y,15000000.0,0.039647,404153.0,0.0,,False,False,True,NEW_TRADE,2026-02-26,2056-02-26,USD-SOFR-1D,execution_timestamp,2026-03-25 02:19:00-04:00,strict,4.1191461839301695,399738.3256626222,25882.046127041773,0.0,,-15.44461839301694,-15.44461839301694,15.615187378007864
2494249645000001701,2026-03-25,SOFR,0.16712328767123288,2M,100000000.0,0.034977,46230.0,0.0,,False,False,True,NEW_TRADE,2026-10-21,2026-12-21,USD-SOFR-1D,execution_timestamp,2026-03-25 03:49:00-04:00,strict,3.771600252312166,45119.83092103433,1647.3088483909441,0.0,,-27.390025231216608,-27.390025231216605,28.063954154775814
2518819722000000401,2026-03-26,SOFR,0.4986301369863014,6M,180000000.0,0.0388,3599.995,0.0,,False,False,True,NEW_TRADE,2026-03-27,2026-09-25,USD-SOFR-1D,execution_timestamp,2026-03-26 10:20:00-04:00,strict,3.7379254978125998,-126824.30121793179,8926.605356015729,0.0,,14.207450218740014,14.207450218740052,0.40328824412226616
2519453527000000101,2026-03-26,SOFR,1.0,1Y,420000000.0,0.036825,624657.501,0.0,,False,False,True,NEW_TRADE,2026-09-11,2027-09-11,USD-SOFR-1D,execution_timestamp,2026-03-26 11:27:00-04:00,strict,3.8322765611680154,606423.0958486162,40488.51777070395,0.0,,-14.977656116801574,-14.977656116801649,15.428016025125524
2522186550000001201,2026-03-26,SOFR,3.0027397260273974,3Y,59000000.0,0.03346,73183.0,0.0,,False,False,True,NEW_TRADE,2026-03-26,2029-03-26,USD-SOFR-1D,execution_timestamp,2026-03-26 15:29:00-04:00,strict,3.7426360245335952,660960.5267968113,16664.157714217592,0.0,,-39.66360245335956,-39.663602453359545,4.391641105122369
2522971738000000401,2026-03-26,SOFR,10.008219178082191,10Y,250000000.0,0.03866,1241340.0,0.0,,False,False,True,NEW_TRADE,2026-03-12,2036-03-12,USD-SOFR-1D,execution_timestamp,2026-03-26 16:55:00-04:00,strict,3.9314693466044055,1355714.8200762123,207076.27162800863,0.0,,-6.54693466044054,-6.546934660440552,5.9946028110354455
2534292667000001801,2026-03-27,SOFR,10.005479452054795,10Y,52000000.0,0.039035,258966.79726,0.0,-1181676.0,False,False,True,NEW_TRADE,2026-01-23,2036-01-23,USD-SOFR-1D,execution_timestamp,2026-03-27 09:21:00-04:00,strict,3.9644774923111568,263557.52098480985,43222.09900661832,0.0,,-6.097749231115657,-6.097749231115615,5.991536811304469
2534613287000000901,2026-03-27,SOFR,5.002739726027397,5Y,160000000.0,0.0373201,659626.52247,0.0,2301593.0,False,False,True,NEW_TRADE,2025-04-15,2030-04-15,USD-SOFR-1D,execution_timestamp,2026-03-27 09:41:00-04:00,strict,3.8145638852620256,621341.0625146404,75264.90855548583,0.0,,-8.255388526202534,-8.25538852620253,8.764064623605018
2552785698000000601,2026-03-30,SOFR,20.013698630136986,20Y,9000000.0,0.02975,1470237.0,0.0,,False,False,True,NEW_TRADE,2026-03-26,2046-03-26,USD-SOFR-1D,execution_timestamp,2026-03-30 09:47:00-04:00,strict,4.169597356069534,1471795.383772063,12320.430614500643,0.0,,-119.45973560695347,-119.45973560695354,119.33324783872337
2554893314000001401,2026-03-30,SOFR,9.457534246575342,9Y,110000.0,0.0337993,3015.05036,0.0,2911903.0,False,False,True,NEW_TRADE,2024-09-03,2034-02-15,USD-SOFR-1D,execution_timestamp,2026-03-30 13:20:00-04:00,strict,3.7762847524610113,3019.5075400937276,76.18194360847855,0.0,,-39.63547524610114,-39.63547524610118,39.576968205159375
2555898233000000101,2026-03-30,SOFR,2.0027397260273974,2Y,34000000.0,0.0335,126224.81424,0.0,,False,False,True,NEW_TRADE,2028-02-23,2030-02-23,USD-SOFR-1D,execution_timestamp,2026-03-30 15:31:00-04:00,strict,3.5584256354322727,127654.77749028057,6124.715763755543,0.0,,-20.842563543227264,-20.842563543227257,20.609089320840855
2556546840000000101,2026-03-30,SOFR,1.0,1Y,10000000.0,0.034755,16900.0,0.0,,False,False,True,NEW_TRADE,2026-01-16,2027-01-16,USD-SOFR-1D,execution_timestamp,2026-03-30 16:32:00-04:00,strict,3.737210745722736,25954.64985002327,991.7303845643532,0.0,,-26.17107457227359,-26.171074572273607,17.040921870538252
2573325029000001001,2026-03-31,SOFR,30.019178082191782,30Y,14000000.0,0.0355,1477576.32169,0.0,,False,False,True,NEW_TRADE,2024-08-15,2054-08-15,USD-SOFR-1D,execution_timestamp,2026-03-31 16:10:00-04:00,strict,4.142569047812366,1439208.682477273,24287.611507730857,0.0,,-59.25690478123657,-59.25690478123657,60.83662533961731
2573695791000000801,2026-03-31,SOFR,7.024657534246575,7Y,120000000.0,0.0335,2642980.48112,0.0,,False,False,True,NEW_TRADE,2025-10-24,2032-10-31,USD-SOFR-1D,execution_timestamp,2026-03-31 16:27:00-04:00,strict,3.707182114271996,2683618.9859334826,74952.29473582892,0.0,,-35.71821142719958,-35.80436056550315,35.262168962741505
2625515676000000101,2026-04-06,SOFR,30.02191780821918,30Y,5000000.0,0.0409089,31999.968,0.0,,False,False,True,NEW_TRADE,2026-03-27,2056-03-27,USD-SOFR-1D,execution_timestamp,2026-04-05 22:20:00-04:00,strict,4.129269414804277,33017.793959354516,8602.995675607539,0.0,,-3.837941480427709,-3.8379414804277254,3.7196308363528474
2627116124000000301,2026-04-06,SOFR,5.002739726027397,5Y,17000000.0,0.0641,172767.076,0.0,,False,False,True,NEW_TRADE,2026-03-31,2031-03-31,USD-SOFR-1D,execution_timestamp,2026-04-06 09:45:00-04:00,strict,3.669299964864862,-2121670.071387481,7741.34361363215,0.0,,274.0700035135138,274.0700035135138,22.31745348388426
2627518814000000401,2026-04-06,SOFR,2.0,2Y,25000000.0,0.03544,64400.0,0.0,,False,False,True,NEW_TRADE,2029-02-20,2031-02-20,USD-SOFR-1D,execution_timestamp,2026-04-06 14:42:00-04:00,strict,3.6924914864476666,64218.71765883337,4324.740710402017,0.0,,-14.849148644766652,-14.849148644766673,14.891066149955044
2627634609000000701,2026-04-06,SOFR,1.4958904109589042,18M,10000000.0,0.041428,20770.0,0.0,,False,False,True,NEW_TRADE,2025-01-29,2026-07-29,USD-SOFR-1D,execution_timestamp,2026-04-06 15:59:00-04:00,strict,3.937563470900437,-20564.481204886688,1001.9893288543434,0.0,,20.523652909956347,20.523652909956382,20.728763672311803
2657093753000000301,2026-04-08,SOFR,4.997260273972603,5Y,4000000.0,0.0711,54366.957,0.0,,False,False,True,NEW_TRADE,2026-04-03,2031-04-01,USD-SOFR-1D,execution_timestamp,2026-04-08 16:20:00-04:00,strict,3.609465453679682,-636959.9734539554,1819.607734263081,0.0,,350.05345463203173,350.0534546320317,29.878394104550207
2660134771000000201,2026-04-09,SOFR,1.9945205479452055,2Y,5000000.0,0.038727,7810.97436,0.0,,False,False,True,NEW_TRADE,2025-03-31,2027-03-29,USD-SOFR-1D,execution_timestamp,2026-04-09 02:47:00-04:00,strict,3.713266570363956,-7774.89033435742,487.65747259567985,0.0,,15.943342963604357,15.943342963604364,16.01733757595084
2672891513000000801,2026-04-09,SOFR,20.013698630136986,20Y,5000000.0,0.0403192,79030.0,0.0,,False,False,True,NEW_TRADE,2026-02-17,2046-02-17,USD-SOFR-1D,execution_timestamp,2026-04-09 14:03:00-04:00,strict,4.135250390532523,71408.58797951788,6910.705322171558,0.0,,-10.333039053252335,-10.333039053252394,11.435880465984958
2673235423000000101,2026-04-09,SOFR,3.0027397260273974,3Y,31000000.0,0.033655,159200.0,0.0,,False,False,True,NEW_TRADE,2026-05-10,2029-05-10,USD-SOFR-1D,execution_timestamp,2026-04-09 14:15:00-04:00,strict,3.550735229085019,162127.25583946472,8752.506563697569,60.0,,-18.5235229085019,-18.52352290850185,18.18907519136377
2685078320000000301,2026-04-10,SOFR,2.0027397260273974,2Y,10000000.0,0.0324,62860.0,0.0,,False,False,True,NEW_TRADE,2026-07-06,2028-07-06,USD-SOFR-1D,execution_timestamp,2026-04-10 08:09:00-04:00,strict,3.574202975371187,63725.279629485914,1906.7837310158168,60.0,,-33.42029753711873,-33.42029753711871,32.96650741115358
2688150718000006801,2026-04-10,SOFR,6.947945205479452,7Y,120000000.0,0.0390639,1704828.1595,0.0,-113675307.0,False,False,True,NEW_TRADE,2024-12-20,2031-11-30,USD-SOFR-1D,execution_timestamp,2026-04-10 11:44:00-04:00,strict,3.656945202899803,-1629651.3986893818,65324.585128119674,0.0,,24.944479710019696,24.94698428613335,26.097803088322078
2690415111000000201,2026-04-10,SOFR,30.019178082191782,30Y,150000000.0,0.03834,8125301.78019,0.0,,False,False,True,NEW_TRADE,2025-05-30,2055-05-30,USD-SOFR-1D,execution_timestamp,2026-04-10 16:07:00-04:00,strict,4.137387624552611,8113433.878359288,267427.9773383549,0.0,,-30.338762455261083,-30.33876245526106,30.38314039188845
2704669629000000401,2026-04-13,SOFR,30.02191780821918,30Y,130000000.0,0.039,5048938.96,0.0,,False,False,True,NEW_TRADE,2026-07-17,2056-07-17,USD-SOFR-1D,execution_timestamp,2026-04-13 09:48:00-04:00,strict,4.135342146733584,5211288.830784082,221434.57528172593,0.0,,-23.534214673358413,-23.534214673358413,22.80104158791081
2705329793000002601,2026-04-13,SOFR,4.994520547945205,5Y,110000000.0,0.0362028,85953.14625,0.0,,False,False,True,NEW_TRADE,2026-04-03,2031-03-31,USD-SOFR-1D,execution_timestamp,2026-04-13 12:03:00-04:00,strict,3.638205779472377,89624.9784146212,49997.813792550296,0.0,,-1.7925779472376835,-1.7925779472376726,1.7191380928501132
2709932958000003001,2026-04-13,SOFR,1.9808219178082191,2Y,13000000.0,0.03773,51846.16675,0.0,,False,False,True,NEW_TRADE,2026-04-13,2028-04-05,USD-SOFR-1D,execution_timestamp,2026-04-13 13:22:00-04:00,strict,3.6141438050266714,-39297.619765265146,2473.7857892078355,0.0,,15.88561949733287,15.88561949733294,20.958228063312774
2710349591000000301,2026-04-14,SOFR,0.9205479452054794,11M,89000000.0,0.034033,247672.6413,0.0,,False,False,True,NEW_TRADE,2026-02-09,2027-01-11,USD-SOFR-1D,execution_timestamp,2026-04-14 02:09:00-04:00,strict,3.7097055444056095,247555.04781756224,8079.32664200938,0.0,,-30.64055444056093,-30.64055444056087,30.655109302326988
2774801796000000201,2026-04-17,SOFR,30.019178082191782,30Y,5000000.0,0.04,160994.0,0.0,,False,False,True,NEW_TRADE,2028-06-14,2058-06-14,USD-SOFR-1D,execution_timestamp,2026-04-17 13:29:00-04:00,strict,4.1930796422726955,152186.46954321396,7882.0567384454835,0.0,,-19.307964227269547,-19.30796422726951,20.425379484359254
2791401428000000101,2026-04-20,SOFR,4.002739726027397,4Y,2000000.0,0.0585,25458.67224,0.0,,False,False,True,NEW_TRADE,2027-04-15,2031-04-15,USD-SOFR-1D,execution_timestamp,2026-04-20 12:32:00-04:00,strict,3.541120258664111,-165807.0696824938,718.1277860169532,0.0,,230.88797413358895,230.88797413358895,35.45145130952917
2805554327000002901,2026-04-21,SOFR,0.7479452054794521,9M,1400000000.0,0.041625,2059298.11318,0.0,17605000.0,False,True,True,NEW_TRADE,2025-08-04,2026-05-04,USD-SOFR-1D,execution_timestamp,2026-04-21 09:11:00-04:00,strict,3.968554025254982,-2055932.0713818446,106005.40042580318,0.0,,19.39459747450187,19.394597474501897,19.426350968046894
2820813670000002201,2026-04-22,SOFR,9.961643835616439,10Y,23000000.0,0.0254001,1705500.44,0.0,-131256504.0,False,False,True,NEW_TRADE,2022-06-01,2032-05-15,USD-SOFR-1D,execution_timestamp,2026-04-22 08:12:00-04:00,strict,3.7028923069705075,1702640.9803635902,14683.59645254615,0.0,,-116.28823069705079,-115.9553101221568,116.15004849198675
2824451192000000701,2026-04-22,FED_FUNDS,9.002739726027396,9Y,24000000.0,0.01201326,3274870.5887,0.0,51338099.0,False,False,True,NEW_TRADE,2022-05-16,2031-05-15,USD-FEDFUNDS-1D,execution_timestamp,2026-04-22 12:35:00-04:00,strict,3.6556128989695424,3277974.068478942,13356.116067177125,0.0,,-245.42868989695427,-245.42868989695418,245.19632595497194
2842295447000000101,2026-04-23,SOFR,1.0657534246575342,~13M,200000000.0,0.0387,5000.0,0.0,,False,False,True,NEW_TRADE,2026-04-27,2027-05-21,USD-SOFR-1D,execution_timestamp,2026-04-23 12:55:00-04:00,strict,3.6841429271232995,-386823.0138301803,20812.929410913683,0.0,,18.58570728767002,18.585707287670026,0.24023528362029367
2876058220000000801,2026-04-27,SOFR,5.002739726027397,5Y,500000000.0,0.03753489,2517000.0,0.0,,False,False,True,NEW_TRADE,2026-03-31,2031-03-31,USD-SOFR-1D,execution_timestamp,2026-04-27 11:43:00-04:00,strict,3.6393680713537164,-2606596.1965648234,228406.50067297756,0.0,,11.412092864628365,11.412092864628375,11.019826461085406
2878000077000000301,2026-04-27,SOFR,2.9863013698630136,3Y,310000000.0,0.0347395,1129427.745,0.0,,False,False,True,NEW_TRADE,2026-04-21,2029-04-15,USD-SOFR-1D,execution_timestamp,2026-04-27 14:14:00-04:00,strict,3.604197296135066,1139545.536249131,87489.59062361276,0.0,,-13.024729613506603,-13.024927058483417,12.909281400788453
2881775185000000101,2026-04-28,SOFR,10.008219178082191,10Y,5000000.0,0.0388953,6677.68,0.0,,False,False,True,NEW_TRADE,2026-04-27,2036-04-27,USD-SOFR-1D,execution_timestamp,2026-04-28 02:52:00-04:00,strict,3.9067968229231407,7165.696631885134,4149.979798705244,0.0,,-1.7266822923140523,-1.7266822923139928,1.6090873507585206
2909955857000000201,2026-04-29,SOFR,5.002739726027397,5Y,5000000.0,0.0378,15666.651,0.0,,False,False,True,NEW_TRADE,2025-03-10,2030-03-10,USD-SOFR-1D,execution_timestamp,2026-04-29 11:51:00-04:00,strict,3.696033704756538,-15634.555437344825,1862.003723281116,0.0,,8.396629524346233,8.39662952434623,8.413866634161787
2911768985000000201,2026-04-29,SOFR,10.008219178082191,10Y,10000000.0,0.03802,126690.0,0.0,,False,False,True,NEW_TRADE,2026-05-06,2036-05-06,USD-SOFR-1D,execution_timestamp,2026-04-29 14:21:00-04:00,strict,3.952234876708681,124144.27992503345,8263.346211263552,0.0,,-15.02348767086814,-15.023487670868203,15.331561423302363
2912046489000000301,2026-04-29,SOFR,3.0027397260273974,3Y,10000000.0,0.0674,87715.872,0.0,,False,False,True,NEW_TRADE,2026-04-29,2029-04-29,USD-SOFR-1D,execution_timestamp,2026-04-29 15:55:00-04:00,strict,3.725969757384356,-852515.9313395666,2828.4916298641183,0.0,,301.4030242615644,301.4030242615644,31.011536705241692
2912152251000000701,2026-04-29,SOFR,3.0136986301369864,3Y,5000000.0,0.0603,33729.696,0.0,,False,False,True,NEW_TRADE,2026-05-01,2029-05-05,USD-SOFR-1D,execution_timestamp,2026-04-29 16:02:00-04:00,strict,3.727480689354743,-327050.6506908891,1420.1691915665892,0.0,,230.25193106452573,230.28992082986915,23.7504771968703
2929685959000000101,2026-04-30,SOFR,3.0027397260273974,3Y,57000000.0,0.03371,16571.0,0.0,0.0,False,False,True,NEW_TRADE,2025-11-19,2028-11-19,USD-SOFR-1D,execution_timestamp,2026-04-30 14:13:00-04:00,strict,3.7063455730044916,549944.7989665791,16399.345726839587,0.0,,-33.53455730044921,-33.534557300449215,1.0104671415567195
2941468547000000101,2026-05-01,SOFR,0.7561643835616438,9M,250000000.0,0.0382,6250.0,0.0,,False,False,True,NEW_TRADE,2026-05-04,2027-02-04,USD-SOFR-1D,execution_timestamp,2026-05-01 12:08:00-04:00,strict,3.6952000879182574,-232444.5253059715,18625.37572572347,0.0,,12.479991208174246,12.479991208174278,0.3355637004072964
2953618388000000601,2026-05-04,SOFR,5.005479452054795,5Y,160000000.0,0.04202516,42490.89281,0.0,,False,False,True,NEW_TRADE,2031-05-06,2036-05-06,USD-SOFR-1D,execution_timestamp,2026-05-04 09:03:00-04:00,strict,4.216604712809714,83950.64286585525,59587.16314238266,0.0,,-1.4088712809713577,-1.4088712809713126,0.7130880305288008
2956176986000000201,2026-05-04,SOFR,7.005479452054795,7Y,4000000.0,0.037145,36654.44335,0.0,,False,False,True,NEW_TRADE,2026-04-24,2033-04-24,USD-SOFR-1D,execution_timestamp,2026-05-04 16:46:00-04:00,strict,3.863523985912007,36532.812957055285,2451.4720052264915,0.0,,-14.902398591200727,-14.902398591200726,14.952013839788268
2965525389000000101,2026-05-05,SOFR,5.005479452054795,5Y,200000000.0,0.04263399,98852.83254,0.0,,False,False,True,NEW_TRADE,2031-05-07,2036-05-07,USD-SOFR-1D,execution_timestamp,2026-05-05 10:16:00-04:00,strict,4.252766955426167,-79029.29112251848,74331.2262977331,0.0,,1.0632044573832822,1.0632044573833253,1.3298964306608614
2967085478000000501,2026-05-05,SOFR,15.005479452054795,15Y,200000000.0,0.00944,54210000.0,0.0,,False,False,True,NEW_TRADE,2035-08-20,2050-08-18,USD-SOFR-1D,execution_timestamp,2026-05-05 12:53:00-04:00,strict,4.581252852768006,54072381.33090013,148662.6955003973,0.0,,-363.72528527680055,-363.7252852768005,364.65099611929963
2983393622000000501,2026-05-06,SOFR,10.005479452054795,10Y,6000000.0,0.0307,373147.5,0.0,,False,False,True,NEW_TRADE,2024-07-18,2034-07-18,USD-SOFR-1D,execution_timestamp,2026-05-06 07:17:00-04:00,strict,3.8638491169937477,373285.44672174123,4702.221602706415,0.0,,-79.38491169937474,-79.38491169937477,79.35557519986529
2983537537000000101,2026-05-06,SOFR,5.002739726027397,5Y,27000000.0,0.03499,256691.1732,0.0,,False,False,True,NEW_TRADE,2026-06-11,2031-06-11,USD-SOFR-1D,execution_timestamp,2026-05-06 07:29:00-04:00,strict,3.708564947652635,256389.68304629996,12234.378216307396,0.0,,-20.95649476526349,-20.956494765263518,20.981137632139923
2990584985000000101,2026-05-06,SOFR,7.005479452054795,7Y,35000000.0,0.03975,436992.14,0.0,,False,False,True,NEW_TRADE,2026-05-06,2033-05-06,USD-SOFR-1D,execution_timestamp,2026-05-06 16:52:00-04:00,strict,3.8026116700379338,-370151.41207388043,21471.953011861726,0.0,,17.238832996206632,17.23883299620664,20.351764916707527
2994650970000006901,2026-05-07,SOFR,5.002739726027397,5Y,12000000.0,0.034483,127745.0,0.0,,False,False,True,NEW_TRADE,2026-02-10,2031-02-10,USD-SOFR-1D,execution_timestamp,2026-05-07 03:14:00-04:00,strict,3.6824471298716697,128950.06486262241,5507.223809802686,0.0,,-23.41471298716695,-23.41471298716702,23.19589768126327
3009810012000000301,2026-05-07,SOFR,1.0027397260273974,1Y,300000000.0,0.03586,292550.41,0.0,,False,False,True,NEW_TRADE,2027-07-14,2028-07-14,USD-SOFR-1D,execution_timestamp,2026-05-07 11:56:00-04:00,strict,3.6941844621090945,304147.8976086434,28113.82445123568,0.0,,-10.818446210909416,-10.818446210909425,10.405927180325037
3047529080000001301,2026-05-11,SOFR,10.008219178082191,10Y,13000000.0,0.03834,157734.03775,0.0,,False,False,True,NEW_TRADE,2026-04-17,2036-04-17,USD-SOFR-1D,execution_timestamp,2026-05-11 02:25:00-04:00,strict,3.9805326468357065,157722.90214788774,10763.669772834248,0.0,,-14.653264683570644,-14.653264683570532,14.654299237988056
3047529330000000201,2026-05-11,SOFR,10.008219178082191,10Y,13000000.0,0.038465,143637.41795,0.0,,False,False,True,NEW_TRADE,2026-04-13,2036-04-13,USD-SOFR-1D,execution_timestamp,2026-05-11 02:25:00-04:00,strict,3.9799054751432306,143678.7524345955,10770.07913508312,0.0,,-13.340547514323076,-13.340547514323033,13.3367096145196
3047530998000001501,2026-05-11,SOFR,10.008219178082191,10Y,13000000.0,0.0393215,47204.2363,0.0,,False,False,True,NEW_TRADE,2026-03-26,2036-03-26,USD-SOFR-1D,execution_timestamp,2026-05-11 02:27:00-04:00,strict,3.975021608823818,46261.35509482771,10790.67391311119,0.0,,-4.287160882381791,-4.2871608823817695,4.3745401519959355
3047531002000001901,2026-05-11,SOFR,10.008219178082191,10Y,9000000.0,0.039525,18255.0,0.0,,False,False,True,NEW_TRADE,2026-03-31,2036-03-31,USD-SOFR-1D,execution_timestamp,2026-05-11 02:27:00-04:00,strict,3.9760070127000424,17548.873830720317,7465.378121265318,0.0,,-2.350701270004274,-2.3507012700042487,2.4452880622349418
3082025786000000401,2026-05-12,SOFR,4.002739726027397,4Y,33000000.0,0.04294,4419.78399,0.0,,False,False,True,NEW_TRADE,2032-01-13,2036-01-13,USD-SOFR-1D,execution_timestamp,2026-05-12 07:29:00-04:00,strict,4.288740477899131,-5113.026450172067,9721.465852052332,0.0,,0.5259522100868885,0.5259522100869838,0.45464172350787246
3134063575000001001,2026-05-14,SOFR,7.501369863013698,8Y,87000000.0,0.00710208,11353453.01585,0.0,28128127.0,False,False,True,NEW_TRADE,2022-11-15,2030-05-15,USD-SOFR-1D,execution_timestamp,2026-05-14 11:26:00-04:00,strict,3.8678046764646603,12929547.318659008,40947.4313645887,0.0,,-315.759667646466,-315.759667646466,277.2689919121143
3157289583000001401,2026-05-15,SOFR,30.02191780821918,30Y,130000000.0,0.041,5520414.64,0.0,,False,False,True,NEW_TRADE,2026-09-29,2056-09-29,USD-SOFR-1D,execution_timestamp,2026-05-15 09:20:00-04:00,strict,4.360773765137143,5582262.902096033,214065.35658064747,0.0,,-26.077376513714245,-26.077376513714206,25.788454181376267
3163785036000000201,2026-05-15,SOFR,10.008219178082191,10Y,8000000.0,0.0375,267852.57037,0.0,,False,False,True,NEW_TRADE,2026-04-29,2036-04-29,USD-SOFR-1D,execution_timestamp,2026-05-15 16:56:00-04:00,strict,4.159240979975494,268299.6381841493,6556.030586189463,0.0,,-40.92409799754941,-40.92409799754947,40.855906153678106
3184663397000003401,2026-05-18,SOFR,1.9835616438356165,2Y,270000000.0,0.0376683,661448.26188,0.0,-652876.0,False,False,True,NEW_TRADE,2026-05-07,2028-04-30,USD-SOFR-1D,execution_timestamp,2026-05-18 09:20:00-04:00,strict,3.8991636965194547,677434.3439682424,51189.70670878813,0.0,,-13.233369651945459,-13.233800064963882,12.921509115941937
3203321122000000401,2026-05-19,SOFR,20.013698630136986,20Y,50000000.0,0.039793,3044141.0,0.0,,False,False,True,NEW_TRADE,2026-02-20,2046-02-20,USD-SOFR-1D,execution_timestamp,2026-05-19 05:23:00-04:00,strict,4.431328073518314,3047450.3435943574,67417.28052142523,0.0,,-45.20280735183135,-45.20280735183136,45.153719883918654
3209177994000000401,2026-05-19,SOFR,5.002739726027397,5Y,23000000.0,0.032115,830000.0,0.0,,False,False,True,NEW_TRADE,2026-06-10,2031-06-10,USD-SOFR-1D,execution_timestamp,2026-05-19 08:58:00-04:00,strict,4.008443147599161,825038.3512637662,10352.537113208675,0.0,,-79.69431475991615,-79.69431475991618,80.17358362724565
3234048171000000201,2026-05-20,SOFR,7.005479452054795,7Y,50000000.0,0.036455,1123097.0,0.0,,False,False,True,NEW_TRADE,2025-04-25,2032-04-25,USD-SOFR-1D,execution_timestamp,2026-05-20 09:14:00-04:00,strict,4.058057971119739,1096919.0285123438,26588.23984263732,0.0,,-41.25579711197389,-41.25579711197381,42.24036666763416
3236434929000000201,2026-05-20,SOFR,2.0027397260273974,2Y,31000000.0,0.036105,168324.1961,0.0,,False,False,True,NEW_TRADE,2026-04-14,2028-04-14,USD-SOFR-1D,execution_timestamp,2026-05-20 12:49:00-04:00,strict,3.895181075495655,170418.66109262966,5986.30101407042,0.0,,-28.468107549565502,-28.468107549565488,28.118231225654153
3238021277000000901,2026-05-20,FED_FUNDS,2.0027397260273974,2Y,550000000.0,0.03085,8478213.71244,0.0,180000.0,False,False,True,NEW_TRADE,2027-06-16,2029-06-16,USD-FEDFUNDS-1D,execution_timestamp,2026-05-20 14:09:00-04:00,strict,3.921661059857949,8478551.795112219,101337.95155414232,0.0,,-83.66610598579491,-83.66610598579489,83.66276979568019
3238637541000000701,2026-05-20,SOFR,10.008219178082191,10Y,18000000.0,0.039645,269891.0305,0.0,,False,False,True,NEW_TRADE,2026-05-01,2036-05-01,USD-SOFR-1D,execution_timestamp,2026-05-20 15:02:00-04:00,strict,4.146359469074138,268614.83699062094,14770.461959344895,0.0,,-18.185946907413797,-18.185946907413765,18.27234864033801
3248140052000001501,2026-05-20,SOFR,3.021917808219178,3Y,20000000.0,0.033555,325500.0,0.0,,False,False,True,NEW_TRADE,2026-01-22,2029-01-29,USD-SOFR-1D,execution_timestamp,2026-05-20 08:12:00-04:00,strict,3.9281142562098004,326394.2048637124,5700.071231620268,0.0,,-57.26142562098002,-57.261425620980106,57.10454953515999
3259768603000000901,2026-05-21,SOFR,1.0027397260273974,1Y,350000000.0,0.040235,104153.43972,0.0,-560.0,False,False,True,NEW_TRADE,2027-05-02,2028-05-02,USD-SOFR-1D,execution_timestamp,2026-05-21 09:51:00-04:00,strict,4.052983893035431,96866.03502705134,32853.88225721913,0.0,,-2.948389303543042,-2.948389303543162,3.17020189287109
3284717106000000301,2026-05-22,SOFR,1.0027397260273974,1Y,100000000.0,0.037,259091.0,0.0,,False,False,True,NEW_TRADE,2027-05-10,2028-05-10,USD-SOFR-1D,execution_timestamp,2026-05-22 09:17:00-04:00,strict,3.9710794414387447,255246.877473054,9415.943758712947,0.0,,-27.107944143874498,-27.10794414387447,27.51620088642233
3312166104000000401,2026-05-26,SOFR,6.005479452054795,6Y,11000000.0,0.036215,189150.36772,0.0,,False,False,True,NEW_TRADE,2026-03-23,2032-03-23,USD-SOFR-1D,execution_timestamp,2026-05-26 02:32:00-04:00,strict,3.943387410963418,189720.90314573376,5894.014387760425,0.0,,-32.18874109634182,-32.188741096341786,32.091941972994114
3327976156000000401,2026-05-26,SOFR,5.002739726027397,5Y,900000.0,0.03839,3580.90599,0.0,,False,False,True,NEW_TRADE,2026-05-19,2031-05-19,USD-SOFR-1D,execution_timestamp,2026-05-26 11:19:00-04:00,strict,3.924284380032974,3470.8386428259546,406.97237190257204,0.0,,-8.528438003297412,-8.528438003297342,8.79889210478705
3328046022000000801,2026-05-26,SOFR,10.024657534246575,10Y,3000000.0,0.06255,41583.36,0.0,,False,False,True,NEW_TRADE,2026-05-26,2036-06-01,USD-SOFR-1D,execution_timestamp,2026-05-26 11:39:00-04:00,strict,4.1080102280149,-528878.4712441625,2463.221994727807,0.0,,214.69897719850994,214.71003116087596,16.881694012558977
3331168638000000101,2026-05-26,SOFR,4.926027397260274,5Y,3000000.0,0.0594,47942.80354,0.0,,False,False,True,NEW_TRADE,2026-05-26,2031-04-28,USD-SOFR-1D,execution_timestamp,2026-05-26 15:32:00-04:00,strict,3.910211597705683,-271533.2824329731,1337.7418164674339,0.0,,202.97884022943174,202.97884022943177,35.83860723334661
3353644651000002001,2026-05-27,SOFR,6.594520547945206,7Y,40000000.0,0.0347285,1095619.13252,0.0,-2901040.0,False,False,True,NEW_TRADE,2026-06-30,2033-01-31,USD-SOFR-1D,execution_timestamp,2026-05-27 12:54:00-04:00,strict,3.949465145270575,1099345.8681627093,23065.693129382373,0.0,,-47.66151452705749,-47.66151452705754,47.49994402398161
3355522811000000401,2026-05-27,SOFR,10.032876712328767,10Y,900000.0,0.0167,70000.0,0.0,,False,False,True,NEW_TRADE,2021-10-26,2031-11-05,USD-SOFR-1D,execution_timestamp,2026-05-27 15:05:00-04:00,strict,3.896874457793638,109057.22366505323,489.7322490873864,0.0,,-222.68744577936383,-222.68744577936377,142.93524702619575
3356042480000000901,2026-05-27,SOFR,2.361643835616438,2Y,38000000.0,0.0399,132911.0,0.0,,False,False,True,NEW_TRADE,2026-05-27,2028-10-05,USD-SOFR-1D,execution_timestamp,2026-05-27 15:43:00-04:00,strict,3.8767116926565417,-96796.28313417081,8544.24303831386,0.0,,11.328830734345807,11.328830734345871,15.555620246756108
3431077216000000701,2026-06-01,SOFR,7.005479452054795,7Y,48000000.0,0.0367,927454.5175,0.0,933250.0,False,False,True,NEW_TRADE,2025-07-23,2032-07-23,USD-SOFR-1D,execution_timestamp,2026-06-01 10:14:00-04:00,strict,3.9708462757843592,909272.9623849019,30223.839733906316,0.0,,-30.084627578435885,-30.084627578435807,30.686190956059903
3431174467000005001,2026-06-01,SOFR,4.252054794520548,4Y,170000000.0,0.032779,2133346.29,0.0,-56504849.0,False,False,True,NEW_TRADE,2023-06-01,2027-08-31,USD-SOFR-1D,execution_timestamp,2026-06-01 10:37:00-04:00,strict,3.9140595004980336,2136369.8710503057,33582.29924064315,0.0,,-63.61595004980334,-63.61595004980341,63.52591508737754
3478513707000000401,2026-06-03,SOFR,5.002739726027397,5Y,28000000.0,0.032115,923830.0,0.0,,False,False,True,NEW_TRADE,2026-06-10,2031-06-10,USD-SOFR-1D,execution_timestamp,2026-06-03 08:56:00-04:00,strict,3.944421114792317,926077.1338439863,12635.427130604668,0.0,,-73.29211147923176,-73.29211147923172,73.11426756301432
3478845576000000701,2026-06-03,SOFR,2.4904109589041097,2Y,8000000.0,0.0331545,94810.96295,0.0,,False,False,True,NEW_TRADE,2025-11-10,2028-05-07,USD-SOFR-1D,execution_timestamp,2026-06-03 09:17:00-04:00,strict,3.930234895082569,94500.86384822434,1538.430576128168,0.0,,-61.47848950825687,-61.426797747389145,61.62836622021299
3482386458000000101,2026-06-03,SOFR,0.5041095890410959,6M,540000.0,0.0467,3181.792,0.0,,False,False,True,NEW_TRADE,2026-05-29,2026-11-29,USD-SOFR-1D,execution_timestamp,2026-06-03 13:01:00-04:00,strict,3.7102779740733816,-2614.1741581409406,27.23886800052271,0.0,,95.97220259266183,95.97220259266189,116.81072796193078
3483317633000000201,2026-06-03,SOFR,4.249315068493151,4Y,2000000.0,0.0356,27385.4,0.0,,False,False,True,NEW_TRADE,2022-12-01,2027-03-01,USD-SOFR-1D,execution_timestamp,2026-06-03 14:49:00-04:00,strict,3.7766415963627384,4258.6259254729375,196.57471127301,0.0,,-21.664159636273837,-21.66415963627389,139.31293513114298
3531320135000000201,2026-06-05,SOFR,3.33972602739726,3Y,540000.0,0.0172,32599.294,0.0,,False,False,True,NEW_TRADE,2026-05-26,2029-09-26,USD-SOFR-1D,execution_timestamp,2026-06-05 14:02:00-04:00,strict,4.003516742817047,38412.81714560423,168.21780381700412,0.0,,-228.35167428170476,-228.35167428170473,193.79217455164954
3577397240000002701,2026-06-09,SOFR,5.005479452054795,5Y,39000000.0,0.0413068,249275.40504,0.0,,False,False,True,NEW_TRADE,2031-04-24,2036-04-24,USD-SOFR-1D,execution_timestamp,2026-06-09 08:12:00-04:00,strict,4.303017134370013,248072.82019102667,14394.623718090057,0.0,,-17.233713437001352,-17.23371343700133,17.317257465141644
3582979816000000401,2026-06-09,SOFR,3.0027397260273974,3Y,95000000.0,0.04023,143000.0,0.0,,False,False,True,NEW_TRADE,2024-07-18,2027-07-19,USD-SOFR-1D,execution_timestamp,2026-06-09 13:59:00-04:00,strict,3.946381952660823,-144344.2171624219,18839.453911351593,0.0,,7.661804733917776,7.661804733917909,7.590453559475854
3603571001000001101,2026-06-10,SOFR,1.9972602739726026,2Y,130000000.0,0.037665,501567.55,0.0,,False,False,True,NEW_TRADE,2025-06-12,2027-06-11,USD-SOFR-1D,execution_timestamp,2026-06-10 09:08:00-04:00,strict,3.961901583890573,504324.7644372955,25809.655909428082,0.0,,-19.540158389057318,-19.54015838905738,19.433329594168708
3608205203000000401,2026-06-10,SOFR,5.002739726027397,5Y,27000000.0,0.040295,57462.0,0.0,57462.0,False,False,True,NEW_TRADE,2026-05-21,2031-05-21,USD-SOFR-1D,execution_timestamp,2026-06-10 15:28:00-04:00,strict,3.9797674886936973,-60701.47367819119,12205.591892259707,0.0,,4.97325113063023,4.973251130630184,4.70784215195988
3611357478000000201,2026-06-11,SOFR,5.005479452054795,5Y,14000000.0,0.042703,28667.93728,0.0,,False,False,True,NEW_TRADE,2031-06-03,2036-06-03,USD-SOFR-1D,execution_timestamp,2026-06-10 20:06:00-04:00,strict,4.32976153648043,30537.406769681256,5135.65719576255,0.0,,-5.946153648043051,-5.9461536480429,5.58213607085263
3625550637000001101,2026-06-11,SOFR,5.64931506849315,6Y,5000000.0,0.034358,132021.303,0.0,,False,False,True,NEW_TRADE,2025-11-24,2031-07-18,USD-SOFR-1D,execution_timestamp,2026-06-11 06:56:00-04:00,strict,3.9495465171649244,132193.03003055998,2573.1177850130903,0.0,,-51.37465171649245,-51.37465171649244,51.30791282425821
3651398822000006601,2026-06-12,SOFR,2.9863013698630136,3Y,200000000.0,0.0437523,1158140.78613,0.0,-22133663.0,False,False,True,NEW_TRADE,2024-03-20,2027-03-15,USD-SOFR-1D,execution_timestamp,2026-06-12 08:00:00-04:00,strict,3.787066224649886,-1155462.1669565719,19645.24534461113,0.0,,58.81637753501141,58.81637753501133,58.95272702449036
3657346461000000101,2026-06-12,SOFR,4.002739726027397,4Y,14000000.0,0.0637,150456.0,0.0,,False,False,True,NEW_TRADE,2026-06-01,2030-06-01,USD-SOFR-1D,execution_timestamp,2026-06-12 14:15:00-04:00,strict,3.917747018769471,-1267693.1445481065,5169.503938830911,0.0,,245.225298123053,245.22529812305294,29.104533390495067
3680884708000000701,2026-06-15,SOFR,5.005479452054795,5Y,2000000.0,0.03769,5639.9859,0.0,,False,False,True,NEW_TRADE,2024-02-08,2029-02-08,USD-SOFR-1D,execution_timestamp,2026-06-15 09:15:00-04:00,strict,3.868944956534829,5704.890664265666,570.8032563181523,0.0,,-9.994495653482893,-9.994495653482911,9.880787885443324
3687417173000000101,2026-06-15,SOFR,4.7753424657534245,5Y,180000000.0,0.0417,2531947.7104,0.0,,False,False,True,NEW_TRADE,2026-06-15,2031-03-24,USD-SOFR-1D,execution_timestamp,2026-06-15 16:41:00-04:00,strict,3.906206398770653,-2058778.7541185766,78045.06040040875,0.0,,26.379360122934692,26.379360122934752,32.442126348674584
3703729313000003001,2026-06-16,SOFR,6.972602739726027,7Y,180000000.0,0.0126406,10040709.03594,0.0,-128303950.0,False,False,True,NEW_TRADE,2021-05-12,2028-04-30,USD-SOFR-1D,execution_timestamp,2026-06-16 08:02:00-04:00,strict,3.8952155370889674,9118723.769415397,34560.732361602924,0.0,,-263.11555370889675,-263.8463697472547,290.52361885407436
3704938612000000901,2026-06-16,SOFR,1.0,1Y,70000000.0,0.03675,212568.0,0.0,,False,False,True,NEW_TRADE,2027-01-07,2028-01-07,USD-SOFR-1D,execution_timestamp,2026-06-16 09:05:00-04:00,strict,3.9912454900553977,211113.2657970963,6675.613484958,0.0,,-31.62454900553979,-31.624549005539755,31.842466685492557
3708475961000000301,2026-06-16,SOFR,6.723287671232876,7Y,31000000.0,0.040725,246075.13373,0.0,,False,False,True,NEW_TRADE,2023-09-14,2030-06-03,USD-SOFR-1D,execution_timestamp,2026-06-16 12:46:00-04:00,strict,3.858665123431822,-244816.21645149123,11448.844097863297,0.0,,21.383487656817792,21.38348765681781,21.49344786483075
3730911286000000401,2026-06-17,SOFR,5.002739726027397,5Y,10000000.0,0.0461,6600.0,0.0,,False,False,True,NEW_TRADE,2026-06-23,2031-06-23,USD-SOFR-1D,execution_timestamp,2026-06-17 10:04:00-04:00,strict,3.880608887279747,-329631.136989339,4519.264510366525,0.0,,72.93911127202533,72.93911127202531,1.460414628278689
3742042419000000901,2026-06-18,SOFR,10.008219178082191,10Y,6000000.0,0.0393,60047.7046,0.0,,False,False,True,NEW_TRADE,2026-12-22,2036-12-22,USD-SOFR-1D,execution_timestamp,2026-06-18 03:59:00-04:00,strict,4.056503945929621,61023.76635090425,4823.862678943959,0.0,,-12.650394592962089,-12.650394592962083,12.448054307620891
3756377182000000101,2026-06-18,SOFR,5.315068493150685,5Y,7000000.0,0.0104,530568.368,0.0,,False,False,True,NEW_TRADE,2026-06-01,2031-09-23,USD-SOFR-1D,execution_timestamp,2026-06-18 12:00:00-04:00,strict,3.9342359631750567,968144.4257539492,3345.077727152101,0.0,,-289.42359631750566,-289.4235963175057,158.61167102138162
3757386781000000801,2026-06-18,SOFR,2.0027397260273974,2Y,78000000.0,0.0367698,516873.47556,0.0,517101.0,False,False,True,NEW_TRADE,2026-06-23,2028-06-23,USD-SOFR-1D,execution_timestamp,2026-06-18 13:03:00-04:00,strict,4.024200005771989,517553.1907088123,14905.627040645733,0.0,,-34.72200057719888,-34.72200057719888,34.676399332316066
3821380305000000501,2026-06-23,SOFR,20.013698630136986,20Y,800000.0,0.043232,5554.0,0.0,,False,False,True,NEW_TRADE,2026-05-18,2046-05-18,USD-SOFR-1D,execution_timestamp,2026-06-23 15:58:00-04:00,strict,4.270954263376482,-5663.802282696823,1084.069753578218,0.0,,5.2245736623517836,5.22457366235167,5.123286561282393
3839427301000000601,2026-06-24,SOFR,20.013698630136986,20Y,11000000.0,0.044,190849.0,0.0,,False,False,True,NEW_TRADE,2027-05-25,2047-05-25,USD-SOFR-1D,execution_timestamp,2026-06-24 08:03:00-04:00,strict,4.259839133202695,-200672.60739961825,14317.306391221377,0.0,,14.016086679730488,14.016086679730497,13.329951513576509
3840051193000002901,2026-06-24,SOFR,5.005479452054795,5Y,80000000.0,0.0415,8300.0,0.0,,False,False,True,NEW_TRADE,2031-07-23,2036-07-23,USD-SOFR-1D,execution_timestamp,2026-06-24 08:59:00-04:00,strict,4.156199654666372,18283.35944405943,29490.932040506912,0.0,,-0.6199654666371401,-0.6199654666372207,0.28144244436220717
3864732584000006201,2026-06-25,SOFR,4.249315068493151,4Y,20000000.0,0.0398644,24498.43704,0.0,-58490186.0,False,False,True,NEW_TRADE,2023-09-01,2027-11-30,USD-SOFR-1D,execution_timestamp,2026-06-25 09:11:00-04:00,strict,3.923642760380957,-24616.42146435962,3919.9846384481298,0.0,,6.279723961904304,6.279723961904335,6.249625776517994
3865236732000003201,2026-06-25,SOFR,1.0,1Y,200000000.0,0.042,118000.0,0.0,9.9999999999,False,False,True,NEW_TRADE,2033-06-24,2034-06-24,USD-SOFR-1D,execution_timestamp,2026-06-25 09:55:00-04:00,strict,4.098353845045509,-151739.11983415578,14928.171154343478,0.0,,10.164615495449159,10.164615495449086,7.904518160998369
3865452660000000801,2026-06-25,SOFR,10.008219178082191,10Y,50000000.0,0.0389,303509.0,0.0,,False,False,True,NEW_TRADE,2026-06-15,2036-06-15,USD-SOFR-1D,execution_timestamp,2026-06-25 10:12:00-04:00,strict,3.964446302510636,307058.45434309356,41245.628592396366,0.0,,-7.444630251063611,-7.4446302510637405,7.35857375333957
3866362706000000101,2026-06-25,FED_FUNDS,6.63013698630137,7Y,120000000.0,0.0046687,8029151.9433,0.0,71593460.0,False,False,True,NEW_TRADE,2021-03-31,2027-11-15,USD-FEDFUNDS-1D,execution_timestamp,2026-06-25 11:50:00-04:00,strict,3.889644190229699,8021008.858580943,23434.233206142824,0.0,,-342.2774190229699,-342.2774190229699,342.62490573812823
3866362767000006201,2026-06-25,SOFR,2.956164383561644,3Y,4000000.0,0.0326715,52890.12192,0.0,71593460.0,False,False,True,NEW_TRADE,2024-10-01,2027-09-15,USD-SOFR-1D,execution_timestamp,2026-06-25 11:50:00-04:00,strict,,,,,"SnapshotMiss: citivelo_excel minute store (USD-SOFR-1D-CITIVELOEXCELMIN): no snapshot satisfies datetime.datetime(2026, 6, 25, 11, 50, tzinfo=zoneinfo.ZoneInfo(",,,
3866362813000010801,2026-06-25,SOFR,1.789041095890411,~21M,180000000.0,0.0318026,2275577.4123,0.0,71593460.0,False,False,True,NEW_TRADE,2025-12-01,2027-09-15,USD-SOFR-1D,execution_timestamp,2026-06-25 11:50:00-04:00,strict,,,,,"SnapshotMiss: citivelo_excel minute store (USD-SOFR-1D-CITIVELOEXCELMIN): no snapshot satisfies datetime.datetime(2026, 6, 25, 11, 50, tzinfo=zoneinfo.ZoneInfo(",,,
3869759755000000201,2026-06-25,SOFR,4.443835616438356,4Y,26000000.0,0.04017,136826.118,0.0,,False,False,True,NEW_TRADE,2026-06-25,2030-12-03,USD-SOFR-1D,execution_timestamp,2026-06-25 15:13:00-04:00,strict,3.8770027235893707,-147820.85109754372,10558.837635095591,0.0,,13.999727641062876,13.999727641062972,12.958445117596627
3888418655000000201,2026-06-26,SOFR,30.02191780821918,30Y,90000000.0,0.04023,1969085.28992,0.0,,False,False,True,NEW_TRADE,2026-10-07,2056-10-07,USD-SOFR-1D,execution_timestamp,2026-06-26 08:24:00-04:00,strict,4.154219515132827,1997905.2531773,152256.71662899476,0.0,,-13.121951513282681,-13.121951513282745,12.932666180619714
3890665319000000301,2026-06-26,SOFR,20.013698630136986,20Y,2000000.0,0.03135,247792.65175,0.0,,False,False,True,NEW_TRADE,2023-01-17,2043-01-17,USD-SOFR-1D,execution_timestamp,2026-06-26 11:20:00-04:00,strict,4.128557133655482,247923.57103213237,2495.3126763830414,0.0,,-99.35571336554818,-99.35571336554818,99.30324728249116
3893497580000000101,2026-06-26,SOFR,5.041095890410959,5Y,5000000.0,0.0419,88846.296,0.0,,False,False,True,NEW_TRADE,2026-06-26,2031-07-10,USD-SOFR-1D,execution_timestamp,2026-06-26 14:08:00-04:00,strict,3.8419532047321443,-79290.69729343301,2278.161970502011,0.0,,34.804679526785606,34.804679526785655,38.9991129473652
3937737374000000101,2026-06-30,SOFR,1.736986301369863,21M,91000000.0,0.0373,375500.0,0.0,,False,False,True,NEW_TRADE,2026-10-05,2028-06-30,USD-SOFR-1D,execution_timestamp,2026-06-30 07:29:00-04:00,strict,3.984073887728962,382500.23589413427,15054.685049026939,0.0,,-25.40738877289619,-25.40738877289613,24.94240156982032
3941723299000000601,2026-06-30,SOFR,30.02191780821918,30Y,30000000.0,0.042865,640581.1776,0.0,,False,False,True,NEW_TRADE,2026-06-12,2056-06-12,USD-SOFR-1D,execution_timestamp,2026-06-30 13:22:00-04:00,strict,4.160243475043658,-648761.4229293466,51384.387710154806,0.0,,12.62565249563421,12.625652495634107,12.466455399125163
3942448265000006501,2026-06-30,SOFR,1.0027397260273974,1Y,390000000.0,0.0285,3855166.194,0.0,,False,False,True,NEW_TRADE,2027-09-22,2028-09-22,USD-SOFR-1D,execution_timestamp,2026-06-30 14:59:00-04:00,strict,3.9065507220132223,3834413.0505597517,36291.802851200606,0.0,,-105.65507220132221,-105.65507220132223,106.22691327312948
3943652464000000101,2026-06-30,SOFR,10.01095890410959,10Y,6000000.0,0.0599,163451.97792,0.0,,False,False,True,NEW_TRADE,2026-06-30,2036-07-01,USD-SOFR-1D,execution_timestamp,2026-06-30 16:03:00-04:00,strict,4.022435543059371,-970255.355690011,4931.250675256981,0.0,,196.75644569406296,196.75644569406288,33.14615067940793
3967643811000001001,2026-07-01,SOFR,2.956164383561644,3Y,260000000.0,0.0396072,377260.34919,0.0,87110803.0,False,False,True,NEW_TRADE,2024-02-01,2027-01-15,USD-SOFR-1D,execution_timestamp,2026-07-01 13:00:00-04:00,strict,3.8129635517837506,-381170.0312071182,25797.18420472937,0.0,,14.775644821624967,14.775644821625095,14.624090218374969
3967682618000000101,2026-07-01,SOFR,4.835616438356165,5Y,2000000.0,0.0421,25558.875,0.0,,False,False,True,NEW_TRADE,2026-06-06,2031-04-06,USD-SOFR-1D,execution_timestamp,2026-07-01 12:43:00-04:00,strict,3.920844782147598,-25379.825078984722,877.659903744473,0.0,,28.915521785240195,28.91760802869485,29.121616347009695
3967873460000001601,2026-07-01,SOFR,2.9643835616438357,3Y,14000000.0,0.039742,22287.7512,0.0,9681310.0,False,False,True,NEW_TRADE,2024-01-29,2027-01-15,USD-SOFR-1D,execution_timestamp,2026-07-01 13:10:00-04:00,strict,3.812948839299653,-22399.06819079118,1389.0795014130324,0.0,,16.125116070034686,16.12511607003477,16.04497883478082
3970813682000000101,2026-07-01,SOFR,10.008219178082191,10Y,4000000.0,0.0436,107294.463,0.0,,False,False,True,NEW_TRADE,2026-07-01,2036-07-01,USD-SOFR-1D,execution_timestamp,2026-07-01 16:34:00-04:00,strict,4.059352373505234,-98640.60093757906,3280.9372915271106,0.0,,30.064762649476595,30.06476264947656,32.702381504542515
3990228508000002101,2026-07-02,SOFR,4.252054794520548,4Y,12000000.0,0.0411678,32359.5636,0.0,-7753991.0,False,False,True,NEW_TRADE,2024-03-01,2028-05-31,USD-SOFR-1D,execution_timestamp,2026-07-02 10:26:00-04:00,strict,3.97565370042403,-32600.43920283392,2310.0187067035586,0.0,,14.112629957596923,14.112629957596914,14.008355649282912
4027934766000000101,2026-07-06,SOFR,1.0,1Y,12000000.0,0.04126,6553.0544,0.0,,False,False,True,NEW_TRADE,2027-01-07,2028-01-07,USD-SOFR-1D,execution_timestamp,2026-07-06 01:59:00-04:00,strict,4.07180843292604,-6206.82552995492,1145.3489657318762,0.0,,5.419156707395967,5.419156707395958,5.721447869656571
4039292234000000301,2026-07-06,SOFR,5.005479452054795,5Y,54000000.0,0.041118,174704.09,0.0,,False,False,True,NEW_TRADE,2031-06-30,2036-06-30,USD-SOFR-1D,execution_timestamp,2026-07-06 09:23:00-04:00,strict,4.204630563976384,185423.28410585783,19974.378713570273,0.0,,-9.283056397638312,-9.283056397638251,8.746409212783616
4039508710000000101,2026-07-06,SOFR,4.156164383561644,4Y,260000000.0,0.0402,891692.75,0.0,,False,False,True,NEW_TRADE,2026-10-05,2030-11-30,USD-SOFR-1D,execution_timestamp,2026-07-06 11:00:00-04:00,strict,3.9352603318385344,-831687.1599071249,98129.8173998488,0.0,,8.473966816146516,8.47537661787605,9.086868534225703
4117778737000000201,2026-07-10,SOFR,2.0027397260273974,2Y,290000000.0,0.044275,26213.67243,0.0,33239.0,False,False,True,NEW_TRADE,2034-07-14,2036-07-14,USD-SOFR-1D,execution_timestamp,2026-07-09 22:44:00-04:00,strict,4.426725945498796,-3088.2359181828797,39896.87952691158,60.0,,0.07740545012042688,0.07740545012047312,0.6570356564432096
4128626280000000401,2026-07-10,SOFR,5.002739726027397,5Y,27000000.0,0.041243,105003.04512,0.0,,False,False,True,NEW_TRADE,2046-06-26,2051-06-26,USD-SOFR-1D,execution_timestamp,2026-07-10 06:31:00-04:00,strict,4.331076103329491,104000.63752176263,5029.6255634550025,0.0,,-20.677610332949126,-20.677610332949207,20.876910973840012
4128626281000000501,2026-07-10,SOFR,2.0027397260273974,2Y,17000000.0,0.042556,38922.32688,0.0,,False,False,True,NEW_TRADE,2034-06-26,2036-06-26,USD-SOFR-1D,execution_timestamp,2026-07-10 06:31:00-04:00,strict,4.419191072330456,38362.9677239086,2345.0526472749484,0.0,,-16.359107233045656,-16.359107233045712,16.597634567065867
4136978879000000101,2026-07-10,SOFR,10.008219178082191,10Y,6000000.0,0.040606,39102.43194,0.0,,False,False,True,NEW_TRADE,2026-07-06,2036-07-06,USD-SOFR-1D,execution_timestamp,2026-07-10 14:14:00-04:00,strict,,,,,"SnapshotMiss: citivelo_excel minute store (USD-SOFR-1D-CITIVELOEXCELMIN): no snapshot satisfies datetime.datetime(2026, 7, 10, 14, 14, tzinfo=zoneinfo.ZoneInfo(",,,
4159356716000000101,2026-07-13,SOFR,2.0,2Y,10000000.0,0.038215,2400.0,0.0,,False,False,True,NEW_TRADE,2024-10-23,2026-10-23,USD-SOFR-1D,execution_timestamp,2026-07-13 11:15:00-04:00,strict,3.8040818899445337,-1746.4443541432847,1002.6600753938815,0.0,,1.741811005546623,1.7418110055466383,2.3936327564027047
4185008793000001401,2026-07-14,SOFR,5.005479452054795,5Y,17000000.0,0.037358,54504.744,0.0,,False,False,True,NEW_TRADE,2051-06-26,2056-06-26,USD-SOFR-1D,execution_timestamp,2026-07-14 11:37:00-04:00,strict,3.9429805120485084,53228.56074879039,2569.187623994668,0.0,,-20.718051204850816,-20.71805120485076,21.214777578312482
4185008794000001501,2026-07-14,SOFR,2.0,2Y,47000000.0,0.045414,52871.79625,0.0,,False,False,True,NEW_TRADE,2036-07-07,2038-07-07,USD-SOFR-1D,execution_timestamp,2026-07-14 11:37:00-04:00,strict,4.630800974520277,52642.74365614634,5888.385886018183,0.0,,-8.94009745202764,-8.940097452027583,8.97899649809682
4186256162000000801,2026-07-14,SOFR,1.9671232876712328,2Y,21000000.0,0.0403415,53172.43002,0.0,1286163.0,False,False,True,NEW_TRADE,2024-11-12,2026-10-31,USD-SOFR-1D,execution_timestamp,2026-07-14 12:57:00-04:00,strict,3.7831331826203565,-52588.65362301178,2098.709087743533,0.0,,25.101681737964388,25.057619433836575,25.335779184703178
4194470006000000101,2026-07-15,SOFR,15.01095890410959,15Y,5000000.0,0.041818,81800.24561,0.0,,False,False,True,NEW_TRADE,2026-09-02,2041-09-02,USD-SOFR-1D,execution_timestamp,2026-07-15 02:45:00-04:00,strict,4.330926598651365,82119.95244935667,5506.727384116151,0.0,,-14.91265986513648,-14.912659865136433,14.854602362548082
4209653737000001301,2026-07-15,SOFR,30.019178082191782,30Y,13000000.0,0.04,730948.37553,0.0,,False,False,True,NEW_TRADE,2028-06-14,2058-06-14,USD-SOFR-1D,execution_timestamp,2026-07-15 10:18:00-04:00,strict,4.343379798857381,688876.1823017197,20061.63975265876,60.0,,-34.33797988573808,-34.337979885738065,36.43512616824493
4211133015000004901,2026-07-15,SOFR,2.936986301369863,3Y,180000000.0,0.0399359,51242.28328,0.0,-4136507.0,False,False,True,NEW_TRADE,2026-07-09,2029-06-15,USD-SOFR-1D,execution_timestamp,2026-07-15 12:08:00-04:00,strict,3.984460297952009,-45312.307463843375,49631.74835899221,0.0,,0.9129702047991017,0.9129702047990368,1.0324496914627832
4216047543000000301,2026-07-15,SOFR,30.02191780821918,30Y,4000000.0,0.04229,73759.91538,0.0,,False,False,True,NEW_TRADE,2026-07-06,2056-07-06,USD-SOFR-1D,execution_timestamp,2026-07-15 16:21:00-04:00,strict,4.338465760800472,73425.78401413793,6707.648444336348,0.0,,-10.946576080047166,-10.946576080047178,10.99638956813244
4259816250000000501,2026-07-17,SOFR,5.002739726027397,5Y,65000000.0,0.047031,4280.03037,0.0,,False,False,True,NEW_TRADE,2041-07-22,2046-07-22,USD-SOFR-1D,execution_timestamp,2026-07-17 07:06:00-04:00,strict,4.70175814514047,-2023.453387150541,15079.524978279187,0.0,,0.13418548595298674,0.13418548595298319,0.28383058326870586
4267204258000000401,2026-07-17,SOFR,15.01095890410959,15Y,350000.0,0.041435,4424.0,0.0,,False,False,True,NEW_TRADE,2026-01-22,2041-01-22,USD-SOFR-1D,execution_timestamp,2026-07-17 14:46:00-04:00,strict,4.237242252759949,3722.5407466668985,397.10382853710564,0.0,,-9.374225275994963,-9.374225275994945,11.140663176926834
4282609380000000601,2026-07-20,SOFR,5.005479452054795,5Y,18000000.0,0.042892,3859.48332,0.0,,False,False,True,NEW_TRADE,2031-06-10,2036-06-10,USD-SOFR-1D,execution_timestamp,2026-07-20 04:20:00-04:00,strict,4.294656899776278,3622.3277031485923,6638.068961601937,0.0,,-0.5456899776278057,-0.5456899776278358,0.5814165749595658
4290812465000002101,2026-07-20,SOFR,10.005479452054795,10Y,4000000.0,0.03909,76861.0,0.0,4669097.0,False,False,True,NEW_TRADE,2026-01-22,2036-01-22,USD-SOFR-1D,execution_timestamp,2026-07-20 12:58:00-04:00,strict,4.141950631194652,77565.54381902679,3329.698804473873,0.0,,-23.295063119465187,-23.29506311946523,23.08346926056119
4297654173000000301,2026-07-21,SOFR,25.016438356164382,25Y,12000000.0,0.04301,159018.06906,0.0,,False,False,True,NEW_TRADE,2026-05-18,2051-05-18,USD-SOFR-1D,execution_timestamp,2026-07-21 02:11:00-04:00,strict,4.387671236928072,159411.46332441457,18392.66046897529,0.0,,-8.667123692807177,-8.667123692807225,8.64573503807301
4318920315000000101,2026-07-21,SOFR,10.008219178082191,10Y,10000000.0,0.0365,469960.0,0.0,,False,False,True,NEW_TRADE,2026-12-01,2036-12-01,USD-SOFR-1D,execution_timestamp,2026-07-21 15:57:00-04:00,strict,4.236003454231479,470007.648545566,8020.561059012238,0.0,,-58.600345423147935,-58.60034542314789,58.59440462359342
4347384794000000301,2026-07-23,SOFR,0.4958904109589041,6M,95000000.0,0.042213,217.95914,0.0,,False,False,True,NEW_TRADE,2027-01-25,2027-07-25,USD-SOFR-1D,execution_timestamp,2026-07-22 21:56:00-04:00,strict,4.224083099210365,1282.086164953187,4606.6850947263065,0.0,,-0.2783099210364348,-0.2783099210364755,0.047313661671712214
4355421152000000801,2026-07-23,SOFR,30.02191780821918,30Y,9000000.0,0.0422,271192.944,0.0,,False,False,True,NEW_TRADE,2026-05-04,2056-05-04,USD-SOFR-1D,execution_timestamp,2026-07-23 04:41:00-04:00,strict,4.3984435728276345,268909.22650470305,15069.706476032798,0.0,,-17.84435728276348,-17.84435728276343,17.99590087778494
4363448606000001701,2026-07-23,SOFR,10.008219178082191,10Y,6000000.0,0.040606,99946.25172,0.0,,False,False,True,NEW_TRADE,2026-07-06,2036-07-06,USD-SOFR-1D,execution_timestamp,2026-07-23 09:50:00-04:00,strict,4.266272105935768,100365.96975564887,4879.901885528096,0.0,,-20.567210593576846,-20.567210593576803,20.481201070128478
4363658793000000501,2026-07-23,SOFR,9.345205479452055,9Y,10000000.0,0.0338,374800.0,0.0,,False,False,True,NEW_TRADE,2023-10-05,2033-02-05,USD-SOFR-1D,execution_timestamp,2026-07-23 10:08:00-04:00,strict,4.158524288617639,478687.4176823476,6154.27643411123,0.0,,-77.85242886176391,-77.78126686496124,60.90074178706059
4390782719000000101,2026-07-24,SOFR,3.0027397260273974,3Y,34000000.0,0.0429,194284.8,0.0,,False,False,True,NEW_TRADE,2026-07-23,2029-07-23,USD-SOFR-1D,execution_timestamp,2026-07-24 14:13:00-04:00,strict,4.146044758954334,-137249.93256906373,9534.208797964175,0.0,,14.395524104566615,14.39552410456655,20.377653155811455
4410578816000001601,2026-07-27,SOFR,7.005479452054795,7Y,50000000.0,0.040015,391271.0,0.0,,False,False,True,NEW_TRADE,2026-07-15,2033-07-15,USD-SOFR-1D,execution_timestamp,2026-07-27 05:45:00-04:00,strict,4.130763688936888,391450.1600664742,30283.072012403813,0.0,,-12.926368893688789,-12.92636889368879,12.920452714960263
4416460702000000401,2026-07-27,SOFR,1.0,1Y,40000000.0,0.042343,11713.02832,0.0,,False,False,True,NEW_TRADE,2032-07-16,2033-07-16,USD-SOFR-1D,execution_timestamp,2026-07-27 15:03:00-04:00,strict,4.274623709782761,12333.583632328315,3058.643090820309,0.0,,-4.032370978276045,-4.032370978276031,3.829485158027587
4437433951000000101,2026-07-28,SOFR,5.016438356164383,5Y,9000000.0,0.0637,145046.3,0.0,,False,False,True,NEW_TRADE,2026-07-27,2031-08-01,USD-SOFR-1D,execution_timestamp,2026-07-28 12:12:00-04:00,strict,4.054606756845984,-939987.7494291612,4059.732627312649,0.0,,231.53932431540173,231.53932431540167,35.72804253762243
4460439148000000901,2026-07-29,SOFR,2.0027397260273974,2Y,200000000.0,0.03858,1174419.0,0.0,,False,False,True,NEW_TRADE,2026-09-11,2028-09-11,USD-SOFR-1D,execution_timestamp,2026-07-29 09:24:00-04:00,strict,4.166965556332647,1173591.984065501,37984.55717833989,0.0,,-30.896555633264633,-30.89655563326466,30.918328058585196
4480701968000000101,2026-07-30,SOFR,10.005479452054795,10Y,29000000.0,0.04718,233605.488,0.0,,False,False,True,NEW_TRADE,2036-07-31,2046-07-31,USD-SOFR-1D,execution_timestamp,2026-07-30 05:12:00-04:00,strict,4.865588301547841,219414.184509472,14866.637952219422,0.0,,-14.758830154784075,-14.758830154783983,15.713403982177782
4486381295000000601,2026-07-30,SOFR,6.934246575342466,7Y,170000000.0,0.0392771,2268636.9295,0.0,7134923.0,False,False,True,NEW_TRADE,2026-06-26,2033-05-31,USD-SOFR-1D,execution_timestamp,2026-07-30 07:53:00-04:00,strict,4.149878596737551,2273025.291458428,102310.82722026501,0.0,,-22.216859673755085,-22.216859673755067,22.173967224562176
4486381316000002701,2026-07-30,SOFR,6.961643835616439,7Y,83000000.0,0.0405494,507570.72449,0.0,7134923.0,False,False,True,NEW_TRADE,2026-07-16,2033-06-30,USD-SOFR-1D,execution_timestamp,2026-07-30 07:53:00-04:00,strict,4.156602007377251,508365.3287270516,50005.43879097246,0.0,,-10.166200737725095,-10.1662007377251,10.150310381470591
4486381342000005301,2026-07-30,SOFR,6.931506849315069,7Y,170000000.0,0.04194601,370109.8968,0.0,7134923.0,False,False,True,NEW_TRADE,2026-07-27,2033-06-30,USD-SOFR-1D,execution_timestamp,2026-07-30 07:53:00-04:00,strict,4.158589361331534,-367031.4214698225,101920.22219505798,0.0,,3.6011638668465906,3.601163866846628,3.631368621740959
4492594740000000101,2026-07-30,SOFR,9.424657534246576,9Y,2000000.0,0.0593,4919.14992,0.0,,False,False,True,NEW_TRADE,2026-07-12,2035-12-12,USD-SOFR-1D,execution_timestamp,2026-07-30 15:03:00-04:00,strict,4.21798354366833,-266156.1485359726,1554.6354566372827,0.0,,171.20164563316695,171.20164563316683,3.1641822518574547
4515111381000001101,2026-07-31,SOFR,5.005479452054795,5Y,28000000.0,0.045172,1704.91266,0.0,,False,False,True,NEW_TRADE,2031-08-04,2036-08-04,USD-SOFR-1D,execution_timestamp,2026-07-31 11:28:00-04:00,strict,4.516670248124639,-536.6788430083543,10130.758718746969,0.0,,0.05297518753613062,0.05297518753607566,0.16829071813200516
4518248949000000101,2026-07-31,SOFR,1.0027397260273974,1Y,110000000.0,0.03275,971334.0,0.0,,False,False,True,NEW_TRADE,2027-07-16,2028-07-16,USD-SOFR-1D,execution_timestamp,2026-07-31 15:05:00-04:00,strict,4.213737264856556,970687.6155797546,10340.354558397992,0.0,,-93.8737264856556,-93.87372648565554,93.93623734218322
4519539464000000101,2026-07-31,SOFR,5.002739726027397,5Y,11000000.0,0.0439,121053.0,0.0,,False,False,True,NEW_TRADE,2026-07-31,2031-07-31,USD-SOFR-1D,execution_timestamp,2026-07-31 14:29:00-04:00,strict,4.165202437296818,-110988.1005106289,4937.246613175034,0.0,,22.47975627031824,22.479756270318223,24.518321543220118
4599440342000000301,2026-08-05,SOFR,5.002739726027397,5Y,5000000.0,0.04142,19568.86932,0.0,,False,False,True,NEW_TRADE,2026-08-04,2031-08-04,USD-SOFR-1D,execution_timestamp,2026-08-05 13:48:00-04:00,strict,4.049547571548415,-20815.279866234167,2251.4584218990967,0.0,,9.245242845158419,9.245242845158364,8.691641439904421
4600086955000000101,2026-08-05,SOFR,5.002739726027397,5Y,260000000.0,0.0308695,8900714.04408,0.0,,False,False,True,NEW_TRADE,2024-09-13,2029-09-13,USD-SOFR-1D,execution_timestamp,2026-08-05 14:42:00-04:00,strict,3.9862805318119463,8891171.885347962,98864.33931509343,0.0,,-89.9330531811946,-89.93305318119457,90.02957088209808
4605069341000000201,2026-08-06,SOFR,5.024657534246575,5Y,3000000.0,0.034151,82800.0,0.0,,False,False,True,NEW_TRADE,2026-02-17,2031-02-25,USD-SOFR-1D,execution_timestamp,2026-08-06 00:20:00-04:00,asof2h,4.008786263460153,81630.9246817053,1374.984224932876,4860.0,,-59.368626346015276,-59.368626346015255,60.21887269582466
4623694393000000101,2026-08-06,SOFR,1.0,1Y,160000000.0,0.034075,997078.54056,0.0,35768.0,False,False,True,NEW_TRADE,2028-03-16,2029-03-16,USD-SOFR-1D,execution_timestamp,2026-08-06 13:02:00-04:00,strict,4.089689473809682,994739.3319461579,14581.569639165542,0.0,,-68.21894738096819,-68.21894738096822,68.37936965866041
4647960878000000101,2026-08-07,SOFR,2.0027397260273974,2Y,160000000.0,0.031815,2747709.95796,0.0,-2145.0,False,False,True,NEW_TRADE,2026-11-14,2028-11-14,USD-SOFR-1D,execution_timestamp,2026-08-07 11:44:00-04:00,strict,4.08985503360579,2740263.8923091795,30167.322147503022,0.0,,-90.835503360579,-90.83550336057898,91.08232890294607
4651225175000000101,2026-08-07,SOFR,1.0027397260273974,1Y,20000000.0,0.035,114778.13,0.0,,False,False,True,NEW_TRADE,2027-06-30,2028-06-30,USD-SOFR-1D,execution_timestamp,2026-08-07 16:13:00-04:00,strict,4.1084128186131075,114549.53311884159,1882.7600210653056,0.0,,-60.841281861310705,-60.84128186131073,60.96269769689294
848819909000001401,2025-11-03,SOFR,10.008219178082191,10Y,70000000.0,0.03918,1115258.4289,0.0,,False,False,True,NEW_TRADE,2026-07-21,2036-07-21,USD-SOFR-1D,execution_timestamp,2025-11-03 08:25:00-05:00,strict,3.7254398882299395,-1101967.6570159271,57227.20281403887,0.0,,19.25601117700606,19.256011177006094,19.4882568788843
872319597000000201,2025-11-04,SOFR,6.410958904109589,6Y,460000.0,0.0431,42755.33,0.0,,False,False,True,NEW_TRADE,2025-11-04,2032-04-01,USD-SOFR-1D,execution_timestamp,2025-11-04 12:40:00-05:00,strict,3.4591308580323386,-22485.88361140591,264.2695862657167,0.0,,85.0869141967661,85.08691419676607,161.7867973540116
892780706000001101,2025-11-05,SOFR,10.005479452054795,10Y,2000000.0,0.0389224,27000.0,0.0,,False,False,True,NEW_TRADE,2025-02-27,2035-02-27,USD-SOFR-1D,execution_timestamp,2025-11-05 11:59:00-05:00,strict,3.739557509004693,-26251.27424072672,1719.3375657942065,0.0,,15.268249099530706,15.268249099530713,15.703722490078905
913232905000000801,2025-11-06,SOFR,5.002739726027397,5Y,100000000.0,0.0296,983042.0,0.0,-26048556.0,False,False,True,NEW_TRADE,2022-08-30,2027-08-30,USD-SOFR-1D,execution_timestamp,2025-11-06 12:08:00-05:00,strict,3.465197970648723,980414.4639966656,19406.540029005257,0.0,,-50.51979706487231,-50.51979706487225,50.655191421589485
913232906000000901,2025-11-06,SOFR,6.005479452054795,6Y,8000000.0,0.029735,112788.0,0.0,-26048556.0,False,False,True,NEW_TRADE,2022-06-14,2028-06-14,USD-SOFR-1D,execution_timestamp,2025-11-06 12:08:00-05:00,strict,3.467696784416215,113795.3694472001,2302.6327373138256,0.0,,-49.419678441621514,-49.419678441621556,48.98219250177721
913232946000004901,2025-11-06,SOFR,3.0027397260273974,3Y,300000000.0,0.0447,2759509.3617,0.0,-26048556.0,False,False,True,NEW_TRADE,2023-11-10,2026-11-10,USD-SOFR-1D,execution_timestamp,2025-11-06 12:08:00-05:00,strict,4.005486153266742,-2766730.574418772,59561.853621287904,0.0,,46.45138467332579,46.45138467332587,46.33014578837298
913233054000015701,2025-11-06,SOFR,5.002739726027397,5Y,22000000.0,0.03654,219355.0,0.0,-26048556.0,False,False,True,NEW_TRADE,2025-06-04,2030-06-04,USD-SOFR-1D,execution_timestamp,2025-11-06 12:08:00-05:00,strict,3.443265789164668,-215882.33216309082,10244.29452186957,0.0,,21.073421083533226,21.073421083533294,21.412406635881062
913233055000015801,2025-11-06,SOFR,5.002739726027397,5Y,22000000.0,0.036575,222944.0,0.0,-26048556.0,False,False,True,NEW_TRADE,2025-06-04,2030-06-04,USD-SOFR-1D,execution_timestamp,2025-11-06 12:08:00-05:00,strict,3.443265789164668,-219467.83524574433,10244.29452186957,0.0,,21.423421083533214,21.423421083533214,21.762747988556757
920999375,2024-03-04,SOFR,30.019178082191782,30Y,1000000.0,0.0348,20290.0,0.0,,False,False,True,NEW_TRADE,2024-07-18,2054-07-18,USD-SOFR-1D,execution_timestamp,2024-03-04 08:33:00-05:00,strict,3.5953010714407414,20374.562123056385,1767.0748301352685,0.0,,-11.530107144074186,-11.530107144074213,11.4822528474625
922636335,2024-03-05,SOFR,30.02191780821918,30Y,3000000.0,0.03375,10963.2,0.0,,False,False,True,NEW_TRADE,2026-03-24,2056-03-24,USD-SOFR-1D,execution_timestamp,2024-03-05 11:57:00-05:00,strict,3.3853455826943795,5242.039671028964,5066.935160527065,0.0,,-1.0345582694379463,-1.0345582694379072,2.1636748157755394
926082241,2024-03-07,SOFR,5.002739726027397,5Y,56000000.0,0.04059,527943.33,0.0,,False,False,True,NEW_TRADE,2024-02-29,2029-02-28,USD-SOFR-1D,execution_timestamp,2024-03-07 08:59:00-05:00,strict,3.847688366794248,-532694.4765214175,25208.951747712777,0.0,,21.131163320575208,21.131163320575165,20.94269271025522
926140828,2024-03-07,SOFR,0.989041095890411,12M,50000000.0,0.0,2554880.17,0.0,,False,False,True,NEW_TRADE,2024-03-11,2025-03-07,USD-SOFR-1D,execution_timestamp,2024-03-07 10:58:00-05:00,strict,5.004311347485123,0.0,4769.198532399674,0.0,,-500.4311347485123,-0.0,535.7043018115843
926302559,2024-03-07,SOFR,2.0,2Y,100000000.0,0.03165,549171.5906,0.0,-278473.0,False,False,True,NEW_TRADE,2028-06-01,2030-06-01,USD-SOFR-1D,execution_timestamp,2024-03-07 12:16:00-05:00,strict,3.5027840862222797,552507.1818579268,16356.815030485093,0.0,,-33.77840862222801,-33.778408622228035,33.574481925514156
930847098,2024-03-12,SOFR,2.9972602739726026,3Y,8000000.0,0.0672,66318.0,0.0,,False,False,True,NEW_TRADE,2024-03-11,2027-03-10,USD-SOFR-1D,execution_timestamp,2024-03-12 13:13:00-04:00,strict,4.193347299898001,-562962.690512236,2228.0968432642508,0.0,,252.6652700101999,252.6652700101999,29.764415402537658
930929774000001001,2025-11-07,SOFR,1.0,1Y,280000000.0,0.0423,78754.46418,0.0,,False,False,True,NEW_TRADE,2034-10-02,2035-10-02,USD-SOFR-1D,execution_timestamp,2025-11-07 09:32:00-05:00,strict,4.2538065381984635,46951.666945680045,19722.17319219937,0.0,,-2.380653819846401,-2.380653819846316,3.9931940264650665
932673852,2024-03-14,SOFR,0.5041095890410959,6M,220000000.0,0.047762,4096.10065,0.0,,False,False,True,NEW_TRADE,2024-08-27,2025-02-27,USD-SOFR-1D,execution_timestamp,2024-03-14 01:24:00-04:00,strict,4.781613623510586,5798.003971238621,10710.024367045145,0.0,,-0.5413623510586163,-0.5413623510586155,0.38245483946831565
933024612000001301,2025-11-07,SOFR,3.4986301369863013,3Y,10000000.0,0.0375,6000.0,0.0,,False,False,True,NEW_TRADE,2025-11-14,2029-05-14,USD-SOFR-1D,execution_timestamp,2025-11-07 12:10:00-05:00,strict,3.2885570719608666,-152022.46483875578,3294.501997999272,0.0,,46.144292803913345,46.144292803913295,1.8212160756447433
936732537,2024-03-18,SOFR,1.0,1Y,240000000.0,0.038327,709237.69236,0.0,,False,False,True,NEW_TRADE,2025-03-13,2026-03-13,USD-SOFR-1D,execution_timestamp,2024-03-18 09:11:00-04:00,strict,4.151621447762138,708280.8246943653,22208.62941844614,0.0,,-31.892144776213804,-31.892144776213804,31.93523017547937
937078421,2024-03-18,SOFR,0.29315068493150687,4M,4000000.0,0.0495,36696.24,0.0,,False,False,True,NEW_TRADE,2024-03-18,2024-07-03,USD-SOFR-1D,execution_timestamp,2024-03-18 14:03:00-04:00,strict,5.328014382764575,4420.923046790929,116.95118620775476,0.0,,-37.8014382764575,-37.8014382764575,313.7739871642854
938271820,2024-03-19,FED_FUNDS,0.7479452054794521,9M,43000000.0,0.048527,20811.92256,0.0,,False,False,True,NEW_TRADE,2024-06-17,2025-03-17,USD-FEDFUNDS-1D,execution_timestamp,2024-03-19 10:15:00-04:00,strict,4.9188473854707535,20514.865915998118,3101.3872687483326,0.0,,-6.614738547075305,-6.61473854707528,6.7105204079848235
939681595,2024-03-20,SOFR,2.0,2Y,20000000.0,0.04172,35647.0,0.0,-4388010.21,False,False,True,NEW_TRADE,2024-08-08,2026-08-08,USD-SOFR-1D,execution_timestamp,2024-03-20 11:38:00-04:00,strict,4.2603382111148225,32962.61208490771,3731.4104133332285,0.0,,-8.833821111482276,-8.833821111482232,9.55322413011034
945796416,2024-03-26,SOFR,5.002739726027397,5Y,12000000.0,0.0377,3938.0,0.0,,False,False,True,NEW_TRADE,2029-09-28,2034-09-28,USD-SOFR-1D,execution_timestamp,2024-03-26 12:16:00-04:00,strict,3.761484820480676,-3734.074554372579,4385.197688314671,0.0,,0.8515179519323457,0.85151795193244,0.8980210881925966
947661943,2024-03-27,SOFR,19.991780821917807,20Y,2000000.0,0.0425,85833.765,0.0,,False,False,True,NEW_TRADE,2024-03-27,2044-03-19,USD-SOFR-1D,execution_timestamp,2024-03-27 14:29:00-04:00,strict,3.814981924345039,-120770.5910555129,2776.3365835034597,0.0,,43.50180756549609,43.49998187291559,30.91619564789452
950514724,2024-04-01,SOFR,10.005479452054795,10Y,120000000.0,0.035,4329123.59821,0.0,,False,False,True,NEW_TRADE,2024-04-10,2034-04-10,USD-SOFR-1D,execution_timestamp,2024-04-01 16:35:00-04:00,strict,3.942520057681209,4338961.423177563,98051.18090948445,0.0,,-44.252005768120874,-44.25200576812081,44.15167219868992
951662239,2024-04-02,SOFR,10.008219178082191,10Y,120000000.0,0.03054,408048.68008,0.0,,False,False,True,NEW_TRADE,2044-02-01,2054-02-01,USD-SOFR-1D,execution_timestamp,2024-04-02 08:40:00-04:00,strict,3.1424235022257685,415419.1626402158,46980.62756884985,0.0,,-8.842350222576822,-8.842350222576771,8.685466780579015
951769611,2024-04-02,SOFR,6.934246575342466,7Y,2000000.0,0.0698,27118.72,0.0,,False,False,True,NEW_TRADE,2024-04-02,2031-03-08,USD-SOFR-1D,execution_timestamp,2024-04-02 11:42:00-04:00,strict,4.029264910812321,-353324.7506720739,1197.3867465784185,0.0,,295.0735089187679,295.0798910057371,22.648254690886507
954226048,2024-04-04,SOFR,30.019178082191782,30Y,100000000.0,0.06,1383000.0,0.0,,False,False,True,NEW_TRADE,2024-04-05,2054-04-05,USD-SOFR-1D,execution_timestamp,2024-04-04 10:34:00-04:00,strict,3.7469038506683914,-39812414.620132044,176700.91279478944,0.0,,225.30961493316087,225.30961493316084,7.8267846958217975
954227877,2024-04-04,SOFR,3.136986301369863,3Y,23000000.0,0.04126,81558.36,0.0,,False,False,True,NEW_TRADE,2024-04-04,2027-05-24,USD-SOFR-1D,execution_timestamp,2024-04-04 11:10:00-04:00,strict,4.307929117060874,121506.26536949305,6678.769585235585,0.0,,-18.19291170608741,-18.192911706087415,12.211584627847756
956190092000000101,2025-11-10,SOFR,0.32602739726027397,4M,250000000.0,0.040875,13273.065,0.0,,False,False,True,NEW_TRADE,2025-09-05,2026-01-02,USD-SOFR-1D,execution_timestamp,2025-11-10 12:24:00-05:00,strict,4.101679033993915,11645.18709227629,8212.962249243621,0.0,,-1.4179033993914736,-1.4179033993914634,1.616111775166432
956542023,2024-04-08,SOFR,4.002739726027397,4Y,37000000.0,0.0447,302008.9016,0.0,,False,False,True,NEW_TRADE,2024-04-01,2028-04-01,USD-SOFR-1D,execution_timestamp,2024-04-08 12:08:00-04:00,strict,4.296616687441669,-233587.1463566078,13472.29689581702,0.0,,17.33833125583306,17.338331255833122,22.417031329956064
956685705,2024-04-08,SOFR,0.9972602739726028,1Y,5000000.0,0.0505,4750.0,0.0,,False,False,True,NEW_TRADE,2024-04-15,2025-04-14,USD-SOFR-1D,execution_timestamp,2024-04-08 13:46:00-04:00,strict,5.075633877364662,1231.0995867546008,480.2627278118162,0.0,,-2.563387736466094,-2.5633877364661717,9.890419815924622
956847348,2024-04-09,SOFR,3.0,3Y,37000000.0,0.03806,232240.503,0.0,,False,False,True,NEW_TRADE,2025-02-01,2028-02-01,USD-SOFR-1D,execution_timestamp,2024-04-08 22:51:00-04:00,strict,4.041728690756263,233943.36000600643,9924.263323886107,0.0,,-23.572869075626322,-23.572869075626233,23.401283845525786
959459751,2024-04-10,SOFR,1.0,1Y,250000000.0,0.050773,385327.0,0.0,,False,False,True,NEW_TRADE,2024-04-04,2025-04-04,USD-SOFR-1D,execution_timestamp,2024-04-10 12:15:00-04:00,strict,5.233577238566778,376294.4639722537,24078.648139886227,0.0,,-15.627723856677811,-15.627723856677934,16.002850233178442
960959039,2024-04-11,SOFR,10.005479452054795,10Y,31000000.0,0.036,1217277.735,0.0,,False,False,True,NEW_TRADE,2024-10-30,2034-10-30,USD-SOFR-1D,execution_timestamp,2024-04-11 08:44:00-04:00,strict,4.08206534835018,1181098.2992037926,24500.79233543716,0.0,,-48.20653483501802,-48.20653483501796,49.68319874453075
963115520,2024-04-12,SOFR,10.005479452054795,10Y,3000000.0,0.0399225,30864.0,0.0,,False,False,True,NEW_TRADE,2024-04-09,2034-04-09,USD-SOFR-1D,execution_timestamp,2024-04-12 14:57:00-04:00,strict,4.120317517523539,31150.199701631325,2432.32634660119,0.0,,-12.806751752353884,-12.80675175235389,12.689086743285001
964893365,2024-04-15,SOFR,3.0027397260273974,3Y,46000000.0,0.0371,344799.21663,0.0,343299.0,False,False,True,NEW_TRADE,2031-02-10,2034-02-10,USD-SOFR-1D,execution_timestamp,2024-04-15 11:48:00-04:00,strict,4.083738698846325,360864.5148187652,9655.529810873206,60.0,,-37.37386988463251,-37.37386988463248,35.71002558986639
966913391,2024-04-16,SOFR,10.008219178082191,10Y,100000000.0,0.018,16030000.0,0.0,,False,False,True,NEW_TRADE,2027-10-05,2037-10-05,USD-SOFR-1D,execution_timestamp,2024-04-16 11:38:00-04:00,strict,4.092717286898157,16028763.187876934,69911.64274581114,0.0,,-229.27172868981575,-229.2717286898157,229.28941976492837
969097391,2024-04-17,SOFR,3.0054794520547947,3Y,9000000.0,0.0739,93705.57,0.0,,False,False,True,NEW_TRADE,2024-04-18,2027-04-20,USD-SOFR-1D,execution_timestamp,2024-04-17 14:37:00-04:00,strict,4.605487155536707,-694976.0980394676,2495.862424988821,0.0,,278.4512844463292,278.45128444632934,37.544365050657674
974321618,2024-04-22,SOFR,30.019178082191782,30Y,14000000.0,0.032975,897671.0,0.0,,False,False,True,NEW_TRADE,2028-03-08,2058-03-08,USD-SOFR-1D,execution_timestamp,2024-04-22 14:06:00-04:00,strict,3.7293467148848727,895739.5769368326,20742.07226922245,0.0,,-43.18467148848728,-43.18467148848724,43.27778769395111
977377927,2024-04-24,SOFR,10.005479452054795,10Y,20000000.0,0.039,557581.0,0.0,,False,False,True,NEW_TRADE,2024-05-30,2034-05-30,USD-SOFR-1D,execution_timestamp,2024-04-24 09:39:00-04:00,strict,4.24924621065435,560041.789620799,16035.729881549754,0.0,,-34.92462106543503,-34.92462106543506,34.77116440091302
977957691,2024-04-25,SOFR,10.005479452054795,10Y,31000000.0,0.041255,292420.0,0.0,,False,False,True,NEW_TRADE,2024-07-17,2034-07-17,USD-SOFR-1D,execution_timestamp,2024-04-25 02:38:00-04:00,strict,4.243968988935912,292756.0686872881,24711.620426309008,0.0,,-11.846898893591185,-11.84689889359129,11.83329927197642
981315296,2024-04-26,SOFR,5.002739726027397,5Y,3000000.0,0.06649,19063.65225,0.0,,False,False,True,NEW_TRADE,2024-04-26,2029-04-26,USD-SOFR-1D,execution_timestamp,2024-04-26 13:42:00-04:00,strict,4.460003590320814,-290688.1325452287,1327.9516186498968,0.0,,218.89964096791851,218.89964096791854,14.355682829304921
984209691,2024-04-30,SOFR,1.0,1Y,50000000.0,0.0425,14803.0,0.0,,False,False,True,NEW_TRADE,2025-12-23,2026-12-23,USD-SOFR-1D,execution_timestamp,2024-04-30 05:43:00-04:00,strict,4.263582503701111,6078.5056194460485,4475.2467977970655,0.0,,-1.3582503701110582,-1.358250370111026,3.30775053730819
986818581,2024-05-03,SOFR,10.005479452054795,10Y,5000000.0,0.03625,142540.0,0.0,,False,False,True,NEW_TRADE,2025-06-24,2035-06-24,USD-SOFR-1D,execution_timestamp,2024-05-03 09:42:00-04:00,strict,3.9941084290586155,143096.4960029712,3876.814635957464,0.0,,-36.9108429058616,-36.91084290586166,36.76729825510387
993681448,2024-05-09,SOFR,30.019178082191782,30Y,500000.0,0.041,25620.0,0.0,,False,False,True,NEW_TRADE,2024-10-11,2054-10-11,USD-SOFR-1D,execution_timestamp,2024-05-09 14:39:00-04:00,strict,3.7975841799856727,-25965.29455780424,858.5957757293929,0.0,,30.24158200143279,30.2415820014328,29.839420044007714
994348641000003001,2025-11-12,SOFR,20.013698630136986,20Y,27000000.0,0.042238,1665.13425,0.0,,False,False,True,NEW_TRADE,2035-11-14,2055-11-14,USD-SOFR-1D,execution_timestamp,2025-11-12 09:05:00-05:00,strict,4.222039387126432,-4378.320236623287,24868.15984566858,0.0,,0.17606128735678794,0.1760612873568079,0.06695848266754749
996645287,2024-05-13,SOFR,20.013698630136986,20Y,3000000.0,0.04067,3120.99453,0.0,,False,False,True,NEW_TRADE,2024-05-08,2044-05-08,USD-SOFR-1D,execution_timestamp,2024-05-13 10:37:00-04:00,strict,4.058005759534324,-3665.4926086713094,4075.3775959843165,0.0,,0.8994240465676206,0.8994240465676387,0.765817266374355
996738264000000901,2025-11-12,SOFR,4.950684931506849,5Y,25000000.0,0.0415,25000.0,0.0,,False,False,True,NEW_TRADE,2025-11-20,2030-11-01,USD-SOFR-1D,execution_timestamp,2025-11-12 13:05:00-05:00,strict,3.36301191812228,-894164.0544971526,11361.850008753801,0.0,,78.69880818777202,78.69880818777213,2.200345892679327
998660801,2024-05-14,SOFR,30.019178082191782,30Y,14000000.0,0.038,154975.0,0.0,-859399.0,False,False,True,NEW_TRADE,2024-05-07,2054-05-07,USD-SOFR-1D,execution_timestamp,2024-05-14 12:45:00-04:00,strict,3.8612576795412377,149459.43274601363,24398.480952155714,0.0,,-6.125767954123784,-6.125767954123726,6.351829866125631
998698735000000101,2025-11-12,SOFR,15.002739726027396,15Y,1000000.0,0.03303,24210.375,0.0,,False,False,True,NEW_TRADE,2022-10-04,2037-10-01,USD-SOFR-1D,execution_timestamp,2025-11-12 15:27:00-05:00,strict,3.756127572896623,44267.06917860365,976.9228761698593,0.0,,-45.31275728966233,-45.3127572896623,24.78227871469201
999665016,2024-05-15,SOFR,9.967123287671233,10Y,810000.0,0.0495,143493.12,0.0,,False,False,True,NEW_TRADE,2024-05-15,2034-05-01,USD-SOFR-1D,execution_timestamp,2024-05-15 12:09:00-04:00,strict,4.001838783038933,-62458.85775675258,658.736685697167,0.0,,94.81612169610676,94.8161216961067,217.83077080052945
