trade_id,as_of_date,rate_index_clean,tenor_years,tenor_label,notional,fixed_rate,other_payment_ufro,other_payment_uwin,pkg_ptp,is_capped,is_block,is_off_market,lifecycle_type,effective_date,expiration_date,curve,clock_field,snap,policy,mid_pct,npv_pay,pv01,lag_s,error,dev_bps,npv_implied_dev_bps,u_bps
1019481951000001901,2025-11-13,SOFR,27.035616438356165,27Y,12000000.0,0.04016,25785.24,0.0,,False,False,False,TERMINATION,2025-11-13,2052-11-19,USD-SOFR-1D,event_timestamp,2025-11-13 15:08:00-05:00,strict,4.000587105459291,-30721.44668497704,19932.301881282496,0.0,,1.54128945407086,1.5412894540708382,1.2936408526008594
1037383225000000901,2025-11-14,SOFR,4.304109589041096,4Y,650000000.0,0.0332777,101994.465,0.0,,False,False,False,TERMINATION,2025-11-14,2030-03-04,USD-SOFR-1D,event_timestamp,2025-11-14 10:40:00-05:00,strict,3.3675797876940528,1034177.4005726576,259779.68245411085,0.0,,-3.9809787694052634,-3.9809787694052683,0.39261909952490975
1057854762000000501,2025-11-17,SOFR,5.002739726027397,5Y,50000000.0,0.03374,101295.234,0.0,,False,False,True,TERMINATION,2025-10-31,2030-10-31,USD-SOFR-1D,event_timestamp,2025-11-17 10:34:00-05:00,strict,3.4153335263931335,94914.0342062451,22962.965536376796,0.0,,-4.133352639313337,-4.133352639313375,4.411243566930982
1061463248000000501,2025-11-17,SOFR,4.147945205479452,4Y,78000000.0,0.03283,192453.344,0.0,,False,False,False,TERMINATION,2026-01-06,2030-02-28,USD-SOFR-1D,event_timestamp,2025-11-17 16:30:00-05:00,strict,3.360237025535899,231404.91798265465,29960.36115801727,0.0,,-7.723702553589895,-7.723702553589933,6.423598934103646
1079688073000000501,2025-11-18,SOFR,1.093150684931507,~13M,10000000.0,0.03625,15000.0,0.0,,False,False,False,TERMINATION,2025-11-18,2026-12-22,USD-SOFR-1D,event_timestamp,2025-11-18 10:13:00-05:00,strict,3.5294414131890313,-10220.160036763991,1069.517704042797,0.0,,9.55585868109683,9.555858681096717,14.025013277760356
1079761809000001501,2025-11-18,SOFR,4.013698630136986,4Y,25000000.0,0.018836,299000.0,0.0,,False,False,True,TERMINATION,2022-02-24,2026-02-28,USD-SOFR-1D,event_timestamp,2025-11-18 09:57:00-05:00,strict,4.252901510683055,594071.3744620243,2499.648257628123,0.0,,-236.93015106830555,-237.66198810136964,119.61682972296127
1083316303,2024-07-22,SOFR,10.008219178082191,10Y,8000000.0,0.0177,962999.88,0.0,,False,False,True,TERMINATION,2019-11-07,2029-11-07,USD-SOFR-1D,event_timestamp,2024-07-22 11:46:00-04:00,strict,4.09304716930036,1012668.3551704662,4359.224248879351,0.0,,-232.304716930036,-232.30471693003597,220.91083757564516
1088841154,2024-07-25,SOFR,2.0027397260273974,2Y,200000000.0,0.0368,626387.0,0.0,,False,False,True,TERMINATION,2026-06-10,2028-06-10,USD-SOFR-1D,event_timestamp,2024-07-25 12:50:00-04:00,strict,3.5072912242250753,-615663.142502116,35647.47302154744,0.0,,17.27087757749244,17.270877577492598,17.571708368258662
1088952584,2024-07-25,SOFR,10.005479452054795,10Y,50000000.0,0.04375,1045176.63,0.0,,False,False,True,TERMINATION,2024-05-15,2034-05-15,USD-SOFR-1D,event_timestamp,2024-07-25 10:59:00-04:00,strict,3.8070000420188195,-2367299.3674522564,41677.8088481952,0.0,,56.799995798118054,56.79999579811809,25.07753307777983
1090294861,2024-07-26,SOFR,1.0,1Y,100000000.0,0.05,352476.0,0.0,,False,False,True,TERMINATION,2024-08-28,2025-08-28,USD-SOFR-1D,event_timestamp,2024-07-26 08:59:00-04:00,strict,4.6316742613840525,-354761.08080647327,9631.721153660183,0.0,,36.83257386159475,36.83257386159475,36.59532853752254
1090793516,2024-07-26,SOFR,9.813698630136987,10Y,74000000.0,0.03718119,317746.08,0.0,,False,False,False,TERMINATION,2024-07-26,2034-05-17,USD-SOFR-1D,event_timestamp,2024-07-26 16:30:00-04:00,strict,3.7499105244677464,191847.07433887944,60345.35227573393,0.0,,-3.1791524467746246,-3.1791524467746783,5.265460686154152
1092494618,2024-07-29,SOFR,1.0465753424657533,~13M,15000000.0,0.04643,150.0,0.0,,False,False,True,TERMINATION,2024-07-29,2025-08-15,USD-SOFR-1D,event_timestamp,2024-07-29 12:47:00-04:00,strict,4.718704165164666,11493.140105214785,1518.1648301933947,0.0,,-7.570416516466594,-7.570416516466599,0.0988035007904194
1095882873,2024-07-31,SOFR,5.002739726027397,5Y,3000000.0,0.04135,45267.8432,0.0,,False,False,True,TERMINATION,2024-05-20,2029-05-20,USD-SOFR-1D,event_timestamp,2024-07-31 08:32:00-04:00,strict,3.805556794993271,-45013.86675969954,1366.3619730381188,0.0,,32.94432050067289,32.94432050067287,33.13019836123405
1097815169,2024-08-01,SOFR,2.0027397260273974,2Y,290000000.0,0.03382,237336.736,0.0,,False,False,True,TERMINATION,2027-08-03,2029-08-03,USD-SOFR-1D,event_timestamp,2024-08-01 08:05:00-04:00,strict,3.3448928886626788,-185165.94027948007,49900.39202896682,0.0,,3.7107111337321363,3.710711133732027,4.756209848255856
1099704829,2024-08-02,SOFR,6.564383561643836,7Y,10000000.0,0.049,494816.67,0.0,,False,False,True,TERMINATION,2024-08-05,2031-02-26,USD-SOFR-1D,event_timestamp,2024-08-02 09:06:00-04:00,strict,3.390955512812703,-882374.9662825214,5847.242899559425,0.0,,150.90444871872975,150.90444871872967,84.62392934579188
1099796032,2024-08-02,SOFR,2.0027397260273974,2Y,100000000.0,0.04218,344000.0,0.0,,False,False,True,TERMINATION,2023-12-13,2025-12-13,USD-SOFR-1D,event_timestamp,2024-08-02 11:36:00-04:00,strict,4.473733861864167,502094.126184579,19633.462793099643,0.0,,-25.57338618641669,-25.573386186416617,17.52110687885898
1100138080,2024-08-02,SOFR,30.02191780821918,30Y,27000000.0,0.03993,3584237.75814,0.0,,False,False,True,TERMINATION,2026-10-20,2056-10-20,USD-SOFR-1D,event_timestamp,2024-08-02 14:02:00-04:00,strict,3.22633584535307,-3619119.815009108,47206.06530346797,0.0,,76.66641546469299,76.66641546469307,75.92748379045024
1100457470000000801,2025-11-19,SOFR,2.33972602739726,2Y,260000000.0,0.03236,57679.47328,0.0,,False,False,True,TERMINATION,2025-11-19,2028-03-22,USD-SOFR-1D,event_timestamp,2025-11-19 09:21:00-05:00,strict,3.3218802638247,501482.36544778943,58393.20271202473,0.0,,-8.588026382470026,-8.588026382470039,0.9877771829789059
1102255556,2024-08-05,SOFR,4.668493150684932,5Y,1000000.0,0.0438,54254.23586,0.0,,False,False,True,TERMINATION,2024-08-05,2029-04-05,USD-SOFR-1D,event_timestamp,2024-08-05 14:58:00-04:00,strict,3.3669970517744354,-43487.56385926166,429.29355670126165,0.0,,101.30029482255645,101.30029482255645,126.38027059361302
1107959172,2024-08-08,SOFR,2.1315068493150684,2Y,290000000.0,0.046865,4177137.64,0.0,,False,False,True,TERMINATION,2024-05-13,2026-06-30,USD-SOFR-1D,event_timestamp,2024-08-08 12:15:00-04:00,strict,3.990146199920419,-3880874.9642743208,55731.3676443039,0.0,,69.63538000795806,69.63538000795806,74.95128536338602
1115390878,2024-08-15,SOFR,10.008219178082191,10Y,2000000.0,0.0423,118101.0,0.0,-724179.0,False,False,True,TERMINATION,2023-12-13,2033-12-13,USD-SOFR-1D,event_timestamp,2024-08-15 03:05:00-04:00,strict,3.549035788157531,-117698.62113953033,1728.4112599849554,0.0,,68.09642118424684,68.09642118424686,68.32922391458384
1115390932,2024-08-15,SOFR,10.008219178082191,10Y,4000000.0,0.042627,259819.61027,0.0,-724179.0,False,False,True,TERMINATION,2024-02-14,2034-02-14,USD-SOFR-1D,event_timestamp,2024-08-15 03:05:00-04:00,strict,3.5091667424732917,-258955.72143834922,3436.553315354772,0.0,,75.3533257526708,75.35332575267087,75.60470809782201
1116924571,2024-08-16,SOFR,10.008219178082191,10Y,11000000.0,0.02513,776361.4192,0.0,-1520696.0,False,False,True,TERMINATION,2022-05-20,2032-05-20,USD-SOFR-1D,event_timestamp,2024-08-15 23:59:00-04:00,asof2h,3.518327474520553,774578.2706728517,7704.735922414266,3600.0,,-100.53274745205529,-100.5327474520553,100.76418283739548
1116924573,2024-08-16,SOFR,10.008219178082191,10Y,11000000.0,0.026415,677268.93654,0.0,-1520696.0,False,False,True,TERMINATION,2022-05-20,2032-05-20,USD-SOFR-1D,event_timestamp,2024-08-15 23:59:00-04:00,asof2h,3.518327474520553,675572.4140698281,7704.735922414266,3600.0,,-87.68274745205527,-87.68274745205527,87.90293961532416
1116924576,2024-08-16,SOFR,10.008219178082191,10Y,6000000.0,0.026147,380692.68088,0.0,-1520696.0,False,False,True,TERMINATION,2022-05-20,2032-05-20,USD-SOFR-1D,event_timestamp,2024-08-15 23:59:00-04:00,asof2h,3.518327474520553,379756.9670955811,4202.583230407781,3600.0,,-90.36274745205529,-90.36274745205532,90.58539950511842
1116924583,2024-08-16,SOFR,10.008219178082191,10Y,15000000.0,0.027747,783479.0,0.0,-1520696.0,False,False,True,TERMINATION,2022-05-20,2032-05-20,USD-SOFR-1D,event_timestamp,2024-08-15 23:59:00-04:00,asof2h,3.518327474520553,781289.0885226415,10506.458076019453,3600.0,,-74.36274745205526,-74.3627474520553,74.57118225106306
1116924589,2024-08-16,SOFR,10.008219178082191,10Y,29000000.0,0.028437,1374440.3617,0.0,-1520696.0,False,False,True,TERMINATION,2022-05-20,2032-05-20,USD-SOFR-1D,event_timestamp,2024-08-15 23:59:00-04:00,asof2h,3.518327474520553,1370336.0870763399,20312.48561363761,3600.0,,-67.46274745205527,-67.46274745205525,67.6648041920194
1116924608,2024-08-16,SOFR,10.008219178082191,10Y,15000000.0,0.03598,43745.05576,0.0,-1520696.0,False,False,True,TERMINATION,2022-12-01,2032-12-01,USD-SOFR-1D,event_timestamp,2024-08-15 23:59:00-04:00,asof2h,3.633407225832434,41862.960555679165,11823.281709162322,3600.0,,-3.5407225832434275,-3.540722583243358,3.6999080996353366
1116924609,2024-08-16,SOFR,10.002739726027396,10Y,52000000.0,0.0123,9125127.05248,0.0,-1520696.0,False,False,True,TERMINATION,2022-11-14,2032-11-12,USD-SOFR-1D,event_timestamp,2024-08-15 23:59:00-04:00,asof2h,3.645747080667044,9915822.603875522,41046.6090727409,3600.0,,-241.57470806670437,-241.57470806670435,222.31134942983647
1118472003,2024-08-16,SOFR,5.002739726027397,5Y,200000000.0,0.04,4704330.0,0.0,,False,False,True,TERMINATION,2029-05-02,2034-05-02,USD-SOFR-1D,event_timestamp,2024-08-16 13:35:00-04:00,strict,3.398222691713568,-4692823.00471874,77982.7178608912,0.0,,60.17773082864322,60.17773082864323,60.325289103052015
1119922526,2024-08-19,SOFR,10.005479452054795,10Y,4000000.0,0.04119,213500.0,0.0,,False,False,True,TERMINATION,2024-05-31,2034-05-31,USD-SOFR-1D,event_timestamp,2024-08-19 07:54:00-04:00,strict,3.4848846702629355,-215168.1195262326,3393.2016690946734,0.0,,63.41153297370643,63.411532973706436,62.91992661224969
1119971471,2024-08-19,SOFR,2.0027397260273974,2Y,57000000.0,0.036163,453955.08518,0.0,,False,False,True,TERMINATION,2026-07-13,2028-07-13,USD-SOFR-1D,event_timestamp,2024-08-19 11:03:00-04:00,strict,3.1693369235216524,-458305.04036463145,10253.756170993995,0.0,,44.69630764783474,44.69630764783473,44.27207723781809
1120284515,2024-08-19,SOFR,1.621917808219178,~19M,13000000.0,0.0512,153413.24237,0.0,,False,False,True,TERMINATION,2024-08-19,2026-04-03,USD-SOFR-1D,event_timestamp,2024-08-19 12:59:00-04:00,strict,3.9832212090754466,-232115.23999125173,2041.1997781005316,0.0,,113.67787909245534,113.71510152095449,75.1583671602987
1120844554000007001,2025-11-20,SOFR,1.0,1Y,110000000.0,0.03147,6285.72,0.0,,False,False,True,TERMINATION,2026-08-24,2027-08-24,USD-SOFR-1D,event_timestamp,2025-11-20 09:14:00-05:00,strict,3.151385325519828,4608.081530780997,10507.957755805846,0.0,,-0.4385325519828065,-0.43853255198280033,0.5981866454047191
1121739626000001801,2025-11-20,SOFR,5.002739726027397,5Y,3000000.0,0.0345,18148.0,0.0,,False,False,False,TERMINATION,2025-12-15,2030-12-15,USD-SOFR-1D,event_timestamp,2025-11-20 10:35:00-05:00,strict,3.3743791002771624,-10395.143011427077,1374.63889606272,0.0,,7.562089972283781,7.562089972283734,13.20201258088944
1121904815000001301,2025-11-20,SOFR,4.441095890410959,4Y,200000000.0,0.03736,3345417.5,0.0,,False,False,True,TERMINATION,2026-06-01,2030-11-08,USD-SOFR-1D,event_timestamp,2025-11-20 11:39:00-05:00,strict,3.302390185624229,-3509609.216854859,80939.33994338501,0.0,,43.360981437577095,43.36098143757709,41.332404024298114
1123088140,2024-08-21,SOFR,2.0,2Y,10000000.0,0.04,6090.0,0.0,,False,False,True,TERMINATION,2024-08-27,2026-08-27,USD-SOFR-1D,event_timestamp,2024-08-21 04:25:00-04:00,strict,3.782018906834029,-41631.290325105656,1909.857856039258,0.0,,21.798109316597092,21.798109316597174,3.188718982798905
1123704875000000501,2025-11-20,SOFR,0.0821917808219178,1M,250000000.0,0.03951,1100.0,0.0,,False,False,True,TERMINATION,2025-11-24,2025-12-24,USD-SOFR-1D,event_timestamp,2025-11-20 12:55:00-05:00,strict,3.9544499999994533,715.6874631030951,2074.4564151207783,0.0,,-0.3449999999452835,-0.3449999999452515,0.530259393247342
1124045044000001101,2025-11-20,SOFR,3.4986301369863013,3Y,3000000.0,0.0573,3169.344,0.0,,False,False,True,TERMINATION,2025-11-18,2029-05-18,USD-SOFR-1D,event_timestamp,2025-11-20 13:38:00-05:00,strict,3.3056942768868463,-239732.43372170324,988.8704689186342,0.0,,242.43057231131533,242.43057231131533,3.205014306338618
1124045046000001301,2025-11-20,SOFR,6.005479452054795,6Y,3000000.0,0.0562,8698.248,0.0,,False,False,True,TERMINATION,2023-08-01,2029-08-01,USD-SOFR-1D,event_timestamp,2025-11-20 13:38:00-05:00,strict,3.393816206346103,-251956.48204634583,1131.786525284162,0.0,,222.6183793653897,222.61837936538973,7.685413994318493
1125990101,2024-08-23,SOFR,2.0027397260273974,2Y,120000000.0,0.0315,2086.96,0.0,9.9999999999,False,False,True,TERMINATION,2027-08-27,2029-08-27,USD-SOFR-1D,event_timestamp,2024-08-23 00:43:00-04:00,asof2h,3.146825948506973,-6632.004028281197,20894.443719172792,6240.0,,0.31740514930267416,0.3174051493027141,0.09988109892033165
1129149444,2024-08-26,SOFR,1.8356164383561644,~22M,23000000.0,0.0413535,108431.68247,0.0,,False,False,True,TERMINATION,2024-03-01,2025-12-31,USD-SOFR-1D,event_timestamp,2024-08-26 13:54:00-04:00,strict,4.3972132435761635,107982.90158039425,4123.6372125279795,0.0,,-26.186324357616364,-26.18632435761626,26.295155679693362
1130566363,2024-08-27,SOFR,20.013698630136986,20Y,8000000.0,0.0379,420500.0,0.0,,False,False,True,TERMINATION,2026-02-18,2046-02-18,USD-SOFR-1D,event_timestamp,2024-08-27 08:59:00-04:00,strict,3.4193149034797363,-405712.37194060907,10944.933469113183,0.0,,37.068509652026414,37.06850965202643,38.41960311468857
1132674607,2024-08-28,SOFR,5.002739726027397,5Y,220000000.0,0.033578,14310.9393,0.0,,False,False,False,TERMINATION,2024-08-30,2029-08-30,USD-SOFR-1D,event_timestamp,2024-08-28 12:56:00-04:00,strict,3.3554902999500236,-23235.093217760324,100597.88160807641,0.0,,0.23097000499761045,0.23097000499754974,0.14225885347918757
1134085962,2024-08-29,SOFR,5.463013698630137,5Y,25000000.0,0.03875,178379.67,0.0,,False,False,True,TERMINATION,2024-08-30,2030-02-14,USD-SOFR-1D,event_timestamp,2024-08-29 06:03:00-04:00,strict,3.3393688358667872,-664812.4570513926,12411.758343583833,0.0,,53.563116413321275,53.56311641332129,14.371829120586453
1134695942,2024-08-29,FED_FUNDS,7.0,7Y,5000000.0,0.03531,87000.0,0.0,,False,False,True,TERMINATION,2024-08-30,2031-08-29,USD-FEDFUNDS-1D,event_timestamp,2024-08-29 17:04:00-04:00,strict,3.3070280802883616,-69565.07845807506,3105.973219662505,0.0,,22.397191971163856,22.397191971163874,28.010544150620017
1136658187,2024-08-30,SOFR,20.013698630136986,20Y,6000000.0,0.04151,495000.0,0.0,,False,False,True,TERMINATION,2028-11-06,2048-11-06,USD-SOFR-1D,event_timestamp,2024-08-30 14:28:00-04:00,strict,3.477853143550286,-501562.720697924,7451.014825252954,0.0,,67.31468564497138,67.31468564497139,66.4339035163838
1142412362,2024-09-04,SOFR,0.0821917808219178,1M,250000000.0,0.05162,2200.0,0.0,,False,False,True,TERMINATION,2024-09-06,2024-10-06,USD-SOFR-1D,event_timestamp,2024-09-04 12:44:00-04:00,strict,5.151410000000198,-2268.4209209037945,2142.040529694403,0.0,,1.0589999999801591,1.0589999999801225,1.0270580642626148
1143953592,2024-09-05,SOFR,5.002739726027397,5Y,52000000.0,0.034056,139955.9031,0.0,,False,False,True,TERMINATION,2029-08-16,2034-08-16,USD-SOFR-1D,event_timestamp,2024-09-05 10:39:00-04:00,strict,3.334457548742367,-144876.57465967443,20364.29334364991,0.0,,7.114245125763308,7.114245125763253,6.872612800170731
1145267033,2024-09-06,SOFR,20.013698630136986,20Y,5000000.0,0.04151,553500.0,0.0,,False,False,True,TERMINATION,2028-11-06,2048-11-06,USD-SOFR-1D,event_timestamp,2024-09-06 08:29:00-04:00,strict,3.26872715220031,-562815.1369190677,6379.150603157267,0.0,,88.227284779969,88.22728477996908,86.76703756234463
1145705531,2024-09-06,SOFR,10.005479452054795,10Y,160000000.0,0.038,7745236.0,0.0,9.9999999999,False,False,True,TERMINATION,2024-10-30,2034-10-30,USD-SOFR-1D,event_timestamp,2024-09-06 14:44:00-04:00,strict,3.2187614963695084,-7891460.692176394,135769.75102105772,0.0,,58.123850363049144,58.12385036304912,57.046845425817445
1146948320,2024-09-09,SOFR,2.978082191780822,3Y,11000000.0,0.06275,79543.0316,0.0,,False,False,True,TERMINATION,2024-09-09,2027-09-01,USD-SOFR-1D,event_timestamp,2024-09-09 11:27:00-04:00,strict,3.281793913294586,-928569.0451389055,3102.2556357319536,0.0,,299.32060867054145,299.32060867054133,25.640385880460308
1146948321,2024-09-09,SOFR,2.978082191780822,3Y,23000000.0,0.06275,166312.34928,0.0,,False,False,True,TERMINATION,2024-09-09,2027-09-01,USD-SOFR-1D,event_timestamp,2024-09-09 11:27:00-04:00,strict,3.281793913294586,-1941553.4580177115,6486.534511075903,0.0,,299.32060867054145,299.32060867054133,25.639630683536478
1147535190,2024-09-09,SOFR,2.0,2Y,200000000.0,0.03,107088.0,0.0,,False,False,True,TERMINATION,2025-04-25,2027-04-25,USD-SOFR-1D,event_timestamp,2024-09-09 16:32:00-04:00,strict,2.9789719444771134,-79398.24167031422,37758.24235574201,0.0,,2.1028055522886557,2.1028055522886353,2.836148965597039
1149425478,2024-09-10,SOFR,4.989041095890411,5Y,2000000.0,0.01755,48489.525,0.0,,False,False,True,TERMINATION,2024-09-10,2029-09-05,USD-SOFR-1D,event_timestamp,2024-09-10 14:31:00-04:00,strict,3.117154994485478,125231.35478363611,919.3620057234331,0.0,,-136.21549944854783,-136.2154994485478,52.742580939968555
1153368106,2024-09-13,SOFR,30.019178082191782,30Y,40000000.0,0.031618,108624.65,0.0,,False,False,False,TERMINATION,2024-09-13,2054-09-13,USD-SOFR-1D,event_timestamp,2024-09-13 02:50:00-04:00,strict,3.149838682023985,-91910.62629732117,76839.88209461594,0.0,,1.196131797601474,1.1961317976015116,1.413649358106071
1155668244,2024-09-16,SOFR,1.0,1Y,210000000.0,0.05214,862316.5,0.0,,False,False,True,TERMINATION,2024-04-23,2025-04-23,USD-SOFR-1D,event_timestamp,2024-09-16 12:37:00-04:00,strict,4.799955204371816,-858864.9382257257,20743.285443853176,0.0,,41.40447956281834,41.404479562818324,41.57087373328938
1156331473,2024-09-17,SOFR,30.02191780821918,30Y,63000000.0,0.0192,15223207.33934,0.0,,False,False,True,TERMINATION,2022-04-08,2052-04-08,USD-SOFR-1D,event_timestamp,2024-09-17 09:32:00-04:00,strict,3.203350684322571,15134658.977306917,117930.81316114232,0.0,,-128.33506843225712,-128.33506843225703,129.08591852528647
1157845818,2024-09-18,SOFR,20.013698630136986,20Y,6000000.0,0.04151,632727.8,0.0,,False,False,True,TERMINATION,2028-11-06,2048-11-06,USD-SOFR-1D,event_timestamp,2024-09-18 15:34:00-04:00,strict,3.337225786573092,-621253.5430638357,7634.224982967413,0.0,,81.37742134269077,81.37742134269081,82.88042354157339
1165180176,2024-09-24,SOFR,1.5041095890410958,18M,140000000.0,0.04989,1987099.25166,0.0,,False,False,True,TERMINATION,2024-05-29,2025-11-29,USD-SOFR-1D,event_timestamp,2024-09-24 14:06:00-04:00,strict,4.0202924724382125,-2000426.3179014353,20650.46735970409,0.0,,96.87075275617873,96.8707527561788,96.22538885185183
1165333938,2024-09-24,SOFR,1.4712328767123288,~18M,11000000.0,0.045295,109585.98,0.0,,False,False,False,TERMINATION,2024-09-24,2026-03-15,USD-SOFR-1D,event_timestamp,2024-09-24 15:27:00-04:00,strict,3.472660928476185,-166702.9748263607,1577.3733136682577,0.0,,105.68390715238154,105.68390715238164,69.47371243726225
1167410827,2024-09-25,SOFR,1.5890410958904109,~19M,54000000.0,0.03445,3336.41652,0.0,,False,False,False,TERMINATION,2024-09-27,2026-04-30,USD-SOFR-1D,event_timestamp,2024-09-25 14:20:00-04:00,strict,3.4410672147991748,-3274.7653956897557,8326.835126929112,0.0,,0.3932785200825517,0.3932785200825118,0.4006824284547172
1167542628,2024-09-25,SOFR,29.665753424657535,30Y,56000000.0,0.036364,2340000.0,0.0,,False,False,True,TERMINATION,2024-09-25,2054-05-19,USD-SOFR-1D,event_timestamp,2024-09-25 17:06:00-04:00,strict,3.3251801500724736,-3258293.928974755,104694.28379113725,0.0,,31.12198499275265,31.121984992752598,22.350790465965147
1167628016000000201,2025-11-24,SOFR,7.865753424657535,8Y,140000000.0,0.04727,1772996.5,0.0,,False,False,True,TERMINATION,2025-11-24,2033-10-04,USD-SOFR-1D,event_timestamp,2025-11-24 16:05:00-05:00,strict,3.476209814182371,-12067113.069773741,96475.91743682878,0.0,,125.07901858176291,125.07901858176301,18.37760704541562
1169118755000000301,2025-11-24,SOFR,7.865753424657535,8Y,140000000.0,0.04727,1772996.5,0.0,,False,False,True,TERMINATION,2025-11-24,2033-10-04,USD-SOFR-1D,event_timestamp,2025-11-24 17:03:00-05:00,strict,3.469620259319385,-12133457.992541768,96497.96000350676,0.0,,125.73797406806153,125.73797406806149,18.373409136686092
1169199749,2024-09-26,SOFR,0.08493150684931507,1M,3000000000.0,0.04848,1250.0,0.0,,False,False,False,TERMINATION,2024-09-30,2024-10-31,USD-SOFR-1D,event_timestamp,2024-09-26 08:37:00-04:00,strict,4.850858751947157,7346.671574825421,25698.877379453425,0.0,,-0.285875194715679,-0.2858751947156718,0.04864025698645462
1169269729,2024-09-26,SOFR,30.019178082191782,30Y,40000000.0,0.031618,1225375.92,0.0,,False,False,True,TERMINATION,2024-09-13,2054-09-13,USD-SOFR-1D,event_timestamp,2024-09-26 10:49:00-04:00,strict,3.3237863301746597,1220938.2195226364,75372.91685083367,0.0,,-16.19863301746598,-16.198633017466033,16.25750960952026
1171660698,2024-09-27,SOFR,3.0027397260273974,3Y,90000000.0,0.03496,147671.44,0.0,,False,False,True,TERMINATION,2031-01-04,2034-01-04,USD-SOFR-1D,event_timestamp,2024-09-27 16:45:00-04:00,strict,3.4236666483060905,-151216.94704166893,20905.563408919355,0.0,,7.233335169390953,7.23333516939095,7.063738829301104
1175037168,2024-10-01,SOFR,10.008219178082191,10Y,30000000.0,0.03259,408282.0,0.0,,False,False,True,TERMINATION,2022-12-13,2032-12-13,USD-SOFR-1D,event_timestamp,2024-10-01 12:39:00-04:00,strict,3.4321409297082877,415798.7156120576,24015.04464095266,0.0,,-17.314092970828774,-17.31409297082877,17.00109269435877
1175780669,2024-10-02,SOFR,4.504109589041096,5Y,100000000.0,0.0364,971743.0,0.0,,False,False,True,TERMINATION,2024-06-11,2028-12-11,USD-SOFR-1D,event_timestamp,2024-10-02 11:07:00-04:00,strict,3.4148201279424075,-948966.0569682848,42142.57909896914,0.0,,22.517987205759262,22.517987205759262,23.058460606265317
1175780787,2024-10-02,SOFR,1.0,1Y,160000000.0,0.0515,674366.66875,0.0,,False,False,True,TERMINATION,2024-05-07,2025-05-07,USD-SOFR-1D,event_timestamp,2024-10-02 11:07:00-04:00,strict,4.7226928918537245,-675923.4462638693,15818.212086293845,0.0,,42.73071081462749,42.73071081462759,42.63229403368064
1177868903,2024-10-04,SOFR,5.002739726027397,5Y,4000000.0,0.03342,45500.0,0.0,,False,False,True,TERMINATION,2023-01-20,2028-01-20,USD-SOFR-1D,event_timestamp,2024-10-04 15:49:00-04:00,strict,3.921048445302629,87873.74227585143,1517.5542390054395,0.0,,-57.90484453026292,-57.90484453026292,29.982453892270343
1178765991,2024-10-07,SOFR,5.136986301369863,5Y,27000000.0,0.03223,338204.8,0.0,,False,False,True,TERMINATION,2024-10-07,2029-11-25,USD-SOFR-1D,event_timestamp,2024-10-07 12:57:00-04:00,strict,3.5456012602858133,406586.9353841287,12606.871265963788,0.0,,-32.260126028581304,-32.251216563291,26.82702098442856
1178765992,2024-10-07,SOFR,5.96986301369863,6Y,10000000.0,0.0042,1571151.61,0.0,,False,False,True,TERMINATION,2024-10-07,2030-09-25,USD-SOFR-1D,event_timestamp,2024-10-07 12:57:00-04:00,strict,3.5372874020425176,1667030.1548263398,5347.694773776918,0.0,,-311.7287402042518,-311.7287402042518,293.79979158577567
1178798459,2024-10-07,SOFR,6.002739726027397,6Y,100000000.0,0.03141,2246922.0,0.0,,False,False,True,TERMINATION,2024-09-13,2030-09-13,USD-SOFR-1D,event_timestamp,2024-10-07 13:35:00-04:00,strict,3.549309369668448,2199727.9136960916,53874.049363165504,0.0,,-40.83093696684479,-40.83093696684472,41.7069447453908
1178798860,2024-10-07,SOFR,6.002739726027397,6Y,100000000.0,0.0315,2197993.0,0.0,,False,False,True,TERMINATION,2024-09-13,2030-09-13,USD-SOFR-1D,event_timestamp,2024-10-07 13:36:00-04:00,strict,3.5471610368581,2139835.9010481015,53878.29375147477,0.0,,-39.716103685810026,-39.71610368581001,40.79551980875111
1181156515,2024-10-08,SOFR,5.002739726027397,5Y,340000000.0,0.035,386968.943,0.0,,False,False,False,TERMINATION,2024-10-16,2029-10-16,USD-SOFR-1D,event_timestamp,2024-10-08 12:32:00-04:00,strict,3.5314230425246422,486255.05885059386,154744.74136909735,0.0,,-3.1423042524641787,-3.1423042524642417,2.5006920401708594
1181276647,2024-10-08,SOFR,6.002739726027397,6Y,100000000.0,0.031205,2330900.45,0.0,,False,False,True,TERMINATION,2024-09-13,2030-09-13,USD-SOFR-1D,event_timestamp,2024-10-08 13:45:00-04:00,strict,3.552619324787634,2328465.2636652663,53884.77510950458,0.0,,-43.21193247876343,-43.211932478763465,43.25712495344273
1181279876,2024-10-08,SOFR,6.002739726027397,6Y,100000000.0,0.03112,2373549.59,0.0,,False,False,True,TERMINATION,2024-09-13,2030-09-13,USD-SOFR-1D,event_timestamp,2024-10-08 13:52:00-04:00,strict,3.554377123734792,2383649.5134108663,53882.74812419725,0.0,,-44.23771237347922,-44.23771237347925,44.050269754784544
1183456473,2024-10-09,SOFR,6.002739726027397,6Y,150000000.0,0.031916,3051653.07988,0.0,,False,False,True,TERMINATION,2024-09-20,2030-09-20,USD-SOFR-1D,event_timestamp,2024-10-09 10:53:00-04:00,strict,3.570818383765775,3060496.0628048033,80705.37172836869,0.0,,-37.9218383765775,-37.92183837657748,37.8122671951874
1183829839,2024-10-09,SOFR,6.002739726027397,6Y,92000000.0,0.03231,1744214.0,0.0,,False,False,True,TERMINATION,2024-09-27,2030-09-27,USD-SOFR-1D,event_timestamp,2024-10-09 13:16:00-04:00,strict,3.5833976252979154,1742209.092168741,49438.72963661115,0.0,,-35.23976252979155,-35.23976252979148,35.2803159146781
1186227231,2024-10-10,SOFR,5.980821917808219,6Y,10000000.0,0.032575,185000.0,0.0,,False,False,True,TERMINATION,2024-10-10,2030-10-02,USD-SOFR-1D,event_timestamp,2024-10-10 11:31:00-04:00,strict,3.567458332809862,165949.1511723213,5353.918046594972,0.0,,-30.99583328098623,-30.995833280986243,34.55413369983461
1186492515,2024-10-10,SOFR,0.5808219178082191,7M,200000000.0,0.04405,3611.50144,0.0,,False,False,False,TERMINATION,2024-10-15,2025-05-15,USD-SOFR-1D,event_timestamp,2024-10-10 14:17:00-04:00,strict,4.40593000000106,1066.4584333943203,11467.294969650862,0.0,,-0.09300000010599163,-0.0930000001061096,0.31493926419073853
1187767797,2024-10-11,SOFR,2.0,2Y,150000000.0,0.04625,1834470.46416,0.0,,False,False,True,TERMINATION,2024-10-15,2026-10-15,USD-SOFR-1D,event_timestamp,2024-10-11 10:34:00-04:00,strict,3.7815167251502233,-2419224.123054307,28681.352614670002,0.0,,84.34832748497767,84.3483274849777,63.96038878660489
1188157051000000501,2025-11-25,SOFR,0.29863013698630136,4M,120000000.0,0.04778,32090.27,0.0,,False,False,True,TERMINATION,2025-09-15,2026-01-02,USD-SOFR-1D,event_timestamp,2025-11-25 14:33:00-05:00,strict,4.071563907618239,-255508.99927962502,3616.8735153122234,0.0,,70.64360923817618,70.6436092381761,8.872378274812254
1188182807,2024-10-11,SOFR,12.167123287671233,12Y,4000000.0,0.065,613059.671,0.0,,False,False,True,TERMINATION,2024-10-11,2036-12-08,USD-SOFR-1D,event_timestamp,2024-10-11 14:14:00-04:00,strict,3.6398873276832506,-1123004.618417328,3926.434889390813,0.0,,286.01126723167494,286.01126723167494,156.13646686373966
1197038906,2024-10-17,SOFR,1.0,1Y,85000000.0,0.033775,15698.0,0.0,,False,False,True,TERMINATION,2026-10-13,2027-10-13,USD-SOFR-1D,event_timestamp,2024-10-17 14:04:00-04:00,strict,3.3963744556248185,14586.33034230955,7728.080021089368,0.0,,-1.8874455624818598,-1.8874455624818216,2.0312936663649057
1197226465,2024-10-17,SOFR,2.6575342465753424,3Y,4000000.0,0.0503,126764.572,0.0,,False,False,True,TERMINATION,2024-10-17,2027-06-14,USD-SOFR-1D,event_timestamp,2024-10-17 15:54:00-04:00,strict,3.681928424554541,-135810.4450591489,1007.4423905442234,0.0,,134.80715754454584,134.80715754454573,125.82811006346616
1197226466,2024-10-17,SOFR,1.632876712328767,~20M,1000000.0,0.0437,32739.7725,0.0,,False,False,False,TERMINATION,2024-10-17,2026-06-05,USD-SOFR-1D,event_timestamp,2024-10-17 15:53:00-04:00,strict,3.86280439813059,-7991.789461795997,157.56819326390115,0.0,,50.71956018694102,50.719560186941074,207.7816075809551
1197490870,2024-10-18,SOFR,2.0054794520547947,2Y,140000000.0,0.0345382,49498.112,0.0,9.9999999999,False,False,True,TERMINATION,2027-10-21,2029-10-22,USD-SOFR-1D,event_timestamp,2024-10-18 01:39:00-04:00,strict,3.448608209390892,-12634.16628263332,24241.507823729975,0.0,,0.5211790609108036,0.5211790609107967,2.0418743074862022
1198955076,2024-10-18,SOFR,1.5068493150684932,18M,390000000.0,0.0469524,2266613.25,0.0,9.9999999999,False,False,True,TERMINATION,2024-03-14,2025-09-15,USD-SOFR-1D,event_timestamp,2024-10-18 09:16:00-04:00,strict,4.265333143693914,-1631939.593028726,37960.306263801795,0.0,,42.99068563060864,42.99068563060862,59.71008859223557
1198969394,2024-10-18,SOFR,4.504109589041096,5Y,100000000.0,0.03751,134355.0,0.0,,False,False,True,TERMINATION,2024-06-12,2028-12-12,USD-SOFR-1D,event_timestamp,2024-10-18 10:50:00-04:00,strict,3.721630017298129,-123053.66326353513,41897.7649774691,0.0,,2.936998270187141,2.9369982701871646,3.206734298888034
1204112315,2024-10-22,SOFR,36.276712328767125,36Y,69000000.0,0.03221,5294196.7028,0.0,,False,False,True,TERMINATION,2024-09-30,2060-12-31,USD-SOFR-1D,event_timestamp,2024-10-22 17:41:00-04:00,strict,3.5670717640800174,4766524.006019123,137732.24229056234,0.0,,-34.60717640800173,-34.6071764080017,38.43832507737201
1205633947,2024-10-23,SOFR,10.005479452054795,10Y,25000000.0,0.03675,130600.0,0.0,,False,False,False,TERMINATION,2025-04-29,2035-04-29,USD-SOFR-1D,event_timestamp,2024-10-23 08:39:00-04:00,strict,3.7332471069374913,118644.6558160577,20369.192918608478,0.0,,-5.824710693749147,-5.824710693749123,6.41164333421817
1205634227,2024-10-23,SOFR,2.0027397260273974,2Y,2000000.0,0.0105,86554.93,0.0,,False,False,True,TERMINATION,2022-12-15,2024-12-15,USD-SOFR-1D,event_timestamp,2024-10-23 08:41:00-04:00,strict,5.324489050797747,86519.63228975226,202.40929678742566,0.0,,-427.4489050797747,-427.4489050797747,427.62329287128415
1205734405,2024-10-23,SOFR,6.693150684931507,7Y,170000000.0,0.0325,4464250.864,0.0,,False,False,True,TERMINATION,2024-10-23,2031-07-02,USD-SOFR-1D,event_timestamp,2024-10-23 11:41:00-04:00,strict,3.716063363667149,4669871.193735052,100198.20388779066,0.0,,-46.6063363667149,-46.6063363667149,44.5542004824697
1206203565,2024-10-23,SOFR,4.506849315068493,5Y,1000000.0,0.02588,34729.24,0.0,,False,False,True,TERMINATION,2023-07-19,2028-01-19,USD-SOFR-1D,event_timestamp,2024-10-23 16:25:00-04:00,strict,4.1097234581541695,57772.88264669369,379.65428171010404,0.0,,-152.17234581541695,-152.17234581541697,91.47596029621104
1206318987000001801,2025-11-26,SOFR,5.002739726027397,5Y,110000000.0,0.0325162,379298.3616,0.0,,False,False,True,TERMINATION,2025-10-20,2030-10-20,USD-SOFR-1D,event_timestamp,2025-11-26 10:11:00-05:00,strict,3.3294219140628885,395049.6947648898,50776.34651064845,0.0,,-7.780191406288806,-7.780191406288808,7.469981352842239
1206507032000001901,2025-11-26,SOFR,30.019178082191782,30Y,28000000.0,0.0397814,56584.6,0.0,,False,False,True,TERMINATION,2025-11-17,2055-11-17,USD-SOFR-1D,event_timestamp,2025-11-26 10:45:00-05:00,strict,3.9554815301971145,-112068.32849611342,49459.795595657975,0.0,,2.2658469802885772,2.265846980288608,1.1440524433741797
1206578216000000101,2025-11-26,SOFR,3.073972602739726,3Y,2000000.0,0.03241108,418.76814,0.0,,False,False,False,TERMINATION,2025-11-26,2028-12-22,USD-SOFR-1D,event_timestamp,2025-11-26 11:00:00-05:00,strict,3.2473899361612144,366.3000806461205,583.1006098211097,0.0,,-0.6281936161214308,-0.6281936161214069,0.718174759118284
1211164275,2024-10-28,SOFR,10.005479452054795,10Y,4000000.0,0.03695,32501.79554,0.0,-28381.0,False,False,False,TERMINATION,2024-11-27,2034-11-27,USD-SOFR-1D,event_timestamp,2024-10-28 03:27:00-04:00,strict,3.792493241156346,32218.28925200645,3304.6690078073416,0.0,,-9.749324115634606,-9.74932411563462,9.83511373248392
1212564119,2024-10-28,SOFR,30.019178082191782,30Y,22000000.0,0.033,1607926.63056,0.0,,False,False,True,TERMINATION,2024-11-01,2054-11-01,USD-SOFR-1D,event_timestamp,2024-10-28 14:06:00-04:00,strict,3.7099432343909937,1609523.8551879413,39262.11534089658,0.0,,-40.99432343909935,-40.99432343909942,40.95364237507438
1212628592,2024-10-28,SOFR,4.504109589041096,5Y,100000000.0,0.03546,1519753.995,0.0,,False,False,True,TERMINATION,2024-06-14,2028-12-14,USD-SOFR-1D,event_timestamp,2024-10-28 15:19:00-04:00,strict,3.90942611435731,1518036.4131919313,41770.15225987421,0.0,,-36.34261143573103,-36.342611435731044,36.383731271669944
1212630183,2024-10-28,SOFR,4.504109589041096,5Y,100000000.0,0.03752,678948.0,0.0,,False,False,True,TERMINATION,2024-06-14,2028-12-14,USD-SOFR-1D,event_timestamp,2024-10-28 15:20:00-04:00,strict,3.9095519799428753,658095.245974727,41770.03971726257,0.0,,-15.75519799428755,-15.755197994287562,16.254425530732902
1212631736,2024-10-28,SOFR,2.0027397260273974,2Y,150000000.0,0.04202,1442818.30224,0.0,,False,False,True,TERMINATION,2023-12-22,2025-12-22,USD-SOFR-1D,event_timestamp,2024-10-28 15:22:00-04:00,strict,4.684423012902859,1429938.2340968195,29640.75501897237,0.0,,-48.24230129028591,-48.242301290285916,48.67684042854121
1212632248,2024-10-28,SOFR,1.5013698630136987,18M,280000000.0,0.0476,1527743.73958,0.0,,False,False,True,TERMINATION,2024-06-24,2025-12-24,USD-SOFR-1D,event_timestamp,2024-10-28 15:22:00-04:00,strict,4.388262443580462,-1531019.32457643,41185.489551358194,0.0,,37.173755641953846,37.173755641953775,37.094223140771646
1212632270,2024-10-28,SOFR,4.504109589041096,5Y,100000000.0,0.03765,626749.0,0.0,,False,False,True,TERMINATION,2024-06-13,2028-12-13,USD-SOFR-1D,event_timestamp,2024-10-28 15:23:00-04:00,strict,3.9113749248431766,611453.959633721,41773.135684873654,0.0,,-14.637492484317649,-14.637492484317686,15.00363785778596
1214896860,2024-10-29,SOFR,6.005479452054795,6Y,7000000.0,0.03385,171633.0,0.0,,False,False,True,TERMINATION,2023-04-25,2029-04-25,USD-SOFR-1D,event_timestamp,2024-10-29 16:45:00-04:00,strict,3.9163408280658794,171833.9423298859,3233.9683542741222,0.0,,-53.134082806587955,-53.13408280658787,53.07194789743814
1216843580,2024-10-30,SOFR,20.013698630136986,20Y,350000.0,0.0333365,20000.0,0.0,,False,False,True,TERMINATION,2024-09-24,2044-09-24,USD-SOFR-1D,event_timestamp,2024-10-30 12:27:00-04:00,strict,3.8020500687533376,23004.77033847844,491.1350760410099,0.0,,-46.84000687533376,-46.84000687533369,40.721994774264495
1217198109,2024-10-30,SOFR,1.0,1Y,800000000.0,0.034,775000.0,0.0,9.9999999999,False,False,True,TERMINATION,2024-12-26,2025-12-26,USD-SOFR-1D,event_timestamp,2024-10-30 16:38:00-04:00,strict,4.052471262198342,5044253.806731213,77309.97668366012,0.0,,-65.24712621983414,-65.24712621983423,10.024579404171524
1218840734,2024-10-31,SOFR,12.172602739726027,12Y,3000000.0,0.07,39546.57841,0.0,,False,False,True,TERMINATION,2024-10-31,2036-12-30,USD-SOFR-1D,event_timestamp,2024-10-31 10:42:00-04:00,strict,3.829852826513451,-921228.9909254643,2905.950230418766,0.0,,317.014717348655,317.01471734865515,13.60882853258677
1221401359,2024-11-01,SOFR,10.005479452054795,10Y,4000000.0,0.03955,41749.81866,0.0,36589.0,False,False,True,TERMINATION,2024-11-04,2034-11-04,USD-SOFR-1D,event_timestamp,2024-11-01 12:05:00-04:00,strict,3.8260488172240508,-42672.25631408207,3309.179132402737,0.0,,12.89511827759493,12.89511827759487,12.616367077622112
1223856823,2024-11-04,SOFR,4.991780821917808,5Y,12000000.0,0.0357,112613.36594,0.0,,False,False,True,TERMINATION,2024-11-04,2029-10-31,USD-SOFR-1D,event_timestamp,2024-11-04 10:42:00-05:00,strict,3.7720486433156974,109584.25584412878,5423.657097905157,0.0,,-20.204864331569716,-20.20486433156971,20.763363890297562
1223856826,2024-11-04,SOFR,4.991780821917808,5Y,9000000.0,0.03564,86582.66592,0.0,,False,False,True,TERMINATION,2024-11-04,2029-10-31,USD-SOFR-1D,event_timestamp,2024-11-04 10:42:00-05:00,strict,3.7720486433156974,84628.83757715416,4067.7428234288677,0.0,,-20.80486433156978,-20.80486433156977,21.285186816952187
1223856943,2024-11-04,SOFR,4.920547945205479,5Y,57000000.0,0.03169982,1620840.81775,0.0,,False,False,True,TERMINATION,2024-11-04,2029-10-05,USD-SOFR-1D,event_timestamp,2024-11-04 10:42:00-05:00,strict,3.7723684806626,1532103.766278251,25433.90025275797,0.0,,-60.23864806626005,-60.2386480662601,63.72757625225967
1223856944,2024-11-04,SOFR,4.991780821917808,5Y,9000000.0,0.03834,23618.9568,0.0,,False,False,False,TERMINATION,2024-11-04,2029-10-31,USD-SOFR-1D,event_timestamp,2024-11-04 10:42:00-05:00,strict,3.7720486433156974,-25200.218655425357,4067.7428234288677,0.0,,6.195135668430263,6.195135668430251,5.806403655600481
1223856978,2024-11-04,SOFR,4.994520547945205,5Y,15000000.0,0.03613,110470.21031,0.0,,False,False,True,TERMINATION,2024-11-04,2029-11-01,USD-SOFR-1D,event_timestamp,2024-11-04 10:42:00-05:00,strict,3.7720642074657347,107900.61908142641,6783.463156201905,0.0,,-15.906420746573424,-15.906420746573422,16.28522301458962
1223856980,2024-11-04,SOFR,4.920547945205479,5Y,120000000.0,0.03169983,3412297.51005,0.0,,False,False,True,TERMINATION,2024-11-04,2029-10-05,USD-SOFR-1D,event_timestamp,2024-11-04 10:42:00-05:00,strict,3.772368480662601,3225476.2587120533,53545.053163700984,0.0,,-60.23854806626012,-60.23854806626009,63.72759589233631
1223857059,2024-11-04,SOFR,4.936986301369863,5Y,10000000.0,0.03151,291753.04824,0.0,,False,False,True,TERMINATION,2024-11-04,2029-10-11,USD-SOFR-1D,event_timestamp,2024-11-04 10:42:00-05:00,strict,3.772277960856284,278069.81485429243,4475.7714320179575,0.0,,-62.1277960856284,-62.12779608562835,65.18497485213615
1223857169,2024-11-04,SOFR,5.005479452054795,5Y,210000000.0,0.03657098,1111598.98536,0.0,,False,False,False,TERMINATION,2024-11-04,2029-11-05,USD-SOFR-1D,event_timestamp,2024-11-04 10:43:00-05:00,strict,3.7712723760212103,1086433.9814556837,95155.67496982543,0.0,,-11.417437602120994,-11.417437602120945,11.681899011409422
1223857301,2024-11-04,SOFR,4.835616438356165,5Y,44000000.0,0.0336,938346.2256,0.0,,False,False,True,TERMINATION,2024-11-04,2029-09-04,USD-SOFR-1D,event_timestamp,2024-11-04 10:43:00-05:00,strict,3.77217461599923,796703.1515409313,19329.262904982497,0.0,,-41.21746159992301,-41.217461599922956,48.545370313015034
1223857808,2024-11-04,SOFR,4.863013698630137,5Y,1000000.0,0.03294,23682.12384,0.0,,False,False,True,TERMINATION,2024-11-04,2029-09-14,USD-SOFR-1D,event_timestamp,2024-11-04 10:43:00-05:00,strict,3.771972591372978,21104.942290703242,441.5513079961169,0.0,,-47.79725913729784,-47.79725913729791,53.633911645457665
1223857809,2024-11-04,SOFR,4.86027397260274,5Y,63000000.0,0.03210251,1735407.1908,0.0,,False,False,True,TERMINATION,2024-11-04,2029-09-13,USD-SOFR-1D,event_timestamp,2024-11-04 10:43:00-05:00,strict,3.7719808500507934,1561878.7972847577,27804.803272311896,0.0,,-56.17298500507935,-56.17298500507936,62.413935240035435
1223857884,2024-11-04,SOFR,4.863013698630137,5Y,1000000.0,0.030135,36458.10916,0.0,,False,False,True,TERMINATION,2024-11-04,2029-09-14,USD-SOFR-1D,event_timestamp,2024-11-04 10:43:00-05:00,strict,3.771972591372978,33490.45647999429,441.5513079961169,0.0,,-75.8472591372978,-75.84725913729784,82.56822819856899
1223857885,2024-11-04,SOFR,4.8712328767123285,5Y,12000000.0,0.02985,452483.37265,0.0,,False,False,True,TERMINATION,2024-11-04,2029-09-17,USD-SOFR-1D,event_timestamp,2024-11-04 10:43:00-05:00,strict,3.7719228474410857,417589.66083168145,5306.615028266101,0.0,,-78.69228474410855,-78.6922847441085,85.26779693642969
1223857887,2024-11-04,SOFR,4.8712328767123285,5Y,12000000.0,0.032565,304064.181,0.0,,False,False,True,TERMINATION,2024-11-04,2029-09-17,USD-SOFR-1D,event_timestamp,2024-11-04 10:43:00-05:00,strict,3.7719228474410857,273515.0628142576,5306.615028266101,0.0,,-51.54228474410863,-51.542284744108656,57.299084139395504
1223858028,2024-11-04,SOFR,4.882191780821918,5Y,340000000.0,0.03126914,10517211.81489,0.0,,False,False,True,TERMINATION,2024-11-04,2029-09-21,USD-SOFR-1D,event_timestamp,2024-11-04 10:44:00-05:00,strict,3.771231361060294,9707417.508277424,150662.0509542508,0.0,,-64.43173610602938,-64.43173610602928,69.80664174074995
1223858080,2024-11-04,SOFR,4.882191780821918,5Y,140000000.0,0.03126915,4330648.90608,0.0,,False,False,True,TERMINATION,2024-11-04,2029-09-21,USD-SOFR-1D,event_timestamp,2024-11-04 10:44:00-05:00,strict,3.771231361060294,3997165.7114415504,62037.31509880915,0.0,,-64.43163610602936,-64.43163610602933,69.8071620150294
1223858082,2024-11-04,SOFR,4.890410958904109,5Y,260000000.0,0.03180231,7398799.73776,0.0,,False,False,True,TERMINATION,2024-11-04,2029-09-24,USD-SOFR-1D,event_timestamp,2024-11-04 10:44:00-05:00,strict,3.7711870661835554,6818761.910669945,115385.25959647223,0.0,,-59.09560661835553,-59.09560661835545,64.12257305339728
1223858083,2024-11-04,SOFR,4.890410958904109,5Y,43000000.0,0.031725,1238777.3216,0.0,,False,False,True,TERMINATION,2024-11-04,2029-09-24,USD-SOFR-1D,event_timestamp,2024-11-04 10:44:00-05:00,strict,3.7711870661835554,1142471.342150582,19082.94677941656,0.0,,-59.8687066183555,-59.868706618355496,64.9154103880949
1223858190,2024-11-04,SOFR,4.841095890410959,5Y,8000000.0,0.03344974,174106.85775,0.0,,False,False,True,TERMINATION,2024-11-04,2029-09-06,USD-SOFR-1D,event_timestamp,2024-11-04 10:44:00-05:00,strict,3.771508779927066,150068.37935151043,3518.3151858605947,0.0,,-42.65347799270663,-42.653477992706634,49.48586142870333
1223858323,2024-11-04,SOFR,4.852054794520548,5Y,27000000.0,0.03230068,726303.65571,0.0,,False,False,True,TERMINATION,2024-11-04,2029-09-10,USD-SOFR-1D,event_timestamp,2024-11-04 10:45:00-05:00,strict,3.7726728824811504,645571.5318139689,11897.635879389545,0.0,,-54.26048824811507,-54.260488248115095,61.04604839758013
1223858391,2024-11-04,SOFR,4.9150684931506845,5Y,1000000.0,0.03349,20379.0764,0.0,,False,False,True,TERMINATION,2024-11-04,2029-10-03,USD-SOFR-1D,event_timestamp,2024-11-04 10:45:00-05:00,strict,3.7722737650824185,18869.65860269955,445.802696961984,0.0,,-42.327376508241876,-42.32737650824187,45.71321918615005
1223858717,2024-11-04,SOFR,4.958904109589041,5Y,11000000.0,0.03521753,131503.75184,0.0,,False,False,True,TERMINATION,2024-11-04,2029-10-19,USD-SOFR-1D,event_timestamp,2024-11-04 10:45:00-05:00,strict,3.772104682147122,123742.91630257526,4942.763525345781,0.0,,-25.035168214712257,-25.035168214712147,26.60530918901292
1223858885,2024-11-04,SOFR,4.972602739726027,5Y,40000000.0,0.03593117,341513.6707,0.0,,False,False,True,TERMINATION,2024-11-04,2029-10-24,USD-SOFR-1D,event_timestamp,2024-11-04 10:45:00-05:00,strict,3.7720366246223334,322387.9598557111,18018.591338776554,0.0,,-17.891962462233344,-17.89196246223324,18.95340563971015
1223859008,2024-11-04,SOFR,4.975342465753425,5Y,38000000.0,0.03680201,173118.0828,0.0,,False,False,False,TERMINATION,2024-11-04,2029-10-25,USD-SOFR-1D,event_timestamp,2024-11-04 10:45:00-05:00,strict,3.772048592792142,157299.80525466613,17126.176143848228,0.0,,-9.18475927921416,-9.184759279214157,10.108390883401285
1223859592,2024-11-04,SOFR,1.9616438356164383,2Y,99000000.0,0.03741008,404964.42622,0.0,,False,False,True,TERMINATION,2024-11-04,2026-10-21,USD-SOFR-1D,event_timestamp,2024-11-04 10:47:00-05:00,strict,3.92945289299351,349915.52157070953,18568.586073742008,0.0,,-18.844489299351032,-18.844489299351014,21.80911484653447
1223859593,2024-11-04,SOFR,1.9671232876712328,2Y,180000000.0,0.03775755,591191.40285,0.0,,False,False,False,TERMINATION,2024-11-04,2026-10-23,USD-SOFR-1D,event_timestamp,2024-11-04 10:47:00-05:00,strict,3.9289276373916366,518388.4226045422,33843.40907306496,0.0,,-15.317263739163645,-15.317263739163716,17.468435333262953
1223859649,2024-11-04,SOFR,1.9863013698630136,2Y,100000000.0,0.038345,191759.30961,0.0,,False,False,False,TERMINATION,2024-11-04,2026-10-30,USD-SOFR-1D,event_timestamp,2024-11-04 10:48:00-05:00,strict,3.922681196306363,167335.56663398817,18976.3321028923,0.0,,-8.818119630636323,-8.818119630636287,10.105183054884078
1223859650,2024-11-04,SOFR,1.9808219178082191,2Y,23000000.0,0.03911965,12304.28264,0.0,,False,False,False,TERMINATION,2024-11-04,2026-10-28,USD-SOFR-1D,event_timestamp,2024-11-04 10:48:00-05:00,strict,3.92319051168635,4887.6521392399445,4354.057325674942,0.0,,-1.122551168635022,-1.1225511686349439,2.8259349199295754
1223859803,2024-11-04,SOFR,1.9863013698630136,2Y,100000000.0,0.038415,178373.79382,0.0,,False,False,False,TERMINATION,2024-11-04,2026-10-30,USD-SOFR-1D,event_timestamp,2024-11-04 10:48:00-05:00,strict,3.922681196306363,154052.13416196406,18976.3321028923,0.0,,-8.118119630636311,-8.118119630636315,9.399803547536616
1223859850,2024-11-04,SOFR,1.9232876712328768,~23M,11000000.0,0.03521,96941.3831,0.0,,False,False,True,TERMINATION,2024-11-04,2026-10-07,USD-SOFR-1D,event_timestamp,2024-11-04 10:48:00-05:00,strict,3.928847483063441,82592.0869332517,2025.0728608861932,0.0,,-40.78474830634411,-40.78474830634416,47.87056553490003
1223859914,2024-11-04,SOFR,1.9232876712328768,~23M,930000.0,0.035445,7736.2805,0.0,,False,False,True,TERMINATION,2024-11-04,2026-10-07,USD-SOFR-1D,event_timestamp,2024-11-04 10:48:00-05:00,strict,3.928847483063442,6580.4403736779495,171.21070551128724,0.0,,-38.43474830634421,-38.43474830634424,45.185728759758994
1223860138,2024-11-04,SOFR,2.0,2Y,62000000.0,0.03855979,84592.64198,0.0,,False,False,False,TERMINATION,2024-11-04,2026-11-04,USD-SOFR-1D,event_timestamp,2024-11-04 10:48:00-05:00,strict,3.9214326239875614,77525.63962346036,11844.361687015768,0.0,,-6.545362398756183,-6.545362398756099,7.142017798454569
1223860184,2024-11-04,SOFR,1.8794520547945206,~23M,100000000.0,0.0337,1232537.87696,0.0,,False,False,False,TERMINATION,2024-11-04,2026-09-21,USD-SOFR-1D,event_timestamp,2024-11-04 10:48:00-05:00,strict,3.933529094481475,1014997.5577723105,18011.449057590362,0.0,,-56.3529094481475,-56.35290944814745,68.43080048801434
1223860497,2024-11-04,SOFR,1.8986301369863015,~23M,100000000.0,0.03367,1208703.54924,0.0,,False,False,False,TERMINATION,2024-11-04,2026-09-28,USD-SOFR-1D,event_timestamp,2024-11-04 10:48:00-05:00,strict,3.9314333295375827,1026471.5258504245,18185.877270773002,0.0,,-56.44333295375827,-56.44333295375823,66.46385715923307
1223860519,2024-11-04,SOFR,1.8904109589041096,~23M,110000000.0,0.035425,962985.0105,0.0,,False,False,True,TERMINATION,2024-11-04,2026-09-25,USD-SOFR-1D,event_timestamp,2024-11-04 10:48:00-05:00,strict,3.9323348123546027,776479.1106135286,19918.15728112099,0.0,,-38.983481235460275,-38.983481235460374,48.34709340370282
1223860576,2024-11-04,SOFR,1.8986301369863015,~23M,210000000.0,0.03397,2417640.89844,0.0,,False,False,False,TERMINATION,2024-11-04,2026-09-28,USD-SOFR-1D,event_timestamp,2024-11-04 10:49:00-05:00,strict,3.9304798964947087,2037400.689792063,38190.7678842078,0.0,,-53.34798964947085,-53.34798964947089,63.30432804520054
1223860696,2024-11-04,SOFR,1.8465753424657534,~22M,100000000.0,0.037045,654369.248,0.0,,False,False,False,TERMINATION,2024-11-04,2026-09-09,USD-SOFR-1D,event_timestamp,2024-11-04 10:49:00-05:00,strict,3.936376982009334,410698.2264518067,17711.90149590938,0.0,,-23.18769820093336,-23.187698200933355,36.94517204440916
1223860714,2024-11-04,SOFR,1.9095890410958904,~23M,16000000.0,0.03518,143612.26274,0.0,,False,False,True,TERMINATION,2024-11-04,2026-10-02,USD-SOFR-1D,event_timestamp,2024-11-04 10:49:00-05:00,strict,3.9293196242626243,120315.16711058817,2925.101551531327,0.0,,-41.131962426262405,-41.13196242626233,49.096504928116836
1223860716,2024-11-04,SOFR,1.8465753424657534,~22M,100000000.0,0.03712,639879.96404,0.0,,False,False,False,TERMINATION,2024-11-04,2026-09-09,USD-SOFR-1D,event_timestamp,2024-11-04 10:49:00-05:00,strict,3.936376982009334,397414.3003298752,17711.90149590938,0.0,,-22.437698200933376,-22.437698200933383,36.12711849079458
1223860770,2024-11-04,SOFR,1.8520547945205479,~22M,12000000.0,0.036735,82671.48255,0.0,,False,False,False,TERMINATION,2024-11-04,2026-09-11,USD-SOFR-1D,event_timestamp,2024-11-04 10:49:00-05:00,strict,3.9357302355143577,55881.14578784036,2130.9955230079013,0.0,,-26.223023551435798,-26.22302355143576,38.794770640019536
1226024817,2024-11-05,SOFR,10.008219178082191,10Y,170000000.0,0.035255,6396936.732,0.0,-647180.0,False,False,True,TERMINATION,2024-01-05,2034-01-05,USD-SOFR-1D,event_timestamp,2024-11-05 08:31:00-05:00,strict,3.965814075165932,6393324.974928223,145199.19610834392,0.0,,-44.031407516593205,-44.031407516593184,44.05628201430791
1226024820,2024-11-05,SOFR,10.008219178082191,10Y,170000000.0,0.03593,5383812.0508,0.0,-647180.0,False,False,True,TERMINATION,2024-01-09,2034-01-09,USD-SOFR-1D,event_timestamp,2024-11-05 08:31:00-05:00,strict,3.963711537496172,5380170.412153199,145130.91360715366,0.0,,-37.071153749617245,-37.07115374961717,37.096245844445825
1226024821,2024-11-05,SOFR,30.02191780821918,30Y,39000000.0,0.034575,2139974.70976,0.0,-647180.0,False,False,True,TERMINATION,2024-01-09,2054-01-09,USD-SOFR-1D,event_timestamp,2024-11-05 08:31:00-05:00,strict,3.751764527356426,2118466.179759003,71991.89786110452,0.0,,-29.426452735642616,-29.426452735642624,29.72521593872547
1226024823,2024-11-05,SOFR,30.02191780821918,30Y,20000000.0,0.03584,602193.7614,0.0,-647180.0,False,False,True,TERMINATION,2024-02-01,2054-02-01,USD-SOFR-1D,event_timestamp,2024-11-05 08:31:00-05:00,strict,3.7446637605282302,591826.2615272943,36836.325726566356,0.0,,-16.06637605282306,-16.06637605282302,16.347823772382863
1226024826,2024-11-05,SOFR,30.019178082191782,30Y,9000000.0,0.03213,752620.682,0.0,-647180.0,False,False,True,TERMINATION,2024-09-10,2054-09-10,USD-SOFR-1D,event_timestamp,2024-11-05 08:31:00-05:00,strict,3.6758201257986984,750306.4715953618,16211.621530082382,0.0,,-46.282012579869836,-46.28201257986986,46.42476266815337
1226024831,2024-11-05,SOFR,30.02191780821918,30Y,8000000.0,0.034575,438969.21132,0.0,-647180.0,False,False,True,TERMINATION,2024-01-09,2054-01-09,USD-SOFR-1D,event_timestamp,2024-11-05 08:31:00-05:00,strict,3.7517645273564257,434557.1650787685,14767.568792021439,0.0,,-29.42645273564257,-29.42645273564253,29.72521865326705
1226024834,2024-11-05,SOFR,30.02191780821918,30Y,8000000.0,0.03359,586551.658,0.0,-647180.0,False,False,True,TERMINATION,2024-01-05,2054-01-05,USD-SOFR-1D,event_timestamp,2024-11-05 08:31:00-05:00,strict,3.7530211845586843,582120.2123939786,14773.830321990697,0.0,,-39.40211845586843,-39.402118455868454,39.702070838523426
1226024841,2024-11-05,SOFR,5.005479452054795,5Y,15000000.0,0.037115,267339.80632,0.0,-647180.0,False,False,True,TERMINATION,2024-02-01,2029-02-01,USD-SOFR-1D,event_timestamp,2024-11-05 08:31:00-05:00,strict,4.094824757288735,267731.85847279197,6984.465609956045,0.0,,-38.33247572887348,-38.33247572887353,38.27634371037907
1226024846,2024-11-05,SOFR,30.019178082191782,30Y,2000000.0,0.03213,167248.465,0.0,-647180.0,False,False,True,TERMINATION,2024-09-10,2054-09-10,USD-SOFR-1D,event_timestamp,2024-11-05 08:31:00-05:00,strict,3.6758201257987,166734.77146563656,3602.5825622405296,0.0,,-46.28201257987001,-46.28201257987002,46.42460293706199
1226024847,2024-11-05,SOFR,30.02191780821918,30Y,8000000.0,0.03359,586551.658,0.0,-647180.0,False,False,True,TERMINATION,2024-01-05,2054-01-05,USD-SOFR-1D,event_timestamp,2024-11-05 08:31:00-05:00,strict,3.7530211845586843,582120.2123939786,14773.830321990697,0.0,,-39.40211845586843,-39.402118455868454,39.702070838523426
1226024851,2024-11-05,SOFR,10.008219178082191,10Y,34000000.0,0.03593,1076753.6829,0.0,-647180.0,False,False,True,TERMINATION,2024-01-09,2034-01-09,USD-SOFR-1D,event_timestamp,2024-11-05 08:31:00-05:00,strict,3.9637115374961707,1076034.0824306402,29026.182721430738,0.0,,-37.07115374961711,-37.071153749617174,37.09594517590514
1226024852,2024-11-05,SOFR,5.005479452054795,5Y,31000000.0,0.036115,739008.7958,0.0,-647180.0,False,False,True,TERMINATION,2024-01-05,2029-01-05,USD-SOFR-1D,event_timestamp,2024-11-05 08:31:00-05:00,strict,4.122350743872034,739507.2549753999,14475.994482659364,0.0,,-51.08507438720342,-51.08507438720342,51.05064088586457
1226024856,2024-11-05,SOFR,30.019178082191782,30Y,8000000.0,0.0338649,421996.99456,0.0,-647180.0,False,False,True,TERMINATION,2024-09-04,2054-09-04,USD-SOFR-1D,event_timestamp,2024-11-05 08:31:00-05:00,strict,3.677700840459645,419884.6174257351,14418.577851119557,0.0,,-29.121084045964494,-29.12108404596452,29.267587893714033
1226024860,2024-11-05,SOFR,5.002739726027397,5Y,31000000.0,0.0341142,649672.37857,0.0,-647180.0,False,False,True,TERMINATION,2024-09-04,2029-09-04,USD-SOFR-1D,event_timestamp,2024-11-05 08:31:00-05:00,strict,3.872228618834535,650072.2242381647,14107.206281911771,0.0,,-46.08086188345353,-46.08086188345356,46.05251852048187
1226572900,2024-11-05,SOFR,10.005479452054795,10Y,13000000.0,0.038365,52455.4069,0.0,,False,False,True,TERMINATION,2024-10-31,2034-10-31,USD-SOFR-1D,event_timestamp,2024-11-05 15:52:00-05:00,strict,3.778817440647701,-62148.70250806585,10774.262308384908,0.0,,5.768255935229938,5.768255935229974,4.8685845395816445
1228980086,2024-11-06,SOFR,10.005479452054795,10Y,34000000.0,0.031765,2193883.35424,0.0,,False,False,True,TERMINATION,2024-09-12,2034-09-12,USD-SOFR-1D,event_timestamp,2024-11-06 16:11:00-05:00,strict,3.9542066750490363,2187812.611175446,28131.591014536436,0.0,,-77.7706675049036,-77.77066750490356,77.98646557552875
1231230675,2024-11-07,SOFR,10.0,10Y,2000000.0,0.01305,390257.379,0.0,,False,False,True,TERMINATION,2021-12-09,2031-12-07,USD-SOFR-1D,event_timestamp,2024-11-07 14:31:00-05:00,strict,4.05372313540103,389735.7657409306,1418.7139397732933,0.0,,-274.87231354010294,-274.71060572169284,275.0782719893216
1233183842,2024-11-08,SOFR,3.0054794520547947,3Y,89000000.0,0.03925,51000.0,0.0,,False,False,False,TERMINATION,2024-11-13,2027-11-15,USD-SOFR-1D,event_timestamp,2024-11-08 12:06:00-05:00,strict,3.9314999386497123,16267.305052125826,25026.85937327507,0.0,,-0.6499938649712433,-0.6499938649712024,2.0378106273478465
1237885756,2024-11-12,SOFR,1.1232876712328768,~13M,250000000.0,0.0416997,595761.6,0.0,,False,False,True,TERMINATION,2024-08-16,2025-09-30,USD-SOFR-1D,event_timestamp,2024-11-12 10:04:00-05:00,strict,4.411622770006693,589553.4490558337,24396.7180280824,0.0,,-24.16527700066924,-24.165277000669303,24.419743643970264
1238141090,2024-11-12,SOFR,10.005479452054795,10Y,50000000.0,0.0386768,277553.55096,0.0,,False,False,False,TERMINATION,2024-11-13,2034-11-13,USD-SOFR-1D,event_timestamp,2024-11-12 12:31:00-05:00,strict,3.9349243253571995,276248.9933190495,41081.38372295673,0.0,,-6.724432535719993,-6.72443253572003,6.756187981197431
1238407711,2024-11-12,SOFR,5.002739726027397,5Y,180000000.0,0.03792,2042958.07684,0.0,,False,False,True,TERMINATION,2024-08-01,2029-08-01,USD-SOFR-1D,event_timestamp,2024-11-12 13:51:00-05:00,strict,4.044814910964677,2071699.8792380318,81945.3200498719,0.0,,-25.281491096467647,-25.281491096467693,24.930747425193488
1240237137,2024-11-13,SOFR,2.8767123287671232,3Y,390000000.0,0.04049,556006.62136,0.0,3649164.0,False,False,False,TERMINATION,2024-11-14,2027-09-30,USD-SOFR-1D,event_timestamp,2024-11-13 09:56:00-05:00,strict,3.994761421639988,-570991.244258821,105274.00634818073,0.0,,5.423857836001167,5.423857836001209,5.281518587989109
1240761273,2024-11-13,SOFR,5.002739726027397,5Y,170000000.0,0.039911,482750.43957,0.0,,False,False,True,TERMINATION,2024-06-27,2029-06-27,USD-SOFR-1D,event_timestamp,2024-11-13 14:50:00-05:00,strict,4.050825949144279,464568.5141149834,77783.36230249442,0.0,,-5.972594914427898,-5.97259491442793,6.206345743870199
1244660208,2024-11-15,SOFR,5.002739726027397,5Y,490000000.0,0.04032,5329966.0,0.0,9.9999999999,False,False,True,TERMINATION,2024-02-29,2029-02-28,USD-SOFR-1D,event_timestamp,2024-11-15 08:29:00-05:00,strict,4.172750368426097,3195415.6560826898,227027.16105219274,0.0,,-14.075036842609734,-14.075036842609661,23.477217330725725
1247336812,2024-11-18,SOFR,0.0821917808219178,1M,850000000.0,0.09,3101144.4,0.0,,False,False,True,TERMINATION,2024-11-20,2024-12-20,USD-SOFR-1D,event_timestamp,2024-11-18 09:53:00-05:00,strict,4.601000000000165,-3101721.0263650804,7050.968461844047,0.0,,439.8999999999835,439.89999999998355,439.8182202603349
1249529152,2024-11-19,SOFR,6.619178082191781,7Y,69000000.0,0.0387805,412177.082,0.0,,False,False,False,TERMINATION,2024-11-19,2031-07-02,USD-SOFR-1D,event_timestamp,2024-11-19 08:37:00-05:00,strict,3.830095403375434,-192248.33933649212,40089.65831609184,0.0,,4.795459662456647,4.795459662456748,10.281381765594986
1249533758,2024-11-19,SOFR,3.0,3Y,15000000.0,0.0364537,180773.34,0.0,,False,False,True,TERMINATION,2024-08-12,2027-08-12,USD-SOFR-1D,event_timestamp,2024-11-19 08:56:00-05:00,strict,4.066794846956323,179406.97323992383,4257.152242817754,0.0,,-42.14248469563229,-42.14248469563228,42.46344262293717
1250057762,2024-11-19,SOFR,24.145205479452056,24Y,23000000.0,0.0195,7740000.0,0.0,,False,False,False,TERMINATION,2024-11-19,2049-01-05,USD-SOFR-1D,event_timestamp,2024-11-19 13:59:00-05:00,strict,3.8233295760498276,6730058.479944471,35925.65112934224,0.0,,-187.33295760498277,-187.3329576049828,215.44494690253126
1250093296,2024-11-19,SOFR,10.005479452054795,10Y,28000000.0,0.0383,28716.0,0.0,,False,False,False,TERMINATION,2025-11-21,2035-11-21,USD-SOFR-1D,event_timestamp,2024-11-19 14:30:00-05:00,strict,3.840237411392397,22736.66295470856,22209.386810024527,0.0,,-1.0237411392397089,-1.0237411392396498,1.2929668092879818
1250116696,2024-11-19,SOFR,1.5041095890410958,18M,140000000.0,0.0447,65610.25398,0.0,,False,False,True,TERMINATION,2024-07-17,2026-01-17,USD-SOFR-1D,event_timestamp,2024-11-19 15:22:00-05:00,strict,4.4386945950102525,-65936.09412571229,20720.110669057845,0.0,,3.130540498974721,3.1822269281687405,3.166501136404564
1251722680,2024-11-20,SOFR,8.389041095890411,8Y,13000000.0,0.0565,554396.86,0.0,,False,False,True,TERMINATION,2023-08-01,2031-12-19,USD-SOFR-1D,event_timestamp,2024-11-20 08:55:00-05:00,strict,4.115681271213147,-1410867.3605587655,9195.399457023523,0.0,,153.43187287868528,153.43187287868537,60.29067715775491
1253894234,2024-11-21,SOFR,30.019178082191782,30Y,11000000.0,0.0374,43760.8457,0.0,,False,False,False,TERMINATION,2025-02-14,2055-02-14,USD-SOFR-1D,event_timestamp,2024-11-21 10:28:00-05:00,strict,3.7200177611458036,-38680.20690358151,19357.29383770157,0.0,,1.9982238854196588,1.9982238854196308,2.260690263159018
1254129183,2024-11-21,SOFR,1.63013698630137,~20M,75000000.0,0.047029,40492.60853,0.0,,False,False,True,TERMINATION,2023-12-14,2025-07-31,USD-SOFR-1D,event_timestamp,2024-11-21 12:43:00-05:00,strict,4.645853121302856,-42068.411472082604,7374.358147694556,0.0,,5.704687869714409,5.704687869714389,5.491001076840727
1254242433,2024-11-21,SOFR,0.19452054794520549,2M,4400000000.0,0.043275,1524535.432,0.0,,False,False,True,TERMINATION,2024-11-21,2025-01-31,USD-SOFR-1D,event_timestamp,2024-11-21 15:03:00-05:00,strict,4.542865716887924,1851390.47085917,85964.95754348069,0.0,,-21.53657168879244,-21.536571688792435,17.734382422382943
1254274342,2024-11-21,SOFR,0.19452054794520549,2M,2000000.0,0.044225,436076.672,0.0,,False,False,True,TERMINATION,2024-11-21,2025-01-31,USD-SOFR-1D,event_timestamp,2024-11-21 15:50:00-05:00,strict,4.541562699801356,465.23847591263257,39.075082010472826,0.0,,-11.906269980135598,-11.906269980135685,11159.968183384071
1256674098,2024-11-22,SOFR,10.257534246575343,10Y,130000000.0,0.0365,2398938.1,0.0,,False,False,True,TERMINATION,2024-10-24,2035-01-24,USD-SOFR-1D,event_timestamp,2024-11-22 17:26:00-05:00,asof2h,3.909770219638519,2845898.2303209007,109554.44524322641,1620.0,,-25.977021963851897,-25.977021963851882,21.897222834491263
1258593592,2024-11-25,SOFR,5.002739726027397,5Y,68000000.0,0.0388,273310.0,0.0,,False,False,False,TERMINATION,2029-11-21,2034-11-21,USD-SOFR-1D,event_timestamp,2024-11-25 08:38:00-05:00,strict,3.7698060759456182,-280875.510495333,25489.201233701446,0.0,,11.019392405438166,11.019392405438094,10.7225800249336
1258613422,2024-11-25,SOFR,7.002739726027397,7Y,21000000.0,0.031735,839704.40936,0.0,,False,False,True,TERMINATION,2024-11-22,2031-11-22,USD-SOFR-1D,event_timestamp,2024-11-25 09:49:00-05:00,strict,3.819272784478929,827752.789647582,12818.019116669511,0.0,,-64.57727844789294,-64.57727844789297,65.50968614705728
1258658028,2024-11-25,SOFR,10.008219178082191,10Y,60000000.0,0.028155,4369580.0,0.0,,False,False,True,TERMINATION,2022-08-25,2032-08-25,USD-SOFR-1D,event_timestamp,2024-11-25 11:47:00-05:00,strict,3.871479541602048,4376109.208160255,41441.23096855811,0.0,,-105.5979541602048,-105.59795416020471,105.44040072832888
1258976713,2024-11-25,SOFR,10.002739726027396,10Y,290000000.0,0.0374,5124982.4652,0.0,,False,False,True,TERMINATION,2024-01-22,2034-01-20,USD-SOFR-1D,event_timestamp,2024-11-25 15:58:00-05:00,strict,3.9382354902352,4909187.055836946,247644.20588928644,0.0,,-19.823549023519995,-19.823549023519984,20.694941950272042
1260762855,2024-11-26,SOFR,6.002739726027397,6Y,470000000.0,0.03832,809924.01984,0.0,0.0,False,True,False,TERMINATION,2024-11-29,2030-11-29,USD-SOFR-1D,event_timestamp,2024-11-26 11:24:00-05:00,strict,3.857109778122543,627177.5300174654,249774.2222000737,0.0,,-2.5109778122543336,-2.5109778122543194,3.2426245298893814
1260762856,2024-11-26,SOFR,6.002739726027397,6Y,470000000.0,0.038335,809924.01984,0.0,0.0,False,True,False,TERMINATION,2024-11-29,2030-11-29,USD-SOFR-1D,event_timestamp,2024-11-26 11:24:00-05:00,strict,3.857109778122543,589711.396687448,249774.2222000737,0.0,,-2.360977812254328,-2.360977812254294,3.2426245298893814
1266776196,2024-11-29,SOFR,4.947945205479452,5Y,3000000.0,0.03512,49845.58969,0.0,47158.0,False,False,True,TERMINATION,2024-08-19,2029-07-30,USD-SOFR-1D,event_timestamp,2024-11-29 07:41:00-05:00,strict,3.8776036946503507,49629.64508146915,1357.4711034835964,0.0,,-36.560369465035066,-36.56036946503508,36.71944806934326
1271517529000004401,2025-12-01,SOFR,1.0,1Y,400000000.0,0.03246,1188852.0,0.0,,False,False,True,TERMINATION,2030-03-15,2031-03-15,USD-SOFR-1D,event_timestamp,2025-12-01 09:59:00-05:00,strict,3.622200710457853,1282841.1381962337,34099.912693810744,0.0,,-37.62007104578524,-37.620071045785224,34.86378427636798
1271873099,2024-12-03,SOFR,27.723287671232878,28Y,160000000.0,0.0369,1822024.94,0.0,,False,False,False,TERMINATION,2025-03-03,2052-11-15,USD-SOFR-1D,event_timestamp,2024-12-03 15:51:00-05:00,strict,3.63312236572615,-1551562.0136841089,272789.4775323733,0.0,,5.68776342738504,5.687763427385051,6.6792346848634265
1273561916,2024-12-04,SOFR,0.3287671232876712,4M,230000000.0,0.044448,14233.73111,0.0,,False,False,True,TERMINATION,2024-12-02,2025-04-01,USD-SOFR-1D,event_timestamp,2024-12-04 08:21:00-05:00,strict,4.425742197829208,-14398.864764959086,7555.364798059879,0.0,,1.9057802170792115,1.9057802170791978,1.8839237403407763
1273996105,2024-12-04,SOFR,2.0,2Y,210000000.0,0.04566,1001889.7,0.0,,False,False,True,TERMINATION,2024-06-24,2026-06-24,USD-SOFR-1D,event_timestamp,2024-12-04 13:31:00-05:00,strict,4.288464254050555,-1132117.8052591532,40791.783465088345,0.0,,27.753574594944475,27.753574594944507,24.561066344585484
1274109255000000501,2025-12-01,SOFR,1.0164383561643835,1Y,260000000.0,0.035073,193549.422,0.0,,False,False,False,TERMINATION,2025-12-01,2026-12-07,USD-SOFR-1D,event_timestamp,2025-12-01 14:24:00-05:00,strict,3.530271697662826,59418.90540447831,25866.13591934651,0.0,,-2.297169766282625,-2.297169766282566,7.482734282519377
1275860763,2024-12-05,SOFR,4.583561643835616,5Y,7000000.0,0.03501,243383.92,0.0,,False,False,True,TERMINATION,2024-12-05,2029-07-05,USD-SOFR-1D,event_timestamp,2024-12-05 10:28:00-05:00,strict,3.7888616384131444,84263.05780900153,2927.2069134847993,0.0,,-28.786163841314448,-28.786163841314355,83.14544451189985
1275997578,2024-12-05,SOFR,12.06027397260274,12Y,150000000.0,0.03829,6487.78043,0.0,,False,False,False,TERMINATION,2024-12-05,2036-12-24,USD-SOFR-1D,event_timestamp,2024-12-05 12:08:00-05:00,strict,3.733263378102123,-1387583.2271661982,144937.55886293305,0.0,,9.57366218978768,9.573662189787749,0.044762589358466234
1280511805,2024-12-09,SOFR,20.013698630136986,20Y,38000000.0,0.0372,175132.0,0.0,,False,False,False,TERMINATION,2026-06-08,2046-06-08,USD-SOFR-1D,event_timestamp,2024-12-09 08:14:00-05:00,strict,3.6779917925231316,-212127.83947797865,50496.76056632214,0.0,,4.200820747686818,4.200820747686799,3.4681828702651667
1280551357,2024-12-09,SOFR,1.2547945205479452,15M,480000000.0,0.0486672,2329859.25,0.0,,False,False,True,TERMINATION,2024-06-14,2025-09-15,USD-SOFR-1D,event_timestamp,2024-12-09 10:50:00-05:00,strict,4.372473981259474,-2322374.3556312695,46988.22585459181,0.0,,49.4246018740526,49.42460187405269,49.58389485080591
1282752659,2024-12-10,SOFR,2.904109589041096,3Y,25000000.0,0.0322,508000.0,0.0,,False,False,True,TERMINATION,2024-10-01,2027-08-27,USD-SOFR-1D,event_timestamp,2024-12-10 11:57:00-05:00,strict,3.9615995214051174,509534.52392098634,6870.750441634123,0.0,,-74.15995214051176,-74.15995214051172,73.93661060976892
1283284404,2024-12-10,SOFR,10.005479452054795,10Y,1000000.0,0.0418,32216.86208,0.0,,False,False,True,TERMINATION,2024-12-05,2034-12-05,USD-SOFR-1D,event_timestamp,2024-12-10 17:00:00-05:00,strict,3.739319183001795,-36598.891149884206,830.5079263305745,0.0,,44.06808169982046,44.06808169982043,38.79175749994761
1285279263,2024-12-11,SOFR,1.2712328767123289,15M,170000000.0,0.04085948,148418.568,0.0,,False,False,True,TERMINATION,2024-08-23,2025-11-30,USD-SOFR-1D,event_timestamp,2024-12-11 16:33:00-05:00,strict,4.175936412808252,148578.8524554046,16510.887104098452,0.0,,-8.998841280825243,-8.99884128082514,8.989133476853493
1286812648,2024-12-12,SOFR,0.2273972602739726,3M,170000000.0,0.043963,7789.42992,0.0,,False,False,False,TERMINATION,2024-12-12,2025-03-05,USD-SOFR-1D,event_timestamp,2024-12-12 08:36:00-05:00,strict,4.372458253680208,-9249.171904214658,3879.4020287586227,0.0,,2.3841746319791746,2.3841746319791244,2.0078944801945555
1286990226,2024-12-12,SOFR,0.5013698630136987,6M,360000000.0,0.044385,216894.31206,0.0,,False,False,True,TERMINATION,2024-11-27,2025-05-29,USD-SOFR-1D,event_timestamp,2024-12-12 12:06:00-05:00,strict,4.3219483606701745,-209010.71189834177,17932.884779670003,0.0,,11.655163932982582,11.655163932982562,12.094780885777332
1287285060,2024-12-12,SOFR,10.005479452054795,10Y,50000000.0,0.032,2511000.0,0.0,,False,False,True,TERMINATION,2025-06-04,2035-06-04,USD-SOFR-1D,event_timestamp,2024-12-12 14:20:00-05:00,strict,3.8143824623491156,2493138.423262989,40579.58317576932,0.0,,-61.438246234911546,-61.43824623491154,61.87840789600214
1295456463,2024-12-18,SOFR,3.0,3Y,160000000.0,0.03913,380995.22734,0.0,,False,False,True,TERMINATION,2024-12-02,2027-12-02,USD-SOFR-1D,event_timestamp,2024-12-18 09:34:00-05:00,strict,3.993947452291663,364310.1545615867,45005.75919905845,0.0,,-8.094745229166334,-8.094745229166321,8.465477177151378
1295496504,2024-12-18,SOFR,7.002739726027397,7Y,40000000.0,0.03744,384200.0,0.0,,False,False,True,TERMINATION,2024-12-12,2031-12-12,USD-SOFR-1D,event_timestamp,2024-12-18 11:21:00-05:00,strict,3.9066085954810066,396120.43669578247,24360.362717852353,0.0,,-16.260859548100637,-16.260859548100566,15.771522142338267
1295695968,2024-12-18,SOFR,1.6191780821917807,~19M,600000000.0,0.044278,397503.78,0.0,9.9999999999,False,False,True,TERMINATION,2024-07-17,2026-02-28,USD-SOFR-1D,event_timestamp,2024-12-18 12:34:00-05:00,strict,4.3839485237294475,-415904.52486662567,95056.91621567408,0.0,,4.385147627055197,4.375321033169037,4.181744956864644
1297617291,2024-12-19,SOFR,10.005479452054795,10Y,250000000.0,0.038,5650000.0,0.0,,False,False,True,TERMINATION,2024-11-07,2034-11-07,USD-SOFR-1D,event_timestamp,2024-12-19 10:08:00-05:00,strict,4.076403480977449,5672050.562776327,205209.08574371744,0.0,,-27.640348097744916,-27.640348097744884,27.532893972619714
1297744178,2024-12-19,SOFR,10.024657534246575,10Y,55000000.0,0.03948,575812.4,0.0,,False,False,True,TERMINATION,2024-11-08,2034-11-15,USD-SOFR-1D,event_timestamp,2024-12-19 12:07:00-05:00,strict,4.075517334258203,575270.4144077264,45113.11483683388,0.0,,-12.7517334258203,-12.751733425820346,12.763747351133059
1298158689,2024-12-19,SOFR,10.005479452054795,10Y,49000000.0,0.0403,180516.98163,0.0,,False,False,False,TERMINATION,2025-01-15,2035-01-15,USD-SOFR-1D,event_timestamp,2024-12-19 16:22:00-05:00,strict,4.076106116090231,183957.97164450586,39898.82194468356,0.0,,-4.610611609023074,-4.610611609023156,4.5243687114439615
1299707093,2024-12-20,SOFR,20.013698630136986,20Y,19000000.0,0.0372,746865.0,0.0,,False,False,True,TERMINATION,2026-06-08,2046-06-08,USD-SOFR-1D,event_timestamp,2024-12-20 07:41:00-05:00,strict,4.019503269981015,731503.7296561729,24423.897932818643,0.0,,-29.950326998101495,-29.95032699810147,30.579271255323658
1299791501,2024-12-20,SOFR,7.035616438356165,7Y,6000000.0,0.0646,88853.16873,0.0,,False,False,True,TERMINATION,2024-12-20,2032-01-01,USD-SOFR-1D,event_timestamp,2024-12-20 11:47:00-05:00,strict,4.006317712087521,-896939.6007081002,3655.4838624652984,0.0,,245.36822879124801,245.368228791248,24.306814657930524
1300101536,2024-12-20,SOFR,4.002739726027397,4Y,100000000.0,0.03948,1321419.0,0.0,,False,False,True,TERMINATION,2024-03-11,2028-03-11,USD-SOFR-1D,event_timestamp,2024-12-20 13:57:00-05:00,strict,4.323662130093034,1423526.886884857,37893.808634165856,0.0,,-37.56621300930338,-37.56621300930345,34.87163332557131
1300102545,2024-12-20,SOFR,4.947945205479452,5Y,80000000.0,0.03809,1587527.0,0.0,,False,False,True,TERMINATION,2024-04-01,2029-03-12,USD-SOFR-1D,event_timestamp,2024-12-20 13:57:00-05:00,strict,4.241924962062949,1587678.1211406365,36673.286603182285,0.0,,-43.29249620629496,-43.29249620629495,43.28837546461527
1304003149,2024-12-24,SOFR,1.5561643835616439,~19M,35000000.0,0.04883,181580.0,0.0,,False,False,True,TERMINATION,2024-06-11,2025-12-31,USD-SOFR-1D,event_timestamp,2024-12-24 10:46:00-05:00,strict,4.5460286299158135,-180912.90886517894,5368.791681619152,0.0,,33.69713700841865,33.69713700841865,33.821390504248065
1307438777,2024-12-27,SOFR,5.002739726027397,5Y,110000000.0,0.0409463,34263.821,0.0,,False,False,False,TERMINATION,2024-12-31,2029-12-31,USD-SOFR-1D,event_timestamp,2024-12-27 08:13:00-05:00,strict,4.094499778251178,-643.1085170283914,49385.64585801581,0.0,,0.013022174882149073,0.013022174882097004,0.6938012129781356
1307478002,2024-12-27,SOFR,6.767123287671233,7Y,16000000.0,0.0338,1903487.44,0.0,,False,False,True,TERMINATION,2024-12-27,2031-10-02,USD-SOFR-1D,event_timestamp,2024-12-27 10:48:00-05:00,strict,4.0785687257131915,657108.0262191705,9406.490757918014,0.0,,-69.85687257131916,-69.8568725713192,202.35893373920757
1313837018,2025-01-02,SOFR,10.027397260273972,10Y,230000000.0,0.0406,67269052.2,0.0,,False,False,False,TERMINATION,2025-01-02,2035-01-10,USD-SOFR-1D,event_timestamp,2025-01-02 14:16:00-05:00,strict,4.068251705257835,155507.57237270474,188455.0738467491,0.0,,-0.8251705257835695,-0.8251705257835769,356.95007211481567
1313853550,2025-01-02,SOFR,30.02191780821918,30Y,36000000.0,0.02995,5353511.13,0.0,9.9999999999,False,False,True,TERMINATION,2026-06-11,2056-06-11,USD-SOFR-1D,event_timestamp,2025-01-02 15:36:00-05:00,strict,3.891523534388125,5289074.849272691,58995.3821221489,0.0,,-89.6523534388125,-89.65235343881245,90.7445792776738
1316175888000000201,2025-12-03,SOFR,7.005479452054795,7Y,130000000.0,0.03571,412150.96,0.0,,False,False,True,TERMINATION,2025-06-30,2032-06-30,USD-SOFR-1D,event_timestamp,2025-12-03 13:00:00-05:00,strict,3.4957853345090966,-617244.5532068275,82064.38853091601,0.0,,7.5214665490903165,7.521466549090215,5.022287588784396
1316216869000001701,2025-12-03,SOFR,7.005479452054795,7Y,130000000.0,0.03571,412150.96,0.0,,False,False,True,TERMINATION,2025-06-30,2032-06-30,USD-SOFR-1D,event_timestamp,2025-12-03 13:06:00-05:00,strict,3.494087774170665,-631206.5784659088,82068.43211982104,0.0,,7.691222582933488,7.691222582933453,5.022040135947205
1317747678,2025-01-06,SOFR,9.616438356164384,10Y,30000000.0,0.0324168,2121744.6,0.0,,False,False,True,TERMINATION,2025-01-06,2034-08-17,USD-SOFR-1D,event_timestamp,2025-01-06 08:47:00-05:00,strict,4.095419341634485,2026232.6426739674,23733.621538334453,0.0,,-85.37393416344847,-85.37393416344844,89.39826551851627
1318242271,2025-01-06,SOFR,4.504109589041096,5Y,100000000.0,0.03762,1287728.93,0.0,,False,False,True,TERMINATION,2024-06-12,2028-12-12,USD-SOFR-1D,event_timestamp,2025-01-06 13:40:00-05:00,strict,4.112868757613344,1290036.8765052687,36766.93488700072,0.0,,-35.086875761334426,-35.08687576133448,35.0241034222107
1320371331,2025-01-07,SOFR,30.02191780821918,30Y,500000.0,0.04045,1000.0,0.0,9.9999999999,False,False,False,TERMINATION,2026-10-07,2056-10-07,USD-SOFR-1D,event_timestamp,2025-01-07 14:02:00-05:00,strict,4.032397589532708,-1000.8437898674165,794.1685382054515,0.0,,1.2602410467291492,1.2602410467291745,1.2591785646150842
1322244144,2025-01-08,SOFR,9.610958904109589,10Y,30000000.0,0.0404015,371300.33924,0.0,,False,False,True,TERMINATION,2025-01-08,2034-08-17,USD-SOFR-1D,event_timestamp,2025-01-08 10:03:00-05:00,strict,4.191855388988867,358604.4397467561,23638.213654563664,0.0,,-15.170538898886754,-15.17053889888684,15.707631070011741
1322244145,2025-01-08,SOFR,9.610958904109589,10Y,59000000.0,0.0404015,730227.97747,0.0,,False,False,True,TERMINATION,2025-01-08,2034-08-17,USD-SOFR-1D,event_timestamp,2025-01-08 10:03:00-05:00,strict,4.191855388988867,705255.3981686197,46488.486853975206,0.0,,-15.170538898886754,-15.170538898886827,15.70771661731465
1322285399,2025-01-08,SOFR,5.002739726027397,5Y,200000000.0,0.047,176000.0,0.0,,False,False,True,TERMINATION,2025-01-15,2030-01-15,USD-SOFR-1D,event_timestamp,2025-01-08 11:41:00-05:00,strict,4.131024992047631,-5106248.665829383,89744.69167293957,0.0,,56.897500795236944,56.89750079523704,1.9611187772687921
1324490753,2025-01-09,SOFR,2.0,2Y,1000000000.0,0.0424083,1831266.0,0.0,,False,True,True,TERMINATION,2024-07-22,2026-07-22,USD-SOFR-1D,event_timestamp,2025-01-09 11:51:00-05:00,strict,4.335110712968353,1831959.503523022,194309.04220441708,0.0,,-9.428071296835316,-9.428071296835292,9.4245022219474
1326441257,2025-01-10,SOFR,2.0,2Y,180000000.0,0.02475,7471736.98206,0.0,,False,False,True,TERMINATION,2024-04-15,2026-04-15,USD-SOFR-1D,event_timestamp,2025-01-10 10:38:00-05:00,strict,4.587710269667241,7467659.215064317,35346.34787495258,0.0,,-211.2710269667241,-211.27102696672407,211.38639297313892
1326776269,2025-01-10,SOFR,0.6328767123287671,8M,2000000.0,0.0289,45681.683,0.0,,False,False,False,TERMINATION,2025-01-10,2025-08-29,USD-SOFR-1D,event_timestamp,2025-01-10 12:44:00-05:00,strict,4.274506607096466,17283.636261972963,124.83606920605122,0.0,,-138.45066070964666,-138.45066070964663,365.9333659777366
1326851669,2025-01-10,SOFR,1.1972602739726028,~14M,270000000.0,0.041,283616.51644,0.0,,False,False,False,TERMINATION,2025-01-10,2026-03-23,USD-SOFR-1D,event_timestamp,2025-01-10 12:59:00-05:00,strict,4.225688797794755,394403.5568905659,31379.372212201124,0.0,,-12.568879779475406,-12.568879779475367,9.038310725978208
1326934055,2025-01-10,SOFR,0.6328767123287671,8M,2000000.0,0.0289,45681.683,0.0,,False,False,False,TERMINATION,2025-01-10,2025-08-29,USD-SOFR-1D,event_timestamp,2025-01-10 14:49:00-05:00,strict,4.284218074849796,17403.749808429304,124.82803172885467,0.0,,-139.4218074849796,-139.42180748497964,365.95692784155653
1326940213,2025-01-10,SOFR,0.6328767123287671,8M,2000000.0,0.0289,45681.683,0.0,,False,False,False,TERMINATION,2025-01-10,2025-08-29,USD-SOFR-1D,event_timestamp,2025-01-10 15:26:00-05:00,strict,4.2827427595287695,17385.504540186383,124.82925810412195,0.0,,-139.274275952877,-139.27427595287696,365.95333252638756
1328578306,2025-01-13,SOFR,0.2465753424657534,3M,9000000.0,0.00875,37013.75,0.0,,False,False,True,TERMINATION,2024-12-12,2025-03-12,USD-SOFR-1D,event_timestamp,2025-01-13 10:15:00-05:00,strict,4.362207689325005,77902.114724665,223.39396349445417,0.0,,-348.7207689325005,-348.7207689325005,165.68822819117437
1330774458,2025-01-14,SOFR,9.95890410958904,10Y,150000000.0,0.040689,2912012.5737,0.0,,False,False,True,TERMINATION,2025-01-14,2034-12-28,USD-SOFR-1D,event_timestamp,2025-01-14 07:48:00-05:00,strict,4.307429354096215,2881547.0874570087,120804.71598035163,0.0,,-23.852935409621523,-23.85293540962159,24.105123298113845
1331055655,2025-01-14,SOFR,3.0027397260273974,3Y,10000000.0,0.04391,63360.66,0.0,,False,False,True,TERMINATION,2023-06-01,2026-06-01,USD-SOFR-1D,event_timestamp,2025-01-14 12:33:00-05:00,strict,4.511752255605832,23526.145281225443,1948.2986187869792,0.0,,-12.075225560583203,-12.075225560583183,32.52102084815349
1331336549,2025-01-14,SOFR,1.5041095890410958,18M,48000000.0,0.0242,1050442.901,0.0,,False,False,True,TERMINATION,2024-08-25,2026-02-25,USD-SOFR-1D,event_timestamp,2025-01-14 15:16:00-05:00,strict,4.395192969496847,1396342.5327798738,7069.398050437434,0.0,,-197.5192969496847,-197.51929694968473,148.59014777573626
1331347683,2025-01-14,SOFR,30.02191780821918,30Y,15000000.0,0.03993,241300.51484,0.0,,False,False,True,TERMINATION,2026-10-20,2056-10-20,USD-SOFR-1D,event_timestamp,2025-01-14 16:10:00-05:00,strict,4.093068593949549,235737.13183737174,23557.554126944528,0.0,,-10.006859394954892,-10.006859394954828,10.243020711730283
1333529514,2025-01-15,SOFR,9.591780821917808,10Y,55000000.0,0.0366706,2217323.09454,0.0,,False,False,True,TERMINATION,2025-01-15,2034-08-17,USD-SOFR-1D,event_timestamp,2025-01-15 14:37:00-05:00,strict,4.186997486422115,2249079.7047837526,43256.73304036059,0.0,,-51.993748642211514,-51.99374864221147,51.25960604725124
1333529592,2025-01-15,SOFR,9.591780821917808,10Y,8000000.0,0.0366706,322518.47867,0.0,,False,False,True,TERMINATION,2025-01-15,2034-08-17,USD-SOFR-1D,event_timestamp,2025-01-15 14:37:00-05:00,strict,4.186997486422114,327138.8661503643,6291.888442234268,0.0,,-51.99374864221142,-51.993748642211514,51.25940830500051
1334698725000003201,2025-12-04,SOFR,10.008219178082191,10Y,36000000.0,0.0375,7641.0,0.0,,False,False,False,TERMINATION,2026-11-23,2036-11-23,USD-SOFR-1D,event_timestamp,2025-12-04 09:57:00-05:00,strict,3.755117343479715,14947.965418633074,29210.400822000545,0.0,,-0.5117343479715153,-0.5117343479715156,0.26158490760061703
1335942159,2025-01-16,SOFR,5.035616438356165,5Y,1000000.0,0.04098,3204.096,0.0,,False,False,True,TERMINATION,2023-11-20,2028-12-01,USD-SOFR-1D,event_timestamp,2025-01-16 13:48:00-05:00,strict,4.104243743494901,230.01045215298655,368.38549235864724,0.0,,-0.6243743494900755,-0.6243743494900076,8.697671505697093
1337888536,2025-01-17,SOFR,1.0,1Y,110000000.0,0.03952,140279.30028,0.0,,False,False,True,TERMINATION,2026-12-23,2027-12-23,USD-SOFR-1D,event_timestamp,2025-01-17 12:17:00-05:00,strict,4.095511591056713,141875.0077691297,9885.961595468872,0.0,,-14.351159105671307,-14.351159105671282,14.189747646227511
1345437631,2025-01-22,SOFR,10.005479452054795,10Y,48000000.0,0.03766,1696046.26769,0.0,,False,False,True,TERMINATION,2024-07-22,2034-07-22,USD-SOFR-1D,event_timestamp,2025-01-22 14:18:00-05:00,strict,4.190523551379043,1695665.8965526,39942.799193220686,0.0,,-42.45235513790426,-42.45235513790425,42.46187803427313
1349568500,2025-01-24,SOFR,9.005479452054795,9Y,28000000.0,0.0415,162683.64665,0.0,,False,False,True,TERMINATION,2021-05-11,2030-05-11,USD-SOFR-1D,event_timestamp,2025-01-24 08:50:00-05:00,strict,4.255374801925249,160437.0402774196,15225.370519911547,0.0,,-10.537480192524828,-10.537480192524844,10.685036954420545
1349606702,2025-01-24,SOFR,2.0,2Y,14000000.0,0.040935,2884.0238,0.0,,False,False,True,TERMINATION,2025-01-21,2027-01-21,USD-SOFR-1D,event_timestamp,2025-01-24 10:33:00-05:00,strict,4.104865528875137,3034.6585492957383,2670.0548497430386,0.0,,-1.1365528875137088,-1.1365528875138233,1.080136537373962
1349612238,2025-01-24,SOFR,0.589041095890411,7M,80000000.0,0.0423,1103.08,0.0,,False,False,True,TERMINATION,2025-01-28,2025-08-31,USD-SOFR-1D,event_timestamp,2025-01-24 10:50:00-05:00,strict,4.228292527833525,-787.6604296891019,4613.020611136732,0.0,,0.17074721664744885,0.17074721664749032,0.23912314576200883
1353493101,2025-01-28,SOFR,4.934246575342466,5Y,220000000.0,0.04157236,2891910.75,0.0,,False,False,True,TERMINATION,2025-01-28,2030-01-03,USD-SOFR-1D,event_timestamp,2025-01-28 08:41:00-05:00,strict,4.046806319005276,-1080260.5908709317,97823.39142341017,0.0,,11.04296809947245,11.042968099472516,29.562568910363247
1353772997,2025-01-28,SOFR,3.0027397260273974,3Y,38000000.0,0.04025,62589.3554,0.0,,False,False,True,TERMINATION,2024-11-14,2027-11-15,USD-SOFR-1D,event_timestamp,2025-01-28 12:34:00-05:00,strict,4.087249701241216,66976.39887794107,10759.31250150258,0.0,,-6.224970124121576,-6.224970124121551,5.817226276424182
1355295260,2025-01-30,SOFR,2.1424657534246574,2Y,50000000.0,0.040893,59310.0,0.0,,False,False,False,TERMINATION,2025-01-30,2027-03-23,USD-SOFR-1D,event_timestamp,2025-01-30 02:20:00-05:00,strict,4.045610961136511,-44578.93094011955,10203.687721172064,0.0,,4.368903886348896,4.368903886348936,5.8126043858570045
1356667885,2025-01-31,SOFR,5.002739726027397,5Y,8000000.0,0.04,5067.01202,0.0,,False,False,False,TERMINATION,2025-04-14,2030-04-14,USD-SOFR-1D,event_timestamp,2025-01-31 11:53:00-05:00,strict,4.0141498032817955,5058.490624692524,3574.9547353781936,0.0,,-1.4149803281795492,-1.4149803281795643,1.4173639654388412
1356668755,2025-01-31,SOFR,5.035616438356165,5Y,2000000.0,0.0675,25422.1825,0.0,,False,False,True,TERMINATION,2025-01-31,2030-02-12,USD-SOFR-1D,event_timestamp,2025-01-31 11:53:00-05:00,strict,4.027668380277623,-246589.36571476085,905.8020849785669,0.0,,272.2331619722377,272.2331619722377,28.065935066379915
1356972217,2025-01-31,SOFR,9.8,10Y,50000000.0,0.0406153,62751.25,0.0,,False,False,False,TERMINATION,2025-01-31,2034-11-17,USD-SOFR-1D,event_timestamp,2025-01-31 14:17:00-05:00,strict,4.0828252548524135,85622.32405975088,40207.23144811233,0.0,,-2.1295254852413237,-2.1295254852413055,1.5606956196668467
1359994961,2025-02-04,SOFR,8.997260273972604,9Y,100000000.0,0.02596,8265000.0,0.0,,False,False,True,TERMINATION,2022-07-28,2031-07-25,USD-SOFR-1D,event_timestamp,2025-02-04 12:43:00-05:00,strict,4.116085214344009,9415211.067928363,61938.70566652069,0.0,,-152.0085214344009,-152.00852143440096,133.43837122620766
1360010720,2025-02-04,SOFR,9.857534246575343,10Y,170000000.0,0.0122,28055000.0,0.0,,False,False,True,TERMINATION,2021-09-17,2031-07-25,USD-SOFR-1D,event_timestamp,2025-02-04 12:47:00-05:00,strict,4.117037091672955,30503734.146315087,105292.86709511912,0.0,,-289.70370916729553,-289.70370916729553,266.4472986062367
1360054768,2025-02-04,SOFR,9.991780821917809,10Y,120000000.0,0.01214,20091847.18,0.0,,False,False,True,TERMINATION,2021-09-30,2031-09-25,USD-SOFR-1D,event_timestamp,2025-02-04 13:07:00-05:00,strict,4.077960649856997,21142375.98117521,73822.15947076958,0.0,,-286.3960649856997,-286.3960649856997,272.1655302965705
1360056360,2025-02-04,SOFR,9.991780821917809,10Y,25000000.0,0.0117,4039717.5,0.0,,False,False,True,TERMINATION,2021-09-30,2031-09-25,USD-SOFR-1D,event_timestamp,2025-02-04 13:09:00-05:00,strict,4.076767457525493,4470644.940389646,15380.125881123868,0.0,,-290.6767457525493,-290.6767457525493,262.6582858439392
1360102793,2025-02-04,SOFR,9.06027397260274,9Y,53000000.0,0.014,6920347.0,0.0,,False,False,True,TERMINATION,2021-05-05,2030-05-25,USD-SOFR-1D,event_timestamp,2025-02-04 14:50:00-05:00,strict,4.156316285982588,7957751.778379924,28870.555346716963,0.0,,-275.63162859825877,-275.635563043814,239.7025937634744
1362023437,2025-02-05,SOFR,24.016438356164382,24Y,17000000.0,0.033895,1584344.04805,0.0,,False,False,True,TERMINATION,2024-11-15,2048-11-15,USD-SOFR-1D,event_timestamp,2025-02-05 09:13:00-05:00,strict,3.987270974774395,1573091.6359866038,26315.95882654399,0.0,,-59.77709747743951,-59.777097477439476,60.20468638413918
1362136725,2025-02-05,SOFR,4.002739726027397,4Y,35000000.0,0.0395,22973.0,0.0,,False,False,False,TERMINATION,2025-03-05,2029-03-05,USD-SOFR-1D,event_timestamp,2025-02-05 11:33:00-05:00,strict,3.9329171585382587,-21925.09450736083,12834.57120202484,0.0,,1.7082841461741438,1.7082841461740328,1.7899312441677582
1362551063,2025-02-05,SOFR,10.04931506849315,10Y,30000000.0,0.01548,4182903.0,0.0,,False,False,True,TERMINATION,2021-04-09,2031-04-25,USD-SOFR-1D,event_timestamp,2025-02-05 14:10:00-05:00,strict,4.0766014612068515,4759043.023629482,18820.85056360794,0.0,,-252.86014612068516,-252.8601461206851,222.248350884209
1362551637,2025-02-05,SOFR,9.873972602739727,10Y,40000000.0,0.0097,6487012.0,0.0,,False,False,True,TERMINATION,2021-02-01,2030-12-15,USD-SOFR-1D,event_timestamp,2025-02-05 14:11:00-05:00,strict,3.942688353835513,6353246.953450943,21372.06261605852,0.0,,-297.2688353835513,-297.26877875967136,303.52765273697986
1362551691,2025-02-05,SOFR,9.906849315068493,10Y,45000000.0,0.00688,7667451.0,0.0,,False,False,True,TERMINATION,2020-11-30,2030-10-25,USD-SOFR-1D,event_timestamp,2025-02-05 14:12:00-05:00,strict,3.964831750230316,7921979.974915387,24175.730030565595,0.0,,-327.6831750230316,-327.6831750230316,317.15489006147783
1362553184,2025-02-05,SOFR,9.994520547945205,10Y,22000000.0,0.01208,3600705.61382,0.0,,False,False,True,TERMINATION,2021-09-29,2031-09-25,USD-SOFR-1D,event_timestamp,2025-02-05 14:15:00-05:00,strict,3.9768369412185236,3759220.9410014385,13576.895356456283,0.0,,-276.8836941218524,-276.88369412185233,265.2083204064573
1362553246,2025-02-05,SOFR,9.991780821917809,10Y,32000000.0,0.01206,5368994.71218,0.0,,False,False,True,TERMINATION,2021-09-30,2031-09-25,USD-SOFR-1D,event_timestamp,2025-02-05 14:15:00-05:00,strict,3.976836941218524,5471907.374651245,19748.211427572773,0.0,,-277.08369412185243,-277.08369412185243,271.87245446864733
1362553450,2025-02-05,SOFR,10.005479452054795,10Y,80000000.0,0.00812,13832287.0,0.0,,False,False,True,TERMINATION,2021-01-06,2031-01-06,USD-SOFR-1D,event_timestamp,2025-02-05 14:15:00-05:00,strict,3.937820233939577,13330876.687882975,42647.61147534585,0.0,,-312.5820233939577,-312.5820233939577,324.3390783560365
1362554046,2025-02-05,SOFR,10.005479452054795,10Y,41000000.0,0.02811,2982782.06359,0.0,,False,False,True,TERMINATION,2022-08-26,2032-08-25,USD-SOFR-1D,event_timestamp,2025-02-05 14:16:00-05:00,strict,3.9926968278620576,3365200.670808034,28477.699114216975,0.0,,-118.16968278620577,-118.16968278620581,104.7409782520281
1362554318,2025-02-05,SOFR,9.978082191780821,10Y,45000000.0,0.01451,6759248.6862,0.0,,False,False,True,TERMINATION,2022-01-04,2031-12-25,USD-SOFR-1D,event_timestamp,2025-02-05 14:17:00-05:00,strict,3.9427269740543727,6852201.822788111,27499.809947631074,0.0,,-249.17269740543725,-249.17269740543725,245.79255998757418
1362554589,2025-02-05,SOFR,7.005479452054795,7Y,81000000.0,0.02325,1661109.0,0.0,,False,False,True,TERMINATION,2019-03-25,2026-03-25,USD-SOFR-1D,event_timestamp,2025-02-05 14:17:00-05:00,strict,4.577694827294322,3604698.967972493,16001.719026904513,0.0,,-225.26948272943218,-225.26948272943218,103.80815943631382
1364816917,2025-02-06,SOFR,4.989041095890411,5Y,500000000.0,0.0418,4751077.5,0.0,9.9999999999,False,False,True,TERMINATION,2024-06-05,2029-05-31,USD-SOFR-1D,event_timestamp,2025-02-06 12:19:00-05:00,strict,4.151565890420174,-656049.0999971032,230726.09260202743,0.0,,2.843410957982595,2.843410957982558,20.5918517772283
1364973638,2025-02-06,SOFR,3.3013698630136985,3Y,50000000.0,0.0313,720900.0,0.0,,False,False,True,TERMINATION,2022-07-14,2025-10-31,USD-SOFR-1D,event_timestamp,2025-02-06 13:45:00-05:00,strict,4.336655301688573,592883.6244391166,4913.446479781302,0.0,,-120.66553016885729,-120.66553016885734,146.71982344093578
1370485955,2025-02-10,SOFR,5.002739726027397,5Y,110000000.0,0.03931,1730760.0,0.0,,False,False,True,TERMINATION,2024-03-15,2029-03-15,USD-SOFR-1D,event_timestamp,2025-02-10 14:22:00-05:00,strict,4.263217449341457,1705070.1452939622,51323.91897758104,0.0,,-33.22174493414578,-33.221744934145796,33.7222884471472
1370486043,2025-02-10,SOFR,4.947945205479452,5Y,90000000.0,0.03809,1853309.0,0.0,,False,False,True,TERMINATION,2024-04-01,2029-03-12,USD-SOFR-1D,event_timestamp,2025-02-10 14:22:00-05:00,strict,4.2499622477812995,1830272.6396017596,41506.33413202081,0.0,,-44.09622477812998,-44.096224778130015,44.651233089029446
1370486387,2025-02-10,SOFR,5.002739726027397,5Y,65000000.0,0.03927,1030186.0,0.0,,False,False,True,TERMINATION,2024-03-15,2029-03-15,USD-SOFR-1D,event_timestamp,2025-02-10 14:23:00-05:00,strict,4.263475905627107,1020452.0482803732,30327.641035054374,0.0,,-33.64759056271072,-33.6475905627107,33.96855030067303
1370491223,2025-02-10,SOFR,24.016438356164382,24Y,7000000.0,0.033495,777179.48471,0.0,,False,False,True,TERMINATION,2024-11-15,2048-11-15,USD-SOFR-1D,event_timestamp,2025-02-10 14:45:00-05:00,strict,4.066496236279775,771496.3185563018,10760.116713573098,0.0,,-71.69962362797753,-71.69962362797754,72.22779319202412
1372309680,2025-02-11,SOFR,6.942465753424657,7Y,830000.0,0.0407399,900.62,0.0,,False,False,False,TERMINATION,2025-02-11,2032-01-20,USD-SOFR-1D,event_timestamp,2025-02-11 11:00:00-05:00,strict,4.091370815671426,866.6102562098531,498.60160339574225,0.0,,-1.7380815671425687,-1.7380815671425365,1.8062918247079403
1372568011,2025-02-11,SOFR,0.10410958904109589,1M,36000000.0,0.04317105,4.9643,0.0,,False,False,False,TERMINATION,2025-02-11,2025-03-21,USD-SOFR-1D,event_timestamp,2025-02-11 12:15:00-05:00,strict,4.319674347359681,97.1456163758703,378.0945227584152,0.0,,-0.2569347359679952,-0.25693473596797334,0.013129785546171363
1373235783000000201,2025-12-08,SOFR,2.0246575342465754,2Y,150000000.0,0.0321497,20588.19,0.0,,False,False,True,TERMINATION,2025-12-08,2027-12-17,USD-SOFR-1D,event_timestamp,2025-12-08 15:44:00-05:00,strict,3.381529799883761,487015.81172466464,29239.697217728673,0.0,,-16.65597998837609,-16.655979988376085,0.7041177563055244
1373363643000000501,2025-12-08,SOFR,17.956164383561642,18Y,10000000.0,0.04117,27863.969,0.0,,False,False,False,TERMINATION,2025-12-08,2043-11-18,USD-SOFR-1D,event_timestamp,2025-12-08 16:04:00-05:00,strict,4.082425987401498,-44557.53953614831,12887.581217020706,0.0,,3.45740125985019,3.457401259850134,2.1620790224933666
1374719567,2025-02-12,SOFR,5.002739726027397,5Y,90000000.0,0.04262,282961.73928,0.0,,False,False,True,TERMINATION,2024-05-15,2029-05-15,USD-SOFR-1D,event_timestamp,2025-02-12 10:35:00-05:00,strict,4.336693503063493,310742.2632409707,41602.31485954256,0.0,,-7.469350306349387,-7.469350306349455,6.8015864077596015
1374790895,2025-02-12,SOFR,9.767123287671232,10Y,62000000.0,0.0407649,1119184.584,0.0,,False,False,True,TERMINATION,2025-02-12,2034-11-17,USD-SOFR-1D,event_timestamp,2025-02-12 11:19:00-05:00,strict,4.243884403239285,825548.1050099954,49317.54521266171,0.0,,-16.739440323928534,-16.73944032392848,22.69343656854726
1374797273,2025-02-12,SOFR,10.005479452054795,10Y,100000000.0,0.038,3705000.0,0.0,,False,False,True,TERMINATION,2024-11-07,2034-11-07,USD-SOFR-1D,event_timestamp,2025-02-12 11:34:00-05:00,strict,4.2525219607289895,3710022.997919269,81985.47959844019,0.0,,-45.25219607289897,-45.25219607289891,45.19092915168468
1377139489,2025-02-13,SOFR,5.002739726027397,5Y,41000000.0,0.040772,402495.24,0.0,,False,False,False,TERMINATION,2030-01-07,2035-01-07,USD-SOFR-1D,event_timestamp,2025-02-13 11:25:00-05:00,strict,4.222078763810898,217968.20033473335,15044.868868375796,0.0,,-14.487876381089748,-14.487876381089697,26.752990904828824
1384895463000000201,2025-12-09,SOFR,6.945205479452055,7Y,17000000.0,0.03392,159064.0,0.0,,False,False,True,TERMINATION,2025-12-09,2032-11-17,USD-SOFR-1D,event_timestamp,2025-12-09 09:33:00-05:00,strict,3.556576428044747,172131.55938825803,10459.06521567334,0.0,,-16.457642804474702,-16.457642804474705,15.208242488213578
1386504608,2025-02-19,SOFR,5.002739726027397,5Y,270000000.0,0.041,30045.184,0.0,9.9999999999,False,False,False,TERMINATION,2025-05-12,2030-05-12,USD-SOFR-1D,event_timestamp,2025-02-19 06:58:00-05:00,strict,4.101677554211999,20167.484634771943,120219.57019647433,0.0,,-0.16775542119988884,-0.16775542119982884,0.24991924318891912
1386558610,2025-02-19,SOFR,30.019178082191782,30Y,15000000.0,0.03855,515000.0,0.0,,False,False,True,TERMINATION,2025-02-07,2055-02-07,USD-SOFR-1D,event_timestamp,2025-02-19 09:22:00-05:00,strict,4.057415469953705,520073.28016176634,25693.356356641834,0.0,,-20.241546995370506,-20.241546995370474,20.044092054437662
1386568239000000101,2025-12-09,SOFR,5.712328767123288,6Y,10000000.0,0.03805,236000.0,0.0,,False,False,True,TERMINATION,2025-05-22,2031-02-05,USD-SOFR-1D,event_timestamp,2025-12-09 12:47:00-05:00,strict,3.5707308426820648,-123444.06133574923,5269.326220703423,0.0,,23.426915731793542,23.426915731793542,44.78750984760542
1388810283000000301,2025-12-09,SOFR,5.002739726027397,5Y,17000000.0,0.0607,168390.40923,0.0,,False,False,True,TERMINATION,2025-12-09,2030-12-09,USD-SOFR-1D,event_timestamp,2025-12-09 17:06:00-05:00,strict,3.497152314814057,-2001987.5321537675,7781.212792661225,0.0,,257.28476851859426,257.28476851859426,21.640637997821596
1395499429,2025-02-25,SOFR,30.0,30Y,59000000.0,0.0405973,120521.725,0.0,,False,False,True,TERMINATION,2025-02-25,2055-02-18,USD-SOFR-1D,event_timestamp,2025-02-25 08:42:00-05:00,strict,3.8334804575626427,-2348204.0289631262,103788.23327845133,0.0,,22.62495424373574,22.624954243735683,1.1612272527720433
1395535778,2025-02-25,SOFR,10.016438356164384,10Y,59000000.0,0.040582,702672.401,0.0,,False,False,True,TERMINATION,2025-02-25,2035-03-01,USD-SOFR-1D,event_timestamp,2025-02-25 10:08:00-05:00,strict,3.8962754631739887,-789170.2267579138,48736.91425814489,0.0,,16.192453682601162,16.19245368260113,14.41766290902526
1397804128,2025-02-26,SOFR,5.002739726027397,5Y,11000000.0,0.03984,69489.20979,0.0,70121.0,False,False,True,TERMINATION,2025-02-25,2030-02-25,USD-SOFR-1D,event_timestamp,2025-02-26 08:51:00-05:00,strict,3.840317998768677,-71487.09449984413,4975.368792696079,0.0,,14.368200123132313,14.368200123132244,13.966645023784219
1398317287,2025-02-26,SOFR,1.83013698630137,~22M,170000000.0,0.04038,410200.0,0.0,,False,False,True,TERMINATION,2024-02-01,2025-11-30,USD-SOFR-1D,event_timestamp,2025-02-26 13:35:00-05:00,strict,4.2840720588081656,409670.36559591535,16648.390214643976,0.0,,-24.60720588081653,-24.607205880816515,24.639018830732763
1400893411000000201,2025-12-10,SOFR,2.5835616438356164,3Y,230000000.0,0.03554,1213608.78096,0.0,,False,False,True,TERMINATION,2026-12-01,2029-07-01,USD-SOFR-1D,event_timestamp,2025-12-10 12:42:00-05:00,strict,3.3564062896128988,-1086791.632948041,54986.05149276802,0.0,,19.75937103871015,19.764860422665194,22.071211662099767
1402511499,2025-02-28,SOFR,1.4958904109589042,18M,220000000.0,0.03941,1469703.0,0.0,,False,False,True,TERMINATION,2025-01-17,2026-07-17,USD-SOFR-1D,event_timestamp,2025-02-28 08:50:00-05:00,strict,4.023320594105137,263270.6776989624,31981.144033377772,0.0,,-8.232059410513681,-8.232059410513726,45.95529786133087
1402526797,2025-02-28,SOFR,28.742465753424657,29Y,37000000.0,0.0393,885669.69,0.0,,False,False,True,TERMINATION,2025-02-28,2053-11-19,USD-SOFR-1D,event_timestamp,2025-02-28 09:48:00-05:00,strict,3.7876996939541177,-912128.575901743,64098.84850195899,0.0,,14.23003060458825,14.230030604588263,13.81724805825384
1405212872,2025-03-03,SOFR,18.435616438356163,18Y,200000000.0,0.03855,2097261.9,0.0,,False,False,False,TERMINATION,2025-06-13,2043-11-15,USD-SOFR-1D,event_timestamp,2025-03-03 12:42:00-05:00,strict,3.851608925012561,-88279.61436882615,260876.65148973415,0.0,,0.3391074987439069,0.3383959962101096,8.039285570493188
1405290031,2025-03-03,SOFR,4.989041095890411,5Y,500000000.0,0.0418,4133850.0,0.0,,False,False,True,TERMINATION,2024-06-05,2029-05-31,USD-SOFR-1D,event_timestamp,2025-03-03 14:08:00-05:00,strict,3.924836628497466,-5934640.0661890805,232581.97409929446,0.0,,25.516337150253364,25.51633715025331,17.773733394468337
1405550758,2025-03-03,SOFR,4.991780821917808,5Y,390000000.0,0.04264,8396091.6,0.0,9.9999999999,False,False,True,TERMINATION,2024-06-04,2029-05-31,USD-SOFR-1D,event_timestamp,2025-03-03 16:59:00-05:00,strict,3.895779115048939,-6688944.8678421825,181655.7707945109,0.0,,36.822088495106044,36.82208849510606,46.21979011884881
1407234641,2025-03-04,SOFR,1.0,1Y,600000000.0,0.03691,132423.5,0.0,9.9999999999,False,False,True,TERMINATION,2029-02-20,2030-02-20,USD-SOFR-1D,event_timestamp,2025-03-04 09:42:00-05:00,strict,3.622052204970604,-350389.97793176025,50819.60601965204,0.0,,6.894779502939574,6.894779502939549,2.6057561317730715
1407243324,2025-03-04,SOFR,9.978082191780821,10Y,10000000.0,0.041805,412205.08911,0.0,,False,False,True,TERMINATION,2025-03-04,2035-02-22,USD-SOFR-1D,event_timestamp,2025-03-04 10:11:00-05:00,strict,3.6820107456328173,-415312.3840131997,8331.420996033841,0.0,,49.848925436718304,49.84892543671823,49.475964461072074
1409452660,2025-03-05,SOFR,1.0,1Y,230000000.0,0.036465,71466.13537,0.0,,False,False,True,TERMINATION,2028-03-06,2029-03-06,USD-SOFR-1D,event_timestamp,2025-03-05 08:21:00-05:00,strict,3.6915747490299884,90649.50112935156,20110.927532628586,0.0,,-4.507474902998876,-4.5074749029988315,3.5535971801425443
1409480581,2025-03-05,SOFR,5.002739726027397,5Y,6000000.0,0.039815,77971.81392,0.0,-72688.0,False,False,True,TERMINATION,2025-02-25,2030-02-25,USD-SOFR-1D,event_timestamp,2025-03-05 09:49:00-05:00,strict,3.6908310265554127,-79320.10268216918,2728.88095836931,0.0,,29.066897344458773,29.066897344458834,28.572816150468288
1409486375,2025-03-05,SOFR,5.005479452054795,5Y,42000000.0,0.04093,161198.0,0.0,,False,False,True,TERMINATION,2040-01-23,2045-01-23,USD-SOFR-1D,event_timestamp,2025-03-05 10:03:00-05:00,strict,3.9327453292423495,-170795.9621070018,10657.783720094601,0.0,,16.025467075765043,16.025467075765146,15.12490816416841
1409734815,2025-03-05,SOFR,5.580821917808219,6Y,250000000.0,0.03936628,1784867.84,0.0,,False,False,True,TERMINATION,2025-03-05,2030-10-02,USD-SOFR-1D,event_timestamp,2025-03-05 12:10:00-05:00,strict,3.7444003056030857,-2409989.293310046,125371.5964742242,0.0,,19.22276943969141,19.222769439691458,14.2366204961501
1410021129,2025-03-05,SOFR,5.002739726027397,5Y,100000000.0,0.04165,1098248.0,0.0,,False,False,True,TERMINATION,2024-05-20,2029-05-20,USD-SOFR-1D,event_timestamp,2025-03-05 14:14:00-05:00,strict,3.984612176216658,-842777.4229680113,46720.3054669724,0.0,,18.038782378334204,18.03878237833417,23.506866854207008
1410021200,2025-03-05,SOFR,5.002739726027397,5Y,70000000.0,0.04284,1200862.0,0.0,,False,False,True,TERMINATION,2024-06-04,2029-06-04,USD-SOFR-1D,event_timestamp,2025-03-05 14:15:00-05:00,strict,3.9739328750610077,-1011836.0157340169,32632.805426666957,0.0,,31.0067124938993,31.00671249389923,36.799226554351854
1411881219,2025-03-06,SOFR,17.372602739726027,17Y,200000000.0,0.0285,31200000.0,0.0,,False,False,False,TERMINATION,2025-03-06,2042-07-16,USD-SOFR-1D,event_timestamp,2025-03-06 11:45:00-05:00,strict,3.977131365552401,28287426.131964028,250968.3165289301,0.0,,-112.71313655524011,-112.71313655524014,124.31848143828726
1413921965000001401,2025-12-11,SOFR,5.002739726027397,5Y,170000000.0,0.03387,326282.4264,0.0,,False,False,True,TERMINATION,2025-11-14,2030-11-14,USD-SOFR-1D,event_timestamp,2025-12-11 11:11:00-05:00,strict,3.4295127462139834,332364.550857272,78179.97670259707,0.0,,-4.251274621398382,-4.251274621398437,4.173478173845007
1414217783,2025-03-07,SOFR,30.041095890410958,30Y,85000000.0,0.037953,12228.34228,0.0,,False,False,False,TERMINATION,2025-03-07,2055-03-15,USD-SOFR-1D,event_timestamp,2025-03-07 10:04:00-05:00,strict,3.802211389873291,104044.85103394091,150541.13997535,0.0,,-0.6911389873291096,-0.6911389873291612,0.0812292392764018
1415726580000000101,2025-12-11,SOFR,3.0027397260273974,3Y,10000000.0,0.03358,15136.8194,0.0,,False,False,False,TERMINATION,2025-12-11,2028-12-11,USD-SOFR-1D,event_timestamp,2025-12-11 14:42:00-05:00,strict,3.3488679902745377,-2599.5028174719773,2846.583496537437,0.0,,0.9132009725461909,0.9132009725462096,5.317539224973487
1416480569,2025-03-10,SOFR,10.005479452054795,10Y,20000000.0,0.039,187000.0,0.0,,False,False,False,TERMINATION,2025-06-04,2035-06-04,USD-SOFR-1D,event_timestamp,2025-03-10 08:44:00-04:00,strict,3.7937727911296264,-174786.71386077907,16454.043716244847,0.0,,10.622720887037351,10.622720887037305,11.364987429526368
1416537583,2025-03-10,SOFR,4.986301369863014,5Y,170000000.0,0.037309,406583.985,0.0,,False,False,False,TERMINATION,2025-03-10,2030-03-04,USD-SOFR-1D,event_timestamp,2025-03-10 11:48:00-04:00,strict,3.70177786640947,-224247.21723194048,77002.33107400179,60.0,,2.9122133590530286,2.9122133590531365,5.280151643841267
1425730412,2025-03-14,SOFR,9.684931506849315,10Y,94000000.0,0.03856,44382.57815,0.0,,False,False,False,TERMINATION,2025-03-14,2034-11-17,USD-SOFR-1D,event_timestamp,2025-03-14 11:55:00-04:00,strict,3.8811426860140683,190338.2511371784,75703.22877622576,60.0,,-2.514268601406844,-2.5142686014067768,0.5862706104807268
1428117216,2025-03-17,SOFR,4.002739726027397,4Y,80000000.0,0.03964,386973.0,0.0,,False,False,True,TERMINATION,2024-03-11,2028-03-11,USD-SOFR-1D,event_timestamp,2025-03-17 13:11:00-04:00,strict,3.792984987823504,-386710.90045271255,22612.687361832723,0.0,,17.101501217649595,17.101501217649623,17.113092035808187
1428219425,2025-03-17,SOFR,2.0054794520547947,2Y,43000000.0,0.0397,90913.9728,0.0,,False,False,True,TERMINATION,2025-03-17,2027-03-19,USD-SOFR-1D,event_timestamp,2025-03-17 13:37:00-04:00,strict,3.86052214423412,-90247.88085338706,8243.482686250603,0.0,,10.947785576587954,10.947785576587977,11.028587826312346
1430263138000000101,2025-12-12,SOFR,3.682191780821918,4Y,3000000.0,0.0362,167036.5,0.0,,False,False,True,TERMINATION,2025-12-12,2029-08-17,USD-SOFR-1D,event_timestamp,2025-12-12 13:44:00-05:00,strict,3.394089137354592,-23407.802279988595,1036.1521356646622,0.0,,22.591086264540827,22.591086264540827,161.20846953893584
1430396645000000101,2025-12-12,SOFR,5.002739726027397,5Y,7000000.0,0.0544,80376.72999,0.0,,False,False,True,TERMINATION,2025-12-12,2030-12-12,USD-SOFR-1D,event_timestamp,2025-12-12 14:35:00-05:00,strict,3.4653263016725777,-633591.2644557506,3208.587145270692,0.0,,197.46736983274218,197.4673698327423,25.05050551875194
1430673060000000201,2025-12-12,SOFR,7.005479452054795,7Y,78000000.0,0.03463,626960.0,0.0,,False,False,True,TERMINATION,2025-10-07,2032-10-07,USD-SOFR-1D,event_timestamp,2025-12-12 15:28:00-05:00,strict,3.6064879633665248,697501.3848202191,48610.44567470289,0.0,,-14.34879633665247,-14.348796336652438,12.897639412639103
1430679874000000301,2025-12-12,SOFR,7.005479452054795,7Y,100000000.0,0.03502,590235.0,0.0,,False,False,True,TERMINATION,2025-10-08,2032-10-08,USD-SOFR-1D,event_timestamp,2025-12-12 15:27:00-05:00,strict,3.606018347656465,648169.3011354096,62312.97802153866,0.0,,-10.40183476564649,-10.40183476564654,9.472103865682419
1432518781,2025-03-19,SOFR,3.1726027397260275,3Y,5000000.0,0.03779,18850.0,0.0,,False,False,True,TERMINATION,2022-12-13,2026-02-13,USD-SOFR-1D,event_timestamp,2025-03-19 13:38:00-04:00,strict,4.172018322344584,19183.62911186533,488.1102997291259,0.0,,-39.301832234458445,-39.30183223445844,38.618320511697256
1436177686000000101,2025-12-15,SOFR,1.9835616438356165,2Y,100000000.0,0.032945,96626.48588,0.0,,False,False,True,TERMINATION,2025-12-14,2027-12-08,USD-SOFR-1D,event_timestamp,2025-12-14 22:09:00-05:00,strict,3.3468064460163394,99867.09900002554,19092.69442026895,0.0,,-5.230644601633916,-5.230644601633904,5.060914072841421
1436257413,2025-03-21,SOFR,0.25205479452054796,3M,1000000.0,0.02855,3501.84,0.0,,False,False,True,TERMINATION,2025-03-05,2025-06-05,USD-SOFR-1D,event_timestamp,2025-03-21 09:29:00-04:00,strict,4.318592710400862,3704.8256491215216,25.313228350985774,0.0,,-146.35927104008624,-146.3592710400862,138.34031564226092
1438688222,2025-03-24,SOFR,4.947945205479452,5Y,160000000.0,0.0381,281915.288,0.0,,False,False,False,TERMINATION,2025-03-24,2030-03-04,USD-SOFR-1D,event_timestamp,2025-03-24 11:02:00-04:00,strict,3.788128556188724,-157041.97144682705,71802.2883180045,0.0,,2.187144381127615,2.1871443811275944,3.9262716356814136
1440888105,2025-03-25,FED_FUNDS,0.7561643835616438,9M,68000000.0,0.04157,60810.477,0.0,,False,False,False,TERMINATION,2025-05-13,2026-02-13,USD-FEDFUNDS-1D,event_timestamp,2025-03-25 06:49:00-04:00,strict,4.034701846508213,-61450.90096452297,5024.679376590065,0.0,,12.229815349178708,12.229815349178725,12.102359661656315
1440995790,2025-03-25,SOFR,1.9589041095890412,2Y,430000.0,0.00545,5085.21,0.0,,False,False,True,TERMINATION,2023-08-01,2025-07-16,USD-SOFR-1D,event_timestamp,2025-03-25 12:40:00-04:00,strict,4.698241422444619,17862.19315561284,43.00783734623128,0.0,,-415.32414224446194,-415.32414224446194,118.23914695040138
1443096700,2025-03-26,SOFR,30.019178082191782,30Y,87000000.0,0.04016,1607603.3,0.0,,False,False,True,TERMINATION,2025-01-08,2055-01-08,USD-SOFR-1D,event_timestamp,2025-03-26 10:30:00-04:00,strict,3.9164417506711833,-1527902.91356384,153468.23832925642,0.0,,9.955824932881674,9.955824932881688,10.475153148959647
1443190876,2025-03-26,SOFR,28.671232876712327,29Y,59000000.0,0.0393,115707.582,0.0,,False,False,True,TERMINATION,2025-03-26,2053-11-19,USD-SOFR-1D,event_timestamp,2025-03-26 12:51:00-04:00,strict,3.916329022334555,-137794.81476204097,100793.67996506006,0.0,,1.3670977665445339,1.367097766544562,1.1479646545310163
1445267349,2025-03-27,SOFR,30.019178082191782,30Y,58000000.0,0.03962,44176.293,0.0,,False,False,True,TERMINATION,2025-01-07,2055-01-07,USD-SOFR-1D,event_timestamp,2025-03-27 08:01:00-04:00,strict,3.9530001161731088,-91739.00480775535,101933.54333490775,0.0,,0.899988382689143,0.8999883826891238,0.4333832765418208
1445325658,2025-03-27,SOFR,0.6082191780821918,7M,10000000.0,0.0495,62100.0,0.0,,False,False,True,TERMINATION,2025-03-27,2025-11-04,USD-SOFR-1D,event_timestamp,2025-03-27 11:45:00-04:00,strict,4.1914087040313825,-45591.39638478166,601.0007843099194,0.0,,75.85912959686176,75.85912959686164,103.32765217819876
1452337692,2025-04-01,SOFR,0.9452054794520548,11M,1000000.0,0.0273,9636.816,0.0,,False,False,True,TERMINATION,2025-04-01,2026-03-12,USD-SOFR-1D,event_timestamp,2025-04-01 14:52:00-04:00,strict,3.9714384975771484,11456.437742155646,92.28357074888993,0.0,,-124.14384975771485,-124.1438497577149,104.42612831077433
1454080890,2025-04-02,SOFR,5.254794520547946,5Y,220000000.0,0.035745,238220.40411,0.0,,False,False,False,TERMINATION,2025-04-02,2030-07-03,USD-SOFR-1D,event_timestamp,2025-04-02 09:00:00-04:00,strict,3.5895402980615816,157770.42982664704,104898.4728764439,0.0,,-1.504029806158158,-1.50402980615818,2.2709616029452704
1454091607,2025-04-02,SOFR,30.019178082191782,30Y,3000000.0,0.038,52000.0,0.0,,False,False,False,TERMINATION,2025-06-24,2055-06-24,USD-SOFR-1D,event_timestamp,2025-04-02 09:43:00-04:00,strict,3.7017654057349443,-52406.692775253905,5334.85104380342,0.0,,9.823459426505554,9.823459426505593,9.747226224882036
1454558307,2025-04-02,SOFR,6.764383561643836,7Y,150000000.0,0.0362048,78515.79795,0.0,,False,False,False,TERMINATION,2025-04-02,2032-01-05,USD-SOFR-1D,event_timestamp,2025-04-02 13:43:00-04:00,strict,3.699551645351144,707176.6589847133,89434.92396601269,0.0,,-7.907164535114397,-7.907164535114454,0.8779098194329297
1454558311,2025-04-02,SOFR,6.764383561643836,7Y,23000000.0,0.0362048,12039.05115,0.0,,False,False,False,TERMINATION,2025-04-02,2032-01-05,USD-SOFR-1D,event_timestamp,2025-04-02 13:43:00-04:00,strict,3.699551645351144,108433.75437765662,13713.355008121947,0.0,,-7.907164535114397,-7.907164535114496,0.8779070579642753
1456335222,2025-04-03,SOFR,14.884931506849314,15Y,42000000.0,0.0399,1456799.616,0.0,,False,False,True,TERMINATION,2025-04-03,2040-02-17,USD-SOFR-1D,event_timestamp,2025-04-03 11:28:00-04:00,strict,3.7004869250195664,-1396955.5908126421,48251.8998807586,0.0,,28.951307498043334,28.95130749804332,30.1915493400277
1456791633,2025-04-03,SOFR,3.780821917808219,4Y,61000000.0,0.043025,1493938.0,0.0,,False,False,True,TERMINATION,2024-06-13,2028-03-24,USD-SOFR-1D,event_timestamp,2025-04-03 15:59:00-04:00,strict,3.4483648275877234,-1479697.2610315941,17323.92376317423,0.0,,85.41351724122768,85.41351724122758,86.2355445811699
1457507149,2025-04-03,SOFR,4.249315068493151,4Y,210000000.0,0.04084,6022248.28136,0.0,,False,False,True,TERMINATION,2025-06-02,2029-08-31,USD-SOFR-1D,event_timestamp,2025-04-04 09:08:00-04:00,strict,3.2344561000294134,-7016022.4491976425,82585.7551262571,0.0,,84.95438999705871,84.95438999705878,72.92115053199171
1457944424,2025-04-04,SOFR,1.0,1Y,1000000000.0,0.035,750000.0,0.0,9.9999999999,False,False,True,TERMINATION,2025-05-23,2026-05-23,USD-SOFR-1D,event_timestamp,2025-04-04 13:46:00-04:00,strict,3.616337910571379,1139984.3870405257,97989.07178594152,0.0,,-11.633791057137843,-11.633791057137854,7.653914730801669
1463336013,2025-04-08,SOFR,30.019178082191782,30Y,15000000.0,0.0398408,545688.2,0.0,,False,False,True,TERMINATION,2025-02-19,2055-02-19,USD-SOFR-1D,event_timestamp,2025-04-08 17:29:00-04:00,strict,3.802039063826293,-488812.76498677954,26851.804613899814,0.0,,18.20409361737072,18.20409361737073,20.322216992355326
1468325961,2025-04-10,SOFR,4.002739726027397,4Y,4000000.0,0.0295,81000.0,0.0,,False,False,True,TERMINATION,2026-08-16,2030-08-16,USD-SOFR-1D,event_timestamp,2025-04-10 11:22:00-04:00,strict,3.5503609429070924,85005.30380608735,1415.903296348211,0.0,,-60.036094290709265,-60.036094290709336,57.20729671928089
1468325963,2025-04-10,SOFR,3.665753424657534,4Y,5000000.0,0.0288,101200.0,0.0,,False,False,True,TERMINATION,2026-08-17,2030-04-16,USD-SOFR-1D,event_timestamp,2025-04-10 11:22:00-04:00,strict,3.516940727008276,104072.84548994893,1633.9486717827144,0.0,,-63.69407270082763,-63.69407270082761,61.93585009594339
1468760318,2025-04-10,SOFR,6.997260273972603,7Y,150000000.0,0.0383099,1224032.66,0.0,,False,False,True,TERMINATION,2025-03-03,2032-02-29,USD-SOFR-1D,event_timestamp,2025-04-10 15:17:00-04:00,strict,3.726674061684659,-965077.9700725377,92516.19234348234,0.0,,10.43159383153407,10.431449302296391,13.230469488579548
1471470512,2025-04-11,SOFR,7.506849315068493,8Y,15000000.0,0.0375,69000.0,0.0,,False,False,True,TERMINATION,2024-08-01,2032-02-01,USD-SOFR-1D,event_timestamp,2025-04-11 14:04:00-04:00,strict,3.8409905921281484,84164.4311557971,9249.563698386144,0.0,,-9.099059212814842,-9.099286615052128,7.459811321915547
1471472670,2025-04-11,SOFR,5.002739726027397,5Y,90000000.0,0.04193,1759433.0,0.0,,False,False,True,TERMINATION,2025-02-14,2030-02-14,USD-SOFR-1D,event_timestamp,2025-04-11 14:22:00-04:00,strict,3.773757288626382,-1723420.9530777223,41107.952656614056,0.0,,41.924271137361835,41.924271137361856,42.800307149738735
1473866420,2025-04-14,SOFR,4.504109589041096,5Y,1000000.0,0.04667,28250.1695,0.0,,False,False,True,TERMINATION,2023-10-24,2028-04-24,USD-SOFR-1D,event_timestamp,2025-04-14 16:02:00-04:00,strict,3.929777020362537,-28321.521388377558,384.1649293447812,0.0,,73.72229796374637,73.72229796374643,73.53656552716183
1474217772000000101,2025-12-17,SOFR,3.0,3Y,190000000.0,0.03905,2069668.13137,0.0,,False,False,True,TERMINATION,2024-12-02,2027-12-02,USD-SOFR-1D,event_timestamp,2025-12-17 13:28:00-05:00,strict,3.3391031563100944,-2075512.1848510355,36676.51106370812,0.0,,56.58968436899059,56.58968436899063,56.43034387253817
1475271673,2025-04-15,SOFR,4.394520547945206,4Y,64000000.0,0.035205,176500.0,0.0,,False,False,False,TERMINATION,2025-04-15,2029-09-05,USD-SOFR-1D,event_timestamp,2025-04-15 04:58:00-04:00,strict,3.620985183955509,260356.45355978608,25909.934510849213,0.0,,-10.048518395550898,-10.048518395550849,6.812058900654285
1475654045,2025-04-15,SOFR,30.019178082191782,30Y,4000000.0,0.0363,236233.29036,0.0,,False,False,True,TERMINATION,2025-04-07,2055-04-07,USD-SOFR-1D,event_timestamp,2025-04-15 08:07:00-04:00,strict,3.96984057628344,237168.4001395614,6978.813499355466,0.0,,-33.98405762834402,-33.984057628344026,33.85006496904059
1476171282,2025-04-15,SOFR,5.013698630136986,5Y,100000000.0,0.0435,2507000.0,0.0,,False,False,True,TERMINATION,2025-04-15,2030-04-19,USD-SOFR-1D,event_timestamp,2025-04-15 14:50:00-04:00,strict,3.594341504273199,-3458775.1008807383,45767.838698913736,0.0,,75.56584957268004,75.57217468000799,54.77645594087233
1476176452,2025-04-15,SOFR,29.865753424657534,30Y,10000000.0,0.0357511,621753.883,0.0,,False,False,True,TERMINATION,2025-04-15,2055-02-18,USD-SOFR-1D,event_timestamp,2025-04-15 15:38:00-04:00,strict,3.9230616281322526,608475.3785391236,17487.35540642017,0.0,,-34.795162813225254,-34.79516281322519,35.554483142244266
1482555305,2025-04-21,SOFR,30.18904109589041,30Y,3000000.0,0.03985,13086.172,0.0,,False,False,False,TERMINATION,2025-04-21,2055-06-22,USD-SOFR-1D,event_timestamp,2025-04-21 09:29:00-04:00,strict,3.964589630161005,-10724.583005583147,5254.477547532516,0.0,,2.041036983899458,2.0410369838994504,2.49048014414777
1482638274,2025-04-21,SOFR,9.961643835616439,10Y,7000000.0,0.01604,634874.0,0.0,,False,False,True,TERMINATION,2019-10-02,2029-09-15,USD-SOFR-1D,event_timestamp,2025-04-21 12:19:00-04:00,strict,3.636803394565516,663657.0101198826,3268.5822969491637,0.0,,-203.2803394565516,-203.04124229618702,194.23528071867122
1482648515,2025-04-21,SOFR,5.002739726027397,5Y,16000000.0,0.03732,79358.27452,0.0,,False,False,True,TERMINATION,2026-06-30,2031-06-30,USD-SOFR-1D,event_timestamp,2025-04-21 13:51:00-04:00,strict,3.603942152388583,-89736.13765934762,7007.46883796193,0.0,,12.80578476114167,12.805784761141613,11.324813046629368
1482650635,2025-04-21,SOFR,10.008219178082191,10Y,10000000.0,0.02469,457642.0,0.0,,False,False,True,TERMINATION,2019-05-15,2029-05-15,USD-SOFR-1D,event_timestamp,2025-04-21 14:31:00-04:00,strict,3.7679451251383336,613631.4903117833,4724.075547428791,0.0,,-129.89451251383338,-129.89451251383338,96.87440334206433
1484495681,2025-04-22,SOFR,9.838356164383562,10Y,5000000.0,0.03802373,11584.56098,0.0,,False,False,False,TERMINATION,2025-04-22,2035-02-20,USD-SOFR-1D,event_timestamp,2025-04-22 12:13:00-04:00,strict,3.8260506141829422,9724.577098573325,4107.076423932555,0.0,,-2.3677614182942452,-2.367761418294226,2.8206343842288915
1484790214,2025-04-22,SOFR,2.9178082191780823,3Y,59000000.0,0.038362,483252.0,0.0,,False,False,True,TERMINATION,2025-03-03,2028-02-01,USD-SOFR-1D,event_timestamp,2025-04-22 13:42:00-04:00,strict,3.551153454500805,-466405.46789853275,16362.431864653156,0.0,,28.50465454991946,28.50465454991946,29.53424063106061
1484798762,2025-04-22,SOFR,3.0027397260273974,3Y,50000000.0,0.044,35000.0,0.0,,False,False,True,TERMINATION,2025-04-25,2028-04-25,USD-SOFR-1D,event_timestamp,2025-04-22 13:16:00-04:00,strict,3.499918827704032,-1275762.5685236221,14173.861289302957,0.0,,90.00811722959673,90.00811722959662,2.4693341698224867
1486583589,2025-04-23,SOFR,30.183561643835617,30Y,1000000.0,0.039,1914.2972,0.0,,False,False,False,TERMINATION,2025-04-23,2055-06-22,USD-SOFR-1D,event_timestamp,2025-04-23 11:16:00-04:00,strict,3.914813255803266,2606.718379297876,1759.7200871418822,0.0,,-1.4813255803265868,-1.4813255803266296,1.0878418755275905
1486957417,2025-04-23,SOFR,7.005479452054795,7Y,41000000.0,0.03793,198331.0836,0.0,,False,False,True,TERMINATION,2025-03-07,2032-03-07,USD-SOFR-1D,event_timestamp,2025-04-23 13:41:00-04:00,strict,3.725500793758401,-171210.7014361713,25364.846635878745,0.0,,6.749920624159866,6.749920624159921,7.819131984005745
1486957578,2025-04-23,SOFR,5.002739726027397,5Y,67000000.0,0.04117,1478403.24804,0.0,,False,False,True,TERMINATION,2025-02-18,2030-02-18,USD-SOFR-1D,event_timestamp,2025-04-23 13:42:00-04:00,strict,3.6440071553679383,-1454040.8083221596,30741.285514651958,0.0,,47.29928446320617,47.299284463206085,48.091783518140815
1491494233,2025-04-25,SOFR,30.019178082191782,30Y,16000000.0,0.03426,1126810.0,0.0,,False,False,True,TERMINATION,2029-06-13,2059-06-13,USD-SOFR-1D,event_timestamp,2025-04-25 14:03:00-04:00,strict,3.892707154012678,1124599.5626821788,24096.47148137838,0.0,,-46.67071540126781,-46.670715401267906,46.76244822279447
1491494261,2025-04-25,SOFR,20.013698630136986,20Y,8000000.0,0.0305,823185.0,0.0,,False,False,True,TERMINATION,2033-02-16,2053-02-16,USD-SOFR-1D,event_timestamp,2025-04-25 14:03:00-04:00,strict,4.05986876630026,820372.2189010577,8123.552745438009,0.0,,-100.98687663002606,-100.98687663002606,101.33312674830367
1491494305,2025-04-25,SOFR,30.019178082191782,30Y,29000000.0,0.0378,465348.0,0.0,,False,False,True,TERMINATION,2025-03-26,2055-03-26,USD-SOFR-1D,event_timestamp,2025-04-25 14:03:00-04:00,strict,3.8743523633836445,484898.0089702271,51392.24833177688,0.0,,-9.435236338364428,-9.435236338364374,9.054828599749465
1491571209,2025-04-25,SOFR,3.0054794520547947,3Y,110000000.0,0.04133,7558.96197,0.0,,False,False,True,TERMINATION,2032-04-28,2035-04-30,USD-SOFR-1D,event_timestamp,2025-04-25 15:49:00-04:00,strict,4.1331205992129165,289.19319019652903,23979.69134303226,0.0,,-0.012059921291651676,-0.012059921291712515,0.3152234889877511
1493078698,2025-04-28,SOFR,2.0,2Y,140000000.0,0.0417625,41806.14075,0.0,39198.0,False,False,True,TERMINATION,2033-04-29,2035-04-29,USD-SOFR-1D,event_timestamp,2025-04-28 05:19:00-04:00,strict,4.1579789372264475,-36388.88091216236,19916.127136749772,0.0,,1.8271062773552948,1.827106277355331,2.0991099556127146
1493078703,2025-04-28,FED_FUNDS,2.0027397260273974,2Y,65000000.0,0.0394625,2372.64826,0.0,39198.0,False,False,True,TERMINATION,2031-04-29,2033-04-29,USD-FEDFUNDS-1D,event_timestamp,2025-04-28 05:19:00-04:00,strict,3.939195526810122,-7105.987894603517,10073.024169687087,0.0,,0.7054473189877619,0.7054473189876462,0.23554477980307525
1493128885,2025-04-28,FED_FUNDS,2.0027397260273974,2Y,77000000.0,0.0427625,28415.67255,0.0,-37698.0,False,False,True,TERMINATION,2035-04-30,2037-04-30,USD-FEDFUNDS-1D,event_timestamp,2025-04-28 05:52:00-04:00,strict,4.239309676357162,-37376.60052412562,10118.103156189462,0.0,,3.694032364283828,3.694032364283769,2.808399174366741
1495294316,2025-04-29,SOFR,5.002739726027397,5Y,1000000.0,0.03471,89.77008,0.0,,False,False,False,TERMINATION,2025-05-01,2030-05-01,USD-SOFR-1D,event_timestamp,2025-04-29 07:22:00-04:00,strict,3.4690595642573485,-88.79027664582827,457.5790617242353,0.0,,0.19404357426511254,0.19404357426507124,0.196184850901462
1495773254,2025-04-29,SOFR,1.0383561643835617,1Y,160000000.0,0.08,6858677.0,0.0,,False,False,True,TERMINATION,2025-05-02,2026-05-16,USD-SOFR-1D,event_timestamp,2025-04-29 14:03:00-04:00,strict,3.744504620660164,-6940549.213256392,16300.860618342676,0.0,,425.5495379339836,425.7780847132993,420.7555147292173
1497706962,2025-04-30,SOFR,1.8356164383561644,~22M,28000000.0,0.0413535,289.09738,0.0,,False,False,True,TERMINATION,2024-03-01,2025-12-31,USD-SOFR-1D,event_timestamp,2025-04-30 10:44:00-04:00,strict,4.132854138607384,-689.6241254659835,2763.0706076327506,0.0,,0.24958613926155948,0.24958613926149942,0.10462902366714508
1497732548,2025-04-30,SOFR,1.9232876712328768,~23M,550000000.0,0.0387,5152235.088,0.0,,False,False,True,TERMINATION,2025-04-30,2027-04-02,USD-SOFR-1D,event_timestamp,2025-04-30 11:46:00-04:00,strict,3.3954353217256554,-4837315.445297703,101931.63686112477,0.0,,47.45646782743442,47.45646782743449,50.545985982934674
1498775905,2025-05-01,SOFR,0.4191780821917808,5M,3000000.0,0.0345,3085.706,0.0,,False,False,True,TERMINATION,2025-05-01,2025-10-01,USD-SOFR-1D,event_timestamp,2025-05-01 11:37:00-04:00,strict,4.162828147570285,8928.643466540248,125.25660633595948,0.0,,-71.28281475702849,-71.28281475702856,24.635075867564325
1499168735000000301,2025-12-19,SOFR,6.917808219178082,7Y,85000000.0,0.03641,490567.104,0.0,,False,False,False,TERMINATION,2025-12-19,2032-11-17,USD-SOFR-1D,event_timestamp,2025-12-19 05:26:00-05:00,strict,3.5538065526301588,-454887.9531972334,52169.96998269508,0.0,,8.719344736984125,8.719344736984148,9.403246813496777
1499783552,2025-05-02,SOFR,10.005479452054795,10Y,14000000.0,0.03894,128395.0,0.0,,False,False,True,TERMINATION,2025-03-05,2035-03-05,USD-SOFR-1D,event_timestamp,2025-05-02 12:14:00-04:00,strict,3.785114550338132,-127908.81428583432,11747.098871616188,0.0,,10.888544966186808,10.888544966186736,10.92993269259299
1499995078,2025-05-02,SOFR,30.019178082191782,30Y,25000000.0,0.0374,794865.9693,0.0,,False,False,True,TERMINATION,2025-02-14,2055-02-14,USD-SOFR-1D,event_timestamp,2025-05-02 14:21:00-04:00,strict,3.9200899778488743,797629.3845244907,44290.60373330918,0.0,,-18.008997784887406,-18.008997784887402,17.94660497486543
1502365015,2025-05-05,SOFR,5.002739726027397,5Y,50000000.0,0.04193,1353897.0,0.0,,False,False,True,TERMINATION,2025-02-14,2030-02-14,USD-SOFR-1D,event_timestamp,2025-05-05 15:22:00-04:00,strict,3.6005092280166515,-1361894.8431313923,22985.92497183511,0.0,,59.2490771983349,59.249077198334895,58.90113196049077
1506193375,2025-05-07,SOFR,0.936986301369863,11M,50000000.0,0.04873,78099.4485,0.0,,False,False,True,TERMINATION,2024-07-24,2025-07-01,USD-SOFR-1D,event_timestamp,2025-05-07 11:09:00-04:00,strict,4.7063484926873915,-78621.47727292497,4717.717741697068,0.0,,16.66515073126087,16.665150731260805,16.554497911082297
1506195463,2025-05-07,SOFR,0.9013698630136986,11M,41000000.0,0.043308,127280.95387,0.0,,False,False,True,TERMINATION,2024-08-06,2025-07-01,USD-SOFR-1D,event_timestamp,2025-05-07 11:16:00-04:00,strict,4.671987063698985,126971.91417684709,3721.4750407087135,0.0,,-34.11870636989853,-34.11870636989861,34.20174862861925
1506631739,2025-05-07,SOFR,5.002739726027397,5Y,130000000.0,0.03764,1036385.95524,0.0,,False,False,True,TERMINATION,2024-12-03,2029-12-03,USD-SOFR-1D,event_timestamp,2025-05-07 15:35:00-04:00,strict,3.5758922868454017,-1133975.1546436846,60283.28852797831,0.0,,18.810771315459807,18.810771315459856,17.191927987787178
1506631747,2025-05-07,SOFR,5.002739726027397,5Y,110000000.0,0.03783,984335.826,0.0,,False,False,True,TERMINATION,2024-12-03,2029-12-03,USD-SOFR-1D,event_timestamp,2025-05-07 15:35:00-04:00,strict,3.575892286845403,-1056434.4177934825,51008.93644675087,0.0,,20.71077131545973,20.71077131545985,19.297321108185926
1508415256,2025-05-08,SOFR,5.002739726027397,5Y,100.0,0.039324,2.0,0.0,-2.0,False,False,True,TERMINATION,2025-05-13,2030-05-13,USD-SOFR-1D,event_timestamp,2025-05-08 08:00:00-04:00,strict,3.535760714576519,-1.8098867206898888,0.0456305461209552,0.0,,39.66392854234808,39.66392854234815,43.830288480407376
1508932551,2025-05-08,SOFR,0.9643835616438357,12M,490000000.0,0.04057573,491717.877,0.0,,False,False,True,TERMINATION,2025-03-04,2026-02-19,USD-SOFR-1D,event_timestamp,2025-05-08 15:09:00-04:00,strict,4.160833808027602,478937.9722760469,46381.389166354595,0.0,,-10.326080802760274,-10.32608080276026,10.601620301547497
1510743550,2025-05-09,SOFR,2.249315068493151,2Y,11000000.0,0.029745,99897.315,0.0,,False,False,True,TERMINATION,2024-01-01,2026-04-01,USD-SOFR-1D,event_timestamp,2025-05-09 11:08:00-04:00,strict,4.072122799913276,118044.78355841059,1075.4585597869996,0.0,,-109.76227999132763,-109.76227999132762,92.88811185787132
1510759759,2025-05-09,SOFR,1.8986301369863015,~23M,850000000.0,0.0387,3536364.623,0.0,,False,False,True,TERMINATION,2025-05-09,2027-04-02,USD-SOFR-1D,event_timestamp,2025-05-09 11:47:00-04:00,strict,3.669303038475608,-3111750.5721553788,155047.21887766002,0.0,,20.069696152439185,20.069696152439246,22.808307356937295
1511089479,2025-05-09,SOFR,1.8986301369863015,~23M,200000000.0,0.035576,75813.55,0.0,,False,False,False,TERMINATION,2025-05-09,2027-04-02,USD-SOFR-1D,event_timestamp,2025-05-09 13:25:00-04:00,strict,3.667389083151286,400541.1678042952,36482.78647635337,0.0,,-10.978908315128555,-10.978908315128542,2.078063583469404
1512898936,2025-05-12,SOFR,1.0,1Y,800000.0,0.03986,1176.0,0.0,,False,False,True,TERMINATION,2025-04-01,2026-04-01,USD-SOFR-1D,event_timestamp,2025-05-12 07:53:00-04:00,strict,4.136586595761713,1177.4756956760211,78.1925967394367,0.0,,-15.05865957617134,-15.058659576171324,15.039787000792627
1512899005,2025-05-12,SOFR,1.0,1Y,800000.0,0.03986,1176.0,0.0,,False,False,True,TERMINATION,2025-04-01,2026-04-01,USD-SOFR-1D,event_timestamp,2025-05-12 07:55:00-04:00,strict,4.13400636616406,1157.329705109929,78.19458953725432,0.0,,-14.800636616406049,-14.800636616406067,15.039403710146944
1515272095,2025-05-13,SOFR,20.013698630136986,20Y,9000000.0,0.04151,117000.0,0.0,,False,False,False,TERMINATION,2028-11-06,2048-11-06,USD-SOFR-1D,event_timestamp,2025-05-13 11:06:00-04:00,strict,4.24963598873507,104828.59308697935,10627.824025624397,0.0,,-9.863598873507051,-9.863598873506993,11.008838659532294
1515302960,2025-05-13,SOFR,9.775342465753425,10Y,290000000.0,0.03068,18465940.864,0.0,9.9999999999,False,False,True,TERMINATION,2022-09-06,2032-06-13,USD-SOFR-1D,event_timestamp,2025-05-13 11:48:00-04:00,strict,3.987320152667485,18941928.888266914,206241.2659635084,0.0,,-91.93201526674848,-91.8435445000538,89.53562604327351
1515306125,2025-05-13,SOFR,9.64931506849315,10Y,110000000.0,0.03602,2711101.96,0.0,9.9999999999,False,False,True,TERMINATION,2022-11-16,2032-07-08,USD-SOFR-1D,event_timestamp,2025-05-13 11:50:00-04:00,strict,3.97602130005513,2917199.789991915,77995.55238062466,0.0,,-37.40213000551296,-37.4021300055129,34.75969946042053
1517576028,2025-05-14,SOFR,1.884931506849315,~23M,280000000.0,0.03549038,1221043.824,0.0,,False,False,False,TERMINATION,2025-05-14,2027-04-02,USD-SOFR-1D,event_timestamp,2025-05-14 10:49:00-04:00,strict,3.820426844755075,1374024.4141594172,50629.36228640715,0.0,,-27.138884475507474,-27.138884475507446,24.117306022790316
1518313602000000701,2025-12-22,SOFR,0.4136986301369863,5M,13000000.0,0.0448,38537.5782,0.0,,False,False,True,TERMINATION,2025-12-01,2026-05-01,USD-SOFR-1D,event_timestamp,2025-12-22 12:40:00-05:00,strict,3.68876774101652,-42564.88857325562,537.9569410875653,0.0,,79.12322589834795,79.12322589834783,71.63691971719926
1519839907,2025-05-15,SOFR,5.002739726027397,5Y,82000000.0,0.0338,549000.0,0.0,,False,False,True,TERMINATION,2025-11-25,2030-11-25,USD-SOFR-1D,event_timestamp,2025-05-15 09:24:00-04:00,strict,3.7038677106144307,1182049.6249952093,36497.91523683127,0.0,,-32.38677106144308,-32.38677106144308,15.041955038735628
1520308566,2025-05-15,SOFR,2.43013698630137,2Y,60000000.0,0.0366,103000.0,0.0,,False,False,False,TERMINATION,2025-05-15,2027-10-19,USD-SOFR-1D,event_timestamp,2025-05-15 15:54:00-04:00,strict,3.7127386931968265,73215.69506563805,13882.728339966505,0.0,,-5.273869319682634,-5.27386931968264,7.419290897126963
1520387833,2025-05-15,SOFR,5.30958904109589,5Y,250000000.0,0.0369682,1081817.1,0.0,,False,False,False,TERMINATION,2025-05-15,2030-09-04,USD-SOFR-1D,event_timestamp,2025-05-15 16:37:00-04:00,strict,3.7145955133192117,213296.37230734527,119994.49381684889,0.0,,-1.77755133192119,-1.777551331921161,9.015556177529357
1522472938,2025-05-16,SOFR,4.967123287671233,5Y,68000000.0,0.02969,2278313.0,0.0,,False,False,True,TERMINATION,2025-05-16,2030-05-03,USD-SOFR-1D,event_timestamp,2025-05-16 16:11:00-04:00,strict,3.720364673186665,2304887.385132678,30676.014821900804,0.0,,-75.13646731866648,-75.13646731866646,74.27017535450607
1526804098,2025-05-20,SOFR,5.002739726027397,5Y,24000000.0,0.0388,266425.60491,0.0,,False,False,True,TERMINATION,2029-11-21,2034-11-21,USD-SOFR-1D,event_timestamp,2025-05-20 15:56:00-04:00,strict,4.17085774245919,265868.8315381673,9140.854539069784,0.0,,-29.085774245919005,-29.08577424591896,29.146684674966146
1526804145,2025-05-20,SOFR,5.002739726027397,5Y,21000000.0,0.0388,233121.75426,0.0,,False,False,True,TERMINATION,2029-11-21,2034-11-21,USD-SOFR-1D,event_timestamp,2025-05-20 15:56:00-04:00,strict,4.17085774245919,232635.22759589693,7998.247721686061,0.0,,-29.085774245919005,-29.085774245919023,29.146603402633428
1526804186,2025-05-20,SOFR,5.002739726027397,5Y,9000000.0,0.0388,99909.18961,0.0,,False,False,True,TERMINATION,2029-11-21,2034-11-21,USD-SOFR-1D,event_timestamp,2025-05-20 15:57:00-04:00,strict,4.168500770131134,98904.50374178938,3428.223213991214,0.0,,-28.850077013113395,-28.850077013113317,29.143140155591997
1526873783,2025-05-20,SOFR,5.002739726027397,5Y,560000.0,0.03701,45.59,0.0,,False,False,False,TERMINATION,2025-05-22,2030-05-22,USD-SOFR-1D,event_timestamp,2025-05-20 16:35:00-04:00,strict,3.696980193810284,-102.28003459016327,254.44021368947097,0.0,,0.4019806189715869,0.40198061897161397,0.17917765175138498
1528864473,2025-05-21,SOFR,3.4986301369863013,3Y,200000000.0,0.04104,2225214.0,0.0,,False,False,True,TERMINATION,2025-01-22,2028-07-22,USD-SOFR-1D,event_timestamp,2025-05-21 14:29:00-04:00,strict,3.7855544357972297,-2108723.065749854,66191.04454446082,0.0,,31.844556420277037,31.858132474906256,33.61805234098268
1528864821,2025-05-21,SOFR,3.4986301369863013,3Y,140000000.0,0.04104,1557015.0,0.0,,False,False,True,TERMINATION,2025-01-22,2028-07-22,USD-SOFR-1D,event_timestamp,2025-05-21 14:30:00-04:00,strict,3.785554435797228,-1476106.1460249014,46333.73118112257,60.0,,31.844556420277215,31.858132474906338,33.604351739200396
1528874050,2025-05-21,SOFR,4.295890410958904,4Y,110000000.0,0.037793,548656.647,0.0,,False,False,False,TERMINATION,2025-05-21,2029-09-05,USD-SOFR-1D,event_timestamp,2025-05-21 15:51:00-04:00,strict,3.733427055072659,-199385.13623874262,43464.64709308571,0.0,,4.587294492734095,4.587294492734085,12.623055372449567
1530430133000000201,2025-12-23,SOFR,6.906849315068493,7Y,270000000.0,0.035833,584769.825,0.0,,False,False,False,TERMINATION,2025-12-23,2032-11-17,USD-SOFR-1D,event_timestamp,2025-12-23 10:26:00-05:00,strict,3.603162054376014,327962.65951716155,165120.21028056633,0.0,,-1.9862054376014626,-1.9862054376014855,3.5414794107055707
1530523660000000101,2025-12-23,SOFR,10.005479452054795,10Y,12000000.0,0.0604,334842.48342,0.0,,False,False,True,TERMINATION,2025-12-22,2035-12-22,USD-SOFR-1D,event_timestamp,2025-12-23 10:45:00-05:00,strict,3.794574134903298,-2253531.4841845916,10036.098359842937,0.0,,224.54258650967017,224.54258650967014,33.36381045843399
1530591895,2025-05-22,SOFR,5.005479452054795,5Y,4000000.0,0.03845,10744.02686,0.0,,False,False,True,TERMINATION,2027-05-21,2032-05-21,USD-SOFR-1D,event_timestamp,2025-05-22 09:48:00-04:00,strict,3.918484006838524,12369.860041930922,1683.3404402011756,0.0,,-7.348400683852407,-7.348400683852521,6.382563267306751
1530611225,2025-05-22,SOFR,25.02191780821918,25Y,9000000.0,0.041725,7188.02505,0.0,,False,False,False,TERMINATION,2027-01-29,2052-01-31,USD-SOFR-1D,event_timestamp,2025-05-22 10:40:00-04:00,strict,4.258792770004306,111805.54331084155,12956.5366026913,0.0,,-8.62927700043068,-8.629277000430623,0.554779820442673
1530623219,2025-05-22,SOFR,7.208219178082191,7Y,32000000.0,0.032415,1166762.25155,0.0,,False,False,True,TERMINATION,2025-05-22,2032-08-04,USD-SOFR-1D,event_timestamp,2025-05-22 11:30:00-04:00,strict,3.851420665918325,1226261.342228882,20105.25976165383,60.0,,-60.99206659183252,-60.99206659183256,58.03268723616947
1530876286,2025-05-22,SOFR,3.871232876712329,4Y,7000000.0,0.02675,262342.01968,0.0,,False,False,True,TERMINATION,2025-05-22,2029-04-04,USD-SOFR-1D,event_timestamp,2025-05-22 12:51:00-04:00,strict,3.698012810465228,256932.3900253137,2511.526614299879,0.0,,-102.30128104652283,-102.30128104652277,104.45520194223835
1530876288,2025-05-22,SOFR,1.7808219178082192,~21M,8000000.0,0.03191,82335.77612,0.0,,False,False,False,TERMINATION,2025-05-22,2027-03-03,USD-SOFR-1D,event_timestamp,2025-05-22 12:51:00-04:00,strict,3.8096437170736954,84814.2183014751,1370.9703333392408,0.0,,-61.864371707369514,-61.86437170736953,60.05657023916531
1531003543,2025-05-22,SOFR,5.002739726027397,5Y,3000000.0,0.069,29610.32256,0.0,,False,False,True,TERMINATION,2025-05-22,2030-05-22,USD-SOFR-1D,event_timestamp,2025-05-22 15:07:00-04:00,strict,3.7335667805388364,-431312.0061206671,1362.1383311348152,0.0,,316.6433219461164,316.6433219461165,21.738117108363916
1532086630000000901,2025-12-23,SOFR,4.449315068493151,4Y,130000000.0,0.03473,481150.11,0.0,,False,False,False,TERMINATION,2025-12-23,2030-06-04,USD-SOFR-1D,event_timestamp,2025-12-23 14:22:00-05:00,strict,3.4400890126573525,-176210.03282536194,53541.39971274076,0.0,,3.2910987342647413,3.2910987342647084,8.986506004352835
1532216391000000101,2025-12-23,SOFR,2.3589041095890413,2Y,730000.0,0.032,29285.35,0.0,,False,False,True,TERMINATION,2025-12-23,2028-05-02,USD-SOFR-1D,event_timestamp,2025-12-23 14:50:00-05:00,strict,3.360320235187669,2649.1482699231856,165.24104189481278,0.0,,-16.03202351876689,-16.032023518766902,177.22806431250976
1532757347,2025-05-23,SOFR,5.002739726027397,5Y,21000000.0,0.0388,219660.75187,0.0,,False,False,True,TERMINATION,2029-11-21,2034-11-21,USD-SOFR-1D,event_timestamp,2025-05-23 08:13:00-04:00,strict,4.147664448119236,215034.5747749498,8033.736877867278,0.0,,-26.766444811923584,-26.766444811923588,27.342288552561296
1532757425,2025-05-23,SOFR,5.002739726027397,5Y,22000000.0,0.0388,230120.4124,0.0,,False,False,True,TERMINATION,2029-11-21,2034-11-21,USD-SOFR-1D,event_timestamp,2025-05-23 08:14:00-04:00,strict,4.15740500189775,233302.14528496843,8410.163612369233,0.0,,-27.74050018977503,-27.74050018977511,27.36218021508533
1532757513,2025-05-23,SOFR,5.002739726027397,5Y,24000000.0,0.0388,251041.5586,0.0,,False,False,True,TERMINATION,2029-11-21,2034-11-21,USD-SOFR-1D,event_timestamp,2025-05-23 08:14:00-04:00,strict,4.157405001897751,254511.43121996522,9174.723940766435,0.0,,-27.74050018977512,-27.740500189775076,27.3623010589492
1532757763,2025-05-23,SOFR,5.002739726027397,5Y,5000000.0,0.0388,52300.12968,0.0,,False,False,True,TERMINATION,2029-11-21,2034-11-21,USD-SOFR-1D,event_timestamp,2025-05-23 08:14:00-04:00,strict,4.157405001897751,53023.21483749279,1911.4008209930073,0.0,,-27.74050018977512,-27.740500189775094,27.36219902470751
1532807141,2025-05-23,SOFR,30.002739726027396,30Y,6000000.0,0.03948,217089.76592,0.0,,False,False,True,TERMINATION,2023-11-22,2053-11-15,USD-SOFR-1D,event_timestamp,2025-05-23 11:27:00-04:00,strict,4.1527631867473405,211115.6178161204,10329.294277327024,0.0,,-20.476318674734053,-20.43853259941705,21.016902035264472
1537181816,2025-05-27,SOFR,3.0027397260273974,3Y,10000000.0,0.04482,21421.0,0.0,,False,False,True,TERMINATION,2023-02-28,2026-02-28,USD-SOFR-1D,event_timestamp,2025-05-27 14:21:00-04:00,strict,4.255143113111238,-22216.11333160475,979.3008110218123,0.0,,22.685688688876215,22.685688688876134,21.873769284076374
1537181866,2025-05-27,SOFR,3.0027397260273974,3Y,10000000.0,0.04479,21127.0,0.0,,False,False,True,TERMINATION,2023-02-28,2026-02-28,USD-SOFR-1D,event_timestamp,2025-05-27 14:22:00-04:00,strict,4.254892006454671,-21946.967931202496,979.3032182390006,0.0,,22.410799354532873,22.41079935453281,21.573502064039904
1537182114,2025-05-27,SOFR,1.0,1Y,700000000.0,0.04186,926681.87646,0.0,,False,False,True,TERMINATION,2025-01-21,2026-01-21,USD-SOFR-1D,event_timestamp,2025-05-27 14:24:00-04:00,strict,4.313204844086789,877993.3675954379,69022.00729057203,0.0,,-12.720484408678878,-12.720484408678828,13.425889985476834
1537183803,2025-05-27,SOFR,12.238356164383562,12Y,66000000.0,0.04044,10000.0,0.0,,False,False,False,TERMINATION,2025-05-27,2037-08-19,USD-SOFR-1D,event_timestamp,2025-05-27 14:47:00-04:00,strict,3.9661421368800585,-500075.1127932742,64229.23681104639,0.0,,7.785786311994114,7.785786311994126,0.15569233726719547
1539207266,2025-05-28,SOFR,4.002739726027397,4Y,82000000.0,0.03818,250263.78432,0.0,,False,False,True,TERMINATION,2024-08-02,2028-08-02,USD-SOFR-1D,event_timestamp,2025-05-28 13:42:00-04:00,strict,3.9049961085731133,271928.7209896166,31257.572947769426,0.0,,-8.699610857311324,-8.699610857311354,8.006500848232335
1539207649,2025-05-28,SOFR,4.002739726027397,4Y,160000000.0,0.03801,591781.40252,0.0,,False,False,True,TERMINATION,2024-08-02,2028-08-02,USD-SOFR-1D,event_timestamp,2025-05-28 13:44:00-04:00,strict,3.9050535860534965,634624.6963011958,60990.180191859785,0.0,,-10.405358605349635,-10.40535860534968,9.702896444286676
1539436663,2025-05-28,SOFR,6.610958904109589,7Y,23000000.0,0.0369605,73841.0,0.0,,False,False,False,TERMINATION,2025-05-28,2032-01-05,USD-SOFR-1D,event_timestamp,2025-05-28 13:29:00-04:00,strict,3.7655570198332238,93296.0787759209,13422.540485806545,0.0,,-6.9507019833223715,-6.950701983322411,5.501268562242894
1541016382,2025-05-29,SOFR,2.580821917808219,3Y,50000000.0,0.03091,604519.0,0.0,,False,False,True,TERMINATION,2024-09-01,2027-04-01,USD-SOFR-1D,event_timestamp,2025-05-29 11:14:00-04:00,strict,3.8181146767699548,699823.3356693904,9624.662491729636,0.0,,-72.71146767699545,-72.7114676769955,62.809371291664135
1541302750,2025-05-29,SOFR,4.002739726027397,4Y,76000000.0,0.03845,48980.22475,0.0,,False,False,True,TERMINATION,2024-07-31,2028-07-31,USD-SOFR-1D,event_timestamp,2025-05-29 14:43:00-04:00,strict,3.8583690113226004,38773.63856791705,29002.62228244889,0.0,,-1.33690113226006,-1.3369011322600697,1.6888205581203832
1541303053,2025-05-29,SOFR,4.002739726027397,4Y,110000000.0,0.03848,45214.76365,0.0,,False,False,True,TERMINATION,2024-07-31,2028-07-31,USD-SOFR-1D,event_timestamp,2025-05-29 14:44:00-04:00,strict,3.8581634152702575,42663.592292940244,41977.613979616915,0.0,,-1.0163415270257659,-1.0163415270257241,1.077116095068075
1543094786,2025-05-30,SOFR,10.805479452054794,11Y,7000000.0,0.03756,67730.0,0.0,,False,False,True,TERMINATION,2025-05-30,2036-03-17,USD-SOFR-1D,event_timestamp,2025-05-30 09:12:00-04:00,strict,3.8986495176212292,88243.49820873095,6186.035514192177,0.0,,-14.264951762122902,-14.264951762122966,10.948854051130473
1543095516,2025-05-30,SOFR,1.0712328767123287,~13M,500000000.0,0.04,25545.0,0.0,,False,False,False,TERMINATION,2025-05-30,2026-06-25,USD-SOFR-1D,event_timestamp,2025-05-30 09:17:00-04:00,strict,4.020162020952897,105142.06204048172,52148.57294619036,0.0,,-2.016202095289721,-2.016202095289795,0.48985041309488325
1543095520,2025-05-30,SOFR,1.0712328767123287,~13M,230000000.0,0.0402,32982.6393,0.0,,False,False,False,TERMINATION,2025-05-30,2026-06-25,USD-SOFR-1D,event_timestamp,2025-05-30 09:17:00-04:00,strict,4.020162020952898,388.6614281293005,23988.343555247564,0.0,,-0.01620209528985228,-0.016202095289913378,1.3749444276566105
1543096678,2025-05-30,SOFR,2.4246575342465753,2Y,230000000.0,0.03404,189503.23248,0.0,,False,False,True,TERMINATION,2025-05-30,2027-11-01,USD-SOFR-1D,event_timestamp,2025-05-30 09:21:00-04:00,strict,3.656192528219809,1340082.5790426172,53137.28319003202,0.0,,-25.21925282198092,-25.219252821980973,3.566295096463433
1543189447,2025-05-30,SOFR,10.005479452054795,10Y,53000000.0,0.039755,477199.905,0.0,,False,False,True,TERMINATION,2025-06-10,2035-06-10,USD-SOFR-1D,event_timestamp,2025-05-30 11:46:00-04:00,strict,3.855525987586465,-527930.0858485587,44003.703404438354,0.0,,11.997401241353467,11.997401241353472,10.844539620087252
1543308290000000101,2025-12-24,SOFR,4.583561643835616,5Y,6000000.0,0.0634,73879.9962,0.0,,False,False,True,TERMINATION,2025-12-23,2030-07-23,USD-SOFR-1D,event_timestamp,2025-12-24 09:59:00-05:00,strict,3.447438463187777,-734687.9544180663,2539.921606050728,0.0,,289.25615368122226,289.2561536812223,29.087510427093257
1543403251000000101,2025-12-24,FED_FUNDS,7.002739726027397,7Y,170000000.0,0.037575,2580667.6219,0.0,,False,False,True,TERMINATION,2024-11-27,2031-11-27,USD-FEDFUNDS-1D,event_timestamp,2025-12-24 11:14:00-05:00,strict,3.478771291396639,-2570835.034441307,92234.31082227264,0.0,,27.872870860336096,27.872870860336114,27.979475304723838
1543597193,2025-05-30,SOFR,2.967123287671233,3Y,180000000.0,0.036205,32727.14,0.0,,False,False,False,TERMINATION,2025-05-30,2028-05-17,USD-SOFR-1D,event_timestamp,2025-05-30 16:41:00-04:00,strict,3.582515372177777,-191317.49443688244,50367.084108942974,0.0,,3.798462782222334,3.798462782222346,0.6497723777142204
1544603620,2025-06-02,SOFR,7.2904109589041095,7Y,5000000.0,0.03288,88900.0,0.0,,False,False,True,TERMINATION,2022-12-12,2030-03-26,USD-SOFR-1D,event_timestamp,2025-06-02 11:35:00-04:00,strict,3.6781046862009843,89347.23030634655,2290.339836120659,0.0,,-39.01046862009845,-39.010468620098514,38.8152005208875
1544805227,2025-06-02,SOFR,1.673972602739726,~20M,20000000.0,0.03431,109821.6378,0.0,,False,False,True,TERMINATION,2025-06-02,2027-02-03,USD-SOFR-1D,event_timestamp,2025-06-02 12:28:00-04:00,strict,3.778218145865094,112221.28973367345,3232.01108784433,0.0,,-34.7218145865094,-34.721814586509424,33.97935057000323
1547096991,2025-06-03,SOFR,10.005479452054795,10Y,10000000.0,0.0158,271197.0,0.0,,False,False,True,TERMINATION,2016-05-23,2026-05-23,USD-SOFR-1D,event_timestamp,2025-06-03 13:09:00-04:00,strict,4.085506537647979,246125.85348860582,982.3396977429328,0.0,,-250.55065376479791,-250.55065376479794,276.0725242226434
1547118612,2025-06-03,SOFR,8.005479452054795,8Y,15000000.0,0.01998,565419.0,0.0,,False,False,True,TERMINATION,2019-07-29,2027-07-29,USD-SOFR-1D,event_timestamp,2025-06-03 13:37:00-04:00,strict,4.019179873673262,882572.6639777854,4366.621078478341,0.0,,-202.11798736732618,-202.11798736732615,129.4866190214596
1547120936,2025-06-03,SOFR,10.005479452054795,10Y,20000000.0,0.0213,885104.0,0.0,,False,False,True,TERMINATION,2017-10-03,2027-10-03,USD-SOFR-1D,event_timestamp,2025-06-03 13:46:00-04:00,strict,3.901769083746906,1025419.2171163356,5787.544361863439,0.0,,-177.1769083746906,-177.17690837469058,152.93256425511345
1547125796,2025-06-03,SOFR,10.008219178082191,10Y,15000000.0,0.01955,198254.0,0.0,,False,False,True,TERMINATION,2015-10-21,2025-10-21,USD-SOFR-1D,event_timestamp,2025-06-03 14:11:00-04:00,strict,4.453919642172801,373722.72893328907,1495.537201861916,0.0,,-249.8919642172801,-249.89196421728008,132.5637367985079
1547126029,2025-06-03,SOFR,7.005479452054795,7Y,10000000.0,0.031,75177.0,0.0,,False,False,True,TERMINATION,2018-11-21,2025-11-21,USD-SOFR-1D,event_timestamp,2025-06-03 14:14:00-04:00,strict,4.396068412832268,128740.34521556232,993.3144264678835,0.0,,-129.60684128322674,-129.6068412832267,75.68298415570295
1547127560,2025-06-03,SOFR,6.005479452054795,6Y,25000000.0,0.019,352983.0,0.0,,False,False,True,TERMINATION,2019-09-05,2025-09-05,USD-SOFR-1D,event_timestamp,2025-06-03 14:17:00-04:00,strict,4.5618831910799,666883.0568320852,2505.305488485906,0.0,,-266.18831910799,-266.18831910799,140.8941949883034
1547128517,2025-06-03,SOFR,10.005479452054795,10Y,15000000.0,0.02203,502564.0,0.0,,False,False,True,TERMINATION,2017-07-05,2027-07-05,USD-SOFR-1D,event_timestamp,2025-06-03 14:23:00-04:00,strict,4.061010828387,814110.0185228396,4381.6214958746805,0.0,,-185.8010828387,-185.8010828386999,114.6981774836477
1547128781,2025-06-03,SOFR,10.008219178082191,10Y,10000000.0,0.02981,207603.0,0.0,,False,False,True,TERMINATION,2018-08-15,2028-08-15,USD-SOFR-1D,event_timestamp,2025-06-03 14:25:00-04:00,strict,3.8656528993407853,337152.66822443693,3811.12940991515,0.0,,-88.46528993407854,-88.46528993407841,54.472828831236676
1547129378,2025-06-03,SOFR,10.005479452054795,10Y,15000000.0,0.0236,496371.0,0.0,,False,False,True,TERMINATION,2017-04-04,2027-04-04,USD-SOFR-1D,event_timestamp,2025-06-03 14:33:00-04:00,strict,3.8299658961114895,425157.1944434353,2892.2929135166087,0.0,,-146.99658961114898,-146.99658961114898,171.61850989583377
1547129453,2025-06-03,SOFR,10.008219178082191,10Y,10000000.0,0.02108,126107.0,0.0,,False,False,True,TERMINATION,2016-02-09,2026-02-09,USD-SOFR-1D,event_timestamp,2025-06-03 14:34:00-04:00,strict,4.275515105091489,212906.79811226,982.2621194756259,0.0,,-216.75151050914886,-216.7515105091489,128.38426474933328
1547129556,2025-06-03,SOFR,7.005479452054795,7Y,15000000.0,0.01665,562463.0,0.0,,False,False,True,TERMINATION,2019-10-01,2026-10-01,USD-SOFR-1D,event_timestamp,2025-06-03 14:36:00-04:00,strict,4.143652453128542,729326.846923816,2942.4328772001236,0.0,,-247.8652453128542,-247.8652453128542,191.15576241630785
1547130596,2025-06-03,SOFR,6.005479452054795,6Y,20000000.0,0.01565,313395.0,0.0,,False,False,True,TERMINATION,2019-09-27,2025-09-27,USD-SOFR-1D,event_timestamp,2025-06-03 14:51:00-04:00,strict,4.500619330071336,590080.2556049819,2010.0707525680543,0.0,,-293.5619330071336,-293.5619330071337,155.91242228643367
1548963773,2025-06-04,SOFR,0.4986301369863014,6M,1000000.0,0.0405,782.41444,0.0,,False,False,True,TERMINATION,2025-06-04,2025-12-03,USD-SOFR-1D,event_timestamp,2025-06-04 10:53:00-04:00,strict,4.234617927702385,913.581266425128,49.48497027319426,0.0,,-18.46179277023854,-18.461792770238564,15.811153076994566
1548966228,2025-06-04,SOFR,2.0,2Y,16000000.0,0.03006,179140.98056,0.0,,False,False,True,TERMINATION,2025-02-01,2027-02-01,USD-SOFR-1D,event_timestamp,2025-06-04 10:58:00-04:00,strict,3.873644965156103,268389.3235050421,3093.308141962818,0.0,,-86.76449651561033,-86.76449651561038,57.9124265474336
1549104113,2025-06-04,SOFR,5.016438356164383,5Y,50000000.0,0.03875,348000.0,0.0,,False,False,True,TERMINATION,2024-12-26,2029-12-31,USD-SOFR-1D,event_timestamp,2025-06-04 12:04:00-04:00,strict,3.659129178541259,-499179.5529070366,23123.993763207323,0.0,,21.58708214587408,21.58708214587409,15.049303488124277
1551409169,2025-06-05,SOFR,18.01095890410959,18Y,35000000.0,0.022475,8705536.92135,0.0,,False,False,True,TERMINATION,2024-07-27,2042-07-27,USD-SOFR-1D,event_timestamp,2025-06-05 12:21:00-04:00,strict,4.117373019634159,8696590.284189908,46508.41198790966,0.0,,-186.9873019634159,-186.98961999499522,187.18198599455715
1551575498,2025-06-05,SOFR,2.9123287671232876,3Y,17000000.0,0.033305,142005.42,0.0,,False,False,True,TERMINATION,2025-06-05,2028-05-03,USD-SOFR-1D,event_timestamp,2025-06-05 15:02:00-04:00,strict,3.625538428954128,137852.01178118144,4672.340897077321,0.0,,-29.503842895412767,-29.503842895412813,30.392778080218495
1553518768,2025-06-06,SOFR,5.002739726027397,5Y,17000000.0,0.02873,635242.0,0.0,,False,False,True,TERMINATION,2025-03-01,2030-03-01,USD-SOFR-1D,event_timestamp,2025-06-06 14:04:00-04:00,strict,3.792030523439434,714773.8169956729,7777.476359769433,0.0,,-91.90305234394343,-91.90305234394344,81.67713672341294
1557691029,2025-06-10,SOFR,4.986301369863014,5Y,5000000.0,0.03457,39900.0,0.0,,False,False,True,TERMINATION,2023-05-22,2028-05-15,USD-SOFR-1D,event_timestamp,2025-06-10 12:06:00-04:00,strict,3.724508643904132,37860.78514578217,1415.3107201780945,0.0,,-26.75086439041321,-26.750864390413142,28.191689239080457
1559700460,2025-06-11,SOFR,30.02191780821918,30Y,150000.0,0.0375,8769.0,0.0,,False,False,True,TERMINATION,2027-03-02,2057-03-02,USD-SOFR-1D,event_timestamp,2025-06-11 08:17:00-04:00,strict,4.106453984510083,8550.671780847566,239.88150371217685,0.0,,-35.64539845100833,-35.64539845100828,36.55554873676935
1562447011,2025-06-12,SOFR,3.3315068493150686,3Y,100000000.0,0.02753,2156646.84032,0.0,,False,False,True,TERMINATION,2024-11-01,2028-03-01,USD-SOFR-1D,event_timestamp,2025-06-12 13:48:00-04:00,strict,3.7048225051242736,2713428.8422836345,28507.718904265224,0.0,,-95.18225051242734,-95.18225051242739,75.65132964733036
1564485797,2025-06-13,SOFR,5.002739726027397,5Y,1000000.0,0.0635,12195.9936,0.0,,False,False,True,TERMINATION,2025-12-13,2030-12-13,USD-SOFR-1D,event_timestamp,2025-06-13 10:42:00-04:00,strict,3.629212433016694,-121334.09777900003,445.9521178771416,0.0,,272.07875669833055,272.07875669833055,27.348213207409767
1564496127,2025-06-13,SOFR,4.652054794520548,5Y,38000000.0,0.02842,1319959.8336,0.0,,False,False,True,TERMINATION,2025-06-13,2030-02-05,USD-SOFR-1D,event_timestamp,2025-06-13 11:22:00-04:00,strict,3.6641471752049237,1330281.4446687605,16180.57550750792,60.0,,-82.21471752049237,-82.21471752049233,81.57681616377167
1570926031000000101,2025-12-29,SOFR,5.002739726027397,5Y,9000000.0,0.0618,173276.94328,0.0,,False,False,True,TERMINATION,2025-12-24,2030-12-24,USD-SOFR-1D,event_timestamp,2025-12-29 10:27:00-05:00,strict,3.4235364295788586,-1139102.875753801,4132.47934047525,0.0,,275.6463570421141,275.6463570421141,41.9305044269314
1571128578,2025-06-18,SOFR,10.005479452054795,10Y,100000.0,0.0389,560.0,0.0,,False,False,True,TERMINATION,2025-03-03,2035-03-03,USD-SOFR-1D,event_timestamp,2025-06-18 11:13:00-04:00,strict,3.8247229058315075,-549.561534803488,84.18903166629518,0.0,,6.5277094168492145,6.52770941684917,6.65169783897389
1571396757,2025-06-18,SOFR,3.0575342465753423,3Y,20000000.0,0.04176,408000.0,0.0,,False,False,True,TERMINATION,2024-07-30,2027-08-20,USD-SOFR-1D,event_timestamp,2025-06-18 12:40:00-04:00,strict,3.953804174197416,-129317.40645976644,5819.974609903872,0.0,,22.219582580258425,22.219582580258432,70.10339861375081
1571438158,2025-06-18,SOFR,2.0,2Y,100000000.0,0.03553,411877.05732,0.0,,False,False,True,TERMINATION,2025-05-08,2027-05-08,USD-SOFR-1D,event_timestamp,2025-06-18 13:14:00-04:00,strict,3.7722279127764464,422561.0432446059,19274.96539528272,0.0,,-21.92279127764465,-21.922791277644617,21.36849788694309
1571438159,2025-06-18,SOFR,2.0,2Y,210000000.0,0.0373,35060.0,0.0,,False,False,True,TERMINATION,2025-06-05,2027-06-05,USD-SOFR-1D,event_timestamp,2025-06-18 13:16:00-04:00,strict,3.728982645844723,-4107.073890620843,40370.149070705505,0.0,,0.10173541552771503,0.10173541552763624,0.8684634762828062
1572048175000000201,2025-12-29,SOFR,0.6191780821917808,7M,6000000.0,0.033,59500.0,0.0,,False,False,True,TERMINATION,2025-12-29,2026-08-12,USD-SOFR-1D,event_timestamp,2025-12-29 12:47:00-05:00,strict,3.55317257319801,9326.414768707895,368.3817188765372,0.0,,-25.317257319800966,-25.317257319801026,161.5172440735078
1577466294,2025-06-23,SOFR,39.821917808219176,40Y,6000000.0,0.035003,406100.51469,0.0,,False,False,True,TERMINATION,2025-06-23,2065-04-09,USD-SOFR-1D,event_timestamp,2025-06-23 10:56:00-04:00,strict,3.8257742002476123,392767.4573187595,12067.545047194311,0.0,,-32.54742002476125,-32.547420024761166,33.65228910286255
1577468639,2025-06-23,SOFR,5.002739726027397,5Y,40000000.0,0.02673,758600.0,0.0,,False,False,True,TERMINATION,2022-05-25,2027-05-25,USD-SOFR-1D,event_timestamp,2025-06-23 11:08:00-04:00,strict,3.6593714588168513,756621.5946031085,7670.757176111656,0.0,,-98.63714588168513,-98.63714588168513,98.89506115021334
1577665498,2025-06-23,SOFR,30.019178082191782,30Y,11000000.0,0.03841,219554.0,0.0,219554.0,False,False,True,TERMINATION,2024-05-22,2054-05-22,USD-SOFR-1D,event_timestamp,2025-06-23 12:28:00-04:00,strict,3.958588124142628,223670.99908291828,19021.56367522445,0.0,,-11.758812414262776,-11.758812414262731,11.542373894632473
1582386595,2025-06-25,SOFR,0.8602739726027397,10M,3000000.0,0.0422,8400.0,0.0,,False,False,True,TERMINATION,2025-06-25,2026-05-05,USD-SOFR-1D,event_timestamp,2025-06-25 13:37:00-04:00,strict,3.998465969006235,-5600.375996580027,252.7998055855207,0.0,,22.153403099376455,22.15340309937641,33.227873654983206
1584317383,2025-06-26,SOFR,10.219178082191782,10Y,20000000.0,0.039,305000.0,0.0,,False,False,True,TERMINATION,2025-06-26,2035-09-12,USD-SOFR-1D,event_timestamp,2025-06-26 09:02:00-04:00,strict,3.719937705856345,-307044.9659867203,17052.15228135202,0.0,,18.00622941436547,18.006229414365485,17.88630519876036
1585907622000000401,2025-12-30,FED_FUNDS,3.0,3Y,600000000.0,0.03737,49000.0,0.0,,False,False,True,TERMINATION,2023-01-31,2026-01-30,USD-FEDFUNDS-1D,event_timestamp,2025-12-30 12:56:00-05:00,strict,4.2449967616417466,3070954.555561688,60452.24669615933,0.0,,-50.79967616417464,-50.7996761641746,0.8105571368799612
1586578419,2025-06-27,SOFR,4.441095890410959,4Y,190000000.0,0.0353525,1072818.75,0.0,,False,False,True,TERMINATION,2025-06-27,2029-12-04,USD-SOFR-1D,event_timestamp,2025-06-27 09:51:00-04:00,strict,3.4399266954715584,-743218.8728238344,77968.22366791505,0.0,,9.532330452844162,9.532330452844198,13.759692083910833
1586952993,2025-06-27,SOFR,4.890410958904109,5Y,29000000.0,0.0375559,85690.594,0.0,,False,False,True,TERMINATION,2025-06-27,2030-05-17,USD-SOFR-1D,event_timestamp,2025-06-27 14:34:00-04:00,strict,3.4613309382872415,-382436.2553382395,12996.583796340488,0.0,,29.425906171275873,29.425906171275866,6.5933167779157715
1586956774,2025-06-27,SOFR,9.893150684931507,10Y,30000000.0,0.0369632,75695.556,0.0,,False,False,False,TERMINATION,2025-06-27,2035-05-17,USD-SOFR-1D,event_timestamp,2025-06-27 15:09:00-04:00,strict,3.7376358651395942,102766.13853296079,24873.287340285453,0.0,,-4.131586513959418,-4.131586513959413,3.043246956641771
1588863466,2025-06-30,SOFR,2.0,2Y,100000000.0,0.0375,41440.22,0.0,,False,False,True,TERMINATION,2025-07-01,2027-07-01,USD-SOFR-1D,event_timestamp,2025-06-30 10:52:00-04:00,strict,3.5107183253774767,-459412.0817050729,19199.63500881607,0.0,,23.928167462252325,23.928167462252304,2.158385822489413
1592804869,2025-07-02,SOFR,29.898630136986302,30Y,57000000.0,0.03902299,605122.56,0.0,,False,False,False,TERMINATION,2025-07-02,2055-05-19,USD-SOFR-1D,event_timestamp,2025-07-02 10:15:00-04:00,strict,3.969763242027049,672164.9384371415,99632.77111564597,0.0,,-6.7464242027048815,-6.746424202704798,6.073529354087932
1594988558,2025-07-03,SOFR,5.002739726027397,5Y,70000000.0,0.04048,1424440.0,0.0,,False,False,True,TERMINATION,2025-02-12,2030-02-12,USD-SOFR-1D,event_timestamp,2025-07-03 10:03:00-04:00,strict,3.6162737391187916,-1397172.0559604838,32362.452381485324,0.0,,43.17262608812085,43.17262608812091,44.01520574549929
1597749520000000801,2025-12-31,SOFR,3.0383561643835617,3Y,35000000.0,0.0622,307773.0,0.0,,False,False,True,TERMINATION,2025-12-19,2029-01-01,USD-SOFR-1D,event_timestamp,2025-12-31 10:46:00-05:00,strict,3.3226009327875583,-2928210.8313864623,10106.342838729715,0.0,,289.73990672124415,289.7399067212442,30.45344937444103
1598537221000000101,2025-12-31,SOFR,3.0027397260273974,3Y,25000000.0,0.0558,215057.0,0.0,,False,False,True,TERMINATION,2025-12-31,2028-12-31,USD-SOFR-1D,event_timestamp,2025-12-31 12:48:00-05:00,strict,3.3159260378967845,-1609624.700263271,7109.417480195775,0.0,,226.40739621032156,226.4073962103216,30.249595075696394
1603548640,2025-07-09,SOFR,29.87945205479452,30Y,14000000.0,0.0395012,342657.0,0.0,,False,False,False,TERMINATION,2025-07-09,2055-05-19,USD-SOFR-1D,event_timestamp,2025-07-09 10:19:00-04:00,strict,4.045882886435059,232123.20297486335,24239.36992879552,0.0,,-9.576288643505926,-9.576288643505917,14.13638229898606
1605214033,2025-07-10,SOFR,5.002739726027397,5Y,9000000.0,0.0394,102900.0,0.0,,False,False,True,TERMINATION,2025-07-10,2030-07-10,USD-SOFR-1D,event_timestamp,2025-07-10 10:20:00-04:00,strict,3.5593666539388407,-156271.95561063522,4105.577118446302,0.0,,38.06333460611593,38.06333460611602,25.063467822263455
1610604651,2025-07-14,SOFR,29.865753424657534,30Y,8000000.0,0.0399574,149547.134,0.0,,False,False,False,TERMINATION,2025-07-14,2055-05-19,USD-SOFR-1D,event_timestamp,2025-07-14 12:53:00-04:00,strict,4.10846677662069,155004.19223422185,13750.432406648879,0.0,,-11.272677662069075,-11.272677662069098,10.875813180077742
1611046360000000201,2026-01-02,SOFR,4.161643835616438,4Y,52000000.0,0.03473,119569.984,0.0,,False,False,False,TERMINATION,2026-04-03,2030-05-31,USD-SOFR-1D,event_timestamp,2026-01-02 14:57:00-05:00,strict,3.4134618660502882,-118596.50737139303,19919.419622987123,0.0,,5.953813394971164,5.953813394971206,6.002684127504175
1612797497,2025-07-15,SOFR,9.591780821917808,10Y,50000000.0,0.0328,2714000.0,0.0,,False,False,True,TERMINATION,2025-07-15,2035-02-14,USD-SOFR-1D,event_timestamp,2025-07-15 12:44:00-04:00,strict,3.902776385024651,2495323.25082705,40067.7243201551,0.0,,-62.27763850246508,-62.27763850246513,67.7353167929926
1615010155,2025-07-16,SOFR,19.84931506849315,20Y,22000000.0,0.0399273,634752.702,0.0,,False,False,True,TERMINATION,2025-07-16,2045-05-17,USD-SOFR-1D,event_timestamp,2025-07-16 12:45:00-04:00,strict,4.222882314155646,686881.4705341309,29844.647578455773,0.0,,-23.015231415564585,-23.015231415564656,21.26856081417476
1615112178,2025-07-16,SOFR,1.0,1Y,210000000.0,0.04746,150364.2121,0.0,,False,False,True,TERMINATION,2024-07-31,2025-07-31,USD-SOFR-1D,event_timestamp,2025-07-16 14:21:00-04:00,strict,4.6750011789002155,-150822.89170945995,21243.01352799723,0.0,,7.099882109978495,7.099882109978554,7.078290088260194
1617460005,2025-07-17,SOFR,6.249315068493151,6Y,370000000.0,0.03187,8682840.24,0.0,,False,False,True,TERMINATION,2025-05-27,2031-08-25,USD-SOFR-1D,event_timestamp,2025-07-17 16:53:00-04:00,strict,3.69311043132957,10481793.060510479,207104.86114610266,0.0,,-50.61104313295699,-50.611043132957036,41.92485001052036
1617470345,2025-07-17,SOFR,6.249315068493151,6Y,360000000.0,0.03187,8469048.0,0.0,,False,False,True,TERMINATION,2025-05-27,2031-08-25,USD-SOFR-1D,event_timestamp,2025-07-17 16:55:00-04:00,strict,3.6922721813540926,10181848.735320851,201512.15742838307,0.0,,-50.527218135409235,-50.5272181354093,42.02747917584019
1621307024,2025-07-21,SOFR,29.846575342465755,30Y,59000000.0,0.0416411,905800.0,0.0,,False,False,False,TERMINATION,2025-07-21,2055-05-19,USD-SOFR-1D,event_timestamp,2025-07-21 08:35:00-04:00,strict,4.069593780624044,-963183.7441189587,101906.71510967986,0.0,,9.451621937595611,9.451621937595634,8.888521222817438
1623221235000000201,2026-01-05,SOFR,10.005479452054795,10Y,800000.0,0.0383,20095.0,0.0,9.9999999999,False,False,False,TERMINATION,2028-09-13,2038-09-13,USD-SOFR-1D,event_timestamp,2026-01-05 11:30:00-05:00,strict,4.159575556858147,19807.825658138638,601.0101552119693,60.0,,-32.95755568581473,-32.95755568581474,33.43537513590386
1623948757,2025-07-22,SOFR,6.506849315068493,7Y,100000000.0,0.01462,11901513.6,0.0,,False,False,True,TERMINATION,2025-05-25,2031-11-25,USD-SOFR-1D,event_timestamp,2025-07-22 13:09:00-04:00,strict,3.6087367001289192,12491040.003972653,58186.17627034802,0.0,,-214.6736700128919,-214.67367001289193,204.54194385797908
1623979259,2025-07-22,SOFR,2.0,2Y,65000000.0,0.035,81051.0153,0.0,,False,False,False,TERMINATION,2025-10-20,2027-10-20,USD-SOFR-1D,event_timestamp,2025-07-22 13:26:00-04:00,strict,3.443962796036948,-69314.56523338519,12369.383254576229,0.0,,5.603720396305256,5.6037203963052304,6.552551055446845
1623984209,2025-07-22,SOFR,2.0,2Y,370000000.0,0.0352736,594000.0,0.0,9.9999999999,False,False,True,TERMINATION,2025-07-07,2027-07-07,USD-SOFR-1D,event_timestamp,2025-07-22 13:33:00-04:00,strict,3.6132964113823887,610812.6460898593,71077.28101094943,0.0,,-8.593641138238839,-8.593641138238867,8.357100771883697
1623988486,2025-07-22,SOFR,6.421917808219178,6Y,250000000.0,0.01613,27500000.0,0.0,,False,False,True,TERMINATION,2025-05-25,2031-10-25,USD-SOFR-1D,event_timestamp,2025-07-22 13:39:00-04:00,strict,3.60139229692791,28615961.28913486,143909.73765146016,0.0,,-198.839229692791,-198.84659479013726,191.09200286781964
1623990384,2025-07-22,SOFR,6.421917808219178,6Y,240000000.0,0.03177,4891968.0,0.0,,False,False,True,TERMINATION,2025-05-25,2031-10-25,USD-SOFR-1D,event_timestamp,2025-07-22 13:36:00-04:00,strict,3.603267957893856,5889082.434974425,138146.02022494705,0.0,,-42.626795789385596,-42.62940347745861,35.41157386969434
1623994529,2025-07-22,SOFR,2.0,2Y,62000000.0,0.0352736,99804.87,0.0,9.9999999999,False,False,True,TERMINATION,2025-07-07,2027-07-07,USD-SOFR-1D,event_timestamp,2025-07-22 14:07:00-04:00,strict,3.6117084570225173,100463.15529081039,11910.491174010587,0.0,,-8.434845702251703,-8.434845702251732,8.37957633668209
1625920806,2025-07-23,SOFR,19.586301369863012,20Y,14000000.0,0.038845,514853.675,0.0,,False,False,True,TERMINATION,2025-07-23,2045-02-17,USD-SOFR-1D,event_timestamp,2025-07-23 10:10:00-04:00,strict,4.137243123468824,479756.64354537614,18981.98601650781,0.0,,-25.274312346882468,-25.274312346882596,27.123277540730147
1626304620,2025-07-23,SOFR,3.0027397260273974,3Y,180000000.0,0.03528,476260.61,0.0,,False,False,True,TERMINATION,2025-04-17,2028-04-17,USD-SOFR-1D,event_timestamp,2025-07-23 14:07:00-04:00,strict,3.627680960559239,512729.85266298056,51437.08987016391,0.0,,-9.968096055923903,-9.968096055923832,9.259089330328834
1628259927,2025-07-24,SOFR,9.819178082191781,10Y,30000000.0,0.03658767,558140.8,0.0,,False,False,True,TERMINATION,2025-07-24,2035-05-17,USD-SOFR-1D,event_timestamp,2025-07-24 08:01:00-04:00,strict,3.857930610961309,489472.8903265614,24576.421765201478,0.0,,-19.916361096130906,-19.916361096130817,22.71041754297564
1628738085,2025-07-24,SOFR,3.0027397260273974,3Y,4000000.0,0.0592,37856.07098,0.0,,False,False,True,TERMINATION,2025-07-24,2028-07-24,USD-SOFR-1D,event_timestamp,2025-07-24 15:02:00-04:00,strict,3.580354268327672,-264798.3630986216,1131.7882853544222,0.0,,233.9645731672328,233.96457316723274,33.44801450047283
1632947329,2025-07-28,SOFR,4.019178082191781,4Y,10000000.0,0.03473,58000.0,0.0,,False,False,False,TERMINATION,2025-07-28,2029-08-03,USD-SOFR-1D,event_timestamp,2025-07-28 09:16:00-04:00,strict,3.5693250024141845,35868.55642041308,3723.701585408035,0.0,,-9.632500241418462,-9.632500241418427,15.575899053587692
1632955413,2025-07-28,SOFR,4.931506849315069,5Y,55000000.0,0.0358072,65200.0,0.0,,False,False,False,TERMINATION,2025-07-28,2030-07-02,USD-SOFR-1D,event_timestamp,2025-07-28 09:55:00-04:00,strict,3.6094909128738926,71151.6990013104,24730.428024018438,0.0,,-2.8770912873892662,-2.87709128738925,2.6364282873178384
1636334954,2025-07-29,SOFR,5.013698630136986,5Y,450000000.0,0.0354,95000.0,0.0,,False,False,False,TERMINATION,2025-07-29,2030-08-02,USD-SOFR-1D,event_timestamp,2025-07-29 14:29:00-04:00,strict,3.5406682539904875,13750.721027433872,205770.87788757193,0.0,,-0.06682539904874218,-0.06682539904867842,0.46167854739826514
1636487680,2025-07-29,SOFR,6.942465753424657,7Y,26000000.0,0.03641,14108.5,0.0,,False,False,False,TERMINATION,2025-07-29,2032-07-06,USD-SOFR-1D,event_timestamp,2025-07-29 17:25:00-04:00,strict,3.6332078078027332,-12404.416133326478,15919.03256400365,0.0,,0.779219219726679,0.7792192197266765,0.8862661687056503
1637424607000000501,2026-01-06,SOFR,1.1945205479452055,~14M,310000000.0,0.03081,402425.605,0.0,,False,False,True,TERMINATION,2027-01-01,2028-03-12,USD-SOFR-1D,event_timestamp,2026-01-06 10:26:00-05:00,strict,3.2125083827580614,457449.3921056818,34935.06052316361,0.0,,-13.150838275806143,-13.09427793326338,11.519247397129101
1637896704000000501,2026-01-06,SOFR,6.868493150684931,7Y,230000000.0,0.035833,281563.515,0.0,,False,False,False,TERMINATION,2026-01-06,2032-11-17,USD-SOFR-1D,event_timestamp,2026-01-06 11:56:00-05:00,strict,3.5998943108708636,232427.96608126163,140064.84986933193,0.0,,-1.659431087086416,-1.6594310870864195,2.0102367957604907
1638978760000000201,2026-01-06,SOFR,0.29041095890410956,3M,10000000.0,0.0432,34235.592,0.0,,False,False,True,TERMINATION,2026-01-06,2026-04-22,USD-SOFR-1D,event_timestamp,2026-01-06 12:59:00-05:00,strict,3.6425163786665884,-19732.56494099101,291.26261240314153,0.0,,67.74836213334119,67.74836213334115,117.54200691097947
1639397822000000201,2026-01-06,SOFR,5.457534246575342,5Y,7000000.0,0.03353,1600.0,0.0,,False,False,True,TERMINATION,2025-09-30,2031-03-15,USD-SOFR-1D,event_timestamp,2026-01-06 13:58:00-05:00,strict,3.5043599566384787,53160.91917847027,3512.463743467503,0.0,,-15.13599566384789,-15.134937485785926,0.455520716185523
1639903135000000301,2026-01-06,SOFR,5.002739726027397,5Y,9000000.0,0.0618,77342.0,0.0,,False,False,True,TERMINATION,2025-12-31,2030-12-31,USD-SOFR-1D,event_timestamp,2026-01-06 15:41:00-05:00,strict,3.449097900508822,-1127887.0770831937,4130.089750538262,0.0,,273.09020994911776,273.0902099491179,18.726469561568308
1643197886,2025-08-01,SOFR,29.816438356164383,30Y,43000000.0,0.040551,478051.35,0.0,,False,False,False,TERMINATION,2025-08-01,2055-05-19,USD-SOFR-1D,event_timestamp,2025-08-01 09:15:00-04:00,strict,3.9796997615917573,-565964.3924223445,75061.35316947184,0.0,,7.540023840824217,7.540023840824223,6.368808045875038
1646066045,2025-08-04,SOFR,0.9506849315068493,11M,2000000.0,0.026,7265.46,0.0,,False,False,True,TERMINATION,2025-08-04,2026-07-17,USD-SOFR-1D,event_timestamp,2025-08-04 12:53:00-04:00,strict,3.8399937199889767,23042.778632214613,185.82980107689139,0.0,,-123.99937199889766,-123.99937199889769,39.09738888970638
1646123181,2025-08-04,SOFR,12.221917808219178,12Y,55000000.0,0.0404,637284.648,0.0,,False,False,True,TERMINATION,2025-08-04,2037-10-21,USD-SOFR-1D,event_timestamp,2025-08-04 14:37:00-04:00,strict,3.7875922059971283,-1367227.642050244,54167.4098239095,0.0,,25.240779400287174,25.2407794002871,11.76509362496234
1648407074,2025-08-05,SOFR,6.002739726027397,6Y,75000000.0,0.03978,1892486.25241,0.0,,False,False,True,TERMINATION,2025-02-10,2031-02-10,USD-SOFR-1D,event_timestamp,2025-08-05 14:47:00-04:00,strict,3.5179802657971853,-1895857.9826991651,41212.53593575869,0.0,,46.001973420281494,46.00197342028144,45.9201601997987
1648407196,2025-08-05,SOFR,6.002739726027397,6Y,93000000.0,0.03967,2324597.18667,0.0,,False,False,True,TERMINATION,2025-02-26,2031-02-26,USD-SOFR-1D,event_timestamp,2025-08-05 14:49:00-04:00,strict,3.511800637878527,-2322667.017551448,51025.269603335386,0.0,,45.51993621214727,45.51993621214736,45.5577639224869
1652795822000000401,2026-01-07,SOFR,34.04109589041096,34Y,7000000.0,0.03896,399500.70472,0.0,,False,False,True,TERMINATION,2026-01-07,2060-01-14,USD-SOFR-1D,event_timestamp,2026-01-07 11:06:00-05:00,strict,4.099960388194823,261860.99899498,12838.816463952378,0.0,,-20.396038819482285,-20.396038819482207,31.116630247163396
1654823608000000101,2026-01-07,SOFR,6.865753424657535,7Y,51000000.0,0.03641,267948.21,0.0,,False,False,False,TERMINATION,2026-01-07,2032-11-17,USD-SOFR-1D,event_timestamp,2026-01-07 14:50:00-05:00,strict,3.558880135696711,-255267.07112108916,31084.692271083837,0.0,,8.2119864303289,8.211986430328869,8.619940891268067
1659509434,2025-08-12,SOFR,9.627397260273973,10Y,200000000.0,0.03867,2255000.0,0.0,,False,False,True,TERMINATION,2025-05-19,2035-01-01,USD-SOFR-1D,event_timestamp,2025-08-12 10:20:00-04:00,strict,3.763919853070642,-1685463.663073711,163510.01752342997,0.0,,10.30801469293583,10.30801469293583,13.791203952851834
1659553449,2025-08-12,SOFR,4.087671232876712,4Y,12000000.0,0.034185,6022.96656,0.0,-2368312.0,False,False,True,TERMINATION,2025-06-30,2029-07-31,USD-SOFR-1D,event_timestamp,2025-08-12 11:25:00-04:00,strict,3.4332519851617347,6598.584462117171,4473.014573817017,0.0,,-1.4751985161734815,-1.4751985161734704,1.3465117228223877
1662079686,2025-08-13,SOFR,3.0082191780821916,3Y,12000000.0,0.0583,74127.82341,0.0,,False,False,True,TERMINATION,2025-08-13,2028-08-15,USD-SOFR-1D,event_timestamp,2025-08-13 12:04:00-04:00,strict,3.358215925045603,-844603.9678053802,3416.9811852233215,0.0,,247.1784074954397,247.17840749543956,21.6939512955367
1662339359,2025-08-13,SOFR,6.002739726027397,6Y,75000000.0,0.03845,1333321.32099,0.0,,False,False,True,TERMINATION,2025-02-28,2031-02-28,USD-SOFR-1D,event_timestamp,2025-08-13 14:40:00-04:00,strict,3.525585208026417,-1315321.3590531144,41179.09978201313,0.0,,31.94147919735828,31.94147919735831,32.37859321957275
1662340131,2025-08-13,SOFR,6.002739726027397,6Y,68000000.0,0.03857,1254316.932,0.0,,False,False,True,TERMINATION,2025-02-27,2031-02-27,USD-SOFR-1D,event_timestamp,2025-08-13 14:43:00-04:00,strict,3.5258190792679738,-1236658.5649713632,37340.875864403984,0.0,,33.11809207320265,33.11809207320269,33.59098850693284
1664820509,2025-08-14,SOFR,4.698630136986301,5Y,25000000.0,0.0358,99500.0,0.0,,False,False,True,TERMINATION,2025-08-14,2030-04-25,USD-SOFR-1D,event_timestamp,2025-08-14 14:44:00-04:00,strict,3.4485525365256042,-142088.87865187787,10809.556525185824,0.0,,13.144746347439584,13.144746347439563,9.204817956052969
1667528029000001801,2026-01-08,SOFR,10.005479452054795,10Y,15000000.0,0.03708,43600.0,0.0,,False,False,True,TERMINATION,2026-01-05,2036-01-05,USD-SOFR-1D,event_timestamp,2026-01-08 10:38:00-05:00,strict,3.7994796840959926,114844.50955976918,12554.099928816986,0.0,,-9.147968409599239,-9.147968409599187,3.4729690099024544
1669800878,2025-08-18,SOFR,10.005479452054795,10Y,4000000.0,0.04612,170579.06,0.0,,False,False,True,TERMINATION,2025-12-31,2035-12-31,USD-SOFR-1D,event_timestamp,2025-08-18 14:08:00-04:00,strict,3.814010071288556,-262696.84289636044,3291.9819341648954,0.0,,79.7989928711444,79.79899287114434,51.81652372684488
1669807619,2025-08-18,SOFR,6.002739726027397,6Y,110000000.0,0.03801,1201749.30902,0.0,,False,False,True,TERMINATION,2025-02-28,2031-02-28,USD-SOFR-1D,event_timestamp,2025-08-18 14:32:00-04:00,strict,3.602688127089357,-1195544.5843423158,60286.08205828474,0.0,,19.831187291064325,19.8311872910643,19.93410863651988
1674707423,2025-08-20,SOFR,9.005479452054795,9Y,18000000.0,0.03702,29900.0,0.0,,False,False,True,TERMINATION,2025-01-24,2034-01-24,USD-SOFR-1D,event_timestamp,2025-08-20 11:05:00-04:00,strict,3.7146939374842445,17912.989587657154,14111.452502338128,0.0,,-1.2693937484244522,-1.2693937484244906,2.1188463763773338
1682542053,2025-08-25,SOFR,3.0027397260273974,3Y,7000000.0,0.034437,8486.66,0.0,,False,False,True,TERMINATION,2025-08-14,2028-08-14,USD-SOFR-1D,event_timestamp,2025-08-25 16:00:00-04:00,strict,3.3990869794166234,-8878.854668645537,1990.1935696221155,0.0,,4.4613020583376795,4.461302058337669,4.2642384788789105
1684775533,2025-08-26,SOFR,4.778082191780822,5Y,9000000.0,0.0364,86497.033,0.0,,False,False,True,TERMINATION,2025-08-26,2030-06-05,USD-SOFR-1D,event_timestamp,2025-08-26 11:45:00-04:00,strict,3.383638078272375,-101484.3690344647,3958.636616177667,0.0,,25.636192172762495,25.636192172762442,21.850207883824094
1684920224,2025-08-26,SOFR,9.553424657534247,10Y,67000000.0,0.0391,1113761.0,0.0,,False,False,True,TERMINATION,2025-08-26,2035-03-14,USD-SOFR-1D,event_timestamp,2025-08-26 12:16:00-04:00,strict,3.70507078015288,-1109452.6032833643,54138.33147420545,0.0,,20.492921984711998,20.492921984711888,20.572503246256463
1685255915,2025-08-26,SOFR,4.161643835616438,4Y,170000000.0,0.0360778,1713413.24,0.0,,False,False,True,TERMINATION,2025-10-03,2029-11-30,USD-SOFR-1D,event_timestamp,2025-08-26 16:36:00-04:00,strict,3.32208125250347,-1873435.1444728747,65573.79620628635,0.0,,28.569874749653003,28.56987474965304,26.129541663408233
1688037148,2025-08-27,SOFR,5.364383561643836,5Y,4000000.0,0.0378,369549.08,0.0,,False,False,True,TERMINATION,2025-08-27,2031-01-06,USD-SOFR-1D,event_timestamp,2025-08-27 13:18:00-04:00,strict,3.3757101031205266,-79182.71278423723,1958.56273914861,0.0,,40.42898968794737,40.42898968794743,188.6838101293827
1693629695,2025-08-29,SOFR,2.3068493150684932,2Y,290000000.0,0.0409,36644.00314,0.0,,False,False,True,TERMINATION,2024-01-24,2026-05-15,USD-SOFR-1D,event_timestamp,2025-08-29 10:24:00-04:00,strict,4.077435638691464,-35917.07395646535,28586.470155122995,0.0,,1.256436130853622,1.2564361308536245,1.2818652649716185
1699712510,2025-09-02,SOFR,9.961643835616439,10Y,30000000.0,0.0368073,127524.514,0.0,,False,False,False,TERMINATION,2025-09-02,2035-08-17,USD-SOFR-1D,event_timestamp,2025-09-02 13:20:00-04:00,strict,3.7202311503640737,99114.33783382922,25091.50668279627,0.0,,-3.9501150364073645,-3.950115036407357,5.082377699041718
1699740555000000501,2026-01-12,SOFR,30.21095890410959,30Y,5000000.0,0.03822,296251.3035,0.0,,False,False,True,TERMINATION,2026-01-12,2056-03-22,USD-SOFR-1D,event_timestamp,2026-01-12 10:21:00-05:00,strict,4.161932446644281,293386.4144089832,8630.72699606091,0.0,,-33.993244664428126,-33.99324466442811,34.325185310021965
1699741840,2025-09-02,SOFR,6.002739726027397,6Y,75000000.0,0.03821,1325347.0,0.0,,False,False,True,TERMINATION,2025-03-03,2031-03-03,USD-SOFR-1D,event_timestamp,2025-09-02 14:48:00-04:00,strict,3.5050266802884202,-1304344.8704919517,41280.22175044898,0.0,,31.597331971157992,31.597331971157956,32.1061017552694
1699744924,2025-09-02,SOFR,4.002739726027397,4Y,150000000.0,0.03177,2726989.0,0.0,,False,False,True,TERMINATION,2024-09-13,2028-09-13,USD-SOFR-1D,event_timestamp,2025-09-02 14:55:00-04:00,strict,3.6493113713527836,2729366.2594748437,57787.43483684198,0.0,,-47.23113713527836,-47.231137135278324,47.189999135615324
1702121271,2025-09-03,SOFR,4.501369863013698,5Y,77000000.0,0.0335081,299555.56,0.0,,False,False,False,TERMINATION,2025-09-03,2030-03-04,USD-SOFR-1D,event_timestamp,2025-09-03 11:27:00-04:00,strict,3.308080164651334,-137218.35775659047,32113.008776401595,0.0,,4.272983534866626,4.2729835348665945,9.328168596277091
1702547685,2025-09-03,SOFR,9.95890410958904,10Y,30000000.0,0.03685106,38126.92,0.0,,False,False,False,TERMINATION,2025-09-03,2035-08-17,USD-SOFR-1D,event_timestamp,2025-09-03 14:32:00-04:00,strict,3.6628122386503974,-56080.257244925946,25155.134822471213,0.0,,2.229376134960237,2.229376134960293,1.5156714630661021
1710949511,2025-09-08,SOFR,6.002739726027397,6Y,75000000.0,0.03698,1446129.16278,0.0,,False,False,True,TERMINATION,2025-03-06,2031-03-06,USD-SOFR-1D,event_timestamp,2025-09-08 14:12:00-04:00,strict,3.3485861257672944,-1449636.2985769883,41487.657058847864,0.0,,34.941387423270555,34.94138742327055,34.85685298470214
1710958555,2025-09-08,SOFR,1.2465753424657535,15M,750000000.0,0.04064,776184.0,0.0,,False,False,True,TERMINATION,2025-01-01,2026-04-01,USD-SOFR-1D,event_timestamp,2025-09-08 14:50:00-04:00,strict,4.112508881315018,360815.4260071404,74381.31249904439,0.0,,-4.850888131501829,-4.850888131501794,10.435201718307566
1710958925,2025-09-08,SOFR,9.24931506849315,9Y,20000000.0,0.03548,198400.62,0.0,,False,False,True,TERMINATION,2023-01-03,2032-04-01,USD-SOFR-1D,event_timestamp,2025-09-08 14:53:00-04:00,strict,3.3725931697075455,-222359.73558905907,12676.800282994704,0.0,,17.540683029245407,17.540683029245447,15.650685943687584
1712547608000000801,2026-01-13,SOFR,30.019178082191782,30Y,59000000.0,0.0398452,1948287.97407,0.0,,False,False,True,TERMINATION,2025-11-25,2055-11-25,USD-SOFR-1D,event_timestamp,2026-01-13 12:00:00-05:00,strict,4.176037877034673,1952347.664314516,101940.7532363708,0.0,,-19.15178770346735,-19.151787703467253,19.111963686912237
1713036121,2025-09-09,SOFR,10.005479452054795,10Y,33000000.0,0.03848264,14217.57344,0.0,,False,False,True,TERMINATION,2045-07-17,2055-07-17,USD-SOFR-1D,event_timestamp,2025-09-09 08:43:00-04:00,strict,3.8583928557178306,12482.346846362576,12323.550847298025,0.0,,-1.0128855717830731,-1.0128855717830196,1.1536913034376974
1713056687,2025-09-09,SOFR,0.8027397260273973,10M,99000000.0,0.03936,178000.0,0.0,,False,False,False,TERMINATION,2025-09-10,2026-06-30,USD-SOFR-1D,event_timestamp,2025-09-09 09:27:00-04:00,strict,3.703674849143854,-181663.96003384097,7819.38414176798,0.0,,23.232515085614615,23.232515085614704,22.76394109469519
1713220955,2025-09-09,SOFR,0.8027397260273973,10M,99000000.0,0.03936,191000.0,0.0,,False,False,False,TERMINATION,2025-09-10,2026-06-30,USD-SOFR-1D,event_timestamp,2025-09-09 11:46:00-04:00,strict,3.7309160194833426,-160328.14080605702,7817.682317368271,0.0,,20.508398051665733,20.508398051665726,24.43179349660474
1713265281,2025-09-09,SOFR,4.002739726027397,4Y,250000000.0,0.03417,1403746.0,0.0,,False,False,True,TERMINATION,2024-09-03,2028-09-03,USD-SOFR-1D,event_timestamp,2025-09-09 11:57:00-04:00,strict,3.2217073297148078,-1394390.1887032688,71400.02677350858,0.0,,19.529267028519204,19.529267028519193,19.66030075104719
1713474242000000101,2026-01-13,SOFR,1.9972602739726026,2Y,8000000.0,0.0332,2346.674,0.0,,False,False,False,TERMINATION,2026-11-16,2028-11-14,USD-SOFR-1D,event_timestamp,2026-01-13 12:50:00-05:00,strict,3.3063464919956744,-2044.3846729659126,1497.3328995875445,0.0,,1.365350800432541,1.3653508004325952,1.5672359838259182
1713695004000000101,2026-01-13,SOFR,6.8493150684931505,7Y,43000000.0,0.03612878,16414.589,0.0,,False,False,False,TERMINATION,2026-01-13,2032-11-17,USD-SOFR-1D,event_timestamp,2026-01-13 13:11:00-05:00,strict,3.6124840622144614,-1028.2633111141622,26102.175238343425,0.0,,0.039393778553842296,0.039393778553891166,0.6288590452755597
1714455542000000101,2026-01-13,SOFR,6.586301369863014,7Y,35000000.0,0.02313,1799354.4,0.0,,False,False,True,TERMINATION,2025-11-01,2032-06-01,USD-SOFR-1D,event_timestamp,2026-01-13 15:27:00-05:00,strict,3.595843148868287,2650405.7073289063,20660.40349256315,0.0,,-128.28431488682867,-128.2843148868287,87.0919292862644
1714713512000000501,2026-01-13,SOFR,17.85753424657534,18Y,20000000.0,0.04145,7638.228,0.0,,False,False,False,TERMINATION,2026-01-13,2043-11-18,USD-SOFR-1D,event_timestamp,2026-01-13 13:57:00-05:00,strict,4.131838029050011,-33676.99473111518,25586.589469825492,0.0,,1.3161970949989055,1.3161970949989554,0.29852466304693853
1715529861,2025-09-10,SOFR,6.002739726027397,6Y,56000000.0,0.03653,918683.50518,0.0,,False,False,True,TERMINATION,2025-03-06,2031-03-06,USD-SOFR-1D,event_timestamp,2025-09-10 10:11:00-04:00,strict,3.3582930188206483,-912767.9748639129,30972.05133082417,0.0,,29.470698117935168,29.470698117935218,29.66169387255609
1715645326,2025-09-10,SOFR,4.504109589041096,5Y,100000000.0,0.03755,1206419.0,0.0,,False,False,True,TERMINATION,2024-06-12,2028-12-12,USD-SOFR-1D,event_timestamp,2025-09-10 11:39:00-04:00,strict,3.4362466213776566,-1221471.8993078992,38320.2808574805,0.0,,31.875337862234332,31.875337862234264,31.4825197781528
1715647315,2025-09-10,SOFR,4.504109589041096,5Y,100000000.0,0.03628,728714.0,0.0,,False,False,True,TERMINATION,2024-06-11,2028-12-11,USD-SOFR-1D,event_timestamp,2025-09-10 11:40:00-04:00,strict,3.437609275325335,-729613.2463339753,38321.89029064956,0.0,,19.0390724674665,19.039072467466436,19.015606862634446
1716005145,2025-09-10,SOFR,1.2465753424657535,15M,700000000.0,0.04173,1034463.99264,0.0,,False,False,True,TERMINATION,2025-01-01,2026-04-01,USD-SOFR-1D,event_timestamp,2025-09-10 14:37:00-04:00,strict,4.1254586310006784,-330082.04575353116,69430.4881624761,0.0,,4.75413689993216,4.754136899932167,14.899275808333995
1720581823,2025-09-12,SOFR,0.9972602739726028,1Y,60000000.0,0.038155,165000.0,0.0,,False,False,True,TERMINATION,2025-03-31,2026-03-30,USD-SOFR-1D,event_timestamp,2025-09-12 09:05:00-04:00,strict,4.124714923382075,183657.48557347432,5939.476774429222,0.0,,-30.921492338207468,-30.921492338207454,27.780224802016562
1720664623,2025-09-12,FED_FUNDS,0.9972602739726028,1Y,96000000.0,0.038635,148092.0819,0.0,147630.0,False,False,True,TERMINATION,2025-04-25,2026-04-24,USD-FEDFUNDS-1D,event_timestamp,2025-09-12 11:04:00-04:00,strict,4.021748821664653,150055.33892515535,9482.240521394773,0.0,,-15.824882166465315,-15.82488216646536,15.617836477134272
1721066139,2025-09-12,SOFR,3.0027397260273974,3Y,11000000.0,0.0344337,52776.46607,0.0,,False,False,True,TERMINATION,2025-08-13,2028-08-13,USD-SOFR-1D,event_timestamp,2025-09-12 14:04:00-04:00,strict,3.278130904706385,-51959.08314335905,3144.4787960762055,0.0,,16.52390952936149,16.523909529361582,16.783851789955268
1723494911,2025-09-15,SOFR,30.019178082191782,30Y,30000000.0,0.040732,1250955.0,0.0,,False,False,True,TERMINATION,2025-08-26,2055-08-26,USD-SOFR-1D,event_timestamp,2025-09-15 16:25:00-04:00,strict,3.833927018735863,-1287602.165462073,53813.10328727294,0.0,,23.927298126413675,23.927298126413703,23.246289910506924
1725892039,2025-09-16,SOFR,13.01095890410959,13Y,19000000.0,0.04288,284778.75153,0.0,,False,False,True,TERMINATION,2027-09-01,2040-09-01,USD-SOFR-1D,event_timestamp,2025-09-16 12:06:00-04:00,strict,3.8205341794320975,-862240.600505203,18444.99774245969,0.0,,46.746582056790274,46.74658205679026,15.43934867904321
1728086274000000301,2026-01-14,SOFR,10.01095890410959,10Y,25000000.0,0.03798,24100.0,0.0,,False,False,False,TERMINATION,2026-01-14,2036-01-16,USD-SOFR-1D,event_timestamp,2026-01-14 11:15:00-05:00,strict,3.787182511434354,-22632.92518458981,20922.532108299416,0.0,,1.0817488565646016,1.0817488565646376,1.1518682287236242
1728565598,2025-09-17,SOFR,4.002739726027397,4Y,200000000.0,0.03496,1365327.0,0.0,,False,False,True,TERMINATION,2025-05-08,2029-05-08,USD-SOFR-1D,event_timestamp,2025-09-17 13:22:00-04:00,strict,3.3394272094751223,-1184887.3096094728,75676.45091062001,0.0,,15.657279052487771,15.657279052487809,18.041636249730598
1728567485,2025-09-17,SOFR,4.002739726027397,4Y,100000000.0,0.0353,820750.0,0.0,,False,False,True,TERMINATION,2025-05-12,2029-05-12,USD-SOFR-1D,event_timestamp,2025-09-17 13:27:00-04:00,strict,3.3375481541343643,-728859.9013674147,37872.3258324207,0.0,,19.245184586563546,19.245184586563532,21.6714971145869
1728569669,2025-09-17,SOFR,5.002739726027397,5Y,100000000.0,0.03641,1599658.0,0.0,,False,False,True,TERMINATION,2025-06-12,2030-06-12,USD-SOFR-1D,event_timestamp,2025-09-17 13:33:00-04:00,strict,3.3124349759036527,-1525299.979049025,46423.07814850525,0.0,,32.856502409634736,32.85650240963475,34.45824929753191
1728570412,2025-09-17,SOFR,5.002739726027397,5Y,100000000.0,0.0364,1525034.0,0.0,,False,False,True,TERMINATION,2025-06-02,2030-06-02,USD-SOFR-1D,event_timestamp,2025-09-17 13:36:00-04:00,strict,3.320454833567601,-1485383.16654253,46484.29463434768,0.0,,31.954516643239916,31.9545166432399,32.80751083771718
1728570552,2025-09-17,SOFR,5.002739726027397,5Y,100000000.0,0.03585,1282497.0,0.0,,False,False,True,TERMINATION,2025-06-06,2030-06-06,USD-SOFR-1D,event_timestamp,2025-09-17 13:37:00-04:00,strict,3.317906194798957,-1240511.5751626734,46444.79022001034,0.0,,26.709380520104276,26.709380520104265,27.613366190799308
1728572164,2025-09-17,SOFR,5.002739726027397,5Y,100000000.0,0.03665,1647007.0,0.0,,False,False,True,TERMINATION,2025-06-04,2030-06-04,USD-SOFR-1D,event_timestamp,2025-09-17 13:40:00-04:00,strict,3.3188044253919093,-1608136.98145435,46451.69087660464,0.0,,34.61955746080907,34.61955746080897,35.456341177658054
1728572409,2025-09-17,SOFR,5.002739726027397,5Y,200000000.0,0.03698,3536659.0,0.0,,False,False,True,TERMINATION,2025-05-22,2030-05-22,USD-SOFR-1D,event_timestamp,2025-09-17 13:42:00-04:00,strict,3.3271550676672437,-3449145.6153479367,93007.75916368862,0.0,,37.08449323327563,37.084493233275595,38.02541886613644
1728573415,2025-09-17,SOFR,5.002739726027397,5Y,200000000.0,0.03735,3890354.0,0.0,,False,False,True,TERMINATION,2025-05-23,2030-05-23,USD-SOFR-1D,event_timestamp,2025-09-17 13:44:00-04:00,strict,3.328411933126819,-3781061.994099498,92994.90816780037,0.0,,40.65880668731814,40.65880668731814,41.834053892286555
1728599701000000101,2026-01-14,SOFR,26.865753424657534,27Y,13000000.0,0.0416507,38168.0,0.0,,False,False,False,TERMINATION,2026-01-14,2052-11-19,USD-SOFR-1D,event_timestamp,2026-01-14 12:10:00-05:00,strict,4.16198558406432,-6535.642729900777,21189.239279627243,0.0,,0.3084415935679985,0.3084415935679476,1.8012916601823112
1731361942,2025-09-18,SOFR,4.002739726027397,4Y,100000000.0,0.03632,1038207.0,0.0,,False,False,True,TERMINATION,2025-06-04,2029-06-04,USD-SOFR-1D,event_timestamp,2025-09-18 15:14:00-04:00,strict,3.354650099612043,-1046361.1510296967,37727.114722812235,0.0,,27.734990038795672,27.734990038795615,27.518855009928266
1731362018,2025-09-18,SOFR,4.002739726027397,4Y,100000000.0,0.03558,781080.0,0.0,,False,False,True,TERMINATION,2025-06-06,2029-06-06,USD-SOFR-1D,event_timestamp,2025-09-18 15:16:00-04:00,strict,3.3528033913099433,-774082.2190610841,37723.928480236915,0.0,,20.51966086900565,20.51966086900562,20.7051606623949
1731362066,2025-09-18,SOFR,4.002739726027397,4Y,100000000.0,0.03648,1115591.65,0.0,,False,False,True,TERMINATION,2025-06-05,2029-06-05,USD-SOFR-1D,event_timestamp,2025-09-18 15:17:00-04:00,strict,3.3540980762109123,-1108750.3982248977,37725.183419369976,0.0,,29.390192378908743,29.39019237890863,29.5715368060265
1731362854,2025-09-18,SOFR,5.002739726027397,5Y,100000000.0,0.03755,1781861.0,0.0,,False,False,True,TERMINATION,2025-05-14,2030-05-14,USD-SOFR-1D,event_timestamp,2025-09-18 15:25:00-04:00,strict,3.3756172079708358,-1763976.0015792232,46495.94126671987,0.0,,37.93827920291641,37.93827920291645,38.322936399513054
1731362910,2025-09-18,SOFR,5.002739726027397,5Y,100000000.0,0.03738,1707046.0,0.0,,False,False,True,TERMINATION,2025-05-14,2030-05-14,USD-SOFR-1D,event_timestamp,2025-09-18 15:25:00-04:00,strict,3.3756172079708358,-1684932.9014257956,46495.94126671987,0.0,,36.23827920291638,36.23827920291637,36.71387122174129
1733923092,2025-09-19,SOFR,6.016438356164383,6Y,110000000.0,0.0331246,37215.41887,0.0,,False,False,False,TERMINATION,2025-09-19,2031-09-24,USD-SOFR-1D,event_timestamp,2025-09-19 11:57:00-04:00,strict,3.373823295134278,366892.8999257684,59790.28654229117,0.0,,-6.136329513427841,-6.136329513427834,0.6224325224411928
1734034360,2025-09-19,SOFR,2.747945205479452,3Y,5000000.0,0.00262,3716.98263,0.0,,False,False,True,TERMINATION,2025-03-03,2027-12-01,USD-SOFR-1D,event_timestamp,2025-09-19 14:19:00-04:00,strict,3.549262329569699,438223.36080012354,1333.0951924895107,0.0,,-328.72623295696985,-328.7262329569699,2.7882349669708577
1734034386,2025-09-19,SOFR,2.747945205479452,3Y,18000000.0,0.007,11719.74312,0.0,,False,False,True,TERMINATION,2025-03-03,2027-12-01,USD-SOFR-1D,event_timestamp,2025-09-19 14:19:00-04:00,strict,3.5492623295696983,1367401.6489286984,4799.142692962239,0.0,,-284.92623295696984,-284.9262329569698,2.4420493137631762
1734035100,2025-09-19,SOFR,4.002739726027397,4Y,200000000.0,0.03676,2220331.89,0.0,,False,False,True,TERMINATION,2025-05-20,2029-05-20,USD-SOFR-1D,event_timestamp,2025-09-19 14:31:00-04:00,strict,3.3887801597123337,-2170817.1105265543,75580.33276365472,0.0,,28.721984028766645,28.72198402876658,29.37711185981599
1734035126,2025-09-19,SOFR,4.002739726027397,4Y,200000000.0,0.03666,2148624.0,0.0,,False,False,True,TERMINATION,2025-05-22,2029-05-22,USD-SOFR-1D,event_timestamp,2025-09-19 14:31:00-04:00,strict,3.3872225055547776,-2105242.210427843,75516.93563418223,0.0,,27.877749444522237,27.87774944452221,28.452213824039756
1736571440,2025-09-22,SOFR,5.002739726027397,5Y,200000000.0,0.03518,1103331.0,0.0,,False,False,True,TERMINATION,2025-05-09,2030-05-09,USD-SOFR-1D,event_timestamp,2025-09-22 14:41:00-04:00,strict,3.4081853182607835,-1021323.0563640855,93004.23588072527,0.0,,10.981468173921671,10.98146817392164,11.863233857595302
1736571572,2025-09-22,SOFR,5.002739726027397,5Y,100000000.0,0.03591,950142.0,0.0,,False,False,True,TERMINATION,2025-05-13,2030-05-13,USD-SOFR-1D,event_timestamp,2025-09-22 14:41:00-04:00,strict,3.4060056710301794,-859958.2359600216,46485.65395214442,0.0,,18.499432896982036,18.499432896981997,20.439467216663072
1736571682,2025-09-22,SOFR,5.002739726027397,5Y,100000000.0,0.03614,1051012.0,0.0,,False,False,True,TERMINATION,2025-05-13,2030-05-13,USD-SOFR-1D,event_timestamp,2025-09-22 14:42:00-04:00,strict,3.406168666501677,-966113.5095437188,46485.45978518273,0.0,,20.783133349832283,20.783133349832287,22.609478423079096
1738987062,2025-09-23,SOFR,5.002739726027397,5Y,200000000.0,0.03568,1614477.0,0.0,,False,False,True,TERMINATION,2025-05-07,2030-05-07,USD-SOFR-1D,event_timestamp,2025-09-23 13:00:00-04:00,strict,3.4084302804997857,-1484467.9599338472,93029.42717348361,0.0,,15.956971950021481,15.956971950021515,17.354476417330645
1739042970,2025-09-23,SOFR,6.865753424657535,7Y,100000000.0,0.0352,763524.0,0.0,,False,False,False,TERMINATION,2025-09-23,2032-08-03,USD-SOFR-1D,event_timestamp,2025-09-23 15:09:00-04:00,strict,3.4159212764932474,-636517.8180330247,61157.34288302693,0.0,,10.407872350675262,10.407872350675296,12.48458425442649
1741445034,2025-09-24,SOFR,4.443835616438356,4Y,250000000.0,0.0318481,49940.972,0.0,,False,False,True,TERMINATION,2025-09-24,2030-03-04,USD-SOFR-1D,event_timestamp,2025-09-24 14:06:00-04:00,strict,3.325347645989549,1447666.87507632,103009.1876723177,0.0,,-14.05376459895491,-14.053764598954901,0.48482055949093705
1743413626000000501,2026-01-15,SOFR,0.9123287671232877,11M,9000000.0,0.0116,194840.646,0.0,,False,False,True,TERMINATION,2026-01-02,2026-12-01,USD-SOFR-1D,event_timestamp,2026-01-15 10:53:00-05:00,strict,3.55204561625607,193024.30888986387,806.9424244173798,0.0,,-239.20456162560697,-239.20456162560703,241.45544973754085
1743568300,2025-09-25,SOFR,2.8876712328767122,3Y,16000000.0,0.03448,56647.81904,0.0,,False,False,False,TERMINATION,2025-10-10,2028-08-29,USD-SOFR-1D,event_timestamp,2025-09-25 10:58:00-04:00,strict,3.363222053425859,-37124.20436654636,4378.993106901946,0.0,,8.477794657414073,8.477794657414071,12.936265862285692
1751787970,2025-09-30,SOFR,8.005479452054795,8Y,23000000.0,0.0556,230711.25,0.0,,False,False,True,TERMINATION,2025-07-05,2033-07-05,USD-SOFR-1D,event_timestamp,2025-09-30 14:57:00-04:00,strict,3.5586880452480747,-3234387.7676959652,16161.337366801914,0.0,,200.1311954751925,200.1311954751924,14.275504852334773
1751968512,2025-09-30,SOFR,3.0054794520547947,3Y,42000000.0,0.03264,42300.0,0.0,,False,False,True,TERMINATION,2025-10-01,2028-10-02,USD-SOFR-1D,event_timestamp,2025-09-30 16:58:00-04:00,strict,3.3468292692559527,99023.82867580792,11955.173523240042,0.0,,-8.282926925595246,-8.282926925595211,3.538217150739944
1752560581,2025-10-01,SOFR,2.2849315068493152,2Y,32000000.0,0.04375,782693.33,0.0,,False,False,True,TERMINATION,2025-10-02,2028-01-14,USD-SOFR-1D,event_timestamp,2025-10-01 09:06:00-04:00,strict,3.3049768772044046,-751443.8064327291,7022.6875515500105,0.0,,107.00231227955955,107.00231227955948,111.45210779415183
1752986922,2025-10-01,SOFR,4.147945205479452,4Y,78000000.0,0.03251,345130.81,0.0,,False,False,False,TERMINATION,2026-01-06,2030-02-28,USD-SOFR-1D,event_timestamp,2025-10-01 14:58:00-04:00,strict,3.2606685490267093,28898.155952356756,29888.823930587467,0.0,,-0.9668549026709439,-0.9668549026709315,11.547152567846668
1753708154,2025-10-02,SOFR,9.87945205479452,10Y,30000000.0,0.0375,360905.535,0.0,,False,False,True,TERMINATION,2025-10-02,2035-08-17,USD-SOFR-1D,event_timestamp,2025-10-02 07:49:00-04:00,strict,3.6058636881600963,-360658.8104809392,25022.064591296985,0.0,,14.413631183990372,14.41363118399036,14.42349146223241
1753776188,2025-10-02,SOFR,15.205479452054794,15Y,18000000.0,0.03775,127000.0,0.0,,False,False,False,TERMINATION,2025-10-02,2040-12-12,USD-SOFR-1D,event_timestamp,2025-10-02 11:35:00-04:00,strict,3.840788338304853,137759.68832350336,20939.833999933122,0.0,,-6.578833830485298,-6.5788338304851575,6.064995548694685
1754829725,2025-10-03,SOFR,30.235616438356164,30Y,43000000.0,0.039143,109102.03312,0.0,,False,False,False,TERMINATION,2025-10-03,2055-12-21,USD-SOFR-1D,event_timestamp,2025-10-03 09:50:00-04:00,strict,3.902370520322064,-91218.62519418821,76464.88166864375,0.0,,1.1929479677935895,1.1929479677936203,1.426825370537909
1756170354,2025-10-06,SOFR,27.134246575342466,27Y,42000000.0,0.03995,36424.8,0.0,,False,False,True,TERMINATION,2025-09-30,2052-11-11,USD-SOFR-1D,event_timestamp,2025-10-06 14:12:00-04:00,strict,3.983315541040569,-81866.24019951746,70064.21134582405,0.0,,1.1684458959431154,1.168445895943091,0.5198773996072531
1756804140,2025-10-07,SOFR,26.693150684931506,27Y,10000000.0,0.0275,567000.0,0.0,,False,False,True,TERMINATION,2025-04-07,2051-12-10,USD-SOFR-1D,event_timestamp,2025-10-07 11:17:00-04:00,strict,3.989725051619972,2092997.8950594878,16882.924996360252,0.0,,-123.97250516199718,-123.97128433080832,33.58422785875304
1760671035,2025-10-09,SOFR,29.876712328767123,30Y,23000000.0,0.0390239,183400.0,0.0,,False,False,False,TERMINATION,2025-10-09,2055-08-18,USD-SOFR-1D,event_timestamp,2025-10-09 15:42:00-04:00,strict,3.9542814074368096,209662.14143236727,40404.01904451791,0.0,,-5.189140743680953,-5.189140743680909,4.539152399614663
1760806092000000201,2026-01-16,SOFR,4.002739726027397,4Y,130000000.0,0.03356,1194155.50716,0.0,,False,False,True,TERMINATION,2025-05-01,2029-05-01,USD-SOFR-1D,event_timestamp,2026-01-16 13:07:00-05:00,strict,3.618495218973717,1302361.4303896744,49614.672430284394,0.0,,-26.24952189737173,-26.249521897371704,24.068596015381473
1760822147000000201,2026-01-16,SOFR,7.005479452054795,7Y,77000000.0,0.03462,952309.63788,0.0,,False,False,True,TERMINATION,2025-10-07,2032-10-07,USD-SOFR-1D,event_timestamp,2026-01-16 13:08:00-05:00,strict,3.6868370507309756,1079426.93030921,48009.299481550974,0.0,,-22.483705073097582,-22.483705073097607,19.835941123155813
1760847127000000301,2026-01-16,SOFR,7.005479452054795,7Y,100000000.0,0.03456,1433122.0,0.0,,False,False,True,TERMINATION,2025-09-26,2032-09-26,USD-SOFR-1D,event_timestamp,2026-01-16 13:10:00-05:00,strict,3.6889421174710884,1454475.9668751173,62439.37260747362,0.0,,-23.29421174710884,-23.29421174710883,22.95221652865333
1760863507000000401,2026-01-16,SOFR,6.254794520547946,6Y,70000000.0,0.03464,643953.0,0.0,,False,False,True,TERMINATION,2025-11-21,2032-02-21,USD-SOFR-1D,event_timestamp,2026-01-16 13:11:00-05:00,strict,3.6362350091770725,678481.0226434432,39386.809741214376,0.0,,-17.2235009177073,-17.22609744483774,16.349458212812987
1760871178000000201,2026-01-16,SOFR,6.501369863013698,7Y,100000000.0,0.03448,1161071.0,0.0,,False,False,True,TERMINATION,2025-11-24,2032-05-24,USD-SOFR-1D,event_timestamp,2026-01-16 13:11:00-05:00,strict,3.652061458182195,1186857.4412488006,58161.764196995915,0.0,,-20.406145818219557,-20.406145818219564,19.962788543817418
1763230997,2025-10-10,SOFR,7.989041095890411,8Y,20000000.0,0.04727,127000.0,0.0,,False,False,True,TERMINATION,2025-10-10,2033-10-04,USD-SOFR-1D,event_timestamp,2025-10-10 14:18:00-04:00,strict,3.457740452598296,-1773547.862203381,13973.090577368534,0.0,,126.92595474017043,126.92595474017048,9.088898357654326
1768283653,2025-10-14,SOFR,10.005479452054795,10Y,61000000.0,0.0362873,309514.965,0.0,,False,False,True,TERMINATION,2025-09-24,2035-09-24,USD-SOFR-1D,event_timestamp,2025-10-14 11:56:00-04:00,strict,3.5689202480563753,-308844.8984991573,51637.88319842312,0.0,,5.98097519436247,5.980975194362509,5.993951452476498
1773405361,2025-10-16,SOFR,29.60821917808219,30Y,23000000.0,0.039508,209035.58,0.0,,False,False,False,TERMINATION,2025-10-16,2055-05-19,USD-SOFR-1D,event_timestamp,2025-10-16 10:46:00-04:00,strict,3.889486767100843,-248782.96894429624,40575.73825106727,0.0,,6.131323289915702,6.1313232899158026,5.151738181732323
1773781144,2025-10-16,SOFR,3.0082191780821916,3Y,88000000.0,0.032229,84000.0,0.0,,False,False,False,TERMINATION,2025-10-16,2028-10-18,USD-SOFR-1D,event_timestamp,2025-10-16 13:18:00-04:00,strict,3.168184091480273,-137701.18142909557,25166.571323484506,0.0,,5.47159085197273,5.47159085197267,3.3377609893809543
1776359828,2025-10-17,SOFR,0.3917808219178082,5M,1000000.0,0.0523,2999.997,0.0,,False,False,True,TERMINATION,2025-10-17,2026-03-09,USD-SOFR-1D,event_timestamp,2025-10-17 15:29:00-04:00,strict,3.783875606009824,-5658.166510210473,39.126416328531334,0.0,,144.61243939901755,144.61243939901766,76.67446399409636
1781115625,2025-10-21,SOFR,1.7315068493150685,21M,20000000.0,0.04814,644346.67,0.0,,False,False,True,TERMINATION,2025-10-22,2027-07-16,USD-SOFR-1D,event_timestamp,2025-10-21 12:00:00-04:00,strict,3.249970911380926,-525569.9202565963,3360.3589861658993,0.0,,156.4029088619074,156.4029088619073,191.74935554584494
1783850439,2025-10-22,SOFR,9.857534246575343,10Y,10000000.0,0.0372987,176000.0,0.0,,False,False,True,TERMINATION,2025-10-22,2035-08-29,USD-SOFR-1D,event_timestamp,2025-10-22 14:24:00-04:00,strict,3.496611449084755,-195291.74195973435,8372.32938271549,0.0,,23.325855091524474,23.325855091524506,21.021628743291984
1788580575000002501,2026-01-20,SOFR,1.747945205479452,21M,210000000.0,0.0338,366311.58003,0.0,,False,False,True,TERMINATION,2025-11-10,2027-08-10,USD-SOFR-1D,event_timestamp,2026-01-20 11:24:00-05:00,strict,3.488545364661916,388457.0981496647,35787.534489343445,0.0,,-10.854536466191611,-10.854536466191508,10.235731107407739
1788909125,2025-10-24,SOFR,29.835616438356166,30Y,28000000.0,0.038376,114360.305,0.0,,False,False,False,TERMINATION,2025-10-24,2055-08-18,USD-SOFR-1D,event_timestamp,2025-10-24 14:57:00-04:00,strict,3.8613488774839095,118142.94345198944,49746.748465072706,0.0,,-2.3748877483909414,-2.37488774839099,2.298849845036457
1791164306,2025-10-27,SOFR,2.6,3Y,600000000.0,0.04056,10965077.8,0.0,,False,False,True,TERMINATION,2025-10-27,2028-06-02,USD-SOFR-1D,event_timestamp,2025-10-27 12:35:00-04:00,strict,3.25297262220014,-11985961.412084766,149259.68582695132,0.0,,80.302737779986,80.302737779986,73.46309044702595
1791355344000000101,2026-01-20,SOFR,4.0849315068493155,4Y,2000000.0,0.05076,38666.57,0.0,,False,False,True,TERMINATION,2023-11-13,2027-12-13,USD-SOFR-1D,event_timestamp,2026-01-20 16:48:00-05:00,strict,3.446304151344214,-62803.99834381297,385.37251227347303,0.0,,162.96958486557855,162.96958486557853,100.33556823212375
1793837312,2025-10-28,SOFR,3.3315068493150686,3Y,320000000.0,0.03235,9862493.08062,0.0,,False,False,False,TERMINATION,2027-02-01,2030-06-01,USD-SOFR-1D,event_timestamp,2025-10-28 13:26:00-04:00,strict,3.2177860560807856,-168077.90425298735,96950.23413593076,0.0,,1.721394391921427,1.7336513495916968,101.7273776439995
1795430990,2025-10-29,SOFR,1.0,1Y,30000000.0,0.03912,201000.0,0.0,,False,False,True,TERMINATION,2026-04-01,2027-04-01,USD-SOFR-1D,event_timestamp,2025-10-29 10:42:00-04:00,strict,3.201996786969575,-205804.72397935658,2898.644966702948,0.0,,71.00032130304253,71.00032130304263,69.3427454237787
1795849780,2025-10-29,SOFR,5.002739726027397,5Y,110000000.0,0.0335,83155.608,0.0,,False,False,False,TERMINATION,2025-10-31,2030-10-31,USD-SOFR-1D,event_timestamp,2025-10-29 15:28:00-04:00,strict,3.3712802081050763,107411.50153293088,50474.83605543836,0.0,,-2.128020810507625,-2.128020810507574,1.647466628889436
1796070817,2025-10-29,SOFR,1.0054794520547945,1Y,4000000.0,0.0319,1760.34814,0.0,,False,False,True,TERMINATION,2027-10-29,2028-10-30,USD-SOFR-1D,event_timestamp,2025-10-29 18:28:00-04:00,strict,3.236761518444849,1725.5308995664527,369.0066013578211,0.0,,-4.676151844484888,-4.676151844484828,4.770505821637083
1796070819,2025-10-29,SOFR,1.0054794520547945,1Y,14000000.0,0.0319,6161.25417,0.0,,False,False,True,TERMINATION,2027-10-29,2028-10-30,USD-SOFR-1D,event_timestamp,2025-10-29 18:28:00-04:00,strict,3.236761518444849,6039.35814848257,1291.523104752374,0.0,,-4.676151844484888,-4.676151844484816,4.770533447933406
1798617595,2025-10-30,SOFR,4.147945205479452,4Y,39000000.0,0.032264,163580.16,0.0,,False,False,True,TERMINATION,2026-01-06,2030-02-28,USD-SOFR-1D,event_timestamp,2025-10-30 16:12:00-04:00,strict,3.3343386698132376,161481.8767133979,14960.521284244562,0.0,,-10.793866981323763,-10.793866981323706,10.934121672101886
1800928754,2025-10-31,SOFR,7.931506849315069,8Y,33000000.0,0.04727,442000.0,0.0,,False,False,True,TERMINATION,2025-10-31,2033-10-04,USD-SOFR-1D,event_timestamp,2025-10-31 11:51:00-04:00,strict,3.554599805964234,-2675156.03060715,22817.771987894615,0.0,,117.24001940357662,117.24001940357654,19.370865842400907
1803667473000000901,2026-01-21,SOFR,10.005479452054795,10Y,200000.0,0.0408,3787.0,0.0,,False,False,True,TERMINATION,2024-06-05,2034-06-05,USD-SOFR-1D,event_timestamp,2026-01-21 11:43:00-05:00,strict,3.8389451483425563,-3769.4152806919374,156.37168282547358,0.0,,24.105485165744376,24.105485165744373,24.217939793016555
1818439664000000201,2026-01-22,SOFR,1.9917808219178081,2Y,3000000.0,0.048,20309.157,0.0,,False,False,True,TERMINATION,2026-01-22,2028-01-19,USD-SOFR-1D,event_timestamp,2026-01-22 11:47:00-05:00,strict,3.457551809819679,-77214.15475856472,575.1741879006377,0.0,,134.2448190180321,134.24481901803216,35.30957651998883
1818439665000000301,2026-01-22,SOFR,4.750684931506849,5Y,800000.0,0.048,3991.16,0.0,,False,False,True,TERMINATION,2023-04-21,2028-01-19,USD-SOFR-1D,event_timestamp,2026-01-22 11:47:00-05:00,strict,3.7481298772941436,-24687.153718421614,234.6977367787174,0.0,,105.18701227058563,105.18701227058558,17.005532540618525
1850714788000000101,2026-01-26,SOFR,10.421917808219177,10Y,14000000.0,0.02492,274917.175,0.0,,False,False,True,TERMINATION,2026-01-02,2036-06-02,USD-SOFR-1D,event_timestamp,2026-01-26 14:17:00-05:00,strict,3.8746111375731385,1670918.8309884663,12085.240640556296,0.0,,-138.26111375731384,-138.26111375731384,22.748175495771118
1866503842000000401,2026-01-27,SOFR,4.265753424657534,4Y,130000000.0,0.0350895,39010.07,0.0,,False,False,False,TERMINATION,2026-01-27,2030-05-03,USD-SOFR-1D,event_timestamp,2026-01-27 13:21:00-05:00,strict,3.5188654469464584,50957.11394365132,51391.646003261616,0.0,,-0.9915446946457962,-0.9915446946458434,0.7590741498632714
1867299361000000101,2026-01-27,SOFR,26.83013698630137,27Y,19000000.0,0.0423071,46590.504,0.0,,False,False,False,TERMINATION,2026-01-27,2052-11-19,USD-SOFR-1D,event_timestamp,2026-01-27 16:16:00-05:00,strict,4.208505418972507,-68284.34131627344,30752.36647416342,0.0,,2.220458102749312,2.220458102749344,1.515021747648038
1896048850000001701,2026-01-29,SOFR,0.07671232876712329,1M,1400000000.0,0.03671,10800.0,0.0,,False,False,False,TERMINATION,2026-02-01,2026-03-01,USD-SOFR-1D,event_timestamp,2026-01-29 10:27:00-05:00,strict,3.666049999999834,-5371.402708475944,10851.318602617512,0.0,,0.4950000000165655,0.4950000000166132,0.9952707496206836
1898440130000000101,2026-01-29,SOFR,4.178082191780822,4Y,32000000.0,0.03588,35555.45,0.0,,False,False,True,TERMINATION,2026-01-29,2030-04-03,USD-SOFR-1D,event_timestamp,2026-01-29 15:17:00-05:00,strict,3.485884466663224,-126793.64748888928,12416.685625166001,0.0,,10.211553333677603,10.211553333677493,2.8635218023025892
1898583989000000401,2026-01-29,SOFR,0.24383561643835616,3M,12000000.0,0.0109,78229.872,0.0,,False,False,True,TERMINATION,2026-01-02,2026-04-01,USD-SOFR-1D,event_timestamp,2026-01-29 15:51:00-05:00,strict,3.6737171445705012,76130.82202812955,294.6561785531093,0.0,,-258.37171445705013,-258.3717144570502,265.4954407680941
1912014712000000701,2026-01-30,SOFR,17.81095890410959,18Y,20000000.0,0.0419788,57808.023,0.0,,False,False,False,TERMINATION,2026-01-30,2043-11-18,USD-SOFR-1D,event_timestamp,2026-01-30 09:43:00-05:00,strict,4.165346372957488,-82818.86556535028,25456.38869503599,0.0,,3.253362704251117,3.253362704251134,2.270865034806473
1912688055000000501,2026-01-30,SOFR,9.808219178082192,10Y,37000000.0,0.0388327,99261.39369,0.0,,False,False,False,TERMINATION,2026-01-30,2035-11-19,USD-SOFR-1D,event_timestamp,2026-01-30 11:18:00-05:00,strict,3.851536350894729,-96320.94677775353,30352.937494905866,0.0,,3.1733649105270434,3.1733649105269985,3.2702401112465322
1912688056000000601,2026-01-30,SOFR,9.808219178082192,10Y,61000000.0,0.03867194,82550.9571,0.0,,False,False,False,TERMINATION,2026-01-30,2035-11-19,USD-SOFR-1D,event_timestamp,2026-01-30 11:18:00-05:00,strict,3.8515363508947296,-78352.9576248005,50041.32938349345,0.0,,1.5657649105270455,1.5657649105270548,1.6496555570570057
1912689404000000901,2026-01-30,SOFR,9.808219178082192,10Y,32000000.0,0.0384443,16797.75456,0.0,,False,False,False,TERMINATION,2026-01-30,2035-11-19,USD-SOFR-1D,event_timestamp,2026-01-30 11:18:00-05:00,strict,3.8515363508947296,18655.01617510058,26251.189184783452,0.0,,-0.7106350894729552,-0.7106350894729749,0.6398854711594113
1912689406000001101,2026-01-30,SOFR,9.808219178082192,10Y,72000000.0,0.0375958,540583.87874,0.0,,False,False,True,TERMINATION,2026-01-30,2035-11-19,USD-SOFR-1D,event_timestamp,2026-01-30 11:18:00-05:00,strict,3.851536350894729,543141.8019179702,59065.17566576277,0.0,,-9.195635089472942,-9.19563508947292,9.15232829914955
1912689413000001801,2026-01-30,SOFR,2.0082191780821916,2Y,160000000.0,0.0338606,32538.86678,0.0,,False,False,False,TERMINATION,2026-01-30,2028-02-02,USD-SOFR-1D,event_timestamp,2026-01-30 11:18:00-05:00,strict,3.375260238571023,-33430.82178864814,30955.14841554907,0.0,,1.0799761428976762,1.079976142897623,1.0511617112342906
1912693360000000501,2026-01-30,SOFR,1.9287671232876713,~23M,130000000.0,0.0342562,116871.53093,0.0,,False,False,False,TERMINATION,2026-01-30,2028-01-04,USD-SOFR-1D,event_timestamp,2026-01-30 11:18:00-05:00,strict,3.3755596744921053,-121141.1008952856,24199.023811018087,0.0,,5.006032550789463,5.006032550789454,4.829596922698472
1912962446000001801,2026-01-30,SOFR,1.747945205479452,21M,180000000.0,0.03397,178398.80841,0.0,,False,False,True,TERMINATION,2025-11-10,2027-08-10,USD-SOFR-1D,event_timestamp,2026-01-30 11:53:00-05:00,strict,3.4533646624870595,173136.2052374333,30717.154613883045,0.0,,-5.636466248705929,-5.6364662487059265,5.807790814366972
1915640802000000201,2026-01-30,SOFR,2.0,2Y,58000000.0,0.037823,39114.2704,0.0,39011.0,False,False,True,TERMINATION,2029-02-02,2031-02-02,USD-SOFR-1D,event_timestamp,2026-01-30 15:45:00-05:00,strict,3.736893899839418,-45692.43853480276,10063.061653215875,0.0,,4.540610016058233,4.540610016058157,3.8869155082141593
1934747832000000101,2026-02-02,SOFR,29.80821917808219,30Y,29000000.0,0.0419075,202158.48,0.0,,False,False,False,TERMINATION,2026-02-02,2055-11-17,USD-SOFR-1D,event_timestamp,2026-02-02 16:38:00-05:00,strict,4.230446365435503,195850.67033457756,49337.17940822288,0.0,,-3.969636543550248,-3.9696365435502727,4.0974875828898085
1947242448000001401,2026-02-03,SOFR,6.002739726027397,6Y,14000000.0,0.03974,222500.0,0.0,,False,False,True,TERMINATION,2025-03-26,2031-03-26,USD-SOFR-1D,event_timestamp,2026-02-03 09:19:00-05:00,strict,3.69314839878722,-218460.0225906903,7778.485920939409,0.0,,28.085160121277973,28.085160121278054,28.60453850035749
1950177762000000301,2026-02-03,SOFR,5.413698630136986,5Y,7000000.0,0.03643,5200.0,0.0,,False,False,False,TERMINATION,2026-02-03,2031-07-03,USD-SOFR-1D,event_timestamp,2026-02-03 15:37:00-05:00,strict,3.5819045457522942,-21025.108564174036,3441.3539964740703,0.0,,6.109545424770557,6.109545424770559,1.5110331588461392
1951192360000000101,2026-02-03,SOFR,8.501369863013698,9Y,34000000.0,0.03686,333000.0,0.0,,False,False,True,TERMINATION,2026-02-03,2034-08-03,USD-SOFR-1D,event_timestamp,2026-02-03 17:02:00-05:00,strict,3.782337539587678,238691.8990775887,24776.623951491816,0.0,,-9.633753958767866,-9.633753958767933,13.440087747707446
1977553703000000401,2026-02-05,SOFR,1.8630136986301369,~22M,300000000.0,0.0337372,96259.65,0.0,,False,False,False,TERMINATION,2026-02-05,2027-12-17,USD-SOFR-1D,event_timestamp,2026-02-05 07:19:00-05:00,strict,3.3889115405657275,82043.62627021223,54006.1265776463,0.0,,-1.5191540565727468,-1.51915405657274,1.782383890494433
1979662210000001201,2026-02-05,SOFR,6.994520547945205,7Y,10000000.0,0.03676,144400.0,0.0,,False,False,True,TERMINATION,2025-03-05,2032-03-01,USD-SOFR-1D,event_timestamp,2026-02-05 11:35:00-05:00,strict,3.663049703685386,-8276.681313333567,6391.113463553306,0.0,,1.2950296314614196,1.2950296314614216,22.593872073070198
1981820775000000501,2026-02-05,SOFR,2.9178082191780823,3Y,11000000.0,0.0326,6300.0,0.0,,False,False,True,TERMINATION,2026-02-05,2029-01-05,USD-SOFR-1D,event_timestamp,2026-02-05 14:50:00-05:00,strict,3.338628447202384,23980.358797180234,3049.8324271184565,0.0,,-7.8628447202384155,-7.862844720238404,2.06568726333347
1984682395000000101,2026-02-06,SOFR,4.161643835616438,4Y,78000000.0,0.03457,128731.3,0.0,,False,False,False,TERMINATION,2026-04-03,2030-05-31,USD-SOFR-1D,event_timestamp,2026-02-05 22:29:00-05:00,strict,3.3885676226501205,-205239.39721968397,29991.56322895817,0.0,,6.843237734987939,6.843237734987962,4.292250424469515
1998362226000000501,2026-02-06,SOFR,12.580821917808219,13Y,19000000.0,0.04124,385736.0395,0.0,,False,False,False,TERMINATION,2026-02-06,2038-09-03,USD-SOFR-1D,event_timestamp,2026-02-06 15:38:00-05:00,strict,3.9333559946326977,-362385.590198515,19008.496464409152,0.0,,19.064400536730197,19.064400536730147,20.292822224116396
1999411631000000201,2026-02-06,SOFR,13.246575342465754,13Y,11000000.0,0.04011,43827.24393,0.0,,False,False,False,TERMINATION,2026-02-06,2039-05-04,USD-SOFR-1D,event_timestamp,2026-02-06 17:07:00-05:00,asof2h,3.9657593011167314,-51735.534794688225,11435.617943962066,480.0,,4.524069888326876,4.524069888326784,3.8325208261386963
2012127993000000301,2026-02-09,SOFR,6.7753424657534245,7Y,43000000.0,0.0368649,228998.622,0.0,,False,False,False,TERMINATION,2026-02-09,2032-11-17,USD-SOFR-1D,event_timestamp,2026-02-09 09:34:00-05:00,strict,3.6054511985303948,-209655.75265932456,25871.033240534653,0.0,,8.10388014696053,8.103880146960524,8.851545273468464
2012417135000000401,2026-02-09,SOFR,16.832876712328765,17Y,1000000.0,0.04323,8900.64,0.0,,False,False,True,TERMINATION,2024-10-09,2041-08-05,USD-SOFR-1D,event_timestamp,2026-02-09 11:50:00-05:00,strict,4.061463465967602,-31771.503364380158,1214.8017286351533,0.0,,26.15365340323974,26.153653403239627,7.3268252671981235
2012463677000000401,2026-02-09,SOFR,4.989041095890411,5Y,150000000.0,0.0356019,185007.328,0.0,,False,False,False,TERMINATION,2026-02-09,2031-02-04,USD-SOFR-1D,event_timestamp,2026-02-09 11:54:00-05:00,strict,3.4754180562505037,-581509.0049061328,68596.87051939192,0.0,,8.477194374949626,8.477194374949566,2.6970228612353324
2027827525000000101,2026-02-10,SOFR,30.019178082191782,30Y,29000000.0,0.041625,337276.61875,0.0,,False,False,False,TERMINATION,2026-02-11,2056-02-11,USD-SOFR-1D,event_timestamp,2026-02-10 10:36:00-05:00,strict,4.093787894136184,-345934.6342600174,50345.51479846001,0.0,,6.871210586381693,6.871210586381749,6.699238653138507
2029322824000000101,2026-02-10,SOFR,27.791780821917808,28Y,60000000.0,0.0419546,771928.66,0.0,,False,False,True,TERMINATION,2026-02-10,2053-11-19,USD-SOFR-1D,event_timestamp,2026-02-10 12:58:00-05:00,strict,4.104437590394837,-911579.656731844,100148.92603767535,0.0,,9.102240960516284,9.10224096051628,7.707807667449231
2044854186000000201,2026-02-11,SOFR,2.728767123287671,3Y,15000000.0,0.031665,94200.0,0.0,,False,False,True,TERMINATION,2026-02-11,2028-11-03,USD-SOFR-1D,event_timestamp,2026-02-11 15:33:00-05:00,strict,3.3483485797947363,70971.46842622827,3902.7782623509156,0.0,,-18.184857979473623,-18.184857979473627,24.136651807437495
2072337760000000301,2026-02-13,SOFR,1.8547945205479452,~22M,89000000.0,0.03125,11533.78382,0.0,,False,False,True,TERMINATION,2026-02-13,2027-12-22,USD-SOFR-1D,event_timestamp,2026-02-13 07:59:00-05:00,strict,3.2835894960516088,253337.27739936486,15974.404592150499,0.0,,-15.858949605160877,-15.858949605160852,0.7220165079371703
2072534317000000701,2026-02-13,SOFR,10.005479452054795,10Y,44000000.0,0.03866,380558.0,0.0,,False,False,True,TERMINATION,2045-07-17,2055-07-17,USD-SOFR-1D,event_timestamp,2026-02-13 08:06:00-05:00,strict,4.097020235267902,371793.49594848603,16093.546763007005,0.0,,-23.102023526790163,-23.102023526790195,23.6466209471463
2121311605000000301,2026-02-20,SOFR,5.002739726027397,5Y,42000000.0,0.035534,362464.0,0.0,-362464.0,False,False,True,TERMINATION,2026-01-29,2031-01-29,USD-SOFR-1D,event_timestamp,2026-02-20 10:12:00-05:00,strict,3.3659277285383045,-362539.94738068245,19338.323718702966,0.0,,18.747227146169585,18.747227146169536,18.74329984710333
2121408799000001001,2026-02-20,SOFR,30.01095890410959,30Y,29000000.0,0.03997349,60747.138,0.0,,False,False,False,TERMINATION,2026-02-20,2056-02-17,USD-SOFR-1D,event_timestamp,2026-02-20 11:12:00-05:00,strict,4.012366140375762,76353.9143511504,50844.50996701465,0.0,,-1.5017140375761961,-1.501714037576229,1.1947629751847284
2147788661000000401,2026-02-24,SOFR,11.490410958904109,11Y,91000000.0,0.04044,2180897.146,0.0,,False,False,True,TERMINATION,2026-02-24,2037-08-19,USD-SOFR-1D,event_timestamp,2026-02-24 13:03:00-05:00,strict,3.6829564823654617,-3098618.4312445596,85823.95971393958,0.0,,36.10435176345379,36.10435176345377,25.411285534589215
2161578307000000301,2026-02-25,SOFR,17.73972602739726,18Y,64000000.0,0.0412676,1561922.166,0.0,,False,False,True,TERMINATION,2026-02-25,2043-11-18,USD-SOFR-1D,event_timestamp,2026-02-25 08:51:00-05:00,strict,3.9318476759108876,-1613194.5889042877,82765.1405032117,0.0,,19.49123240891124,19.491232408911184,18.871739436476755
2179536975000001101,2026-02-26,SOFR,2.328767123287671,2Y,500000.0,0.02815,3401.156,0.0,,False,False,True,TERMINATION,2026-02-02,2028-06-01,USD-SOFR-1D,event_timestamp,2026-02-26 10:40:00-05:00,strict,3.276560742108705,5175.882261167328,112.13870221112359,0.0,,-46.156074210870514,-46.15607421087049,30.329903351267987
2179536976000001201,2026-02-26,SOFR,3.1616438356164385,3Y,630000.0,0.01878,13329.516,0.0,,False,False,True,TERMINATION,2026-02-02,2029-04-01,USD-SOFR-1D,event_timestamp,2026-02-26 10:40:00-05:00,strict,3.2545148591030157,26062.87777712659,189.34607688253044,0.0,,-137.65148591030157,-137.64677993986587,70.39763495216
2181851763000000301,2026-02-26,SOFR,6.93972602739726,7Y,170000000.0,0.03448,89859.798,0.0,,False,False,False,TERMINATION,2026-02-26,2033-02-02,USD-SOFR-1D,event_timestamp,2026-02-26 06:54:00-05:00,strict,3.4534987677473588,57686.00345044583,104907.14665691463,0.0,,-0.5498767747359246,-0.5498767747358577,0.8565650755317457
2195149647000001601,2026-02-27,SOFR,4.742465753424658,5Y,10000000.0,0.033,46778.0,0.0,,False,False,False,TERMINATION,2026-02-27,2030-11-24,USD-SOFR-1D,event_timestamp,2026-02-27 09:55:00-05:00,strict,3.239429147076759,-26611.178013401106,4390.707907405713,0.0,,6.057085292324116,6.060794426456063,10.653862881905797
2214796120000000101,2026-03-02,SOFR,4.380821917808219,4Y,180000000.0,0.0332,67679.906,0.0,,False,False,True,TERMINATION,2023-05-10,2027-09-25,USD-SOFR-1D,event_timestamp,2026-03-02 11:25:00-05:00,strict,3.4909739496678567,583812.6245371904,35278.424030099,0.0,,-17.097394966785686,-16.548716122894,1.9184503803870765
2233137194000001701,2026-03-03,SOFR,2.0054794520547947,2Y,310000000.0,0.0329844,152802.63,0.0,,False,False,True,TERMINATION,2026-02-27,2028-02-29,USD-SOFR-1D,event_timestamp,2026-03-03 12:20:00-05:00,strict,3.3289911328098736,183091.2596288696,59929.45033111908,0.0,,-3.055113280987376,-3.0551132809872827,2.5497085181950254
2250496067000000701,2026-03-04,SOFR,2.580821917808219,3Y,17000000.0,0.05737,1154336.63021,0.0,,False,False,True,TERMINATION,2026-03-05,2028-10-02,USD-SOFR-1D,event_timestamp,2026-03-04 11:12:00-05:00,strict,3.3088790426076993,-1018728.8206772537,4195.543955813985,0.0,,242.81209573923007,242.81209573923013,275.1339617382331
2282289863000001201,2026-03-06,SOFR,4.504109589041096,5Y,130000000.0,0.03268927,477199.554,0.0,,False,False,True,TERMINATION,2026-03-05,2030-09-04,USD-SOFR-1D,event_timestamp,2026-03-06 07:57:00-05:00,strict,3.4361068089787326,904858.319217205,54124.85662860848,0.0,,-16.71798089787324,-16.71798089787325,8.816643289688997
2284025531000003301,2026-03-06,SOFR,5.002739726027397,5Y,160000000.0,0.0332294,988628.814,0.0,,False,False,True,TERMINATION,2026-03-04,2031-03-04,USD-SOFR-1D,event_timestamp,2026-03-06 09:50:00-05:00,strict,3.431613757139268,797442.8280453756,73379.5213340631,0.0,,-10.867375713926819,-10.867375713926865,13.472816339305748
2287484437000000201,2026-03-06,SOFR,8.0,8Y,5000000.0,0.03243,17670.0,0.0,,False,False,True,TERMINATION,2018-12-03,2026-12-01,USD-SOFR-1D,event_timestamp,2026-03-06 16:20:00-05:00,strict,3.63588630345773,19394.202703136805,493.633973300966,0.0,,-39.28863034577299,-39.28863034577295,35.795753444276606
2288106249000000201,2026-03-06,SOFR,8.0,8Y,5000000.0,0.03243,17670.0,0.0,,False,False,True,TERMINATION,2018-12-03,2026-12-01,USD-SOFR-1D,event_timestamp,2026-03-06 17:09:00-05:00,asof2h,3.6365922213127053,19428.91217200365,493.6304916597305,600.0,,-39.35922213127054,-39.35922213127059,35.79600591646654
2288123478000000101,2026-03-06,SOFR,9.512328767123288,10Y,10000000.0,0.02956,163262.07216,0.0,,False,False,True,TERMINATION,2019-03-01,2028-09-01,USD-SOFR-1D,event_timestamp,2026-03-06 16:34:00-05:00,strict,3.4745854063849544,149932.41277152929,2891.1807182678804,0.0,,-51.85854063849544,-51.858540638495434,56.46899591175022
2300719607000001501,2026-03-09,SOFR,0.9972602739726028,1Y,130000000.0,0.03635,181400.0,0.0,,False,False,True,TERMINATION,2025-10-02,2026-10-01,USD-SOFR-1D,event_timestamp,2026-03-09 08:40:00-04:00,strict,3.7768477071670525,182584.8685853528,12871.894247139648,0.0,,-14.18477071670523,-14.184770716705215,14.09271988389045
2335640586000000501,2026-03-11,SOFR,0.038356164383561646,2W,500000.0,0.03954,60.0,0.0,,False,False,True,TERMINATION,2026-03-13,2026-03-27,USD-SOFR-1D,event_timestamp,2026-03-11 12:21:00-04:00,strict,3.6754599999996156,-54.05008325339827,1.9404783245969623,0.0,,27.854000000038415,27.854000000038383,30.920211392962614
2336842658000001901,2026-03-11,SOFR,4.997260273972603,5Y,340000000.0,0.0363392,749099.56,0.0,,False,False,True,TERMINATION,2025-06-02,2030-05-31,USD-SOFR-1D,event_timestamp,2026-03-11 12:58:00-04:00,strict,3.561805781174737,-1151525.4719651937,159680.78011846796,0.0,,7.211421882526325,7.211421882526321,4.691231840452178
2351994666000000401,2026-03-12,SOFR,6.901369863013699,7Y,69000000.0,0.03523,19456.454,0.0,,False,False,False,TERMINATION,2026-03-12,2033-02-02,USD-SOFR-1D,event_timestamp,2026-03-12 12:01:00-04:00,strict,3.624836637252976,428452.2103068866,42072.501789562084,0.0,,-10.18366372529762,-10.183663725297714,0.4624506072236242
2353433745000000301,2026-03-12,SOFR,6.901369863013699,7Y,86000000.0,0.03523,456500.0,0.0,,False,False,False,TERMINATION,2026-03-12,2033-02-02,USD-SOFR-1D,event_timestamp,2026-03-12 14:09:00-04:00,strict,3.6313438412390098,567829.0638184436,52409.90695223676,0.0,,-10.834384123901009,-10.83438412390102,8.710185278825751
2366154776000000101,2026-03-13,SOFR,6.898630136986301,7Y,86000000.0,0.03523,458766.033,0.0,,False,False,True,TERMINATION,2026-03-13,2033-02-02,USD-SOFR-1D,event_timestamp,2026-03-13 08:19:00-04:00,strict,3.62917813313288,556550.8467661478,52416.71051699815,0.0,,-10.617813313288016,-10.617813313288032,8.75228583547278
2367468348000002201,2026-03-13,SOFR,4.810958904109589,5Y,10000000.0,0.0557,143002.6741,0.0,,False,False,True,TERMINATION,2026-03-13,2031-01-02,USD-SOFR-1D,event_timestamp,2026-03-13 09:39:00-04:00,strict,3.512438764835726,-908108.2863708928,4413.517667669268,0.0,,205.75612351642744,205.75612351642746,32.40106528802414
2367497970000000101,2026-03-13,SOFR,4.482191780821918,4Y,350000000.0,0.0328,2756812.48,0.0,,False,False,True,TERMINATION,2026-03-13,2030-09-04,USD-SOFR-1D,event_timestamp,2026-03-13 09:41:00-04:00,strict,3.499482451741838,3178024.174001701,144796.27636654014,0.0,,-21.94824517418379,-21.948245174183818,19.039249828644422
2387536395000000501,2026-03-16,SOFR,7.005479452054795,7Y,9000000.0,0.03536,6000.0,0.0,,False,False,True,TERMINATION,2026-01-05,2033-01-05,USD-SOFR-1D,event_timestamp,2026-03-16 14:08:00-04:00,strict,3.6029154430807737,37488.34979461087,5602.346494120776,0.0,,-6.691544308077324,-6.691544308077331,1.0709798128867127
2403599577000000101,2026-03-17,SOFR,2.0,2Y,20000000.0,0.03839,11600.0,0.0,,False,False,True,TERMINATION,2024-08-12,2026-08-12,USD-SOFR-1D,event_timestamp,2026-03-17 13:15:00-04:00,strict,3.906994198006638,13579.515983748599,1997.1580490475094,0.0,,-6.799419800663786,-6.799419800663739,5.808253385620786
2420836032000000201,2026-03-18,SOFR,3.0,3Y,200000000.0,0.03905,1254676.65147,0.0,,False,False,True,TERMINATION,2024-12-02,2027-12-02,USD-SOFR-1D,event_timestamp,2026-03-18 14:20:00-04:00,strict,3.5832299528428506,-1249574.606830094,38834.39797675809,0.0,,32.177004715714965,32.177004715714894,32.308384237626356
2434226346000003801,2026-03-19,SOFR,7.005479452054795,7Y,62000000.0,0.03709,107020.49,0.0,,False,False,True,TERMINATION,2026-01-23,2033-01-23,USD-SOFR-1D,event_timestamp,2026-03-19 10:06:00-04:00,strict,3.6597767380363777,-189200.66928824596,38437.247297441165,0.0,,4.922326196362192,4.922326196362178,2.7842912155450983
2451590595000001501,2026-03-20,SOFR,4.156164383561644,4Y,25000000.0,0.03325,313186.68654,0.0,,False,False,True,TERMINATION,2026-07-06,2030-08-31,USD-SOFR-1D,event_timestamp,2026-03-20 12:05:00-04:00,strict,3.6533942519830283,311545.4058211711,9486.693879347944,0.0,,-32.839425198302806,-32.84025075367825,33.013259468801
2451664108000001201,2026-03-20,SOFR,7.005479452054795,7Y,80000000.0,0.03504,1380824.0797,0.0,,False,False,True,TERMINATION,2026-02-20,2033-02-20,USD-SOFR-1D,event_timestamp,2026-03-20 12:23:00-04:00,strict,3.7554775680270476,1240148.3939631023,49314.473799496765,0.0,,-25.147756802704755,-25.147756802704798,28.000381496802884
2452644826000000401,2026-03-20,SOFR,2.6246575342465754,3Y,120000000.0,0.0369697,601013.71,0.0,,False,False,False,TERMINATION,2026-03-20,2028-11-02,USD-SOFR-1D,event_timestamp,2026-03-20 13:46:00-04:00,strict,3.6863548853145,-31745.268810030073,29905.723819819148,0.0,,1.0615114685500249,1.0615114685501048,20.096945776035543
2469328492000001701,2026-03-23,SOFR,7.5698630136986305,8Y,10000000.0,0.0348,87900.0,0.0,,False,False,True,TERMINATION,2025-09-05,2033-03-30,USD-SOFR-1D,event_timestamp,2026-03-23 10:59:00-04:00,strict,3.7507040495961625,181845.6391742304,6717.507161252601,0.0,,-27.0704049596163,-27.070404959616297,13.085211208559315
2471294806000001801,2026-03-23,SOFR,2.0,2Y,200000000.0,0.03655,851095.0,0.0,,False,False,True,TERMINATION,2025-07-10,2027-07-10,USD-SOFR-1D,event_timestamp,2026-03-23 14:14:00-04:00,strict,3.8656615465445783,831287.215541169,39460.79525079623,0.0,,-21.066154654457847,-21.066154654457844,21.568115761246013
2471320925000000101,2026-03-23,SOFR,2.0,2Y,260000000.0,0.03645,1028276.52456,0.0,,False,False,True,TERMINATION,2025-07-16,2027-07-16,USD-SOFR-1D,event_timestamp,2026-03-23 14:16:00-04:00,strict,3.858982434859774,1094111.2110959776,51130.88893548529,0.0,,-21.398243485977364,-21.398243485977314,20.11067176746006
2480051390000000301,2026-03-24,SOFR,1.9972602739726026,2Y,470000000.0,0.033113,3653340.0,0.0,,False,False,True,TERMINATION,2026-03-24,2028-03-22,USD-SOFR-1D,event_timestamp,2026-03-24 05:43:00-04:00,strict,3.716841997022641,3650200.417152796,90007.95093853147,0.0,,-40.55419970226413,-40.554199702264114,40.58908087458797
2480051391000000401,2026-03-24,SOFR,1.9972602739726026,2Y,280000000.0,0.034275,1551246.83116,0.0,,False,False,True,TERMINATION,2026-03-24,2028-03-22,USD-SOFR-1D,event_timestamp,2026-03-24 05:44:00-04:00,strict,3.716380911128637,1549039.4480529688,53622.077069786,0.0,,-28.888091112863677,-28.888091112863542,28.92925667801236
2486369418000000601,2026-03-24,SOFR,4.536986301369863,5Y,130000000.0,0.033735,3510385.027,0.0,9.9999999999,False,False,True,TERMINATION,2025-11-17,2030-05-31,USD-SOFR-1D,event_timestamp,2026-03-24 11:12:00-04:00,strict,3.675749517983726,1656779.6348864734,54814.96367434011,0.0,,-30.22495179837259,-30.224951798372572,64.04063401109714
2486523573000001501,2026-03-24,SOFR,7.005479452054795,7Y,68000000.0,0.03712,252914.0,0.0,,False,False,True,TERMINATION,2026-01-23,2033-01-23,USD-SOFR-1D,event_timestamp,2026-03-24 11:27:00-04:00,strict,3.7637614947087816,217550.49777079932,42029.40795948315,0.0,,-5.176149470878144,-5.176149470878119,6.017548480430943
2487771938000001701,2026-03-24,SOFR,4.536986301369863,5Y,130000000.0,0.033735,3510385.027,0.0,9.9999999999,False,False,True,TERMINATION,2025-11-17,2030-05-31,USD-SOFR-1D,event_timestamp,2026-03-24 13:18:00-04:00,strict,3.720583120962187,1900285.8685206622,54750.16656680601,0.0,,-34.7083120962187,-34.70831209621871,64.11642643528101
2490233561000000101,2026-03-24,SOFR,5.024657534246575,5Y,16000000.0,0.055,127593.272,0.0,,False,False,True,TERMINATION,2026-03-24,2031-04-01,USD-SOFR-1D,event_timestamp,2026-03-24 17:02:00-04:00,strict,3.676107270968028,-1332896.560418074,7307.976720349703,0.0,,182.3892729031972,182.3892729031972,17.459452442521517
2505082006000002301,2026-03-25,SOFR,5.002739726027397,5Y,110000000.0,0.03507,679909.0,0.0,,False,False,True,TERMINATION,2026-01-14,2031-01-14,USD-SOFR-1D,event_timestamp,2026-03-25 14:37:00-04:00,strict,3.6481956208321535,711909.98134261,50420.11764577956,0.0,,-14.119562083215387,-14.119562083215424,13.484875318550792
2505123881000001001,2026-03-25,SOFR,5.002739726027397,5Y,150000000.0,0.03577,468518.82165,0.0,,False,False,True,TERMINATION,2026-01-30,2031-01-30,USD-SOFR-1D,event_timestamp,2026-03-25 14:42:00-04:00,strict,3.6469825370014566,480442.4059870653,68651.75607695805,0.0,,-6.998253700145618,-6.998253700145606,6.824571553927831
2517662895000000101,2026-03-26,SOFR,1.4301369863013698,~17M,120000000.0,0.03196,724394.42118,0.0,,False,False,True,TERMINATION,2026-03-26,2027-08-30,USD-SOFR-1D,event_timestamp,2026-03-26 09:01:00-04:00,strict,3.792852624301937,995086.6611785488,16672.233993146543,0.0,,-59.685262430193696,-59.68526243019377,43.449151534088166
2517662898000000401,2026-03-26,SOFR,2.43013698630137,2Y,180000000.0,0.03136,715435.30081,0.0,,False,False,True,TERMINATION,2026-03-26,2028-08-29,USD-SOFR-1D,event_timestamp,2026-03-26 09:02:00-04:00,strict,3.7039795823176034,2367863.881339522,41689.24297731986,0.0,,-56.797958231760326,-56.797958231760354,17.161148769221292
2517662902000000801,2026-03-26,SOFR,1.4301369863013698,~17M,400000000.0,0.0382,15565.86096,0.0,,False,False,True,TERMINATION,2026-03-26,2027-08-30,USD-SOFR-1D,event_timestamp,2026-03-26 09:02:00-04:00,strict,3.7927980569809447,-151172.65898664668,55574.21353347851,0.0,,2.7201943019055097,2.7201943019054804,0.28009143036496514
2518370806000000201,2026-03-26,SOFR,7.005479452054795,7Y,56000000.0,0.03484,990751.99487,0.0,,False,False,True,TERMINATION,2026-02-23,2033-02-23,USD-SOFR-1D,event_timestamp,2026-03-26 09:47:00-04:00,strict,3.7569953021233804,941745.4410250876,34496.763632931245,0.0,,-27.299530212338,-27.299530212337952,28.720143298434234
2536523074000001201,2026-03-27,SOFR,7.005479452054795,7Y,48000000.0,0.0345,1208254.8465,0.0,,False,False,True,TERMINATION,2026-02-25,2033-02-25,USD-SOFR-1D,event_timestamp,2026-03-27 12:35:00-04:00,strict,3.800435196978449,1034929.3199268952,29532.687608161203,0.0,,-35.04351969784487,-35.043519697844836,40.91245817282492
2536530450000000901,2026-03-27,SOFR,7.005479452054795,7Y,32000000.0,0.0345,749851.32523,0.0,,False,False,True,TERMINATION,2026-03-02,2033-03-02,USD-SOFR-1D,event_timestamp,2026-03-27 12:36:00-04:00,strict,3.802397525001757,693442.8147491133,19677.85712302199,0.0,,-35.239752500175705,-35.23975250017565,38.10635073433458
2556060948000000501,2026-03-30,SOFR,19.649315068493152,20Y,29000000.0,0.0417544,157696.74,0.0,,False,False,False,TERMINATION,2026-03-30,2045-11-17,USD-SOFR-1D,event_timestamp,2026-03-30 16:06:00-04:00,strict,4.152059639686106,-91840.83452331834,39281.18869440248,0.0,,2.338036031389379,2.3380360313893847,4.014561301258981
2569225018000001101,2026-03-31,SOFR,7.005479452054795,7Y,100000000.0,0.03537,1033585.0,0.0,,False,False,True,TERMINATION,2026-03-09,2033-03-09,USD-SOFR-1D,event_timestamp,2026-03-31 10:50:00-04:00,strict,3.712715980920509,1084319.0369946137,61708.61815267326,0.0,,-17.571598092050912,-17.571598092050944,16.74944328590875
2571526706000001401,2026-03-31,SOFR,30.02191780821918,30Y,600000.0,0.019312,226501.65,0.0,,False,False,True,TERMINATION,2023-06-26,2053-06-26,USD-SOFR-1D,event_timestamp,2026-03-31 13:41:00-04:00,strict,4.125132333650523,226113.2470229788,1030.6299950771268,0.0,,-219.3932333650523,-219.3932333650523,219.77009312934837
2588573632000000601,2026-04-01,SOFR,5.427397260273972,5Y,270000000.0,0.0345019,3163794.36,0.0,,False,False,True,TERMINATION,2026-04-01,2031-09-03,USD-SOFR-1D,event_timestamp,2026-04-01 11:06:00-04:00,strict,3.629469922289985,2378270.829658352,132656.84184152551,0.0,,-17.9279922289985,-17.927992228998495,23.84946238792215
2589982794000000301,2026-04-01,SOFR,1.9013698630136986,~23M,260000000.0,0.037,321602.76506,0.0,,False,False,False,TERMINATION,2026-04-01,2028-02-24,USD-SOFR-1D,event_timestamp,2026-04-01 12:40:00-04:00,strict,3.634885679454239,-309788.2086437084,47576.048716656485,0.0,,6.511432054576094,6.511432054576042,6.75976197551282
2590855253000000401,2026-04-01,SOFR,5.345205479452055,5Y,250000000.0,0.0375828,991361.63,0.0,,False,False,True,TERMINATION,2026-04-01,2031-08-04,USD-SOFR-1D,event_timestamp,2026-04-01 13:47:00-04:00,strict,3.644389271950118,-1378955.129011929,121077.03169725719,0.0,,11.38907280498822,11.389072804988224,8.187858721865725
2608111415000000101,2026-04-02,SOFR,7.005479452054795,7Y,97000000.0,0.03508,1551358.14268,0.0,,False,False,True,TERMINATION,2026-03-05,2033-03-05,USD-SOFR-1D,event_timestamp,2026-04-02 14:07:00-04:00,strict,3.7154481726793374,1242984.2140118703,59917.8193742496,0.0,,-20.744817267933733,-20.74481726793378,25.89143194598158
2608150974000000101,2026-04-02,SOFR,7.005479452054795,7Y,50000000.0,0.03475,749051.0,0.0,,False,False,True,TERMINATION,2025-10-09,2032-10-09,USD-SOFR-1D,event_timestamp,2026-04-02 14:08:00-04:00,strict,3.7133927303999106,747504.1124352254,31355.99442068845,0.0,,-23.839273039991006,-23.839273039990967,23.88860611308764
2608150975000000201,2026-04-02,SOFR,7.005479452054795,7Y,50000000.0,0.03393,989931.0,0.0,,False,False,True,TERMINATION,2025-11-28,2032-11-28,USD-SOFR-1D,event_timestamp,2026-04-02 14:09:00-04:00,strict,3.7090977145835793,985518.4722075351,31177.652565626333,0.0,,-31.609771458357905,-31.609771458357926,31.751300002983825
2627040555000000101,2026-04-06,SOFR,1.0,1Y,40000000.0,0.04128,180900.0,0.0,,False,False,True,TERMINATION,2026-04-01,2027-04-01,USD-SOFR-1D,event_timestamp,2026-04-06 08:50:00-04:00,strict,3.7374292983374966,-152630.47690054425,3907.8834190802622,0.0,,39.057070166250355,39.057070166250384,46.29104315567725
2637938279000000701,2026-04-07,SOFR,9.87945205479452,10Y,62000000.0,0.03878,82500.0,0.0,,False,False,False,TERMINATION,2026-04-07,2036-02-20,USD-SOFR-1D,event_timestamp,2026-04-07 10:51:00-04:00,strict,3.8993559358953505,108678.17147469148,50888.97625805192,0.0,,-2.135593589535034,-2.135593589534941,1.6211762559665646
2638558000000000201,2026-04-07,SOFR,6.501369863013698,7Y,52000000.0,0.03485,751401.57825,0.0,,False,False,True,TERMINATION,2026-02-17,2032-08-17,USD-SOFR-1D,event_timestamp,2026-04-07 12:09:00-04:00,strict,3.7223465396384667,714609.0398688205,30108.25609496289,0.0,,-23.734653963846686,-23.734653963846633,24.95666224838939
2638558020000002201,2026-04-07,SOFR,7.005479452054795,7Y,57000000.0,0.03646,450131.66627,0.0,,False,False,True,TERMINATION,2025-07-23,2032-07-23,USD-SOFR-1D,event_timestamp,2026-04-07 12:09:00-04:00,strict,3.757522037611434,401122.00729195774,35967.958968751045,0.0,,-11.152203761143431,-11.152203761143424,12.514795923256981
2638574248000000601,2026-04-07,SOFR,7.005479452054795,7Y,57000000.0,0.03697,266366.32064,0.0,,False,False,True,TERMINATION,2025-07-22,2032-07-22,USD-SOFR-1D,event_timestamp,2026-04-07 12:10:00-04:00,strict,3.758261768094441,220370.70726363547,35971.979607887195,0.0,,-6.126176809444095,-6.126176809444124,7.4048279673103305
2649031323000001101,2026-04-08,SOFR,10.008219178082191,10Y,18000000.0,0.0382963,33555.82,0.0,,False,False,False,TERMINATION,2026-04-10,2036-04-10,USD-SOFR-1D,event_timestamp,2026-04-08 06:37:00-04:00,strict,3.808319916263402,-31975.5265754126,15004.88077411803,0.0,,2.131008373659782,2.1310083736598093,2.2363269995374138
2655907105000000201,2026-04-08,SOFR,5.0,5Y,220000000.0,0.036239,360044.891,0.0,,False,False,True,TERMINATION,2026-04-01,2031-03-31,USD-SOFR-1D,event_timestamp,2026-04-08 14:10:00-04:00,strict,3.589410326531269,-346167.8312436342,100368.54409696735,0.0,,3.4489673468730775,3.44896734687311,3.5872283915183223
2670568205000000601,2026-04-09,SOFR,5.002739726027397,5Y,110000000.0,0.03391,1109422.43252,0.0,,False,False,True,TERMINATION,2025-11-18,2030-11-18,USD-SOFR-1D,event_timestamp,2026-04-09 10:53:00-04:00,strict,3.626372647374174,1196709.009120956,50843.16391354252,0.0,,-23.537264737417374,-23.537264737417377,21.820483760738103
2689509397000000301,2026-04-10,SOFR,4.997260273972603,5Y,230000000.0,0.033655,3183852.0,0.0,9.9999999999,False,False,True,TERMINATION,2026-03-02,2031-02-28,USD-SOFR-1D,event_timestamp,2026-04-10 13:16:00-04:00,strict,3.623311057049882,2709954.162831135,105113.96190066461,0.0,,-25.781105704988192,-25.781105704988185,30.289525220339634
2690164688000000601,2026-04-10,SOFR,5.002739726027397,5Y,9000000.0,0.0533,76984.411,0.0,,False,False,True,TERMINATION,2026-04-10,2031-04-10,USD-SOFR-1D,event_timestamp,2026-04-10 14:11:00-04:00,strict,3.627246922713831,-698357.8688199939,4101.345510019749,0.0,,170.2753077286169,170.2753077286169,18.77052562675445
2706754752000000301,2026-04-13,SOFR,9.67123287671233,10Y,10000000.0,0.00579,1222000.0,0.0,,False,False,True,TERMINATION,2020-07-22,2030-03-22,USD-SOFR-1D,event_timestamp,2026-04-13 12:00:00-04:00,strict,3.60535394436755,1124467.2185241072,3715.5839640531512,0.0,,-302.63539443675495,-302.635394436755,328.8850452102229
2708233241000000301,2026-04-13,SOFR,6.813698630136987,7Y,69000000.0,0.03673,152300.0,0.0,,False,False,False,TERMINATION,2026-04-13,2033-02-02,USD-SOFR-1D,event_timestamp,2026-04-13 12:55:00-04:00,strict,3.7023315719484042,121682.75035209209,41485.24687532532,0.0,,-2.933157194840419,-2.933157194840434,3.6711846131156882
2733398042000000201,2026-04-15,SOFR,2.9972602739726026,3Y,180000000.0,0.035,226069.65,0.0,,False,False,False,TERMINATION,2026-04-17,2029-04-15,USD-SOFR-1D,event_timestamp,2026-04-15 06:14:00-04:00,strict,3.5404404881582905,206187.37883761153,50979.20821572263,0.0,,-4.044048815829004,-4.044538666923052,4.434546120123483
2740509598000000501,2026-04-15,SOFR,7.920547945205479,8Y,4000000.0,0.0382,296926.998,0.0,,False,False,True,TERMINATION,2023-08-20,2031-07-20,USD-SOFR-1D,event_timestamp,2026-04-15 14:04:00-04:00,strict,3.665529734679207,-34116.256508606835,2208.541451599961,0.0,,15.447026532079278,15.447415072916822,134.44483814641265
2742353713000000101,2026-04-15,SOFR,6.808219178082192,7Y,69000000.0,0.03673,101146.45,0.0,,False,False,False,TERMINATION,2026-04-15,2033-02-02,USD-SOFR-1D,event_timestamp,2026-04-15 13:27:00-04:00,strict,3.6821319342667476,37885.148843515664,41486.444970884186,0.0,,-0.9131934266747521,-0.9131934266747617,2.438060192214255
2758621150000000101,2026-04-16,SOFR,7.005479452054795,7Y,72000000.0,0.03418,1275024.5973,0.0,,False,False,True,TERMINATION,2025-09-25,2032-09-25,USD-SOFR-1D,event_timestamp,2026-04-16 14:49:00-04:00,strict,3.7068245645606144,1307862.6438960154,45282.25104002678,0.0,,-28.882456456061423,-28.88245645606142,28.157270630670617
2758946299000000101,2026-04-16,SOFR,0.7068493150684931,8M,970000.0,0.0531,4483.44,0.0,,False,False,True,TERMINATION,2026-04-16,2026-12-30,USD-SOFR-1D,event_timestamp,2026-04-16 15:42:00-04:00,strict,3.685831550040847,-10994.597023425791,67.6936990353574,0.0,,162.41684499591537,162.41684499591543,66.23127505055137
2771799255000000401,2026-04-17,SOFR,4.961643835616439,5Y,110000000.0,0.03604777,304264.816,0.0,,False,False,False,TERMINATION,2026-04-17,2031-04-02,USD-SOFR-1D,event_timestamp,2026-04-17 09:35:00-04:00,strict,3.54657205327663,-290298.3240449466,49875.19796635911,0.0,,5.820494672336984,5.820494672337004,6.1005234747183765
2786914624000000201,2026-04-20,SOFR,1.0082191780821919,1Y,1000000000.0,0.035,1549704.0,0.0,,False,False,True,TERMINATION,2026-04-20,2027-04-23,USD-SOFR-1D,event_timestamp,2026-04-20 05:42:00-04:00,strict,3.65735212015253,1550370.5779219419,98528.737739224,0.0,,-15.735212015252964,-15.735212015252925,15.728446700510885
2789300436000000201,2026-04-20,SOFR,1.673972602739726,~20M,100000000.0,0.03694,157332.94606,0.0,,False,False,True,TERMINATION,2026-04-20,2027-12-22,USD-SOFR-1D,event_timestamp,2026-04-20 08:34:00-04:00,strict,3.5849964041419145,-176694.7606853014,16209.993743265488,0.0,,10.90035958580855,10.9003595858086,9.705922688919275
2790509696000001101,2026-04-20,SOFR,8.98904109589041,9Y,10000000.0,0.0495,12000.0,0.0,,False,False,True,TERMINATION,2025-04-10,2034-04-04,USD-SOFR-1D,event_timestamp,2026-04-20 11:09:00-04:00,strict,3.730371446208167,-844553.113226763,6924.674816779604,0.0,,121.9628553791833,121.96285537918322,1.7329333604116781
2793701226000000101,2026-04-20,SOFR,10.008219178082191,10Y,14000000.0,0.0564,315890.0,0.0,,False,False,True,TERMINATION,2026-04-20,2036-04-20,USD-SOFR-1D,event_timestamp,2026-04-20 16:55:00-04:00,strict,3.81977371368229,-2124871.312371459,11673.665677414434,0.0,,182.022628631771,182.022628631771,27.060051977603454
2823002116000000101,2026-04-22,SOFR,2.493150684931507,2Y,760000.0,0.03005,8639.818,0.0,,False,False,True,TERMINATION,2026-04-01,2028-09-27,USD-SOFR-1D,event_timestamp,2026-04-22 10:40:00-04:00,strict,3.5808022689406362,10429.617755233892,181.13193222427472,0.0,,-57.580226894063635,-57.58022689406362,47.69903293088218
2857673103000000201,2026-04-24,SOFR,1.0,1Y,420000000.0,0.03701,177233.0,0.0,,False,False,False,TERMINATION,2026-07-10,2027-07-10,USD-SOFR-1D,event_timestamp,2026-04-24 10:58:00-04:00,strict,3.6567833739161624,-181060.678499775,40948.55137894834,0.0,,4.42166260838377,4.421662608383708,4.328187299224352
2857825886000000101,2026-04-24,SOFR,1.0,1Y,420000000.0,0.03701,148451.0,0.0,,False,False,False,TERMINATION,2026-07-10,2027-07-10,USD-SOFR-1D,event_timestamp,2026-04-24 11:11:00-04:00,strict,3.6656237852623024,-144847.51434555277,40944.88780655165,0.0,,3.5376214737697698,3.53762147376981,3.6256296683818525
2860691089000000901,2026-04-24,SOFR,6.005479452054795,6Y,4000000.0,0.0367718,2116.68,0.0,,False,False,True,TERMINATION,2026-04-23,2032-04-23,USD-SOFR-1D,event_timestamp,2026-04-24 15:59:00-04:00,strict,3.6616649189403288,-3336.4764235543553,2150.473085330434,0.0,,1.5515081059671143,1.55150810596715,0.9842857436528941
2877973601000000101,2026-04-27,SOFR,7.005479452054795,7Y,75000000.0,0.03338,1817119.0,0.0,,False,False,True,TERMINATION,2025-09-12,2032-09-12,USD-SOFR-1D,event_timestamp,2026-04-27 14:28:00-04:00,strict,3.7365153972065723,1881860.1070325412,47221.76659229733,0.0,,-39.85153972065723,-39.85153972065722,38.480538343442724
2877973627000002701,2026-04-27,SOFR,7.005479452054795,7Y,80000000.0,0.03338,1929907.0,0.0,,False,False,True,TERMINATION,2025-09-12,2032-09-12,USD-SOFR-1D,event_timestamp,2026-04-27 14:29:00-04:00,strict,3.7361901232250125,2005698.5382909141,50370.37388186339,0.0,,-39.819012322501244,-39.819012322501266,38.31432747603432
2893312594000002001,2026-04-28,SOFR,0.589041095890411,7M,16000000.0,0.03267,35303.292,0.0,,False,False,True,TERMINATION,2026-07-01,2027-02-01,USD-SOFR-1D,event_timestamp,2026-04-28 10:56:00-04:00,strict,3.679695934051856,38330.37994063232,928.7801690776056,0.0,,-41.26959340518561,-41.2695934051856,38.01038520779419
2909834830000000801,2026-04-29,SOFR,5.002739726027397,5Y,5000000.0,0.03419,61200.0,0.0,,False,False,True,TERMINATION,2025-08-06,2030-08-06,USD-SOFR-1D,event_timestamp,2026-04-29 11:34:00-04:00,strict,3.7542372812529963,78257.7763157906,2334.3995638937026,0.0,,-33.52372812529967,-33.52372812529967,26.216591600934155
2913208875000000101,2026-04-29,SOFR,6.76986301369863,7Y,78000000.0,0.03673,569537.856,0.0,,False,False,True,TERMINATION,2026-04-29,2033-02-02,USD-SOFR-1D,event_timestamp,2026-04-29 11:24:00-04:00,strict,3.7973672807473804,577814.5378796831,46460.33381186179,0.0,,-12.436728074738035,-12.43672807473805,12.258582951777916
2913231719000000101,2026-04-29,SOFR,5.23013698630137,5Y,34000000.0,0.039,47758.12,0.0,,False,False,True,TERMINATION,2026-04-29,2031-07-21,USD-SOFR-1D,event_timestamp,2026-04-29 16:01:00-04:00,strict,3.760029556633927,-225118.8230183553,16083.311419510741,0.0,,13.997044336607312,13.99704433660736,2.969420833452519
2924961362000000401,2026-04-30,SOFR,20.013698630136986,20Y,250000.0,0.0395,9038.18804,0.0,,False,False,True,TERMINATION,2025-10-10,2045-10-10,USD-SOFR-1D,event_timestamp,2026-04-30 07:46:00-04:00,strict,4.208868146072717,9018.551006684924,348.38396085054,0.0,,-25.886814607271713,-25.886814607271678,25.943180673226994
2926997259000002101,2026-04-30,SOFR,4.002739726027397,4Y,130000000.0,0.03538,1071756.11855,0.0,,False,False,True,TERMINATION,2025-07-31,2029-07-31,USD-SOFR-1D,event_timestamp,2026-04-30 10:33:00-04:00,strict,3.7490988325999064,1044546.0464144908,49481.374839917466,0.0,,-21.109883259990614,-21.10988325999054,21.659788597575428
2941206431000000101,2026-05-01,SOFR,30.276712328767122,30Y,12000000.0,0.041,165000.0,0.0,,False,False,False,TERMINATION,2026-05-01,2056-08-02,USD-SOFR-1D,event_timestamp,2026-05-01 10:42:00-04:00,strict,4.181317975045118,167577.42184039578,20607.672749772686,0.0,,-8.131797504511784,-8.131797504511724,8.006726523829336
2941850967000000201,2026-05-01,SOFR,7.005479452054795,7Y,50000000.0,0.03505,908671.0,0.0,,False,False,True,TERMINATION,2025-09-29,2032-09-29,USD-SOFR-1D,event_timestamp,2026-05-01 13:33:00-04:00,strict,3.788168842495534,888050.4770147894,31361.164921553645,0.0,,-28.31688424955341,-28.31688424955341,28.974402011944907
2941851363000000301,2026-05-01,SOFR,7.005479452054795,7Y,75000000.0,0.03454,1568407.1,0.0,,False,False,True,TERMINATION,2025-09-05,2032-09-05,USD-SOFR-1D,event_timestamp,2026-05-01 13:33:00-04:00,strict,3.7919821795422615,1594949.8164945599,47190.35242197213,0.0,,-33.79821795422613,-33.79821795422619,33.235757300039566
2953608373000002401,2026-05-04,SOFR,10.008219178082191,10Y,74000000.0,0.0395,125000.0,0.0,,False,False,False,TERMINATION,2026-05-06,2036-05-06,USD-SOFR-1D,event_timestamp,2026-05-04 08:59:00-04:00,strict,3.9573795652122947,45140.38407206535,61169.43583188023,0.0,,-0.7379565212294548,-0.7379565212294982,2.0435042157909296
2954979475000000101,2026-05-04,SOFR,5.002739726027397,5Y,160000000.0,0.03792,86016.0,0.0,,False,False,True,TERMINATION,2024-08-01,2029-08-01,USD-SOFR-1D,event_timestamp,2026-05-04 13:50:00-04:00,strict,3.815604715360467,143624.17065946385,60845.54228516659,0.0,,-2.36047153604666,-2.3604715360467368,1.4136779256049077
2955358713000000401,2026-05-04,SOFR,9.24931506849315,9Y,26000000.0,0.03738,49889.58,0.0,,False,False,True,TERMINATION,2023-01-03,2032-04-01,USD-SOFR-1D,event_timestamp,2026-05-04 15:42:00-04:00,strict,3.8207612578926184,115420.67658336181,13946.22067406434,0.0,,-8.27612578926189,-8.276125789261933,3.5772831339732925
2967501101000001201,2026-05-05,SOFR,5.002739726027397,5Y,110000000.0,0.03391,1866684.93508,0.0,,False,False,True,TERMINATION,2025-11-18,2030-11-18,USD-SOFR-1D,event_timestamp,2026-05-05 14:03:00-04:00,strict,3.764493841826229,1897181.109678749,50795.512461526276,0.0,,-37.349384182622856,-37.349384182622806,36.74901274977532
2967740001000000301,2026-05-05,SOFR,5.002739726027397,5Y,3000000.0,0.0608,45442.78032,0.0,,False,False,True,TERMINATION,2026-05-04,2031-05-04,USD-SOFR-1D,event_timestamp,2026-05-05 15:04:00-04:00,strict,3.7752235361908326,-313971.79191041127,1362.265698390122,0.0,,230.47764638091675,230.47764638091684,33.35823574923944
2985420294000001801,2026-05-06,SOFR,0.08493150684931507,1M,650000000.0,0.09,2989994.25,0.0,,False,False,True,TERMINATION,2026-05-08,2026-06-08,USD-SOFR-1D,event_timestamp,2026-05-06 09:36:00-04:00,strict,3.6375299999999786,-2990912.517503935,5577.490442844292,0.0,,536.2470000000021,536.2470000000021,536.0823618866167
3014292824000000101,2026-05-07,SOFR,6.747945205479452,7Y,58000000.0,0.03867,156200.0,0.0,,False,False,False,TERMINATION,2026-05-07,2033-02-02,USD-SOFR-1D,event_timestamp,2026-05-07 13:07:00-04:00,strict,3.8233089995480634,-150369.29407150485,34416.537162366076,0.0,,4.369100045193708,4.369100045193717,4.538515867040864
3032885258000000101,2026-05-08,SOFR,1.9835616438356165,2Y,23000000.0,0.0393,122237.08497,0.0,,False,False,True,TERMINATION,2026-05-08,2028-05-01,USD-SOFR-1D,event_timestamp,2026-05-08 09:42:00-04:00,strict,3.7161147338345164,-93632.40482775262,4377.693073786059,0.0,,21.388526616548376,21.38852661654838,27.922717036049065
3033477725000000201,2026-05-08,SOFR,7.005479452054795,7Y,83000000.0,0.03528,1398690.0,0.0,,False,False,True,TERMINATION,2025-08-15,2032-08-15,USD-SOFR-1D,event_timestamp,2026-05-08 11:05:00-04:00,strict,3.805033966184755,1449940.650568515,52338.010047531294,0.0,,-27.703396618475516,-27.703396618475498,26.72417233153812
3033477731000000801,2026-05-08,SOFR,7.005479452054795,7Y,81000000.0,0.03619,867449.92,0.0,,False,False,True,TERMINATION,2025-08-20,2032-08-20,USD-SOFR-1D,event_timestamp,2026-05-08 11:06:00-04:00,strict,3.8037739529645758,942938.7300629616,51032.0158731322,0.0,,-18.4773952964576,-18.477395296457583,16.998151163703156
3057357013000000501,2026-05-11,SOFR,2.0,2Y,700000000.0,0.0319,7667942.8899,0.0,,False,False,True,TERMINATION,2026-05-11,2028-05-10,USD-SOFR-1D,event_timestamp,2026-05-11 06:19:00-04:00,strict,3.7605020168156553,7656188.138888836,134200.89523299213,0.0,,-57.05020168156554,-57.05020168156545,57.13779238646168
3059656483000000701,2026-05-11,SOFR,8.005479452054795,8Y,5000000.0,0.01508,420700.0,0.0,,False,False,True,TERMINATION,2022-01-19,2030-01-19,USD-SOFR-1D,event_timestamp,2026-05-11 10:57:00-04:00,strict,3.741269689023202,418286.7213213493,1872.9789929862945,0.0,,-223.3269689023202,-223.32696890232026,224.61543966877713
3062476594000000201,2026-05-11,SOFR,20.013698630136986,20Y,20000000.0,0.043,5860000.0,0.0,9.9999999999,False,False,False,TERMINATION,2027-05-13,2047-05-13,USD-SOFR-1D,event_timestamp,2026-05-11 14:04:00-04:00,strict,4.317425818643095,45256.314272113144,25970.839705742008,0.0,,-1.7425818643094892,-1.7425818643094249,225.63767927397382
3108580337000000301,2026-05-13,SOFR,2.0,2Y,150000000.0,0.03857,141233.0,0.0,,False,False,True,TERMINATION,2025-03-28,2027-03-28,USD-SOFR-1D,event_timestamp,2026-05-13 09:39:00-04:00,strict,3.7590367249666725,-143744.2053895183,14673.274790028843,0.0,,9.796327503332769,9.796327503332726,9.625186062485128
3108589323000002601,2026-05-13,SOFR,2.0,2Y,160000000.0,0.04131,626582.70387,0.0,,False,False,True,TERMINATION,2025-01-23,2027-01-23,USD-SOFR-1D,event_timestamp,2026-05-13 09:40:00-04:00,strict,3.7369248267020208,-626001.0785198621,15885.321404058894,0.0,,39.40751732979795,39.40751732979801,39.44413134190035
3109055701000000101,2026-05-13,SOFR,10.008219178082191,10Y,61000000.0,0.0404,37182.78,0.0,,False,False,False,TERMINATION,2026-05-14,2036-05-14,USD-SOFR-1D,event_timestamp,2026-05-13 10:33:00-04:00,strict,4.047998197016861,40147.278376910836,50195.41065602571,0.0,,-0.7998197016861219,-0.7998197016860416,0.7407605498997225
3136273112000000901,2026-05-14,SOFR,9.227397260273973,9Y,3000000.0,0.037785,51147.72,0.0,,False,False,True,TERMINATION,2026-05-14,2035-08-03,USD-SOFR-1D,event_timestamp,2026-05-14 14:01:00-04:00,strict,4.002144140937618,51733.04518867249,2313.185803651465,0.0,,-22.364414093761866,-22.36441409376178,22.111375540720115
3156663695000000201,2026-05-15,SOFR,5.002739726027397,5Y,10000000.0,0.037767,78259.0,0.0,,False,False,True,TERMINATION,2026-08-11,2031-08-11,USD-SOFR-1D,event_timestamp,2026-05-15 08:51:00-04:00,strict,3.955377560997774,79973.55510124727,4475.858896587673,0.0,,-17.867756099777353,-17.867756099777385,17.484688817974906
3210767013000003401,2026-05-19,SOFR,2.0,2Y,78000000.0,0.03351,835406.95392,0.0,,False,False,True,TERMINATION,2025-11-10,2027-11-10,USD-SOFR-1D,event_timestamp,2026-05-19 12:07:00-04:00,strict,3.9014537181361106,838021.8272610847,15224.201411495713,0.0,,-55.04537181361107,-55.04537181361112,54.87361414498817
3234946365000003101,2026-05-20,SOFR,6.978082191780822,7Y,10000000.0,0.03799,121100.0,0.0,,False,False,True,TERMINATION,2025-03-03,2032-02-22,USD-SOFR-1D,event_timestamp,2026-05-20 11:02:00-04:00,strict,3.990118162001216,102509.5522625742,5363.426445134469,0.0,,-19.111816200121545,-19.112698442162404,22.578849777991845
3258754226000000101,2026-05-21,SOFR,4.504109589041096,5Y,8000000.0,0.03599,122501.0,0.0,,False,False,True,TERMINATION,2026-04-24,2030-10-24,USD-SOFR-1D,event_timestamp,2026-05-21 08:40:00-04:00,strict,3.9712580412824097,122661.4612525031,3295.0654559385907,0.0,,-37.225804128240945,-37.225804128240995,37.177106688190484
3262814153000000201,2026-05-21,SOFR,9.838356164383562,10Y,200000000.0,0.00977,26016033.0,0.0,,False,False,True,TERMINATION,2021-01-25,2030-11-25,USD-SOFR-1D,event_timestamp,2026-05-21 13:53:00-04:00,strict,3.9165224599233603,27071094.697779015,92093.51201380108,0.0,,-293.95224599233603,-293.9522459923361,282.4958287626304
3262814159000000801,2026-05-21,SOFR,9.810958904109588,10Y,160000000.0,0.01021,20517191.0,0.0,,False,False,True,TERMINATION,2021-02-04,2030-11-25,USD-SOFR-1D,event_timestamp,2026-05-21 13:54:00-04:00,strict,3.916141833596249,21330004.663365472,73675.16304674458,0.0,,-289.5141833596249,-289.5141833596249,278.4817861479653
3263188804000001001,2026-05-21,SOFR,7.005479452054795,7Y,66000000.0,0.03619,1681628.0,0.0,,False,False,True,TERMINATION,2025-08-20,2032-08-20,USD-SOFR-1D,event_timestamp,2026-05-21 14:13:00-04:00,strict,3.9970325695760334,1563795.3606062345,41366.683361701864,0.0,,-37.80325695760336,-37.803256957603445,40.65174829937868
3284298130000001001,2026-05-22,SOFR,1.0,1Y,53000000.0,0.042722,1867.2605,0.0,,False,False,True,TERMINATION,2032-05-27,2033-05-27,USD-SOFR-1D,event_timestamp,2026-05-22 08:56:00-04:00,strict,4.274521278477371,941.2212363055442,4054.7536432261886,0.0,,-0.2321278477370292,-0.2321278477369234,0.4605114550225309
3284298134000001401,2026-05-22,SOFR,3.0027397260273974,3Y,22000000.0,0.048436,4580.01964,0.0,,False,False,True,TERMINATION,2038-05-27,2041-05-27,USD-SOFR-1D,event_timestamp,2026-05-22 08:56:00-04:00,strict,4.849097426088738,2016.9597191619687,3668.916483105232,0.0,,-0.5497426088737711,-0.5497426088736941,1.2483303070784662
3284298137000001701,2026-05-22,SOFR,2.0,2Y,31000000.0,0.046954,495.70283,0.0,,False,False,True,TERMINATION,2036-05-27,2038-05-27,USD-SOFR-1D,event_timestamp,2026-05-22 08:56:00-04:00,strict,4.702260059810924,2658.2006548843347,3874.894283941281,0.0,,-0.6860059810923858,-0.6860059810923648,0.12792680101089224
3352265391000000801,2026-05-27,SOFR,10.038356164383561,10Y,5000000.0,0.01699,6450.0,0.0,,False,False,True,TERMINATION,2016-06-03,2026-06-15,USD-SOFR-1D,event_timestamp,2026-05-27 10:57:00-04:00,strict,4.009423710665489,116558.82550998792,504.4911241687984,0.0,,-231.04237106654892,-231.0423710665489,12.785160513234095
3368821254000000501,2026-05-28,SOFR,2.0,2Y,19000000.0,0.047073,16051.84812,0.0,,False,False,True,TERMINATION,2036-05-19,2038-05-19,USD-SOFR-1D,event_timestamp,2026-05-28 05:04:00-04:00,strict,4.638728080204206,-16405.215597629547,2392.4101361729545,0.0,,6.857191979579369,6.857191979579359,6.709488426460823
3376791292000001001,2026-05-28,SOFR,4.517808219178082,5Y,240000000.0,0.0326179,5925579.16413,0.0,-16580537.0,False,False,True,TERMINATION,2026-02-24,2030-08-31,USD-SOFR-1D,event_timestamp,2026-05-28 11:37:00-04:00,strict,3.856201756196053,5943196.117981069,99977.97036754363,0.0,,-59.44117561960529,-59.44505670731679,59.2688483507528
3376791293000001101,2026-05-28,SOFR,4.556164383561644,5Y,240000000.0,0.034332,4238438.1858,0.0,-16580537.0,False,False,True,TERMINATION,2026-02-10,2030-08-31,USD-SOFR-1D,event_timestamp,2026-05-28 11:37:00-04:00,strict,3.8551337735043907,4257669.658853695,100902.20040123527,0.0,,-42.19337735043904,-42.19600407050758,42.00540889044985
3396238466000000401,2026-05-29,SOFR,1.0027397260273974,1Y,63000000.0,0.039655,24003.98052,0.0,,False,False,True,TERMINATION,2027-06-01,2028-06-01,USD-SOFR-1D,event_timestamp,2026-05-29 06:20:00-04:00,strict,3.9223651086342253,-25556.59453843441,5924.807905905951,0.0,,4.31348913657752,4.313489136577601,4.05143608049679
3399977009000000601,2026-05-29,SOFR,9.838356164383562,10Y,210000000.0,0.0079,27019695.0,0.0,,False,False,True,TERMINATION,2020-12-10,2030-10-10,USD-SOFR-1D,event_timestamp,2026-05-29 09:22:00-04:00,strict,3.8563154831553828,29861511.349509113,97385.64578091036,0.0,,-306.6315483155383,-306.6315483155383,277.4504885533801
3399986488000000401,2026-05-29,SOFR,7.802739726027397,8Y,310000000.0,0.03209,8690999.83232,0.0,,False,False,True,TERMINATION,2023-05-10,2031-02-25,USD-SOFR-1D,event_timestamp,2026-05-29 09:22:00-04:00,strict,3.855411112779552,9158206.899263345,141677.7452956105,0.0,,-64.6411112779552,-64.64111127795515,61.34343692572347
3399996773000000101,2026-05-29,SOFR,7.383561643835616,7Y,120000000.0,0.03231,2413064.68176,0.0,,False,False,True,TERMINATION,2023-05-10,2030-09-25,USD-SOFR-1D,event_timestamp,2026-05-29 09:23:00-04:00,strict,3.859104003699337,3500924.3447436877,55737.972121246385,0.0,,-62.81040036993373,-62.81040036993369,43.293011746298895
3400258497000000201,2026-05-29,SOFR,5.002739726027397,5Y,13000000.0,0.0582,144697.9,0.0,,False,False,True,TERMINATION,2026-05-29,2031-05-29,USD-SOFR-1D,event_timestamp,2026-05-29 09:37:00-04:00,strict,3.871355316898422,-1146320.538357303,5882.655510766343,0.0,,194.86446831015783,194.86446831015778,24.597377788853382
3400457759000002001,2026-05-29,SOFR,7.005479452054795,7Y,61000000.0,0.03619,1119096.0,0.0,,False,False,True,TERMINATION,2025-08-20,2032-08-20,USD-SOFR-1D,event_timestamp,2026-05-29 10:02:00-04:00,strict,3.9084672316387006,1110340.5186420567,38358.07294512469,0.0,,-28.946723163870082,-28.946723163870022,29.174979712901273
3401090020000001301,2026-05-29,SOFR,16.76164383561644,17Y,31000000.0,0.04184,277879.58334,0.0,,False,False,False,TERMINATION,2027-09-30,2044-06-30,USD-SOFR-1D,event_timestamp,2026-05-29 11:31:00-04:00,strict,4.30018158468137,410880.9319067262,35365.40950388776,0.0,,-11.618158468137008,-11.618158468136999,7.857383450047494
3401156794000000201,2026-05-29,SOFR,16.76164383561644,17Y,31000000.0,0.04184,277879.58334,0.0,,False,False,False,TERMINATION,2027-09-30,2044-06-30,USD-SOFR-1D,event_timestamp,2026-05-29 11:40:00-04:00,strict,4.3036010092285775,422885.920057293,35358.05615562051,0.0,,-11.96010092285773,-11.960100922857752,7.859017535267655
3431126950000000101,2026-06-01,SOFR,6.0,6Y,30000000.0,0.038613,121395.0,0.0,121395.0,False,False,True,TERMINATION,2025-12-22,2031-12-21,USD-SOFR-1D,event_timestamp,2026-06-01 10:27:00-04:00,strict,3.9390636908079646,126183.63813151326,16227.151162308925,0.0,,-7.776369080796464,-7.776080771626884,7.480980412752067
3442880418000001301,2026-06-02,SOFR,4.605479452054794,5Y,240000000.0,0.0356216,2870035.27305,0.0,-19159195.0,False,False,True,TERMINATION,2026-01-23,2030-08-31,USD-SOFR-1D,event_timestamp,2026-06-02 04:11:00-04:00,strict,3.845880868910974,2898410.183678329,102151.20770436568,0.0,,-28.37208689109736,-28.37372409797225,28.095950479177176
3442880423000001801,2026-06-02,SOFR,4.567123287671233,5Y,180000000.0,0.034421,3052583.06308,0.0,-19159195.0,False,False,True,TERMINATION,2026-02-06,2030-08-31,USD-SOFR-1D,event_timestamp,2026-06-02 04:11:00-04:00,strict,3.846828408586707,3072883.271242596,75919.88275995558,0.0,,-40.47284085867071,-40.475342684056514,40.20795280640376
3456187532000000101,2026-06-02,SOFR,5.03013698630137,5Y,1000000.0,0.037,520000.0,0.0,,False,False,True,TERMINATION,2026-06-02,2031-06-12,USD-SOFR-1D,event_timestamp,2026-06-02 11:11:00-04:00,strict,3.898440413481981,9018.118990516727,454.44971779075564,0.0,,-19.844041348198125,-19.844041348198132,1144.2410010240692
3479416115000000801,2026-06-03,SOFR,8.465753424657533,8Y,220000000.0,0.03167,7506278.08,0.0,,False,False,True,TERMINATION,2023-05-10,2031-10-25,USD-SOFR-1D,event_timestamp,2026-06-03 10:05:00-04:00,strict,3.925548556795719,9087262.919807635,119792.82757394522,0.0,,-75.85485567957191,-75.85815531567019,62.660496726037756
3480021106000000901,2026-06-03,SOFR,4.413698630136986,4Y,100000000.0,0.0324,2471182.6774,0.0,,False,False,True,TERMINATION,2025-10-16,2030-03-15,USD-SOFR-1D,event_timestamp,2026-06-03 11:01:00-04:00,strict,3.905608190562252,2471341.9853169043,37129.080145923595,0.0,,-66.56081905622524,-66.56081905622521,66.55652840543941
3529712248000000501,2026-06-05,SOFR,3.0027397260273974,3Y,120000000.0,0.03352,2079606.48,0.0,,False,False,True,TERMINATION,2027-04-01,2030-04-01,USD-SOFR-1D,event_timestamp,2026-06-05 13:00:00-04:00,strict,4.022041104582819,2188856.797815215,32667.500289822412,0.0,,-67.00411045828183,-67.00411045828184,63.65979831789894
3557785794000000601,2026-06-08,SOFR,9.953424657534246,10Y,8000000.0,0.03943,120996.225,0.0,,False,False,True,TERMINATION,2026-06-08,2036-05-19,USD-SOFR-1D,event_timestamp,2026-06-08 13:41:00-04:00,strict,4.135705833892649,125525.25079389242,6513.827228698184,0.0,,-19.270583389264885,-19.270583389264868,18.575289265721224
3576143455000000301,2026-06-09,SOFR,4.156164383561644,4Y,130000000.0,0.04009,18375.872,0.0,,False,False,False,TERMINATION,2026-10-05,2030-11-30,USD-SOFR-1D,event_timestamp,2026-06-09 06:39:00-04:00,strict,4.012937465625831,19198.916481327266,48860.02896654129,0.0,,-0.39374656258308605,-0.39293706711624,0.3760921225115023
3580249340000000101,2026-06-09,SOFR,5.043835616438356,5Y,120000000.0,0.039877,7625.0734,0.0,,False,False,False,TERMINATION,2026-06-09,2031-06-24,USD-SOFR-1D,event_timestamp,2026-06-09 11:21:00-04:00,strict,3.991246960120729,19339.17430941388,54523.23581648127,0.0,,-0.3546960120728748,-0.3546960120728572,0.1398499792944258
3580257286000000101,2026-06-09,SOFR,5.005479452054795,5Y,4000000.0,0.02768,173025.524,0.0,,False,False,True,TERMINATION,2023-06-30,2028-06-30,USD-SOFR-1D,event_timestamp,2026-06-09 11:24:00-04:00,strict,3.9978015879257605,143661.53017160605,1168.1683580675162,0.0,,-122.98015879257606,-122.9801587925761,148.1169411969295
3580283920000000901,2026-06-09,SOFR,5.005479452054795,5Y,15000000.0,0.02878,208031.056,0.0,,False,False,True,TERMINATION,2023-06-30,2028-06-30,USD-SOFR-1D,event_timestamp,2026-06-09 11:30:00-04:00,strict,3.998755532233623,490955.64227640815,4380.577460081349,0.0,,-112.07555322336229,-112.07555322336222,47.48941387196399
3607360209000000101,2026-06-10,SOFR,10.947945205479453,11Y,10000000.0,0.03995,130000.0,0.0,,False,False,True,TERMINATION,2026-06-10,2037-05-19,USD-SOFR-1D,event_timestamp,2026-06-10 14:00:00-04:00,strict,4.161431476871874,146239.0051990659,8786.73962087394,0.0,,-16.643147687187376,-16.64314768718739,14.795021317255108
3631743807000000101,2026-06-11,SOFR,2.8438356164383563,3Y,15000000.0,0.04001,48869.6976,0.0,,False,False,False,TERMINATION,2026-07-10,2029-05-13,USD-SOFR-1D,event_timestamp,2026-06-11 14:14:00-04:00,strict,3.9299384895156027,-28491.37240838539,4008.1587597001662,0.0,,7.1061510484396795,7.1083442838767965,12.19255536765608
3632248191000001601,2026-06-11,SOFR,7.005479452054795,7Y,160000000.0,0.037245,2825859.4,0.0,,False,False,True,TERMINATION,2026-04-29,2033-04-29,USD-SOFR-1D,event_timestamp,2026-06-11 12:44:00-04:00,strict,4.0207073871169525,2892843.7782309577,97662.78303818154,0.0,,-29.62073871169526,-29.620738711695243,28.934864562432367
3632384629000000201,2026-06-11,SOFR,5.002739726027397,5Y,500000000.0,0.03422,9486000.0,0.0,,False,False,True,TERMINATION,2026-05-15,2031-05-15,USD-SOFR-1D,event_timestamp,2026-06-11 15:03:00-04:00,strict,3.902263775585193,10884991.109006718,226646.0987140566,0.0,,-48.026377558519286,-48.0263775585193,41.85379785410654
3633218006000000301,2026-06-11,SOFR,6.994520547945205,7Y,83000000.0,0.0395055,7033.88,0.0,,False,False,True,TERMINATION,2026-06-04,2033-05-31,USD-SOFR-1D,event_timestamp,2026-06-11 16:17:00-04:00,strict,3.9549170264435123,22071.94412375614,50542.272663699754,0.0,,-0.43670264435125006,-0.436702644351182,0.13916825716964332
3653804153000000501,2026-06-12,SOFR,1.0027397260273974,1Y,140000000.0,0.03235,1051764.67,0.0,,False,False,True,TERMINATION,2027-05-01,2028-05-01,USD-SOFR-1D,event_timestamp,2026-06-12 10:49:00-04:00,strict,4.041366010187453,1059526.837610674,13139.527512628783,0.0,,-80.63660101874528,-80.63660101874531,80.04585164794688
3706870673000001901,2026-06-16,SOFR,3.010958904109589,3Y,490000000.0,0.0335,7504835.384,0.0,,False,False,True,TERMINATION,2026-03-12,2029-03-15,USD-SOFR-1D,event_timestamp,2026-06-16 11:00:00-04:00,strict,3.881697646443406,7407258.91124849,139313.3665495156,0.0,,-53.169764644340574,-53.16976464434055,53.870174627734556
3796024792000000201,2026-06-22,SOFR,5.002739726027397,5Y,140000000.0,0.03792,1154318.8536,0.0,,False,False,True,TERMINATION,2024-08-01,2029-08-01,USD-SOFR-1D,event_timestamp,2026-06-22 13:23:00-04:00,strict,4.0171060178599545,1199523.3951980248,53287.04255007049,0.0,,-22.51060178599542,-22.51060178599531,21.66228032856879
3796205759000000101,2026-06-22,SOFR,7.005479452054795,7Y,65000000.0,0.0369,1263891.39992,0.0,,False,False,True,TERMINATION,2025-07-22,2032-07-22,USD-SOFR-1D,event_timestamp,2026-06-22 13:31:00-04:00,strict,4.010184897382002,1310366.1761030667,40925.29619033575,0.0,,-32.01848973820019,-32.018489738200145,30.882889498022983
3796235399000000201,2026-06-22,SOFR,5.002739726027397,5Y,110000000.0,0.03792,944274.0,0.0,,False,False,True,TERMINATION,2024-08-01,2029-08-01,USD-SOFR-1D,event_timestamp,2026-06-22 13:32:00-04:00,strict,4.017943287205947,945979.0192489177,41867.98514561129,0.0,,-22.59432872059466,-22.594328720594707,22.553605021018818
3796238216000000101,2026-06-22,SOFR,5.002739726027397,5Y,130000000.0,0.03792,1115735.0,0.0,,False,False,True,TERMINATION,2024-08-01,2029-08-01,USD-SOFR-1D,event_timestamp,2026-06-22 13:33:00-04:00,strict,4.019236120583504,1124344.2722848952,49479.1175539246,0.0,,-22.723612058350405,-22.72361205835034,22.54961396156714
3796326343000000301,2026-06-22,SOFR,9.96986301369863,10Y,4000000.0,0.0385,25739.142,0.0,,False,False,True,TERMINATION,2025-11-14,2035-11-01,USD-SOFR-1D,event_timestamp,2026-06-22 13:37:00-04:00,strict,4.068564856148765,73072.45959053282,3343.284957980466,0.0,,-21.856485614876455,-21.856485614876433,7.698758054876634
3817253148000000301,2026-06-23,SOFR,2.0027397260273974,2Y,18000000.0,0.038077,81235.0,0.0,9.9999999999,False,False,True,TERMINATION,2026-05-14,2028-05-14,USD-SOFR-1D,event_timestamp,2026-06-23 11:09:00-04:00,strict,4.041365046262774,80844.9393473044,3459.864478677243,0.0,,-23.366504626277383,-23.366504626277333,23.479243334715044
3817413805000000501,2026-06-23,SOFR,5.046575342465753,5Y,1000000.0,0.0395,155000.0,0.0,,False,False,False,TERMINATION,2026-06-23,2031-07-09,USD-SOFR-1D,event_timestamp,2026-06-23 11:36:00-04:00,strict,3.9649474622946297,679.4531132995908,454.56084779268116,0.0,,-1.494746229462951,-1.4947462294629472,340.9884523769925
3841481628000000101,2026-06-24,SOFR,9.372602739726027,9Y,15000000.0,0.03849,141000.0,0.0,,False,False,True,TERMINATION,2026-06-24,2035-11-05,USD-SOFR-1D,event_timestamp,2026-06-24 11:27:00-04:00,strict,3.9816341368126036,155148.98759638518,11697.515535958415,0.0,,-13.263413681260339,-13.263413681260252,12.053841652662307
3841844055000000301,2026-06-24,SOFR,2.33972602739726,2Y,17000000.0,0.0342,210440.16,0.0,,False,False,True,TERMINATION,2026-07-01,2028-11-01,USD-SOFR-1D,event_timestamp,2026-06-24 11:50:00-04:00,strict,3.9730590298522115,209012.49554965156,3779.2077204761326,0.0,,-55.30590298522115,-55.305902985221095,55.68367117261477
3844923962000000101,2026-06-24,SOFR,1.3616438356164384,~16M,6000000.0,0.04400001,6760.32,0.0,,False,False,False,TERMINATION,2026-06-24,2027-11-03,USD-SOFR-1D,event_timestamp,2026-06-24 14:47:00-04:00,strict,4.009350122098891,-30974.976522020705,792.9068709238109,60.0,,39.06508779011082,39.06508779011077,8.525994978607756
3866024127000000601,2026-06-25,SOFR,1.4164383561643836,~17M,5000000.0,0.0335,41157.375,0.0,,False,False,True,TERMINATION,2026-10-01,2028-03-01,USD-SOFR-1D,event_timestamp,2026-06-25 11:08:00-04:00,strict,4.011629062924977,44962.07044541545,679.5661340305077,0.0,,-66.16290629249772,-66.16290629249775,60.56419373916642
3892797282000000201,2026-06-26,SOFR,10.008219178082191,10Y,10000000.0,0.045,1182.74296,0.0,,False,False,True,TERMINATION,2035-05-14,2045-05-14,USD-SOFR-1D,event_timestamp,2026-06-26 13:33:00-04:00,strict,4.500378787673128,214.29477917728946,5657.385241910594,60.0,,-0.037878767312804484,-0.03787876731281579,0.20906176783544758
3894563191000000201,2026-06-26,SOFR,2.8575342465753426,3Y,46000000.0,0.06,198883.15056,0.0,,False,False,True,TERMINATION,2026-06-26,2029-05-04,USD-SOFR-1D,event_timestamp,2026-06-26 15:23:00-04:00,strict,3.8822163647832775,-2620826.6987117147,12375.32793780189,0.0,,211.77836352167225,211.7783635216722,16.07093982152086
3940557759000001001,2026-06-30,SOFR,2.0,2Y,210000000.0,0.03522,1959937.6,0.0,,False,False,True,TERMINATION,2025-06-30,2027-06-30,USD-SOFR-1D,event_timestamp,2026-06-30 11:50:00-04:00,strict,3.9907933076445765,1956955.0514352433,41744.51766958547,0.0,,-46.87933076445763,-46.879330764457634,46.95077843546354
3940570732000002801,2026-06-30,SOFR,3.0,3Y,210000000.0,0.04249,1258395.72817,0.0,,False,False,True,TERMINATION,2025-01-16,2028-01-16,USD-SOFR-1D,event_timestamp,2026-06-30 11:51:00-04:00,strict,3.938247184783825,-1272761.2617572546,40957.35257850735,0.0,,31.07528152161745,31.07528152161731,30.724537816693545
3984204725000000201,2026-07-02,SOFR,1.6493150684931508,~20M,53000000.0,0.04116,209.59356,0.0,,False,False,True,TERMINATION,2026-07-02,2028-02-24,USD-SOFR-1D,event_timestamp,2026-07-02 05:59:00-04:00,strict,4.0294489485120994,-72943.91819222737,8427.848875114292,0.0,,8.65510514879011,8.655105148790195,0.02486916449331297
3984204727000000401,2026-07-02,SOFR,1.336986301369863,~16M,53000000.0,0.04075,21856.8978,0.0,,False,False,False,TERMINATION,2026-07-02,2027-11-02,USD-SOFR-1D,event_timestamp,2026-07-02 05:59:00-04:00,strict,4.028752065270859,-31813.163864554837,6878.829087368903,0.0,,4.624793472914135,4.624793472914025,3.177415447075759
3991467104000000401,2026-07-02,SOFR,2.0027397260273974,2Y,300000000.0,0.03559,1830000.0,0.0,,False,False,True,TERMINATION,2026-07-07,2028-07-07,USD-SOFR-1D,event_timestamp,2026-07-02 11:22:00-04:00,strict,3.969389964715009,2354585.0537720956,57374.33310308175,0.0,,-41.03899647150091,-41.03899647150101,31.895795576606105
3993768477000000101,2026-07-02,SOFR,4.986301369863014,5Y,14000000.0,0.05998,121140.50932,0.0,,False,False,True,TERMINATION,2026-07-07,2031-07-01,USD-SOFR-1D,event_timestamp,2026-07-02 14:18:00-04:00,strict,3.9373815211471026,-1297772.3047205685,6297.974700503566,0.0,,206.06184788528975,206.06184788528964,19.23483581322008
4039405613000000601,2026-07-06,SOFR,0.2465753424657534,3M,1000000.0,0.0646,191.766,0.0,,False,False,True,TERMINATION,2026-06-30,2026-09-28,USD-SOFR-1D,event_timestamp,2026-07-06 10:40:00-04:00,strict,3.719337897469901,-6791.2367534599525,24.779547785881658,0.0,,274.06621025301,274.06621025301007,7.73888214817464
4086397581000001201,2026-07-08,SOFR,8.95068493150685,9Y,96000000.0,0.02663,5309822.08,0.0,,False,False,True,TERMINATION,2022-07-15,2031-06-25,USD-SOFR-1D,event_timestamp,2026-07-08 10:38:00-04:00,strict,4.031814555289056,5925302.461900789,43287.839386318694,0.0,,-136.8814555289056,-136.88145552890558,122.6631348497886
4128626277000000101,2026-07-10,SOFR,1.0,1Y,170000000.0,0.038344,135125.41944,0.0,,False,False,True,TERMINATION,2028-06-26,2029-06-26,USD-SOFR-1D,event_timestamp,2026-07-10 06:31:00-04:00,strict,3.9231218846005778,135947.48642682564,15322.88082459669,0.0,,-8.872188460057728,-8.872188460057664,8.818538823528089
4159990184000001301,2026-07-13,SOFR,7.005479452054795,7Y,65000000.0,0.03919,617603.0,0.0,,False,False,True,TERMINATION,2026-06-26,2033-06-26,USD-SOFR-1D,event_timestamp,2026-07-13 12:18:00-04:00,strict,4.089699397862334,673690.3522309028,39466.47502378589,0.0,,-17.069939786233324,-17.069939786233228,15.64880064986243
4161957876000000101,2026-07-13,SOFR,15.008219178082191,15Y,1000000.0,0.0441,135000.0,0.0,,False,False,True,TERMINATION,2028-09-29,2043-09-29,USD-SOFR-1D,event_timestamp,2026-07-13 14:10:00-04:00,strict,4.425010469716904,1506.867039090488,1003.8773386242104,0.0,,-1.5010469716903785,-1.501046971690399,134.47858100374518
4208562302000000201,2026-07-15,SOFR,1.0,1Y,80000000.0,0.040646,19295.824,0.0,,False,False,False,TERMINATION,2030-07-16,2031-07-16,USD-SOFR-1D,event_timestamp,2026-07-15 08:50:00-04:00,strict,4.03080272881773,-22463.008190026972,6646.397003143527,0.0,,3.379727118227027,3.3797271182270197,2.9032006350017476
4208562310000001001,2026-07-15,SOFR,1.0,1Y,66000000.0,0.039951,18881.6956,0.0,,False,False,False,TERMINATION,2029-07-16,2030-07-16,USD-SOFR-1D,event_timestamp,2026-07-15 08:50:00-04:00,strict,3.9618076192823266,-19001.2780771642,5707.39540626386,0.0,,3.3292380717673264,3.329238071767433,3.3082858740218626
4213360609000000601,2026-07-15,SOFR,7.005479452054795,7Y,96000000.0,0.03526,2879779.0,0.0,,False,False,True,TERMINATION,2025-08-08,2032-08-08,USD-SOFR-1D,event_timestamp,2026-07-15 14:10:00-04:00,strict,3.9881157393274997,2799807.0640145577,60586.7064404475,0.0,,-46.21157393274999,-46.21157393274996,47.531532396972615
4213360611000000801,2026-07-15,SOFR,6.501369863013698,7Y,69000000.0,0.03576,1592264.0,0.0,,False,False,True,TERMINATION,2026-02-09,2032-08-09,USD-SOFR-1D,event_timestamp,2026-07-15 14:11:00-04:00,strict,3.9756390439119076,1598966.031389309,40010.255648138555,0.0,,-39.96390439119075,-39.96390439119075,39.79639655399399
4238003182000001701,2026-07-16,SOFR,9.764383561643836,10Y,10000000.0,0.007,1316500.0,0.0,,False,False,True,TERMINATION,2020-08-28,2030-06-01,USD-SOFR-1D,event_timestamp,2026-07-16 10:59:00-04:00,strict,3.995587988306079,1217319.9158805944,3698.6130426238888,60.0,,-329.5587988306079,-329.12875768615066,355.9442376989083
4313089625000000401,2026-07-21,SOFR,29.843835616438355,30Y,18000000.0,0.04294739,227600.0,0.0,,False,False,False,TERMINATION,2026-07-21,2056-05-17,USD-SOFR-1D,event_timestamp,2026-07-21 09:06:00-04:00,strict,4.369031051606771,222448.69157928228,29942.461779990448,0.0,,-7.42920516067711,-7.429205160677114,7.601245404347398
4315667343000000401,2026-07-21,SOFR,2.947945205479452,3Y,45000000.0,0.04091,75816.6162,0.0,,False,False,False,TERMINATION,2026-07-21,2029-07-01,USD-SOFR-1D,event_timestamp,2026-07-21 12:24:00-04:00,strict,4.082217004834361,-10921.106594811194,12430.554719538863,0.0,,0.8782995165638852,0.8785695281679541,6.0992142274092
4368704599000000101,2026-07-23,SOFR,5.002739726027397,5Y,9000000.0,0.066,101606.0,0.0,,False,False,True,TERMINATION,2026-07-20,2031-07-20,USD-SOFR-1D,event_timestamp,2026-07-23 16:26:00-04:00,strict,4.158119470124361,-986758.1465659561,4040.976347914161,0.0,,244.18805298756396,244.18805298756402,25.143923461082906
4417829050000000101,2026-07-27,SOFR,9.454794520547946,9Y,4000000.0,0.0646,51690.01656,0.0,,False,False,True,TERMINATION,2026-07-20,2035-12-31,USD-SOFR-1D,event_timestamp,2026-07-27 16:41:00-04:00,strict,4.203065948530673,-702444.2798324123,3112.3828335839103,0.0,,225.69340514693278,225.69340514693283,16.607859419555698
4429853174000000401,2026-07-28,SOFR,1.7342465753424658,21M,14000000.0,0.03415,60000.0,0.0,,False,False,True,TERMINATION,2025-05-02,2027-01-25,USD-SOFR-1D,event_timestamp,2026-07-28 05:52:00-04:00,strict,3.8485510605613187,60159.59024262545,1387.6010397653474,0.0,,-43.355106056131866,-43.35510605613184,43.24009443676
4492612415000001901,2026-07-30,SOFR,4.002739726027397,4Y,220000000.0,0.03333,5677283.0,0.0,,False,False,True,TERMINATION,2025-11-10,2029-11-10,USD-SOFR-1D,event_timestamp,2026-07-30 15:19:00-04:00,strict,4.020206115844908,5722511.128271759,83272.1216579401,0.0,,-68.72061158449081,-68.72061158449073,68.17747508969185
4492616370000000101,2026-07-30,SOFR,4.002739726027397,4Y,100000000.0,0.03353,2475071.0073,0.0,,False,False,True,TERMINATION,2025-11-18,2029-11-18,USD-SOFR-1D,event_timestamp,2026-07-30 15:19:00-04:00,strict,4.020205084731198,2520371.779020734,37775.06851639384,0.0,,-66.7205084731198,-66.72050847311975,65.52128439491393
4513806981000001901,2026-07-31,SOFR,1.736986301369863,21M,600000000.0,0.040412,1183699.17,0.0,,False,False,False,TERMINATION,2026-10-05,2028-06-30,USD-SOFR-1D,event_timestamp,2026-07-31 09:24:00-04:00,strict,4.166731118906432,1247566.0343755335,99383.00918877663,0.0,,-12.553111890643187,-12.55311189064319,11.910478256414835
4547054280000000301,2026-08-03,SOFR,3.0027397260273974,3Y,8000000.0,0.035,121320.91246,0.0,,False,False,True,TERMINATION,2026-08-03,2029-08-03,USD-SOFR-1D,event_timestamp,2026-08-03 11:53:00-04:00,strict,4.107424914910791,136372.7251153955,2245.0960072229495,0.0,,-60.74249149107902,-60.74249149107902,54.03818458973912
4569729476000000501,2026-08-04,SOFR,10.005479452054795,10Y,24000000.0,0.04905,101.10672,0.0,,False,False,True,TERMINATION,2036-08-06,2046-08-06,USD-SOFR-1D,event_timestamp,2026-08-04 08:12:00-04:00,strict,4.904155923718639,-1037.56206101086,12292.278363000318,0.0,,0.08440762813615166,0.08440762813620584,0.008225222128416048
4571334546000000801,2026-08-04,SOFR,4.994520547945205,5Y,550000000.0,0.0409804,1009449.689,0.0,,False,False,True,TERMINATION,2026-08-03,2031-07-31,USD-SOFR-1D,event_timestamp,2026-08-04 10:19:00-04:00,strict,4.063658052667787,-849942.2595387995,247205.96868068137,0.0,,3.4381947332213336,3.438194733221345,4.083435745452882
4573005235000000101,2026-08-04,SOFR,3.0,3Y,140000000.0,0.04124,443604.58066,0.0,,False,False,True,TERMINATION,2025-01-17,2028-01-17,USD-SOFR-1D,event_timestamp,2026-08-04 12:38:00-04:00,strict,3.9598168145111385,-447339.6982309967,27246.377081735056,0.0,,16.418318548886113,16.418318548886134,16.281231788331073
4576296206000000201,2026-08-04,SOFR,30.019178082191782,30Y,5000000.0,0.04,358887.6256,0.0,,False,False,True,TERMINATION,2028-06-14,2058-06-14,USD-SOFR-1D,event_timestamp,2026-08-04 16:25:00-04:00,strict,4.441506360785464,337376.0283968812,7641.476054765575,0.0,,-44.15063607854641,-44.15063607854637,46.965746280940216
4621985396000000101,2026-08-06,SOFR,6.83013698630137,7Y,15000000.0,0.04046,53000.0,0.0,,False,False,False,TERMINATION,2026-08-06,2033-06-03,USD-SOFR-1D,event_timestamp,2026-08-06 10:25:00-04:00,strict,4.12505316220259,70269.39139059093,8888.877994597018,0.0,,-7.905316220259007,-7.905316220258981,5.962507307695676
4624311755000000201,2026-08-06,SOFR,4.249315068493151,4Y,140000000.0,0.00988,17320642.08,0.0,,False,False,True,TERMINATION,2026-07-27,2030-10-25,USD-SOFR-1D,event_timestamp,2026-08-06 14:54:00-04:00,strict,4.092576627148128,16879000.290795036,54368.12267152873,0.0,,-310.45766271481284,-310.45766271481284,318.58083797825157
4624348766000000101,2026-08-06,SOFR,3.0,3Y,100000000.0,0.01594,6644000.0,0.0,,False,False,True,TERMINATION,2026-05-11,2029-05-10,USD-SOFR-1D,event_timestamp,2026-08-06 15:10:00-04:00,strict,4.058434308136354,6981001.670067941,28326.994341135796,0.0,,-246.4434308136354,-246.4434308136354,234.54659255365257
4649019563000000101,2026-08-07,SOFR,3.0,3Y,160000000.0,0.04108,485811.07854,0.0,,False,False,True,TERMINATION,2025-01-22,2028-01-22,USD-SOFR-1D,event_timestamp,2026-08-07 13:06:00-04:00,strict,3.9520629468774904,-488140.5343320295,31303.691108522515,0.0,,15.593705312250927,15.593705312250924,15.519290580008843
848417197000000501,2025-11-03,SOFR,2.7260273972602738,3Y,100000000.0,0.03192,1164.90555,0.0,,False,False,True,TERMINATION,2025-11-03,2028-07-25,USD-SOFR-1D,event_timestamp,2025-11-03 07:27:00-05:00,strict,3.3401557013132557,384927.2532875072,25981.264971614437,0.0,,-14.815570131325595,-14.815570131325611,0.044836367716225733
851515748000001001,2025-11-03,SOFR,3.0931506849315067,3Y,4000000.0,0.041925,8000.0,0.0,,False,False,True,TERMINATION,2022-10-28,2025-11-30,USD-SOFR-1D,event_timestamp,2025-11-03 12:38:00-05:00,strict,4.404686448349097,8554.144260097848,403.14281739728443,0.0,,-21.21864483490974,-21.218644834909735,19.84408416761213
851515752000001401,2025-11-03,SOFR,3.0931506849315067,3Y,33000000.0,0.042173,60000.0,0.0,,False,False,True,TERMINATION,2022-10-28,2025-11-30,USD-SOFR-1D,event_timestamp,2025-11-03 12:37:00-05:00,strict,4.40468579007173,62323.16962951794,3325.9282683954425,0.0,,-18.738579007172973,-18.738579007172955,18.040076381126024
894563321000000501,2025-11-05,SOFR,1.0,1Y,700000000.0,0.04032,2604000.0,0.0,,False,False,True,TERMINATION,2025-10-31,2026-10-31,USD-SOFR-1D,event_timestamp,2025-11-05 14:02:00-05:00,strict,3.6461756455640293,-2634258.8196553253,68276.11552687756,0.0,,38.58243544359708,38.582435443597014,38.13925235648343
912360636000000301,2025-11-06,SOFR,29.8,30Y,36000000.0,0.03805491,1137569.6784,0.0,,False,False,True,TERMINATION,2025-11-06,2055-08-18,USD-SOFR-1D,event_timestamp,2025-11-06 11:41:00-05:00,strict,3.9423795289843975,866103.252270285,63270.69614204151,0.0,,-13.688852898439752,-13.688852898439741,17.979408284779698
912493524000005501,2025-11-06,SOFR,5.024657534246575,5Y,290000000.0,0.0346,5068.15,0.0,,False,False,False,TERMINATION,2025-11-06,2030-11-14,USD-SOFR-1D,event_timestamp,2025-11-06 11:45:00-05:00,strict,3.3625014585615913,-1303749.6760469154,133719.91588925614,0.0,,9.749854143840864,9.74985414384086,0.03790123532681047
913047809000000401,2025-11-06,SOFR,9.783561643835617,10Y,62000000.0,0.0364473,16982.134,0.0,,False,False,False,TERMINATION,2025-11-06,2035-08-17,USD-SOFR-1D,event_timestamp,2025-11-06 12:03:00-05:00,strict,3.633528003621605,-57380.82315597683,51223.74728369381,0.0,,1.120199637839514,1.1201996378395187,0.3315285370659707
931384388000000501,2025-11-07,SOFR,2.947945205479452,3Y,180000000.0,0.0334383,166231.962,0.0,,False,False,False,TERMINATION,2025-11-07,2028-10-18,USD-SOFR-1D,event_timestamp,2025-11-07 10:19:00-05:00,strict,3.309911312667988,-170863.42834182456,50374.42241479835,0.0,,3.3918687332011643,3.391868733201207,3.299927900536414
